/*--------------------------------*- C++ -*----------------------------------*\
  =========                 |
  \\      /  F ield         | OpenFOAM: The Open Source CFD Toolbox
   \\    /   O peration     | Website:  https://openfoam.org
    \\  /    A nd           | Version:  12
     \\/     M anipulation  |
\*---------------------------------------------------------------------------*/
FoamFile
{
    format      ascii;
    class       volScalarField;
    location    "2";
    object      p;
}
// * * * * * * * * * * * * * * * * * * * * * * * * * * * * * * * * * * * * * //

dimensions      [0 2 -2 0 0 0 0];

internalField   nonuniform List<scalar> 
10488
(
0.41744087
0.41690259
0.41613317
0.41504677
0.41346498
0.41124872
0.40825765
0.40433003
0.39928217
0.3929116
0.38500448
0.37534619
0.36373635
0.35000682
0.33404164
0.31579639
0.2953142
0.27273613
0.24830177
0.2223402
0.19524845
0.16746575
0.13943829
0.11158638
0.084272067
0.057699467
0.03238419
0.0086051327
-0.013695903
-0.034506793
-0.053679747
-0.071176973
-0.087021163
-0.10125619
-0.11394334
-0.12516151
-0.13500412
-0.14357472
-0.15098146
-0.15732937
-0.16270967
-0.16718623
-0.17078045
-0.17345619
-0.17510861
-0.17555976
-0.17456794
-0.17186051
-0.16709198
-0.15992483
-0.15013088
-0.13755802
-0.12210505
-0.10379205
-0.082798482
-0.059354232
-0.034110795
-0.0074054655
0.020200099
0.048024022
0.075487539
0.10199931
0.12700651
0.15001559
0.17060286
0.18841457
0.20316042
0.21460071
0.22253439
0.22679814
0.22726199
0.22380291
0.21634725
0.20478302
0.18997671
0.17190464
0.15109689
0.12826492
0.10425463
0.079959485
0.056292209
0.034123502
0.014224597
-0.0027810774
-0.016452792
-0.026547466
-0.033015665
-0.035978174
-0.035704628
-0.032870871
-0.028002721
-0.021777097
-0.014913241
-0.0080765317
-0.0018259311
0.0034307028
0.0074602344
0.010205527
0.01176236
0.012343625
0.012231749
0.011705714
0.01105131
0.010497712
0.010225668
0.010364343
0.010974501
0.012056075
0.013561254
0.015343145
0.017289741
0.019249282
0.021063537
0.02258437
0.023682336
0.024247707
0.024196451
0.023456533
0.022004549
0.01982631
0.017006961
0.013570516
0.009583371
0.0051372982
0.00033952904
-0.0046893808
-0.009819576
-0.014916888
-0.01984867
-0.02449045
-0.02873295
-0.032488775
-0.035697908
-0.038331989
-0.040395906
-0.04192676
-0.0429911
-0.043691712
-0.044142414
-0.044452314
-0.044746341
-0.045137423
-0.045695792
-0.046482029
-0.047524176
-0.048813857
-0.050311459
-0.051951187
-0.053646597
-0.055298204
-0.056801549
-0.058054979
-0.058966466
-0.059458949
-0.059473646
-0.058969823
-0.057924074
-0.056323983
-0.054174755
-0.05154048
-0.048454619
-0.044969547
-0.041151151
-0.03706973
-0.032798698
-0.028412058
-0.02398212
-0.019577542
-0.015261679
-0.011091243
-0.0071152467
-0.0033742347
0.00010019894
0.0032855828
0.0061684252
0.0087437499
0.011014309
0.012989509
0.014684113
0.016116799
0.017308673
0.018281834
0.01905809
0.019657922
0.020099729
0.020399431
0.020570388
0.02062363
0.020568321
0.020412362
0.020163038
0.019827608
0.019413757
0.018929873
0.018385108
0.017789266
0.017152531
0.016485106
0.0157968
0.015096638
0.014392504
0.013690869
0.012996583
0.01231276
0.011640734
0.010980086
0.010328755
0.009683211
0.0090387148
0.0083896199
0.0077297452
0.0070527436
0.0063525216
0.0056235594
0.0048613229
0.0040624184
0.0032250623
0.0023490305
0.0014356627
0.00048707833
0.41742057
0.41669346
0.41566791
0.41433583
0.41252121
0.41007541
0.40685821
0.40270738
0.39743823
0.39084721
0.3827201
0.37284223
0.36101391
0.34706866
0.33089394
0.31245122
0.29179277
0.26907208
0.24454312
0.21854984
0.19150127
0.16384304
0.13602546
0.10847703
0.08160425
0.055644657
0.030719362
0.0072665609
-0.014575944
-0.034838732
-0.053504958
-0.070515092
-0.085873093
-0.099625423
-0.11184513
-0.12262442
-0.13207236
-0.14031111
-0.1474681
-0.15366477
-0.15900265
-0.1635489
-0.1673219
-0.17027742
-0.17229856
-0.17319015
-0.17268149
-0.17044716
-0.16620308
-0.15966952
-0.15052074
-0.13850392
-0.123519
-0.10560094
-0.084869651
-0.061704671
-0.036494417
-0.0097687771
0.017919492
0.045916281
0.073594732
0.10035076
0.12562327
0.14891443
0.16980309
0.18794356
0.20305713
0.21491533
0.2233166
0.22808711
0.22909328
0.22615127
0.21927656
0.20865525
0.19396087
0.17592465
0.15499164
0.13183206
0.10728595
0.082287448
0.057805647
0.03477513
0.014030145
-0.0037488829
-0.018071055
-0.028654256
-0.035442488
-0.038626405
-0.038561871
-0.035600858
-0.03044831
-0.023824067
-0.016484498
-0.0091466948
-0.002421625
0.003237659
0.0075672418
0.010497111
0.012123273
0.012669729
0.012504965
0.011894286
0.011113844
0.010431569
0.010050133
0.010108421
0.010675325
0.011748164
0.013255343
0.015113639
0.017157629
0.019227878
0.021160662
0.022799384
0.02400806
0.024674184
0.024723038
0.024046689
0.022658311
0.020570388
0.017768799
0.014325
0.010309454
0.0058123151
0.00094102427
-0.0041823988
-0.0094251261
-0.01464851
-0.019713769
-0.024489097
-0.028857
-0.032721584
-0.036015247
-0.038703871
-0.040789469
-0.042310624
-0.043342097
-0.043976219
-0.044322592
-0.044515303
-0.044685268
-0.044943792
-0.045392237
-0.046091181
-0.04707326
-0.048334587
-0.04983699
-0.051513016
-0.053272477
-0.055010491
-0.056616152
-0.057981005
-0.059006417
-0.059609144
-0.059724918
-0.059309596
-0.05833984
-0.056813212
-0.054748187
-0.05215864
-0.049099587
-0.045628305
-0.04181099
-0.037719409
-0.033428488
-0.029013816
-0.024549335
-0.020105334
-0.01574677
-0.011531896
-0.0075111894
-0.0037265525
-0.00021078502
0.0030126423
0.0059294957
0.0085343526
0.010829831
0.012825511
0.014536601
0.015982443
0.017184948
0.01816707
0.01895144
0.019559234
0.020009357
0.020317998
0.020498541
0.020561812
0.02051659
0.020370283
0.020129656
0.019801499
0.019393143
0.018912775
0.018369519
0.017773305
0.01713457
0.016463853
0.015771356
0.015066508
0.014357604
0.013651498
0.01295339
0.012266689
0.011592957
0.010931936
0.010281644
0.0096385472
0.0089978196
0.0083536442
0.0076996119
0.0070290838
0.0063356736
0.0056135228
0.0048578347
0.0040648621
0.0032325669
0.0023601043
0.0014494094
0.00049596123
0.41844687
0.41765939
0.41653005
0.4150748
0.41314184
0.41057639
0.40723304
0.40294459
0.39751634
0.39073027
0.3823576
0.37216887
0.35995234
0.3455336
0.32879924
0.30971858
0.2883633
0.26491954
0.23968572
0.21305647
0.18549035
0.15747113
0.12946763
0.10189166
0.07508444
0.049278966
0.024653886
0.0014363416
-0.0203159
-0.040235842
-0.058596815
-0.075355405
-0.090492874
-0.10403029
-0.11602309
-0.12655182
-0.13571706
-0.14363701
-0.15044307
-0.15627125
-0.16124794
-0.16547189
-0.1689942
-0.17179764
-0.1737806
-0.17474794
-0.17441777
-0.17245133
-0.16849611
-0.16218677
-0.1531809
-0.14122781
-0.12620784
-0.10814698
-0.087209587
-0.063731695
-0.038195427
-0.01107706
0.017041063
0.045522922
0.073717602
0.10099721
0.12678263
0.15056163
0.17190615
0.19047425
0.20599985
0.21826866
0.22707544
0.23221778
0.23367607
0.23107567
0.22448224
0.21372789
0.19887788
0.18030886
0.15854563
0.13432257
0.10855053
0.082252922
0.056492535
0.032289436
0.010545891
-0.0080106679
-0.022861954
-0.033714713
-0.040514799
-0.043554979
-0.043075813
-0.039535732
-0.033624099
-0.026128684
-0.017884938
-0.0096959153
-0.0022521761
0.0039308697
0.0085580245
0.011567252
0.013080177
0.013288154
0.012937364
0.012006335
0.010929873
0.010008083
0.0094579617
0.0094278302
0.0099912937
0.011141351
0.012801308
0.014849403
0.017118353
0.01942789
0.021594556
0.023448936
0.024843216
0.025654425
0.02577531
0.025196299
0.023853378
0.021755388
0.018920785
0.015404075
0.011279159
0.0066393643
0.0015959623
-0.0037240105
-0.0091810253
-0.014627615
-0.019914667
-0.024898613
-0.029449766
-0.033460556
-0.036853369
-0.039586977
-0.041659987
-0.043111293
-0.044018757
-0.044493849
-0.044653665
-0.044637378
-0.044612835
-0.044701584
-0.0450115
-0.045618239
-0.046560028
-0.04783415
-0.049399027
-0.051179763
-0.053075942
-0.054970803
-0.056741077
-0.05826679
-0.059439781
-0.060170053
-0.060388729
-0.060070517
-0.059166371
-0.057675021
-0.055615475
-0.053016541
-0.049927763
-0.046409661
-0.042531506
-0.038368381
-0.0339985
-0.029500558
-0.024951352
-0.020423769
-0.015985078
-0.011695559
-0.0076074181
-0.0037639684
-0.00019905128
0.0030632507
0.0060085721
0.008631859
0.010936584
0.012933608
0.014639757
0.016076198
0.01726672
0.018236063
0.019008397
0.019606073
0.020048734
0.020352824
0.020531533
0.02059511
0.020551492
0.020407117
0.020167807
0.01983956
0.019429176
0.018944607
0.018395048
0.017790753
0.017142669
0.016461953
0.015759446
0.015045194
0.014328031
0.013615254
0.012912403
0.012223116
0.011549083
0.010890058
0.01024396
0.0096070296
0.0089741104
0.0083389327
0.0076945848
0.0070338358
0.0063497631
0.0056358728
0.0048869384
0.0040984785
0.0032682603
0.002393528
0.0014784446
0.00051005119
0.42112631
0.42027109
0.41905189
0.41749631
0.41546409
0.41278944
0.40931195
0.40484493
0.39917368
0.39205189
0.38322324
0.37242919
0.35943617
0.34405628
0.32617855
0.30579447
0.28301933
0.25810452
0.23143651
0.20350923
0.17487358
0.14607784
0.1176106
0.089857083
0.063093779
0.03750788
0.01322694
-0.0096197492
-0.030893856
-0.050850139
-0.069015348
-0.085625743
-0.10067841
-0.11417198
-0.12612487
-0.13657777
-0.14559668
-0.15327169
-0.15971351
-0.16504888
-0.16941238
-0.17293052
-0.17569412
-0.17772905
-0.1789755
-0.17927354
-0.1783618
-0.17590141
-0.17151214
-0.16480498
-0.15542757
-0.14312019
-0.12775701
-0.10935252
-0.088051933
-0.064226084
-0.038267159
-0.010715367
0.017849577
0.04679407
0.075467211
0.10322961
0.12949437
0.15374682
0.17555811
0.1945859
0.21056358
0.22327235
0.2324667
0.23773399
0.23974647
0.23754941
0.23093871
0.21991111
0.20450069
0.18501482
0.16200989
0.13628851
0.10886447
0.08088329
0.053527163
0.027916914
0.0050271315
-0.014372385
-0.029742811
-0.040777191
-0.047396779
-0.050221939
-0.049172521
-0.044811192
-0.037866695
-0.029203994
-0.019760559
-0.010452552
-0.0020756412
0.0047679304
0.0097377346
0.012799958
0.014173867
0.014284046
0.013232318
0.011809775
0.010344453
0.0091342013
0.0084034324
0.0083106074
0.0089361848
0.010261193
0.012187323
0.014561677
0.01719169
0.019867305
0.022380407
0.024544333
0.026206432
0.02722859
0.027509885
0.027002881
0.025676796
0.023536221
0.020609277
0.016950442
0.012636191
0.0077635163
0.0024488345
-0.003173597
-0.0089543313
-0.01473323
-0.02034602
-0.025632276
-0.030444819
-0.034659588
-0.038185467
-0.040972295
-0.043015117
-0.044354291
-0.045076454
-0.045305196
-0.045185559
-0.04487449
-0.044560232
-0.04439901
-0.044512558
-0.044992218
-0.045883521
-0.04718353
-0.048843687
-0.050776777
-0.052866635
-0.054978923
-0.056972513
-0.058711008
-0.060072483
-0.060958563
-0.061341859
-0.061116028
-0.060272639
-0.058808854
-0.056742891
-0.054111214
-0.05096614
-0.047371837
-0.043401484
-0.039134315
-0.034652684
-0.030039334
-0.025374874
-0.020735617
-0.016191828
-0.011806353
-0.0076335359
-0.0037183652
-9.5832315e-05
0.0032094341
0.0061831897
0.0088211928
0.011128387
0.013117675
0.014808342
0.016224252
0.017391909
0.018338562
0.019090482
0.019671555
0.020102291
0.020399313
0.020575331
0.020639586
0.020598652
0.020457463
0.020220411
0.019892338
0.019479285
0.018988913
0.018430564
0.017815011
0.017153974
0.016459506
0.015743373
0.015016478
0.014288391
0.013567003
0.012858291
0.012166179
0.011492492
0.010836956
0.010197317
0.0095694558
0.0089477207
0.0083251621
0.0076941507
0.0070465791
0.0063747885
0.005671333
0.0049304514
0.0041464582
0.0033173084
0.0024370116
0.0015134646
0.00052765186
0.42611056
0.42521252
0.42392349
0.42228768
0.42017169
0.41738871
0.41375337
0.40904375
0.40301309
0.39536736
0.38580815
0.37402795
0.35976063
0.34279717
0.32303438
0.30050186
0.27539055
0.24806658
0.21906643
0.18905297
0.15873248
0.12875707
0.099634238
0.071687537
0.045075787
0.019852918
-0.0039713632
-0.026375344
-0.047320914
-0.066812769
-0.084921936
-0.10147881
-0.11655552
-0.13016966
-0.14229732
-0.1529072
-0.16199568
-0.16959335
-0.17576
-0.18057643
-0.18414015
-0.18657035
-0.18798901
-0.18848118
-0.1880593
-0.18663921
-0.18403468
-0.17997172
-0.17411583
-0.16610923
-0.15561876
-0.14238883
-0.12628597
-0.10730946
-0.085587038
-0.061437143
-0.035254078
-0.0075367548
0.021154427
0.05021033
0.078991547
0.10685897
0.13323054
0.1575982
0.17954764
0.19875546
0.2149782
0.22802571
0.23766778
0.24398091
0.24575852
0.24354817
0.23687756
0.2255159
0.20946359
0.1889934
0.16467714
0.13738726
0.10824396
0.078519991
0.049521762
0.02247334
-0.0015793024
-0.021830407
-0.037732169
-0.048962053
-0.055278761
-0.057985155
-0.056338462
-0.051101946
-0.043059577
-0.033140303
-0.022390495
-0.011855037
-0.0024454756
0.0051273247
0.010446231
0.013507017
0.014605648
0.014224757
0.012802217
0.010948204
0.0091217019
0.0076702929
0.006821242
0.0067450113
0.0075408318
0.0091687285
0.01149811
0.014340119
0.017466906
0.020632956
0.023597742
0.026147277
0.028140777
0.029412659
0.029858021
0.02942669
0.028099536
0.025885848
0.022820342
0.018961315
0.01438864
0.0092033665
0.00352768
-0.0024956413
-0.0087050876
-0.014924554
-0.020970168
-0.026659074
-0.031820726
-0.036308972
-0.040014434
-0.042874801
-0.044881713
-0.046076511
-0.046559361
-0.046459634
-0.045968257
-0.045274386
-0.044579988
-0.044076357
-0.04392296
-0.044225719
-0.045038095
-0.04635634
-0.048122172
-0.050232091
-0.052549909
-0.054919229
-0.057176682
-0.059166072
-0.06074388
-0.061761298
-0.062354366
-0.062256916
-0.061488743
-0.060057942
-0.057988608
-0.055322259
-0.052115323
-0.04843628
-0.04436288
-0.039979194
-0.035372545
-0.030630487
-0.025838064
-0.021075527
-0.016416579
-0.011927001
-0.0076635711
-0.0036731612
7.9788594e-06
0.0033546934
0.0063530245
0.0089998664
0.011302114
0.013275319
0.014941923
0.016329204
0.017467063
0.018385835
0.019114305
0.019678109
0.020098622
0.020392421
0.020571334
0.020643036
0.020612098
0.020481304
0.020253042
0.019930547
0.019518828
0.019025155
0.018459089
0.017832122
0.017157022
0.016447058
0.015715219
0.014973538
0.014232551
0.01350092
0.0127852
0.012089691
0.011416423
0.010765118
0.010133346
0.0095165525
0.0089085057
0.008301395
0.0076867252
0.0070552604
0.0063984651
0.0057076491
0.0049765242
0.0041976976
0.0033700121
0.0024832071
0.0015490914
0.00054708253
0.43394279
0.43302882
0.43171498
0.43005462
0.42791479
0.42507361
0.42130885
0.41633924
0.40987055
0.40152971
0.39095831
0.37776419
0.36163275
0.34231327
0.31971736
0.29393699
0.26529044
0.23433109
0.20183799
0.16874546
0.1360103
0.10444656
0.074565212
0.046545817
0.020323434
-0.0042756924
-0.027409876
-0.049172982
-0.069603414
-0.088731387
-0.106588
-0.1231367
-0.13835452
-0.15225003
-0.16476806
-0.1757869
-0.18519331
-0.19291148
-0.1989076
-0.20318926
-0.20579225
-0.20678436
-0.20627487
-0.20440731
-0.20130631
-0.19701722
-0.19148845
-0.18457914
-0.17607214
-0.16570299
-0.15320481
-0.13835705
-0.12103016
-0.10120539
-0.078985062
-0.05461839
-0.028423972
-0.00088322502
0.027484203
0.056109391
0.084366027
0.11164975
0.13745695
0.16130327
0.18279484
0.20163173
0.21758913
0.2304861
0.24016677
0.24632891
0.24859571
0.24666842
0.24011802
0.22864534
0.21219293
0.1910069
0.16567224
0.13711589
0.10654147
0.075327663
0.044894265
0.016565396
-0.0085402027
-0.029580385
-0.046028186
-0.057693028
-0.064849682
-0.066382065
-0.06402112
-0.05798559
-0.048946174
-0.037862803
-0.025890202
-0.014207687
-0.0038253116
0.0044426439
0.010035784
0.013011311
0.01380632
0.013019942
0.011243186
0.0090727847
0.0070356256
0.0055045007
0.0046810051
0.0047649575
0.0059064361
0.0080036225
0.010892937
0.014348969
0.018102016
0.021866411
0.025367002
0.028326262
0.03071547
0.03226316
0.032859743
0.032485004
0.031129062
0.028806246
0.025557476
0.021445441
0.016552934
0.010983872
0.0048652217
-0.0016517694
-0.0083921346
-0.015161215
-0.021751585
-0.027952452
-0.033563346
-0.038409352
-0.042355299
-0.045321365
-0.047299525
-0.048323562
-0.048500825
-0.048009403
-0.047052323
-0.045876884
-0.044725101
-0.043775032
-0.043269532
-0.043328888
-0.044015323
-0.045323985
-0.047184508
-0.049473683
-0.052032378
-0.054678867
-0.057223765
-0.059492753
-0.061344494
-0.06269764
-0.063334914
-0.063338433
-0.06264882
-0.061261328
-0.059200483
-0.056510537
-0.05325145
-0.049495716
-0.04532557
-0.040830065
-0.036101817
-0.031233664
-0.026315601
-0.021432309
-0.016661309
-0.012071603
-0.0077226069
-0.0036632338
6.8929459e-05
0.0034482143
0.0064610803
0.0091058311
0.011391737
0.013337554
0.014969547
0.01631913
0.017420301
0.018307071
0.019011148
0.019560088
0.019976048
0.020275217
0.020467967
0.020559664
0.020552024
0.020444814
0.020237629
0.019931475
0.019529913
0.019039639
0.018470458
0.017834769
0.017146685
0.016421042
0.015672413
0.014914287
0.014158458
0.013414605
0.012690078
0.011989725
0.011315926
0.01066849
0.010044888
0.0094401172
0.0088473421
0.0082577432
0.0076618565
0.0070490946
0.0064099549
0.0057342165
0.0050151943
0.0042432158
0.0034187746
0.0025269976
0.0015818521
0.00056627563
0.44502649
0.44413398
0.44286812
0.44128211
0.43923547
0.43645415
0.43266598
0.42749758
0.42058809
0.4114361
0.39960228
0.38454629
0.36588433
0.34327125
0.31664038
0.28616259
0.25236086
0.21610404
0.17857867
0.141158
0.10518733
0.071700459
0.041154117
0.013431522
-0.011945076
-0.035491508
-0.057568125
-0.078374686
-0.098022524
-0.11659329
-0.13417006
-0.15078668
-0.16635954
-0.18079826
-0.19396966
-0.20568166
-0.21570474
-0.22380313
-0.22977843
-0.2334882
-0.23490136
-0.2340728
-0.23106852
-0.22604014
-0.21923316
-0.21088907
-0.20117267
-0.19014573
-0.17776751
-0.16391976
-0.14844517
-0.13119009
-0.11204911
-0.090986991
-0.068054879
-0.043429486
-0.017412356
0.0095910446
0.037138509
0.064728875
0.09172476
0.11747135
0.14164476
0.16393402
0.18405029
0.20176115
0.21690233
0.2292784
0.23853575
0.24440231
0.24670013
0.24489911
0.23850278
0.22720994
0.21087844
0.18961768
0.16393433
0.13477366
0.10339476
0.071252545
0.039856466
0.010619452
-0.01526539
-0.036904998
-0.053733833
-0.065515887
-0.072292727
-0.07399364
-0.071357898
-0.064800985
-0.055011643
-0.042987653
-0.030009842
-0.017419374
-0.0062766422
0.0025556147
0.0081912327
0.010935418
0.011391768
0.010252718
0.0082070698
0.0059022558
0.0039123163
0.0026074721
0.0020541774
0.0024550099
0.004182876
0.0069505522
0.010562413
0.014766636
0.019258477
0.023701947
0.02782976
0.031220981
0.03388466
0.035752852
0.036506493
0.036154148
0.0347364
0.032270475
0.028802658
0.024398482
0.019141282
0.013134957
0.0065083339
-0.00058109882
-0.0079456657
-0.015370326
-0.022619966
-0.0294508
-0.035626274
-0.040934247
-0.045204923
-0.048327485
-0.05030807
-0.051169274
-0.051026393
-0.050077241
-0.048571585
-0.046791889
-0.045015086
-0.04356455
-0.042614935
-0.042341372
-0.042831196
-0.044078258
-0.045997137
-0.048441751
-0.051229285
-0.054150441
-0.056982379
-0.059524577
-0.061620466
-0.063140189
-0.064014395
-0.06416506
-0.063577782
-0.062256148
-0.060227115
-0.057537429
-0.054249876
-0.0504402
-0.046194526
-0.041606589
-0.036774316
-0.031796066
-0.026767136
-0.021776986
-0.016907273
-0.012230513
-0.0078090718
-0.003694191
7.4999089e-05
0.0034722188
0.0064843553
0.0091112937
0.011365037
0.013268061
0.014851084
0.016150405
0.017204923
0.018053086
0.018730126
0.01926588
0.019683343
0.019998048
0.020218326
0.02034638
0.020380035
0.020314927
0.020146789
0.019873472
0.019496405
0.019021295
0.018458048
0.017820046
0.017122995
0.01638363
0.015618488
0.014842898
0.014070275
0.013311646
0.012575475
0.011867441
0.011190558
0.010544923
0.0099281141
0.0093347595
0.0087574782
0.0081863443
0.0076108561
0.0070188688
0.0063998933
0.0057418344
0.005037878
0.0042755245
0.0034571988
0.0025640778
0.0016097274
0.00058388742
0.45960669
0.4587916
0.45768421
0.45632897
0.45456733
0.45205646
0.44845836
0.4432709
0.43604024
0.42606601
0.4128001
0.3954497
0.37354195
0.34652422
0.31436698
0.277283
0.23610152
0.19221063
0.14751821
0.10417046
0.064146288
0.028671981
-0.0020461772
-0.028681178
-0.052424414
-0.074291251
-0.094817645
-0.11427305
-0.13280292
-0.1505708
-0.16772333
-0.18439448
-0.20062897
-0.21614651
-0.23047917
-0.24331897
-0.25438337
-0.263253
-0.26951868
-0.27277047
-0.27274201
-0.26951599
-0.26327677
-0.25424686
-0.24272138
-0.22911545
-0.21389306
-0.19742222
-0.17991087
-0.16143079
-0.14196277
-0.12144213
-0.099796191
-0.076971267
-0.052965738
-0.027889536
-0.0020389338
0.024233086
0.05054241
0.076435094
0.10137972
0.1247119
0.14613081
0.16557674
0.18303693
0.19845227
0.21165458
0.22261458
0.23127818
0.23705076
0.2393218
0.23740807
0.230972
0.21977226
0.20381018
0.18313059
0.15802659
0.12929128
0.098096428
0.065918937
0.034333539
0.0048215598
-0.021355517
-0.043238166
-0.060202678
-0.071977121
-0.078587998
-0.080295595
-0.07745551
-0.070637603
-0.060408111
-0.047753679
-0.034070958
-0.020915589
-0.00937068
0.00010248121
0.005301892
0.0074711522
0.0074796472
0.0059845171
0.00372638
0.0014376738
-0.00027898901
-0.0010522679
-0.0012261555
-8.1464785e-05
0.0025111461
0.0061366097
0.010633158
0.015677925
0.020973077
0.02614265
0.030858103
0.034796983
0.037790893
0.039777091
0.04063572
0.040295416
0.038789629
0.036157348
0.032453224
0.027743253
0.022107487
0.015644546
0.008479332
0.00077105192
-0.0072830627
-0.015448765
-0.023461328
-0.031039346
-0.037903605
-0.043798199
-0.048508695
-0.051865513
-0.05393646
-0.054668889
-0.054204021
-0.052765507
-0.050646962
-0.048184447
-0.045725572
-0.04360642
-0.042088187
-0.041375759
-0.041569468
-0.042674483
-0.044584964
-0.047126274
-0.050096607
-0.053262621
-0.056356336
-0.059146031
-0.061484152
-0.06326527
-0.064282564
-0.064584073
-0.064122865
-0.06289713
-0.06093392
-0.05828064
-0.055001345
-0.051173837
-0.046887257
-0.042239426
-0.037333282
-0.032272669
-0.027158335
-0.02208474
-0.017137864
-0.012393821
-0.0079180277
-0.0037643313
2.6173247e-05
0.003426158
0.0064224666
0.0090161666
0.011221838
0.01306583
0.014583815
0.015817734
0.016812287
0.017611268
0.018254259
0.018774081
0.019195054
0.019532213
0.019791612
0.019971667
0.020065353
0.020062994
0.019955208
0.019735505
0.019402171
0.018959167
0.018416022
0.017786897
0.017089099
0.016341419
0.015562618
0.014770198
0.013979599
0.013203599
0.012452179
0.011732222
0.011047798
0.010399684
0.0097859325
0.0092010449
0.0086372797
0.0080836088
0.0075285348
0.0069581982
0.0063612163
0.0057232558
0.0050376551
0.0042886033
0.0034805637
0.0025912797
0.0016318479
0.00060130213
0.47775031
0.47708984
0.47629616
0.47540062
0.47421019
0.47230394
0.46925033
0.4643925
0.45713777
0.44651024
0.43178996
0.41177924
0.3858899
0.35317119
0.31368534
0.26751565
0.21593826
0.16108992
0.10612894
0.054681686
0.0098980046
-0.02700249
-0.056694989
-0.080878419
-0.10177086
-0.12106729
-0.13940435
-0.15704988
-0.17412756
-0.19085839
-0.20749597
-0.22416675
-0.24114172
-0.25833987
-0.27468857
-0.28950143
-0.30233135
-0.31261701
-0.31967196
-0.32284471
-0.32153747
-0.3154118
-0.30473324
-0.29031841
-0.27274496
-0.25255596
-0.23045885
-0.20716317
-0.18319708
-0.15887336
-0.13433846
-0.10963152
-0.084719958
-0.059527781
-0.033986823
-0.0081574788
0.017590579
0.043209356
0.068174756
0.091947374
0.11400399
0.13413095
0.15201637
0.16791556
0.18217695
0.19477296
0.2055117
0.21420076
0.22081817
0.22517531
0.22716915
0.22423937
0.21721355
0.20614275
0.19057312
0.17052831
0.14641685
0.11906966
0.089307436
0.058389198
0.027794534
-0.00099247114
-0.026656862
-0.048176508
-0.064866149
-0.076393019
-0.082757348
-0.084254052
-0.081279065
-0.074394789
-0.063996828
-0.051018148
-0.037013375
-0.023570642
-0.011893703
-0.0023316347
0.0023603786
0.0036380772
0.0028577643
0.00077569869
-0.0017292297
-0.0039639262
-0.0054844974
-0.0058642049
-0.0051385639
-0.0028263289
0.00056566149
0.0052235677
0.010904203
0.016974331
0.023088614
0.028930085
0.034198573
0.038643111
0.041922483
0.043984407
0.044924714
0.044558208
0.042954237
0.040164605
0.036246531
0.031260746
0.025279101
0.018389748
0.010708233
0.0023894263
-0.0063658767
-0.015308307
-0.024145179
-0.032557276
-0.040220579
-0.04682957
-0.05212744
-0.055950348
-0.058077597
-0.058774562
-0.058043209
-0.056132911
-0.053383509
-0.050187784
-0.046956672
-0.044081618
-0.041882742
-0.040597448
-0.040398119
-0.041255195
-0.043059779
-0.045599705
-0.048686633
-0.052017596
-0.055312406
-0.058283521
-0.060815806
-0.062767567
-0.064004212
-0.064483857
-0.064180204
-0.063089018
-0.061235137
-0.058664854
-0.055441322
-0.051642783
-0.047360486
-0.042695796
-0.037756255
-0.032650909
-0.02748579
-0.022360344
-0.017364947
-0.0125794
-0.0080720873
-0.003899255
-0.00010391
0.0032854518
0.0062553021
0.0088073658
0.010957892
0.012735766
0.014180494
0.015339387
0.016263571
0.017003265
0.017603453
0.018100919
0.018522243
0.018882733
0.019186642
0.019428671
0.019596562
0.019674527
0.019646987
0.019501948
0.019233407
0.018842564
0.018337739
0.017733248
0.017047601
0.016301451
0.015515742
0.014710211
0.013902538
0.013107657
0.012337606
0.011600958
0.010903312
0.010246565
0.0096297765
0.0090477788
0.008492812
0.0079528513
0.007415556
0.0068653092
0.0062901555
0.0056732769
0.0050086764
0.0042767794
0.0034842587
0.0026062206
0.0016465841
0.00062253242
0.49933138
0.49892823
0.49864675
0.49851641
0.49829048
0.49747909
0.49550328
0.49155559
0.48480924
0.47398852
0.45803806
0.43515709
0.40452703
0.36458296
0.31555509
0.2570334
0.19106409
0.12062368
0.050921471
-0.011583593
-0.061820288
-0.098487674
-0.12469234
-0.14429872
-0.16066299
-0.1758915
-0.1909514
-0.20597693
-0.22106902
-0.2364921
-0.25264823
-0.26972903
-0.28767204
-0.30684569
-0.3260603
-0.34414978
-0.36007148
-0.37288848
-0.38167939
-0.38521781
-0.3830822
-0.37469773
-0.35905828
-0.33749838
-0.31156846
-0.282659
-0.25185855
-0.22011652
-0.18823532
-0.15677516
-0.12605141
-0.096188834
-0.067180693
-0.038944625
-0.011425358
0.015399873
0.041600398
0.066590378
0.089657247
0.11044107
0.12890832
0.14532646
0.15957787
0.17193733
0.18319299
0.19262782
0.20010733
0.20579299
0.20989568
0.21149516
0.20998777
0.20822694
0.19742206
0.18511515
0.17028775
0.15168016
0.12891548
0.10329989
0.0756408
0.047189382
0.019032353
-0.007615836
-0.031548838
-0.051748682
-0.067456577
-0.078260381
-0.084108673
-0.085259516
-0.082186819
-0.075198492
-0.064827216
-0.05177512
-0.037452177
-0.023620098
-0.012562818
-0.0041997703
-6.5246854e-05
0.00038427914
-0.0015224075
-0.0044846219
-0.0076659399
-0.010292191
-0.011904453
-0.012032838
-0.010024157
-0.0066905168
-0.0022089093
0.0038173084
0.010513212
0.017700121
0.024862574
0.031547141
0.037393288
0.042157669
0.045668276
0.047929232
0.048736198
0.048271749
0.046580159
0.043682986
0.039631604
0.034476435
0.028265586
0.021061507
0.012962849
0.0041170554
-0.0052739454
-0.014949875
-0.024592585
-0.033849769
-0.042357353
-0.049753721
-0.055718851
-0.060006577
-0.062346961
-0.063251527
-0.062373719
-0.060070523
-0.056741213
-0.052830186
-0.048806633
-0.045124246
-0.042169566
-0.040221093
-0.039501118
-0.040027538
-0.041619744
-0.044050071
-0.047055768
-0.050571755
-0.053959236
-0.056955814
-0.059634917
-0.061770851
-0.063198677
-0.063862639
-0.06373952
-0.062822899
-0.061125525
-0.058688291
-0.055571255
-0.051851573
-0.047622012
-0.042987512
-0.038060326
-0.032954605
-0.027781314
-0.022644217
-0.017637112
-0.012842401
-0.0083308005
-0.0041607087
-0.00037696729
0.0029903904
0.0059260506
0.0084319545
0.010526927
0.012242774
0.013621649
0.014713615
0.01557355
0.016256886
0.016814221
0.01728731
0.017706234
0.018087888
0.018436057
0.018742812
0.018991295
0.019159735
0.019226001
0.019171874
0.018986176
0.018666379
0.018218679
0.017656663
0.016999221
0.016268192
0.015486283
0.014675205
0.013854708
0.013041846
0.012250986
0.011492985
0.010775775
0.010103083
0.0094756192
0.0088890958
0.0083361164
0.0078038604
0.0072793395
0.006745232
0.0061894181
0.0055922878
0.0049491349
0.0042370125
0.003463651
0.0026075618
0.0016510387
0.00065121201
0.52400163
0.52398124
0.52445543
0.52547226
0.52671736
0.5276617
0.52751897
0.52536876
0.51996735
0.50983879
0.49325469
0.46763375
0.43146915
0.38252221
0.32093493
0.24541043
0.15953795
0.066819837
-0.023659791
-0.10053969
-0.15673839
-0.18992829
-0.20733512
-0.21825373
-0.22802702
-0.23796452
-0.24850936
-0.25955825
-0.27135727
-0.28446003
-0.299406
-0.31669253
-0.33649565
-0.35786649
-0.38122247
-0.40441159
-0.42557033
-0.44296353
-0.45506742
-0.46012596
-0.45709926
-0.44607897
-0.42676993
-0.39844815
-0.36256251
-0.32226235
-0.28011327
-0.23764928
-0.19593265
-0.15574966
-0.11756035
-0.081520424
-0.04761508
-0.015750122
0.014146611
0.042105468
0.068209124
0.092076018
0.11325378
0.13128919
0.1462793
0.15854113
0.16842573
0.17622344
0.18425331
0.19262345
0.19687835
0.19902258
0.20079783
0.19954283
0.19449859
0.18465555
0.17577689
0.16215379
0.14433706
0.12401206
0.10329468
0.081074216
0.056488366
0.031388141
0.0067844904
-0.01631715
-0.037038872
-0.054606269
-0.068268977
-0.077581431
-0.082404636
-0.082884609
-0.079428407
-0.072438015
-0.062264773
-0.049442299
-0.03509292
-0.020856904
-0.010137637
-0.004257811
-0.00078523886
-0.0013182022
-0.0047803822
-0.0093223766
-0.013857928
-0.017521759
-0.019685915
-0.019912384
-0.01752165
-0.01351602
-0.007757342
-0.00043820524
0.0078853747
0.016600846
0.025104352
0.032873021
0.039497337
0.044723047
0.048440593
0.05066206
0.051411941
0.050828211
0.048990823
0.045995574
0.041866716
0.036647412
0.030362855
0.023036693
0.014729627
0.0055607352
-0.0042820685
-0.014531355
-0.024845045
-0.034841414
-0.044123665
-0.052286699
-0.058965038
-0.063897302
-0.067011849
-0.067731931
-0.066778865
-0.064211205
-0.060421946
-0.055903412
-0.051175992
-0.046731403
-0.042991217
-0.040272055
-0.039039247
-0.039160883
-0.040457891
-0.042697858
-0.045571723
-0.048932404
-0.052371872
-0.055428728
-0.0580976
-0.060380943
-0.06197614
-0.062851191
-0.062919483
-0.062207819
-0.060709264
-0.058447683
-0.055477146
-0.051873698
-0.047732351
-0.043162882
-0.038283586
-0.033214763
-0.02807301
-0.02296675
-0.017992998
-0.013235305
-0.008763668
-0.0046353829
-0.00089374511
0.0024358056
0.0053365786
0.007805594
0.0098579812
0.011523882
0.012849528
0.013891614
0.014709931
0.015361587
0.015897496
0.016361983
0.016788553
0.017196465
0.017590654
0.017962571
0.018292473
0.01855396
0.018719288
0.018764359
0.01867264
0.018437338
0.018061808
0.017558085
0.016944606
0.016243357
0.015477874
0.014671216
0.013844991
0.013018237
0.012207479
0.011425821
0.010683559
0.0099866365
0.0093390959
0.0087386514
0.008178607
0.0076454704
0.0071258281
0.0066013294
0.0060603532
0.0054806404
0.0048581919
0.0041691701
0.0034158987
0.0025962152
0.0016457105
0.00069137492
0.55117497
0.55167349
0.55318627
0.55578923
0.55912248
0.56263694
0.5653463
0.56624038
0.56349348
0.55550411
0.53933119
0.51188866
0.46960891
0.40983293
0.33105684
0.23131901
0.11641431
-0.010359265
-0.12879401
-0.2222337
-0.27810912
-0.30292829
-0.30829768
-0.30492498
-0.30181466
-0.302306
-0.30566277
-0.31068272
-0.31769597
-0.32758172
-0.34112034
-0.35898121
-0.38105679
-0.40690741
-0.43573208
-0.46567189
-0.49435312
-0.51907834
-0.5368806
-0.54534199
-0.54242931
-0.52834426
-0.50420921
-0.46939087
-0.42448645
-0.37205015
-0.31652777
-0.26109209
-0.20754147
-0.15695633
-0.10992508
-0.066651656
-0.027177259
0.0086030209
0.040900461
0.069867739
0.095606167
0.11814657
0.13675188
0.15138852
0.16194281
0.16988528
0.17580406
0.1804879
0.18512185
0.19010187
0.19309939
0.19468414
0.19461636
0.19135944
0.18406398
0.17278763
0.15846471
0.13965386
0.11821569
0.095934593
0.07304099
0.049706086
0.029098856
0.0091600803
-0.010254522
-0.028249636
-0.04435515
-0.057928735
-0.06817381
-0.07490359
-0.077956957
-0.077305429
-0.073229718
-0.066127813
-0.056212813
-0.043800513
-0.029938959
-0.01645596
-0.005584742
-0.00044311282
0.0013054201
-0.0012001832
-0.0067348775
-0.013683023
-0.020609073
-0.026433603
-0.030149299
-0.031092783
-0.029056751
-0.024555818
-0.017485508
-0.0083935244
0.0018840285
0.01254107
0.022794271
0.031981293
0.039631181
0.045490938
0.049504063
0.051756759
0.05241403
0.051679676
0.049703506
0.046592842
0.042420021
0.037200525
0.030916832
0.023582974
0.01524145
0.0059906328
-0.0040040296
-0.014504038
-0.025174524
-0.035626145
-0.045443962
-0.054183364
-0.061433914
-0.066866609
-0.070246236
-0.071451264
-0.070547774
-0.067903782
-0.063849821
-0.058904593
-0.053625421
-0.048583005
-0.044310496
-0.04063071
-0.038882163
-0.038657721
-0.039638865
-0.04163068
-0.044338253
-0.047485222
-0.050748827
-0.053771772
-0.056549761
-0.05888953
-0.060627687
-0.061660581
-0.061975351
-0.06149026
-0.060212375
-0.058147642
-0.055339017
-0.051861496
-0.047814561
-0.043315626
-0.038491631
-0.033470912
-0.028376797
-0.023322799
-0.018409009
-0.013720496
-0.0093271953
-0.0052854638
-0.0016420708
0.0015790692
0.0043805263
0.006776991
0.0087967272
0.010454848
0.011776413
0.012806742
0.013612407
0.014265095
0.014816713
0.015308619
0.01577339
0.016230221
0.016685056
0.017130234
0.017545068
0.017900582
0.018165492
0.018311464
0.018317561
0.018173077
0.017878471
0.017443676
0.016885843
0.016226424
0.015488722
0.014696066
0.013871201
0.013035137
0.012206913
0.011401379
0.010632723
0.0099089547
0.009236541
0.0086144314
0.0080376423
0.0074931462
0.0069659661
0.0064391981
0.005902562
0.0053324227
0.0047238396
0.0040605202
0.003325008
0.0025586856
0.0016242488
0.00075198734
0.58002237
0.58117299
0.58402558
0.58867264
0.594786
0.60177583
0.60862686
0.61413105
0.61617551
0.61274603
0.59916294
0.57201126
0.52420961
0.45227964
0.34946124
0.21456123
0.05171804
-0.13192683
-0.28530882
-0.38932163
-0.43456179
-0.43451014
-0.41547861
-0.38860534
-0.36936043
-0.3594069
-0.35430783
-0.3518105
-0.35265638
-0.35803106
-0.36886159
-0.3861189
-0.40981202
-0.43985829
-0.4744616
-0.51264801
-0.55141274
-0.58766471
-0.61700594
-0.63441585
-0.6366751
-0.62289987
-0.59294742
-0.54866603
-0.49348553
-0.42961896
-0.36033192
-0.29062263
-0.22384544
-0.16178596
-0.10514181
-0.054093657
-0.0087902024
0.030938307
0.0655499
0.095422276
0.12057263
0.14062404
0.15548163
0.16512084
0.16964628
0.17274731
0.17359372
0.17410693
0.17516612
0.17753659
0.18021462
0.18216395
0.18233477
0.17943225
0.17280505
0.16081908
0.1431118
0.12064412
0.094888712
0.067710013
0.04086725
0.017271946
-0.0029936902
-0.020643614
-0.034404382
-0.045831745
-0.055049171
-0.063080134
-0.068423997
-0.071343656
-0.071693504
-0.069270025
-0.064199457
-0.056810404
-0.04721022
-0.035430886
-0.022146239
-0.0093909286
0.00039545767
0.0051757187
0.0049470794
2.8408824e-05
-0.0084902531
-0.018771496
-0.02917868
-0.038116164
-0.044190231
-0.046580855
-0.044602533
-0.0399113
-0.031378404
-0.020230167
-0.0075877053
0.0054339729
0.017811891
0.02872227
0.037614783
0.044236534
0.048597151
0.050897832
0.051435988
0.05051224
0.048364589
0.045157858
0.040969202
0.035773455
0.029537603
0.022256608
0.013971904
0.004771897
-0.005176234
-0.015619391
-0.026199764
-0.036607404
-0.046526768
-0.055449461
-0.062900493
-0.068608742
-0.072254043
-0.073685552
-0.072993241
-0.070387838
-0.066260018
-0.061130993
-0.055719621
-0.050100971
-0.044859657
-0.041406738
-0.039034558
-0.038414076
-0.039095196
-0.040831977
-0.04332496
-0.046270225
-0.049379539
-0.052394907
-0.055175511
-0.057573843
-0.059455552
-0.060710155
-0.061249131
-0.061006923
-0.059946923
-0.058065442
-0.055396239
-0.052014751
-0.048028836
-0.043567947
-0.038771433
-0.033778315
-0.02872016
-0.023716759
-0.018872004
-0.014270563
-0.0099779954
-0.0060429829
-0.0024969479
0.00062939284
0.0033113878
0.005556548
0.0074096771
0.0089500918
0.01023129
0.011298906
0.012171077
0.012885399
0.013502441
0.014070481
0.014620097
0.015165594
0.01571197
0.016252353
0.016765848
0.017222762
0.017590429
0.017838387
0.017943028
0.017891133
0.017680606
0.017319563
0.016823502
0.016212594
0.015509373
0.014736971
0.013918447
0.013075728
0.012230228
0.011402017
0.010606635
0.00985706
0.0091595795
0.0085113284
0.0079092861
0.0073449184
0.0068097869
0.006279671
0.0057441519
0.0051825133
0.0045807333
0.0039402155
0.003207895
0.0024907713
0.0015697794
0.00084213713
0.60947825
0.61140705
0.6158736
0.62300005
0.63255866
0.64395669
0.65633518
0.66831319
0.67795162
0.68210963
0.67578607
0.65314416
0.60403848
0.52043175
0.38710819
0.2012261
-0.049817602
-0.3130179
-0.41927539
-0.54814667
-0.57226884
-0.54308427
-0.50009097
-0.44181805
-0.40890176
-0.39117718
-0.37948624
-0.37205354
-0.3696762
-0.37135756
-0.37972238
-0.39624501
-0.42031984
-0.45189725
-0.49092837
-0.53586611
-0.5837934
-0.63030699
-0.67143345
-0.7035758
-0.72002508
-0.71495094
-0.68629391
-0.63594474
-0.56955363
-0.49314347
-0.4103958
-0.32628808
-0.24594764
-0.17208348
-0.10545396
-0.046400346
0.0045983221
0.047911467
0.084297203
0.11409854
0.13704794
0.15269511
0.16113457
0.1631134
0.1610761
0.15602522
0.15013907
0.14688555
0.14735941
0.1509951
0.15552626
0.159451
0.16171756
0.1610544
0.15534908
0.14363076
0.12652416
0.10223192
0.072742675
0.040813779
0.0098706916
-0.01655522
-0.037825273
-0.051666866
-0.060852747
-0.066732032
-0.071661322
-0.072054776
-0.070297208
-0.068168763
-0.064903641
-0.059993404
-0.053453565
-0.045486424
-0.036058768
-0.024972106
-0.012807007
-0.0011854672
0.0073622113
0.010747553
0.008332931
0.00044522598
-0.011635081
-0.026042963
-0.040636118
-0.053159595
-0.062093254
-0.066473949
-0.065966663
-0.059215331
-0.048551448
-0.034870186
-0.019490876
-0.0038116331
0.010912598
0.023693447
0.03390051
0.04129242
0.045965294
0.048247877
0.048578415
0.047387833
0.045016476
0.041678101
0.037453829
0.032294948
0.026102262
0.018834148
0.010548812
0.0014205018
-0.008296667
-0.01842049
-0.028575871
-0.038453008
-0.047871563
-0.056364826
-0.063469961
-0.069098518
-0.07268245
-0.074154871
-0.073581537
-0.071139222
-0.067111843
-0.061953358
-0.056233276
-0.050385263
-0.045334179
-0.042026156
-0.039294406
-0.038217326
-0.038598947
-0.040132703
-0.042469251
-0.045289968
-0.048317123
-0.051327274
-0.054167275
-0.056694994
-0.058768021
-0.060262182
-0.061058346
-0.061048362
-0.060186132
-0.058438549
-0.05584497
-0.052488531
-0.048491105
-0.043999972
-0.039171264
-0.03415702
-0.029097437
-0.024118548
-0.019327986
-0.014809903
-0.010625316
-0.006818692
-0.0034174461
-0.00043324198
0.0020961978
0.0042220107
0.0059781442
0.0074061518
0.0085673307
0.009531209
0.010384011
0.011161304
0.011882184
0.012573952
0.013258148
0.013941587
0.014624481
0.015296486
0.01593413
0.016509368
0.016990181
0.01734571
0.017551706
0.017593863
0.017468724
0.017182645
0.016749581
0.016188389
0.015520712
0.014769116
0.013956744
0.013106819
0.012243171
0.011388082
0.010562298
0.0097798177
0.009053218
0.0083795716
0.0077599321
0.0071838102
0.0066440975
0.0061170535
0.0055833573
0.0050293436
0.0044282075
0.0038093513
0.0030860864
0.0024019132
0.0015658348
0.0010087771
0.63828344
0.64109271
0.64737219
0.65732507
0.67085055
0.68749266
0.70659388
0.7268989
0.74662454
0.76228944
0.76902029
0.75781739
0.71728117
0.62854943
0.46781732
0.205801
-0.062939257
-0.41218267
-0.69869869
-0.82329331
-0.74651346
-0.62500394
-0.53918369
-0.4789617
-0.4276002
-0.40425154
-0.38911381
-0.38020819
-0.37667467
-0.37808897
-0.38552261
-0.40044285
-0.42360058
-0.4554382
-0.49595053
-0.5440013
-0.59711293
-0.65135012
-0.70304639
-0.74598316
-0.77345061
-0.77909469
-0.75941053
-0.71413141
-0.64527646
-0.55887595
-0.46354433
-0.36655708
-0.27321599
-0.18854441
-0.11284093
-0.0461439
0.0097648011
0.055425387
0.091897541
0.11935672
0.1371572
0.14472111
0.14292291
0.13453855
0.12339699
0.11200297
0.10610355
0.1052637
0.10888654
0.115205
0.12261368
0.12944658
0.13392767
0.13440811
0.13006082
0.12094613
0.10497311
0.082144351
0.051370487
0.016367446
-0.018488332
-0.049361483
-0.072612095
-0.086560946
-0.091826487
-0.089971137
-0.087509758
-0.084073786
-0.075966212
-0.066985324
-0.058958371
-0.050822304
-0.042310952
-0.033476846
-0.024143211
-0.013962518
-0.0031920519
0.0067596824
0.013526948
0.014930606
0.0099574418
-0.0012027152
-0.017268526
-0.036084962
-0.054936099
-0.071295304
-0.083072922
-0.088489628
-0.087600107
-0.079966076
-0.067176429
-0.050805788
-0.032584718
-0.014198199
0.0028808268
0.017504912
0.028970214
0.037060233
0.041966663
0.044151741
0.044200538
0.042677034
0.040010145
0.036462065
0.032145092
0.026979105
0.020810878
0.013578552
0.005269424
-0.0039664085
-0.013821678
-0.023663745
-0.032895852
-0.041557921
-0.050418314
-0.057733426
-0.063354061
-0.068564053
-0.071657261
-0.072809916
-0.072144838
-0.069794519
-0.065975212
-0.061085611
-0.055620559
-0.050050292
-0.044819597
-0.041022922
-0.039052699
-0.037731972
-0.037910367
-0.039350188
-0.041631345
-0.044433043
-0.04749415
-0.050611121
-0.053628207
-0.056392567
-0.05873621
-0.060508073
-0.061566458
-0.061778315
-0.061049871
-0.059353078
-0.05673297
-0.053293541
-0.049181045
-0.044567617
-0.039629761
-0.034532719
-0.029423004
-0.024433227
-0.019677017
-0.015238085
-0.011167074
-0.0074983451
-0.0042565889
-0.0014392138
0.00094809801
0.0028809265
0.0044701204
0.0057560969
0.0068106277
0.0077042484
0.0085086497
0.0092832153
0.010070192
0.010872105
0.011690242
0.012522694
0.01336671
0.014208715
0.015003864
0.015721496
0.016332207
0.016806702
0.017121468
0.017262192
0.017224721
0.017014192
0.01664311
0.016128996
0.015492587
0.014756236
0.013944005
0.013081023
0.012193798
0.01130811
0.01044845
0.0096346096
0.0088780017
0.008185411
0.0075561399
0.006978446
0.0064392557
0.0059189412
0.0053923034
0.0048542891
0.0042597044
0.0036632025
0.0029556018
0.0023077539
0.0015539156
0.0011076482
0.66505867
0.66879418
0.67697155
0.6899193
0.70769018
0.73008797
0.75672292
0.78678598
0.81879648
0.8498541
0.87501661
0.88514883
0.8661798
0.79096087
0.62085544
0.33199989
-0.10937708
-0.5385369
-0.82855567
-0.66378964
-0.56222452
-0.47782958
-0.44248563
-0.4105635
-0.39957285
-0.39243952
-0.38966037
-0.39118352
-0.3975847
-0.41051496
-0.43140415
-0.46117148
-0.50015127
-0.54777781
-0.60212443
-0.65974723
-0.71611958
-0.76550679
-0.80122476
-0.81647364
-0.80607159
-0.7674647
-0.70140676
-0.61339298
-0.51148455
-0.40536951
-0.30455386
-0.21161089
-0.12790756
-0.055776903
0.0030527572
0.048805418
0.082605067
0.10410208
0.11263539
0.10908996
0.096776209
0.080805751
0.06528713
0.055021244
0.051147745
0.054223466
0.06230805
0.073262497
0.085131604
0.095737536
0.10321568
0.10633469
0.10417184
0.095496727
0.080332558
0.059150709
0.030181276
-0.0058801479
-0.043872144
-0.078211278
-0.10480109
-0.1208866
-0.12495313
-0.11900775
-0.10706221
-0.09529229
-0.082439768
-0.068521588
-0.055370664
-0.043168614
-0.032121693
-0.022095153
-0.012750621
-0.0035460794
0.0055515951
0.013422908
0.017938493
0.016917121
0.0091071526
-0.0054447532
-0.025425284
-0.048503356
-0.071500317
-0.091178312
-0.1048522
-0.11029595
-0.1096928
-0.10081798
-0.085832304
-0.066848754
-0.045960242
-0.025083644
-0.0058574631
0.01042582
0.022993739
0.031678047
0.036774777
0.03887002
0.038668055
0.036826939
0.033848883
0.030049874
0.025588476
0.020363178
0.014115285
0.0067816417
-0.0016945271
-0.011093526
-0.020992219
-0.030523482
-0.039620012
-0.047676047
-0.054073965
-0.059736002
-0.064995232
-0.067875908
-0.069631373
-0.070058146
-0.069040923
-0.066668429
-0.063077467
-0.058565286
-0.053541415
-0.048364611
-0.043671982
-0.040047906
-0.037735251
-0.036628693
-0.036925591
-0.038409993
-0.040750658
-0.043655135
-0.046880054
-0.050234215
-0.053565896
-0.056692019
-0.059380211
-0.061460505
-0.062759089
-0.063115268
-0.062423039
-0.060658571
-0.057885857
-0.054239918
-0.049902913
-0.045077417
-0.03996259
-0.034734975
-0.029538101
-0.024506137
-0.019761286
-0.015393076
-0.01143484
-0.0079110325
-0.0048451459
-0.002239633
-5.8217961e-05
0.0017173029
0.0031279279
0.0042361996
0.0051271881
0.0059001996
0.006623785
0.0073653809
0.0081897265
0.0090626373
0.010006813
0.01099191
0.011988355
0.012979494
0.013942946
0.014821851
0.015578347
0.016184409
0.016617724
0.016863958
0.016918317
0.016784685
0.016473928
0.016002327
0.015390161
0.014660175
0.013838119
0.012952297
0.0120333
0.011111557
0.010216445
0.0093724862
0.0085987519
0.0078912551
0.0072588257
0.0066884647
0.0061589016
0.0056569754
0.0051500459
0.0046413675
0.0040691181
0.0035054204
0.0028295894
0.0022124396
0.0015173739
0.0011637608
0.68839558
0.69301871
0.70303051
0.7188905
0.74084234
0.76899404
0.80336574
0.84376889
0.88944547
0.93865145
0.98732136
1.0280603
1.0450581
1.0128181
0.8424856
0.52319891
0.034954763
-0.43819565
-0.4227242
-0.41284095
-0.40843523
-0.40685897
-0.40813176
-0.41327812
-0.42397831
-0.44179073
-0.46794802
-0.5031794
-0.54741335
-0.59923816
-0.65573462
-0.71261109
-0.76429805
-0.80418151
-0.82526706
-0.82164513
-0.7896861
-0.72943725
-0.64520103
-0.54414072
-0.43639348
-0.3329967
-0.23710166
-0.15055487
-0.076623473
-0.017709327
0.024466646
0.051576843
0.06331784
0.060860864
0.047546829
0.027888809
0.0077239529
-0.0062957472
-0.012687787
-0.0097215213
0.00054789254
0.015800657
0.033410253
0.050855198
0.065732241
0.076112764
0.080986914
0.079984299
0.072903351
0.05846408
0.036876795
0.0091562259
-0.025039267
-0.06461924
-0.10238224
-0.13205132
-0.1499663
-0.15459477
-0.14736147
-0.13030264
-0.10935072
-0.090079987
-0.071194396
-0.053402126
-0.03757331
-0.023559749
-0.012042731
-0.0026093612
0.0055809036
0.012829479
0.018336577
0.020275279
0.01659091
0.0059567272
-0.011667376
-0.035004612
-0.061728306
-0.088118865
-0.11045118
-0.12626221
-0.13419137
-0.13107013
-0.12029475
-0.10312413
-0.081808676
-0.058695938
-0.035826006
-0.014896817
0.0026870788
0.016069187
0.025173759
0.030426163
0.032523554
0.032263469
0.030351104
0.027248037
0.023241494
0.018530091
0.013057055
0.00669182
-0.00081512342
-0.0095065208
-0.01929753
-0.029522188
-0.039564552
-0.048191949
-0.054671578
-0.059547066
-0.06305058
-0.066242415
-0.068678988
-0.068461013
-0.066991996
-0.065132227
-0.06245212
-0.058931734
-0.054782073
-0.050247098
-0.045749734
-0.041613622
-0.038335009
-0.03624189
-0.035414844
-0.035873975
-0.037471153
-0.039941717
-0.043027586
-0.046502863
-0.050184235
-0.05392992
-0.057521142
-0.060565416
-0.062921104
-0.064381686
-0.064752748
-0.063976133
-0.062012202
-0.058965671
-0.055011896
-0.0503734
-0.045280296
-0.039950569
-0.034570782
-0.029269328
-0.024186271
-0.019442881
-0.015160268
-0.011321096
-0.0079348875
-0.0050156315
-0.0026066584
-0.00063150905
0.00097197193
0.0021661252
0.0030767346
0.0037811665
0.0043789376
0.004963571
0.0056069274
0.0063325222
0.0072230989
0.0082561449
0.0093944017
0.010563588
0.011698911
0.012792505
0.013816762
0.014719586
0.015461701
0.016018956
0.016375665
0.016525292
0.016469435
0.016216408
0.015781372
0.015185272
0.014452133
0.013610032
0.012691859
0.011734348
0.010773935
0.0098443379
0.0089739183
0.0081798639
0.0074799457
0.0068622626
0.0063168408
0.0058200984
0.005360851
0.0048923271
0.0044273022
0.0038819137
0.0033366054
0.0026887768
0.0021189442
0.0014654879
0.0011569676
0.70696192
0.71233732
0.72395063
0.74236144
0.76801101
0.80129253
0.8427532
0.89281886
0.95188401
1.0194087
1.0939058
1.1700194
1.2375638
1.2689269
1.1390407
0.83618257
-0.42993378
-0.42855784
-0.42623672
-0.42437632
-0.42426621
-0.42582104
-0.43010767
-0.43866842
-0.45300368
-0.47444427
-0.50395014
-0.54193694
-0.58757092
-0.63851467
-0.69103733
-0.7400804
-0.77948501
-0.80242952
-0.80300143
-0.77698607
-0.72394051
-0.64714251
-0.55299191
-0.45100846
-0.3517119
-0.26025432
-0.17787308
-0.10644174
-0.051917243
-0.017452604
-0.0001499251
0.001124529
-0.010532218
-0.032661188
-0.055918443
-0.07320311
-0.082051923
-0.080574108
-0.068715534
-0.049494668
-0.026018588
-0.0013223811
0.021997451
0.041587426
0.055324817
0.061978824
0.061442821
0.055350216
0.043465834
0.021974288
-0.0070002822
-0.040236955
-0.079122475
-0.11864501
-0.15120822
-0.17199298
-0.17827626
-0.16982902
-0.1501979
-0.12544474
-0.1010205
-0.075156555
-0.051564157
-0.033033602
-0.016714005
-0.0033005148
0.0062571857
0.013390391
0.018713008
0.021749893
0.021046889
0.014773037
0.0016517176
-0.018365278
-0.043976748
-0.073703969
-0.10290724
-0.1269173
-0.14385391
-0.15147646
-0.14846406
-0.13639545
-0.11743693
-0.094359455
-0.069754386
-0.045659983
-0.023698815
-0.0053538371
0.0083853526
0.017645963
0.023001936
0.025221371
0.025134685
0.023452097
0.020673071
0.016983184
0.012189933
0.0062844918
-0.00039467548
-0.008302396
-0.017367929
-0.027505528
-0.038443611
-0.048685198
-0.057111666
-0.063261095
-0.066850191
-0.068068153
-0.068180612
-0.068350681
-0.067068122
-0.064649341
-0.061868187
-0.058366103
-0.05451007
-0.050554627
-0.04655308
-0.042676228
-0.039204276
-0.036492111
-0.034814409
-0.034305802
-0.034984944
-0.036738079
-0.039364642
-0.042647431
-0.046388398
-0.050402939
-0.05456961
-0.058749899
-0.062015067
-0.064532313
-0.066034294
-0.066324873
-0.065287217
-0.063008436
-0.059608197
-0.055302155
-0.050346609
-0.04499189
-0.039469945
-0.033972655
-0.028590632
-0.023385257
-0.018628823
-0.014474428
-0.010772416
-0.0075375102
-0.0047857141
-0.0024980305
-0.00068766964
0.00068499583
0.0016998931
0.002398852
0.0029022066
0.0033112478
0.0037257027
0.0042307732
0.0048862044
0.0057222279
0.0067152205
0.0078459714
0.0090814803
0.010362261
0.01160504
0.012760134
0.013791456
0.014661608
0.015339223
0.015804426
0.016047603
0.016066895
0.015866547
0.015460625
0.014872274
0.014127979
0.01325939
0.012304691
0.011306903
0.010308896
0.0093527604
0.0084719248
0.0076824859
0.0069956538
0.0064092444
0.0059111151
0.0054671407
0.0050605309
0.0046362976
0.0042133552
0.0036947698
0.0031690321
0.0025848924
0.0020822418
0.0014037631
0.0010450702
0.719628
0.72550794
0.7383257
0.75867365
0.7870933
0.82427351
0.87116225
0.92885673
0.99866508
1.0816249
1.1783146
1.2869713
1.4025318
1.4323914
1.4649676
1.2730538
-0.43550957
-0.43635287
-0.44034665
-0.44195292
-0.44427124
-0.4480753
-0.45456368
-0.46508121
-0.48081608
-0.50281639
-0.53145303
-0.56714789
-0.60756689
-0.65026807
-0.69139593
-0.72554146
-0.74636851
-0.7487134
-0.72731919
-0.68231468
-0.61599815
-0.53368141
-0.44355835
-0.35463017
-0.27283591
-0.19985005
-0.1376057
-0.093246063
-0.069099591
-0.061472433
-0.070856509
-0.09325331
-0.118575
-0.14058594
-0.15466215
-0.15633783
-0.1451707
-0.12339552
-0.09472188
-0.062990708
-0.031376974
-0.002378746
0.021907278
0.039634613
0.049186771
0.049785752
0.04461022
0.03437924
0.014776237
-0.012931539
-0.048497296
-0.085469063
-0.12641033
-0.16108497
-0.18433181
-0.1926452
-0.18529846
-0.165156
-0.13774908
-0.10903345
-0.080392859
-0.051703611
-0.028041402
-0.010697805
0.0046202269
0.014291856
0.020388997
0.023853112
0.024522416
0.021338696
0.012782765
-0.0022513537
-0.023581922
-0.050616604
-0.083044287
-0.11356287
-0.13848986
-0.15625076
-0.16398337
-0.16070138
-0.14762548
-0.12743335
-0.10340392
-0.078322053
-0.05405809
-0.03184754
-0.013224604
0.00017663838
0.0092169766
0.014615612
0.017131966
0.017579173
0.016569788
0.014425977
0.011169557
0.0065377211
0.00073029376
-0.0059379832
-0.014230537
-0.024316648
-0.035236868
-0.04637721
-0.057344574
-0.065869145
-0.071438667
-0.074132254
-0.074224208
-0.07257098
-0.070170933
-0.0663492
-0.061909525
-0.058457503
-0.054940828
-0.050468923
-0.046520547
-0.042964483
-0.039713889
-0.03693249
-0.034850263
-0.033676976
-0.033542115
-0.034473298
-0.036392703
-0.039152954
-0.04258476
-0.046497786
-0.050689505
-0.055456694
-0.059970342
-0.063273574
-0.065811078
-0.067208174
-0.06726316
-0.065929893
-0.063298446
-0.059549234
-0.054936637
-0.049733822
-0.04417244
-0.038502939
-0.033086675
-0.027552522
-0.022115705
-0.017471787
-0.013451323
-0.0098691615
-0.0067707083
-0.004166447
-0.0020459091
-0.00039297573
0.00082483167
0.0016626225
0.0022028529
0.0025418008
0.0027828004
0.0030301809
0.0033765337
0.0038913312
0.0046085965
0.0055270743
0.006629853
0.0078685049
0.0091769456
0.01048721
0.011738109
0.012875251
0.013853423
0.014636651
0.015199821
0.015528542
0.015615464
0.015457375
0.015069361
0.01448158
0.013721719
0.012824758
0.011835972
0.010806126
0.0097867293
0.0088200571
0.0079364868
0.0071618323
0.0065103909
0.0059679702
0.0055191948
0.0051283974
0.0047762133
0.0044134248
0.0040371623
0.0035576406
0.0030301929
0.002547637
0.0020876193
0.0013275116
0.00084622609
0.72555416
0.7316278
0.74513418
0.76656406
0.79648441
0.83578569
0.88563863
0.94757155
1.0234285
1.1153691
1.2254631
1.3549211
1.5017664
1.5991758
1.7205649
-0.44239014
-0.45011055
-0.4586014
-0.46187724
-0.46525324
-0.46893319
-0.47337359
-0.47946479
-0.48814238
-0.50057943
-0.51712159
-0.5387492
-0.56376765
-0.59188129
-0.61998619
-0.64349552
-0.65764937
-0.65970347
-0.63995944
-0.6028363
-0.54870345
-0.48129191
-0.40691058
-0.33293923
-0.26462598
-0.20499941
-0.15812769
-0.12781183
-0.11642367
-0.12454696
-0.14521475
-0.17174598
-0.19920302
-0.22076106
-0.22963353
-0.22367306
-0.20304648
-0.17120797
-0.1332153
-0.093799904
-0.056075712
-0.022083088
0.0064050649
0.027915454
0.039679382
0.0432938
0.039564528
0.029778104
0.01289149
-0.012097568
-0.046219103
-0.08529479
-0.12478294
-0.16063571
-0.18590753
-0.19652508
-0.19113501
-0.17182552
-0.1436583
-0.11245961
-0.082218816
-0.052402643
-0.02457133
-0.0030007125
0.011821228
0.021820086
0.027224509
0.029094951
0.027704472
0.022418256
0.01205093
-0.0040877818
-0.025720645
-0.05433318
-0.087661017
-0.11734167
-0.14340351
-0.16186174
-0.16982116
-0.16638401
-0.15281554
-0.13222939
-0.10835146
-0.084013597
-0.060776111
-0.039500423
-0.020553859
-0.008345019
2.2346476e-05
0.0053982233
0.0083793972
0.0096749889
0.0097433612
0.0086968261
0.0063701991
0.0025016285
-0.0030492447
-0.010257551
-0.019099919
-0.029834929
-0.041325028
-0.052521426
-0.06455058
-0.073218397
-0.078545284
-0.080505534
-0.079572848
-0.076683299
-0.072840112
-0.068189708
-0.062183123
-0.055992283
-0.051489213
-0.046800089
-0.043007159
-0.039866365
-0.037195973
-0.035077649
-0.033631357
-0.032980678
-0.033221058
-0.034382899
-0.036419518
-0.039246349
-0.042704288
-0.046598071
-0.051272831
-0.056425919
-0.060283963
-0.063830727
-0.066302856
-0.067498549
-0.067279586
-0.065641592
-0.062709473
-0.05870852
-0.053917029
-0.048585239
-0.042938423
-0.037494529
-0.031913875
-0.026085609
-0.020761106
-0.016323372
-0.012343152
-0.0088317724
-0.0058303794
-0.003338505
-0.0013408775
0.00018755561
0.001285901
0.0020114107
0.0024390125
0.002658988
0.0027715922
0.0028800481
0.0030797222
0.0034456934
0.0040219964
0.0048265315
0.0058370808
0.007013744
0.0082973028
0.009618245
0.010907479
0.012102644
0.013150555
0.014008195
0.01464413
0.015041264
0.015188051
0.015061397
0.014676012
0.01408264
0.013307675
0.012387722
0.011374126
0.010325064
0.0092947298
0.0083299081
0.0074692836
0.0067328836
0.0061244475
0.0056308075
0.0052323378
0.0048974629
0.0045923832
0.0042847605
0.0039383401
0.0035271297
0.003082236
0.0026092934
0.0019788854
0.0012573813
0.00060456465
0.72407854
0.73033102
0.74384031
0.76525413
0.79521674
0.83458056
0.8845082
0.94648375
1.0224137
1.1144762
1.2247901
1.3546495
1.502222
1.6385783
1.7812052
-0.46015709
-0.47057425
-0.48185548
-0.48628913
-0.49046912
-0.49388514
-0.496239
-0.49756883
-0.4983517
-0.49927951
-0.5020161
-0.50651105
-0.51329453
-0.52188756
-0.53085644
-0.53763275
-0.53877848
-0.52927884
-0.51393645
-0.4841213
-0.44191112
-0.39025767
-0.33317921
-0.27762381
-0.22723362
-0.18583949
-0.15846927
-0.14930718
-0.15606004
-0.17689399
-0.20600888
-0.2400825
-0.27034012
-0.28930424
-0.29299827
-0.27905101
-0.24935919
-0.20826471
-0.16202101
-0.1163056
-0.074068531
-0.036573719
-0.004209471
0.019536188
0.033148459
0.03894127
0.037821324
0.030318934
0.015762984
-0.0062806638
-0.036679956
-0.076336162
-0.11456379
-0.15026428
-0.17678029
-0.18946117
-0.18645168
-0.16931245
-0.14241582
-0.11101518
-0.07909101
-0.048999312
-0.020983796
0.0036431704
0.019728894
0.029737626
0.034636108
0.035300452
0.032294078
0.025398754
0.013922067
-0.0023272634
-0.024832009
-0.053372632
-0.084379955
-0.11375666
-0.14062305
-0.15940763
-0.16769505
-0.16454771
-0.15129799
-0.13146352
-0.10914584
-0.08717226
-0.065910097
-0.045137463
-0.028406908
-0.017746268
-0.010044169
-0.0046249085
-0.00094671423
0.0015356148
0.0030715415
0.003533777
0.0025255039
-0.00038958356
-0.0054454865
-0.012590666
-0.021639165
-0.032969674
-0.045185049
-0.057065451
-0.069203858
-0.078061207
-0.083293024
-0.085042916
-0.083660902
-0.079908013
-0.074731789
-0.068925451
-0.062936054
-0.055979843
-0.04900632
-0.044195841
-0.040459246
-0.03759066
-0.035374061
-0.033804824
-0.03289365
-0.032682798
-0.033228224
-0.034562124
-0.036638885
-0.039377111
-0.042618837
-0.046861913
-0.051848449
-0.056048123
-0.059897024
-0.063405514
-0.065693625
-0.066649001
-0.066196566
-0.064359634
-0.061300921
-0.057245553
-0.052447463
-0.047197003
-0.041828715
-0.036348121
-0.030456476
-0.024836664
-0.01988206
-0.015414757
-0.011420254
-0.0079333664
-0.0049712926
-0.0025322534
-0.00059805774
0.00086406203
0.0019004008
0.002570961
0.0029482179
0.0031157058
0.003165999
0.0031944505
0.0032911351
0.0035348823
0.0039831347
0.0046564785
0.0055439656
0.0066188888
0.0078295261
0.0091082797
0.010385059
0.011593184
0.012672977
0.013573695
0.01425402
0.014691693
0.014877624
0.014752486
0.014351102
0.013767213
0.01298634
0.012051768
0.011025588
0.0099749946
0.0089569346
0.0080183571
0.0071946774
0.0065010156
0.0059397134
0.0054930068
0.0051368151
0.0048400514
0.0045621531
0.0042840633
0.003957133
0.0035983255
0.0031961479
0.0026747783
0.0018875078
0.0012336429
0.00032200739
0.7154437
0.72144216
0.73432825
0.75474362
0.78328442
0.82060692
0.8676371
0.9254682
0.99546008
1.0787042
1.1759016
1.2854644
1.4026578
1.5375597
1.6191662
1.6899827
-0.49039656
-0.49840842
-0.51052783
-0.51517622
-0.51956867
-0.52205589
-0.52171721
-0.51793441
-0.51072211
-0.50033488
-0.48813992
-0.47447305
-0.46108692
-0.44803564
-0.43586546
-0.42325721
-0.40874127
-0.39082923
-0.36957842
-0.34177057
-0.30776868
-0.26973205
-0.23085248
-0.19543956
-0.16736025
-0.14998802
-0.14527457
-0.15564052
-0.17715725
-0.21084909
-0.25369975
-0.29347593
-0.32430944
-0.34019311
-0.33771218
-0.31660865
-0.2793297
-0.23114814
-0.17925699
-0.12975249
-0.085391138
-0.044963737
-0.010633973
0.012236669
0.027730363
0.035654128
0.037192468
0.032908334
0.02207621
0.0034455903
-0.023331913
-0.058706243
-0.096565721
-0.13123779
-0.15823665
-0.17268142
-0.17225809
-0.15810641
-0.13370659
-0.10366438
-0.072037998
-0.041513288
-0.013640956
0.01067424
0.028368456
0.038606811
0.043230133
0.04313626
0.03909641
0.031292311
0.019352964
0.0025608136
-0.01930204
-0.044772712
-0.072969229
-0.10329429
-0.13001839
-0.14857301
-0.15722062
-0.15494046
-0.14312396
-0.12538209
-0.10641997
-0.08779972
-0.067747661
-0.049992455
-0.038691911
-0.02830644
-0.020992786
-0.015344543
-0.010689669
-0.0067267923
-0.0034572192
-0.0012621496
-0.00075154062
-0.0024966346
-0.0068066089
-0.013602481
-0.02240206
-0.033492871
-0.046771923
-0.060009038
-0.070716055
-0.079713479
-0.085101943
-0.086881963
-0.085420077
-0.081427746
-0.075793637
-0.069241695
-0.062328925
-0.055503112
-0.048280854
-0.042802164
-0.039033088
-0.036214575
-0.034251132
-0.033043084
-0.032494901
-0.032569875
-0.033276898
-0.034638551
-0.036552849
-0.039278075
-0.042769457
-0.046636334
-0.050689785
-0.054714717
-0.058754717
-0.06194003
-0.063986711
-0.064755162
-0.064152253
-0.06225682
-0.059281764
-0.055392386
-0.050904525
-0.046105182
-0.040892468
-0.035068004
-0.029592082
-0.024380993
-0.019471635
-0.014976562
-0.010948581
-0.0074242781
-0.0044326182
-0.0019796083
-4.4659737e-05
0.0014142835
0.0024530631
0.0031369067
0.0035363864
0.0037275757
0.0037929541
0.0038163234
0.0038781931
0.0040552627
0.0044114409
0.0049747303
0.0057443502
0.0067059611
0.0078190265
0.0090220088
0.010246675
0.011424456
0.012492155
0.013395745
0.014089197
0.014566351
0.01486467
0.01469742
0.014146463
0.013606164
0.012851156
0.011908463
0.010895273
0.009867253
0.0088804478
0.0079807167
0.0072004506
0.0065499106
0.0060282297
0.0056130388
0.005280115
0.004994702
0.004721807
0.0044373735
0.0040970827
0.0037134948
0.0032289136
0.0026981418
0.0019578659
0.0012598703
0.00015076379
0.69990431
0.70537103
0.71711008
0.73566878
0.76149406
0.79495746
0.83658759
0.88680399
0.94603984
1.0138044
1.088727
1.1656279
1.2346829
1.2687676
1.3145955
1.2272932
-0.53406244
-0.53733966
-0.54141949
-0.54705711
-0.55105556
-0.55219443
-0.5485432
-0.53893267
-0.52284813
-0.50066229
-0.4729742
-0.44113486
-0.40749093
-0.37364151
-0.3408529
-0.30976973
-0.28054868
-0.25322697
-0.22877434
-0.19990225
-0.1718405
-0.14558881
-0.12307683
-0.10701468
-0.10005158
-0.10369
-0.11812589
-0.14612122
-0.1887301
-0.23635765
-0.28502367
-0.32817709
-0.35761383
-0.36898127
-0.36052039
-0.33323403
-0.29064589
-0.23844592
-0.18443183
-0.13503927
-0.089161874
-0.048366237
-0.017489937
0.0060422493
0.022395354
0.031817153
0.035848507
0.035043346
0.028613336
0.014863344
-0.0074120455
-0.037622766
-0.072657373
-0.10589902
-0.13263971
-0.14822856
-0.15038252
-0.13948522
-0.11829348
-0.090744368
-0.060610953
-0.030728845
-0.0030726231
0.020696163
0.038191997
0.048800974
0.05337044
0.052970684
0.048688559
0.040838787
0.028691634
0.012284176
-0.0072655288
-0.030149072
-0.056081581
-0.086011558
-0.11262579
-0.13044314
-0.13953588
-0.13845324
-0.12914046
-0.11519727
-0.10058961
-0.084497966
-0.06894154
-0.058056293
-0.048598087
-0.039569701
-0.032599796
-0.026456449
-0.020620252
-0.015014184
-0.0098983869
-0.0059041213
-0.003819746
-0.004311745
-0.007720732
-0.013978249
-0.022555275
-0.032752007
-0.045628291
-0.059749395
-0.06960141
-0.078338635
-0.083810028
-0.085792125
-0.084622906
-0.080876574
-0.075307783
-0.068653183
-0.061525622
-0.054387279
-0.04764515
-0.04225346
-0.038267098
-0.035428801
-0.033578148
-0.032534958
-0.032149121
-0.032331173
-0.033045436
-0.034459008
-0.036465496
-0.038609026
-0.041444646
-0.045193556
-0.048934964
-0.052869879
-0.056607385
-0.059498483
-0.061322065
-0.062012286
-0.061532174
-0.059899916
-0.057172989
-0.053593958
-0.04965366
-0.045025656
-0.039981474
-0.034965857
-0.029754249
-0.02463742
-0.019749829
-0.015209627
-0.011088448
-0.0074598894
-0.0043732671
-0.0018417388
0.00015608887
0.0016726189
0.0027756788
0.0035354472
0.0040227972
0.0043081539
0.0044621988
0.0045562586
0.0046619141
0.0048457591
0.0051591821
0.0056573071
0.0063463277
0.0072164728
0.0082352605
0.0093534929
0.010509172
0.011634638
0.012663832
0.013537423
0.014193443
0.014636314
0.014865847
0.014830459
0.014412342
0.013726558
0.012944945
0.01204739
0.011067871
0.010077224
0.0091335957
0.0082779814
0.0075375444
0.006919314
0.0064161065
0.006004921
0.0056613609
0.0053515253
0.0050435009
0.004715497
0.0043276417
0.0038983582
0.003358236
0.0027816468
0.0020071079
0.0012235222
7.2781756e-05
0.67826945
0.68298856
0.69315677
0.70920323
0.7313515
0.75968063
0.79418598
0.83465038
0.88032993
0.92948111
0.97811503
1.0188308
1.0359926
1.0039874
0.9896793
0.64735448
-0.5841758
-0.56152354
-0.56316979
-0.5691599
-0.57610542
-0.58051154
-0.58018412
-0.57290685
-0.5570781
-0.53193843
-0.49773823
-0.45555005
-0.40733355
-0.35575288
-0.30345931
-0.25275135
-0.20537118
-0.16236873
-0.12398031
-0.089071215
-0.064186882
-0.04403396
-0.029350747
-0.02136796
-0.021586644
-0.032666639
-0.056492239
-0.093307324
-0.13910115
-0.19259246
-0.24972015
-0.30204167
-0.34373554
-0.36903339
-0.37493191
-0.36075237
-0.32895805
-0.28398487
-0.23155035
-0.17884892
-0.1315534
-0.088675839
-0.052085247
-0.022918974
-2.4492945e-05
0.01607102
0.026483016
0.032601153
0.035069115
0.033179724
0.024978735
0.008607909
-0.016059261
-0.046347673
-0.077019795
-0.10272521
-0.1189068
-0.1231857
-0.11535355
-0.097524602
-0.07295473
-0.045017176
-0.016562623
0.010111214
0.032927306
0.049990629
0.06059274
0.065255662
0.065053748
0.06095635
0.053380392
0.042344834
0.027851644
0.0098738587
-0.011492405
-0.035805564
-0.063023208
-0.086772775
-0.10615041
-0.11647131
-0.11789015
-0.11163658
-0.101448
-0.092388543
-0.083152044
-0.073399948
-0.065729214
-0.057834494
-0.050711913
-0.04412277
-0.037411554
-0.030363442
-0.023127
-0.016236544
-0.010567766
-0.0070494005
-0.0063590247
-0.0087968809
-0.014251301
-0.022243923
-0.032000086
-0.043209679
-0.056169166
-0.066572545
-0.074467633
-0.079826774
-0.08208779
-0.081384304
-0.078193379
-0.073131881
-0.066870326
-0.060048105
-0.053234084
-0.046937212
-0.041701619
-0.037724826
-0.03490626
-0.033072972
-0.032033576
-0.031627142
-0.031765312
-0.03242081
-0.033603102
-0.03536307
-0.037401702
-0.039923017
-0.042941578
-0.046627895
-0.050372985
-0.053774565
-0.056411988
-0.058290693
-0.059046586
-0.058651752
-0.057327993
-0.055234344
-0.052572286
-0.0491776
-0.045030315
-0.040471263
-0.035648025
-0.030632477
-0.025619767
-0.020709649
-0.016088277
-0.011826169
-0.00804456
-0.0048135275
-0.0021536999
-4.3670343e-05
0.0015774526
0.0027888685
0.0036688025
0.0042904034
0.004719905
0.0050171881
0.005241489
0.0054541341
0.005710388
0.0060609515
0.0065470924
0.0072003675
0.0080144211
0.0089658512
0.010012977
0.011100554
0.012166126
0.013148027
0.013991148
0.014617342
0.014967436
0.015080366
0.015109496
0.014859178
0.014181971
0.013409117
0.012532761
0.011588603
0.010641137
0.0097404374
0.008919819
0.0082005547
0.0075887615
0.0070746341
0.0066351837
0.0062462794
0.0058770979
0.0054998571
0.0050997339
0.0046373858
0.0041364086
0.0035192736
0.0028734588
0.0020480646
0.0011878933
2.1209484e-05
0.65163233
0.65546803
0.6638092
0.67694799
0.69490222
0.71742854
0.74409863
0.77403729
0.80574181
0.8362347
0.86060587
0.86966377
0.84915436
0.77159313
0.5972026
0.39499232
-0.14898279
-0.59358334
-0.63105033
-0.5972091
-0.57645867
-0.58120362
-0.58939532
-0.59738113
-0.60182953
-0.59976073
-0.58861978
-0.56661183
-0.53294982
-0.48808075
-0.4335706
-0.37195445
-0.30650261
-0.24061107
-0.17726615
-0.1188239
-0.066919135
-0.022392846
0.01459699
0.041238365
0.057257866
0.062867979
0.057654338
0.041031188
0.013590427
-0.025352625
-0.075644869
-0.1336708
-0.19409008
-0.25234593
-0.30261936
-0.33916016
-0.35919266
-0.35951358
-0.3405268
-0.30640965
-0.26250229
-0.21332426
-0.16563659
-0.12399431
-0.086326808
-0.0540835
-0.027636629
-0.0071189616
0.0080984547
0.018946431
0.026539819
0.031714631
0.034032136
0.031465831
0.021619507
0.0036021038
-0.020832038
-0.04745669
-0.071092951
-0.087162322
-0.092888191
-0.087641485
-0.072942576
-0.051427681
-0.026079732
0.00032919227
0.0253685
0.046885757
0.06318551
0.073609704
0.078568225
0.078990776
0.075674771
0.069176793
0.059927943
0.047265118
0.030775176
0.01058846
-0.012903372
-0.038148827
-0.061239769
-0.079680835
-0.090918235
-0.094887158
-0.092531216
-0.08937056
-0.087189304
-0.08362176
-0.078315335
-0.072138459
-0.067110273
-0.061505317
-0.055096589
-0.047772288
-0.039548545
-0.030806396
-0.022355887
-0.015292064
-0.010635216
-0.0089582047
-0.010478459
-0.015047535
-0.022094337
-0.030911695
-0.040717698
-0.051447732
-0.061785535
-0.068953672
-0.073997774
-0.076412044
-0.076228862
-0.073766422
-0.069508042
-0.064016729
-0.057895869
-0.051706494
-0.045951578
-0.041063445
-0.03723661
-0.034439001
-0.032542406
-0.031388753
-0.030836581
-0.030801729
-0.031266676
-0.032203555
-0.033603412
-0.035439121
-0.037805811
-0.040716145
-0.044056872
-0.047600316
-0.050523263
-0.053164285
-0.055016442
-0.056112514
-0.056347233
-0.055726668
-0.054809732
-0.052648251
-0.04929557
-0.045675694
-0.041565231
-0.037018295
-0.032147889
-0.027206425
-0.022261564
-0.017454257
-0.013008531
-0.0090485262
-0.0056494663
-0.0028349312
-0.00058239833
0.0011715907
0.0025126128
0.0035306158
0.0043049749
0.0048986782
0.0053646761
0.0057516889
0.0061092399
0.0064826565
0.0069251691
0.0074632764
0.0081293554
0.0089253527
0.0098469389
0.010857969
0.011904716
0.012921197
0.013845046
0.014621885
0.01524185
0.015650025
0.015820401
0.015777485
0.015477125
0.01489569
0.014166963
0.013332668
0.012437091
0.01153359
0.010666664
0.0098637081
0.0091423214
0.0084976845
0.0079311384
0.007424724
0.0069608017
0.006510364
0.0060442967
0.0055515548
0.0049966921
0.004406727
0.0037088386
0.0029873357
0.0021079288
0.0011892769
-6.5992364e-06
0.62129453
0.62420393
0.63063556
0.64075959
0.65441572
0.6711038
0.69007725
0.7100532
0.72906685
0.74365258
0.74854548
0.73525117
0.69150411
0.59851547
0.43030547
0.1578204
-0.14966239
-0.62270859
-0.9295519
-1.0580763
-1.0146739
-0.8434136
-0.70087234
-0.64316877
-0.59303938
-0.58449672
-0.59049273
-0.59935069
-0.60615947
-0.60877005
-0.60357148
-0.58799616
-0.56015789
-0.51945326
-0.46666755
-0.4037897
-0.3337223
-0.26010711
-0.18682382
-0.11727226
-0.054131388
0.00062887697
0.045742277
0.080494145
0.10402455
0.11499869
0.11346167
0.099262961
0.072538603
0.03416422
-0.014148144
-0.070173165
-0.13001501
-0.18899695
-0.24311391
-0.28726375
-0.31713328
-0.32960011
-0.32509207
-0.30413172
-0.27080268
-0.23084691
-0.18951048
-0.14970218
-0.1134702
-0.082956034
-0.055997444
-0.033639511
-0.015913631
-0.0019965184
0.0087935507
0.017300085
0.024453213
0.030190721
0.032739052
0.02943568
0.018638585
0.0010879144
-0.02004038
-0.04017598
-0.054974067
-0.061427396
-0.05813646
-0.046194285
-0.027647355
-0.0051047811
0.018838252
0.041809823
0.061748405
0.077169701
0.087505802
0.09304112
0.094482691
0.092504222
0.08755865
0.079696773
0.068242248
0.052804488
0.033588161
0.011159654
-0.012512386
-0.034595608
-0.052948517
-0.065363319
-0.072578199
-0.077172078
-0.080967799
-0.082952818
-0.082342438
-0.081420489
-0.079366527
-0.076187609
-0.071395815
-0.064951279
-0.056951879
-0.04764436
-0.037644027
-0.02796308
-0.019877399
-0.014473287
-0.0120375
-0.012741972
-0.016530209
-0.022549676
-0.030129535
-0.038566803
-0.047254938
-0.055976317
-0.062544775
-0.067245264
-0.069786296
-0.070086501
-0.068336512
-0.064973509
-0.060432538
-0.055218282
-0.049838807
-0.044748147
-0.040301347
-0.036683598
-0.033918379
-0.031934343
-0.030621254
-0.029875442
-0.029630352
-0.029859049
-0.030536485
-0.031715684
-0.033470918
-0.035710857
-0.03839329
-0.041376579
-0.04434382
-0.047587998
-0.050432773
-0.052643571
-0.054071378
-0.055117055
-0.055288918
-0.054319553
-0.052774162
-0.050277856
-0.047072821
-0.043289754
-0.038922057
-0.03415748
-0.029076482
-0.023977544
-0.019012962
-0.014373939
-0.010237359
-0.0066789348
-0.0037116041
-0.0013209784
0.00056168692
0.0020313458
0.0031843162
0.0041025104
0.0048503189
0.0054805815
0.0060319876
0.006550023
0.0070734072
0.0076322694
0.0082622068
0.0089832984
0.0098158198
0.010740276
0.011725819
0.01274603
0.013754342
0.014689028
0.015485085
0.016102871
0.016535576
0.016730458
0.01667213
0.016376118
0.015864542
0.015194929
0.014414244
0.013564709
0.012691936
0.01183443
0.011016091
0.010260306
0.0095688394
0.0089320953
0.0083324772
0.0077495119
0.0071699077
0.006583637
0.0059815984
0.0053307556
0.0046519164
0.0038812213
0.0030907288
0.0021702268
0.0012238679
2.578986e-05
0.58865804
0.59068176
0.59527423
0.60253269
0.61213865
0.62347022
0.63551695
0.64693932
0.65553213
0.65816667
0.64949727
0.62354625
0.57001529
0.480515
0.33879739
0.14144674
-0.12383044
-0.4062291
-0.66982095
-0.82353515
-0.82186213
-0.75422625
-0.65719095
-0.60078228
-0.57485879
-0.57211014
-0.57993348
-0.5886281
-0.59353931
-0.59238294
-0.58313385
-0.56330649
-0.53124499
-0.48662375
-0.43053075
-0.36518416
-0.29348644
-0.21893571
-0.1453202
-0.076045704
-0.013868289
0.039052004
0.081230528
0.11192117
0.13049778
0.13582177
0.12847911
0.10877331
0.077410288
0.035864902
-0.013599889
-0.067960737
-0.12357044
-0.17612651
-0.22148458
-0.25726858
-0.28018842
-0.28559561
-0.27535838
-0.25489591
-0.22784197
-0.19693206
-0.16445417
-0.13307768
-0.10489973
-0.080347179
-0.05910347
-0.041284527
-0.026552103
-0.01422022
-0.0038123574
0.0052090319
0.013681541
0.02187287
0.028482069
0.030956583
0.027209652
0.017050513
0.0025047334
-0.012752877
-0.024707866
-0.030514238
-0.02837586
-0.018701445
-0.0029478606
0.016694222
0.037953038
0.0586712
0.076982264
0.091591067
0.1019659
0.10822051
0.11078766
0.1100744
0.10626851
0.099228
0.088500508
0.073779013
0.055277614
0.034009977
0.011551964
-0.0098520366
-0.02782754
-0.042936128
-0.054072058
-0.064288187
-0.071696559
-0.076946437
-0.082261727
-0.085064811
-0.085546803
-0.083679291
-0.079411914
-0.072837529
-0.064179684
-0.053959401
-0.043029989
-0.032538027
-0.023870973
-0.018329107
-0.015234625
-0.015459764
-0.018340473
-0.023360216
-0.029778575
-0.03691405
-0.044178481
-0.051054649
-0.056544123
-0.060595686
-0.063096811
-0.063781044
-0.062768431
-0.060276524
-0.056694947
-0.052428676
-0.047901784
-0.043498922
-0.039521962
-0.036152601
-0.033454198
-0.031407824
-0.029954975
-0.029036668
-0.028615964
-0.028680898
-0.029235193
-0.030321784
-0.031931643
-0.034034097
-0.036584576
-0.039473528
-0.042534362
-0.045640131
-0.048499431
-0.051030492
-0.053221049
-0.05462921
-0.055115552
-0.054909041
-0.053839115
-0.05175074
-0.048646332
-0.045111066
-0.040779114
-0.035935107
-0.030782275
-0.025551141
-0.020446867
-0.015656878
-0.011401351
-0.0077077389
-0.0046004284
-0.0020984904
-0.00011256639
0.0014615704
0.0027215482
0.0037532047
0.0046260724
0.0053897839
0.0060877806
0.0067499748
0.0074121492
0.0081052531
0.0088569427
0.0096872953
0.01060034
0.011575586
0.012589564
0.013615738
0.014626097
0.015574659
0.016413287
0.017075279
0.017518793
0.017726462
0.017708577
0.017469277
0.017025835
0.016420054
0.015692311
0.014875916
0.014015049
0.013149079
0.01230079
0.011475152
0.010682339
0.0099247968
0.0091954555
0.0084863942
0.0077912508
0.0070964613
0.0063919225
0.005651085
0.0048878919
0.004051319
0.0032007659
0.002244345
0.0012794834
9.623755e-05
0.55512128
0.5563498
0.55929946
0.56401749
0.5700993
0.57686621
0.58322277
0.58782286
0.58860949
0.58322226
0.56675663
0.53556593
0.48275202
0.40424902
0.29328164
0.14802968
-0.026482077
-0.22328114
-0.39236532
-0.51023882
-0.56672497
-0.57455327
-0.56103574
-0.53911547
-0.52673925
-0.52779134
-0.53592026
-0.54377071
-0.54744243
-0.54399858
-0.53208137
-0.51032355
-0.47766114
-0.43406898
-0.38073249
-0.31977715
-0.25375644
-0.18557214
-0.11846737
-0.055374848
0.0011708399
0.04905518
0.086725483
0.11325344
0.12777055
0.13004048
0.12029392
0.099352534
0.068408606
0.029392129
-0.015467804
-0.062869105
-0.10999724
-0.15353413
-0.18949937
-0.21381794
-0.22636237
-0.22831323
-0.21991117
-0.20560648
-0.18713948
-0.1646573
-0.14051966
-0.1178129
-0.097459769
-0.079660167
-0.064130462
-0.050617775
-0.038793041
-0.028136096
-0.018303986
-0.0090131696
0.00032682889
0.010141988
0.019663252
0.026680344
0.029021282
0.025902071
0.01823103
0.0088898443
0.0010479428
-0.0023612356
-0.00028666935
0.0081140692
0.021708744
0.038626808
0.057198195
0.075662714
0.092371503
0.10615783
0.11646859
0.12321739
0.12655778
0.12663553
0.12344018
0.11675351
0.10624385
0.091863169
0.074002967
0.053434111
0.032197977
0.011348458
-0.00715651
-0.02321988
-0.038895396
-0.05248125
-0.064198832
-0.074472801
-0.082504088
-0.087622167
-0.089711676
-0.088725569
-0.084742416
-0.077986499
-0.068855946
-0.058059837
-0.046580852
-0.03540124
-0.026535372
-0.021584929
-0.017840188
-0.017489146
-0.019842899
-0.02403054
-0.029395034
-0.03537095
-0.041417912
-0.047140273
-0.051863657
-0.055250115
-0.057622203
-0.058553354
-0.05807341
-0.056321084
-0.053564697
-0.050138567
-0.04638225
-0.042609295
-0.039078191
-0.035965917
-0.033364157
-0.031299524
-0.029761495
-0.028730774
-0.02819611
-0.028155464
-0.028619018
-0.029604722
-0.03111866
-0.033138794
-0.035615043
-0.038460828
-0.041550297
-0.044747306
-0.047857168
-0.050695624
-0.053090065
-0.054849095
-0.055828628
-0.055927259
-0.055053397
-0.053206499
-0.050531843
-0.046651952
-0.042214069
-0.03728435
-0.032038065
-0.026701982
-0.021474879
-0.01649713
-0.012317172
-0.0086597728
-0.0054115973
-0.002818649
-0.00076127693
0.00088320829
0.0022165182
0.0033279923
0.0042916781
0.0051613354
0.0059752683
0.0067654283
0.0075613151
0.0083890128
0.0092702397
0.010212141
0.011200052
0.012243246
0.013346645
0.01446134
0.015531456
0.016516056
0.017372977
0.018063193
0.01855371
0.018825209
0.018870583
0.018692777
0.018311557
0.017757432
0.017056743
0.016248381
0.015375323
0.014471179
0.013556041
0.012642338
0.011742818
0.010866694
0.010017147
0.0091971791
0.0083972861
0.0076017346
0.0068034006
0.0059810658
0.0051414594
0.0042452015
0.0033331971
0.0023323345
0.0013346097
0.00016577159
0.5219728
0.52253214
0.52410715
0.52672224
0.52993438
0.5331003
0.53513386
0.53490675
0.53050053
0.52018547
0.50064983
0.46895688
0.42160337
0.35542028
0.26918186
0.16053454
0.035910416
-0.10150902
-0.2308175
-0.3356583
-0.40063284
-0.43161353
-0.44180566
-0.44267928
-0.44421009
-0.45021512
-0.45897214
-0.46663358
-0.47024312
-0.46814638
-0.45800477
-0.43878333
-0.41017932
-0.37269072
-0.32732961
-0.27569281
-0.21997334
-0.16252999
-0.1057996
-0.052140159
-0.0035434678
0.038056373
0.070942153
0.094227189
0.10681411
0.10906015
0.10068855
0.082704638
0.056474758
0.024511434
-0.012298489
-0.050175414
-0.08607342
-0.11747479
-0.14232663
-0.15945794
-0.16844517
-0.17130943
-0.16925247
-0.16153181
-0.14889971
-0.13398596
-0.11915013
-0.10531315
-0.092708072
-0.081293664
-0.070854117
-0.06117201
-0.051984141
-0.042913536
-0.033736421
-0.02436194
-0.014437743
-0.0034682669
0.0078742662
0.01807253
0.025036103
0.027682639
0.026623831
0.023367334
0.020352437
0.019797294
0.023269887
0.031567002
0.044082776
0.059328692
0.075639859
0.092050303
0.10717195
0.11995087
0.12986344
0.13663815
0.1401748
0.14041825
0.1372517
0.13053253
0.12007061
0.105765
0.08852771
0.069255836
0.048887291
0.029209601
0.0095686386
-0.0095692309
-0.027883607
-0.044815284
-0.059713892
-0.072269975
-0.082014341
-0.088483725
-0.091454732
-0.090933088
-0.087076128
-0.080180563
-0.070767507
-0.059659264
-0.047858666
-0.036834126
-0.028594667
-0.022782548
-0.018928853
-0.018401881
-0.020354306
-0.023939398
-0.028596475
-0.033800531
-0.039054247
-0.044083884
-0.0484255
-0.051384079
-0.05373027
-0.054933408
-0.054891474
-0.053739057
-0.051666798
-0.048920959
-0.045787463
-0.042527084
-0.039367036
-0.036479389
-0.033973997
-0.031910388
-0.030316352
-0.02920273
-0.028578613
-0.028460571
-0.028854844
-0.029760101
-0.031220868
-0.033189998
-0.035640212
-0.038489974
-0.041620626
-0.044879117
-0.048080052
-0.05104086
-0.053569796
-0.055454466
-0.056526583
-0.056677077
-0.055817906
-0.053952962
-0.051126836
-0.047350496
-0.042882933
-0.037908192
-0.032638796
-0.027302283
-0.022196609
-0.017313164
-0.012845447
-0.0091240839
-0.0060078779
-0.0034186231
-0.0013410649
0.00033122803
0.0017015255
0.0028585446
0.0038818944
0.0048334577
0.005748294
0.0066587986
0.0075891347
0.0085561331
0.0095697593
0.010639
0.011758126
0.012902942
0.014061512
0.015214695
0.016335627
0.017381575
0.018305036
0.019062651
0.019619854
0.019955251
0.020060687
0.019938568
0.01959968
0.019063384
0.018372766
0.017576458
0.016690754
0.015731865
0.014731154
0.013722197
0.012721354
0.011741313
0.01078904
0.0098662386
0.0089671723
0.0080815181
0.0072001678
0.0063048727
0.0053955906
0.0044440348
0.0034772526
0.0024435488
0.0014208059
0.00026454962
0.49033217
0.49035588
0.49085869
0.49183386
0.49287712
0.49336897
0.49240757
0.4889824
0.48171071
0.46905744
0.44907556
0.41925325
0.37814098
0.32322999
0.25486235
0.17167325
0.07753161
-0.02387368
-0.1232333
-0.20843243
-0.27133883
-0.30992039
-0.331162
-0.34437398
-0.35581849
-0.36743376
-0.37865113
-0.38771981
-0.39270919
-0.3920815
-0.38420982
-0.36886475
-0.3460255
-0.31590233
-0.27925421
-0.23752406
-0.19242888
-0.14573054
-0.099263233
-0.054935717
-0.014451414
0.020586037
0.048856405
0.069842841
0.082534179
0.086462716
0.081723385
0.069205721
0.049071403
0.026868823
0.0013075643
-0.025584962
-0.050796476
-0.073087087
-0.092124567
-0.10665004
-0.11622235
-0.1212123
-0.12208957
-0.11904475
-0.1139465
-0.10824879
-0.10235498
-0.096448088
-0.090622784
-0.084803173
-0.078796459
-0.072416222
-0.065482282
-0.057766865
-0.04915867
-0.039661173
-0.029126466
-0.01740158
-0.0046647739
0.0076884802
0.017949389
0.024966458
0.028824576
0.030837835
0.032765531
0.036077604
0.041667534
0.050026454
0.061791939
0.076118613
0.090805052
0.10569105
0.11952907
0.13130859
0.14048273
0.1468058
0.15005292
0.15007107
0.14667013
0.13968482
0.12935704
0.11593969
0.099632676
0.081663088
0.062135373
0.041269365
0.02006468
-0.00082242764
-0.020905419
-0.03951682
-0.055980116
-0.069763031
-0.080355504
-0.087376369
-0.090659085
-0.090264483
-0.086382709
-0.079388429
-0.069892247
-0.058921016
-0.047771368
-0.037135718
-0.02827239
-0.021159775
-0.018494104
-0.018071275
-0.019714047
-0.022964527
-0.027208678
-0.031957345
-0.036840767
-0.041710607
-0.04598434
-0.049153822
-0.051628154
-0.053101115
-0.053416407
-0.052707683
-0.051133084
-0.048919309
-0.046270717
-0.043393298
-0.040511191
-0.037792653
-0.035361067
-0.033300609
-0.031663488
-0.030487404
-0.029805864
-0.02961312
-0.029930143
-0.030811504
-0.032215534
-0.034152326
-0.036567776
-0.039379255
-0.042466837
-0.045672937
-0.048814309
-0.051695751
-0.054115876
-0.055877967
-0.056828855
-0.056846783
-0.055882289
-0.053913945
-0.050996655
-0.047220346
-0.042764692
-0.037831186
-0.032639369
-0.02741727
-0.022421311
-0.017785607
-0.013268505
-0.0094578076
-0.0064650789
-0.0039481631
-0.0018903945
-0.0002138716
0.0011795493
0.0023723955
0.0034483514
0.0044808856
0.0054841181
0.0064974023
0.0075474645
0.0086504243
0.0098048837
0.011000755
0.012238577
0.013510676
0.014785415
0.016038572
0.017237461
0.018342622
0.019313414
0.020111458
0.020705724
0.021076664
0.021217003
0.021131264
0.020831433
0.020333938
0.019660338
0.018831275
0.0178797
0.016847404
0.015771054
0.014680408
0.013594532
0.012528162
0.011490154
0.010483394
0.0095043783
0.0085437808
0.0075912101
0.0066313971
0.0056598466
0.0046573485
0.0036391513
0.0025704704
0.0015089199
0.00034035403
0.4610965
0.46072196
0.46044134
0.46022338
0.45973348
0.45838808
0.4555041
0.45018168
0.44150027
0.42811334
0.4089146
0.38202842
0.34670701
0.30133435
0.24623536
0.18113195
0.10818235
0.030710888
-0.045908452
-0.11457888
-0.16995935
-0.21039204
-0.2388376
-0.25967906
-0.27647336
-0.29103098
-0.30371376
-0.31378878
-0.31996592
-0.3212247
-0.31704579
-0.3065174
-0.28967509
-0.26664001
-0.23816707
-0.20546803
-0.16977294
-0.13240226
-0.094803288
-0.058539918
-0.024915155
0.0049002957
0.029799853
0.049118599
0.062171797
0.068388459
0.068567548
0.06320087
0.053899273
0.037816601
0.020402775
0.0020790994
-0.016107057
-0.032611145
-0.047008111
-0.059195114
-0.068780077
-0.075686415
-0.080597322
-0.084313962
-0.087103328
-0.089079115
-0.090365008
-0.091000072
-0.090874601
-0.089773513
-0.087465673
-0.083785582
-0.07862739
-0.071901505
-0.063628053
-0.05389551
-0.042713629
-0.030061372
-0.016230976
-0.0022175257
0.010518275
0.020835969
0.028286295
0.034137122
0.039606648
0.045852489
0.053745695
0.063759822
0.076324296
0.089030904
0.1017243
0.11533062
0.12793031
0.13873258
0.14719683
0.15293974
0.15575816
0.15551898
0.1520581
0.14542385
0.13552728
0.12289395
0.10749947
0.089377108
0.069348801
0.048057175
0.026207042
0.0044705035
-0.016413162
-0.035669419
-0.052593581
-0.066612957
-0.077280351
-0.084293973
-0.087520301
-0.087060858
-0.083105227
-0.076128903
-0.066807934
-0.056197333
-0.045490621
-0.035231398
-0.026430332
-0.019705028
-0.017015714
-0.01664953
-0.018168581
-0.021284189
-0.025451819
-0.030178341
-0.035043505
-0.039889345
-0.044319043
-0.048060179
-0.050610992
-0.052322936
-0.05302275
-0.052741276
-0.051609506
-0.049736188
-0.047493811
-0.044921354
-0.042271783
-0.039695398
-0.037330369
-0.035280124
-0.033618152
-0.032399514
-0.031672651
-0.031411429
-0.031703836
-0.032534901
-0.033900261
-0.035770036
-0.038090159
-0.040772406
-0.043691163
-0.04669203
-0.04959621
-0.052213208
-0.054365021
-0.055858617
-0.056558394
-0.056364428
-0.055225301
-0.053142275
-0.05017239
-0.046422128
-0.042051857
-0.037252674
-0.032231022
-0.02719332
-0.022333425
-0.017779111
-0.013594656
-0.010000479
-0.0070122519
-0.0045234975
-0.0024777508
-0.00079070143
0.00063322138
0.0018604725
0.0029964472
0.0041689334
0.0052735377
0.006401102
0.0075791489
0.0088030494
0.010076767
0.011404972
0.012779291
0.014180508
0.015575774
0.016927927
0.018198651
0.019352798
0.020358102
0.021184794
0.021807214
0.022205699
0.022367693
0.022287773
0.021971551
0.021440443
0.020723425
0.019851313
0.018859641
0.017783496
0.016657907
0.015509785
0.014363166
0.013234739
0.012133571
0.011061949
0.010017255
0.0089912505
0.0079741064
0.0069529339
0.0059216401
0.0048673133
0.003797052
0.0026908134
0.0015809811
0.00038643603
0.43493099
0.43428721
0.4334728
0.43245453
0.43095582
0.4284631
0.42445418
0.41819015
0.40901384
0.39589119
0.37807899
0.35434073
0.32413064
0.28655867
0.24175571
0.18999206
0.13266046
0.072212874
0.012006035
-0.04398902
-0.092419118
-0.1318082
-0.16277362
-0.18718794
-0.20706853
-0.22389811
-0.23821479
-0.24959869
-0.25733099
-0.26077115
-0.25948693
-0.25300439
-0.24117666
-0.22439885
-0.2032168
-0.17825165
-0.15045547
-0.12083179
-0.090515081
-0.060718398
-0.032389959
-0.0065027578
0.015934486
0.034299757
0.04822133
0.057459213
0.061347337
0.060693893
0.056370758
0.048326579
0.03818524
0.026697145
0.014683414
0.0025448372
-0.0091892211
-0.020247128
-0.030600652
-0.040440978
-0.049897615
-0.058866819
-0.067247867
-0.075034859
-0.082084779
-0.088079722
-0.092638271
-0.09539495
-0.096061241
-0.094481957
-0.090613984
-0.084500006
-0.076271798
-0.066110697
-0.054220867
-0.040708732
-0.025802816
-0.010258907
0.0047738707
0.017890848
0.028078643
0.036413311
0.044741464
0.053204162
0.062186734
0.073094191
0.086116194
0.097662337
0.10937448
0.12207936
0.1335594
0.14325096
0.15087345
0.1560737
0.15859566
0.15821636
0.1548848
0.14855071
0.13907605
0.12633395
0.11071555
0.092571698
0.072469561
0.051034223
0.029028868
0.0072617943
-0.013474342
-0.032440491
-0.048989862
-0.062600585
-0.072876796
-0.079550529
-0.082537032
-0.081855501
-0.077892348
-0.07104554
-0.062062255
-0.051913104
-0.041651776
-0.032166104
-0.023801921
-0.018067315
-0.01528454
-0.014984917
-0.01638477
-0.019469107
-0.023661351
-0.028467755
-0.033470085
-0.038406342
-0.043056921
-0.047191608
-0.050108183
-0.052120628
-0.053163069
-0.053247465
-0.052488961
-0.051063974
-0.048994651
-0.046619989
-0.044214706
-0.0417938
-0.039524475
-0.037526285
-0.035877718
-0.034639353
-0.033928012
-0.033644932
-0.033875003
-0.034643782
-0.035914566
-0.037649611
-0.0397885
-0.042239665
-0.044879907
-0.047561044
-0.050122381
-0.052380427
-0.054165535
-0.05533335
-0.05574501
-0.055320705
-0.054022519
-0.051859878
-0.048892264
-0.045225579
-0.04100674
-0.036410344
-0.031624484
-0.026836708
-0.02221934
-0.017900277
-0.013965914
-0.01052272
-0.0076027679
-0.0051542331
-0.0031100419
-0.0013851929
0.0001187513
0.001411823
0.0025903054
0.0038607974
0.0051477194
0.0064057272
0.0077196103
0.0090884913
0.010505344
0.011963062
0.013446845
0.014934592
0.016396579
0.017799158
0.019107739
0.020288569
0.021309546
0.022141145
0.022758187
0.023142071
0.023282856
0.023180524
0.022845989
0.022299668
0.021567592
0.020679324
0.019667814
0.0185673
0.017411312
0.016228213
0.015041868
0.013869537
0.01272027
0.011595416
0.01049337
0.0094071904
0.0083290637
0.0072481419
0.0061594303
0.0050536824
0.0039339742
0.002791045
0.0016318155
0.00040612416
0.41227385
0.41146746
0.41032256
0.4088192
0.40671996
0.40359624
0.39903158
0.39245551
0.38336429
0.37101995
0.35486104
0.33410267
0.30831227
0.27703331
0.24032003
0.19856617
0.15274477
0.10448446
0.055882294
0.0092944016
-0.03311648
-0.069985685
-0.10101791
-0.126859
-0.14857014
-0.16707374
-0.18275459
-0.19544724
-0.20473711
-0.2101835
-0.211454
-0.20832143
-0.20074109
-0.18895074
-0.17331031
-0.15431946
-0.13268738
-0.10916725
-0.084638719
-0.060024718
-0.036044828
-0.013528721
0.006696934
0.024146702
0.038443286
0.049222487
0.056246054
0.059785879
0.060218213
0.057738475
0.052941509
0.046333196
0.038304515
0.029191177
0.019293838
0.0086717946
-0.0026489868
-0.014529316
-0.026839832
-0.039487805
-0.052263799
-0.06477665
-0.076480762
-0.086759764
-0.095020751
-0.10076891
-0.10366838
-0.10358437
-0.10054663
-0.094700435
-0.086282003
-0.075588441
-0.062904923
-0.048459005
-0.032483975
-0.01570198
0.00058474438
0.015821312
0.029602282
0.040567905
0.050294003
0.060064351
0.070297787
0.081302105
0.09301871
0.10445851
0.11589705
0.12719717
0.13747037
0.14621739
0.15308909
0.15773695
0.15987194
0.15926983
0.15574754
0.14905966
0.13922679
0.12631712
0.11060792
0.092484499
0.072523807
0.051425992
0.02995435
0.0088737709
-0.011079903
-0.029226666
-0.044974377
-0.057840501
-0.067470612
-0.073653363
-0.076250618
-0.075448691
-0.071515867
-0.064962829
-0.056522331
-0.047077052
-0.037554178
-0.028779454
-0.021426665
-0.016278353
-0.013567546
-0.013072998
-0.014804785
-0.017965654
-0.022203309
-0.027085623
-0.032219906
-0.037307461
-0.042123703
-0.046289492
-0.04952342
-0.051821674
-0.053154922
-0.053553689
-0.0531139
-0.051976438
-0.050291897
-0.048290151
-0.046014676
-0.043757733
-0.041629843
-0.039729232
-0.038138212
-0.036995611
-0.036255624
-0.035901515
-0.036068934
-0.036749025
-0.037884939
-0.039434348
-0.041336327
-0.043500526
-0.045807656
-0.04812368
-0.050292761
-0.052168083
-0.053586809
-0.054420043
-0.054560672
-0.053939012
-0.052525566
-0.050335128
-0.047426705
-0.043899704
-0.039887332
-0.035546145
-0.031043371
-0.026543673
-0.02219528
-0.018114886
-0.014390965
-0.011096877
-0.008253761
-0.0058278476
-0.0037607038
-0.0019785165
-0.00040165353
0.0010402751
0.0023984203
0.0037106288
0.005112437
0.0065290855
0.0079833998
0.0094793123
0.011008983
0.012561252
0.014119962
0.015663219
0.017163403
0.018589074
0.019907318
0.021085787
0.022094304
0.022906263
0.023500202
0.023861361
0.023982835
0.023866107
0.023521407
0.022967178
0.022228273
0.02133388
0.02031617
0.019207894
0.018040221
0.016840172
0.015629865
0.014424025
0.013234648
0.012063344
0.010909563
0.0097677421
0.0086327759
0.0074958849
0.0063545019
0.0052008722
0.0040384747
0.0028614374
0.0016645018
0.0004141495
0.39334827
0.39245856
0.39114011
0.38938703
0.38698638
0.38358581
0.37884456
0.37233429
0.36365757
0.35229463
0.33780838
0.31969179
0.29761307
0.27132945
0.24087584
0.2065839
0.16912633
0.12955591
0.089224851
0.049663054
0.012361489
-0.021544407
-0.051509159
-0.077592906
-0.10021538
-0.11980604
-0.13656138
-0.15039898
-0.16106392
-0.16825725
-0.17174998
-0.17140344
-0.16722259
-0.15936572
-0.14810321
-0.13381795
-0.11703157
-0.09831503
-0.078340775
-0.057821389
-0.037349833
-0.017552507
0.00090941278
0.017576526
0.032024197
0.043956001
0.053180195
0.059651162
0.063455641
0.064696087
0.063594889
0.060386844
0.055278998
0.04840893
0.039867399
0.029730577
0.018062629
0.004916741
-0.0095985355
-0.025197134
-0.041367343
-0.057424339
-0.072573701
-0.085989822
-0.096920929
-0.104783
-0.1092181
-0.11011156
-0.10755044
-0.1017654
-0.093073052
-0.081845235
-0.06842598
-0.053107617
-0.0362353
-0.018424421
-0.0006851997
0.015764083
0.031046341
0.045066025
0.056900887
0.06773803
0.078304368
0.0890682
0.1000831
0.11091094
0.12142625
0.13147238
0.140628
0.14841935
0.15441189
0.15826305
0.15969322
0.15844178
0.15430183
0.14713988
0.13695827
0.12388177
0.10821252
0.090395596
0.07100145
0.050685585
0.030150096
0.010104561
-0.008768526
-0.02584541
-0.040589247
-0.05256647
-0.061478212
-0.067216615
-0.069401531
-0.068517582
-0.06479491
-0.058739097
-0.051032459
-0.042474541
-0.033895822
-0.026060598
-0.019610222
-0.015072281
-0.012623682
-0.012440089
-0.014086384
-0.017190515
-0.021360039
-0.026182132
-0.031282544
-0.03635225
-0.041124141
-0.045309611
-0.048684314
-0.051161837
-0.052718506
-0.053384368
-0.053244067
-0.052422946
-0.051063823
-0.049330205
-0.047364236
-0.045344
-0.043400934
-0.041645485
-0.04019083
-0.039093528
-0.038275644
-0.037945526
-0.038077112
-0.038641755
-0.039607854
-0.04094724
-0.042591879
-0.044451082
-0.046420579
-0.048370745
-0.050165045
-0.05166812
-0.052747692
-0.053290081
-0.05320448
-0.052432428
-0.050952357
-0.048781542
-0.045975365
-0.042623751
-0.038844867
-0.034776153
-0.030563424
-0.026349745
-0.022264286
-0.018412268
-0.014873179
-0.011701095
-0.0089117778
-0.0064825008
-0.0043653702
-0.0024977616
-0.00081304094
0.00074891952
0.002241325
0.0037190993
0.0052304769
0.0067649636
0.0083283892
0.0099202261
0.01153168
0.013149579
0.014756331
0.016329634
0.017842942
0.01926697
0.020571596
0.021727594
0.022708084
0.023489805
0.024054394
0.024389597
0.024490271
0.024359022
0.024006445
0.023450396
0.022714457
0.021826039
0.020814838
0.019710763
0.018542255
0.017334342
0.016108017
0.014878356
0.013654916
0.012443321
0.011243964
0.010053194
0.0088685128
0.0076832684
0.0064973077
0.0053034814
0.0041079685
0.0029025527
0.0016869244
0.00042580395
0.37818546
0.37726833
0.37588988
0.37404885
0.37154621
0.36809002
0.36339965
0.35715225
0.34903108
0.33866077
0.32570031
0.30980394
0.29072127
0.26830285
0.2425701
0.2137569
0.18232316
0.14897165
0.11462277
0.080336361
0.047179428
0.016046697
-0.012486279
-0.038195637
-0.061104043
-0.081306072
-0.0988317
-0.11358845
-0.12539385
-0.13404286
-0.13939299
-0.14131152
-0.13983147
-0.13507276
-0.12722827
-0.11659268
-0.10355791
-0.088568366
-0.072131682
-0.054804875
-0.037104519
-0.019494568
-0.0024714014
0.013556941
0.02787672
0.040384741
0.050997287
0.059372269
0.06544333
0.069197332
0.070658838
0.069871362
0.066868776
0.061663715
0.05425238
0.044604491
0.032694418
0.018594952
0.002549008
-0.014998299
-0.03338604
-0.051761209
-0.069153732
-0.084592613
-0.097230635
-0.10643797
-0.1118499
-0.11336326
-0.11109662
-0.10535192
-0.0964237
-0.084789275
-0.070806288
-0.054842054
-0.037301281
-0.018767468
-0.00012223741
0.01771014
0.034288814
0.049299562
0.062642902
0.07470856
0.085833471
0.096525589
0.10690656
0.11690195
0.12646487
0.13540432
0.14331444
0.1497871
0.1546063
0.15743538
0.15795974
0.15592561
0.15114877
0.14354113
0.1331411
0.12011728
0.1047759
0.087545636
0.068961186
0.049633579
0.03021262
0.011350091
-0.0063320476
-0.022268231
-0.035972865
-0.047051228
-0.055214679
-0.060251387
-0.062471661
-0.061722653
-0.058400047
-0.053011229
-0.046188586
-0.038649768
-0.031127509
-0.02429844
-0.018736389
-0.01488112
-0.012971427
-0.012745123
-0.014278489
-0.017206636
-0.021151436
-0.025736964
-0.030618341
-0.035497283
-0.040107993
-0.044198596
-0.047575302
-0.050138136
-0.051853866
-0.052743139
-0.052874804
-0.052353634
-0.051307196
-0.049880491
-0.048217083
-0.046459748
-0.044735324
-0.043154465
-0.041808521
-0.040762491
-0.040035526
-0.039700727
-0.03975574
-0.040199386
-0.041013099
-0.042149333
-0.043544385
-0.045114765
-0.046761651
-0.048372046
-0.049826091
-0.051004019
-0.05179193
-0.052091158
-0.051825135
-0.050945633
-0.049436475
-0.047315058
-0.044631468
-0.041465197
-0.037919544
-0.034113921
-0.030174626
-0.026225382
-0.022378125
-0.018725292
-0.015336332
-0.012255587
-0.0094973266
-0.0070462246
-0.0048647837
-0.0029021227
-0.0011027074
0.00058666107
0.0022132897
0.0038185299
0.0054324671
0.0070618936
0.0087086446
0.010369233
0.012034122
0.013689282
0.015316742
0.016894853
0.0183989
0.019802246
0.021077792
0.022199421
0.023143332
0.02388925
0.024421577
0.024730415
0.024812366
0.024670932
0.024316481
0.023765553
0.0230397
0.022163944
0.021165345
0.020071241
0.018907609
0.01769756
0.016462032
0.01521391
0.013965706
0.01272228
0.011486414
0.010256867
0.0090331356
0.007810689
0.0065909662
0.0053676911
0.0041492015
0.0029243453
0.0017041288
0.00044592759
0.36665026
0.36574215
0.36437596
0.36254577
0.36005906
0.35666836
0.35214121
0.34622723
0.33867036
0.32918683
0.31750766
0.30337971
0.28660947
0.26708674
0.24481832
0.21996044
0.19283295
0.16392895
0.13390277
0.10351728
0.073560233
0.044743226
0.01761686
-0.0074623566
-0.030299285
-0.050785406
-0.068823135
-0.084279334
-0.09698648
-0.10675252
-0.11362296
-0.11732233
-0.11793285
-0.11555401
-0.11033131
-0.10249008
-0.092329777
-0.080193297
-0.066481015
-0.051622747
-0.036041605
-0.020224316
-0.004474945
0.010894412
0.025095814
0.037838866
0.049123185
0.05865951
0.066172294
0.071543212
0.074676633
0.075492786
0.073915313
0.069854489
0.063211948
0.053911953
0.041947972
0.027434846
0.010662147
-0.0078553915
-0.027359077
-0.046890275
-0.065392236
-0.081837453
-0.095347725
-0.10527863
-0.11125809
-0.11317439
-0.11114123
-0.10547053
-0.096532014
-0.084722484
-0.070461386
-0.054174296
-0.036312986
-0.017465593
0.0015961839
0.020076879
0.037430126
0.05332126
0.067471519
0.080089824
0.091620931
0.10232011
0.11228816
0.1215388
0.130038
0.13766506
0.14427323
0.14959526
0.15335721
0.15521547
0.15490315
0.152202
0.14695839
0.13911255
0.12871893
0.11595351
0.10111577
0.084616585
0.066956987
0.048700297
0.0304406
0.012771237
-0.0037431404
-0.018590141
-0.031330879
-0.041619415
-0.049214839
-0.05400184
-0.056082632
-0.055558344
-0.052756249
-0.048139806
-0.042279154
-0.035806477
-0.029358585
-0.023520806
-0.018784588
-0.015508005
-0.013851324
-0.013775651
-0.015194269
-0.017862516
-0.021471697
-0.025698335
-0.030234174
-0.034800081
-0.039144813
-0.043046121
-0.046333386
-0.048903611
-0.050713876
-0.05177267
-0.052132532
-0.051880367
-0.051127061
-0.04999867
-0.048624734
-0.047132927
-0.045641026
-0.044247044
-0.043040061
-0.04208395
-0.041419812
-0.041081086
-0.041090308
-0.041444838
-0.042116989
-0.043065901
-0.044233186
-0.045542814
-0.04690487
-0.048218747
-0.049377959
-0.050277475
-0.050818935
-0.050917661
-0.050508785
-0.049552036
-0.048034831
-0.04597352
-0.043412519
-0.040421352
-0.037089706
-0.033520819
-0.02982371
-0.026105206
-0.022462373
-0.018976222
-0.015707858
-0.012696052
-0.0099549954
-0.0074751981
-0.005228477
-0.0031747903
-0.0012691758
0.00053251967
0.0022699995
0.0039767989
0.0056759196
0.0073765624
0.0090803227
0.010783039
0.012475245
0.014143192
0.015769563
0.017333984
0.018813704
0.020184585
0.021422318
0.022503678
0.023407715
0.024116838
0.024617804
0.024902546
0.024968793
0.024820341
0.024466978
0.023923906
0.023210782
0.022350439
0.021367597
0.020287222
0.019133058
0.017926939
0.016687045
0.01543124
0.014167627
0.012903236
0.011642758
0.010386901
0.0091365818
0.0078893066
0.0066472178
0.0054055341
0.0041729497
0.0029377004
0.0017192229
0.00047193461
0.35845533
0.35757777
0.35626461
0.35449674
0.35208267
0.3488067
0.34447296
0.33887837
0.33181014
0.32304201
0.31235613
0.29955379
0.28447867
0.26703895
0.24722975
0.22515654
0.20104922
0.17526838
0.14829717
0.12070792
0.09311099
0.066095892
0.040177868
0.015765214
-0.0068392321
-0.02741357
-0.045773709
-0.061744607
-0.075176597
-0.085979616
-0.093781927
-0.098796349
-0.10098319
-0.10039485
-0.097145057
-0.091405172
-0.083404462
-0.073414617
-0.061757408
-0.048782955
-0.034855827
-0.020360532
-0.0056523413
0.0087642477
0.022707893
0.035657178
0.047225898
0.057286609
0.065549236
0.071796232
0.075850217
0.077554782
0.076766417
0.073353187
0.067204932
0.058251542
0.046495604
0.032068358
0.015293197
-0.0032742895
-0.022845619
-0.042455473
-0.061059005
-0.077646983
-0.09135334
-0.10153296
-0.1077969
-0.11000833
-0.10824241
-0.10279463
-0.094008767
-0.08229182
-0.068082063
-0.051835444
-0.034043126
-0.015292776
0.003716878
0.022274092
0.039810961
0.055920473
0.070388795
0.083320866
0.094920379
0.1053751
0.11484224
0.12341773
0.13113234
0.13792367
0.14361144
0.14813246
0.15104843
0.15210458
0.1511466
0.1479685
0.14243713
0.13451469
0.12427067
0.11188546
0.097647862
0.081943194
0.065233547
0.04803441
0.03088784
0.01433478
-0.0011109381
-0.014984469
-0.026892379
-0.036529544
-0.043695189
-0.048310675
-0.050434351
-0.050238235
-0.0480238
-0.044210556
-0.039304744
-0.033857863
-0.028419536
-0.023491784
-0.019490244
-0.016712615
-0.015305844
-0.015288002
-0.016558333
-0.018932588
-0.022164353
-0.025981321
-0.03011304
-0.034306693
-0.0383331
-0.041993552
-0.045133309
-0.047651078
-0.049497711
-0.050670885
-0.051208634
-0.051181222
-0.050682279
-0.049820397
-0.048710468
-0.047467301
-0.046200016
-0.044990727
-0.043927196
-0.043072035
-0.042470558
-0.042155309
-0.042133258
-0.042409518
-0.042961335
-0.043750085
-0.044722059
-0.045807177
-0.046924423
-0.04798484
-0.04889262
-0.049556759
-0.049891861
-0.049824727
-0.049300022
-0.04828386
-0.04676613
-0.044761863
-0.04231026
-0.039472017
-0.036325015
-0.032958652
-0.029467309
-0.025943648
-0.022472299
-0.019124577
-0.015954859
-0.0129983
-0.010269659
-0.0077643812
-0.0054622733
-0.0033326651
-0.0013398274
0.00055230514
0.0023766196
0.0041602954
0.005922056
0.0076711238
0.0094094027
0.011132965
0.012832928
0.014496353
0.016106987
0.017645918
0.019092313
0.020424328
0.021620164
0.022659152
0.023522799
0.024195755
0.024666667
0.024928887
0.024980961
0.024826843
0.024475772
0.023941771
0.023242824
0.022399814
0.021435354
0.020372355
0.019233027
0.018039377
0.01680391
0.015546765
0.01427733
0.013003343
0.011730109
0.010459853
0.0091945293
0.0079334171
0.0066788221
0.0054277919
0.0041878871
0.002949094
0.0017336649
0.0004987169
0.35317992
0.35234678
0.3511053
0.34941752
0.34709002
0.3439296
0.33976636
0.33442646
0.32772612
0.31947519
0.30949044
0.2976065
0.28369123
0.26766361
0.24951162
0.22931011
0.2072323
0.18355421
0.15865134
0.13297837
0.10703695
0.081337689
0.056361828
0.032529723
0.010191316
-0.010372653
-0.028934837
-0.04525431
-0.059176689
-0.070520444
-0.079192021
-0.085202363
-0.088547866
-0.089266883
-0.087448645
-0.083229757
-0.07679379
-0.068365945
-0.058214145
-0.046637934
-0.033961859
-0.020536852
-0.0067234648
0.0070899943
0.020554801
0.033247336
0.044813501
0.054975607
0.063440659
0.069955229
0.074306026
0.076313555
0.075827395
0.072721522
0.06689756
0.058304081
0.046972928
0.033065236
0.016915837
-0.00093746335
-0.019753055
-0.03863078
-0.056594047
-0.072690458
-0.086088445
-0.096150914
-0.10247142
-0.10487036
-0.10337103
-0.098222089
-0.089734699
-0.078332846
-0.06444329
-0.048536883
-0.031130868
-0.0128122
0.0057679701
0.023966086
0.041244716
0.057214692
0.071664794
0.084583718
0.096089946
0.1063522
0.1155212
0.12369365
0.13090059
0.13709557
0.14215023
0.14591253
0.14839166
0.14872718
0.14726564
0.1437459
0.13804668
0.13014867
0.12013245
0.10817627
0.09455377
0.079622354
0.063807134
0.047580339
0.031437826
0.015874062
0.0013588101
-0.011685733
-0.022903434
-0.03202292
-0.03887464
-0.043409286
-0.045656166
-0.045826104
-0.044190666
-0.041128925
-0.037089646
-0.032554573
-0.027999283
-0.023855889
-0.020480571
-0.018133337
-0.016970904
-0.016952698
-0.018079787
-0.02018106
-0.023058023
-0.026482564
-0.030219824
-0.034044016
-0.037748397
-0.041153943
-0.044119224
-0.046546989
-0.048384831
-0.04962215
-0.050285032
-0.050429558
-0.050134306
-0.049492796
-0.048605867
-0.04757506
-0.046496461
-0.045464149
-0.044537274
-0.043782087
-0.043244524
-0.042967248
-0.042916552
-0.04313439
-0.04359178
-0.044251338
-0.045062019
-0.045961498
-0.046876068
-0.047728576
-0.048425542
-0.048893647
-0.049057753
-0.048853248
-0.048232602
-0.04716754
-0.045649266
-0.043691653
-0.041329599
-0.038616547
-0.035620686
-0.032420099
-0.029097233
-0.025733224
-0.022402567
-0.019168624
-0.01608037
-0.013170402
-0.010454241
-0.0079313527
-0.005587935
-0.0034008745
-0.0013420449
0.00061773843
0.0025055078
0.0043436681
0.006148047
0.0079271933
0.0096831754
0.011412555
0.013107232
0.014755253
0.01634157
0.017848748
0.019257732
0.020548703
0.021702019
0.022699186
0.023523788
0.024162351
0.024605095
0.024846534
0.024885875
0.024727167
0.02437916
0.023854861
0.023170826
0.022346231
0.021401871
0.020359069
0.019238446
0.018059061
0.016836038
0.015585747
0.014319335
0.013044843
0.011768144
0.010492686
0.0092211695
0.0079543077
0.0066943921
0.0054402749
0.0041977432
0.0029597265
0.0017466828
0.00052219577
0.35028265
0.34950617
0.34833639
0.34672233
0.34446772
0.34139493
0.33735071
0.33217819
0.32571166
0.31778313
0.30823155
0.29691211
0.28370846
0.26854726
0.25141311
0.23236235
0.21153463
0.18915801
0.1655459
0.14108415
0.11620918
0.09138123
0.067055746
0.043654097
0.021536263
0.0010089532
-0.017674183
-0.034225732
-0.04843821
-0.060214593
-0.069473171
-0.07617393
-0.080307713
-0.081905102
-0.081042584
-0.077836713
-0.07244487
-0.065064087
-0.055930634
-0.045316527
-0.033526263
-0.020895445
-0.0077826425
0.0054336851
0.018375344
0.030652305
0.041901631
0.051804263
0.06006518
0.066426537
0.070672854
0.072629641
0.072160588
0.069164877
0.063578057
0.05538149
0.044626702
0.031474838
0.016242927
-0.00056018576
-0.018249522
-0.03600362
-0.052931728
-0.068158214
-0.080904842
-0.09056058
-0.096713594
-0.099146688
-0.097825794
-0.092878121
-0.084773011
-0.073806402
-0.060375931
-0.044965023
-0.028107317
-0.010382314
0.0076023737
0.025264051
0.042107205
0.057764173
0.072020256
0.084821948
0.096235137
0.10637848
0.11536743
0.12328096
0.13014369
0.13591309
0.14048014
0.14367197
0.14522142
0.14547769
0.14373385
0.13998444
0.13418964
0.12634594
0.1165502
0.10497982
0.091895328
0.077630296
0.062578106
0.047174152
0.0318749
0.017135764
0.0033887014
-0.0089784772
-0.019641403
-0.028354427
-0.03496682
-0.039429517
-0.041839779
-0.042348855
-0.041209235
-0.038773789
-0.035445292
-0.031650827
-0.027808748
-0.024297631
-0.021430083
-0.019435158
-0.018444135
-0.01846761
-0.019506036
-0.021395495
-0.023986849
-0.027087756
-0.030492496
-0.033998697
-0.037419346
-0.040591928
-0.043386344
-0.045710196
-0.047510185
-0.048770404
-0.049508382
-0.049769549
-0.049620799
-0.049143734
-0.048427949
-0.047565084
-0.046643537
-0.045744299
-0.044935624
-0.044266038
-0.043773592
-0.043485714
-0.043462181
-0.043651975
-0.044043557
-0.044606403
-0.045294442
-0.046049385
-0.046804087
-0.047483562
-0.048021227
-0.048336947
-0.048366414
-0.048051775
-0.047352594
-0.046246582
-0.044723882
-0.042798397
-0.040502029
-0.03788281
-0.035001539
-0.031927617
-0.028734303
-0.025493823
-0.02227279
-0.019128325
-0.016105188
-0.013234062
-0.010531059
-0.0079986024
-0.0056276396
-0.0034007702
-0.0012957365
0.00071123677
0.0026425836
0.0045171392
0.0063485388
0.0081445367
0.0099072251
0.011633625
0.01331638
0.014944483
0.016504009
0.017978842
0.01935144
0.020603659
0.021717626
0.02267662
0.023465917
0.024073571
0.024491077
0.024713887
0.024741746
0.024578784
0.02423337
0.023717706
0.023047188
0.022239598
0.021314212
0.020290915
0.019189378
0.018029923
0.016817144
0.015577366
0.014318732
0.01304895
0.011774312
0.010499151
0.0092267549
0.0079589519
0.0066980652
0.0054444852
0.0042022083
0.0029676778
0.0017562687
0.00054005639
0.34911664
0.34839247
0.34729954
0.34576924
0.34359381
0.34060558
0.33665787
0.33159932
0.32527371
0.31752482
0.30820316
0.29717449
0.28433078
0.26960325
0.25297579
0.23449761
0.21429328
0.19256731
0.16960199
0.14574759
0.12140488
0.097003765
0.072982443
0.049779638
0.027767702
0.0071713538
-0.011534049
-0.028172911
-0.042601962
-0.054693398
-0.064328612
-0.071451163
-0.076046713
-0.078142073
-0.077808925
-0.075156786
-0.070333711
-0.063526795
-0.054962708
-0.044906325
-0.033657594
-0.021547882
-0.0089335309
0.0038112143
0.016304441
0.028160154
0.039015844
0.048548013
0.056470851
0.062541818
0.066563226
0.068377928
0.067862552
0.064922724
0.059496488
0.051571101
0.041213943
0.028612189
0.014102717
-0.0018195973
-0.018509957
-0.035210374
-0.051107508
-0.065401337
-0.077370393
-0.086445985
-0.092248235
-0.094538409
-0.093231865
-0.088448093
-0.080533811
-0.06987248
-0.056765417
-0.041760662
-0.025383763
-0.0081842391
0.009267146
0.026431903
0.042853883
0.058191892
0.07223796
0.08491558
0.096247963
0.10631048
0.11518604
0.12293289
0.12956472
0.13504111
0.13926962
0.14211695
0.1434361
0.14317496
0.14111359
0.13714321
0.13125789
0.1234043
0.11372782
0.10240052
0.08967659
0.075874065
0.061364459
0.046556915
0.03187914
0.017756851
0.0045929825
-0.007252183
-0.01747917
-0.025864595
-0.032274536
-0.036678634
-0.039163887
-0.039903113
-0.03908519
-0.037073529
-0.034235213
-0.030959189
-0.027624022
-0.024571141
-0.022082609
-0.020365811
-0.019545303
-0.019667198
-0.020629706
-0.022387171
-0.024802884
-0.027691728
-0.030868573
-0.034148499
-0.037359866
-0.040352787
-0.043006278
-0.045232932
-0.046980523
-0.048230958
-0.048997054
-0.049317765
-0.049252439
-0.048874646
-0.04826599
-0.047510393
-0.046689125
-0.045878882
-0.045142905
-0.044534144
-0.044089871
-0.043849706
-0.043822905
-0.043995462
-0.044348656
-0.044851768
-0.045460586
-0.046120015
-0.046766982
-0.047333224
-0.047750276
-0.047954264
-0.047882934
-0.047481976
-0.046718081
-0.045577716
-0.044039866
-0.042125412
-0.039864365
-0.03730125
-0.034491933
-0.031499961
-0.028392316
-0.025235046
-0.022089192
-0.01900735
-0.016031124
-0.013189622
-0.010499081
-0.0079636652
-0.0055773235
-0.0033264099
-0.0011926403
0.00084400262
0.0028027057
0.0046997776
0.0065472245
0.0083520503
0.010116215
0.011836993
0.013507531
0.0151175
0.016653796
0.018101263
0.019443459
0.020663456
0.021744666
0.022671669
0.023431
0.024011867
0.024406746
0.024611845
0.024627376
0.024457615
0.024110742
0.02359845
0.022935345
0.022138199
0.021225079
0.020214349
0.019123498
0.017966217
0.016776786
0.015548732
0.01429772
0.013032984
0.011761497
0.010488257
0.0092169409
0.0079500696
0.0066900404
0.0054382951
0.0041977284
0.0029680831
0.0017572889
0.00054945312
0.34909714
0.34855386
0.34768033
0.34635199
0.34436154
0.34155273
0.33778121
0.33289729
0.32674675
0.31917484
0.31003264
0.29918569
0.28652497
0.27197963
0.25553017
0.23722067
0.21716853
0.19556928
0.17269515
0.14888659
0.12453684
0.10007158
0.075923819
0.052501672
0.030101474
0.0093071956
-0.0096161495
-0.026564825
-0.041344563
-0.05375965
-0.063691075
-0.071084648
-0.075927099
-0.078247688
-0.078118077
-0.075650036
-0.070995647
-0.064347973
-0.055940718
-0.046045699
-0.034969142
-0.023047153
-0.010639108
0.0018808672
0.014134732
0.025751512
0.03638309
0.045714148
0.053464927
0.059393282
0.063294584
0.06499979
0.064374114
0.06131916
0.055781846
0.047772755
0.037393203
0.024865829
0.010557999
-0.0050148761
-0.021207742
-0.037285068
-0.052475466
-0.066033501
-0.077300526
-0.085729678
-0.090919482
-0.092680455
-0.090997684
-0.085987126
-0.077872649
-0.066971698
-0.053855795
-0.038944571
-0.02264682
-0.0056721809
0.011517491
0.028406296
0.044564574
0.059673272
0.073535183
0.086069049
0.097281645
0.10722772
0.11597094
0.12355436
0.12998198
0.13521135
0.1391576
0.14170728
0.14273864
0.1421439
0.13977083
0.13548876
0.12921986
0.12116801
0.11139369
0.10005156
0.087409135
0.073781409
0.05953187
0.045056845
0.030767011
0.017067966
0.0043405175
-0.0070784267
-0.016913676
-0.024965966
-0.031122035
-0.035355528
-0.037726368
-0.038364735
-0.037627519
-0.035782209
-0.033170889
-0.030166632
-0.02712556
-0.024366162
-0.022148638
-0.020660337
-0.020009511
-0.020231126
-0.021288746
-0.023099339
-0.025490829
-0.028317048
-0.031406712
-0.03458266
-0.037682961
-0.040566482
-0.043119682
-0.045260828
-0.046941387
-0.048145072
-0.048884838
-0.04919839
-0.049142781
-0.048788574
-0.048214039
-0.047499795
-0.04672397
-0.045956363
-0.045265299
-0.044702693
-0.044313165
-0.044096221
-0.044076717
-0.044247807
-0.044588729
-0.04506664
-0.045636952
-0.046245413
-0.04683075
-0.047327951
-0.047673639
-0.047803977
-0.0476596
-0.047192539
-0.046365825
-0.045152589
-0.04357535
-0.041638936
-0.039370601
-0.036814302
-0.034023939
-0.031060389
-0.02798743
-0.024867648
-0.021758677
-0.018710049
-0.015760892
-0.012938628
-0.01025873
-0.0077255418
-0.0053340262
-0.0030721659
-0.00092365981
0.0011294214
0.0031042825
0.005015526
0.0068738587
0.008685424
0.010451689
0.012169713
0.01383263
0.015430268
0.016949822
0.018376574
0.019694654
0.020887827
0.021940302
0.022837522
0.023566923
0.024118602
0.024485874
0.024665686
0.024658844
0.024470042
0.024107672
0.023583426
0.022911716
0.022108963
0.021192805
0.020181213
0.01909128
0.017939255
0.016743032
0.015516018
0.014266548
0.013002564
0.011731339
0.010458075
0.0091866123
0.0079197976
0.0066601192
0.0054095204
0.0041706021
0.002944863
0.0017360391
0.00054297558
-0.79192754
-0.81082513
-0.95871811
-0.69869881
-0.79192761
-0.81082532
-0.95871802
-0.79674233
-0.91062187
-0.8848462
-0.82329333
-0.79674211
-0.91062169
-0.8848432
-0.68534205
-0.84559971
-0.72307454
-0.74651338
-0.68534216
-0.84561724
-0.72307487
-0.57894609
-0.67517959
-0.59209067
-0.62500396
-0.57894617
-0.67517969
-0.59209078
-0.37558605
-0.10629751
-0.25444034
-0.10937708
-0.37558616
-0.10629736
-0.25444064
-0.84825308
-0.52685056
-0.53853675
-0.84825335
-0.52685064
-1.0300792
-0.82855606
-1.030079
-0.58523709
-0.66378984
-0.58523716
-0.4937987
-0.48886015
-0.56222462
-0.49379882
-0.48886019
-0.46130241
-0.4703814
-0.45522803
-0.47782963
-0.46130239
-0.47038139
-0.45522804
0.2605908
0.65120369
0.32724614
0.52319898
0.26059086
0.65120375
0.32724612
0.034955016
-0.44729398
-0.44729403
-0.43087364
-0.43695336
-0.43041304
-0.43819564
-0.43087356
-0.4369534
-0.43041302
0.56146182
1.2154596
0.83618254
0.56146185
1.2154596
-0.42966576
-0.43042006
-0.4299338
-0.42966581
-0.43042013
1.3315919
1.6113297
1.6696975
1.4649676
1.3315919
1.6113297
1.6696975
1.6796247
1.2730538
1.6796248
-0.43394247
-0.43572093
-0.43394257
-0.43572081
-0.43622037
-0.4389618
-0.44153581
-0.43550958
-0.4362203
-0.4389617
-0.44153582
1.715135
1.7790113
1.8538127
1.7205649
1.715135
1.7790113
1.8538126
-0.44853372
-0.45403698
-0.45756422
-0.44238996
-0.44853374
-0.45403708
-0.45756419
1.8555833
1.7262906
1.7257546
1.7812052
1.8555839
1.7262905
1.7257542
-0.46895453
-0.4849465
-0.48263313
-0.46015712
-0.46895451
-0.48494641
-0.48263312
1.6802115
1.4729616
1.3448079
1.6191661
1.6802115
1.4729616
1.344808
1.2878979
1.6899826
1.2878982
-0.48957715
-0.52682567
-0.48957694
-0.52682575
-0.49827188
-0.52382935
-0.51466956
-0.49039649
-0.49827186
-0.52382949
-0.51466952
0.83800477
0.55840544
1.2272934
0.83800469
0.55840574
-0.53049716
-0.56848109
-0.55679178
-0.53049721
-0.56848124
-0.55679175
0.31795536
0.50902005
0.23902276
0.64735435
0.31795552
0.50902002
0.23902283
0.0022843965
0.0022840882
-0.6015772
-0.60157721
-0.56886148
-0.58925637
-0.57886431
-0.58417592
-0.5688615
-0.58925642
-0.5788643
-0.30983107
-0.1608516
-0.4413403
-0.14898299
-0.30983101
-0.16085188
-0.44134012
-0.61807902
-0.95698141
-0.59358365
-0.61807932
-0.95698088
-0.94208152
-1.1787786
-0.94208097
-1.1787779
-0.8309609
-0.75149549
-0.83096106
-0.75149551
-0.64965597
-0.72618195
-0.65315745
-0.64965595
-0.72618196
-0.65315745
-0.61207702
-0.63547576
-0.61931443
-0.63105027
-0.61207704
-0.63547577
-0.61931443
-1.1054382
-0.81530675
-0.92437031
-0.9295517
-1.1054375
-0.8153063
-0.92436934
-1.0508478
-0.97090314
-0.95473462
-1.0580749
-1.0508287
-0.97090221
-0.95473452
-0.89444203
-0.90989968
-0.85023595
-1.0146748
-0.8944422
-0.90990009
-0.8502362
-0.75919498
-0.78913496
-0.74188132
-0.84341374
-0.75919503
-0.78913509
-0.74188138
-0.58166982
-0.53687575
-0.72773673
-0.41218254
-0.5816698
-0.53687546
-0.72773668
-0.50754898
-0.53937431
-0.50849499
-0.53918382
-0.50754904
-0.53937442
-0.50849512
-0.82657996
-0.88912871
-0.8911655
-0.66369403
-0.64023801
-0.64041984
-0.5282876
-0.56236641
-0.53426069
-0.55216802
-0.53437632
-0.55237449
-0.52856666
0.024536724
0.033995884
-0.10168229
0.11296782
-0.10283556
0.11210792
0.022680943
-0.46149142
-0.46159987
1.0234582
1.3086119
1.2177064
1.1390407
1.0234582
1.3086119
1.2177064
-0.42878072
-0.42979167
-0.43083704
-0.4307852
-0.42886709
-0.42658758
-0.43171996
-0.43143166
-0.42855783
-0.42658753
-0.43171999
-0.43143165
1.2704598
1.3903797
1.3910073
-0.44755505
-0.44239789
-0.44409158
-0.4450249
-0.44410234
-0.44494152
-0.44757793
-0.46980315
-0.46010048
-0.46270147
-0.46743266
-0.46268289
-0.46733412
-0.46981271
1.6918674
1.5176658
1.5172581
-0.50376485
-0.49030408
-0.49271973
-0.50422633
-0.4926052
-0.50423695
-0.50368316
1.2268334
1.1404636
1.027902
1.3145955
1.2268335
1.1404636
1.027902
0.92550462
1.2302673
1.1918089
1.0420023
1.1965319
1.0395149
0.93102832
-0.53068076
-0.54843383
-0.54512443
-0.53406244
-0.5306807
-0.54843385
-0.54512441
0.18801251
0.18738184
-0.57753191
-0.58458624
-0.5736546
-0.58573036
-0.5736525
-0.58574745
-0.5777487
-0.78741673
-0.59874529
-0.66074192
-0.66515158
-0.78469861
-0.62643996
-0.63069961
-0.62579047
-0.64052457
-0.62599603
-0.64070532
-0.62654368
-0.83259321
-0.50043613
-0.68438644
-0.62270871
-0.83259306
-0.50043637
-0.68438636
-1.0567125
-1.0560022
-1.0747402
-1.0490477
-1.0760253
-1.0495188
-1.0551099
-0.95723747
-1.0148894
-0.97652163
-0.98764078
-0.97705332
-0.98786239
-0.95620878
-0.79756016
-0.84292387
-0.81303544
-0.82886959
-0.81357891
-0.82858392
-0.79745565
-0.66840084
-0.69993249
-0.66695429
-0.70087234
-0.66840087
-0.69993252
-0.66695425
-0.86242591
-0.9603922
-0.90995158
-0.9033757
-0.91329802
-0.90297515
-0.86240043
-0.86242589
-0.96039215
-0.90995143
-0.90337541
-0.91329834
-0.90297513
-0.86240081
-0.90195606
-0.90875969
-0.90065013
-0.92041923
-0.90105331
-0.92166673
-0.90042882
-0.87896189
-0.88548604
-0.85868573
-0.91117984
-0.85986206
-0.91183695
-0.87862646
-0.90195578
-0.90875952
-0.90064964
-0.92041907
-0.90105329
-0.92166658
-0.90042862
-0.87896181
-0.88548538
-0.85868312
-0.91117927
-0.85986156
-0.91183684
-0.87862622
-0.7875404
-0.84581577
-0.81997431
-0.8056597
-0.82016427
-0.80617314
-0.78659088
-0.74348698
-0.72347844
-0.70251156
-0.76167382
-0.7029632
-0.76164757
-0.7432368
-0.78753849
-0.84581636
-0.81998655
-0.80564532
-0.82016437
-0.80617052
-0.78658201
-0.74348678
-0.72347836
-0.70251252
-0.76167377
-0.70296324
-0.76164722
-0.74323785
-0.62926614
-0.67475592
-0.66046122
-0.64437045
-0.66010755
-0.64487113
-0.6292035
-0.62926616
-0.67475585
-0.66046143
-0.64437048
-0.66010755
-0.6448711
-0.62920361
-0.32573575
-0.24529764
-0.42002529
-0.27966133
-0.42137142
-0.28128794
-0.32212035
-0.32573565
-0.24529783
-0.42002542
-0.2796614
-0.4213716
-0.28128795
-0.32212049
-0.65229607
-0.852487
-0.71457464
-0.87845812
-0.71351702
-0.88377091
-0.65856784
-0.70338745
-0.53183953
-0.58720587
-0.59160013
-0.70064003
-0.65229598
-0.85248711
-0.71457441
-0.87845804
-0.713517
-0.88377088
-0.65856771
-0.70338725
-0.53183973
-0.58720577
-0.59160021
-0.70063988
-1.0325807
-0.93617881
-0.93696056
-0.82658014
-0.88912865
-0.89116546
-1.0325807
-0.9361788
-0.93696051
-0.58514582
-0.60988792
-0.60982209
-0.66369403
-0.64023801
-0.64041982
-0.58514583
-0.60988799
-0.60982213
-0.50991114
-0.48911212
-0.49565828
-0.49567185
-0.50983469
-0.5282876
-0.56236634
-0.53426081
-0.55216811
-0.53437638
-0.55237445
-0.52856673
-0.5099112
-0.48911217
-0.49565832
-0.49567196
-0.50983475
-0.46902308
-0.46997937
-0.48078169
-0.46600812
-0.48092568
-0.46612303
-0.46902931
-0.46902309
-0.4699794
-0.48078178
-0.46600801
-0.48092574
-0.46612303
-0.46902938
0.43601367
0.32158305
0.30111581
0.50618856
0.30155486
0.50542848
0.43494922
0.43601375
0.32158305
0.30111585
0.50618859
0.30155489
0.50542846
0.43494921
-0.26449983
-0.26894864
0.20625584
0.20554619
0.024536685
0.03399589
-0.10168214
0.11296796
-0.10283557
0.11210791
0.022681134
-0.26450002
-0.26894867
0.20625601
0.20554631
-0.44714508
-0.44734706
-0.45368235
-0.44232645
-0.45372623
-0.44225403
-0.44721341
-0.43813505
-0.43806777
-0.46149129
-0.46159992
-0.44714511
-0.44734704
-0.45368239
-0.44232644
-0.45372625
-0.44225406
-0.44721336
-0.43813511
-0.43806789
-0.43378569
-0.43712884
-0.43687375
-0.43254398
-0.43688356
-0.43250459
-0.4338495
-0.43378567
-0.43712887
-0.43687381
-0.43254387
-0.43688357
-0.43250455
-0.43384948
0.82842337
0.56428203
0.64202343
0.64151789
0.82650261
0.91568781
1.2184149
1.0322138
1.1816098
1.0296351
1.1863652
0.92130126
0.82842336
0.56428224
0.64202349
0.64151783
0.8265027
0.91568784
1.218415
1.0322139
1.18161
1.0296352
1.1863654
0.92130138
-0.43306835
-0.4302569
-0.43195957
-0.42827559
-0.43209248
-0.4280997
-0.4328864
-0.42878062
-0.42979163
-0.43083686
-0.43078518
-0.42886699
-0.43306836
-0.43025693
-0.43195963
-0.42827561
-0.4320925
-0.42809969
-0.43288641
1.5531836
1.6705492
1.532324
1.6549876
1.5318876
1.6561771
1.5538903
1.5531836
1.6705492
1.532324
1.6549876
1.5318876
1.6561771
1.5538903
1.6815576
1.5023967
1.5019211
1.2704599
1.3903797
1.3910073
1.6815577
1.5023967
1.5019211
-0.43399517
-0.43460693
-0.43452745
-0.43563055
-0.4361015
-0.43608627
-0.43399523
-0.434607
-0.43452748
-0.43563041
-0.4361015
-0.4360862
-0.43896025
-0.43888562
-0.43799259
-0.44058465
-0.43805183
-0.44047808
-0.43893641
-0.43896026
-0.43888554
-0.43799259
-0.44058459
-0.43805177
-0.44047813
-0.43893647
1.7697051
1.7140421
1.7108263
1.7813748
1.7104882
1.7820677
1.7691119
1.8033874
1.8545447
1.8293039
1.8248478
1.8301803
1.8249472
1.8033056
1.7697051
1.7140421
1.7108263
1.7813748
1.7104881
1.7820676
1.7691118
1.8033873
1.8545444
1.8293039
1.8248471
1.8301801
1.8249468
1.8033054
-0.45184108
-0.45396578
-0.44896933
-0.45706206
-0.44891853
-0.45705982
-0.45184208
-0.44755504
-0.44239787
-0.44409163
-0.44502491
-0.44410237
-0.44494155
-0.44757819
-0.45184113
-0.45396571
-0.44896878
-0.45706183
-0.44891849
-0.45705981
-0.45184197
1.8078565
1.8563237
1.8263098
1.8344596
1.826408
1.8353342
1.8077678
1.7764237
1.7247588
1.7895987
1.719538
1.7903044
1.7192124
1.7758439
1.8078563
1.8563231
1.8263095
1.8344614
1.8264075
1.8353339
1.807771
1.7764234
1.7247587
1.7895966
1.7195377
1.7903038
1.7192123
1.7758434
-0.47678351
-0.48507399
-0.47594611
-0.48543288
-0.47588578
-0.48546932
-0.47684792
-0.46980317
-0.46010048
-0.46270144
-0.46743264
-0.46268284
-0.46733417
-0.4698128
-0.47678356
-0.48507385
-0.47594614
-0.48543289
-0.47588578
-0.48546934
-0.47684796
1.5646535
1.6810197
1.6648887
1.5459591
1.666067
1.5455843
1.5653287
1.5646534
1.6810196
1.6648887
1.5459591
1.6660669
1.5455842
1.5653287
1.2853783
1.4060078
1.4066436
1.6918673
1.5176659
1.5172581
1.2853784
1.4060079
1.4066436
-0.48938957
-0.50653662
-0.50657431
-0.52702814
-0.51680932
-0.51673384
-0.4893896
-0.50653671
-0.50657437
-0.52702826
-0.51680956
-0.51673403
-0.50376488
-0.49030404
-0.49271976
-0.5042263
-0.49260511
-0.50423708
-0.50368321
0.83133026
0.56127705
0.64200144
0.64155459
0.82942438
0.92550467
1.2302674
1.1918091
1.0420024
1.1965321
1.039515
0.93102835
0.83133045
0.56127712
0.64200166
0.64155473
0.82942461
-0.55175026
-0.53020052
-0.53249742
-0.54403122
-0.53214071
-0.54417308
-0.55129737
-0.555329
-0.56825777
-0.56525928
-0.56519435
-0.55544355
-0.5517503
-0.53020063
-0.53249763
-0.54403127
-0.53214091
-0.54417313
-0.55129749
-0.55532905
-0.56825797
-0.56525924
-0.56519431
-0.55544367
0.42423175
0.31223676
0.50107379
0.28712594
0.50035813
0.28766064
0.42326845
0.42423175
0.31223687
0.50107395
0.28712603
0.50035827
0.28766064
0.42326863
-0.0068664182
0.0012128789
0.087660446
-0.1397066
0.086836475
-0.14078144
-0.0087749549
-0.31040777
-0.31484598
0.18801251
0.1873819
-0.00686645
0.0012127468
0.087660227
-0.13970679
0.086836426
-0.14078145
-0.0087751471
-0.31040744
-0.31484572
-0.59014822
-0.59009491
-0.62082251
-0.62096402
-0.60414107
-0.60151926
-0.5969519
-0.61126116
-0.59698413
-0.61135062
-0.60413342
-0.59014845
-0.59009502
-0.62082239
-0.62096396
-0.60414104
-0.60151926
-0.59695183
-0.61126124
-0.59698403
-0.61135066
-0.60413345
-0.5775319
-0.58458625
-0.57365455
-0.58573055
-0.57365241
-0.58574757
-0.57774865
-0.38352787
-0.30047915
-0.3324553
-0.48337084
-0.33417842
-0.48472258
-0.37976787
-0.38352796
-0.30047897
-0.33245521
-0.48337072
-0.33417837
-0.48472243
-0.37976774
-0.74333102
-0.96131492
-0.98513484
-0.81198298
-0.9907008
-0.81095478
-0.74992094
-0.787417
-0.59874529
-0.6607423
-0.66515155
-0.78469899
-0.74333084
-0.96131475
-0.98513455
-0.81198269
-0.99070064
-0.81095436
-0.74992095
-0.93983625
-1.0131749
-1.0152273
-1.1814166
-1.0709965
-1.0717739
-0.93983606
-1.0131746
-1.0152271
-1.1814162
-1.070996
-1.0717737
-0.83084455
-0.80928334
-0.80955783
-0.75146236
-0.77788173
-0.77782829
-0.83084462
-0.80928347
-0.80955786
-0.75146237
-0.77788179
-0.77782833
-0.67095086
-0.64992062
-0.6565507
-0.65654158
-0.67090622
-0.69197804
-0.72630868
-0.71485663
-0.6981562
-0.7150092
-0.69820883
-0.69221501
-0.67095085
-0.64992062
-0.65655076
-0.6565416
-0.67090619
-0.69197805
-0.7263087
-0.71485664
-0.6981562
-0.71500925
-0.69820883
-0.692215
-0.62643998
-0.6306996
-0.62579032
-0.64052464
-0.62599595
-0.64070531
-0.6265437
-0.99658555
-1.1072209
-1.0405406
-1.0521493
-1.0402405
-1.0555912
-0.99657475
-0.99658522
-1.1072205
-1.04054
-1.0521485
-1.0402402
-1.0555904
-0.99657365
-1.0393541
-1.0514882
-1.0723835
-1.0236157
-1.0731348
-1.0248473
-1.0389353
-1.0567122
-1.0560021
-1.0747352
-1.0490475
-1.0760246
-1.0495184
-1.0551068
-1.0393553
-1.0514855
-1.0724052
-1.0236019
-1.0731365
-1.024845
-1.0389521
-0.91343435
-0.89495314
-0.9332322
-0.87232506
-0.93319736
-0.87282952
-0.91315578
-0.9572375
-1.0148891
-0.97652259
-0.98764124
-0.97705332
-0.9878621
-0.95621013
-0.91343449
-0.89495317
-0.93323249
-0.87232522
-0.93319737
-0.87282956
-0.9131561
-0.79756023
-0.84292395
-0.81303558
-0.82886974
-0.81357898
-0.82858393
-0.79745575
-0.50289978
-0.55667927
-0.64673943
-0.41927528
-0.50289954
-0.55667941
-0.64673966
-0.57173459
-0.68595443
-0.68945813
-0.54814685
-0.57173482
-0.68595461
-0.68945803
-0.56063032
-0.66951357
-0.6373879
-0.57226868
-0.56063012
-0.66951338
-0.63738784
-0.51151661
-0.59574374
-0.58582117
-0.54308416
-0.51151659
-0.5957437
-0.58582124
-0.24549676
-0.091357825
-0.30710957
-0.062939291
-0.24549667
-0.091357969
-0.30710969
-0.4413813
-0.48417188
-0.47353249
-0.47896171
-0.4413813
-0.48417192
-0.47353255
0.12504689
0.41881353
0.17237246
0.3319999
0.12504693
0.41881353
0.17237252
-0.67462593
-0.53880861
-0.66285841
-0.55819319
-0.66663097
-0.55800206
-0.6738329
-0.4211955
-0.44200183
-0.43122
-0.44248559
-0.42119544
-0.44200178
-0.43121999
0.7279619
0.99456033
0.8633558
0.84248558
0.72796192
0.99456036
0.86335584
-0.41495146
-0.42619037
-0.42240909
-0.42272413
-0.4149514
-0.42619032
-0.42240901
0.89124302
0.83513063
0.74193154
0.95729441
0.74079551
0.95876187
0.88881825
1.4740623
1.5349725
1.5872321
1.4323914
1.4740623
1.5349725
1.587232
-0.4362273
-0.4357292
-0.4335914
-0.43603694
-0.43344922
-0.43603538
-0.43626868
-0.43519317
-0.44268308
-0.44373042
-0.43635283
-0.43519314
-0.44268304
-0.44373041
1.6716154
1.6378104
1.7184156
1.5991758
1.6716154
1.6378104
1.7184155
-0.45128538
-0.45956533
-0.46151092
-0.45011051
-0.45128538
-0.45956528
-0.46151091
1.7197592
1.601174
1.6751262
1.6385783
1.7197592
1.601174
1.6751261
-0.47220591
-0.48390883
-0.48567628
-0.4705742
-0.4722059
-0.48390878
-0.48567628
1.5920345
1.43419
1.4783021
1.5375597
1.5920345
1.4341901
1.478302
-0.49976276
-0.51335253
-0.51524733
-0.49840836
-0.49976276
-0.5133525
-0.51524733
0.86050235
0.8303825
0.71594028
0.98967938
0.86050233
0.83038254
0.71594017
-0.5586702
-0.57039526
-0.56515527
-0.56152356
-0.55867021
-0.57039527
-0.56515531
0.14050068
0.29866132
0.085014242
0.39499242
0.14050094
0.29866141
0.085014083
-0.5880613
-0.60066496
-0.58151857
-0.59720913
-0.58806132
-0.60066501
-0.5815186
-0.37871543
-0.12649996
-0.32079766
-0.14966228
-0.37871508
-0.12649968
-0.32079773
-0.9608345
-0.92824289
-0.99733194
-0.90402025
-0.99807585
-0.90561043
-0.95924084
-0.63518721
-0.63817188
-0.59998123
-0.6431688
-0.63518725
-0.63817189
-0.59998125
-0.77286093
-0.52843741
-0.6229739
-0.66982054
-0.77285997
-0.52843691
-0.62297274
-0.83592882
-0.67701071
-0.70814086
-0.82353406
-0.83592856
-0.67700997
-0.70814102
-0.79362472
-0.71451093
-0.70747598
-0.82186259
-0.79362522
-0.71451144
-0.70747631
-0.74534542
-0.69339289
-0.66446401
-0.75422656
-0.74534552
-0.69339315
-0.66446413
-0.83441202
-0.80932402
-0.78584633
-0.86867425
-0.78740297
-0.86921053
-0.83279849
-0.83441179
-0.80932406
-0.78584607
-0.86867406
-0.787403
-0.86921044
-0.83279855
-0.60072305
-0.5932534
-0.56152382
-0.61238127
-0.56039671
-0.61253422
-0.60053034
-0.6007231
-0.59325345
-0.56152405
-0.61238134
-0.56039676
-0.61253424
-0.60053052
-0.67462583
-0.53880859
-0.66285807
-0.55819313
-0.6666308
-0.55800207
-0.67383267
-0.51641296
-0.4933933
-0.51695495
-0.50029959
-0.5170932
-0.50067534
-0.51634137
-0.51641304
-0.49339338
-0.51695512
-0.5002996
-0.51709327
-0.50067545
-0.51634145
0.89124304
0.83513071
0.74193153
0.95729444
0.7407955
0.95876187
0.88881827
-0.42983121
-0.42964326
-0.4315688
-0.42955561
-0.43171251
-0.42944358
-0.42991685
-0.4298312
-0.42964324
-0.43156884
-0.4295556
-0.43171247
-0.42944365
-0.42991679
1.4752909
1.3313653
1.3765648
1.4344056
1.3764223
1.4349039
1.4746195
1.475291
1.3313653
1.3765649
1.4344057
1.3764222
1.4349039
1.4746195
-0.43622724
-0.43572927
-0.43359146
-0.43603699
-0.43344926
-0.43603536
-0.43626878
1.4870254
1.3446484
1.4484858
1.3869217
1.4490049
1.386738
1.4863296
1.4870253
1.3446484
1.4484858
1.3869217
1.4490049
1.386738
1.4863296
-0.5116825
-0.52391361
-0.5136907
-0.52066519
-0.51361541
-0.52064357
-0.51173491
-0.51168269
-0.52391357
-0.51369086
-0.52066526
-0.51361552
-0.52064358
-0.51173484
0.89639989
0.83688033
0.96381589
0.74342196
0.96530883
0.74231002
0.89403861
0.89639986
0.83688014
0.96381575
0.743422
0.96530874
0.74231003
0.89403859
-0.55221964
-0.55675187
-0.54911306
-0.5622162
-0.54895364
-0.56236412
-0.55236836
-0.55221968
-0.55675188
-0.5491131
-0.56221621
-0.54895358
-0.56236413
-0.55236843
-0.7619024
-0.61834733
-0.63536043
-0.75182567
-0.63515531
-0.75565591
-0.76103952
-0.76190264
-0.61834751
-0.63536053
-0.75182607
-0.63515536
-0.75565587
-0.76103985
-0.67781092
-0.6525839
-0.66162904
-0.67729099
-0.66208828
-0.67740696
-0.67778168
-0.67781091
-0.65258389
-0.66162902
-0.67729097
-0.66208827
-0.67740692
-0.67778167
-0.96083468
-0.9282428
-0.99733166
-0.90402019
-0.99807575
-0.90561034
-0.9592403
-0.76705182
-0.7604811
-0.78038371
-0.72479646
-0.78049902
-0.72362926
-0.76678481
-0.76705196
-0.76048109
-0.78038382
-0.72479645
-0.78049897
-0.72362927
-0.76678482
)
;

boundaryField
{
    inlet
    {
        type            zeroGradient;
    }
    outlet
    {
        type            fixedValue;
        value           uniform 0;
    }
    walls
    {
        type            zeroGradient;
    }
    frontAndBack
    {
        type            zeroGradient;
    }
    cylinder
    {
        type            zeroGradient;
    }
}


// ************************************************************************* //
