/*--------------------------------*- C++ -*----------------------------------*\
  =========                 |
  \\      /  F ield         | OpenFOAM: The Open Source CFD Toolbox
   \\    /   O peration     | Website:  https://openfoam.org
    \\  /    A nd           | Version:  12
     \\/     M anipulation  |
\*---------------------------------------------------------------------------*/
FoamFile
{
    format      ascii;
    class       volScalarField;
    location    "3.5";
    object      p;
}
// * * * * * * * * * * * * * * * * * * * * * * * * * * * * * * * * * * * * * //

dimensions      [0 2 -2 0 0 0 0];

internalField   nonuniform List<scalar> 
10488
(
0.46786694
0.46731638
0.46635043
0.46481222
0.46247371
0.45916026
0.45471223
0.44896783
0.44176394
0.43294008
0.42234568
0.40985027
0.39535707
0.37881934
0.36025753
0.33977564
0.31757392
0.29395463
0.26931826
0.24414958
0.21899236
0.19441526
0.17095418
0.14903231
0.12935051
0.1123129
0.097964927
0.086542492
0.078217913
0.073041354
0.070980165
0.071929282
0.075716826
0.082107233
0.090802987
0.10144905
0.11363971
0.12692706
0.14083335
0.15486607
0.16853235
0.18135537
0.19289308
0.20274487
0.21055046
0.21598632
0.2187634
0.21863042
0.21538095
0.20887771
0.19910945
0.18624975
0.17069479
0.15306297
0.13415708
0.11489846
0.09624465
0.079103133
0.064254368
0.052292968
0.043609391
0.038389343
0.036605874
0.038035112
0.042398439
0.049066152
0.057581689
0.067297969
0.077630336
0.088147272
0.098605063
0.10895003
0.11927395
0.12974072
0.14051453
0.15170149
0.16330679
0.17521553
0.18720292
0.19896524
0.2101605
0.2204491
0.22952853
0.23715962
0.24318131
0.24751378
0.250151
0.25114428
0.25058115
0.24857066
0.24523051
0.24067199
0.23500478
0.22829429
0.22056487
0.21194928
0.20244275
0.19204805
0.18080425
0.16875907
0.15598693
0.14259765
0.12874356
0.11462576
0.10049901
0.086673823
0.073514446
0.06143092
0.050863995
0.042262198
0.036052952
0.032611909
0.032243918
0.035178817
0.041546951
0.050617722
0.062456029
0.076533108
0.092216115
0.1088073
0.12559455
0.14189639
0.15710435
0.17071415
0.18234327
0.19173522
0.19875224
0.2033606
0.20561048
0.2056146
0.20352391
0.19950089
0.19369906
0.18622276
0.17750217
0.16749932
0.15635208
0.14418964
0.13114869
0.11736531
0.10299627
0.088230563
0.073299179
0.058481383
0.044105544
0.030542964
0.018193805
0.0074652417
-0.0012567283
-0.0076386604
-0.011427643
-0.012466103
-0.010691618
-0.0061562964
0.00090153402
0.010067314
0.020988839
0.033212893
0.046247735
0.059603872
0.072815293
0.085458456
0.097165465
0.10763163
0.11661805
0.12395026
0.12951383
0.13324829
0.13514066
0.13521825
0.13354049
0.13018768
0.12524394
0.11877179
0.11102981
0.1021178
0.092172654
0.081382109
0.069938017
0.058048785
0.045939558
0.033850165
0.0220315
0.010739913
0.00022963602
-0.0092564045
-0.017496763
-0.024301856
-0.029523588
-0.0330627
-0.0348723
-0.034953022
-0.033347397
-0.030128332
-0.02558867
-0.019855209
-0.013146791
-0.0057141786
0.0021845631
0.010290439
0.018350721
0.026125935
0.033395711
0.039963441
0.045659793
0.0503452
0.053911428
0.056282369
0.057413881
0.057293269
0.055936637
0.053382956
0.049688445
0.044914936
0.039276014
0.032865424
0.025839804
0.018402651
0.01077051
0.0031805991
0.46791968
0.46718826
0.46601731
0.46429064
0.46177814
0.45829269
0.45367089
0.44774795
0.44035803
0.43133853
0.4205379
0.40782562
0.39310584
0.37633435
0.357536
0.33682193
0.31440291
0.29059474
0.2658133
0.24055828
0.21538638
0.19087949
0.16763322
0.14608633
0.12669515
0.10998988
0.096073733
0.085112803
0.077229726
0.072468772
0.070801232
0.072121601
0.076256701
0.082972371
0.09197365
0.10290966
0.11537984
0.12894012
0.14311432
0.15740767
0.17131511
0.18434125
0.19603621
0.20600475
0.21390549
0.21944535
0.22236404
0.22241645
0.2193772
0.2130739
0.20344099
0.19059043
0.1748694
0.15686575
0.13738397
0.117381
0.097876142
0.079850738
0.064156731
0.051451275
0.04215705
0.036464243
0.034364457
0.035501308
0.039624437
0.04639319
0.055115522
0.065106598
0.075718883
0.086456226
0.097038348
0.10741325
0.11770142
0.12810487
0.13882695
0.15000941
0.16168308
0.17374059
0.18594788
0.19798113
0.20947352
0.22006047
0.22941689
0.23728653
0.2434987
0.24797219
0.25070746
0.25176757
0.25124784
0.24926474
0.24594433
0.24140302
0.23577289
0.22915516
0.2216015
0.2131084
0.20372812
0.19347228
0.18236205
0.17043343
0.15774796
0.14440167
0.13053268
0.11632826
0.10203103
0.087943175
0.07442666
0.061897314
0.050811559
0.04164449
0.034860189
0.030876764
0.030022968
0.032476653
0.038165519
0.047311913
0.059239857
0.073498128
0.089469434
0.1064396
0.12366624
0.14043511
0.15610741
0.17015433
0.18217605
0.19190638
0.19920442
0.20403822
0.20646247
0.20659584
0.20459939
0.20065211
0.19496416
0.18776768
0.17903224
0.16907495
0.1580006
0.14592003
0.13295047
0.11921469
0.10485389
0.090040674
0.074990957
0.059972815
0.045309869
0.031377166
0.018588211
0.00737296
-0.0018516852
-0.0087154586
-0.012927194
-0.014304293
-0.012803381
-0.0085044002
-0.0016333322
0.0075426544
0.018569488
0.030970041
0.04423763
0.057866099
0.071374159
0.084324879
0.096339348
0.10710448
0.11637537
0.12397356
0.1297821
0.13373837
0.13582599
0.13606661
0.13451451
0.13128517
0.12647307
0.12020461
0.11254608
0.10368378
0.093769405
0.082976969
0.071494762
0.059527875
0.047299129
0.035048003
0.023027546
0.011498969
0.0007240429
-0.0090445056
-0.017573684
-0.02466133
-0.030145954
-0.033914816
-0.03590985
-0.036133806
-0.034655256
-0.031616313
-0.027086439
-0.021326873
-0.014561768
-0.0070404205
0.00097558386
0.009222549
0.01744285
0.025392054
0.032844935
0.039600201
0.045484045
0.050352678
0.054093656
0.056626773
0.057903181
0.057904931
0.056643927
0.054164254
0.050536529
0.045870451
0.040216667
0.033758595
0.026644575
0.01906073
0.011231958
0.0032833624
0.46923888
0.46846197
0.46723359
0.46545107
0.46288674
0.45933969
0.45463712
0.44860531
0.44106586
0.43184027
0.42076133
0.40768352
0.39249858
0.37515515
0.35567793
0.33418758
0.31091623
0.28621488
0.26054772
0.23447108
0.20859838
0.18355513
0.15993261
0.13822476
0.11886996
0.10218302
0.088513322
0.077987741
0.070667318
0.066558376
0.065616905
0.067726711
0.072697633
0.080276375
0.090149208
0.10194859
0.11526033
0.12962798
0.14456728
0.15958178
0.17417011
0.18783012
0.20010714
0.2105912
0.21891319
0.22475224
0.22783309
0.22791591
0.22478759
0.21826953
0.20826239
0.19482736
0.1782689
0.15918994
0.13846206
0.11714335
0.096368956
0.077224959
0.060636481
0.047292217
0.037616269
0.031807515
0.029980577
0.031095794
0.035560417
0.042789673
0.05208907
0.062668694
0.073768955
0.084817973
0.095507263
0.1058249
0.11597521
0.12624593
0.13691093
0.14816451
0.16006782
0.17250446
0.18520295
0.1977884
0.20984069
0.22094712
0.23074281
0.23894484
0.24537225
0.24994826
0.2526945
0.25370968
0.25310192
0.25100684
0.24756864
0.24292435
0.23723375
0.23055947
0.22297821
0.21450666
0.20515544
0.19492311
0.18381401
0.17184926
0.15907699
0.14558093
0.13148753
0.11697397
0.10227571
0.08769283
0.073592994
0.060407375
0.048618193
0.038735882
0.031266204
0.026671242
0.025334153
0.027578546
0.033353458
0.042603904
0.054925167
0.069788814
0.086520594
0.10434836
0.12246742
0.14010387
0.15656828
0.17129458
0.18386126
0.19399512
0.20156141
0.20654259
0.20901444
0.20911667
0.20704081
0.20298382
0.1971734
0.18979199
0.18097622
0.17090948
0.15972207
0.1475254
0.1344243
0.12052653
0.10595665
0.090871017
0.075472815
0.060023916
0.044851033
0.030343411
0.016940104
0.0051062848
-0.0046999867
-0.012067099
-0.016669771
-0.018300601
-0.016873349
-0.01249801
-0.0053895894
0.0041256796
0.015601516
0.028529269
0.042370717
0.05658987
0.070679425
0.08418119
0.096699989
0.10791162
0.11756489
0.12547903
0.13153814
0.13568292
0.13790045
0.13821413
0.13666217
0.13347661
0.12861206
0.1222381
0.11447415
0.10547001
0.095382102
0.084382188
0.072657686
0.060413649
0.047874425
0.035283347
0.022900142
0.010995586
-0.00015645927
-0.010289335
-0.019155408
-0.026538328
-0.032264475
-0.036211943
-0.038317656
-0.038580264
-0.037064472
-0.033891903
-0.029211568
-0.023241069
-0.016220056
-0.0084091005
-8.0093353e-05
0.008493304
0.017044084
0.025319067
0.033084993
0.04013344
0.046284261
0.051388256
0.055328416
0.058021305
0.059415604
0.059492363
0.058262296
0.055779515
0.052100064
0.047319205
0.041535549
0.034898686
0.02756101
0.019704284
0.011614194
0.0032786344
0.47241395
0.4715941
0.47031978
0.46850148
0.46590676
0.46231201
0.45752297
0.4513418
0.44356519
0.43398299
0.42239694
0.40863072
0.39255147
0.37409404
0.35328431
0.33026651
0.30531881
0.27886129
0.25145224
0.22375539
0.1964859
0.17034679
0.14596944
0.12386837
0.10444215
0.087989792
0.07471728
0.064847247
0.058393134
0.055330145
0.055594692
0.059052402
0.065479211
0.074573715
0.085967901
0.099244565
0.11395097
0.12960177
0.14569871
0.16174027
0.17722765
0.19162992
0.20452347
0.21551381
0.22423133
0.23035605
0.23360527
0.23371096
0.23041395
0.22349184
0.21282123
0.19846022
0.18073148
0.1602778
0.13805302
0.11523822
0.093100043
0.072833395
0.055426511
0.041575937
0.031657042
0.02574202
0.023583983
0.025484922
0.030524428
0.038359912
0.048331432
0.059545147
0.071109886
0.082385681
0.093051433
0.10319404
0.11315514
0.12331917
0.13403147
0.14553403
0.15791912
0.17103424
0.1845398
0.19798182
0.2108703
0.22273477
0.23315438
0.24180844
0.24850192
0.25316022
0.25583637
0.25671682
0.25589775
0.25354591
0.24984257
0.24497759
0.23906513
0.23223842
0.22455625
0.21603229
0.20665374
0.19639493
0.1852356
0.17317549
0.16024471
0.14651128
0.13208806
0.11714055
0.10189628
0.08665382
0.071788983
0.057753877
0.045065245
0.034280369
0.025957604
0.020605915
0.018620432
0.020704831
0.026567385
0.036148102
0.049108627
0.064883719
0.082733195
0.1018032
0.12120007
0.14006447
0.15763445
0.17329105
0.18658253
0.19722774
0.20510248
0.21021284
0.21266426
0.21262692
0.21035222
0.20607429
0.19999436
0.19233359
0.18326648
0.17295818
0.1615404
0.14911785
0.1357802
0.12161512
0.10672471
0.091244365
0.07536114
0.059329557
0.043481249
0.028224989
0.014034234
0.0014209915
-0.0091024451
-0.017070069
-0.022113265
-0.024011495
-0.022610459
-0.018054333
-0.01056186
-0.0004962603
0.011664068
0.025371096
0.040045678
0.055112328
0.070028163
0.08430497
0.097524155
0.10934499
0.11950682
0.1278255
0.13418713
0.13853941
0.14087789
0.14124149
0.13976615
0.13640017
0.13137869
0.12480916
0.11681855
0.10755331
0.097170592
0.085840632
0.073749503
0.061102452
0.048126071
0.035068913
0.022199503
0.0098011839
-0.0018363875
-0.012428596
-0.021708988
-0.029443339
-0.035442862
-0.039575199
-0.041772387
-0.042026241
-0.04040503
-0.037033361
-0.032082045
-0.025772221
-0.018357224
-0.010111705
-0.001321519
0.0077259
0.016750299
0.025486118
0.033688584
0.041139029
0.047648556
0.053060576
0.057252176
0.060135423
0.061655605
0.061794706
0.060581407
0.058044482
0.05425054
0.049300883
0.04330031
0.036398387
0.028754915
0.020526675
0.012109631
0.0032811901
0.47810312
0.47725238
0.47593891
0.47409136
0.47147244
0.46782619
0.46292491
0.45652932
0.44839635
0.4382625
0.42588027
0.41102088
0.3935122
0.37326699
0.35031426
0.32483793
0.29719312
0.26792
0.23773616
0.20748789
0.17806394
0.15029632
0.12486975
0.10227682
0.082838965
0.066758539
0.054178959
0.045206503
0.039989849
0.038437304
0.040474856
0.0459239
0.05450077
0.065829308
0.079452812
0.094868725
0.11154886
0.12893841
0.14651013
0.16373705
0.18015898
0.19513378
0.20838783
0.21956842
0.22833146
0.23438871
0.23747249
0.23732168
0.23368093
0.22631382
0.21505673
0.19992344
0.18122469
0.1596397
0.13620558
0.11221353
0.089041044
0.067968863
0.050027353
0.035909301
0.025947862
0.020147586
0.018266671
0.020298889
0.025612898
0.033845627
0.044302547
0.055950608
0.067726934
0.078962216
0.08929146
0.098977859
0.10860457
0.11868064
0.12958752
0.14158258
0.15480339
0.16900063
0.18372905
0.19841565
0.21244954
0.22530711
0.23652237
0.24573554
0.25274565
0.25746218
0.25994528
0.26065789
0.2594992
0.25673321
0.2525823
0.24727363
0.2409904
0.23387076
0.22598479
0.217339
0.20789435
0.19759075
0.18637291
0.17421044
0.16110964
0.14711932
0.13233541
0.11690733
0.10104914
0.085053572
0.069301548
0.054265751
0.040503073
0.02863026
0.019278402
0.013020873
0.010200723
0.012089262
0.017962615
0.027928025
0.041670839
0.058581217
0.07783679
0.098477788
0.11949422
0.13991402
0.15887848
0.17569746
0.18987845
0.20113069
0.20934646
0.21456659
0.21693123
0.21661747
0.2140991
0.20945634
0.20299447
0.19495143
0.18552779
0.17489174
0.16317259
0.15046548
0.13684229
0.12236654
0.1071126
0.091188028
0.074756778
0.058060193
0.041431446
0.025299096
0.01017573
-0.003370383
-0.014759142
-0.02345365
-0.029018465
-0.031167466
-0.02985125
-0.025091491
-0.017135747
-0.0063902496
0.0066206584
0.021298779
0.037014106
0.053142327
0.069095946
0.084347684
0.098446917
0.11102942
0.12181934
0.13062669
0.13734046
0.14191665
0.14435831
0.14470778
0.14313622
0.13965765
0.13443711
0.12761191
0.1193258
0.10973026
0.098984085
0.087256632
0.074732024
0.061613886
0.048129365
0.034531229
0.021096736
0.0081228499
-0.0040826083
-0.015213672
-0.024981215
-0.033128868
-0.039448285
-0.043791937
-0.046083143
-0.046317096
-0.044559623
-0.040940251
-0.035645526
-0.028909833
-0.021002052
-0.012213564
-0.0028473093
0.0067922611
0.016408087
0.025718428
0.034463509
0.042411092
0.049360365
0.055146155
0.059638395
0.062744939
0.064403972
0.06458375
0.063383806
0.060773742
0.056836713
0.051681897
0.045420615
0.038203711
0.030216576
0.021564563
0.012703107
0.0032485826
0.48683787
0.48597519
0.48465301
0.48281319
0.48021202
0.47654962
0.47155228
0.46491501
0.45633721
0.44546926
0.43199187
0.41558658
0.39602011
0.37316251
0.34704587
0.31791962
0.28626304
0.25281019
0.21853102
0.18456369
0.15207632
0.12209836
0.095369971
0.072294426
0.053020284
0.03758315
0.026020369
0.018379385
0.014827345
0.015358233
0.01985261
0.028059211
0.039610164
0.054010002
0.070670978
0.088970094
0.10826764
0.12789638
0.14730096
0.16580809
0.1831336
0.1983922
0.21160842
0.22244373
0.23061677
0.23596044
0.23830193
0.23743319
0.23312581
0.2251679
0.21341577
0.1978729
0.1788039
0.15683871
0.1329972
0.10859706
0.085069596
0.063747465
0.045687813
0.031582118
0.021735812
0.016109481
0.014442106
0.016439125
0.021741174
0.030046056
0.040652035
0.052358732
0.06391595
0.074762302
0.084336573
0.09330834
0.10244546
0.11236426
0.12348585
0.1359694
0.15020025
0.16574748
0.18195995
0.19820903
0.21382045
0.2280815
0.2403875
0.25034021
0.25777185
0.26257498
0.2645278
0.26534233
0.2638088
0.26047206
0.25570609
0.24977719
0.24292207
0.23532319
0.22708063
0.21820446
0.2086322
0.19826256
0.18699322
0.17475078
0.16150682
0.14728235
0.13214851
0.11623133
0.099723348
0.082902397
0.06614845
0.049951908
0.034911824
0.021717204
0.011113994
0.0038785251
0.00089274929
0.0015073994
0.0071096219
0.017423078
0.03204222
0.050287446
0.071231221
0.093777626
0.1167667
0.1390819
0.1597413
0.1779646
0.1932076
0.20516786
0.21376098
0.21908117
0.22134058
0.22084171
0.21781339
0.21269363
0.20575464
0.19725198
0.1874071
0.17639525
0.16434358
0.15133584
0.13742285
0.12263883
0.10702327
0.090647312
0.073642508
0.056228039
0.038732027
0.021600858
0.005390166
-0.0092652474
-0.021701448
-0.031293114
-0.037519365
-0.040025177
-0.038830651
-0.033867223
-0.025396878
-0.013872605
0.00012582117
0.015940526
0.032881609
0.050267081
0.067456041
0.08387389
0.099029834
0.11252876
0.12407382
0.1334643
0.14059081
0.14541838
0.14797403
0.14834656
0.14662134
0.14295535
0.13748763
0.13036844
0.12175297
0.11179818
0.1006638
0.088516338
0.075535014
0.061918597
0.047891554
0.033708345
0.019653808
0.006038993
-0.0068078731
-0.018555711
-0.028887858
-0.037521141
-0.044222293
-0.048822583
-0.051229922
-0.051454778
-0.049550047
-0.04565473
-0.039970072
-0.032746629
-0.024271246
-0.014854248
-0.0048181748
0.0055127698
0.01582198
0.02580823
0.03519303
0.043727478
0.051195899
0.057421559
0.062265771
0.065635418
0.067471152
0.067764555
0.066517907
0.063814921
0.059717937
0.054341063
0.047805638
0.04024866
0.031898786
0.02277699
0.013396184
0.0032291311
0.49901053
0.49816784
0.49689753
0.49514665
0.49266067
0.4890818
0.48407752
0.47724508
0.46820548
0.45647301
0.44163091
0.42320575
0.40087452
0.37441239
0.34384892
0.30952002
0.27209551
0.23263697
0.19252443
0.15336256
0.11674799
0.083978293
0.05581142
0.032438732
0.013691893
-0.0006768028
-0.010792265
-0.016600301
-0.017901606
-0.014614312
-0.0068345516
0.0050987579
0.020662054
0.039175955
0.059872753
0.081966113
0.10463584
0.12695211
0.14853972
0.16895914
0.18661965
0.20169318
0.21443138
0.22424758
0.23102332
0.2347966
0.23557258
0.23331448
0.22791759
0.21922631
0.20710417
0.19154719
0.17279172
0.15138545
0.12822603
0.1045168
0.081617585
0.060835272
0.04322322
0.029477163
0.019910162
0.014473801
0.012861413
0.014680248
0.019707446
0.02776672
0.038192106
0.049523335
0.060304452
0.070263265
0.078760114
0.086652405
0.094674369
0.10415208
0.11579913
0.12879744
0.14441064
0.16174305
0.17985987
0.19791627
0.21507225
0.23057331
0.24387923
0.25463854
0.26267004
0.26797129
0.27076403
0.27053148
0.26837231
0.26443527
0.25899986
0.25236274
0.24480474
0.23656536
0.22780108
0.21855453
0.20875846
0.19827364
0.18694208
0.17463343
0.16127083
0.14683601
0.13136455
0.11494773
0.097745167
0.080007999
0.06210517
0.044538686
0.027948212
0.01309461
0.00083071262
-0.0079731623
-0.0125254
-0.012400596
-0.0070489281
0.003585538
0.019147271
0.038915382
0.061845476
0.08667313
0.11204599
0.13665931
0.15937101
0.17928583
0.19579832
0.20859761
0.21763264
0.2230583
0.2251642
0.22431661
0.2208751
0.21526191
0.20781615
0.19883155
0.18855115
0.17715987
0.16478363
0.15149376
0.1373175
0.12225522
0.10630461
0.089491337
0.071904108
0.053729701
0.035283206
0.017025634
-0.000440454
-0.016402383
-0.030094449
-0.04077497
-0.04780031
-0.050691291
-0.049806689
-0.044686734
-0.035680296
-0.023315987
-0.0082370274
0.0088345617
0.027144905
0.045949468
0.064547359
0.082308642
0.098693655
0.11326722
0.12570493
0.13579115
0.14341481
0.14854973
0.15124299
0.15160854
0.1497854
0.14592977
0.14020741
0.13279047
0.12384743
0.11354116
0.10203091
0.089477434
0.076051072
0.061941227
0.04736553
0.032576878
0.017865796
0.0035578231
-0.0099962035
-0.022436471
-0.033413218
-0.042610642
-0.049765407
-0.054681884
-0.057247942
-0.05749682
-0.055456841
-0.0512803
-0.04518518
-0.037439656
-0.028349775
-0.018245882
-0.0074710954
0.0036289318
0.014715453
0.025465552
0.035578528
0.044785829
0.052853772
0.059591462
0.064849616
0.068531322
0.070574808
0.070973948
0.069745706
0.066970851
0.062727724
0.057136259
0.05033978
0.042442029
0.033727832
0.024122277
0.014162468
0.0031945385
0.51485671
0.51408556
0.51296861
0.51144907
0.50925371
0.50595219
0.50113883
0.49427643
0.48488149
0.47226018
0.45586775
0.43496672
0.40911745
0.37788385
0.34129069
0.29973002
0.25413894
0.20612715
0.15778131
0.11152412
0.069627564
0.033687286
0.0042755879
-0.018907997
-0.036556454
-0.049284839
-0.057377945
-0.060780233
-0.059196904
-0.052357825
-0.040268247
-0.023401006
-0.0024916136
0.021478187
0.047460542
0.074529392
0.10153216
0.12739106
0.15149315
0.17326913
0.19130832
0.20603121
0.21737929
0.22511327
0.22943262
0.23064935
0.22894533
0.22447522
0.21734463
0.20760573
0.19522935
0.18016922
0.16252369
0.14267889
0.12135704
0.099555585
0.078437282
0.059173883
0.042751891
0.029853683
0.020826273
0.0156538
0.014012879
0.01552108
0.02006679
0.027602389
0.037512788
0.048344053
0.057910842
0.065840495
0.072807961
0.078702316
0.085223008
0.093819144
0.10554231
0.11996752
0.1366479
0.15573387
0.17594013
0.19606191
0.21508858
0.23213036
0.24656021
0.25803048
0.26639329
0.27180714
0.27465634
0.27429753
0.27191145
0.26764119
0.26175965
0.25457097
0.24637991
0.23748008
0.22810483
0.21836808
0.20823718
0.19755816
0.18612015
0.17372547
0.16023521
0.14557962
0.12974873
0.112788
0.094811476
0.076031083
0.056792369
0.037601093
0.019136557
0.0022408159
-0.01212015
-0.022931025
-0.029218612
-0.030190112
-0.025393476
-0.014601161
0.0018860212
0.023303656
0.048478635
0.075951276
0.10413843
0.13150189
0.15669304
0.17865947
0.19670843
0.21051798
0.220091
0.22567214
0.22764499
0.22648661
0.22265128
0.21658119
0.20866565
0.19923806
0.18856322
0.17683557
0.16417989
0.15065513
0.13626425
0.12097153
0.10472852
0.087508701
0.069348893
0.050394191
0.03093968
0.011458012
-0.0073984682
-0.024829414
-0.039953751
-0.051898552
-0.059859249
-0.062965864
-0.06271845
-0.05745989
-0.047907979
-0.034696702
-0.018527547
-0.0001807295
0.019532617
0.039811619
0.059899452
0.079109733
0.096848042
0.11262927
0.12608815
0.13698687
0.14520526
0.15072652
0.1536235
0.15402905
0.15216382
0.14815678
0.14221298
0.13453239
0.1252994
0.11468378
0.10284337
0.089930793
0.076103754
0.061537832
0.046439406
0.031055844
0.015681149
0.00065491246
-0.013648029
-0.026835037
-0.038518981
-0.0483451
-0.056015749
-0.061307088
-0.064065064
-0.064394583
-0.0622486
-0.057810399
-0.051318323
-0.043057532
-0.033351934
-0.022550155
-0.011014249
0.00089018632
0.012801699
0.024374482
0.03528286
0.045235186
0.053975108
0.061296762
0.067036101
0.071089212
0.073393566
0.073943594
0.072789635
0.069985951
0.065638813
0.059866997
0.052848625
0.044640509
0.03558175
0.025513788
0.014957829
0.0031400533
0.53443723
0.53381145
0.53299638
0.53192668
0.53029729
0.52759565
0.52331907
0.51676628
0.50730846
0.49396005
0.47599097
0.45223246
0.42210627
0.38475132
0.34023218
0.28882163
0.23182121
0.17163702
0.11156182
0.055611629
0.0072170521
-0.031731947
-0.061437606
-0.083369276
-0.099071164
-0.10954921
-0.11505722
-0.1154293
-0.11036801
-0.098956302
-0.081241939
-0.057948441
-0.030073117
0.0011418441
0.034099851
0.067571251
0.10007092
0.13032232
0.15747763
0.18055627
0.19867129
0.21203852
0.22084991
0.22505856
0.22538947
0.22266902
0.21741706
0.2099884
0.20062271
0.18954481
0.17679072
0.1624516
0.14663263
0.12944489
0.11124264
0.092682232
0.074629666
0.058024529
0.043710337
0.032317802
0.02423245
0.019523053
0.01789938
0.019020657
0.02293877
0.029778533
0.038889067
0.048505955
0.056755986
0.062374816
0.066383115
0.069638665
0.073941067
0.080861293
0.091314921
0.1060839
0.1241365
0.14526105
0.16793113
0.19063387
0.21203451
0.23101859
0.24683285
0.25911828
0.26784492
0.27321626
0.27560984
0.27530709
0.27283523
0.26852819
0.26260357
0.25529839
0.24685597
0.23756164
0.22770339
0.21748856
0.2069696
0.19602756
0.18442553
0.17190095
0.15824263
0.14331879
0.12706694
0.10948026
0.090619299
0.070647551
0.049878715
0.028816636
0.0081791611
-0.011108552
-0.027944312
-0.041129353
-0.049468752
-0.051868468
-0.048030457
-0.037332796
-0.020044373
0.0030189439
0.030550184
0.060881496
0.092178526
0.12264446
0.15069221
0.17507226
0.19495886
0.20999105
0.22022779
0.2260299
0.22793483
0.22653923
0.22239929
0.2159777
0.20771085
0.19795794
0.18699773
0.17503165
0.16218367
0.14850233
0.13396885
0.11851348
0.10204186
0.084473135
0.065788645
0.046087163
0.025639303
0.0049279719
-0.015342306
-0.034279585
-0.050888967
-0.064205883
-0.0734705
-0.078504669
-0.077167739
-0.071463699
-0.061352571
-0.047351772
-0.03018622
-0.010678128
0.010317442
0.031957137
0.053442712
0.074044717
0.093121497
0.11013698
0.1246766
0.13646442
0.14536157
0.15135494
0.15452657
0.1550114
0.15321864
0.14914065
0.14305161
0.13518416
0.12573901
0.11489332
0.10280392
0.089614557
0.075468245
0.060523691
0.044972061
0.029051185
0.013055864
-0.0026620365
-0.017703789
-0.031641778
-0.04404913
-0.054528936
-0.062748013
-0.068461879
-0.071530822
-0.07189809
-0.069667263
-0.065005049
-0.05816174
-0.049437229
-0.039170941
-0.027725638
-0.015477469
-0.0028063627
0.0099083653
0.022300262
0.034018994
0.044748243
0.054205099
0.062162491
0.068438615
0.072924668
0.075551595
0.076346695
0.07529406
0.072524841
0.068145109
0.062259637
0.055088612
0.046640506
0.037292041
0.026825313
0.015709963
0.0030593707
0.55762097
0.5572414
0.55692298
0.55660222
0.55592654
0.55430986
0.55110545
0.54544507
0.53646987
0.52286199
0.50355926
0.47673312
0.44158295
0.39653406
0.3418021
0.27711665
0.20445044
0.12704591
0.050157703
-0.019106143
-0.075376219
-0.11639408
-0.1441888
-0.1627684
-0.17510046
-0.1827335
-0.18550172
-0.18228979
-0.1733648
-0.1560282
-0.13091957
-0.099186846
-0.062332597
-0.022002088
0.020374444
0.0624785
0.10204814
0.13761696
0.16819367
0.19266837
0.21033212
0.22133123
0.22594042
0.2244411
0.2186876
0.20988149
0.19912993
0.18751531
0.17534229
0.16305448
0.15051921
0.13757042
0.12417489
0.11041996
0.096456225
0.082450143
0.068786267
0.056064521
0.044912712
0.035848892
0.029276905
0.02538883
0.023976888
0.024739238
0.027874904
0.033808219
0.041918034
0.05013153
0.056157388
0.058921452
0.059160937
0.058394134
0.058756168
0.062655219
0.071509406
0.0861925
0.10581576
0.12916852
0.15473034
0.18057733
0.20490186
0.22628462
0.2438087
0.2570933
0.26621033
0.27153445
0.27360581
0.27296992
0.2702142
0.26583164
0.26003207
0.25298737
0.24482317
0.23568662
0.22579539
0.21538633
0.20460659
0.19342809
0.18164601
0.16896358
0.15510129
0.13985973
0.12312017
0.10482424
0.084979906
0.063701522
0.04126997
0.018185818
-0.0047972737
-0.026668659
-0.046187128
-0.061966088
-0.07254924
-0.076622557
-0.07400255
-0.063613963
-0.045701062
-0.021133639
0.0086528911
0.041786112
0.076186786
0.10981236
0.14084705
0.16783046
0.18975952
0.20618437
0.21720994
0.2233347
0.22524419
0.22370483
0.21934243
0.21273627
0.20431538
0.19443893
0.18338268
0.17134508
0.15844699
0.14472989
0.13015987
0.11464093
0.098040496
0.080229492
0.061137261
0.040817366
0.019516185
-0.0022735875
-0.023796989
-0.044072395
-0.061988015
-0.076440571
-0.086494468
-0.091513757
-0.090917631
-0.085190972
-0.074714098
-0.060109171
-0.042166673
-0.021750053
0.00025371338
0.022973252
0.045584121
0.067331452
0.087542414
0.10564141
0.12117086
0.13381124
0.14339867
0.14991271
0.15346274
0.15431096
0.15244297
0.14835172
0.14222605
0.13429293
0.12476001
0.11380863
0.10159455
0.088253679
0.073915239
0.058720168
0.04284223
0.02650719
0.010006333
-0.0063000005
-0.021991208
-0.036606712
-0.049679927
-0.06077346
-0.06951392
-0.07563676
-0.07900359
-0.079447814
-0.077179602
-0.072356601
-0.065241004
-0.056149433
-0.045434605
-0.033468174
-0.020633782
-0.0073182475
0.0060882741
0.019205436
0.031663567
0.043125022
0.053279373
0.061876036
0.068708818
0.073656265
0.076645559
0.077701194
0.076841288
0.074188751
0.069870453
0.063971875
0.05675246
0.048181971
0.038647966
0.027901762
0.016319492
0.0029352966
0.584055
0.58404719
0.58446731
0.58527596
0.58605934
0.58619157
0.58482408
0.58096269
0.57334144
0.56040087
0.54041753
0.510694
0.46979306
0.41524225
0.34725812
0.26444934
0.17034481
0.068528786
-0.032000872
-0.11919723
-0.18445378
-0.22559292
-0.24781517
-0.25927372
-0.26566002
-0.26932651
-0.26992257
-0.26488986
-0.24958836
-0.22460936
-0.19009018
-0.14737357
-0.098669893
-0.046469552
0.0072107747
0.059658445
0.10804175
0.15026207
0.18505621
0.21121057
0.22800075
0.23572479
0.23550939
0.22587086
0.21150233
0.19405373
0.17508544
0.15616264
0.13928487
0.12468402
0.11225039
0.10192587
0.09295778
0.084354418
0.075949723
0.067732702
0.059693707
0.052011908
0.045040559
0.039153599
0.034752269
0.032136218
0.031187119
0.031692207
0.034068285
0.038984999
0.045793669
0.052078362
0.055227693
0.05390029
0.048895147
0.042582286
0.038116032
0.038359183
0.045281817
0.059781793
0.080909689
0.10712734
0.13623202
0.16574701
0.19342862
0.21753799
0.23699048
0.25138987
0.26092483
0.26617779
0.26791448
0.26688525
0.26378987
0.25910515
0.25326537
0.24647616
0.23883846
0.2303582
0.22105368
0.21102205
0.20039256
0.18921162
0.17735919
0.16456664
0.15052109
0.13496591
0.11773043
0.098713245
0.077880458
0.055307037
0.03124669
0.0061964569
-0.019056714
-0.043422551
-0.065536214
-0.083825431
-0.096663867
-0.1024938
-0.1011326
-0.091172239
-0.072865057
-0.047102054
-0.015420095
0.020122056
0.057219905
0.093629462
0.12736916
0.15680581
0.18073777
0.19857132
0.21042123
0.2169116
0.21889599
0.21727646
0.21283965
0.20622712
0.19788666
0.18815091
0.17726454
0.16540048
0.15266528
0.13909363
0.12464526
0.10921181
0.092638053
0.074761689
0.055472348
0.034786563
0.012928428
-0.0096063993
-0.032024813
-0.053268051
-0.072119644
-0.087371294
-0.098002895
-0.10333076
-0.10303705
-0.097333398
-0.086671469
-0.071733373
-0.053342905
-0.032383856
-0.0097598075
0.013640285
0.036975765
0.059479533
0.080465898
0.099335392
0.11559577
0.1288942
0.13904146
0.14600393
0.14988534
0.15089087
0.14924338
0.14528189
0.13926086
0.13141696
0.12196363
0.11108054
0.098917978
0.085603779
0.071255205
0.055997895
0.039989132
0.023440403
0.0066349639
-0.010064265
-0.02622068
-0.041347321
-0.054942353
-0.066532002
-0.075707706
-0.082161256
-0.085728528
-0.086325804
-0.084088463
-0.079188121
-0.071909565
-0.062587883
-0.05158693
-0.039281653
-0.026055512
-0.012293922
0.0016095519
0.015268871
0.028301838
0.040356488
0.051100093
0.060259755
0.067604085
0.072992985
0.076349901
0.077684055
0.077065744
0.074589679
0.070423107
0.064629866
0.057495359
0.048966182
0.039407516
0.028572637
0.016676763
0.0027530886
0.61314908
0.61365142
0.61509267
0.61747343
0.62033405
0.62304278
0.6245418
0.6237624
0.61884756
0.60811125
0.5886013
0.55703707
0.50993318
0.44411634
0.35830548
0.2499275
0.12486998
-0.013720488
-0.14590256
-0.25562418
-0.32589911
-0.36122029
-0.37402776
-0.37447096
-0.37170615
-0.36946057
-0.36586317
-0.35729809
-0.33719912
-0.30448757
-0.25985528
-0.20498216
-0.14234752
-0.075319242
-0.0075517298
0.05792149
0.11756398
0.16833196
0.20852767
0.23713142
0.25299087
0.25686718
0.24732831
0.22996654
0.20520136
0.17715011
0.14824167
0.12117542
0.097577707
0.077730582
0.062979449
0.053917101
0.049051868
0.047531075
0.047352698
0.046997069
0.046132286
0.044758713
0.043013872
0.041132489
0.039524045
0.038605549
0.038364431
0.038718022
0.040347601
0.04409635
0.04915695
0.052773974
0.051887381
0.045271196
0.034020494
0.021283907
0.0111982
0.0075449807
0.012653203
0.02742798
0.05075745
0.08038123
0.11341067
0.14685632
0.17805246
0.20495259
0.22632306
0.24178593
0.25167389
0.25678059
0.25809526
0.25659189
0.2530847
0.24814636
0.242164
0.23543344
0.22815982
0.22041034
0.21209139
0.20305126
0.19320153
0.1825122
0.17091077
0.15820433
0.14411028
0.12835559
0.11073997
0.091137302
0.069488985
0.045846682
0.020444667
-0.0062202924
-0.033335125
-0.059751739
-0.084006242
-0.10442015
-0.1192424
-0.12692859
-0.12638787
-0.11688592
-0.098493188
-0.072031034
-0.039079939
-0.0018491713
0.037146836
0.075506482
0.11118803
0.14249739
0.16805133
0.18703822
0.19957121
0.20638604
0.2084752
0.20687141
0.20249556
0.19604443
0.18801014
0.17869424
0.16828609
0.1569054
0.14462111
0.13145089
0.11735292
0.10222189
0.085900832
0.068216404
0.049038225
0.028359015
0.0063831973
-0.016398362
-0.039173476
-0.060843629
-0.080142728
-0.095813444
-0.10679056
-0.11236857
-0.11227508
-0.10669082
-0.096092101
-0.081174143
-0.062756993
-0.041711338
-0.018934585
0.0046751838
0.028263215
0.051055986
0.07236819
0.091591914
0.10821014
0.12184549
0.13229317
0.13951712
0.14362384
0.14481565
0.14336722
0.1396005
0.13379641
0.12619902
0.11701697
0.10641787
0.094536569
0.081486466
0.06737211
0.052306385
0.036432873
0.019949114
0.0031258362
-0.013679095
-0.030022449
-0.04540081
-0.059289467
-0.071184987
-0.080651259
-0.087354807
-0.091092216
-0.091830899
-0.089669081
-0.084790045
-0.077484761
-0.068105316
-0.057023311
-0.04460977
-0.031239275
-0.017287637
-0.0031453399
0.010802204
0.024167677
0.036593348
0.047732782
0.057293522
0.065025588
0.070768735
0.074444342
0.076048992
0.075680747
0.07340768
0.069462573
0.063890407
0.05698494
0.04869153
0.039318979
0.028661304
0.016695775
0.0025463504
0.64407134
0.6452182
0.64798424
0.65240073
0.65803718
0.66424503
0.66991716
0.67382909
0.67379167
0.66777691
0.6510666
0.62006848
0.56755727
0.48950277
0.37919782
0.23406579
0.058623412
-0.14083359
-0.31585408
-0.44185916
-0.50814051
-0.52466041
-0.51673449
-0.49675257
-0.48204505
-0.47640668
-0.47255728
-0.4595866
-0.43407977
-0.39397401
-0.33946442
-0.27234615
-0.1955869
-0.1132304
-0.029302676
0.051856436
0.12510949
0.18650821
0.23409324
0.26717501
0.28403236
0.28415742
0.26988927
0.24440561
0.20980876
0.16882266
0.12591262
0.085788847
0.051520985
0.025375916
0.0092696029
0.000840021
-0.0022678077
0.00090886647
0.0090017179
0.018581458
0.026922077
0.033334961
0.037896558
0.040835314
0.042636972
0.043848496
0.04455483
0.044846972
0.045668797
0.047964312
0.050731954
0.050887472
0.045205041
0.032437448
0.014215701
-0.0053549461
-0.021079263
-0.0283357
-0.024576837
-0.0089826741
0.016878794
0.050083045
0.087113154
0.12447835
0.15912185
0.18869752
0.21181441
0.228144
0.23821982
0.24307493
0.24391158
0.24188337
0.23794432
0.23274914
0.22668067
0.21997491
0.21284759
0.20551754
0.19807263
0.19031156
0.18183961
0.17230814
0.16151585
0.14930231
0.13546065
0.11976931
0.10204972
0.082184415
0.060115223
0.035885374
0.0097195058
-0.017888034
-0.046111578
-0.073770892
-0.099356687
-0.12112222
-0.13727381
-0.1464167
-0.14635845
-0.13740857
-0.11936912
-0.092924366
-0.059600415
-0.02168101
0.018120415
0.057250552
0.093711769
0.125925
0.15239413
0.17196565
0.18479182
0.19174913
0.19391679
0.19239686
0.18820565
0.18206626
0.17454822
0.16590951
0.15628135
0.14571739
0.13422539
0.12178441
0.10834337
0.093808623
0.078041478
0.060882387
0.042204334
0.021993723
0.00044192063
-0.021975414
-0.044461417
-0.065931563
-0.085124876
-0.10077667
-0.11180943
-0.1175109
-0.11762506
-0.11232738
-0.10209676
-0.087613274
-0.06965565
-0.049041711
-0.026633462
-0.0033284298
0.020000198
0.042572497
0.063714904
0.082825041
0.099367617
0.11294583
0.12335301
0.13056388
0.13469988
0.13598086
0.13468895
0.13114452
0.12564188
0.11843315
0.10971517
0.099635929
0.088304784
0.075809943
0.062235786
0.047680239
0.032274822
0.016203438
-0.00027917461
-0.016827883
-0.03300199
-0.048295271
-0.062177728
-0.074131896
-0.083700495
-0.090528856
-0.094405631
-0.095284764
-0.093257937
-0.088508468
-0.081338634
-0.072106784
-0.061184951
-0.048932202
-0.035704424
-0.021859464
-0.0077793017
0.0061540703
0.019554845
0.032066844
0.043341308
0.053071613
0.060997411
0.066938369
0.070817873
0.072619669
0.072460698
0.070419018
0.066745443
0.061492664
0.054954675
0.047098873
0.038155775
0.027988712
0.016362491
0.0024465408
0.67575377
0.67766875
0.68204013
0.68893109
0.69802438
0.70867557
0.71994016
0.73044999
0.73814762
0.74000185
0.73081583
0.7049154
0.65154282
0.5625965
0.42180712
0.2245618
-0.041681713
-0.32925229
-0.45753842
-0.61791627
-0.6688083
-0.65900115
-0.63705772
-0.58323625
-0.55652497
-0.55059639
-0.54843581
-0.537844
-0.51329347
-0.47216603
-0.41374958
-0.33951958
-0.25293916
-0.15870836
-0.062491638
0.029984108
0.11338592
0.18343055
0.23799199
0.27612507
0.2974042
0.30037501
0.28684462
0.25885462
0.21883224
0.17018682
0.11713997
0.063412543
0.013684773
-0.024813938
-0.048609774
-0.059215954
-0.056770831
-0.047589242
-0.03415554
-0.016283707
0.0020385616
0.017484069
0.029432734
0.037947847
0.043713691
0.047423644
0.049255437
0.049530717
0.049441526
0.049963913
0.049925105
0.046008963
0.034883356
0.015533418
-0.0097447578
-0.035902261
-0.056847213
-0.067357679
-0.064563446
-0.047861073
-0.019304116
0.017485533
0.058342146
0.099330591
0.13710515
0.16907417
0.19367478
0.21061684
0.22065093
0.22509483
0.22538152
0.22281363
0.21845547
0.21301385
0.20685137
0.2001533
0.19310054
0.18598877
0.17906167
0.17235122
0.16546921
0.15769449
0.148437
0.13736226
0.12428759
0.1090966
0.091711396
0.072083089
0.050190391
0.026086913
-9.2152521e-06
-0.027614564
-0.055915971
-0.083725403
-0.10952542
-0.13156701
-0.1480332
-0.15751463
-0.15808184
-0.14987824
-0.13273187
-0.10720957
-0.07465252
-0.037274636
0.002053047
0.040577871
0.076390784
0.10828794
0.13487501
0.15416912
0.16668035
0.17344363
0.17554317
0.17410585
0.17014712
0.1645262
0.15769665
0.14993753
0.14134519
0.13190903
0.12155984
0.11021417
0.097796981
0.084222863
0.069380028
0.053141369
0.035405546
0.016171839
-0.0043733657
-0.025783535
-0.04731263
-0.067935637
-0.086444609
-0.10161623
-0.11240788
-0.11812227
-0.11849264
-0.11367167
-0.10412778
-0.090505022
-0.073508415
-0.053864001
-0.032364778
-0.0098950448
0.012646012
0.034467382
0.05492208
0.073431843
0.0894397
0.10253067
0.11251763
0.11939992
0.12331643
0.1245167
0.12329762
0.11996935
0.11480799
0.10809701
0.10001736
0.090691796
0.080197109
0.068584438
0.055903857
0.042228268
0.027674862
0.012414713
-0.003318786
-0.019200873
-0.034799153
-0.04961899
-0.063145741
-0.07486558
-0.084317048
-0.09113751
-0.095091797
-0.096115307
-0.094295124
-0.089812748
-0.082964444
-0.074109087
-0.063613591
-0.051816526
-0.039043943
-0.025627396
-0.011935887
0.0016513598
0.014755393
0.02702841
0.038131571
0.047748801
0.055617302
0.061543124
0.065460486
0.067345671
0.067335558
0.065510779
0.062137925
0.05728487
0.051239435
0.044006013
0.03575308
0.026373405
0.015778147
0.0026580998
0.70692824
0.70971581
0.71589572
0.72561433
0.7386993
0.75464362
0.77273264
0.79170923
0.80973654
0.8234334
0.8277575
0.81399175
0.77009449
0.67770283
0.51045099
0.23888266
-0.045186109
-0.42420659
-0.74995092
-0.9257697
-0.88478887
-0.77451079
-0.68810899
-0.62828542
-0.59089943
-0.58178358
-0.58020921
-0.57275068
-0.55348544
-0.51803312
-0.46417036
-0.39261651
-0.30678585
-0.21178367
-0.11371324
-0.018778956
0.06780897
0.1423286
0.20278692
0.24769674
0.27759702
0.28850846
0.28181333
0.25869298
0.22087635
0.17109002
0.11255295
0.050096291
-0.0094835281
-0.060656376
-0.098807193
-0.11728684
-0.11589354
-0.10110899
-0.078825224
-0.053147215
-0.02629191
-0.0017672852
0.017878664
0.032427658
0.042760631
0.049368151
0.052509728
0.052805314
0.051666991
0.050074215
0.046754901
0.038338467
0.021601811
-0.0041312466
-0.036025098
-0.068264953
-0.09399473
-0.10752714
-0.10534745
-0.087267402
-0.055841812
-0.015519471
0.0288088
0.072830965
0.11307821
0.14684352
0.172422
0.18962792
0.19942712
0.20336167
0.20303872
0.19988696
0.1950844
0.18937287
0.18310093
0.17633718
0.16919565
0.16200951
0.15533938
0.14946622
0.14407143
0.13828495
0.13123013
0.12211931
0.11056056
0.096501619
0.080039613
0.06127832
0.040288425
0.017163056
-0.0078827333
-0.034394721
-0.061591144
-0.088332613
-0.11314824
-0.13431405
-0.15009788
-0.159097
-0.1600486
-0.15263993
-0.13686533
-0.11319214
-0.08264801
-0.047165895
-0.0096460254
0.026885576
0.060552946
0.090695832
0.11682166
0.13466572
0.14607717
0.15230787
0.15416208
0.1527362
0.14911881
0.14406361
0.13800969
0.13124548
0.12384725
0.11576841
0.10687738
0.096998961
0.086005482
0.073802077
0.060300908
0.045414955
0.029081389
0.011329781
-0.0076487824
-0.027447391
-0.047395377
-0.066564156
-0.083849929
-0.098124941
-0.10840949
-0.11402919
-0.11470225
-0.11054179
-0.10198162
-0.089608406
-0.074034283
-0.055865685
-0.035793784
-0.014673111
0.006561934
0.027099149
0.046337194
0.063758194
0.078779195
0.09095104
0.1001288
0.10635696
0.10980546
0.11074005
0.10947132
0.10630736
0.10151549
0.095380308
0.088072921
0.079698974
0.070308432
0.059909734
0.048502632
0.036116977
0.022841308
0.0088214614
-0.005742948
-0.020543072
-0.035142613
-0.049077005
-0.061877207
-0.073051731
-0.082147834
-0.08880035
-0.092763485
-0.093961755
-0.09241598
-0.088341946
-0.082012139
-0.073774115
-0.063981864
-0.052946308
-0.04095188
-0.028294783
-0.015327315
-0.0024310707
0.010024805
0.02170997
0.032310586
0.041504048
0.049029386
0.05468823
0.058437162
0.060258299
0.060308969
0.058673901
0.055625301
0.051234486
0.045794543
0.039330464
0.032033991
0.023599712
0.014998141
0.0033626637
0.73620695
0.73991609
0.74799385
0.76071403
0.77807922
0.79984505
0.82559633
0.85450235
0.88511557
0.91455199
0.93795875
0.94625445
0.92536873
0.8481351
0.67459673
0.37793482
-0.081592503
-0.53989882
-0.87353669
-0.81709287
-0.71740783
-0.62644335
-0.59332974
-0.57081399
-0.57263766
-0.56870047
-0.55646264
-0.53036197
-0.48739027
-0.42758968
-0.35365692
-0.27002665
-0.18212902
-0.09542754
-0.014353282
0.057951982
0.12033867
0.17202266
0.20702997
0.22719456
0.23257427
0.22271385
0.19811821
0.15875213
0.10523512
0.041604795
-0.024206473
-0.085382233
-0.13266489
-0.16028811
-0.1674703
-0.15438861
-0.12586503
-0.090618018
-0.055155392
-0.022458933
0.0051982188
0.02499409
0.040215839
0.050122567
0.054764925
0.055109807
0.052795344
0.048832685
0.041984911
0.029020102
0.006952334
-0.024571261
-0.06239168
-0.10008484
-0.13009836
-0.14626783
-0.14456233
-0.1249039
-0.09048644
-0.04676282
0.00053818268
0.046804763
0.08866295
0.1234211
0.14913725
0.16591321
0.17510458
0.17855224
0.1777383
0.17402758
0.16876276
0.16267063
0.15606937
0.14910831
0.14185775
0.13437345
0.12736236
0.12175516
0.11795438
0.11432846
0.11000212
0.10369464
0.094558427
0.082442523
0.067632385
0.050456569
0.031140743
0.0098552302
-0.013169836
-0.037516826
-0.062475526
-0.087003776
-0.10973638
-0.12906709
-0.14341022
-0.15150296
-0.1523565
-0.14568797
-0.13159686
-0.11047888
-0.083035247
-0.050748454
-0.016292703
0.0170264
0.047089115
0.075047266
0.0992876
0.11447232
0.12401633
0.12922715
0.13074314
0.12931706
0.12600344
0.12152712
0.11628413
0.11056849
0.10445253
0.097859906
0.090613668
0.082471404
0.073283012
0.062889813
0.051184732
0.03810432
0.023622111
0.0078170642
-0.009101187
-0.026772223
-0.044619312
-0.061832719
-0.077446601
-0.090472787
-0.10002234
-0.10544926
-0.10646089
-0.10311908
-0.095791256
-0.084982611
-0.071205258
-0.054938578
-0.036751142
-0.01744622
0.0020031244
0.020747955
0.038251345
0.054112787
0.067702222
0.078522781
0.086532805
0.091812671
0.094563986
0.095070969
0.093637293
0.090554507
0.086160002
0.080657476
0.074225132
0.066959704
0.058891595
0.049995316
0.040213264
0.029510009
0.017940277
0.005622585
-0.0073298567
-0.02064675
-0.033845012
-0.046501112
-0.058224045
-0.068553704
-0.077052988
-0.083369981
-0.087260352
-0.088616529
-0.08745572
-0.08393944
-0.078323636
-0.070935491
-0.062109912
-0.052128399
-0.041226635
-0.029656391
-0.017746069
-0.005884
0.0055691571
0.016307504
0.026059968
0.034503909
0.041383879
0.046512965
0.049876731
0.0514706
0.051475195
0.049994609
0.047304976
0.043419657
0.03870891
0.033136272
0.027076842
0.019690389
0.013187655
0.0042632778
0.76216827
0.7667659
0.77668201
0.79232823
0.81391538
0.8415188
0.87514229
0.91459201
0.95916437
1.0071682
1.0546966
1.0944682
1.1109856
1.078862
0.90589945
0.58590229
0.082436482
-0.57538739
-0.55543196
-0.54343112
-0.54309126
-0.53692251
-0.52064668
-0.49157129
-0.44917127
-0.3949847
-0.33231076
-0.26523661
-0.19772684
-0.13281329
-0.072188277
-0.016788459
0.032378921
0.07391168
0.10805804
0.13249742
0.14484485
0.1416267
0.1201875
0.081715883
0.030145943
-0.031709137
-0.09630074
-0.15121582
-0.18807675
-0.20225634
-0.19305515
-0.16556997
-0.12639522
-0.082090198
-0.041205011
-0.0084407138
0.018019367
0.037506814
0.050575794
0.056854491
0.057269051
0.05373239
0.047341475
0.036993535
0.019727613
-0.0070866687
-0.043418604
-0.086414196
-0.12881734
-0.16240441
-0.18083838
-0.17950763
-0.15824156
-0.12091051
-0.074106448
-0.024520487
0.023001233
0.065497891
0.10067452
0.125685
0.1412578
0.14913198
0.15156683
0.15030455
0.1462458
0.14059095
0.13402233
0.1268378
0.1192455
0.11149927
0.10342133
0.096177044
0.090522178
0.086919442
0.085783982
0.084980248
0.082512752
0.076852379
0.067625633
0.055317649
0.040499335
0.023597952
0.0049098361
-0.015280318
-0.036584569
-0.058396177
-0.079814728
-0.099626974
-0.11642511
-0.12887694
-0.13577394
-0.13637975
-0.13047039
-0.11825337
-0.10006755
-0.076377924
-0.048238127
-0.01798241
0.011056843
0.037256689
0.062186866
0.082085128
0.094607062
0.1021671
0.10583332
0.10647865
0.10495082
0.10191933
0.097983366
0.093493537
0.088737474
0.083823746
0.07876164
0.07342516
0.067222998
0.060091284
0.05185498
0.042370531
0.031544853
0.019326462
0.0058687752
-0.0085821381
-0.023729025
-0.039094573
-0.053993503
-0.067620457
-0.079133072
-0.087754929
-0.092903566
-0.094274431
-0.091862424
-0.085944931
-0.076927886
-0.065215522
-0.051166577
-0.035227903
-0.01813931
-0.00090703258
0.015582752
0.030877138
0.044777992
0.056615972
0.065567183
0.072038493
0.076132326
0.078014788
0.077969474
0.07631294
0.073325537
0.06929117
0.064435558
0.058933977
0.052881691
0.046308526
0.039161552
0.03131641
0.022670427
0.013227864
0.0029914858
-0.0080636466
-0.019546714
-0.030873916
-0.041850267
-0.052179349
-0.061399678
-0.069093299
-0.074928532
-0.078671422
-0.080194882
-0.079485513
-0.07665701
-0.071934586
-0.065609757
-0.057986154
-0.04931292
-0.039777394
-0.029588158
-0.019050373
-0.008560236
0.0015376025
0.010982041
0.019555518
0.02692993
0.032837351
0.037151012
0.039913377
0.041137477
0.041006187
0.039643953
0.037392916
0.03400817
0.030159676
0.025632142
0.021002932
0.015216599
0.010112617
0.0038293294
0.78346582
0.78882552
0.80034376
0.81855694
0.843896
0.87672552
0.91757782
0.96689451
1.0251331
1.0918457
1.1657167
1.2416486
1.3099011
1.3434766
1.2149275
0.91353727
-0.54544771
-0.5192898
-0.50474917
-0.50703437
-0.50694724
-0.50107699
-0.48746074
-0.46552854
-0.43558142
-0.40056105
-0.36252267
-0.32298515
-0.28237129
-0.24006903
-0.19418856
-0.14695947
-0.095146926
-0.044347376
0.00085571952
0.036739746
0.057536802
0.061720258
0.047739845
0.014004502
-0.037337956
-0.095353727
-0.15213352
-0.19499641
-0.21636269
-0.21401749
-0.19020183
-0.15061697
-0.10308084
-0.056584159
-0.018035427
0.013219612
0.036877542
0.052263712
0.06027994
0.060668717
0.055840986
0.047052552
0.033393731
0.012303055
-0.018250475
-0.057914639
-0.1056938
-0.15171672
-0.18787477
-0.20812399
-0.20702225
-0.18431983
-0.14451518
-0.095346313
-0.044497872
0.0030224604
0.044933559
0.080221212
0.10356835
0.11732913
0.12383107
0.12495127
0.12250103
0.11795313
0.11189423
0.10465653
0.096519851
0.087694683
0.078383031
0.069645518
0.061795786
0.056170347
0.05386645
0.054872832
0.057099472
0.05927076
0.058233201
0.052844733
0.044016674
0.03239183
0.018579329
0.0030551742
-0.01376902
-0.03150022
-0.049626745
-0.067408078
-0.083864761
-0.097863219
-0.10828243
-0.11388941
-0.11423526
-0.1092065
-0.099008831
-0.083883431
-0.064152499
-0.040579679
-0.015077232
0.0095005048
0.031151104
0.050730221
0.065671352
0.075949139
0.081565772
0.083523318
0.082964715
0.080977842
0.078005693
0.074385515
0.070515793
0.066640692
0.062914445
0.059275638
0.055377457
0.051412758
0.046734049
0.041044928
0.034190649
0.025997922
0.016363783
0.005613319
-0.0060430245
-0.018395183
-0.031045941
-0.043428188
-0.054887065
-0.064732061
-0.072314176
-0.077113678
-0.078827237
-0.077393921
-0.072981984
-0.065879198
-0.056384861
-0.044761191
-0.031343829
-0.016791721
-0.0021515024
0.011625273
0.024287494
0.035922525
0.045990229
0.052558254
0.057085442
0.059731509
0.060597154
0.059917363
0.057990746
0.055089351
0.051462157
0.047299727
0.042785618
0.038008934
0.032989738
0.027718011
0.022058228
0.015727257
0.0087566385
0.001245416
-0.0074324393
-0.017186634
-0.026372194
-0.035308241
-0.043963921
-0.051839518
-0.058541207
-0.063771984
-0.067295162
-0.068964817
-0.068748747
-0.066712471
-0.063031026
-0.057948606
-0.051730782
-0.044589883
-0.036660004
-0.028098304
-0.019190084
-0.010357726
-0.0019524692
0.0058507822
0.012940751
0.018997077
0.023632252
0.026852993
0.028759806
0.029458102
0.029104437
0.027783885
0.025679531
0.023222508
0.020406788
0.017090603
0.013951202
0.010044413
0.0065515093
0.0027058268
0.79894107
0.80486193
0.81756504
0.83771186
0.86588643
0.90272336
0.94915022
1.0062895
1.0755225
1.1579706
1.254376
1.363215
1.4798264
1.5103785
1.5485635
1.3624317
-0.48129653
-0.47353339
-0.47204769
-0.47747323
-0.48142298
-0.48295946
-0.48128654
-0.47703837
-0.47299946
-0.46819454
-0.46078257
-0.44740639
-0.42462015
-0.38851364
-0.34003803
-0.27816437
-0.2090309
-0.14028953
-0.07531645
-0.027178095
0.0028812844
0.010010432
-0.0040668352
-0.035622404
-0.082134455
-0.13449026
-0.17982928
-0.20755083
-0.21250669
-0.19460424
-0.15829133
-0.11137188
-0.063910857
-0.022353283
0.01346618
0.04109754
0.057291536
0.066680462
0.066740619
0.060505934
0.049435506
0.032845121
0.0086703757
-0.024370094
-0.066668506
-0.11782478
-0.16528464
-0.20326751
-0.22470574
-0.22372063
-0.200003
-0.15856656
-0.10821826
-0.057639969
-0.011799612
0.028694903
0.063415408
0.083707229
0.095233427
0.10047303
0.10015293
0.096403174
0.091103448
0.084209498
0.075830781
0.066249456
0.055758772
0.044827001
0.034498163
0.025525018
0.019672109
0.018588868
0.022241181
0.02916729
0.03582856
0.0398526
0.038877281
0.034566517
0.027028781
0.016896911
0.0048830356
-0.0083645802
-0.022383789
-0.036733991
-0.050834379
-0.063927979
-0.075116501
-0.083468295
-0.087912994
-0.088144311
-0.084121624
-0.076000646
-0.063913114
-0.048089772
-0.029101649
-0.0081925989
0.01143933
0.027799531
0.041994433
0.051103719
0.058935323
0.062221022
0.062453278
0.0608877
0.058274571
0.054999808
0.051452012
0.048009312
0.044848009
0.042085105
0.0397056
0.037696041
0.035781301
0.03339458
0.030473098
0.026657094
0.021730487
0.014788276
0.0069934141
-0.0015593051
-0.01091568
-0.020739792
-0.030536282
-0.039774027
-0.047914154
-0.054419375
-0.058835537
-0.060870683
-0.060411261
-0.057513381
-0.052342455
-0.045087808
-0.035957714
-0.025237024
-0.01349622
-0.0017839161
0.0088479123
0.018931716
0.028155854
0.035397365
0.039621599
0.042276871
0.043342633
0.043016067
0.041570616
0.039282402
0.036436467
0.033230703
0.029804465
0.026297807
0.022833109
0.019504333
0.016236325
0.012641944
0.0087577091
0.0047937494
-0.00016841914
-0.0066696584
-0.013212234
-0.020168027
-0.026861148
-0.033692275
-0.040113027
-0.045731993
-0.050286664
-0.053543494
-0.055347272
-0.055648687
-0.054468804
-0.051925928
-0.048204214
-0.043524037
-0.038071637
-0.031952811
-0.025277007
-0.018272898
-0.011341757
-0.0048678895
0.0010585649
0.0063737186
0.010965844
0.013956428
0.015938165
0.016898017
0.01694207
0.016277906
0.015026069
0.013423526
0.01164989
0.0098664932
0.0078931086
0.006278116
0.0043553821
0.0026733814
0.001185626
0.80771429
0.81391999
0.82730026
0.84852905
0.87825966
0.91732232
0.96686761
1.0284307
1.1039291
1.1955765
1.3055371
1.4351637
1.5826739
1.6807375
1.8057527
-0.43770285
-0.44264429
-0.44431664
-0.4540478
-0.46609991
-0.48018341
-0.49704341
-0.51879823
-0.54548742
-0.57440132
-0.59997568
-0.61534566
-0.61122477
-0.58394549
-0.52888194
-0.4510547
-0.35870036
-0.26358944
-0.17475878
-0.10054631
-0.044873921
-0.011279244
-0.0045811648
-0.021826533
-0.057039207
-0.099475531
-0.14302008
-0.1750601
-0.18719385
-0.17662884
-0.14662917
-0.10397735
-0.057915599
-0.016383115
0.018422769
0.047886267
0.068830287
0.076446904
0.076099398
0.068773813
0.055725233
0.036740923
0.010397432
-0.024139584
-0.068152423
-0.11964302
-0.16707399
-0.20614859
-0.2279272
-0.22691487
-0.20285756
-0.16107207
-0.11103937
-0.062508563
-0.020164247
0.01925893
0.050150474
0.067179761
0.076078216
0.078996995
0.077624187
0.073313533
0.066805772
0.058548007
0.048568956
0.036981468
0.024247777
0.011234415
-0.00083007352
-0.011509688
-0.017729953
-0.017996051
-0.011405765
0.00073992677
0.01391882
0.022432554
0.027536413
0.027775681
0.025135444
0.019207349
0.010822546
0.0010714465
-0.0094484993
-0.020323001
-0.031075838
-0.041100999
-0.049714515
-0.056082499
-0.05971822
-0.060053494
-0.057131783
-0.051017481
-0.041754344
-0.029571943
-0.015053555
0.00081569002
0.015698942
0.027199112
0.035266799
0.040635584
0.044551339
0.045104315
0.043436358
0.040598653
0.037053258
0.033247601
0.029564011
0.026309539
0.023680907
0.021804887
0.020716179
0.020369658
0.020502063
0.02114407
0.021225092
0.02052268
0.018298262
0.014677871
0.010012497
0.0047273691
-0.0014754638
-0.0084352873
-0.015676911
-0.022759653
-0.029250327
-0.034706859
-0.038750313
-0.041087054
-0.041554457
-0.040119023
-0.036832184
-0.031777321
-0.025118888
-0.017092217
-0.0082717702
0.00017179748
0.0076989891
0.015250008
0.021546745
0.024897634
0.027133347
0.027808774
0.027126284
0.025490334
0.023281639
0.020733652
0.017999392
0.015203817
0.012518367
0.010084638
0.0079753719
0.0061831171
0.0046382599
0.0033813257
0.0024473944
0.00088516212
-0.001574966
-0.0042225171
-0.0076626901
-0.012639496
-0.016990468
-0.021790084
-0.026614282
-0.031076332
-0.034911172
-0.037888623
-0.039845814
-0.040691381
-0.04039991
-0.039046666
-0.036756991
-0.033687993
-0.029984403
-0.025737714
-0.021078
-0.016247997
-0.011562355
-0.0074499906
-0.0033835096
0.000313951
0.0030655324
0.0042444115
0.0048272871
0.0047321373
0.0039667453
0.0028647716
0.0017178076
0.00071507421
-0.00025672424
-0.00097829263
-0.0016133459
-0.0017136958
-0.0016760321
-0.0013056113
-0.00029050557
0.80942837
0.81546043
0.82892695
0.85028838
0.88009754
0.91927892
0.96900188
1.0307869
1.106534
1.1984351
1.3086082
1.4383298
1.5857044
1.721546
1.8636608
-0.4166574
-0.42203751
-0.42533999
-0.43763889
-0.4557673
-0.48151259
-0.51731389
-0.56302906
-0.61608288
-0.6737811
-0.72506987
-0.75881512
-0.76536195
-0.73803777
-0.67427897
-0.57931462
-0.4645576
-0.34577741
-0.23608865
-0.142183
-0.067817169
-0.015429228
0.010871564
0.010930274
-0.013144957
-0.049679533
-0.087881221
-0.12146095
-0.14040032
-0.13723579
-0.11540025
-0.079970728
-0.039193015
-0.00025609042
0.03361651
0.060717845
0.081771703
0.090625057
0.089649462
0.081326392
0.066799956
0.046161469
0.018605036
-0.016724359
-0.06048852
-0.10950796
-0.15668263
-0.19564759
-0.21675367
-0.215432
-0.19172311
-0.15115899
-0.10359057
-0.059024995
-0.019105038
0.016599722
0.038851104
0.054092945
0.060872034
0.061821093
0.05906148
0.053568151
0.045871863
0.036045351
0.02397666
0.0098121643
-0.0057537833
-0.021384189
-0.034612157
-0.048062895
-0.054579566
-0.053259919
-0.043657385
-0.027239053
-0.006996313
0.0085792309
0.019102007
0.025412394
0.027322504
0.026317109
0.021402487
0.014707815
0.007170985
-0.00080458648
-0.0088077015
-0.016349974
-0.02288423
-0.027809506
-0.030723931
-0.031302621
-0.029502791
-0.025340231
-0.01873615
-0.0098384132
0.0007736958
0.011679432
0.020895423
0.02793495
0.031396685
0.033356689
0.033126473
0.030758745
0.026977682
0.022450872
0.017648682
0.012998165
0.0088796618
0.0056076601
0.0033942646
0.0023591872
0.0025295299
0.0038418887
0.0061097546
0.0089453324
0.012207537
0.015459569
0.016777695
0.016363271
0.015006313
0.012587339
0.0096451369
0.0055510872
0.0007999848
-0.0042168246
-0.009174668
-0.01368428
-0.01739755
-0.020019971
-0.021368234
-0.021323194
-0.019820682
-0.016843917
-0.012640856
-0.0074369249
-0.0014652698
0.0042794811
0.0087075676
0.01237309
0.015020195
0.01501109
0.014828682
0.013422105
0.011226382
0.0085760769
0.0056845629
0.002774171
3.542546e-05
-0.0023419618
-0.0042287401
-0.005567115
-0.006314916
-0.0064617993
-0.0060265248
-0.0049490082
-0.0035170719
-0.0024321093
-0.001847372
-0.0013010867
-0.0014697246
-0.0032380446
-0.0059138068
-0.0088640041
-0.012035067
-0.015236936
-0.018260927
-0.020892777
-0.022970381
-0.024376409
-0.025005154
-0.024869311
-0.024043471
-0.022633249
-0.02075186
-0.018459997
-0.015826781
-0.013093343
-0.01077136
-0.00897372
-0.0068617222
-0.0053645926
-0.0051389233
-0.0057124527
-0.0067211602
-0.007938083
-0.0092550771
-0.010479909
-0.01146555
-0.012071476
-0.012316342
-0.011970463
-0.011110396
-0.0096053871
-0.0075583426
-0.0050415146
-0.0016468652
0.80374097
0.80961681
0.82244642
0.84281099
0.87125282
0.90848129
0.95544648
1.0132469
1.0832239
1.1664362
1.2635024
1.3726654
1.4888856
1.6216973
1.6990041
1.7680757
-0.40626006
-0.40767932
-0.41028966
-0.42513966
-0.44922611
-0.48519611
-0.53500912
-0.59796853
-0.66961961
-0.7469543
-0.81303414
-0.85777098
-0.86930081
-0.83991486
-0.76757458
-0.65851868
-0.52600779
-0.3887506
-0.26299684
-0.15356775
-0.064623611
-0.00015832674
0.039127468
0.051098081
0.043740137
0.015065533
-0.021313917
-0.052759222
-0.073979986
-0.080631839
-0.06809724
-0.041911997
-0.0088060022
0.025033146
0.055661974
0.08097009
0.099423721
0.1088104
0.10749605
0.09836626
0.082880477
0.061607439
0.034046872
-0.00094243605
-0.04268811
-0.087789609
-0.13430562
-0.17229779
-0.19177037
-0.18999614
-0.1672459
-0.12928146
-0.085637204
-0.046694801
-0.012057943
0.016592388
0.033612095
0.046193892
0.050335151
0.049476517
0.045369218
0.038642036
0.029505873
0.017771115
0.0031856135
-0.014055468
-0.033163606
-0.052796236
-0.071821468
-0.082999763
-0.088677527
-0.085551549
-0.072534934
-0.051075027
-0.025602235
-0.0033270626
0.015638637
0.030197852
0.034427583
0.038227729
0.036695703
0.032652833
0.027447804
0.021647951
0.015689073
0.0099542903
0.0048618714
0.00087154042
-0.0017145261
-0.0026822286
-0.0019666743
0.00043840435
0.0046644608
0.010664878
0.016943908
0.022988684
0.028046652
0.030472791
0.030159043
0.028128322
0.024305281
0.019035915
0.0128817
0.0063875756
1.1441816e-05
-0.0058056138
-0.010639562
-0.014130314
-0.016060895
-0.016306964
-0.014873479
-0.011867963
-0.0075094834
-0.0021616941
0.0039769041
0.010055726
0.014914585
0.019703641
0.022814814
0.022763396
0.02265496
0.021168974
0.018633124
0.015452311
0.011936702
0.0083081746
0.004878913
0.0019638123
-0.00021803675
-0.0014874602
-0.0017410882
-0.00082501768
0.0011228052
0.0036558957
0.0066505428
0.009565824
0.010583579
0.0094791248
0.0079271609
0.0064494153
0.0038394657
0.00036663865
-0.0034474779
-0.0073744635
-0.011134639
-0.0144672
-0.017152708
-0.019052189
-0.020106932
-0.020288805
-0.019581997
-0.017998453
-0.015534096
-0.012228261
-0.0084735686
-0.0046044463
-0.0010915216
0.00177423
0.004360158
0.0062146679
0.0060128676
0.0050908683
0.0034225949
0.0012474378
-0.0010683535
-0.0033600787
-0.0054665789
-0.0072644474
-0.0087148042
-0.0097849458
-0.010461997
-0.010758145
-0.010735034
-0.010443138
-0.00990179
-0.0092756523
-0.0090032334
-0.009537801
-0.010574604
-0.011638519
-0.013721872
-0.015559846
-0.017777683
-0.019967234
-0.021873094
-0.023386444
-0.02432386
-0.024628721
-0.023923644
-0.022453541
-0.020119727
-0.017061808
-0.013150719
-0.0087563362
-0.0028594827
0.79120966
0.79661306
0.80828678
0.82679048
0.85256993
0.88602959
0.92771865
0.97805536
1.0374411
1.1053273
1.1802064
1.2566651
1.3243968
1.3554592
1.3950274
1.3000355
-0.39569785
-0.38641236
-0.39282326
-0.41019044
-0.43960705
-0.48332789
-0.54278101
-0.61666542
-0.7003219
-0.78541699
-0.85881586
-0.90791852
-0.92047413
-0.88800847
-0.80884717
-0.6905625
-0.54716005
-0.39903905
-0.26343446
-0.14499305
-0.048649041
0.022959444
0.070745996
0.094049485
0.096890108
0.08208037
0.052499712
0.020326945
-0.0029498778
-0.015882983
-0.011201437
0.0055684886
0.030128663
0.057510022
0.083862253
0.10646933
0.12294856
0.13074078
0.12905361
0.11965425
0.10438176
0.083490316
0.056050519
0.022828832
-0.01586041
-0.056861823
-0.10106876
-0.13557479
-0.15451235
-0.15267622
-0.1316595
-0.097536413
-0.059119315
-0.02748423
-0.0007314757
0.020685059
0.035590315
0.043187509
0.044729821
0.042342409
0.036980681
0.028899677
0.018040309
0.0041166775
-0.013143577
-0.033404009
-0.055743325
-0.078301125
-0.098171789
-0.11160217
-0.11699221
-0.11184741
-0.095220988
-0.069022081
-0.038418504
-0.010107605
0.014291278
0.037307911
0.049867577
0.055646348
0.056280498
0.054494304
0.051166221
0.046895436
0.042228962
0.037581828
0.033290995
0.029696782
0.027035677
0.025468846
0.025116491
0.026035894
0.027951679
0.030472059
0.033253987
0.03562748
0.036268494
0.034634886
0.030736747
0.025076193
0.017998699
0.0098864734
0.001210384
-0.007522111
-0.015803055
-0.023120366
-0.028965693
-0.032889295
-0.034689281
-0.034181297
-0.031449455
-0.02669475
-0.020172341
-0.012139771
-0.0030241934
0.0061246023
0.014332828
0.022557522
0.029973704
0.03445716
0.03712531
0.038228981
0.037795877
0.036158427
0.033685171
0.030719487
0.027554829
0.024389586
0.021481526
0.019070437
0.017246236
0.016066085
0.01577529
0.01580304
0.015276308
0.014213084
0.011821636
0.0082026555
0.0038450459
-0.00052487422
-0.0056749565
-0.01127084
-0.016847258
-0.022096605
-0.026723401
-0.030462643
-0.033109042
-0.034543548
-0.034730898
-0.033697727
-0.031500457
-0.028196207
-0.023804131
-0.018370949
-0.012141746
-0.0055747843
0.00063425773
0.006117919
0.010977245
0.015371125
0.01770862
0.018766006
0.018801237
0.017982219
0.016468001
0.014471776
0.01221708
0.0099286161
0.0076997284
0.0055545971
0.0035375902
0.0016525151
-9.2357836e-05
-0.0017838749
-0.003526543
-0.0053102312
-0.0072043216
-0.0099785344
-0.013962956
-0.017480293
-0.020878515
-0.024366223
-0.027938008
-0.031117068
-0.033650581
-0.035404567
-0.036184102
-0.035958534
-0.034495125
-0.032022623
-0.028384494
-0.023906709
-0.018319327
-0.011927704
-0.0039370047
0.77260515
0.7772745
0.78737912
0.80338414
0.82553621
0.85394734
0.88862535
0.92936233
0.97536726
1.0248573
1.0736675
1.1142373
1.1304158
1.0960782
1.0763176
0.72421092
-0.39406785
-0.38046077
-0.36294324
-0.37008247
-0.39009701
-0.42405602
-0.47343883
-0.53864991
-0.61762138
-0.70487374
-0.79108512
-0.86457622
-0.91164335
-0.92106791
-0.88340238
-0.79829842
-0.67523632
-0.52917725
-0.37883093
-0.2426803
-0.12639363
-0.030679086
0.0444976
0.096984117
0.12892759
0.14242857
0.13835753
0.1202716
0.093512208
0.068465978
0.054653442
0.049553034
0.05732607
0.073797879
0.094725408
0.1164318
0.13574095
0.14968305
0.15586689
0.15381177
0.14476178
0.13000621
0.10987998
0.084668846
0.054597174
0.018877417
-0.019985726
-0.060611215
-0.092333284
-0.10866846
-0.10643846
-0.087967086
-0.059269387
-0.02906336
-0.0039017391
0.016221621
0.031160646
0.040673502
0.044418601
0.043804724
0.040086932
0.033705548
0.02443024
0.011823076
-0.0044379523
-0.024575101
-0.047536582
-0.07202753
-0.097049495
-0.11818282
-0.13230191
-0.13681996
-0.12938787
-0.10935293
-0.078990876
-0.043603323
-0.0098669797
0.018996927
0.046281773
0.066926958
0.07601476
0.079640264
0.079432571
0.077348303
0.074176827
0.070252165
0.066105055
0.06207938
0.058404631
0.055318024
0.052958884
0.051382918
0.050521953
0.050376158
0.050339477
0.050032499
0.048602737
0.04541194
0.040163539
0.032950476
0.024156589
0.014136184
0.0032582053
-0.0080314322
-0.019211446
-0.029679333
-0.038790658
-0.045908463
-0.050440323
-0.052290148
-0.051060614
-0.047000814
-0.040434023
-0.031666529
-0.020967293
-0.00878627
0.0039351236
0.016007881
0.027037103
0.037562978
0.046329168
0.051911321
0.055545598
0.057279234
0.057304137
0.055949312
0.05359153
0.050517106
0.047015141
0.043372541
0.039868431
0.036719124
0.033717134
0.030707176
0.027603665
0.024021823
0.019877404
0.014879427
0.0082416961
0.0012322405
-0.0060551683
-0.013684353
-0.021349731
-0.028645906
-0.03521621
-0.040729349
-0.044893466
-0.047502858
-0.048458111
-0.047760712
-0.045504953
-0.041813885
-0.036782793
-0.030456532
-0.022922191
-0.014472287
-0.0056279305
0.0030269532
0.011134389
0.018524819
0.024821679
0.029322015
0.032303848
0.033984816
0.034359943
0.033602027
0.031968702
0.02969953
0.026973333
0.023922308
0.020693906
0.017363859
0.01396585
0.010491779
0.0068875493
0.0030524305
-0.0010648516
-0.0054297311
-0.010166373
-0.015803711
-0.021853666
-0.027133426
-0.032218239
-0.03696835
-0.041000057
-0.044053729
-0.045990033
-0.046610383
-0.045936149
-0.043773175
-0.040410629
-0.035585773
-0.029793501
-0.0226536
-0.01440079
-0.005062503
0.74898057
0.75276992
0.76105459
0.77416999
0.79217256
0.81485807
0.84181702
0.87218551
0.90442391
0.93551441
0.96041863
0.96978672
0.94910122
0.87040285
0.69367063
0.48459804
-0.062155636
-0.50146647
-0.42568121
-0.39255801
-0.34927995
-0.33932917
-0.34572295
-0.36767825
-0.40514844
-0.45808944
-0.52563309
-0.60493124
-0.68985818
-0.7708049
-0.83706464
-0.87755144
-0.8786983
-0.83230737
-0.74136717
-0.6180646
-0.47785369
-0.33739823
-0.210379
-0.10165885
-0.012002063
0.059335269
0.11221292
0.14902718
0.17145785
0.17894405
0.17201553
0.15495056
0.13374482
0.11631705
0.10734345
0.10860136
0.11827743
0.13336468
0.15045271
0.16617925
0.17751843
0.18238145
0.18032791
0.17219457
0.1588769
0.14125048
0.1194505
0.091711836
0.058540168
0.021329481
-0.015365905
-0.043432108
-0.057328802
-0.055380186
-0.039457168
-0.017548118
0.0025227254
0.021073716
0.034891533
0.043940453
0.048538628
0.049169761
0.046773096
0.04202733
0.0348701
0.024620139
0.010571881
-0.0076393831
-0.030219834
-0.055393932
-0.081823647
-0.10800042
-0.12940751
-0.14300563
-0.14595611
-0.13608002
-0.11308874
-0.07962443
-0.041014818
-0.0031419139
0.030574572
0.060486208
0.085361472
0.097706188
0.10413035
0.106186
0.10540465
0.10273394
0.099063915
0.094943352
0.090701933
0.086565645
0.082750284
0.079383649
0.07653727
0.074216374
0.071981556
0.069414311
0.066066809
0.061378972
0.054967168
0.046711559
0.036717529
0.02524371
0.012580454
-0.00093095561
-0.014831474
-0.02854042
-0.041345588
-0.052441657
-0.061068745
-0.066653262
-0.068385634
-0.066470128
-0.061119897
-0.052723291
-0.041624955
-0.028140527
-0.012836208
0.0032140444
0.018808952
0.03330712
0.046790254
0.058827063
0.067267502
0.073321703
0.077151501
0.078774645
0.078462405
0.076545675
0.0734121
0.069532514
0.065151699
0.060487347
0.055701998
0.050861322
0.045696038
0.040008239
0.03371625
0.02655037
0.018443755
0.0093770673
-0.00021878108
-0.010073962
-0.019984806
-0.029627716
-0.038586204
-0.046446806
-0.052824558
-0.057394249
-0.059947909
-0.06041156
-0.058833968
-0.055370031
-0.050204214
-0.043488202
-0.035329393
-0.025875339
-0.015435678
-0.0045055983
0.0063519001
0.01667323
0.026106214
0.03427055
0.04077787
0.045557209
0.048609754
0.049994754
0.049895087
0.048564981
0.04623393
0.043101861
0.039363844
0.035188484
0.03066023
0.025835604
0.020726441
0.015303014
0.0095129115
0.0033340083
-0.0032307276
-0.010226822
-0.01769773
-0.025107743
-0.032085805
-0.038584023
-0.044376912
-0.049162412
-0.052676735
-0.054773805
-0.055272265
-0.05421611
-0.051439872
-0.047286932
-0.041442104
-0.034553301
-0.026142178
-0.016540726
-0.0058626021
0.72161302
0.72447695
0.73085925
0.74097692
0.75472333
0.77164226
0.7910233
0.81158937
0.83137734
0.84683385
0.85269626
0.84024491
0.79731858
0.70459428
0.53680788
0.26433472
-0.046017347
-0.51331965
-0.80824959
-0.9149952
-0.84761629
-0.66012573
-0.50589777
-0.44159099
-0.37218407
-0.34078565
-0.32776202
-0.33289616
-0.35432976
-0.39269064
-0.44596489
-0.51157289
-0.58609134
-0.66278802
-0.73375617
-0.78549137
-0.81014056
-0.79793316
-0.74166791
-0.64867716
-0.5329421
-0.40783141
-0.28447171
-0.17278827
-0.078016907
0.0019267304
0.066612152
0.11674099
0.15448334
0.18182061
0.19857905
0.20357038
0.19754011
0.18448791
0.16992128
0.15926211
0.15647272
0.16086053
0.17065842
0.18327171
0.19557485
0.20476274
0.20896343
0.20764427
0.20127554
0.19048099
0.17565003
0.15604926
0.13030424
0.099144372
0.064785942
0.032448714
0.0082918447
-0.0033132994
-0.0014338537
0.0081235856
0.020759568
0.035009813
0.045789852
0.053169549
0.056968712
0.057672609
0.05597586
0.052431827
0.047129524
0.039495602
0.028524561
0.013423846
-0.0059466731
-0.029706375
-0.056604443
-0.084810569
-0.11023677
-0.13065818
-0.14271345
-0.14354323
-0.1313533
-0.10627576
-0.071112269
-0.030770298
0.0096496386
0.04674432
0.079008091
0.10547506
0.1213053
0.13018301
0.13414959
0.13412428
0.13162878
0.12781381
0.12331436
0.11850681
0.11364867
0.10894293
0.10449998
0.10031366
0.096239287
0.09195051
0.087037633
0.081072522
0.073695438
0.064704734
0.054051734
0.04179867
0.028091025
0.013138668
-0.0027496929
-0.019101298
-0.035251306
-0.050349339
-0.063435253
-0.073581828
-0.079960709
-0.081967711
-0.079584806
-0.073086716
-0.062909365
-0.049494323
-0.033296093
-0.015042224
0.0041257394
0.023002121
0.040793628
0.057148327
0.071728457
0.08305011
0.091490598
0.097098742
0.099960692
0.10038205
0.098742309
0.095470638
0.091265397
0.086139228
0.080376984
0.074147158
0.06744439
0.060122319
0.052055354
0.043173424
0.03342438
0.02282563
0.011450537
-0.00042806676
-0.012499206
-0.02446
-0.035922824
-0.046419519
-0.055471455
-0.062637601
-0.067563337
-0.070035699
-0.070008158
-0.067584462
-0.062974434
-0.056420054
-0.048134199
-0.038289908
-0.027095129
-0.014892902
-0.0021805896
0.01048775
0.022624197
0.033816913
0.04364624
0.051723961
0.057859495
0.062016505
0.064259996
0.064745007
0.06368884
0.061317947
0.057870759
0.053551323
0.048531949
0.04292442
0.036807505
0.03020988
0.023130377
0.015555133
0.0075125036
-0.0009257544
-0.0096651458
-0.018595623
-0.027419647
-0.035773494
-0.043403905
-0.050048023
-0.055438529
-0.059312484
-0.061525355
-0.061922559
-0.060536891
-0.057262469
-0.052460279
-0.045829967
-0.038103978
-0.028680599
-0.018169713
-0.0063606999
0.69187874
0.69385819
0.6984068
0.70567708
0.71541281
0.72704488
0.73961011
0.75177321
0.76138511
0.76519893
0.75790132
0.7334199
0.6816123
0.59399882
0.45452318
0.26035646
-0.0011849429
-0.27696741
-0.5353805
-0.67366109
-0.65535087
-0.57378934
-0.4655964
-0.39756196
-0.35640923
-0.33347316
-0.32575054
-0.33140337
-0.35156115
-0.38896622
-0.43902403
-0.4974258
-0.56010229
-0.62148031
-0.67281993
-0.70631879
-0.70948548
-0.67783083
-0.61770733
-0.53619399
-0.43861048
-0.33350291
-0.23124882
-0.13841877
-0.057856384
0.010483341
0.06716906
0.11296693
0.14926552
0.17787107
0.19955735
0.21351838
0.21877094
0.21623253
0.20876595
0.20106586
0.19722935
0.19908482
0.2052485
0.21415472
0.22351603
0.23112079
0.23525092
0.2351529
0.23087905
0.22238479
0.2094624
0.19131123
0.16737574
0.13852894
0.1077141
0.079980631
0.059951862
0.049842129
0.04811337
0.051148914
0.058002092
0.064341569
0.06822672
0.06971373
0.06911546
0.066962187
0.063769854
0.059675863
0.054228359
0.04643989
0.035120992
0.019426935
-0.00059911565
-0.024584145
-0.051909338
-0.07959571
-0.10363646
-0.12213429
-0.13194854
-0.13050878
-0.11646676
-0.090298793
-0.05470557
-0.01398857
0.027410853
0.066133747
0.099965629
0.12690827
0.14508295
0.15590926
0.16088338
0.1613891
0.15907406
0.15508796
0.15007587
0.14457444
0.13889
0.13320477
0.12758284
0.12198816
0.11623827
0.11000815
0.10294149
0.094751848
0.085240331
0.074287026
0.061828838
0.047848735
0.032390053
0.015587056
-0.0022807043
-0.020721686
-0.038997276
-0.056149691
-0.0710676
-0.082608754
-0.089824045
-0.092151513
-0.089469225
-0.081999965
-0.070216966
-0.054669275
-0.035973299
-0.015028364
0.0069297758
0.028665926
0.049317661
0.068354039
0.085134591
0.098794423
0.10913821
0.11617226
0.12005798
0.12110893
0.11967354
0.11590651
0.11162114
0.10575896
0.098890177
0.091217963
0.082779464
0.073520913
0.063386499
0.05236416
0.040475866
0.027790406
0.014431822
0.0006261026
-0.013322891
-0.027048273
-0.040093635
-0.051928003
-0.0620029
-0.069824665
-0.075021898
-0.077386046
-0.076890727
-0.073691181
-0.068043195
-0.060239802
-0.050553563
-0.03922915
-0.026543653
-0.012877036
0.001280379
0.015394029
0.028956223
0.041496486
0.052567081
0.061796618
0.06896656
0.073996368
0.076915936
0.077853344
0.077006117
0.074601238
0.070878545
0.066047523
0.060290446
0.053738816
0.046487195
0.038589399
0.030086028
0.021017378
0.011464453
0.0015374567
-0.0086149436
-0.018803913
-0.028740266
-0.038089015
-0.046555648
-0.05383857
-0.059674337
-0.063801407
-0.06608842
-0.066420499
-0.064757011
-0.061121513
-0.055834768
-0.048658364
-0.04033559
-0.030193805
-0.01916679
-0.0065542772
0.66115516
0.66233628
0.6652489
0.66999504
0.67624735
0.68337978
0.69036063
0.6958535
0.69785056
0.69395973
0.67925561
0.65016825
0.59985453
0.52437775
0.4168534
0.27596806
0.10656453
-0.083963094
-0.24415265
-0.3521055
-0.39783779
-0.39522305
-0.37155914
-0.33898559
-0.31503805
-0.30384857
-0.30387257
-0.31440406
-0.33533422
-0.36706942
-0.40887367
-0.455062
-0.50142101
-0.5422127
-0.57177648
-0.58447787
-0.5753419
-0.54322101
-0.49374621
-0.42795333
-0.34857976
-0.26417237
-0.18287581
-0.10866638
-0.043109615
0.013646554
0.062051956
0.102739
0.13655392
0.16470541
0.18809273
0.20669845
0.21992234
0.22757462
0.22962767
0.22879215
0.2270165
0.22808156
0.23339068
0.24105791
0.24897694
0.25581163
0.26018281
0.26109574
0.25827643
0.25143249
0.23972528
0.2226961
0.20066891
0.17513607
0.14901625
0.12547811
0.10801492
0.09773567
0.092826119
0.091077783
0.090411038
0.089172874
0.086815933
0.083495422
0.079584382
0.075516388
0.071537291
0.067357354
0.062066571
0.054384889
0.043086112
0.027430281
0.0074698612
-0.015968184
-0.042047994
-0.067508266
-0.089481893
-0.10541619
-0.11266581
-0.10911793
-0.093809384
-0.067420981
-0.032417967
0.007505824
0.048461588
0.087166608
0.12107022
0.14812319
0.16719367
0.17890715
0.18459102
0.18571241
0.18367033
0.17954477
0.17409599
0.16797341
0.16149352
0.15484379
0.14806483
0.14107396
0.13367899
0.12563923
0.11673876
0.10681703
0.095746615
0.083408291
0.069686681
0.054488906
0.037781601
0.019642394
0.00032714181
-0.019662809
-0.039543807
-0.058269981
-0.074611372
-0.087303463
-0.095308585
-0.097991472
-0.095126054
-0.086893472
-0.073772999
-0.05640869
-0.035596071
-0.012412507
0.011831606
0.035896669
0.058854308
0.080003486
0.098613438
0.1139716
0.12573858
0.13387268
0.13854327
0.14009721
0.13901391
0.13602253
0.13018496
0.12331666
0.11535101
0.10636636
0.096418777
0.085519757
0.073685361
0.060957791
0.047398925
0.033092611
0.018164268
0.0028222047
-0.012623703
-0.027759671
-0.042068009
-0.054955869
-0.065818609
-0.074120399
-0.079478832
-0.081709427
-0.080789318
-0.076919017
-0.0703881
-0.061534326
-0.050686339
-0.038156756
-0.024284491
-0.0094812971
0.0057631213
0.020921255
0.035474533
0.048934794
0.060856714
0.070875489
0.078749608
0.084368137
0.087739487
0.088973294
0.088248742
0.085783299
0.081805519
0.076533612
0.07015158
0.062804376
0.054606337
0.045643599
0.035998512
0.025757569
0.015043137
0.0040025954
-0.0071731716
-0.018264827
-0.028987668
-0.039021964
-0.048051472
-0.055756755
-0.061872446
-0.066139171
-0.068435743
-0.068630484
-0.06685093
-0.063001665
-0.057399907
-0.049911295
-0.041228269
-0.030690815
-0.019475083
-0.0063826255
0.63070386
0.63121302
0.63275661
0.63541598
0.63883496
0.64242935
0.64518236
0.64599503
0.64298194
0.63443325
0.61703326
0.58794388
0.54364728
0.48109287
0.39899682
0.29520926
0.17620199
0.045205961
-0.076741694
-0.17325364
-0.22974583
-0.2523135
-0.25419842
-0.24707842
-0.24157151
-0.24232025
-0.24987019
-0.26418385
-0.28469782
-0.31101545
-0.34209627
-0.37643878
-0.40893062
-0.43494547
-0.45150984
-0.4564673
-0.44706028
-0.42285531
-0.38357755
-0.32979201
-0.26764034
-0.20368456
-0.14193431
-0.084565231
-0.032744525
0.013152411
0.053384552
0.088509378
0.11909676
0.14582094
0.16934833
0.19000113
0.20766884
0.22104914
0.2309351
0.2380408
0.24346285
0.2477918
0.25263564
0.25964531
0.26765114
0.27476282
0.27998663
0.28229785
0.2806235
0.27473927
0.26415644
0.24876979
0.23002091
0.20852872
0.18701141
0.16768275
0.15223742
0.14141246
0.13174294
0.1233839
0.11571494
0.10829465
0.10105497
0.094186432
0.088012999
0.082830607
0.078587161
0.074593965
0.069604316
0.062213393
0.051285603
0.036264548
0.017330885
-0.0046398401
-0.028198891
-0.050877841
-0.069985367
-0.082952566
-0.08758091
-0.082219267
-0.066203861
-0.040298187
-0.0066896189
0.031465692
0.070749813
0.10805497
0.14082552
0.16716904
0.18621254
0.1983297
0.20456661
0.20616484
0.204362
0.20022357
0.19458692
0.18796592
0.18080859
0.1732688
0.16536823
0.15703548
0.14815484
0.13861159
0.12830941
0.11715528
0.10503205
0.091790232
0.077266084
0.061315434
0.043857917
0.024935729
0.0047861485
-0.01609005
-0.036890575
-0.056529569
-0.073728606
-0.08717066
-0.095725358
-0.098673697
-0.09569402
-0.086916514
-0.072806453
-0.054096881
-0.031745627
-0.006960429
0.018913897
0.044637261
0.069216069
0.091828614
0.11169472
0.1281466
0.14080972
0.14960369
0.15468821
0.15640631
0.15520626
0.15155533
0.1456189
0.13808563
0.1292034
0.11912661
0.1079642
0.095796948
0.08269723
0.068734591
0.053976158
0.038500161
0.022427846
0.005966992
-0.010557327
-0.02669398
-0.041876933
-0.055468156
-0.066832325
-0.07541219
-0.080814756
-0.082884799
-0.081596806
-0.07719442
-0.069980365
-0.060325608
-0.048606119
-0.03519204
-0.0204745
-0.0048943711
0.011055112
0.026853825
0.041986672
0.055966188
0.068353412
0.07879013
0.087031162
0.092955189
0.096557242
0.097929056
0.097232277
0.094669506
0.090460944
0.084816584
0.077923837
0.0699422
0.061008572
0.051242444
0.040763823
0.02969718
0.018193142
0.0064200983
-0.005413339
-0.017073603
-0.028271282
-0.038694046
-0.048018837
-0.055929075
-0.062161134
-0.066469384
-0.068749
-0.068889541
-0.066985669
-0.063022857
-0.057267033
-0.049679272
-0.040850539
-0.030229032
-0.01906623
-0.0058182166
0.60161903
0.60159225
0.60206709
0.60310249
0.60438363
0.60536267
0.60520401
0.6029411
0.59722672
0.58655458
0.56900909
0.54209291
0.50437963
0.45340883
0.38953665
0.3114114
0.22292855
0.12771425
0.035105188
-0.043007861
-0.098830688
-0.13028154
-0.1449966
-0.15274572
-0.16016198
-0.16992189
-0.18281627
-0.19905541
-0.21848943
-0.24111726
-0.26574403
-0.29124125
-0.31407967
-0.3317641
-0.34240855
-0.3444096
-0.3364554
-0.31727753
-0.28557267
-0.2452702
-0.20071208
-0.15463317
-0.10906912
-0.065728719
-0.025657431
0.010778846
0.043675645
0.073412403
0.1004446
0.1252162
0.14815975
0.16963626
0.18929822
0.20669316
0.22138569
0.23373466
0.24411848
0.25360863
0.26289837
0.27181359
0.28000811
0.28714492
0.29272423
0.29610031
0.29637455
0.29245361
0.28394858
0.27035708
0.257225
0.24051722
0.22247485
0.20649995
0.19123049
0.17552918
0.16078264
0.14694014
0.13397049
0.1220296
0.1113269
0.10208079
0.094536301
0.088817334
0.08458669
0.08084259
0.076151504
0.069146202
0.058877701
0.044996069
0.027801377
0.0082096517
-0.012295695
-0.031627109
-0.047410909
-0.057366769
-0.059559105
-0.05274775
-0.036514108
-0.011643825
0.019959766
0.0556011
0.092293888
0.12721652
0.15801447
0.18302097
0.2014858
0.21358732
0.22009389
0.22204776
0.2205433
0.21656518
0.21087388
0.20401945
0.19634736
0.18802863
0.17912316
0.16963931
0.15957641
0.14893107
0.13767495
0.12572959
0.11296058
0.099192643
0.084238005
0.067932273
0.050178985
0.031007861
0.010645627
-0.01041751
-0.031391995
-0.05120468
-0.068581255
-0.082200873
-0.090915384
-0.093946337
-0.090832675
-0.081704834
-0.067014179
-0.047546053
-0.024356189
0.0012866056
0.02803736
0.054654872
0.080085458
0.10342141
0.12385553
0.14074879
0.15373152
0.16271739
0.16786231
0.16950254
0.16808294
0.16406023
0.15780149
0.14972751
0.14014149
0.1292555
0.11723218
0.104201
0.09026355
0.075496645
0.059962954
0.043735985
0.026938945
0.0097887953
-0.0073714081
-0.024064059
-0.039696472
-0.053610198
-0.065158546
-0.073791499
-0.079121203
-0.080986308
-0.079435457
-0.074659719
-0.0669856
-0.056807026
-0.044534446
-0.030582091
-0.015381291
0.00060433791
0.016878376
0.032928134
0.048247682
0.062360891
0.074844896
0.085358484
0.093664909
0.099640064
0.10326988
0.10463329
0.10388235
0.10118873
0.096772544
0.090831142
0.083555527
0.075118937
0.065679879
0.055385941
0.04438394
0.032822031
0.020866118
0.0086975857
-0.0034654461
-0.015381276
-0.026759969
-0.03729842
-0.046676344
-0.054592652
-0.060792049
-0.065053413
-0.067279835
-0.067355473
-0.065401228
-0.061417536
-0.055654862
-0.048142403
-0.039359265
-0.028932915
-0.017987059
-0.0048977589
0.5747759
0.57435082
0.57404496
0.5739011
0.57367773
0.57287033
0.57086289
0.56680328
0.55981032
0.54855793
0.5319764
0.50817836
0.47645556
0.4351877
0.38470716
0.32467992
0.25724608
0.18563993
0.11520169
0.052824985
0.0037003851
-0.030847142
-0.05421736
-0.070982514
-0.085220689
-0.099400924
-0.11472978
-0.13166881
-0.15009094
-0.17001908
-0.19094319
-0.21078741
-0.22781255
-0.24079202
-0.24866534
-0.24993142
-0.24349829
-0.22890054
-0.20713974
-0.18016536
-0.14958097
-0.11694008
-0.083869198
-0.051678351
-0.021121377
0.0074955785
0.034166966
0.059128808
0.082741445
0.1053704
0.12737749
0.14906284
0.1698406
0.18925215
0.20720906
0.22357328
0.23834448
0.25160343
0.26399528
0.27594336
0.28637198
0.29523705
0.30275567
0.30772576
0.30976482
0.30846938
0.30352228
0.29750722
0.28402902
0.26997153
0.25463921
0.236949
0.21837972
0.19949639
0.18085148
0.16291332
0.1462404
0.13131302
0.11844482
0.10783601
0.099626567
0.093740139
0.08959214
0.085993338
0.081482425
0.074864398
0.065406999
0.052962384
0.03792553
0.021170744
0.0040371734
-0.011707785
-0.024068818
-0.031139832
-0.031224284
-0.023374388
-0.00736269
0.016051154
0.045229097
0.077878308
0.11142998
0.14341785
0.17177426
0.19504853
0.21255262
0.22433205
0.23094958
0.23324409
0.23213644
0.22851361
0.22292586
0.21596425
0.20791193
0.19897176
0.1892864
0.17897354
0.16813071
0.15681037
0.14499606
0.13259896
0.11947422
0.10544552
0.090331321
0.073977109
0.056297944
0.037332088
0.017304696
-0.0033106758
-0.023758775
-0.043017538
-0.05987155
-0.073047489
-0.081415159
-0.084213981
-0.080934543
-0.071649898
-0.056789777
-0.037157495
-0.013836711
0.011903369
0.038741445
0.065438446
0.09090134
0.11417971
0.13447
0.15117109
0.16394564
0.17272475
0.17766701
0.17909445
0.17743955
0.17315239
0.16660773
0.15816113
0.14812302
0.13674092
0.12421306
0.11069367
0.096294294
0.08109182
0.065148038
0.048541433
0.031407313
0.013978374
-0.0033867138
-0.020198725
-0.035862042
-0.049726593
-0.06116029
-0.069630084
-0.074774974
-0.076442958
-0.074686693
-0.069687784
-0.061776158
-0.051352945
-0.038847472
-0.024702582
-0.0093764755
0.0066520349
0.022885593
0.038820909
0.053967847
0.067871099
0.08013088
0.090428233
0.09854136
0.10435294
0.1078447
0.10908463
0.10820287
0.10538666
0.10080784
0.094663398
0.087148398
0.078446511
0.068732108
0.058170628
0.046923937
0.035153572
0.023034377
0.010756715
-0.0014567455
-0.013360757
-0.024670555
-0.035094122
-0.04432366
-0.052081671
-0.058122607
-0.062255636
-0.064404918
-0.064411765
-0.062454732
-0.058523961
-0.052879132
-0.045572683
-0.037007581
-0.026996567
-0.016389749
-0.0037404793
0.55081836
0.55012332
0.54928639
0.54835467
0.5471497
0.54523904
0.54217052
0.53724773
0.52985634
0.51897539
0.50389352
0.48336169
0.45684898
0.42344074
0.38324332
0.33646254
0.28443864
0.22953204
0.17502035
0.12471094
0.081763736
0.047365415
0.020615696
-0.0006056544
-0.018780868
-0.035849949
-0.052920583
-0.070370323
-0.088279446
-0.10654954
-0.12442575
-0.14075573
-0.15469717
-0.16547027
-0.17222815
-0.17405432
-0.1705198
-0.16184771
-0.14839792
-0.1307617
-0.11000393
-0.087403067
-0.064075843
-0.040820126
-0.018093721
0.0039275157
0.025264897
0.046105908
0.066737143
0.087431609
0.10839012
0.12959576
0.1512399
0.17275041
0.19330424
0.21248204
0.23037204
0.24736854
0.26328992
0.27781937
0.29084769
0.30228899
0.31188252
0.31908614
0.32356906
0.32494248
0.323343
0.31709951
0.30700872
0.29326244
0.2764795
0.25729248
0.23657117
0.21499007
0.1934491
0.1728662
0.15401262
0.13744102
0.12348222
0.11230178
0.10391603
0.09804897
0.093935939
0.090309158
0.085788501
0.079516399
0.070882243
0.059906433
0.047065535
0.03316461
0.019346494
0.0070661734
-0.0020602098
-0.0064615929
-0.0048116224
0.0036784881
0.019113049
0.040802208
0.067346189
0.09681296
0.12703206
0.15590257
0.18165405
0.20303675
0.21941786
0.23075235
0.2374284
0.24006942
0.23940233
0.23610656
0.23083354
0.22388348
0.21561183
0.20629855
0.19617795
0.18544413
0.17423033
0.1625909
0.15050112
0.13787204
0.12457201
0.11044831
0.095349033
0.079152345
0.061805902
0.043373936
0.024090868
0.0044133147
-0.014951362
-0.033059089
-0.048793397
-0.060977849
-0.068543833
-0.070776794
-0.06725075
-0.057935567
-0.043242426
-0.023955714
-0.0011302771
0.024007917
0.050183228
0.076179142
0.10090184
0.12340614
0.14292434
0.15890984
0.17107343
0.17937354
0.18396947
0.18516733
0.1833272
0.1788823
0.17218066
0.16356273
0.15333671
0.1417613
0.1290463
0.11535152
0.10079057
0.085444214
0.069384414
0.05270687
0.035567907
0.018218459
0.0010262155
-0.015523429
-0.030852865
-0.044343457
-0.055402648
-0.063530871
-0.068387424
-0.069838508
-0.067939105
-0.062857603
-0.054912136
-0.044500489
-0.032057546
-0.018039673
-0.0029186401
0.012820373
0.028684424
0.044184075
0.058850706
0.072255454
0.084028551
0.093877861
0.10160166
0.10709513
0.11034349
0.11141248
0.11038794
0.10745748
0.10277947
0.096542366
0.088938972
0.080156766
0.070376454
0.059770732
0.048508365
0.036759048
0.024704341
0.012541614
0.00049553596
-0.011188861
-0.022236832
-0.032370431
-0.041301842
-0.048777332
-0.054565276
-0.058499805
-0.060497709
-0.060491528
-0.058574773
-0.054762529
-0.049331092
-0.04232307
-0.034125345
-0.024674119
-0.014535114
-0.002559252
0.53016434
0.52930591
0.52814169
0.52673799
0.52495904
0.52245838
0.51888766
0.51371735
0.50648301
0.49645962
0.48310294
0.46561586
0.44355116
0.41641959
0.38423041
0.34731274
0.3065692
0.26353298
0.22019651
0.17876212
0.14120215
0.10866834
0.081221914
0.057962059
0.037501015
0.018558976
0.00031637581
-0.017560469
-0.035133991
-0.052151288
-0.068128259
-0.082618715
-0.095097262
-0.10497161
-0.11170567
-0.11490668
-0.11442835
-0.11026961
-0.10255316
-0.091761686
-0.078688157
-0.064106685
-0.048603795
-0.032581065
-0.0162566
0.00032904217
0.017258342
0.034702163
0.05288335
0.071997227
0.09215504
0.11328036
0.13528131
0.15785871
0.18057574
0.2028308
0.22396747
0.24407294
0.2627382
0.27987357
0.29541038
0.30915595
0.32080266
0.32992916
0.33619828
0.33882976
0.33770701
0.33209706
0.3220095
0.30779463
0.29009924
0.26954779
0.24703883
0.2236606
0.20054475
0.17869807
0.15890763
0.14172197
0.12746936
0.1162693
0.10799554
0.1021961
0.098026266
0.094246738
0.089440286
0.083506079
0.075613396
0.065922531
0.054995467
0.043569205
0.032613693
0.023314521
0.016974153
0.014876676
0.017864715
0.026677208
0.041342679
0.061242027
0.085185883
0.11156168
0.13856258
0.16443169
0.18767872
0.20723356
0.22251426
0.23339691
0.24011002
0.24309813
0.24289833
0.24003086
0.23499976
0.22817532
0.21992484
0.21057901
0.20041187
0.18962673
0.17834688
0.16661796
0.1544202
0.14168488
0.12831176
0.11418672
0.099201068
0.083278364
0.066410108
0.048696959
0.030392913
0.011944197
-0.0059927043
-0.022565046
-0.036779162
-0.047603408
-0.054093469
-0.055522742
-0.051636171
-0.042347523
-0.028057794
-0.0094966043
0.012346495
0.036318515
0.061214323
0.085872978
0.10924498
0.13043547
0.14874103
0.16368297
0.17502049
0.18273405
0.186973
0.18804869
0.18606872
0.18158137
0.17489101
0.16631773
0.15614997
0.14463696
0.13198314
0.11834629
0.10384423
0.088570403
0.072617484
0.056107125
0.039221042
0.022227718
0.0054973435
-0.010501206
-0.025224192
-0.038099192
-0.048586454
-0.056238878
-0.060747234
-0.061963889
-0.059964727
-0.054907861
-0.047096537
-0.036911676
-0.024781454
-0.011162508
0.0034722137
0.01864098
0.033862518
0.048667803
0.062615815
0.075309557
0.086413629
0.095666944
0.10289263
0.10799466
0.11095654
0.11184526
0.11070343
0.10771299
0.10302311
0.096812681
0.0892653
0.080563835
0.070887134
0.060409139
0.049302513
0.037743344
0.025918991
0.014031778
0.002306183
-0.0090163221
-0.019673766
-0.029404331
-0.037943714
-0.045061572
-0.050549073
-0.054258353
-0.056092036
-0.05607592
-0.054227521
-0.050590986
-0.045435427
-0.038793221
-0.031076147
-0.022254842
-0.012734032
-0.0016173714
0.51301932
0.51207709
0.51074463
0.50910734
0.50705511
0.50431817
0.50061975
0.49557232
0.48881009
0.47982515
0.4681819
0.45335675
0.43498679
0.41278875
0.38674231
0.35711029
0.32448568
0.28982111
0.25435591
0.21948078
0.18652565
0.15645207
0.12960627
0.1057099
0.084100464
0.064061137
0.045090716
0.026957005
0.0096614532
-0.0066503007
-0.021735233
-0.035371233
-0.047209393
-0.056884605
-0.064132139
-0.068783607
-0.070742403
-0.070033029
-0.066853402
-0.061554452
-0.054545761
-0.046191079
-0.036754772
-0.026386822
-0.015114842
-0.0028517403
0.010557369
0.025293907
0.041539693
0.059432766
0.079000876
0.10014879
0.12272268
0.1464083
0.17073159
0.19509608
0.21898331
0.24158293
0.26269385
0.28217227
0.29974562
0.31520698
0.32828308
0.33860714
0.34603766
0.34816715
0.34660803
0.3406369
0.33010613
0.31525653
0.29664743
0.27512331
0.25176469
0.22775272
0.20423008
0.18217408
0.16233048
0.14522188
0.13116325
0.12023016
0.11217882
0.10643798
0.10219334
0.097957058
0.092777675
0.087263664
0.079937912
0.071235158
0.061769702
0.052220795
0.043441899
0.036416486
0.032219326
0.031996393
0.035750077
0.044623042
0.058450194
0.076660487
0.098237363
0.12184018
0.14597646
0.16919035
0.19023251
0.20817826
0.22248192
0.2329569
0.23969886
0.24298437
0.2431794
0.24072915
0.23605883
0.22957315
0.22164086
0.21258475
0.2026611
0.19205361
0.18087613
0.16918057
0.15696808
0.14420152
0.13081908
0.11674946
0.10193051
0.086335042
0.070002308
0.053071968
0.03581919
0.01868334
0.0022761647
-0.012637267
-0.025189263
-0.034497985
-0.039762677
-0.040363676
-0.036087245
-0.026892434
-0.013161938
0.0044324917
0.024980016
0.047420538
0.070643763
0.093576895
0.11525258
0.13485864
0.15177149
0.16557659
0.17606421
0.1832088
0.18713673
0.18808383
0.18613959
0.18177467
0.17528141
0.16694523
0.1570286
0.14576284
0.13334201
0.11992287
0.10563266
0.090584024
0.074896301
0.058720276
0.04226259
0.025805997
0.0097183858
-0.0055541104
-0.019510551
-0.031633979
-0.041442316
-0.0485413
-0.05266147
-0.05365013
-0.051596508
-0.046653443
-0.039105057
-0.029310639
-0.017683597
-0.0046698627
0.0092678467
0.023661702
0.038050411
0.051992246
0.065079034
0.076950402
0.087305932
0.095914708
0.10261709
0.10732377
0.11000939
0.11071159
0.10953423
0.10656573
0.10196021
0.095884174
0.088509053
0.080008647
0.070556739
0.060326726
0.049494038
0.038239592
0.026754978
0.01524527
0.0039326566
-0.0069476886
-0.017147941
-0.02642283
-0.034531464
-0.041266877
-0.046443729
-0.049931342
-0.051644859
-0.051605987
-0.049845802
-0.04642619
-0.041581362
-0.035356375
-0.028179772
-0.020002246
-0.011234097
-0.001111378
0.49940131
0.49843265
0.49704806
0.49534321
0.49322199
0.49047342
0.48687556
0.48214408
0.4759859
0.46803265
0.45793355
0.44531948
0.42990053
0.41147841
0.39001278
0.36566382
0.33880688
0.31004604
0.28019293
0.25018558
0.22095555
0.19324966
0.16747804
0.14368648
0.12165991
0.10108698
0.081725273
0.063425507
0.046204051
0.030208907
0.015520036
0.0022603343
-0.0093731302
-0.019197884
-0.02710266
-0.033034911
-0.037004955
-0.039110306
-0.039512642
-0.03839658
-0.035942962
-0.032289958
-0.027488819
-0.02148749
-0.014142628
-0.0052452942
0.005432396
0.018093691
0.03289682
0.049921957
0.069130019
0.090398549
0.11347454
0.13797998
0.16342601
0.18925143
0.21478576
0.23925255
0.26224975
0.28341875
0.30238508
0.31875071
0.33215416
0.34217981
0.34810901
0.35123286
0.34953509
0.34314997
0.33214989
0.3168589
0.29793048
0.27628563
0.25302021
0.22928846
0.20617544
0.18459336
0.16524194
0.14861523
0.134996
0.12440345
0.11650226
0.11069029
0.10607566
0.10140245
0.09677443
0.091006151
0.08393475
0.075937684
0.067491645
0.059233355
0.051936592
0.046437358
0.043585454
0.044154039
0.048725232
0.057506916
0.070513748
0.087248255
0.10681162
0.12808626
0.14983857
0.17085431
0.19007271
0.20668195
0.22016087
0.2302672
0.23699458
0.24051279
0.2410922
0.23911783
0.23495795
0.22900956
0.22159651
0.21299922
0.2034477
0.19311435
0.18211643
0.1705221
0.15835837
0.14562046
0.1322834
0.11831644
0.10370154
0.088457178
0.072666228
0.056504003
0.040264177
0.024377678
0.0094139695
-0.0039399588
-0.014925349
-0.022779969
-0.026820802
-0.02675798
-0.022188977
-0.013181193
-0.00010962291
0.016400998
0.035520356
0.056290309
0.077710803
0.09881745
0.11874407
0.13676781
0.15233689
0.16507981
0.17480187
0.18146076
0.18515295
0.18611167
0.18423761
0.18013152
0.17397316
0.16600247
0.15645707
0.14555067
0.13346867
0.12036975
0.10639352
0.091673867
0.0763567
0.060619786
0.044691278
0.028863488
0.013497378
-0.00098596392
-0.014127566
-0.025464561
-0.034572065
-0.041105099
-0.04482489
-0.045641241
-0.043591397
-0.03883548
-0.031639533
-0.022342385
-0.011337789
0.00094703361
0.014068521
0.027581571
0.041052389
0.054071222
0.0662645
0.077306392
0.086927026
0.094917949
0.10113268
0.10548794
0.1079531
0.10856266
0.10736554
0.10447878
0.10002827
0.094160748
0.08703371
0.078810998
0.069660734
0.059754696
0.049269484
0.038388739
0.027306206
0.016227259
0.0053699912
-0.0050383434
-0.014764115
-0.023578728
-0.031262893
-0.037627082
-0.042507404
-0.045795058
-0.04741692
-0.047385311
-0.045737992
-0.042561155
-0.038042352
-0.032264933
-0.0256299
-0.018080309
-0.010123044
-0.0010444584
0.48916366
0.48820668
0.48684693
0.48518089
0.48311716
0.48048451
0.47710296
0.47275607
0.46720423
0.46016406
0.45134911
0.44047564
0.42730494
0.41167119
0.39351485
0.37291584
0.35010907
0.3254945
0.29962641
0.27316013
0.24676694
0.2210329
0.19637157
0.17299668
0.15094764
0.13017394
0.11060985
0.092199132
0.074992882
0.059125417
0.044588772
0.031443386
0.01978932
0.0096875625
0.0011440553
-0.0058831785
-0.011477145
-0.015749527
-0.018817562
-0.020779598
-0.021689856
-0.021526985
-0.02017061
-0.017408388
-0.012965605
-0.0065403128
0.0021493587
0.013320537
0.027104951
0.043530092
0.062482927
0.083832148
0.10719274
0.13215234
0.1581768
0.18465387
0.21091435
0.23626181
0.2601123
0.28197575
0.30140888
0.31802843
0.33150545
0.34148238
0.34767368
0.34992443
0.3477614
0.34103683
0.32986766
0.31465198
0.2960649
0.27500578
0.25251345
0.22965991
0.20744405
0.18671321
0.16812782
0.15214828
0.13901669
0.12870516
0.12080653
0.11466898
0.10976928
0.10509111
0.10041758
0.094316944
0.087430586
0.079937348
0.072212244
0.064851053
0.058561416
0.054074553
0.05206478
0.053066624
0.058022702
0.066658355
0.078889029
0.094295158
0.11216878
0.13153951
0.15135718
0.17058631
0.18830637
0.20378851
0.2165322
0.22627015
0.23294434
0.23666674
0.2376555
0.23617292
0.23262308
0.22726519
0.22040385
0.21228776
0.20312957
0.19309833
0.18231883
0.1708753
0.15881721
0.14616715
0.13293165
0.11911531
0.10473876
0.089859981
0.074598112
0.059156626
0.043841451
0.029070873
0.015372439
0.0033627055
-0.0062916807
-0.012912575
-0.015749954
-0.015360639
-0.010658056
-0.0019318067
0.010427208
0.025838494
0.043551542
0.062709127
0.082419542
0.10182357
0.12014945
0.13675144
0.15113273
0.1629527
0.17201859
0.1782676
0.18171521
0.18235847
0.18103515
0.17731868
0.17155952
0.16400746
0.15488341
0.14438763
0.13269945
0.11998059
0.10638269
0.092058579
0.077176635
0.061936147
0.046580882
0.031408001
0.01676905
0.0030600109
-0.009299748
-0.019896805
-0.028357782
-0.034381804
-0.037762623
-0.038447036
-0.03645105
-0.031931917
-0.025137431
-0.016386416
-0.0060499058
0.0054686895
0.017751053
0.030379305
0.042949152
0.055081905
0.066435049
0.076710954
0.085663169
0.093099987
0.09888659
0.10294402
0.10524574
0.10583121
0.1046421
0.10187127
0.097610733
0.091987717
0.085146027
0.077239829
0.068431069
0.058888514
0.048788049
0.038313703
0.027658991
0.017027268
0.0066312408
-0.0033104531
-0.012577297
-0.020955754
-0.028245091
-0.034272015
-0.038891893
-0.042009204
-0.043564179
-0.043566632
-0.042054829
-0.039128406
-0.034935842
-0.029605847
-0.023471613
-0.016521231
-0.0093270386
-0.0012297273
0.48201052
0.48108984
0.47980339
0.47823851
0.47629958
0.47383935
0.47070771
0.46672969
0.46170261
0.45539399
0.44756275
0.43797364
0.42642089
0.41275283
0.39689585
0.37887876
0.3588486
0.33707898
0.31396169
0.2899725
0.26562047
0.24138685
0.21767329
0.19477381
0.17286425
0.15204464
0.13237067
0.11391432
0.096744067
0.080885928
0.066348568
0.053181173
0.041403381
0.030991501
0.021880006
0.013970862
0.0071483111
0.0012970983
-0.0036748967
-0.0078075496
-0.011060711
-0.013295834
-0.014274757
-0.013683798
-0.011169617
-0.0063773765
0.0010007726
0.011182773
0.024279708
0.040289425
0.059053979
0.08030803
0.10368825
0.12872379
0.15484391
0.18141769
0.2077796
0.23324553
0.25718667
0.27906609
0.29842962
0.31489063
0.32810343
0.33771395
0.34331418
0.3452682
0.34281418
0.33604141
0.32512065
0.31045666
0.29269552
0.27267115
0.25133317
0.22965849
0.2085629
0.18883456
0.17109306
0.1557619
0.14303821
0.13285605
0.12486634
0.11845854
0.11298967
0.10808729
0.10284841
0.096799127
0.090154038
0.083085935
0.075959286
0.06932923
0.063836121
0.06012212
0.058770796
0.060238305
0.065224368
0.073566836
0.085097729
0.099403289
0.11585236
0.13364135
0.15185212
0.16957838
0.18600847
0.20048628
0.21254693
0.2219236
0.22852887
0.23241989
0.23375407
0.23274994
0.22969968
0.22484828
0.2184696
0.21078796
0.20199894
0.19226912
0.18172865
0.17047292
0.15856785
0.14605745
0.13297427
0.11935282
0.10524623
0.09074492
0.075996127
0.061222366
0.046734138
0.032934009
0.020308473
0.0094045209
0.00078590583
-0.005044645
-0.0078182166
-0.0063682658
-0.0014690357
0.0069581265
0.018625939
0.033016188
0.049455101
0.067175162
0.085378597
0.10329617
0.12023486
0.13561246
0.14897732
0.16001426
0.1685376
0.1744732
0.17783743
0.17872423
0.17742124
0.17396631
0.16856208
0.16140826
0.15269614
0.14261216
0.13133031
0.11901457
0.10582589
0.091931488
0.077516294
0.06279466
0.048019952
0.033489508
0.019542779
0.0065508301
-0.0051024664
-0.015045548
-0.022947767
-0.028547058
-0.031673596
-0.032260465
-0.03035342
-0.02609324
-0.01970813
-0.011496549
-0.0018064645
0.0089833359
0.020480228
0.032292749
0.044043642
0.055381205
0.065988408
0.075590525
0.083959648
0.09091811
0.096337774
0.10013876
0.10227943
0.10273196
0.10171736
0.09908155
0.095013222
0.089637148
0.08308458
0.075500595
0.067040605
0.057869248
0.048159946
0.03809498
0.027865572
0.017671349
0.0077188404
-0.0017820352
-0.010622563
-0.018602678
-0.025537559
-0.031268265
-0.035665306
-0.0386415
-0.040148264
-0.040197092
-0.038827178
-0.0361387
-0.032257497
-0.027342261
-0.021653505
-0.015259203
-0.0087092397
-0.0014509315
0.47751766
0.47665266
0.47546816
0.47403419
0.47224349
0.46996137
0.46705696
0.4633788
0.45874781
0.45296237
0.44581203
0.43709107
0.42661523
0.41424169
0.39988912
0.3835567
0.36533695
0.34542392
0.32410881
0.30175892
0.27878702
0.25560859
0.23260755
0.21010751
0.18835316
0.16753658
0.14782773
0.12932402
0.11211059
0.096174601
0.081553952
0.068271132
0.056295446
0.045554319
0.035945051
0.027346289
0.019634156
0.012703653
0.0064943317
0.001017764
-0.0036224962
-0.0072221019
-0.0094862638
-0.010061098
-0.0085683998
-0.004640789
0.0020309861
0.011656843
0.024327928
0.040015445
0.058502048
0.07956718
0.10274207
0.12754034
0.15338081
0.17962839
0.20562595
0.23071174
0.25425883
0.27571563
0.29461975
0.31058511
0.32328157
0.33241573
0.33772947
0.33912
0.33660147
0.32997513
0.31952287
0.30562761
0.28888775
0.27005883
0.24999634
0.22958079
0.20964535
0.19091668
0.1739688
0.1591865
0.14673321
0.13653506
0.12828331
0.12147782
0.11556964
0.11008119
0.10447334
0.098440838
0.092005866
0.085341304
0.078790794
0.072853959
0.068097469
0.065084194
0.064320804
0.066202229
0.071227624
0.079266504
0.090169181
0.10355214
0.11884379
0.13532065
0.15217962
0.16862463
0.18393629
0.19752407
0.20895694
0.21796931
0.22444814
0.22840867
0.22996238
0.22928424
0.22658615
0.22214298
0.21614979
0.20882904
0.20035909
0.1909045
0.1805972
0.16953882
0.15780714
0.14546318
0.13256092
0.11915997
0.1053401
0.091217266
0.07695969
0.062801606
0.049051942
0.036095338
0.024381966
0.014403968
0.0066575144
0.0015931286
-0.00042909315
0.001096251
0.0059454259
0.014031272
0.025060798
0.038552906
0.053893355
0.070387089
0.087313189
0.10397607
0.11974766
0.13409753
0.14661054
0.15699068
0.16505663
0.17072668
0.17400598
0.17497247
0.17375247
0.17052821
0.16540853
0.15858752
0.15023037
0.14051425
0.12960866
0.11767853
0.10489115
0.091423662
0.077472177
0.063260159
0.049044737
0.035119012
0.021808593
0.0094613521
-0.0015694384
-0.010946951
-0.018375138
-0.02362196
-0.026539464
-0.027072745
-0.025264606
-0.021252655
-0.015244875
-0.0075214912
0.0015907761
0.011735924
0.022544564
0.033648607
0.044693886
0.055350845
0.065322982
0.074353153
0.082227891
0.088778852
0.093883649
0.097462976
0.099481926
0.099949132
0.099003004
0.096397785
0.092480754
0.087323028
0.081032265
0.07374427
0.065608179
0.056784167
0.047442362
0.037761956
0.027930562
0.018143028
0.0085992459
-0.00049946476
-0.0089551101
-0.016579512
-0.0232009
-0.02867215
-0.032875754
-0.035731931
-0.037199314
-0.037289864
-0.036045708
-0.03356526
-0.029964173
-0.025409628
-0.020111947
-0.014207086
-0.0081728276
-0.0016078328
0.47514535
0.47435889
0.47328588
0.4719848
0.47033171
0.46819734
0.4654621
0.46198716
0.45760778
0.45214128
0.44539728
0.4371888
0.42734617
0.41573356
0.40226589
0.38692498
0.36977306
0.35095942
0.33071724
0.30935166
0.28721957
0.26469788
0.2421597
0.21992822
0.19825738
0.17741822
0.15761054
0.13903679
0.12168005
0.10558683
0.090802218
0.077316424
0.06507206
0.05398057
0.043932998
0.034812165
0.026509797
0.018947627
0.01209999
0.0060149973
0.00082846551
-0.0032346429
-0.0058742286
-0.0067464447
-0.0054982383
-0.0017863448
0.0046869272
0.014125292
0.026604547
0.042075713
0.060352408
0.081071483
0.10386569
0.1282255
0.15356867
0.17926207
0.20466059
0.2291236
0.25204008
0.27286807
0.29115275
0.3065187
0.31865349
0.32729514
0.3322403
0.33336622
0.33063404
0.32419817
0.31421644
0.30105349
0.28527443
0.26756112
0.24868059
0.22942328
0.21054337
0.19270424
0.17643052
0.1620706
0.14976922
0.13946024
0.13087882
0.12361359
0.11722074
0.11125752
0.10535422
0.09927882
0.093024132
0.086743993
0.080748004
0.075472158
0.071409362
0.069053407
0.068855391
0.071193178
0.076224317
0.084035979
0.094461605
0.10712513
0.12149639
0.1369234
0.15269164
0.16809061
0.18247305
0.19529981
0.20616642
0.21481066
0.22110467
0.22503655
0.22668584
0.22619466
0.22374183
0.219548
0.21383446
0.20678763
0.19855779
0.1893199
0.17920248
0.16831013
0.15673005
0.14453732
0.13180417
0.11861085
0.10505841
0.091282563
0.077466585
0.06385167
0.050742722
0.038507043
0.027562698
0.018356779
0.011334085
0.006900785
0.0053947816
0.0070943059
0.011850519
0.019627495
0.030126119
0.042885705
0.05733741
0.072843279
0.088743533
0.1044009
0.11923771
0.13276283
0.14458711
0.1544281
0.162106
0.16753335
0.17070196
0.17166581
0.17052451
0.16741214
0.16248927
0.15591322
0.14781489
0.13838094
0.12777541
0.11616368
0.10371863
0.090625081
0.077086235
0.0633302
0.049614095
0.036224587
0.023473507
0.011687877
0.0011946755
-0.0076982426
-0.014722786
-0.019670117
-0.022406971
-0.022888116
-0.021160571
-0.017356636
-0.011656831
-0.004333545
0.004305779
0.013924897
0.024174103
0.03470454
0.045180379
0.055289011
0.06474898
0.073315932
0.08078611
0.086998336
0.091833647
0.09521397
0.097097802
0.097471671
0.096319135
0.093998827
0.090223661
0.085243353
0.07915965
0.072109042
0.064236967
0.055701134
0.046668798
0.037315857
0.027826006
0.018389094
0.0091985704
0.00044781186
-0.0076745794
-0.014990668
-0.021339329
-0.026583228
-0.030614119
-0.033359364
-0.034783631
-0.034897127
-0.033747886
-0.031432095
-0.028059164
-0.023795099
-0.018825911
-0.013332571
-0.0077022555
-0.0016981945
0.47427301
0.47354963
0.47259328
0.47143432
0.46991854
0.46792012
0.46532232
0.46198819
0.45776037
0.45246652
0.44592699
0.43796484
0.42841856
0.41715712
0.40409557
0.38920998
0.37254868
0.35423894
0.33448447
0.31355753
0.29178138
0.26950958
0.24712946
0.22496481
0.20325928
0.18227895
0.1624172
0.14363729
0.12601827
0.10966185
0.094610216
0.080836144
0.06827721
0.056849009
0.046453087
0.036990043
0.028376246
0.020561702
0.013547249
0.0073992938
0.0022590553
-0.0016558952
-0.0040631037
-0.0046397786
-0.0030853568
0.00087535261
0.0075230325
0.017067418
0.029560871
0.044950579
0.062977451
0.083526632
0.10605354
0.1300468
0.15493721
0.1801144
0.2049533
0.22883282
0.25116192
0.27141146
0.28913031
0.30394429
0.31554835
0.32370079
0.32823054
0.32904965
0.3261671
0.31973729
0.31005507
0.29735247
0.28224414
0.26533938
0.24734205
0.22897237
0.21091745
0.19378161
0.17804118
0.16400988
0.15181689
0.1414044
0.13254781
0.1249064
0.11808876
0.11174911
0.10559846
0.099453542
0.093315457
0.087332175
0.081782958
0.077051009
0.073570908
0.071779528
0.072069856
0.074741678
0.079949364
0.087668188
0.097836425
0.11004488
0.12380049
0.13850301
0.15349947
0.16814016
0.18182992
0.19406775
0.20447113
0.21278445
0.21887372
0.2227119
0.22435779
0.22393166
0.22159466
0.21753485
0.21196426
0.20510651
0.19697537
0.18784702
0.17782871
0.16702282
0.15552368
0.14341653
0.13078667
0.11772974
0.10436321
0.090838222
0.077350158
0.064146438
0.051529855
0.03985488
0.029515574
0.020924955
0.014487593
0.010565084
0.0094366167
0.011238718
0.016098939
0.023707952
0.033889781
0.046170337
0.060018579
0.074840034
0.090020242
0.1049642
0.11913016
0.1320544
0.14336602
0.15279192
0.16015398
0.16536043
0.16839298
0.16929242
0.16814485
0.16506405
0.16021944
0.15379144
0.1457929
0.13650339
0.12606719
0.11464755
0.10242234
0.089581788
0.076334495
0.062911992
0.04957121
0.036593661
0.024280338
0.012941965
0.0028850115
-0.0056052862
-0.012282888
-0.016957424
-0.019508406
-0.019899569
-0.018185682
-0.014522827
-0.0089972905
-0.0019280594
0.0063976632
0.01565952
0.025522814
0.035652933
0.045727186
0.055444768
0.064534552
0.072760703
0.079926313
0.085875052
0.09049127
0.093698468
0.095456301
0.095757967
0.094628688
0.092169807
0.088490061
0.083622524
0.077647065
0.070734798
0.063025569
0.054676228
0.04585216
0.036726982
0.027481526
0.018301851
0.00937646
0.00089257938
-0.0069684741
-0.014036782
-0.020159719
-0.025208062
-0.029081258
-0.031712056
-0.033069174
-0.033165102
-0.032054591
-0.029842843
-0.026608399
-0.022534244
-0.017801614
-0.01261835
-0.0072590776
-0.0017020765
0.47431124
0.47377336
0.47307681
0.47216214
0.47087479
0.46909757
0.46671215
0.46358061
0.45954573
0.45443533
0.44806942
0.44027024
0.43087498
0.41975051
0.40680861
0.39202037
0.37542734
0.35714822
0.33737797
0.31638094
0.29447366
0.2720081
0.24933221
0.22675388
0.20450315
0.18312254
0.16280648
0.14351275
0.12536038
0.10850258
0.092966033
0.0787347
0.065766575
0.05399604
0.043342082
0.033720057
0.025056136
0.017304088
0.010462814
0.0045919702
-0.00017834781
-0.0036476022
-0.0055604617
-0.0056353948
-0.0035491093
0.0010132097
0.0082607255
0.01831819
0.03127973
0.047117593
0.06569327
0.086257765
0.10881276
0.13275124
0.15751784
0.18250671
0.20709451
0.23066452
0.25263363
0.27247848
0.28975009
0.30407673
0.31516219
0.32278671
0.32681387
0.32719424
0.32395256
0.31721431
0.30715073
0.29445146
0.27953189
0.26294896
0.24539918
0.22755764
0.21005988
0.19345695
0.17817449
0.16448404
0.15248685
0.14211561
0.13315847
0.12530675
0.1182198
0.11160446
0.10521568
0.098932704
0.09278133
0.086917687
0.081616222
0.077235501
0.074171733
0.072815077
0.073514154
0.076551615
0.082083107
0.090149202
0.10038388
0.11250791
0.12606157
0.14046321
0.15509082
0.16932784
0.18261016
0.19446239
0.20452028
0.21253884
0.21838783
0.22203887
0.2235462
0.22302508
0.2206296
0.21652872
0.21088704
0.20382725
0.19571828
0.18656714
0.17649905
0.16562831
0.15406022
0.14188735
0.12920517
0.11612209
0.10277018
0.089315686
0.075967841
0.062984499
0.050672885
0.039383818
0.029498129
0.021405186
0.015474812
0.012026487
0.011306782
0.013477696
0.018592661
0.026477617
0.03668496
0.048861458
0.062505143
0.07704118
0.091879415
0.10644884
0.12022948
0.13277575
0.14373039
0.15282955
0.15990041
0.16485328
0.1676706
0.16839366
0.16710621
0.1639132
0.15893242
0.15224208
0.1442138
0.1348828
0.12440513
0.11295939
0.10073657
0.087934459
0.074769444
0.061479577
0.04832561
0.035588943
0.023565709
0.012556821
0.0028543978
-0.0052743549
-0.011604201
-0.015967143
-0.018261778
-0.018451369
-0.016561095
-0.012666528
-0.0071159299
-7.5476534e-05
0.0081785342
0.017325913
0.027038536
0.036989173
0.046862466
0.05636466
0.065231134
0.073231926
0.080175239
0.085909227
0.090322194
0.093341706
0.094933155
0.095098244
0.093872697
0.091323214
0.08752236
0.0825036
0.076482809
0.069553467
0.061843793
0.053519308
0.044746179
0.035698523
0.026557177
0.017507222
0.0087349838
0.00042421689
-0.0072485315
-0.014119282
-0.020042391
-0.024896478
-0.028589817
-0.031064544
-0.032297057
-0.032293909
-0.031097379
-0.028777228
-0.025530105
-0.021492422
-0.016843953
-0.011813232
-0.0066341144
-0.001503818
-0.86822644
-0.86331546
-1.0550398
-0.74995083
-0.86822624
-0.86331489
-1.0550399
-0.92050748
-1.0102635
-1.0208068
-0.92576961
-0.92050738
-1.0102642
-1.0208042
-0.831648
-0.98994791
-0.88125006
-0.88478955
-0.83164863
-0.98996904
-0.88125116
-0.72969875
-0.82995019
-0.75167006
-0.77451097
-0.72969847
-0.82995016
-0.75166957
-0.36087673
-0.068266952
-0.23009363
-0.081592735
-0.3608765
-0.06826737
-0.23009304
-0.88576239
-0.51288138
-0.53989919
-0.88576168
-0.51288122
-1.1269368
-0.87353582
-1.1269374
-0.7450704
-0.81709316
-0.74507007
-0.64262469
-0.64160588
-0.71740736
-0.64262443
-0.64160576
-0.61028427
-0.62386031
-0.60242578
-0.6264432
-0.61028419
-0.62386025
-0.60242574
0.31759404
0.72351651
0.39622545
0.58590218
0.3175939
0.7235164
0.39622544
0.082435966
-0.58966387
-0.58966381
-0.56465564
-0.56439071
-0.54801589
-0.57538739
-0.56465572
-0.5643907
-0.54801596
0.63533816
1.3015398
0.91353736
0.63533811
1.3015398
-0.53076107
-0.491655
-0.54544779
-0.53076091
-0.49165498
1.4197096
1.6962958
1.7574406
1.5485635
1.4197096
1.6962958
1.7574407
1.7666739
1.3624317
1.766674
-0.4834213
-0.44714015
-0.48342125
-0.44714053
-0.47463052
-0.44665346
-0.45625116
-0.48129668
-0.47463053
-0.44665371
-0.45625111
1.804015
1.8632224
1.9384046
1.8057527
1.804015
1.8632223
1.9384048
-0.44055661
-0.4197789
-0.42859017
-0.43770337
-0.44055656
-0.41977688
-0.42859017
1.9383057
1.8071401
1.8027044
1.8636607
1.9383058
1.80714
1.8027039
-0.42035207
-0.41287338
-0.41339746
-0.41665806
-0.42035211
-0.41287344
-0.41339749
1.7576602
1.5524126
1.4176893
1.6990042
1.7576604
1.5524127
1.4176893
1.3585136
1.7680761
1.3585133
-0.40166161
-0.40503571
-0.40166172
-0.40503563
-0.40712983
-0.40523039
-0.40090439
-0.40626011
-0.40712989
-0.40523023
-0.40090445
0.91299151
0.62982098
1.3000354
0.91299164
0.62982049
-0.39766605
-0.3884811
-0.38800782
-0.39766602
-0.38848092
-0.38800794
0.38923271
0.59230719
0.31938895
0.72421108
0.38923256
0.59230726
0.31938888
0.084339615
0.084340165
-0.40049936
-0.40049922
-0.38615278
-0.39096688
-0.38209166
-0.3940677
-0.3861528
-0.39096681
-0.38209167
-0.21857343
-0.065382424
-0.34422198
-0.062155251
-0.21857358
-0.06538184
-0.34422233
-0.51586477
-0.84370419
-0.50146599
-0.51586411
-0.84370512
-0.82454807
-1.0414
-0.82454898
-1.0414007
-0.64726581
-0.55732829
-0.64726588
-0.55732834
-0.44656051
-0.53089533
-0.45261302
-0.44656044
-0.53089544
-0.45261299
-0.40826346
-0.4339294
-0.41447148
-0.42568113
-0.40826339
-0.43392937
-0.41447146
-0.9660161
-0.68616732
-0.7864336
-0.80824975
-0.96601677
-0.68616781
-0.78643529
-0.88961211
-0.82254076
-0.79571238
-0.91499501
-0.8895925
-0.82254135
-0.7957123
-0.71306223
-0.74112805
-0.67332033
-0.84761706
-0.71306213
-0.74112808
-0.67332004
-0.56577253
-0.60547316
-0.55284202
-0.66012585
-0.56577246
-0.60547296
-0.55284191
-0.61266331
-0.5465426
-0.76097092
-0.42420706
-0.61266347
-0.54654339
-0.76097095
-0.65621401
-0.69115986
-0.65965616
-0.68810842
-0.6562136
-0.69115916
-0.65965574
-0.87120782
-0.94858817
-0.95059522
-0.81689442
-0.80117423
-0.80152284
-0.68555521
-0.717469
-0.68985927
-0.70549013
-0.69003357
-0.70564163
-0.68561588
0.073299609
0.081381392
-0.058729602
0.1672534
-0.059794311
0.16643067
0.071411118
-0.61138963
-0.61151929
1.1024842
1.3891605
1.3012465
1.2149275
1.1024842
1.3891605
1.3012466
-0.52651836
-0.54519878
-0.53981349
-0.53974896
-0.52663203
-0.51625517
-0.49801529
-0.49556943
-0.51928977
-0.51625515
-0.49801529
-0.49556937
1.359913
1.4808679
1.4814937
-0.43344807
-0.43765549
-0.44160982
-0.43032266
-0.44166063
-0.4302601
-0.43348443
-0.41663268
-0.416583
-0.4194147
-0.41457273
-0.41940547
-0.41451246
-0.41662755
1.7700316
1.5899582
1.5894875
-0.4071328
-0.40606469
-0.40767274
-0.40854238
-0.40748713
-0.40870949
-0.40708061
1.3025636
1.2233503
1.1053038
1.3950274
1.3025635
1.2233503
1.1053039
0.99461123
1.3030464
1.2655282
1.1135187
1.2703705
1.1108988
1.0003111
-0.39375965
-0.38788726
-0.38432577
-0.39569788
-0.39375971
-0.3878873
-0.3843258
0.26313251
0.26242355
-0.38862962
-0.39424381
-0.39013018
-0.3923562
-0.39013109
-0.39241019
-0.38873905
-0.689649
-0.50662848
-0.56621394
-0.57077135
-0.68676885
-0.42395253
-0.42522512
-0.42072767
-0.43743227
-0.42085774
-0.43759648
-0.42396024
-0.71700605
-0.38309869
-0.56210515
-0.51331936
-0.71700618
-0.38309809
-0.5621051
-0.90682636
-0.91300353
-0.92613238
-0.90482127
-0.92744168
-0.90529359
-0.90522771
-0.78519241
-0.84781937
-0.80407682
-0.8207505
-0.80462782
-0.82096838
-0.7841638
-0.60939237
-0.65966439
-0.62515066
-0.64449169
-0.62563329
-0.64424986
-0.60925121
-0.46996524
-0.50665827
-0.46997878
-0.50589786
-0.4699653
-0.50665831
-0.46997893
-0.94024608
-1.0568443
-1.0007643
-0.98400486
-1.0042284
-0.98375426
-0.94020111
-0.94024615
-1.0568443
-1.0007649
-0.98400568
-1.0042273
-0.98375431
-0.9401999
-1.0158905
-1.0080661
-1.0026752
-1.0323902
-1.0032021
-1.0336498
-1.0142342
-1.004259
-1.021436
-0.99398771
-1.0364609
-0.99525886
-1.0372088
-1.0038043
-1.0158916
-1.0080666
-1.0026768
-1.032391
-1.003202
-1.0336503
-1.014235
-1.0042598
-1.0214358
-0.9939862
-1.0364614
-0.99525878
-1.0372093
-1.0038048
-0.93689737
-0.99017637
-0.96285385
-0.95649018
-0.96311662
-0.95698003
-0.93585872
-0.89640941
-0.88186441
-0.85847867
-0.91712537
-0.85896658
-0.91707448
-0.89614575
-0.93689591
-0.99017793
-0.96287033
-0.95647481
-0.96311671
-0.95697796
-0.93584841
-0.89640947
-0.88186462
-0.85847994
-0.91712649
-0.85896676
-0.9170744
-0.89614689
-0.7874735
-0.82937802
-0.81627318
-0.80320427
-0.81584833
-0.80381265
-0.78738729
-0.78747349
-0.82937817
-0.81627354
-0.8032045
-0.81584831
-0.80381291
-0.78738743
-0.30264345
-0.22082738
-0.40308523
-0.25123495
-0.40445284
-0.25295144
-0.29888595
-0.30264364
-0.22082705
-0.40308493
-0.25123494
-0.40445246
-0.25295148
-0.29888559
-0.66742713
-0.89009414
-0.73795731
-0.91166853
-0.73697333
-0.91722519
-0.67403746
-0.70809635
-0.51803741
-0.58069116
-0.58504032
-0.70547506
-0.66742734
-0.89009382
-0.73795781
-0.91166864
-0.7369733
-0.91722514
-0.67403778
-0.7080967
-0.51803713
-0.58069145
-0.58503999
-0.70547549
-1.1296075
-1.01153
-1.0122571
-0.87120738
-0.94858823
-0.95059528
-1.1296072
-1.01153
-1.0122572
-0.74512927
-0.77049968
-0.77046195
-0.81689465
-0.8011748
-0.80152303
-0.74512921
-0.77049982
-0.77046202
-0.66248349
-0.64185978
-0.64871508
-0.64865125
-0.66246453
-0.68555507
-0.71746886
-0.68985882
-0.70548965
-0.69003352
-0.70564145
-0.68561565
-0.66248337
-0.64185967
-0.64871494
-0.64865115
-0.66246431
-0.61655834
-0.623581
-0.6321364
-0.61756375
-0.63230323
-0.61783218
-0.61675843
-0.61655825
-0.62358091
-0.6321362
-0.61756378
-0.6323032
-0.61783213
-0.61675831
0.50175289
0.39054522
0.36545862
0.57814722
0.36598401
0.57744272
0.5007871
0.50175279
0.3905452
0.36545851
0.57814715
0.36598399
0.57744279
0.50078715
-0.22845005
-0.23285109
0.26688001
0.26624485
0.07329967
0.081381387
-0.05872989
0.16725317
-0.059794342
0.16643065
0.07141088
-0.2284499
-0.23285105
0.26687954
0.26624463
-0.59286965
-0.58956735
-0.60066846
-0.58418488
-0.60073938
-0.58427511
-0.59282379
-0.57499814
-0.57494407
-0.61138971
-0.61151919
-0.59286963
-0.58956733
-0.60066852
-0.5841849
-0.60073942
-0.584275
-0.59282396
-0.5749981
-0.57494389
-0.55955636
-0.5648346
-0.56822474
-0.55217514
-0.56817995
-0.55215587
-0.55972898
-0.55955644
-0.56483453
-0.56822472
-0.55217541
-0.56817997
-0.55215594
-0.55972909
0.90683376
0.638192
0.71851249
0.71806873
0.90494242
1.0006257
1.3044875
1.1167804
1.2659261
1.1143105
1.2706188
1.0061295
0.90683382
0.63819166
0.71851243
0.71806888
0.90494234
1.0006256
1.3044874
1.1167803
1.2659258
1.1143105
1.2706185
1.0061293
-0.51658775
-0.49135385
-0.5088203
-0.49565525
-0.50888632
-0.49531394
-0.51620741
-0.52651863
-0.54519898
-0.53981385
-0.53974899
-0.52663235
-0.51658779
-0.49135391
-0.5088202
-0.4956554
-0.50888624
-0.49531409
-0.5162075
1.6410322
1.7582448
1.6220341
1.7422009
1.6216643
1.7433678
1.6417039
1.6410321
1.7582448
1.6220342
1.742201
1.6216642
1.7433679
1.6417041
1.7685535
1.5931826
1.5927635
1.3599129
1.4808679
1.4814937
1.7685535
1.5931825
1.5927636
-0.48354044
-0.4714795
-0.47140977
-0.44703159
-0.45961271
-0.45954797
-0.48354047
-0.47147958
-0.47140987
-0.44703204
-0.45961287
-0.45954826
-0.46022449
-0.44665962
-0.45869631
-0.44932979
-0.45860172
-0.44929229
-0.46016476
-0.46022452
-0.44665986
-0.45869646
-0.44933008
-0.45860195
-0.44929226
-0.46016475
1.8563164
1.8030074
1.7981227
1.8691858
1.7978046
1.8698829
1.8557352
1.889189
1.9391406
1.9156506
1.9090964
1.9165283
1.909189
1.889095
1.8563163
1.8030075
1.7981227
1.8691858
1.7978046
1.8698829
1.8557352
1.889189
1.9391403
1.9156507
1.9090958
1.9165282
1.9091888
1.8890948
-0.4277594
-0.41970783
-0.42424922
-0.42293421
-0.42415095
-0.42293226
-0.4277645
-0.43344821
-0.43765563
-0.44160992
-0.4303228
-0.44166065
-0.43026027
-0.43348433
-0.42775955
-0.41970783
-0.42425108
-0.42293294
-0.42415127
-0.42293217
-0.4277658
1.888922
1.9390478
1.9091478
1.9151757
1.9092535
1.9160566
1.8888439
1.8563069
1.8016132
1.8683443
1.7980777
1.8690501
1.7977285
1.8557093
1.8889218
1.9390472
1.909147
1.9151781
1.909253
1.9160564
1.8888477
1.8563067
1.8016131
1.8683419
1.7980774
1.8690495
1.7977284
1.8557088
-0.41384156
-0.41308382
-0.4134649
-0.41125422
-0.41337389
-0.41125032
-0.41388388
-0.4166327
-0.41658312
-0.41941505
-0.41457294
-0.41940557
-0.41451247
-0.41662758
-0.41384154
-0.413084
-0.41346492
-0.4112543
-0.41337392
-0.41125034
-0.41388398
1.6407887
1.758522
1.7428323
1.6198275
1.7440425
1.6193823
1.6415047
1.6407888
1.758522
1.7428324
1.6198276
1.7440424
1.6193824
1.6415047
1.3558912
1.4771162
1.4777567
1.7700317
1.5899583
1.5894875
1.3558911
1.4771161
1.4777567
-0.40147375
-0.40858712
-0.4086868
-0.40518296
-0.40654443
-0.40645646
-0.40147368
-0.40858707
-0.40868676
-0.4051828
-0.40654416
-0.40645626
-0.40713279
-0.40606476
-0.40767274
-0.40854245
-0.40748729
-0.4087093
-0.40708064
0.90427789
0.63269833
0.71332867
0.71281415
0.90231617
0.99461119
1.3030463
1.2655281
1.1135188
1.2703704
1.1108986
1.0003112
0.90427756
0.63269827
0.71332834
0.71281388
0.90231587
-0.39962635
-0.39749195
-0.39440492
-0.39711123
-0.39420445
-0.39732127
-0.39933109
-0.39065359
-0.38834775
-0.39077904
-0.39071176
-0.39074239
-0.39962632
-0.39749182
-0.39440464
-0.39711124
-0.39420414
-0.39732127
-0.39933099
-0.3906535
-0.3883474
-0.390779
-0.39071176
-0.39074222
0.50059521
0.38343477
0.57376868
0.3615756
0.57297323
0.3620573
0.49957602
0.50059526
0.38343468
0.5737684
0.36157563
0.57297297
0.36205745
0.49957584
0.073484422
0.083300359
0.16560404
-0.057529032
0.1647028
-0.058669094
0.071550875
-0.22762656
-0.23219141
0.26313261
0.26242346
0.073484465
0.083300641
0.16560423
-0.057528678
0.16470291
-0.058668985
0.071551108
-0.22762706
-0.23219193
-0.39258777
-0.39252161
-0.41584057
-0.41596347
-0.40061632
-0.40056341
-0.3959706
-0.407394
-0.39588864
-0.40744406
-0.40070457
-0.39258742
-0.39252152
-0.41584045
-0.41596342
-0.40061633
-0.40056341
-0.39597041
-0.40739388
-0.39588862
-0.40744413
-0.40070443
-0.38862963
-0.39424372
-0.39013009
-0.39235607
-0.39013109
-0.39241011
-0.38873914
-0.29255029
-0.20910019
-0.24519841
-0.39054715
-0.24694234
-0.39191411
-0.28875885
-0.2925501
-0.20910063
-0.24519843
-0.39054728
-0.24694247
-0.39191441
-0.288759
-0.6377874
-0.84806233
-0.87516592
-0.70315422
-0.88072388
-0.70210458
-0.6443605
-0.68964847
-0.50662849
-0.56621322
-0.57077145
-0.6867681
-0.63778773
-0.84806262
-0.87516645
-0.70315463
-0.88072434
-0.70210543
-0.64436036
-0.82240092
-0.89021264
-0.89232012
-1.0440182
-0.94171425
-0.94254119
-0.82240126
-0.89021311
-0.89232029
-1.0440189
-0.94171497
-0.94254147
-0.64718885
-0.61991606
-0.62011389
-0.55722416
-0.58543992
-0.58537642
-0.64718891
-0.61991593
-0.62011399
-0.55722419
-0.58543992
-0.5853763
-0.47076732
-0.44684238
-0.45448202
-0.45449576
-0.47068416
-0.49203036
-0.53106239
-0.51926995
-0.49924709
-0.51950629
-0.49935862
-0.49235066
-0.47076734
-0.44684235
-0.454482
-0.45449572
-0.47068423
-0.49203045
-0.53106243
-0.51927009
-0.49924727
-0.51950636
-0.49935858
-0.49235078
-0.42395248
-0.42522507
-0.42072754
-0.43743218
-0.42085767
-0.43759645
-0.42396006
-0.86289045
-0.96778472
-0.90771782
-0.91322901
-0.90735663
-0.91672797
-0.8628478
-0.86289089
-0.96778523
-0.90771872
-0.91322984
-0.90735701
-0.91672959
-0.86284966
-0.88359317
-0.89026406
-0.91732227
-0.86209176
-0.91804544
-0.86332452
-0.88319416
-0.9068256
-0.91300343
-0.92612743
-0.90482152
-0.92744063
-0.90529475
-0.90522523
-0.88359344
-0.89026124
-0.91734266
-0.86207731
-0.9180469
-0.86332231
-0.88320974
-0.73699135
-0.71348471
-0.75585258
-0.69158949
-0.75581047
-0.69211761
-0.73670048
-0.7851922
-0.84781884
-0.80407734
-0.8207507
-0.80462746
-0.82096827
-0.78416479
-0.736991
-0.71348481
-0.75585203
-0.69158932
-0.75581037
-0.69211756
-0.7367004
-0.60939236
-0.65966428
-0.62515059
-0.64449158
-0.62563307
-0.64425003
-0.6092511
-0.55778773
-0.60288318
-0.71299805
-0.45753868
-0.55778825
-0.60288293
-0.71299723
-0.65603228
-0.77193755
-0.79317377
-0.61791589
-0.65603187
-0.77193702
-0.79317405
-0.66807506
-0.78711315
-0.76567309
-0.66880881
-0.66807571
-0.7871138
-0.7656735
-0.63494599
-0.73165911
-0.72547196
-0.65900143
-0.63494596
-0.73165931
-0.72547188
-0.24115474
-0.070170342
-0.30044631
-0.045186188
-0.24115521
-0.070170331
-0.30044645
-0.58865744
-0.63450931
-0.63003604
-0.62828529
-0.58865744
-0.63450907
-0.63003582
0.16389097
0.47269526
0.2185572
0.3779348
0.16389063
0.47269519
0.21855695
-0.68422386
-0.54017558
-0.67525532
-0.55612116
-0.67908074
-0.55587882
-0.68336051
-0.57452106
-0.58774839
-0.5807787
-0.59332969
-0.57452106
-0.58774836
-0.58077867
0.79181461
1.0642892
0.9354912
0.90589947
0.79181455
1.0642892
0.93549114
-0.55014815
-0.53999682
-0.53743621
-0.555432
-0.55014816
-0.53999686
-0.53743623
0.9717051
0.91243378
0.8193979
1.0387972
0.81830999
1.0402847
0.96935345
1.5542383
1.6151238
1.6694245
1.5103785
1.5542383
1.6151238
1.6694246
-0.46938591
-0.48118287
-0.48190035
-0.46980811
-0.48203427
-0.46973774
-0.46944242
-0.47734815
-0.45722036
-0.45961665
-0.47353338
-0.47734813
-0.45722034
-0.45961666
1.7546653
1.7201537
1.8015847
1.6807374
1.7546653
1.7201537
1.8015847
-0.44550399
-0.4306315
-0.43302682
-0.44264428
-0.44550398
-0.43063154
-0.43302682
1.8026201
1.6845543
1.7576302
1.7215459
1.8026201
1.6845543
1.7576302
-0.42472167
-0.41425494
-0.41574606
-0.42203756
-0.42472164
-0.41425498
-0.41574606
1.6744802
1.5194173
1.5614838
1.6216972
1.6744802
1.5194172
1.5614839
-0.40985414
-0.40089375
-0.39887741
-0.40767938
-0.40985415
-0.40089382
-0.39887744
0.94224446
0.92104146
0.80331669
1.0763175
0.94224455
0.92104143
0.80331693
-0.37532505
-0.37156743
-0.36009766
-0.38046078
-0.37532505
-0.37156744
-0.36009764
0.22847862
0.39506448
0.17993969
0.4845979
0.22847828
0.39506441
0.17994002
-0.3786352
-0.39143916
-0.36501628
-0.39255794
-0.37863517
-0.3914391
-0.36501625
-0.27256822
-0.01531653
-0.20715444
-0.046017646
-0.27256884
-0.015317006
-0.20715422
-0.83223476
-0.80686991
-0.87032733
-0.78037213
-0.87098267
-0.78200286
-0.83059231
-0.42879853
-0.43700304
-0.39245443
-0.44159097
-0.42879847
-0.43700309
-0.39245449
-0.63137606
-0.38879694
-0.47737393
-0.53538108
-0.63137789
-0.38879791
-0.47737633
-0.67747999
-0.52503284
-0.54918684
-0.67366309
-0.6774804
-0.52503429
-0.54918623
-0.61966717
-0.54890796
-0.5352743
-0.6553499
-0.61966612
-0.54890667
-0.5352735
-0.56060319
-0.51557449
-0.48100586
-0.57378869
-0.56060302
-0.51557395
-0.48100558
-0.8995503
-0.86207546
-0.83794189
-0.9357739
-0.83953058
-0.93659152
-0.89792698
-0.8995511
-0.86207534
-0.83794285
-0.93577459
-0.83953059
-0.93659175
-0.89792676
-0.75787128
-0.75322145
-0.71436533
-0.77206195
-0.71303398
-0.77223172
-0.75755845
-0.75787131
-0.75322118
-0.7143642
-0.77206205
-0.71303375
-0.7722316
-0.75755791
-0.68422411
-0.54017567
-0.67525611
-0.55612128
-0.67908111
-0.55587864
-0.68336096
-0.66932435
-0.64196606
-0.66763558
-0.65531603
-0.66775424
-0.65582345
-0.669296
-0.66932432
-0.64196577
-0.66763523
-0.65531611
-0.667754
-0.65582319
-0.6692957
0.97170511
0.91243364
0.819398
1.0387972
0.81831004
1.0402847
0.96935346
-0.5215957
-0.5308329
-0.53510951
-0.51820435
-0.53513167
-0.51804696
-0.52171862
-0.52159571
-0.53083305
-0.53510947
-0.51820442
-0.53513182
-0.51804676
-0.52171885
1.5626292
1.4195604
1.4620741
1.5238273
1.4618988
1.5243467
1.5619386
1.5626292
1.4195605
1.4620741
1.5238272
1.4618989
1.5243468
1.5619388
-0.46938609
-0.48118277
-0.48190028
-0.46980817
-0.48203424
-0.46973789
-0.46944232
1.5626583
1.4174641
1.5213689
1.463026
1.5218708
1.4628692
1.5619745
1.5626584
1.4174641
1.521369
1.4630262
1.5218708
1.4628692
1.5619746
-0.40383102
-0.40568631
-0.40590474
-0.39789618
-0.4058967
-0.39752592
-0.4038382
-0.40383084
-0.40568645
-0.40590454
-0.39789616
-0.40589667
-0.39752603
-0.40383836
0.96875175
0.91187717
1.0367774
0.81634747
1.0382473
0.81517985
0.96629417
0.96875182
0.91187743
1.0367776
0.81634745
1.0382473
0.81517974
0.96629427
-0.39272628
-0.38785393
-0.39172968
-0.39234341
-0.39163211
-0.39261968
-0.39283343
-0.39272624
-0.38785396
-0.39172971
-0.39234349
-0.39163225
-0.39261972
-0.39283335
-0.6601952
-0.51615232
-0.53720832
-0.64702094
-0.53708795
-0.65092566
-0.65935251
-0.66019471
-0.51615185
-0.53720811
-0.64702002
-0.53708786
-0.65092564
-0.65935172
-0.47836683
-0.45212175
-0.4599146
-0.47908933
-0.46034649
-0.47927088
-0.47828219
-0.4783668
-0.4521218
-0.45991464
-0.47908934
-0.46034645
-0.47927096
-0.47828232
-0.83223409
-0.80686998
-0.87032763
-0.780372
-0.87098271
-0.78200282
-0.83059312
-0.57696209
-0.56707408
-0.58904695
-0.53239111
-0.58920551
-0.53114637
-0.5767251
-0.57696173
-0.56707424
-0.58904668
-0.53239122
-0.5892057
-0.53114631
-0.57672521
)
;

boundaryField
{
    inlet
    {
        type            zeroGradient;
    }
    outlet
    {
        type            fixedValue;
        value           uniform 0;
    }
    walls
    {
        type            zeroGradient;
    }
    frontAndBack
    {
        type            zeroGradient;
    }
    cylinder
    {
        type            zeroGradient;
    }
}


// ************************************************************************* //
