/*--------------------------------*- C++ -*----------------------------------*\
  =========                 |
  \\      /  F ield         | OpenFOAM: The Open Source CFD Toolbox
   \\    /   O peration     | Website:  https://openfoam.org
    \\  /    A nd           | Version:  12
     \\/     M anipulation  |
\*---------------------------------------------------------------------------*/
FoamFile
{
    format      ascii;
    class       volVectorField;
    location    "5";
    object      U;
}
// * * * * * * * * * * * * * * * * * * * * * * * * * * * * * * * * * * * * * //

dimensions      [0 1 -1 0 0 0 0];

internalField   nonuniform List<vector> 
10488
(
(0.072092278 -0.00027638253 5.2702096e-18)
(0.073625538 -0.0007709574 2.5683377e-15)
(0.076615383 -0.0013108709 4.4643014e-15)
(0.080916569 -0.0018210666 2.4372038e-15)
(0.086705279 -0.0023411844 1.5058194e-14)
(0.093993123 -0.0028792993 -3.6718515e-15)
(0.10279041 -0.0034375351 2.288308e-14)
(0.11311672 -0.0040105356 -3.492809e-15)
(0.12497613 -0.0045846568 8.9315763e-15)
(0.13833723 -0.0051375047 2.975133e-15)
(0.15311753 -0.0056397593 -9.8636108e-15)
(0.16917106 -0.0060565066 -1.1627478e-14)
(0.18627727 -0.0063485922 -2.5660173e-14)
(0.20413522 -0.0064758325 -4.0617393e-14)
(0.22236298 -0.0064002487 -5.4003212e-14)
(0.24050401 -0.0060908736 -7.1126111e-14)
(0.25804116 -0.005528677 -9.4984558e-14)
(0.27442211 -0.0047108947 -1.2138302e-13)
(0.28908699 -0.0036532864 -1.4585002e-13)
(0.30151771 -0.0023929797 -1.6885264e-13)
(0.31126749 -0.00098301113 -1.9327498e-13)
(0.31817114 0.00043444432 -2.1961445e-13)
(0.32153019 0.0019573433 -2.4737939e-13)
(0.32136461 0.0029785488 -2.671722e-13)
(0.31871657 0.0039288453 -2.8119983e-13)
(0.31238481 0.0050531701 -2.9189271e-13)
(0.30330726 0.0059046099 -2.9594975e-13)
(0.29174802 0.0064920036 -2.9319628e-13)
(0.27790737 0.006884308 -2.8304501e-13)
(0.26217276 0.0070953345 -2.6514233e-13)
(0.24492227 0.0071444934 -2.4008245e-13)
(0.22652391 0.00706623 -2.0905527e-13)
(0.20733895 0.0069018008 -1.7370172e-13)
(0.18771009 0.0066938226 -1.3635641e-13)
(0.16794722 0.0064806096 -1.0053653e-13)
(0.14831797 0.006289149 -7.0886609e-14)
(0.12904697 0.0061289381 -5.2531368e-14)
(0.11032657 0.005987633 -5.0518653e-14)
(0.092330742 0.005829128 -6.9446819e-14)
(0.075250079 0.0056026095 -1.1345267e-13)
(0.059344658 0.0053018137 -1.8603162e-13)
(0.044876373 0.0049893108 -2.8974955e-13)
(0.031823225 0.0046233478 -4.2482744e-13)
(0.020396646 0.0041043183 -5.900187e-13)
(0.010823457 0.0034066098 -7.810113e-13)
(0.0033840736 0.0025639793 -9.8992758e-13)
(-0.0016294906 0.0015949899 -1.2063016e-12)
(-0.0037945025 0.00056337986 -1.416518e-12)
(-0.0031650995 -0.00062828215 -1.6082218e-12)
(1.882888e-05 -0.0017713933 -1.7603562e-12)
(0.0057090112 -0.0029135188 -1.8605458e-12)
(0.013567076 -0.0039490483 -1.9002547e-12)
(0.023368914 -0.0048460226 -1.8991601e-12)
(0.034767629 -0.0055847646 -1.8930302e-12)
(0.047380953 -0.0061507645 -1.9340245e-12)
(0.060797826 -0.0065260944 -2.1037857e-12)
(0.074557565 -0.0066823806 -2.5168148e-12)
(0.088161449 -0.006606982 -3.3174554e-12)
(0.1011026 -0.006302338 -4.6711146e-12)
(0.11289299 -0.0057769318 -6.7735518e-12)
(0.12308321 -0.0050484603 -9.8682526e-12)
(0.13128377 -0.0041537136 -1.4263016e-11)
(0.13717905 -0.0031457913 -2.0343486e-11)
(0.14052082 -0.0020610595 -2.8564356e-11)
(0.14126104 -0.0009321491 -3.8920663e-11)
(0.13957 0.0002596738 -5.2447313e-11)
(0.13564008 0.0013710025 -6.9816292e-11)
(0.12999879 0.0022567013 -9.0139236e-11)
(0.12313149 0.0028937689 -1.1328342e-10)
(0.11565338 0.0032473675 -1.3835185e-10)
(0.10817606 0.0033108115 -1.6394677e-10)
(0.10125042 0.0031106641 -1.882793e-10)
(0.095305464 0.0027059538 -2.0941063e-10)
(0.090597701 0.0021818405 -2.2562588e-10)
(0.087176806 0.0016372558 -2.3579478e-10)
(0.084882663 0.0011651386 -2.3959537e-10)
(0.083392912 0.00082483874 -2.3788239e-10)
(0.082258009 0.00067788768 -2.316965e-10)
(0.081040101 0.00074326252 -2.2316762e-10)
(0.079356456 0.00099054365 -2.1354624e-10)
(0.076884231 0.0013737973 -2.0499819e-10)
(0.073444904 0.0018442447 -1.9855543e-10)
(0.069021554 0.0023217126 -1.9448553e-10)
(0.063759596 0.0027288334 -1.9300678e-10)
(0.057935461 0.003005327 -1.9415363e-10)
(0.051911881 0.003109683 -1.9771026e-10)
(0.046097439 0.0030188514 -2.0331063e-10)
(0.040913974 0.0027316859 -2.105292e-10)
(0.036776413 0.00226687 -2.1892448e-10)
(0.034065566 0.0016539741 -2.2803524e-10)
(0.033099434 0.0009175246 -2.373688e-10)
(0.033967135 3.4663127e-05 -2.4653604e-10)
(0.036681737 -0.00086251242 -2.5527725e-10)
(0.041169105 -0.0016974028 -2.630286e-10)
(0.047233864 -0.0024292237 -2.6953672e-10)
(0.054581649 -0.0030219184 -2.745754e-10)
(0.062859245 -0.0034531976 -2.7801213e-10)
(0.071688487 -0.0037165347 -2.7983769e-10)
(0.080697821 -0.003819615 -2.801772e-10)
(0.089549032 -0.003781045 -2.7928619e-10)
(0.097956525 -0.0036263226 -2.7752544e-10)
(0.10569773 -0.0033838654 -2.7531488e-10)
(0.11261577 -0.003081551 -2.7307133e-10)
(0.11861537 -0.0027444131 -2.7114613e-10)
(0.12365465 -0.0023934922 -2.6977326e-10)
(0.12773353 -0.0020454094 -2.690441e-10)
(0.13088131 -0.001713895 -2.6890984e-10)
(0.13314225 -0.0014091378 -2.6921584e-10)
(0.13456093 -0.0011359933 -2.6975504e-10)
(0.13514816 -0.0008740539 -2.7032272e-10)
(0.13497807 -0.00058466292 -2.7076088e-10)
(0.1340482 -0.00026159544 -2.7102083e-10)
(0.13237304 6.5544345e-05 -2.7104509e-10)
(0.12993834 0.00041274865 -2.7090705e-10)
(0.12671316 0.0007924596 -2.7071397e-10)
(0.12266667 0.0012096247 -2.7058763e-10)
(0.11776726 0.0016644613 -2.7064514e-10)
(0.11199457 0.0021510155 -2.7098092e-10)
(0.10535184 0.0026558745 -2.7165692e-10)
(0.097879569 0.0031576898 -2.726978e-10)
(0.089667989 0.0036273303 -2.7408796e-10)
(0.08086772 0.0040296575 -2.757743e-10)
(0.071695139 0.0043266064 -2.7766912e-10)
(0.062430068 0.0044813029 -2.7965249e-10)
(0.053405188 0.0044632173 -2.8158024e-10)
(0.044987184 0.0042538993 -2.8329342e-10)
(0.037548285 0.0038526683 -2.8462093e-10)
(0.031441013 0.003280377 -2.8539574e-10)
(0.026982902 0.0025756186 -2.8545292e-10)
(0.024431716 0.0017663085 -2.8458454e-10)
(0.023929816 0.00086025802 -2.8279263e-10)
(0.025445915 -0.00010139616 -2.8002964e-10)
(0.028889059 -0.0010241026 -2.7626399e-10)
(0.03407678 -0.0018551948 -2.715841e-10)
(0.040754293 -0.0025658523 -2.6610788e-10)
(0.048603451 -0.0031342089 -2.6002276e-10)
(0.05727946 -0.0035501259 -2.535662e-10)
(0.066434155 -0.0038144129 -2.4700887e-10)
(0.075736264 -0.0039366726 -2.4063141e-10)
(0.084887454 -0.0039326838 -2.3469969e-10)
(0.093632184 -0.0038217906 -2.2943718e-10)
(0.10176236 -0.0036243016 -2.2500493e-10)
(0.10911818 -0.003359658 -2.2149055e-10)
(0.11558337 -0.003045131 -2.1890311e-10)
(0.12108068 -0.0026956239 -2.1718454e-10)
(0.12556532 -0.0023248339 -2.1622647e-10)
(0.12901328 -0.0019458662 -2.1588684e-10)
(0.13140946 -0.0015688358 -2.1601518e-10)
(0.13272706 -0.0011932001 -2.1646997e-10)
(0.13297542 -0.00079092446 -2.1710197e-10)
(0.13218164 -0.00032748685 -2.1784842e-10)
(0.13031618 0.00016300339 -2.1863025e-10)
(0.12743645 0.00065281788 -2.1935491e-10)
(0.12354507 0.0011506722 -2.200042e-10)
(0.11869107 0.0016477999 -2.2056163e-10)
(0.11294544 0.0021304458 -2.2102195e-10)
(0.10640955 0.0025811524 -2.2138778e-10)
(0.099219193 0.0029798586 -2.2166688e-10)
(0.091545195 0.0033056345 -2.2186936e-10)
(0.083590134 0.0035388366 -2.2200622e-10)
(0.075581875 0.0036633463 -2.2208974e-10)
(0.067762758 0.0036684586 -2.2213026e-10)
(0.060376802 0.0035503935 -2.22137e-10)
(0.053655422 0.003313059 -2.2211873e-10)
(0.047805232 0.0029683947 -2.2208492e-10)
(0.042996423 0.0025370254 -2.2203935e-10)
(0.039358652 0.0020467236 -2.2198245e-10)
(0.036987738 0.0015232743 -2.2190946e-10)
(0.035953127 0.00097964931 -2.2180133e-10)
(0.036201484 0.00039311757 -2.2164637e-10)
(0.037660768 -0.00019073874 -2.2142529e-10)
(0.040244357 -0.00073015507 -2.2111019e-10)
(0.043832781 -0.0012158251 -2.206694e-10)
(0.048279603 -0.0016390574 -2.2007234e-10)
(0.053420256 -0.0019927587 -2.192925e-10)
(0.059082004 -0.0022728344 -2.1831066e-10)
(0.06508993 -0.0024779663 -2.1711868e-10)
(0.071272307 -0.002609258 -2.1572097e-10)
(0.077465814 -0.0026697547 -2.1413782e-10)
(0.083518738 -0.0026640782 -2.124029e-10)
(0.089294369 -0.0025978751 -2.1056349e-10)
(0.094672906 -0.0024775007 -2.0867619e-10)
(0.099552284 -0.0023097308 -2.0680096e-10)
(0.10384909 -0.0021016502 -2.049982e-10)
(0.10749937 -0.0018613796 -2.0332438e-10)
(0.11045701 -0.0015978721 -2.0182441e-10)
(0.11268973 -0.0013211546 -2.0053343e-10)
(0.11417365 -0.0010394651 -1.9947715e-10)
(0.11487675 -0.0007493279 -1.9867056e-10)
(0.11483063 -0.00043780951 -1.9813803e-10)
(0.11404507 -9.271208e-05 -1.9780895e-10)
(0.11254772 0.00024463885 -1.9771758e-10)
(0.11037955 0.00057125171 -1.9783601e-10)
(0.10758087 0.00088642339 -1.9813593e-10)
(0.10421237 0.0011841474 -1.9858884e-10)
(0.10034562 0.0014575948 -1.9916407e-10)
(0.09606463 0.0016994366 -1.9982933e-10)
(0.091465754 0.0019021394 -2.0055138e-10)
(0.086656568 0.0020583933 -2.0129613e-10)
(0.081754254 0.002161632 -2.0202993e-10)
(0.076882852 0.0022066171 -2.0272017e-10)
(0.072169756 0.0021899019 -2.0333569e-10)
(0.067741354 0.0021103344 -2.0384741e-10)
(0.063718058 0.0019694922 -2.0422962e-10)
(0.06020924 0.0017721436 -2.044612e-10)
(0.057309299 0.0015270046 -2.0452678e-10)
(0.055096135 0.0012472516 -2.0441652e-10)
(0.053632221 0.0009473314 -2.0412611e-10)
(0.052971629 0.00062964146 -2.0365454e-10)
(0.053097283 0.0002806345 -2.0302812e-10)
(0.053987066 -7.9931662e-05 -2.0223401e-10)
(0.055599233 -0.00041930964 -2.0132203e-10)
(0.057869936 -0.00072971696 -2.003174e-10)
(0.060710585 -0.0010011837 -1.992539e-10)
(0.064012174 -0.0012247598 -1.981635e-10)
(0.067634689 -0.0013843822 -1.9708746e-10)
(0.071436111 -0.0014729814 -1.9604812e-10)
(0.075189345 -0.0014486416 -1.9507412e-10)
(0.078742731 -0.001281891 -1.9416766e-10)
(0.082372365 -0.00091017272 -1.9315672e-10)
(0.2111727 -0.001366594 -1.7772446e-15)
(0.21386266 -0.00387403 2.030685e-15)
(0.21937832 -0.0065712493 2.5680542e-14)
(0.2274438 -0.0091881856 -1.5947372e-14)
(0.23832665 -0.01179979 9.4948483e-14)
(0.25208762 -0.014429901 -5.1482006e-14)
(0.26871452 -0.017082411 1.4222358e-13)
(0.28818246 -0.01973885 -1.381447e-14)
(0.31044485 -0.022357564 7.762333e-14)
(0.33541002 -0.024868483 7.349044e-14)
(0.36292108 -0.027178961 1.8627699e-14)
(0.39274254 -0.029177683 5.9203027e-14)
(0.42454441 -0.030738437 2.1132464e-14)
(0.45789503 -0.03173019 -2.9709096e-14)
(0.49225728 -0.032025005 -5.2667949e-14)
(0.52699356 -0.031510796 -6.8691096e-14)
(0.56137638 -0.030105594 -1.2589998e-13)
(0.59462005 -0.02777012 -2.2395671e-13)
(0.62589217 -0.024521458 -3.2091666e-13)
(0.65440479 -0.020435694 -3.9059982e-13)
(0.67933241 -0.015646796 -4.4954831e-13)
(0.70013561 -0.010349455 -5.2765474e-13)
(0.71599747 -0.0047126344 -6.3294472e-13)
(0.72685066 0.00081573638 -7.4573471e-13)
(0.73239702 0.0063097774 -8.4259472e-13)
(0.73220809 0.011804863 -9.1326319e-13)
(0.72655814 0.016917709 -9.6171718e-13)
(0.71552631 0.021505783 -9.9438294e-13)
(0.69916361 0.025561974 -1.0096261e-12)
(0.67768286 0.029047078 -9.9927184e-13)
(0.65143152 0.03190469 -9.5796221e-13)
(0.62087188 0.034088839 -8.8716622e-13)
(0.58659146 0.035576001 -7.9215785e-13)
(0.54930983 0.036372315 -6.7778939e-13)
(0.50986407 0.036516379 -5.5001278e-13)
(0.46917354 0.03607443 -4.2021461e-13)
(0.42819088 0.035125947 -3.0593355e-13)
(0.38785259 0.033742482 -2.2801345e-13)
(0.34901496 0.031966337 -2.0689578e-13)
(0.31248514 0.02979983 -2.622411e-13)
(0.27880854 0.027246002 -4.1311625e-13)
(0.24843144 0.024359217 -6.7918871e-13)
(0.22212697 0.021162932 -1.0774604e-12)
(0.20035221 0.017595745 -1.6268647e-12)
(0.1833753 0.013671506 -2.3445131e-12)
(0.17126998 0.0094721992 -3.2374481e-12)
(0.16392311 0.0050786725 -4.3011827e-12)
(0.16103054 0.00063357518 -5.4951861e-12)
(0.16221447 -0.0038497924 -6.749791e-12)
(0.1673357 -0.0080314434 -7.9578423e-12)
(0.17597433 -0.011911736 -8.9976011e-12)
(0.18754421 -0.015309601 -9.7055727e-12)
(0.20142996 -0.018124211 -1.0001379e-11)
(0.21698702 -0.020296555 -9.8667454e-12)
(0.23356281 -0.021786268 -9.3440838e-12)
(0.25051789 -0.02254545 -8.6154787e-12)
(0.26717788 -0.022483873 -8.0322329e-12)
(0.28286277 -0.021563757 -8.1231256e-12)
(0.29689265 -0.01980434 -9.4616284e-12)
(0.30861655 -0.017259952 -1.2625043e-11)
(0.3174377 -0.014020692 -1.8240042e-11)
(0.32285634 -0.010240927 -2.7061793e-11)
(0.32456474 -0.0061420491 -4.0050791e-11)
(0.32251162 -0.0019097743 -5.8436048e-11)
(0.31686942 0.002251687 -8.3709943e-11)
(0.30802026 0.0060728819 -1.1755934e-10)
(0.29669748 0.0092222928 -1.6150855e-10)
(0.28382219 0.011478088 -2.1670869e-10)
(0.27037203 0.01272443 -2.8343177e-10)
(0.25732375 0.012933256 -3.6067222e-10)
(0.24554227 0.012181961 -4.4583758e-10)
(0.23570106 0.010650545 -5.3445928e-10)
(0.22821233 0.008607771 -6.2028836e-10)
(0.22318155 0.0063841125 -6.96217e-10)
(0.22038256 0.0043302874 -7.5574598e-10)
(0.21928149 0.0027505004 -7.9436813e-10)
(0.21916235 0.001845779 -8.1028513e-10)
(0.21913531 0.0017861473 -8.0455612e-10)
(0.21863519 0.0022723536 -7.8745416e-10)
(0.21697323 0.0034176144 -7.567541e-10)
(0.21371246 0.0049618765 -7.2247614e-10)
(0.20891086 0.0065847819 -6.920678e-10)
(0.20271757 0.0080446715 -6.667357e-10)
(0.19557691 0.0090928607 -6.4774189e-10)
(0.18809374 0.0095570571 -6.3600126e-10)
(0.18093792 0.0093455009 -6.3146344e-10)
(0.17477332 0.008429708 -6.3334874e-10)
(0.17020713 0.0068411649 -6.4060649e-10)
(0.16775678 0.0046584189 -6.522048e-10)
(0.16779869 0.0020158978 -6.6716868e-10)
(0.17052953 -0.00094298782 -6.846713e-10)
(0.17604873 -0.0040670372 -7.0393733e-10)
(0.18425959 -0.007090992 -7.242254e-10)
(0.19483015 -0.0098194004 -7.4476839e-10)
(0.20733567 -0.012096029 -7.647535e-10)
(0.22124999 -0.013806136 -7.8330469e-10)
(0.23598925 -0.014887544 -7.995207e-10)
(0.25095834 -0.015332623 -8.1256818e-10)
(0.26559288 -0.015182186 -8.21815e-10)
(0.27939266 -0.014514173 -8.2697227e-10)
(0.29194524 -0.013429795 -8.2820456e-10)
(0.30293761 -0.012039341 -8.261584e-10)
(0.31215867 -0.010449761 -8.2188496e-10)
(0.31949149 -0.0087558459 -8.1665714e-10)
(0.32490087 -0.0070360262 -8.117239e-10)
(0.32841464 -0.0053494304 -8.0806148e-10)
(0.3301068 -0.0037395295 -8.0619184e-10)
(0.33008106 -0.002234887 -8.0611541e-10)
(0.32846568 -0.00079720302 -8.0741204e-10)
(0.3253886 0.00056357036 -8.0941589e-10)
(0.32090801 0.0019030864 -8.1141236e-10)
(0.31508386 0.0032211535 -8.1282477e-10)
(0.30800542 0.0045293999 -8.1335932e-10)
(0.29972589 0.0058502443 -8.1301552e-10)
(0.29029457 0.0071980255 -8.120416e-10)
(0.27976755 0.0085731449 -8.1084359e-10)
(0.2682185 0.009960557 -8.0988275e-10)
(0.25575235 0.01132678 -8.0958335e-10)
(0.242519 0.012617917 -8.102705e-10)
(0.22872664 0.013760268 -8.1213993e-10)
(0.21464889 0.01466357 -8.1523887e-10)
(0.20062922 0.01522743 -8.1947759e-10)
(0.18707655 0.015352306 -8.2464436e-10)
(0.17444977 0.014951392 -8.3041857e-10)
(0.16323536 0.01396331 -8.3640146e-10)
(0.15392175 0.012367874 -8.4215337e-10)
(0.14695707 0.010193158 -8.4718746e-10)
(0.1427163 0.0075182693 -8.5102172e-10)
(0.1414556 0.0044674361 -8.5320006e-10)
(0.14329652 0.0011978346 -8.533572e-10)
(0.14819411 -0.0021644829 -8.5100017e-10)
(0.15601267 -0.0054469472 -8.4588848e-10)
(0.16643769 -0.0084542627 -8.3785073e-10)
(0.17902178 -0.011046224 -8.268123e-10)
(0.19325273 -0.013124104 -8.128448e-10)
(0.20857127 -0.014628995 -7.9619737e-10)
(0.22440616 -0.015542434 -7.7731442e-10)
(0.24020744 -0.015882508 -7.5684185e-10)
(0.25547153 -0.015695992 -7.3559902e-10)
(0.2697608 -0.015050099 -7.1452384e-10)
(0.28271398 -0.014022963 -6.9458082e-10)
(0.29404849 -0.012695371 -6.7665269e-10)
(0.30356084 -0.011144744 -6.614471e-10)
(0.31111507 -0.0094392942 -6.4940695e-10)
(0.31663503 -0.0076376279 -6.4068697e-10)
(0.32009481 -0.0057867386 -6.3517179e-10)
(0.32150513 -0.0039313867 -6.3251589e-10)
(0.32092071 -0.0021110514 -6.3223442e-10)
(0.31842312 -0.00027981881 -6.337965e-10)
(0.31411015 0.0015428244 -6.3668388e-10)
(0.30802959 0.0033595215 -6.4040459e-10)
(0.30031484 0.0051305834 -6.4456375e-10)
(0.29112225 0.0068312366 -6.4885149e-10)
(0.28062256 0.0084382686 -6.5303655e-10)
(0.26902361 0.0099137901 -6.5695358e-10)
(0.25656932 0.011210842 -6.6048808e-10)
(0.24354066 0.01227661 -6.6356103e-10)
(0.2302532 0.013056754 -6.6611892e-10)
(0.21704999 0.013500988 -6.6812663e-10)
(0.20428955 0.013569085 -6.6956406e-10)
(0.19233276 0.013236339 -6.704339e-10)
(0.18152449 0.012498001 -6.7075335e-10)
(0.17217688 0.011370978 -6.7056016e-10)
(0.16455269 0.0098938209 -6.6991557e-10)
(0.15885799 0.0081248391 -6.6891156e-10)
(0.15522906 0.0061378082 -6.6764137e-10)
(0.15372426 0.0040177858 -6.6620623e-10)
(0.15432593 0.001854034 -6.6470518e-10)
(0.15692646 -0.00028863579 -6.6320122e-10)
(0.16140333 -0.0023771751 -6.6175105e-10)
(0.16758519 -0.0043169562 -6.6038168e-10)
(0.17521167 -0.0060462283 -6.590633e-10)
(0.18401346 -0.0075257631 -6.5773456e-10)
(0.19370469 -0.0087282984 -6.563049e-10)
(0.20399006 -0.0096375339 -6.546634e-10)
(0.21457487 -0.010247846 -6.5269213e-10)
(0.22517373 -0.010563119 -6.5028273e-10)
(0.23551656 -0.010595547 -6.4734803e-10)
(0.24535643 -0.010363946 -6.4384284e-10)
(0.25447193 -0.0098924566 -6.3976709e-10)
(0.26267226 -0.0092090927 -6.3517776e-10)
(0.26979958 -0.0083440167 -6.3018744e-10)
(0.27572834 -0.0073286306 -6.2494823e-10)
(0.280366 -0.0061945746 -6.1964453e-10)
(0.28365481 -0.004974795 -6.1447813e-10)
(0.28556671 -0.0037020057 -6.0963321e-10)
(0.28610374 -0.0024108129 -6.0527428e-10)
(0.285304 -0.0011164891 -6.015407e-10)
(0.28323168 0.00016531689 -5.9851981e-10)
(0.27994799 0.0014381544 -5.9627319e-10)
(0.27552756 0.0026688493 -5.9480375e-10)
(0.27009666 0.0038268468 -5.9409868e-10)
(0.26378519 0.0048938764 -5.9411156e-10)
(0.25673638 0.0058528455 -5.9477562e-10)
(0.24910876 0.0066844183 -5.9600866e-10)
(0.24107316 0.0073691077 -5.9771736e-10)
(0.23281086 0.0078880376 -5.9980046e-10)
(0.22451134 0.0082239366 -6.0215274e-10)
(0.21636833 0.0083622672 -6.0466496e-10)
(0.20857599 0.0082926094 -6.0722857e-10)
(0.20132384 0.0080100235 -6.0973793e-10)
(0.19479143 0.0075159922 -6.1209202e-10)
(0.18914251 0.0068195067 -6.1419474e-10)
(0.18451934 0.0059376201 -6.1595788e-10)
(0.18103818 0.0048951593 -6.1730563e-10)
(0.17878641 0.0037240903 -6.1817568e-10)
(0.17781762 0.0024635703 -6.1851787e-10)
(0.17813954 0.001163326 -6.1829664e-10)
(0.17971167 -0.00015284883 -6.1748769e-10)
(0.1824922 -0.001465112 -6.1609517e-10)
(0.18640456 -0.0027135597 -6.1414351e-10)
(0.19130855 -0.0038505544 -6.1167584e-10)
(0.19705002 -0.0048411238 -6.0874133e-10)
(0.2034406 -0.0056466761 -6.0543472e-10)
(0.21028837 -0.0062415857 -6.0182269e-10)
(0.21732665 -0.0065716863 -5.9804895e-10)
(0.22437379 -0.0066306274 -5.9416427e-10)
(0.23100607 -0.0062878722 -5.9028976e-10)
(0.23707029 -0.0055606012 -5.866252e-10)
(0.24327177 -0.0037366989 -5.8215941e-10)
(0.34317746 -0.0027449204 2.3451963e-15)
(0.34627142 -0.0084505137 -4.8464958e-14)
(0.35237362 -0.014287275 1.3788219e-13)
(0.36144531 -0.020154806 -2.0309737e-13)
(0.37372219 -0.026063222 4.3521269e-13)
(0.3893167 -0.032004245 -3.8302628e-13)
(0.40824506 -0.037955312 6.0209463e-13)
(0.43048275 -0.043858957 -1.8432733e-13)
(0.4559773 -0.049634818 3.2113053e-13)
(0.48462907 -0.055154751 2.9832041e-13)
(0.51627052 -0.060254797 6.8599546e-14)
(0.55066153 -0.064736407 3.9238968e-13)
(0.58746727 -0.068372089 3.2531193e-13)
(0.62625626 -0.070925437 1.7168889e-13)
(0.66649164 -0.072161977 1.1698206e-13)
(0.70753443 -0.071874531 2.4390881e-13)
(0.74864988 -0.069903295 3.1691204e-13)
(0.78903562 -0.066157018 1.3764444e-13)
(0.82783653 -0.060641268 -1.9491864e-13)
(0.86422109 -0.053464535 -4.2167714e-13)
(0.89736216 -0.044829969 -4.5919395e-13)
(0.92659224 -0.035033925 -4.4742087e-13)
(0.95129124 -0.024325604 -5.6127329e-13)
(0.97106047 -0.013125307 -8.4144785e-13)
(0.98556657 -0.001786776 -1.1862271e-12)
(0.99444726 0.0096375611 -1.468317e-12)
(0.99756974 0.020890098 -1.6393009e-12)
(0.99492256 0.031707007 -1.7399152e-12)
(0.98640089 0.04196072 -1.8316387e-12)
(0.97191886 0.051528447 -1.9247378e-12)
(0.95148641 0.060238569 -1.9787019e-12)
(0.92523881 0.067879638 -1.9546677e-12)
(0.89346702 0.074227128 -1.8545427e-12)
(0.85665447 0.079070409 -1.7053621e-12)
(0.81550778 0.08223736 -1.5228719e-12)
(0.77096674 0.08361945 -1.3071994e-12)
(0.7241822 0.083189551 -1.0655126e-12)
(0.67646505 0.081009849 -8.292388e-13)
(0.62918494 0.077212175 -6.4524361e-13)
(0.58371006 0.071987218 -5.6288873e-13)
(0.54123758 0.06556107 -6.2759113e-13)
(0.50280472 0.058101613 -9.0232333e-13)
(0.46922551 0.049741621 -1.4555046e-12)
(0.44104044 0.04067257 -2.3753704e-12)
(0.41854707 0.031130952 -3.7875004e-12)
(0.40181228 0.021373234 -5.8251619e-12)
(0.3907262 0.011671778 -8.6490347e-12)
(0.3849724 0.0022739344 -1.2360235e-11)
(0.38415428 -0.0066358555 -1.6978689e-11)
(0.38773052 -0.014712771 -2.2313706e-11)
(0.3949513 -0.021755869 -2.8004637e-11)
(0.40501405 -0.027605775 -3.3386487e-11)
(0.41704781 -0.032136084 -3.7702902e-11)
(0.43016751 -0.035299236 -4.0152521e-11)
(0.44348999 -0.037101785 -4.0006641e-11)
(0.45622135 -0.03754911 -3.7041555e-11)
(0.46762065 -0.036522725 -3.1687301e-11)
(0.47715968 -0.034012607 -2.5400849e-11)
(0.48440718 -0.030062954 -2.0041223e-11)
(0.48902443 -0.024752592 -1.7261141e-11)
(0.4907195 -0.018241109 -1.8305946e-11)
(0.48922689 -0.010815725 -2.4151202e-11)
(0.48442111 -0.0027512696 -3.5748164e-11)
(0.47628741 0.0053815258 -5.4327219e-11)
(0.46497959 0.012923699 -8.1649093e-11)
(0.45097104 0.019312614 -1.1995255e-10)
(0.43505499 0.024099949 -1.7209079e-10)
(0.41821376 0.026960139 -2.4153222e-10)
(0.40149922 0.027760778 -3.3173855e-10)
(0.38593087 0.026570835 -4.4559895e-10)
(0.37239348 0.02365342 -5.8480588e-10)
(0.3615759 0.019443684 -7.4818277e-10)
(0.35389912 0.014514596 -9.2920973e-10)
(0.34947336 0.009541039 -1.1153868e-09)
(0.34802706 0.0052179334 -1.2905923e-09)
(0.34890566 0.0021490615 -1.438603e-09)
(0.35117122 0.00068223934 -1.5458741e-09)
(0.35373995 0.00089803262 -1.6074795e-09)
(0.35558614 0.0025852976 -1.6238024e-09)
(0.35583407 0.0053846747 -1.5986194e-09)
(0.35403328 0.0087125785 -1.5486731e-09)
(0.35009999 0.01200649 -1.4900547e-09)
(0.34432234 0.014728802 -1.4302626e-09)
(0.33730338 0.016404314 -1.3736402e-09)
(0.32983233 0.016758639 -1.3240335e-09)
(0.32275783 0.015700537 -1.2833356e-09)
(0.31688369 0.013260125 -1.2511898e-09)
(0.31289465 0.0095536659 -1.2260334e-09)
(0.31136565 0.0047688344 -1.206301e-09)
(0.31270565 -0.00083390721 -1.1907981e-09)
(0.31713 -0.0068518657 -1.1790395e-09)
(0.32466335 -0.012856551 -1.1711828e-09)
(0.33511046 -0.018498426 -1.1678579e-09)
(0.34807244 -0.023428246 -1.1698808e-09)
(0.36300748 -0.027364408 -1.177953e-09)
(0.3792697 -0.030108426 -1.1923558e-09)
(0.39616135 -0.031563099 -1.2126288e-09)
(0.41298889 -0.031735236 -1.2373921e-09)
(0.42911145 -0.030721783 -1.2644158e-09)
(0.44397396 -0.028687659 -1.2909427e-09)
(0.45712714 -0.025840846 -1.3142119e-09)
(0.46823379 -0.022406718 -1.3320531e-09)
(0.47706759 -0.018605581 -1.3433944e-09)
(0.48350368 -0.014635705 -1.3485139e-09)
(0.48751095 -0.010660573 -1.3489437e-09)
(0.48913605 -0.0067984309 -1.3469974e-09)
(0.48849523 -0.0031293471 -1.3450788e-09)
(0.48578656 0.00034713235 -1.3449617e-09)
(0.48117896 0.0036089775 -1.347398e-09)
(0.47483281 0.0066453414 -1.3520541e-09)
(0.46694494 0.0094761717 -1.3577698e-09)
(0.45767303 0.012158636 -1.3630498e-09)
(0.44716334 0.014729332 -1.3665876e-09)
(0.43554229 0.017214249 -1.3676236e-09)
(0.42292538 0.019623415 -1.3660719e-09)
(0.40942742 0.021943917 -1.3624409e-09)
(0.39517464 0.024135194 -1.3576212e-09)
(0.38031772 0.02612575 -1.3526278e-09)
(0.36504564 0.027812941 -1.3483898e-09)
(0.34959927 0.02906587 -1.3456112e-09)
(0.33427807 0.029733913 -1.3446977e-09)
(0.31944672 0.029659266 -1.3457652e-09)
(0.30553102 0.028694315 -1.3486674e-09)
(0.29300174 0.026723959 -1.3530461e-09)
(0.28235738 0.023684614 -1.3584093e-09)
(0.27409524 0.019584113 -1.3641936e-09)
(0.26866145 0.014512409 -1.3697896e-09)
(0.26641906 0.0086366249 -1.3746154e-09)
(0.26762448 0.0021851598 -1.3781335e-09)
(0.27235982 -0.0045002956 -1.3798545e-09)
(0.28052342 -0.011070697 -1.3793312e-09)
(0.29186975 -0.017200579 -1.37616e-09)
(0.30597625 -0.022609697 -1.3698942e-09)
(0.32228029 -0.027056987 -1.3600446e-09)
(0.34012511 -0.030375626 -1.3460905e-09)
(0.35880737 -0.032480704 -1.3275627e-09)
(0.37761989 -0.03336563 -1.3041565e-09)
(0.39589774 -0.033093181 -1.2758994e-09)
(0.41304936 -0.031778831 -1.2432931e-09)
(0.42857943 -0.029574419 -1.2074059e-09)
(0.44210158 -0.026650436 -1.1698603e-09)
(0.45333363 -0.023178293 -1.1326708e-09)
(0.4620957 -0.019323509 -1.098004e-09)
(0.46829407 -0.015227911 -1.0678493e-09)
(0.47190868 -0.011014796 -1.043726e-09)
(0.47297505 -0.0067862849 -1.0265027e-09)
(0.47158028 -0.0026050524 -1.0163379e-09)
(0.46789553 0.0015167825 -1.0127492e-09)
(0.46206179 0.005508695 -1.0148374e-09)
(0.45421618 0.0093061681 -1.0214734e-09)
(0.44456534 0.012884059 -1.0314557e-09)
(0.43332113 0.016216388 -1.0436601e-09)
(0.42071749 0.019255661 -1.0571065e-09)
(0.40701014 0.021944664 -1.0709766e-09)
(0.39248171 0.024213706 -1.0846011e-09)
(0.37744221 0.025984255 -1.0974323e-09)
(0.36222786 0.027175147 -1.1090128e-09)
(0.34719759 0.027710753 -1.1189556e-09)
(0.33272557 0.027530454 -1.1269344e-09)
(0.31918843 0.026597663 -1.1326837e-09)
(0.30695374 0.024906809 -1.1360301e-09)
(0.29636072 0.022488827 -1.1368926e-09)
(0.28770377 0.019412026 -1.1353079e-09)
(0.28121721 0.015779527 -1.1314491e-09)
(0.27706741 0.011720721 -1.1256417e-09)
(0.27533971 0.0073810969 -1.1183136e-09)
(0.27604098 0.0029151869 -1.109984e-09)
(0.27908948 -0.0015175102 -1.1012238e-09)
(0.28432138 -0.0057689177 -1.0925833e-09)
(0.29152901 -0.0096898316 -1.084563e-09)
(0.30044917 -0.013189239 -1.0775568e-09)
(0.31076552 -0.016182428 -1.0718151e-09)
(0.32213702 -0.018606331 -1.0674334e-09)
(0.33420926 -0.020422108 -1.0643558e-09)
(0.34662575 -0.021613299 -1.0623901e-09)
(0.35903938 -0.02218378 -1.0612375e-09)
(0.37112305 -0.022155003 -1.0605316e-09)
(0.38257568 -0.021563972 -1.0598718e-09)
(0.39313195 -0.020459493 -1.0588766e-09)
(0.40256232 -0.018900263 -1.0572107e-09)
(0.41067878 -0.016952332 -1.054633e-09)
(0.41733702 -0.014684704 -1.0510306e-09)
(0.4224325 -0.01216917 -1.0464165e-09)
(0.42590069 -0.0094770422 -1.0409414e-09)
(0.42772126 -0.0066766037 -1.034883e-09)
(0.42790675 -0.0038323978 -1.0285737e-09)
(0.42652325 -0.00099564923 -1.0223762e-09)
(0.42365709 0.0017882095 -1.0166377e-09)
(0.41940538 0.0044594898 -1.0116626e-09)
(0.4138944 0.006963542 -1.0076776e-09)
(0.4072695 0.0092713033 -1.0048202e-09)
(0.39969799 0.011349297 -1.0031493e-09)
(0.39135766 0.013163884 -1.0026515e-09)
(0.38243648 0.014683928 -1.0032548e-09)
(0.37313096 0.015879846 -1.0048416e-09)
(0.36364366 0.01672445 -1.0072616e-09)
(0.35418078 0.01719413 -1.0103424e-09)
(0.34495016 0.017270614 -1.0139016e-09)
(0.33615661 0.01694249 -1.0177487e-09)
(0.32799911 0.016207152 -1.0216971e-09)
(0.32066544 0.015072983 -1.0255699e-09)
(0.31432807 0.01356015 -1.0292076e-09)
(0.30913847 0.011701497 -1.0324654e-09)
(0.30522095 0.0095414793 -1.035217e-09)
(0.30266857 0.0071367208 -1.0373637e-09)
(0.30154098 0.004553123 -1.0388325e-09)
(0.30186816 0.0018627944 -1.0395646e-09)
(0.30361952 -0.00086888057 -1.0395234e-09)
(0.30672833 -0.0035463109 -1.0386793e-09)
(0.31111704 -0.0060799489 -1.0370247e-09)
(0.31666114 -0.0084070949 -1.03454e-09)
(0.32319271 -0.010456407 -1.031255e-09)
(0.33053504 -0.012167601 -1.0271388e-09)
(0.33844904 -0.013469352 -1.0222955e-09)
(0.34676432 -0.014328514 -1.0166701e-09)
(0.35510747 -0.014639895 -1.0105001e-09)
(0.36345493 -0.014441811 -1.0037172e-09)
(0.37117318 -0.013414356 -9.9650275e-10)
(0.37821732 -0.012094802 -9.8964757e-10)
(0.38633212 -0.0080727058 -9.797288e-10)
(0.46815201 -0.0041783558 8.3699204e-14)
(0.47125872 -0.012877664 -3.8929588e-13)
(0.47737119 -0.021836232 6.9091898e-13)
(0.48646294 -0.030965887 -1.1742435e-12)
(0.49875275 -0.040248376 1.8329191e-12)
(0.51439167 -0.049631674 -1.9985802e-12)
(0.53345914 -0.059064346 2.4065807e-12)
(0.55597363 -0.068428309 -1.3723673e-12)
(0.58192342 -0.077603077 1.2387786e-12)
(0.61125174 -0.086390972 6.9154118e-13)
(0.64382392 -0.094560461 -1.9933513e-13)
(0.6794416 -0.10182436 1.257698e-12)
(0.71779323 -0.10785167 1.0451245e-12)
(0.75847169 -0.11229993 8.0173001e-13)
(0.80094537 -0.11481945 2.4422253e-13)
(0.84456985 -0.11510242 5.6672294e-13)
(0.88859098 -0.11290521 1.5103231e-12)
(0.93216508 -0.1080828 1.7966263e-12)
(0.97439311 -0.10062661 8.978425e-13)
(1.0143831 -0.09068161 -2.1656234e-13)
(1.051303 -0.078539672 -5.3881369e-13)
(1.0844576 -0.064620258 -4.6566795e-14)
(1.1133048 -0.049375266 5.0422307e-13)
(1.1374752 -0.033296365 4.2543646e-13)
(1.1567538 -0.016776393 -3.3989369e-13)
(1.1709271 -0.00011517207 -1.3272172e-12)
(1.1798793 0.016590197 -2.0302652e-12)
(1.1835172 0.033106679 -2.2817576e-12)
(1.181758 0.04923084 -2.2930234e-12)
(1.1744251 0.064778098 -2.3653362e-12)
(1.1613486 0.079512606 -2.6012587e-12)
(1.1424367 0.093119761 -2.8619749e-12)
(1.1177196 0.10522099 -2.9635308e-12)
(1.0873883 0.11540412 -2.8687739e-12)
(1.0518398 0.12325826 -2.6708293e-12)
(1.0117176 0.12841726 -2.4531756e-12)
(0.96793708 0.13060213 -2.2100678e-12)
(0.92167468 0.12966797 -1.9070846e-12)
(0.87431282 0.12562678 -1.5622301e-12)
(0.8273464 0.11866078 -1.2702442e-12)
(0.7822543 0.10909759 -1.125105e-12)
(0.74040067 0.097326572 -1.2619845e-12)
(0.70291908 0.083790854 -1.8385337e-12)
(0.67065755 0.068975189 -3.0275216e-12)
(0.6441808 0.05339229 -5.1390739e-12)
(0.62376489 0.037565383 -8.5940357e-12)
(0.60950309 0.021978102 -1.4052842e-11)
(0.60111469 0.0070926809 -2.2290594e-11)
(0.59830228 -0.0067330882 -3.4090039e-11)
(0.60063355 -0.019074652 -4.9851305e-11)
(0.60725093 -0.029512971 -6.9512845e-11)
(0.61720835 -0.037736967 -9.2187106e-11)
(0.62946418 -0.043568871 -1.1568762e-10)
(0.64284794 -0.046955799 -1.3622064e-10)
(0.65606474 -0.047949231 -1.4899053e-10)
(0.66785724 -0.046759695 -1.5021265e-10)
(0.67695721 -0.043460086 -1.3810383e-10)
(0.68257828 -0.038323744 -1.1512541e-10)
(0.68428988 -0.031664569 -8.7067313e-11)
(0.68199481 -0.023649446 -6.0455191e-11)
(0.67589444 -0.014445342 -4.031307e-11)
(0.66653158 -0.0040861372 -2.9320075e-11)
(0.65425104 0.0070111987 -2.8243522e-11)
(0.63916838 0.018062768 -3.6882747e-11)
(0.62163068 0.028202649 -5.5428962e-11)
(0.60211856 0.036593361 -8.4706725e-11)
(0.58127522 0.042532369 -1.2625655e-10)
(0.55994595 0.045555106 -1.8343704e-10)
(0.53909053 0.045494387 -2.6144774e-10)
(0.51967904 0.04248336 -3.6715428e-10)
(0.50259501 0.036929494 -5.1044029e-10)
(0.48859335 0.029475771 -7.0371487e-10)
(0.47824874 0.020959241 -9.542885e-10)
(0.47189549 0.012400104 -1.2554388e-09)
(0.46950602 0.0049087286 -1.5865209e-09)
(0.47053847 -0.00047364772 -1.9180852e-09)
(0.4739664 -0.0031078973 -2.2128953e-09)
(0.47848681 -0.0028229216 -2.447732e-09)
(0.48281103 2.6125662e-05 -2.6110988e-09)
(0.48558941 0.004868606 -2.6919142e-09)
(0.48578011 0.01070119 -2.6999168e-09)
(0.48303853 0.016387987 -2.6617833e-09)
(0.47769618 0.021022211 -2.5981131e-09)
(0.4704692 0.023826479 -2.5211605e-09)
(0.46231081 0.02437698 -2.4407913e-09)
(0.45428409 0.022593001 -2.3637712e-09)
(0.44741574 0.018606616 -2.2920513e-09)
(0.44257732 0.012661401 -2.2236669e-09)
(0.44048885 0.0051019799 -2.1552824e-09)
(0.44173762 -0.0036602419 -2.083499e-09)
(0.44665899 -0.012976713 -2.0065823e-09)
(0.45525363 -0.022206256 -1.9251152e-09)
(0.46727595 -0.030751399 -1.8417327e-09)
(0.48222073 -0.038062281 -1.7606925e-09)
(0.49935972 -0.043710389 -1.6870398e-09)
(0.517828 -0.047421787 -1.626407e-09)
(0.53670777 -0.049083745 -1.58414e-09)
(0.55512006 -0.048745952 -1.5639688e-09)
(0.57230628 -0.046591573 -1.5670029e-09)
(0.58767304 -0.04289535 -1.5912518e-09)
(0.60080462 -0.037983173 -1.6317965e-09)
(0.61144408 -0.032196311 -1.6816433e-09)
(0.61945624 -0.025864965 -1.7331229e-09)
(0.62479345 -0.019287104 -1.7795406e-09)
(0.62747963 -0.012723848 -1.8166349e-09)
(0.62758617 -0.0063776958 -1.8433327e-09)
(0.62527633 -0.00036048407 -1.8615185e-09)
(0.62070018 0.0052600924 -1.8748128e-09)
(0.61403111 0.010402505 -1.8870057e-09)
(0.60553226 0.015096806 -1.900557e-09)
(0.59545271 0.01938476 -1.9158175e-09)
(0.58402036 0.023330276 -1.9312125e-09)
(0.57143979 0.026995755 -1.9441142e-09)
(0.55788476 0.030430703 -1.9519572e-09)
(0.5434985 0.033660479 -1.9531143e-09)
(0.52840298 0.036676267 -1.9472942e-09)
(0.51271282 0.03942838 -1.935447e-09)
(0.49655089 0.041820388 -1.9193209e-09)
(0.48006952 0.043710295 -1.9009522e-09)
(0.46346906 0.044914533 -1.8822149e-09)
(0.44701245 0.045217674 -1.8645333e-09)
(0.43104289 0.044396399 -1.8488115e-09)
(0.41598611 0.042240162 -1.8354293e-09)
(0.40234114 0.038578408 -1.8243358e-09)
(0.3906676 0.033326963 -1.8152174e-09)
(0.38154943 0.026512243 -1.8075861e-09)
(0.37554066 0.018281011 -1.8008955e-09)
(0.37310873 0.0089035506 -1.7946794e-09)
(0.37464144 -0.001236611 -1.788621e-09)
(0.38032446 -0.011630654 -1.782603e-09)
(0.3900796 -0.021747205 -1.7767466e-09)
(0.40363506 -0.031063502 -1.7712899e-09)
(0.42050028 -0.039111916 -1.7663944e-09)
(0.43998977 -0.045516903 -1.7619276e-09)
(0.46126808 -0.050027311 -1.757228e-09)
(0.48342118 -0.052530074 -1.7510157e-09)
(0.50551515 -0.053045036 -1.7414342e-09)
(0.52667587 -0.051707839 -1.7263597e-09)
(0.5461382 -0.048739434 -1.7038344e-09)
(0.56329394 -0.044416382 -1.672644e-09)
(0.57771212 -0.039035559 -1.6328184e-09)
(0.58912258 -0.032891995 -1.5858903e-09)
(0.597415 -0.026255264 -1.5349055e-09)
(0.60258877 -0.019359119 -1.4839239e-09)
(0.60472572 -0.012399922 -1.4373523e-09)
(0.60398832 -0.0055268081 -1.3991186e-09)
(0.60061745 0.0011681788 -1.3720075e-09)
(0.59478799 0.0076154041 -1.3573396e-09)
(0.58669939 0.013695265 -1.3550484e-09)
(0.57662933 0.019372928 -1.3639298e-09)
(0.56482573 0.024601591 -1.382064e-09)
(0.55154017 0.029332433 -1.4072333e-09)
(0.53703365 0.033504311 -1.4372256e-09)
(0.52157811 0.03704212 -1.4700036e-09)
(0.50546142 0.039855994 -1.5037592e-09)
(0.48899242 0.041845448 -1.5369003e-09)
(0.47250379 0.042907807 -1.568001e-09)
(0.45635255 0.042949699 -1.5957671e-09)
(0.44091597 0.041900311 -1.6190163e-09)
(0.42657952 0.039724668 -1.6366845e-09)
(0.41372783 0.036435808 -1.6479111e-09)
(0.4027233 0.032099026 -1.6520765e-09)
(0.39388855 0.026833011 -1.6488921e-09)
(0.38748377 0.020807884 -1.6384766e-09)
(0.38369403 0.014228863 -1.6214277e-09)
(0.3826205 0.0073349668 -1.5987729e-09)
(0.38427499 0.00036931604 -1.571917e-09)
(0.3885705 -0.0064335507 -1.5425615e-09)
(0.39532525 -0.012848434 -1.5125475e-09)
(0.40428567 -0.018674699 -1.4836925e-09)
(0.41513392 -0.023755333 -1.4576284e-09)
(0.42749418 -0.027968209 -1.4356609e-09)
(0.440952 -0.031229611 -1.4186697e-09)
(0.45507182 -0.033494266 -1.4070647e-09)
(0.46941427 -0.034752847 -1.4007928e-09)
(0.48355358 -0.035028807 -1.3993975e-09)
(0.49709416 -0.034372995 -1.4021146e-09)
(0.50968361 -0.032860202 -1.4079746e-09)
(0.52102475 -0.030581516 -1.4159152e-09)
(0.5308768 -0.027642014 -1.4248575e-09)
(0.53906207 -0.024154418 -1.4337956e-09)
(0.5454614 -0.02023373 -1.4418649e-09)
(0.55000659 -0.01600042 -1.448396e-09)
(0.55267839 -0.01156845 -1.4529814e-09)
(0.55350595 -0.0070420593 -1.4555219e-09)
(0.55256178 -0.0025351311 -1.456176e-09)
(0.54995185 0.0018929711 -1.4553274e-09)
(0.54578868 0.0061385361 -1.4535107e-09)
(0.54021815 0.010126365 -1.4513218e-09)
(0.53341346 0.013793684 -1.4493077e-09)
(0.5255524 0.017090195 -1.4479057e-09)
(0.51682403 0.019970198 -1.4474158e-09)
(0.50742434 0.022392466 -1.44799e-09)
(0.49755407 0.02431981 -1.4496455e-09)
(0.48741729 0.02571852 -1.4522825e-09)
(0.47722055 0.026559027 -1.4557117e-09)
(0.46717126 0.026817263 -1.4596781e-09)
(0.45747704 0.026476926 -1.4638888e-09)
(0.44834177 0.02553183 -1.4680295e-09)
(0.43996408 0.023988447 -1.4717903e-09)
(0.4325321 0.021868962 -1.4748842e-09)
(0.42621995 0.019212161 -1.4770733e-09)
(0.4211795 0.016074863 -1.4781725e-09)
(0.41753635 0.012530918 -1.4780669e-09)
(0.41538492 0.0086704247 -1.4767228e-09)
(0.41478454 0.0045953543 -1.4741965e-09)
(0.4157415 0.00041895326 -1.4706018e-09)
(0.41824069 -0.0037518417 -1.4661301e-09)
(0.42222005 -0.0077828013 -1.4609752e-09)
(0.4275544 -0.011556565 -1.4553887e-09)
(0.43410764 -0.014969916 -1.449504e-09)
(0.44167898 -0.017918451 -1.4435587e-09)
(0.45010283 -0.020324628 -1.4374711e-09)
(0.45905655 -0.022083464 -1.4314552e-09)
(0.46847072 -0.023177988 -1.4251012e-09)
(0.47776849 -0.023418718 -1.4187362e-09)
(0.48720699 -0.023027525 -1.4116722e-09)
(0.49595434 -0.021179344 -1.4040664e-09)
(0.50370718 -0.01969125 -1.3971405e-09)
(0.5140733 -0.013572989 -1.3844727e-09)
(0.58598162 -0.0056132617 5.7495731e-13)
(0.58900461 -0.017233243 -1.9433751e-12)
(0.59496697 -0.029208303 2.9415198e-12)
(0.60380665 -0.041467091 -5.0465391e-12)
(0.61573079 -0.054012594 6.988678e-12)
(0.63090793 -0.066755596 -8.3683846e-12)
(0.64949159 -0.079653783 9.2578368e-12)
(0.6715575 -0.092515198 -7.1657411e-12)
(0.69716517 -0.10520781 5.3183304e-12)
(0.72633826 -0.11743755 4.6605346e-13)
(0.75899814 -0.12891946 -1.4121152e-12)
(0.79503385 -0.13925787 3.2264944e-12)
(0.8341624 -0.14800599 1.4416158e-12)
(0.87602378 -0.15469964 3.3820709e-12)
(0.92007622 -0.15884019 2.9859088e-13)
(0.96564737 -0.15999824 -8.2811336e-13)
(1.0119128 -0.15781819 2.3774044e-12)
(1.0579262 -0.15208783 5.8841452e-12)
(1.1026582 -0.14278196 5.0583145e-12)
(1.1450749 -0.1301 1.2770968e-12)
(1.1842384 -0.11445872 -1.4492988e-12)
(1.2193914 -0.096469274 -8.7490728e-13)
(1.2500343 -0.076788557 1.8167286e-12)
(1.2759095 -0.056066929 3.89486e-12)
(1.2969627 -0.034767989 3.6756751e-12)
(1.3131682 -0.013243921 1.5480268e-12)
(1.3245794 0.008375912 -8.3073065e-13)
(1.3311098 0.029971399 -1.9876037e-12)
(1.3326911 0.051348544 -1.6890872e-12)
(1.3291761 0.07232387 -8.1456073e-13)
(1.3203606 0.092631448 -4.0918351e-13)
(1.3060685 0.11188849 -8.242223e-13)
(1.2862148 0.12961157 -1.6226176e-12)
(1.2608447 0.14523753 -2.194285e-12)
(1.2301758 0.15814965 -2.3226682e-12)
(1.194634 0.16773834 -2.2155986e-12)
(1.1548954 0.17347055 -2.1192467e-12)
(1.1118962 0.17495685 -2.0615867e-12)
(1.066828 0.1720065 -1.9092678e-12)
(1.0210551 0.16467455 -1.6569545e-12)
(0.97603679 0.15326683 -1.3779424e-12)
(0.93320505 0.13828223 -1.3012611e-12)
(0.89385825 0.12038445 -1.8267681e-12)
(0.85908313 0.10031876 -3.3414786e-12)
(0.82971504 0.078870631 -6.3884301e-12)
(0.80630761 0.056837577 -1.1788588e-11)
(0.7892309 0.034947564 -2.1050552e-11)
(0.77850521 0.013878658 -3.6484965e-11)
(0.77403391 -0.0057050877 -6.0953243e-11)
(0.77550965 -0.023200542 -9.7110655e-11)
(0.78229993 -0.038005278 -1.4827298e-10)
(0.79360203 -0.049623874 -2.1674647e-10)
(0.80840733 -0.057655688 -3.0002594e-10)
(0.82540264 -0.061824676 -3.8830811e-10)
(0.84305934 -0.062047388 -4.6517621e-10)
(0.85971967 -0.058442065 -5.1174947e-10)
(0.87368935 -0.051345546 -5.136157e-10)
(0.88349689 -0.041428288 -4.6773098e-10)
(0.88790631 -0.029562741 -3.8464252e-10)
(0.88602808 -0.016531563 -2.8458851e-10)
(0.8778852 -0.0028834821 -1.8941175e-10)
(0.86405435 0.011095955 -1.1435064e-10)
(0.84532924 0.024936825 -6.5779262e-11)
(0.82289437 0.038182922 -4.1945493e-11)
(0.79783965 0.050153151 -3.7896897e-11)
(0.77099894 0.059924739 -4.9598344e-11)
(0.74310873 0.066598294 -7.3645244e-11)
(0.7149523 0.069526356 -1.0870365e-10)
(0.68739416 0.06844641 -1.5643338e-10)
(0.66133789 0.063493548 -2.1964094e-10)
(0.6376453 0.055141853 -3.0656407e-10)
(0.61711961 0.04414123 -4.4254262e-10)
(0.60050856 0.031485322 -6.6496831e-10)
(0.58843842 0.018429124 -9.9594227e-10)
(0.58132004 0.0065535062 -1.4306137e-09)
(0.57903698 -0.002534843 -1.9453595e-09)
(0.58065185 -0.0076760861 -2.4707985e-09)
(0.58458583 -0.0084502632 -2.924358e-09)
(0.58956826 -0.0049325745 -3.315525e-09)
(0.59403303 0.0020989213 -3.6375822e-09)
(0.59574193 0.011029149 -3.8413753e-09)
(0.59361566 0.019954816 -3.9347478e-09)
(0.58795525 0.027370548 -3.9501282e-09)
(0.5795573 0.03206091 -3.9164564e-09)
(0.56953313 0.033342471 -3.8568251e-09)
(0.55920455 0.031082965 -3.7877528e-09)
(0.54992809 0.025503631 -3.7172182e-09)
(0.54292748 0.016990028 -3.6451907e-09)
(0.53924196 0.0061327387 -3.5664966e-09)
(0.53978032 -0.0063948142 -3.472164e-09)
(0.54502431 -0.019720596 -3.3521105e-09)
(0.55503086 -0.032885509 -3.2036453e-09)
(0.56959517 -0.04496435 -3.0291362e-09)
(0.58822168 -0.055149244 -2.8361152e-09)
(0.60995203 -0.062761222 -2.6331296e-09)
(0.63343293 -0.067351373 -2.428602e-09)
(0.65727506 -0.068817893 -2.2355678e-09)
(0.68012261 -0.067339055 -2.0681333e-09)
(0.70081148 -0.063305528 -1.9390668e-09)
(0.7184879 -0.057233101 -1.8576148e-09)
(0.73267244 -0.049668121 -1.827649e-09)
(0.74323741 -0.041113687 -1.846582e-09)
(0.75032498 -0.032006842 -1.9054897e-09)
(0.75421546 -0.022700748 -1.9906775e-09)
(0.75522548 -0.013477323 -2.0865797e-09)
(0.75366087 -0.0045839414 -2.1793268e-09)
(0.74975524 0.0038639669 -2.2598317e-09)
(0.7436425 0.011682461 -2.3251684e-09)
(0.73548041 0.018810554 -2.3777399e-09)
(0.7254708 0.025240115 -2.422526e-09)
(0.71382788 0.031007793 -2.463812e-09)
(0.70077947 0.036191611 -2.5028906e-09)
(0.68654694 0.04088731 -2.5375924e-09)
(0.67132356 0.045184502 -2.5635299e-09)
(0.65526123 0.049146194 -2.5761666e-09)
(0.63846984 0.052790059 -2.572635e-09)
(0.62102976 0.056075678 -2.5526508e-09)
(0.60301117 0.058895685 -2.5183546e-09)
(0.58450363 0.061072111 -2.473471e-09)
(0.56564646 0.062362172 -2.4222804e-09)
(0.54665962 0.06247095 -2.3687368e-09)
(0.52787414 0.061075552 -2.3159831e-09)
(0.50974085 0.057865384 -2.2661769e-09)
(0.49284096 0.052579827 -2.220507e-09)
(0.47788094 0.04506 -2.1793541e-09)
(0.46562652 0.035301507 -2.1424021e-09)
(0.45683154 0.023487988 -2.1088261e-09)
(0.45218611 0.010022211 -2.077578e-09)
(0.45229411 -0.0044711403 -2.0476884e-09)
(0.45750363 -0.019366591 -2.0186811e-09)
(0.46785302 -0.033890062 -1.9909997e-09)
(0.48313099 -0.047238174 -1.9660779e-09)
(0.50282855 -0.058683674 -1.9461243e-09)
(0.52616406 -0.067637025 -1.9335584e-09)
(0.55212195 -0.073696125 -1.9301813e-09)
(0.57953 -0.076674851 -1.9363869e-09)
(0.60712448 -0.076607014 -1.9505705e-09)
(0.633665 -0.073726126 -1.9690477e-09)
(0.6580149 -0.068419371 -1.9864366e-09)
(0.67925738 -0.061175084 -1.9966167e-09)
(0.69674943 -0.052505258 -1.9940064e-09)
(0.71014241 -0.042911858 -1.9748966e-09)
(0.71938046 -0.032817786 -1.9386583e-09)
(0.72459543 -0.022582945 -1.8881203e-09)
(0.72608099 -0.012470045 -1.8293081e-09)
(0.72420979 -0.0026744575 -1.7701384e-09)
(0.71935464 0.0066980367 -1.7187302e-09)
(0.71185181 0.015490112 -1.6818668e-09)
(0.70202918 0.023665923 -1.663888e-09)
(0.69020823 0.031178382 -1.6663448e-09)
(0.67667163 0.037982622 -1.6883594e-09)
(0.66168154 0.044030279 -1.7273587e-09)
(0.64548852 0.0492581 -1.7798576e-09)
(0.62834127 0.053582131 -1.8420741e-09)
(0.61049874 0.05689636 -1.9102902e-09)
(0.59224302 0.05907738 -1.9809932e-09)
(0.57388913 0.059994491 -2.0508612e-09)
(0.5557924 0.059525768 -2.116716e-09)
(0.53834824 0.057576427 -2.1754837e-09)
(0.52198328 0.054097536 -2.2241963e-09)
(0.5071427 0.049104867 -2.260141e-09)
(0.49426174 0.042687724 -2.2810109e-09)
(0.48374553 0.035012142 -2.2851341e-09)
(0.47593283 0.026314295 -2.2716829e-09)
(0.47109303 0.016893287 -2.240976e-09)
(0.46939191 0.0070837328 -2.1944003e-09)
(0.470878 -0.0027629127 -2.1344526e-09)
(0.47549427 -0.012320152 -2.0645908e-09)
(0.4830805 -0.021271993 -1.988967e-09)
(0.49337895 -0.029334123 -1.9120807e-09)
(0.50604382 -0.03627322 -1.8384098e-09)
(0.52065063 -0.041910355 -1.7720323e-09)
(0.53671345 -0.046123466 -1.7162905e-09)
(0.55369838 -0.048849074 -1.6735244e-09)
(0.57104611 -0.050080782 -1.6449229e-09)
(0.5881926 -0.049866472 -1.6305053e-09)
(0.60459769 -0.048301865 -1.629256e-09)
(0.61977411 -0.045521683 -1.6393762e-09)
(0.63330929 -0.041687887 -1.6585963e-09)
(0.64488749 -0.036980955 -1.684474e-09)
(0.65429779 -0.031583728 -1.7146204e-09)
(0.66142331 -0.025679111 -1.7468226e-09)
(0.66624004 -0.01944294 -1.7791213e-09)
(0.66879771 -0.013032718 -1.8098531e-09)
(0.66918416 -0.0066106036 -1.8377527e-09)
(0.66756368 -0.00030402711 -1.8620141e-09)
(0.66410363 0.0057739402 -1.8823267e-09)
(0.65896148 0.011507727 -1.8989039e-09)
(0.65234207 0.016814857 -1.9123418e-09)
(0.64444903 0.021620612 -1.9234512e-09)
(0.63548627 0.025863602 -1.9330838e-09)
(0.62565978 0.029492484 -1.9419938e-09)
(0.61517511 0.032462785 -1.9507372e-09)
(0.60423811 0.034735257 -1.9596364e-09)
(0.59305442 0.036274602 -1.9687656e-09)
(0.58183196 0.03704995 -1.9779828e-09)
(0.57078071 0.037036495 -1.986963e-09)
(0.56011378 0.036218167 -1.9952446e-09)
(0.55004538 0.034591177 -2.0022747e-09)
(0.54078977 0.032167511 -2.0074581e-09)
(0.53255477 0.028979431 -2.0102021e-09)
(0.52553869 0.025081821 -2.0099869e-09)
(0.51992051 0.020554223 -2.0063895e-09)
(0.51585563 0.015499585 -1.9991502e-09)
(0.51346243 0.010044312 -1.988199e-09)
(0.512823 0.0043309598 -1.9737247e-09)
(0.51397035 -0.0014821258 -1.9561057e-09)
(0.51688911 -0.0072256673 -1.936024e-09)
(0.52151891 -0.012746225 -1.9142442e-09)
(0.52772577 -0.017879788 -1.8918503e-09)
(0.53537703 -0.022481053 -1.8696979e-09)
(0.54420139 -0.02640559 -1.8490343e-09)
(0.55407924 -0.029563537 -1.8303233e-09)
(0.56451665 -0.031798936 -1.8147434e-09)
(0.57561516 -0.033166264 -1.801698e-09)
(0.58648222 -0.033277619 -1.7925539e-09)
(0.59761064 -0.032835422 -1.7848084e-09)
(0.60822282 -0.029984366 -1.780435e-09)
(0.61696627 -0.028608948 -1.7768281e-09)
(0.63046655 -0.020597373 -1.7715371e-09)
(0.69665957 -0.0070069365 2.5865985e-12)
(0.69953886 -0.021430394 -7.4305309e-12)
(0.70525186 -0.036300386 1.0448071e-11)
(0.71370004 -0.051554529 -1.7670646e-11)
(0.72510687 -0.067263571 2.3373934e-11)
(0.7396384 -0.083284891 -2.9499236e-11)
(0.75754175 -0.099654252 3.2672033e-11)
(0.77894304 -0.11605985 -2.9886943e-11)
(0.80399698 -0.13244037 2.2644283e-11)
(0.8328351 -0.14833292 -6.3931388e-12)
(0.8654369 -0.1634639 -1.7263254e-12)
(0.90184798 -0.17726636 7.7913022e-12)
(0.9417886 -0.18918048 -4.7445592e-12)
(0.98501327 -0.198584 1.4119832e-11)
(1.0309319 -0.20476741 1.6894012e-12)
(1.0788489 -0.20714979 -6.7137003e-12)
(1.1278181 -0.20519498 -8.5629205e-13)
(1.1767366 -0.19859637 1.1755998e-11)
(1.2243521 -0.18731006 1.5136646e-11)
(1.2694016 -0.17161316 7.8239778e-12)
(1.3107322 -0.15211984 -2.1039209e-12)
(1.3474768 -0.12970523 -5.1989638e-12)
(1.3791624 -0.10532297 -8.9798426e-14)
(1.4056932 -0.079812896 7.7781677e-12)
(1.4272173 -0.053787113 1.220149e-11)
(1.443988 -0.027542212 1.1096635e-11)
(1.4561257 -0.0012742042 6.9049582e-12)
(1.4636504 0.025068827 3.9990766e-12)
(1.4664752 0.051380421 5.037219e-12)
(1.4644584 0.077476782 9.2150612e-12)
(1.4573337 0.10308577 1.3426861e-11)
(1.44486 0.12777166 1.4977975e-11)
(1.4268953 0.15094706 1.3490525e-11)
(1.4034149 0.17191978 1.0536387e-11)
(1.374564 0.18990881 7.8905137e-12)
(1.3407048 0.20407693 6.2195766e-12)
(1.3024443 0.21363071 5.162049e-12)
(1.2606248 0.2179441 4.1934667e-12)
(1.2163292 0.21664493 3.2556962e-12)
(1.1708142 0.20965847 2.4783974e-12)
(1.1254519 0.19722582 2.0288988e-12)
(1.0816338 0.17987434 1.8450367e-12)
(1.0406785 0.15837229 1.2753239e-12)
(1.0037794 0.13364204 -6.9546548e-13)
(0.97193275 0.10669125 -5.1840175e-12)
(0.94590851 0.078543669 -1.3638812e-11)
(0.92631188 0.050180249 -2.896521e-11)
(0.91346687 0.022526018 -5.6220603e-11)
(0.9074877 -0.0035383794 -1.0202766e-10)
(0.90823455 -0.027142568 -1.7309564e-10)
(0.91534958 -0.047488943 -2.8596393e-10)
(0.92827006 -0.06385649 -4.595576e-10)
(0.94605666 -0.075451384 -6.9599908e-10)
(0.96730815 -0.081676057 -9.7584958e-10)
(0.990445 -0.082327829 -1.2584144e-09)
(1.0138075 -0.077464708 -1.4879887e-09)
(1.0357165 -0.067417948 -1.6095603e-09)
(1.054469 -0.052817901 -1.5882076e-09)
(1.0683499 -0.03461918 -1.4244843e-09)
(1.0757 -0.014062443 -1.1554535e-09)
(1.0752103 0.0076078234 -8.4341814e-10)
(1.0660542 0.028790142 -5.5090475e-10)
(1.0484057 0.048403887 -3.2212615e-10)
(1.0234337 0.065794258 -1.7128639e-10)
(0.99287564 0.080437537 -8.7314599e-11)
(0.95856842 0.091760007 -5.1516204e-11)
(0.92212101 0.099088403 -4.6389013e-11)
(0.88486636 0.10182437 -5.8861376e-11)
(0.84795076 0.099674323 -8.396858e-11)
(0.81242645 0.092773918 -1.1646027e-10)
(0.77922296 0.08163708 -1.4383723e-10)
(0.7491741 0.067038201 -1.759345e-10)
(0.72306848 0.049978246 -2.720264e-10)
(0.70174309 0.031795483 -5.0274599e-10)
(0.68594988 0.014319686 -9.073768e-10)
(0.67624303 -0.00013173467 -1.5206575e-09)
(0.67243401 -0.0091409243 -2.323546e-09)
(0.67234523 -0.011759175 -2.9430482e-09)
(0.67389844 -0.010106466 -3.3341725e-09)
(0.67720856 -0.0018848335 -3.9470447e-09)
(0.6786 0.010974973 -4.5166716e-09)
(0.67546807 0.023966392 -4.868713e-09)
(0.66789371 0.035078967 -5.0600273e-09)
(0.65667871 0.042500223 -5.1440147e-09)
(0.64305405 0.04516496 -5.1666454e-09)
(0.62859211 0.0427631 -5.1619995e-09)
(0.61500532 0.035513683 -5.1488506e-09)
(0.60402018 0.023942904 -5.1319166e-09)
(0.59714897 0.0088749851 -5.104781e-09)
(0.59566876 -0.0086009665 -5.0500042e-09)
(0.60048553 -0.027342801 -4.9418266e-09)
(0.612115 -0.04604056 -4.7835875e-09)
(0.63050398 -0.063383248 -4.5861744e-09)
(0.65471896 -0.077907601 -4.3371636e-09)
(0.68350936 -0.088470839 -4.0407615e-09)
(0.71535417 -0.094408112 -3.7119067e-09)
(0.74836677 -0.095518112 -3.3667146e-09)
(0.78053526 -0.092073319 -3.0232311e-09)
(0.80993192 -0.08476306 -2.7012709e-09)
(0.83494083 -0.074565868 -2.4213405e-09)
(0.85448004 -0.062553574 -2.2025838e-09)
(0.86810482 -0.049701878 -2.0599672e-09)
(0.87602286 -0.036744914 -2.0011309e-09)
(0.87893895 -0.024138808 -2.0236565e-09)
(0.87780198 -0.012125502 -2.1142287e-09)
(0.8736096 -0.00082860653 -2.2508388e-09)
(0.86709412 0.0097646689 -2.4081012e-09)
(0.8586629 0.019586897 -2.5638964e-09)
(0.84857263 0.02859975 -2.7045416e-09)
(0.83693123 0.036769147 -2.826066e-09)
(0.82379917 0.044096036 -2.9311991e-09)
(0.80925705 0.050632728 -3.0239905e-09)
(0.79342243 0.056476973 -3.1051433e-09)
(0.7764313 0.061747743 -3.1703473e-09)
(0.75840974 0.066553497 -3.2120055e-09)
(0.73944826 0.070958556 -3.2227898e-09)
(0.71959779 0.074952726 -3.1989501e-09)
(0.69888502 0.078432984 -3.1418512e-09)
(0.67734221 0.081190308 -3.0574594e-09)
(0.65505694 0.082909491 -2.9546009e-09)
(0.63221663 0.083189599 -2.8428911e-09)
(0.60915651 0.08156954 -2.7311135e-09)
(0.58639236 0.077576643 -2.6262724e-09)
(0.56462639 0.070802842 -2.5331306e-09)
(0.54473434 0.060972231 -2.4539833e-09)
(0.52771353 0.048008559 -2.3885159e-09)
(0.51460716 0.032109229 -2.3339116e-09)
(0.5064141 0.013789322 -2.2853804e-09)
(0.50384355 -0.0061276344 -2.2372151e-09)
(0.50735758 -0.026742398 -2.1844061e-09)
(0.51722236 -0.046982359 -2.1243738e-09)
(0.53332685 -0.065711031 -2.0581448e-09)
(0.55520597 -0.081876189 -1.9906133e-09)
(0.58208697 -0.094595177 -1.9296431e-09)
(0.61291356 -0.10322311 -1.884225e-09)
(0.64639587 -0.10739848 -1.8622382e-09)
(0.68104661 -0.10707243 -1.8683545e-09)
(0.71527258 -0.10250677 -1.9026149e-09)
(0.74745484 -0.094251421 -1.959929e-09)
(0.77612585 -0.083071178 -2.0306571e-09)
(0.8000907 -0.069849504 -2.1021885e-09)
(0.81859921 -0.055458424 -2.1612255e-09)
(0.8313719 -0.040660593 -2.1965389e-09)
(0.83858145 -0.026034805 -2.2015101e-09)
(0.84072309 -0.011973331 -2.1759704e-09)
(0.83849569 0.001289974 -2.1264598e-09)
(0.83257375 0.013634611 -2.0647692e-09)
(0.82356116 0.024991249 -2.0051926e-09)
(0.81201869 0.035359346 -1.9612087e-09)
(0.79837946 0.044741875 -1.9428869e-09)
(0.78298224 0.05313739 -1.9556552e-09)
(0.76609611 0.0605274 -2.0004316e-09)
(0.74794507 0.066864333 -2.0746457e-09)
(0.72873388 0.072063884 -2.1735384e-09)
(0.70867413 0.07600276 -2.2912633e-09)
(0.68800927 0.078524105 -2.421581e-09)
(0.66703506 0.079451144 -2.5581389e-09)
(0.64611375 0.07860932 -2.6945118e-09)
(0.62567756 0.075854387 -2.8241807e-09)
(0.60621848 0.071100115 -2.9405224e-09)
(0.58826874 0.064344866 -3.0370299e-09)
(0.57236742 0.055689832 -3.1076753e-09)
(0.55902568 0.045345735 -3.1473791e-09)
(0.54869135 0.033626396 -3.1525061e-09)
(0.54172103 0.020928431 -3.1215336e-09)
(0.53834924 0.0076920481 -3.0551049e-09)
(0.53867665 -0.0056019274 -2.9561928e-09)
(0.54268673 -0.018516746 -2.8299143e-09)
(0.5502666 -0.030625626 -2.68314e-09)
(0.56118843 -0.041541917 -2.5240044e-09)
(0.57512685 -0.050938924 -2.3613302e-09)
(0.59166737 -0.058555681 -2.2040031e-09)
(0.6103158 -0.064200115 -2.06035e-09)
(0.6304996 -0.067754674 -1.937515e-09)
(0.65158125 -0.069180021 -1.8409073e-09)
(0.6728685 -0.068519826 -1.7737418e-09)
(0.69364411 -0.065900575 -1.7368144e-09)
(0.71320432 -0.061524707 -1.7285685e-09)
(0.73089794 -0.055656553 -1.7455231e-09)
(0.74619082 -0.048598164 -1.7829809e-09)
(0.75868945 -0.040666645 -1.8358344e-09)
(0.76816971 -0.032167152 -1.8992147e-09)
(0.77458864 -0.023372914 -1.9688585e-09)
(0.7780159 -0.014524974 -2.0411368e-09)
(0.77864905 -0.0058201825 -2.1129875e-09)
(0.77677092 0.0025783785 -2.1818606e-09)
(0.77264986 0.010521798 -2.2457818e-09)
(0.76656208 0.01790538 -2.303541e-09)
(0.75879087 0.02464023 -2.3547386e-09)
(0.74960058 0.030653707 -2.3997278e-09)
(0.7392381 0.035888098 -2.439404e-09)
(0.72793658 0.040296183 -2.4749343e-09)
(0.71591725 0.043836852 -2.5074678e-09)
(0.70339501 0.046472488 -2.5379371e-09)
(0.69058126 0.04816704 -2.5669128e-09)
(0.67769024 0.048886705 -2.5945617e-09)
(0.66494139 0.048601945 -2.6206508e-09)
(0.65256247 0.04729149 -2.6445912e-09)
(0.64078882 0.044948279 -2.6655072e-09)
(0.62986335 0.041583713 -2.6823213e-09)
(0.62002907 0.037234944 -2.6938296e-09)
(0.6115266 0.031967774 -2.6988454e-09)
(0.60457858 0.025882516 -2.6962521e-09)
(0.59938621 0.019112545 -2.6851662e-09)
(0.59611346 0.011819546 -2.6649841e-09)
(0.59488346 0.0041981049 -2.6356109e-09)
(0.59576469 -0.0035382987 -2.5972919e-09)
(0.59875768 -0.011180626 -2.5510207e-09)
(0.60383962 -0.018508561 -2.4980132e-09)
(0.61085641 -0.025302835 -2.4404484e-09)
(0.61972543 -0.031372044 -2.3802463e-09)
(0.63006742 -0.036511797 -2.3205778e-09)
(0.64187849 -0.040633729 -2.2632482e-09)
(0.65441021 -0.0434686 -2.2122984e-09)
(0.66798248 -0.04526049 -2.1673029e-09)
(0.681386 -0.045179948 -2.1345647e-09)
(0.69506245 -0.044857991 -2.1069999e-09)
(0.70884406 -0.04080508 -2.0964943e-09)
(0.71926593 -0.039525641 -2.0860626e-09)
(0.73724716 -0.029811397 -2.0936038e-09)
(0.80018967 -0.0083208034 8.8055459e-12)
(0.80286627 -0.025377527 -2.2831687e-11)
(0.80822626 -0.042987932 3.0788247e-11)
(0.81612934 -0.061076193 -5.1264591e-11)
(0.82685977 -0.079845775 6.6947001e-11)
(0.84055424 -0.099046643 -8.7920766e-11)
(0.85759905 -0.11891404 1.006434e-10)
(0.87814056 -0.13889896 -1.0211251e-10)
(0.90247658 -0.15920068 8.4911804e-11)
(0.93085979 -0.17899526 -4.7174138e-11)
(0.96332304 -0.19822932 1.6114456e-11)
(1.000184 -0.21596892 1.6229791e-11)
(1.041076 -0.231648 -3.8926597e-11)
(1.0860533 -0.24438183 5.4143987e-11)
(1.1343488 -0.25318397 -4.4207067e-13)
(1.1853447 -0.25728796 -1.5957223e-11)
(1.2378686 -0.25582407 -1.0060424e-11)
(1.2906078 -0.24835231 1.5468089e-11)
(1.3419509 -0.23477018 3.0545776e-11)
(1.3903053 -0.2154928 2.4013457e-11)
(1.4341664 -0.19146984 8.6270316e-13)
(1.472529 -0.16400276 -1.4037882e-11)
(1.5049739 -0.13445718 -9.6756401e-12)
(1.5316834 -0.10392822 8.3422046e-12)
(1.5531228 -0.073110147 2.7146707e-11)
(1.5698114 -0.042251862 3.824696e-11)
(1.58205 -0.011427707 4.194686e-11)
(1.5900009 0.019487506 4.4907806e-11)
(1.5934109 0.050598992 5.3847487e-11)
(1.5920327 0.081775743 6.9716572e-11)
(1.5855131 0.11271529 8.6551304e-11)
(1.573474 0.14293608 9.6021023e-11)
(1.5556671 0.17174948 9.3866465e-11)
(1.5320034 0.198265 8.2478421e-11)
(1.5025615 0.22150518 6.7854925e-11)
(1.4676613 0.24046014 5.480886e-11)
(1.4279536 0.25408939 4.4874972e-11)
(1.3843945 0.26148074 3.7330999e-11)
(1.3381632 0.26205354 3.1107814e-11)
(1.2905641 0.25563303 2.5663538e-11)
(1.2429713 0.24243508 2.1368327e-11)
(1.1967709 0.22302106 1.8750721e-11)
(1.1532829 0.19822932 1.6968843e-11)
(1.1137272 0.16910753 1.3992643e-11)
(1.0791666 0.13681763 7.4133847e-12)
(1.0505225 0.10254483 -5.6178755e-12)
(1.0285776 0.067473963 -3.0556191e-11)
(1.0138315 0.032786312 -7.6115749e-11)
(1.00657 -0.00044854175 -1.5514435e-10)
(1.0068391 -0.031079484 -2.7590068e-10)
(1.0144818 -0.058013184 -4.9882804e-10)
(1.0291022 -0.080263798 -9.0657411e-10)
(1.049712 -0.096628387 -1.5051742e-09)
(1.0747155 -0.10608802 -2.2490648e-09)
(1.102568 -0.10835321 -3.0532574e-09)
(1.1317382 -0.10346283 -3.788207e-09)
(1.1606927 -0.091707952 -4.3099506e-09)
(1.1879654 -0.073774606 -4.5058177e-09)
(1.212042 -0.050637682 -4.331866e-09)
(1.2312155 -0.023387988 -3.8187266e-09)
(1.2434132 0.0066752062 -3.0662051e-09)
(1.2466513 0.037639282 -2.2230248e-09)
(1.2395987 0.067316667 -1.4429258e-09)
(1.2217283 0.093713333 -8.3639461e-10)
(1.1936885 0.11530733 -4.3506238e-10)
(1.1572328 0.13121425 -2.0765765e-10)
(1.114756 0.14100487 -9.8909813e-11)
(1.0687404 0.14449026 -5.5749869e-11)
(1.0213846 0.14168942 -4.9109102e-11)
(0.97453326 0.13296825 -6.9122727e-11)
(0.92966063 0.11906623 -8.5178526e-11)
(0.88787915 0.10089896 -6.0519173e-11)
(0.85002388 0.079423985 -2.2188892e-11)
(0.81691137 0.055890246 -6.6098366e-11)
(0.78944292 0.032187909 -3.1752594e-10)
(0.76846941 0.011204396 -8.6488414e-10)
(0.75444949 -0.003681362 -1.6496869e-09)
(0.74682658 -0.010285267 -2.490696e-09)
(0.74403319 -0.010084893 -3.0725421e-09)
(0.74255015 -0.0036728112 -3.6815415e-09)
(0.73903116 0.012660536 -4.5898939e-09)
(0.73206065 0.030519631 -5.266988e-09)
(0.72042717 0.046147062 -5.7009999e-09)
(0.7045172 0.057087344 -5.9673774e-09)
(0.68560943 0.061765376 -6.1399271e-09)
(0.66552108 0.05956048 -6.2754807e-09)
(0.6463786 0.050544211 -6.4017119e-09)
(0.63037275 0.035342383 -6.5177458e-09)
(0.61950463 0.014932401 -6.6038316e-09)
(0.61540743 -0.0091734114 -6.6329013e-09)
(0.6193762 -0.035486255 -6.6016357e-09)
(0.63191283 -0.062098289 -6.4823898e-09)
(0.65284347 -0.086772896 -6.2556702e-09)
(0.6816436 -0.10761114 -5.9432194e-09)
(0.71715107 -0.12304889 -5.5665265e-09)
(0.75768158 -0.13197671 -5.1452034e-09)
(0.80113493 -0.13385802 -4.6960921e-09)
(0.84513088 -0.12881937 -4.2341716e-09)
(0.88716569 -0.11764722 -3.7745823e-09)
(0.92481158 -0.10169453 -3.3341304e-09)
(0.95595893 -0.082690715 -2.9315586e-09)
(0.97908709 -0.062481771 -2.5871184e-09)
(0.9935509 -0.04267615 -2.3217983e-09)
(0.99964867 -0.024378813 -2.1550021e-09)
(0.99854907 -0.0080666134 -2.0994175e-09)
(0.99206494 0.0062943232 -2.1543067e-09)
(0.98199513 0.018944781 -2.3021066e-09)
(0.96970667 0.030279156 -2.5117871e-09)
(0.95612053 0.040599433 -2.7483777e-09)
(0.94162977 0.050065402 -2.9835425e-09)
(0.92626057 0.058733653 -3.2013416e-09)
(0.90987259 0.066622218 -3.3965285e-09)
(0.89231462 0.073768176 -3.5675894e-09)
(0.87349953 0.080250979 -3.7097134e-09)
(0.85340998 0.086177581 -3.8123155e-09)
(0.83206264 0.091640913 -3.8621246e-09)
(0.80947159 0.096666225 -3.8492474e-09)
(0.78563903 0.10116532 -3.7723099e-09)
(0.76057045 0.10490264 -3.6400305e-09)
(0.73432951 0.10748258 -3.4692463e-09)
(0.7071016 0.10836492 -3.2809382e-09)
(0.67925467 0.10690512 -3.0961652e-09)
(0.65138951 0.10241457 -2.9329393e-09)
(0.62436513 0.094268689 -2.8041442e-09)
(0.59925814 0.082020333 -2.7160488e-09)
(0.57728775 0.065504973 -2.6672328e-09)
(0.55971597 0.044937966 -2.6483772e-09)
(0.54772249 0.020942831 -2.6434699e-09)
(0.54215538 -0.0054484163 -2.6327769e-09)
(0.54353009 -0.032899192 -2.5973898e-09)
(0.55213609 -0.060061625 -2.5237631e-09)
(0.56791448 -0.085445929 -2.4076265e-09)
(0.59044761 -0.1076677 -2.2554736e-09)
(0.61904476 -0.12554674 -2.083303e-09)
(0.65277813 -0.13816941 -1.9131032e-09)
(0.69050326 -0.14492862 -1.7682753e-09)
(0.73085163 -0.14556223 -1.6691005e-09)
(0.77223059 -0.14017658 -1.6291215e-09)
(0.81282883 -0.12928786 -1.6527859e-09)
(0.8507221 -0.1137964 -1.7346253e-09)
(0.88402249 -0.094949047 -1.8601154e-09)
(0.91116684 -0.074139006 -2.008046e-09)
(0.93112657 -0.052747913 -2.154137e-09)
(0.94359699 -0.031872184 -2.2752926e-09)
(0.94893785 -0.012290056 -2.3541258e-09)
(0.94803411 0.0056304495 -2.3828795e-09)
(0.94197072 0.02173941 -2.3654692e-09)
(0.93183996 0.036119579 -2.316639e-09)
(0.91859526 0.048912897 -2.2580514e-09)
(0.90296337 0.060269354 -2.212768e-09)
(0.88545409 0.070308997 -2.20016e-09)
(0.86640415 0.07909906 -2.2327947e-09)
(0.84603337 0.086640925 -2.3157186e-09)
(0.82450222 0.092863298 -2.4475586e-09)
(0.80196496 0.097622338 -2.6224112e-09)
(0.77861589 0.10071116 -2.8316207e-09)
(0.75472524 0.10188119 -3.0649606e-09)
(0.73066189 0.10087405 -3.3111889e-09)
(0.7068992 0.097463868 -3.5582743e-09)
(0.68400024 0.091500464 -3.7935135e-09)
(0.66258942 0.082949103 -4.0039071e-09)
(0.64330898 0.071919025 -4.1769105e-09)
(0.62677447 0.058668861 -4.3013065e-09)
(0.61351446 0.043594288 -4.3681277e-09)
(0.60394414 0.027196559 -4.3719823e-09)
(0.59835686 0.010052608 -4.3112807e-09)
(0.59686929 -0.0072243572 -4.18841e-09)
(0.59947564 -0.024062999 -4.0094853e-09)
(0.60610076 -0.039932009 -3.7835877e-09)
(0.61655653 -0.05434606 -3.5221872e-09)
(0.63056533 -0.066888759 -3.2383749e-09)
(0.64777953 -0.077214405 -2.9461447e-09)
(0.66778037 -0.085046178 -2.659718e-09)
(0.69007203 -0.090179799 -2.3928628e-09)
(0.71406913 -0.092491166 -2.1581569e-09)
(0.73909149 -0.091951526 -1.9661065e-09)
(0.76436011 -0.088642593 -1.8242292e-09)
(0.78902368 -0.082769739 -1.7361685e-09)
(0.8121885 -0.074660851 -1.7012436e-09)
(0.83299691 -0.064750563 -1.7146087e-09)
(0.85069424 -0.053539096 -1.7682985e-09)
(0.86472462 -0.041548936 -1.8528548e-09)
(0.87477968 -0.029263378 -1.959026e-09)
(0.88081337 -0.017091598 -2.0789247e-09)
(0.88301637 -0.005348832 -2.2063086e-09)
(0.88174795 0.0057537697 -2.3362496e-09)
(0.87745923 0.016040975 -2.4646558e-09)
(0.87060451 0.025420095 -2.5881005e-09)
(0.86162489 0.033828847 -2.7039668e-09)
(0.85091484 0.04122476 -2.8107164e-09)
(0.83881577 0.047577327 -2.9079903e-09)
(0.825624 0.052861151 -2.9964715e-09)
(0.81160018 0.05705047 -3.0774981e-09)
(0.79698305 0.060116091 -3.1526264e-09)
(0.78199962 0.062023399 -3.2232109e-09)
(0.76687703 0.062734073 -3.2901156e-09)
(0.75184917 0.062209591 -3.3535666e-09)
(0.73716368 0.060416898 -3.4131046e-09)
(0.72308131 0.057337753 -3.4676332e-09)
(0.70987827 0.052976095 -3.51554e-09)
(0.69783541 0.047368079 -3.5547905e-09)
(0.68723812 0.040587575 -3.5832042e-09)
(0.67835836 0.032749776 -3.5985025e-09)
(0.67144239 0.024017197 -3.5986525e-09)
(0.6667075 0.014596705 -3.5819109e-09)
(0.66431903 0.0047215768 -3.5472907e-09)
(0.6643841 -0.0053147103 -3.4942035e-09)
(0.66691539 -0.015258294 -3.4233758e-09)
(0.67196599 -0.024821751 -3.3357125e-09)
(0.67934546 -0.033713761 -3.234011e-09)
(0.68908937 -0.041696998 -3.1205655e-09)
(0.70068177 -0.048466379 -3.0005523e-09)
(0.71433186 -0.053977855 -2.8763639e-09)
(0.72902893 -0.057714981 -2.7569864e-09)
(0.74529805 -0.060317516 -2.6402014e-09)
(0.761866 -0.060117238 -2.5440267e-09)
(0.7785673 -0.060203579 -2.4516908e-09)
(0.79673596 -0.054919793 -2.3971218e-09)
(0.80965241 -0.053476952 -2.343023e-09)
(0.83379453 -0.042171987 -2.3314959e-09)
(0.89657389 -0.009520094 2.3588067e-11)
(0.89898008 -0.028975861 -5.6807248e-11)
(0.90386403 -0.049124374 7.4392985e-11)
(0.91103291 -0.069841252 -1.2246241e-10)
(0.9208751 -0.091548738 1.6038482e-10)
(0.93346236 -0.1137976 -2.177151e-10)
(0.94939002 -0.13721021 2.5904218e-10)
(0.96875659 -0.16077819 -2.8345284e-10)
(0.99211454 -0.18532852 2.6383686e-10)
(1.019789 -0.209246 -2.0157167e-10)
(1.0519216 -0.23323306 1.1795829e-10)
(1.0892314 -0.2554277 9.0906932e-12)
(1.1311067 -0.27571762 -1.3715588e-10)
(1.1782962 -0.2925636 1.8761522e-10)
(1.2294753 -0.30477741 -6.4229697e-11)
(1.2845152 -0.31133378 1.4737147e-12)
(1.3417106 -0.31076007 -2.2189525e-11)
(1.3995476 -0.30246139 1.0376468e-11)
(1.4558053 -0.28608837 5.3162258e-11)
(1.5083851 -0.26230256 5.1754319e-11)
(1.5551789 -0.23261636 -5.9427259e-12)
(1.5951021 -0.19911758 -4.4921517e-11)
(1.6279126 -0.16377897 -3.4162328e-11)
(1.6542977 -0.12796543 1.8560935e-11)
(1.6751921 -0.092341103 8.7985152e-11)
(1.6915055 -0.057054529 1.5408899e-10)
(1.7036875 -0.021858855 2.1374294e-10)
(1.7119261 0.013439925 2.7130406e-10)
(1.7159337 0.049264164 3.3239494e-10)
(1.7152027 0.085606998 3.9645713e-10)
(1.7091708 0.12213756 4.5254422e-10)
(1.6972809 0.1582598 4.8231392e-10)
(1.6790498 0.19322967 4.7167359e-10)
(1.6542172 0.22598229 4.2278205e-10)
(1.6228397 0.25511514 3.5311661e-10)
(1.5852185 0.27927885 2.8294144e-10)
(1.5419916 0.29728405 2.2434114e-10)
(1.4942774 0.30804957 1.8043569e-10)
(1.4435584 0.31075748 1.5029524e-10)
(1.3914337 0.30506138 1.3023098e-10)
(1.3394576 0.29113316 1.1465234e-10)
(1.2890939 0.2695965 1.0010313e-10)
(1.24171 0.24140073 8.6000521e-11)
(1.1985363 0.20773867 7.3339757e-11)
(1.1606349 0.16989299 6.0240659e-11)
(1.1290351 0.12917378 4.0082412e-11)
(1.1046581 0.086926889 7.5599418e-13)
(1.0880122 0.044569018 -6.6312213e-11)
(1.0794688 0.0034217016 -1.8117444e-10)
(1.0794264 -0.035326581 -3.5217153e-10)
(1.0880414 -0.070250753 -7.6969427e-10)
(1.1044796 -0.099856453 -1.7179043e-09)
(1.1270464 -0.12215509 -3.1260216e-09)
(1.1541897 -0.13619045 -4.8387401e-09)
(1.1842754 -0.14147586 -6.6851687e-09)
(1.2162576 -0.13794404 -8.3917778e-09)
(1.2495556 -0.1260094 -9.7274905e-09)
(1.2833029 -0.10621262 -1.0517567e-08)
(1.3161854 -0.079218301 -1.0630059e-08)
(1.3464245 -0.045977278 -1.0002533e-08)
(1.3719817 -0.00820453 -8.7292092e-09)
(1.3904944 0.032120423 -7.028873e-09)
(1.399118 0.072853667 -5.1369558e-09)
(1.3956593 0.11139079 -3.3616646e-09)
(1.3790216 0.14495711 -1.9569957e-09)
(1.3494794 0.17111584 -1.0135865e-09)
(1.3086302 0.18829754 -4.7306328e-10)
(1.2591123 0.19608295 -2.021026e-10)
(1.2040793 0.19483016 -8.0946159e-11)
(1.1466667 0.18541182 -5.1538789e-11)
(1.0896085 0.16913151 -6.8976878e-11)
(1.0349965 0.14744203 -5.97168e-11)
(0.98418106 0.12162224 1.9116258e-11)
(0.93800099 0.092893088 1.116195e-10)
(0.89723117 0.063012765 7.6433295e-11)
(0.86294589 0.034851235 -2.1063007e-10)
(0.83641094 0.012139275 -7.6686125e-10)
(0.81816412 -0.0018586345 -1.5242325e-09)
(0.80634056 -0.0052524158 -2.4008541e-09)
(0.79695498 0.0028464066 -3.3672993e-09)
(0.78617405 0.021031262 -4.4292503e-09)
(0.77296761 0.042637122 -5.3251694e-09)
(0.75540087 0.062709987 -6.0072994e-09)
(0.73345747 0.077410644 -6.5223692e-09)
(0.70846014 0.084261967 -6.9528159e-09)
(0.68245135 0.082124017 -7.3668122e-09)
(0.65790382 0.070836756 -7.7850318e-09)
(0.63734642 0.051063539 -8.1746387e-09)
(0.62309691 0.0240584 -8.4587969e-09)
(0.61684438 -0.0082994698 -8.5994621e-09)
(0.61971238 -0.04375372 -8.5617866e-09)
(0.63245391 -0.079705875 -8.3444008e-09)
(0.65514418 -0.11349358 -7.9777052e-09)
(0.68720679 -0.14260972 -7.5080093e-09)
(0.72746796 -0.1648942 -6.9805217e-09)
(0.77424901 -0.1787496 -6.4291354e-09)
(0.82547536 -0.1832772 -5.8729454e-09)
(0.87879677 -0.17835289 -5.3194716e-09)
(0.93171736 -0.16463496 -4.7723734e-09)
(0.98170592 -0.14349786 -4.2390836e-09)
(1.0262729 -0.11691545 -3.733345e-09)
(1.0631002 -0.087300655 -3.2714465e-09)
(1.0902638 -0.057237936 -2.8674335e-09)
(1.1066038 -0.029080557 -2.5342436e-09)
(1.1121054 -0.0044536203 -2.2896286e-09)
(1.1079979 0.015978316 -2.1570405e-09)
(1.096559 0.032378447 -2.1558168e-09)
(1.0804623 0.045635787 -2.2869366e-09)
(1.0620327 0.056791934 -2.5271358e-09)
(1.0428143 0.066703827 -2.8366698e-09)
(1.0234852 0.075900541 -3.1743724e-09)
(1.0040463 0.084606939 -3.5090331e-09)
(0.98413616 0.092861099 -3.8205519e-09)
(0.96331493 0.10064345 -4.0929077e-09)
(0.94123429 0.10795556 -4.3067934e-09)
(0.917686 0.114827 -4.4389949e-09)
(0.89256852 0.12126342 -4.4694294e-09)
(0.86584451 0.12717126 -4.3909034e-09)
(0.83752006 0.13228053 -4.2150497e-09)
(0.8076805 0.13610543 -3.9714591e-09)
(0.77655255 0.13794261 -3.701106e-09)
(0.74457825 0.13691771 -3.4476801e-09)
(0.71247565 0.13208174 -3.2497051e-09)
(0.68125777 0.12255389 -3.1345882e-09)
(0.65217976 0.10768654 -3.1144689e-09)
(0.62663759 0.087222123 -3.183502e-09)
(0.60602556 0.061417498 -3.317566e-09)
(0.59160594 0.03107375 -3.4774291e-09)
(0.58422637 -0.0025329067 -3.6156101e-09)
(0.58421099 -0.037522477 -3.6867434e-09)
(0.5916975 -0.072278567 -3.6557195e-09)
(0.6066107 -0.10496673 -3.5065232e-09)
(0.62847214 -0.13393201 -3.2455256e-09)
(0.65661947 -0.15778571 -2.8993459e-09)
(0.69028057 -0.17543591 -2.5084159e-09)
(0.72858772 -0.18609641 -2.1187074e-09)
(0.77056721 -0.18928336 -1.7739932e-09)
(0.81504933 -0.1848363 -1.5102257e-09)
(0.8605908 -0.17297968 -1.3516089e-09)
(0.90538696 -0.1544123 -1.3083281e-09)
(0.94733489 -0.13037244 -1.3752317e-09)
(0.98419074 -0.10258821 -1.5329424e-09)
(1.0139378 -0.073071798 -1.7506723e-09)
(1.0351358 -0.043792683 -1.9912419e-09)
(1.0472659 -0.016315739 -2.2164683e-09)
(1.0507651 0.0083928779 -2.3937973e-09)
(1.0467797 0.029941456 -2.5027864e-09)
(1.0368499 0.04845315 -2.5402409e-09)
(1.0225065 0.064300233 -2.5213455e-09)
(1.005024 0.077922677 -2.4754164e-09)
(0.98532076 0.089709045 -2.4377948e-09)
(0.96397472 0.099931574 -2.4411181e-09)
(0.94130401 0.10871995 -2.5089853e-09)
(0.91747016 0.11605686 -2.6533752e-09)
(0.89257881 0.12178712 -2.8753397e-09)
(0.86676553 0.12563976 -3.1674429e-09)
(0.84025846 0.12726521 -3.5163917e-09)
(0.81341598 0.12628686 -3.904971e-09)
(0.78673614 0.12236362 -4.3132166e-09)
(0.76083863 0.11525676 -4.7192106e-09)
(0.73642198 0.10488575 -5.0999865e-09)
(0.71420793 0.09136751 -5.4330489e-09)
(0.69487695 0.075025128 -5.6979797e-09)
(0.67900361 0.05634367 -5.8780411e-09)
(0.66704356 0.03595943 -5.962428e-09)
(0.65930386 0.014591144 -5.9465092e-09)
(0.65588615 -0.0069971243 -5.8318443e-09)
(0.65675919 -0.02809592 -5.6256339e-09)
(0.66183487 -0.04807806 -5.3389785e-09)
(0.67094017 -0.066380764 -4.9860854e-09)
(0.68382768 -0.082526071 -4.5831496e-09)
(0.7002153 -0.096112603 -4.1475335e-09)
(0.71978417 -0.10680232 -3.6972203e-09)
(0.74217406 -0.11431376 -3.2504967e-09)
(0.76695433 -0.11842545 -2.8256789e-09)
(0.79360772 -0.11899135 -2.4406503e-09)
(0.8214892 -0.11596862 -2.1120735e-09)
(0.84982722 -0.10944908 -1.8540139e-09)
(0.87769521 -0.099691015 -1.6762455e-09)
(0.90407163 -0.087139239 -1.5823885e-09)
(0.92787779 -0.072410041 -1.5689553e-09)
(0.94809974 -0.05624845 -1.6257629e-09)
(0.96393546 -0.039445963 -1.7382129e-09)
(0.97486368 -0.022729119 -1.8906648e-09)
(0.98077799 -0.0067129672 -2.0692908e-09)
(0.98191018 0.0082009764 -2.2635964e-09)
(0.97874308 0.021742854 -2.4659956e-09)
(0.9719371 0.03381372 -2.6706285e-09)
(0.96216782 0.044398176 -2.872481e-09)
(0.95006023 0.053523763 -3.0672455e-09)
(0.93614825 0.061231013 -3.251714e-09)
(0.92086967 0.067553672 -3.4242216e-09)
(0.90458042 0.072508985 -3.5846981e-09)
(0.88757873 0.076093322 -3.7342891e-09)
(0.87012886 0.078283177 -3.8747268e-09)
(0.85248225 0.079038011 -4.0076128e-09)
(0.83489322 0.078308662 -4.1339342e-09)
(0.81763006 0.076046489 -4.2537029e-09)
(0.80097819 0.072215812 -4.3658662e-09)
(0.78524429 0.066805875 -4.4684124e-09)
(0.77074361 0.05984795 -4.5584488e-09)
(0.75779593 0.051416201 -4.6326651e-09)
(0.74671375 0.041649958 -4.6874477e-09)
(0.73778148 0.030733189 -4.7193671e-09)
(0.73125086 0.018916123 -4.7252938e-09)
(0.72732126 0.0064939567 -4.7032031e-09)
(0.72614034 -0.0062079065 -4.6513532e-09)
(0.72768373 -0.018837724 -4.5700777e-09)
(0.7321124 -0.03105176 -4.4593973e-09)
(0.73916095 -0.042475461 -4.3224007e-09)
(0.74903892 -0.052855164 -4.1604345e-09)
(0.7610651 -0.061723894 -3.9806325e-09)
(0.77571759 -0.069190946 -3.7827837e-09)
(0.79183244 -0.074272498 -3.5826293e-09)
(0.80996974 -0.078337183 -3.370357e-09)
(0.82937086 -0.078352043 -3.1797641e-09)
(0.8485055 -0.079372539 -2.9815741e-09)
(0.87128303 -0.073264901 -2.828958e-09)
(0.88686763 -0.071562858 -2.6827081e-09)
(0.91834862 -0.058763386 -2.5695963e-09)
(0.98581166 -0.010569283 5.0006697e-11)
(0.98787327 -0.032123452 -1.1337987e-10)
(0.99212403 -0.054538769 1.4477832e-10)
(0.99833821 -0.077618465 -2.3671447e-10)
(1.0070045 -0.10208242 3.1210014e-10)
(1.0181351 -0.1272014 -4.3460139e-10)
(1.0325685 -0.15418736 5.3535415e-10)
(1.0502889 -0.18129813 -6.2533444e-10)
(1.0722744 -0.21051351 6.5084617e-10)
(1.0987401 -0.23870457 -6.0554786e-10)
(1.1302213 -0.26840199 4.5402666e-10)
(1.1677788 -0.29551495 -1.2234367e-10)
(1.2105501 -0.32173449 -2.880907e-10)
(1.2604482 -0.34353437 5.3902254e-10)
(1.3148551 -0.36030862 -4.1014846e-10)
(1.3752431 -0.37029351 2.2875789e-10)
(1.4383916 -0.37113502 -1.196336e-10)
(1.5030901 -0.36217943 7.9583814e-12)
(1.5660053 -0.34232939 1.4374828e-10)
(1.6240413 -0.31265085 6.2753982e-11)
(1.6740924 -0.27551522 -1.4315493e-10)
(1.7152862 -0.23453956 -1.9553113e-10)
(1.7477551 -0.19258808 -6.9065188e-11)
(1.7732037 -0.15128808 1.7011338e-10)
(1.7931295 -0.11100994 4.4881963e-10)
(1.8087951 -0.071602915 7.1960516e-10)
(1.8208403 -0.03242603 9.9647317e-10)
(1.8294749 0.0068207898 1.2743744e-09)
(1.8343598 0.047148671 1.5483756e-09)
(1.8346119 0.088725484 1.7973242e-09)
(1.829364 0.13122807 1.9853269e-09)
(1.817853 0.17394785 2.0726209e-09)
(1.7993603 0.21586669 2.0231901e-09)
(1.7731563 0.25583052 1.8341566e-09)
(1.7390125 0.29223501 1.5492664e-09)
(1.6974259 0.32282096 1.2353969e-09)
(1.6492823 0.34569814 9.4395237e-10)
(1.5958199 0.35979757 6.929908e-10)
(1.5387616 0.36442744 4.8069923e-10)
(1.4801135 0.35921816 3.0508162e-10)
(1.4217863 0.34434118 1.8002079e-10)
(1.3654834 0.32046291 1.2357161e-10)
(1.3127255 0.28861574 1.2822828e-10)
(1.2647164 0.25013528 1.630635e-10)
(1.2225371 0.20637251 1.9165836e-10)
(1.1873902 0.15870918 1.8847115e-10)
(1.1601407 0.10880332 1.4194544e-10)
(1.141122 0.058254564 7.7711279e-11)
(1.1307836 0.0083362422 -3.2771683e-12)
(1.1297725 -0.039399752 -2.3646331e-10)
(1.1371662 -0.082805542 -1.094758e-09)
(1.1508871 -0.11954395 -3.0789598e-09)
(1.1689308 -0.14668978 -5.8073461e-09)
(1.1910922 -0.16299927 -8.5933244e-09)
(1.2172567 -0.17034675 -1.1491609e-08)
(1.2472046 -0.16899706 -1.4110066e-08)
(1.2810872 -0.1592927 -1.621968e-08)
(1.3189259 -0.14139138 -1.7712201e-08)
(1.3602873 -0.11530536 -1.8557311e-08)
(1.4038267 -0.081011761 -1.8706194e-08)
(1.4466105 -0.039031199 -1.8007203e-08)
(1.4845163 0.0093349002 -1.6281792e-08)
(1.513771 0.061307825 -1.3576788e-08)
(1.5307415 0.11312621 -1.0231572e-08)
(1.5324784 0.16077427 -6.8622205e-09)
(1.5175252 0.20120495 -4.0770431e-09)
(1.4864321 0.23154626 -2.1664777e-09)
(1.4413629 0.24972825 -1.0460934e-09)
(1.3853816 0.25508407 -4.5340875e-10)
(1.3221341 0.24844791 -1.737849e-10)
(1.2554939 0.23170649 -8.5655465e-11)
(1.1890229 0.2072317 -7.7533668e-11)
(1.1253471 0.17725869 -3.4404289e-11)
(1.0659409 0.14355097 8.1847813e-11)
(1.0116651 0.10775833 1.9251502e-10)
(0.96363575 0.072301367 1.662637e-10)
(0.92342506 0.041113378 -1.0464204e-10)
(0.89196502 0.019135408 -6.8570703e-10)
(0.86802179 0.010578455 -1.5923864e-09)
(0.84822257 0.017222832 -2.7585304e-09)
(0.82935225 0.03639772 -4.0179695e-09)
(0.80880144 0.061426232 -5.198994e-09)
(0.78461771 0.085671369 -6.2313253e-09)
(0.75666922 0.10385591 -7.1471654e-09)
(0.72631169 0.11247706 -8.0211557e-09)
(0.69574786 0.10976471 -8.8919534e-09)
(0.66756942 0.095368244 -9.7167508e-09)
(0.64432464 0.070018507 -1.0389634e-08)
(0.6282497 0.035358578 -1.0804845e-08)
(0.62096882 -0.0062955392 -1.0880907e-08)
(0.62367876 -0.051942525 -1.0623538e-08)
(0.63705321 -0.098416253 -1.0091129e-08)
(0.66116199 -0.14243226 -9.3825476e-09)
(0.69541534 -0.18086825 -8.6009837e-09)
(0.738626 -0.21102339 -7.8305896e-09)
(0.78909012 -0.23086038 -7.1239221e-09)
(0.8447088 -0.2391804 -6.4976135e-09)
(0.90314434 -0.23569845 -5.936052e-09)
(0.96200134 -0.2210346 -5.4046269e-09)
(1.0190031 -0.19657447 -4.8713667e-09)
(1.0720594 -0.16429761 -4.3282219e-09)
(1.1192175 -0.12660874 -3.7974443e-09)
(1.1585209 -0.086238374 -3.3153957e-09)
(1.1879957 -0.046160867 -2.9071569e-09)
(1.205899 -0.0093183176 -2.5768996e-09)
(1.2113908 0.022023663 -2.3235463e-09)
(1.2052276 0.046698133 -2.1620773e-09)
(1.189763 0.065025004 -2.1238497e-09)
(1.1682573 0.078422058 -2.2345394e-09)
(1.1439068 0.088724504 -2.4926403e-09)
(1.1190213 0.097552929 -2.867153e-09)
(1.0947073 0.10597042 -3.3116613e-09)
(1.0710328 0.11445173 -3.779134e-09)
(1.0474536 0.12305706 -4.2264827e-09)
(1.0232494 0.13165761 -4.6107055e-09)
(0.99781514 0.14009505 -4.8868502e-09)
(0.9707699 0.14822338 -5.0153063e-09)
(0.94194258 0.15584807 -4.9763526e-09)
(0.91131725 0.16261379 -4.7824188e-09)
(0.87902605 0.16791733 -4.4800085e-09)
(0.84537884 0.17086844 -4.1398895e-09)
(0.81092716 0.17033393 -3.8407194e-09)
(0.77651766 0.16507423 -3.6524466e-09)
(0.74329569 0.15393914 -3.6233187e-09)
(0.71263249 0.13609939 -3.7715493e-09)
(0.68599029 0.11125675 -4.0812141e-09)
(0.66474697 0.079779316 -4.5032437e-09)
(0.65002137 0.042728139 -4.9627177e-09)
(0.64268385 0.0017086797 -5.3716759e-09)
(0.64280783 -0.041122095 -5.6477025e-09)
(0.65012202 -0.083494809 -5.7256776e-09)
(0.66448174 -0.12333721 -5.5730412e-09)
(0.68526043 -0.15883488 -5.1956431e-09)
(0.7117417 -0.18851101 -4.6343834e-09)
(0.74320921 -0.21124128 -3.9541601e-09)
(0.7789908 -0.22622143 -3.2291614e-09)
(0.81848157 -0.23289515 -2.5297956e-09)
(0.86105249 -0.23091702 -1.9150496e-09)
(0.90592546 -0.22017423 -1.4296277e-09)
(0.95195875 -0.20093218 -1.103531e-09)
(0.99756506 -0.17399622 -9.503221e-10)
(1.0406359 -0.14087878 -9.6569415e-10)
(1.0787494 -0.10374292 -1.1265759e-09)
(1.1094723 -0.065221981 -1.3946248e-09)
(1.1309399 -0.027882716 -1.7207929e-09)
(1.1422328 0.0061781247 -2.0521309e-09)
(1.1436692 0.035719615 -2.3389134e-09)
(1.1366128 0.060447484 -2.5441231e-09)
(1.1229427 0.08076977 -2.6531133e-09)
(1.1045761 0.097452657 -2.6785094e-09)
(1.0831026 0.11131647 -2.656927e-09)
(1.0596268 0.12303185 -2.6382996e-09)
(1.0347905 0.13301951 -2.6723477e-09)
(1.0088961 0.14142372 -2.7973852e-09)
(0.98206286 0.14813062 -3.0345199e-09)
(0.95437585 0.15281423 -3.3872426e-09)
(0.92599895 0.15500481 -3.8443273e-09)
(0.89724334 0.1541742 -4.3836547e-09)
(0.86859111 0.14983383 -4.9755383e-09)
(0.84067486 0.14163007 -5.5853723e-09)
(0.81422436 0.12942381 -6.1761539e-09)
(0.79000576 0.11334467 -6.7114687e-09)
(0.76872173 0.093779744 -7.1584189e-09)
(0.75096425 0.071346031 -7.4906803e-09)
(0.73719469 0.046836168 -7.6912501e-09)
(0.72773426 0.021160009 -7.7529016e-09)
(0.72266044 -0.0048515701 -7.6773904e-09)
(0.72189238 -0.030296592 -7.4745069e-09)
(0.72530455 -0.05445337 -7.1584844e-09)
(0.73271068 -0.076708332 -6.7467542e-09)
(0.74386103 -0.096553934 -6.2582592e-09)
(0.75850024 -0.11357164 -5.7123351e-09)
(0.77637167 -0.12740524 -5.1281814e-09)
(0.7972162 -0.13773907 -4.5248149e-09)
(0.8207441 -0.14429025 -3.9213356e-09)
(0.84661864 -0.14681869 -3.3373687e-09)
(0.8744112 -0.1451499 -2.7933976e-09)
(0.90358164 -0.13921388 -2.310663e-09)
(0.93342376 -0.129091 -1.9101475e-09)
(0.96305986 -0.11506281 -1.6102306e-09)
(0.99141755 -0.097657958 -1.4233155e-09)
(1.0172945 -0.077657794 -1.3523219e-09)
(1.0394641 -0.056051504 -1.3889767e-09)
(1.0568134 -0.033939052 -1.5155172e-09)
(1.0685864 -0.012349027 -1.7091903e-09)
(1.0744566 0.0078515339 -1.9483074e-09)
(1.0746015 0.026073361 -2.2159224e-09)
(1.0696222 0.042057474 -2.5004183e-09)
(1.0603403 0.055762731 -2.7937598e-09)
(1.0476515 0.067290375 -3.0893718e-09)
(1.0323868 0.07679976 -3.3811564e-09)
(1.0152442 0.084444641 -3.6638227e-09)
(0.99677664 0.09034047 -3.9337016e-09)
(0.97741619 0.094549891 -4.1891741e-09)
(0.95751208 0.097087037 -4.4304705e-09)
(0.93736652 0.097923018 -4.65878e-09)
(0.91726776 0.097004226 -4.8753613e-09)
(0.89750815 0.094265688 -5.0806171e-09)
(0.8783943 0.089652285 -5.2736547e-09)
(0.86025823 0.083137265 -5.4521797e-09)
(0.84343655 0.074740735 -5.6124933e-09)
(0.82827862 0.06453875 -5.7502298e-09)
(0.81512459 0.052694149 -5.8604114e-09)
(0.80426162 0.039412479 -5.9384521e-09)
(0.79599467 0.024999355 -5.9800659e-09)
(0.79048245 0.009801707 -5.9826804e-09)
(0.7879282 -0.0058125829 -5.9439354e-09)
(0.78826938 -0.021385342 -5.864613e-09)
(0.7917393 -0.036533173 -5.7441392e-09)
(0.797939 -0.050771458 -5.587036e-09)
(0.80727417 -0.063899828 -5.3926163e-09)
(0.8188788 -0.075189172 -5.1718954e-09)
(0.83343272 -0.085112407 -4.9182218e-09)
(0.84984028 -0.091911066 -4.6559415e-09)
(0.86832286 -0.098120912 -4.3641157e-09)
(0.88929134 -0.098898812 -4.0849704e-09)
(0.90932002 -0.10141711 -3.7885833e-09)
(0.93526421 -0.095486678 -3.5149075e-09)
(0.95280542 -0.093733119 -3.2602533e-09)
(0.99068031 -0.079983175 -2.9705084e-09)
(1.0678987 -0.011426679 8.3271928e-11)
(1.0695442 -0.034709496 -1.7850533e-10)
(1.0729614 -0.059025559 2.2192833e-10)
(1.0779898 -0.084140425 -3.6090217e-10)
(1.0850809 -0.11106126 4.7573608e-10)
(1.0943616 -0.13883579 -6.7345915e-10)
(1.1067257 -0.16929553 8.5270986e-10)
(1.1222194 -0.19992094 -1.058972e-09)
(1.1422053 -0.23417665 1.220089e-09)
(1.1666441 -0.26676519 -1.3113824e-09)
(1.1970568 -0.3034656 1.1779505e-09)
(1.2342748 -0.33585303 -6.246343e-10)
(1.2779219 -0.37020346 -2.6755253e-10)
(1.330756 -0.39755733 1.1255242e-09)
(1.388589 -0.42092893 -1.4279244e-09)
(1.4561566 -0.43537744 1.2695941e-09)
(1.5263003 -0.43821058 -9.1114627e-10)
(1.6006267 -0.42880593 3.9260795e-10)
(1.6727397 -0.40428851 4.214185e-10)
(1.737736 -0.36655384 -3.4976626e-10)
(1.791776 -0.31980968 -8.6676271e-10)
(1.8340693 -0.27002362 -5.8495764e-10)
(1.8654601 -0.2208939 1.3282863e-10)
(1.8899244 -0.17441337 9.7186092e-10)
(1.9085292 -0.13009892 1.7967403e-09)
(1.9228154 -0.087153548 2.5609613e-09)
(1.9334451 -0.044451742 3.4243426e-09)
(1.9408307 -0.0010237081 4.2794835e-09)
(1.9461092 0.043271401 5.1643043e-09)
(1.9476393 0.089673866 6.0355057e-09)
(1.9439793 0.13830138 6.7271492e-09)
(1.9338332 0.18826308 7.1039423e-09)
(1.9160158 0.23859844 7.0981952e-09)
(1.8895133 0.28707706 6.6279338e-09)
(1.8530403 0.33225724 5.7864263e-09)
(1.8063951 0.37190643 4.816816e-09)
(1.7512534 0.40236685 3.963404e-09)
(1.6898873 0.42129045 3.3558905e-09)
(1.6244798 0.42803761 2.9759667e-09)
(1.5573756 0.42278751 2.717394e-09)
(1.4909603 0.40608004 2.463364e-09)
(1.4273433 0.37877933 2.1472123e-09)
(1.3681125 0.34225135 1.7751711e-09)
(1.3144373 0.29806343 1.3921951e-09)
(1.2675555 0.2474843 1.0562022e-09)
(1.2285754 0.19195844 8.0340096e-10)
(1.1978458 0.13359238 6.6625514e-10)
(1.1753489 0.074305916 7.1241936e-10)
(1.1610842 0.015659501 8.4083373e-10)
(1.1549952 -0.040364377 2.9734293e-10)
(1.1565702 -0.090518828 -1.6770852e-09)
(1.1634483 -0.13101228 -5.0117961e-09)
(1.1734856 -0.16203298 -9.5503808e-09)
(1.185561 -0.18441584 -1.463238e-08)
(1.2009273 -0.197079 -1.8793015e-08)
(1.2217488 -0.20130286 -2.1681902e-08)
(1.250098 -0.19747434 -2.3439937e-08)
(1.2873394 -0.18538138 -2.4413118e-08)
(1.3336328 -0.16428449 -2.4976558e-08)
(1.3879888 -0.13278104 -2.5386936e-08)
(1.4478043 -0.090018349 -2.5686378e-08)
(1.5086546 -0.03658535 -2.5598844e-08)
(1.5644379 0.024971833 -2.4504082e-08)
(1.6090835 0.0919598 -2.1751242e-08)
(1.6377926 0.1585243 -1.7346526e-08)
(1.6470829 0.21738212 -1.213185e-08)
(1.6348047 0.26412069 -7.3822451e-09)
(1.6019647 0.29699575 -3.9623986e-09)
(1.5520606 0.31440942 -1.9325788e-09)
(1.4894616 0.31598446 -8.7854903e-10)
(1.4186109 0.30305719 -3.9166511e-10)
(1.3440179 0.27842715 -2.0988586e-10)
(1.2697015 0.24553058 -1.4051116e-10)
(1.1983911 0.20738729 -4.5297269e-11)
(1.1315606 0.16610352 1.0769739e-10)
(1.0703647 0.12374034 2.4620396e-10)
(1.0163742 0.084148259 2.3835232e-10)
(0.97096889 0.053530013 -7.4235562e-11)
(0.93400429 0.038233906 -8.1933447e-10)
(0.90335172 0.04120612 -2.0006404e-09)
(0.87580046 0.05989764 -3.4693998e-09)
(0.84814171 0.087069731 -5.0324953e-09)
(0.81824486 0.11447541 -6.578546e-09)
(0.78581838 0.13521527 -8.0971002e-09)
(0.75209781 0.14463268 -9.5958951e-09)
(0.71920274 0.14033343 -1.1011543e-08)
(0.68955336 0.12183557 -1.2190457e-08)
(0.66547286 0.090082453 -1.2951079e-08)
(0.64899561 0.047165818 -1.3171966e-08)
(0.64165141 -0.0041305664 -1.2835104e-08)
(0.64441668 -0.060371502 -1.2023344e-08)
(0.65808306 -0.11782618 -1.0904321e-08)
(0.6828569 -0.17259406 -9.6540261e-09)
(0.71824581 -0.22090816 -8.4245316e-09)
(0.76309716 -0.25946471 -7.3300029e-09)
(0.81567907 -0.28573229 -6.4426117e-09)
(0.87380237 -0.29817076 -5.7899309e-09)
(0.93497034 -0.29637163 -5.3508162e-09)
(0.99660187 -0.28106387 -5.0551359e-09)
(1.0563101 -0.25395044 -4.7983912e-09)
(1.1121804 -0.217381 -4.4802631e-09)
(1.1629018 -0.17391347 -4.0552192e-09)
(1.2075218 -0.1260708 -3.5577874e-09)
(1.244966 -0.07641871 -3.074351e-09)
(1.2736791 -0.027831454 -2.6792534e-09)
(1.2915319 0.016618492 -2.3916821e-09)
(1.2967489 0.054036116 -2.1904333e-09)
(1.2891697 0.082715602 -2.0631085e-09)
(1.2706481 0.10278777 -2.0342206e-09)
(1.2446641 0.11605748 -2.1480281e-09)
(1.2151017 0.12516116 -2.4320653e-09)
(1.1850195 0.13258658 -2.8768536e-09)
(1.1560189 0.14003426 -3.4393208e-09)
(1.1283193 0.14827466 -4.0550138e-09)
(1.1012685 0.15736624 -4.6464986e-09)
(1.0739374 0.16699542 -5.129912e-09)
(1.0455404 0.17673735 -5.4286162e-09)
(1.015611 0.18613486 -5.4958323e-09)
(0.98400552 0.19462318 -5.3360009e-09)
(0.9508604 0.20140618 -5.0115659e-09)
(0.91656084 0.20536955 -4.6294804e-09)
(0.88176195 0.20511267 -4.3136592e-09)
(0.84741146 0.19910817 -4.1748186e-09)
(0.81472393 0.18595319 -4.2868078e-09)
(0.78508548 0.16466962 -4.673035e-09)
(0.75989362 0.13497611 -5.3025303e-09)
(0.74037443 0.097444006 -6.0947565e-09)
(0.72742762 0.053503576 -6.9328847e-09)
(0.72158059 0.0052570732 -7.6832818e-09)
(0.7228934 -0.045001846 -8.2214714e-09)
(0.7309272 -0.094393141 -8.4483495e-09)
(0.74514757 -0.14064202 -8.3111792e-09)
(0.76486576 -0.18183772 -7.8139218e-09)
(0.78934948 -0.21648257 -7.0147628e-09)
(0.81788232 -0.24351117 -6.0107056e-09)
(0.84984491 -0.26223411 -4.9132969e-09)
(0.88478909 -0.27221082 -3.8249591e-09)
(0.9224332 -0.2730997 -2.8251806e-09)
(0.96251356 -0.26461742 -1.9691786e-09)
(1.0045767 -0.24665197 -1.2942176e-09)
(1.0478084 -0.21949286 -8.2511282e-10)
(1.0908985 -0.18405561 -5.7456098e-10)
(1.1319797 -0.14205793 -5.3866435e-10)
(1.1686493 -0.096021902 -6.9404316e-10)
(1.198282 -0.049067531 -9.9888172e-10)
(1.2185409 -0.0043634899 -1.3978246e-09)
(1.2281463 0.035536848 -1.8271033e-09)
(1.227232 0.06916699 -2.2216238e-09)
(1.2171661 0.096312081 -2.5270546e-09)
(1.2000613 0.11770891 -2.7148911e-09)
(1.1781449 0.13456485 -2.7931631e-09)
(1.1532719 0.14810503 -2.805675e-09)
(1.1267091 0.15926798 -2.8189338e-09)
(1.0991576 0.16856435 -2.9026197e-09)
(1.0709151 0.17606134 -3.1118099e-09)
(1.0420862 0.18144822 -3.4765908e-09)
(1.0127686 0.18415192 -3.9999631e-09)
(0.98318275 0.18347751 -4.6614814e-09)
(0.95373094 0.17876022 -5.4231669e-09)
(0.92498768 0.16950267 -6.2356313e-09)
(0.89765796 0.15549338 -7.0440729e-09)
(0.87248629 0.13686004 -7.7941148e-09)
(0.85016734 0.11406238 -8.4372385e-09)
(0.83129798 0.087858531 -8.935868e-09)
(0.81637466 0.059241085 -9.2666998e-09)
(0.80562948 0.029256799 -9.4207743e-09)
(0.79916734 -0.0011146553 -9.4019841e-09)
(0.79696828 -0.030822722 -9.2242571e-09)
(0.79881131 -0.059042686 -8.9065075e-09)
(0.804491 -0.085118826 -8.4702878e-09)
(0.8137531 -0.10853226 -7.9376204e-09)
(0.82634872 -0.12887403 -7.3297132e-09)
(0.84205069 -0.14580076 -6.6664817e-09)
(0.8606499 -0.15899784 -5.9665265e-09)
(0.88192953 -0.16816062 -5.2473819e-09)
(0.90565068 -0.17300253 -4.5260414e-09)
(0.93152155 -0.17327004 -3.819774e-09)
(0.95918625 -0.16878061 -3.1473868e-09)
(0.98818475 -0.15945189 -2.5304359e-09)
(1.0179246 -0.14536647 -1.9937218e-09)
(1.0476321 -0.12682191 -1.563714e-09)
(1.0763204 -0.10440984 -1.2642613e-09)
(1.102796 -0.079030005 -1.110096e-09)
(1.1257158 -0.051899284 -1.1013277e-09)
(1.1437877 -0.024367534 -1.2217752e-09)
(1.1559201 0.0021732818 -1.4440853e-09)
(1.161563 0.026584966 -1.7381752e-09)
(1.1607821 0.048098665 -2.0789194e-09)
(1.1541416 0.066391832 -2.4491794e-09)
(1.1425931 0.081491176 -2.8380747e-09)
(1.127224 0.093637694 -3.2374057e-09)
(1.1090678 0.10314567 -3.6393177e-09)
(1.0889928 0.11030054 -4.0361177e-09)
(1.0676823 0.1153042 -4.4213587e-09)
(1.0456569 0.11826457 -4.7908316e-09)
(1.0233293 0.11920191 -5.1425386e-09)
(1.0010511 0.11808027 -5.4759015e-09)
(0.97915097 0.11482699 -5.7904419e-09)
(0.95796159 0.10937456 -6.0847729e-09)
(0.93782757 0.10167658 -6.356013e-09)
(0.91910277 0.091744135 -6.5996006e-09)
(0.90215097 0.079661705 -6.8101375e-09)
(0.88731813 0.065602056 -6.9813816e-09)
(0.87489674 0.049814285 -7.1080911e-09)
(0.86521311 0.032661983 -7.1852996e-09)
(0.85836944 0.014523125 -7.2108962e-09)
(0.85465095 -0.0041266397 -7.1828224e-09)
(0.8538813 -0.022753455 -7.1039801e-09)
(0.8563934 -0.040966949 -6.9737213e-09)
(0.86160404 -0.058106998 -6.8008034e-09)
(0.87008906 -0.074145706 -6.5814393e-09)
(0.88083131 -0.087920916 -6.3342169e-09)
(0.89451696 -0.10056888 -6.0449667e-09)
(0.91037873 -0.10923318 -5.7454102e-09)
(0.92793027 -0.11793059 -5.4121335e-09)
(0.9489609 -0.12006122 -5.0757658e-09)
(0.96838593 -0.12427811 -4.7316637e-09)
(0.99508206 -0.11967663 -4.3725452e-09)
(1.0132352 -0.11840582 -4.0451035e-09)
(1.0543762 -0.10465967 -3.5939671e-09)
(1.1428327 -0.012043904 1.0812267e-10)
(1.14399 -0.036606353 -2.1847497e-10)
(1.1463397 -0.062336962 2.6252145e-10)
(1.1499429 -0.089095539 -4.2280867e-10)
(1.1549508 -0.11799538 5.4751091e-10)
(1.1619762 -0.14819573 -7.7913863e-10)
(1.1714004 -0.18173186 1.0016139e-09)
(1.1841236 -0.21600231 -1.3142431e-09)
(1.2009206 -0.25525878 1.6511041e-09)
(1.2224591 -0.29274003 -1.9993217e-09)
(1.2511523 -0.33775586 2.1072567e-09)
(1.2868974 -0.37610047 -1.6302957e-09)
(1.3314306 -0.4217403 3.9783448e-10)
(1.3862635 -0.45476369 1.3820382e-09)
(1.4485007 -0.48909776 -2.9741961e-09)
(1.5251099 -0.50835401 3.7798408e-09)
(1.603133 -0.51446233 -4.043853e-09)
(1.6926946 -0.50461756 3.4757225e-09)
(1.7761694 -0.47217947 -6.3931117e-10)
(1.8505802 -0.42363019 -3.0067179e-09)
(1.9127034 -0.36769391 -2.4121415e-09)
(1.9570273 -0.30992821 -7.2309259e-10)
(1.9812447 -0.25160879 4.9685859e-10)
(1.9921927 -0.19684858 1.2248553e-09)
(1.9975696 -0.14659159 1.9712034e-09)
(2.0019271 -0.099849135 3.096025e-09)
(2.0072395 -0.054790947 4.9031616e-09)
(2.014207 -0.0092805996 7.1904456e-09)
(2.0210196 0.037204146 9.7140191e-09)
(2.0267184 0.086683817 1.292206e-08)
(2.02873 0.14041516 1.5780587e-08)
(2.0249383 0.19755905 1.7612685e-08)
(2.0132224 0.25669614 1.8276723e-08)
(1.9913437 0.31591842 1.8116681e-08)
(1.9590199 0.37074194 1.605416e-08)
(1.9132482 0.41940672 1.2573795e-08)
(1.8536973 0.4595075 8.6879721e-09)
(1.784234 0.48644645 5.1896538e-09)
(1.7090999 0.49768498 2.6293372e-09)
(1.6317141 0.49347609 1.1124895e-09)
(1.5551189 0.47510757 4.0901917e-10)
(1.4819937 0.44411864 2.6576945e-10)
(1.4142373 0.40242662 4.2108684e-10)
(1.3532213 0.35174243 6.7599978e-10)
(1.3001028 0.29350582 9.8034775e-10)
(1.2551682 0.22988424 1.2847722e-09)
(1.2180142 0.16349109 1.7648445e-09)
(1.1889054 0.096034706 2.6400204e-09)
(1.1684461 0.028874495 3.0427173e-09)
(1.1548947 -0.034099791 1.2391731e-09)
(1.1446599 -0.08915687 -3.7155807e-09)
(1.1339108 -0.13299933 -1.0671788e-08)
(1.1211971 -0.16525746 -1.7176905e-08)
(1.1090225 -0.1879868 -2.1266681e-08)
(1.1024835 -0.20450255 -2.2394857e-08)
(1.1073825 -0.21653866 -2.125024e-08)
(1.1260106 -0.22342337 -1.9252869e-08)
(1.1619725 -0.22411095 -1.7272911e-08)
(1.2133078 -0.2157585 -1.6196067e-08)
(1.2788699 -0.19561942 -1.6428096e-08)
(1.3561606 -0.16060945 -1.8126078e-08)
(1.4414645 -0.1085172 -2.1160982e-08)
(1.5285267 -0.040786067 -2.4766221e-08)
(1.608451 0.036038831 -2.7500333e-08)
(1.6727848 0.1180733 -2.7809932e-08)
(1.7161725 0.20259383 -2.4767854e-08)
(1.7346137 0.27725466 -1.8839397e-08)
(1.7264484 0.33278709 -1.2179327e-08)
(1.6926472 0.36748994 -6.7498873e-09)
(1.6381741 0.38201368 -3.2754597e-09)
(1.5691674 0.37753636 -1.4448534e-09)
(1.4915212 0.35666538 -6.3960547e-10)
(1.4104948 0.32345945 -3.4410082e-10)
(1.3301614 0.28231393 -2.1442632e-10)
(1.2530155 0.23645028 -7.0733919e-11)
(1.1805195 0.18806984 1.247501e-10)
(1.1141763 0.14074683 3.0204458e-10)
(1.0557638 0.10122539 2.9025853e-10)
(1.0063614 0.077589617 -1.5156657e-10)
(0.96519109 0.074695076 -1.2003152e-09)
(0.92958127 0.090794634 -2.828937e-09)
(0.89618301 0.11825548 -4.8462443e-09)
(0.86252637 0.14728686 -7.0533886e-09)
(0.82791945 0.16931702 -9.3138601e-09)
(0.79320134 0.17848463 -1.1487684e-08)
(0.76011649 0.17186999 -1.3361982e-08)
(0.73063897 0.14885164 -1.467504e-08)
(0.70671874 0.11060913 -1.522338e-08)
(0.69005769 0.059397851 -1.4953161e-08)
(0.6821263 -0.0015742643 -1.3976018e-08)
(0.68413322 -0.068456227 -1.250983e-08)
(0.69701333 -0.1371473 -1.0792111e-08)
(0.72124419 -0.20309688 -9.0251263e-09)
(0.75647303 -0.26181123 -7.3607139e-09)
(0.80157961 -0.30930126 -5.9078287e-09)
(0.85483007 -0.34246785 -4.7438785e-09)
(0.91403226 -0.35934754 -3.9198081e-09)
(0.97663786 -0.35927668 -3.455456e-09)
(1.0398601 -0.34298577 -3.3240261e-09)
(1.1009324 -0.31257357 -3.4302022e-09)
(1.1575725 -0.27113329 -3.6062666e-09)
(1.2083435 -0.22205638 -3.6609865e-09)
(1.2527647 -0.16834664 -3.4756887e-09)
(1.291012 -0.11231564 -3.0768623e-09)
(1.323209 -0.055846658 -2.610023e-09)
(1.3484228 -0.0011628372 -2.2283614e-09)
(1.3644372 0.048877327 -1.9949479e-09)
(1.3687106 0.091005583 -1.8800772e-09)
(1.3598804 0.12288763 -1.8364047e-09)
(1.3390256 0.14428401 -1.8656933e-09)
(1.3095349 0.15721426 -2.0203387e-09)
(1.2757502 0.16502844 -2.3579089e-09)
(1.2413597 0.17106079 -2.8972731e-09)
(1.2084392 0.17764178 -3.6006362e-09)
(1.177401 0.18579623 -4.3772594e-09)
(1.1475755 0.19549896 -5.1008036e-09)
(1.117943 0.20614265 -5.6394669e-09)
(1.087667 0.21689587 -5.8967647e-09)
(1.0563223 0.22681615 -5.8494774e-09)
(1.0239174 0.23478548 -5.5640063e-09)
(0.99082723 0.23940754 -5.1804666e-09)
(0.95774827 0.23900759 -4.8715145e-09)
(0.92564922 0.2317919 -4.7941697e-09)
(0.89570301 0.21615099 -5.0518345e-09)
(0.86918323 0.1910266 -5.6744896e-09)
(0.84730999 0.15622424 -6.6163763e-09)
(0.83108446 0.11258295 -7.767047e-09)
(0.82114472 0.061941091 -8.9716118e-09)
(0.8176442 0.0068469745 -1.0055893e-08)
(0.8205522 -0.049987304 -1.0855955e-08)
(0.82934345 -0.10545018 -1.1238766e-08)
(0.84323406 -0.15711665 -1.1126905e-08)
(0.86157646 -0.20302605 -1.051509e-08)
(0.88376459 -0.24167387 -9.4736555e-09)
(0.90917033 -0.27203216 -8.1337733e-09)
(0.93717298 -0.29355355 -6.6544328e-09)
(0.96731297 -0.30602128 -5.1829544e-09)
(0.99941725 -0.30926403 -3.8269537e-09)
(1.0334744 -0.30298905 -2.6485296e-09)
(1.0693982 -0.2868769 -1.6766563e-09)
(1.1068432 -0.26088557 -9.2544467e-10)
(1.145184 -0.22547553 -4.0594493e-10)
(1.1834558 -0.18176834 -1.2612738e-10)
(1.2201747 -0.13163215 -8.2663892e-11)
(1.2531909 -0.077824339 -2.5406041e-10)
(1.2798392 -0.023781197 -6.0025201e-10)
(1.297551 0.026921483 -1.0659204e-09)
(1.3047125 0.071336277 -1.5830736e-09)
(1.3011943 0.10784928 -2.076226e-09)
(1.2883141 0.1363673 -2.4761084e-09)
(1.2683136 0.15797209 -2.7409235e-09)
(1.2436277 0.17429786 -2.8743579e-09)
(1.2163031 0.18692671 -2.9283591e-09)
(1.1877271 0.19698121 -2.9874327e-09)
(1.1586442 0.20495073 -3.1418928e-09)
(1.1293558 0.2107152 -3.462162e-09)
(1.0999627 0.2136908 -3.9830407e-09)
(1.0705841 0.21304847 -4.7002824e-09)
(1.0414752 0.20793535 -5.576021e-09)
(1.0130793 0.19768761 -6.5487378e-09)
(0.98598793 0.18198904 -7.5446314e-09)
(0.96086634 0.1609435 -8.4885062e-09)
(0.93835999 0.1350686 -9.3135543e-09)
(0.91908409 0.10526829 -9.9692761e-09)
(0.90348861 0.072680858 -1.0425681e-08)
(0.89179334 0.038483899 -1.0672966e-08)
(0.88419405 0.0039323505 -1.0718432e-08)
(0.88067684 -0.029857767 -1.0580866e-08)
(0.88100535 -0.061962507 -1.028435e-08)
(0.88496175 -0.091670777 -9.8542476e-09)
(0.89229543 -0.11846055 -9.3148055e-09)
(0.90277065 -0.14194903 -8.6882283e-09)
(0.91619287 -0.16182072 -7.9948189e-09)
(0.9323941 -0.17777266 -7.2534205e-09)
(0.95120154 -0.18948779 -6.4816305e-09)
(0.97241223 -0.19664719 -5.6956295e-09)
(0.99577951 -0.19895338 -4.9099792e-09)
(1.021009 -0.19616355 -4.1380168e-09)
(1.0477467 -0.1881178 -3.3933883e-09)
(1.0755663 -0.17478073 -2.6928002e-09)
(1.1039457 -0.15628766 -2.0590285e-09)
(1.1322459 -0.13300212 -1.5221216e-09)
(1.159645 -0.10557581 -1.1160946e-09)
(1.1851118 -0.074996736 -8.7048185e-10)
(1.207374 -0.04261952 -7.9944526e-10)
(1.2250083 -0.010024149 -8.9520769e-10)
(1.2367682 0.021146863 -1.1304146e-09)
(1.241854 0.049446444 -1.4685985e-09)
(1.2401047 0.073922151 -1.876326e-09)
(1.2320165 0.094175296 -2.3299827e-09)
(1.2185833 0.11028407 -2.8151e-09)
(1.2010281 0.12262211 -3.3216687e-09)
(1.1805491 0.13165774 -3.840051e-09)
(1.158178 0.1378049 -4.3598548e-09)
(1.1347212 0.14134977 -4.8710533e-09)
(1.110798 0.1424338 -5.3654464e-09)
(1.0868842 0.14108824 -5.8371387e-09)
(1.0633825 0.13726376 -6.2818215e-09)
(1.0406594 0.13089692 -6.6955031e-09)
(1.019069 0.12192596 -7.0734744e-09)
(0.99898425 0.11036344 -7.4096898e-09)
(0.98075061 0.096293377 -7.697464e-09)
(0.9647322 0.079911086 -7.929461e-09)
(0.95120137 0.061519812 -8.1001713e-09)
(0.94048927 0.041516076 -8.2045143e-09)
(0.9326507 0.020377066 -8.2421759e-09)
(0.92806336 -0.0013835797 -8.2119341e-09)
(0.92638912 -0.023102588 -8.1211429e-09)
(0.92809077 -0.044431308 -7.9688517e-09)
(0.93240237 -0.064427689 -7.7713283e-09)
(0.93999991 -0.083413183 -7.5209446e-09)
(0.94982671 -0.099563189 -7.2448153e-09)
(0.9623621 -0.11495066 -6.9264184e-09)
(0.97730862 -0.12549475 -6.5951938e-09)
(0.99343871 -0.13652756 -6.2440476e-09)
(1.0134827 -0.14046378 -5.874199e-09)
(1.031558 -0.14618887 -5.5201147e-09)
(1.0570902 -0.14352008 -5.1323882e-09)
(1.0746387 -0.14325769 -4.7845834e-09)
(1.1154211 -0.13047433 -4.2685308e-09)
(1.2106259 -0.012372691 1.1062749e-10)
(1.2111901 -0.037673147 -2.0916674e-10)
(1.2122753 -0.064214957 2.4056331e-10)
(1.2141285 -0.092120354 -3.8026913e-10)
(1.2165869 -0.12234486 4.7161674e-10)
(1.2207797 -0.15464258 -6.6504434e-10)
(1.2263093 -0.19050476 8.476722e-10)
(1.2355832 -0.22869916 -1.1530505e-09)
(1.2471894 -0.27202218 1.5335805e-09)
(1.2659937 -0.31634215 -2.036079e-09)
(1.2910193 -0.37020868 2.511352e-09)
(1.3233775 -0.41637362 -2.5958571e-09)
(1.367343 -0.47556926 1.7691469e-09)
(1.4221921 -0.51566161 2.2882845e-10)
(1.4919908 -0.56889168 -3.0359573e-09)
(1.577194 -0.59152287 5.7172338e-09)
(1.6685959 -0.60713967 -9.2309383e-09)
(1.7820661 -0.59579253 1.3251275e-08)
(1.8755522 -0.54843303 -1.4387385e-08)
(1.9748778 -0.49534009 -7.1144381e-09)
(2.0218359 -0.41715978 -1.5693339e-09)
(2.0343518 -0.33777195 -4.2792441e-09)
(2.0313275 -0.26519619 -9.6853336e-09)
(2.0202246 -0.20324301 -1.3421085e-08)
(2.0084085 -0.15051251 -1.4343228e-08)
(2.0005711 -0.10374412 -1.26061e-08)
(1.9974189 -0.06014254 -8.2102222e-09)
(2.0000378 -0.016501218 -1.24661e-09)
(2.0078237 0.030252146 6.6652812e-09)
(2.0176173 0.081870163 1.5250684e-08)
(2.0262262 0.13879985 2.3545503e-08)
(2.0307388 0.20148802 3.1893212e-08)
(2.0286256 0.27026374 3.9972583e-08)
(2.018719 0.34035532 4.3713925e-08)
(1.9931952 0.41293409 4.9519015e-08)
(1.960078 0.47549263 4.8282655e-08)
(1.9121121 0.52438215 4.0952968e-08)
(1.846314 0.55985152 3.2249329e-08)
(1.7688718 0.57734423 2.3863214e-08)
(1.6861245 0.57528495 1.6859998e-08)
(1.6025702 0.5553565 1.1826215e-08)
(1.5216676 0.52025034 8.5175764e-09)
(1.4458738 0.47254962 6.3455249e-09)
(1.3769363 0.41431829 5.2706052e-09)
(1.3159061 0.34784178 4.9416533e-09)
(1.2625143 0.2762099 4.8821959e-09)
(1.2165681 0.20170984 5.7188786e-09)
(1.1791848 0.12544045 7.1306225e-09)
(1.1494602 0.050594853 6.0170069e-09)
(1.1199855 -0.015922079 -2.1206837e-10)
(1.08379 -0.067516309 -9.7527621e-09)
(1.0393869 -0.10509282 -1.7530129e-08)
(0.99107985 -0.13373413 -1.9623623e-08)
(0.94963942 -0.16007638 -1.5966395e-08)
(0.92370009 -0.18820096 -8.8942932e-09)
(0.91948053 -0.21824177 -1.2074722e-09)
(0.93923992 -0.24638298 5.1591916e-09)
(0.98028402 -0.26738838 9.5825217e-09)
(1.0395827 -0.27669897 1.1972368e-08)
(1.1147723 -0.27125496 1.226265e-08)
(1.2033284 -0.24903247 1.0351499e-08)
(1.3042907 -0.20677994 5.6940039e-09)
(1.4147416 -0.14100542 -1.9037043e-09)
(1.5280193 -0.051890066 -1.1584672e-08)
(1.6315572 0.050698117 -2.0779358e-08)
(1.7130698 0.15156681 -2.6592486e-08)
(1.7685564 0.24821163 -2.7693547e-08)
(1.7950009 0.33774554 -2.3845338e-08)
(1.7898186 0.40271958 -1.6928743e-08)
(1.7552759 0.43934742 -1.0101335e-08)
(1.6970617 0.44959539 -5.1604981e-09)
(1.6229434 0.43713222 -2.3268985e-09)
(1.5402673 0.40701066 -1.0041659e-09)
(1.4549043 0.36505422 -4.8080545e-10)
(1.3707301 0.31603236 -2.5376724e-10)
(1.2898527 0.26286485 -6.2409289e-11)
(1.2138215 0.20887312 1.8689663e-10)
(1.1446663 0.16072588 4.2122668e-10)
(1.0845217 0.1277069 3.5091838e-10)
(1.0340884 0.11674601 -4.1148415e-10)
(0.99177226 0.12769738 -2.0685985e-09)
(0.9544482 0.15307119 -4.5058926e-09)
(0.91926876 0.18187855 -7.4168872e-09)
(0.88482148 0.20389204 -1.045492e-08)
(0.85124825 0.21206882 -1.3261311e-08)
(0.81955335 0.20284384 -1.546356e-08)
(0.79118163 0.17549369 -1.6751415e-08)
(0.76762443 0.1311725 -1.6989533e-08)
(0.75052726 0.072364143 -1.6263285e-08)
(0.74157541 0.0021929766 -1.4815694e-08)
(0.74210681 -0.075217442 -1.293575e-08)
(0.75334313 -0.15528255 -1.0870214e-08)
(0.77611922 -0.23272583 -8.7975388e-09)
(0.81014122 -0.30220363 -6.8414732e-09)
(0.8541809 -0.35897401 -5.0935069e-09)
(0.90638994 -0.39940358 -3.6255089e-09)
(0.96463776 -0.42116177 -2.4923585e-09)
(1.026575 -0.42325515 -1.7332843e-09)
(1.0895094 -0.40620916 -1.3745804e-09)
(1.1505475 -0.37225978 -1.417089e-09)
(1.2070989 -0.32513293 -1.7901914e-09)
(1.2573208 -0.26925548 -2.3049422e-09)
(1.3003228 -0.20879244 -2.6897052e-09)
(1.3363249 -0.14688265 -2.734679e-09)
(1.3664721 -0.085245404 -2.4336897e-09)
(1.3918888 -0.024746092 -1.9791347e-09)
(1.412354 0.033498965 -1.6059855e-09)
(1.4256577 0.08700789 -1.4305479e-09)
(1.4284609 0.13224124 -1.4205523e-09)
(1.4183448 0.16623604 -1.4919086e-09)
(1.3956157 0.18832962 -1.6171009e-09)
(1.3634722 0.20067613 -1.8522012e-09)
(1.3265551 0.20723767 -2.2844652e-09)
(1.289032 0.21207701 -2.9587917e-09)
(1.2533596 0.21801364 -3.8311195e-09)
(1.2201466 0.22617462 -4.766679e-09)
(1.1887911 0.23630567 -5.5808937e-09)
(1.1583157 0.24736071 -6.1077887e-09)
(1.1279687 0.25794476 -6.2680617e-09)
(1.0974804 0.26647786 -6.1059896e-09)
(1.0670601 0.27118317 -5.7774225e-09)
(1.037301 0.27008697 -5.4962206e-09)
(1.0090675 0.26116959 -5.4656481e-09)
(0.98338657 0.24268864 -5.8225996e-09)
(0.96132506 0.21357318 -6.6094387e-09)
(0.94384351 0.17375543 -7.7731121e-09)
(0.93166253 0.12433968 -9.1829589e-09)
(0.92511951 0.067529816 -1.0657762e-08)
(0.92405438 0.0063115091 -1.199512e-08)
(0.92840387 -0.05601002 -1.3001602e-08)
(0.93757193 -0.11638899 -1.3516599e-08)
(0.95055668 -0.17235791 -1.3437201e-08)
(0.96684582 -0.22202529 -1.273946e-08)
(0.98613442 -0.26390907 -1.1491473e-08)
(1.0080832 -0.29690869 -9.8472427e-09)
(1.0321478 -0.32049962 -8.0119461e-09)
(1.0577699 -0.33470004 -6.1861897e-09)
(1.0847217 -0.33963667 -4.5172714e-09)
(1.1131126 -0.3350996 -3.0821057e-09)
(1.1430367 -0.32059905 -1.9012021e-09)
(1.1742744 -0.29585164 -9.6686999e-10)
(1.2063811 -0.26116964 -2.6840368e-10)
(1.2388724 -0.2174408 1.9560257e-10)
(1.2711796 -0.16603606 4.2113926e-10)
(1.3022998 -0.10891604 4.1140469e-10)
(1.3304302 -0.048877295 1.8591901e-10)
(1.3530084 0.010488884 -2.1927014e-10)
(1.3673609 0.065358205 -7.5364381e-10)
(1.3716406 0.11255629 -1.3509762e-09)
(1.3655224 0.15043672 -1.9307793e-09)
(1.3502644 0.17909217 -2.4130985e-09)
(1.3281625 0.19993971 -2.7462906e-09)
(1.3017662 0.21496896 -2.9326219e-09)
(1.2732285 0.22600247 -3.0341295e-09)
(1.2439982 0.23420611 -3.1532085e-09)
(1.2148355 0.23992074 -3.3977035e-09)
(1.1860277 0.24275954 -3.8470115e-09)
(1.157661 0.24187356 -4.5320934e-09)
(1.1298342 0.23626273 -5.4321788e-09)
(1.1027887 0.22508649 -6.4846174e-09)
(1.0769334 0.20788868 -7.6014212e-09)
(1.0527748 0.18470606 -8.6872739e-09)
(1.0308855 0.15608777 -9.6557515e-09)
(1.011825 0.12302621 -1.044183e-08)
(0.99599493 0.086750825 -1.1007758e-08)
(0.98370288 0.048655935 -1.1342704e-08)
(0.97519055 0.010208342 -1.1457143e-08)
(0.9704547 -0.02745912 -1.1374542e-08)
(0.96930866 -0.063234788 -1.1123276e-08)
(0.97154494 -0.096354001 -1.0731004e-08)
(0.9769176 -0.12630954 -1.0221993e-08)
(0.98521493 -0.15276348 -9.6168798e-09)
(0.99629277 -0.17544442 -8.9340626e-09)
(1.0100456 -0.19406188 -8.1915105e-09)
(1.0263521 -0.20827507 -7.4077796e-09)
(1.0450343 -0.21771824 -6.6015515e-09)
(1.0658561 -0.22204441 -5.7900205e-09)
(1.0885333 -0.22095816 -4.9871472e-09)
(1.1127331 -0.21424579 -4.202983e-09)
(1.1380571 -0.20181389 -3.4448622e-09)
(1.1640429 -0.18374737 -2.7210222e-09)
(1.1901897 -0.16033122 -2.0463163e-09)
(1.2159772 -0.13208137 -1.4476384e-09)
(1.2408018 -0.099729814 -9.6427938e-10)
(1.2638929 -0.064350455 -6.3937013e-10)
(1.2841664 -0.027332064 -5.0428807e-10)
(1.3002697 0.009622366 -5.6504099e-10)
(1.3108837 0.04466361 -7.9979779e-10)
(1.3150083 0.076142965 -1.1695438e-09)
(1.3122677 0.10292916 -1.6342129e-09)
(1.3030256 0.12454396 -2.1638347e-09)
(1.2882484 0.14109481 -2.7399657e-09)
(1.2692161 0.15306058 -3.3504666e-09)
(1.2472451 0.16103712 -3.9837376e-09)
(1.2234845 0.16554806 -4.6263236e-09)
(1.198857 0.16694595 -5.2637396e-09)
(1.1740572 0.16541143 -5.8823429e-09)
(1.1496241 0.16098346 -6.4704241e-09)
(1.1259912 0.15363945 -7.0179083e-09)
(1.1035381 0.14332366 -7.515631e-09)
(1.0826507 0.13005987 -7.9543067e-09)
(1.0636469 0.11393012 -8.3251132e-09)
(1.0469193 0.095169319 -8.6192835e-09)
(1.0326724 0.074121566 -8.8312502e-09)
(1.0212853 0.051215676 -8.9560535e-09)
(1.0127237 0.027073924 -8.9965558e-09)
(1.0074576 0.0021740118 -8.952319e-09)
(1.0050223 -0.022623326 -8.8376843e-09)
(1.0060039 -0.047086325 -8.6511077e-09)
(1.0095025 -0.06984126 -8.4177569e-09)
(1.0162017 -0.091750889 -8.1288775e-09)
(1.025132 -0.11015824 -7.8138861e-09)
(1.0364872 -0.1281117 -7.4651639e-09)
(1.0503544 -0.14058836 -7.0957912e-09)
(1.065075 -0.15355129 -6.7256745e-09)
(1.0836977 -0.15946954 -6.3290007e-09)
(1.100271 -0.16647299 -5.9631482e-09)
(1.1238364 -0.16566297 -5.573113e-09)
(1.1401861 -0.16662367 -5.2240675e-09)
(1.1782533 -0.15530853 -4.7261622e-09)
(1.2712986 -0.012371741 9.2052856e-11)
(1.2711173 -0.037756467 -1.6258381e-10)
(1.2708387 -0.064435003 1.8016364e-10)
(1.2704814 -0.09279605 -2.7896332e-10)
(1.2701618 -0.12363503 3.3020005e-10)
(1.2704939 -0.15729765 -4.6148977e-10)
(1.2718002 -0.19477187 5.7368865e-10)
(1.2754527 -0.23635886 -7.8379483e-10)
(1.2816527 -0.28310253 1.0384814e-09)
(1.2945329 -0.33550401 -1.4331893e-09)
(1.3100992 -0.39413071 1.9753471e-09)
(1.3388635 -0.4538309 -2.544257e-09)
(1.3783923 -0.5260245 2.6608668e-09)
(1.4344259 -0.58278163 -1.8656449e-09)
(1.5128066 -0.66180087 3.3429906e-10)
(1.6052843 -0.68927215 1.2816871e-09)
(1.7276524 -0.73385976 -6.3429284e-09)
(1.8647366 -0.71428501 1.4085143e-08)
(1.9898355 -0.66291698 -5.1252077e-08)
(2.0472306 -0.54991239 3.6133224e-09)
(2.0474073 -0.43481791 -7.9373536e-09)
(2.024052 -0.33756684 -7.868517e-08)
(1.9654099 -0.25221687 -1.1427443e-07)
(1.9013961 -0.18842638 -1.1790815e-07)
(1.8498192 -0.1376738 -1.0534821e-07)
(1.8117539 -0.096390456 -8.5144853e-08)
(1.7926257 -0.059744892 -5.8727645e-08)
(1.7879653 -0.025326857 -3.228318e-08)
(1.8003091 0.01354431 -6.7316571e-09)
(1.8274421 0.060573136 1.6740484e-08)
(1.8644011 0.11759543 3.680206e-08)
(1.9028674 0.1843826 5.2697062e-08)
(1.9352004 0.26040267 6.4692865e-08)
(1.954348 0.34488385 7.2701311e-08)
(1.9534026 0.42844458 7.5287695e-08)
(1.9317614 0.50832656 7.7708747e-08)
(1.8949518 0.57828914 7.7168063e-08)
(1.8443343 0.62729081 6.7523313e-08)
(1.7749222 0.65443714 5.426294e-08)
(1.6940399 0.65836274 4.1384621e-08)
(1.6094259 0.63952186 3.0452148e-08)
(1.5253031 0.60132768 2.1941955e-08)
(1.4442112 0.54812204 1.6828408e-08)
(1.3689833 0.48296699 1.4343929e-08)
(1.3007712 0.40928519 1.2276667e-08)
(1.2390409 0.33074343 1.1740217e-08)
(1.185029 0.24862435 1.3944987e-08)
(1.1388245 0.16524025 1.3876694e-08)
(1.0922337 0.089339867 5.9072874e-09)
(1.0326004 0.03081825 -7.0630763e-09)
(0.95521046 -0.008036035 -1.5683129e-08)
(0.86983552 -0.037750851 -1.398477e-08)
(0.79603767 -0.072289054 -4.018889e-09)
(0.74946838 -0.12018493 7.8436792e-09)
(0.73736902 -0.17885513 1.647791e-08)
(0.75626683 -0.23725006 2.1439698e-08)
(0.796009 -0.28673986 2.4680049e-08)
(0.84927138 -0.3246866 2.7203227e-08)
(0.91272847 -0.34901397 2.9680042e-08)
(0.98539768 -0.35815775 3.2030043e-08)
(1.0692651 -0.3489547 3.354266e-08)
(1.1664165 -0.31761909 3.3041611e-08)
(1.2768929 -0.26195807 2.8862064e-08)
(1.399718 -0.17785431 1.968218e-08)
(1.5289636 -0.065197076 5.768044e-09)
(1.6499252 0.066596349 -9.6336665e-09)
(1.7430893 0.19640362 -2.1313972e-08)
(1.8017204 0.30676674 -2.6550326e-08)
(1.8309991 0.40301875 -2.5840826e-08)
(1.8264729 0.47326666 -2.0032509e-08)
(1.7899174 0.50910605 -1.2881834e-08)
(1.7286842 0.51296158 -7.0682103e-09)
(1.6515222 0.49113781 -3.4096258e-09)
(1.5664504 0.45162191 -1.5201727e-09)
(1.4793665 0.40141779 -6.8089671e-10)
(1.3936894 0.34494513 -3.1102649e-10)
(1.3113924 0.28565735 -2.2846578e-11)
(1.2346496 0.22973236 3.5944501e-10)
(1.1662937 0.18690465 6.4537409e-10)
(1.1084537 0.16598968 2.9902189e-10)
(1.0609812 0.16904735 -1.1760183e-09)
(1.0214295 0.18959449 -3.8515639e-09)
(0.98664983 0.21605333 -7.3605686e-09)
(0.95438954 0.2368097 -1.1120259e-08)
(0.92375571 0.243576 -1.452211e-08)
(0.89488268 0.23209795 -1.7050561e-08)
(0.868513 0.20116933 -1.8394261e-08)
(0.84597238 0.15178038 -1.8515631e-08)
(0.82876594 0.086244529 -1.7612229e-08)
(0.81872249 0.0076871935 -1.5991978e-08)
(0.81765121 -0.079999348 -1.3950772e-08)
(0.82698642 -0.17144991 -1.1709582e-08)
(0.84787513 -0.26055109 -9.4231669e-09)
(0.88010525 -0.34088414 -7.213654e-09)
(0.9221984 -0.40681575 -5.192245e-09)
(0.97194147 -0.45429744 -3.4565633e-09)
(1.0271545 -0.48089172 -2.074089e-09)
(1.0858819 -0.48540428 -1.0683937e-09)
(1.1458273 -0.46801331 -4.2875497e-10)
(1.2041364 -0.4309161 -1.4844624e-10)
(1.2581838 -0.37837586 -2.4564076e-10)
(1.3062448 -0.31555264 -7.0079829e-10)
(1.347338 -0.24750621 -1.3480639e-09)
(1.3811246 -0.17853683 -1.8756871e-09)
(1.4082474 -0.11146789 -2.0077943e-09)
(1.4304099 -0.047144318 -1.7136826e-09)
(1.4494141 0.014886675 -1.2271464e-09)
(1.4654548 0.074614018 -8.5149682e-10)
(1.4761373 0.12989151 -7.4153272e-10)
(1.4774058 0.17683358 -8.5178331e-10)
(1.4660068 0.21184143 -1.0576601e-09)
(1.4417169 0.23390179 -1.3053575e-09)
(1.4076603 0.24534827 -1.6598253e-09)
(1.3687303 0.25068429 -2.2367054e-09)
(1.3294289 0.25450259 -3.0914647e-09)
(1.2924765 0.2598527 -4.1485336e-09)
(1.2586505 0.26772364 -5.2127367e-09)
(1.2274802 0.27744271 -6.0531625e-09)
(1.1981303 0.28737941 -6.5107106e-09)
(1.1700156 0.29547311 -6.5722908e-09)
(1.1430269 0.29947489 -6.3770712e-09)
(1.1174936 0.2970615 -6.1586908e-09)
(1.0940428 0.2860086 -6.1581207e-09)
(1.07344 0.26449249 -6.5479257e-09)
(1.056438 0.23146815 -7.3922153e-09)
(1.0436572 0.18700531 -8.6438652e-09)
(1.0355038 0.13244989 -1.0166368e-08)
(1.0321027 0.070319957 -1.176582e-08)
(1.0333023 0.0040193609 -1.3223959e-08)
(1.0387841 -0.062653867 -1.4329909e-08)
(1.0477845 -0.12669726 -1.4907819e-08)
(1.0593692 -0.1857285 -1.4839449e-08)
(1.073069 -0.23815407 -1.408292e-08)
(1.0889077 -0.28265905 -1.2691642e-08)
(1.1070282 -0.31795444 -1.082301e-08)
(1.1271415 -0.3432556 -8.7141593e-09)
(1.148569 -0.3586922 -6.6148282e-09)
(1.1708777 -0.3648124 -4.7127365e-09)
(1.194201 -0.36164882 -3.1004509e-09)
(1.2188038 -0.34850395 -1.7921615e-09)
(1.2445225 -0.32474001 -7.6221418e-10)
(1.2708446 -0.2905685 2.2312952e-11)
(1.2973031 -0.24700373 5.8186473e-10)
(1.3236848 -0.19541557 9.1964768e-10)
(1.3498381 -0.13734165 1.0313583e-09)
(1.3751848 -0.074697785 9.2108211e-10)
(1.3982384 -0.010230851 6.0869172e-10)
(1.4165403 0.052498171 1.2693655e-10)
(1.4273726 0.10949555 -4.8014415e-10)
(1.4288137 0.15756038 -1.1510765e-09)
(1.4204583 0.19515812 -1.8041024e-09)
(1.4035313 0.22262637 -2.3533027e-09)
(1.3803486 0.24168827 -2.7427087e-09)
(1.3534923 0.25457073 -2.9779405e-09)
(1.3251363 0.26316858 -3.1327756e-09)
(1.2967193 0.26853234 -3.3243314e-09)
(1.2689683 0.27076502 -3.6699281e-09)
(1.2421173 0.26922436 -4.2471785e-09)
(1.2161891 0.26289288 -5.0723793e-09)
(1.191226 0.2507858 -6.1010082e-09)
(1.1674006 0.23228859 -7.2445277e-09)
(1.145013 0.20732384 -8.3946686e-09)
(1.1244919 0.17641178 -9.4477509e-09)
(1.1062684 0.14054652 -1.0323592e-08)
(1.0907312 0.10105718 -1.0975124e-08)
(1.0782822 0.059520134 -1.1388505e-08)
(1.0690872 0.0174677 -1.1575669e-08)
(1.0632558 -0.023748348 -1.1562998e-08)
(1.0607726 -0.06290459 -1.1381172e-08)
(1.0613698 -0.099167843 -1.1058147e-08)
(1.0648154 -0.13204283 -1.0616016e-08)
(1.0709339 -0.16126003 -1.0071179e-08)
(1.079649 -0.18661647 -9.4370015e-09)
(1.090947 -0.20783466 -8.7276566e-09)
(1.104778 -0.22452283 -7.9610926e-09)
(1.1209823 -0.2362398 -7.1592164e-09)
(1.139306 -0.24258012 -6.3450765e-09)
(1.1594553 -0.24320486 -5.5388075e-09)
(1.1811168 -0.23784012 -4.7546186e-09)
(1.2039137 -0.22631312 -3.9997912e-09)
(1.2273755 -0.20865238 -3.2756398e-09)
(1.2509736 -0.1851584 -2.5809531e-09)
(1.2742122 -0.1563877 -1.9192779e-09)
(1.2966863 -0.12307587 -1.3087588e-09)
(1.3180321 -0.086086596 -7.880435e-10)
(1.3377767 -0.046513387 -4.100112e-10)
(1.3551191 -0.0057164718 -2.227773e-10)
(1.3688935 0.034570295 -2.4866513e-10)
(1.3777872 0.072411786 -4.7556727e-10)
(1.3806797 0.10603498 -8.6601302e-10)
(1.3770234 0.13418698 -1.376125e-09)
(1.3670303 0.15632214 -1.9707744e-09)
(1.3515775 0.17255998 -2.6276545e-09)
(1.331939 0.18344218 -3.3321025e-09)
(1.3094716 0.18965328 -4.0701647e-09)
(1.2854042 0.19178856 -4.8248158e-09)
(1.260725 0.19026467 -5.5763355e-09)
(1.2361879 0.18529773 -6.3044645e-09)
(1.2123537 0.17697561 -6.9901167e-09)
(1.1896599 0.16529632 -7.6162657e-09)
(1.1685225 0.15030347 -8.1674598e-09)
(1.1492406 0.13210659 -8.6308007e-09)
(1.1322328 0.11097122 -8.9946096e-09)
(1.1176107 0.087283706 -9.2530833e-09)
(1.1058416 0.061511905 -9.4005217e-09)
(1.096755 0.034392307 -9.4440464e-09)
(1.0909044 0.0063724416 -9.3835227e-09)
(1.0877613 -0.021402048 -9.2414613e-09)
(1.0880063 -0.048971606 -9.0176681e-09)
(1.0906764 -0.074381189 -8.7432152e-09)
(1.0963997 -0.099119736 -8.4162666e-09)
(1.1043329 -0.1197501 -8.0586005e-09)
(1.1144763 -0.14000396 -7.6802057e-09)
(1.1270968 -0.15449078 -7.2744034e-09)
(1.1404205 -0.1690863 -6.8774434e-09)
(1.1574846 -0.17689137 -6.4582366e-09)
(1.1725799 -0.18510074 -6.0652842e-09)
(1.1939888 -0.1858086 -5.6719522e-09)
(1.2090126 -0.18794483 -5.3062594e-09)
(1.2434925 -0.17811495 -4.8398556e-09)
(1.3248396 -0.012009959 5.7473297e-11)
(1.3238143 -0.036720598 -9.3533654e-11)
(1.322038 -0.062805314 1.0165385e-10)
(1.3191794 -0.090741989 -1.5629971e-10)
(1.3156997 -0.12141991 1.8475352e-10)
(1.3115391 -0.15529086 -2.6962848e-10)
(1.3077138 -0.19368136 3.4811987e-10)
(1.30438 -0.23694564 -4.9838911e-10)
(1.3031894 -0.28712479 6.7759716e-10)
(1.3043013 -0.3440275 -9.3993943e-10)
(1.3116616 -0.40792095 1.1730153e-09)
(1.3328675 -0.48517222 -1.5724922e-09)
(1.3620671 -0.56810076 1.7962416e-09)
(1.4204315 -0.65971156 -1.6664896e-09)
(1.495749 -0.75844915 2.3860186e-09)
(1.6084237 -0.81800405 -5.5978173e-09)
(1.769261 -0.91821 -2.505846e-10)
(1.9302574 -0.84467781 -5.1243171e-08)
(1.9948077 -0.77795175 9.994831e-06)
(2.0230295 -0.60986772 3.219171e-06)
(1.9379026 -0.43673743 -3.6034993e-05)
(1.7778742 -0.29380252 -3.842959e-05)
(1.430958 -0.13499247 -5.080057e-07)
(1.3089181 -0.087170499 -3.0052374e-07)
(1.2403064 -0.052825604 -1.8592199e-07)
(1.1946655 -0.035950132 -1.0968149e-07)
(1.1917848 -0.02152331 -3.8637778e-08)
(1.209367 -0.013913466 -9.5697089e-09)
(1.2529101 -0.00035829465 1.7984403e-08)
(1.3253181 0.026554773 4.2840126e-08)
(1.41061 0.069037083 6.4548736e-08)
(1.5077749 0.1321243 8.3680354e-08)
(1.6070137 0.21291611 1.0039553e-07)
(1.7038171 0.31078133 1.1618115e-07)
(1.7766079 0.41658982 1.2380233e-07)
(1.8075543 0.5198004 1.2584138e-07)
(1.8031366 0.60971157 1.2421447e-07)
(1.771841 0.67977072 1.1887614e-07)
(1.7207316 0.72248753 1.056193e-07)
(1.6505075 0.7358833 8.7443607e-08)
(1.5701415 0.7217584 6.8723382e-08)
(1.4863583 0.68497501 5.3517656e-08)
(1.4044899 0.62885614 4.2209465e-08)
(1.3269494 0.5578954 3.2291094e-08)
(1.2529239 0.47860513 2.6534326e-08)
(1.1846092 0.39374974 2.7853999e-08)
(1.1243679 0.30429476 2.7413758e-08)
(1.0620505 0.22085905 1.5191061e-08)
(0.97931338 0.15987579 -2.8440974e-09)
(0.87203331 0.12357708 -1.1305523e-08)
(0.75991514 0.093109986 -4.8720228e-09)
(0.6721395 0.04608906 7.4487114e-09)
(0.62630944 -0.025847459 1.5665548e-08)
(0.62414655 -0.11180618 1.8362367e-08)
(0.65060488 -0.19866304 1.7343796e-08)
(0.69524768 -0.27751676 1.4952062e-08)
(0.7518677 -0.34242468 1.292784e-08)
(0.81591334 -0.38904921 1.2839738e-08)
(0.88231466 -0.41828573 1.5202623e-08)
(0.94918207 -0.43218155 1.9956769e-08)
(1.0177731 -0.43227929 2.6297185e-08)
(1.0927367 -0.41614432 3.2920914e-08)
(1.1817152 -0.37539019 3.7978623e-08)
(1.2881233 -0.30402416 3.8590652e-08)
(1.4107627 -0.19828123 3.1991602e-08)
(1.5426993 -0.059906694 1.7686365e-08)
(1.6684271 0.098406611 -7.7952528e-10)
(1.7654982 0.25220539 -1.653356e-08)
(1.8205547 0.3779479 -2.4625851e-08)
(1.8445817 0.47690661 -2.6106268e-08)
(1.8378881 0.54452793 -2.1521756e-08)
(1.7983665 0.57388783 -1.4625285e-08)
(1.7353757 0.56823318 -8.5400543e-09)
(1.6578276 0.5365405 -4.4070063e-09)
(1.573288 0.48833975 -2.0765808e-09)
(1.4871509 0.43054105 -9.6252812e-10)
(1.4024988 0.36757659 -4.1451228e-10)
(1.3218242 0.30517137 1.0249315e-10)
(1.2483631 0.25282168 6.878237e-10)
(1.1853996 0.22070701 8.2938496e-10)
(1.134357 0.21335759 -2.2455357e-10)
(1.0938918 0.22624646 -2.831552e-09)
(1.0609296 0.24808753 -6.6865274e-09)
(1.032448 0.2662799 -1.1034147e-08)
(1.0064706 0.27136711 -1.5029946e-08)
(0.98193783 0.25834801 -1.8014485e-08)
(0.95892071 0.22499542 -1.9655418e-08)
(0.93851036 0.17165224 -1.9959779e-08)
(0.92229475 0.10050365 -1.9167857e-08)
(0.91192009 0.014372463 -1.7594738e-08)
(0.90939578 -0.082840273 -1.5515286e-08)
(0.91672978 -0.18541056 -1.3126148e-08)
(0.93526379 -0.28620189 -1.0579169e-08)
(0.96511526 -0.37735119 -8.0280097e-09)
(1.0046115 -0.45197422 -5.6411686e-09)
(1.0508685 -0.50567167 -3.5767954e-09)
(1.1012901 -0.53642314 -1.9487417e-09)
(1.1544445 -0.54319812 -7.9941891e-10)
(1.2089217 -0.52557637 -8.5511332e-11)
(1.2619731 -0.48535668 2.9499317e-10)
(1.3106997 -0.42764952 4.1644859e-10)
(1.3536906 -0.35865414 2.6181474e-10)
(1.3906579 -0.28383744 -1.9651259e-10)
(1.4214652 -0.20786609 -8.2693092e-10)
(1.4460679 -0.13456959 -1.3102382e-09)
(1.4652649 -0.065966067 -1.3531835e-09)
(1.481024 -0.0016625058 -9.4318553e-10)
(1.4953243 0.060075951 -3.7002219e-10)
(1.5082892 0.12002213 1.045962e-11)
(1.5171197 0.17607535 3.5321143e-11)
(1.5170873 0.22373567 -2.1338993e-10)
(1.5044438 0.25877498 -5.6739756e-10)
(1.4788388 0.28002133 -9.5967356e-10)
(1.4435629 0.29013875 -1.4751348e-09)
(1.4037646 0.29411066 -2.2483793e-09)
(1.3641514 0.29679409 -3.3155821e-09)
(1.3275781 0.30113691 -4.5427958e-09)
(1.2949403 0.30771876 -5.678683e-09)
(1.2659138 0.31527813 -6.4866478e-09)
(1.2398278 0.32152846 -6.8672563e-09)
(1.2162293 0.32378961 -6.9027276e-09)
(1.1950608 0.31935963 -6.811934e-09)
(1.1765757 0.30578477 -6.8538443e-09)
(1.1611622 0.28116051 -7.2330357e-09)
(1.1491928 0.24449069 -8.0439088e-09)
(1.1409291 0.19597766 -9.2602097e-09)
(1.1364617 0.13717233 -1.0755351e-08)
(1.1357172 0.070826929 -1.2335075e-08)
(1.1385186 0.00059397632 -1.3772138e-08)
(1.1444893 -0.069490639 -1.4843869e-08)
(1.1529022 -0.13608563 -1.5370954e-08)
(1.1628929 -0.19697124 -1.5241388e-08)
(1.1739586 -0.25109697 -1.4414316e-08)
(1.1863071 -0.29761678 -1.292839e-08)
(1.2005801 -0.33506911 -1.0924603e-08)
(1.2169159 -0.36204983 -8.650387e-09)
(1.2345812 -0.37846482 -6.3936291e-09)
(1.2528068 -0.38535107 -4.377372e-09)
(1.2716376 -0.38324757 -2.7008123e-09)
(1.2915262 -0.37128688 -1.3607007e-09)
(1.3123599 -0.34828692 -3.1187993e-10)
(1.333529 -0.3143289 4.9200641e-10)
(1.354538 -0.27064569 1.0832151e-09)
(1.3752374 -0.21889559 1.4741909e-09)
(1.3957682 -0.1606723 1.6600364e-09)
(1.4162888 -0.097452141 1.6334818e-09)
(1.4365302 -0.030993184 1.4012941e-09)
(1.4551059 0.036049257 9.8643702e-10)
(1.469568 0.10008215 4.2011963e-10)
(1.477296 0.15716684 -2.5938714e-10)
(1.4763926 0.20421307 -9.9524647e-10)
(1.4664888 0.23990154 -1.7061187e-09)
(1.4488375 0.26486467 -2.3048176e-09)
(1.4257391 0.2810754 -2.7376386e-09)
(1.3997326 0.29085129 -3.0184764e-09)
(1.372929 0.29598812 -3.2323089e-09)
(1.3466891 0.29731682 -3.5035377e-09)
(1.3216332 0.29469427 -3.9468846e-09)
(1.2978852 0.28730697 -4.6255342e-09)
(1.2753847 0.27414605 -5.5329715e-09)
(1.2540947 0.25446565 -6.6005117e-09)
(1.2340869 0.22806031 -7.7221817e-09)
(1.2155678 0.19533437 -8.7854787e-09)
(1.1988093 0.15723314 -9.6979102e-09)
(1.1841701 0.11513353 -1.0402385e-08)
(1.1719801 0.070658468 -1.0879674e-08)
(1.1624668 0.025428777 -1.1139907e-08)
(1.1558713 -0.018919059 -1.120886e-08)
(1.1522194 -0.061112094 -1.111604e-08)
(1.1513263 -0.10021499 -1.0887007e-08)
(1.1529783 -0.13572656 -1.0540072e-08)
(1.1570229 -0.16747407 -1.008614e-08)
(1.1634559 -0.19536493 -9.5315333e-09)
(1.1723865 -0.21914199 -8.8836849e-09)
(1.1838685 -0.23831323 -8.1572959e-09)
(1.1977564 -0.25229797 -7.3767436e-09)
(1.2137306 -0.26060974 -6.5724374e-09)
(1.2314409 -0.26290077 -5.7734172e-09)
(1.2505855 -0.25887686 -5.0011162e-09)
(1.270835 -0.24828048 -4.2672479e-09)
(1.2917447 -0.23102948 -3.5748086e-09)
(1.3127634 -0.20738894 -2.9193839e-09)
(1.3333439 -0.17799578 -2.2912932e-09)
(1.3530513 -0.14373736 -1.682537e-09)
(1.3716291 -0.10559153 -1.1002899e-09)
(1.3889621 -0.064539867 -5.7875138e-10)
(1.4048634 -0.021633352 -1.7663872e-10)
(1.4188216 0.021839311 4.3973142e-11)
(1.4298933 0.064209267 4.5007055e-11)
(1.4368367 0.10355352 -1.7267602e-10)
(1.4384823 0.13806264 -5.761212e-10)
(1.4341622 0.1664199 -1.1204129e-09)
(1.4239416 0.18804663 -1.7671176e-09)
(1.4085811 0.20305418 -2.4903649e-09)
(1.3892814 0.21201643 -3.2726307e-09)
(1.3673857 0.2156477 -4.0968639e-09)
(1.3441377 0.21460932 -4.9420107e-09)
(1.3205396 0.20937232 -5.7826475e-09)
(1.2973475 0.20021854 -6.5913105e-09)
(1.2750966 0.18725776 -7.3414267e-09)
(1.2542848 0.17058725 -8.008472e-09)
(1.2352187 0.15038213 -8.5729002e-09)
(1.2183426 0.12693776 -9.0173749e-09)
(1.2036911 0.100712 -9.3347908e-09)
(1.191788 0.072180995 -9.5167048e-09)
(1.1823519 0.04221666 -9.5741934e-09)
(1.1760309 0.011169077 -9.5073686e-09)
(1.1722232 -0.019434391 -9.3446583e-09)
(1.1716606 -0.050009133 -9.0921238e-09)
(1.1734094 -0.077989509 -8.7806124e-09)
(1.1780464 -0.10537192 -8.4228223e-09)
(1.1847955 -0.1282259 -8.0299281e-09)
(1.193606 -0.15053221 -7.6252871e-09)
(1.2047827 -0.1670096 -7.1958745e-09)
(1.2166077 -0.18314728 -6.7714139e-09)
(1.2319435 -0.1926446 -6.339095e-09)
(1.2455901 -0.20205839 -5.9153907e-09)
(1.2647162 -0.20400272 -5.5174581e-09)
(1.2783955 -0.20715909 -5.1246206e-09)
(1.3090636 -0.19861484 -4.6664865e-09)
(1.3712383 -0.011258292 7.1063909e-12)
(1.3693273 -0.034501796 7.872404e-13)
(1.3659517 -0.059150329 -8.0641669e-12)
(1.3604253 -0.085752399 1.4842159e-11)
(1.3535056 -0.11520706 -2.4900236e-11)
(1.3443664 -0.14814485 1.9334382e-11)
(1.3347347 -0.18596424 -8.1097933e-12)
(1.3231625 -0.22944889 -3.8365151e-11)
(1.3131763 -0.28085852 1.0790416e-10)
(1.3028237 -0.34121109 -2.3449758e-10)
(1.2991162 -0.41356827 3.8442947e-10)
(1.3013259 -0.50126071 -3.9884095e-10)
(1.3179705 -0.6005015 -2.6844934e-10)
(1.362154 -0.73012668 2.1883062e-09)
(1.4267655 -0.84564249 -2.5376025e-09)
(1.5718483 -1.0109651 -8.1764893e-09)
(1.7128894 -1.0709067 -5.5315717e-05)
(1.8414499 -0.9755874 -0.00016639508)
(1.7844749 -0.75937949 -0.00024949735)
(1.4588416 -0.42856727 -0.00027702328)
(1.0594881 -0.1588826 -0.0003137042)
(0.78901505 -0.0418216 -0.00024448043)
(0.6166439 -0.027141321 -0.00013616992)
(0.55132367 -0.022177925 -5.8198659e-05)
(0.38935883 -0.015016039 3.4479171e-07)
(0.41071281 -0.036063688 1.4931774e-07)
(0.47490301 -0.065804123 4.3067048e-08)
(0.57159098 -0.086153918 -3.6409755e-09)
(0.67782705 -0.09266925 -1.6254924e-08)
(0.79237377 -0.081261943 -1.2540041e-08)
(0.91206501 -0.047687202 -4.9865938e-10)
(1.0370171 0.012223647 1.744352e-08)
(1.1626048 0.097109817 4.0570674e-08)
(1.2826814 0.20384194 6.8023508e-08)
(1.4039168 0.33277922 9.7674589e-08)
(1.5090077 0.47168109 1.2316736e-07)
(1.5761362 0.5989573 1.3986152e-07)
(1.5979696 0.69982565 1.4706968e-07)
(1.5813951 0.76749557 1.4466648e-07)
(1.5385089 0.80030491 1.3228067e-07)
(1.4764132 0.79775989 1.1328897e-07)
(1.4042853 0.76372033 9.2598369e-08)
(1.3284385 0.70721155 7.2423252e-08)
(1.2489573 0.63568108 5.8130385e-08)
(1.1715445 0.55358833 5.4001625e-08)
(1.1016356 0.46168061 4.8567552e-08)
(1.027404 0.37294956 2.9558497e-08)
(0.9266273 0.30986722 6.1497253e-09)
(0.79798576 0.27523527 -3.717958e-09)
(0.67090261 0.24336959 2.1882418e-09)
(0.5796068 0.1853628 1.1570711e-08)
(0.53975469 0.092923576 1.4712519e-08)
(0.54553544 -0.022251726 1.0975734e-08)
(0.58065102 -0.14305589 3.1731597e-09)
(0.63823665 -0.25337725 -4.4554488e-09)
(0.70811488 -0.3446389 -9.9028997e-09)
(0.78243887 -0.41342405 -1.2769376e-08)
(0.85539006 -0.45961416 -1.3049225e-08)
(0.92300297 -0.48594348 -1.0581056e-08)
(0.98355801 -0.496939 -5.0019241e-09)
(1.0383046 -0.49657927 3.6330017e-09)
(1.0914922 -0.48587693 1.4367496e-08)
(1.1508573 -0.46016321 2.5502482e-08)
(1.2261374 -0.40809983 3.4974552e-08)
(1.3228191 -0.31949408 3.9427377e-08)
(1.4391038 -0.19045261 3.5242415e-08)
(1.5660253 -0.025984549 2.1668006e-08)
(1.6862376 0.15540912 2.5484657e-09)
(1.7776634 0.32498501 -1.4659278e-08)
(1.8250139 0.4581272 -2.3963738e-08)
(1.8387832 0.55494815 -2.6047794e-08)
(1.8269314 0.61262385 -2.2044897e-08)
(1.784533 0.62992876 -1.5518868e-08)
(1.7212669 0.61266438 -9.4515299e-09)
(1.6460286 0.57136098 -5.162042e-09)
(1.5650069 0.51533644 -2.6375322e-09)
(1.4826111 0.45075348 -1.3338142e-09)
(1.4020681 0.38348144 -4.8194403e-10)
(1.3270115 0.32257969 4.0465656e-10)
(1.2615394 0.27891945 1.0553291e-09)
(1.2085578 0.25936049 6.2065383e-10)
(1.1681473 0.26196776 -1.5613158e-09)
(1.1377786 0.27676567 -5.3867832e-09)
(1.1141145 0.29095429 -1.0071085e-08)
(1.0943568 0.29419189 -1.462622e-08)
(1.0759209 0.28004165 -1.8228868e-08)
(1.0577457 0.24519542 -2.0427541e-08)
(1.0411337 0.18928135 -2.1204311e-08)
(1.0274828 0.11399067 -2.078203e-08)
(1.0180736 0.021711065 -1.944771e-08)
(1.015006 -0.083844256 -1.7441012e-08)
(1.0202842 -0.19675255 -1.4933364e-08)
(1.0357833 -0.30897689 -1.2086676e-08)
(1.0622839 -0.41089382 -9.1146311e-09)
(1.0983487 -0.49366906 -6.2792933e-09)
(1.1403505 -0.55224436 -3.8236193e-09)
(1.1846253 -0.5857711 -1.9069773e-09)
(1.2299369 -0.59440193 -5.8818189e-10)
(1.2765329 -0.5769031 1.7069689e-10)
(1.3222667 -0.53352481 5.0342265e-10)
(1.3635107 -0.47036537 5.9526635e-10)
(1.3989316 -0.39556649 5.6062296e-10)
(1.4291205 -0.31525178 3.6637156e-10)
(1.4548315 -0.23390922 -4.8864686e-11)
(1.4762673 -0.15525954 -5.6490564e-10)
(1.4934331 -0.082092246 -8.6265014e-10)
(1.5070021 -0.015136623 -6.7670327e-10)
(1.5187941 0.047263109 -6.2659818e-11)
(1.5306654 0.10791123 6.1473309e-10)
(1.5423047 0.16780787 9.6898183e-10)
(1.5501744 0.22427231 8.693749e-10)
(1.5490335 0.27192534 4.5919386e-10)
(1.5351061 0.30604514 -5.6507843e-11)
(1.5083977 0.325612 -6.1991564e-10)
(1.4726072 0.33379394 -1.3418862e-09)
(1.4331238 0.33593309 -2.3511742e-09)
(1.3947152 0.33683554 -3.6301046e-09)
(1.3602253 0.33902433 -4.9793446e-09)
(1.3305747 0.3424529 -6.1265931e-09)
(1.3055321 0.34519792 -6.884071e-09)
(1.2845277 0.34441707 -7.2449308e-09)
(1.2671216 0.33710179 -7.3731285e-09)
(1.2531076 0.32056075 -7.5149358e-09)
(1.2424301 0.29279523 -7.8930978e-09)
(1.2350388 0.25283237 -8.6340268e-09)
(1.2308288 0.20099593 -9.7431096e-09)
(1.2295489 0.1388824 -1.1116153e-08)
(1.2308684 0.069372073 -1.256827e-08)
(1.2345644 -0.0036945979 -1.3867497e-08)
(1.24037 -0.076178895 -1.4778808e-08)
(1.247761 -0.14442941 -1.5124631e-08)
(1.2560631 -0.20624888 -1.4824758e-08)
(1.2648024 -0.26115446 -1.3875949e-08)
(1.2741937 -0.30906233 -1.2317671e-08)
(1.2851465 -0.34855082 -1.0255703e-08)
(1.2982176 -0.37734087 -7.9189544e-09)
(1.3127262 -0.39462885 -5.6176716e-09)
(1.3274957 -0.40188787 -3.6055737e-09)
(1.3423604 -0.40050894 -1.9814717e-09)
(1.358063 -0.38955588 -7.0719863e-10)
(1.3745134 -0.3670463 2.9202868e-10)
(1.3908726 -0.33295248 1.0669117e-09)
(1.4067529 -0.28888118 1.648426e-09)
(1.4222235 -0.23682451 2.0541632e-09)
(1.4375243 -0.17857427 2.2836773e-09)
(1.4530422 -0.11558872 2.3220459e-09)
(1.4690722 -0.049031914 2.1594753e-09)
(1.4853142 0.019382838 1.8068491e-09)
(1.500402 0.087119221 1.2917319e-09)
(1.5119456 0.15053914 6.4460914e-10)
(1.5173456 0.20579037 -1.000574e-10)
(1.5148542 0.25004943 -8.882019e-10)
(1.5042824 0.28235398 -1.6397066e-09)
(1.4869509 0.30362275 -2.270757e-09)
(1.4651091 0.31593642 -2.736145e-09)
(1.4411826 0.32154453 -3.0609911e-09)
(1.417135 0.32206383 -3.3373698e-09)
(1.3941361 0.31810955 -3.6861951e-09)
(1.3726255 0.30933515 -4.2063363e-09)
(1.3526319 0.29488421 -4.9369315e-09)
(1.3340372 0.27399385 -5.8473153e-09)
(1.3167166 0.24635843 -6.8532658e-09)
(1.3006327 0.21224145 -7.8481834e-09)
(1.2858769 0.17248694 -8.7355097e-09)
(1.2726596 0.12842036 -9.4509398e-09)
(1.2612314 0.081620311 -9.9690954e-09)
(1.2518756 0.033847961 -1.0295346e-08)
(1.2448617 -0.013202714 -1.0450481e-08)
(1.2403148 -0.058077388 -1.0457625e-08)
(1.2381765 -0.099701733 -1.0335669e-08)
(1.238281 -0.13754983 -1.009749e-08)
(1.2404927 -0.17156965 -9.7490417e-09)
(1.2448633 -0.20184236 -9.2900349e-09)
(1.25164 -0.22815918 -8.7196839e-09)
(1.2610192 -0.24986452 -8.0467952e-09)
(1.2728751 -0.26612624 -7.2968157e-09)
(1.2867643 -0.27632728 -6.5086819e-09)
(1.302216 -0.28015746 -5.7230393e-09)
(1.318925 -0.27737177 -4.9703424e-09)
(1.3366313 -0.26764659 -4.2663329e-09)
(1.3549277 -0.25077308 -3.6148724e-09)
(1.3732631 -0.22695514 -3.012548e-09)
(1.3910967 -0.19687309 -2.4498725e-09)
(1.4079801 -0.16154261 -1.9103951e-09)
(1.423625 -0.12216225 -1.3764213e-09)
(1.4379718 -0.079873817 -8.4523786e-10)
(1.4511277 -0.035700852 -3.464749e-10)
(1.4631535 0.0093878119 5.7334105e-11)
(1.4737776 0.054242175 2.9325941e-10)
(1.4822401 0.097298265 3.1052115e-10)
(1.4873873 0.13672853 9.966841e-11)
(1.488055 0.17075073 -3.1168565e-10)
(1.4835032 0.19805525 -8.7982749e-10)
(1.473679 0.21804098 -1.5643483e-09)
(1.4592075 0.2308165 -2.3364004e-09)
(1.4411899 0.23692947 -3.1748157e-09)
(1.42092 0.23713215 -4.0589835e-09)
(1.3995591 0.23213986 -4.9633608e-09)
(1.3780406 0.22250505 -5.8567671e-09)
(1.3570235 0.20850667 -6.7054461e-09)
(1.3371679 0.19033935 -7.4753663e-09)
(1.3188339 0.16828508 -8.1389086e-09)
(1.302525 0.14268223 -8.6702163e-09)
(1.2882201 0.11411344 -9.0588791e-09)
(1.2764687 0.082990301 -9.2916159e-09)
(1.2669159 0.050415928 -9.3805274e-09)
(1.2602455 0.016541635 -9.3270355e-09)
(1.2558411 -0.016716181 -9.1601883e-09)
(1.2544562 -0.050094299 -8.8962965e-09)
(1.2551983 -0.080569476 -8.5628283e-09)
(1.2586602 -0.11035959 -8.1857096e-09)
(1.2640528 -0.13539359 -7.7743968e-09)
(1.2713833 -0.15957132 -7.351028e-09)
(1.2808838 -0.17792474 -6.9138552e-09)
(1.2911098 -0.19557878 -6.4696313e-09)
(1.3044565 -0.2066238 -6.0340322e-09)
(1.3166578 -0.21720625 -5.5879103e-09)
(1.3333427 -0.22024334 -5.1879429e-09)
(1.3456287 -0.22420318 -4.7752743e-09)
(1.3723031 -0.21669575 -4.3147982e-09)
(1.4104838 -0.010111668 -3.4157405e-11)
(1.4077256 -0.031081134 7.3370306e-11)
(1.4026835 -0.053419736 -9.2924831e-11)
(1.3945516 -0.077705741 1.4649014e-10)
(1.3839684 -0.10480627 -1.9010116e-10)
(1.3698548 -0.13540516 2.5469467e-10)
(1.3537269 -0.17105532 -3.0837963e-10)
(1.3335654 -0.21248888 3.5672568e-10)
(1.3128864 -0.26304969 -3.6933669e-10)
(1.2879298 -0.32279021 3.247798e-10)
(1.2675908 -0.39990332 -2.191602e-10)
(1.2444775 -0.49043565 2.522999e-10)
(1.240982 -0.614912 -1.4538669e-09)
(1.244401 -0.75667598 7.0294676e-09)
(1.303343 -0.94832391 -2.1365464e-08)
(1.4156719 -1.1348025 5.0580344e-05)
(1.5115452 -1.1445419 -0.00045763381)
(1.41622 -0.94352826 -0.00069195668)
(0.45786143 -0.19721995 -0.00080211014)
(0.018795795 -0.0015019856 2.3082278e-06)
(0.0018821182 -0.010102805 -0.00010833035)
(-0.008120612 -0.050842115 -0.00010131659)
(0.019598077 -0.05635397 -2.2787057e-05)
(0.047370512 -0.12637127 8.4969083e-09)
(0.15209857 -0.18892103 5.9918195e-10)
(0.25931379 -0.21943766 -6.4393006e-09)
(0.36697037 -0.22695749 -7.8295513e-09)
(0.47471242 -0.2145717 -5.935388e-09)
(0.58376385 -0.18107618 -2.2471923e-09)
(0.69629892 -0.12282491 4.3673782e-09)
(0.81149008 -0.035165089 1.6220049e-08)
(0.92620492 0.079947547 3.5571347e-08)
(1.0392461 0.21864845 6.3430552e-08)
(1.1468424 0.37489164 9.6165188e-08)
(1.2381041 0.53232494 1.2638167e-07)
(1.3015905 0.67012368 1.4920103e-07)
(1.3307856 0.77171023 1.5886716e-07)
(1.3273716 0.82851307 1.5638449e-07)
(1.2985382 0.84507272 1.43958e-07)
(1.2543034 0.82804696 1.2434051e-07)
(1.1870783 0.77891464 1.0307304e-07)
(1.1155791 0.70976212 9.0847071e-08)
(1.0484318 0.62221464 7.6308436e-08)
(0.97308706 0.53353457 4.8489606e-08)
(0.86574117 0.47122258 1.8331827e-08)
(0.72790095 0.43917411 4.3936587e-09)
(0.59485438 0.40648338 6.8993574e-09)
(0.50463634 0.33823683 1.1627975e-08)
(0.47092101 0.22433604 9.1300178e-09)
(0.48653055 0.082587298 1.0533322e-09)
(0.53653728 -0.067217438 -8.6801629e-09)
(0.60771973 -0.20744994 -1.673357e-08)
(0.68922215 -0.32763983 -2.1801675e-08)
(0.7734189 -0.42249431 -2.4182924e-08)
(0.85572538 -0.48983446 -2.4742138e-08)
(0.93245384 -0.53013227 -2.4282573e-08)
(0.9999007 -0.54747654 -2.2880562e-08)
(1.0553829 -0.54899936 -1.9430428e-08)
(1.0992283 -0.54194653 -1.2487869e-08)
(1.1352009 -0.53038871 -1.9161656e-09)
(1.1699009 -0.51243369 1.0682094e-08)
(1.2132264 -0.47874142 2.309691e-08)
(1.2761348 -0.41205714 3.3442799e-08)
(1.3638663 -0.30234207 3.7990408e-08)
(1.4722483 -0.14730469 3.3447982e-08)
(1.5893706 0.041133012 1.9506243e-08)
(1.697006 0.23821791 6.1682312e-10)
(1.7758348 0.41331594 -1.5911623e-08)
(1.8137711 0.54367537 -2.4695124e-08)
(1.8181276 0.62944648 -2.5903662e-08)
(1.7982899 0.67128851 -2.1568451e-08)
(1.7570352 0.67397032 -1.575757e-08)
(1.6940786 0.6439778 -9.8104846e-09)
(1.6227701 0.5936806 -5.6321345e-09)
(1.5473098 0.53049222 -3.156671e-09)
(1.4712486 0.46072705 -1.6591616e-09)
(1.3984445 0.39305058 -3.6468432e-10)
(1.3334537 0.33852461 8.0487372e-10)
(1.2804058 0.30590041 1.1107784e-09)
(1.2408376 0.29620995 -2.887242e-10)
(1.2131729 0.30170966 -3.6199453e-09)
(1.1943927 0.30977912 -8.4036261e-09)
(1.1813672 0.30930347 -1.3520625e-08)
(1.1714591 0.29592382 -1.738851e-08)
(1.1600478 0.26086602 -2.0298408e-08)
(1.1488156 0.20292478 -2.1885097e-08)
(1.1395938 0.12495805 -2.2101024e-08)
(1.1328354 0.028391279 -2.1206608e-08)
(1.1303301 -0.083538188 -1.9391096e-08)
(1.1341605 -0.2050924 -1.6796845e-08)
(1.1461709 -0.32781454 -1.3613438e-08)
(1.1680267 -0.44033247 -1.0150302e-08)
(1.1992657 -0.53100412 -6.8078698e-09)
(1.2360926 -0.59302169 -3.9570438e-09)
(1.2734294 -0.62700913 -1.810327e-09)
(1.3091547 -0.63631343 -3.9902953e-10)
(1.345344 -0.61948458 3.628451e-10)
(1.3818694 -0.57330519 6.3358058e-10)
(1.4138945 -0.50465153 6.2353778e-10)
(1.4399718 -0.42446095 5.4488066e-10)
(1.461591 -0.33986509 4.7543468e-10)
(1.4800986 -0.25496014 3.2644469e-10)
(1.4969021 -0.17309929 2.2748488e-11)
(1.5119802 -0.096627537 -2.921889e-10)
(1.5247996 -0.026965773 -3.0246285e-10)
(1.5356475 0.036454379 1.9164463e-10)
(1.5461462 0.09653199 1.0268828e-09)
(1.5577551 0.15653237 1.7598431e-09)
(1.5694121 0.21688005 2.0116717e-09)
(1.5768012 0.27363614 1.7301666e-09)
(1.5744606 0.3204449 1.1330501e-09)
(1.5591053 0.35248943 4.3880078e-10)
(1.531518 0.36931414 -3.2738907e-10)
(1.4959647 0.37465666 -1.2929228e-09)
(1.4580053 0.37401826 -2.5463708e-09)
(1.4222777 0.37184865 -3.9981014e-09)
(1.3914196 0.36998494 -5.4081753e-09)
(1.3662441 0.36764482 -6.5359421e-09)
(1.346523 0.36236836 -7.2799534e-09)
(1.3316651 0.35109866 -7.7181069e-09)
(1.3210675 0.33100018 -8.0492292e-09)
(1.3141995 0.29996291 -8.4901924e-09)
(1.3105949 0.25701741 -9.1896666e-09)
(1.3097112 0.20248793 -1.0184269e-08)
(1.3109938 0.13803207 -1.1393007e-08)
(1.3140117 0.066549151 -1.2644265e-08)
(1.3183188 -0.0082429816 -1.3712027e-08)
(1.3235945 -0.082191417 -1.435814e-08)
(1.3296756 -0.15145039 -1.4410067e-08)
(1.3362797 -0.21373658 -1.3835031e-08)
(1.3431194 -0.26894715 -1.2708713e-08)
(1.3503775 -0.31777973 -1.1099414e-08)
(1.3589381 -0.35911466 -9.0556706e-09)
(1.3695045 -0.3897886 -6.7484037e-09)
(1.3814815 -0.40784149 -4.496274e-09)
(1.3934139 -0.41498267 -2.583302e-09)
(1.4047649 -0.41392701 -1.1060831e-09)
(1.4165678 -0.40376509 2.3068746e-11)
(1.4290055 -0.38136103 9.3294805e-10)
(1.4407543 -0.34674254 1.6571049e-09)
(1.45156 -0.30208901 2.204057e-09)
(1.4619922 -0.24966064 2.5924581e-09)
(1.4724797 -0.19145811 2.8368919e-09)
(1.4834336 -0.12896121 2.928076e-09)
(1.4952518 -0.063260009 2.8404657e-09)
(1.5081636 0.0046994314 2.5614344e-09)
(1.5217707 0.073403061 2.1062646e-09)
(1.5345445 0.14015508 1.5058073e-09)
(1.5441299 0.20120135 7.9103379e-10)
(1.5481052 0.25279472 -3.7534195e-12)
(1.5449522 0.29257275 -8.2535717e-10)
(1.5346457 0.3201198 -1.5974718e-09)
(1.5185851 0.3365654 -2.2451631e-09)
(1.4990086 0.34396133 -2.7361333e-09)
(1.4781955 0.34440713 -3.1056944e-09)
(1.4577853 0.33931317 -3.4448503e-09)
(1.4386022 0.32899954 -3.8589879e-09)
(1.4209721 0.31299757 -4.4211735e-09)
(1.4049283 0.29074363 -5.1439809e-09)
(1.3902728 0.26193004 -5.9797443e-09)
(1.3767764 0.22670291 -6.8439056e-09)
(1.3643245 0.18576805 -7.648247e-09)
(1.352939 0.14032016 -8.3283667e-09)
(1.3427671 0.091888483 -8.855563e-09)
(1.3340261 0.042210061 -9.2303806e-09)
(1.3269944 -0.0069938798 -9.4654156e-09)
(1.3219147 -0.054125919 -9.5717324e-09)
(1.3188623 -0.097940175 -9.5555737e-09)
(1.3177634 -0.13783024 -9.421739e-09)
(1.3185171 -0.173854 -9.1730318e-09)
(1.3212056 -0.20633681 -8.8058339e-09)
(1.3261938 -0.2351849 -8.3120348e-09)
(1.3338439 -0.25951641 -7.6927335e-09)
(1.3440598 -0.27807158 -6.9730809e-09)
(1.3562057 -0.29000909 -6.2017275e-09)
(1.3696082 -0.29514867 -5.4335291e-09)
(1.3839739 -0.29343389 -4.7091176e-09)
(1.3991741 -0.28447221 -4.0471773e-09)
(1.4148259 -0.26783886 -3.4490329e-09)
(1.430338 -0.24369955 -2.9080835e-09)
(1.4452099 -0.21283525 -2.4155492e-09)
(1.4590792 -0.17639187 -1.9583461e-09)
(1.4717169 -0.13571001 -1.5147056e-09)
(1.4830413 -0.092146825 -1.0593421e-09)
(1.4931589 -0.046900391 -5.8331974e-10)
(1.502383 -0.00091802895 -1.1476789e-10)
(1.5109421 0.04499326 2.7935271e-10)
(1.5187199 0.089798488 5.1831311e-10)
(1.5250803 0.13209431 5.4252664e-10)
(1.5289334 0.17015477 3.3553837e-10)
(1.5291341 0.20230498 -8.0065607e-11)
(1.5249136 0.22728922 -6.6222784e-10)
(1.5161308 0.24450698 -1.3697303e-09)
(1.5033007 0.25399058 -2.1702615e-09)
(1.4874633 0.25634099 -3.0389507e-09)
(1.4697497 0.25242906 -3.9511307e-09)
(1.4511347 0.24298843 -4.8765359e-09)
(1.4323229 0.22839236 -5.7794357e-09)
(1.4141651 0.20898921 -6.6193998e-09)
(1.3971511 0.18530978 -7.3622003e-09)
(1.3818841 0.15777638 -7.9727832e-09)
(1.3683264 0.12712222 -8.4352724e-09)
(1.3570362 0.093670964 -8.7307466e-09)
(1.3476569 0.058765629 -8.8676186e-09)
(1.3408441 0.022374826 -8.849333e-09)
(1.3359724 -0.013317195 -8.7012958e-09)
(1.3338298 -0.049186707 -8.4477811e-09)
(1.3335381 -0.08203834 -8.1163711e-09)
(1.3357914 -0.11396485 -7.7360725e-09)
(1.3397109 -0.14107441 -7.3275242e-09)
(1.3454978 -0.16695401 -6.8994365e-09)
(1.3531003 -0.18709717 -6.4694152e-09)
(1.3616896 -0.20620754 -6.018867e-09)
(1.372808 -0.21875221 -5.5876856e-09)
(1.3835213 -0.23037831 -5.1316536e-09)
(1.3976188 -0.23443947 -4.7340089e-09)
(1.4084664 -0.23895084 -4.3117083e-09)
(1.4308961 -0.23223155 -3.8586297e-09)
(1.4425836 -0.0085849164 -3.4835436e-11)
(1.4390582 -0.026520683 6.6505843e-11)
(1.4324207 -0.045666985 -7.9479698e-11)
(1.4218816 -0.066721947 1.2035271e-10)
(1.4077246 -0.090196212 -1.4470222e-10)
(1.3889314 -0.11720514 1.8271389e-10)
(1.3661512 -0.14847733 -1.9256932e-10)
(1.337669 -0.18613043 1.7999689e-10)
(1.3048704 -0.23144748 -8.7779449e-11)
(1.265256 -0.28868925 -1.4725833e-10)
(1.2223673 -0.36072651 7.273441e-10)
(1.1734734 -0.4553611 -2.0617198e-09)
(1.1282178 -0.58288559 4.934745e-09)
(1.0859298 -0.74650571 -9.969825e-09)
(1.1160859 -0.93926542 -5.7828689e-06)
(1.126088 -1.1758197 -0.00026547391)
(0.94670075 -0.93566496 -0.00068979798)
(-0.068770604 -0.076577462 -9.1155828e-05)
(-0.05356784 -0.16048932 -9.5057794e-06)
(0.032110036 -0.29272834 6.9056084e-08)
(0.11592074 -0.3198014 3.6638828e-08)
(0.19295723 -0.32394919 1.981338e-08)
(0.27033847 -0.31265661 1.2848791e-08)
(0.35087393 -0.28247762 9.4545859e-09)
(0.43644844 -0.2269559 8.949897e-09)
(0.52683349 -0.14134378 1.3341311e-08)
(0.62055276 -0.025066537 2.5469211e-08)
(0.71519829 0.11766484 4.752514e-08)
(0.80839462 0.28189558 7.8378507e-08)
(0.89580507 0.45468769 1.1243941e-07)
(0.96869652 0.61547915 1.4194899e-07)
(1.0208732 0.74429414 1.6255385e-07)
(1.0449644 0.82965291 1.6790195e-07)
(1.0384393 0.86516488 1.5733587e-07)
(1.0251262 0.86516804 1.4731699e-07)
(0.99713307 0.83848174 1.3369012e-07)
(0.94569128 0.76522879 1.0658233e-07)
(0.8796259 0.68636682 6.8681778e-08)
(0.77748266 0.6326102 3.1648459e-08)
(0.64384739 0.60537244 1.1928189e-08)
(0.51782007 0.57208186 9.1935642e-09)
(0.43793822 0.49526216 9.6606362e-09)
(0.41557236 0.36524513 4.426781e-09)
(0.44190953 0.20550695 -3.8190778e-09)
(0.5018807 0.029389002 -1.373387e-08)
(0.58346594 -0.14197563 -2.1605682e-08)
(0.67492638 -0.29267625 -2.6217208e-08)
(0.76752657 -0.41581399 -2.7930718e-08)
(0.8561454 -0.50876389 -2.7425655e-08)
(0.93859389 -0.57082976 -2.5560598e-08)
(1.0136431 -0.60243575 -2.3580611e-08)
(1.0787673 -0.60747167 -2.259773e-08)
(1.130326 -0.59493665 -2.1962475e-08)
(1.1668352 -0.57562359 -1.8896863e-08)
(1.1911148 -0.55675018 -1.1015322e-08)
(1.2094412 -0.53903319 1.0793372e-09)
(1.2295493 -0.51590269 1.4224222e-08)
(1.2610458 -0.47201463 2.5805694e-08)
(1.3172462 -0.38609966 3.376576e-08)
(1.3993901 -0.24947305 3.5214306e-08)
(1.4989176 -0.067131455 2.8016326e-08)
(1.6026232 0.13938843 1.2963704e-08)
(1.6943824 0.34084152 -5.0368077e-09)
(1.7585771 0.50898578 -1.9377347e-08)
(1.7854916 0.62615769 -2.5973994e-08)
(1.782623 0.69268205 -2.5475313e-08)
(1.7589862 0.71535371 -2.0917689e-08)
(1.7209236 0.70465395 -1.5637117e-08)
(1.6595852 0.66185252 -9.8086132e-09)
(1.5934765 0.60228739 -5.9307432e-09)
(1.525484 0.53245512 -3.5142561e-09)
(1.4587275 0.4604391 -1.672548e-09)
(1.3975975 0.39676628 -1.5572613e-11)
(1.3467361 0.35149966 1.0686486e-09)
(1.3088263 0.32869395 7.3727272e-10)
(1.2838935 0.32288717 -1.7961699e-09)
(1.2701801 0.32219661 -6.4500395e-09)
(1.2641523 0.31692757 -1.1589843e-08)
(1.2613083 0.30306068 -1.5598915e-08)
(1.2584028 0.26986159 -1.9036031e-08)
(1.2551517 0.21119317 -2.1560214e-08)
(1.25196 0.1319017 -2.2624149e-08)
(1.2494022 0.032849963 -2.2349804e-08)
(1.2490579 -0.082940946 -2.0839353e-08)
(1.2524617 -0.21057932 -1.8207259e-08)
(1.2613375 -0.34181078 -1.4698278e-08)
(1.2777735 -0.46410044 -1.0748419e-08)
(1.302569 -0.56261328 -6.9109442e-09)
(1.3327419 -0.62733326 -3.7085738e-09)
(1.3624489 -0.65934133 -1.4352632e-09)
(1.3884287 -0.66647786 -7.1209394e-11)
(1.411847 -0.65088851 5.6146951e-10)
(1.4367952 -0.60216854 7.1469972e-10)
(1.4581801 -0.52811334 6.0142989e-10)
(1.4732872 -0.44327419 4.5699637e-10)
(1.4846423 -0.35542329 4.2721869e-10)
(1.4953972 -0.26924646 4.7221649e-10)
(1.5072516 -0.18709747 4.5740677e-10)
(1.5201037 -0.10989254 3.3412588e-10)
(1.5328625 -0.038687016 2.8412145e-10)
(1.5445141 0.026022868 6.0928748e-10)
(1.5552471 0.085908066 1.4108114e-09)
(1.566503 0.14466703 2.3982083e-09)
(1.5791413 0.20536016 3.0688071e-09)
(1.5912211 0.2669544 3.1046479e-09)
(1.5978963 0.32366119 2.5772807e-09)
(1.5939494 0.36832205 1.7709802e-09)
(1.5769699 0.39671985 8.783191e-10)
(1.5487799 0.4093081 -1.2185318e-10)
(1.5143025 0.41043971 -1.3459504e-09)
(1.479082 0.40556181 -2.8144327e-09)
(1.4473234 0.39846829 -4.3766892e-09)
(1.4212542 0.39010976 -5.7998645e-09)
(1.4014867 0.3790655 -6.917462e-09)
(1.3876975 0.36271862 -7.7143982e-09)
(1.3790963 0.33830937 -8.3158834e-09)
(1.3747986 0.30371239 -8.905215e-09)
(1.3739004 0.25791011 -9.6332613e-09)
(1.3754966 0.20117213 -1.0553656e-08)
(1.3788301 0.13520895 -1.1593323e-08)
(1.3831424 0.062710476 -1.2587888e-08)
(1.3878475 -0.012793713 -1.3336118e-08)
(1.3926719 -0.087315252 -1.3633697e-08)
(1.3976171 -0.15704992 -1.3332655e-08)
(1.4028455 -0.21963949 -1.2439797e-08)
(1.4084223 -0.2751435 -1.112431e-08)
(1.4144887 -0.32478747 -9.5194887e-09)
(1.4216864 -0.36775235 -7.5937964e-09)
(1.4305813 -0.40009457 -5.394034e-09)
(1.4404572 -0.41864945 -3.2451314e-09)
(1.449817 -0.42511185 -1.4972661e-09)
(1.4582057 -0.42355409 -2.2617746e-10)
(1.466147 -0.4141899 6.9156757e-10)
(1.4744548 -0.39126463 1.5090724e-09)
(1.4815708 -0.35558389 2.1970509e-09)
(1.4874058 -0.31037113 2.6965627e-09)
(1.4931177 -0.25790383 3.0300812e-09)
(1.4991983 -0.20003577 3.2450022e-09)
(1.5060086 -0.13823776 3.3623683e-09)
(1.5139836 -0.073688871 3.3542747e-09)
(1.5235967 -0.0070736654 3.1767525e-09)
(1.5348968 0.060765125 2.8140177e-09)
(1.5470918 0.12816328 2.2868075e-09)
(1.5584663 0.19225528 1.6243834e-09)
(1.5668498 0.24938497 8.5203217e-10)
(1.5702532 0.29600547 1.4898093e-11)
(1.5673339 0.33004403 -8.2154568e-10)
(1.5581223 0.3515555 -1.5903198e-09)
(1.544204 0.36189268 -2.2358004e-09)
(1.5278307 0.36321506 -2.7418841e-09)
(1.510831 0.35777921 -3.1508294e-09)
(1.4942883 0.34639565 -3.5444759e-09)
(1.4789663 0.3288069 -4.0027164e-09)
(1.4652621 0.30498626 -4.5682412e-09)
(1.4530466 0.27487658 -5.2314846e-09)
(1.4420051 0.23861674 -5.9399058e-09)
(1.4318725 0.19677711 -6.6252081e-09)
(1.4225127 0.1504068 -7.2320229e-09)
(1.4139338 0.1009284 -7.7344187e-09)
(1.4062306 0.049943621 -8.1315826e-09)
(1.3996312 -0.00079794596 -8.42798e-09)
(1.3944361 -0.049685776 -8.618855e-09)
(1.3908597 -0.095339094 -8.691694e-09)
(1.388968 -0.13701249 -8.6396825e-09)
(1.3887399 -0.17480585 -8.4649759e-09)
(1.3902673 -0.20931026 -8.1664914e-09)
(1.3939672 -0.24064286 -7.7320846e-09)
(1.400353 -0.26768166 -7.1539595e-09)
(1.4093833 -0.28853514 -6.4557454e-09)
(1.4201687 -0.30196077 -5.6979371e-09)
(1.4316893 -0.30801769 -4.9532012e-09)
(1.4436852 -0.30708513 -4.2714831e-09)
(1.4563614 -0.29875586 -3.6694312e-09)
(1.4693695 -0.28221853 -3.1416914e-09)
(1.481947 -0.25758099 -2.6759815e-09)
(1.4936138 -0.22577884 -2.26035e-09)
(1.5041688 -0.18815089 -1.8848113e-09)
(1.5135505 -0.14616882 -1.533233e-09)
(1.5217533 -0.10133992 -1.1777774e-09)
(1.5288763 -0.055066341 -7.8822102e-10)
(1.5352243 -0.0084085275 -3.5509869e-10)
(1.5411883 0.037854589 8.9469393e-11)
(1.5470716 0.083095717 4.7316169e-10)
(1.5528331 0.12645802 7.0956976e-10)
(1.5578774 0.16662825 7.351292e-10)
(1.5611767 0.20196605 5.300969e-10)
(1.5615714 0.23089653 1.1487193e-10)
(1.5582356 0.2522995 -4.7048788e-10)
(1.5510687 0.26553928 -1.183824e-09)
(1.5407226 0.27063901 -1.9913131e-09)
(1.5279496 0.26843273 -2.8649762e-09)
(1.513381 0.2600464 -3.7717504e-09)
(1.4976765 0.24583143 -4.6778306e-09)
(1.4820085 0.22584308 -5.5422932e-09)
(1.4670538 0.20096904 -6.3283618e-09)
(1.4534223 0.17184342 -6.9945101e-09)
(1.4410964 0.13939605 -7.5184131e-09)
(1.4306523 0.10394082 -7.8762283e-09)
(1.4217734 0.066993498 -8.0694688e-09)
(1.4150878 0.028473893 -8.1016397e-09)
(1.4099493 -0.0094013716 -7.9947505e-09)
(1.4072072 -0.047370229 -7.7727505e-09)
(1.4059501 -0.082430221 -7.4693333e-09)
(1.4070405 -0.11616661 -7.1058208e-09)
(1.4094356 -0.14520631 -6.7206227e-09)
(1.4136987 -0.17252131 -6.3061846e-09)
(1.4192744 -0.19440932 -5.8973068e-09)
(1.4262553 -0.21487509 -5.4558696e-09)
(1.4350498 -0.22900321 -5.0364182e-09)
(1.4442711 -0.2415151 -4.5812114e-09)
(1.4556272 -0.24651153 -4.1928685e-09)
(1.4649817 -0.2512131 -3.7687703e-09)
(1.482875 -0.2450767 -3.343058e-09)
(1.4675504 -0.0067338174 -2.1355331e-11)
(1.4633655 -0.020917661 3.8835346e-11)
(1.4553806 -0.036148262 -4.6916696e-11)
(1.4427304 -0.053016992 6.9824428e-11)
(1.4255394 -0.071901371 -8.2860257e-11)
(1.4025021 -0.093745213 1.0375751e-10)
(1.3740132 -0.11912614 -1.0839513e-10)
(1.3374608 -0.14997993 1.1393894e-10)
(1.2940208 -0.18734392 -1.0224134e-10)
(1.2385015 -0.23577891 8.7305722e-11)
(1.1749472 -0.29692076 2.228216e-11)
(1.0921784 -0.38341409 -5.6429575e-10)
(1.0041422 -0.49566574 2.9060203e-09)
(0.88291129 -0.67817274 -1.0921312e-08)
(0.86090499 -0.92488068 -1.397001e-05)
(0.73366647 -1.0305314 -0.0001083602)
(-0.0069374189 -0.012004066 1.2068366e-06)
(-0.060388058 -0.18814013 -4.727778e-05)
(-0.022818254 -0.34622974 1.1577253e-07)
(0.017359794 -0.37491845 4.3928491e-08)
(0.052212274 -0.3781628 1.6366463e-08)
(0.09147974 -0.37121631 8.5523782e-09)
(0.13746796 -0.34798732 5.0820969e-09)
(0.19219887 -0.30011087 3.7534041e-09)
(0.25644967 -0.22089225 6.4488396e-09)
(0.3278738 -0.1068551 1.6162672e-08)
(0.40405614 0.036713212 3.5353122e-08)
(0.48355797 0.20275279 6.4008539e-08)
(0.56286053 0.3805512 9.8181094e-08)
(0.63588101 0.55159936 1.3073089e-07)
(0.69879034 0.69664703 1.5655428e-07)
(0.74424097 0.80114111 1.6693027e-07)
(0.76755204 0.85711832 1.5628037e-07)
(0.77503357 0.86691998 1.4071542e-07)
(0.76849555 0.85275404 1.2443122e-07)
(0.72589412 0.81359064 8.5186183e-08)
(0.63891817 0.77954958 4.1944677e-08)
(0.52789758 0.76021078 1.7888522e-08)
(0.42673223 0.72589513 1.0673602e-08)
(0.36965241 0.64293699 8.4450274e-09)
(0.36542755 0.50717018 3.2543763e-09)
(0.40166408 0.34043878 -4.1028657e-09)
(0.47173322 0.14295016 -1.4623079e-08)
(0.56463378 -0.057799799 -2.3816216e-08)
(0.6658926 -0.23917569 -2.9917391e-08)
(0.76856155 -0.39127808 -3.2803678e-08)
(0.86583191 -0.50962937 -3.2855521e-08)
(0.95312198 -0.59480143 -3.064986e-08)
(1.0293451 -0.64849547 -2.6644686e-08)
(1.0957917 -0.67089303 -2.1892397e-08)
(1.1527562 -0.66376681 -1.8643094e-08)
(1.1975641 -0.63581861 -1.8354638e-08)
(1.2269534 -0.60115673 -1.8754626e-08)
(1.2414002 -0.5715837 -1.5120702e-08)
(1.2470272 -0.54991383 -5.0447507e-09)
(1.2519755 -0.52976353 8.5677271e-09)
(1.2625724 -0.500071 2.0946287e-08)
(1.2890803 -0.4414657 2.9206844e-08)
(1.3442567 -0.32703419 3.2672002e-08)
(1.4215751 -0.15891045 2.9579947e-08)
(1.5108232 0.045496346 1.9098758e-08)
(1.5995386 0.25894018 3.2925408e-09)
(1.6733959 0.45211916 -1.2650203e-08)
(1.7222391 0.60162513 -2.3449674e-08)
(1.740574 0.6952206 -2.6863373e-08)
(1.7331405 0.73702568 -2.445441e-08)
(1.7138103 0.74221045 -2.0305587e-08)
(1.6811312 0.72069072 -1.5433954e-08)
(1.6234181 0.66466153 -9.7776579e-09)
(1.5640868 0.59588788 -6.0827715e-09)
(1.5056137 0.52138806 -3.5420625e-09)
(1.4511191 0.45080026 -1.3725269e-09)
(1.4046431 0.39461363 4.9162127e-10)
(1.3695683 0.35879302 1.1670207e-09)
(1.3479136 0.34019073 -3.8013452e-10)
(1.3389379 0.32959513 -4.0981766e-09)
(1.3382021 0.31926874 -8.7065022e-09)
(1.3414482 0.30259885 -1.30684e-08)
(1.3470873 0.26823682 -1.7050092e-08)
(1.3526578 0.21161648 -2.0177311e-08)
(1.3565571 0.13299273 -2.2022814e-08)
(1.3593535 0.033873694 -2.2422888e-08)
(1.3622211 -0.083409428 -2.1293029e-08)
(1.366452 -0.21436016 -1.8692704e-08)
(1.3735726 -0.35123473 -1.4940195e-08)
(1.3853049 -0.4811854 -1.0624839e-08)
(1.4028925 -0.586712 -6.4390849e-09)
(1.4248166 -0.65362775 -3.0243016e-09)
(1.4455982 -0.68236959 -7.8873189e-10)
(1.4619391 -0.68457293 3.4093618e-10)
(1.4738015 -0.66871986 7.3548893e-10)
(1.484471 -0.619666 7.4465869e-10)
(1.4912493 -0.53856559 5.4675486e-10)
(1.4936217 -0.44966431 4.046507e-10)
(1.495656 -0.36116427 4.4467885e-10)
(1.5005895 -0.27696136 6.5437065e-10)
(1.5084167 -0.19737295 9.2894212e-10)
(1.5192724 -0.12199747 1.096689e-09)
(1.5321717 -0.051184223 1.1733978e-09)
(1.5454274 0.014302068 1.3982893e-09)
(1.5578717 0.074784767 2.0275411e-09)
(1.569879 0.13281721 3.0373182e-09)
(1.5827724 0.19225054 4.0389704e-09)
(1.5965663 0.25493449 4.5085443e-09)
(1.608464 0.31790309 4.1838675e-09)
(1.6135795 0.37372842 3.284896e-09)
(1.6073853 0.41465699 2.2033879e-09)
(1.588699 0.43734303 1.0817207e-09)
(1.5605601 0.44368317 -1.4802053e-10)
(1.5282577 0.43879778 -1.5791155e-09)
(1.4968664 0.42778356 -3.1725704e-09)
(1.469916 0.41341987 -4.7592736e-09)
(1.4492166 0.39584836 -6.1591967e-09)
(1.4351414 0.37345691 -7.2851857e-09)
(1.4270762 0.34394109 -8.1813318e-09)
(1.423966 0.30532996 -8.9758683e-09)
(1.4245682 0.25657652 -9.7962108e-09)
(1.427728 0.19792906 -1.0689384e-08)
(1.4323518 0.13087264 -1.1566645e-08)
(1.43758 0.057919847 -1.2260336e-08)
(1.4427915 -0.017551649 -1.2616241e-08)
(1.4475406 -0.091894904 -1.2520437e-08)
(1.4518801 -0.16165026 -1.1893651e-08)
(1.456339 -0.22454764 -1.0756268e-08)
(1.4614741 -0.28051592 -9.320182e-09)
(1.4673701 -0.3309873 -7.8083378e-09)
(1.4740811 -0.37537465 -6.1203413e-09)
(1.4818291 -0.40888876 -4.0910401e-09)
(1.4898465 -0.42720737 -2.0218978e-09)
(1.4965214 -0.43242662 -4.6535574e-10)
(1.5017574 -0.42989427 4.9498939e-10)
(1.5065024 -0.42047525 1.2192159e-09)
(1.5102531 -0.39685148 1.9866261e-09)
(1.5121809 -0.35928661 2.6710105e-09)
(1.5130089 -0.31341236 3.0969053e-09)
(1.5139902 -0.26123017 3.3071677e-09)
(1.5160706 -0.20425456 3.4182912e-09)
(1.5195152 -0.14376927 3.5125386e-09)
(1.5245254 -0.080764426 3.5806981e-09)
(1.5314041 -0.016011046 3.5438558e-09)
(1.5402768 0.050100202 3.3214948e-09)
(1.5509678 0.11669983 2.8903225e-09)
(1.5625581 0.18139694 2.3211988e-09)
(1.5733143 0.24064936 1.7036591e-09)
(1.5812912 0.29166245 9.8086398e-10)
(1.5847624 0.33233118 6.8600034e-11)
(1.5825945 0.3598641 -8.2332119e-10)
(1.5752876 0.37439106 -1.5933905e-09)
(1.5646532 0.37795063 -2.2329293e-09)
(1.5521154 0.37292511 -2.7616903e-09)
(1.5385659 0.3607874 -3.205867e-09)
(1.5254596 0.34202621 -3.6336609e-09)
(1.5139574 0.31680322 -4.1047189e-09)
(1.5039993 0.2854427 -4.6370425e-09)
(1.4952066 0.24819725 -5.2078213e-09)
(1.4872461 0.20560243 -5.7723341e-09)
(1.4798999 0.15860138 -6.2902163e-09)
(1.4730375 0.10848237 -6.7440752e-09)
(1.4666787 0.056721058 -7.1365559e-09)
(1.460956 0.0049757141 -7.467029e-09)
(1.4560913 -0.04518971 -7.7148888e-09)
(1.452412 -0.092332976 -7.8456523e-09)
(1.4501606 -0.13558331 -7.8379809e-09)
(1.449478 -0.17500689 -7.6963699e-09)
(1.4504834 -0.21140233 -7.4301188e-09)
(1.453521 -0.24514096 -7.0287892e-09)
(1.459122 -0.27487843 -6.4740243e-09)
(1.4673108 -0.29791114 -5.7857349e-09)
(1.4770244 -0.3123824 -5.0393486e-09)
(1.4868072 -0.31876937 -4.3302751e-09)
(1.4962815 -0.31829882 -3.7168921e-09)
(1.5062211 -0.31041958 -3.2025902e-09)
(1.5164836 -0.29366906 -2.764127e-09)
(1.5259264 -0.26823833 -2.3874301e-09)
(1.5342065 -0.23544653 -2.0574955e-09)
(1.541275 -0.19669444 -1.7662795e-09)
(1.5471289 -0.15354466 -1.5027695e-09)
(1.5519736 -0.10761619 -1.2437585e-09)
(1.5560039 -0.060403715 -9.5322587e-10)
(1.5595221 -0.013202471 -6.0214125e-10)
(1.5629779 0.033119761 -1.9096752e-10)
(1.5667605 0.078117989 2.4224154e-10)
(1.5711128 0.12130803 6.2167055e-10)
(1.5758885 0.16191776 8.5983229e-10)
(1.5804959 0.19885135 8.8407203e-10)
(1.5840005 0.23060907 6.7149586e-10)
(1.5852041 0.2553795 2.5605429e-10)
(1.5831659 0.27176958 -3.1264613e-10)
(1.5781321 0.27968426 -1.0175723e-09)
(1.5714591 0.28011435 -1.7891668e-09)
(1.5626393 0.2734636 -2.6211238e-09)
(1.5508288 0.25963258 -3.5125131e-09)
(1.5381052 0.23951899 -4.367427e-09)
(1.5257746 0.21407169 -5.1581893e-09)
(1.5143455 0.18396536 -5.8459482e-09)
(1.5037667 0.15023344 -6.4055786e-09)
(1.4946096 0.11327812 -6.8106687e-09)
(1.4866045 0.074659306 -7.0565572e-09)
(1.4803676 0.034499667 -7.1428372e-09)
(1.4752484 -0.0052231529 -7.0907851e-09)
(1.4721152 -0.044830927 -6.9165045e-09)
(1.4700782 -0.081865564 -6.661344e-09)
(1.4701235 -0.11707646 -6.3345165e-09)
(1.4711004 -0.14788966 -5.9889018e-09)
(1.4739097 -0.17634331 -5.6055947e-09)
(1.4774961 -0.19988963 -5.2304447e-09)
(1.4828686 -0.2215024 -4.8124854e-09)
(1.4893662 -0.23733938 -4.4125168e-09)
(1.4972003 -0.25056732 -3.9648705e-09)
(1.5057702 -0.25650711 -3.5928231e-09)
(1.5135525 -0.26084271 -3.1758308e-09)
(1.5264642 -0.25507591 -2.8057516e-09)
(1.4853726 -0.0046345552 -3.3709397e-11)
(1.4807417 -0.014485686 6.3195524e-11)
(1.4716825 -0.025192442 -8.0410828e-11)
(1.4575299 -0.037127583 1.2542093e-10)
(1.4378989 -0.050585475 -1.6720608e-10)
(1.4118649 -0.066027948 2.4000045e-10)
(1.3786083 -0.084076706 -3.2335412e-10)
(1.3363288 -0.10563932 4.6420809e-10)
(1.2833572 -0.13225082 -6.7286901e-10)
(1.2163506 -0.1658002 1.0475569e-09)
(1.1322406 -0.21050797 -1.653903e-09)
(1.0242207 -0.27082933 2.6309835e-09)
(0.88606557 -0.35942088 -4.5452131e-09)
(0.78309042 -0.49663023 -1.0553403e-05)
(0.54910468 -0.72586915 8.2106992e-06)
(0.17626089 -0.36209859 0.00060570904)
(-0.041891322 -0.12712394 0.00011889108)
(-0.049427598 -0.34255926 -5.7580985e-06)
(-0.058754477 -0.38409854 4.5289297e-08)
(-0.068653079 -0.3897373 1.4893616e-08)
(-0.069151743 -0.39067806 8.5800949e-09)
(-0.060203866 -0.37725842 5.2977509e-09)
(-0.040199197 -0.34031464 2.6806174e-09)
(-0.0059693631 -0.27183738 2.6760496e-09)
(0.040575978 -0.16755545 8.328831e-09)
(0.096693098 -0.029151927 2.2261882e-08)
(0.16289471 0.13449104 4.5020155e-08)
(0.2364308 0.31102536 7.3845356e-08)
(0.31062739 0.48424491 1.0272105e-07)
(0.38112835 0.63577896 1.2492755e-07)
(0.44040729 0.75169607 1.3204161e-07)
(0.48026094 0.825518 1.2079378e-07)
(0.49609415 0.8631677 1.0254833e-07)
(0.48206674 0.88154421 7.5844498e-08)
(0.43596068 0.886288 4.3694867e-08)
(0.37061408 0.87982408 2.0981559e-08)
(0.31570016 0.845219 1.2048779e-08)
(0.29585085 0.76110714 8.678837e-09)
(0.31667867 0.6336869 4.4219542e-09)
(0.36543809 0.47190088 -2.2712932e-09)
(0.45064139 0.26392074 -1.2948139e-08)
(0.5579669 0.043083474 -2.4016266e-08)
(0.67003253 -0.16553999 -3.2903832e-08)
(0.78272718 -0.34812579 -3.8169099e-08)
(0.89024008 -0.49466451 -3.9246096e-08)
(0.98683796 -0.60191276 -3.7034293e-08)
(1.0683304 -0.67352623 -3.3007392e-08)
(1.1338788 -0.71478761 -2.7768955e-08)
(1.1860763 -0.72690331 -2.1273214e-08)
(1.2278638 -0.70937924 -1.5139346e-08)
(1.2597541 -0.6683464 -1.272939e-08)
(1.2792324 -0.61824566 -1.4338053e-08)
(1.2840136 -0.57564235 -1.4886549e-08)
(1.277151 -0.54845458 -8.5814508e-09)
(1.2674455 -0.53046606 4.6160377e-09)
(1.2647435 -0.50839912 1.7982772e-08)
(1.2715015 -0.46817289 2.6427917e-08)
(1.2995734 -0.38082695 2.9754235e-08)
(1.3540122 -0.22995067 2.7816931e-08)
(1.4244047 -0.03540209 2.0125244e-08)
(1.5026283 0.17981116 7.1535485e-09)
(1.5770639 0.38679903 -8.0264799e-09)
(1.6359076 0.55899684 -2.0612372e-08)
(1.6713326 0.67910807 -2.6768814e-08)
(1.6816 0.74179747 -2.6048736e-08)
(1.675992 0.75792711 -2.2817672e-08)
(1.6662663 0.75207467 -2.0347835e-08)
(1.6384851 0.718794 -1.5592554e-08)
(1.5884166 0.65076595 -1.0058243e-08)
(1.5390131 0.57427869 -6.3028974e-09)
(1.4928803 0.49839347 -3.3641376e-09)
(1.4525275 0.43344835 -7.5265e-10)
(1.4217126 0.38568584 8.4839088e-10)
(1.4035932 0.35391734 4.5180335e-10)
(1.3977959 0.33256808 -2.0052015e-09)
(1.4008638 0.31543732 -5.7369843e-09)
(1.4100319 0.29439231 -9.9666359e-09)
(1.4228892 0.25934599 -1.4158664e-08)
(1.435754 0.20414747 -1.7732494e-08)
(1.446543 0.12743803 -2.0224527e-08)
(1.4548085 0.029868731 -2.1243546e-08)
(1.4612459 -0.086610827 -2.048867e-08)
(1.4673526 -0.21849938 -1.7950663e-08)
(1.4744837 -0.35819356 -1.4048983e-08)
(1.4835899 -0.4925124 -9.5523732e-09)
(1.494628 -0.60280554 -5.2798883e-09)
(1.5070947 -0.67073497 -1.9055704e-09)
(1.5182952 -0.6940224 1.4843411e-10)
(1.52294 -0.69344006 7.0030169e-10)
(1.5266902 -0.6767484 8.8588422e-10)
(1.5228803 -0.6213101 7.3576313e-10)
(1.5121973 -0.5359432 4.8456975e-10)
(1.5030222 -0.44782102 4.0524735e-10)
(1.4983875 -0.36201761 6.0672184e-10)
(1.4978204 -0.28133855 1.0923782e-09)
(1.5021985 -0.20543136 1.6709767e-09)
(1.5114629 -0.1334277 2.141469e-09)
(1.5245369 -0.064654712 2.4059491e-09)
(1.5395503 0.00058288398 2.625976e-09)
(1.5544584 0.061726324 3.1031362e-09)
(1.5682971 0.12005215 3.9710589e-09)
(1.5817569 0.17897563 4.9553815e-09)
(1.595834 0.24145914 5.659064e-09)
(1.6097513 0.30632668 5.9614391e-09)
(1.6202566 0.36843507 5.6628572e-09)
(1.6229903 0.42116486 4.3049612e-09)
(1.6138385 0.45596081 2.797467e-09)
(1.59385 0.4707538 1.3142736e-09)
(1.5670579 0.46911923 -2.061322e-10)
(1.5381554 0.45682941 -1.8268385e-09)
(1.5113218 0.43776619 -3.490534e-09)
(1.4896229 0.4137463 -5.0637858e-09)
(1.4744745 0.38473967 -6.4336193e-09)
(1.4657924 0.3494141 -7.5824487e-09)
(1.4626075 0.30620096 -8.5799524e-09)
(1.4635884 0.25419954 -9.5104852e-09)
(1.4673447 0.19358736 -1.0387627e-08)
(1.4726127 0.12557066 -1.1092613e-08)
(1.4784614 0.052461461 -1.1462649e-08)
(1.4841865 -0.022694041 -1.1415512e-08)
(1.4893296 -0.096501425 -1.0966341e-08)
(1.4938839 -0.16598965 -1.0139285e-08)
(1.4984456 -0.22929381 -8.9456813e-09)
(1.5039074 -0.28607395 -7.5420958e-09)
(1.5104425 -0.33722441 -6.1982492e-09)
(1.517272 -0.38225234 -4.8142981e-09)
(1.5236389 -0.41623185 -3.0010387e-09)
(1.5294141 -0.43333628 -9.3000275e-10)
(1.5332472 -0.43635981 3.8464043e-10)
(1.5353032 -0.43369397 9.4034982e-10)
(1.5370227 -0.42324513 1.636551e-09)
(1.5348468 -0.39665885 2.4444113e-09)
(1.5305638 -0.35752172 3.0601131e-09)
(1.526839 -0.31159297 3.3367323e-09)
(1.5243481 -0.26043155 3.3699906e-09)
(1.5236004 -0.20506776 3.3360099e-09)
(1.5249073 -0.14635789 3.3697695e-09)
(1.5280225 -0.085295281 3.4568003e-09)
(1.5327078 -0.022522719 3.5449373e-09)
(1.539256 0.041461749 3.5259855e-09)
(1.5479957 0.10606744 3.3199298e-09)
(1.5587312 0.1700685 2.8928866e-09)
(1.5700685 0.23095435 2.2605635e-09)
(1.5797757 0.28474421 1.5710652e-09)
(1.5866049 0.32820359 9.8274031e-10)
(1.5901715 0.36064404 2.7993145e-10)
(1.589086 0.37979565 -6.7876939e-10)
(1.5843728 0.38585371 -1.6257282e-09)
(1.579753 0.38377052 -2.172711e-09)
(1.5717637 0.37363061 -2.6906104e-09)
(1.5607644 0.3532782 -3.2186385e-09)
(1.5510879 0.32641363 -3.6889313e-09)
(1.5430513 0.293698 -4.1578822e-09)
(1.5361849 0.25546704 -4.6358156e-09)
(1.5301379 0.21222686 -5.1036692e-09)
(1.5246397 0.16481427 -5.538988e-09)
(1.5194842 0.11435937 -5.9360269e-09)
(1.5146092 0.062243109 -6.3033225e-09)
(1.5100369 0.0099144796 -6.6371256e-09)
(1.5059303 -0.041055793 -6.9044548e-09)
(1.5026089 -0.089341853 -7.0519061e-09)
(1.5004331 -0.13401227 -7.0439163e-09)
(1.4997779 -0.17501991 -6.8895928e-09)
(1.5008968 -0.21322634 -6.6156781e-09)
(1.5039737 -0.24924371 -6.2234378e-09)
(1.5093118 -0.28158279 -5.6811107e-09)
(1.5168461 -0.30660477 -4.9974975e-09)
(1.5253822 -0.32151388 -4.2698607e-09)
(1.5332862 -0.32722426 -3.6208933e-09)
(1.5401666 -0.32652365 -3.1111655e-09)
(1.5470047 -0.319381 -2.7284263e-09)
(1.554497 -0.30205253 -2.3914106e-09)
(1.5603743 -0.2752348 -2.1088924e-09)
(1.5641805 -0.24094481 -1.8724581e-09)
(1.5666955 -0.20091764 -1.6707673e-09)
(1.5684589 -0.1567993 -1.4899484e-09)
(1.5698186 -0.11022497 -1.3152595e-09)
(1.5711746 -0.062688651 -1.1124936e-09)
(1.5726241 -0.015485142 -8.5322617e-10)
(1.5742545 0.030515839 -5.1909903e-10)
(1.5762886 0.074815685 -1.2353094e-10)
(1.5790736 0.11709604 2.9173642e-10)
(1.5828846 0.15688646 6.3277649e-10)
(1.5876574 0.19330268 8.7088664e-10)
(1.5927932 0.22550956 1.0153726e-09)
(1.5970888 0.25272011 9.6298281e-10)
(1.598833 0.27279061 4.0503326e-10)
(1.5978045 0.2824605 -5.5817101e-10)
(1.5965718 0.28356534 -1.132248e-09)
(1.5948222 0.28078818 -1.5438338e-09)
(1.5898329 0.27139077 -2.1808937e-09)
(1.5809744 0.25114294 -3.0543089e-09)
(1.5718471 0.22512468 -3.8681252e-09)
(1.563014 0.19419124 -4.5803985e-09)
(1.5545105 0.15942501 -5.1699284e-09)
(1.5469192 0.12138099 -5.6141323e-09)
(1.5400683 0.081448749 -5.9080989e-09)
(1.5344983 0.040136955 -6.0478913e-09)
(1.5296915 -0.0010136887 -6.0550838e-09)
(1.5263554 -0.041805747 -5.9384835e-09)
(1.523817 -0.080463729 -5.7429578e-09)
(1.522949 -0.1168273 -5.4691671e-09)
(1.5227894 -0.14922036 -5.1733397e-09)
(1.5242919 -0.1785675 -4.8336927e-09)
(1.5262337 -0.20374735 -4.501506e-09)
(1.5299998 -0.22624757 -4.1195663e-09)
(1.5342959 -0.24385803 -3.746149e-09)
(1.5405854 -0.25745161 -3.3124563e-09)
(1.5466113 -0.26433816 -2.9551677e-09)
(1.5527846 -0.26762371 -2.5616725e-09)
(1.5600177 -0.26213325 -2.2873021e-09)
(1.4960463 -0.0023934963 -4.5468831e-11)
(1.491185 -0.0075348536 8.3955967e-11)
(1.481519 -0.013273522 -1.0308007e-10)
(1.4664568 -0.019804991 1.5767627e-10)
(1.4454507 -0.027167776 -2.0568863e-10)
(1.4176321 -0.035499391 2.9357351e-10)
(1.3817096 -0.044961645 -3.9097119e-10)
(1.3359206 -0.055952082 5.5580278e-10)
(1.2776071 -0.068891569 -7.8726745e-10)
(1.2032376 -0.084762713 1.198389e-09)
(1.1071178 -0.10479395 -1.8747611e-09)
(0.98138741 -0.13170798 3.1039788e-09)
(0.81126762 -0.16989381 -5.4640743e-09)
(0.64340065 -0.2694031 -1.1197626e-05)
(0.30155784 -0.37803579 0.00014444084)
(-0.010683145 -0.063754597 9.6447547e-05)
(-0.054661292 -0.326047 -5.7325651e-07)
(-0.11778745 -0.35158364 3.4132894e-08)
(-0.16024734 -0.36520661 1.3941488e-08)
(-0.19266487 -0.37547519 1.176697e-08)
(-0.21685839 -0.37174055 9.7502883e-09)
(-0.23136181 -0.34680716 7.0809335e-09)
(-0.23126284 -0.29307036 4.9676761e-09)
(-0.21474703 -0.20381486 5.8253316e-09)
(-0.18063111 -0.076774012 1.220859e-08)
(-0.13386276 0.080440403 2.5167472e-08)
(-0.074355326 0.25339284 4.3058478e-08)
(-0.0083151157 0.42621199 6.1462504e-08)
(0.059081329 0.58348869 7.4513105e-08)
(0.12016638 0.71253282 7.67151e-08)
(0.1646547 0.80816158 6.7590339e-08)
(0.18813665 0.87420126 5.3252388e-08)
(0.1927213 0.91589641 3.5582304e-08)
(0.18861656 0.92819639 2.0991854e-08)
(0.19188141 0.90440019 1.364519e-08)
(0.21789959 0.8327657 1.0206168e-08)
(0.2664478 0.73020803 6.893201e-09)
(0.33460971 0.58226028 1.1944815e-09)
(0.44305172 0.37593649 -8.2130182e-09)
(0.5705577 0.14844189 -1.9604626e-08)
(0.69639947 -0.07559329 -3.1048062e-08)
(0.8185717 -0.28307557 -4.0150191e-08)
(0.93367179 -0.46018817 -4.4113864e-08)
(1.0370119 -0.59592346 -4.2372813e-08)
(1.1244833 -0.68748219 -3.6927913e-08)
(1.1935734 -0.74130483 -3.0506008e-08)
(1.2445988 -0.76614042 -2.4653663e-08)
(1.280025 -0.76536055 -1.8585654e-08)
(1.3032319 -0.73706623 -1.1661281e-08)
(1.3171787 -0.68636051 -7.2228173e-09)
(1.3227218 -0.62449249 -8.2439469e-09)
(1.317473 -0.56898612 -1.1333834e-08)
(1.3005287 -0.53407239 -9.5298781e-09)
(1.2782348 -0.51821439 2.9065464e-10)
(1.2606303 -0.50450479 1.4019605e-08)
(1.2529865 -0.47504546 2.4196581e-08)
(1.2597307 -0.41071335 2.7787424e-08)
(1.2913013 -0.27924694 2.5333821e-08)
(1.3425814 -0.099308399 1.8055423e-08)
(1.4067589 0.10929688 6.8696154e-09)
(1.4751856 0.3201729 -6.7178323e-09)
(1.5373785 0.50650892 -1.9129148e-08)
(1.5847947 0.64678093 -2.6458571e-08)
(1.6134486 0.72951168 -2.7190999e-08)
(1.6245315 0.75924573 -2.4520586e-08)
(1.6254467 0.75958601 -2.2891307e-08)
(1.6195326 0.74442195 -2.0223618e-08)
(1.5956865 0.69477348 -1.5246857e-08)
(1.5575039 0.6176941 -1.022548e-08)
(1.5212495 0.53842761 -6.3248408e-09)
(1.4887207 0.46656838 -2.9144083e-09)
(1.4635872 0.40829709 -3.9895692e-10)
(1.4492414 0.36439961 4.4211892e-10)
(1.4459872 0.33224349 -6.1491304e-10)
(1.4521113 0.30699633 -3.217519e-09)
(1.4655948 0.28073933 -6.8063323e-09)
(1.4833635 0.24387907 -1.0776464e-08)
(1.5016949 0.18970727 -1.4505767e-08)
(1.5178997 0.11561485 -1.7427925e-08)
(1.5309534 0.02088825 -1.8923185e-08)
(1.541124 -0.093338758 -1.8453057e-08)
(1.5497808 -0.22470831 -1.5943944e-08)
(1.5584318 -0.36531505 -1.1974812e-08)
(1.5669749 -0.50052038 -7.5209663e-09)
(1.5732125 -0.61092311 -3.4718653e-09)
(1.5753656 -0.67790662 -5.6861709e-10)
(1.5747814 -0.69823605 8.6065961e-10)
(1.5736565 -0.69497651 1.1651863e-09)
(1.5660783 -0.6714492 1.0982988e-09)
(1.5440259 -0.60441407 6.6705778e-10)
(1.5204699 -0.51945844 4.2970589e-10)
(1.502326 -0.4352552 6.2895012e-10)
(1.4902786 -0.35536586 1.1989173e-09)
(1.4855009 -0.28076479 1.9969325e-09)
(1.4879773 -0.21092114 2.8477621e-09)
(1.4968902 -0.14422629 3.5541382e-09)
(1.510863 -0.079147214 3.9886476e-09)
(1.5278087 -0.015398354 4.2128563e-09)
(1.5453055 0.046225246 4.505539e-09)
(1.5615325 0.10565468 5.1417905e-09)
(1.5763022 0.16484593 6.1132226e-09)
(1.5908155 0.22708247 7.0221975e-09)
(1.6052947 0.29381899 7.339763e-09)
(1.6170401 0.36113244 7.0231974e-09)
(1.6230561 0.42070857 6.4980235e-09)
(1.622557 0.46552571 4.9943694e-09)
(1.6117125 0.48980121 3.2225653e-09)
(1.5921942 0.49436392 1.4630677e-09)
(1.5677662 0.48337329 -3.1490397e-10)
(1.5427512 0.46185138 -2.0588827e-09)
(1.5211154 0.43253618 -3.7289588e-09)
(1.5052905 0.39711841 -5.2416617e-09)
(1.495765 0.35567978 -6.5569483e-09)
(1.4918986 0.30741834 -7.7003346e-09)
(1.4925093 0.25177157 -8.7065418e-09)
(1.496206 0.18888944 -9.5319925e-09)
(1.5017135 0.1197872 -1.0036267e-08)
(1.5080366 0.046412055 -1.0100285e-08)
(1.5144092 -0.028467377 -9.7456542e-09)
(1.5203645 -0.10174127 -9.1052321e-09)
(1.5258824 -0.17093753 -8.2781608e-09)
(1.5314691 -0.2347008 -7.2530273e-09)
(1.5378964 -0.29251757 -6.0543062e-09)
(1.5452387 -0.34419451 -4.8836835e-09)
(1.5520825 -0.38849756 -3.7561752e-09)
(1.5566255 -0.42111251 -2.1526825e-09)
(1.5584967 -0.43656535 -1.500288e-10)
(1.5590939 -0.437957 7.547427e-10)
(1.5585385 -0.43401417 1.3576922e-09)
(1.5545791 -0.42075309 2.1213063e-09)
(1.5465709 -0.39047625 2.9255578e-09)
(1.5384705 -0.3519253 3.3331607e-09)
(1.5318725 -0.30763217 3.3889555e-09)
(1.5274426 -0.25826054 3.2267235e-09)
(1.5251474 -0.20471532 2.9852377e-09)
(1.5247146 -0.14784002 2.8133327e-09)
(1.5259234 -0.088318144 2.8566072e-09)
(1.5286392 -0.02705381 3.0613948e-09)
(1.5329758 0.035070878 3.2883728e-09)
(1.5392817 0.097471086 3.3657364e-09)
(1.5478834 0.15947363 3.186655e-09)
(1.5586293 0.2196029 2.7340942e-09)
(1.5702717 0.27508605 2.1348324e-09)
(1.5801618 0.32233112 1.4961713e-09)
(1.5858979 0.35804479 8.0630062e-10)
(1.5878744 0.37980325 -1.1482406e-10)
(1.5886095 0.38674825 -9.9367598e-10)
(1.5887107 0.38581703 -1.3379771e-09)
(1.5877053 0.37964163 -1.7934665e-09)
(1.5828406 0.36260907 -2.444114e-09)
(1.5760595 0.33463722 -3.0913937e-09)
(1.5702825 0.30067616 -3.6269616e-09)
(1.5653339 0.26131355 -4.0990081e-09)
(1.5610495 0.21725966 -4.5260007e-09)
(1.5572199 0.16933398 -4.9108591e-09)
(1.553646 0.11859572 -5.2637542e-09)
(1.5501965 0.066272989 -5.5992042e-09)
(1.5469166 0.013723857 -5.9086312e-09)
(1.5438887 -0.037642882 -6.1530487e-09)
(1.541299 -0.086694249 -6.2730536e-09)
(1.5396381 -0.13263441 -6.2269053e-09)
(1.5394746 -0.17532707 -6.0272728e-09)
(1.5412409 -0.21537857 -5.715545e-09)
(1.5448674 -0.25333711 -5.3200877e-09)
(1.5501676 -0.28773981 -4.8015778e-09)
(1.5570072 -0.31428963 -4.1348935e-09)
(1.5641841 -0.32918286 -3.4406239e-09)
(1.5696933 -0.33350155 -2.8992374e-09)
(1.573639 -0.33155775 -2.5548316e-09)
(1.5769854 -0.32439169 -2.3227666e-09)
(1.5794703 -0.30646487 -2.1105313e-09)
(1.5802743 -0.27730948 -1.9167148e-09)
(1.579574 -0.24144748 -1.7652958e-09)
(1.5782709 -0.20073968 -1.6404481e-09)
(1.5770363 -0.15662463 -1.5257584e-09)
(1.5761202 -0.11027032 -1.4251456e-09)
(1.5754621 -0.063034246 -1.3199278e-09)
(1.5750127 -0.016064245 -1.1688387e-09)
(1.5748583 0.029648231 -9.0746466e-10)
(1.5754125 0.073392013 -5.1830657e-10)
(1.5770807 0.11473458 -6.9422733e-11)
(1.5801893 0.15334221 3.5290966e-10)
(1.5848116 0.18897341 7.2461388e-10)
(1.5902447 0.22132236 1.027968e-09)
(1.5952025 0.24920893 1.14609e-09)
(1.5993336 0.26991129 8.724957e-10)
(1.603134 0.28075881 1.9278784e-10)
(1.6055296 0.28260825 -3.4086771e-10)
(1.6065777 0.28070778 -5.9565863e-10)
(1.6071464 0.27394058 -1.0661128e-09)
(1.6050989 0.25755597 -1.7950559e-09)
(1.6009364 0.23255919 -2.5891317e-09)
(1.5959283 0.2018967 -3.2987959e-09)
(1.5904516 0.16675969 -3.8999054e-09)
(1.5850792 0.12812086 -4.370212e-09)
(1.5798992 0.08727404 -4.7040262e-09)
(1.5753291 0.045158076 -4.8947819e-09)
(1.5712207 0.0029455304 -4.9578739e-09)
(1.5680305 -0.038642088 -4.9003526e-09)
(1.5654668 -0.07845625 -4.7667786e-09)
(1.5639285 -0.11569332 -4.558006e-09)
(1.5630353 -0.14933513 -4.3178537e-09)
(1.563337 -0.17938168 -4.0306407e-09)
(1.5641847 -0.20591636 -3.7416075e-09)
(1.5663248 -0.22922244 -3.4100304e-09)
(1.5690491 -0.24847039 -3.0628258e-09)
(1.5726619 -0.26218989 -2.6702364e-09)
(1.5755025 -0.26923706 -2.3253677e-09)
(1.5779937 -0.27011564 -2.0281287e-09)
(1.5793505 -0.2652344 -1.8923095e-09)
(1.4991446 -1.8039911e-05 -3.3053852e-11)
(1.4946627 -0.0003231783 8.1163402e-11)
(1.4852202 -0.00096426044 -1.1793886e-10)
(1.4698602 -0.0018481186 1.7144975e-10)
(1.4485727 -0.0028198112 -2.2574523e-10)
(1.4203875 -0.0036516957 3.1999242e-10)
(1.3840577 -0.0041084113 -4.290009e-10)
(1.3376913 -0.0037942481 6.1199465e-10)
(1.2787185 -0.0022303165 -8.6884653e-10)
(1.2034058 0.0013848188 1.3208831e-09)
(1.1061238 0.0083200396 -2.071157e-09)
(0.97872265 0.020640401 3.4557682e-09)
(0.80636367 0.042621064 -6.3413387e-09)
(0.60319675 0.011780071 -1.7119937e-06)
(0.23787878 0.025657876 0.00020131941)
(0.00017980184 -0.048386268 8.8282268e-06)
(-0.053465031 -0.26892548 6.4411855e-06)
(-0.15328984 -0.29073249 2.7960065e-08)
(-0.2154334 -0.31605581 1.4799981e-08)
(-0.26687584 -0.33670708 1.4316481e-08)
(-0.30725897 -0.34204726 1.3719309e-08)
(-0.33908804 -0.32678828 1.2171264e-08)
(-0.36152778 -0.28576149 1.0196965e-08)
(-0.37324553 -0.21096289 9.0225145e-09)
(-0.36919262 -0.10062737 1.0059259e-08)
(-0.3469501 0.041287612 1.4490835e-08)
(-0.30902101 0.20350638 2.1941897e-08)
(-0.25796234 0.37116703 3.0158683e-08)
(-0.19850152 0.53002908 3.5860552e-08)
(-0.13739301 0.66651769 3.6415593e-08)
(-0.080695611 0.77319997 3.2081508e-08)
(-0.02942382 0.84770613 2.5650527e-08)
(0.020791264 0.88740992 1.8964542e-08)
(0.075987794 0.88724276 1.4596054e-08)
(0.14131041 0.85262651 1.2218057e-08)
(0.21724399 0.78107612 9.8921441e-09)
(0.31353746 0.65157114 6.0631046e-09)
(0.45245917 0.45832956 -2.9013207e-10)
(0.60248115 0.23966209 -9.6126093e-09)
(0.74498907 0.016411094 -2.1379439e-08)
(0.87887116 -0.20152095 -3.4022487e-08)
(1.0015083 -0.40051545 -4.4001211e-08)
(1.1091231 -0.56590279 -4.7038088e-08)
(1.1987998 -0.68579555 -4.2507534e-08)
(1.2682682 -0.75827838 -3.4249904e-08)
(1.3176391 -0.7928076 -2.5723651e-08)
(1.349813 -0.80052981 -1.9145653e-08)
(1.3671775 -0.78553677 -1.3984838e-08)
(1.3711844 -0.74600291 -7.8400774e-09)
(1.3658126 -0.68668919 -2.514692e-09)
(1.3555607 -0.61752606 -2.4763626e-09)
(1.3392267 -0.55232313 -6.8333698e-09)
(1.3132836 -0.50849435 -8.4253183e-09)
(1.2802518 -0.490766 -1.4534957e-09)
(1.2492572 -0.48409061 1.1825337e-08)
(1.2280246 -0.46510008 2.3376621e-08)
(1.2196485 -0.41773453 2.7432152e-08)
(1.2303225 -0.30953719 2.3962347e-08)
(1.2632354 -0.146032 1.5363521e-08)
(1.3123516 0.050886077 4.2119706e-09)
(1.3714303 0.25824014 -8.1651117e-09)
(1.4322337 0.44964215 -1.9370875e-08)
(1.4868788 0.60165171 -2.6537805e-08)
(1.5296567 0.70027165 -2.8605776e-08)
(1.5582021 0.74606468 -2.7179664e-08)
(1.5736461 0.75456184 -2.451908e-08)
(1.5785413 0.74717636 -2.2713589e-08)
(1.5757423 0.7173765 -1.965178e-08)
(1.5587273 0.6476564 -1.4559118e-08)
(1.5363463 0.56824275 -9.7859135e-09)
(1.513698 0.49211157 -5.6268089e-09)
(1.4954123 0.425655 -2.3512425e-09)
(1.4852338 0.37147244 -4.3266629e-10)
(1.4844157 0.32931682 -1.7374926e-10)
(1.4925549 0.2956285 -1.5221129e-09)
(1.50822 0.26332536 -4.1363741e-09)
(1.5286352 0.2237013 -7.5071677e-09)
(1.550292 0.17022491 -1.1055401e-08)
(1.5700944 0.099108732 -1.4114166e-08)
(1.5867548 0.0082180652 -1.5825346e-08)
(1.6003101 -0.10355688 -1.5437843e-08)
(1.6122634 -0.23405916 -1.2875909e-08)
(1.6237854 -0.37420726 -8.9159905e-09)
(1.6329743 -0.50727266 -4.7440888e-09)
(1.635864 -0.61284768 -1.3351601e-09)
(1.6297968 -0.67449725 7.8760465e-10)
(1.6184318 -0.6919296 1.5739234e-09)
(1.6087726 -0.68548945 1.5603169e-09)
(1.5829452 -0.6482142 1.0556273e-09)
(1.5427166 -0.57342008 4.8203625e-10)
(1.5099336 -0.49355203 5.3862446e-10)
(1.4854431 -0.41642975 1.2193199e-09)
(1.4699213 -0.3447788 2.2724483e-09)
(1.4638375 -0.27863549 3.4165635e-09)
(1.4664961 -0.21647499 4.4409514e-09)
(1.4764669 -0.15608783 5.2052329e-09)
(1.4919858 -0.095479112 5.6378134e-09)
(1.5109135 -0.033888423 5.7854974e-09)
(1.5307848 0.027999867 5.8909235e-09)
(1.549378 0.089097003 6.2912527e-09)
(1.5657014 0.14977264 7.146583e-09)
(1.5802995 0.21263892 8.1854734e-09)
(1.5941064 0.28023476 8.8267268e-09)
(1.6068309 0.35076147 8.6428279e-09)
(1.615632 0.4164301 7.7572668e-09)
(1.6172545 0.46860248 6.6335256e-09)
(1.6124727 0.50085434 4.9720951e-09)
(1.6011389 0.5116987 3.0151572e-09)
(1.5865769 0.50651248 1.4115338e-09)
(1.5641161 0.48422337 -4.9765274e-10)
(1.5428699 0.45095791 -2.2726599e-09)
(1.5269628 0.4099561 -3.8556562e-09)
(1.5170736 0.36272048 -5.2461523e-09)
(1.512694 0.30933714 -6.4569126e-09)
(1.5128674 0.24976516 -7.4698776e-09)
(1.5163998 0.18426214 -8.1837841e-09)
(1.52214 0.11367956 -8.4690195e-09)
(1.5290794 0.039704505 -8.3076303e-09)
(1.5363677 -0.035133602 -7.8446407e-09)
(1.5434743 -0.10809239 -7.2671476e-09)
(1.5503793 -0.17717654 -6.6509895e-09)
(1.5574752 -0.24137099 -5.9299739e-09)
(1.5651151 -0.2999182 -5.0159624e-09)
(1.5729204 -0.35155452 -3.9644531e-09)
(1.5786623 -0.39381863 -2.8988293e-09)
(1.5802833 -0.42281165 -1.5793743e-09)
(1.5774465 -0.43545538 1.3894317e-10)
(1.5738005 -0.43636417 1.146167e-09)
(1.5695029 -0.43039106 1.8916882e-09)
(1.5599979 -0.411498 2.7800498e-09)
(1.5472714 -0.38030885 3.3447387e-09)
(1.5366735 -0.34289419 3.396433e-09)
(1.528372 -0.30041434 3.0593478e-09)
(1.5223813 -0.25345754 2.5143961e-09)
(1.5187086 -0.20226456 1.9748385e-09)
(1.51706 -0.14725042 1.64302e-09)
(1.5170191 -0.089296495 1.6474903e-09)
(1.5182727 -0.029519003 1.9709312e-09)
(1.5207769 0.030963287 2.4651838e-09)
(1.5248619 0.091322292 2.887227e-09)
(1.5310994 0.15086026 3.0604383e-09)
(1.5400115 0.20860395 2.915914e-09)
(1.5512837 0.26313987 2.5604697e-09)
(1.5631347 0.31231509 2.0684525e-09)
(1.5728217 0.35196584 1.3661833e-09)
(1.5795194 0.37672513 3.5708035e-10)
(1.5837021 0.38517304 -6.1551031e-10)
(1.5851018 0.38491327 -9.469972e-10)
(1.5860866 0.37991358 -1.234517e-09)
(1.5862705 0.3652846 -1.6182907e-09)
(1.5850947 0.33820335 -2.1675354e-09)
(1.5834165 0.30440572 -2.7834825e-09)
(1.5814465 0.26491967 -3.3787778e-09)
(1.5794371 0.22064673 -3.8609304e-09)
(1.577519 0.17252457 -4.2545329e-09)
(1.5756514 0.1216084 -4.5967447e-09)
(1.5737724 0.069082072 -4.9117708e-09)
(1.5719772 0.016318855 -5.1808594e-09)
(1.5703397 -0.035370945 -5.3641936e-09)
(1.5689048 -0.084953218 -5.4225175e-09)
(1.5681418 -0.13192428 -5.3261895e-09)
(1.5688228 -0.17629493 -5.0831356e-09)
(1.5716457 -0.21832906 -4.7338221e-09)
(1.5763144 -0.25793827 -4.3327793e-09)
(1.5815294 -0.29339899 -3.8673936e-09)
(1.586163 -0.32017643 -3.2844948e-09)
(1.5897845 -0.3335655 -2.6827112e-09)
(1.5917838 -0.33571145 -2.3433276e-09)
(1.5924891 -0.33364469 -2.2160462e-09)
(1.5927484 -0.32578678 -2.0750565e-09)
(1.5908268 -0.30595175 -1.9382471e-09)
(1.5878032 -0.27599042 -1.8084746e-09)
(1.5843885 -0.23978423 -1.7137071e-09)
(1.5807373 -0.19877011 -1.6681309e-09)
(1.5769468 -0.15449932 -1.6683854e-09)
(1.5732567 -0.10837529 -1.6868406e-09)
(1.5700751 -0.061480076 -1.6866342e-09)
(1.5676554 -0.014961062 -1.605533e-09)
(1.5661613 0.030091925 -1.3877696e-09)
(1.5656206 0.072822697 -1.0325569e-09)
(1.5663275 0.11270705 -5.8929941e-10)
(1.568706 0.14956552 -1.0835381e-10)
(1.5729999 0.18369504 3.962434e-10)
(1.5787237 0.21544077 8.7452075e-10)
(1.5851039 0.2437845 1.15454e-09)
(1.5917173 0.26550064 1.0334065e-09)
(1.5975054 0.27737904 5.8286426e-10)
(1.6017897 0.28043552 1.0630348e-10)
(1.604478 0.27859423 -2.0533345e-10)
(1.6068507 0.27228572 -4.6572902e-10)
(1.6092469 0.25700475 -8.8726375e-10)
(1.610386 0.23377092 -1.4268218e-09)
(1.6100822 0.20453321 -2.0350875e-09)
(1.6086055 0.17036675 -2.6501232e-09)
(1.6062842 0.13221854 -3.1451293e-09)
(1.6035356 0.091461627 -3.5145046e-09)
(1.600589 0.04904755 -3.756659e-09)
(1.5978177 0.0063202948 -3.8731376e-09)
(1.5953484 -0.035821276 -3.8746584e-09)
(1.5931712 -0.076179416 -3.80831e-09)
(1.5912471 -0.11408824 -3.6779861e-09)
(1.589776 -0.14843008 -3.5080109e-09)
(1.5889006 -0.17924766 -3.2860131e-09)
(1.5886216 -0.20642269 -3.0395829e-09)
(1.5888311 -0.23040059 -2.768825e-09)
(1.5890844 -0.25001482 -2.4935542e-09)
(1.5893884 -0.26362689 -2.1711982e-09)
(1.5889545 -0.26987841 -1.8487038e-09)
(1.5887923 -0.27023266 -1.7058714e-09)
(1.5868684 -0.2649831 -1.6297945e-09)
(1.4960697 0.0024596141 -5.0148929e-11)
(1.4912529 0.0068630579 9.1324875e-11)
(1.4818867 0.011155245 -1.0918737e-10)
(1.4671874 0.015798964 1.6784884e-10)
(1.4469198 0.021089728 -2.1579606e-10)
(1.419917 0.027569256 3.1024608e-10)
(1.3855677 0.035884732 -4.1556399e-10)
(1.3416475 0.047048939 5.951207e-10)
(1.2868559 0.062547264 -8.455582e-10)
(1.2171289 0.084333514 1.2855151e-09)
(1.1298436 0.11646227 -2.0421204e-09)
(1.0171452 0.16320893 3.5274304e-09)
(0.87265749 0.23722728 -6.5792319e-09)
(0.67377654 0.28084177 -9.9580734e-06)
(0.37961357 0.41626685 8.5341069e-05)
(0.020256569 0.087360245 2.4857959e-05)
(0.0029516542 -0.048054199 2.8009973e-05)
(-0.065087631 -0.18926403 3.4997177e-06)
(-0.17140135 -0.21859888 2.5429342e-08)
(-0.23539599 -0.25586441 1.427411e-08)
(-0.29222152 -0.28719792 1.4363698e-08)
(-0.33915559 -0.30586024 1.518863e-08)
(-0.37649464 -0.30153135 1.4754741e-08)
(-0.40815372 -0.26634791 1.3956038e-08)
(-0.42932066 -0.20117975 1.3103017e-08)
(-0.43751211 -0.10563232 1.2868038e-08)
(-0.42895315 0.016078254 1.3727923e-08)
(-0.40353716 0.15641289 1.5738806e-08)
(-0.36327865 0.3071969 1.8193736e-08)
(-0.31038235 0.45743618 2.0000963e-08)
(-0.24551639 0.59030143 2.0303333e-08)
(-0.17311966 0.69596013 1.9151189e-08)
(-0.095129613 0.77066102 1.7440946e-08)
(-0.011142458 0.81088887 1.5820007e-08)
(0.07976008 0.81399218 1.4730887e-08)
(0.18269186 0.76974507 1.3754593e-08)
(0.31629915 0.66282732 1.2412974e-08)
(0.48463001 0.49455943 9.3951833e-09)
(0.65280752 0.30017368 2.7756202e-09)
(0.81030892 0.091714214 -8.0078536e-09)
(0.95589737 -0.12116306 -2.1848208e-08)
(1.0878077 -0.32588259 -3.6065469e-08)
(1.2015972 -0.50936569 -4.6590763e-08)
(1.2931959 -0.65690539 -4.8400085e-08)
(1.3618139 -0.75593825 -4.0274286e-08)
(1.4072332 -0.80694915 -2.9338922e-08)
(1.4334798 -0.82142692 -2.0088389e-08)
(1.443767 -0.81392942 -1.3904983e-08)
(1.442774 -0.78983764 -9.7538854e-09)
(1.4261008 -0.73532734 -3.8621679e-09)
(1.4019321 -0.66963835 1.2469672e-09)
(1.3766836 -0.59715061 1.8220861e-09)
(1.3496731 -0.52628534 -2.8975437e-09)
(1.316452 -0.47484038 -6.8113221e-09)
(1.2756355 -0.4534928 -2.55701e-09)
(1.2333941 -0.45185198 9.8753183e-09)
(1.1988074 -0.44394918 2.2693358e-08)
(1.1771539 -0.40832655 2.8044499e-08)
(1.1712061 -0.32115024 2.4225345e-08)
(1.1861903 -0.17631781 1.394069e-08)
(1.2202286 0.0054223587 1.6125374e-09)
(1.2687041 0.2031514 -1.0499192e-08)
(1.325441 0.39194556 -2.0682773e-08)
(1.3833066 0.54836253 -2.7343796e-08)
(1.4358526 0.65705068 -2.9938301e-08)
(1.4781559 0.71681018 -2.9416889e-08)
(1.5077917 0.73984478 -2.7386213e-08)
(1.5272727 0.73768338 -2.4769263e-08)
(1.5377823 0.71573228 -2.1999924e-08)
(1.5387251 0.65952647 -1.7922045e-08)
(1.5304957 0.58488153 -1.3926019e-08)
(1.5209441 0.50844037 -9.814832e-09)
(1.513066 0.43734849 -5.5554361e-09)
(1.5093186 0.37572667 -2.4886017e-09)
(1.5120677 0.32497445 -9.1931705e-10)
(1.5220382 0.2831407 -9.360401e-10)
(1.538694 0.2444731 -2.3724436e-09)
(1.5600556 0.20162472 -4.8716316e-09)
(1.5830527 0.14828737 -7.9381428e-09)
(1.6045335 0.079786044 -1.0797323e-08)
(1.6233515 -0.0077784812 -1.2354798e-08)
(1.6402506 -0.11753257 -1.1730868e-08)
(1.6565413 -0.24719933 -9.0136167e-09)
(1.6718815 -0.38556039 -5.2457211e-09)
(1.6821091 -0.51306589 -1.670741e-09)
(1.6816029 -0.60961139 8.6735834e-10)
(1.6688391 -0.66314752 2.10486e-09)
(1.6473151 -0.6758931 2.1577941e-09)
(1.620304 -0.65887449 1.5579747e-09)
(1.5720003 -0.60355713 6.1056857e-10)
(1.5252914 -0.53321661 3.3356228e-10)
(1.4872495 -0.46148019 9.8963053e-10)
(1.4591502 -0.39433231 2.3204897e-09)
(1.4420947 -0.33323601 3.8558988e-09)
(1.4360686 -0.27707998 5.1900097e-09)
(1.4397491 -0.22345817 6.1152437e-09)
(1.4511486 -0.16970507 6.6063122e-09)
(1.4681373 -0.11365484 6.7368354e-09)
(1.4884996 -0.054337127 6.6356754e-09)
(1.5099498 0.007586435 6.5343049e-09)
(1.5302064 0.070575448 6.7637827e-09)
(1.5477187 0.13378088 7.5578522e-09)
(1.5623708 0.19854121 8.7508585e-09)
(1.5752263 0.26713995 9.7487932e-09)
(1.5872819 0.3392828 9.9757349e-09)
(1.597473 0.40935816 9.349713e-09)
(1.602601 0.46771441 8.1459686e-09)
(1.6008121 0.50605426 6.3559051e-09)
(1.5927943 0.5213021 4.2005332e-09)
(1.5855414 0.51998172 2.8210566e-09)
(1.5746395 0.50530175 1.3591238e-09)
(1.5555171 0.46890156 -6.3605258e-10)
(1.5403867 0.42254488 -2.3877749e-09)
(1.5308603 0.36976897 -3.8602952e-09)
(1.5264109 0.31150282 -5.0695107e-09)
(1.5264693 0.24794315 -5.9967708e-09)
(1.5301159 0.17952192 -6.5416499e-09)
(1.5363449 0.10706447 -6.6447533e-09)
(1.5441391 0.032154348 -6.4202717e-09)
(1.5525522 -0.04291899 -6.1019163e-09)
(1.5609879 -0.11582473 -5.8357284e-09)
(1.5694065 -0.18499038 -5.5597976e-09)
(1.5779835 -0.24948603 -5.1055819e-09)
(1.586082 -0.30792061 -4.3798308e-09)
(1.5922222 -0.35760919 -3.4135627e-09)
(1.5946005 -0.395864 -2.3050875e-09)
(1.5922726 -0.42112624 -1.0483067e-09)
(1.5861544 -0.43163414 4.8324374e-10)
(1.5793575 -0.43044988 1.6954518e-09)
(1.5681246 -0.41971901 2.6541074e-09)
(1.5517631 -0.39713857 3.3188056e-09)
(1.5368994 -0.36756823 3.3922882e-09)
(1.5247319 -0.33259886 2.9716828e-09)
(1.515426 -0.29285532 2.2196412e-09)
(1.5088662 -0.2483809 1.3314535e-09)
(1.5046896 -0.19926083 5.1982865e-10)
(1.5023643 -0.14593795 -9.3048334e-13)
(1.5014043 -0.089298818 -7.199189e-11)
(1.5014584 -0.030639233 3.2985672e-10)
(1.5023979 0.028632587 1.0598688e-09)
(1.5045631 0.087286448 1.8404503e-09)
(1.5086657 0.14442927 2.4261678e-09)
(1.5154266 0.1994992 2.7004715e-09)
(1.5248184 0.25203614 2.7075236e-09)
(1.5359953 0.30063451 2.4606634e-09)
(1.5480049 0.34136559 1.8668319e-09)
(1.5594735 0.36878687 9.574399e-10)
(1.5680737 0.38101186 6.7896448e-11)
(1.5735273 0.38235245 -5.3454977e-10)
(1.5772399 0.37768184 -8.9366792e-10)
(1.5800503 0.36429573 -1.2626404e-09)
(1.5817281 0.33794205 -1.7565475e-09)
(1.5823238 0.3043704 -2.1994888e-09)
(1.5830287 0.26496006 -2.6022437e-09)
(1.5837793 0.22075127 -2.9924557e-09)
(1.5844302 0.17282507 -3.3547209e-09)
(1.5848678 0.12222326 -3.721151e-09)
(1.585024 0.07001076 -4.074828e-09)
(1.5849269 0.017326417 -4.3456514e-09)
(1.58474 -0.034555931 -4.4967695e-09)
(1.5848384 -0.084708209 -4.5087191e-09)
(1.5856991 -0.13283033 -4.3812086e-09)
(1.5879244 -0.17892068 -4.1045808e-09)
(1.5916136 -0.22261942 -3.7496621e-09)
(1.5960629 -0.26288481 -3.4007945e-09)
(1.5998342 -0.29746689 -3.0587311e-09)
(1.6015 -0.32259739 -2.6518646e-09)
(1.6013488 -0.33468464 -2.2415151e-09)
(1.6009031 -0.33617644 -2.0612934e-09)
(1.60025 -0.33357615 -1.9887116e-09)
(1.5982514 -0.32435097 -1.8807367e-09)
(1.5930282 -0.3018021 -1.7504501e-09)
(1.5858182 -0.27057627 -1.692388e-09)
(1.5781875 -0.23390389 -1.7072325e-09)
(1.5706433 -0.19300193 -1.7783187e-09)
(1.5636732 -0.14914943 -1.8886612e-09)
(1.5575246 -0.10358875 -2.0137106e-09)
(1.5523346 -0.057512233 -2.1116209e-09)
(1.548256 -0.012051072 -2.1217521e-09)
(1.5453768 0.031836267 -1.9935196e-09)
(1.5437342 0.073269705 -1.7136816e-09)
(1.5435844 0.11156028 -1.303707e-09)
(1.5452486 0.14651991 -7.8553152e-10)
(1.5488859 0.17872943 -1.7813935e-10)
(1.5545587 0.20886036 4.426292e-10)
(1.5622648 0.23606045 9.0229924e-10)
(1.5712986 0.2574775 1.028703e-09)
(1.5802607 0.27062083 8.38084e-10)
(1.5876335 0.27583205 5.0834995e-10)
(1.5933697 0.27519272 1.8870614e-10)
(1.5984787 0.26902167 -1.1222789e-10)
(1.6031587 0.25430828 -5.0026446e-10)
(1.6064492 0.23210452 -9.5062107e-10)
(1.6083624 0.20364164 -1.3820231e-09)
(1.6097327 0.17022028 -1.7657004e-09)
(1.6104157 0.13277513 -2.1432294e-09)
(1.6105522 0.092681862 -2.4730046e-09)
(1.6099499 0.050710536 -2.7357766e-09)
(1.608952 0.0083275562 -2.9230517e-09)
(1.607233 -0.033878261 -3.019322e-09)
(1.6054611 -0.074197145 -3.0481455e-09)
(1.6034003 -0.11238732 -3.000782e-09)
(1.6016864 -0.14696011 -2.8981597e-09)
(1.6001495 -0.17846163 -2.7241861e-09)
(1.5991467 -0.20589197 -2.5201733e-09)
(1.5982786 -0.22994201 -2.2771702e-09)
(1.5968933 -0.24931644 -2.0921076e-09)
(1.5954291 -0.26278516 -1.8419914e-09)
(1.5928686 -0.26894242 -1.5799759e-09)
(1.5915758 -0.26928635 -1.4288293e-09)
(1.585923 -0.26265846 -1.3061449e-09)
(1.485408 0.0046115716 -3.1662523e-11)
(1.4809446 0.013558225 6.0323593e-11)
(1.472457 0.022607787 -7.9504391e-11)
(1.4589581 0.032422262 1.269783e-10)
(1.4406734 0.04340442 -1.7363601e-10)
(1.4160855 0.056589572 2.5325788e-10)
(1.3857535 0.072578282 -3.4073034e-10)
(1.3466523 0.09346572 4.6657976e-10)
(1.3002379 0.12022216 -5.911119e-10)
(1.2405412 0.15763701 6.9503888e-10)
(1.1720891 0.20711406 -5.8223141e-10)
(1.0820231 0.28169383 -2.3046383e-10)
(0.98525795 0.38120631 3.5185703e-09)
(0.8498313 0.55259509 -1.5414809e-08)
(0.64198132 0.71863012 -8.8038167e-06)
(0.24713792 0.47814946 -0.00048093746)
(-0.02012863 -0.035068386 4.3035086e-05)
(-0.10576498 -0.10773451 2.869873e-08)
(-0.16257159 -0.15431969 2.1565554e-08)
(-0.21296716 -0.19888656 9.6182986e-09)
(-0.26027304 -0.23558853 9.4127555e-09)
(-0.30534653 -0.25720078 1.2340525e-08)
(-0.3466848 -0.25816519 1.5147223e-08)
(-0.38076754 -0.23441546 1.6719989e-08)
(-0.40463286 -0.18269438 1.6999234e-08)
(-0.41537564 -0.10205786 1.6586456e-08)
(-0.41073934 0.0052053112 1.6274406e-08)
(-0.38889463 0.1336543 1.6576774e-08)
(-0.34962445 0.27007271 1.7349496e-08)
(-0.29452031 0.40249814 1.8075076e-08)
(-0.22516566 0.52251775 1.8454602e-08)
(-0.14329674 0.62075046 1.8541059e-08)
(-0.048743612 0.68782968 1.8549862e-08)
(0.061749729 0.71504925 1.8761993e-08)
(0.1970488 0.69155783 1.9379993e-08)
(0.36380337 0.60934069 1.9999207e-08)
(0.54700621 0.48006346 1.8941718e-08)
(0.72563845 0.32099194 1.40378e-08)
(0.89208237 0.13962587 3.8831359e-09)
(1.0449662 -0.05563956 -1.115079e-08)
(1.1834593 -0.25421078 -2.7769535e-08)
(1.3039324 -0.44155274 -4.1481336e-08)
(1.4013469 -0.60271775 -4.8854575e-08)
(1.4701976 -0.72605885 -4.7035104e-08)
(1.5110618 -0.80142546 -3.4807885e-08)
(1.5291611 -0.82809696 -1.9899299e-08)
(1.5307442 -0.82769175 -1.4471038e-08)
(1.5246958 -0.81386943 -9.4018643e-09)
(1.5008608 -0.76992516 -3.949306e-09)
(1.4622959 -0.7042116 4.3914754e-10)
(1.4236292 -0.63670482 3.9545068e-09)
(1.3865881 -0.56457205 4.5855218e-09)
(1.3504776 -0.49169568 3.4435313e-11)
(1.3108036 -0.43467444 -5.4460324e-09)
(1.264169 -0.40839528 -3.8020852e-09)
(1.2136023 -0.40829702 7.3713292e-09)
(1.1672912 -0.40996565 2.1366113e-08)
(1.1323956 -0.38579274 2.8786525e-08)
(1.1130202 -0.31609735 2.5763144e-08)
(1.1126625 -0.19144275 1.4639141e-08)
(1.132921 -0.0279173 9.0229896e-10)
(1.1705658 0.15579539 -1.1844551e-08)
(1.2214835 0.33602293 -2.1840044e-08)
(1.2793736 0.49054863 -2.8285829e-08)
(1.3375502 0.60419939 -3.1146629e-08)
(1.3896576 0.67416037 -3.1216693e-08)
(1.4316154 0.70867837 -2.9627982e-08)
(1.463508 0.71734726 -2.7190511e-08)
(1.4875374 0.70107051 -2.4255096e-08)
(1.5049906 0.6539225 -2.0467048e-08)
(1.51324 0.58603256 -1.6158226e-08)
(1.5143326 0.5102755 -1.2002927e-08)
(1.5155526 0.43706778 -8.25787e-09)
(1.5195491 0.3722415 -4.6248944e-09)
(1.5269836 0.3164283 -2.0910426e-09)
(1.5394331 0.26870994 -9.7181611e-10)
(1.5570151 0.22490503 -1.2967371e-09)
(1.5783938 0.17922183 -2.8978071e-09)
(1.6010233 0.12577493 -5.3365691e-09)
(1.6228145 0.059073007 -7.677848e-09)
(1.6435389 -0.026753545 -8.6662484e-09)
(1.6645745 -0.13598372 -7.5323796e-09)
(1.6864334 -0.26502614 -4.6802554e-09)
(1.7054502 -0.39918629 -1.3650306e-09)
(1.7135478 -0.51703217 1.1309609e-09)
(1.7075071 -0.60095781 2.5876809e-09)
(1.6855624 -0.64207707 2.9135988e-09)
(1.6529307 -0.64388985 2.2476962e-09)
(1.6029903 -0.60966572 9.9409913e-10)
(1.5466225 -0.55299698 2.0434586e-10)
(1.4953569 -0.48862612 5.7464631e-10)
(1.4536697 -0.42649604 2.0266425e-09)
(1.4239903 -0.37090215 3.9838147e-09)
(1.4070328 -0.3217391 5.754467e-09)
(1.4019965 -0.27650079 6.875617e-09)
(1.4069454 -0.23185742 7.2366273e-09)
(1.4194724 -0.1847361 7.0095932e-09)
(1.4372113 -0.13299155 6.4842291e-09)
(1.4580149 -0.075799868 5.9372325e-09)
(1.4799163 -0.013906131 5.6237472e-09)
(1.5007948 0.050957803 5.8269482e-09)
(1.5188957 0.11720816 6.7315665e-09)
(1.5336749 0.18484772 8.1998178e-09)
(1.5458587 0.25518356 9.6760981e-09)
(1.5566763 0.32836972 1.0547181e-08)
(1.5662736 0.40074007 1.0622879e-08)
(1.5729095 0.46431707 9.6774156e-09)
(1.5741529 0.50830835 7.5368553e-09)
(1.5718864 0.52566531 4.9432606e-09)
(1.5703954 0.52558237 3.9098415e-09)
(1.5656088 0.51607831 2.8326574e-09)
(1.5553139 0.485032 1.1085493e-09)
(1.5428517 0.43484436 -6.164889e-10)
(1.5352427 0.37727738 -1.9361978e-09)
(1.5325947 0.31388461 -3.1765779e-09)
(1.5338237 0.24625649 -4.2089033e-09)
(1.5384622 0.17460561 -4.7365507e-09)
(1.54577 0.099885323 -4.8602332e-09)
(1.5546796 0.02372986 -4.8391596e-09)
(1.5642566 -0.051739965 -4.9043455e-09)
(1.5739644 -0.12475304 -5.0568746e-09)
(1.5835549 -0.19405658 -5.0793624e-09)
(1.5924316 -0.25805214 -4.7414978e-09)
(1.5988302 -0.3141038 -4.0097297e-09)
(1.601513 -0.36042522 -3.0510347e-09)
(1.6010706 -0.39512129 -1.8321468e-09)
(1.5959497 -0.41533813 -3.0883497e-10)
(1.5848832 -0.42207694 1.1884568e-09)
(1.5693927 -0.41707168 2.4626654e-09)
(1.5512304 -0.40261928 3.243192e-09)
(1.5328631 -0.38089511 3.3866296e-09)
(1.5167284 -0.35354122 2.922816e-09)
(1.5037902 -0.32148281 2.0095573e-09)
(1.4941362 -0.28468824 8.6014481e-10)
(1.4873944 -0.24282438 -3.1792529e-10)
(1.482954 -0.19578188 -1.3316263e-09)
(1.4801553 -0.1439616 -1.9881524e-09)
(1.4784298 -0.088333763 -2.1235328e-09)
(1.4774154 -0.030451079 -1.6814781e-09)
(1.4770387 0.027916883 -7.7937889e-10)
(1.477659 0.085130046 3.1524449e-10)
(1.4799813 0.14010981 1.3231489e-09)
(1.4846966 0.19260909 2.0689263e-09)
(1.4920642 0.24274713 2.4930006e-09)
(1.5019288 0.28940831 2.5474875e-09)
(1.5138339 0.32895316 2.1918266e-09)
(1.5266437 0.35685368 1.5166024e-09)
(1.5386085 0.37159466 7.5173869e-10)
(1.5484624 0.3759349 9.6772723e-11)
(1.5564816 0.37247947 -4.0105695e-10)
(1.5636584 0.35964384 -8.4220674e-10)
(1.5696598 0.33535914 -1.3132673e-09)
(1.5738231 0.30274551 -1.7589591e-09)
(1.5768955 0.26358179 -2.1626209e-09)
(1.5794479 0.21942247 -2.5254595e-09)
(1.5816847 0.17150502 -2.8452005e-09)
(1.5837718 0.12089933 -3.1133415e-09)
(1.585862 0.068819962 -3.3503054e-09)
(1.5876267 0.016498996 -3.5631869e-09)
(1.5889594 -0.035204901 -3.6960463e-09)
(1.5904275 -0.085701176 -3.7014599e-09)
(1.592793 -0.13483923 -3.5643151e-09)
(1.596326 -0.1822966 -3.3032341e-09)
(1.6005864 -0.22691353 -2.9642817e-09)
(1.6044224 -0.26657548 -2.7005189e-09)
(1.606867 -0.29943334 -2.5201821e-09)
(1.6070377 -0.32278917 -2.2448547e-09)
(1.6045845 -0.33379075 -1.9350632e-09)
(1.6024101 -0.33499936 -1.7746937e-09)
(1.5991871 -0.33110394 -1.6741687e-09)
(1.590824 -0.31790754 -1.6055978e-09)
(1.5783181 -0.29258687 -1.5998416e-09)
(1.5665396 -0.26106221 -1.6577334e-09)
(1.5555147 -0.22460372 -1.7710915e-09)
(1.545335 -0.18431566 -1.9360738e-09)
(1.5362396 -0.14135518 -2.1426437e-09)
(1.5283531 -0.096888265 -2.3651903e-09)
(1.5217506 -0.052044853 -2.5585432e-09)
(1.5165214 -0.0078564249 -2.6636268e-09)
(1.5127529 0.03463437 -2.6284875e-09)
(1.5105716 0.07453569 -2.4260453e-09)
(1.5101619 0.11111399 -2.0541942e-09)
(1.5116189 0.1442487 -1.5208913e-09)
(1.5149754 0.17451358 -8.5472295e-10)
(1.5203515 0.20242863 -1.4553656e-10)
(1.5279178 0.2273753 4.5058594e-10)
(1.5374628 0.24742147 7.9452984e-10)
(1.5479965 0.26077314 8.6274554e-10)
(1.5583279 0.26733098 7.386379e-10)
(1.5677805 0.267855 5.1927656e-10)
(1.5767862 0.26203391 2.3843276e-10)
(1.585113 0.24875386 -1.1032602e-10)
(1.5919336 0.22820084 -5.0242585e-10)
(1.5971609 0.20105876 -9.0268426e-10)
(1.6010886 0.16853125 -1.2794178e-09)
(1.6037261 0.13165857 -1.61899e-09)
(1.6056907 0.092074653 -1.9006706e-09)
(1.6068162 0.050548748 -2.1131876e-09)
(1.6075469 0.008884193 -2.2751993e-09)
(1.6073015 -0.032866572 -2.3951417e-09)
(1.6066513 -0.072606526 -2.4749271e-09)
(1.6052485 -0.11085342 -2.4734941e-09)
(1.6038718 -0.14527872 -2.4097757e-09)
(1.6023996 -0.17733192 -2.2436186e-09)
(1.601161 -0.20468641 -2.0807343e-09)
(1.5998511 -0.22907525 -1.8604375e-09)
(1.5974723 -0.24699259 -1.6033482e-09)
(1.5942156 -0.25990646 -1.3204871e-09)
(1.5886403 -0.26542664 -1.1419591e-09)
(1.5833936 -0.26576231 -9.5019334e-10)
(1.5695197 -0.2554874 -8.6895908e-10)
(1.4675735 0.00659505 4.2479731e-12)
(1.4636988 0.019595295 -2.4603442e-11)
(1.4563754 0.03289311 4.1028436e-11)
(1.4447342 0.047213348 -7.3287888e-11)
(1.429074 0.063178001 1.2839121e-10)
(1.4082655 0.081923442 -2.1381447e-10)
(1.3829503 0.10436088 3.6824343e-10)
(1.3512293 0.13256742 -6.0385469e-10)
(1.314376 0.16814748 9.9702262e-10)
(1.2697105 0.2151769 -1.6168379e-09)
(1.2202084 0.27702893 2.6388454e-09)
(1.1636296 0.36151629 -4.3044301e-09)
(1.1065572 0.47845842 7.0318214e-09)
(1.0540382 0.63615006 -1.3586775e-08)
(0.94904717 0.82111301 2.6936492e-05)
(0.84807292 0.99966896 -0.00017684679)
(-0.016050516 0.018826001 5.1521003e-05)
(-0.057643882 0.00080657429 7.7009306e-06)
(-0.084745861 -0.06378769 1.6417805e-08)
(-0.11041804 -0.11431325 4.6445695e-09)
(-0.13620455 -0.16117521 -5.3287116e-09)
(-0.16216166 -0.19906113 -6.576286e-09)
(-0.18847389 -0.22254788 -2.7489585e-09)
(-0.21469415 -0.22687788 3.4433023e-09)
(-0.23963474 -0.20813308 9.9034421e-09)
(-0.26118856 -0.16459494 1.5034594e-08)
(-0.27518942 -0.096608036 1.8145849e-08)
(-0.27635561 -0.0060479258 1.9555153e-08)
(-0.26144885 0.10443602 2.0081062e-08)
(-0.2263953 0.22364446 2.0502173e-08)
(-0.16792234 0.33899453 2.1100971e-08)
(-0.087642958 0.43982981 2.1817288e-08)
(0.016141643 0.51530569 2.2737791e-08)
(0.1439986 0.55566575 2.3903484e-08)
(0.29631701 0.55318057 2.5202315e-08)
(0.46764083 0.50647388 2.599722e-08)
(0.64622905 0.42104924 2.5021129e-08)
(0.82260234 0.30208971 2.0474016e-08)
(0.98908721 0.15551845 1.0460866e-08)
(1.1439163 -0.012168912 -5.2823344e-09)
(1.2860197 -0.1930158 -2.3831806e-08)
(1.4113204 -0.37472755 -3.9703505e-08)
(1.5128707 -0.54043835 -4.8120317e-08)
(1.5852207 -0.67461284 -4.8022445e-08)
(1.6255282 -0.76768322 -3.9885802e-08)
(1.6333834 -0.81606323 -2.5273059e-08)
(1.6249314 -0.8271101 -1.4466447e-08)
(1.6109541 -0.8191412 -8.234515e-09)
(1.5780097 -0.78542826 -1.5454044e-09)
(1.527765 -0.72461593 2.3663097e-09)
(1.4789741 -0.65909343 3.4312785e-09)
(1.4312726 -0.59300702 4.7972659e-09)
(1.3857087 -0.52317015 5.2749838e-09)
(1.3425634 -0.45035319 1.5088342e-09)
(1.2977749 -0.38923911 -4.4276326e-09)
(1.2467959 -0.35748776 -4.858493e-09)
(1.1903094 -0.35603891 4.6204196e-09)
(1.1349506 -0.36422121 1.925506e-08)
(1.0885556 -0.35223269 2.9194565e-08)
(1.0569811 -0.29759939 2.8212677e-08)
(1.0442357 -0.19340361 1.7575818e-08)
(1.0524397 -0.049593339 2.893894e-09)
(1.0801356 0.11668496 -1.0942122e-08)
(1.1241404 0.28381946 -2.1559452e-08)
(1.1795405 0.43146729 -2.8379249e-08)
(1.2396915 0.54548627 -3.1714785e-08)
(1.2976299 0.62205665 -3.236966e-08)
(1.3484658 0.665953 -3.1257031e-08)
(1.3913649 0.68278019 -2.9094701e-08)
(1.428327 0.67262576 -2.6226813e-08)
(1.4594295 0.63427317 -2.265303e-08)
(1.4827333 0.57515169 -1.8437834e-08)
(1.4978243 0.50475222 -1.3990255e-08)
(1.5083405 0.43222947 -9.702497e-09)
(1.5183689 0.3641882 -5.9331818e-09)
(1.5303866 0.30461549 -2.879837e-09)
(1.5453371 0.2526746 -9.7623269e-10)
(1.5636454 0.20515564 -4.6346805e-10)
(1.5842486 0.15738376 -1.3347602e-09)
(1.6055896 0.10380745 -3.099286e-09)
(1.6274798 0.037480975 -4.6281597e-09)
(1.6514013 -0.049242808 -4.6875523e-09)
(1.6783262 -0.15998716 -2.940528e-09)
(1.7051801 -0.28749271 -2.9624585e-10)
(1.7236373 -0.41307456 1.8161677e-09)
(1.7279153 -0.51664479 2.9727895e-09)
(1.7146269 -0.5838125 3.5601426e-09)
(1.6815099 -0.60852885 3.0728544e-09)
(1.6308011 -0.59394481 1.6917696e-09)
(1.5696306 -0.55205997 3.5054036e-10)
(1.507847 -0.49672523 1.3619338e-10)
(1.452998 -0.44019441 1.4053086e-09)
(1.4099664 -0.38984758 3.66423e-09)
(1.380717 -0.3475769 5.9759987e-09)
(1.3650087 -0.31133796 7.4924312e-09)
(1.3611407 -0.27723966 7.8245828e-09)
(1.3667054 -0.24128495 7.0908395e-09)
(1.3791696 -0.20031836 5.7461453e-09)
(1.3962224 -0.15243203 4.326231e-09)
(1.4159583 -0.097048877 3.2495256e-09)
(1.4368419 -0.035037704 2.8051655e-09)
(1.4571464 0.031465735 3.1663377e-09)
(1.4750749 0.10059238 4.4144412e-09)
(1.489909 0.17133168 6.3492469e-09)
(1.5019362 0.24394953 8.4722113e-09)
(1.5120428 0.318636 1.021571e-08)
(1.5208074 0.39290889 1.1083545e-08)
(1.5277906 0.45924615 1.0566669e-08)
(1.5332309 0.50576227 8.3862633e-09)
(1.5375646 0.52496078 5.7689978e-09)
(1.5396282 0.52597072 4.6578175e-09)
(1.5412844 0.51867671 3.7650744e-09)
(1.5389669 0.49371376 2.4564274e-09)
(1.5333353 0.44191408 6.7247183e-10)
(1.5302079 0.38047514 -9.078893e-10)
(1.5303169 0.31338674 -2.096305e-09)
(1.5340906 0.24219127 -2.8655727e-09)
(1.5409389 0.16776645 -3.311563e-09)
(1.5501168 0.091093907 -3.58762e-09)
(1.5606118 0.013884757 -3.9604896e-09)
(1.5715098 -0.061922899 -4.4933554e-09)
(1.5821205 -0.13478206 -4.9498083e-09)
(1.5916355 -0.20306612 -5.021335e-09)
(1.5989401 -0.26449201 -4.6100914e-09)
(1.6037064 -0.3175655 -3.7549277e-09)
(1.6044554 -0.36005802 -2.4428793e-09)
(1.5983896 -0.38907723 -8.6467799e-10)
(1.5852913 -0.40383022 7.1210191e-10)
(1.5670783 -0.40557363 2.1085489e-09)
(1.5460134 -0.39760629 3.0672402e-09)
(1.5243134 -0.3828724 3.3637119e-09)
(1.5041648 -0.36287864 2.9320958e-09)
(1.4871988 -0.33860422 1.9051929e-09)
(1.4739735 -0.31002356 5.3842906e-10)
(1.4642572 -0.27644976 -9.0908808e-10)
(1.4574144 -0.23718489 -2.2447376e-09)
(1.452673 -0.19200744 -3.3284571e-09)
(1.4493255 -0.14139227 -4.0222298e-09)
(1.4468062 -0.086517558 -4.1843462e-09)
(1.4448256 -0.0291988 -3.7368044e-09)
(1.4434152 0.028436983 -2.7477972e-09)
(1.4429199 0.084414367 -1.4360314e-09)
(1.4439168 0.13752697 -7.6794457e-11)
(1.4469772 0.18763981 1.1004726e-09)
(1.4525569 0.23505784 1.9433092e-09)
(1.4610098 0.2789551 2.3534079e-09)
(1.4723467 0.31638887 2.3048751e-09)
(1.4856566 0.34369563 1.8911766e-09)
(1.4991192 0.3594706 1.3007896e-09)
(1.5113326 0.36534379 7.1145947e-10)
(1.5226193 0.36273936 1.9260537e-10)
(1.533857 0.35057981 -2.8971003e-10)
(1.5443838 0.32828186 -7.6350001e-10)
(1.5530475 0.29728383 -1.209696e-09)
(1.5600584 0.2593531 -1.6090655e-09)
(1.5658478 0.21604946 -1.9599091e-09)
(1.5707454 0.16863725 -2.2677902e-09)
(1.5750321 0.11835227 -2.5332909e-09)
(1.578739 0.066490942 -2.7315868e-09)
(1.5819516 0.01429953 -2.8358387e-09)
(1.585029 -0.037430228 -2.8262955e-09)
(1.5884656 -0.088550632 -2.6935627e-09)
(1.5925653 -0.13863182 -2.491164e-09)
(1.5972441 -0.18650102 -2.3384769e-09)
(1.6018852 -0.23057886 -2.2655108e-09)
(1.6055489 -0.26929093 -2.0967536e-09)
(1.6066125 -0.29994765 -1.7941547e-09)
(1.6037533 -0.32018257 -1.5689179e-09)
(1.5971966 -0.32981667 -1.4519813e-09)
(1.5883743 -0.32998356 -1.4219217e-09)
(1.5764718 -0.3209478 -1.4510636e-09)
(1.5616486 -0.3033449 -1.5107381e-09)
(1.546322 -0.27849599 -1.5884456e-09)
(1.5319789 -0.24784249 -1.6959533e-09)
(1.5187313 -0.21252692 -1.8546944e-09)
(1.506677 -0.17353363 -2.0784227e-09)
(1.4960073 -0.13195243 -2.3612587e-09)
(1.4868291 -0.088911378 -2.6723673e-09)
(1.4792232 -0.045537483 -2.9588317e-09)
(1.473232 -0.002904729 -3.1567975e-09)
(1.4690084 0.037925382 -3.209017e-09)
(1.466704 0.076022826 -3.0775591e-09)
(1.4663267 0.11072423 -2.7455753e-09)
(1.4678453 0.14194908 -2.2159087e-09)
(1.4712501 0.17019488 -1.5260218e-09)
(1.4767102 0.19591725 -7.6864677e-10)
(1.4844585 0.21871162 -7.9824312e-11)
(1.4943655 0.23715925 4.2062815e-10)
(1.5056001 0.24985421 6.8794389e-10)
(1.5171903 0.25641991 7.5318386e-10)
(1.5286474 0.25706712 6.7185447e-10)
(1.5401241 0.25158829 4.8518469e-10)
(1.5512646 0.23925245 2.1586648e-10)
(1.5617498 0.22014779 -1.090951e-10)
(1.5707492 0.19454925 -4.6119364e-10)
(1.5783153 0.16363319 -8.0589959e-10)
(1.5841769 0.12809999 -1.1266175e-09)
(1.5887978 0.089762172 -1.3973822e-09)
(1.5918631 0.049006218 -1.6107277e-09)
(1.5940002 0.0082518699 -1.7698251e-09)
(1.5950566 -0.032931941 -1.8722834e-09)
(1.5954059 -0.07170917 -1.9147833e-09)
(1.5951195 -0.10981489 -1.8626868e-09)
(1.5942492 -0.14359209 -1.7495967e-09)
(1.5934019 -0.17609729 -1.5527891e-09)
(1.5912671 -0.20245365 -1.359616e-09)
(1.5889145 -0.22657287 -1.1360145e-09)
(1.5832742 -0.24241694 -9.86329e-10)
(1.5772919 -0.25444365 -8.2471445e-10)
(1.5667381 -0.25712191 -7.501753e-10)
(1.5578402 -0.25659773 -6.4775938e-10)
(1.5356846 -0.24289649 -6.3503567e-10)
(1.4426089 0.0082981264 -9.2428245e-11)
(1.4394402 0.024706146 1.3311199e-10)
(1.4335427 0.041589474 -1.3138563e-10)
(1.424107 0.059586555 1.9141511e-10)
(1.4116617 0.07963166 -1.9248869e-10)
(1.3951966 0.10255954 2.4663353e-10)
(1.3759171 0.12990911 -2.0635304e-10)
(1.3520969 0.16280867 1.547382e-10)
(1.3263961 0.20420359 8.3452695e-11)
(1.2960839 0.2554411 -5.6606964e-10)
(1.2676717 0.3227177 1.7255674e-09)
(1.2371061 0.40676306 -4.3754887e-09)
(1.2205521 0.52028516 1.0668543e-08)
(1.2137471 0.66142005 -2.5616873e-08)
(1.2544592 0.84393611 5.3289632e-08)
(1.2605315 1.0626649 -3.3781653e-06)
(1.1862843 1.003843 -0.00069169963)
(0.23943233 0.15768756 -0.00020860136)
(-0.018450168 0.015243864 -7.7298241e-05)
(-0.031357373 0.048154837 -4.6796528e-06)
(0.040680274 -0.0073043864 4.1403307e-08)
(0.051997962 -0.053396358 3.1251278e-09)
(0.046741792 -0.10158214 -1.7150383e-08)
(0.037701132 -0.14703056 -2.9233692e-08)
(0.025453066 -0.18372069 -3.4529417e-08)
(0.011387785 -0.20642255 -3.3927938e-08)
(-0.002003147 -0.21107436 -2.8215301e-08)
(-0.012307995 -0.19453509 -1.8666015e-08)
(-0.018158832 -0.15566951 -7.3101648e-09)
(-0.017124638 -0.096247962 3.4829756e-09)
(-0.0044045055 -0.020341842 1.2152905e-08)
(0.022989614 0.066095942 1.8212823e-08)
(0.067668337 0.15880841 2.2018433e-08)
(0.13435275 0.2481926 2.4321456e-08)
(0.22417767 0.32413036 2.5730506e-08)
(0.33629817 0.37715338 2.6566038e-08)
(0.4698485 0.39904926 2.6788253e-08)
(0.62032592 0.3853875 2.597773e-08)
(0.78095179 0.33583185 2.3233363e-08)
(0.94335514 0.25296602 1.7196757e-08)
(1.1007542 0.14094411 6.2789673e-09)
(1.2506459 0.0042825102 -9.7323035e-09)
(1.3918147 -0.15140741 -2.7701529e-08)
(1.5188919 -0.31693951 -4.2318686e-08)
(1.6245017 -0.47720699 -4.9588076e-08)
(1.6995789 -0.61462941 -4.7993943e-08)
(1.7368599 -0.715779 -3.9079424e-08)
(1.7423937 -0.7778515 -2.7112063e-08)
(1.7252709 -0.80558615 -1.575173e-08)
(1.6959206 -0.80512178 -6.3685822e-09)
(1.6489638 -0.77672866 8.0415343e-10)
(1.5930618 -0.73030422 4.1597838e-09)
(1.536644 -0.6721813 4.2593839e-09)
(1.4815694 -0.60778141 3.2369055e-09)
(1.4272373 -0.54287205 3.5276913e-09)
(1.3751255 -0.47542763 4.2850086e-09)
(1.326574 -0.4038304 1.780901e-09)
(1.2783054 -0.33988495 -3.7450529e-09)
(1.2248366 -0.30261676 -5.6645357e-09)
(1.1646805 -0.29791799 1.7915711e-09)
(1.1026653 -0.30916411 1.6224334e-08)
(1.0470482 -0.30757868 2.8561116e-08)
(1.00529 -0.26902324 3.0901017e-08)
(0.98227653 -0.18458725 2.2296698e-08)
(0.98012731 -0.061065573 7.6741425e-09)
(0.99865125 0.085660105 -7.1913966e-09)
(1.0356269 0.23668234 -1.8931713e-08)
(1.0867624 0.37393989 -2.6650263e-08)
(1.1458348 0.48472275 -3.0754718e-08)
(1.2061389 0.56438091 -3.2096604e-08)
(1.2629222 0.61443415 -3.1534123e-08)
(1.3148326 0.63717227 -2.9747514e-08)
(1.3622768 0.63251175 -2.7125341e-08)
(1.4042538 0.60123042 -2.3812064e-08)
(1.4391747 0.54972427 -1.9890969e-08)
(1.4673229 0.4864144 -1.5519433e-08)
(1.4889783 0.41797466 -1.1048962e-08)
(1.5066184 0.35085604 -6.8416893e-09)
(1.5232845 0.28977071 -3.2409001e-09)
(1.5405671 0.23550616 -7.0194577e-10)
(1.5589857 0.18592667 4.271481e-10)
(1.5782534 0.13704418 1.6375438e-10)
(1.5986837 0.082543693 -7.9534286e-10)
(1.6225014 0.013570493 -1.2165359e-09)
(1.651979 -0.077307941 -2.5725409e-10)
(1.6851025 -0.18956294 1.6619258e-09)
(1.7141407 -0.31088444 3.1898487e-09)
(1.7310088 -0.42255906 3.8058752e-09)
(1.728967 -0.50822743 4.254127e-09)
(1.7020458 -0.55433026 3.8741981e-09)
(1.6531444 -0.55952984 2.5873467e-09)
(1.5896959 -0.53248295 8.8877781e-10)
(1.5205984 -0.48676218 -9.3694267e-11)
(1.4548397 -0.43611945 5.9002244e-10)
(1.399364 -0.3904644 2.8539176e-09)
(1.3577461 -0.35396562 5.6847306e-09)
(1.3305327 -0.3258297 7.8472163e-09)
(1.3163478 -0.30224194 8.5010459e-09)
(1.3128388 -0.2784082 7.4987808e-09)
(1.3174618 -0.25013665 5.3058075e-09)
(1.3279281 -0.21451936 2.6961253e-09)
(1.3424018 -0.17003236 4.1268552e-10)
(1.3594316 -0.11641376 -1.0448498e-09)
(1.3776158 -0.05466393 -1.426673e-09)
(1.395843 0.0129918 -6.9131782e-10)
(1.4128492 0.084414472 1.0927177e-09)
(1.4275505 0.15800891 3.6573998e-09)
(1.4396573 0.23325651 6.5315549e-09)
(1.4495862 0.30987632 9.0980566e-09)
(1.4583122 0.38523006 1.0627485e-08)
(1.4670867 0.4516443 1.0535594e-08)
(1.4770085 0.49815958 8.8764999e-09)
(1.4870705 0.5194067 6.7310914e-09)
(1.4947524 0.5220646 5.2033741e-09)
(1.5003221 0.51506601 4.2745197e-09)
(1.5061494 0.49283912 3.174512e-09)
(1.5115953 0.44278596 1.5160135e-09)
(1.5157293 0.3802503 -2.4397488e-11)
(1.5208199 0.31046373 -1.1821589e-09)
(1.5281041 0.23609816 -1.9082822e-09)
(1.5378266 0.15895837 -2.4357394e-09)
(1.5492303 0.080570867 -3.0564989e-09)
(1.5613061 0.0026982942 -3.904075e-09)
(1.573156 -0.072957592 -4.7797912e-09)
(1.5840283 -0.14477018 -5.2788133e-09)
(1.5931089 -0.21099232 -5.1080392e-09)
(1.5991004 -0.26990765 -4.2486778e-09)
(1.5999607 -0.31874849 -2.9174134e-09)
(1.5937465 -0.35452777 -1.3834036e-09)
(1.5799277 -0.3761831 2.0860159e-10)
(1.5597343 -0.38475491 1.7028801e-09)
(1.5356397 -0.38303604 2.8406376e-09)
(1.5104631 -0.3742524 3.327366e-09)
(1.4865659 -0.36084967 2.9974946e-09)
(1.4656085 -0.34392501 1.9243039e-09)
(1.4484687 -0.32345882 3.8378125e-10)
(1.4352069 -0.29859331 -1.2877259e-09)
(1.425316 -0.26815431 -2.8323221e-09)
(1.418048 -0.23125009 -4.1203029e-09)
(1.4126288 -0.18766938 -5.0999737e-09)
(1.4084247 -0.13804123 -5.7114264e-09)
(1.4049884 -0.083804874 -5.8517744e-09)
(1.4021501 -0.027026153 -5.4278425e-09)
(1.4000125 0.029843598 -4.4462053e-09)
(1.3988653 0.084642437 -3.0517072e-09)
(1.3991218 0.13609216 -1.4830267e-09)
(1.401223 0.18404022 5.6740739e-12)
(1.4057078 0.2287626 1.1993531e-09)
(1.413182 0.26957621 1.9528851e-09)
(1.4238955 0.30418651 2.2240459e-09)
(1.4371504 0.32991879 2.0906052e-09)
(1.4514466 0.34571488 1.7109772e-09)
(1.4656658 0.35223391 1.2389758e-09)
(1.4797692 0.34991495 7.5791514e-10)
(1.4938144 0.33815919 2.8932026e-10)
(1.5071274 0.31687222 -1.5662396e-10)
(1.51912 0.28730148 -5.6381554e-10)
(1.5297406 0.25084148 -9.2598401e-10)
(1.539147 0.20881005 -1.2538648e-09)
(1.5474559 0.16243932 -1.5506387e-09)
(1.5546166 0.11304696 -1.7878089e-09)
(1.5606996 0.061966995 -1.9231514e-09)
(1.5660947 0.010203698 -1.9409789e-09)
(1.5712931 -0.041576482 -1.8703029e-09)
(1.5766791 -0.093092461 -1.7602643e-09)
(1.5823901 -0.14359392 -1.6442046e-09)
(1.5878613 -0.19160012 -1.5180637e-09)
(1.5918708 -0.23488904 -1.3757301e-09)
(1.5927648 -0.27087626 -1.2514428e-09)
(1.5892157 -0.29744157 -1.1938909e-09)
(1.5810309 -0.31346251 -1.2197825e-09)
(1.5690113 -0.31906956 -1.3064264e-09)
(1.5541307 -0.31564128 -1.4073881e-09)
(1.5372301 -0.30480236 -1.4838232e-09)
(1.5193079 -0.28705955 -1.5294982e-09)
(1.5016229 -0.26274115 -1.5727888e-09)
(1.4850179 -0.2330281 -1.6594676e-09)
(1.4697838 -0.19891849 -1.8299223e-09)
(1.456077 -0.16133071 -2.1013153e-09)
(1.4440527 -0.12129181 -2.4596715e-09)
(1.4338138 -0.079910697 -2.8610742e-09)
(1.425451 -0.038302407 -3.2406664e-09)
(1.4190623 0.0024311232 -3.5266747e-09)
(1.4147663 0.041296944 -3.6555952e-09)
(1.412623 0.077354232 -3.5823751e-09)
(1.4125825 0.11005654 -3.2848159e-09)
(1.4145254 0.13936974 -2.768648e-09)
(1.4183856 0.1656846 -2.079155e-09)
(1.4242727 0.18929144 -1.3074238e-09)
(1.4323535 0.20984885 -5.7220438e-10)
(1.4425529 0.22637482 2.2404745e-11)
(1.4543038 0.23792085 4.2304363e-10)
(1.4669584 0.24406479 6.3051152e-10)
(1.480021 0.24462043 6.7305986e-10)
(1.4933724 0.23919351 5.865246e-10)
(1.5065151 0.22724732 4.0075727e-10)
(1.5191529 0.20891648 1.50627e-10)
(1.5306178 0.18453188 -1.381856e-10)
(1.5409514 0.15509833 -4.3265419e-10)
(1.5496306 0.12112802 -7.1769233e-10)
(1.556984 0.084353777 -9.6841486e-10)
(1.5626054 0.045109344 -1.1796423e-09)
(1.567004 0.0056829804 -1.3351765e-09)
(1.5698997 -0.034442274 -1.4191967e-09)
(1.5717201 -0.072342551 -1.4252772e-09)
(1.5727228 -0.10990802 -1.3396301e-09)
(1.5724133 -0.14294158 -1.2122337e-09)
(1.5717044 -0.17483968 -1.0375545e-09)
(1.5680062 -0.1994554 -9.0399681e-10)
(1.5638431 -0.22202392 -7.550803e-10)
(1.5543077 -0.23466866 -6.832469e-10)
(1.5451276 -0.24464129 -5.7022474e-10)
(1.5290283 -0.24410882 -5.4077866e-10)
(1.5166501 -0.24234727 -4.5647992e-10)
(1.4869971 -0.22558386 -4.971477e-10)
(1.4104977 0.0096498783 -2.0183534e-10)
(1.4081315 0.028780035 3.2570575e-10)
(1.4037597 0.048423613 -3.5342294e-10)
(1.396781 0.06927708 5.3946642e-10)
(1.387703 0.092190253 -6.3877156e-10)
(1.3759806 0.11815588 9.074064e-10)
(1.3627159 0.14828186 -1.0690484e-09)
(1.3472205 0.18420699 1.3407185e-09)
(1.3315858 0.22719723 -1.4408666e-09)
(1.3156382 0.28042295 1.5032624e-09)
(1.303325 0.34407207 -1.18887e-09)
(1.2975057 0.42613204 2.2203658e-10)
(1.3023274 0.51873862 2.7150855e-09)
(1.3348123 0.6443198 -9.8722537e-09)
(1.3861546 0.76289922 2.3117369e-08)
(1.5169313 0.92267771 -3.0088777e-08)
(1.6042624 1.0068155 -0.00012275195)
(1.6152336 0.91460469 -0.00020194923)
(1.1184459 0.51565244 -0.0013389605)
(0.32588792 0.068640016 -0.0009662012)
(0.13653378 0.0035231005 -7.6438861e-05)
(0.10809193 -0.00095883375 1.0329393e-05)
(0.19450204 -0.010343024 -0.00023417455)
(0.21636337 0.014572179 -5.6970356e-05)
(0.39548025 -0.012531417 1.4508666e-07)
(0.40313515 -0.033929387 9.8241371e-08)
(0.41203526 -0.066323587 5.1796398e-08)
(0.41059091 -0.10340402 1.5557169e-08)
(0.40071716 -0.14159537 -1.1482048e-08)
(0.38425811 -0.17425204 -3.2159148e-08)
(0.36308461 -0.19559899 -4.7299812e-08)
(0.34076575 -0.20211082 -5.6157843e-08)
(0.32137887 -0.19131007 -5.8239876e-08)
(0.30914158 -0.15965184 -5.3514423e-08)
(0.30862956 -0.10972405 -4.3692702e-08)
(0.32281718 -0.045732491 -3.1126365e-08)
(0.35460531 0.025575266 -1.8351762e-08)
(0.40607447 0.099474619 -7.3750576e-09)
(0.47741238 0.16839255 7.8453656e-10)
(0.56844442 0.22393698 5.8028037e-09)
(0.67803732 0.25799775 7.7382337e-09)
(0.80371963 0.264108 6.7026627e-09)
(0.94086635 0.23924242 2.7481649e-09)
(1.0838266 0.18430423 -4.3037118e-09)
(1.2266334 0.10278866 -1.4731427e-08)
(1.3663442 -0.0022553125 -2.8075964e-08)
(1.5011337 -0.13003998 -4.1676043e-08)
(1.6290927 -0.27695021 -5.0707602e-08)
(1.7378684 -0.42515481 -5.1138972e-08)
(1.8066589 -0.5527577 -4.4697542e-08)
(1.8343722 -0.65058999 -3.5149138e-08)
(1.8325159 -0.72013032 -2.4474067e-08)
(1.8105124 -0.75990619 -1.2818702e-08)
(1.770102 -0.76964156 -3.1205898e-09)
(1.7169434 -0.7531963 2.440178e-09)
(1.6578592 -0.71931078 4.2353798e-09)
(1.5953379 -0.6724515 4.2411245e-09)
(1.5324695 -0.61409612 3.2345863e-09)
(1.47132 -0.55007039 1.9327639e-09)
(1.411886 -0.48654554 1.9652693e-09)
(1.3552977 -0.42229482 2.9657737e-09)
(1.3032328 -0.35360286 1.57654e-09)
(1.2532931 -0.28850394 -3.1680128e-09)
(1.199469 -0.24580217 -6.0759717e-09)
(1.1381582 -0.23595747 -8.4589477e-10)
(1.072196 -0.24773336 1.2423327e-08)
(1.0095638 -0.25449248 2.6435019e-08)
(0.95901934 -0.23108071 3.269017e-08)
(0.92693974 -0.16618124 2.7833675e-08)
(0.91608819 -0.063831822 1.4911618e-08)
(0.92648588 0.0624296 -3.1011128e-10)
(0.95638255 0.1957449 -1.3383892e-08)
(1.0019932 0.320352 -2.2514856e-08)
(1.0577935 0.42491483 -2.7782584e-08)
(1.1179056 0.50402523 -3.0021633e-08)
(1.1780431 0.55661878 -3.0149103e-08)
(1.2362603 0.58275909 -2.8894787e-08)
(1.2915563 0.58237786 -2.6703415e-08)
(1.3422338 0.55725526 -2.376458e-08)
(1.3865517 0.5126623 -2.0126056e-08)
(1.4239771 0.45553142 -1.5854514e-08)
(1.4550502 0.39259395 -1.117342e-08)
(1.4809435 0.3296094 -6.4918505e-09)
(1.5030674 0.27054968 -2.381336e-09)
(1.5228488 0.21683831 5.8960665e-10)
(1.5414392 0.16729482 2.0988339e-09)
(1.560572 0.11752223 2.3957354e-09)
(1.5833864 0.059528617 2.3760298e-09)
(1.6130843 -0.015691887 2.9901762e-09)
(1.6495471 -0.11169159 4.2565205e-09)
(1.6872393 -0.2218784 5.2718373e-09)
(1.7162939 -0.33228437 5.5284037e-09)
(1.7256565 -0.42635197 5.3529287e-09)
(1.7085142 -0.48743046 4.6742956e-09)
(1.6653132 -0.50947594 3.4067232e-09)
(1.6024805 -0.49705586 1.6298331e-09)
(1.5294745 -0.46159844 7.1518181e-11)
(1.4561946 -0.4169935 -1.1741246e-10)
(1.3907394 -0.37518831 1.6669014e-09)
(1.3381179 -0.34281583 4.7587353e-09)
(1.2999349 -0.32082311 7.690323e-09)
(1.2752113 -0.3060971 9.1239967e-09)
(1.2616937 -0.29360572 8.4289986e-09)
(1.2568395 -0.27830119 5.8275657e-09)
(1.2584246 -0.25626515 2.1665692e-09)
(1.2647619 -0.2250696 -1.5071356e-09)
(1.2746003 -0.18361479 -4.3367832e-09)
(1.2870233 -0.13196372 -5.8425897e-09)
(1.3011458 -0.071209238 -5.8954106e-09)
(1.3162122 -0.003217092 -4.6040292e-09)
(1.3312082 0.069555569 -2.1885026e-09)
(1.3450027 0.14528357 1.0084014e-09)
(1.3570032 0.22280461 4.4853101e-09)
(1.367492 0.30089454 7.5672712e-09)
(1.3778715 0.37599371 9.5015571e-09)
(1.3901433 0.44045353 9.8218531e-09)
(1.4051648 0.48537956 8.7425475e-09)
(1.4208894 0.50791775 7.1037195e-09)
(1.4346729 0.51332645 5.6388775e-09)
(1.4468883 0.50623973 4.4930285e-09)
(1.459992 0.48233819 3.3658048e-09)
(1.475067 0.43397738 1.9007532e-09)
(1.488053 0.37210646 5.3800049e-10)
(1.5003474 0.30157378 -5.2356677e-10)
(1.513308 0.2256692 -1.3477003e-09)
(1.5271756 0.14707293 -2.2222689e-09)
(1.5413416 0.067989587 -3.3470748e-09)
(1.5550885 -0.0096388404 -4.5727806e-09)
(1.5676581 -0.084274972 -5.4414728e-09)
(1.5781647 -0.15435582 -5.5392778e-09)
(1.5852809 -0.2176977 -4.8038512e-09)
(1.5870515 -0.27138188 -3.494555e-09)
(1.581464 -0.31276626 -1.9243206e-09)
(1.5676159 -0.34056627 -2.8540453e-10)
(1.5463945 -0.3553899 1.2864795e-09)
(1.5201714 -0.35959236 2.5701982e-09)
(1.4919457 -0.35635279 3.2517634e-09)
(1.4644391 -0.34856638 3.0813853e-09)
(1.4395605 -0.33795749 2.0456503e-09)
(1.4183244 -0.32479896 4.0087853e-10)
(1.4009993 -0.30825055 -1.4535252e-09)
(1.3872966 -0.28688838 -3.1608885e-09)
(1.376608 -0.25926328 -4.5306939e-09)
(1.3682487 -0.2244328 -5.5421041e-09)
(1.3615879 -0.1822783 -6.2511429e-09)
(1.356153 -0.13360861 -6.6782932e-09)
(1.3516908 -0.080123889 -6.7582133e-09)
(1.3481319 -0.024137412 -6.3828592e-09)
(1.3456065 0.031747017 -5.4958056e-09)
(1.3443402 0.085289346 -4.1597848e-09)
(1.3445436 0.13517048 -2.5552744e-09)
(1.3465182 0.18110755 -9.2732576e-10)
(1.3507864 0.22318407 4.8147515e-10)
(1.3580084 0.2608005 1.4928917e-09)
(1.3685034 0.29232788 2.0387264e-09)
(1.3817767 0.31596808 2.1683103e-09)
(1.3967299 0.33085242 2.0053321e-09)
(1.4124915 0.33700076 1.6797412e-09)
(1.4287418 0.33442257 1.2832725e-09)
(1.4451741 0.32288264 8.700108e-10)
(1.4611761 0.30257485 4.740689e-10)
(1.4761921 0.27432565 1.1331628e-10)
(1.4899887 0.23917873 -2.1323025e-10)
(1.5024987 0.19834155 -5.0969768e-10)
(1.5137096 0.15315659 -7.5836228e-10)
(1.523628 0.10497233 -9.2196553e-10)
(1.5323698 0.054932132 -9.8142097e-10)
(1.5403557 0.0038079232 -9.6467117e-10)
(1.5480484 -0.047964732 -9.2716658e-10)
(1.5556062 -0.099647006 -9.0528867e-10)
(1.5625435 -0.14980193 -8.9773849e-10)
(1.5675628 -0.19612278 -8.9314194e-10)
(1.5689992 -0.23596878 -9.0342998e-10)
(1.5654771 -0.26718483 -9.5970695e-10)
(1.5564787 -0.28858769 -1.0780962e-09)
(1.5425504 -0.30012787 -1.2345912e-09)
(1.5250246 -0.30270068 -1.3744246e-09)
(1.5053953 -0.29758156 -1.4477478e-09)
(1.4848321 -0.28576756 -1.4428839e-09)
(1.4642277 -0.26784015 -1.3952703e-09)
(1.4443891 -0.24433109 -1.3705254e-09)
(1.4259059 -0.2159477 -1.4354614e-09)
(1.409075 -0.18343167 -1.6330676e-09)
(1.3940624 -0.14761643 -1.9694556e-09)
(1.381018 -0.1094814 -2.4133439e-09)
(1.3700687 -0.070114763 -2.9041954e-09)
(1.3613333 -0.030625032 -3.3654694e-09)
(1.354919 0.0078984765 -3.7192888e-09)
(1.350901 0.044475238 -3.8995445e-09)
(1.3492557 0.078290534 -3.8608531e-09)
(1.3498551 0.10889241 -3.5845035e-09)
(1.3525101 0.136242 -3.0844369e-09)
(1.3571088 0.16058932 -2.4128271e-09)
(1.3637025 0.18208483 -1.6569348e-09)
(1.3723943 0.20048031 -9.1991042e-10)
(1.3831235 0.21512972 -2.9117264e-10)
(1.3954883 0.22534826 1.7588749e-10)
(1.4090381 0.23064298 4.675055e-10)
(1.4233231 0.23062675 5.9599533e-10)
(1.4381474 0.22491725 5.886681e-10)
(1.4529914 0.21319536 4.7453415e-10)
(1.4675806 0.19559013 2.8814619e-10)
(1.4812438 0.17233204 5.4870872e-11)
(1.4939554 0.14422812 -1.9412533e-10)
(1.5050808 0.11182088 -4.4397611e-10)
(1.5148945 0.076592015 -6.6714125e-10)
(1.5228206 0.038980811 -8.5052683e-10)
(1.5294443 0.00094667055 -9.6555605e-10)
(1.5342856 -0.03781055 -1.001224e-09)
(1.5379342 -0.074634245 -9.6155386e-10)
(1.5400206 -0.1109022 -8.6144745e-10)
(1.5401676 -0.14255398 -7.5570538e-10)
(1.5384578 -0.17235952 -6.4017125e-10)
(1.5326537 -0.19431644 -5.7722095e-10)
(1.5252582 -0.2137639 -4.896495e-10)
(1.5111606 -0.22277786 -4.6266793e-10)
(1.4982338 -0.23024466 -3.6625294e-10)
(1.4765356 -0.22648468 -3.6368764e-10)
(1.4611454 -0.22344532 -2.8926058e-10)
(1.4257536 -0.20451993 -4.0494984e-10)
(1.371235 0.010633735 -1.2648651e-10)
(1.369718 0.031728304 1.7925259e-10)
(1.3668527 0.053318108 -1.7219825e-10)
(1.3624153 0.076093647 2.5465636e-10)
(1.3566026 0.10080774 -2.7153804e-10)
(1.3496424 0.12845161 4.2874329e-10)
(1.3419605 0.15983013 -4.7729735e-10)
(1.3344052 0.19650495 6.6527205e-10)
(1.3273821 0.23916395 -7.2201853e-10)
(1.3231936 0.29021378 1.0770559e-09)
(1.3228971 0.34865062 -1.731473e-09)
(1.335281 0.41991634 2.1667297e-09)
(1.354346 0.4996912 -2.5764104e-09)
(1.4015993 0.58731754 -5.1895095e-10)
(1.464062 0.68807125 9.8524394e-09)
(1.567463 0.75136066 -2.0536213e-08)
(1.711433 0.85180414 2.7924019e-08)
(1.8697312 0.79589155 2.8990034e-07)
(1.9171855 0.71991153 -1.2994626e-05)
(1.8326594 0.52749303 -7.5007327e-05)
(1.619265 0.32252016 -0.00012242877)
(1.4030746 0.180502 -0.00010220685)
(1.3822462 0.12441608 2.1029933e-07)
(1.253271 0.072323536 1.8709283e-07)
(1.1660223 0.028908277 1.724653e-07)
(1.1100853 -0.010717352 1.5593342e-07)
(1.0673524 -0.049050078 1.3729454e-07)
(1.0306621 -0.084250639 1.1447009e-07)
(0.99234786 -0.11688879 8.8613669e-08)
(0.95121307 -0.14475347 6.0110086e-08)
(0.90790159 -0.1642137 2.9825883e-08)
(0.86354067 -0.17210133 1.0612941e-09)
(0.82012483 -0.16665354 -2.3407581e-08)
(0.78209606 -0.1464454 -4.3325009e-08)
(0.75599793 -0.11192929 -5.7599091e-08)
(0.74633745 -0.06682264 -6.46087e-08)
(0.75703923 -0.015853933 -6.479864e-08)
(0.7911644 0.0368553 -6.063331e-08)
(0.84809226 0.086413802 -5.4719264e-08)
(0.92577164 0.12439292 -4.9220783e-08)
(1.0217482 0.14311748 -4.5620772e-08)
(1.1322978 0.13746415 -4.4606986e-08)
(1.2523892 0.10603833 -4.6095813e-08)
(1.3762099 0.050447554 -4.9554955e-08)
(1.5011908 -0.028919224 -5.403231e-08)
(1.628833 -0.13343886 -5.6914195e-08)
(1.7489671 -0.25590782 -5.4335767e-08)
(1.8391235 -0.37921862 -4.5804234e-08)
(1.8891 -0.4881342 -3.5485841e-08)
(1.9078481 -0.57687579 -2.5821843e-08)
(1.900374 -0.64847417 -1.8166469e-08)
(1.8772683 -0.69606162 -8.0853213e-09)
(1.8338977 -0.71787961 -2.6127931e-10)
(1.7772114 -0.71538206 3.6872517e-09)
(1.7132179 -0.69292192 4.5959251e-09)
(1.6453857 -0.65496818 4.0555752e-09)
(1.5764815 -0.60604314 3.1739277e-09)
(1.5093642 -0.54908829 2.085024e-09)
(1.4457039 -0.4878066 9.4159337e-10)
(1.3849318 -0.42712418 8.7129345e-10)
(1.3270725 -0.36668835 1.8917717e-09)
(1.2737594 -0.30192173 1.2871705e-09)
(1.2238851 -0.23718927 -2.5792851e-09)
(1.1717372 -0.18955238 -6.0318612e-09)
(1.1119438 -0.17292691 -3.0010554e-09)
(1.0449913 -0.18212981 8.2112229e-09)
(0.97781381 -0.19454701 2.2623576e-08)
(0.92003278 -0.18504477 3.2431619e-08)
(0.87951125 -0.13950609 3.2591665e-08)
(0.86034935 -0.058673893 2.355378e-08)
(0.86312336 0.046585589 9.7168293e-09)
(0.8860056 0.16147273 -4.0950014e-09)
(0.92549462 0.27204836 -1.4959957e-08)
(0.97682765 0.36795447 -2.2069486e-08)
(1.0350922 0.44319573 -2.5858291e-08)
(1.0964799 0.49504279 -2.7157519e-08)
(1.1585521 0.52233175 -2.6715501e-08)
(1.2193378 0.52498667 -2.5005032e-08)
(1.2766299 0.50499855 -2.2221522e-08)
(1.328445 0.46694425 -1.8416595e-08)
(1.3736656 0.4167863 -1.3710936e-08)
(1.4119694 0.36038003 -8.4766569e-09)
(1.4435931 0.3027885 -3.3476967e-09)
(1.4694347 0.2478379 9.5623703e-10)
(1.4912103 0.19696098 3.9130689e-09)
(1.5117293 0.14801725 5.4687625e-09)
(1.5351209 0.094928068 6.1374273e-09)
(1.5656267 0.029838893 6.6497076e-09)
(1.6046344 -0.052557396 7.2963096e-09)
(1.6477306 -0.15098305 7.7167422e-09)
(1.6849417 -0.25522081 7.4622538e-09)
(1.704562 -0.34880091 6.5567939e-09)
(1.6977916 -0.41619307 5.3368718e-09)
(1.6624273 -0.44945955 3.9261085e-09)
(1.6034721 -0.44943282 2.2068796e-09)
(1.5302884 -0.42433819 4.4738395e-10)
(1.4532382 -0.38641724 -4.3718514e-10)
(1.3813111 -0.34799483 4.8871399e-10)
(1.3204571 -0.31795973 3.2786406e-09)
(1.2731648 -0.29954337 6.7611276e-09)
(1.2390847 -0.29094954 9.2618408e-09)
(1.2161661 -0.28750111 9.567728e-09)
(1.2017985 -0.283709 7.3824971e-09)
(1.193725 -0.27484044 3.3148942e-09)
(1.1903751 -0.25756201 -1.4771461e-09)
(1.1908056 -0.23000459 -5.7834693e-09)
(1.1944341 -0.19145319 -8.7378034e-09)
(1.2008513 -0.14207784 -9.9613446e-09)
(1.2096234 -0.082928271 -9.485147e-09)
(1.220235 -0.015751969 -7.5769761e-09)
(1.2320276 0.057120857 -4.5966207e-09)
(1.2441252 0.13373504 -9.7096182e-10)
(1.2559411 0.21225247 2.7660474e-09)
(1.2679533 0.29026625 5.9674471e-09)
(1.2817373 0.36327444 8.0116452e-09)
(1.2990004 0.42430155 8.6051442e-09)
(1.3196495 0.4670258 7.9963511e-09)
(1.3411719 0.49028886 6.8066531e-09)
(1.3613786 0.49751706 5.5596486e-09)
(1.3814697 0.48979247 4.3851239e-09)
(1.4039942 0.46280185 3.1371506e-09)
(1.427127 0.4159616 1.8299666e-09)
(1.448494 0.35516014 6.368944e-10)
(1.4687441 0.28516654 -4.1980158e-10)
(1.4883471 0.20946894 -1.5389362e-09)
(1.5070732 0.13115792 -2.9178394e-09)
(1.5244536 0.052890608 -4.4348725e-09)
(1.5400084 -0.023345804 -5.6118988e-09)
(1.5530428 -0.095828358 -5.950998e-09)
(1.5622432 -0.162349 -5.3145098e-09)
(1.5656274 -0.22006553 -3.9722996e-09)
(1.5611768 -0.26623535 -2.3250522e-09)
(1.547879 -0.29925852 -6.390193e-10)
(1.5263961 -0.31938218 9.6009917e-10)
(1.4989385 -0.32869316 2.3160568e-09)
(1.4685047 -0.33031771 3.1473624e-09)
(1.4379829 -0.32733127 3.1555522e-09)
(1.4095185 -0.32187588 2.2318337e-09)
(1.3843103 -0.3147354 5.6946581e-10)
(1.3627567 -0.30539034 -1.4109585e-09)
(1.3447317 -0.29243824 -3.2599608e-09)
(1.3298225 -0.27414537 -4.6845626e-09)
(1.317514 -0.24897399 -5.6202881e-09)
(1.3073264 -0.21602805 -6.1761994e-09)
(1.2988821 -0.17532656 -6.5074256e-09)
(1.2919257 -0.12786421 -6.6945465e-09)
(1.2863727 -0.075513586 -6.6945929e-09)
(1.2822877 -0.020773253 -6.3831253e-09)
(1.2797672 0.033729465 -5.6502224e-09)
(1.2788876 0.085773323 -4.4853853e-09)
(1.2797013 0.13399451 -3.0050443e-09)
(1.2823814 0.17791693 -1.4198418e-09)
(1.2873534 0.2173986 3.3614384e-11)
(1.2951729 0.2519183 1.1667179e-09)
(1.3061094 0.28037825 1.8901118e-09)
(1.3198407 0.30160288 2.2203274e-09)
(1.3356333 0.31490074 2.2437476e-09)
(1.3528187 0.32005248 2.0661863e-09)
(1.3709322 0.31692775 1.7794991e-09)
(1.3894777 0.30541438 1.451302e-09)
(1.4078508 0.2857031 1.1231942e-09)
(1.4255322 0.25840311 8.1242199e-10)
(1.4421916 0.22443496 5.2545254e-10)
(1.4576009 0.18493695 2.7985046e-10)
(1.4716042 0.14118305 1.0561503e-10)
(1.4842188 0.094332839 1.517294e-11)
(1.4957236 0.045265995 -2.3254822e-11)
(1.5065356 -0.0053727525 -6.8531935e-11)
(1.5168064 -0.056844037 -1.5782432e-10)
(1.5259961 -0.10769262 -2.8260389e-10)
(1.5327549 -0.15567013 -4.1554831e-10)
(1.5353097 -0.19811453 -5.5195654e-10)
(1.5322078 -0.23272213 -7.1526237e-10)
(1.5229055 -0.25818304 -9.2212642e-10)
(1.5079315 -0.27433257 -1.1477403e-09)
(1.4886312 -0.28187546 -1.3286643e-09)
(1.46666 -0.28192507 -1.4014946e-09)
(1.443492 -0.27557579 -1.3453599e-09)
(1.4201955 -0.26359312 -1.1985451e-09)
(1.3975156 -0.24636238 -1.0427528e-09)
(1.3760186 -0.22415616 -9.6922043e-10)
(1.3561142 -0.19740578 -1.0464348e-09)
(1.3380721 -0.16673293 -1.3017542e-09)
(1.3220972 -0.13294099 -1.7184513e-09)
(1.308381 -0.09699272 -2.2437916e-09)
(1.2970874 -0.059956473 -2.8023757e-09)
(1.2883497 -0.022920073 -3.3108852e-09)
(1.2822605 0.013071234 -3.6914814e-09)
(1.2788333 0.047120283 -3.8826147e-09)
(1.2779542 0.078527706 -3.8466061e-09)
(1.2794286 0.10691806 -3.5750466e-09)
(1.2830298 0.1322301 -3.0923113e-09)
(1.2886197 0.15459726 -2.4552219e-09)
(1.2961845 0.1740697 -1.744732e-09)
(1.3057478 0.19044761 -1.0486776e-09)
(1.3172339 0.20326337 -4.4162705e-10)
(1.3303673 0.21198823 2.8850767e-11)
(1.3448477 0.21615069 3.4481914e-10)
(1.3603032 0.21534891 5.1100531e-10)
(1.3764899 0.20924139 5.4762731e-10)
(1.392893 0.19758222 4.8016e-10)
(1.4092252 0.18044707 3.3912778e-10)
(1.4248515 0.15805328 1.4909055e-10)
(1.4396725 0.13109617 -6.0233283e-11)
(1.4530207 0.10014984 -2.6869191e-10)
(1.4651051 0.066458791 -4.4293033e-10)
(1.4752916 0.030536431 -5.654198e-10)
(1.4841323 -0.0059716697 -6.1371128e-10)
(1.4908744 -0.043057264 -5.9911727e-10)
(1.49597 -0.078278189 -5.4247104e-10)
(1.498356 -0.11232806 -4.7423583e-10)
(1.4977444 -0.14139375 -4.2825663e-10)
(1.4935567 -0.16767958 -3.8498109e-10)
(1.4844523 -0.18589225 -3.722755e-10)
(1.4725956 -0.20125255 -3.1218875e-10)
(1.4542032 -0.20662014 -2.9126807e-10)
(1.4370722 -0.21120317 -1.9475072e-10)
(1.4112665 -0.20486917 -2.1570967e-10)
(1.3937497 -0.20097705 -1.6498138e-10)
(1.3547947 -0.18095904 -3.7857283e-10)
(1.3248369 0.011252615 7.124507e-11)
(1.3241251 0.033537092 -1.8910618e-10)
(1.3227197 0.056306813 2.5303668e-10)
(1.3206689 0.080059958 -3.9959349e-10)
(1.3179625 0.10566651 5.2024195e-10)
(1.3152878 0.13366984 -5.94009e-10)
(1.3127697 0.16517006 6.7161495e-10)
(1.3117959 0.2006216 -5.6491958e-10)
(1.3125584 0.24155749 4.1669374e-10)
(1.3180569 0.28756827 2.0368608e-10)
(1.3261689 0.34082442 -1.3284304e-09)
(1.3471371 0.3965974 3.9495885e-09)
(1.3772929 0.46684075 -7.3485935e-09)
(1.4247072 0.52276135 1.0452139e-08)
(1.4908346 0.60208064 -1.2929881e-08)
(1.575028 0.63420714 2.0525723e-08)
(1.6856145 0.68313836 -4.7449438e-08)
(1.8117263 0.6681842 8.7652784e-08)
(1.9315621 0.6268424 7.750297e-08)
(1.9885261 0.52515506 -1.0691653e-07)
(1.9887302 0.41949488 -1.8826657e-07)
(1.9638527 0.32888153 -1.1037268e-07)
(1.9003711 0.24759454 -7.0720555e-08)
(1.8296435 0.18432018 -3.8373818e-08)
(1.7635625 0.13019708 -1.2523552e-08)
(1.7074579 0.079216553 7.4427048e-09)
(1.6574297 0.030182322 2.5170896e-08)
(1.6074548 -0.015317209 3.9980206e-08)
(1.5569785 -0.053195083 5.042436e-08)
(1.5078771 -0.082963291 5.7712117e-08)
(1.4577957 -0.10333333 6.1557606e-08)
(1.4072494 -0.11302197 5.9337578e-08)
(1.3579693 -0.11211482 5.3297446e-08)
(1.3116677 -0.10061918 4.2981336e-08)
(1.2729525 -0.079017587 2.5938682e-08)
(1.2467516 -0.05074722 4.9862474e-09)
(1.2350183 -0.020510434 -1.39954e-08)
(1.2424183 0.0085234355 -2.8403226e-08)
(1.2722119 0.034001938 -3.837389e-08)
(1.3225592 0.050949006 -4.4844639e-08)
(1.3916247 0.052674496 -4.8574817e-08)
(1.4760993 0.034953689 -5.0090058e-08)
(1.5709904 -0.0035619599 -4.9878946e-08)
(1.6717595 -0.063184754 -4.7764848e-08)
(1.77189 -0.14286303 -4.2502742e-08)
(1.8571004 -0.23642219 -3.4289932e-08)
(1.916371 -0.33238466 -2.5461451e-08)
(1.948068 -0.41972537 -1.7461492e-08)
(1.9551585 -0.49937329 -1.3291921e-08)
(1.9456968 -0.57132852 -1.0522027e-08)
(1.9234277 -0.6226893 -2.6227067e-09)
(1.8788693 -0.65349716 2.9455629e-09)
(1.8199306 -0.66207909 5.2924721e-09)
(1.7523975 -0.65054992 5.2595308e-09)
(1.6809517 -0.62293428 4.0363844e-09)
(1.6092812 -0.58377807 2.6117418e-09)
(1.5394314 -0.53674266 1.5487828e-09)
(1.4726859 -0.48344023 7.4200386e-10)
(1.4097529 -0.42587987 3.6548316e-11)
(1.3499089 -0.36810987 8.5658809e-11)
(1.2926277 -0.3109986 1.0782751e-09)
(1.2394281 -0.25036289 1.0105168e-09)
(1.1906989 -0.18739971 -1.9854975e-09)
(1.1418831 -0.13600833 -5.5994206e-09)
(1.086362 -0.11180273 -4.5043614e-09)
(1.0219192 -0.11550793 4.0985957e-09)
(0.95347919 -0.12993953 1.7456197e-08)
(0.89046407 -0.13174593 2.9398966e-08)
(0.84224134 -0.10477282 3.4552775e-08)
(0.81472199 -0.045730283 3.1198991e-08)
(0.80953177 0.037826999 2.1423712e-08)
(0.82522268 0.13355276 9.1105199e-09)
(0.85850945 0.22900828 -2.3437607e-09)
(0.90512672 0.31435886 -1.1105853e-08)
(0.96082519 0.38315816 -1.6739378e-08)
(1.0220723 0.43173525 -1.9559302e-08)
(1.0860501 0.45830731 -2.007995e-08)
(1.1501331 0.46276126 -1.8723073e-08)
(1.2116267 0.44703195 -1.5772502e-08)
(1.2680978 0.41507271 -1.1503739e-08)
(1.3178203 0.37194317 -6.3631232e-09)
(1.3599291 0.32282052 -1.0349348e-09)
(1.3945658 0.27220024 3.7045325e-09)
(1.4232507 0.22280288 7.2496237e-09)
(1.4491761 0.17430953 9.3834449e-09)
(1.4769217 0.123081 1.033749e-08)
(1.5109918 0.063313944 1.0611198e-08)
(1.5532849 -0.010134442 1.0568277e-08)
(1.6004601 -0.097629155 1.0148948e-08)
(1.6434888 -0.19188658 9.0924959e-09)
(1.670463 -0.27941847 7.4553929e-09)
(1.6716282 -0.34661377 5.6799543e-09)
(1.6436581 -0.38522915 4.0668607e-09)
(1.5902978 -0.39399383 2.4768608e-09)
(1.5199888 -0.37809475 8.0083591e-10)
(1.4428033 -0.34726695 -4.4632351e-10)
(1.3679609 -0.31280655 -3.1196603e-10)
(1.3021999 -0.28431299 1.7274439e-09)
(1.248803 -0.26712721 5.1273844e-09)
(1.2078781 -0.26153185 8.4611261e-09)
(1.1775011 -0.26386455 1.0165552e-08)
(1.155081 -0.26872691 9.293144e-09)
(1.1382732 -0.27091326 5.8702063e-09)
(1.1255112 -0.26641423 7.8206118e-10)
(1.1160216 -0.2526252 -4.652412e-09)
(1.109515 -0.22815084 -9.1815446e-09)
(1.1060093 -0.19248052 -1.1988053e-08)
(1.1055731 -0.14585287 -1.280455e-08)
(1.1080848 -0.089168423 -1.1806743e-08)
(1.1133602 -0.023946562 -9.4063418e-09)
(1.1211986 0.047645127 -6.0849219e-09)
(1.1311736 0.12337954 -2.3383564e-09)
(1.1430236 0.20076297 1.3085226e-09)
(1.1573904 0.27644544 4.3161215e-09)
(1.1755172 0.34560282 6.2496203e-09)
(1.1981459 0.40250001 6.9670439e-09)
(1.2242936 0.44290904 6.6958123e-09)
(1.2517481 0.46607016 5.8653074e-09)
(1.2794532 0.47308264 4.8186515e-09)
(1.3085483 0.46348617 3.6834843e-09)
(1.3396125 0.43544693 2.4926159e-09)
(1.3708113 0.38958879 1.3101113e-09)
(1.40053 0.33025089 1.3566447e-10)
(1.428459 0.2616406 -1.1806506e-09)
(1.4543359 0.18748973 -2.780896e-09)
(1.4777484 0.11110215 -4.5170972e-09)
(1.4983081 0.035127261 -5.8904985e-09)
(1.515439 -0.038206632 -6.3602903e-09)
(1.5279632 -0.1065454 -5.7470592e-09)
(1.5340019 -0.1669972 -4.3325236e-09)
(1.5315678 -0.21666991 -2.5908101e-09)
(1.5196046 -0.2537147 -8.6132843e-10)
(1.4986896 -0.27812979 7.2718098e-10)
(1.4709554 -0.29176677 2.0864965e-09)
(1.439375 -0.29759359 3.0037163e-09)
(1.4068697 -0.29868412 3.1781087e-09)
(1.3756679 -0.29739003 2.422756e-09)
(1.3470802 -0.29490289 8.3897352e-10)
(1.3216161 -0.29118512 -1.1855048e-09)
(1.2992665 -0.28518137 -3.1481687e-09)
(1.2797737 -0.27522008 -4.6499323e-09)
(1.2628173 -0.25948611 -5.5314699e-09)
(1.2481222 -0.23648223 -5.8751696e-09)
(1.2355048 -0.20541534 -5.9015643e-09)
(1.2248743 -0.16643486 -5.8293007e-09)
(1.216235 -0.12067318 -5.7664034e-09)
(1.2096483 -0.070094978 -5.675552e-09)
(1.2052055 -0.017219267 -5.4197378e-09)
(1.2029788 0.035366829 -4.8553365e-09)
(1.20292 0.085516918 -3.9203634e-09)
(1.2049211 0.13182049 -2.6747785e-09)
(1.2090297 0.17360228 -1.2814782e-09)
(1.2155147 0.21052064 5.4824606e-11)
(1.2247444 0.24210828 1.1585693e-09)
(1.236888 0.26763734 1.9324817e-09)
(1.2517336 0.28635808 2.3669742e-09)
(1.2687858 0.2977583 2.5161127e-09)
(1.2875048 0.30156616 2.4616753e-09)
(1.3073868 0.29760918 2.2841016e-09)
(1.3278986 0.28582022 2.045624e-09)
(1.348479 0.26638776 1.7855592e-09)
(1.3686086 0.23983227 1.5291743e-09)
(1.3878558 0.20697254 1.3018041e-09)
(1.4058912 0.16883623 1.1282855e-09)
(1.4225857 0.12648619 1.0100031e-09)
(1.4380749 0.080823888 9.0777476e-10)
(1.4526277 0.032587186 7.6340048e-10)
(1.4662718 -0.017349359 5.4722983e-10)
(1.4783473 -0.067526787 2.8074127e-10)
(1.4874105 -0.11569683 7.3624342e-12)
(1.4916265 -0.15920006 -2.5413926e-10)
(1.4894943 -0.19567245 -5.2012104e-10)
(1.4804631 -0.22370552 -8.0657585e-10)
(1.4650936 -0.24307308 -1.0886021e-09)
(1.4447731 -0.25446015 -1.2980657e-09)
(1.4212272 -0.25894724 -1.362801e-09)
(1.3960678 -0.25755058 -1.2546332e-09)
(1.3705304 -0.25096796 -1.011801e-09)
(1.3454371 -0.23953939 -7.2551624e-10)
(1.3213292 -0.22338901 -5.0420527e-10)
(1.2986207 -0.20266363 -4.3677338e-10)
(1.2776639 -0.17770689 -5.696666e-10)
(1.2587638 -0.14909337 -9.0125113e-10)
(1.2421888 -0.11760243 -1.3890194e-09)
(1.2281782 -0.084168245 -1.9631936e-09)
(1.2169163 -0.049813972 -2.5415342e-09)
(1.2085253 -0.015565735 -3.042811e-09)
(1.2030619 0.017620483 -3.3976715e-09)
(1.2004683 0.048949291 -3.5567944e-09)
(1.2005516 0.077823952 -3.4963396e-09)
(1.2030755 0.10392133 -3.221084e-09)
(1.2077949 0.12714517 -2.7643383e-09)
(1.2145472 0.14752603 -2.1834888e-09)
(1.2232609 0.16503189 -1.5500429e-09)
(1.2339035 0.17947888 -9.3588865e-10)
(1.2463942 0.19050541 -4.0010399e-10)
(1.2605425 0.19769029 1.9181061e-11)
(1.2761243 0.2006075 3.0617204e-10)
(1.292823 0.19887686 4.6341169e-10)
(1.310371 0.19218933 5.0656933e-10)
(1.3283024 0.18036311 4.5761101e-10)
(1.3463114 0.16347407 3.4334115e-10)
(1.3638102 0.14176942 1.8947703e-10)
(1.380616 0.11584325 2.7061544e-11)
(1.396094 0.086275573 -1.1871508e-10)
(1.410347 0.054084886 -2.1927296e-10)
(1.4226721 0.01989086 -2.6959537e-10)
(1.4333495 -0.014866478 -2.7057586e-10)
(1.4412517 -0.049698924 -2.5288155e-10)
(1.446487 -0.082322749 -2.3603604e-10)
(1.4475254 -0.11278139 -2.3633846e-10)
(1.4443579 -0.13784331 -2.5013206e-10)
(1.4362438 -0.15936893 -2.4567719e-10)
(1.4230316 -0.17313998 -2.3366379e-10)
(1.406614 -0.18421716 -1.6329665e-10)
(1.3846757 -0.18634873 -1.2867367e-10)
(1.3642709 -0.18856344 -4.3103761e-11)
(1.3361674 -0.18069457 -1.0268468e-10)
(1.3175124 -0.17647099 -1.0328209e-10)
(1.2772637 -0.15630591 -4.198294e-10)
(1.2713029 0.011521946 2.2993077e-10)
(1.2713251 0.034269166 -4.8554846e-10)
(1.2712481 0.05749765 5.8355067e-10)
(1.2713735 0.081388973 -9.038909e-10)
(1.2713812 0.10707945 1.1112294e-09)
(1.2725609 0.13438493 -1.347908e-09)
(1.2741671 0.16510759 1.4555993e-09)
(1.2790187 0.19800355 -1.336466e-09)
(1.2849483 0.23636194 1.0205573e-09)
(1.298058 0.27611873 -1.267251e-10)
(1.3150951 0.32561795 -1.4537883e-09)
(1.3401586 0.36896979 4.243947e-09)
(1.3745512 0.42563328 -7.1605422e-09)
(1.4216262 0.46621603 9.5755046e-09)
(1.4807389 0.51953076 -1.058628e-08)
(1.5572339 0.54589413 1.0825293e-08)
(1.6396173 0.56613051 -1.1188485e-08)
(1.7438158 0.56086732 4.1853655e-11)
(1.8302483 0.52075376 3.5741171e-08)
(1.9234068 0.47497571 -3.5116319e-09)
(1.9658453 0.40425466 -6.5925395e-08)
(1.975644 0.33222452 -7.303706e-08)
(1.9684791 0.26543975 -6.9728956e-08)
(1.9510386 0.20717824 -6.1897715e-08)
(1.929337 0.15587183 -5.2686269e-08)
(1.9056654 0.10794755 -4.3137588e-08)
(1.879278 0.062827195 -3.120467e-08)
(1.8506301 0.021131869 -1.8534847e-08)
(1.816848 -0.014145654 -4.9458583e-09)
(1.779167 -0.041844881 6.4938027e-09)
(1.7400425 -0.060517282 1.8893993e-08)
(1.7012476 -0.070045087 2.8356399e-08)
(1.6662733 -0.070560847 3.5200342e-08)
(1.6352326 -0.063021761 4.1641297e-08)
(1.6105135 -0.048279559 4.352649e-08)
(1.595656 -0.030741272 3.8907408e-08)
(1.5919994 -0.014814619 3.1238829e-08)
(1.5985601 -0.00056540009 2.3386015e-08)
(1.6180643 0.0089820988 1.5954123e-08)
(1.6528714 0.0090053047 8.8809406e-09)
(1.7011417 -0.0048297207 3.047761e-09)
(1.7593026 -0.034384316 -7.3660316e-10)
(1.8208697 -0.079373431 -2.4396729e-09)
(1.8782837 -0.1383151 -2.6287306e-09)
(1.925516 -0.20713945 -1.6430735e-09)
(1.9575657 -0.27920793 -3.9998856e-10)
(1.9741986 -0.3519565 -9.9394814e-10)
(1.9779429 -0.4251626 -2.31771e-09)
(1.9702451 -0.49079614 -3.9635232e-10)
(1.9443624 -0.54229447 4.5445897e-09)
(1.8977762 -0.57856882 6.9795564e-09)
(1.8376409 -0.59542949 6.9625779e-09)
(1.7696187 -0.59413403 5.4357382e-09)
(1.6981543 -0.57816044 3.4730679e-09)
(1.6266988 -0.55056848 1.8104361e-09)
(1.5572084 -0.51370945 7.5008575e-10)
(1.4902152 -0.46960884 2.5078916e-10)
(1.4259387 -0.41959508 -1.727753e-11)
(1.3648885 -0.36537863 -2.8575594e-10)
(1.3068926 -0.31036911 -1.5191627e-10)
(1.2514582 -0.25619715 6.6121674e-10)
(1.1997483 -0.19979824 8.3414775e-10)
(1.1531424 -0.14016812 -1.3998721e-09)
(1.1088724 -0.087004269 -4.879058e-09)
(1.0602734 -0.055545713 -5.3282552e-09)
(1.002572 -0.051608483 5.2930172e-10)
(0.93750401 -0.064266224 1.1707734e-08)
(0.87295386 -0.073334377 2.3857602e-08)
(0.81893444 -0.062061533 3.2377332e-08)
(0.78303662 -0.024055095 3.469109e-08)
(0.76885262 0.03726651 3.0900433e-08)
(0.77638737 0.11262223 2.307334e-08)
(0.80287149 0.19144147 1.3933941e-08)
(0.84429067 0.26444205 5.6871246e-09)
(0.89661123 0.32478167 -4.4721681e-10)
(0.95622736 0.36823791 -4.074696e-09)
(1.0198795 0.39274236 -5.2776199e-09)
(1.084404 0.39814035 -4.3550397e-09)
(1.1467375 0.38618868 -1.7320964e-09)
(1.2042699 0.36026091 2.0177681e-09)
(1.2552946 0.32458615 6.1686353e-09)
(1.2993815 0.28324487 9.9565319e-09)
(1.3376897 0.23907009 1.2783204e-08)
(1.3730633 0.19281233 1.4374237e-08)
(1.4094748 0.14284152 1.4802728e-08)
(1.4506558 0.085766413 1.4375074e-08)
(1.4980872 0.018273186 1.3406814e-08)
(1.5489327 -0.059820879 1.2009021e-08)
(1.5952095 -0.14314813 1.0133069e-08)
(1.6259105 -0.22142695 7.8917172e-09)
(1.6317353 -0.28363124 5.6972423e-09)
(1.6092047 -0.32226694 3.9041201e-09)
(1.5613518 -0.33541891 2.4300156e-09)
(1.4956388 -0.32641481 9.8761482e-10)
(1.4212943 -0.30241848 -2.9947023e-10)
(1.347175 -0.2726422 -7.1651294e-10)
(1.2801189 -0.24608673 4.7802723e-10)
(1.2239662 -0.22912516 3.3020827e-09)
(1.1793615 -0.22391743 6.827711e-09)
(1.1445961 -0.22849194 9.6203496e-09)
(1.1169279 -0.23832464 1.042055e-08)
(1.0938304 -0.24829964 8.6383045e-09)
(1.0736187 -0.25400549 4.5128239e-09)
(1.0555276 -0.25221774 -1.0203466e-09)
(1.0394992 -0.24095356 -6.6708689e-09)
(1.0258323 -0.21912336 -1.1226711e-08)
(1.0150139 -0.1863706 -1.3903694e-08)
(1.0074822 -0.14291706 -1.4481643e-08)
(1.0036005 -0.089508325 -1.3212615e-08)
(1.0034838 -0.027533634 -1.0605589e-08)
(1.0073166 0.041070707 -7.2336517e-09)
(1.0152629 0.11377633 -3.6364696e-09)
(1.0273785 0.18761861 -2.9937744e-10)
(1.0442266 0.2588573 2.3667445e-09)
(1.06641 0.32295469 4.0938938e-09)
(1.0937868 0.3753771 4.8401297e-09)
(1.1250975 0.41300219 4.7889215e-09)
(1.1588024 0.43470204 4.2256746e-09)
(1.1943418 0.44019002 3.3857756e-09)
(1.2319444 0.42875671 2.3986902e-09)
(1.2710543 0.39985657 1.3118195e-09)
(1.3100145 0.35491278 8.9495632e-11)
(1.347295 0.29742445 -1.3805446e-09)
(1.381944 0.23127871 -3.1479134e-09)
(1.4132702 0.16013395 -4.9880589e-09)
(1.4407209 0.08717371 -6.3791479e-09)
(1.4636798 0.015160013 -6.7930532e-09)
(1.4809765 -0.053121366 -6.0709588e-09)
(1.4908009 -0.11456171 -4.5247301e-09)
(1.491305 -0.16614792 -2.6775578e-09)
(1.481518 -0.20588849 -9.1600964e-10)
(1.4620655 -0.23356096 6.2907247e-10)
(1.4350974 -0.25073977 1.9292537e-09)
(1.4035637 -0.2601239 2.8546294e-09)
(1.3703412 -0.2646234 3.144184e-09)
(1.3376274 -0.2666179 2.5713557e-09)
(1.3067416 -0.26755322 1.1449366e-09)
(1.278244 -0.26783204 -8.255181e-10)
(1.2521981 -0.26689873 -2.8455486e-09)
(1.2284432 -0.26345979 -4.446783e-09)
(1.2067974 -0.25580298 -5.3631471e-09)
(1.1871688 -0.24218114 -5.5907774e-09)
(1.1695867 -0.22120865 -5.3302319e-09)
(1.1541885 -0.19220905 -4.8630354e-09)
(1.1411815 -0.15542129 -4.4251516e-09)
(1.1307869 -0.11201278 -4.1238631e-09)
(1.123198 -0.063955114 -3.9209934e-09)
(1.1185377 -0.013679702 -3.6800375e-09)
(1.1168089 0.036352084 -3.2495529e-09)
(1.1178497 0.084090142 -2.5424795e-09)
(1.1214421 0.12808351 -1.5767006e-09)
(1.1275019 0.16748976 -4.6441653e-10)
(1.1361088 0.20181257 6.3679551e-10)
(1.1474163 0.23061175 1.5828258e-09)
(1.1614616 0.25338763 2.2847847e-09)
(1.1780576 0.2696596 2.7202787e-09)
(1.1968313 0.27906373 2.9191805e-09)
(1.217336 0.2813603 2.938153e-09)
(1.2391019 0.2763988 2.8375803e-09)
(1.26162 0.2641516 2.6686809e-09)
(1.2843505 0.24481537 2.4720108e-09)
(1.3067675 0.21886217 2.28013e-09)
(1.3284359 0.18700838 2.1115843e-09)
(1.3491038 0.15007894 1.9556196e-09)
(1.3687331 0.10887531 1.7685665e-09)
(1.3873857 0.064162692 1.5015476e-09)
(1.4048421 0.016941984 1.1431421e-09)
(1.4202201 -0.031241498 7.3310378e-10)
(1.4319481 -0.078138268 3.2864444e-10)
(1.4381603 -0.12113505 -4.2704551e-11)
(1.4373788 -0.15792591 -3.9312359e-10)
(1.429103 -0.18711856 -7.3818703e-10)
(1.4139602 -0.20845404 -1.0542819e-09)
(1.3934028 -0.2225637 -1.2736384e-09)
(1.3691967 -0.23046937 -1.322077e-09)
(1.3429772 -0.23312055 -1.1679414e-09)
(1.3160111 -0.23114666 -8.4717282e-10)
(1.2891682 -0.22483129 -4.5251698e-10)
(1.2630266 -0.21422683 -9.9090254e-11)
(1.2380155 -0.19932475 1.1288583e-10)
(1.2145246 -0.180226 1.2297131e-10)
(1.1929345 -0.15724692 -8.145416e-11)
(1.173607 -0.13093745 -4.70589e-10)
(1.1568632 -0.10204182 -9.8469599e-10)
(1.1429684 -0.071440745 -1.5484378e-09)
(1.1321039 -0.040077749 -2.0838863e-09)
(1.1243616 -0.0088913188 -2.5211696e-09)
(1.1197487 0.021303866 -2.8063959e-09)
(1.1181401 0.049783975 -2.9069474e-09)
(1.1192967 0.076040026 -2.8143435e-09)
(1.1229652 0.09977639 -2.5445996e-09)
(1.1288965 0.12085517 -2.1352432e-09)
(1.1369146 0.13922286 -1.6390841e-09)
(1.1469119 0.15478464 -1.115075e-09)
(1.1588215 0.1673543 -6.1847867e-10)
(1.1725535 0.17662345 -1.9269238e-10)
(1.1879586 0.18223584 1.3515186e-10)
(1.2048466 0.18381331 3.5460591e-10)
(1.2229445 0.18102811 4.6931087e-10)
(1.2419774 0.17362829 4.9345141e-10)
(1.2615233 0.16150071 4.478003e-10)
(1.2812461 0.14473514 3.5796393e-10)
(1.3006047 0.12359182 2.5024635e-10)
(1.3193307 0.098587472 1.5111086e-10)
(1.3367994 0.070303541 7.6638698e-11)
(1.352869 0.039664716 3.419167e-11)
(1.3666256 0.0074897907 9.6852602e-12)
(1.3778683 -0.024789565 -1.0833159e-11)
(1.3851707 -0.056227777 -4.8307535e-11)
(1.3884207 -0.084807345 -9.6341918e-11)
(1.3861534 -0.11026462 -1.4409044e-10)
(1.3789444 -0.13028281 -1.6616968e-10)
(1.3663303 -0.14657192 -1.4354377e-10)
(1.3492864 -0.15610256 -9.4831982e-11)
(1.3293318 -0.16350734 -8.4350855e-12)
(1.305399 -0.1633651 2.4510772e-11)
(1.2832347 -0.16402517 6.8409948e-11)
(1.2547406 -0.15555229 -4.5295965e-11)
(1.2359161 -0.15137768 -1.1224512e-10)
(1.1963339 -0.13177029 -5.017962e-10)
(1.2106519 0.011469045 2.5358152e-10)
(1.2112565 0.034038179 -5.2433882e-10)
(1.2124467 0.057054748 6.0742656e-10)
(1.2142932 0.080407498 -9.2731651e-10)
(1.2168813 0.10544697 1.1022401e-09)
(1.2208665 0.13134776 -1.318987e-09)
(1.2264907 0.16049972 1.3323574e-09)
(1.2347883 0.19028877 -1.1035224e-09)
(1.2462825 0.22536422 6.4799333e-10)
(1.2619586 0.25905374 1.6960427e-10)
(1.2838613 0.30081151 -1.3362183e-09)
(1.3126738 0.33724728 2.9044594e-09)
(1.3483184 0.38076139 -4.0493267e-09)
(1.3952509 0.41428366 4.271985e-09)
(1.4483703 0.44933867 -3.1504292e-09)
(1.51622 0.47142137 1.4985741e-09)
(1.5860425 0.48171234 4.0397734e-10)
(1.6674985 0.47712459 -3.3615524e-09)
(1.7437174 0.45106664 3.8340854e-09)
(1.812145 0.40926266 8.1012647e-09)
(1.8683192 0.36015227 -6.587027e-09)
(1.9079886 0.30908651 -2.2314516e-08)
(1.9264226 0.25699472 -3.1057265e-08)
(1.9311149 0.20734451 -3.5301225e-08)
(1.9269056 0.16173922 -3.504897e-08)
(1.9200574 0.11997765 -3.2627263e-08)
(1.9100322 0.080995448 -2.8515624e-08)
(1.8964358 0.045602504 -2.3145307e-08)
(1.878826 0.014387819 -1.6639247e-08)
(1.8570033 -0.011131774 -1.0271499e-08)
(1.8327398 -0.029181439 -2.7970253e-09)
(1.8081907 -0.039695372 4.755782e-09)
(1.7868764 -0.043491248 1.1886942e-08)
(1.7684121 -0.041252943 1.8947143e-08)
(1.7561887 -0.034038256 2.4703079e-08)
(1.7527128 -0.026294611 2.7496651e-08)
(1.7560184 -0.020352216 2.8248072e-08)
(1.7655841 -0.015410168 2.8001444e-08)
(1.7847225 -0.015360218 2.6662468e-08)
(1.8125701 -0.025363583 2.4542768e-08)
(1.8448138 -0.046733669 2.2187058e-08)
(1.8779706 -0.078208412 1.9507968e-08)
(1.9098639 -0.11992948 1.677902e-08)
(1.9380809 -0.1710303 1.4714989e-08)
(1.9590567 -0.22864619 1.2335263e-08)
(1.9710951 -0.29041814 9.6567251e-09)
(1.9722626 -0.35298053 9.2402256e-09)
(1.9584339 -0.41085598 9.7176739e-09)
(1.9269832 -0.46070694 9.7638505e-09)
(1.8804233 -0.49857171 8.5083774e-09)
(1.8234149 -0.52115929 6.2584957e-09)
(1.7597899 -0.52910817 3.7742706e-09)
(1.6930831 -0.52443038 1.760803e-09)
(1.6258929 -0.50859981 5.022987e-10)
(1.5595026 -0.48263938 -9.1586923e-11)
(1.4944206 -0.44781662 -2.496492e-10)
(1.430877 -0.40583893 -1.9494697e-10)
(1.3692859 -0.35832112 -1.637729e-10)
(1.310467 -0.3070857 -2.3938258e-10)
(1.2548767 -0.2549725 -9.9456295e-11)
(1.2023777 -0.20376888 4.7259578e-10)
(1.1536404 -0.15160453 6.4266605e-10)
(1.1102436 -0.09651544 -9.4947345e-10)
(1.0713618 -0.044223441 -3.9538412e-09)
(1.0315972 -0.0075562086 -5.4691069e-09)
(0.98445714 0.0051091898 -2.2954444e-09)
(0.92818854 -0.0019019977 6.1107548e-09)
(0.86803771 -0.013818646 1.7013371e-08)
(0.81296991 -0.014387266 2.6590041e-08)
(0.77131658 0.0056018352 3.2383662e-08)
(0.74813217 0.046064988 3.3900811e-08)
(0.74558341 0.10058994 3.184881e-08)
(0.76313661 0.16132383 2.739817e-08)
(0.79721839 0.22011343 2.2247556e-08)
(0.84376933 0.27028873 1.7756846e-08)
(0.89907146 0.30731946 1.4697409e-08)
(0.95953916 0.3289402 1.3309526e-08)
(1.0217539 0.33480698 1.3442985e-08)
(1.0827296 0.32624017 1.4674282e-08)
(1.1402993 0.305734 1.6411436e-08)
(1.1935058 0.27615062 1.8028138e-08)
(1.2428304 0.23985567 1.9024959e-08)
(1.2900875 0.19806646 1.9143722e-08)
(1.3378332 0.15063825 1.8377512e-08)
(1.3882603 0.096359243 1.6897228e-08)
(1.4417114 0.034102445 1.4934761e-08)
(1.4951713 -0.035314338 1.2659834e-08)
(1.5417034 -0.10746805 1.0157057e-08)
(1.5721146 -0.17467525 7.5737079e-09)
(1.5787503 -0.22853948 5.2307629e-09)
(1.5588963 -0.26320211 3.4224832e-09)
(1.5154202 -0.27705324 2.0999311e-09)
(1.4549888 -0.27243515 9.3891046e-10)
(1.3857377 -0.25446852 -1.7650964e-10)
(1.3155249 -0.2300005 -8.2638685e-10)
(1.2507261 -0.20642537 -3.1636927e-10)
(1.1952924 -0.18996687 1.7006743e-09)
(1.150322 -0.18395733 4.8250448e-09)
(1.1144295 -0.1881524 8.0356763e-09)
(1.0848839 -0.1994337 1.0152722e-08)
(1.0588934 -0.21335887 1.0282865e-08)
(1.0344608 -0.22558051 8.074831e-09)
(1.0106522 -0.23264545 3.799956e-09)
(0.98739451 -0.23214295 -1.7177435e-09)
(0.96524031 -0.22257174 -7.3296654e-09)
(0.94494472 -0.20307166 -1.1909462e-08)
(0.92739934 -0.17332688 -1.4681811e-08)
(0.91344698 -0.13350043 -1.5393216e-08)
(0.90370912 -0.084184008 -1.4270773e-08)
(0.8987818 -0.026739124 -1.1835861e-08)
(0.89921599 0.037103167 -8.6984262e-09)
(0.90543407 0.10469825 -5.4186256e-09)
(0.91775992 0.17292658 -2.4481719e-09)
(0.93656024 0.2381128 -1.052607e-10)
(0.96190229 0.29623284 1.4478553e-09)
(0.99321094 0.3435689 2.2163441e-09)
(1.0293272 0.37742935 2.336145e-09)
(1.0691038 0.39630082 1.9878119e-09)
(1.1118448 0.39932569 1.3098122e-09)
(1.1569442 0.38597672 3.5872493e-10)
(1.203207 0.35654146 -8.8277469e-10)
(1.2488868 0.31282134 -2.4461611e-09)
(1.292309 0.25792044 -4.2494448e-09)
(1.332199 0.19534701 -5.9734667e-09)
(1.3675877 0.12847312 -7.1043931e-09)
(1.39751 0.060517683 -7.2022752e-09)
(1.4206142 -0.0052735824 -6.2018858e-09)
(1.4351026 -0.065546062 -4.4659287e-09)
(1.4392766 -0.11713574 -2.5309421e-09)
(1.4324 -0.1579653 -7.8021828e-10)
(1.4152767 -0.18764578 6.7592535e-10)
(1.390128 -0.20745717 1.8608122e-09)
(1.3598706 -0.21974114 2.720657e-09)
(1.3272842 -0.22709269 3.0552531e-09)
(1.2944667 -0.2317287 2.6391487e-09)
(1.26268 -0.23515696 1.4139021e-09)
(1.2324767 -0.23807783 -4.0714313e-10)
(1.2039507 -0.24041111 -2.3944452e-09)
(1.1769841 -0.24138547 -4.0733197e-09)
(1.1514503 -0.23969237 -5.1032785e-09)
(1.1273401 -0.23372187 -5.3763243e-09)
(1.1048202 -0.22188254 -5.0088047e-09)
(1.0842209 -0.20294142 -4.2566644e-09)
(1.0659812 -0.17631978 -3.4040115e-09)
(1.050589 -0.14228962 -2.6673703e-09)
(1.0384657 -0.10198777 -2.1405966e-09)
(1.0298882 -0.057243467 -1.7907035e-09)
(1.0249989 -0.010321228 -1.5003319e-09)
(1.0238032 0.036482348 -1.134876e-09)
(1.0260664 0.081215643 -6.0535074e-10)
(1.0314466 0.12241487 9.7393233e-11)
(1.0397273 0.15912523 9.0771603e-10)
(1.0507971 0.19074324 1.7200095e-09)
(1.064598 0.21683134 2.4316984e-09)
(1.0810235 0.2370103 2.9746615e-09)
(1.099853 0.25095328 3.3257063e-09)
(1.1207621 0.25840298 3.4991827e-09)
(1.143363 0.25917409 3.5311962e-09)
(1.1672263 0.25316208 3.4645854e-09)
(1.1918801 0.24038377 3.338665e-09)
(1.2168362 0.22104553 3.1813902e-09)
(1.2416546 0.19554827 3.0002166e-09)
(1.266013 0.16443663 2.7754806e-09)
(1.2897112 0.12833866 2.4693093e-09)
(1.3125127 0.088007862 2.0554253e-09)
(1.3338663 0.044548746 1.5500711e-09)
(1.3526136 -0.00041164549 1.0120254e-09)
(1.3670292 -0.044645921 5.0489391e-10)
(1.3752705 -0.085658786 5.5769908e-11)
(1.3759878 -0.12130442 -3.4833764e-10)
(1.3688248 -0.15029756 -7.2292948e-10)
(1.3545085 -0.17238165 -1.045813e-09)
(1.3345249 -0.18810606 -1.2533648e-09)
(1.310618 -0.19838693 -1.2761907e-09)
(1.284371 -0.20408893 -1.0844869e-09)
(1.2570041 -0.20578739 -7.1149059e-10)
(1.229368 -0.203726 -2.4441477e-10)
(1.2020515 -0.19790909 2.0620059e-10)
(1.1755068 -0.18824555 5.4021722e-10)
(1.1501503 -0.17468908 6.9126253e-10)
(1.1264078 -0.1573448 6.3559425e-10)
(1.1047101 -0.13652585 3.8900435e-10)
(1.0854636 -0.11275186 -3.1264451e-12)
(1.0690157 -0.086709191 -4.7806245e-10)
(1.0556331 -0.059192941 -9.6739012e-10)
(1.0454695 -0.031044004 -1.406784e-09)
(1.0386074 -0.0030788932 -1.7435212e-09)
(1.0349938 0.023992037 -1.9416872e-09)
(1.0344363 0.049535329 -1.9847632e-09)
(1.0367123 0.07310545 -1.8762333e-09)
(1.0415693 0.094413254 -1.637824e-09)
(1.0487673 0.11328013 -1.305199e-09)
(1.0581278 0.12958456 -9.219042e-10)
(1.0695242 0.14318066 -5.3228888e-10)
(1.0828662 0.15386702 -1.7513562e-10)
(1.0980528 0.16136411 1.2107087e-10)
(1.1149477 0.16536279 3.4021783e-10)
(1.133368 0.16554181 4.7848049e-10)
(1.1530621 0.16163648 5.4241567e-10)
(1.1737364 0.15345305 5.4641799e-10)
(1.1949917 0.1409418 5.0946906e-10)
(1.2164424 0.12420969 4.5189266e-10)
(1.2375442 0.10354604 3.9045133e-10)
(1.2578556 0.079464503 3.3496337e-10)
(1.2766108 0.052648264 2.8377861e-10)
(1.2932623 0.024088455 2.2902677e-10)
(1.306631 -0.0051557048 1.5888055e-10)
(1.3161572 -0.033643162 7.4929673e-11)
(1.3205106 -0.060278552 -1.3914247e-11)
(1.3197589 -0.083565371 -8.0024125e-11)
(1.3130301 -0.1033185 -1.0671185e-10)
(1.3015642 -0.11822543 -8.1005348e-11)
(1.2852706 -0.12982018 -1.4067006e-11)
(1.2658122 -0.13606524 6.2433693e-11)
(1.2441302 -0.14083183 1.3547681e-10)
(1.2200145 -0.13943794 1.3662331e-10)
(1.1976356 -0.13925656 1.1877118e-10)
(1.1702997 -0.13082202 -4.2886229e-11)
(1.1520756 -0.12691157 -1.6295967e-10)
(1.1146304 -0.1082953 -5.6898981e-10)
(1.1428599 0.011128947 1.8129286e-10)
(1.1439534 0.032985443 -3.7726088e-10)
(1.1462218 0.055173682 4.2342539e-10)
(1.1495066 0.077501549 -6.317932e-10)
(1.1542119 0.10119245 7.2035332e-10)
(1.1605172 0.12537969 -8.364352e-10)
(1.1691544 0.15210832 7.7897027e-10)
(1.1803881 0.17908233 -5.338274e-10)
(1.1951796 0.20973911 1.3901583e-10)
(1.2140677 0.23942075 3.4898752e-10)
(1.2377892 0.27326376 -8.250817e-10)
(1.2682903 0.3042575 1.3449224e-09)
(1.3041934 0.33739744 -1.5630328e-09)
(1.3491293 0.36512099 1.1598873e-09)
(1.399004 0.3897288 -2.2400927e-10)
(1.4581006 0.40652213 -2.778234e-10)
(1.5206528 0.41308782 4.439709e-10)
(1.5871051 0.40812048 -3.2743507e-10)
(1.6526201 0.38921226 -5.6201151e-10)
(1.7110753 0.35745804 1.6047029e-09)
(1.7600236 0.3173418 9.4781073e-10)
(1.79685 0.2740284 -1.9231798e-09)
(1.8238081 0.23174698 -5.4688352e-09)
(1.8436656 0.19203547 -9.5792653e-09)
(1.8572899 0.15485165 -1.3096965e-08)
(1.8644185 0.11946846 -1.4890926e-08)
(1.86571 0.086034841 -1.4886903e-08)
(1.8617791 0.055341869 -1.3512006e-08)
(1.8534719 0.028260159 -1.1338696e-08)
(1.8418385 0.005684482 -8.8000151e-09)
(1.8284522 -0.010989091 -5.6396458e-09)
(1.814554 -0.022332335 -1.7904415e-09)
(1.8023981 -0.028808275 2.6179429e-09)
(1.7922329 -0.030604976 6.6271691e-09)
(1.7874883 -0.030090395 1.1842268e-08)
(1.7880542 -0.028947833 1.3705506e-08)
(1.7923335 -0.027874249 1.5300069e-08)
(1.802871 -0.029220555 1.6639799e-08)
(1.819504 -0.036394396 1.7355838e-08)
(1.8398865 -0.050467528 1.7565067e-08)
(1.8621302 -0.072241908 1.7307545e-08)
(1.8839769 -0.10339903 1.6410425e-08)
(1.9026241 -0.14283809 1.5101621e-08)
(1.9154584 -0.18860775 1.346691e-08)
(1.9201245 -0.23859862 1.1662193e-08)
(1.9145092 -0.28984151 9.926427e-09)
(1.8968736 -0.33926282 8.1847205e-09)
(1.8672358 -0.38386807 6.2439428e-09)
(1.8273042 -0.42011261 4.1162842e-09)
(1.7790515 -0.44592608 2.1043228e-09)
(1.7246346 -0.46132701 5.843406e-10)
(1.6663522 -0.46638917 -2.5263399e-10)
(1.6059529 -0.46093243 -4.991569e-10)
(1.5443787 -0.44505953 -4.1928206e-10)
(1.4822295 -0.41942253 -2.4271057e-10)
(1.4202189 -0.38535721 -7.8660115e-11)
(1.3591953 -0.34471004 3.2383202e-11)
(1.3001156 -0.29935203 3.5289444e-11)
(1.2440588 -0.25117895 -4.0540676e-11)
(1.1917477 -0.20251067 4.2669655e-11)
(1.1433236 -0.15490185 3.9021504e-10)
(1.0992036 -0.1071445 4.5729083e-10)
(1.060615 -0.057416777 -6.9728274e-10)
(1.027623 -0.0087956586 -3.1054253e-09)
(0.9969598 0.029578448 -4.9741147e-09)
(0.96302078 0.049502935 -3.8622241e-09)
(0.92141481 0.050550581 1.3126402e-09)
(0.8725814 0.041318346 9.6033065e-09)
(0.82244456 0.03459509 1.8735016e-08)
(0.7799688 0.040343375 2.6211947e-08)
(0.75299464 0.062087725 3.0448679e-08)
(0.74350921 0.097025558 3.1886403e-08)
(0.75045323 0.13976304 3.1831152e-08)
(0.77449753 0.1838444 3.0493527e-08)
(0.81282515 0.22252096 2.8576176e-08)
(0.86151016 0.25178369 2.6821494e-08)
(0.91708314 0.26926173 2.5563127e-08)
(0.97632015 0.2741433 2.4799829e-08)
(1.0366414 0.26692965 2.4303386e-08)
(1.0964027 0.24893024 2.3747424e-08)
(1.1550285 0.2216788 2.2840743e-08)
(1.2128489 0.18641624 2.1420089e-08)
(1.2706019 0.14388506 1.9471588e-08)
(1.3286197 0.094494624 1.7095334e-08)
(1.385849 0.038846805 1.445259e-08)
(1.4389345 -0.021246402 1.1707848e-08)
(1.4820471 -0.08178207 8.9931204e-09)
(1.508212 -0.13689216 6.4500283e-09)
(1.5120596 -0.18058052 4.2873775e-09)
(1.4922867 -0.20890921 2.6851306e-09)
(1.4519805 -0.22107288 1.5888862e-09)
(1.3970888 -0.21892034 7.0958349e-10)
(1.3344978 -0.20601267 -1.5510798e-10)
(1.2707326 -0.18706937 -8.0589352e-10)
(1.2112079 -0.16753737 -7.1202978e-10)
(1.1595729 -0.15264617 5.6613197e-10)
(1.1171762 -0.14602257 2.9830496e-09)
(1.0830681 -0.14865087 5.9534746e-09)
(1.0547366 -0.15886804 8.6104014e-09)
(1.0292511 -0.17332808 1.0124534e-08)
(1.0042537 -0.18825422 9.9136503e-09)
(0.97843711 -0.20035369 7.7465872e-09)
(0.95153621 -0.20713631 3.809204e-09)
(0.92405993 -0.20687614 -1.2899339e-09)
(0.89695027 -0.1984075 -6.6328472e-09)
(0.87136031 -0.18102334 -1.1239148e-08)
(0.84842881 -0.15438292 -1.4350376e-08)
(0.82932093 -0.11858941 -1.562285e-08)
(0.81500567 -0.074218384 -1.5154362e-08)
(0.8063312 -0.022353373 -1.3363134e-08)
(0.80414746 0.03525425 -1.0806668e-08)
(0.80903293 0.09607366 -8.0269332e-09)
(0.82143776 0.1571232 -5.4595226e-09)
(0.84158754 0.21501409 -3.3942343e-09)
(0.86928287 0.26621906 -1.97133e-09)
(0.90382998 0.30753457 -1.2035209e-09)
(0.9441766 0.33648362 -1.023659e-09)
(0.98921003 0.35143796 -1.3438526e-09)
(1.0378614 0.35147891 -2.0964133e-09)
(1.0888796 0.3364091 -3.2295181e-09)
(1.14061 0.30699128 -4.6527521e-09)
(1.1911401 0.26512746 -6.1561606e-09)
(1.2386622 0.2136179 -7.3730875e-09)
(1.2815956 0.15563786 -7.8732196e-09)
(1.3184335 0.094573385 -7.3818877e-09)
(1.3474702 0.033945983 -5.9726365e-09)
(1.3667899 -0.022648373 -4.0483239e-09)
(1.3748798 -0.072034767 -2.1017101e-09)
(1.3713386 -0.11211253 -4.4812798e-10)
(1.3572239 -0.14237408 8.5533348e-10)
(1.334839 -0.16380058 1.8757151e-09)
(1.307021 -0.17829597 2.6128026e-09)
(1.2763894 -0.18800748 2.9242971e-09)
(1.2448879 -0.19482343 2.6133077e-09)
(1.2136849 -0.20013232 1.5907097e-09)
(1.1833083 -0.2047581 -1.4217916e-11)
(1.153864 -0.20896141 -1.8667153e-09)
(1.1252534 -0.21245975 -3.5463383e-09)
(1.0973476 -0.21446536 -4.6981223e-09)
(1.070124 -0.21378256 -5.1388477e-09)
(1.0437464 -0.20898986 -4.883031e-09)
(1.018599 -0.19869551 -4.1000623e-09)
(0.99526934 -0.18183319 -3.0367012e-09)
(0.97445073 -0.15791177 -1.9368118e-09)
(0.9568471 -0.12717727 -9.7946079e-10)
(0.94308193 -0.090637294 -2.4582953e-10)
(0.93355181 -0.049930276 2.8049698e-10)
(0.92841316 -0.0071214582 6.8211029e-10)
(0.9276633 0.035745301 1.059876e-09)
(0.93103435 0.076833417 1.4887383e-09)
(0.93812283 0.11470126 1.991738e-09)
(0.9485873 0.14833835 2.540767e-09)
(0.96214312 0.17707271 3.0778586e-09)
(0.97854737 0.20044861 3.5425545e-09)
(0.99755815 0.21813214 3.8925785e-09)
(1.0188962 0.22986526 4.1117346e-09)
(1.0422405 0.23545183 4.2063466e-09)
(1.0672378 0.23475254 4.1954665e-09)
(1.0935076 0.2277006 4.0994498e-09)
(1.1206547 0.21433013 3.9297267e-09)
(1.1482901 0.19480657 3.6821157e-09)
(1.1760457 0.16943846 3.3384173e-09)
(1.2035331 0.13870276 2.8811194e-09)
(1.2301907 0.10333943 2.3166539e-09)
(1.2550912 0.064498467 1.6894174e-09)
(1.2767952 0.023880188 1.0682627e-09)
(1.2934848 -0.016407091 5.1010732e-10)
(1.3034423 -0.05409024 3.1152913e-11)
(1.3055614 -0.087273068 -3.8624838e-10)
(1.2997054 -0.11484814 -7.5627535e-10)
(1.2867138 -0.13659045 -1.0568099e-09)
(1.2680609 -0.15294864 -1.2307235e-09)
(1.2453952 -0.16467934 -1.2190167e-09)
(1.2201797 -0.17250852 -9.9894295e-10)
(1.1935301 -0.17693032 -6.0192674e-10)
(1.1662289 -0.17816126 -1.047725e-10)
(1.1388313 -0.17619844 3.958428e-10)
(1.1117845 -0.17092758 8.1063012e-10)
(1.0855132 -0.16223215 1.0765454e-09)
(1.0604633 -0.15008535 1.1644253e-09)
(1.0371034 -0.13460927 1.0775852e-09)
(1.0158991 -0.11610636 8.4502786e-10)
(0.99727342 -0.095044198 5.1254284e-10)
(0.98157769 -0.072030516 1.3366444e-10)
(0.9690617 -0.047751789 -2.3832613e-10)
(0.95986389 -0.022934948 -5.5696027e-10)
(0.95403514 0.0017357048 -7.8739137e-10)
(0.95149306 0.025608624 -9.0936374e-10)
(0.95204325 0.048160381 -9.1779264e-10)
(0.9554792 0.068984842 -8.2200351e-10)
(0.96156851 0.087787939 -6.4306442e-10)
(0.97009268 0.10435486 -4.0963581e-10)
(0.98087888 0.11851162 -1.5319456e-10)
(0.99379138 0.13007313 9.6737284e-11)
(1.008721 0.13882448 3.1630946e-10)
(1.0255474 0.14450762 4.8976638e-10)
(1.0441221 0.14685236 6.1005385e-10)
(1.0642421 0.14559665 6.7818007e-10)
(1.0856369 0.14053412 7.0118471e-10)
(1.1079653 0.13154472 6.8957362e-10)
(1.130781 0.11864543 6.5397046e-10)
(1.1535591 0.10201708 6.0215572e-10)
(1.1756179 0.082053051 5.36735e-10)
(1.196233 0.059371952 4.5589588e-10)
(1.2144072 0.034833867 3.5642683e-10)
(1.2292746 0.0095139426 2.4072749e-10)
(1.239682 -0.015467256 1.1956703e-10)
(1.2451458 -0.038870049 1.4816863e-11)
(1.2449073 -0.059845128 -5.2533373e-11)
(1.2395037 -0.077556043 -6.4878688e-11)
(1.2287815 -0.092039597 -2.6109547e-11)
(1.214338 -0.10273807 5.0828576e-11)
(1.1962287 -0.11082995 1.3608214e-10)
(1.1762635 -0.11497331 2.0047327e-10)
(1.1547078 -0.11806664 2.2960157e-10)
(1.1319119 -0.11618908 1.8700963e-10)
(1.1105175 -0.1155892 1.1682796e-10)
(1.0853981 -0.10752536 -6.3331584e-11)
(1.06832 -0.10394795 -2.0336675e-10)
(1.0340467 -0.086543553 -5.6780356e-10)
(1.0679139 0.010545883 9.5678231e-11)
(1.0694341 0.031238037 -2.0356296e-10)
(1.0725531 0.052095918 2.2243389e-10)
(1.0770613 0.07299826 -3.2068096e-10)
(1.0833902 0.094842294 3.4474106e-10)
(1.0916289 0.11704985 -3.8429272e-10)
(1.1024337 0.14095104 3.2835261e-10)
(1.11601 0.16511531 -1.6882841e-10)
(1.1329989 0.19140692 -6.5819456e-11)
(1.1540232 0.21730081 2.7328729e-10)
(1.1792581 0.24490158 -3.4807334e-10)
(1.2101235 0.27090562 4.1479469e-10)
(1.2458281 0.29658226 -4.4217275e-10)
(1.2880587 0.31878313 2.2933623e-10)
(1.3350629 0.3369624 1.7688213e-10)
(1.3874758 0.34912477 -1.4300516e-10)
(1.4433719 0.35328198 -7.967434e-11)
(1.5006369 0.34833539 1.3097693e-10)
(1.5571183 0.3334134 -1.5169662e-10)
(1.6089062 0.30919774 1.3764087e-10)
(1.6536648 0.27802179 3.6099386e-10)
(1.6897566 0.24325694 1.6537009e-10)
(1.7176454 0.20792663 -4.523081e-10)
(1.7385154 0.17360485 -1.4790241e-09)
(1.7541765 0.14107884 -2.6742211e-09)
(1.7649366 0.11040598 -3.5609614e-09)
(1.7718777 0.081787424 -4.08987e-09)
(1.7752685 0.055684018 -4.3215201e-09)
(1.7751198 0.032568109 -4.3297064e-09)
(1.771977 0.013041911 -4.0359098e-09)
(1.7667259 -0.0024711273 -3.2011527e-09)
(1.7607662 -0.013947451 -1.7582946e-09)
(1.7553563 -0.021794641 1.3201514e-10)
(1.7514817 -0.026731374 2.1070128e-09)
(1.7504893 -0.029873472 3.9434266e-09)
(1.7529857 -0.032244304 5.3145845e-09)
(1.7589207 -0.035830058 6.3147077e-09)
(1.7681965 -0.042282854 7.0481111e-09)
(1.780281 -0.052826031 7.5682725e-09)
(1.7939357 -0.068829111 7.8678656e-09)
(1.8075479 -0.091184219 7.8698914e-09)
(1.8192624 -0.11974579 7.5080975e-09)
(1.8270315 -0.15375776 6.7884617e-09)
(1.8288864 -0.19203155 5.7885615e-09)
(1.8231343 -0.23277841 4.6342258e-09)
(1.8088446 -0.27375365 3.4360383e-09)
(1.7860368 -0.31236705 2.279156e-09)
(1.755077 -0.34630696 1.2697835e-09)
(1.7164923 -0.37420565 5.3762273e-10)
(1.671387 -0.3949495 1.5798237e-10)
(1.6212242 -0.4072051 7.7274916e-11)
(1.5671923 -0.40980179 1.5003098e-10)
(1.5101653 -0.40226485 2.3591598e-10)
(1.4510299 -0.38487491 2.6091158e-10)
(1.3908537 -0.35857095 2.3115225e-10)
(1.3308706 -0.32490672 1.882612e-10)
(1.2723262 -0.28580197 1.4785082e-10)
(1.2164011 -0.24313501 8.1534625e-11)
(1.1641985 -0.19866864 1.5590796e-11)
(1.1164133 -0.154227 8.4401276e-11)
(1.0733185 -0.11101596 2.9160898e-10)
(1.0351258 -0.068177843 2.5940368e-10)
(1.0025994 -0.024193774 -6.1915156e-10)
(0.9762942 0.019233898 -2.4441417e-09)
(0.95456467 0.056093637 -4.2021783e-09)
(0.93325475 0.079415517 -4.2984826e-09)
(0.90794178 0.087054198 -1.6924829e-09)
(0.87679631 0.083639312 3.5264879e-09)
(0.84161098 0.07754745 1.0250125e-08)
(0.80732732 0.075715131 1.6908917e-08)
(0.78016644 0.083230461 2.2472467e-08)
(0.76623843 0.10200097 2.6178699e-08)
(0.76937328 0.12810604 2.783786e-08)
(0.78773271 0.15625967 2.8328282e-08)
(0.81914599 0.18215736 2.810423e-08)
(0.86157819 0.20194961 2.7398117e-08)
(0.91236963 0.21318274 2.6392842e-08)
(0.96881647 0.21450468 2.5154228e-08)
(1.0286541 0.20563243 2.365761e-08)
(1.0901886 0.18703272 2.1849387e-08)
(1.1522049 0.1595706 1.9710044e-08)
(1.213681 0.1242625 1.7280762e-08)
(1.2733229 0.082336068 1.4655591e-08)
(1.3288985 0.035456449 1.1960515e-08)
(1.376806 -0.013946483 9.3343917e-09)
(1.4124124 -0.062217178 6.9059447e-09)
(1.431041 -0.10491216 4.7843791e-09)
(1.4296874 -0.13805747 3.0747307e-09)
(1.4085478 -0.15942986 1.8453475e-09)
(1.3709592 -0.1689776 1.0276486e-09)
(1.322064 -0.16821613 4.0102564e-10)
(1.2673652 -0.15951368 -2.211514e-10)
(1.2119076 -0.14589174 -7.59192e-10)
(1.1599199 -0.13102241 -8.5092916e-10)
(1.114448 -0.11882848 -1.0372853e-10)
(1.0768704 -0.1125441 1.5993421e-09)
(1.0466571 -0.11372287 3.9825258e-09)
(1.021718 -0.12183164 6.4995575e-09)
(0.99925873 -0.13467282 8.5490593e-09)
(0.97673653 -0.14931399 9.6220293e-09)
(0.95246994 -0.16292602 9.3570175e-09)
(0.92582995 -0.17325626 7.5737943e-09)
(0.89705173 -0.17863232 4.3390175e-09)
(0.86699732 -0.17786837 1.8860809e-11)
(0.83684272 -0.17006708 -4.7492095e-09)
(0.80791993 -0.15460633 -9.203809e-09)
(0.78159429 -0.1311631 -1.2667576e-08)
(0.75917926 -0.09972609 -1.4727487e-08)
(0.74195496 -0.060866672 -1.5311085e-08)
(0.7310217 -0.015446758 -1.4643632e-08)
(0.72726061 0.034835179 -1.3129922e-08)
(0.73137755 0.087696751 -1.1221962e-08)
(0.74394798 0.14044726 -9.3187094e-09)
(0.76512717 0.19006955 -7.7102557e-09)
(0.79461802 0.23348795 -6.5641412e-09)
(0.83169021 0.26791028 -5.9406721e-09)
(0.87528024 0.29111375 -5.8234898e-09)
(0.92410629 0.30159357 -6.1456821e-09)
(0.97670709 0.29860854 -6.794806e-09)
(1.031374 0.28223258 -7.5953947e-09)
(1.0861067 0.25345255 -8.2895381e-09)
(1.1387831 0.21417802 -8.5628011e-09)
(1.1872612 0.16706923 -8.1448167e-09)
(1.2294265 0.1153148 -6.9530751e-09)
(1.2631512 0.06246135 -5.1754277e-09)
(1.2864607 0.012064256 -3.1954745e-09)
(1.2980492 -0.032866031 -1.3911745e-09)
(1.2978389 -0.070303 4.3901862e-11)
(1.28715 -0.099666435 1.1237908e-09)
(1.2682906 -0.12161947 1.9423648e-09)
(1.2439183 -0.13756576 2.5218653e-09)
(1.2164031 -0.1491152 2.7597709e-09)
(1.1874844 -0.15772268 2.4980244e-09)
(1.1582226 -0.16452919 1.6486416e-09)
(1.1291295 -0.17032498 2.8577364e-10)
(1.1003462 -0.17554445 -1.3491535e-09)
(1.0718068 -0.18024999 -2.9239408e-09)
(1.0433786 -0.18411342 -4.1258877e-09)
(1.0149784 -0.18642568 -4.7509588e-09)
(0.98667377 -0.18616393 -4.7408841e-09)
(0.95875902 -0.1821369 -4.169123e-09)
(0.93176952 -0.17318215 -3.1965104e-09)
(0.90645494 -0.15840225 -2.019098e-09)
(0.88370236 -0.13738105 -8.2131698e-10)
(0.86441129 -0.11032364 2.588727e-10)
(0.84932696 -0.078093886 1.1491202e-09)
(0.83889612 -0.042088179 1.8432064e-09)
(0.83339108 -0.0040404608 2.3829985e-09)
(0.83291318 0.03428705 2.8291297e-09)
(0.83714705 0.071128686 3.2336373e-09)
(0.8456494 0.10513528 3.6217504e-09)
(0.8580039 0.13529724 3.9895756e-09)
(0.87380527 0.16090444 4.3142307e-09)
(0.89267942 0.18146905 4.5680533e-09)
(0.9142828 0.19665103 4.7296332e-09)
(0.9382849 0.20620153 4.7880338e-09)
(0.96435874 0.2099369 4.7405703e-09)
(0.99217418 0.20772949 4.5874071e-09)
(1.021383 0.19951674 4.3264064e-09)
(1.0515998 0.1853347 3.9520913e-09)
(1.0823628 0.1653667 3.4613712e-09)
(1.1130503 0.14001803 2.8651414e-09)
(1.1427783 0.11002547 2.1990795e-09)
(1.1702916 0.076554005 1.5217071e-09)
(1.1939909 0.04122362 8.9439032e-10)
(1.2121117 0.0059910522 3.5386291e-10)
(1.2231577 -0.0272346 -1.0026779e-10)
(1.2263749 -0.056884058 -4.8904824e-10)
(1.221883 -0.082065461 -8.2150245e-10)
(1.2106032 -0.10258863 -1.0735692e-09)
(1.1939338 -0.11877538 -1.1961268e-09)
(1.1733555 -0.13117868 -1.1443349e-09)
(1.1501491 -0.14033654 -9.0593067e-10)
(1.1252846 -0.14662845 -5.1155433e-10)
(1.099448 -0.15023469 -2.5305438e-11)
(1.0731367 -0.15116607 4.7526078e-10)
(1.0467636 -0.14932941 9.1884327e-10)
(1.0207331 -0.14460017 1.2533455e-09)
(0.99547932 -0.13689211 1.4508745e-09)
(0.97147048 -0.12620718 1.5068902e-09)
(0.94919159 -0.11267796 1.4360055e-09)
(0.92911208 -0.096575924 1.2664874e-09)
(0.91165121 -0.078310238 1.0344103e-09)
(0.89714616 -0.058390871 7.7821697e-10)
(0.88583461 -0.037400623 5.3380356e-10)
(0.87784279 -0.015940985 3.3063647e-10)
(0.87320496 0.0054063396 1.8892138e-10)
(0.87183767 0.026071379 1.1829851e-10)
(0.87358037 0.045599579 1.1822762e-10)
(0.87825331 0.063616357 1.7921277e-10)
(0.88565379 0.079824159 2.8527301e-10)
(0.89558806 0.093982665 4.1705913e-10)
(0.90788887 0.10588216 5.5498803e-10)
(0.92240855 0.11531387 6.8196952e-10)
(0.93900869 0.12205811 7.8520025e-10)
(0.95752708 0.12588027 8.56997e-10)
(0.97776478 0.12655609 8.9447029e-10)
(0.99944555 0.12388766 8.9848505e-10)
(1.0222118 0.11775571 8.7188923e-10)
(1.0455877 0.10814072 8.1789253e-10)
(1.0689678 0.095183382 7.387131e-10)
(1.091619 0.079205313 6.3574505e-10)
(1.1126534 0.060752696 5.1102934e-10)
(1.1311496 0.040566183 3.7042318e-10)
(1.146097 0.019551421 2.2587793e-10)
(1.1566914 -0.0013022422 9.5862282e-11)
(1.162241 -0.021089859 6.9044141e-13)
(1.1627216 -0.039017887 -4.340277e-11)
(1.1580593 -0.054632849 -3.2666909e-11)
(1.1491376 -0.067607983 2.4674844e-11)
(1.1362255 -0.078081034 1.0660968e-10)
(1.1208156 -0.085860799 1.9066725e-10)
(1.1028796 -0.091666839 2.5204258e-10)
(1.0840282 -0.094629749 2.7654765e-10)
(1.0639635 -0.096675952 2.5909287e-10)
(1.043445 -0.094743813 1.8804596e-10)
(1.0238076 -0.093876457 9.5560452e-11)
(1.001549 -0.086325721 -6.8007125e-11)
(0.98598576 -0.083074628 -1.9508776e-10)
(0.9556257 -0.066984768 -4.7986091e-10)
(0.9858178 0.0097665109 3.9345714e-11)
(0.98769741 0.0289133 -8.6950109e-11)
(0.99147829 0.048061488 9.3727939e-11)
(0.99698647 0.06719127 -1.2941736e-10)
(1.0045602 0.086878759 1.2738482e-10)
(1.0143226 0.10684911 -1.3304913e-10)
(1.026738 0.12782572 1.0418692e-10)
(1.0420257 0.14907813 -3.6000011e-11)
(1.0605886 0.17140216 -6.6344391e-11)
(1.0828928 0.19356389 1.405054e-10)
(1.1090876 0.2161432 -1.0439196e-10)
(1.1398527 0.23758808 6.3942617e-11)
(1.1749585 0.2577831 -8.9230269e-11)
(1.2148186 0.27520662 7.5624501e-11)
(1.2588148 0.2888655 9.0478496e-11)
(1.3063652 0.29754253 -4.1156685e-11)
(1.3564887 0.29995878 -1.1982467e-10)
(1.4073564 0.29532866 4.7753443e-11)
(1.4572627 0.28332074 6.5153081e-11)
(1.5039259 0.26446351 7.4973505e-11)
(1.5454597 0.24016859 8.8888263e-11)
(1.5806018 0.21247734 5.7402702e-11)
(1.6091705 0.1834405 -4.9170865e-11)
(1.6316335 0.1544615 -2.0812733e-10)
(1.649039 0.12646986 -3.8588817e-10)
(1.6621445 0.099979127 -5.3250215e-10)
(1.6715919 0.075249101 -7.1305513e-10)
(1.6777635 0.052549945 -9.6777163e-10)
(1.6809891 0.032290735 -1.2430892e-09)
(1.6817547 0.014802886 -1.3832945e-09)
(1.6808051 0.00032304953 -1.2356353e-09)
(1.6791157 -0.011104187 -7.796292e-10)
(1.677512 -0.019897111 -1.3497357e-10)
(1.6768593 -0.026519895 5.2780642e-10)
(1.6779342 -0.031854882 1.0936728e-09)
(1.6810815 -0.037099685 1.5315758e-09)
(1.6862498 -0.043486511 1.8802118e-09)
(1.6931909 -0.052108937 2.1808379e-09)
(1.7013898 -0.064014323 2.4330441e-09)
(1.7099271 -0.080030241 2.5924665e-09)
(1.7175092 -0.10053663 2.6033238e-09)
(1.7226085 -0.12551918 2.4383363e-09)
(1.7236871 -0.15446473 2.1174297e-09)
(1.7194608 -0.18634529 1.6985377e-09)
(1.7090444 -0.21964701 1.2514301e-09)
(1.6918484 -0.25262087 8.3740061e-10)
(1.6674931 -0.28369167 5.0555375e-10)
(1.63604 -0.31139917 2.8589775e-10)
(1.5980879 -0.33403054 1.7177796e-10)
(1.55442 -0.34977568 1.1972628e-10)
(1.5057582 -0.35726917 8.0315072e-11)
(1.4528927 -0.35578387 3.2184545e-11)
(1.3968579 -0.3452258 -1.7784174e-11)
(1.3389475 -0.32609641 -5.5277606e-11)
(1.2806023 -0.29946882 -6.8764311e-11)
(1.2232975 -0.266901 -5.7930951e-11)
(1.1683809 -0.23019128 -4.0563907e-11)
(1.1170206 -0.19106293 -3.8926983e-11)
(1.0701449 -0.15101806 -3.4627944e-11)
(1.0283512 -0.11148922 4.7579601e-11)
(0.99175696 -0.073320125 1.6693802e-10)
(0.96055051 -0.035905802 7.1681028e-11)
(0.93524331 0.0019570943 -6.294728e-10)
(0.91645028 0.039481416 -1.9905777e-09)
(0.90336706 0.07269089 -3.3885089e-09)
(0.89291201 0.09622888 -3.9665303e-09)
(0.88148105 0.10731767 -3.0124822e-09)
(0.86740349 0.10821614 -3.9549513e-10)
(0.85102586 0.10409045 3.7888511e-09)
(0.83366047 0.10084995 8.4739605e-09)
(0.81946363 0.10228794 1.2641274e-08)
(0.81266441 0.10901832 1.5737917e-08)
(0.8153153 0.11905519 1.7663295e-08)
(0.83103077 0.13359975 1.9131222e-08)
(0.85866124 0.1477604 1.9846703e-08)
(0.89621183 0.15767028 1.9802254e-08)
(0.94208911 0.16133709 1.9157855e-08)
(0.99396287 0.15739796 1.8028818e-08)
(1.0495883 0.14533523 1.6504976e-08)
(1.1067756 0.12536219 1.4671043e-08)
(1.1632738 0.098292389 1.2624411e-08)
(1.2166328 0.065454259 1.0475042e-08)
(1.2639938 0.028882123 8.3371384e-09)
(1.3019113 -0.0089657571 6.3228844e-09)
(1.3269369 -0.044965316 4.5362269e-09)
(1.3364821 -0.075969671 3.0528093e-09)
(1.3295616 -0.099620061 1.9053328e-09)
(1.3074306 -0.11487662 1.0861238e-09)
(1.2732914 -0.12205861 5.2854422e-10)
(1.2312747 -0.12231382 9.732913e-11)
(1.185473 -0.11713312 -3.2961015e-10)
(1.1395121 -0.10831572 -7.2144598e-10)
(1.0964558 -0.098154418 -8.50752e-10)
(1.0586304 -0.089340396 -4.2325224e-10)
(1.0272549 -0.084401285 7.155446e-10)
(1.0021147 -0.084922146 2.4629524e-09)
(0.98163069 -0.091035518 4.5033897e-09)
(0.96340632 -0.1014817 6.4475911e-09)
(0.94500567 -0.11417675 7.9469267e-09)
(0.924594 -0.12690795 8.7253326e-09)
(0.9012196 -0.13780141 8.5678321e-09)
(0.87478927 -0.14546112 7.3295047e-09)
(0.8458465 -0.14886061 4.99092e-09)
(0.81537332 -0.14719672 1.7193105e-09)
(0.7845938 -0.13979419 -2.1174274e-09)
(0.75487163 -0.12611787 -6.0169278e-09)
(0.72763511 -0.10583702 -9.4662951e-09)
(0.70428057 -0.078941985 -1.2072648e-08)
(0.68625848 -0.045837309 -1.3648859e-08)
(0.67477339 -0.0074197344 -1.4226176e-08)
(0.67072199 0.034890726 -1.4005872e-08)
(0.67494998 0.079112083 -1.3275477e-08)
(0.68806012 0.12290797 -1.2328438e-08)
(0.71017103 0.16366955 -1.1405e-08)
(0.74093934 0.19876913 -1.0661477e-08)
(0.77957837 0.22582833 -1.0162814e-08)
(0.82491263 0.24295955 -9.8902564e-09)
(0.87543719 0.24891622 -9.7522329e-09)
(0.92934118 0.24320732 -9.5962073e-09)
(0.98453585 0.22615076 -9.2330884e-09)
(1.0386655 0.19891684 -8.4835725e-09)
(1.0892189 0.16353953 -7.2537923e-09)
(1.1336498 0.12271944 -5.6030643e-09)
(1.1695658 0.079658306 -3.7480411e-09)
(1.1950835 0.037508028 -1.9762054e-09)
(1.2091162 -0.0010025292 -5.0607334e-10)
(1.2118655 -0.034138793 5.9976082e-10)
(1.2047794 -0.061244394 1.408885e-09)
(1.1899928 -0.082642041 2.0117701e-09)
(1.1698374 -0.099203412 2.4229691e-09)
(1.1463411 -0.11197585 2.560503e-09)
(1.1209956 -0.12194755 2.3049953e-09)
(1.0947509 -0.12995151 1.5891316e-09)
(1.0681211 -0.13664154 4.6068223e-10)
(1.0413127 -0.14247907 -9.1214093e-10)
(1.014334 -0.14770349 -2.288925e-09)
(0.98708775 -0.15229327 -3.4296114e-09)
(0.95946146 -0.15593757 -4.157062e-09)
(0.93142021 -0.15804089 -4.3883169e-09)
(0.90309169 -0.15777489 -4.1327512e-09)
(0.87483385 -0.15418976 -3.4693623e-09)
(0.84726308 -0.14636605 -2.5173891e-09)
(0.82120885 -0.13358717 -1.4095302e-09)
(0.79762303 -0.115515 -2.7017396e-10)
(0.77747287 -0.092319636 8.0146323e-10)
(0.7616376 -0.064696224 1.7421317e-09)
(0.75074182 -0.033769694 2.5271766e-09)
(0.74514286 -0.0008903681 3.1632696e-09)
(0.74487705 0.032359691 3.6741549e-09)
(0.74968548 0.06442343 4.0856131e-09)
(0.75926862 0.094073201 4.4144371e-09)
(0.77317389 0.12033309 4.664758e-09)
(0.79093726 0.14247504 4.8308051e-09)
(0.81211709 0.15997447 4.9022957e-09)
(0.83630451 0.17245503 4.8691575e-09)
(0.86311397 0.17964373 4.723985e-09)
(0.89216146 0.18134776 4.4626374e-09)
(0.92303113 0.1774529 4.0849266e-09)
(0.95522568 0.16795487 3.5969845e-09)
(0.98810073 0.15301332 3.0157402e-09)
(1.0207924 0.13302692 2.3732665e-09)
(1.0521526 0.10873216 1.7160087e-09)
(1.0807551 0.081231887 1.0950615e-09)
(1.1049973 0.051971437 5.4892008e-10)
(1.1233847 0.022599417 8.9655692e-11)
(1.134778 -0.0053986049 -2.9503432e-10)
(1.13872 -0.030800595 -6.2251104e-10)
(1.1355922 -0.052921313 -8.9205731e-10)
(1.126323 -0.071590839 -1.0771698e-09)
(1.1121507 -0.086983322 -1.1385308e-09)
(1.0943244 -0.099428713 -1.0472438e-09)
(1.0739053 -0.1092578 -8.0231748e-10)
(1.0516989 -0.11671257 -4.3361727e-10)
(1.0282876 -0.12191747 7.8512288e-12)
(1.0041078 -0.12489105 4.6467758e-10)
(0.97952758 -0.12557481 8.8572485e-10)
(0.95491207 -0.12387355 1.2335207e-09)
(0.93065334 -0.11969537 1.4864779e-09)
(0.90718558 -0.11299302 1.6377856e-09)
(0.88496959 -0.10379336 1.6927951e-09)
(0.86447653 -0.092225501 1.6659189e-09)
(0.84615222 -0.07852393 1.5775627e-09)
(0.83039662 -0.063032071 1.4510449e-09)
(0.81752849 -0.046169089 1.3097957e-09)
(0.80777744 -0.02841847 1.1746709e-09)
(0.80127421 -0.010272373 1.0619603e-09)
(0.79804033 0.0077765996 9.8191159e-10)
(0.79801285 0.025241866 9.383694e-10)
(0.80108095 0.041722769 9.2930919e-10)
(0.80709561 0.056872615 9.4790038e-10)
(0.81587911 0.070397999 9.8418915e-10)
(0.82725002 0.082048129 1.0269579e-09)
(0.84102942 0.091599351 1.0653969e-09)
(0.85703365 0.098840185 1.0903741e-09)
(0.87505998 0.10356735 1.0950966e-09)
(0.8948605 0.10559046 1.0752608e-09)
(0.91612063 0.10475322 1.0287046e-09)
(0.93842805 0.10095614 9.549737e-10)
(0.96126202 0.094199134 8.5490504e-10)
(0.98396982 0.084601697 7.3083038e-10)
(1.0057866 0.072448471 5.872157e-10)
(1.0258525 0.058187255 4.3192944e-10)
(1.0432792 0.042424639 2.769747e-10)
(1.057253 0.025866287 1.38136e-10)
(1.0671091 0.00925012 3.2089685e-11)
(1.0724825 -0.0067399232 -2.7857474e-11)
(1.0732465 -0.021533429 -3.663001e-11)
(1.0697782 -0.034757024 6.4429705e-13)
(1.0624208 -0.046218425 6.9249576e-11)
(1.0520404 -0.055809797 1.5011691e-10)
(1.0389683 -0.063612408 2.2339955e-10)
(1.0243208 -0.069534287 2.7532864e-10)
(1.0079558 -0.073907281 2.9597359e-10)
(0.99117405 -0.076197213 2.8402174e-10)
(0.97336182 -0.077524651 2.4121421e-10)
(0.9555845 -0.075732467 1.6762365e-10)
(0.93814311 -0.074607349 8.2277468e-11)
(0.91910537 -0.067655419 -4.185889e-11)
(0.90530393 -0.06469763 -1.3723269e-10)
(0.87939176 -0.049969582 -3.3157636e-10)
(0.89657708 0.0088328632 1.295305e-11)
(0.89874621 0.026120577 -3.0222694e-11)
(0.9030432 0.043274566 3.2800078e-11)
(0.90933579 0.060344554 -4.3634004e-11)
(0.91786904 0.077683259 3.7885466e-11)
(0.92879224 0.095213696 -3.4550833e-11)
(0.94241536 0.11328846 2.385799e-11)
(0.95892248 0.13157286 -5.1827792e-12)
(0.97857859 0.15031582 -2.6208963e-11)
(1.0016573 0.16890474 5.4316887e-11)
(1.0283084 0.18731327 -2.4603598e-11)
(1.0587773 0.20471622 -1.0800429e-11)
(1.0930089 0.22064231 -2.8637829e-12)
(1.1309231 0.23417255 5.0708295e-11)
(1.1721502 0.2444473 2.4999965e-11)
(1.215985 0.25061822 -2.7719703e-11)
(1.2615886 0.25187268 -5.7152746e-11)
(1.3076673 0.24770827 2.3512852e-11)
(1.352819 0.23798464 7.6828368e-11)
(1.3955121 0.22307136 6.8514067e-11)
(1.4343372 0.20387128 2.0943417e-11)
(1.4682863 0.18167678 -3.1966713e-11)
(1.4969808 0.15792033 -5.8909527e-11)
(1.5205737 0.13378806 -3.9205671e-11)
(1.5396069 0.11014451 4.0880083e-12)
(1.5546663 0.087549374 2.1113655e-11)
(1.5662492 0.066304649 -4.3362776e-11)
(1.5747476 0.046664336 -1.8623172e-10)
(1.5805263 0.02893589 -3.3994948e-10)
(1.5840506 0.013340642 -4.1633002e-10)
(1.5858985 7.3591171e-05 -3.6999874e-10)
(1.5868036 -0.010957759 -2.25823e-10)
(1.5874336 -0.020040682 -5.0001726e-11)
(1.5883869 -0.027604705 1.0173534e-10)
(1.5901375 -0.034377225 2.143267e-10)
(1.5929151 -0.041249605 3.0587928e-10)
(1.5966893 -0.049064817 4.0029605e-10)
(1.6012449 -0.058597012 5.0331879e-10)
(1.6061225 -0.070577248 5.9719263e-10)
(1.6105186 -0.085600931 6.5345546e-10)
(1.6133601 -0.10398705 6.5162293e-10)
(1.6135031 -0.12567213 5.9037939e-10)
(1.6098837 -0.15014281 4.8612423e-10)
(1.6015379 -0.17652388 3.6331351e-10)
(1.5875924 -0.2037445 2.4507193e-10)
(1.5674214 -0.23058697 1.4825519e-10)
(1.5408166 -0.25557754 8.0537143e-11)
(1.507872 -0.27703522 3.8887889e-11)
(1.4687895 -0.29337792 1.3920429e-11)
(1.423933 -0.30334702 -1.2168414e-12)
(1.3740259 -0.3060485 -7.4933653e-12)
(1.3202184 -0.300999 -4.420754e-12)
(1.2639872 -0.28825377 4.1559041e-12)
(1.2069957 -0.26843469 1.1711881e-11)
(1.1509148 -0.24265878 1.5603799e-11)
(1.09727 -0.2123889 1.5363964e-11)
(1.0473086 -0.1791991 8.5414803e-12)
(1.0019577 -0.14454652 -4.2788634e-12)
(0.96184095 -0.10966349 -3.3747646e-12)
(0.92729347 -0.075572089 4.0010588e-11)
(0.8982585 -0.042816349 6.5839597e-11)
(0.87474441 -0.011072549 -9.1426048e-11)
(0.85718321 0.020437473 -6.4661787e-10)
(0.84617546 0.051524872 -1.624895e-09)
(0.84151926 0.07963716 -2.6119093e-09)
(0.84125771 0.10138965 -3.5831402e-09)
(0.84241836 0.11314917 -2.6500389e-09)
(0.84174008 0.11507448 -1.1272662e-09)
(0.83974806 0.1134451 -2.8309138e-11)
(0.83721213 0.10845601 2.5404185e-09)
(0.83790312 0.10511246 5.0546046e-09)
(0.84170274 0.1052806 6.8225219e-09)
(0.85235116 0.10851615 8.6947176e-09)
(0.87081928 0.11306875 1.0033758e-08)
(0.89707839 0.11700261 1.0733703e-08)
(0.9309178 0.11836407 1.0870203e-08)
(0.97077375 0.11535804 1.052259e-08)
(1.0146101 0.10692563 9.7782015e-09)
(1.0601195 0.092747058 8.7332052e-09)
(1.1047962 0.073255262 7.4941103e-09)
(1.1460446 0.049647667 6.1732549e-09)
(1.1809468 0.023549083 4.8543911e-09)
(1.2065217 -0.0030423241 3.6164079e-09)
(1.220578 -0.027907738 2.5351233e-09)
(1.222164 -0.049048091 1.6632169e-09)
(1.2115664 -0.065238824 1.0033436e-09)
(1.1904224 -0.076021154 5.1500434e-10)
(1.1613138 -0.081655759 1.4668113e-10)
(1.1272091 -0.082876748 -1.5648102e-10)
(1.0909318 -0.080591646 -4.4138038e-10)
(1.0549315 -0.075828618 -6.9039934e-10)
(1.021292 -0.069919269 -7.7617335e-10)
(0.99166113 -0.064568001 -5.088162e-10)
(0.96698899 -0.061559059 2.4343588e-10)
(0.94723362 -0.062217601 1.4592073e-09)
(0.93128919 -0.066947963 2.9664222e-09)
(0.91728722 -0.075127673 4.5242836e-09)
(0.90316037 -0.085395086 5.9103106e-09)
(0.88719344 -0.096137966 6.9553652e-09)
(0.86834769 -0.10591109 7.5274624e-09)
(0.84630146 -0.11361716 7.5074819e-09)
(0.82131652 -0.11847384 6.7926388e-09)
(0.79406208 -0.11988216 5.334232e-09)
(0.76547386 -0.11730227 3.1825366e-09)
(0.73666645 -0.11023702 5.0903569e-10)
(0.70888671 -0.098249992 -2.413139e-09)
(0.6834756 -0.081062092 -5.2670548e-09)
(0.66181528 -0.058672095 -7.7630118e-09)
(0.64528055 -0.031394168 -9.7011003e-09)
(0.63516284 -3.6868173e-05 -1.1000594e-08)
(0.63238728 0.034165137 -1.1694365e-08)
(0.63774357 0.069621267 -1.1894217e-08)
(0.65184753 0.1043565 -1.1744378e-08)
(0.67474441 0.13619836 -1.137892e-08)
(0.70601325 0.16298738 -1.0891546e-08)
(0.74475361 0.18279856 -1.0321475e-08)
(0.78961425 0.19414951 -9.655511e-09)
(0.83883028 0.19615477 -8.8426097e-09)
(0.89026873 0.18864233 -7.8210024e-09)
(0.94149598 0.17222273 -6.5559661e-09)
(0.98988222 0.14828114 -5.0765329e-09)
(1.0327841 0.11889277 -3.4927531e-09)
(1.0678574 0.086572295 -1.9701332e-09)
(1.0933792 0.053875652 -6.6373381e-10)
(1.1085956 0.022950711 3.4894446e-10)
(1.1138514 -0.0047738838 1.0889505e-09)
(1.1103786 -0.028556485 1.6317632e-09)
(1.0999869 -0.048406497 2.0340362e-09)
(1.0845366 -0.064695074 2.2862389e-09)
(1.0656376 -0.07795317 2.3181126e-09)
(1.0445129 -0.08874078 2.0465003e-09)
(1.022003 -0.097586534 1.4322538e-09)
(0.99863567 -0.10496301 5.1508929e-10)
(0.97470037 -0.1112638 -5.8750154e-10)
(0.95030939 -0.11676944 -1.7119504e-09)
(0.92545151 -0.12160594 -2.6932714e-09)
(0.90005 -0.12570907 -3.4033291e-09)
(0.8740323 -0.12880503 -3.7707267e-09)
(0.84740792 -0.13041829 -3.7811438e-09)
(0.82034417 -0.12991337 -3.4649163e-09)
(0.79321953 -0.12657054 -2.8808953e-09)
(0.76664496 -0.11970594 -2.1024011e-09)
(0.74143132 -0.10879278 -1.2072977e-09)
(0.71852864 -0.093578628 -2.7049352e-10)
(0.69892183 -0.074185147 6.4279092e-10)
(0.68350149 -0.051135182 1.482517e-09)
(0.67299368 -0.025331169 2.2167354e-09)
(0.66780672 0.0021399483 2.8304804e-09)
(0.66803472 0.029915019 3.3214959e-09)
(0.67357946 0.056782744 3.693104e-09)
(0.68421175 0.081633655 3.9492911e-09)
(0.69952103 0.10354885 4.0918973e-09)
(0.71903974 0.12181104 4.1206046e-09)
(0.74227986 0.13588011 4.0346117e-09)
(0.76874074 0.14536386 3.8349472e-09)
(0.79789858 0.14999633 3.5266923e-09)
(0.82916565 0.14962825 3.1210137e-09)
(0.86184771 0.14425289 2.6370494e-09)
(0.89509404 0.13404221 2.1027893e-09)
(0.92783736 0.11939738 1.5535438e-09)
(0.95882259 0.1010026 1.0265554e-09)
(0.98663906 0.07981941 5.5178707e-10)
(1.0098766 0.057019546 1.4341781e-10)
(1.0274001 0.033852765 -2.018908e-10)
(1.0384498 0.011439696 -4.9623087e-10)
(1.042885 -0.0094009728 -7.453142e-10)
(1.0411802 -0.028116013 -9.3798499e-10)
(1.0341653 -0.044523075 -1.0482782e-09)
(1.0228426 -0.058650722 -1.0489181e-09)
(1.0081956 -0.070622278 -9.2647071e-10)
(0.99105664 -0.080575516 -6.8917353e-10)
(0.97207337 -0.088615891 -3.6475591e-10)
(0.95173607 -0.094799101 8.3194456e-12)
(0.93042889 -0.099130025 3.9075611e-10)
(0.90848524 -0.10157431 7.4956914e-10)
(0.88622802 -0.10206978 1.0613572e-09)
(0.86400246 -0.10054776 1.312515e-09)
(0.84218327 -0.096954359 1.4978446e-09)
(0.82118033 -0.09127279 1.6187082e-09)
(0.80142385 -0.083548416 1.6813356e-09)
(0.78334314 -0.073897792 1.6953413e-09)
(0.76734946 -0.062524338 1.672404e-09)
(0.75380329 -0.049703188 1.624945e-09)
(0.74300353 -0.035781828 1.5648609e-09)
(0.73516815 -0.021146629 1.5023252e-09)
(0.73043164 -0.006208808 1.4448676e-09)
(0.72881439 0.0086148648 1.3967965e-09)
(0.73027529 0.02292942 1.3591502e-09)
(0.73473909 0.036384902 1.3300697e-09)
(0.74207064 0.048666285 1.3054834e-09)
(0.75209474 0.05949963 1.2800078e-09)
(0.76461272 0.068646566 1.2478851e-09)
(0.77939937 0.075898786 1.2037713e-09)
(0.79619748 0.081072214 1.1433551e-09)
(0.81470044 0.084011581 1.0637118e-09)
(0.83453565 0.084598512 9.6358057e-10)
(0.85524867 0.082769848 8.4352259e-10)
(0.87628787 0.078542064 7.0622365e-10)
(0.89701573 0.072026979 5.56795e-10)
(0.91670795 0.06345497 4.030936e-10)
(0.9346253 0.053170335 2.5563032e-10)
(0.95003906 0.041613806 1.2671337e-10)
(0.96232521 0.029291521 2.8476768e-11)
(0.97105082 0.016706314 -2.9826989e-11)
(0.97600049 0.0043369643 -4.4728597e-11)
(0.97721471 -0.0074642779 -1.9889508e-11)
(0.97490752 -0.018366927 3.4299403e-11)
(0.96953988 -0.028189123 1.0351947e-10)
(0.96150502 -0.036817235 1.728268e-10)
(0.95142855 -0.044173907 2.3014001e-10)
(0.93955587 -0.050243904 2.6744432e-10)
(0.92662025 -0.054941309 2.8190063e-10)
(0.91246686 -0.058361776 2.733906e-10)
(0.8980922 -0.060197257 2.4535946e-10)
(0.88282529 -0.060998698 2.010592e-10)
(0.86789169 -0.059424751 1.4320773e-10)
(0.85285013 -0.058031556 8.0724649e-11)
(0.83717217 -0.051787793 8.6920168e-13)
(0.82527324 -0.04908097 -5.9884007e-11)
(0.80411305 -0.035741801 -1.7514827e-10)
(0.80019364 0.0077781218 3.4666211e-12)
(0.80258976 0.022953326 -8.6835462e-12)
(0.80728666 0.037894171 9.6373023e-12)
(0.81417987 0.052682909 -1.2732435e-11)
(0.82345203 0.067545979 9.5849464e-12)
(0.83524934 0.082505984 -6.3972583e-12)
(0.84976988 0.097728018 2.7876925e-12)
(0.86714148 0.11306161 4.8298305e-14)
(0.88752724 0.12852751 -4.432904e-12)
(0.91106697 0.14378265 1.6132053e-11)
(0.93785242 0.15861708 -5.6815298e-12)
(0.96792927 0.17250936 -8.3069992e-12)
(1.001221 0.18497614 1.151319e-11)
(1.0375069 0.19537887 2.8181602e-11)
(1.0764205 0.20306297 2.4642736e-12)
(1.1173447 0.20742291 -1.7635182e-11)
(1.1595211 0.20792464 -1.3349281e-11)
(1.2019708 0.20424253 2.4821192e-11)
(1.2435838 0.19630731 4.7388445e-11)
(1.283216 0.18437634 3.1349015e-11)
(1.319811 0.16905826 -6.7051923e-12)
(1.3525734 0.1512319 -3.4724736e-11)
(1.3810968 0.13191337 -2.9954463e-11)
(1.4053551 0.11203524 5.7196667e-12)
(1.4256031 0.092323223 4.3116997e-11)
(1.4422078 0.073282626 4.9049143e-11)
(1.4555488 0.055244384 1.0964951e-11)
(1.4659781 0.038456053 -5.0533908e-11)
(1.473838 0.023142927 -9.8548163e-11)
(1.4795326 0.0094721039 -1.0782347e-10)
(1.4835078 -0.0024670194 -8.0798086e-11)
(1.4862948 -0.012751007 -4.0317905e-11)
(1.4884056 -0.021633219 -8.8802804e-12)
(1.4902587 -0.029498542 6.6788309e-12)
(1.4921733 -0.03686837 1.4882339e-11)
(1.4943278 -0.044350678 2.8253861e-11)
(1.4966888 -0.052551073 5.2374632e-11)
(1.4990091 -0.062059797 8.2688501e-11)
(1.5008295 -0.073436236 1.0887173e-10)
(1.5014753 -0.08710083 1.2185515e-10)
(1.5001194 -0.10320169 1.1840587e-10)
(1.4958595 -0.12157677 1.0130672e-10)
(1.4877539 -0.14180053 7.6643627e-11)
(1.4748939 -0.16321986 5.0884221e-11)
(1.4565402 -0.18490814 2.9019112e-11)
(1.4321818 -0.20566413 1.3590704e-11)
(1.401489 -0.22417685 4.5922555e-12)
(1.3643359 -0.2392022 5.4482372e-13)
(1.3209666 -0.24961217 -1.7661386e-13)
(1.2721379 -0.2544512 8.921864e-13)
(1.219124 -0.25309793 2.0455645e-12)
(1.1636016 -0.24539948 2.1983227e-12)
(1.1074426 -0.2316864 1.55746e-12)
(1.0524901 -0.21267065 1.1744478e-12)
(1.0003467 -0.18934145 1.8051429e-12)
(0.95226384 -0.16286179 1.9689942e-12)
(0.90910906 -0.13442871 -7.6796922e-13)
(0.87139755 -0.10514797 -5.0003689e-12)
(0.83937596 -0.075957039 -1.8497825e-12)
(0.81307412 -0.04758172 6.7015592e-12)
(0.79228149 -0.02040602 -3.3344739e-11)
(0.77692714 0.005720295 -2.1559389e-10)
(0.76723667 0.031230878 -6.3581565e-10)
(0.76360895 0.055873799 -1.2871302e-09)
(0.76614435 0.078075867 -1.986002e-09)
(0.7739818 0.09558254 -2.5773861e-09)
(0.78519011 0.10643532 -2.4322892e-09)
(0.79705168 0.11054572 -1.8139111e-09)
(0.80790527 0.10932718 -8.3178923e-10)
(0.81722908 0.10479076 5.272325e-10)
(0.8267788 0.099878926 1.9046585e-09)
(0.83839022 0.095466708 2.9296428e-09)
(0.85398131 0.091862309 3.6732194e-09)
(0.87413725 0.089610163 4.2969236e-09)
(0.89899824 0.087427415 4.6808044e-09)
(0.9279827 0.083703455 4.7903898e-09)
(0.95977869 0.077308175 4.6394445e-09)
(0.99253269 0.067678896 4.2681532e-09)
(1.0239714 0.054842554 3.7317466e-09)
(1.0516277 0.039352394 3.0923899e-09)
(1.0733145 0.022245823 2.4124285e-09)
(1.0874284 0.0049975849 1.7674723e-09)
(1.0929979 -0.011115417 1.2089938e-09)
(1.0898552 -0.024971747 7.6030702e-10)
(1.0787385 -0.036030489 4.1653416e-10)
(1.0610296 -0.044014649 1.3807e-10)
(1.0384617 -0.048918276 -1.1152002e-10)
(1.0128986 -0.051064785 -3.3579699e-10)
(0.98614749 -0.051003927 -5.2235868e-10)
(0.95979442 -0.049363945 -6.49398e-10)
(0.93518387 -0.04688994 -6.5808028e-10)
(0.91340218 -0.044565829 -4.4893788e-10)
(0.89511335 -0.043531547 6.4498978e-11)
(0.88033142 -0.044753194 8.9006807e-10)
(0.86831876 -0.048668054 1.9396293e-09)
(0.85773264 -0.055029176 3.0697378e-09)
(0.84699687 -0.063021299 4.1409619e-09)
(0.8347258 -0.071561049 5.052197e-09)
(0.82000821 -0.079607169 5.7371849e-09)
(0.80248821 -0.086339606 6.1415394e-09)
(0.78228078 -0.09118312 6.2064111e-09)
(0.75982286 -0.0937172 5.8724028e-09)
(0.73576945 -0.093576296 5.1009794e-09)
(0.71091699 -0.090397824 3.8985316e-09)
(0.68618094 -0.08381284 2.3318248e-09)
(0.66261611 -0.073505458 5.248466e-10)
(0.64136386 -0.059285169 -1.3617405e-09)
(0.62364164 -0.041163749 -3.1594446e-09)
(0.61072692 -0.019469941 -4.7247965e-09)
(0.60369122 0.0051423622 -5.9599154e-09)
(0.60341423 0.031624957 -6.8205122e-09)
(0.6106622 0.058768805 -7.3104899e-09)
(0.62583487 0.084972286 -7.4641088e-09)
(0.64885816 0.10852283 -7.327379e-09)
(0.6791725 0.12775892 -6.9427984e-09)
(0.71571805 0.14125379 -6.3425083e-09)
(0.75695759 0.14798929 -5.5512565e-09)
(0.80094071 0.14749276 -4.5967579e-09)
(0.84539275 0.13992421 -3.5235836e-09)
(0.88788167 0.1260839 -2.40184e-09)
(0.92601523 0.10733549 -1.3216773e-09)
(0.95776059 0.085392135 -3.7080612e-10)
(0.9816811 0.062069719 3.9666586e-10)
(0.99719392 0.038914717 9.7768086e-10)
(1.0045313 0.01710638 1.4100391e-09)
(1.004643 -0.0027106054 1.7371015e-09)
(0.99877012 -0.0201782 1.9724545e-09)
(0.98821049 -0.035295159 2.0868502e-09)
(0.97415347 -0.048201629 2.0244986e-09)
(0.95755802 -0.059119662 1.7358447e-09)
(0.93915432 -0.068319868 1.2080916e-09)
(0.91947453 -0.076093055 4.7930951e-10)
(0.89888222 -0.082720632 -3.6782251e-10)
(0.87759677 -0.088440979 -1.2272379e-09)
(0.85571763 -0.093413219 -1.995438e-09)
(0.83325772 -0.097685155 -2.5923498e-09)
(0.81018816 -0.10116997 -2.9714832e-09)
(0.7864959 -0.10363709 -3.1192853e-09)
(0.76224337 -0.10472221 -3.0475557e-09)
(0.73762697 -0.10395947 -2.7839298e-09)
(0.71301538 -0.10083597 -2.3641519e-09)
(0.68897478 -0.094872201 -1.8273521e-09)
(0.66624544 -0.08570096 -1.2139128e-09)
(0.64568832 -0.073161324 -5.6407842e-10)
(0.62820261 -0.057367998 8.3860063e-11)
(0.61463672 -0.038734482 6.9580159e-10)
(0.6057333 -0.017944174 1.2439406e-09)
(0.60190895 0.0041031024 1.7078601e-09)
(0.60331713 0.026373331 2.07457e-09)
(0.6099928 0.047891983 2.3366194e-09)
(0.62175565 0.06771714 2.4909797e-09)
(0.63822734 0.085040652 2.5380796e-09)
(0.65891754 0.09921368 2.4816626e-09)
(0.68324874 0.10974516 2.3292434e-09)
(0.7105624 0.1162996 2.092849e-09)
(0.74010763 0.11869296 1.7894576e-09)
(0.77101962 0.11690078 1.4406627e-09)
(0.80230525 0.11108227 1.0711582e-09)
(0.83283981 0.10159021 7.0551865e-10)
(0.86140052 0.088986394 3.6376575e-10)
(0.88677009 0.074018451 5.7416745e-11)
(0.90785213 0.057531616 -2.1172051e-10)
(0.92382351 0.040405366 -4.4770418e-10)
(0.93428097 0.023393739 -6.5269593e-10)
(0.93923824 0.0070629332 -8.2016185e-10)
(0.93910506 -0.0081610893 -9.3373453e-10)
(0.93452597 -0.02205846 -9.7330406e-10)
(0.92623413 -0.034547953 -9.2462192e-10)
(0.91494115 -0.045593391 -7.8656978e-10)
(0.90126776 -0.055182855 -5.7243792e-10)
(0.88572456 -0.063308967 -3.0568878e-10)
(0.86872722 -0.069958295 -1.3324597e-11)
(0.85062507 -0.075107279 2.7993893e-10)
(0.83172951 -0.078721764 5.5503215e-10)
(0.81233962 -0.080757958 7.993791e-10)
(0.79276105 -0.081167955 1.0061501e-09)
(0.77331758 -0.079908552 1.172885e-09)
(0.75435729 -0.076953959 1.3001752e-09)
(0.7362484 -0.072309891 1.3906553e-09)
(0.71937313 -0.06602938 1.4483209e-09)
(0.70410685 -0.058219744 1.4780132e-09)
(0.69080943 -0.049050607 1.4849996e-09)
(0.67979632 -0.038748096 1.4745025e-09)
(0.67133079 -0.027590232 1.4512744e-09)
(0.66560634 -0.015888859 1.4191497e-09)
(0.66273769 -0.003983741 1.3807499e-09)
(0.66274753 0.0077908956 1.337328e-09)
(0.6656037 0.019119368 1.2888288e-09)
(0.67122426 0.029706074 1.2341171e-09)
(0.67946098 0.039282054 1.1713741e-09)
(0.69011357 0.0476131 1.0985566e-09)
(0.70293791 0.054499423 1.013883e-09)
(0.71764265 0.059775338 9.1626699e-10)
(0.73388627 0.063310575 8.0571838e-10)
(0.75127017 0.065015466 6.836424e-10)
(0.76933228 0.064848926 5.5310227e-10)
(0.78755268 0.062830206 4.189339e-10)
(0.8053565 0.059046235 2.8769512e-10)
(0.82214818 0.053658806 1.6727419e-10)
(0.83733783 0.046898734 6.6057309e-11)
(0.85039293 0.039055003 -8.3733053e-12)
(0.86089136 0.030440747 -5.083403e-11)
(0.86854477 0.021385394 -6.0014344e-11)
(0.87324239 0.012191307 -3.9149869e-11)
(0.87501398 0.0031233451 4.31155e-12)
(0.87405174 -0.0056074215 6.0358004e-11)
(0.87062775 -0.013794807 1.1845915e-10)
(0.86506154 -0.021303582 1.6974036e-10)
(0.85764421 -0.028016335 2.0814153e-10)
(0.84876468 -0.033837224 2.3091849e-10)
(0.83859974 -0.038692455 2.3793363e-10)
(0.82761496 -0.042492699 2.3107134e-10)
(0.81573335 -0.045222286 2.1278249e-10)
(0.80368298 -0.046703991 1.8616537e-10)
(0.79092609 -0.0471477 1.5341209e-10)
(0.77865698 -0.045822721 1.1651995e-10)
(0.76602927 -0.044212602 7.8659924e-11)
(0.75360848 -0.038823342 3.5064549e-11)
(0.74362249 -0.036304792 2.005654e-12)
(0.72718412 -0.024383536 -5.6498508e-11)
(0.6966664 0.0066287521 7.6123269e-13)
(0.69924059 0.01949212 -2.1000052e-12)
(0.7042462 0.032049271 2.3653407e-12)
(0.71159365 0.044394507 -3.2452722e-12)
(0.72142998 0.056693029 2.2140328e-12)
(0.7338789 0.069009443 -7.0599779e-13)
(0.74905566 0.081426779 -4.6004071e-13)
(0.7670323 0.093873815 8.8346452e-13)
(0.78789126 0.10629635 9.7408498e-13)
(0.81168703 0.11847179 3.5487034e-12)
(0.83843816 0.13016778 -9.2378609e-13)
(0.86809484 0.1410124 -3.3980949e-13)
(0.90052258 0.15059929 8.5158004e-12)
(0.93546083 0.15845925 1.0980774e-11)
(0.97253085 0.16410937 -1.4063028e-12)
(1.0111925 0.16711229 -5.6221734e-12)
(1.0507785 0.167103 3.3899164e-12)
(1.0904921 0.16386183 1.7819376e-11)
(1.1294489 0.15735498 2.0215055e-11)
(1.1667551 0.14777324 7.003661e-12)
(1.2015938 0.13554738 -9.3774021e-12)
(1.233326 0.1212963 -1.4206462e-11)
(1.2615635 0.10574061 -3.1939891e-12)
(1.2861786 0.089579134 1.4566732e-11)
(1.3072574 0.073389877 2.414603e-11)
(1.3250103 0.057614018 1.732547e-11)
(1.339704 0.042564849 -1.4295667e-12)
(1.3516209 0.028466297 -1.9283712e-11)
(1.3610517 0.015495311 -2.5830002e-11)
(1.3683184 0.0037676924 -2.0310366e-11)
(1.3737628 -0.0067021407 -1.0147706e-11)
(1.3777624 -0.015961352 -3.6552256e-12)
(1.3806895 -0.024209262 -3.8854429e-12)
(1.3828439 -0.031742981 -7.9547351e-12)
(1.3844474 -0.038923529 -1.0805698e-11)
(1.3855867 -0.046188121 -9.3657845e-12)
(1.3861551 -0.05400855 -4.0640774e-12)
(1.3858735 -0.062827183 2.4068162e-12)
(1.3843159 -0.073004453 7.2755775e-12)
(1.3808984 -0.084757896 9.1204251e-12)
(1.3748798 -0.098114936 8.047941e-12)
(1.3654132 -0.11290214 5.1166103e-12)
(1.3516349 -0.12872457 1.6708053e-12)
(1.3327453 -0.14494113 -1.1386461e-12)
(1.3080553 -0.16071252 -2.6649808e-12)
(1.277048 -0.1751091 -2.8571944e-12)
(1.2395176 -0.18718452 -2.1142075e-12)
(1.1957282 -0.19603152 -1.0043767e-12)
(1.1465149 -0.20090669 7.0286503e-15)
(1.0932821 -0.20137551 7.0737707e-13)
(1.0378758 -0.19734717 1.0793201e-12)
(0.98232636 -0.18898406 1.1895774e-12)
(0.92854454 -0.17660133 1.081734e-12)
(0.87810764 -0.16062924 7.6168151e-13)
(0.8321661 -0.14164029 9.6609454e-14)
(0.79146891 -0.12036062 -1.6224049e-12)
(0.75642708 -0.097607735 -4.986989e-12)
(0.72717897 -0.074195934 -9.5950136e-12)
(0.70368556 -0.050854904 -1.6327988e-11)
(0.68575129 -0.028164542 -3.8528198e-11)
(0.67309171 -0.0064153126 -1.1106698e-10)
(0.6655762 0.014402164 -2.7592191e-10)
(0.66323602 0.034327501 -5.6368593e-10)
(0.66626171 0.053061013 -9.5490275e-10)
(0.67466372 0.069566703 -1.3586442e-09)
(0.68784188 0.082441776 -1.6523539e-09)
(0.70451421 0.090535249 -1.6611445e-09)
(0.72304039 0.093732238 -1.3944391e-09)
(0.74224084 0.09310445 -8.9980743e-10)
(0.76095961 0.089666281 -2.3673255e-10)
(0.77872827 0.084711303 4.6358628e-10)
(0.79605185 0.079205681 1.042612e-09)
(0.81390815 0.073912033 1.4830519e-09)
(0.83280769 0.069064631 1.7866455e-09)
(0.8528831 0.064183465 1.9397982e-09)
(0.87358336 0.058562021 1.9445419e-09)
(0.89388982 0.051706041 1.8199746e-09)
(0.91261559 0.043474743 1.5979051e-09)
(0.9284594 0.034093445 1.3176354e-09)
(0.94030536 0.023994214 1.0196006e-09)
(0.94720174 0.013665296 7.3128637e-10)
(0.94865285 0.0036264423 4.7336742e-10)
(0.94479387 -0.0055690057 2.5645727e-10)
(0.93618615 -0.013448945 7.5362444e-11)
(0.92368659 -0.019762968 -9.1355463e-11)
(0.90829301 -0.024350445 -2.6246113e-10)
(0.89105515 -0.027239189 -4.2363742e-10)
(0.87305254 -0.028712654 -5.372873e-10)
(0.85527963 -0.029192051 -5.7427509e-10)
(0.83856502 -0.029127119 -5.1191929e-10)
(0.82356436 -0.029044135 -3.1387757e-10)
(0.81068749 -0.029585132 6.0380851e-11)
(0.79994769 -0.031367182 6.1980393e-10)
(0.79086971 -0.034747403 1.3208897e-09)
(0.78256072 -0.039676801 2.0827494e-09)
(0.77393918 -0.045725634 2.8218616e-09)
(0.76402544 -0.052240539 3.4783189e-09)
(0.75216049 -0.058540179 4.0195331e-09)
(0.73808068 -0.064052858 4.4273114e-09)
(0.72186989 -0.068356851 4.6832809e-09)
(0.70385377 -0.071152089 4.7627458e-09)
(0.68449706 -0.072186259 4.6389003e-09)
(0.66435995 -0.071207687 4.2932422e-09)
(0.64408287 -0.067955519 3.7256328e-09)
(0.62438379 -0.062164695 2.9611999e-09)
(0.60608368 -0.053622184 2.0503029e-09)
(0.59010828 -0.042234695 1.0627003e-09)
(0.57740285 -0.028056642 7.8342359e-11)
(0.56895286 -0.01138866 -8.2579939e-10)
(0.56567245 0.0071562005 -1.5848742e-09)
(0.56827154 0.026876122 -2.1532548e-09)
(0.57724691 0.04678896 -2.5081675e-09)
(0.59275737 0.065701466 -2.6463207e-09)
(0.61455341 0.08236858 -2.5801219e-09)
(0.64192956 0.095627098 -2.3335149e-09)
(0.67373468 0.10453468 -1.939538e-09)
(0.70841532 0.10849965 -1.4393757e-09)
(0.74413443 0.10736478 -8.8138259e-10)
(0.77890687 0.10143056 -3.1736587e-10)
(0.81082455 0.091405587 2.0506992e-10)
(0.83824586 0.078285767 6.5314802e-10)
(0.8600255 0.063180601 1.0159982e-09)
(0.87557699 0.047146947 1.3027834e-09)
(0.88490707 0.031065153 1.5295716e-09)
(0.88844363 0.015597422 1.7025512e-09)
(0.88695437 0.0011749551 1.8074358e-09)
(0.88122503 -0.011957855 1.8121295e-09)
(0.87198657 -0.023656577 1.6809308e-09)
(0.85997156 -0.033933045 1.3924117e-09)
(0.84579398 -0.042868952 9.5205302e-10)
(0.82995884 -0.0505989 3.9472617e-10)
(0.81286734 -0.057285765 -2.2282513e-10)
(0.79481735 -0.063090525 -8.3545412e-10)
(0.77600971 -0.068143643 -1.383599e-09)
(0.75656329 -0.072518946 -1.8233445e-09)
(0.73654137 -0.076213049 -2.130493e-09)
(0.71598526 -0.079131947 -2.2990871e-09)
(0.69495644 -0.081088548 -2.3365762e-09)
(0.6735784 -0.081811902 -2.258179e-09)
(0.65207926 -0.080971544 -2.0823748e-09)
(0.63081733 -0.07821567 -1.8282996e-09)
(0.61029676 -0.073223282 -1.5148883e-09)
(0.59115151 -0.065765573 -1.161102e-09)
(0.57410839 -0.055765239 -7.8627902e-10)
(0.55993073 -0.043335852 -4.1002263e-10)
(0.54934795 -0.028802821 -5.1502555e-11)
(0.54299252 -0.012695518 2.7168921e-10)
(0.54125511 0.0042598569 5.4474117e-10)
(0.54431633 0.021331887 7.5654995e-10)
(0.55221138 0.037755696 9.001706e-10)
(0.56474445 0.052782024 9.7301711e-10)
(0.58152188 0.06576392 9.7682316e-10)
(0.60199571 0.076183709 9.1743767e-10)
(0.62548465 0.08366781 8.0439021e-10)
(0.65119108 0.087993943 6.5011898e-10)
(0.67821218 0.089094705 4.6869562e-10)
(0.70555748 0.087063532 2.7407007e-10)
(0.73218194 0.082147086 7.8097094e-11)
(0.75703956 0.074732746 -1.1105189e-10)
(0.77915435 0.065319794 -2.8914657e-10)
(0.79772208 0.054463304 -4.5422099e-10)
(0.81219082 0.042713867 -6.03404e-10)
(0.82227862 0.030573431 -7.2981613e-10)
(0.82801871 0.01844573 -8.217784e-10)
(0.82967838 0.0066313301 -8.6554452e-10)
(0.82767263 -0.0046455239 -8.5024393e-10)
(0.82245913 -0.015176688 -7.7250436e-10)
(0.81449577 -0.024870975 -6.3830164e-10)
(0.80423158 -0.0336256 -4.6130614e-10)
(0.79206238 -0.041356808 -2.5901895e-10)
(0.77834225 -0.047997667 -4.8653236e-11)
(0.76339413 -0.053491872 1.5573799e-10)
(0.74751994 -0.057789988 3.444165e-10)
(0.73101 -0.060846936 5.1174472e-10)
(0.7141519 -0.062620122 6.5524548e-10)
(0.6972388 -0.063072745 7.7454098e-10)
(0.68057293 -0.062177644 8.704621e-10)
(0.66446978 -0.059925468 9.4446743e-10)
(0.649253 -0.0563343 9.9829309e-10)
(0.63524987 -0.051457299 1.0337842e-09)
(0.6227777 -0.045389997 1.0527832e-09)
(0.61213341 -0.038271613 1.0570664e-09)
(0.60357602 -0.030285337 1.0482325e-09)
(0.59731854 -0.021652359 1.0276585e-09)
(0.59350775 -0.012618677 9.9638436e-10)
(0.59223376 -0.0034495422 9.5511171e-10)
(0.59350039 0.0055920158 9.0422697e-10)
(0.59724715 0.014263244 8.4390581e-10)
(0.60336888 0.022329684 7.7427295e-10)
(0.61168911 0.029579795 6.9562368e-10)
(0.62197608 0.035833031 6.0865811e-10)
(0.63394752 0.040941863 5.1470411e-10)
(0.64727369 0.044792627 4.1589397e-10)
(0.66157937 0.047308508 3.152718e-10)
(0.67645121 0.048451103 2.1677744e-10)
(0.69144161 0.048223737 1.2508039e-10)
(0.70608916 0.046674562 4.5215797e-11)
(0.71993152 0.043892375 -1.7996477e-11)
(0.73253713 0.040010376 -6.0694056e-11)
(0.74353072 0.035187184 -8.0765873e-11)
(0.75261081 0.029607765 -7.847431e-11)
(0.75958364 0.023465479 -5.668124e-11)
(0.76435032 0.016948281 -2.0520951e-11)
(0.7669057 0.010248411 2.3497938e-11)
(0.76733042 0.0035274382 6.8657507e-11)
(0.76578015 -0.0030369497 1.0923842e-10)
(0.76242972 -0.0093012717 1.4125569e-10)
(0.75747243 -0.015142495 1.6279233e-10)
(0.75110692 -0.020439259 1.7370012e-10)
(0.74357662 -0.025087751 1.7516647e-10)
(0.73503802 -0.028997916 1.6899674e-10)
(0.72580133 -0.032083165 1.5723904e-10)
(0.71589454 -0.034287653 1.4165683e-10)
(0.70582675 -0.035497232 1.2384807e-10)
(0.6952875 -0.035752573 1.0478317e-10)
(0.68526907 -0.034694125 8.539363e-11)
(0.67487948 -0.033008894 6.6394532e-11)
(0.6653355 -0.028634266 4.6716527e-11)
(0.65709519 -0.026206913 3.1620699e-11)
(0.64495856 -0.015736059 7.4388854e-12)
(0.58599359 0.0054084988 1.3532821e-13)
(0.58871051 0.015807895 -4.4220394e-13)
(0.59395088 0.025848354 4.8637054e-13)
(0.60163289 0.035633454 -7.0862689e-13)
(0.61188474 0.045304961 4.9784516e-13)
(0.62479907 0.054943562 4.9529552e-14)
(0.64042945 0.0646015 -2.4063339e-13)
(0.65880148 0.074243877 7.2531625e-13)
(0.67993948 0.08380504 9.8344643e-13)
(0.70384167 0.093126976 6.8105475e-13)
(0.73046771 0.10200756 5.3782677e-13)
(0.75971345 0.11016874 1.654048e-12)
(0.7913998 0.11729218 3.8275684e-12)
(0.82524893 0.1230287 3.2283937e-12)
(0.86088293 0.12702494 -2.890898e-13)
(0.8978113 0.12896332 3.9063724e-13)
(0.93544497 0.12858811 4.942002e-12)
(0.97310913 0.12575015 8.2250863e-12)
(1.0100767 0.12043706 6.0103091e-12)
(1.0456229 0.11279507 2.2276446e-13)
(1.0790852 0.1031327 -3.474976e-12)
(1.1099261 0.091886426 -1.6137861e-12)
(1.1377788 0.079567094 4.0507639e-12)
(1.1624578 0.066684856 8.4835024e-12)
(1.1839445 0.053689833 7.9079447e-12)
(1.2023356 0.040950639 2.811612e-12)
(1.2177878 0.028729192 -2.9952833e-12)
(1.2305072 0.017232525 -5.8250566e-12)
(1.2407166 0.0065964179 -4.8939503e-12)
(1.2486259 -0.0031206735 -2.2803018e-12)
(1.2545092 -0.011903692 -7.2716197e-13)
(1.2586421 -0.019793467 -1.5255371e-12)
(1.2612616 -0.026930646 -4.0439561e-12)
(1.2625676 -0.033521686 -6.7340499e-12)
(1.2626699 -0.039833469 -8.4023878e-12)
(1.2615491 -0.046191133 -8.7780583e-12)
(1.2590443 -0.052920021 -8.2814928e-12)
(1.2548633 -0.060286768 -7.4943641e-12)
(1.2485769 -0.068478656 -6.8001083e-12)
(1.2396066 -0.077583306 -6.3064513e-12)
(1.2272506 -0.087547473 -5.9216878e-12)
(1.2107508 -0.09813996 -5.4635308e-12)
(1.1893615 -0.10895199 -4.767072e-12)
(1.1624203 -0.11944262 -3.7788953e-12)
(1.1294633 -0.12899712 -2.5927236e-12)
(1.0903744 -0.13698606 -1.398906e-12)
(1.0455265 -0.14286242 -3.9014416e-13)
(0.99586404 -0.14628576 3.1753587e-13)
(0.94288721 -0.14717304 7.0133081e-13)
(0.88847401 -0.14560811 7.9850814e-13)
(0.83457647 -0.14167622 6.6332255e-13)
(0.78292624 -0.13536035 3.3103764e-13)
(0.73487472 -0.12657728 -2.4606751e-13)
(0.69138127 -0.1153083 -1.2304242e-12)
(0.65306976 -0.10172461 -2.9337818e-12)
(0.62030273 -0.08622605 -5.9261444e-12)
(0.59323148 -0.069379221 -1.099986e-11)
(0.57182825 -0.051814206 -1.9770592e-11)
(0.55592905 -0.034124946 -3.6737257e-11)
(0.54527551 -0.016779236 -7.241435e-11)
(0.53957626 -4.8834828e-05 -1.4207196e-10)
(0.53860611 0.01584472 -2.5799854e-10)
(0.54223758 0.030794082 -4.2239719e-10)
(0.55044224 0.044471747 -6.1534127e-10)
(0.56303035 0.056211527 -7.9116559e-10)
(0.57942514 0.065153579 -8.9405802e-10)
(0.59858816 0.070587336 -8.770374e-10)
(0.61918622 0.072467016 -7.3795742e-10)
(0.64003018 0.071459023 -5.0204866e-10)
(0.66025833 0.068400481 -2.0914734e-10)
(0.67958589 0.064240601 8.6727601e-11)
(0.69787093 0.059615084 3.3842655e-10)
(0.7148229 0.054928672 5.2490698e-10)
(0.73060144 0.050505134 6.3813961e-10)
(0.7453688 0.046294207 6.7834347e-10)
(0.7590569 0.042013944 6.5541397e-10)
(0.77125891 0.037358775 5.8334188e-10)
(0.78136877 0.032143253 4.7801493e-10)
(0.7888792 0.026358769 3.5698721e-10)
(0.79342301 0.020148793 2.3314963e-10)
(0.79484286 0.013776514 1.1306718e-10)
(0.79316381 0.0075431385 1.4052856e-12)
(0.78872118 0.001744159 -1.0375831e-10)
(0.7819478 -0.0033748463 -2.0996887e-10)
(0.77327304 -0.0076046217 -3.1996382e-10)
(0.76325703 -0.010851774 -4.1698535e-10)
(0.75252513 -0.0132015 -4.6782611e-10)
(0.74168263 -0.014888134 -4.4675376e-10)
(0.73122347 -0.016198008 -3.4498277e-10)
(0.7215052 -0.017420309 -1.5700077e-10)
(0.71273502 -0.018877953 1.2621749e-10)
(0.7049035 -0.020909072 5.0428096e-10)
(0.69772103 -0.023756432 9.5370845e-10)
(0.69064719 -0.02746334 1.4314835e-09)
(0.68302235 -0.031855594 1.8921947e-09)
(0.67424569 -0.03660533 2.3034704e-09)
(0.6639202 -0.041329583 2.6501231e-09)
(0.6519094 -0.045671919 2.9281701e-09)
(0.63831329 -0.049340657 3.1360331e-09)
(0.62339768 -0.052106003 3.2691135e-09)
(0.60752665 -0.053775277 3.3192756e-09)
(0.59111181 -0.054159291 3.2777585e-09)
(0.574612 -0.053061807 3.1394921e-09)
(0.55853205 -0.050283243 2.9063314e-09)
(0.54343339 -0.045639946 2.5890302e-09)
(0.52994458 -0.039000203 2.2073558e-09)
(0.51875296 -0.030330601 1.7882909e-09)
(0.510569 -0.019721395 1.3634029e-09)
(0.50606533 -0.0074102639 9.647954e-10)
(0.50590516 0.00613525 6.2144507e-10)
(0.51057771 0.020367286 3.5603874e-10)
(0.52028537 0.034557734 1.8210814e-10)
(0.53497498 0.047881027 1.0360686e-10)
(0.55426773 0.05950211 1.1508172e-10)
(0.57742772 0.068669586 2.0300892e-10)
(0.60339883 0.074807997 3.4789808e-10)
(0.63087568 0.077591387 5.2725299e-10)
(0.65842557 0.076979759 7.1916823e-10)
(0.68462652 0.073205522 9.0609812e-10)
(0.70821848 0.066727854 1.0772941e-09)
(0.72822244 0.058142627 1.2285545e-09)
(0.74400889 0.048105277 1.3583956e-09)
(0.75530475 0.037239212 1.4623848e-09)
(0.76213377 0.026106835 1.5286498e-09)
(0.76474001 0.015147421 1.5379601e-09)
(0.76352056 0.004712377 1.4687726e-09)
(0.75895934 -0.005050605 1.3052763e-09)
(0.75149358 -0.013930108 1.0445943e-09)
(0.74157434 -0.021910078 7.0014339e-10)
(0.72965572 -0.029019504 2.9967806e-10)
(0.71612504 -0.035319047 -1.2063159e-10)
(0.70130766 -0.040891999 -5.2379103e-10)
(0.68546598 -0.045820031 -8.7872795e-10)
(0.66880265 -0.05016311 -1.1644594e-09)
(0.65147192 -0.053942314 -1.3711388e-09)
(0.63359876 -0.057126989 -1.4985293e-09)
(0.61530183 -0.059627287 -1.5530403e-09)
(0.59672169 -0.061293767 -1.5445667e-09)
(0.57804702 -0.06192549 -1.4839789e-09)
(0.5595407 -0.061289173 -1.3816542e-09)
(0.54155484 -0.059147288 -1.2469525e-09)
(0.52453713 -0.055293682 -1.0883836e-09)
(0.50901918 -0.049595029 -9.1409259e-10)
(0.49558885 -0.042025808 -7.3230725e-10)
(0.48484808 -0.032695264 -5.5152035e-10)
(0.47735849 -0.021861234 -3.803267e-10)
(0.47358654 -0.0099267743 -2.2694141e-10)
(0.47384044 0.0025658828 -9.8543295e-11)
(0.47824038 0.015100084 -6.610097e-13)
(0.48673705 0.02710944 6.3388089e-11)
(0.49908853 0.038044704 9.2714766e-11)
(0.5148715 0.04743948 8.8826749e-11)
(0.53350892 0.054930529 5.5294552e-11)
(0.55429739 0.060273077 -2.8478143e-12)
(0.57644104 0.063346159 -7.9863715e-11)
(0.59908553 0.064151879 -1.7008573e-10)
(0.62136038 0.062805427 -2.6844516e-10)
(0.64242758 0.059516928 -3.7051868e-10)
(0.66154043 0.054568167 -4.7198092e-10)
(0.67808527 0.04827993 -5.6762561e-10)
(0.69162496 0.040982288 -6.5052471e-10)
(0.70191573 0.032991045 -7.1206997e-10)
(0.70888792 0.024585082 -7.4330372e-10)
(0.71260203 0.016014434 -7.3724334e-10)
(0.71323576 0.007480183 -6.9121519e-10)
(0.71109117 -0.00083650408 -6.0800861e-10)
(0.70640201 -0.0088018444 -4.9533003e-10)
(0.69941155 -0.01625706 -3.6390098e-10)
(0.69045146 -0.02309997 -2.2495325e-10)
(0.67981231 -0.029235275 -8.8172438e-11)
(0.66778301 -0.034584974 3.9409198e-11)
(0.65465271 -0.039083362 1.5356509e-10)
(0.64070799 -0.042674196 2.5239556e-10)
(0.62623309 -0.045308873 3.3560584e-10)
(0.61151108 -0.046945667 4.0381451e-10)
(0.59682648 -0.047551648 4.5804597e-10)
(0.58246487 -0.047105313 4.9940007e-10)
(0.56871457 -0.045602615 5.2890149e-10)
(0.55586074 -0.043062091 5.47426e-10)
(0.54418299 -0.039530186 5.5571423e-10)
(0.53394319 -0.035085136 5.5438127e-10)
(0.52537999 -0.029837265 5.4396483e-10)
(0.5186918 -0.023928122 5.2493648e-10)
(0.5140367 -0.017526016 4.9777358e-10)
(0.51151757 -0.010817271 4.6297087e-10)
(0.51117398 -0.0039977668 4.2109812e-10)
(0.51298649 0.0027291168 3.7287481e-10)
(0.51687517 0.0091848768 3.1923139e-10)
(0.522704 0.015198839 2.6138318e-10)
(0.53028308 0.020614638 2.0089283e-10)
(0.53937603 0.025302719 1.3970478e-10)
(0.5497046 0.029160881 8.0130377e-11)
(0.56095681 0.032114103 2.4767812e-11)
(0.57279472 0.034115409 -2.3653255e-11)
(0.5848658 0.035145214 -6.2514169e-11)
(0.59681258 0.035211199 -8.9616086e-11)
(0.60828877 0.034346851 -1.0352392e-10)
(0.6189709 0.032609238 -1.038809e-10)
(0.62857476 0.030076732 -9.1605343e-11)
(0.63686542 0.026843159 -6.8895519e-11)
(0.64366321 0.02301878 -3.8985516e-11)
(0.64885126 0.018720937 -5.6843691e-12)
(0.65236638 0.014074843 2.7214087e-11)
(0.65419741 0.0092079241 5.6508054e-11)
(0.65437784 0.0042518509 7.9983344e-11)
(0.65300284 -0.00066822505 9.6583672e-11)
(0.65016232 -0.0054365103 1.0629199e-10)
(0.64597386 -0.0099364579 1.0988705e-10)
(0.64059354 -0.014065592 1.0857058e-10)
(0.63419563 -0.01772934 1.0369546e-10)
(0.62693729 -0.020844643 9.6493925e-11)
(0.61904845 -0.023332781 8.8013117e-11)
(0.61064335 -0.025130689 7.9008231e-11)
(0.60207526 -0.026151174 7.0052922e-11)
(0.59326352 -0.026368809 6.1450312e-11)
(0.58491844 -0.025599159 5.3487835e-11)
(0.57639756 -0.024064794 4.6199976e-11)
(0.56906749 -0.020782432 3.9628173e-11)
(0.56214429 -0.018227414 3.4338694e-11)
(0.55381129 -0.0096243055 2.7978439e-11)
(0.46817363 0.0041396881 1.6527078e-14)
(0.4710045 0.011959238 -8.408332e-14)
(0.47640711 0.019385681 9.0135831e-14)
(0.48429754 0.026537125 -1.2342097e-13)
(0.49479175 0.033549644 1.2664916e-13)
(0.50794946 0.040508165 9.1154091e-14)
(0.52378024 0.047455034 2.0550019e-14)
(0.54227787 0.054375644 3.8388148e-13)
(0.56343184 0.061216457 4.5328616e-13)
(0.58720623 0.067864543 2.7362074e-13)
(0.61352357 0.074162585 6.1398583e-13)
(0.64224753 0.07990512 1.0546365e-12)
(0.67317217 0.084854732 1.2955668e-12)
(0.70600916 0.088756089 9.4594111e-13)
(0.74038484 0.091354939 5.0639013e-13)
(0.77583817 0.092424525 1.2984843e-12)
(0.81183263 0.091788177 2.5264971e-12)
(0.84777149 0.089345948 2.6575997e-12)
(0.88302375 0.085095572 1.372696e-12)
(0.9169649 0.079146249 -1.3528903e-14)
(0.94901724 0.071714162 -7.5294408e-14)
(0.97869529 0.063106131 1.2351214e-12)
(1.0056378 0.053680863 2.6384906e-12)
(1.0296133 0.04380213 2.8176732e-12)
(1.0505292 0.033814118 1.5667985e-12)
(1.0683884 0.02400812 -1.9708645e-13)
(1.083248 0.014582164 -1.3608258e-12)
(1.0952629 0.0057426345 -1.5112556e-12)
(1.1045282 -0.0024479353 -1.0870378e-12)
(1.1112153 -0.0099398801 -8.4760871e-13)
(1.1155386 -0.016699002 -1.2546344e-12)
(1.1176734 -0.022773361 -2.2520106e-12)
(1.1177837 -0.028252462 -3.4634247e-12)
(1.1159817 -0.03327911 -4.5130573e-12)
(1.1122938 -0.038041613 -5.2073819e-12)
(1.10665 -0.042742218 -5.5297795e-12)
(1.0988731 -0.047558568 -5.5488176e-12)
(1.0886705 -0.052621463 -5.3402943e-12)
(1.0756366 -0.058002307 -4.9531666e-12)
(1.059275 -0.063686736 -4.406881e-12)
(1.0390404 -0.06954772 -3.708574e-12)
(1.0144014 -0.075349112 -2.8816643e-12)
(0.98492587 -0.080779275 -1.9875781e-12)
(0.95039011 -0.085500091 -1.1219526e-12)
(0.91089882 -0.089219114 -3.8575471e-13)
(0.86697979 -0.091784853 1.4800489e-13)
(0.81961435 -0.093249922 4.5122579e-13)
(0.77015477 -0.093828473 5.3565134e-13)
(0.72012444 -0.093741611 4.3072625e-13)
(0.67097235 -0.09304077 1.6032984e-13)
(0.623905 -0.091521271 -2.78295e-13)
(0.579853 -0.088779472 -9.3580343e-13)
(0.53953125 -0.084386806 -1.9347742e-12)
(0.50350667 -0.078069032 -3.4885345e-12)
(0.47222599 -0.069806005 -5.9529456e-12)
(0.44600777 -0.059830544 -9.9286574e-12)
(0.42502351 -0.04855297 -1.640697e-11)
(0.40928831 -0.03646184 -2.7152616e-11)
(0.39868848 -0.024034748 -4.5173971e-11)
(0.39299122 -0.011658718 -7.4619154e-11)
(0.39183562 0.00038559239 -1.1899975e-10)
(0.39503981 0.011918645 -1.7862322e-10)
(0.40240941 0.022638293 -2.4868752e-10)
(0.41361772 0.032259326 -3.169675e-10)
(0.42829682 0.040350284 -3.6538539e-10)
(0.44581645 0.046396678 -3.7686632e-10)
(0.46526291 0.050056755 -3.4264692e-10)
(0.4855726 0.051408911 -2.6692123e-10)
(0.50577956 0.050888061 -1.6327314e-10)
(0.5251423 0.049016395 -4.9849287e-11)
(0.54319687 0.046329589 5.43565e-11)
(0.55970398 0.043305015 1.354936e-10)
(0.57460674 0.040318061 1.8717497e-10)
(0.58799279 0.037534683 2.0856791e-10)
(0.59996064 0.034880206 2.0248613e-10)
(0.61052064 0.032166839 1.7450146e-10)
(0.61959242 0.029214408 1.3043984e-10)
(0.62703777 0.025902946 7.6382785e-11)
(0.63271185 0.022201216 1.6966911e-11)
(0.6365021 0.018181514 -4.5905681e-11)
(0.63837629 0.013991432 -1.1044987e-10)
(0.63837316 0.0098224028 -1.742916e-10)
(0.63665961 0.0059017945 -2.371356e-10)
(0.63347852 0.0023371079 -2.948656e-10)
(0.62911098 -0.00075470556 -3.3419072e-10)
(0.6238836 -0.0033317746 -3.3548887e-10)
(0.61814643 -0.0054599453 -2.8404376e-10)
(0.6121991 -0.0072826019 -1.7724485e-10)
(0.60623413 -0.0089558403 -1.9454345e-11)
(0.60033972 -0.010638151 1.8475228e-10)
(0.59448871 -0.012495508 4.2862099e-10)
(0.58851865 -0.01467386 6.9785916e-10)
(0.58214033 -0.017248392 9.7114504e-10)
(0.57500228 -0.020196494 1.2270659e-09)
(0.56678494 -0.023408542 1.4510719e-09)
(0.55728353 -0.026721388 1.6375172e-09)
(0.54644873 -0.029953896 1.7870242e-09)
(0.53437819 -0.032928903 1.9021863e-09)
(0.52128293 -0.035481446 1.9845256e-09)
(0.50744673 -0.037455655 2.0336644e-09)
(0.49319931 -0.038697035 2.0480779e-09)
(0.47889577 -0.039046224 2.0264075e-09)
(0.46492633 -0.038342098 1.9688853e-09)
(0.45171776 -0.036428876 1.8779979e-09)
(0.43972992 -0.033174518 1.7587755e-09)
(0.42946086 -0.028499607 1.6187548e-09)
(0.42143731 -0.022388879 1.4673171e-09)
(0.41617241 -0.014922189 1.3149378e-09)
(0.41411115 -0.0062941447 1.1721496e-09)
(0.41569155 0.0032150692 1.0484405e-09)
(0.4211877 0.013154639 9.5122818e-10)
(0.43062044 0.023017339 8.8503547e-10)
(0.44382826 0.03226598 8.5114561e-10)
(0.46040909 0.040364425 8.4770133e-10)
(0.47971789 0.046837207 8.7031675e-10)
(0.50091009 0.051325912 9.1303591e-10)
(0.52300771 0.053627047 9.6940251e-10)
(0.54498529 0.053708971 1.0332521e-09)
(0.56586364 0.051700246 1.0988712e-09)
(0.58478636 0.047863766 1.1603327e-09)
(0.60108412 0.04255005 1.2103475e-09)
(0.61429061 0.036156697 1.2393472e-09)
(0.62415379 0.02907801 1.235781e-09)
(0.63059235 0.021678879 1.1879672e-09)
(0.6336856 0.014260297 1.0872194e-09)
(0.63360414 0.0070648954 9.3090415e-10)
(0.63067773 0.00023308889 7.2430739e-10)
(0.62519534 -0.0061712044 4.8036944e-10)
(0.61741278 -0.01203594 2.1756532e-10)
(0.60768488 -0.017377285 -4.3652559e-11)
(0.59631273 -0.022218703 -2.8453235e-10)
(0.58355857 -0.026601971 -4.9080486e-10)
(0.56965572 -0.030564431 -6.5406724e-10)
(0.55480863 -0.03412875 -7.7172481e-10)
(0.539201 -0.037291187 -8.4586008e-10)
(0.5230085 -0.040012747 -8.8158992e-10)
(0.50641389 -0.042214526 -8.8543101e-10)
(0.48962419 -0.043778373 -8.6403628e-10)
(0.47288623 -0.044554275 -8.23432e-10)
(0.45649957 -0.044374471 -7.6872356e-10)
(0.44082224 -0.043074269 -7.041316e-10)
(0.42626866 -0.04051699 -6.3322529e-10)
(0.41329698 -0.036620561 -5.5921551e-10)
(0.40238524 -0.031380682 -4.8520158e-10)
(0.3939986 -0.024887691 -4.143026e-10)
(0.3885471 -0.01733273 -3.4964669e-10)
(0.38633634 -0.0090007296 -2.9423074e-10)
(0.38757542 -0.00024888393 -2.5069347e-10)
(0.39231482 0.0085467838 -2.210787e-10)
(0.40041723 0.016989518 -2.0662032e-10)
(0.41160933 0.024703864 -2.0764413e-10)
(0.42548163 0.031383922 -2.2356916e-10)
(0.4415011 0.036790277 -2.5300376e-10)
(0.45904786 0.040765652 -2.9388274e-10)
(0.4774528 0.0432373 -3.4357628e-10)
(0.49603285 0.044210899 -3.9891807e-10)
(0.51412884 0.043759124 -4.561357e-10)
(0.53114033 0.042008723 -5.107539e-10)
(0.5465567 0.03912217 -5.5763071e-10)
(0.55996916 0.035280324 -5.9128328e-10)
(0.57108567 0.030673926 -6.0661369e-10)
(0.57972331 0.025491896 -5.9991562e-10)
(0.58579331 0.019904915 -5.6985442e-10)
(0.58928463 0.014077564 -5.1798298e-10)
(0.59026231 0.0081714553 -4.485588e-10)
(0.58884319 0.0023159691 -3.6766824e-10)
(0.58518907 -0.0034343705 -2.8195241e-10)
(0.57947876 -0.0089080043 -1.9746443e-10)
(0.57191695 -0.01401418 -1.1886441e-10)
(0.56275128 -0.018671392 -4.9116581e-11)
(0.5522342 -0.022816192 1.0365393e-11)
(0.5406329 -0.026387931 5.9336764e-11)
(0.52822171 -0.029332503 9.8287627e-11)
(0.51527904 -0.031601833 1.2807347e-10)
(0.50208544 -0.033154 1.4965321e-10)
(0.48892191 -0.033954988 1.6393861e-10)
(0.47606717 -0.033981603 1.7171936e-10)
(0.46379535 -0.033225363 1.7365353e-10)
(0.45237068 -0.031695936 1.7027503e-10)
(0.44204333 -0.029424894 1.6203634e-10)
(0.43304041 -0.026467303 1.4933804e-10)
(0.4255615 -0.022902327 1.3258099e-10)
(0.41976532 -0.018830997 1.1219221e-10)
(0.41577019 -0.014371429 8.8680834e-11)
(0.4136448 -0.0096592241 6.266528e-11)
(0.41340188 -0.0048302271 3.4882815e-11)
(0.41500608 -2.3854233e-05 6.2299985e-12)
(0.41837135 0.0046291756 -2.2253773e-11)
(0.42336072 0.0090009439 -4.9402341e-11)
(0.42979291 0.012980906 -7.3963595e-11)
(0.43745776 0.01647997 -9.4668856e-11)
(0.44611399 0.019425812 -1.1033006e-10)
(0.45549872 0.021763704 -1.199586e-10)
(0.46533659 0.023456828 -1.2289375e-10)
(0.47534775 0.024486052 -1.189248e-10)
(0.48525697 0.024848675 -1.0837933e-10)
(0.49480076 0.024557963 -9.2152657e-11)
(0.50373522 0.023642527 -7.1656344e-11)
(0.51184382 0.022144019 -4.8676368e-11)
(0.518939 0.020118568 -2.5157047e-11)
(0.52486791 0.017633009 -2.9467753e-12)
(0.52951738 0.014763345 1.6441959e-11)
(0.53280336 0.011596572 3.2000977e-11)
(0.53468781 0.0082191545 4.3296609e-11)
(0.53515896 0.0047291133 5.0422384e-11)
(0.53426014 0.0012128402 5.3879849e-11)
(0.53205364 -0.0022566088 5.4402879e-11)
(0.52862059 -0.0055720971 5.2808717e-11)
(0.52408256 -0.008652738 4.9861892e-11)
(0.51858573 -0.011423476 4.6209893e-11)
(0.51228551 -0.013820327 4.2338081e-11)
(0.50537388 -0.015777941 3.8593656e-11)
(0.49801468 -0.017239594 3.5187425e-11)
(0.49047068 -0.018133775 3.2247215e-11)
(0.48283169 -0.018416903 2.9821e-11)
(0.47556046 -0.017970336 2.793295e-11)
(0.4684006 -0.016819692 2.654533e-11)
(0.46241595 -0.014549861 2.5700762e-11)
(0.45657579 -0.012087529 2.5142096e-11)
(0.45111201 -0.0055600712 2.5453945e-11)
(0.34321489 0.0028412971 -5.3268723e-16)
(0.34610897 0.0079945111 -1.2971877e-14)
(0.35153786 0.012751572 2.0075207e-14)
(0.35937685 0.017239932 -9.4230452e-15)
(0.36973211 0.021594738 4.7001081e-14)
(0.38263223 0.025895252 6.0016149e-14)
(0.39805866 0.030178812 5.9390426e-14)
(0.4159912 0.034446446 1.650878e-13)
(0.43640782 0.038665706 1.8428541e-13)
(0.45926094 0.042763212 1.6570422e-13)
(0.48445976 0.046630933 3.1883247e-13)
(0.51185614 0.050129331 4.1025019e-13)
(0.54123398 0.053096691 4.0210869e-13)
(0.57230065 0.05536012 3.6606086e-13)
(0.60468513 0.056749105 4.2684772e-13)
(0.63793984 0.057112621 6.7007103e-13)
(0.67155022 0.056335714 8.18733e-13)
(0.70495112 0.05435473 6.5674582e-13)
(0.73755094 0.051171888 3.3702134e-13)
(0.76876521 0.046864381 2.0398066e-13)
(0.79804591 0.041579014 3.8926175e-13)
(0.82492032 0.035527535 6.736185e-13)
(0.84901425 0.028954097 7.2400019e-13)
(0.8700602 0.02210429 4.1424889e-13)
(0.88792587 0.015215491 -9.1596342e-14)
(0.90255443 0.0085211277 -5.2404997e-13)
(0.91392851 0.0021559307 -7.4176178e-13)
(0.92223761 -0.0037782146 -8.0926033e-13)
(0.92744335 -0.0092304828 -8.9589278e-13)
(0.92978101 -0.014101909 -1.126121e-12)
(0.92943348 -0.018379355 -1.5066671e-12)
(0.92656192 -0.02209852 -1.9523988e-12)
(0.92131572 -0.025324229 -2.3564492e-12)
(0.91379726 -0.028153972 -2.6426099e-12)
(0.90404799 -0.030696962 -2.7787773e-12)
(0.89204245 -0.033054414 -2.7648233e-12)
(0.87767893 -0.035306906 -2.6151211e-12)
(0.86078346 -0.037498957 -2.3472243e-12)
(0.84113425 -0.039624095 -1.9797879e-12)
(0.81849885 -0.041620577 -1.5374994e-12)
(0.79268478 -0.043382565 -1.0570408e-12)
(0.76360581 -0.044789238 -5.8685791e-13)
(0.73135088 -0.045749934 -1.7835786e-13)
(0.69623319 -0.046257729 1.2673219e-13)
(0.65879629 -0.046428745 3.0513556e-13)
(0.61976151 -0.046494968 3.5266568e-13)
(0.57992251 -0.046733867 2.7802274e-13)
(0.54002069 -0.04735292 9.3294718e-14)
(0.50065971 -0.048376166 -1.9595299e-13)
(0.46230326 -0.049589432 -5.9932288e-13)
(0.42535828 -0.050579619 -1.1509006e-12)
(0.39026703 -0.050850924 -1.9188448e-12)
(0.3575509 -0.049964348 -3.0170201e-12)
(0.32779507 -0.047643224 -4.6219012e-12)
(0.30158389 -0.043817373 -7.0027961e-12)
(0.27942133 -0.0386078 -1.0556819e-11)
(0.26166995 -0.032271128 -1.5840657e-11)
(0.24851977 -0.025130886 -2.3595004e-11)
(0.24000179 -0.017524508 -3.4641452e-11)
(0.23601043 -0.0097540172 -4.9523501e-11)
(0.23636475 -0.0020612276 -6.7906521e-11)
(0.2407272 0.0054430615 -8.8140628e-11)
(0.24876795 0.012421671 -1.0711194e-10)
(0.26022413 0.018658565 -1.2035233e-10)
(0.274628 0.023924305 -1.2328803e-10)
(0.29132695 0.027936545 -1.1320606e-10)
(0.30951536 0.030534233 -9.0596248e-11)
(0.32833631 0.031767485 -5.9162963e-11)
(0.34702765 0.031863006 -2.4505458e-11)
(0.36500579 0.031124453 7.4781277e-12)
(0.38189008 0.029880937 3.1900108e-11)
(0.39749008 0.028426289 4.5935719e-11)
(0.41176914 0.026958691 4.8819991e-11)
(0.42478569 0.02555025 4.1268624e-11)
(0.43661723 0.024160845 2.4743817e-11)
(0.44729689 0.02269166 1.1009212e-12)
(0.4567999 0.021037082 -2.8089504e-11)
(0.46504752 0.019121003 -6.1090914e-11)
(0.47193938 0.016920601 -9.659727e-11)
(0.47738217 0.014473345 -1.3297459e-10)
(0.48133352 0.011866744 -1.6720035e-10)
(0.48380435 0.0092186399 -1.9575489e-10)
(0.48488694 0.0066541398 -2.1445643e-10)
(0.48472954 0.0042612086 -2.1582429e-10)
(0.48351786 0.0021000478 -1.9113932e-10)
(0.4814601 0.00019245502 -1.3519496e-10)
(0.47874166 -0.0014818624 -4.8993529e-11)
(0.47549235 -0.002979526 6.2010504e-11)
(0.47177328 -0.0043624053 1.9126753e-10)
(0.46757795 -0.0057125587 3.3196073e-10)
(0.46283782 -0.0071124265 4.759e-10)
(0.45742414 -0.0086329393 6.1373163e-10)
(0.45117079 -0.010319037 7.3715582e-10)
(0.4439167 -0.012179945 8.4120804e-10)
(0.43554816 -0.014189191 9.2478343e-10)
(0.42602666 -0.016290922 9.8943664e-10)
(0.4153977 -0.01840764 1.0376393e-09)
(0.40378329 -0.020446469 1.0714775e-09)
(0.39136971 -0.022303192 1.0922074e-09)
(0.37839529 -0.023864184 1.1004635e-09)
(0.36514243 -0.025007987 1.0966971e-09)
(0.35193113 -0.025607889 1.0815821e-09)
(0.33912331 -0.025534806 1.0563373e-09)
(0.3271168 -0.024666778 1.0227495e-09)
(0.3163382 -0.022905154 9.831454e-10)
(0.30723635 -0.020183941 9.4029963e-10)
(0.30025977 -0.016484468 8.9720349e-10)
(0.2958301 -0.011861423 8.5689352e-10)
(0.29430697 -0.0064283371 8.2219275e-10)
(0.29597559 -0.00035171126 7.9549339e-10)
(0.30097508 0.0060562454 7.7852113e-10)
(0.30929223 0.012451278 7.7218684e-10)
(0.32075055 0.018514565 7.764784e-10)
(0.33497937 0.023916304 7.9043915e-10)
(0.35144276 0.028356716 8.122303e-10)
(0.36947398 0.031606842 8.3920979e-10)
(0.38832154 0.033529742 8.6797832e-10)
(0.40720722 0.034089864 8.943754e-10)
(0.4253832 0.033348185 9.134675e-10)
(0.44218266 0.031446948 9.1966634e-10)
(0.45705581 0.028586262 9.0713137e-10)
(0.46959137 0.024996047 8.7056408e-10)
(0.47951947 0.020912317 8.0628817e-10)
(0.4867058 0.016551262 7.1335823e-10)
(0.49112938 0.012103329 5.9426742e-10)
(0.49286402 0.0077110205 4.5498904e-10)
(0.49204632 0.0034949879 3.0420605e-10)
(0.48891716 -0.00054833293 1.5193939e-10)
(0.48367895 -0.0043576793 7.9712891e-12)
(0.47650449 -0.0078947189 -1.1957101e-10)
(0.4676222 -0.011164095 -2.2520452e-10)
(0.45722835 -0.014206115 -3.063916e-10)
(0.44551346 -0.017037778 -3.6328172e-10)
(0.43265647 -0.019668112 -3.9806193e-10)
(0.41883555 -0.022088287 -4.1415777e-10)
(0.40423766 -0.024265345 -4.1548559e-10)
(0.38906964 -0.026139204 -4.0588071e-10)
(0.37356965 -0.027623077 -3.8874996e-10)
(0.35801667 -0.028608511 -3.6692534e-10)
(0.34273609 -0.02897506 -3.4266497e-10)
(0.32809897 -0.028604511 -3.1773966e-10)
(0.31451418 -0.027397448 -2.9355892e-10)
(0.30241239 -0.025290839 -2.7129748e-10)
(0.29222274 -0.022273713 -2.5199462e-10)
(0.28434413 -0.018397582 -2.3661021e-10)
(0.27911378 -0.013779386 -2.2603168e-10)
(0.27677793 -0.0085925866 -2.2103694e-10)
(0.277478 -0.0030425635 -2.222246e-10)
(0.28121171 0.0026104924 -2.29929e-10)
(0.28783344 0.0081121037 -2.4413747e-10)
(0.29710663 0.013199584 -2.6442463e-10)
(0.30867922 0.017706086 -2.8990731e-10)
(0.32209638 0.021471348 -3.1922918e-10)
(0.3368517 0.024387017 -3.5056883e-10)
(0.35241073 0.02639636 -3.8168036e-10)
(0.36823721 0.027489443 -4.0998116e-10)
(0.38381847 0.027696759 -4.3271187e-10)
(0.39868568 0.027080537 -4.4719181e-10)
(0.41242968 0.025725229 -4.5116706e-10)
(0.42470655 0.023730229 -4.4319265e-10)
(0.43524389 0.021203469 -4.2297383e-10)
(0.44383861 0.018252176 -3.9153368e-10)
(0.45035414 0.014980543 -3.5112373e-10)
(0.45471258 0.011491766 -3.0486771e-10)
(0.45688894 0.0078786061 -2.5624618e-10)
(0.45690507 0.004216791 -2.0854821e-10)
(0.45486953 0.00057924706 -1.6443073e-10)
(0.4509097 -0.0029797482 -1.2570805e-10)
(0.44515617 -0.006379806 -9.3348932e-11)
(0.43778526 -0.0095444786 -6.7595445e-11)
(0.42899987 -0.012446479 -4.8174958e-11)
(0.41903472 -0.015036191 -3.4511513e-11)
(0.40813541 -0.017268385 -2.5893859e-11)
(0.39656094 -0.019100921 -2.15892e-11)
(0.38457991 -0.020494638 -2.0908709e-11)
(0.37246616 -0.021415262 -2.3236108e-11)
(0.36049521 -0.021836 -2.8032285e-11)
(0.34893856 -0.021739903 -3.4826407e-11)
(0.33805858 -0.021123081 -4.3199383e-11)
(0.32810149 -0.019996799 -5.2764251e-11)
(0.31928966 -0.018389145 -6.3148309e-11)
(0.31181751 -0.016345351 -7.3972707e-11)
(0.30583921 -0.013925774 -8.4847655e-11)
(0.30146855 -0.011204728 -9.5353034e-11)
(0.29877833 -0.0082664746 -1.0504328e-10)
(0.29778704 -0.0051978689 -1.1345979e-10)
(0.29846891 -0.0020891652 -1.2013454e-10)
(0.30074776 0.00097486313 -1.2462342e-10)
(0.30450675 0.003905838 -1.265365e-10)
(0.30960504 0.0066189694 -1.2557549e-10)
(0.31586908 0.0090597448 -1.2157434e-10)
(0.32309506 0.011178408 -1.1453575e-10)
(0.33106329 0.012932782 -1.046586e-10)
(0.33954411 0.014292144 -9.234821e-11)
(0.3483027 0.015236914 -7.8203314e-11)
(0.35710572 0.015757982 -6.2975875e-11)
(0.3657256 0.015856778 -4.7504917e-11)
(0.37394608 0.015544714 -3.2631504e-11)
(0.38156752 0.014842743 -1.9106531e-11)
(0.38840944 0.013781183 -7.5091936e-12)
(0.39431503 0.01239806 1.8090726e-12)
(0.3991569 0.010739061 8.7439723e-12)
(0.40283365 0.0088550515 1.3416937e-11)
(0.40527964 0.0068016871 1.6125117e-11)
(0.40645564 0.0046359812 1.7269298e-11)
(0.40636276 0.0024177924 1.7286042e-11)
(0.40504862 0.00019372616 1.6586018e-11)
(0.40257793 -0.0019786524 1.5518843e-11)
(0.39903455 -0.0040401702 1.4352995e-11)
(0.3945317 -0.0059287603 1.3276614e-11)
(0.38920786 -0.0076108002 1.2403483e-11)
(0.38323179 -0.0090375325 1.1793316e-11)
(0.37677811 -0.010164565 1.146166e-11)
(0.3700634 -0.010938159 1.1398121e-11)
(0.36326439 -0.011315585 1.1576106e-11)
(0.35669697 -0.011211298 1.1954459e-11)
(0.35042373 -0.010591658 1.2499594e-11)
(0.34508026 -0.0092502481 1.3166952e-11)
(0.34012583 -0.0072793412 1.3857217e-11)
(0.33652911 -0.0029839323 1.4932526e-11)
(0.21119661 0.0015179092 -8.5223429e-16)
(0.21388243 0.0038746836 2.9162836e-18)
(0.2188551 0.00602056 7.1035834e-15)
(0.22582456 0.0079638863 6.2447865e-15)
(0.23491208 0.0098249383 2.166117e-14)
(0.24611525 0.011655813 2.9488935e-14)
(0.25940479 0.013481691 3.5202995e-14)
(0.27476757 0.015309851 6.2529687e-14)
(0.29219061 0.017126181 6.8866168e-14)
(0.31163723 0.018893052 7.515433e-14)
(0.33302915 0.020553117 1.1451958e-13)
(0.35623179 0.022032273 1.2610099e-13)
(0.38104262 0.023244374 1.2285924e-13)
(0.40718315 0.024097388 1.3418131e-13)
(0.43429675 0.024501124 1.6250815e-13)
(0.46195211 0.024376214 1.9021684e-13)
(0.48965395 0.023663714 1.7571474e-13)
(0.51686088 0.022334718 1.2052864e-13)
(0.54301062 0.020398078 7.3766626e-14)
(0.56755112 0.017904871 6.9242388e-14)
(0.5899703 0.014944594 8.1926707e-14)
(0.60983057 0.011643488 5.4737361e-14)
(0.62678434 0.0081432409 -4.2853239e-14)
(0.64060132 0.0045939799 -1.8761555e-13)
(0.65117463 0.0011948294 -3.3126936e-13)
(0.65851318 -0.002020228 -4.4125665e-13)
(0.66256262 -0.0049955714 -5.2454395e-13)
(0.66366395 -0.0076436008 -6.1029035e-13)
(0.6618501 -0.0099442619 -7.1918837e-13)
(0.65747902 -0.011812439 -8.476454e-13)
(0.65074242 -0.013267841 -9.747498e-13)
(0.64185702 -0.014350061 -1.0738668e-12)
(0.63105085 -0.015102899 -1.1247212e-12)
(0.61851943 -0.015574898 -1.1181224e-12)
(0.60442145 -0.01581385 -1.0540376e-12)
(0.58887395 -0.015865246 -9.3805075e-13)
(0.57195752 -0.015766841 -7.7924455e-13)
(0.55373368 -0.015541857 -5.8996674e-13)
(0.53426583 -0.015199454 -3.8628535e-13)
(0.51364142 -0.014743622 -1.874604e-13)
(0.49199188 -0.014185483 -1.3638559e-14)
(0.46950127 -0.013558114 1.1762055e-13)
(0.44639663 -0.0129298 1.9430306e-13)
(0.42291633 -0.012407552 2.1106225e-13)
(0.39926153 -0.012126196 1.6820371e-13)
(0.37554494 -0.012224335 6.9287719e-14)
(0.35175954 -0.012809731 -8.1825022e-14)
(0.32779071 -0.013919126 -2.8405042e-13)
(0.30348373 -0.015484415 -5.4213783e-13)
(0.27874445 -0.017322672 -8.6978316e-13)
(0.25363886 -0.019162122 -1.2929966e-12)
(0.22845123 -0.020699917 -1.8533276e-12)
(0.20368186 -0.021664011 -2.6115917e-12)
(0.17998642 -0.021861753 -3.6514987e-12)
(0.15808006 -0.021204785 -5.0811288e-12)
(0.13864002 -0.019709457 -7.0265262e-12)
(0.12223339 -0.017475145 -9.6139584e-12)
(0.10926794 -0.014655266 -1.2933405e-11)
(0.10006006 -0.011432369 -1.697543e-11)
(0.094748039 -0.0079538671 -2.1530067e-11)
(0.093264652 -0.0043687471 -2.6099421e-11)
(0.095328357 -0.00084141389 -2.9924945e-11)
(0.10063203 0.0026302374 -3.20979e-11)
(0.10903617 0.0058160942 -3.178655e-11)
(0.12014935 0.0086247965 -2.8555702e-11)
(0.13336919 0.010879729 -2.2652719e-11)
(0.14804779 0.012479621 -1.5050047e-11)
(0.16352132 0.013434286 -7.203408e-12)
(0.179199 0.013843404 -6.6887477e-13)
(0.19461989 0.013852327 3.2423244e-12)
(0.2094719 0.013617322 3.6722213e-12)
(0.22358521 0.013273731 2.797525e-13)
(0.23690233 0.012912098 -6.869795e-12)
(0.24942944 0.012565998 -1.7445797e-11)
(0.26118214 0.012215348 -3.0972736e-11)
(0.27214459 0.011807116 -4.6815237e-11)
(0.28225627 0.011281532 -6.4195787e-11)
(0.29141758 0.010591907 -8.1945043e-11)
(0.2995118 0.0097178793 -9.8618072e-11)
(0.30643001 0.0086702455 -1.1211451e-10)
(0.31210181 0.0074882365 -1.1988653e-10)
(0.31650234 0.0062277862 -1.1935819e-10)
(0.31966604 0.0049520974 -1.0774834e-10)
(0.3216746 0.0037179376 -8.2374993e-11)
(0.32263913 0.0025723296 -4.2449214e-11)
(0.32268805 0.0015460545 1.0168633e-11)
(0.32194269 0.00064519512 7.1805099e-11)
(0.32050254 -0.00014227383 1.3829337e-10)
(0.31841658 -0.00084990581 2.0568851e-10)
(0.31569304 -0.0014998944 2.7026842e-10)
(0.31231728 -0.0021274864 3.2863449e-10)
(0.30823229 -0.0027786755 3.7833877e-10)
(0.30335515 -0.0034971056 4.1830813e-10)
(0.29759829 -0.0043143212 4.4883601e-10)
(0.29088748 -0.0052453914 4.7109678e-10)
(0.28317702 -0.0062872573 4.8653732e-10)
(0.27446085 -0.0074193551 4.9645236e-10)
(0.26477913 -0.0086054563 5.018202e-10)
(0.25422297 -0.0097956859 5.0335932e-10)
(0.24293782 -0.010928293 5.016748e-10)
(0.23112545 -0.01193089 4.9738481e-10)
(0.2190442 -0.012722214 4.9119823e-10)
(0.20701046 -0.013214687 4.8394819e-10)
(0.19539271 -0.013321236 4.7653988e-10)
(0.184602 -0.012963813 4.699026e-10)
(0.17507812 -0.012081351 4.649317e-10)
(0.16726484 -0.010643638 4.6240893e-10)
(0.16158946 -0.00866237 4.629624e-10)
(0.15841866 -0.0061892864 4.6698305e-10)
(0.15803114 -0.0033201281 4.7460264e-10)
(0.16056622 -0.00017802813 4.8563895e-10)
(0.16606577 0.0031301847 4.9953692e-10)
(0.1744454 0.006389857 5.1539999e-10)
(0.18539923 0.0093994218 5.3190959e-10)
(0.19850124 0.011993803 5.473768e-10)
(0.21322331 0.01404332 5.5977255e-10)
(0.22896406 0.015462837 5.668126e-10)
(0.2450936 0.016218253 5.6610457e-10)
(0.26099755 0.016325252 5.5537104e-10)
(0.27611542 0.015841741 5.327492e-10)
(0.28997078 0.014856624 4.9713737e-10)
(0.30218839 0.013475937 4.4851564e-10)
(0.31250181 0.011810608 3.881574e-10)
(0.32074699 0.0099653983 3.1862922e-10)
(0.32685311 0.0080321065 2.435675e-10)
(0.33082035 0.0060876088 1.6721399e-10)
(0.33270864 0.0041914123 9.3871317e-11)
(0.33261839 0.0023962101 2.7357793e-11)
(0.33069459 0.00066679081 -2.9631581e-11)
(0.32707844 -0.0009808459 -7.5388971e-11)
(0.3218378 -0.0025888383 -1.0953607e-10)
(0.31508283 -0.0041370551 -1.3267853e-10)
(0.30694667 -0.0056320943 -1.4620159e-10)
(0.29753266 -0.0070895871 -1.5193994e-10)
(0.28695241 -0.0085119921 -1.5186485e-10)
(0.27533255 -0.0098868379 -1.4787096e-10)
(0.26282592 -0.011185158 -1.4163982e-10)
(0.24962369 -0.012360202 -1.3457683e-10)
(0.2359651 -0.01334883 -1.2780207e-10)
(0.22214289 -0.014075963 -1.2217422e-10)
(0.20850247 -0.014462107 -1.1832931e-10)
(0.19543363 -0.014433094 -1.1672292e-10)
(0.18335432 -0.013931128 -1.176667e-10)
(0.17268773 -0.012925212 -1.2135356e-10)
(0.1638349 -0.011419179 -1.2786942e-10)
(0.15714627 -0.0094561761 -1.371917e-10)
(0.15289568 -0.0071178407 -1.4917732e-10)
(0.15125479 -0.0045164225 -1.6354391e-10)
(0.15227483 -0.0017847744 -1.7984918e-10)
(0.15585937 0.00097033756 -1.9747483e-10)
(0.1618854 0.0036782288 -2.1564157e-10)
(0.17011838 0.0061682915 -2.3339567e-10)
(0.18017925 0.0083447686 -2.4966167e-10)
(0.19167728 0.010143894 -2.6330744e-10)
(0.20418934 0.011525407 -2.7322591e-10)
(0.2172825 0.012472632 -2.7844656e-10)
(0.23053406 0.012989908 -2.7825972e-10)
(0.24354711 0.013098456 -2.723352e-10)
(0.25596254 0.012832311 -2.6080931e-10)
(0.26746535 0.012233716 -2.4431225e-10)
(0.27779034 0.011349353 -2.2392434e-10)
(0.28672361 0.010227044 -2.0104867e-10)
(0.29410082 0.008914046 -1.7722587e-10)
(0.29980405 0.0074550391 -1.5393687e-10)
(0.303758 0.0058923256 -1.3243425e-10)
(0.3059317 0.0042697672 -1.1363014e-10)
(0.3063403 0.0026393006 -9.8062417e-11)
(0.30504198 0.0010083391 -8.5933142e-11)
(0.30212511 -0.00060838176 -7.7106404e-11)
(0.29766037 -0.0022241014 -7.1363382e-11)
(0.29175195 -0.0037751255 -6.8305659e-11)
(0.28458147 -0.0052267807 -6.7501073e-11)
(0.27632014 -0.0065576479 -6.8513201e-11)
(0.26716346 -0.0077428801 -7.0926416e-11)
(0.25732677 -0.0087552711 -7.4357234e-11)
(0.247041 -0.0095679751 -7.8457959e-11)
(0.23654929 -0.010156098 -8.2915213e-11)
(0.22610166 -0.010498481 -8.7446957e-11)
(0.21594899 -0.010579995 -9.1798017e-11)
(0.20633575 -0.010393222 -9.573672e-11)
(0.19749193 -0.0099401074 -9.9052509e-11)
(0.18962612 -0.0092324546 -1.0155466e-10)
(0.18291667 -0.0082925356 -1.0307506e-10)
(0.1775072 -0.0071513909 -1.0346945e-10)
(0.17350356 -0.0058478373 -1.0262417e-10)
(0.17096799 -0.0044300521 -1.004635e-10)
(0.16991953 -0.002947121 -9.6956514e-11)
(0.17032978 -0.001448495 -9.2125334e-11)
(0.17212113 3.0719744e-05 -8.6052125e-11)
(0.17520796 0.0014733104 -7.8881117e-11)
(0.17948129 0.0028278575 -7.0821357e-11)
(0.18477638 0.0040531635 -6.2141382e-11)
(0.19091775 0.005122853 -5.31477e-11)
(0.19771895 0.0060170407 -4.4171451e-11)
(0.20498346 0.0067207089 -3.5543142e-11)
(0.21251061 0.0072241983 -2.7564802e-11)
(0.22009965 0.0075232128 -2.0483514e-11)
(0.22755472 0.0076185417 -1.4469979e-11)
(0.23468938 0.0075159747 -9.6057503e-12)
(0.24133051 0.0072257993 -5.8818665e-12)
(0.24732201 0.0067624699 -3.2087149e-12)
(0.25252903 0.0061447025 -1.4354758e-12)
(0.25683973 0.005393279 -3.7522975e-13)
(0.26016797 0.0045330287 1.6971515e-13)
(0.26245357 0.0035905692 3.8514319e-13)
(0.26366543 0.0025982553 4.2983571e-13)
(0.263806 0.0015866234 4.2668485e-13)
(0.26290353 0.00057060255 4.6134082e-13)
(0.26101903 -0.00043103225 5.8479769e-13)
(0.25820694 -0.0014164664 8.2011857e-13)
(0.25455285 -0.0023376022 1.166988e-12)
(0.25019313 -0.0031659143 1.6104002e-12)
(0.24526622 -0.0038790679 2.1252514e-12)
(0.23993954 -0.0044479185 2.6807183e-12)
(0.23439094 -0.0048442622 3.2441569e-12)
(0.2288557 -0.0050177749 3.7789263e-12)
(0.22352902 -0.0049283359 4.257755e-12)
(0.21877236 -0.00444167 4.6397635e-12)
(0.21469645 -0.0034042741 4.8939369e-12)
(0.21214869 -0.001348923 5.1325926e-12)
(0.072183743 0.00039693858 7.7489446e-17)
(0.073860079 0.00087185188 9.832062e-16)
(0.07677475 0.0012961867 2.4181275e-15)
(0.080655053 0.0016572519 3.2635382e-15)
(0.085608888 0.002003833 6.5963442e-15)
(0.091606233 0.0023474468 8.5001163e-15)
(0.098628758 0.0026948761 1.0627825e-14)
(0.10668067 0.0030483755 1.5725533e-14)
(0.11576693 0.0034035396 1.6900072e-14)
(0.12587625 0.0037492515 1.916382e-14)
(0.13696833 0.0040688251 2.5033377e-14)
(0.14896274 0.0043407725 2.5019039e-14)
(0.16172994 0.0045400811 2.4534586e-14)
(0.17508536 0.0046401528 2.6490583e-14)
(0.18878809 0.0046154023 2.7501401e-14)
(0.20254464 0.0044443792 2.4102482e-14)
(0.21601867 0.0041131808 1.4649221e-14)
(0.22884705 0.0036186142 2.7736746e-15)
(0.2406615 0.0029703159 -7.3678298e-15)
(0.2511141 0.0021914425 -1.7284757e-14)
(0.25990282 0.0013165767 -3.297331e-14)
(0.26679663 0.00038952463 -5.8208778e-14)
(0.27166643 -0.00054117643 -9.0601079e-14)
(0.27452885 -0.0013981753 -1.2384803e-13)
(0.27509825 -0.0021992623 -1.5828725e-13)
(0.27389444 -0.0026981967 -1.7877593e-13)
(0.2709678 -0.0032364997 -2.0331673e-13)
(0.26645024 -0.0036258039 -2.3012921e-13)
(0.26064369 -0.0038601941 -2.5496723e-13)
(0.25382633 -0.003945149 -2.7383566e-13)
(0.24622224 -0.0039025094 -2.8304603e-13)
(0.23806913 -0.0037471105 -2.7978959e-13)
(0.22959155 -0.0034928165 -2.6312508e-13)
(0.22098286 -0.0031518741 -2.3384531e-13)
(0.21240319 -0.0027418653 -1.9396476e-13)
(0.2039797 -0.0022842886 -1.4638506e-13)
(0.19580831 -0.0018014385 -9.4780686e-14)
(0.18795849 -0.0013161919 -4.3484728e-14)
(0.18047942 -0.0008517227 2.8355283e-15)
(0.17340553 -0.00042912126 3.9746521e-14)
(0.16675878 -6.56934e-05 6.3677229e-14)
(0.16054526 0.00022467072 7.2356792e-14)
(0.15474405 0.00042878456 6.4887796e-14)
(0.14928965 0.00053016534 4.1484783e-14)
(0.1440528 0.00050608267 2.9945194e-15)
(0.13882753 0.00032900866 -4.965561e-14)
(0.13333332 -2.530652e-05 -1.1605238e-13)
(0.12724093 -0.00056525478 -1.9692212e-13)
(0.12022419 -0.0012724545 -2.9478503e-13)
(0.11202732 -0.0020996953 -4.1462592e-13)
(0.10252877 -0.002975511 -5.6452803e-13)
(0.091780907 -0.0038144393 -7.5615746e-13)
(0.080016109 -0.0045318682 -1.0050396e-12)
(0.067618425 -0.0050580853 -1.3300075e-12)
(0.055069546 -0.0053478476 -1.7509778e-12)
(0.0428862 -0.0053852042 -2.284116e-12)
(0.031559852 -0.0051806876 -2.9343511e-12)
(0.021517088 -0.0047691857 -3.6851662e-12)
(0.013046613 -0.0041883768 -4.4766541e-12)
(0.006367905 -0.0034670377 -5.2041243e-12)
(0.0016816131 -0.0026665807 -5.7415246e-12)
(-0.00082710425 -0.0018512944 -5.9668517e-12)
(-0.0011859815 -0.00094403806 -5.7917742e-12)
(0.00047900079 -7.0579472e-05 -5.1731187e-12)
(0.0040192274 0.00075178644 -4.1819874e-12)
(0.0090952114 0.0014504673 -3.0128249e-12)
(0.01537086 0.0019884924 -1.9454144e-12)
(0.022469595 0.0023638071 -1.2821525e-12)
(0.030038971 0.0025998965 -1.2871458e-12)
(0.037796941 0.0027341235 -2.1463623e-12)
(0.045550915 0.0028076745 -3.9545065e-12)
(0.053197013 0.0028566648 -6.7206784e-12)
(0.060701382 0.0029049222 -1.0384737e-11)
(0.068068556 0.0029597354 -1.4821463e-11)
(0.07530614 0.0030127238 -1.9833741e-11)
(0.08239733 0.003045741 -2.5124158e-11)
(0.089288585 0.0030384997 -3.0279265e-11)
(0.095891093 0.0029741933 -3.4733664e-11)
(0.10209314 0.0028437618 -3.7816159e-11)
(0.10777748 0.0026474961 -3.8734189e-11)
(0.11284109 0.0023948752 -3.6737982e-11)
(0.11720787 0.0021013451 -3.1199478e-11)
(0.12083874 0.0017869104 -2.1679393e-11)
(0.1237325 0.0014719586 -8.1872017e-12)
(0.12592009 0.0011750673 8.5857878e-12)
(0.12745846 0.00091247201 2.7454449e-11)
(0.12841621 0.00069172486 4.7124081e-11)
(0.12885874 0.00051100863 6.6376149e-11)
(0.12886904 0.00035576398 8.3644678e-11)
(0.12850557 0.00021874051 9.9587806e-11)
(0.12779397 0.00010091972 1.1265115e-10)
(0.12673839 -1.6052898e-05 1.2274476e-10)
(0.12530897 -0.00015210819 1.3018509e-10)
(0.12345413 -0.00032330962 1.3536954e-10)
(0.1211039 -0.00054151755 1.3875372e-10)
(0.11818048 -0.00081328004 1.4075504e-10)
(0.11460901 -0.0011393998 1.4171353e-10)
(0.11032757 -0.0015149397 1.4189705e-10)
(0.10529668 -0.0019293493 1.4153352e-10)
(0.099507998 -0.0023665601 1.4084202e-10)
(0.092992382 -0.0028049306 1.4005108e-10)
(0.085827297 -0.0032175668 1.3940361e-10)
(0.078143876 -0.0035730262 1.3915155e-10)
(0.070130207 -0.0038373252 1.3953431e-10)
(0.062030312 -0.0039771083 1.4076078e-10)
(0.054137788 -0.0039633702 1.4298964e-10)
(0.046780892 -0.0037769651 1.4630722e-10)
(0.040305504 -0.0034137434 1.5071666e-10)
(0.035053823 -0.0028880981 1.5611599e-10)
(0.031358119 -0.0022263253 1.623006e-10)
(0.029512319 -0.0014452943 1.6892702e-10)
(0.029637289 -0.00053067425 1.7550952e-10)
(0.03174756 0.00044097488 1.8172259e-10)
(0.035789437 0.0013730831 1.8679695e-10)
(0.041591914 0.0022158138 1.9008276e-10)
(0.048887708 0.0029296371 1.9092595e-10)
(0.057331954 0.0034845128 1.8871257e-10)
(0.06653947 0.0038650506 1.8295421e-10)
(0.076115401 0.0040704291 1.733648e-10)
(0.085683835 0.0041124431 1.5992949e-10)
(0.094911191 0.0040121803 1.4295108e-10)
(0.10352136 0.0037963243 1.2305673e-10)
(0.11130358 0.003493409 1.0115849e-10)
(0.11811214 0.0031311246 7.8361171e-11)
(0.12386212 0.0027344065 5.5843364e-11)
(0.12851915 0.0023253649 3.4710487e-11)
(0.13208804 0.0019238339 1.5887606e-11)
(0.13459607 0.0015452122 3.7937801e-15)
(0.13607416 0.0011953103 -1.2608932e-11)
(0.13654559 0.00085019575 -2.1782747e-11)
(0.13609854 0.00046841874 -2.7982937e-11)
(0.13472613 6.4262975e-05 -3.1892355e-11)
(0.13248341 -0.00033221856 -3.3550431e-11)
(0.12936441 -0.00074141126 -3.3692375e-11)
(0.12537467 -0.0011700732 -3.2888509e-11)
(0.12052075 -0.0016184671 -3.163385e-11)
(0.11481808 -0.0020812183 -3.0347911e-11)
(0.10830307 -0.0025462607 -2.9370412e-11)
(0.10104472 -0.0029945873 -2.8964081e-11)
(0.093154878 -0.0034010566 -2.9321267e-11)
(0.084795264 -0.0037363963 -3.0571246e-11)
(0.076179148 -0.0039702799 -3.2786688e-11)
(0.067566323 -0.0040751957 -3.5988019e-11)
(0.059250721 -0.0040305682 -4.0145439e-11)
(0.051541379 -0.0038266225 -4.51791e-11)
(0.044739116 -0.0034676522 -5.0958327e-11)
(0.039114729 -0.0029741554 -5.7301214e-11)
(0.034897013 -0.0023810478 -6.3975664e-11)
(0.032266458 -0.001723378 -7.0703294e-11)
(0.031351977 -0.0010233416 -7.7141831e-11)
(0.032090596 -0.00024243854 -8.297069e-11)
(0.034388402 0.00051395515 -8.7947615e-11)
(0.038127509 0.0012008227 -9.1635564e-11)
(0.043124513 0.0018035197 -9.3809791e-11)
(0.049150934 0.0023077293 -9.4294949e-11)
(0.05595779 0.0027049731 -9.3019264e-11)
(0.06328997 0.0029928897 -9.0035775e-11)
(0.070897884 0.0031742135 -8.5526291e-11)
(0.078547011 0.0032555304 -7.9788823e-11)
(0.086024328 0.0032458816 -7.3208421e-11)
(0.093142841 0.0031557366 -6.6216176e-11)
(0.099743466 0.0029958711 -5.9240517e-11)
(0.10569511 0.0027767252 -5.2662244e-11)
(0.11089392 0.0025084755 -4.6782026e-11)
(0.11526192 0.0022019675 -4.1802768e-11)
(0.11874625 0.0018703756 -3.7827909e-11)
(0.12131136 0.0015284197 -3.4872373e-11)
(0.12292811 0.0011814547 -3.2883625e-11)
(0.12354909 0.00082728762 -3.1773384e-11)
(0.12323804 0.00041921737 -3.1400139e-11)
(0.1219904 -2.0366189e-05 -3.1621893e-11)
(0.11985679 -0.00044351951 -3.2323846e-11)
(0.11687585 -0.00085555567 -3.3360477e-11)
(0.11310874 -0.001252392 -3.4607005e-11)
(0.10863709 -0.001625066 -3.594826e-11)
(0.10355853 -0.0019635744 -3.7279502e-11)
(0.097988051 -0.0022574165 -3.8506355e-11)
(0.092056781 -0.0024962647 -3.9544919e-11)
(0.085909643 -0.0026708043 -4.0321754e-11)
(0.079701532 -0.0027735515 -4.0774497e-11)
(0.073592231 -0.0027996143 -4.0852558e-11)
(0.067740651 -0.0027471957 -4.0518259e-11)
(0.062298075 -0.002618092 -3.9748423e-11)
(0.057401996 -0.0024175666 -3.8535323e-11)
(0.053170649 -0.0021546686 -3.6888353e-11)
(0.049698211 -0.0018430747 -3.4835025e-11)
(0.047055191 -0.0014990874 -3.2420344e-11)
(0.045291585 -0.0011380376 -2.9705383e-11)
(0.044445829 -0.00076542812 -2.6766543e-11)
(0.044487079 -0.00036882524 -2.3747388e-11)
(0.045369354 3.5904806e-05 -2.0612838e-11)
(0.047039346 0.00041651386 -1.7555098e-11)
(0.049423712 0.00076558205 -1.465972e-11)
(0.052434548 0.0010778663 -1.1996968e-11)
(0.055968045 0.0013476406 -9.629786e-12)
(0.059912184 0.0015705041 -7.5998124e-12)
(0.064149401 0.0017434513 -5.9248161e-12)
(0.068559913 0.0018648433 -4.5988884e-12)
(0.073024852 0.0019343782 -3.5951017e-12)
(0.077429113 0.0019529567 -2.8703354e-12)
(0.081664101 0.001922645 -2.3713223e-12)
(0.085630455 0.0018466367 -2.0410932e-12)
(0.089239958 0.0017288497 -1.8247964e-12)
(0.092417547 0.0015746511 -1.6742131e-12)
(0.095102964 0.0013905964 -1.5506308e-12)
(0.097250799 0.0011856259 -1.425861e-12)
(0.09882888 0.00096899584 -1.2820223e-12)
(0.099811566 0.00074492143 -1.1104192e-12)
(0.10017267 0.00051438226 -9.1208979e-13)
(0.099951821 0.00025169407 -6.9210709e-13)
(0.099163681 -1.9523993e-05 -4.4472233e-13)
(0.097849323 -0.00027476801 -1.9613458e-13)
(0.096052066 -0.00051429162 4.5285501e-14)
(0.093837842 -0.00073128303 2.6751085e-13)
(0.091288914 -0.00091688024 4.5790135e-13)
(0.088515328 -0.0010548726 6.034436e-13)
(0.08564099 -0.0011259265 6.9371544e-13)
(0.082861174 -0.0010759831 7.1566686e-13)
(0.080463197 -0.00083217564 6.7129946e-13)
(0.078867767 -0.00033334891 6.2263997e-13)
(1.6612321 -0.59814481 -0.00024617938)
(1.1412068 -0.52974992 -0.0014412704)
(0.50829389 -0.10366145 -0.00076217532)
(1.7844739 -0.75937954 0.00024915323)
(1.6612312 -0.59814478 0.00024621605)
(1.1412069 -0.52974946 0.001441564)
(0.50829328 -0.10366166 0.00076170005)
(1.2578701 -0.27969947 -0.00030113582)
(0.32029558 -0.067647178 -0.00101032)
(0.15859509 -0.014649035 8.0082947e-05)
(1.4588395 -0.42856749 0.00027712962)
(1.2578703 -0.27969999 0.00030000988)
(0.32029474 -0.067646789 0.0010096125)
(0.15859725 -0.014649017 -8.1121306e-05)
(0.8900596 -0.082520837 -0.00030611768)
(0.12685604 -0.0038691062 -8.1951264e-05)
(0.074279373 0.0022631175 0.00017430657)
(1.0594864 -0.1588829 0.00031177474)
(0.89005749 -0.082520744 0.000303993)
(0.1268318 -0.0038658471 8.4393054e-05)
(0.074277546 0.0022627285 -0.00017524868)
(0.67988278 -0.044260449 -0.00019136927)
(0.091866733 -0.0028254141 4.7568873e-05)
(0.097253645 0.0097043215 0.00013633607)
(0.78901315 -0.04182151 0.00024241451)
(0.67987979 -0.044260227 0.00019030004)
(0.091864055 -0.0028254514 -4.8205457e-05)
(0.097250297 0.0097036798 -0.00013537202)
(1.4542212 -1.0673307 -0.00040851394)
(1.2413248 -1.0664484 -0.00082267252)
(0.48364963 -0.39869683 -0.0020271251)
(1.511545 -1.1445421 0.00045741287)
(1.4542209 -1.0673308 0.00040860806)
(1.2413249 -1.0664484 0.00082232032)
(0.48364922 -0.39869655 0.0020272201)
(0.70049069 -0.32232619 6.6218326e-05)
(0.246053 -0.16313836 -0.00023611826)
(1.4162203 -0.94352792 0.00069180279)
(0.70048913 -0.32232625 -6.5874585e-05)
(0.24605287 -0.16313822 0.0002361068)
(0.14312537 -0.021224471 -0.00021528247)
(0.45786233 -0.19721991 0.00080249413)
(0.1431252 -0.021224548 0.00021506933)
(0.00040382889 -0.0064697533 -2.8227254e-05)
(0.01879536 -0.0015020051 -2.4697087e-06)
(0.00040325282 -0.0064699434 2.8883314e-05)
(0.019049987 -0.033101489 -0.00038496984)
(-0.013650648 -0.0092641293 -2.1428243e-05)
(0.001881666 -0.010103067 0.00010949839)
(0.019048646 -0.033101765 0.00038640491)
(-0.013650699 -0.0092641654 2.1538535e-05)
(-0.0020079684 -0.066630382 -4.9923468e-05)
(-0.026024953 -0.019990729 -0.00012014657)
(-0.063240024 -0.066159022 -8.3575021e-05)
(-0.0081207259 -0.050842273 0.00010241846)
(-0.0020083355 -0.066630507 5.0718125e-05)
(-0.026025074 -0.019990788 0.00012029374)
(-0.063240038 -0.066159086 8.395819e-05)
(1.0552737 -1.0958101 -0.0006845527)
(0.90728511 -1.1016298 -0.0002234272)
(0.33066806 -0.4076643 0.00091213129)
(1.126088 -1.1758197 0.00026544649)
(1.0552736 -1.0958102 0.00068455284)
(0.90728517 -1.1016298 0.00022342025)
(0.33066809 -0.40766432 -0.00091215006)
(0.94670092 -0.93566486 0.00068957334)
(-0.05725023 -0.057114878 -9.1596982e-05)
(-0.057250333 -0.057114917 9.1790937e-05)
(-0.07202585 -0.11698588 -4.1733e-05)
(-0.017676644 -0.021165928 2.7136287e-05)
(-0.065775675 -0.11510414 -6.2637263e-05)
(-0.068770591 -0.076577513 9.125839e-05)
(-0.072025884 -0.11698592 4.171322e-05)
(-0.017676618 -0.02116601 -2.7124283e-05)
(-0.065775737 -0.1151042 6.2567682e-05)
(0.14721863 -0.22619405 6.5198253e-05)
(0.27754592 -0.54838102 -0.00050651723)
(0.73366629 -1.0305314 0.00010844263)
(0.14721871 -0.2261941 -6.518669e-05)
(0.27754575 -0.54838106 0.00050653041)
(-0.056805639 -0.12219644 -0.0001596927)
(-0.021404347 -0.062390405 -3.9576841e-05)
(-0.0069374769 -0.012004136 -1.2113187e-06)
(-0.056805382 -0.12219641 0.00015976132)
(-0.021404414 -0.062390435 3.9687651e-05)
(0.36770884 -0.68009338 4.3907373e-06)
(0.40449608 -0.57008312 7.3072308e-05)
(0.094940519 -0.32750271 -0.00019364805)
(0.54910472 -0.72586913 -8.0426588e-06)
(0.36770861 -0.6800934 -4.2910268e-06)
(0.40449612 -0.57008311 -7.2823416e-05)
(0.09494053 -0.32750274 0.00019379472)
(0.024432629 -0.11410594 1.7712693e-05)
(0.17626128 -0.36209871 -0.00060567366)
(0.024432654 -0.11410596 -1.7682274e-05)
(-0.015800291 -0.044828584 7.6933108e-05)
(-0.0027639914 -0.024207726 4.4653802e-06)
(-0.015800057 -0.044828537 -7.6858069e-05)
(-0.002764056 -0.024207709 -4.469968e-06)
(-0.050462333 -0.28468041 -2.6442151e-05)
(-0.012035706 -0.085978922 -1.5485903e-05)
(-0.043731761 -0.27869114 -1.3951762e-05)
(-0.041891405 -0.12712387 -0.00011888507)
(-0.050462383 -0.28468044 2.6700153e-05)
(-0.012035616 -0.085978826 1.5482246e-05)
(-0.043731868 -0.27869117 1.4245468e-05)
(0.067010054 -0.2097395 0.0001798749)
(0.24302814 -0.18196514 0.0001918233)
(0.017944206 -0.051006385 2.973098e-05)
(0.30155794 -0.37803577 -0.00014407039)
(0.067010066 -0.20973947 -0.00017972527)
(0.24302838 -0.18196513 -0.00019126286)
(0.017944149 -0.051006785 -2.8977214e-05)
(-0.035708563 -0.26066554 -7.960367e-06)
(-0.0019939566 -0.051341797 4.138126e-06)
(-0.024457216 -0.24032885 9.9785703e-06)
(-0.010683291 -0.063754496 -9.6440631e-05)
(-0.035708676 -0.26066569 8.3190381e-06)
(-0.0019936128 -0.051335077 -3.088325e-06)
(-0.024457261 -0.24032878 -9.6898797e-06)
(0.016710531 -0.0042032607 2.2713114e-05)
(0.28455578 0.22260395 0.00016739672)
(0.053910379 0.14692338 0.00013856601)
(0.23787877 0.02565789 -0.00020063951)
(0.01670806 -0.0042023814 -2.0901992e-05)
(0.28455603 0.22260397 -0.00016682101)
(0.05391052 0.14692296 -0.00013796762)
(-0.016528983 -0.21429769 2.7393105e-05)
(0.0044414259 -0.041358708 -4.4497745e-05)
(-0.014594776 -0.18315278 3.2579763e-05)
(0.0001800676 -0.048387128 -8.8697672e-06)
(-0.016528938 -0.21429792 -2.7355749e-05)
(0.0044411626 -0.041358646 4.4500351e-05)
(-0.014594664 -0.18315287 -3.2646125e-05)
(0.07985141 0.24654497 -0.00010532171)
(0.51460469 0.57625468 1.0837526e-05)
(0.32708219 0.57405208 7.0178228e-05)
(0.37961366 0.41626683 -8.4961439e-05)
(0.079851488 0.24654465 0.00010569408)
(0.51460476 0.57625465 -1.0575466e-05)
(0.3270825 0.57405221 -7.0026466e-05)
(0.1550043 0.31281251 0.00052078301)
(0.020256547 0.08736013 -2.4772565e-05)
(0.15500431 0.31281255 -0.00052080509)
(0.00076272876 -0.01271117 2.7816539e-06)
(-0.00027232289 -0.0083965158 -1.2333134e-05)
(0.00076264459 -0.012711129 -2.7904286e-06)
(-0.00027169799 -0.0083969225 1.2410584e-05)
(-0.022434851 -0.15079106 1.95085e-05)
(-0.0020660562 -0.0360846 1.7084034e-05)
(-0.035385136 -0.1138352 1.6694915e-05)
(0.0029517307 -0.048054153 -2.7947905e-05)
(-0.022434655 -0.15079119 -1.9714729e-05)
(-0.0020660221 -0.036084852 -1.6916995e-05)
(-0.035384871 -0.11383528 -1.7001108e-05)
(0.67936067 0.92329258 -9.657726e-06)
(0.13716211 0.20935708 6.869063e-05)
(0.24713791 0.47814959 0.00048094445)
(0.67936117 0.92329263 9.7583914e-06)
(0.13716218 0.20935718 -6.8713924e-05)
(-0.0046687889 -0.0053076353 -1.904095e-05)
(-0.0065483412 0.009014365 8.1361487e-06)
(-0.035808636 0.015882387 0.00010981482)
(-0.0046687804 -0.0053079683 1.9099765e-05)
(-0.0065481113 0.0090141588 -8.0984174e-06)
(-0.0358088 0.015882107 -0.00010991267)
(0.30934926 0.37950521 0.00086813846)
(1.0671226 1.0748419 -0.00020219362)
(0.99879117 1.0142787 -0.00056451556)
(0.84807287 0.99966897 0.00017704304)
(0.30934928 0.37950536 -0.00086807368)
(1.0671229 1.0748419 0.00020242905)
(0.9987913 1.0142789 0.00056469592)
(0.90073913 0.87849508 -0.0004874581)
(0.9007393 0.87849529 0.00048780933)
(-0.044847998 0.0468879 -2.8016242e-05)
(-0.044847919 0.046887606 2.8591513e-05)
(-0.048803626 0.032432025 1.9722173e-05)
(-0.052018149 0.052259498 1.1640562e-06)
(-0.053936963 0.038787347 6.7791998e-06)
(-0.016050344 0.018825755 -5.1301948e-05)
(-0.048803393 0.032431835 -1.9707158e-05)
(-0.052017933 0.052259315 -6.1113045e-07)
(-0.05393693 0.0387873 -6.6326293e-06)
(0.46773883 0.38222778 -0.0018900423)
(1.4494254 1.0702799 -0.0003813349)
(1.4014222 1.0091503 -0.00031464156)
(1.1862839 1.0038433 0.00069229856)
(0.467739 0.38222805 0.0018899813)
(1.4494265 1.0702794 0.0003823948)
(1.4014232 1.0091502 0.00031491113)
(1.3713527 0.90077367 -0.000582417)
(0.69255059 0.31806666 0.00010655207)
(0.23943221 0.15768765 0.0002085872)
(1.3713537 0.90077415 0.00058294429)
(0.69255127 0.31806686 -0.0001069929)
(0.45686195 0.19688722 -0.00079717944)
(0.14483821 0.021689578 -0.00019982733)
(0.45686225 0.19688747 0.00079675649)
(0.14483779 0.021689581 0.00019940225)
(0.024275493 0.00045902517 -1.8771811e-06)
(0.013470694 0.0006557285 -5.2121686e-06)
(0.024275593 0.00045892791 1.9124723e-06)
(0.013470157 0.0006560031 5.043631e-06)
(-0.008952757 0.0067348816 -1.7436871e-05)
(0.01964415 0.0022573153 -0.00010302193)
(0.048312687 0.016350225 -0.00038443558)
(-0.008952917 0.0067349013 1.7460277e-05)
(0.019644128 0.0022575266 0.00010281109)
(0.048312644 0.016350268 0.00038460592)
(-0.03919551 0.05187535 -3.1801546e-05)
(0.021497693 0.034137657 -9.003199e-05)
(0.031610548 0.048172365 -2.6030615e-05)
(-0.018450181 0.015243852 7.7400939e-05)
(-0.039195472 0.051875238 3.2473279e-05)
(0.021497705 0.034137653 9.0407475e-05)
(0.03161019 0.048172323 2.6610289e-05)
(0.51078245 0.10440698 -0.00067279823)
(1.7359675 0.72747243 -0.00019909006)
(1.6244941 0.5758953 -0.00021266778)
(1.1184454 0.51565263 0.0013388407)
(0.51078227 0.10440692 0.00067139931)
(1.7359695 0.72747266 0.00019976366)
(1.6244947 0.57589526 0.00021149459)
(0.16755254 0.014541221 7.0975195e-05)
(1.4341058 0.41434547 -0.00025269308)
(1.2428955 0.27071039 -0.00027842543)
(0.32588643 0.068640443 0.00096463991)
(0.1675339 0.014541025 -7.6431635e-05)
(1.4341055 0.41434541 0.0002499747)
(1.2428953 0.27071015 0.00027693615)
(0.087150014 -0.005127683 0.00017001396)
(1.0520981 0.15255512 -0.00029615514)
(0.88854264 0.076191007 -0.00029447498)
(0.13653765 0.0035233441 7.4696498e-05)
(0.087150606 -0.0051276276 -0.00016994256)
(1.0520983 0.15255541 0.00029507818)
(0.88854277 0.076191445 0.00029430971)
(0.11978504 -0.019218787 0.00016978797)
(0.7893077 0.034455376 -0.00023908785)
(0.68275889 0.032325782 -0.00018317644)
(0.10809176 -0.00095876807 -1.0470246e-05)
(0.11978597 -0.019218482 -0.00016966914)
(0.78930793 0.034455895 0.00023921062)
(0.68275857 0.032326104 0.00018367849)
(1.8512306 -0.87265932 -0.00027468488)
(1.6710359 -0.96329651 -0.00025424369)
(1.5388486 -0.78614808 -0.00048689431)
(1.8414489 -0.97558754 0.00016597728)
(1.8512306 -0.87265948 0.00027434182)
(1.6710362 -0.96329618 0.00025359921)
(1.538847 -0.78614871 0.00048671136)
(0.57865046 -0.038618742 -9.685604e-05)
(0.16887072 -0.0028302999 -0.00026012999)
(0.17388402 -0.024844305 -0.00016929737)
(0.6166427 -0.027140974 0.00013660121)
(0.57864889 -0.038618461 9.8155589e-05)
(0.16886893 -0.0028306738 0.00026236686)
(0.17388322 -0.02484443 0.00017161725)
(0.45217764 -0.1947876 -0.00033951634)
(0.36563564 -0.13670817 -0.00020457996)
(0.36197459 -0.13489888 0.00012093179)
(0.018421401 -0.0013812637 -1.3768467e-05)
(0.017771564 0.00086663001 -3.6634628e-05)
(0.01749414 0.0007956574 2.1367908e-05)
(-0.016492648 -0.01234588 -7.9192774e-05)
(0.0017894915 -0.010000258 -3.5944825e-05)
(0.011814025 -0.017721283 -0.0002383356)
(-0.0057167749 -0.0053539305 -4.2983238e-05)
(0.011299734 -0.017794692 -7.7945876e-05)
(-0.0056323796 -0.0052233638 -5.7971081e-06)
(-0.016651397 -0.012503283 -0.00014619127)
(0.26509744 -0.27144997 -0.0001795214)
(0.94495155 -0.93435866 -3.6609506e-05)
(0.66485046 -0.60805345 -0.000504728)
(0.64009102 -0.66119862 -0.00024688812)
(0.66138117 -0.60490881 6.875541e-05)
(0.63771201 -0.65919585 -6.5261853e-05)
(0.26947971 -0.27519945 -0.00027275599)
(-0.015943245 -0.013636189 4.495967e-06)
(-0.015676193 -0.013406655 1.2555429e-05)
(0.759756 -1.0359991 -8.3050606e-05)
(0.6813792 -0.86197882 -8.7700582e-06)
(0.54949523 -0.88535794 -5.2872324e-05)
(0.86090497 -0.92488066 1.4011294e-05)
(0.75975599 -1.0359991 8.3131443e-05)
(0.68137923 -0.86197881 8.8807929e-06)
(0.54949526 -0.88535797 5.2990358e-05)
(-0.0079740851 -0.015982735 -1.3733533e-05)
(-0.0067894574 -0.011830637 -4.8814825e-06)
(-0.020830938 -0.036935039 -2.3533317e-05)
(-0.02055245 -0.036625629 -1.4650794e-05)
(-0.0081122429 -0.016271861 -1.6608439e-05)
(-0.047097164 -0.26824302 -1.3704721e-05)
(-0.053595854 -0.17720648 -4.3929457e-05)
(-0.050653639 -0.27908758 -1.8525933e-05)
(-0.060388174 -0.18814017 4.7414451e-05)
(-0.047097228 -0.26824304 1.3934601e-05)
(-0.053595919 -0.17720652 4.4064385e-05)
(-0.050653714 -0.27908762 1.8791136e-05)
(0.17475534 -0.35780502 0.00047078177)
(0.12006297 -0.29799799 0.00019365852)
(0.1188519 -0.29495451 -1.8085738e-06)
(-0.01935298 -0.14897886 -2.8060168e-05)
(-0.010668157 -0.062945541 7.4182817e-05)
(-0.025768829 -0.16038042 -4.6130156e-05)
(-0.0078931744 -0.057765746 -1.1452751e-05)
(-0.025814123 -0.15979052 -1.5849997e-05)
(-0.0078322265 -0.057204349 -8.0137317e-06)
(-0.019415574 -0.14956086 -4.871653e-05)
(0.0015714404 -0.1199626 2.4357977e-05)
(0.00020337191 -0.047847587 -2.3176731e-06)
(-0.0032533979 -0.12853686 4.9456339e-05)
(0.0021951609 -0.045296732 2.1497804e-05)
(-0.0031762032 -0.12805393 1.9689507e-05)
(0.0021945092 -0.044803407 5.155483e-06)
(0.0015017011 -0.12042296 7.3895448e-05)
(0.01965251 0.085829926 -7.970607e-05)
(0.060058813 0.19019052 0.00035152603)
(0.059094653 0.18763283 0.00010980363)
(-0.0019536151 -0.092239404 1.0510116e-05)
(0.002974845 -0.047662576 1.9630892e-05)
(-0.00083444747 -0.09989897 6.5351034e-05)
(0.0047029327 -0.053419281 8.6387161e-06)
(-0.00076463488 -0.099702087 2.8306199e-05)
(0.0047930499 -0.053127341 -1.4646467e-05)
(-0.0020364669 -0.092308461 3.948463e-05)
(0.50276885 0.76411389 2.0887973e-05)
(0.81508606 0.78632176 -1.4550046e-05)
(0.71209051 0.91189404 -3.5615818e-05)
(0.64198138 0.71863005 8.9616805e-06)
(0.50276898 0.76411391 -2.0758365e-05)
(0.81508618 0.78632169 1.4554834e-05)
(0.71209042 0.91189407 3.577625e-05)
(0.20498736 0.35684029 0.00087762397)
(0.24543989 0.47611182 -0.00046770331)
(0.086228148 0.18989728 -0.00010739787)
(0.42328725 0.66274819 0.00038305086)
(0.084335685 0.18743661 -0.00030229423)
(0.42279666 0.66105056 0.00045837932)
(0.20721146 0.3609791 0.0011829042)
(-0.051028387 -0.077678672 1.1151768e-05)
(-0.043294192 -0.01386858 2.562484e-05)
(-0.06768591 -0.049706158 6.0687013e-06)
(-0.020128275 -0.035068606 -4.3173421e-05)
(-0.051028343 -0.077678662 -1.1420347e-05)
(-0.043294104 -0.013868667 -2.5851536e-05)
(-0.067685739 -0.049706134 -6.2549978e-06)
(0.23314293 0.24776656 -0.00018074793)
(0.22974806 0.24354667 4.1507984e-06)
(-0.043583817 0.041887572 5.4876226e-06)
(-0.01585254 0.01855164 3.7028361e-05)
(-0.031654089 0.03205154 -6.6536906e-06)
(-0.029337838 0.030177863 -3.0193905e-05)
(-0.031559848 0.031949525 -1.1859841e-05)
(-0.029128585 0.029919636 -1.7612541e-05)
(-0.043678521 0.041920324 1.7035212e-05)
(0.26728199 0.15569342 0.00037732073)
(0.23651441 0.15475827 0.00011733889)
(0.65458603 0.43724811 0.00085240188)
(0.649902 0.43328504 0.0008576665)
(0.27210499 0.15893946 0.0003524293)
(-0.028200168 0.038208874 -6.1035683e-05)
(-0.018161165 0.015051339 -4.5383683e-05)
(-0.028493527 0.027925668 2.0253303e-05)
(-0.02359866 0.026899471 -6.7958458e-05)
(-0.028249497 0.027704501 2.7556271e-05)
(-0.023662208 0.02687775 -1.3438748e-05)
(-0.028093902 0.038302214 -0.00013219979)
(1.4991931 0.75668291 -0.00042278948)
(1.7797612 0.9207701 -0.00012747148)
(1.7928097 0.82959536 -0.00022120946)
(1.6152338 0.9146051 0.00020304184)
(1.499195 0.7566827 0.00042305896)
(1.7797631 0.92077017 0.0001286238)
(1.7928095 0.8295955 0.00022209466)
(0.7301117 0.16261984 0.00036021527)
(0.32201706 0.068494802 -0.00045906905)
(0.25500139 0.047816625 -2.4040437e-06)
(0.87506227 0.23439881 -0.00021686158)
(0.25255734 0.047458698 0.0001432249)
(0.87144179 0.23395607 0.00015121759)
(0.73363833 0.16361666 0.00014046892)
(0.42156696 0.016824949 0.0001632587)
(0.13490931 0.0034198959 2.9740239e-05)
(0.11187657 -0.0015911665 -2.5956892e-05)
(0.48426971 0.034237047 -0.00021544714)
(0.11051537 -0.0015390187 7.4669259e-05)
(0.481495 0.033639923 3.583182e-05)
(0.42422663 0.01729261 -4.745721e-05)
(0.34564379 -0.012079608 -7.7628506e-05)
(0.10702574 -0.0012123617 -7.6129451e-05)
(0.13902519 -0.011587223 2.5012155e-05)
(0.35097766 -0.010686555 -0.00040977494)
(0.13780355 -0.01163682 6.799421e-05)
(0.34941999 -0.01078647 -0.00016667491)
(0.34631322 -0.011894488 -0.00024455846)
(0.19995963 0.0078867739 -0.00015375728)
(0.61909401 0.015889837 -0.00012325046)
(0.57933388 0.022086416 -8.714857e-05)
(0.19450166 -0.010342787 0.00023408363)
(0.1999598 0.0078866706 0.00015370575)
(0.61909483 0.015889948 0.00012348491)
(0.57933372 0.022086455 8.7080534e-05)
(1.2473389 -0.47736435 -0.00015021097)
(0.50524122 -0.10306651 3.4210253e-05)
(1.0575653 -0.32122124 0.00014527284)
(0.81656206 -0.28054185 -0.0010289435)
(1.0552832 -0.32031321 0.00059463339)
(0.81255863 -0.27861124 -0.00038590655)
(1.2479273 -0.47716486 -0.00067762477)
(1.2473351 -0.47736435 0.00015068145)
(0.50524183 -0.10306679 -3.4840197e-05)
(1.0575665 -0.32122139 -0.00014626004)
(0.81655988 -0.2805426 0.001028523)
(1.0552825 -0.32031343 -0.00059459316)
(0.81255927 -0.27861157 0.00038546179)
(1.2479272 -0.47716551 0.00067817311)
(0.72784231 -0.16493662 0.00037614395)
(0.31651423 -0.067546597 -0.00046275386)
(0.87859821 -0.23791991 -0.00022165982)
(0.24801836 -0.047255846 -2.3795342e-06)
(0.87487421 -0.23744722 0.00017183152)
(0.24563848 -0.046912334 0.00014982405)
(0.73147968 -0.16598361 0.00015018433)
(0.63023689 -0.10721343 0.00015400233)
(0.15660145 -0.014471401 0.00013871361)
(0.54715844 -0.070743128 7.9324115e-05)
(0.19851065 -0.026927167 5.0981564e-05)
(0.54395715 -0.06987566 0.00025415918)
(0.19616697 -0.026497511 0.00013834071)
(0.63360459 -0.10825585 -0.00011660079)
(0.72784238 -0.16493671 -0.00037845839)
(0.31651374 -0.06754671 0.00046155527)
(0.87859695 -0.23792014 0.00022015399)
(0.24801722 -0.047255801 1.5389738e-06)
(0.87487593 -0.23744741 -0.0001733252)
(0.24563757 -0.046912148 -0.00015116099)
(0.73147663 -0.16598377 -0.00015128844)
(0.63023449 -0.1072134 -0.0001564136)
(0.15660135 -0.014471374 -0.00014022397)
(0.54716066 -0.070743614 -8.1450927e-05)
(0.19850863 -0.026927305 -5.1991073e-05)
(0.54395617 -0.069875722 -0.00025695079)
(0.19616617 -0.026497405 -0.00013974896)
(0.63360119 -0.10825611 0.00011515195)
(0.40821799 -0.019654674 0.00016735532)
(0.12531783 -0.0037687019 2.9451547e-05)
(0.47294611 -0.035012088 -0.00021692598)
(0.1013661 0.00051812555 -2.9981431e-05)
(0.47011367 -0.034400822 4.3098961e-05)
(0.10010908 0.00047224472 7.5118598e-05)
(0.41093479 -0.020138723 -4.1601554e-05)
(0.3572861 -0.00030672073 1.7927169e-05)
(0.072948693 0.0024235373 9.4098862e-05)
(0.33946605 -0.00028779175 -0.00017300499)
(0.083065146 0.0043266274 -0.00012621984)
(0.33711621 2.2356056e-05 2.9730953e-05)
(0.082035912 0.0042971361 -1.623099e-05)
(0.359798 -0.0005757442 -0.00027081036)
(0.40821632 -0.019655159 -0.00017301488)
(0.12531599 -0.0037683004 -2.6151651e-05)
(0.47291392 -0.035002615 0.00021868789)
(0.101351 0.00051689843 2.5051912e-05)
(0.4701102 -0.034399941 -4.0320838e-05)
(0.10010747 0.00047189131 -8.0360867e-05)
(0.41090956 -0.020137735 3.5960682e-05)
(0.35728395 -0.00030687918 -2.1454013e-05)
(0.072948307 0.0024234637 -9.5105847e-05)
(0.33946078 -0.0002879959 0.00017125411)
(0.083065827 0.0043259467 0.0001242209)
(0.33711402 2.2292309e-05 -3.1536585e-05)
(0.082035585 0.0042970081 1.40643e-05)
(0.35979363 -0.00057614061 0.00026762144)
(0.32732959 0.0045526072 -6.1726645e-05)
(0.090887119 -0.0025423755 -6.3574647e-05)
(0.33383356 0.0062132572 -0.00037491723)
(0.11945933 0.0054557764 3.1663049e-05)
(0.33226187 0.0063111941 -0.00014048579)
(0.11827346 0.0054746978 6.9126387e-05)
(0.32801589 0.0043846621 -0.0002184625)
(0.32732802 0.0045525314 6.0675296e-05)
(0.09088627 -0.0025424617 6.2814116e-05)
(0.33382845 0.0062132586 0.0003734293)
(0.11945636 0.0054554874 -3.2151136e-05)
(0.33225893 0.0063111757 0.00013910702)
(0.11827203 0.0054746035 -6.9784796e-05)
(0.3280098 0.0043845222 0.0002173992)
(1.126296 -0.92120234 0.00051617923)
(0.47642688 -0.39454733 -0.0014744776)
(0.94883815 -0.74924084 -9.7185364e-05)
(0.7580107 -0.64304815 -0.00018957273)
(0.94514519 -0.74939237 0.00013087687)
(0.75547069 -0.64234951 2.4633875e-05)
(1.12753 -0.92129162 0.00025943369)
(1.1262959 -0.92120241 -0.00051618631)
(0.47642675 -0.39454729 0.0014747088)
(0.94883848 -0.74924062 9.7069895e-05)
(0.7580101 -0.64304823 0.00018958588)
(0.94514438 -0.74939223 -0.00013066498)
(0.75547054 -0.64234947 -2.456614e-05)
(1.1275296 -0.92129185 -0.00025940612)
(0.46329165 -0.25490186 -0.0012401618)
(0.69590746 -0.31940926 0.00062520804)
(1.0557659 -0.61777978 -0.0010439881)
(0.23337616 -0.096139062 -0.000219209)
(1.0511762 -0.61678429 -0.00035432446)
(0.23047479 -0.09410086 0.00022147171)
(0.4696336 -0.25790688 -0.0019867714)
(0.27202612 -0.15873461 0.00041816588)
(0.243041 -0.16011655 0.0001150497)
(0.67142588 -0.45112288 0.00087458209)
(0.666378 -0.44689264 0.00092107025)
(0.27676648 -0.16195351 0.00037363968)
(0.46329161 -0.25490188 0.0012400182)
(0.69590762 -0.31940927 -0.00062464466)
(1.0557653 -0.61777968 0.001043498)
(0.23337643 -0.096139182 0.00021926168)
(1.0511759 -0.61678425 0.00035375054)
(0.23047487 -0.094100916 -0.00022128082)
(0.4696336 -0.25790668 0.00198669)
(0.27202595 -0.15873459 -0.0004182855)
(0.2430409 -0.16011649 -0.000114994)
(0.67142544 -0.45112263 -0.00087473658)
(0.66637859 -0.44689256 -0.0009210863)
(0.27676641 -0.16195337 -0.00037366015)
(0.14057571 -0.020737912 9.2380088e-05)
(0.29234454 -0.084049318 -0.0003978824)
(0.2881132 -0.082380627 -3.1202697e-05)
(0.45217755 -0.19478758 0.00034022001)
(0.36563507 -0.13670805 0.00020463815)
(0.36197547 -0.13489891 -0.00012089876)
(0.14057561 -0.020737903 -9.2608531e-05)
(0.29234548 -0.084049419 0.0003978126)
(0.28811328 -0.082380847 3.0994729e-05)
(0.00035913716 -0.0065849675 -1.5723316e-06)
(0.0083325776 -0.0012435988 -0.0001058095)
(0.0082311307 -0.0013016162 -2.3191098e-05)
(0.018421299 -0.0013812282 1.3606784e-05)
(0.017770799 0.00086650173 3.6449805e-05)
(0.017493924 0.00079568182 -2.1590452e-05)
(0.00035860525 -0.0065851295 2.3520974e-06)
(0.0083318231 -0.0012437448 0.00010597331)
(0.0082313096 -0.0013017231 2.3360373e-05)
(-0.012974107 -0.0099322928 3.8076398e-06)
(-0.013470803 -0.0090669925 4.4348695e-06)
(-0.032902978 -0.025147557 -1.2077997e-05)
(-0.032737868 -0.024953488 5.1975442e-06)
(-0.013188718 -0.010133835 5.6718472e-06)
(-0.016492613 -0.01234588 7.9993176e-05)
(0.0017895109 -0.010000406 3.7306398e-05)
(0.011812923 -0.017721647 0.00023996025)
(-0.0057170083 -0.0053539899 4.3368568e-05)
(0.011299501 -0.017794858 7.9660247e-05)
(-0.0056325397 -0.0052233996 6.2563851e-06)
(-0.016651567 -0.012503421 0.00014679965)
(-0.012974208 -0.0099322733 -3.4490605e-06)
(-0.013470883 -0.0090670031 -4.3101434e-06)
(-0.03290325 -0.025147665 1.2528883e-05)
(-0.032737465 -0.024953508 -4.6985914e-06)
(-0.013188756 -0.0101339 -5.3896539e-06)
(-0.049733695 -0.051429083 -5.1128356e-05)
(-0.025622562 -0.019762873 -7.5387585e-05)
(-0.041879641 -0.037807618 -6.229369e-05)
(-0.04000631 -0.035103829 -1.5196453e-05)
(-0.041845974 -0.037784928 -6.0100512e-06)
(-0.039660251 -0.034852669 7.8265342e-06)
(-0.049673911 -0.051526888 -0.00012964398)
(-0.049733509 -0.051429152 5.1704622e-05)
(-0.025622415 -0.01976289 7.5535446e-05)
(-0.04187965 -0.037807731 6.2816318e-05)
(-0.040006408 -0.035103923 1.5442793e-05)
(-0.04184631 -0.037784999 6.5366485e-06)
(-0.039660462 -0.034852715 -7.6110794e-06)
(-0.049674239 -0.051527008 0.00013015228)
(0.85916868 -1.0028854 -0.00033699669)
(0.32719794 -0.40233589 0.00083722986)
(0.596191 -0.64358734 -0.00075382518)
(0.68894778 -0.84660446 -0.00041621764)
(0.59354356 -0.63836024 -9.8692528e-05)
(0.68738548 -0.84352611 -1.9854428e-05)
(0.86013265 -1.0045109 -0.0010432837)
(0.8591688 -1.0028855 0.00033700619)
(0.32719814 -0.40233599 -0.00083727445)
(0.59619125 -0.64358735 0.0007537237)
(0.6889478 -0.84660458 0.00041623907)
(0.59354334 -0.63836032 9.8583529e-05)
(0.68738548 -0.84352611 1.9869388e-05)
(0.86013254 -1.004511 0.0010433247)
(0.29263419 -0.24214014 0.00022681757)
(0.28871921 -0.23807406 0.00041745458)
(0.2465274 -0.26250474 -0.00018166093)
(0.24298571 -0.25802522 3.5108763e-05)
(0.2650974 -0.27145 0.00017941653)
(0.94495162 -0.93435864 3.6309251e-05)
(0.66485023 -0.60805348 0.00050459212)
(0.64009102 -0.66119863 0.00024678219)
(0.66138103 -0.60490883 -6.8952929e-05)
(0.63771214 -0.65919586 6.5078887e-05)
(0.26947971 -0.27519944 0.00027269699)
(0.29263403 -0.2421401 -0.00022682132)
(0.28871906 -0.23807402 -0.00041742374)
(0.24652736 -0.26250479 0.000181585)
(0.24298593 -0.25802523 -3.5237627e-05)
(-0.013829358 -0.013477178 -1.2502931e-05)
(-0.057103086 -0.056935809 -3.146369e-05)
(-0.037754873 -0.033749858 -4.753929e-05)
(-0.034646345 -0.035223995 -6.500751e-05)
(-0.037486573 -0.033486481 -7.2912964e-06)
(-0.034372996 -0.034969299 -3.0974624e-05)
(-0.014063026 -0.013682299 -2.4681422e-05)
(-0.012395824 -0.013372531 -2.1692806e-05)
(-0.012179258 -0.013144198 -1.0382563e-05)
(-0.015943278 -0.013636231 -4.4404027e-06)
(-0.015676186 -0.013406667 -1.2491592e-05)
(-0.01382937 -0.013477197 1.2545386e-05)
(-0.057103127 -0.056935857 3.16747e-05)
(-0.037755015 -0.033749942 4.7682582e-05)
(-0.034646425 -0.035224028 6.5105578e-05)
(-0.037486657 -0.033486505 7.4199465e-06)
(-0.034373059 -0.034969285 3.1083765e-05)
(-0.014063054 -0.013682317 2.4721149e-05)
(-0.012395804 -0.013372531 2.1723085e-05)
(-0.012179322 -0.013144217 1.0438336e-05)
(-0.054992785 -0.071103721 -8.525671e-05)
(-0.017458829 -0.020844737 3.348714e-05)
(-0.03277765 -0.034984628 -4.4494584e-05)
(-0.040212701 -0.055655114 -8.1089456e-05)
(-0.032602647 -0.034652369 -5.5415701e-06)
(-0.040041269 -0.055260516 -2.5216771e-05)
(-0.055062743 -0.071364292 -0.00017619226)
(-0.054992935 -0.071103824 8.520723e-05)
(-0.017458956 -0.020844834 -3.3490208e-05)
(-0.032777708 -0.0349847 4.4569485e-05)
(-0.040212778 -0.055655281 8.1010041e-05)
(-0.032602536 -0.034652373 5.5961209e-06)
(-0.040041169 -0.055260528 2.5087785e-05)
(-0.055062585 -0.071364343 0.00017618279)
(0.15755184 -0.25663104 -0.00029144315)
(0.14398145 -0.22302408 -5.4539682e-05)
(0.38687433 -0.57749425 -0.00034450027)
(0.38328044 -0.57503493 -3.4383236e-05)
(0.16036496 -0.2607324 -0.00050000611)
(0.22495986 -0.39856074 0.0010148746)
(0.27569052 -0.54609757 -0.00048487453)
(0.46496709 -0.75089121 0.00039649754)
(0.096620738 -0.21674455 -0.00011326705)
(0.46446001 -0.74899458 0.00052554095)
(0.094491052 -0.21392769 -0.00032805632)
(0.22735937 -0.40316858 0.0013541267)
(0.15755183 -0.25663107 0.00029143914)
(0.14398142 -0.22302413 5.4515534e-05)
(0.38687424 -0.57749435 0.00034447376)
(0.38328081 -0.57503496 3.4394744e-05)
(0.16036503 -0.26073249 0.00049999091)
(0.2249599 -0.39856081 -0.0010148984)
(0.27569074 -0.54609767 0.00048484951)
(0.46496745 -0.75089135 -0.00039649692)
(0.096620998 -0.21674466 0.00011325281)
(0.46445999 -0.74899465 -0.00052556819)
(0.094491088 -0.21392776 0.00032799909)
(0.22735916 -0.4031687 -0.0013541321)
(-0.014581517 -0.031492113 8.2348196e-05)
(-0.021221532 -0.061958892 -3.7753788e-05)
(-0.037129936 -0.090352185 1.4750467e-05)
(-0.006125611 -0.018762911 -6.4058915e-07)
(-0.037043946 -0.089813593 4.5381487e-05)
(-0.0060018262 -0.018502553 -1.3739174e-05)
(-0.014756641 -0.031992937 0.00010654728)
(-0.0079740973 -0.015982778 1.3659205e-05)
(-0.0067894798 -0.011830702 4.8282144e-06)
(-0.020831026 -0.036935168 2.3432413e-05)
(-0.020552771 -0.036625842 1.449843e-05)
(-0.0081123302 -0.016271923 1.659698e-05)
(-0.014581749 -0.03149217 -8.2349822e-05)
(-0.021221736 -0.061958994 3.7808e-05)
(-0.037129985 -0.090352174 -1.4663824e-05)
(-0.0061256091 -0.018762902 6.5974918e-07)
(-0.037044053 -0.089813718 -4.529463e-05)
(-0.0060017451 -0.018502561 1.3754004e-05)
(-0.014756673 -0.03199298 -0.00010652111)
(0.29559669 -0.59735076 0.00014359065)
(0.09392591 -0.32609173 -0.00015475489)
(0.19226079 -0.48824718 0.00019026343)
(0.20797046 -0.49032488 -0.0001113099)
(0.19122233 -0.4867821 0.00012582473)
(0.20718954 -0.48969113 -0.00020525295)
(0.29593125 -0.59749624 0.00020960085)
(0.29559682 -0.59735079 -0.00014338541)
(0.093925985 -0.32609176 0.0001548884)
(0.19226088 -0.48824727 -0.00019014314)
(0.20797054 -0.4903249 0.00011156649)
(0.19122229 -0.48678216 -0.00012571727)
(0.20718959 -0.48969115 0.00020554895)
(0.29593128 -0.59749629 -0.0002093833)
(0.023712364 -0.11206097 -9.3249835e-05)
(0.069787561 -0.23325163 0.00043384163)
(0.068727399 -0.23017909 0.00016462067)
(0.17475517 -0.35780501 -0.00047079704)
(0.12006289 -0.29799803 -0.00019361409)
(0.11885205 -0.29495459 1.8141987e-06)
(0.023712347 -0.11206098 9.327292e-05)
(0.069787606 -0.2332517 -0.000433826)
(0.068727467 -0.23017914 -0.00016461209)
(-0.015586397 -0.0442601 5.7126811e-05)
(-0.013205096 -0.042392642 3.2397335e-06)
(-0.013059622 -0.041921842 1.2555929e-06)
(-0.0027085095 -0.023768296 -1.4851471e-05)
(-0.0090273085 -0.040181092 6.3692122e-05)
(-0.0088886478 -0.039620449 4.0974409e-05)
(-0.015586429 -0.044260085 -5.7101481e-05)
(-0.013205246 -0.042392665 -3.216626e-06)
(-0.013059709 -0.041921955 -1.2615168e-06)
(-0.0027085332 -0.023768352 1.4784336e-05)
(-0.0090271164 -0.040181009 -6.3666583e-05)
(-0.0088887497 -0.039620504 -4.1006574e-05)
(-0.038174997 -0.18989945 6.5705351e-06)
(-0.011970752 -0.085401544 -3.9013357e-05)
(-0.025940472 -0.11554561 5.3698964e-05)
(-0.02804676 -0.17623169 -9.486268e-05)
(-0.025858557 -0.11495327 4.480269e-05)
(-0.027981135 -0.17584395 -6.6741123e-05)
(-0.038148811 -0.19004951 -7.8698337e-06)
(-0.038175197 -0.18989952 -6.5220452e-06)
(-0.011970852 -0.08540149 3.8880101e-05)
(-0.025940682 -0.11554562 -5.3676907e-05)
(-0.028046958 -0.17623174 9.486937e-05)
(-0.025858587 -0.11495337 -4.4885321e-05)
(-0.027981186 -0.17584408 6.6713433e-05)
(-0.03814871 -0.19004955 7.9509908e-06)
(0.12061658 -0.28189 -6.5892443e-05)
(0.066281352 -0.20768907 0.00019846358)
(0.1694454 -0.37245986 0.00025735737)
(0.042140921 -0.15034168 -3.7568329e-05)
(0.16890186 -0.37153277 0.00012488787)
(0.041567218 -0.14910247 -0.00010267297)
(0.12153191 -0.28249744 0.00013989439)
(0.095167852 -0.18889617 6.352235e-05)
(0.017468739 -0.050422438 -8.2433292e-05)
(0.025864981 -0.097625175 -1.2916707e-05)
(0.077765145 -0.10552758 0.00039758779)
(0.025299435 -0.096578425 -0.00011799946)
(0.076819417 -0.10521438 9.5808889e-05)
(0.096145955 -0.189435 0.00031429028)
(0.12061668 -0.28188997 6.6462008e-05)
(0.066281401 -0.20768908 -0.00019828419)
(0.1694455 -0.37245984 -0.00025699903)
(0.042140932 -0.15034159 3.7786956e-05)
(0.16890184 -0.37153274 -0.0001244913)
(0.04156721 -0.14910243 0.00010292989)
(0.12153191 -0.28249728 -0.00013933728)
(0.09516792 -0.18889607 -6.2675064e-05)
(0.017468788 -0.050422402 8.3119436e-05)
(0.02586496 -0.097625065 1.3295963e-05)
(0.077764905 -0.10552757 -0.00039610343)
(0.025299454 -0.09657832 0.00011841959)
(0.076819461 -0.10521428 -9.4579662e-05)
(0.096145973 -0.18943477 -0.00031344685)
(-0.013584079 -0.14212509 -4.5714345e-06)
(-0.0019606594 -0.050761001 -3.7678224e-06)
(-0.0046769276 -0.053958703 -1.1222945e-05)
(-0.007193823 -0.13654125 2.2221081e-05)
(-0.0046107288 -0.05335751 -1.3221291e-05)
(-0.0071248352 -0.13600881 3.0898968e-06)
(-0.013666457 -0.14268545 -7.8227946e-06)
(-0.019353348 -0.14897928 2.7911798e-05)
(-0.010668409 -0.06294575 -7.4218125e-05)
(-0.025769214 -0.16038079 4.618988e-05)
(-0.0078935378 -0.057766516 1.1513874e-05)
(-0.025814008 -0.15979052 1.5888847e-05)
(-0.0078321982 -0.057204455 8.0701233e-06)
(-0.019415735 -0.14956163 4.8659162e-05)
(-0.013584011 -0.14212504 3.6550578e-06)
(-0.0019607976 -0.050760779 4.8670822e-06)
(-0.0046765367 -0.053952355 1.0547505e-05)
(-0.0071942242 -0.13653666 -2.0544347e-05)
(-0.0046107443 -0.05335734 1.2361852e-05)
(-0.0071248547 -0.13600884 -1.4190494e-06)
(-0.013665398 -0.14268102 7.0937806e-06)
(0.08555511 0.07104942 7.3166482e-05)
(0.016230671 -0.0041959454 -8.714929e-05)
(0.076364654 -0.012966518 0.0004043926)
(0.021342714 0.041924825 -3.1029744e-06)
(0.075404574 -0.012968916 0.00010292413)
(0.020812219 0.041454776 -0.00010989344)
(0.086536397 0.071271734 0.00035983256)
(0.10685813 0.1630768 -2.552304e-05)
(0.053234417 0.14559448 0.00012445946)
(0.033904163 0.092360029 -2.8113264e-05)
(0.14850692 0.25156859 0.00031258075)
(0.033362633 0.091653555 -0.00010579992)
(0.14785282 0.25092543 0.0001201526)
(0.1077931 0.1633896 0.00022167623)
(0.085555129 0.071049079 -7.2499054e-05)
(0.016230705 -0.0041958201 8.76231e-05)
(0.076359421 -0.012962639 -0.00040151353)
(0.021340261 0.041920499 4.8638728e-06)
(0.075404631 -0.01296855 -0.00010190471)
(0.020812307 0.041454494 0.00011036191)
(0.086531135 0.071267955 -0.00035734426)
(0.10685825 0.16307672 2.6712382e-05)
(0.053234415 0.14559428 -0.00012381815)
(0.033904495 0.092360255 2.9160459e-05)
(0.14850716 0.25156834 -0.00031165714)
(0.03336277 0.091653486 0.00010678159)
(0.14785296 0.25092533 -0.00011923967)
(0.10779331 0.16338982 -0.000220205)
(0.0034340196 -0.1106633 2.858761e-05)
(0.0044935665 -0.040801032 -4.8927831e-05)
(0.0037879739 -0.042582465 1.6716704e-05)
(0.0036613217 -0.10553465 8.8395006e-05)
(0.0037912183 -0.042157354 -2.1667517e-06)
(0.0038198491 -0.10516686 2.9714115e-05)
(0.0033390688 -0.11108163 8.3857008e-05)
(0.0015716445 -0.11996288 -2.4212305e-05)
(0.0002035398 -0.047847922 2.262539e-06)
(-0.0032528375 -0.12853829 -4.9027163e-05)
(0.0021952972 -0.045296747 -2.1580506e-05)
(-0.0031762763 -0.1280541 -1.9305541e-05)
(0.0021945095 -0.044803402 -5.1927587e-06)
(0.0015018307 -0.12042318 -7.3782312e-05)
(0.0034339349 -0.11066335 -2.8514433e-05)
(0.0044934048 -0.040800901 4.892625e-05)
(0.0037880458 -0.042582428 -1.6727368e-05)
(0.0036613061 -0.10553472 -8.8408326e-05)
(0.003791229 -0.042157469 2.1935649e-06)
(0.0038203411 -0.10516716 -2.9655508e-05)
(0.0033389612 -0.1110817 -8.3809314e-05)
(0.2676373 0.46604554 0.00011818595)
(0.078976898 0.24562773 -0.00012052354)
(0.18723816 0.3621839 -4.4725373e-05)
(0.16775374 0.38913886 0.00019564453)
(0.18647113 0.36171442 -0.00017834478)
(0.16671517 0.38794725 9.3832796e-05)
(0.26801103 0.46616347 0.00021658984)
(0.26763726 0.46604547 -0.00011773763)
(0.0789769 0.24562762 0.00012094951)
(0.18723824 0.36218366 4.531434e-05)
(0.16775378 0.38913874 -0.00019536982)
(0.18647125 0.36171436 0.00017896685)
(0.16671523 0.38794721 -9.3521707e-05)
(0.26801125 0.46616342 -0.00021618779)
(0.15363295 0.30911264 0.00038526891)
(0.10439305 0.25111984 0.00017080648)
(0.10330317 0.24856833 -1.8664328e-05)
(0.019652488 0.08582986 7.9804426e-05)
(0.060058827 0.19019046 -0.00035145658)
(0.059094625 0.18763279 -0.00010975574)
(0.15363305 0.30911268 -0.0003853263)
(0.10439311 0.25111982 -0.00017078961)
(0.10330312 0.2485683 1.8677623e-05)
(0.00076065758 -0.01247038 4.1953602e-06)
(0.0022640301 -0.016604508 -1.9489087e-05)
(0.0022559436 -0.016381294 -2.3571787e-05)
(-0.00024541333 -0.0083002964 -2.0080178e-05)
(0.001879114 -0.012676171 1.0984509e-05)
(0.0018904611 -0.012531597 -5.304651e-06)
(0.00076045547 -0.012470259 -4.1198383e-06)
(0.0022639916 -0.016604447 1.9559657e-05)
(0.0022562952 -0.016381479 2.3815762e-05)
(-0.00024553289 -0.0083003513 2.0384968e-05)
(0.0018792035 -0.012676313 -1.0843074e-05)
(0.0018909129 -0.012531848 5.6050187e-06)
(-0.001952873 -0.092239634 -1.0474112e-05)
(0.0029754859 -0.047663003 -1.9486724e-05)
(-0.00083373221 -0.099899368 -6.5304923e-05)
(0.0047032668 -0.053419507 -8.5769736e-06)
(-0.00076509303 -0.099701993 -2.8316972e-05)
(0.0047932081 -0.053127447 1.4957901e-05)
(-0.0020361096 -0.092308801 -3.9452784e-05)
(0.14528763 0.23273496 -0.00026804181)
(0.13413752 0.20642079 -5.9059378e-05)
(0.35984655 0.52974125 -0.00031091557)
(0.35645014 0.527446 -4.9932758e-05)
(0.14789502 0.23643174 -0.00046220045)
(0.20498713 0.35684025 -0.00087759794)
(0.2454397 0.47611179 0.00046769968)
(0.086228225 0.18989731 0.00010741708)
(0.42328731 0.66274829 -0.00038294017)
(0.084335806 0.18743665 0.00030227474)
(0.42279683 0.66105062 -0.00045832746)
(0.2072115 0.36097912 -0.00118288)
(0.14528769 0.23273498 0.00026795975)
(0.13413761 0.20642081 5.9051251e-05)
(0.35984672 0.52974139 0.00031087777)
(0.35644984 0.52744605 4.9814079e-05)
(0.14789505 0.23643176 0.00046218537)
(-0.0064162134 0.0061436554 7.3468452e-06)
(-0.0045959553 -0.0052157467 -2.9523773e-05)
(-0.0018888376 0.00062644411 -5.8736469e-06)
(-0.013877651 -0.0012312808 4.7356173e-05)
(-0.0018378253 0.00063722074 -1.4971198e-05)
(-0.013778166 -0.0011318316 1.1105421e-05)
(-0.0065301441 0.0061819837 2.3697015e-05)
(-0.0060348793 0.0071638819 -1.2056906e-05)
(-0.0064009575 0.0088930479 -6.0057577e-06)
(-0.017576429 0.020696071 -7.5040877e-06)
(-0.017386884 0.020591984 -1.0393909e-05)
(-0.0061623672 0.0072602624 -1.5648652e-05)
(-0.0064157376 0.0061434022 -7.0502975e-06)
(-0.0045952439 -0.005216154 2.9826219e-05)
(-0.0018884766 0.00062623459 5.952716e-06)
(-0.013877059 -0.0012316914 -4.7260083e-05)
(-0.0018379013 0.00063711237 1.5158988e-05)
(-0.013777884 -0.001132212 -1.0923603e-05)
(-0.0065299414 0.0061816036 -2.3533882e-05)
(-0.0060349328 0.0071637692 1.2263628e-05)
(-0.0064010212 0.0088929244 6.1891602e-06)
(-0.017576508 0.020695724 7.6285202e-06)
(-0.017386026 0.020591487 1.0645672e-05)
(-0.0061620592 0.0072599526 1.574722e-05)
(0.80556627 0.92385082 -0.00028263079)
(0.30608533 0.37451137 0.00077564077)
(0.64080247 0.7751228 -0.00038380835)
(0.55964214 0.60070966 -0.00066564115)
(0.63933591 0.77228479 -4.5530794e-05)
(0.55706483 0.59585454 -0.00011396228)
(0.80651707 0.92533638 -0.00083016139)
(0.80556604 0.92385086 0.0002827654)
(0.30608504 0.37451136 -0.00077552509)
(0.64080258 0.7751229 0.00038383343)
(0.55964213 0.60070983 0.00066580125)
(0.63933618 0.77228491 4.5520049e-05)
(0.55706515 0.59585462 0.00011424146)
(0.80651717 0.9253365 0.00083021894)
(0.25225669 0.25607555 -0.00017801231)
(0.89902551 0.87729802 2.2688575e-05)
(0.60533633 0.61984174 -0.00022160332)
(0.63559365 0.5772116 -0.00040692971)
(0.60300187 0.6178973 -8.3616828e-05)
(0.63220151 0.57424005 6.7745936e-05)
(0.25642295 0.25963325 -0.00025379185)
(0.28167003 0.23260709 0.00022758312)
(0.27784247 0.2287097 0.00038097326)
(0.23314303 0.24776665 0.00018085903)
(0.22974795 0.24354671 -3.9794714e-06)
(0.25225671 0.25607553 0.00017812217)
(0.89902545 0.87729817 -2.2167287e-05)
(0.60533667 0.61984192 0.00022187299)
(0.6355943 0.57721168 0.00040706096)
(0.60300192 0.61789746 8.3922639e-05)
(0.6322023 0.57424009 -6.766819e-05)
(0.25642301 0.25963333 0.00025386934)
(0.28167024 0.23260729 -0.00022760993)
(0.27784241 0.22870985 -0.00038116017)
(-0.011975004 0.01293276 -1.35832e-05)
(-0.011768318 0.012720908 -9.8423284e-06)
(-0.012745043 0.011808089 1.0123181e-05)
(-0.012533136 0.011613362 1.2138142e-05)
(-0.01224586 0.012398085 -1.2224875e-06)
(-0.044766819 0.046768148 -1.1812481e-05)
(-0.030074068 0.031722664 3.1287989e-06)
(-0.030680008 0.029799216 -2.6853187e-05)
(-0.029839285 0.031494903 1.6054077e-07)
(-0.030471991 0.029560708 -5.2784848e-06)
(-0.012459006 0.012609997 -4.0490126e-06)
(-0.011974971 0.012932535 1.3817357e-05)
(-0.011767983 0.012720716 1.0190431e-05)
(-0.012744978 0.011808 -9.9793716e-06)
(-0.012533154 0.011613328 -1.1953009e-05)
(-0.012245746 0.012397993 1.4573125e-06)
(-0.044766676 0.046767984 1.2488767e-05)
(-0.030073693 0.031722214 -2.6975144e-06)
(-0.030679774 0.029798959 2.7256624e-05)
(-0.029839238 0.031494724 3.8656626e-07)
(-0.030471944 0.02956064 5.7452569e-06)
(-0.012458952 0.012609849 4.2342199e-06)
(-0.043582829 0.041887231 -5.1093035e-06)
(-0.015851828 0.018551307 -3.664953e-05)
(-0.031652962 0.032050876 6.861308e-06)
(-0.02933693 0.030177317 3.0552779e-05)
(-0.031560063 0.031949367 1.213109e-05)
(-0.029128704 0.029919476 1.8259358e-05)
(-0.043678375 0.041919943 -1.6795765e-05)
(1.0824582 0.87604645 0.0005369504)
(0.46077219 0.37822318 -0.0013920077)
(0.72742229 0.61320065 -0.00011739486)
(0.91830505 0.71924671 2.5688596e-05)
(0.72488269 0.61247543 3.7586064e-05)
(0.91470699 0.71942297 0.0001570287)
(1.0836745 0.87608128 0.00038109368)
(1.0824582 0.87604653 -0.00053689521)
(0.46077206 0.37822329 0.0013917603)
(0.72742272 0.61320079 0.00011740666)
(0.91830468 0.71924702 -2.5640982e-05)
(0.72488308 0.61247559 -3.7701091e-05)
(0.9147077 0.71942318 -0.00015725271)
(1.0836749 0.87608131 -0.00038104817)
(0.45766728 0.25050356 -0.0012171017)
(0.688032 0.31521697 0.00060906307)
(0.23156321 0.095361132 -0.00020343359)
(1.0342019 0.60118365 -0.00095886543)
(0.22866195 0.093332277 0.00021929554)
(1.0297733 0.60030123 -0.00034817508)
(0.46393436 0.25346108 -0.0019224423)
(0.26728169 0.15569332 -0.00037716617)
(0.23651425 0.15475826 -0.00011737694)
(0.65458586 0.43724818 -0.00085223123)
(0.64990184 0.43328511 -0.00085767095)
(0.27210496 0.15893937 -0.00035233654)
(0.45766758 0.25050332 0.001217085)
(0.68803181 0.3152171 -0.00060975695)
(0.23156307 0.095361094 0.00020335082)
(1.0342037 0.60118381 0.00095915918)
(0.22866201 0.093332294 -0.00021958101)
(1.0297728 0.60030124 0.00034790555)
(0.46393476 0.25346077 0.0019225582)
(0.45119401 0.19451016 -0.00036179498)
(0.36676595 0.13708925 -0.0002123504)
(0.36307125 0.13533728 0.00010648381)
(0.14224784 0.021189244 9.5745493e-05)
(0.29469046 0.084347226 -0.00040043203)
(0.29043116 0.082724599 -3.7973439e-05)
(0.45119406 0.19451018 0.00036113485)
(0.36676573 0.13708927 0.00021198843)
(0.36307098 0.13533725 -0.00010704259)
(0.14224752 0.021189212 -9.6475866e-05)
(0.29469072 0.084347172 0.00039992727)
(0.29043109 0.082724496 3.716893e-05)
(0.023803438 0.00036585855 -1.7922908e-05)
(0.027890187 -0.003408924 -5.6742812e-06)
(0.027479392 -0.0033236905 3.8286361e-05)
(0.01326046 0.00083382091 1.5506874e-05)
(0.019849525 -0.002839643 -8.3733687e-05)
(0.019604477 -0.0027490434 -1.3503044e-05)
(0.023803687 0.00036587455 1.790566e-05)
(0.027890296 -0.0034089507 5.8693069e-06)
(0.027478656 -0.0033235796 -3.8187862e-05)
(0.013260653 0.00083387984 -1.5718542e-05)
(0.019849893 -0.0028394128 8.3681673e-05)
(0.019604111 -0.0027490851 1.356772e-05)
(-0.0064812318 0.0064338833 -1.8993086e-06)
(-0.0088342112 0.0065797975 3.5053489e-06)
(-0.018669614 0.017474755 -2.8725522e-05)
(-0.018613191 0.01734663 -8.6912211e-06)
(-0.0065714565 0.0065657176 -3.4231642e-06)
(-0.0045210421 0.0063639223 -3.8893486e-05)
(0.01945222 0.0022103055 -3.89526e-05)
(0.00079106941 0.0026599396 -3.1794662e-05)
(0.035228607 0.005126641 -0.00019959224)
(0.00078270043 0.0025822681 -5.0412011e-06)
(0.03465199 0.0051898625 -5.2298869e-05)
(-0.0045032596 0.0064509799 -8.8314338e-05)
(-0.0064812688 0.0064339564 1.8677177e-06)
(-0.0088342363 0.0065798193 -3.4946902e-06)
(-0.018669677 0.017474861 2.8765947e-05)
(-0.018613687 0.017346721 8.7129103e-06)
(-0.0065717258 0.006565769 3.4197864e-06)
(-0.0045214342 0.0063640462 3.8740511e-05)
(0.019451555 0.0022104305 3.864847e-05)
(0.00079067652 0.0026600159 3.170978e-05)
(0.035227926 0.0051267933 0.00019934008)
(0.00078266818 0.002582308 4.9216836e-06)
(0.034651726 0.0051900108 5.2118701e-05)
(-0.0045034486 0.0064510642 8.8266326e-05)
(-0.028200593 0.038208826 6.1553685e-05)
(-0.018161355 0.015051312 4.5512463e-05)
(-0.028493728 0.027925568 -1.998984e-05)
(-0.023599197 0.02689951 6.8186385e-05)
(-0.028249409 0.027704448 -2.7195086e-05)
(-0.02366223 0.026877769 1.3677114e-05)
(-0.028094023 0.038302177 0.00013266251)
(1.229155 0.46654985 -0.00015012568)
(0.50769367 0.10376882 6.036567e-05)
(0.81080348 0.2774246 -0.00091559085)
(1.0475377 0.31364645 0.00013388248)
(0.80683745 0.27555825 -0.00032972894)
(1.0453136 0.31273633 0.00055984594)
(1.2297649 0.46640177 -0.00063384145)
(1.2291587 0.46654992 0.00014846467)
(0.50769278 0.10376857 -6.2535737e-05)
(0.8108031 0.27742426 0.0009145659)
(1.0475363 0.31364658 -0.00013504635)
(0.80683671 0.27555818 0.00032806067)
(1.0453142 0.31273622 -0.00056286698)
(1.2297659 0.46640192 0.00063261868)
(0.63621059 0.10687241 0.00015986344)
(0.16544359 0.014361584 0.00013244159)
(0.20657085 0.027317515 5.9800033e-05)
(0.55618608 0.069227452 6.7632932e-05)
(0.20411845 0.026874604 0.00014786941)
(0.55302146 0.068385762 0.00024423558)
(0.63955234 0.10789988 -9.7874553e-05)
(0.73010905 0.16261977 -0.0003619182)
(0.32201569 0.068494513 0.0004574089)
(0.25500529 0.047817095 1.2519825e-06)
(0.87506069 0.23439907 0.00021539204)
(0.25255879 0.047458905 -0.00014409448)
(0.8714401 0.23395588 -0.00015401264)
(0.73364655 0.16361816 -0.0001427635)
(0.63621134 0.10687141 -0.00015295083)
(0.16544313 0.01436191 -0.00013723827)
(0.2065394 0.027311343 -5.6449048e-05)
(0.55616734 0.069225819 -7.3549189e-05)
(0.20411666 0.026874259 -0.00014222683)
(0.55302106 0.068386289 -0.0002489631)
(0.63951855 0.10788735 0.00010135294)
(0.37240268 -0.0026484252 1.1629524e-05)
(0.085675291 -0.0052689347 0.00010677566)
(0.0946449 -0.0061407981 -0.00012358884)
(0.35573335 -0.0048067694 -0.00019252332)
(0.093507517 -0.0061024768 -1.3776676e-05)
(0.35339403 -0.0051362103 2.2140382e-05)
(0.37489847 -0.0023789596 -0.00027463355)
(0.42156557 0.016825125 -0.00016403837)
(0.13490955 0.0034199225 -3.131916e-05)
(0.11187646 -0.0015911 2.5756588e-05)
(0.48427103 0.034237221 0.00021214503)
(0.11051629 -0.0015389706 -7.4688448e-05)
(0.48149661 0.033640211 -3.9109804e-05)
(0.42422898 0.017292711 4.6416126e-05)
(0.37240396 -0.0026481952 -1.1462728e-05)
(0.085675367 -0.0052688713 -0.00010685547)
(0.094645189 -0.0061408529 0.0001238351)
(0.35573438 -0.0048065096 0.00019246292)
(0.093507416 -0.0061023269 1.4052337e-05)
(0.35339397 -0.0051359688 -2.2162081e-05)
(0.37489821 -0.0023789567 0.00027433422)
(0.34564226 -0.012079476 7.7769704e-05)
(0.1070245 -0.0012123969 7.6051357e-05)
(0.1390248 -0.011587214 -2.4891123e-05)
(0.35097738 -0.010686254 0.00040981663)
(0.13780419 -0.011636722 -6.766591e-05)
(0.34942106 -0.010786371 0.00016646121)
(0.34631433 -0.011894276 0.00024472697)
(2.0256267 -0.67653213 4.7859193e-06)
(1.9780906 -0.75679765 -2.6301879e-05)
(1.9558455 -0.66438133 -4.9876697e-05)
(1.9948098 -0.77795163 -1.0343639e-05)
(2.0256268 -0.67653173 -5.3491744e-06)
(1.9780878 -0.75679793 2.6173433e-05)
(1.9558446 -0.66438113 5.0503204e-05)
(1.9944623 -0.50986993 -1.812432e-05)
(1.8813214 -0.54924587 -8.9532647e-05)
(1.7729422 -0.43793705 -0.00012103948)
(2.0230278 -0.60986734 -2.9275322e-06)
(1.9944631 -0.50986999 1.8726866e-05)
(1.881323 -0.54924588 9.0363176e-05)
(1.7729432 -0.43793749 0.00012099639)
(1.8866918 -0.35581607 -4.1514134e-05)
(1.656971 -0.33521188 -0.00013670635)
(1.5139771 -0.25008573 -0.00013676254)
(1.9379034 -0.43673769 3.5679306e-05)
(1.886691 -0.35581625 4.0644233e-05)
(1.6569708 -0.33521226 0.00013584699)
(1.5139771 -0.25008578 0.00013556297)
(1.7869062 -0.23993526 -4.2259832e-05)
(1.4361348 -0.18986889 -0.00011191337)
(1.2294793 -0.12973574 -9.8179908e-05)
(1.7778733 -0.29380268 3.7516933e-05)
(1.7869053 -0.2399354 4.1392128e-05)
(1.4361345 -0.18986902 0.00011041076)
(1.2294786 -0.12973571 9.6680605e-05)
(1.7981241 -1.0080707 -0.00011455239)
(1.6729984 -1.0769907 -0.00015129917)
(1.7041682 -1.0476736 -0.00025180776)
(1.7128897 -1.0709068 5.5365495e-05)
(1.7981244 -1.0080707 0.00011434933)
(1.6729978 -1.0769908 0.0001514214)
(1.7041686 -1.0476734 0.00025183164)
(0.57603828 -0.011891116 -2.4516624e-05)
(0.19066052 -0.03265855 -6.7503969e-05)
(0.18884441 -0.023419968 -2.0194355e-05)
(0.55132356 -0.02217773 5.9433375e-05)
(0.57603679 -0.011890923 2.5521554e-05)
(0.19065958 -0.032658579 6.9278807e-05)
(0.18884439 -0.023419908 2.1676273e-05)
(1.5030973 -1.1673013 -0.00021202225)
(1.3246682 -1.161263 -6.4557024e-06)
(1.3168348 -1.1655051 -0.00050706386)
(1.4156719 -1.1348026 -5.0504283e-05)
(1.5030973 -1.1673012 0.00021188799)
(1.324668 -1.161263 6.5329398e-06)
(1.3168349 -1.165505 0.00050696896)
(0.75672521 -0.4525585 8.344208e-05)
(1.4164259 -0.94328028 -0.00017868762)
(1.2446765 -0.75359296 0.00010524669)
(1.1944241 -0.79154606 -0.00045950704)
(1.2425885 -0.75251855 0.00069018422)
(1.1924582 -0.78929946 -7.7924545e-05)
(0.76133769 -0.45491681 -0.00031374025)
(0.056195295 -0.070335783 -5.8235625e-06)
(-0.060913997 -0.078266737 -5.9403217e-05)
(-0.046597528 -0.095774965 -1.9504809e-05)
(0.019598084 -0.056353997 2.32762e-05)
(0.056195193 -0.070335787 6.0486722e-06)
(-0.060914115 -0.078266782 5.9637478e-05)
(-0.046597521 -0.095775 1.9593594e-05)
(1.1418393 -1.1019278 3.8937242e-05)
(1.0021661 -0.94709378 2.8834463e-05)
(0.97644035 -1.1014881 -6.8181471e-05)
(1.116086 -0.9392654 5.7905435e-06)
(1.1418394 -1.1019278 -3.8954436e-05)
(1.0021661 -0.94709377 -2.8797828e-05)
(0.97644046 -1.1014881 6.8220822e-05)
(-0.013020823 -0.21121884 3.2191624e-06)
(-0.06227651 -0.18344593 -2.5686164e-05)
(-0.038486078 -0.24341277 -6.9613853e-06)
(-0.053567866 -0.16048934 9.523732e-06)
(-0.013020837 -0.21121884 -3.1335898e-06)
(-0.062276516 -0.18344594 2.5753229e-05)
(-0.038486121 -0.24341277 7.1107037e-06)
(0.39486173 -0.61548041 -0.00036829132)
(0.73341477 -1.03047 0.00018354168)
(0.62533743 -0.88825318 -0.00017070151)
(0.61167608 -0.91656764 -0.00037025235)
(0.62342291 -0.88660787 0.00011774623)
(0.61085453 -0.91501893 -0.00019485809)
(0.39688098 -0.61964215 -0.00060842115)
(0.66293808 -0.61449474 -3.3861689e-05)
(0.6879396 -0.41783408 -7.0280712e-06)
(0.56898069 -0.48493498 -1.6628835e-05)
(0.78309043 -0.49663022 1.0556919e-05)
(0.66293809 -0.61449472 3.3903703e-05)
(0.68793962 -0.41783407 7.0359977e-06)
(0.56898072 -0.48493497 1.6702613e-05)
(-0.045117303 -0.19425142 -1.7755056e-05)
(-0.041971194 -0.12665743 0.00010697005)
(-0.052550024 -0.20040109 -0.00019378774)
(-0.034491775 -0.12298976 -4.3152427e-06)
(-0.052741902 -0.20022812 -0.00011596983)
(-0.034408124 -0.12251978 5.5431592e-06)
(-0.045105534 -0.19449923 -4.7766014e-05)
(-0.047558807 -0.36791209 -2.4752727e-08)
(-0.051687538 -0.34145466 -3.3381033e-06)
(-0.059314019 -0.3655094 -8.1810826e-07)
(-0.049427689 -0.34255928 6.0751067e-06)
(-0.047558781 -0.36791209 2.7829159e-07)
(-0.051687536 -0.34145466 3.6726004e-06)
(-0.059314091 -0.36550941 1.0567538e-06)
(0.49471879 -0.32739357 -1.8243811e-06)
(0.60387381 -0.15413651 8.747734e-08)
(0.44930115 -0.16919133 1.3224678e-05)
(0.64340067 -0.26940309 1.1209339e-05)
(0.49471883 -0.32739356 1.9180759e-06)
(0.60387384 -0.15413651 -6.8342033e-08)
(0.44930121 -0.16919133 -1.3099706e-05)
(-0.077375513 -0.35051737 1.1926989e-07)
(-0.052042994 -0.30179742 3.4756609e-06)
(-0.081087155 -0.32532844 1.7702518e-06)
(-0.054661362 -0.32604706 8.8194275e-07)
(-0.077375525 -0.35051738 8.1125408e-08)
(-0.052043014 -0.30179746 -3.3062246e-06)
(-0.081087122 -0.32532849 -1.6516106e-06)
(0.44581585 0.015699308 1.2914935e-05)
(0.63074984 0.12860779 -1.3445695e-05)
(0.48035221 0.1755871 -2.2978157e-06)
(0.60319677 0.011780071 1.7273979e-06)
(0.4458159 0.015699314 -1.2802244e-05)
(0.63074987 0.12860779 1.3464661e-05)
(0.48035227 0.1755871 2.4272324e-06)
(-0.093747424 -0.29072792 1.069855e-06)
(-0.055847817 -0.23025633 6.4139811e-06)
(-0.096627862 -0.25213617 6.6523941e-07)
(-0.053464868 -0.26892557 -6.426538e-06)
(-0.093747414 -0.29072794 -1.041933e-06)
(-0.055847847 -0.23025637 -6.4854361e-06)
(-0.096627734 -0.25213619 -6.698753e-07)
(0.5480162 0.33892002 -2.0205163e-05)
(0.76071553 0.36184247 -1.1411211e-05)
(0.63623972 0.47247835 -3.9561261e-05)
(0.67377656 0.28084177 9.9724402e-06)
(0.54801625 0.33892001 2.0297668e-05)
(0.76071556 0.36184246 1.141269e-05)
(0.63623974 0.47247834 3.9636806e-05)
(-0.10853324 -0.20996145 3.4001248e-08)
(-0.075311182 -0.14709232 1.9282299e-06)
(-0.11183281 -0.1712378 -8.0055355e-08)
(-0.065087421 -0.18926408 -3.6845686e-06)
(-0.10853319 -0.20996146 -1.0183032e-07)
(-0.075311106 -0.14709229 -2.1127751e-06)
(-0.11183272 -0.17123777 5.0980182e-08)
(0.92826672 0.97718887 -1.5328935e-05)
(1.0675809 0.82451629 4.4084988e-06)
(1.0863329 0.98101211 6.6244616e-05)
(0.94904722 0.821113 -2.7013939e-05)
(0.92826638 0.97718895 1.5524822e-05)
(1.0675807 0.82451635 -4.492426e-06)
(1.0863327 0.98101215 -6.601311e-05)
(-0.070055608 -0.030855731 2.8507947e-06)
(-0.049576643 0.0062470161 3.9991972e-06)
(-0.053359787 -0.020371546 1.8420476e-06)
(-0.057643697 0.00080656772 -7.8836261e-06)
(-0.070055608 -0.030855693 -2.9886678e-06)
(-0.049576675 0.006247054 -4.0163553e-06)
(-0.053359721 -0.02037151 -1.8542104e-06)
(1.256106 1.0861917 -0.00043206947)
(1.3576925 1.0296484 5.717109e-05)
(1.4380344 1.0855488 -0.00014596768)
(1.2605325 1.0626647 3.3755523e-06)
(1.2561061 1.0861918 0.00043252234)
(1.3576929 1.0296479 -5.7764465e-05)
(1.438033 1.08555 0.00014664595)
(-0.018750015 0.02508059 4.8273975e-06)
(0.053597913 0.030697462 -3.9835652e-06)
(0.083296635 0.010285236 7.8042614e-06)
(-0.031357488 0.048154749 5.2731421e-06)
(-0.018750075 0.025080584 -4.5037081e-06)
(0.053597881 0.030697392 4.5713853e-06)
(0.083296533 0.010285193 -7.4683607e-06)
(1.6415907 0.98476997 -0.00019085237)
(1.6501346 0.99775618 -4.5680449e-05)
(1.7343206 0.94535111 -8.216183e-05)
(1.6042641 1.0068154 0.00012305247)
(1.6415913 0.98477006 0.00019140253)
(1.6501342 0.99775592 4.5406799e-05)
(1.734319 0.94535148 8.2871561e-05)
(1.3329796 0.56625905 0.00017042908)
(1.1165423 0.51571958 -0.0007085577)
(0.95640381 0.39551513 -0.00076304322)
(1.4380535 0.67906626 -0.00045219827)
(0.95405807 0.39468931 -0.00023200924)
(1.438373 0.68017371 -8.4704648e-05)
(1.3331104 0.56539541 -0.00021086485)
(0.21690359 0.006358959 -1.5628919e-05)
(0.55068405 0.0051120575 -4.7885266e-05)
(0.57387318 -0.0068573166 -1.798918e-05)
(0.21636298 0.014572108 5.7228875e-05)
(0.21690394 0.006358885 1.6086524e-05)
(0.55068429 0.0051120263 4.8010007e-05)
(0.57387314 -0.0068573967 1.8170269e-05)
(1.9005474 0.63557654 -3.4649378e-05)
(1.9355016 0.73869032 1.295007e-05)
(1.9664995 0.64381524 8.4095322e-06)
(1.9171872 0.71991127 1.3735358e-05)
(1.90055 0.63557638 3.3854293e-05)
(1.9355037 0.73869016 -1.3008972e-05)
(1.9664987 0.64381527 -9.7110348e-06)
(1.7309079 0.42139202 -0.00010598668)
(1.9662435 0.58404284 7.1178423e-06)
(1.9391723 0.48862974 -1.2961017e-05)
(1.83266 0.52749312 7.2287378e-05)
(1.7309053 0.42139221 0.00010369989)
(1.9662398 0.58404344 -9.0129807e-06)
(1.9391698 0.48863008 1.1683086e-05)
(1.4808015 0.23900262 -0.00012373759)
(1.8859841 0.42093323 -2.9338513e-05)
(1.8336703 0.34203178 -3.4208487e-05)
(1.6192634 0.3225203 0.00012147859)
(1.4808012 0.2390026 0.00012360975)
(1.8859831 0.42093306 2.8697639e-05)
(1.83367 0.3420314 3.3823022e-05)
(1.2014157 0.11845986 -8.6594721e-05)
(1.7283816 0.2830936 -3.2374011e-05)
(1.7314898 0.23019106 -3.4653237e-05)
(1.4030747 0.18050219 0.00010268628)
(1.2014175 0.1184601 8.7124682e-05)
(1.7283804 0.2830932 3.2383138e-05)
(1.7314901 0.23019084 3.528266e-05)
(1.3571844 -0.58165378 0.00017289617)
(1.1392781 -0.52979315 -0.00076263703)
(1.47023 -0.70071526 -0.00052797746)
(0.96982538 -0.40310664 -0.00088517687)
(1.4705862 -0.70186314 -0.00010988626)
(0.96745088 -0.40224696 -0.00029826523)
(1.3572748 -0.58071922 -0.00025053184)
(1.3571843 -0.58165356 -0.00017326498)
(1.1392787 -0.52979314 0.00076297653)
(1.4702298 -0.70071387 0.00052763194)
(0.96982806 -0.40310683 0.00088491823)
(1.4705859 -0.70186258 0.00010957721)
(0.96745057 -0.40224683 0.00029785581)
(1.3572707 -0.58071917 0.00025096987)
(0.29738627 0.0068773744 -2.9720228e-05)
(0.096385406 0.0099477939 0.00019357988)
(0.28629694 0.0033457321 -0.00062785869)
(0.11071042 0.0077843517 -4.1335132e-05)
(0.28565618 0.0038030548 -0.00035524598)
(0.10981892 0.0077250792 3.4702953e-05)
(0.29814853 0.0067925623 -0.00018841888)
(0.29738395 0.0068773214 2.9588671e-05)
(0.096385157 0.0099475891 -0.00019228237)
(0.28629298 0.0033453834 0.00062876592)
(0.11070746 0.0077837705 4.1306876e-05)
(0.28565367 0.0038029483 0.00035642796)
(0.10981711 0.0077249288 -3.4562522e-05)
(0.29814342 0.006792142 0.0001883748)
(0.75672546 -0.45255847 -8.3729523e-05)
(1.4164261 -0.94328002 0.00017841501)
(1.2446767 -0.7535927 -0.00010567557)
(1.1944241 -0.79154593 0.00045941063)
(1.2425883 -0.75251854 -0.0006908914)
(1.1924584 -0.78929931 7.7826496e-05)
(0.76133769 -0.45491654 0.00031360901)
(-0.023833349 -0.021939569 -1.7605214e-05)
(0.018780677 -0.032890969 -0.00020837029)
(0.014577277 -0.021892869 -0.00026615585)
(-0.027305228 -0.030629794 -2.3785949e-05)
(0.014065102 -0.021860098 -6.8823303e-05)
(-0.027474395 -0.030389693 4.1144493e-05)
(-0.023977687 -0.022099125 -6.0305199e-05)
(-0.023833066 -0.021939628 1.8650511e-05)
(0.018781046 -0.032891083 0.00021004462)
(0.014576846 -0.021893086 0.00026774429)
(-0.027305175 -0.03062992 2.4748076e-05)
(0.014064309 -0.021860304 7.06493e-05)
(-0.027475038 -0.030389848 -4.007581e-05)
(-0.023978247 -0.022099242 6.1296405e-05)
(0.39486175 -0.61548049 0.00036829187)
(0.73341502 -1.0304701 -0.00018352167)
(0.62533766 -0.88825326 0.00017068978)
(0.61167601 -0.91656776 0.00037029794)
(0.62342247 -0.88660791 -0.0001177039)
(0.61085458 -0.91501895 0.00019488463)
(0.39688107 -0.61964229 0.00060845044)
(-0.024358162 -0.049075501 -1.8359464e-05)
(-0.056896374 -0.12207239 -7.9191927e-05)
(-0.042144337 -0.076260228 3.9745503e-05)
(-0.045791271 -0.10518543 -0.00011344131)
(-0.042017503 -0.075936205 5.0645907e-05)
(-0.045699187 -0.10472243 -4.1153804e-05)
(-0.02450004 -0.049495684 -2.7640592e-05)
(-0.024358495 -0.049075662 1.8292969e-05)
(-0.056897013 -0.12207259 7.9190845e-05)
(-0.042144743 -0.07626046 -3.9746415e-05)
(-0.045791721 -0.10518562 0.00011346797)
(-0.042017238 -0.075936152 -5.0751217e-05)
(-0.045698954 -0.10472235 4.1225259e-05)
(-0.024500104 -0.049495744 2.7627973e-05)
(0.37634647 -0.69670591 -0.00012084092)
(0.36701175 -0.67829828 4.9136376e-05)
(0.47204351 -0.78264715 -7.4887849e-05)
(0.27672746 -0.59034168 -0.00013968628)
(0.47184807 -0.78251455 1.6783055e-05)
(0.27575744 -0.58871833 -0.00011747863)
(0.37674615 -0.69705193 -0.00012496786)
(0.37634649 -0.69670597 0.0001210007)
(0.36701207 -0.67829843 -4.9048112e-05)
(0.47204372 -0.78264725 7.4992936e-05)
(0.27672762 -0.59034182 0.00013974915)
(0.47184796 -0.78251451 -1.6648564e-05)
(0.27575745 -0.58871837 0.00011755925)
(0.37674623 -0.69705197 0.00012513402)
(-0.045117591 -0.19425162 1.7840769e-05)
(-0.041971504 -0.12665769 -0.00010693793)
(-0.052550241 -0.20040125 0.0001939118)
(-0.034491746 -0.1229898 4.3552368e-06)
(-0.052741752 -0.20022803 0.00011611477)
(-0.034408061 -0.12251973 -5.5503834e-06)
(-0.045105566 -0.1944992 4.7914637e-05)
(0.34206711 0.5636095 -0.00013597935)
(0.32635992 0.57262164 4.311039e-05)
(0.24460937 0.4866631 -9.7008695e-05)
(0.43120715 0.64954708 2.1424264e-05)
(0.24368193 0.48536317 -0.00011745287)
(0.43096558 0.64951229 3.9214762e-05)
(0.34246268 0.5638497 -0.00011480898)
(0.34206722 0.56360952 0.00013634375)
(0.32635978 0.57262161 -4.2956136e-05)
(0.24460945 0.48666309 9.7234354e-05)
(0.43120719 0.64954707 -2.1129922e-05)
(0.24368204 0.48536317 0.00011766261)
(0.43096578 0.64951233 -3.8930336e-05)
(0.34246286 0.56384971 0.00011511489)
(-0.0067312226 -0.078253247 2.4397289e-06)
(-0.0019200737 -0.035942065 -1.3469021e-05)
(0.0023858809 -0.045416646 4.1627252e-05)
(-0.012687706 -0.065691302 0.00011623831)
(0.0024602124 -0.045215616 9.0047256e-06)
(-0.012587789 -0.065609032 6.3256027e-05)
(-0.0067804908 -0.078348724 3.1318153e-05)
(-0.0067301262 -0.078253729 -2.4469884e-06)
(-0.0019188621 -0.035942629 1.3611688e-05)
(0.0023867389 -0.045417031 -4.149419e-05)
(-0.012686626 -0.06569169 -0.00011629455)
(0.0024598765 -0.045215659 -8.7117707e-06)
(-0.01258825 -0.065609041 -6.3403944e-05)
(-0.0067802338 -0.078348931 -3.1493981e-05)
(0.36150183 0.55293148 -0.00034680425)
(0.67908289 0.92332418 0.00021139285)
(0.55929208 0.81325589 -0.00035600637)
(0.57824429 0.80358911 -8.463869e-05)
(0.55852519 0.81186062 -0.00022758353)
(0.57635392 0.80216227 0.00012922033)
(0.36335962 0.55664703 -0.00057140953)
(0.36150197 0.55293146 0.00034682239)
(0.67908271 0.92332416 -0.00021122449)
(0.55929207 0.81325594 0.00035615763)
(0.57824443 0.80358919 8.4669551e-05)
(0.55852509 0.81186067 0.00022776809)
(0.57635443 0.80216227 -0.00012927117)
(0.3633599 0.55664704 0.00057139422)
(-0.014477498 0.013158182 -1.1827814e-05)
(-0.035712112 0.01594613 6.233855e-05)
(-0.023360057 0.0069833692 3.625646e-05)
(-0.027128525 0.023442733 1.4676374e-05)
(-0.023250243 0.0070631253 -4.0017432e-06)
(-0.02693825 0.023445357 -5.4832582e-06)
(-0.014596304 0.013199809 -6.2114661e-06)
(-0.014476782 0.013157742 1.2200102e-05)
(-0.035711108 0.015945782 -6.2368118e-05)
(-0.023359134 0.0069827395 -3.6127748e-05)
(-0.027127649 0.023442041 -1.4574933e-05)
(-0.023250466 0.0070630523 4.0599619e-06)
(-0.026938604 0.023445231 5.6883031e-06)
(-0.014596145 0.013199398 6.4120992e-06)
(0.74077534 0.44093013 8.5841052e-05)
(1.3715167 0.90057654 -0.0001400148)
(1.1588076 0.75967177 -0.00044867525)
(1.2130541 0.72693739 0.00014629855)
(1.1569547 0.75753982 -9.6531105e-05)
(1.2110249 0.72594636 0.00065837479)
(0.745307 0.44321751 -0.0002573486)
(0.7407756 0.44092992 -8.5227265e-05)
(1.3715172 0.90057699 0.00014084157)
(1.1588078 0.75967219 0.00044900862)
(1.2130563 0.72693745 -0.00014559274)
(1.156954 0.75754023 9.6923666e-05)
(1.2110275 0.72594638 -0.00065771069)
(0.74530665 0.44321742 0.00025765396)
(-0.0062895522 0.012464525 -1.7851621e-05)
(0.048036388 0.016157621 -0.00020924214)
(-0.0035692599 0.017604774 -2.673166e-05)
(0.040599439 0.0082462915 -0.00024385772)
(-0.0038008024 0.017412224 3.541241e-05)
(0.040023298 0.0082352986 -6.3089237e-05)
(-0.0062785326 0.012559706 -5.81368e-05)
(-0.0062900715 0.012464587 1.7775731e-05)
(0.048035575 0.016157622 0.00020937209)
(-0.0035700067 0.017604965 2.6785554e-05)
(0.040598741 0.0082464686 0.00024388583)
(-0.0038006644 0.017412254 -3.5291106e-05)
(0.040023268 0.0082353107 6.3031442e-05)
(-0.0062788457 0.012559898 5.801872e-05)
(1.33298 0.56625939 -0.0001704675)
(1.1165425 0.51571959 0.00070834572)
(0.95640475 0.39551516 0.00076257978)
(1.4380545 0.67906704 0.00045237111)
(0.9540584 0.39468959 0.00023136361)
(1.438373 0.68017458 8.4875838e-05)
(1.3331123 0.56539579 0.00021017889)
(0.31696591 -0.015687728 -4.002055e-05)
(0.11887329 -0.019476033 0.00021582279)
(0.13167902 -0.015691224 -3.58437e-05)
(0.30726635 -0.014482188 -0.0006151351)
(0.13076196 -0.015653578 3.7637186e-05)
(0.30662889 -0.0149644 -0.00034543206)
(0.31770077 -0.015590832 -0.00020052837)
(0.31696586 -0.015687468 4.0508784e-05)
(0.11887177 -0.01947584 -0.00021582643)
(0.13167883 -0.01569112 3.6265245e-05)
(0.30726627 -0.014481994 0.00061533098)
(0.13076199 -0.015653434 -3.7414088e-05)
(0.30662982 -0.014964253 0.00034572247)
(0.31770043 -0.015590734 0.00020058585)
)
;

boundaryField
{
    inlet
    {
        type            codedFixedValue;
        value           nonuniform List<vector> 
41
(
(0.072278406 0 0)
(0.21148126 0 0)
(0.34354551 0 0)
(0.46847115 0 0)
(0.58625818 0 0)
(0.6969066 0 0)
(0.80041642 0 0)
(0.89678763 0 0)
(0.98602023 0 0)
(1.0681142 0 0)
(1.1430696 0 0)
(1.2108864 0 0)
(1.2715645 0 0)
(1.3251041 0 0)
(1.3715051 0 0)
(1.4107674 0 0)
(1.4428911 0 0)
(1.4678763 0 0)
(1.4857228 0 0)
(1.4964307 0 0)
(1.5 0 0)
(1.4964307 0 0)
(1.4857228 0 0)
(1.4678763 0 0)
(1.4428911 0 0)
(1.4107674 0 0)
(1.3715051 0 0)
(1.3251041 0 0)
(1.2715645 0 0)
(1.2108864 0 0)
(1.1430696 0 0)
(1.0681142 0 0)
(0.98602023 0 0)
(0.89678763 0 0)
(0.80041642 0 0)
(0.6969066 0 0)
(0.58625818 0 0)
(0.46847115 0 0)
(0.34354551 0 0)
(0.21148126 0 0)
(0.072278406 0 0)
)
;
        name            parabolicInlet;
        code            #{
            const scalar H = 0.41;
            const scalar Um = 1.5;

            const fvPatch& boundaryPatch = patch();
            vectorField& field = *this;

            forAll(field, i)
            {
                const scalar y = boundaryPatch.Cf()[i].y();
                const scalar ux = 4.0*Um*y*(H - y)/(H*H);
                field[i] = vector(ux, 0, 0);
            }
        #};
    }
    outlet
    {
        type            zeroGradient;
    }
    walls
    {
        type            noSlip;
    }
    frontAndBack
    {
        type            zeroGradient;
    }
    cylinder
    {
        type            noSlip;
    }
}


// ************************************************************************* //
