/*--------------------------------*- C++ -*----------------------------------*\
  =========                 |
  \\      /  F ield         | OpenFOAM: The Open Source CFD Toolbox
   \\    /   O peration     | Website:  https://openfoam.org
    \\  /    A nd           | Version:  12
     \\/     M anipulation  |
\*---------------------------------------------------------------------------*/
FoamFile
{
    format      ascii;
    class       volVectorField;
    location    "2.5";
    object      U;
}
// * * * * * * * * * * * * * * * * * * * * * * * * * * * * * * * * * * * * * //

dimensions      [0 1 -1 0 0 0 0];

internalField   nonuniform List<vector> 
10488
(
(0.07219355 -0.00041943543 -1.2336366e-16)
(0.074058076 -0.0010028713 3.0972127e-16)
(0.077460433 -0.0015485946 -4.5066579e-15)
(0.08210572 -0.0020221933 -6.6773489e-16)
(0.088092344 -0.0024792432 -1.3984781e-14)
(0.095387437 -0.0029355318 -3.7072901e-15)
(0.10397455 -0.0033986416 -2.1377209e-14)
(0.11385892 -0.0038688302 -1.554758e-14)
(0.12504359 -0.0043389496 -2.1589683e-14)
(0.13750887 -0.0047932031 -3.0398265e-14)
(0.15119688 -0.0052089512 -2.9592099e-14)
(0.16599719 -0.0055570687 -3.5151579e-14)
(0.18173468 -0.0058034697 -3.9707465e-14)
(0.19816151 -0.0059118826 -4.3866666e-14)
(0.21495479 -0.0058470269 -4.7206555e-14)
(0.23172078 -0.0055791126 -4.9942853e-14)
(0.24800757 -0.0050888693 -5.1196552e-14)
(0.26332706 -0.0043720139 -5.093626e-14)
(0.27718444 -0.0034425102 -5.0260045e-14)
(0.28911433 -0.0023337403 -4.9252661e-14)
(0.2987197 -0.0010961655 -4.6574113e-14)
(0.30571149 0.00020357505 -4.1466713e-14)
(0.31003629 0.0014611464 -3.4274726e-14)
(0.31115331 0.0027251304 -2.467535e-14)
(0.30973265 0.0035279104 -1.8273971e-14)
(0.30582933 0.0044488234 -1.1056155e-14)
(0.29938799 0.0052200296 -3.9004111e-15)
(0.29100638 0.0057548029 3.0049477e-15)
(0.28093386 0.0060954735 9.1622572e-15)
(0.26951376 0.0062584811 1.3524778e-14)
(0.25711676 0.0062563094 1.4747536e-14)
(0.24411184 0.006102082 1.1552156e-14)
(0.23085705 0.0058098122 2.946649e-15)
(0.21768886 0.0053967829 -1.1616564e-14)
(0.20491021 0.0048817211 -3.205656e-14)
(0.19278123 0.0042836038 -5.7393819e-14)
(0.18151253 0.0036213765 -8.569872e-14)
(0.17126109 0.0029135752 -1.1418068e-13)
(0.16212845 0.0021789058 -1.395571e-13)
(0.15416206 0.0014361792 -1.5858019e-13)
(0.14736024 0.00070448399 -1.686773e-13)
(0.1416807 4.0511428e-06 -1.6840661e-13)
(0.13705187 -0.00064377975 -1.5812346e-13)
(0.13338343 -0.0012190914 -1.3998792e-13)
(0.13057538 -0.0017088757 -1.1781906e-13)
(0.12852647 -0.0021089552 -9.6591057e-14)
(0.12713261 -0.0024177286 -8.1898696e-14)
(0.12627048 -0.0026284351 -7.9733829e-14)
(0.12577205 -0.0027205973 -9.6763796e-14)
(0.12540013 -0.0026539359 -1.4100786e-13)
(0.12482867 -0.002377943 -2.2259994e-13)
(0.123634 -0.0018518616 -3.5433411e-13)
(0.12132352 -0.001060101 -5.5185609e-13)
(0.11741101 -2.6391188e-05 -8.3348495e-13)
(0.11151575 0.0011819422 -1.2197119e-12)
(0.10345385 0.0024643356 -1.7324688e-12)
(0.093293229 0.0037018358 -2.3942319e-12)
(0.081359746 0.0047745631 -3.2269539e-12)
(0.068198852 0.0055799594 -4.2510702e-12)
(0.054503186 0.0060478264 -5.4845206e-12)
(0.041021725 0.0061490914 -6.9441443e-12)
(0.028475944 0.0058989075 -8.6493633e-12)
(0.017490147 0.0053448894 -1.0625854e-11)
(0.008461907 0.0045452706 -1.2888667e-11)
(0.001754139 0.003582501 -1.5468194e-11)
(-0.0023503597 0.0025364511 -1.8401194e-11)
(-0.0037203425 0.0014534794 -2.1693578e-11)
(-0.0025569228 0.00027640813 -2.5209634e-11)
(0.00093469399 -0.00073179205 -2.8651944e-11)
(0.0064746998 -0.0016042968 -3.1640273e-11)
(0.013432703 -0.0022391721 -3.3758361e-11)
(0.021237346 -0.0025962762 -3.4668754e-11)
(0.029297299 -0.0026945461 -3.419042e-11)
(0.037106087 -0.0025944577 -3.2340041e-11)
(0.0443201 -0.0023804586 -2.9314517e-11)
(0.050785536 -0.0021379055 -2.5424279e-11)
(0.056520735 -0.0019345546 -2.1010957e-11)
(0.061665501 -0.0018114601 -1.637788e-11)
(0.06642002 -0.0017823741 -1.1750725e-11)
(0.070989541 -0.0018382875 -7.2653377e-12)
(0.075540488 -0.001952624 -2.9784749e-12)
(0.080170764 -0.0020884948 1.1083572e-12)
(0.084899033 -0.0022078902 5.0165107e-12)
(0.089673217 -0.0022796881 8.7571081e-12)
(0.094390353 -0.0022836341 1.2302296e-11)
(0.098921812 -0.0022114847 1.5565222e-11)
(0.10313679 -0.002066189 1.8394767e-11)
(0.10692287 -0.0018600752 2.058519e-11)
(0.11020161 -0.0016122023 2.1900448e-11)
(0.1129339 -0.0013431124 2.211155e-11)
(0.11511955 -0.0010743231 2.1043002e-11)
(0.11679303 -0.00082437414 1.8617233e-11)
(0.1180134 -0.00060800315 1.4877943e-11)
(0.11885007 -0.00043462014 1.0014987e-11)
(0.11937985 -0.00031063404 4.3039459e-12)
(0.11967424 -0.00023519657 -1.3941151e-12)
(0.11978774 -0.00020227294 -6.5950636e-12)
(0.11976964 -0.00019233724 -1.1087076e-11)
(0.11962896 -0.00019217014 -1.4861363e-11)
(0.11933106 -0.00018089751 -1.7467552e-11)
(0.11881995 -0.00014288427 -1.8849328e-11)
(0.11802137 -6.3691719e-05 -1.9146585e-11)
(0.11684651 7.0383548e-05 -1.8579765e-11)
(0.11519594 0.00026691451 -1.7373959e-11)
(0.11297245 0.00052550879 -1.5711269e-11)
(0.11009604 0.0008386654 -1.3715239e-11)
(0.10651472 0.0011940014 -1.14546e-11)
(0.1022095 0.0015761801 -8.9587035e-12)
(0.097196477 0.0019678344 -6.2347323e-12)
(0.09152781 0.0023496903 -3.2828523e-12)
(0.085293145 0.0027003408 -1.0644657e-13)
(0.078621557 0.0029962398 3.2809382e-12)
(0.071682961 0.0032124426 6.8521637e-12)
(0.064687328 0.0033242656 1.0564771e-11)
(0.057879758 0.0033101101 1.4360507e-11)
(0.051530736 0.0031553099 1.8165059e-11)
(0.045921316 0.0028565941 2.1887218e-11)
(0.041327971 0.0024253355 2.5420627e-11)
(0.038012902 0.0018857933 2.8647559e-11)
(0.036213529 0.001257196 3.1442995e-11)
(0.036038228 0.0005299919 3.3657919e-11)
(0.037501613 -0.00025605711 3.5243799e-11)
(0.040565674 -0.0010184738 3.6078455e-11)
(0.04509414 -0.0017109643 3.6114156e-11)
(0.050881845 -0.0023030658 3.5358104e-11)
(0.057654084 -0.0027692972 3.3861478e-11)
(0.065100207 -0.0030952134 3.1722403e-11)
(0.072896943 -0.00327774 2.9077952e-11)
(0.0807315 -0.0033240072 2.608958e-11)
(0.088320957 -0.0032491094 2.2926778e-11)
(0.095426126 -0.0030733256 1.9749317e-11)
(0.10185934 -0.0028193659 1.6693593e-11)
(0.10748665 -0.0025099888 1.386175e-11)
(0.11222538 -0.0021664927 1.1317788e-11)
(0.11603831 -0.0018084235 9.0877036e-12)
(0.11892545 -0.0014542477 7.1658447e-12)
(0.12091368 -0.001121098 5.5224819e-12)
(0.12204371 -0.00081643423 4.1136878e-12)
(0.12236675 -0.00052835217 2.9185454e-12)
(0.12198169 -0.00023645814 1.8609368e-12)
(0.12093326 4.1456894e-05 8.5198534e-13)
(0.11932632 0.00027972365 -5.9043053e-14)
(0.11722345 0.00048793372 -9.1700924e-13)
(0.11470305 0.00066741318 -1.734806e-12)
(0.11183979 0.00081915439 -2.5148644e-12)
(0.10870364 0.00094489293 -3.2539407e-12)
(0.10535865 0.0010471561 -3.9451265e-12)
(0.10186123 0.0011292764 -4.5799236e-12)
(0.098258776 0.0011953007 -5.1497886e-12)
(0.094588644 0.0012497928 -5.647472e-12)
(0.090877797 0.0012975145 -6.0678207e-12)
(0.087143272 0.0013430114 -6.4083291e-12)
(0.083393468 0.0013901287 -6.6692395e-12)
(0.079630505 0.0014415218 -6.8535489e-12)
(0.075853216 0.0014981774 -6.9666785e-12)
(0.072061043 0.001559064 -7.0161542e-12)
(0.068258043 0.0016209202 -7.0111572e-12)
(0.064456996 0.0016782742 -6.9621012e-12)
(0.060683065 0.0017236951 -6.8802981e-12)
(0.056976221 0.0017482892 -6.7773906e-12)
(0.05339286 0.0017425258 -6.665353e-12)
(0.050004806 0.0016972827 -6.5558224e-12)
(0.046897134 0.0016050603 -6.4601019e-12)
(0.044163319 0.0014620274 -6.3886346e-12)
(0.04190043 0.0012691324 -6.3508169e-12)
(0.040205192 0.0010327625 -6.3544562e-12)
(0.039173842 0.00075656854 -6.4054497e-12)
(0.0388797 0.00043757075 -6.506382e-12)
(0.039341231 7.205401e-05 -6.6602701e-12)
(0.040568403 -0.00030571556 -6.8674638e-12)
(0.042534674 -0.00067091171 -7.1211907e-12)
(0.045185801 -0.0010103595 -7.4171174e-12)
(0.048429671 -0.0013090655 -7.7485351e-12)
(0.052147523 -0.0015541564 -8.1080615e-12)
(0.056200536 -0.0017360119 -8.4885232e-12)
(0.060437869 -0.0018487932 -8.8836551e-12)
(0.064705183 -0.0018905937 -9.2886562e-12)
(0.068852931 -0.00186323 -9.7003988e-12)
(0.072743846 -0.0017718412 -1.0117597e-11)
(0.076258974 -0.0016244309 -1.0540497e-11)
(0.079302439 -0.0014313926 -1.0970565e-11)
(0.081804262 -0.0012050129 -1.1410077e-11)
(0.083720655 -0.00095908347 -1.1861755e-11)
(0.085030947 -0.00070784403 -1.2328417e-11)
(0.085730176 -0.00045966865 -1.2812351e-11)
(0.085848794 -0.00021283237 -1.3302687e-11)
(0.085438183 3.5155377e-05 -1.3824083e-11)
(0.084548314 0.00026267649 -1.4368368e-11)
(0.083252964 0.00045965681 -1.4922486e-11)
(0.081619395 0.00062651245 -1.5488427e-11)
(0.079725211 0.00076148793 -1.6061195e-11)
(0.077647455 0.0008638988 -1.6634016e-11)
(0.075460944 0.00093408682 -1.7198667e-11)
(0.073236302 0.00097323305 -1.7745544e-11)
(0.0710384 0.0009832268 -1.8263921e-11)
(0.068925269 0.00096647506 -1.87421e-11)
(0.066947251 0.00092581734 -1.9167775e-11)
(0.065146493 0.00086452872 -1.9528357e-11)
(0.06355659 0.00078610167 -1.9811388e-11)
(0.062202311 0.0006945209 -2.0004884e-11)
(0.061099524 0.00059420662 -2.0097842e-11)
(0.06025531 0.00049025161 -2.0080406e-11)
(0.059670117 0.0003867108 -1.9944226e-11)
(0.059340406 0.00028634513 -1.968264e-11)
(0.059253596 0.00018858582 -1.9296292e-11)
(0.059383508 9.240587e-05 -1.8776172e-11)
(0.059707154 5.6005249e-06 -1.8111555e-11)
(0.06019422 -6.7226562e-05 -1.7317296e-11)
(0.060816108 -0.00012631037 -1.6388964e-11)
(0.061541173 -0.0001713872 -1.5327425e-11)
(0.062339071 -0.00020290712 -1.4134943e-11)
(0.063182321 -0.00022216545 -1.2812807e-11)
(0.064047308 -0.00023107235 -1.1364297e-11)
(0.064917055 -0.0002327648 -9.7887952e-12)
(0.065779214 -0.0002302624 -8.0918207e-12)
(0.066636061 -0.00023044893 -6.2665022e-12)
(0.06748471 -0.00023757592 -4.3287825e-12)
(0.068368287 -0.00027379003 -2.2526944e-12)
(0.06929384 -0.00032433483 -1.3184769e-13)
(0.071103286 -0.00051755543 2.012844e-12)
(0.21121649 -0.0016850252 -1.5627745e-15)
(0.2143027 -0.0045151681 1.0309038e-14)
(0.22009645 -0.0071361068 -2.0819746e-14)
(0.22833505 -0.009540078 2.0208968e-14)
(0.2391294 -0.011851755 -5.9427422e-14)
(0.25246339 -0.014128646 1.2082583e-14)
(0.26829887 -0.016400165 -7.990973e-14)
(0.28661177 -0.018670001 -5.2737127e-14)
(0.307378 -0.020918168 -6.6532854e-14)
(0.3305436 -0.023094045 -1.2159002e-13)
(0.35600482 -0.02512388 -1.1186952e-13)
(0.38358848 -0.026911598 -1.4445832e-13)
(0.4130362 -0.028344349 -1.6515981e-13)
(0.44399347 -0.029301318 -1.8480736e-13)
(0.47600543 -0.029662424 -2.0817749e-13)
(0.50851987 -0.029320842 -2.3331356e-13)
(0.54089977 -0.028197146 -2.5172963e-13)
(0.57244703 -0.026252581 -2.5693368e-13)
(0.60243485 -0.02350061 -2.5498053e-13)
(0.63014931 -0.020014142 -2.5578091e-13)
(0.6549329 -0.015922163 -2.580166e-13)
(0.67622189 -0.011402169 -2.5554625e-13)
(0.6935935 -0.0066471809 -2.4066084e-13)
(0.70678454 -0.0019551946 -2.1080966e-13)
(0.7157237 0.0026010022 -1.7261576e-13)
(0.72029248 0.0069349726 -1.344497e-13)
(0.72073433 0.010912965 -1.0116783e-13)
(0.71728508 0.014380775 -7.1346331e-14)
(0.71027994 0.017262218 -4.2451668e-14)
(0.70005207 0.019540524 -1.4630187e-14)
(0.6870271 0.021199378 7.9938091e-15)
(0.67169291 0.022235317 1.9072448e-14)
(0.65456834 0.022667127 1.2179277e-14)
(0.63618558 0.022536721 -1.8172702e-14)
(0.61705944 0.021908589 -7.6079737e-14)
(0.59765642 0.020865921 -1.6304783e-13)
(0.57836894 0.019503871 -2.7635836e-13)
(0.5594939 0.017921905 -4.0777828e-13)
(0.54121708 0.01621948 -5.4379061e-13)
(0.52361119 0.014487898 -6.6726644e-13)
(0.50664832 0.012802042 -7.6056215e-13)
(0.49022058 0.011212445 -8.0871017e-13)
(0.47416582 0.0097380204 -8.0313297e-13)
(0.45829601 0.0083831939 -7.4428936e-13)
(0.44243092 0.0071474474 -6.4273604e-13)
(0.42643937 0.0060272566 -5.1756737e-13)
(0.41026185 0.0050463904 -3.9251818e-13)
(0.39390019 0.0042713217 -2.915477e-13)
(0.37738069 0.0038148922 -2.3647699e-13)
(0.36069097 0.0038311352 -2.4821225e-13)
(0.34370688 0.0044860044 -3.5080541e-13)
(0.32615343 0.0059053901 -5.7598684e-13)
(0.30763121 0.0081176738 -9.6602629e-13)
(0.28772051 0.01100606 -1.5740252e-12)
(0.26614418 0.014297121 -2.4619403e-12)
(0.24291768 0.017597051 -3.6973227e-12)
(0.21842301 0.020469583 -5.3496555e-12)
(0.19338774 0.022522324 -7.4859511e-12)
(0.16878416 0.023470894 -1.0167588e-11)
(0.1456839 0.02317678 -1.3445027e-11)
(0.12511208 0.021653293 -1.7357769e-11)
(0.10793399 0.019047391 -2.195269e-11)
(0.094783741 0.015588753 -2.7300397e-11)
(0.08613489 0.011560325 -3.3590858e-11)
(0.082144495 0.0072250451 -4.114051e-11)
(0.082635752 0.0028418581 -5.0356901e-11)
(0.087182867 -0.0014986207 -6.1638479e-11)
(0.095502842 -0.0055949969 -7.5241207e-11)
(0.10727079 -0.0090864049 -9.0869023e-11)
(0.12172611 -0.011863595 -1.0732964e-10)
(0.1379334 -0.013687126 -1.2275536e-10)
(0.15489965 -0.014468451 -1.3506635e-10)
(0.1716654 -0.014303869 -1.4242322e-10)
(0.18744354 -0.013428787 -1.4369518e-10)
(0.20172146 -0.012155145 -1.3871926e-10)
(0.21429595 -0.010792415 -1.2823103e-10)
(0.22523292 -0.0095845029 -1.1354758e-10)
(0.23477665 -0.008677068 -9.6185623e-11)
(0.24325177 -0.008115925 -7.7564962e-11)
(0.2509808 -0.0078677432 -5.8825616e-11)
(0.25822218 -0.0078397142 -4.0747619e-11)
(0.26513011 -0.0079051785 -2.3750164e-11)
(0.27174418 -0.0079382579 -7.9463796e-12)
(0.2780108 -0.0078406655 6.7584725e-12)
(0.28381743 -0.0075544006 2.0542095e-11)
(0.28903575 -0.0070609769 3.3530101e-11)
(0.29355255 -0.006378718 4.56798e-11)
(0.29729472 -0.0055564753 5.6706396e-11)
(0.3002499 -0.0046563832 6.6067013e-11)
(0.30245775 -0.0037457457 7.2999851e-11)
(0.30400578 -0.0028784317 7.6631887e-11)
(0.30500914 -0.0020990556 7.6126187e-11)
(0.30559074 -0.0014323978 7.0891415e-11)
(0.30585092 -0.00088501127 6.0862216e-11)
(0.30587012 -0.00044834762 4.509238e-11)
(0.30567979 -0.00010998411 2.6273947e-11)
(0.30526068 0.00016936414 7.1359519e-12)
(0.30455225 0.00043754257 -1.1652574e-11)
(0.30343646 0.00074107094 -2.9609992e-11)
(0.30176346 0.0011270404 -4.5134016e-11)
(0.29936145 0.0016304768 -5.6824065e-11)
(0.29607982 0.0022672336 -6.4321787e-11)
(0.29179827 0.0030523456 -6.8085572e-11)
(0.28642898 0.0039894457 -6.8940109e-11)
(0.27992986 0.0050568962 -6.7741175e-11)
(0.27231615 0.0062088006 -6.5179257e-11)
(0.26366356 0.0073876834 -6.1702844e-11)
(0.25410323 0.0085331194 -5.7530461e-11)
(0.24381468 0.0095847477 -5.270959e-11)
(0.23301939 0.010482439 -4.7185064e-11)
(0.2219765 0.011165463 -4.0856051e-11)
(0.21097991 0.011572093 -3.3617331e-11)
(0.20035505 0.011641478 -2.5385063e-11)
(0.19045318 0.011318348 -1.6111361e-11)
(0.18164127 0.010560233 -5.7935237e-12)
(0.17428769 0.00934624 5.5155557e-12)
(0.16874228 0.0076857656 1.769417e-11)
(0.16531166 0.0056242368 3.0537513e-11)
(0.16422564 0.0032443252 4.3744725e-11)
(0.16559288 0.00065141973 5.691174e-11)
(0.16944645 -0.0020815878 6.9543885e-11)
(0.17573523 -0.0047925988 8.1080822e-11)
(0.18423062 -0.0073118666 9.0939495e-11)
(0.19459491 -0.0095037848 9.8582024e-11)
(0.2064104 -0.011261751 1.0357796e-10)
(0.21919577 -0.012512042 1.0566469e-10)
(0.23243974 -0.013220209 1.0478883e-10)
(0.24563473 -0.013391097 1.0112015e-10)
(0.25830801 -0.013064455 9.5032454e-11)
(0.27004696 -0.012306883 8.7056611e-11)
(0.28051643 -0.011201801 7.7812514e-11)
(0.28946757 -0.0098395544 6.7935351e-11)
(0.29673866 -0.0083088971 5.8006136e-11)
(0.30224864 -0.0066906262 4.8498771e-11)
(0.3059858 -0.0050547567 3.9747586e-11)
(0.30799552 -0.003461485 3.1939694e-11)
(0.30837525 -0.0019673622 2.5126848e-11)
(0.30727503 -0.00056777098 1.9253955e-11)
(0.30484608 0.00071739252 1.4194678e-11)
(0.30120651 0.0018927275 9.7832145e-12)
(0.29651497 0.0029310663 5.8585955e-12)
(0.29094728 0.0038257785 2.2751979e-12)
(0.28465986 0.0045820275 -1.0829478e-12)
(0.27780514 0.0052046132 -4.2934331e-12)
(0.27052617 0.0057003738 -7.3970997e-12)
(0.26295424 0.0060788892 -1.0403639e-11)
(0.25520681 0.0063524143 -1.3298651e-11)
(0.24738569 0.0065356115 -1.605164e-11)
(0.23957585 0.0066449119 -1.8623488e-11)
(0.23184519 0.0066975972 -2.0973012e-11)
(0.22424522 0.0067105762 -2.3062223e-11)
(0.21681326 0.0066989732 -2.4860152e-11)
(0.20957526 0.006674634 -2.6345098e-11)
(0.2025504 0.0066447666 -2.7505881e-11)
(0.19575545 0.0066107982 -2.8341526e-11)
(0.18921055 0.0065677064 -2.8860755e-11)
(0.1829438 0.006503918 -2.9080378e-11)
(0.17699577 0.0064019025 -2.9024082e-11)
(0.17142283 0.0062394927 -2.8721139e-11)
(0.16629773 0.0059918395 -2.8204942e-11)
(0.1617105 0.0056340183 -2.7513017e-11)
(0.15776338 0.0051441336 -2.6685274e-11)
(0.15456843 0.0045061846 -2.5765194e-11)
(0.15223827 0.0037145947 -2.4797976e-11)
(0.150879 0.0027756075 -2.3831141e-11)
(0.15057388 0.0017139859 -2.2912539e-11)
(0.15137332 0.00055025004 -2.2089454e-11)
(0.15329786 -0.00069202934 -2.1403448e-11)
(0.15634695 -0.0019716596 -2.089318e-11)
(0.16046149 -0.0032183259 -2.0585955e-11)
(0.16552168 -0.0043736201 -2.0497876e-11)
(0.17137441 -0.0053853603 -2.0632331e-11)
(0.1778292 -0.0062072887 -2.097986e-11)
(0.18466756 -0.0068032405 -2.1519986e-11)
(0.19165431 -0.0071497378 -2.222445e-11)
(0.19855031 -0.0072371663 -2.306128e-11)
(0.20512502 -0.0070699288 -2.3998962e-11)
(0.21116791 -0.0066655034 -2.5009908e-11)
(0.21649826 -0.0060521689 -2.6072991e-11)
(0.22097233 -0.0052664616 -2.7174465e-11)
(0.22448818 -0.0043508713 -2.8307899e-11)
(0.22698756 -0.003351663 -2.9473088e-11)
(0.22845504 -0.0023164445 -3.0674621e-11)
(0.22891969 -0.0012926433 -3.1920148e-11)
(0.22845442 -0.00031628626 -3.321871e-11)
(0.2271487 0.0006043876 -3.4579759e-11)
(0.22509926 0.0014400626 -3.6011887e-11)
(0.22243712 0.002161179 -3.7519317e-11)
(0.21930282 0.0027539221 -3.9104838e-11)
(0.21583517 0.0032131498 -4.0767541e-11)
(0.2121712 0.0035379624 -4.2501925e-11)
(0.20844073 0.0037319383 -4.4297654e-11)
(0.20476307 0.0038023034 -4.6139455e-11)
(0.20124462 0.0037590646 -4.8006953e-11)
(0.19797718 0.0036143389 -4.9874727e-11)
(0.19503718 0.003381556 -5.1712354e-11)
(0.19248519 0.003075045 -5.3484926e-11)
(0.1903662 0.0027096619 -5.5153882e-11)
(0.18870988 0.0023002268 -5.6677919e-11)
(0.18753154 0.0018623369 -5.8014263e-11)
(0.18683311 0.0014114632 -5.9120186e-11)
(0.18660197 0.00096303399 -5.9954311e-11)
(0.18681431 0.0005270443 -6.0478655e-11)
(0.18743617 0.0001142848 -6.0659569e-11)
(0.18842697 -0.00026749979 -6.0469031e-11)
(0.18974587 -0.00061212989 -5.9884699e-11)
(0.19134193 -0.00090860596 -5.8892329e-11)
(0.1931592 -0.0011522772 -5.7482204e-11)
(0.19514492 -0.0013422868 -5.5651297e-11)
(0.19724864 -0.001480053 -5.3398764e-11)
(0.19942448 -0.001569583 -5.0731887e-11)
(0.20163414 -0.0016175949 -4.7653118e-11)
(0.20384558 -0.0016323533 -4.4179332e-11)
(0.20604192 -0.0016259258 -4.0305518e-11)
(0.20820379 -0.0016080989 -3.6065997e-11)
(0.21035409 -0.0016003953 -3.1422199e-11)
(0.21244929 -0.0016070501 -2.6468481e-11)
(0.21465386 -0.0016907836 -2.1035648e-11)
(0.21654375 -0.0017870519 -1.5520922e-11)
(0.22013747 -0.0022050374 -8.6622081e-12)
(0.34323947 -0.0032365643 -1.7272338e-14)
(0.34654082 -0.0093091096 7.0115609e-14)
(0.35281197 -0.015016298 -8.6356822e-14)
(0.36194873 -0.020445774 1.4509318e-13)
(0.3740639 -0.025725636 -1.9623159e-13)
(0.3891777 -0.030932026 1.3886137e-13)
(0.40726572 -0.036107978 -1.9550449e-13)
(0.42829487 -0.041247948 -1.0294401e-13)
(0.4522328 -0.046314681 -8.392243e-14)
(0.47901372 -0.051213549 -3.262321e-13)
(0.50852341 -0.055811685 -2.08356e-13)
(0.54057883 -0.05993251 -3.7697611e-13)
(0.57491305 -0.063368382 -4.3752023e-13)
(0.61116345 -0.065896493 -4.7221323e-13)
(0.64886721 -0.067292844 -5.3642766e-13)
(0.68746087 -0.067356672 -6.3097366e-13)
(0.72629152 -0.06593418 -7.3810943e-13)
(0.764637 -0.062939061 -8.0437394e-13)
(0.80173783 -0.058376159 -8.0809757e-13)
(0.83684161 -0.052354588 -7.887463e-13)
(0.8692476 -0.045087015 -7.7591367e-13)
(0.89836313 -0.036861848 -7.9377793e-13)
(0.92372008 -0.02801342 -8.2513919e-13)
(0.94504293 -0.018861272 -8.2282589e-13)
(0.9621538 -0.0097878345 -7.5659451e-13)
(0.97499052 -0.0010004022 -6.3895236e-13)
(0.98362561 0.0073074967 -5.1042754e-13)
(0.98812452 0.015005065 -4.0459138e-13)
(0.98875812 0.021858333 -3.2906596e-13)
(0.98578752 0.027754209 -2.7446912e-13)
(0.97952162 0.032613994 -2.3476705e-13)
(0.97035326 0.036371109 -2.1677347e-13)
(0.9587272 0.039001984 -2.3576069e-13)
(0.94512857 0.040532738 -3.0815067e-13)
(0.93006146 0.041041488 -4.4932401e-13)
(0.91400911 0.040662031 -6.7355183e-13)
(0.89739491 0.03957765 -9.9056891e-13)
(0.88055288 0.038005725 -1.396391e-12)
(0.8636959 0.036186468 -1.8665949e-12)
(0.84689488 0.034352758 -2.3519866e-12)
(0.83006924 0.032710629 -2.7864376e-12)
(0.81297793 0.031420797 -3.0988292e-12)
(0.7952452 0.030562444 -3.2295003e-12)
(0.7763999 0.030161077 -3.1449738e-12)
(0.75590617 0.030166921 -2.8494087e-12)
(0.73325102 0.030420474 -2.3887965e-12)
(0.7080525 0.03075622 -1.8426836e-12)
(0.68013935 0.031058207 -1.303357e-12)
(0.64961637 0.031317826 -8.5033241e-13)
(0.61687565 0.031688796 -5.3449775e-13)
(0.58252034 0.03247942 -3.8103804e-13)
(0.54721521 0.034043512 -4.071704e-13)
(0.5115222 0.036595683 -6.4213567e-13)
(0.47581025 0.040049191 -1.1388198e-12)
(0.4403024 0.043966496 -1.9739642e-12)
(0.40524059 0.047644999 -3.2407081e-12)
(0.37105584 0.050298388 -5.0419414e-12)
(0.33842636 0.051250548 -7.4804639e-12)
(0.30821823 0.050072629 -1.0656304e-11)
(0.28135369 0.046639337 -1.4658484e-11)
(0.25867135 0.04111034 -1.9519543e-11)
(0.24081136 0.033861539 -2.52454e-11)
(0.2281674 0.025384434 -3.17395e-11)
(0.22087835 0.016205566 -3.8979819e-11)
(0.2189038 0.0068006095 -4.7358665e-11)
(0.22185519 -0.0024600192 -5.8095344e-11)
(0.22938495 -0.011246816 -7.3286132e-11)
(0.24117557 -0.019121027 -9.6241288e-11)
(0.25670951 -0.025771924 -1.300732e-10)
(0.27526229 -0.030789147 -1.7494688e-10)
(0.2957925 -0.033772848 -2.2752985e-10)
(0.31706574 -0.034585631 -2.8207945e-10)
(0.33785768 -0.033443139 -3.3137238e-10)
(0.3571382 -0.03084676 -3.6835997e-10)
(0.37420384 -0.02747095 -3.8811826e-10)
(0.3887632 -0.023974005 -3.8893494e-10)
(0.40090741 -0.020848191 -3.7208976e-10)
(0.41097634 -0.018375991 -3.4080634e-10)
(0.41941837 -0.016637651 -2.9921193e-10)
(0.42668594 -0.015560381 -2.5156631e-10)
(0.43315927 -0.014955314 -2.0173267e-10)
(0.43908594 -0.014565157 -1.5285036e-10)
(0.44455667 -0.014145267 -1.0711478e-10)
(0.44954032 -0.013519336 -6.56801e-11)
(0.45393129 -0.012597662 -2.8730693e-11)
(0.45760794 -0.011364598 4.2768525e-12)
(0.46046346 -0.0098690379 3.4259284e-11)
(0.46244372 -0.008219889 6.2097003e-11)
(0.46356805 -0.0065416235 8.8279191e-11)
(0.46392639 -0.0049565261 1.1262462e-10)
(0.46366877 -0.0035451358 1.3420336e-10)
(0.46297577 -0.0023636135 1.5123579e-10)
(0.46204167 -0.0014254891 1.6129275e-10)
(0.46102943 -0.00070594762 1.6379456e-10)
(0.46008746 -0.00011963674 1.5209405e-10)
(0.45926353 0.00041906186 1.2663607e-10)
(0.45850994 0.00097800929 9.4311498e-11)
(0.45768847 0.0016622188 5.8041356e-11)
(0.45655686 0.0026169317 1.6725207e-11)
(0.45484492 0.0038725961 -2.7232944e-11)
(0.45222797 0.005429238 -6.8322273e-11)
(0.44840043 0.0072632105 -1.0235003e-10)
(0.44315407 0.0093355712 -1.2790096e-10)
(0.43638246 0.011580071 -1.4568644e-10)
(0.4280878 0.013905612 -1.5756885e-10)
(0.41838934 0.016194678 -1.6567734e-10)
(0.40750543 0.018326369 -1.7179126e-10)
(0.39571584 0.020191102 -1.7705474e-10)
(0.38333179 0.021691616 -1.8196257e-10)
(0.37067825 0.022739545 -1.8648787e-10)
(0.35808723 0.023251555 -1.9024547e-10)
(0.34589791 0.023147235 -1.9263737e-10)
(0.33445946 0.02235092 -1.9296258e-10)
(0.32413203 0.020798694 -1.9048772e-10)
(0.315282 0.018450459 -1.8449073e-10)
(0.30827065 0.015302367 -1.7430537e-10)
(0.30343625 0.011396939 -1.5937689e-10)
(0.30107272 0.0068287856 -1.3933712e-10)
(0.30139921 0.0017434844 -1.1409681e-10)
(0.30450541 -0.0036413588 -8.3973395e-11)
(0.3103796 -0.0090252194 -4.9715377e-11)
(0.31890669 -0.014150027 -1.2571743e-11)
(0.32979896 -0.018759343 2.5768872e-11)
(0.34264633 -0.02261277 6.3305461e-11)
(0.35694025 -0.025521121 9.7925152e-11)
(0.37210447 -0.027362833 1.2764585e-10)
(0.38753408 -0.028092656 1.508605e-10)
(0.40263514 -0.027740681 1.6653555e-10)
(0.41686093 -0.026403498 1.7432158e-10)
(0.4297406 -0.02422867 1.7455869e-10)
(0.44089764 -0.021395621 1.6817921e-10)
(0.45005889 -0.018095677 1.5653758e-10)
(0.45705498 -0.014514853 1.4120452e-10)
(0.46181302 -0.010820755 1.2376268e-10)
(0.46434305 -0.0071546893 1.0563302e-10)
(0.4647193 -0.0036270904 8.7951344e-11)
(0.46312326 -0.00030287945 7.1500707e-11)
(0.4597385 0.0027653629 5.6705626e-11)
(0.45474 0.0055122464 4.3683961e-11)
(0.44835627 0.0079142027 3.2313409e-11)
(0.44081395 0.009978092 2.2320271e-11)
(0.43233803 0.011706249 1.3364329e-11)
(0.4231442 0.013108977 5.1082958e-12)
(0.41343656 0.01420202 -2.7347512e-12)
(0.40340343 0.01500625 -1.0375284e-11)
(0.39321437 0.015547592 -1.793883e-11)
(0.38301805 0.015856528 -2.5470312e-11)
(0.37294055 0.015967168 -3.2946042e-11)
(0.36308458 0.015915798 -4.0290269e-11)
(0.35352981 0.015738882 -4.7392769e-11)
(0.3443343 0.015470676 -5.4126072e-11)
(0.33553745 0.015140597 -6.0360481e-11)
(0.32716352 0.014770699 -6.5975746e-11)
(0.31922735 0.014373502 -7.0869869e-11)
(0.31173901 0.013950523 -7.4962737e-11)
(0.30471079 0.013491611 -7.8198372e-11)
(0.29816184 0.012975565 -8.0542401e-11)
(0.29212354 0.012371715 -8.1980154e-11)
(0.28664298 0.011643017 -8.2513351e-11)
(0.28178327 0.010749707 -8.2157508e-11)
(0.27762593 0.0096544936 -8.0942768e-11)
(0.27426265 0.0083266574 -7.8911232e-11)
(0.27179743 0.0067486069 -7.6125064e-11)
(0.27033069 0.0049169995 -7.2663439e-11)
(0.26996244 0.002852575 -6.8633507e-11)
(0.27075579 0.00058596011 -6.4166552e-11)
(0.2727464 -0.0018156912 -5.9424404e-11)
(0.27594614 -0.0042631616 -5.458711e-11)
(0.28032197 -0.0066579174 -4.9850214e-11)
(0.28578389 -0.0089068012 -4.540895e-11)
(0.29218839 -0.010906958 -4.1441116e-11)
(0.29934675 -0.01256383 -3.809001e-11)
(0.30703172 -0.013798557 -3.5450109e-11)
(0.31498787 -0.014554066 -3.3558932e-11)
(0.32294489 -0.014799665 -3.2397528e-11)
(0.33063284 -0.014532592 -3.189927e-11)
(0.33779669 -0.01377679 -3.1964771e-11)
(0.34420983 -0.012580852 -3.247958e-11)
(0.34968507 -0.011014281 -3.3331082e-11)
(0.35408242 -0.0091614266 -3.4421163e-11)
(0.35731304 -0.0071143195 -3.5673793e-11)
(0.35934105 -0.0049649031 -3.7037192e-11)
(0.36017903 -0.0028026641 -3.8482492e-11)
(0.35989252 -0.00071440445 -4.0000076e-11)
(0.35859863 0.0012441598 -4.1594984e-11)
(0.35642589 0.0029956915 -4.328254e-11)
(0.35350906 0.0044995719 -4.5084624e-11)
(0.35001583 0.0057313961 -4.7026399e-11)
(0.34611713 0.0066758078 -4.9133836e-11)
(0.34198005 0.0073301461 -5.1431678e-11)
(0.33776327 0.0077020757 -5.3941361e-11)
(0.33361244 0.0078078083 -5.6678782e-11)
(0.32965713 0.0076701237 -5.9652648e-11)
(0.32600897 0.0073163726 -6.2863257e-11)
(0.32276021 0.006776887 -6.630097e-11)
(0.31998421 0.0060834342 -6.994413e-11)
(0.31773563 0.0052688937 -7.3757661e-11)
(0.31605015 0.0043651603 -7.769244e-11)
(0.31494842 0.0034037143 -8.168544e-11)
(0.31443405 0.0024139472 -8.5660514e-11)
(0.31449685 0.0014255092 -8.9530301e-11)
(0.31510724 0.00046073272 -9.3198699e-11)
(0.31622851 -0.00045852033 -9.6565735e-11)
(0.31781993 -0.0013087088 -9.9530954e-11)
(0.31982913 -0.0020706796 -1.0199999e-10)
(0.3221972 -0.0027308772 -1.0388698e-10)
(0.32486198 -0.0032832363 -1.0512181e-10)
(0.32775884 -0.0037236083 -1.0564524e-10)
(0.33082494 -0.0040532484 -1.0542083e-10)
(0.3340016 -0.0042782618 -1.0441636e-10)
(0.33723497 -0.0044096009 -1.0263317e-10)
(0.34048336 -0.0044628102 -1.0005439e-10)
(0.3437054 -0.0044558367 -9.6726551e-11)
(0.34689285 -0.0044125785 -9.2615177e-11)
(0.34999853 -0.0043520221 -8.7842753e-11)
(0.3531003 -0.0043094349 -8.2270435e-11)
(0.35602223 -0.0042903851 -7.6226244e-11)
(0.35921956 -0.0043694739 -6.9171652e-11)
(0.3615895 -0.0044776684 -6.2316216e-11)
(0.3664416 -0.0049380467 -5.182134e-11)
(0.46819554 -0.004729051 -1.0224687e-13)
(0.47140578 -0.013868748 3.126858e-13)
(0.47758564 -0.022677453 -3.5150535e-13)
(0.48666568 -0.031221809 6.2152162e-13)
(0.49878529 -0.03962369 -6.4564658e-13)
(0.51400862 -0.047950178 6.2081635e-13)
(0.53235851 -0.056250162 -4.4169025e-13)
(0.55382304 -0.064490167 -1.7908458e-13)
(0.57839549 -0.072617626 1.5331096e-13)
(0.60602961 -0.080485021 -9.4212375e-13)
(0.63663516 -0.087907003 -1.5487031e-14)
(0.6700508 -0.094623985 -8.4587506e-13)
(0.70602786 -0.10033352 -9.2658481e-13)
(0.74421413 -0.10470818 -1.0008614e-12)
(0.78414725 -0.10741304 -1.1229327e-12)
(0.82524622 -0.10814628 -1.2469098e-12)
(0.86682938 -0.10667207 -1.543058e-12)
(0.90812657 -0.102852 -1.8728915e-12)
(0.94831666 -0.096682381 -2.027944e-12)
(0.98658384 -0.088315991 -2.0147988e-12)
(1.0221798 -0.078060117 -1.8627426e-12)
(1.0544923 -0.06634396 -1.7530719e-12)
(1.0830774 -0.053662295 -1.8119088e-12)
(1.107689 -0.040507911 -1.9791133e-12)
(1.1282334 -0.027329564 -2.0657747e-12)
(1.1447175 -0.014463494 -1.932579e-12)
(1.1572689 -0.0022029787 -1.6078577e-12)
(1.1659681 0.0092742235 -1.2460856e-12)
(1.1709714 0.019782477 -9.9179556e-13)
(1.1725643 0.029104051 -8.9630344e-13)
(1.1710188 0.037069527 -9.4330506e-13)
(1.1666658 0.04355314 -1.1146765e-12)
(1.1599085 0.048475046 -1.424173e-12)
(1.151202 0.051824579 -1.9014346e-12)
(1.1410352 0.053673721 -2.5717252e-12)
(1.1298979 0.054183585 -3.4547622e-12)
(1.1182353 0.053598364 -4.5782369e-12)
(1.1064194 0.052226099 -5.952706e-12)
(1.0947033 0.050445871 -7.5806094e-12)
(1.0831879 0.048649965 -9.3674252e-12)
(1.0718045 0.047217658 -1.1132008e-11)
(1.0602893 0.046502667 -1.2607947e-11)
(1.0482209 0.046716 -1.3516379e-11)
(1.0350091 0.048043531 -1.3642131e-11)
(1.019829 0.050609385 -1.2881395e-11)
(1.001759 0.054214393 -1.1301327e-11)
(0.97991491 0.058557578 -9.1412215e-12)
(0.95348007 0.063235509 -6.7591184e-12)
(0.92184597 0.067785463 -4.5293371e-12)
(0.8848106 0.07181691 -2.7303143e-12)
(0.84275764 0.075149511 -1.4803504e-12)
(0.79672038 0.077896926 -7.5463633e-13)
(0.74823373 0.080389965 -4.6130495e-13)
(0.69899419 0.082906168 -5.2270853e-13)
(0.65049993 0.085363674 -9.2175651e-13)
(0.6038741 0.087212725 -1.6963869e-12)
(0.55992742 0.08759548 -2.9246542e-12)
(0.51933133 0.0856597 -4.6949173e-12)
(0.48274243 0.080844551 -7.080578e-12)
(0.45080317 0.073018931 -1.0223409e-11)
(0.42408389 0.06246873 -1.4141179e-11)
(0.40298453 0.049783273 -1.8881809e-11)
(0.38770476 0.03570153 -2.3984873e-11)
(0.37821681 0.020978053 -2.8266344e-11)
(0.37431084 0.0062634959 -3.0276806e-11)
(0.37565002 -0.0080435513 -3.0294213e-11)
(0.38195795 -0.021428431 -3.0333075e-11)
(0.39291153 -0.033549007 -3.9208176e-11)
(0.40819905 -0.043894945 -7.2998257e-11)
(0.42728354 -0.051724119 -1.4293517e-10)
(0.4491276 -0.056279822 -2.4901491e-10)
(0.47228054 -0.057263333 -3.8379061e-10)
(0.49521765 -0.054985143 -5.3300972e-10)
(0.51662219 -0.050184291 -6.7650776e-10)
(0.53551096 -0.043953376 -7.9425861e-10)
(0.55139572 -0.037486692 -8.7246268e-10)
(0.56437293 -0.031695297 -9.0586156e-10)
(0.5748742 -0.027062326 -8.9592155e-10)
(0.58343583 -0.023717039 -8.4812277e-10)
(0.59059345 -0.021555767 -7.7021293e-10)
(0.59681057 -0.020273955 -6.7108484e-10)
(0.60237899 -0.019421824 -5.6010978e-10)
(0.60736897 -0.018563381 -4.4632098e-10)
(0.61168163 -0.017397223 -3.3725368e-10)
(0.61513912 -0.015786134 -2.3808839e-10)
(0.6175599 -0.013724702 -1.5141529e-10)
(0.6187906 -0.011309678 -7.7353138e-11)
(0.61875984 -0.0087213615 -1.4020491e-11)
(0.61749481 -0.0061732058 4.1617334e-11)
(0.61513371 -0.003880319 9.2618571e-11)
(0.61188831 -0.0019391725 1.4122596e-10)
(0.60801251 -0.00046566401 1.8807503e-10)
(0.60383298 0.00052007811 2.3001964e-10)
(0.59965581 0.0010870706 2.6766191e-10)
(0.59584387 0.0013389944 2.9126805e-10)
(0.5926576 0.0015183936 2.8738e-10)
(0.5902352 0.0018537546 2.6012743e-10)
(0.58853522 0.0024707191 2.1962107e-10)
(0.58729204 0.0036263749 1.6495498e-10)
(0.5861665 0.0055663124 9.2321172e-11)
(0.58473847 0.0082640628 7.390384e-12)
(0.5824264 0.011537392 -7.7635715e-11)
(0.57864353 0.015272917 -1.5336383e-10)
(0.57296966 0.019281746 -2.1550812e-10)
(0.56522963 0.0233008 -2.6465992e-10)
(0.55550869 0.027051224 -3.0449379e-10)
(0.54411164 0.030320796 -3.3963706e-10)
(0.53146277 0.032961634 -3.7407422e-10)
(0.51801959 0.034870121 -4.1036556e-10)
(0.50422368 0.035966998 -4.4951588e-10)
(0.49048375 0.036178723 -4.9118099e-10)
(0.47718123 0.035427296 -5.3399357e-10)
(0.46468638 0.033631863 -5.7588879e-10)
(0.45337534 0.030719587 -6.1436538e-10)
(0.443637 0.026644362 -6.4665361e-10)
(0.43586777 0.021410826 -6.6986614e-10)
(0.43045271 0.015093158 -6.8114323e-10)
(0.42773471 0.0078439426 -6.7785224e-10)
(0.42799926 -0.00011361343 -6.5784981e-10)
(0.43144851 -0.0084368751 -6.198203e-10)
(0.43808931 -0.016692909 -5.635377e-10)
(0.44774968 -0.024472856 -4.9013927e-10)
(0.46011233 -0.031368478 -4.0226315e-10)
(0.47469049 -0.037013303 -3.0398554e-10)
(0.49086183 -0.041123249 -2.0052481e-10)
(0.50791757 -0.043523134 -9.7752266e-11)
(0.52512032 -0.044159341 -1.5512899e-12)
(0.54176117 -0.04309628 8.2873771e-11)
(0.55720948 -0.040500809 1.5159605e-10)
(0.57094689 -0.036615037 2.0236261e-10)
(0.58258301 -0.031727211 2.3469776e-10)
(0.5918561 -0.026142894 2.4972926e-10)
(0.59862182 -0.020157787 2.4981392e-10)
(0.60283626 -0.014037634 2.3806975e-10)
(0.60454047 -0.0080102311 2.1790655e-10)
(0.60386418 -0.0022584058 1.9261814e-10)
(0.60097899 0.003133387 1.6505748e-10)
(0.59607148 0.0080153513 1.3744663e-10)
(0.58938708 0.012333415 1.1129484e-10)
(0.58119916 0.016060033 8.7402933e-11)
(0.57177968 0.019190355 6.5971385e-11)
(0.56140141 0.021734882 4.6760263e-11)
(0.55032865 0.023717361 2.9264772e-11)
(0.53880993 0.025171651 1.2875092e-11)
(0.52707228 0.026140104 -2.99768e-12)
(0.51531699 0.026672559 -1.8836239e-11)
(0.50371676 0.026825125 -3.4970436e-11)
(0.49241381 0.026658439 -5.1561148e-11)
(0.48151952 0.026235326 -6.8607997e-11)
(0.471115 0.025617667 -8.5972076e-11)
(0.46125324 0.024862751 -1.034092e-10)
(0.45196269 0.024019384 -1.2060703e-10)
(0.44325183 0.023124182 -1.3722134e-10)
(0.43511597 0.02219848 -1.5290891e-10)
(0.42754309 0.021246337 -1.6734926e-10)
(0.42052249 0.020253814 -1.8026073e-10)
(0.41405067 0.019190146 -1.914022e-10)
(0.40813869 0.018010429 -2.0057153e-10)
(0.40281651 0.016660262 -2.0759645e-10)
(0.39813576 0.015081418 -2.1232836e-10)
(0.39417074 0.013219428 -2.1463728e-10)
(0.39101434 0.011031096 -2.1441269e-10)
(0.38877426 0.0084911245 -2.1157426e-10)
(0.387566 0.0056012266 -2.0608842e-10)
(0.38749202 0.0023869203 -1.9798926e-10)
(0.38864284 -0.0010949492 -1.8741345e-10)
(0.39109033 -0.0047356885 -1.7461782e-10)
(0.39484524 -0.008406475 -1.5998854e-10)
(0.39987118 -0.011963035 -1.440494e-10)
(0.40607715 -0.015251933 -1.2743734e-10)
(0.41330956 -0.018118401 -1.1085593e-10)
(0.42135727 -0.020421321 -9.5011754e-11)
(0.42996225 -0.022045489 -8.0540347e-11)
(0.43883226 -0.022910877 -6.7936144e-11)
(0.44765768 -0.022979127 -5.7503134e-11)
(0.45613087 -0.022256508 -4.933595e-11)
(0.46396396 -0.020792374 -4.3335228e-11)
(0.47090423 -0.018672798 -3.9251526e-11)
(0.47674612 -0.016014021 -3.6746874e-11)
(0.4813425 -0.012954913 -3.545639e-11)
(0.48461114 -0.0096478722 -3.5039176e-11)
(0.48653104 -0.0062426503 -3.5210275e-11)
(0.4871321 -0.0028791471 -3.5754648e-11)
(0.48652095 0.00032465439 -3.6527358e-11)
(0.48481889 0.0032636638 -3.7444729e-11)
(0.48217481 0.0058368899 -3.8471258e-11)
(0.47877966 0.007989252 -3.960913e-11)
(0.47482184 0.0096877324 -4.0887897e-11)
(0.47049209 0.010919261 -4.2355922e-11)
(0.46597482 0.01168937 -4.4074982e-11)
(0.46144192 0.012018924 -4.6116386e-11)
(0.45704824 0.011940909 -4.8555883e-11)
(0.45292896 0.011497179 -5.1468235e-11)
(0.44919837 0.010735456 -5.4924171e-11)
(0.44594839 0.0097065767 -5.898753e-11)
(0.44325172 0.0084621263 -6.3709351e-11)
(0.44116014 0.007054519 -6.9121997e-11)
(0.43970634 0.0055328578 -7.5231265e-11)
(0.43890714 0.0039463281 -8.2012187e-11)
(0.43876291 0.0023378171 -8.9404368e-11)
(0.439256 0.00075175448 -9.7310129e-11)
(0.44035492 -0.00078226001 -1.0559267e-10)
(0.44202502 -0.0022223024 -1.1408212e-10)
(0.44421687 -0.0035376613 -1.2257754e-10)
(0.44686902 -0.0047056574 -1.3086237e-10)
(0.449916 -0.005707956 -1.3870821e-10)
(0.45328807 -0.0065341319 -1.4590349e-10)
(0.45691268 -0.0071799601 -1.5224051e-10)
(0.46071763 -0.0076496882 -1.5756287e-10)
(0.46463667 -0.0079542645 -1.6170726e-10)
(0.46860382 -0.0081129053 -1.6460936e-10)
(0.4725772 -0.0081496473 -1.6614059e-10)
(0.47649244 -0.0080950701 -1.6637296e-10)
(0.48036792 -0.00798175 -1.6515094e-10)
(0.48408919 -0.0078461397 -1.6276219e-10)
(0.48785083 -0.0077238027 -1.5885504e-10)
(0.49125289 -0.0076461656 -1.5414468e-10)
(0.49513889 -0.0076645508 -1.4762052e-10)
(0.49778926 -0.0077369348 -1.4135762e-10)
(0.50345895 -0.0082092109 -1.2961297e-10)
(0.58601255 -0.0061777861 -4.2542902e-13)
(0.58907438 -0.018253669 1.1096849e-12)
(0.5950146 -0.030055392 -1.2328893e-12)
(0.60375402 -0.041633532 2.0725051e-12)
(0.61545924 -0.053123169 -1.9597275e-12)
(0.6302329 -0.064568807 2.0010494e-12)
(0.64817058 -0.076042974 -9.3341887e-13)
(0.66930089 -0.087465161 -5.2542556e-13)
(0.69367892 -0.098790749 1.6898986e-12)
(0.72130758 -0.10979634 -3.332675e-12)
(0.75215322 -0.120262 1.8803805e-12)
(0.78610695 -0.12982629 -2.2392582e-12)
(0.82295829 -0.13808823 -1.1271042e-12)
(0.86237638 -0.14459747 -1.8471383e-12)
(0.90389709 -0.14888229 -2.2371145e-12)
(0.94689673 -0.15051681 -1.9515033e-12)
(0.9906259 -0.14915693 -2.4331407e-12)
(1.034201 -0.14459447 -3.2592536e-12)
(1.0766626 -0.1368105 -3.7992701e-12)
(1.117043 -0.12601184 -4.1091298e-12)
(1.1544658 -0.11263223 -3.9233315e-12)
(1.1882414 -0.097294444 -3.4692892e-12)
(1.217933 -0.080706197 -3.1449498e-12)
(1.243367 -0.063547046 -3.2569707e-12)
(1.2645685 -0.046379913 -3.6223693e-12)
(1.2816825 -0.029623369 -3.725042e-12)
(1.2948855 -0.013564238 -3.2632664e-12)
(1.3043538 0.0015037269 -2.4627188e-12)
(1.3102813 0.015426794 -1.841184e-12)
(1.3128918 0.027915084 -1.7994778e-12)
(1.3124892 0.03873231 -2.4540222e-12)
(1.3094467 0.047677947 -3.726539e-12)
(1.3041947 0.054614419 -5.578161e-12)
(1.2972326 0.059489608 -8.0513584e-12)
(1.2891045 0.062364291 -1.12227e-11)
(1.2803607 0.063425452 -1.5130741e-11)
(1.271505 0.062973871 -1.9843313e-11)
(1.262989 0.061395634 -2.5121671e-11)
(1.2551438 0.059201059 -3.1217356e-11)
(1.248144 0.056935673 -3.7856078e-11)
(1.2419857 0.055159417 -4.4677479e-11)
(1.2364211 0.054417278 -5.0865462e-11)
(1.23105 0.055153896 -5.5238841e-11)
(1.2253887 0.057839051 -5.7283397e-11)
(1.2185022 0.062645775 -5.6114798e-11)
(1.2092413 0.069487718 -5.1411808e-11)
(1.196535 0.078179355 -4.3681961e-11)
(1.1792173 0.088287239 -3.411979e-11)
(1.1561641 0.099131069 -2.4279122e-11)
(1.126464 0.10986991 -1.5591603e-11)
(1.0895758 0.11963739 -8.9446145e-12)
(1.0455751 0.12770583 -4.5293732e-12)
(0.99539671 0.13363479 -2.0021471e-12)
(0.94085065 0.1373162 -7.9388857e-13)
(0.88429173 0.13882307 -4.0739425e-13)
(0.82808681 0.13812396 -5.311542e-13)
(0.77419259 0.13490091 -1.0354783e-12)
(0.72402289 0.12864422 -1.9561382e-12)
(0.6785496 0.1189377 -3.1603615e-12)
(0.63844069 0.10572093 -4.7934476e-12)
(0.60417544 0.08938211 -6.6687166e-12)
(0.57603368 0.070668293 -9.2732378e-12)
(0.5541336 0.050512949 -1.2790106e-11)
(0.53840618 0.029863316 -1.5334495e-11)
(0.52857771 0.0094933404 -1.0503325e-11)
(0.52434474 -0.010060382 5.5276321e-12)
(0.52544574 -0.028423187 4.0683378e-11)
(0.53168158 -0.045401007 8.9119708e-11)
(0.54310428 -0.060423961 1.0752734e-10)
(0.55947815 -0.072272403 5.0417469e-11)
(0.57979501 -0.07947917 -9.3332964e-11)
(0.60236589 -0.081408611 -3.1874262e-10)
(0.62537611 -0.078560172 -6.1441147e-10)
(0.64730625 -0.071897156 -9.4579353e-10)
(0.66708242 -0.062907696 -1.2644204e-09)
(0.68387284 -0.053312948 -1.5295111e-09)
(0.69773584 -0.044575162 -1.7173508e-09)
(0.7095274 -0.037493367 -1.8224022e-09)
(0.71996304 -0.032210465 -1.8470547e-09)
(0.72958024 -0.028620795 -1.7971639e-09)
(0.73879244 -0.026326059 -1.6810345e-09)
(0.74775387 -0.024680592 -1.5107585e-09)
(0.75629586 -0.023070286 -1.3035043e-09)
(0.7640348 -0.021052791 -1.0786584e-09)
(0.77044738 -0.018378551 -8.5349806e-10)
(0.77491744 -0.015005495 -6.4112383e-10)
(0.77705785 -0.011107654 -4.5210649e-10)
(0.77669476 -0.0069687117 -2.918566e-10)
(0.77383784 -0.0029426739 -1.6002433e-10)
(0.76876407 0.00069445467 -5.1840641e-11)
(0.76182625 0.003656247 4.005141e-11)
(0.75339741 0.0057660926 1.2393785e-10)
(0.74403058 0.0069545127 2.0280658e-10)
(0.73425116 0.0072936144 2.8218699e-10)
(0.72468053 0.0068841524 3.5958935e-10)
(0.71593809 0.005956296 4.1707693e-10)
(0.70859843 0.0050094449 4.3584307e-10)
(0.7030652 0.0045586946 4.1644135e-10)
(0.69930456 0.0049070925 3.6950363e-10)
(0.69701455 0.0061690485 3.0185605e-10)
(0.6957912 0.0089717934 1.9585078e-10)
(0.69508549 0.013253814 6.0544485e-11)
(0.69398491 0.018694342 -8.6152565e-11)
(0.69134236 0.024867072 -2.2457881e-10)
(0.68626596 0.031292654 -3.4459809e-10)
(0.67841431 0.037298401 -4.467618e-10)
(0.66796332 0.042404456 -5.3833696e-10)
(0.65539089 0.046355606 -6.285665e-10)
(0.64130467 0.049041338 -7.2530949e-10)
(0.62631878 0.050426649 -8.3339845e-10)
(0.61098889 0.050492287 -9.5422711e-10)
(0.59580778 0.04919553 -1.0860579e-09)
(0.58123245 0.046462037 -1.2246768e-09)
(0.56771916 0.042203956 -1.364131e-09)
(0.55575005 0.036353986 -1.4973528e-09)
(0.54584034 0.028905781 -1.6166996e-09)
(0.53851449 0.019946442 -1.7143887e-09)
(0.53426192 0.0096783195 -1.782969e-09)
(0.53354725 -0.0015705737 -1.8158902e-09)
(0.53671553 -0.013303503 -1.8080881e-09)
(0.54386439 -0.024953182 -1.7565613e-09)
(0.55485975 -0.035898247 -1.6604555e-09)
(0.56934034 -0.045520654 -1.5216595e-09)
(0.58669566 -0.053271539 -1.345074e-09)
(0.60610159 -0.058733316 -1.1385169e-09)
(0.62658968 -0.061663854 -9.1236533e-10)
(0.64713827 -0.062016268 -6.7881325e-10)
(0.66677059 -0.059928378 -4.5073664e-10)
(0.68464861 -0.055691605 -2.4028724e-10)
(0.70013676 -0.049697981 -5.742112e-11)
(0.71282675 -0.042386702 9.1198039e-11)
(0.7225273 -0.034197406 2.02679e-10)
(0.72922312 -0.02554045 2.7768117e-10)
(0.73301527 -0.01676938 3.196664e-10)
(0.73407056 -0.0081800843 3.3391671e-10)
(0.73263708 -1.9597509e-05 3.265844e-10)
(0.72891903 0.0075515372 3.0389072e-10)
(0.72311542 0.014385038 2.7155159e-10)
(0.71549375 0.020398179 2.3436166e-10)
(0.70631426 0.025540511 1.9594041e-10)
(0.69584756 0.029795955 1.5865551e-10)
(0.6843746 0.033176844 1.2370426e-10)
(0.67217783 0.035718453 9.1317194e-11)
(0.65953157 0.037474478 6.1031993e-11)
(0.64669253 0.038513471 3.1980923e-11)
(0.63389141 0.038915841 3.1511607e-12)
(0.62132678 0.038771036 -2.6410004e-11)
(0.60916068 0.038174374 -5.7449613e-11)
(0.59751719 0.0372232 -9.0424436e-11)
(0.58648207 0.03601232 -1.2546722e-10)
(0.57610527 0.03462881 -1.6239831e-10)
(0.56640485 0.033146651 -2.0077234e-10)
(0.55737261 0.031621611 -2.3994679e-10)
(0.54898232 0.030087021 -2.7916556e-10)
(0.54119741 0.028550893 -3.1763017e-10)
(0.53398214 0.02699505 -3.5456465e-10)
(0.52730957 0.025376509 -3.8924396e-10)
(0.52117203 0.023631566 -4.2100764e-10)
(0.51558696 0.021682213 -4.4923988e-10)
(0.51060293 0.019444524 -4.7335126e-10)
(0.50630135 0.016837742 -4.9274909e-10)
(0.50279277 0.01379744 -5.0682196e-10)
(0.50021544 0.010283567 -5.1495161e-10)
(0.49871583 0.0062935236 -5.1652861e-10)
(0.49844262 0.0018608284 -5.1102872e-10)
(0.49954267 -0.0029210171 -4.9809146e-10)
(0.50211881 -0.0079166257 -4.7761261e-10)
(0.50621692 -0.012953533 -4.4984358e-10)
(0.51182348 -0.017823357 -4.1547649e-10)
(0.51885016 -0.022302435 -3.7567911e-10)
(0.52712742 -0.026168836 -3.3206289e-10)
(0.53640877 -0.029221753 -2.8657932e-10)
(0.54638413 -0.031299082 -2.4133977e-10)
(0.55669791 -0.032291684 -1.9838656e-10)
(0.56697232 -0.032152927 -1.5945934e-10)
(0.5768324 -0.030899943 -1.258016e-10)
(0.58593068 -0.028612203 -9.8051721e-11)
(0.59396859 -0.025423456 -7.623924e-11)
(0.60070794 -0.021511191 -5.9888108e-11)
(0.60598081 -0.017078653 -4.8183027e-11)
(0.60970067 -0.012340089 -4.0155342e-11)
(0.61185553 -0.007513352 -3.4843831e-11)
(0.61250651 -0.0028017913 -3.1405994e-11)
(0.61177072 0.0016220707 -2.9173811e-11)
(0.60979782 0.0056064669 -2.7664112e-11)
(0.60678018 0.0090508698 -2.6556714e-11)
(0.60293112 0.011879157 -2.5664663e-11)
(0.59846808 0.014051293 -2.4905043e-11)
(0.59360633 0.015558441 -2.4270872e-11)
(0.58855018 0.016417774 -2.3809512e-11)
(0.58348732 0.016667014 -2.361193e-11)
(0.57858468 0.016359362 -2.3805153e-11)
(0.5739865 0.01555838 -2.4539917e-11)
(0.56981357 0.014333861 -2.5982539e-11)
(0.56616201 0.012758591 -2.8312511e-11)
(0.56310989 0.010906019 -3.1717711e-11)
(0.56071014 0.0088466006 -3.6388128e-11)
(0.55900151 0.0066490846 -4.2495094e-11)
(0.55800129 0.004376671 -5.0179418e-11)
(0.55771617 0.0020907081 -5.9530348e-11)
(0.55812675 -0.00015661527 -7.0575791e-11)
(0.55920922 -0.0023102918 -8.3263086e-11)
(0.56093087 -0.0043222213 -9.7462005e-11)
(0.56323618 -0.0061555457 -1.1294552e-10)
(0.56606419 -0.0077780501 -1.2940737e-10)
(0.56934491 -0.0091641892 -1.4644557e-10)
(0.57300175 -0.010299111 -1.6363346e-10)
(0.57695435 -0.011176195 -1.804785e-10)
(0.58111795 -0.011802551 -1.9656398e-10)
(0.58542006 -0.012192192 -2.1139266e-10)
(0.58977302 -0.012375492 -2.2468384e-10)
(0.59414399 -0.012381684 -2.3596222e-10)
(0.59842315 -0.012261844 -2.4521986e-10)
(0.60268363 -0.01204897 -2.5196378e-10)
(0.60670163 -0.011812603 -2.5661191e-10)
(0.6108364 -0.011574341 -2.5847265e-10)
(0.61443353 -0.011408089 -2.5863348e-10)
(0.61869985 -0.01134516 -2.5559221e-10)
(0.6214734 -0.011347139 -2.5233486e-10)
(0.62759676 -0.011827578 -2.4175824e-10)
(0.6966826 -0.0075577806 -1.3635861e-12)
(0.69955833 -0.022408957 3.2266727e-12)
(0.70517815 -0.037059323 -3.5614756e-12)
(0.71343866 -0.051547315 5.631992e-12)
(0.72454426 -0.066056983 -5.1288559e-12)
(0.73862056 -0.080587858 5.0632769e-12)
(0.75586179 -0.09528537 -1.4816438e-12)
(0.77634318 -0.1099777 -2.763085e-12)
(0.80021559 -0.12469222 8.3502582e-12)
(0.82755805 -0.13906758 -1.2642795e-11)
(0.8584178 -0.15290666 1.1209387e-11)
(0.89278388 -0.16568724 -9.4169365e-12)
(0.9304948 -0.17692192 2.8522428e-12)
(0.97127313 -0.18599185 -4.0778905e-12)
(1.0146514 -0.19224187 -3.9854525e-12)
(1.0599399 -0.19508128 -1.8376515e-12)
(1.1062948 -0.19399908 -3.6238429e-12)
(1.1526483 -0.1886849 -5.0729431e-12)
(1.1978285 -0.17909455 -5.0830456e-12)
(1.2406138 -0.16551044 -5.6549338e-12)
(1.2799075 -0.14855043 -6.2106633e-12)
(1.3148784 -0.1291115 -6.3852699e-12)
(1.3450869 -0.10818786 -5.2743802e-12)
(1.370476 -0.086690426 -3.8300045e-12)
(1.3912505 -0.065320552 -2.9814485e-12)
(1.4077151 -0.044534051 -2.4247128e-12)
(1.4201368 -0.024647334 -1.4220975e-12)
(1.4287716 -0.0058938649 -1.5969225e-13)
(1.4337514 0.011464813 2.9979074e-13)
(1.4353188 0.027105398 -1.1676982e-12)
(1.4338185 0.040732704 -5.2193662e-12)
(1.429658 0.052033189 -1.1598715e-11)
(1.423342 0.060797962 -2.0097341e-11)
(1.4154731 0.066926235 -3.0545452e-11)
(1.4067147 0.070461509 -4.3016011e-11)
(1.3977351 0.071610206 -5.7897766e-11)
(1.3891526 0.070734795 -7.6304853e-11)
(1.3815245 0.068284676 -9.5105847e-11)
(1.3752782 0.064983819 -1.1797687e-10)
(1.3707592 0.061480083 -1.4305467e-10)
(1.3678512 0.058539093 -1.6886008e-10)
(1.3665723 0.057261118 -1.9613893e-10)
(1.366591 0.05749678 -2.0808992e-10)
(1.3671011 0.059903139 -2.1928953e-10)
(1.3674009 0.066284394 -2.2319092e-10)
(1.3662831 0.07566026 -2.1318452e-10)
(1.3626469 0.087962446 -1.9002636e-10)
(1.3551828 0.10289751 -1.5676588e-10)
(1.3425629 0.11977892 -1.1859471e-10)
(1.3235886 0.13764444 -8.1535734e-11)
(1.2972994 0.15526589 -5.0515843e-11)
(1.2630724 0.17125994 -2.7979548e-11)
(1.2207874 0.18431143 -1.3744231e-11)
(1.1710874 0.19339118 -5.8281246e-12)
(1.1155534 0.19786671 -1.8482656e-12)
(1.056536 0.19747172 -1.2313878e-13)
(0.99667993 0.19217427 4.1730209e-13)
(0.93840365 0.18205226 2.4957246e-15)
(0.8836129 0.16728319 -5.8855529e-13)
(0.8336405 0.14824857 -1.5183402e-12)
(0.78937072 0.12564268 -1.5987676e-12)
(0.75130211 0.10043882 -1.108294e-12)
(0.71970213 0.073774071 -2.2247661e-12)
(0.69455427 0.04678628 -7.5809542e-12)
(0.67565389 0.020405622 -3.1470948e-12)
(0.66279285 -0.0047646961 1.6535406e-11)
(0.65565681 -0.028608467 8.177904e-11)
(0.65412501 -0.051152253 2.2362155e-10)
(0.65865044 -0.071938338 3.6199694e-10)
(0.66930709 -0.089177806 3.6406945e-10)
(0.68493053 -0.10028053 1.9957157e-10)
(0.7033956 -0.10391398 -1.0109998e-10)
(0.72274607 -0.10103664 -5.5507045e-10)
(0.74123361 -0.092947917 -1.1386333e-09)
(0.75674075 -0.081289266 -1.7440648e-09)
(0.76892113 -0.068822545 -2.2752247e-09)
(0.77918244 -0.058123976 -2.6847856e-09)
(0.7896219 -0.050287576 -2.9752228e-09)
(0.80135261 -0.044906217 -3.1594324e-09)
(0.81485796 -0.041628404 -3.2422697e-09)
(0.83044348 -0.039819567 -3.2213811e-09)
(0.84790114 -0.038199045 -3.0929288e-09)
(0.86639924 -0.035742199 -2.8651501e-09)
(0.88471749 -0.031956014 -2.5587705e-09)
(0.90148911 -0.026697164 -2.1967966e-09)
(0.91554051 -0.020193318 -1.8078374e-09)
(0.92580585 -0.012924116 -1.4202946e-09)
(0.93151288 -0.0053954229 -1.0594837e-09)
(0.93223297 0.0019181741 -7.4299687e-10)
(0.92802863 0.0084697935 -4.8013852e-10)
(0.91937876 0.01380259 -2.704449e-10)
(0.9070865 0.017677524 -1.0364895e-10)
(0.89208288 0.019949602 3.2525726e-11)
(0.87531272 0.02064991 1.5512171e-10)
(0.85778426 0.019846294 2.7943218e-10)
(0.8404995 0.017695914 4.017024e-10)
(0.82448224 0.014689247 5.0019796e-10)
(0.8108108 0.011707406 5.506659e-10)
(0.80024857 0.0096278969 5.4562608e-10)
(0.79291575 0.0089734618 4.9283575e-10)
(0.78845795 0.0099661595 4.0095657e-10)
(0.786452 0.01289455 2.7032616e-10)
(0.7862069 0.018739349 7.5848692e-11)
(0.78632092 0.026819763 -1.5019136e-10)
(0.78482061 0.036073499 -3.71214e-10)
(0.78020892 0.045259507 -5.6950226e-10)
(0.77205977 0.053334092 -7.4893967e-10)
(0.76060226 0.05968586 -9.2455728e-10)
(0.7464315 0.064071553 -1.1133488e-09)
(0.73029924 0.066468863 -1.3284006e-09)
(0.71295343 0.066931484 -1.576035e-09)
(0.69507612 0.0654852 -1.8551682e-09)
(0.67729882 0.062084962 -2.1581884e-09)
(0.66025055 0.056623169 -2.4726373e-09)
(0.64460118 0.048987563 -2.7831166e-09)
(0.63107238 0.039130964 -3.0732564e-09)
(0.62041253 0.027137257 -3.3272333e-09)
(0.61335098 0.013258148 -3.5307467e-09)
(0.61061688 -0.0020268904 -3.6716796e-09)
(0.6127992 -0.018121353 -3.7413792e-09)
(0.62018304 -0.034221598 -3.735652e-09)
(0.63274747 -0.04941357 -3.6523769e-09)
(0.65016124 -0.062767551 -3.4922361e-09)
(0.67173252 -0.073441169 -3.2589408e-09)
(0.69643088 -0.080779709 -2.9592803e-09)
(0.72295927 -0.084399054 -2.6034683e-09)
(0.74986628 -0.084232398 -2.2054815e-09)
(0.77568379 -0.080528759 -1.7830838e-09)
(0.79909074 -0.073800984 -1.3570821e-09)
(0.81905136 -0.064730856 -9.4928422e-10)
(0.83491512 -0.054065272 -5.7974478e-10)
(0.84644103 -0.042497607 -2.638263e-10)
(0.85375486 -0.030617511 -1.0307182e-11)
(0.85723708 -0.018873696 1.7895094e-10)
(0.85738772 -0.0076132317 3.0780843e-10)
(0.85477248 0.0029655661 3.8398885e-10)
(0.84985824 0.012677741 4.1715623e-10)
(0.84299626 0.02141899 4.1742443e-10)
(0.83450061 0.02910552 3.9438372e-10)
(0.82462261 0.03567795 3.5642789e-10)
(0.81358299 0.041105068 3.10332e-10)
(0.80159876 0.045385186 2.6103847e-10)
(0.78889549 0.048547101 2.1163963e-10)
(0.7757088 0.050649319 1.6354735e-10)
(0.76227788 0.051777242 1.1680407e-10)
(0.74883412 0.052038667 7.0480976e-11)
(0.73558962 0.051558253 2.3094513e-11)
(0.72272625 0.050471366 -2.700214e-11)
(0.71038862 0.048917298 -8.1290792e-11)
(0.69867954 0.047032153 -1.4083877e-10)
(0.68765941 0.044941256 -2.061432e-10)
(0.67734887 0.042751685 -2.7707702e-10)
(0.66773372 0.04054494 -3.5292499e-10)
(0.65877444 0.038371189 -4.3251066e-10)
(0.65041516 0.036244708 -5.1435194e-10)
(0.64259847 0.034142752 -5.9684166e-10)
(0.63527608 0.032006647 -6.7837336e-10)
(0.62842431 0.029747432 -7.5743085e-10)
(0.62205242 0.027253674 -8.3257991e-10)
(0.6162127 0.024404563 -9.0243891e-10)
(0.61100422 0.021081904 -9.6559621e-10)
(0.60657122 0.017185914 -1.0205242e-09)
(0.60309901 0.012651527 -1.0655609e-09)
(0.60079489 0.0074581947 -1.0988665e-09)
(0.59988294 0.0016594438 -1.1185556e-09)
(0.60058059 -0.0046443457 -1.1227894e-09)
(0.60306233 -0.011268961 -1.1100163e-09)
(0.60743587 -0.017975828 -1.0792177e-09)
(0.61373032 -0.024476423 -1.030183e-09)
(0.62187235 -0.030455883 -9.6375223e-10)
(0.63167547 -0.035600176 -8.819596e-10)
(0.64284324 -0.039625456 -7.8804847e-10)
(0.65498445 -0.042304924 -6.8629272e-10)
(0.66763788 -0.043489169 -5.8163608e-10)
(0.68030686 -0.043120225 -4.791791e-10)
(0.69249767 -0.041233941 -3.8359107e-10)
(0.70375578 -0.037953252 -2.9856284e-10)
(0.71369232 -0.033474266 -2.2640682e-10)
(0.72201003 -0.028051617 -1.6794073e-10)
(0.72851568 -0.021978534 -1.2261947e-10)
(0.73311986 -0.015551122 -8.8887813e-11)
(0.73582005 -0.0090564088 -6.4627552e-11)
(0.73670069 -0.0027652426 -4.7587992e-11)
(0.73592551 0.0030667353 -3.5700024e-11)
(0.73369694 0.0082751713 -2.7260007e-11)
(0.7302406 0.012725181 -2.0979074e-11)
(0.72580752 0.016327896 -1.5948268e-11)
(0.72065191 0.019042608 -1.1577408e-11)
(0.71501996 0.020869373 -7.5246745e-12)
(0.70914123 0.021841401 -3.6237771e-12)
(0.70322396 0.022017431 1.6627792e-13)
(0.69745099 0.021474129 3.7814447e-12)
(0.69197912 0.020299904 7.076764e-12)
(0.68693901 0.018589156 9.8500315e-12)
(0.68243617 0.016437124 1.1851368e-11)
(0.67855581 0.013939551 1.2782237e-11)
(0.67535807 0.011185696 1.2285347e-11)
(0.67288878 0.0082627094 9.9634755e-12)
(0.67117326 0.0052503084 5.3968117e-12)
(0.67022361 0.0022262923 -1.8138148e-12)
(0.67003423 -0.00074536647 -1.2020333e-11)
(0.67058988 -0.0035872757 -2.5481654e-11)
(0.67185435 -0.0062464354 -4.2370384e-11)
(0.67377831 -0.0086715138 -6.271492e-11)
(0.67630211 -0.010819848 -8.6404525e-11)
(0.67935365 -0.012655737 -1.1307769e-10)
(0.68284973 -0.01415851 -1.422364e-10)
(0.68670472 -0.015315255 -1.7309986e-10)
(0.69081612 -0.016136442 -2.0493563e-10)
(0.69511126 -0.016634843 -2.3669104e-10)
(0.69946695 -0.016857257 -2.6767007e-10)
(0.70387438 -0.016832092 -2.9666761e-10)
(0.70815413 -0.016641197 -3.2332688e-10)
(0.71245679 -0.016311134 -3.4638812e-10)
(0.71642958 -0.015956947 -3.6617775e-10)
(0.7205971 -0.015583976 -3.8127935e-10)
(0.72409957 -0.015312531 -3.9316726e-10)
(0.72838112 -0.015163778 -3.9923598e-10)
(0.73109635 -0.015095333 -4.0408166e-10)
(0.73724671 -0.015605618 -3.9909883e-10)
(0.80020722 -0.0088411981 -3.4299413e-12)
(0.80284934 -0.02626277 7.5912035e-12)
(0.80805917 -0.043578874 -8.2676435e-12)
(0.81569824 -0.060805561 1.2409726e-11)
(0.82603343 -0.078234837 -1.0957951e-11)
(0.83918995 -0.095773304 9.723211e-12)
(0.85549389 -0.11373802 1.3018049e-13)
(0.87506031 -0.13176749 -1.2962844e-11)
(0.89817164 -0.15011228 3.1057038e-11)
(0.92501605 -0.16811798 -4.480989e-11)
(0.95572428 -0.18577925 4.8365887e-11)
(0.99048009 -0.2022466 -4.4701523e-11)
(1.0291315 -0.21704376 3.130201e-11)
(1.0715741 -0.22927163 -2.0798424e-11)
(1.1172888 -0.23804849 -1.1446807e-12)
(1.1655425 -0.24255884 2.9569675e-12)
(1.2153676 -0.24199902 -8.0469316e-12)
(1.2654008 -0.2358983 -8.8768043e-12)
(1.3141754 -0.22415139 -4.4995903e-12)
(1.360073 -0.20716646 -4.1800048e-12)
(1.401669 -0.18587062 -5.2237059e-12)
(1.437935 -0.16159174 -8.3809856e-12)
(1.4684654 -0.13572071 -5.2491776e-12)
(1.4934227 -0.10943117 2.837767e-12)
(1.5132803 -0.083523831 1.1946441e-11)
(1.5285652 -0.05845756 1.9938053e-11)
(1.5396679 -0.034526398 2.6339005e-11)
(1.5468295 -0.011938333 2.9228903e-11)
(1.5501255 0.0090275695 2.6056209e-11)
(1.5497852 0.028028883 1.5278931e-11)
(1.5461059 0.044622486 -4.6678653e-12)
(1.539546 0.058354199 -3.132739e-11)
(1.5307227 0.068923977 -6.499665e-11)
(1.5203837 0.076131008 -1.0425571e-10)
(1.5093348 0.080031219 -1.4663527e-10)
(1.4983962 0.080845589 -1.970777e-10)
(1.4883952 0.078982673 -2.6057631e-10)
(1.4799869 0.074971249 -3.1599003e-10)
(1.4737203 0.06966687 -3.9185298e-10)
(1.4702453 0.064035671 -4.8753505e-10)
(1.4694541 0.059076312 -5.7702035e-10)
(1.4710945 0.055693908 -6.4984561e-10)
(1.4747733 0.054564856 -7.105212e-10)
(1.4801163 0.056930708 -7.6234961e-10)
(1.4862708 0.063490115 -7.916177e-10)
(1.4919451 0.074284919 -7.8215613e-10)
(1.4958591 0.089397855 -7.2856695e-10)
(1.4965694 0.10845997 -6.3373874e-10)
(1.4927447 0.13066344 -5.0950855e-10)
(1.4831369 0.15492241 -3.7488521e-10)
(1.4666244 0.17991022 -2.5038259e-10)
(1.4423772 0.20405451 -1.5056017e-10)
(1.409958 0.22555573 -8.0560974e-11)
(1.3693345 0.2425604 -3.8300472e-11)
(1.3209964 0.25350405 -1.7722194e-11)
(1.2661627 0.25736921 -1.1207302e-11)
(1.2068254 0.25374002 -9.9119646e-12)
(1.1454437 0.24273758 -8.9703673e-12)
(1.0845062 0.22492789 -5.8731215e-12)
(1.0261548 0.20123756 -3.6137951e-12)
(0.97205597 0.17289307 -1.5338179e-12)
(0.92334261 0.14131643 2.5205263e-12)
(0.88074107 0.10798293 8.4051186e-12)
(0.84460378 0.074307187 -1.1337842e-12)
(0.81495502 0.041478273 -2.8611703e-12)
(0.79161808 0.010263113 3.4109165e-12)
(0.77434929 -0.019377955 6.6594053e-11)
(0.76314591 -0.048043014 3.0686754e-10)
(0.75859112 -0.075455219 6.3407141e-10)
(0.76099742 -0.098905113 7.3432328e-10)
(0.76894868 -0.11442588 4.8908976e-10)
(0.77929318 -0.12014541 9.5144342e-11)
(0.78951691 -0.11667304 -4.8039663e-10)
(0.79750848 -0.1052252 -1.356807e-09)
(0.80160724 -0.089854555 -2.3094861e-09)
(0.80388746 -0.075417247 -3.1259199e-09)
(0.80701324 -0.065042106 -3.7777745e-09)
(0.81263486 -0.05920635 -4.2573512e-09)
(0.82206262 -0.056707412 -4.6034032e-09)
(0.83606695 -0.056594987 -4.8402944e-09)
(0.85529827 -0.058107719 -4.9474898e-09)
(0.87999093 -0.059685521 -4.926264e-09)
(0.90928828 -0.059459281 -4.7838874e-09)
(0.94152821 -0.056272586 -4.5248821e-09)
(0.97476397 -0.04971135 -4.1627334e-09)
(1.006735 -0.03992345 -3.7141483e-09)
(1.0350715 -0.027531987 -3.1978043e-09)
(1.0574547 -0.013478989 -2.6320848e-09)
(1.0723237 0.00083360408 -2.0612451e-09)
(1.0788238 0.014035378 -1.5285869e-09)
(1.0767389 0.025167159 -1.0626616e-09)
(1.0666552 0.033679709 -6.7969556e-10)
(1.049829 0.039312328 -3.8264209e-10)
(1.027899 0.042106092 -1.5561231e-10)
(1.0026475 0.042182791 3.2792591e-11)
(0.9757631 0.039656394 2.0905682e-10)
(0.94884372 0.034912673 3.7814231e-10)
(0.92358579 0.028867912 5.2034276e-10)
(0.90164298 0.022840675 6.0497937e-10)
(0.88422163 0.018046881 6.1387379e-10)
(0.87178157 0.015378774 5.4655617e-10)
(0.86405815 0.015385861 4.123912e-10)
(0.86045413 0.018431874 2.2607994e-10)
(0.85988235 0.025764814 -3.8037076e-11)
(0.86001226 0.037240723 -3.7354179e-10)
(0.85818962 0.049914289 -6.9671494e-10)
(0.85271422 0.061937985 -9.946663e-10)
(0.84303378 0.071998858 -1.284724e-09)
(0.82936052 0.079431678 -1.5960133e-09)
(0.81236039 0.08405593 -1.9547765e-09)
(0.79288778 0.085926033 -2.3755094e-09)
(0.77182811 0.085118365 -2.8574949e-09)
(0.75004926 0.081617601 -3.3856556e-09)
(0.72843201 0.075298658 -3.9343536e-09)
(0.70791879 0.065987001 -4.4722546e-09)
(0.6895337 0.053565374 -4.9682027e-09)
(0.67433764 0.038070262 -5.3958891e-09)
(0.66340147 0.01981268 -5.7367666e-09)
(0.65769001 -0.00056642199 -5.9796297e-09)
(0.65799381 -0.02228317 -6.1184647e-09)
(0.66485816 -0.044307525 -6.1534125e-09)
(0.67845854 -0.065351051 -6.0888867e-09)
(0.69858634 -0.084070999 -5.9306956e-09)
(0.72458546 -0.099207647 -5.6844183e-09)
(0.75535656 -0.10972613 -5.3548606e-09)
(0.7894078 -0.11494995 -4.9463703e-09)
(0.82495407 -0.11465111 -4.464066e-09)
(0.86004544 -0.10909598 -3.9160107e-09)
(0.89275911 -0.099005924 -3.3161959e-09)
(0.92137378 -0.08544862 -2.6862768e-09)
(0.9445942 -0.069680122 -2.0555056e-09)
(0.96167332 -0.052932396 -1.4565127e-09)
(0.97249433 -0.036238418 -9.1958691e-10)
(0.9774623 -0.020353342 -4.6642224e-10)
(0.97744641 -0.0056863022 -1.0745569e-10)
(0.97350891 0.0075698378 1.5805283e-10)
(0.96664116 0.019362322 3.3870295e-10)
(0.95770334 0.029737565 4.4745157e-10)
(0.94735157 0.038749869 4.988122e-10)
(0.93602058 0.046432914 5.0692705e-10)
(0.92397693 0.052800316 4.8446887e-10)
(0.91138274 0.057857135 4.4204797e-10)
(0.89835321 0.061616706 3.8789337e-10)
(0.88499736 0.064115961 3.2773492e-10)
(0.87144001 0.065425118 2.6486533e-10)
(0.85782582 0.06565041 2.0039073e-10)
(0.84431284 0.064930504 1.3363597e-10)
(0.83105882 0.06342863 6.2675091e-11)
(0.81820732 0.061321982 -1.5074776e-11)
(0.80587446 0.058790292 -1.0224444e-10)
(0.79414005 0.056003643 -2.0096127e-10)
(0.78304322 0.053111251 -3.1242658e-10)
(0.77258206 0.050229813 -4.3667609e-10)
(0.76272075 0.047434988 -5.725819e-10)
(0.75339767 0.044753417 -7.1803962e-10)
(0.74454273 0.042160261 -8.7031346e-10)
(0.73609156 0.039579766 -1.0263881e-09)
(0.72800598 0.036891155 -1.1832802e-09)
(0.72028924 0.033939769 -1.3381755e-09)
(0.71299963 0.030551554 -1.4884281e-09)
(0.70625992 0.026554697 -1.6314573e-09)
(0.70025478 0.021795614 -1.7645087e-09)
(0.69523101 0.016167541 -1.8845622e-09)
(0.69148644 0.0096251012 -1.9881357e-09)
(0.68933179 0.0022081013 -2.0713609e-09)
(0.68908797 -0.005938338 -2.1300952e-09)
(0.69104496 -0.014600302 -2.1602215e-09)
(0.6954039 -0.023456618 -2.1580666e-09)
(0.70227489 -0.032110142 -2.1208758e-09)
(0.71163494 -0.040119595 -2.047343e-09)
(0.72330718 -0.047038063 -1.9380607e-09)
(0.73695786 -0.052456458 -1.7958569e-09)
(0.75210867 -0.056045339 -1.6258952e-09)
(0.76816492 -0.057589027 -1.4355152e-09)
(0.78445924 -0.057005598 -1.233758e-09)
(0.80030348 -0.054352529 -1.0305512e-09)
(0.81505099 -0.049816247 -8.3567286e-10)
(0.82813953 -0.043691711 -6.5755014e-10)
(0.83913835 -0.036347242 -5.0232714e-10)
(0.84777403 -0.0281933 -3.732553e-10)
(0.85393961 -0.019647856 -2.7065336e-10)
(0.85765583 -0.011103613 -1.9241452e-10)
(0.85903928 -0.0029095047 -1.3487073e-10)
(0.85833768 0.0046486449 -9.3685211e-11)
(0.85584604 0.011332791 -6.4623206e-11)
(0.85184815 0.016986745 -4.403606e-11)
(0.8466593 0.021517692 -2.9036322e-11)
(0.84058854 0.024890955 -1.7496902e-11)
(0.83392518 0.027121941 -7.9602532e-12)
(0.82693235 0.028265822 5.1062568e-13)
(0.81984381 0.028407471 8.4920578e-12)
(0.8128615 0.027651537 1.6290311e-11)
(0.80615741 0.026114203 2.400341e-11)
(0.79987376 0.023916469 3.1580977e-11)
(0.79412639 0.021178493 3.8866792e-11)
(0.78900894 0.018016474 4.5617948e-11)
(0.78459205 0.014541514 5.1478773e-11)
(0.78093062 0.010855555 5.5962229e-11)
(0.77806291 0.0070573211 5.8436105e-11)
(0.77600882 0.003238086 5.817102e-11)
(0.77477969 -0.00051744842 5.4395211e-11)
(0.77436839 -0.0041221923 4.6389723e-11)
(0.77474308 -0.0075070742 3.3449411e-11)
(0.77586106 -0.010605075 1.4948967e-11)
(0.77766363 -0.013361296 -9.7112316e-12)
(0.78007837 -0.015725258 -4.0786514e-11)
(0.78301196 -0.01766883 -7.8326918e-11)
(0.78637762 -0.019166776 -1.2170841e-10)
(0.79004603 -0.020234051 -1.7023818e-10)
(0.79395358 -0.020876158 -2.2238277e-10)
(0.79792667 -0.021161843 -2.7701421e-10)
(0.80199326 -0.02111405 -3.3188024e-10)
(0.8058911 -0.020851256 -3.8594052e-10)
(0.80984759 -0.02039409 -4.3648961e-10)
(0.81339989 -0.019908873 -4.8347868e-10)
(0.81718253 -0.01939117 -5.2380008e-10)
(0.82025605 -0.01901517 -5.5960784e-10)
(0.82408702 -0.01878404 -5.8527538e-10)
(0.82650019 -0.018675878 -6.0891427e-10)
(0.83209077 -0.019260706 -6.2024884e-10)
(0.89658753 -0.0099988732 -6.6417854e-12)
(0.89893444 -0.029730258 1.4000971e-11)
(0.90361945 -0.049482064 -1.4974372e-11)
(0.91045889 -0.069222681 2.143424e-11)
(0.91981012 -0.089435226 -1.7789817e-11)
(0.93176989 -0.10985224 1.2026519e-11)
(0.94683761 -0.13112606 1.1300415e-11)
(0.96514373 -0.15251769 -4.5232552e-11)
(0.98715385 -0.17480376 9.2876903e-11)
(1.0131981 -0.19669215 -1.372498e-10)
(1.0434719 -0.21879731 1.680422e-10)
(1.0785434 -0.23949121 -1.7978477e-10)
(1.1181011 -0.25868109 1.6607616e-10)
(1.1625747 -0.27484432 -1.2895909e-10)
(1.2111018 -0.28694424 5.5155327e-11)
(1.2631984 -0.29383544 5.2791422e-12)
(1.3176012 -0.29419931 -2.7520224e-11)
(1.3725367 -0.28733359 -7.4081204e-12)
(1.4261213 -0.27292415 -1.6666848e-13)
(1.4760567 -0.25157619 -6.9231541e-12)
(1.5204217 -0.22475603 5.5610681e-12)
(1.5579844 -0.19454927 1.1828333e-11)
(1.5885209 -0.16295613 3.7900712e-11)
(1.6126343 -0.13140146 7.4059722e-11)
(1.6311866 -0.10066128 1.1715245e-10)
(1.6449785 -0.071073282 1.5995268e-10)
(1.6544851 -0.042831486 1.9471803e-10)
(1.659912 -0.016108697 2.0817019e-10)
(1.6612412 0.0087520328 1.9037537e-10)
(1.6585436 0.031421009 1.4198222e-10)
(1.6520487 0.051265471 5.8718287e-11)
(1.6422932 0.067614177 -3.7709103e-11)
(1.6299688 0.080109341 -1.5760272e-10)
(1.6161175 0.088362137 -2.9060583e-10)
(1.6015872 0.092326575 -4.1038091e-10)
(1.5875859 0.092304436 -5.8331083e-10)
(1.574926 0.088865325 -7.4750833e-10)
(1.5644774 0.082592951 -9.1422932e-10)
(1.5572296 0.07441187 -1.1401796e-09)
(1.5537584 0.065623284 -1.4094859e-09)
(1.5538789 0.057431235 -1.6681577e-09)
(1.5576696 0.051125634 -1.9059093e-09)
(1.5649547 0.047846996 -2.1298714e-09)
(1.57476 0.048658473 -2.3208476e-09)
(1.5861192 0.054669765 -2.4507667e-09)
(1.597999 0.066389639 -2.4910729e-09)
(1.6088338 0.083824481 -2.4130627e-09)
(1.6168444 0.10662963 -2.2046658e-09)
(1.6204516 0.13390564 -1.8797301e-09)
(1.618338 0.16434012 -1.4786154e-09)
(1.6094045 0.19627725 -1.0625308e-09)
(1.5928035 0.22787312 -6.9434316e-10)
(1.567992 0.2572445 -4.1164525e-10)
(1.5348386 0.28244852 -2.1573517e-10)
(1.4936387 0.30142918 -8.5520991e-11)
(1.4450116 0.31227803 -3.922067e-12)
(1.3899809 0.31373166 3.9554592e-11)
(1.3301294 0.30540916 5.1218474e-11)
(1.2675687 0.28777164 4.6314266e-11)
(1.2046052 0.26197843 3.2942031e-11)
(1.1434163 0.22969163 1.8282159e-11)
(1.0857939 0.19286385 1.0195385e-11)
(1.033078 0.15342645 2.0677907e-11)
(0.98618816 0.11322007 1.174371e-11)
(0.9455868 0.073787866 -1.1797909e-12)
(0.91136716 0.036192432 -1.8268947e-11)
(0.88328757 0.00047686818 2.153169e-11)
(0.86157371 -0.034507919 3.2534767e-10)
(0.84688817 -0.069078618 8.6520565e-10)
(0.83902763 -0.099299439 1.1606367e-09)
(0.83582378 -0.11812966 7.1609264e-10)
(0.83428397 -0.12269265 -7.0246449e-12)
(0.83254621 -0.11967334 -5.3302553e-10)
(0.82628785 -0.10670068 -1.6364942e-09)
(0.81697608 -0.087950029 -3.1207154e-09)
(0.80748503 -0.073161401 -4.5908001e-09)
(0.79915175 -0.065267666 -5.8473065e-09)
(0.79548193 -0.064129409 -6.5942496e-09)
(0.79696794 -0.0664744 -6.9770477e-09)
(0.80732125 -0.073285258 -7.3880278e-09)
(0.82902443 -0.083021078 -7.6399718e-09)
(0.85854161 -0.091320355 -7.6459564e-09)
(0.89565856 -0.096282749 -7.4576467e-09)
(0.93848059 -0.096416203 -7.1107848e-09)
(0.98495535 -0.09091899 -6.6389951e-09)
(1.0328528 -0.079638033 -6.0734459e-09)
(1.0797707 -0.063111872 -5.443017e-09)
(1.1233974 -0.042595614 -4.7755715e-09)
(1.1609585 -0.019651755 -4.0748807e-09)
(1.1895217 0.0039856409 -3.3476383e-09)
(1.2069421 0.02622895 -2.619932e-09)
(1.2119563 0.045125079 -1.9302794e-09)
(1.2044382 0.059393645 -1.3241201e-09)
(1.1856896 0.068557438 -8.3431128e-10)
(1.1581041 0.072725169 -4.6139026e-10)
(1.1244806 0.072202859 -1.7402497e-10)
(1.0875335 0.067431728 7.0480181e-11)
(1.049873 0.059281771 2.9464458e-10)
(1.0140865 0.049216278 4.8511693e-10)
(0.98255452 0.03897858 6.064108e-10)
(0.95703011 0.030235171 6.2317344e-10)
(0.9384421 0.024402871 5.2147657e-10)
(0.92673279 0.022812787 3.1059213e-10)
(0.92080103 0.026750149 1.6141859e-12)
(0.91825517 0.03743378 -4.2779955e-10)
(0.91623739 0.052367579 -8.9424469e-10)
(0.91192756 0.068326259 -1.3389302e-09)
(0.90352463 0.082926183 -1.7718428e-09)
(0.89040212 0.094676107 -2.2341498e-09)
(0.87278859 0.10290929 -2.7688912e-09)
(0.8514233 0.10746599 -3.3998854e-09)
(0.82730217 0.10836474 -4.1225337e-09)
(0.80153601 0.10555921 -4.9045947e-09)
(0.77530997 0.098876138 -5.6956699e-09)
(0.74989279 0.08807052 -6.439569e-09)
(0.72661431 0.072955979 -7.0862947e-09)
(0.7068449 0.053545272 -7.6013632e-09)
(0.69196185 0.030201849 -7.9701517e-09)
(0.6831168 0.0036260624 -8.1949182e-09)
(0.68120797 -0.025031572 -8.2886945e-09)
(0.68699012 -0.0544671 -8.2698828e-09)
(0.700865 -0.082999114 -8.1564558e-09)
(0.72273738 -0.10882669 -7.9635086e-09)
(0.75203116 -0.13021078 -7.7029186e-09)
(0.78768965 -0.14565604 -7.3832456e-09)
(0.82821246 -0.15408692 -7.008741e-09)
(0.87173215 -0.15498107 -6.5780441e-09)
(0.91611669 -0.14844449 -6.0839086e-09)
(0.9591274 -0.13522599 -5.5161186e-09)
(0.99856413 -0.11663992 -4.86788e-09)
(1.0324872 -0.09438878 -4.1446612e-09)
(1.0593838 -0.070369725 -3.3693346e-09)
(1.0783535 -0.046344936 -2.5820935e-09)
(1.0892269 -0.023765221 -1.8309497e-09)
(1.0925572 -0.0035374252 -1.1598715e-09)
(1.0894662 0.013927419 -5.9825549e-10)
(1.0814679 0.02860414 -1.5796787e-10)
(1.0701088 0.040780088 1.6440927e-10)
(1.0567585 0.050821628 3.8230674e-10)
(1.0424546 0.059060297 5.1370851e-10)
(1.0278743 0.065739046 5.7728631e-10)
(1.0133848 0.071006259 5.9024209e-10)
(0.99913308 0.07494057 5.6728379e-10)
(0.98513819 0.077586981 5.2019014e-10)
(0.97136744 0.078991182 4.5762551e-10)
(0.95778636 0.079224282 3.8511036e-10)
(0.94438631 0.078395516 3.0512605e-10)
(0.93119109 0.076653665 2.1742127e-10)
(0.91825249 0.074179861 1.1953734e-10)
(0.90563583 0.071174549 7.5974012e-12)
(0.89340488 0.067841637 -1.2272349e-10)
(0.8816054 0.0643708 -2.7514317e-10)
(0.87025487 0.060920296 -4.5186538e-10)
(0.8593371 0.05760046 -6.5299943e-10)
(0.84880577 0.054461269 -8.7647463e-10)
(0.83859583 0.051483266 -1.1183996e-09)
(0.82864125 0.048577324 -1.3737492e-09)
(0.81889775 0.04558754 -1.6371098e-09)
(0.80936607 0.042307017 -1.9032612e-09)
(0.80011273 0.038494363 -2.1674236e-09)
(0.79128404 0.033902572 -2.4252273e-09)
(0.783112 0.028305553 -2.6723877e-09)
(0.77591267 0.021528785 -2.9043898e-09)
(0.7700667 0.013485687 -3.1161457e-09)
(0.76601413 0.0041885272 -3.3018195e-09)
(0.76418245 -0.0061965035 -3.4549334e-09)
(0.76496593 -0.017407128 -3.5686538e-09)
(0.76871352 -0.029035192 -3.6362958e-09)
(0.77564881 -0.040552218 -3.6519513e-09)
(0.78583894 -0.051355249 -3.6112095e-09)
(0.79916545 -0.060818225 -3.51179e-09)
(0.81531097 -0.068351883 -3.354074e-09)
(0.83376214 -0.073464604 -3.141437e-09)
(0.85383111 -0.075816724 -2.8804382e-09)
(0.87469706 -0.075255593 -2.5808081e-09)
(0.89545861 -0.071832647 -2.255137e-09)
(0.91520878 -0.065797089 -1.9182313e-09)
(0.93310328 -0.05756867 -1.5857964e-09)
(0.94845018 -0.047692482 -1.2728606e-09)
(0.9607677 -0.036768675 -9.919076e-10)
(0.96980708 -0.025399319 -7.512731e-10)
(0.97554782 -0.01414175 -5.544192e-10)
(0.97817443 -0.0034633487 -4.0022442e-10)
(0.97800377 0.00629437 -2.8405316e-10)
(0.97543308 0.014830464 -1.9930991e-10)
(0.97090301 0.021977531 -1.3891789e-10)
(0.96484312 0.027652285 -9.6329873e-11)
(0.95765719 0.031841282 -6.6079738e-11)
(0.94970872 0.034589065 -4.3962929e-11)
(0.941315 0.035984396 -2.6966194e-11)
(0.93274741 0.036146962 -1.3009979e-11)
(0.92423385 0.035215819 -7.091463e-13)
(0.91596328 0.033339408 1.0802929e-11)
(0.90809091 0.030667258 2.2025253e-11)
(0.90074292 0.027345453 3.3197505e-11)
(0.89402294 0.023512044 4.4396334e-11)
(0.88801324 0.019296721 5.5564143e-11)
(0.88278103 0.014820098 6.6475621e-11)
(0.87837956 0.010193967 7.6636456e-11)
(0.87484365 0.0055247502 8.5267051e-11)
(0.87220468 0.00092024868 9.1345931e-11)
(0.87046821 -0.0035284305 9.3821229e-11)
(0.8696126 -0.0077251889 9.1538405e-11)
(0.86960389 -0.011583861 8.3300752e-11)
(0.87038116 -0.015035734 6.7509304e-11)
(0.87187148 -0.018009661 4.2724446e-11)
(0.87396106 -0.020468866 7.3986059e-12)
(0.87656279 -0.022369206 -3.9035015e-11)
(0.87950614 -0.023730774 -9.6907139e-11)
(0.88273976 -0.024547711 -1.6514148e-10)
(0.88602913 -0.024912086 -2.4256499e-10)
(0.88943625 -0.024843941 -3.2642211e-10)
(0.89262496 -0.024495273 -4.1454811e-10)
(0.89586297 -0.02389083 -5.0250311e-10)
(0.89863518 -0.023250215 -5.8928517e-10)
(0.9015829 -0.022568156 -6.6923197e-10)
(0.90386396 -0.022084041 -7.4554993e-10)
(0.90671413 -0.021767967 -8.0533821e-10)
(0.90852775 -0.021674248 -8.6502768e-10)
(0.91280253 -0.022390802 -9.1081941e-10)
(0.98582299 -0.010998139 -9.3942175e-12)
(0.98780367 -0.032718468 1.9218533e-11)
(0.99181559 -0.054611771 -2.0134496e-11)
(0.99764016 -0.076576741 2.7151955e-11)
(1.0057267 -0.099372213 -1.9290548e-11)
(1.0161375 -0.12247433 2.9076607e-12)
(1.0295729 -0.14707128 4.2847151e-11)
(1.0461401 -0.17178772 -1.1574538e-10)
(1.0665822 -0.19839798 2.2009406e-10)
(1.0913318 -0.22435655 -3.4042244e-10)
(1.1207248 -0.25179152 4.6071186e-10)
(1.1559071 -0.27724161 -5.6579761e-10)
(1.1961657 -0.30207903 6.3245698e-10)
(1.2431285 -0.32306291 -6.0994249e-10)
(1.2947559 -0.3396333 4.281253e-10)
(1.3519358 -0.3498898 -1.4736046e-10)
(1.4121789 -0.3517381 -5.0125613e-11)
(1.4737339 -0.34426159 5.5049776e-11)
(1.5338998 -0.32652526 -1.6725868e-11)
(1.5890974 -0.29940318 -4.960722e-11)
(1.636668 -0.26526955 9.6892022e-11)
(1.6752843 -0.22758655 2.3244511e-10)
(1.7052294 -0.18931833 4.0644475e-10)
(1.7280206 -0.15210066 5.5270331e-10)
(1.7450289 -0.11644593 7.3995572e-10)
(1.7572603 -0.082316313 9.3237036e-10)
(1.765064 -0.049616682 1.0855617e-09)
(1.7684267 -0.018295879 1.1409562e-09)
(1.7673221 0.011069486 1.0695456e-09)
(1.7616677 0.037903788 8.8926122e-10)
(1.7515708 0.061427591 5.8461385e-10)
(1.7376146 0.080722228 2.7767467e-10)
(1.7207135 0.095236746 -1.297738e-10)
(1.7019292 0.10466471 -5.003418e-10)
(1.6825001 0.10875173 -8.6656414e-10)
(1.6639912 0.10739315 -1.311237e-09)
(1.6472982 0.10148607 -1.7545434e-09)
(1.6334451 0.091938192 -2.2060963e-09)
(1.6236582 0.079779147 -2.7721633e-09)
(1.6187153 0.066678651 -3.4533773e-09)
(1.6187785 0.054294786 -4.1522407e-09)
(1.6239566 0.044044798 -4.8446357e-09)
(1.6338743 0.037191842 -5.5190605e-09)
(1.6477672 0.035153843 -6.0918816e-09)
(1.6646421 0.039482586 -6.5317761e-09)
(1.6830907 0.051238079 -6.8274589e-09)
(1.7014065 0.070647818 -6.863739e-09)
(1.7175667 0.097169851 -6.5510568e-09)
(1.7295182 0.12978394 -5.8934137e-09)
(1.7354667 0.16702988 -4.9441705e-09)
(1.7338676 0.20673688 -3.8120447e-09)
(1.7236572 0.24652369 -2.6687078e-09)
(1.7044223 0.28395788 -1.7023452e-09)
(1.6762203 0.31665806 -1.031563e-09)
(1.6394299 0.34278009 -6.4380348e-10)
(1.594816 0.36067047 -4.3774448e-10)
(1.5434157 0.36866663 -3.0467514e-10)
(1.4863275 0.36557025 -1.98114e-10)
(1.424864 0.35117118 -1.0822857e-10)
(1.3607114 0.32632373 -4.6374437e-11)
(1.2958561 0.29273054 -1.9845609e-11)
(1.2323126 0.25266978 -1.2683084e-11)
(1.1718467 0.20852017 9.4404205e-12)
(1.1159079 0.16256649 2.7902935e-11)
(1.0655268 0.11688613 9.1836432e-12)
(1.0211207 0.073057274 -5.3843285e-11)
(0.98261579 0.031090271 -1.6649453e-11)
(0.95044129 -0.010528431 3.4248837e-10)
(0.92523359 -0.051833234 9.8017691e-10)
(0.90633773 -0.087791637 1.4882836e-09)
(0.89169323 -0.11074031 1.3795598e-09)
(0.87797064 -0.11676053 4.6605141e-10)
(0.86072268 -0.10755628 -1.0958341e-09)
(0.83646804 -0.088533295 -3.1330357e-09)
(0.80862707 -0.068905888 -5.2354207e-09)
(0.78120206 -0.055558632 -7.1546328e-09)
(0.75790046 -0.051621472 -8.7667414e-09)
(0.74263225 -0.056864449 -1.0006581e-08)
(0.73889119 -0.069071761 -1.0808696e-08)
(0.74893694 -0.087961782 -1.1315011e-08)
(0.77184547 -0.10897077 -1.1527122e-08)
(0.8051177 -0.12689352 -1.1444217e-08)
(0.84762085 -0.13980266 -1.1091513e-08)
(0.89730695 -0.14599447 -1.0504621e-08)
(0.95214352 -0.14449262 -9.7430585e-09)
(1.0102414 -0.13506758 -8.8735753e-09)
(1.0697817 -0.11811545 -7.962807e-09)
(1.1288475 -0.094458596 -7.063192e-09)
(1.1853177 -0.065326861 -6.2035804e-09)
(1.2366086 -0.032366014 -5.3832535e-09)
(1.2794713 0.0023455838 -4.5790087e-09)
(1.310471 0.036065775 -3.7638806e-09)
(1.3265372 0.065728373 -2.9379601e-09)
(1.3258639 0.088876084 -2.1430925e-09)
(1.3088638 0.10408482 -1.4449809e-09)
(1.2780994 0.11105706 -8.8922913e-10)
(1.2373449 0.11032168 -4.6765103e-10)
(1.1906903 0.10298041 -1.3127233e-10)
(1.142149 0.090664522 1.644445e-10)
(1.09549 0.075453763 4.2070468e-10)
(1.0539519 0.059729775 5.8417031e-10)
(1.0201356 0.045700044 6.012512e-10)
(0.99525405 0.036130682 4.2410592e-10)
(0.97871721 0.034289162 2.3144393e-11)
(0.96870624 0.041564972 -5.5515738e-10)
(0.96240886 0.056104778 -1.1999121e-09)
(0.95631159 0.074515829 -1.8321276e-09)
(0.94746172 0.093342765 -2.4460797e-09)
(0.93416506 0.10994782 -3.0904775e-09)
(0.91591776 0.12277681 -3.8249065e-09)
(0.89310793 0.13111683 -4.6808719e-09)
(0.86668983 0.1346973 -5.6419797e-09)
(0.83793113 0.13330595 -6.6457993e-09)
(0.80828678 0.12666689 -7.6046333e-09)
(0.77931113 0.11444965 -8.4330215e-09)
(0.75259085 0.096437871 -9.0716735e-09)
(0.72970657 0.072680946 -9.5000709e-09)
(0.7121288 0.043626703 -9.7332017e-09)
(0.70118849 0.010118387 -9.8066109e-09)
(0.69787122 -0.026441215 -9.758708e-09)
(0.70293756 -0.064350893 -9.6190206e-09)
(0.7169249 -0.10153199 -9.4052887e-09)
(0.73981324 -0.13571426 -9.1283473e-09)
(0.77108951 -0.16466571 -8.7990296e-09)
(0.80975723 -0.18641693 -8.4323469e-09)
(0.85437177 -0.19947564 -8.0465964e-09)
(0.90311687 -0.2029931 -7.6578905e-09)
(0.95389216 -0.19686047 -7.2719439e-09)
(1.0044429 -0.18174229 -6.8770699e-09)
(1.0525231 -0.15902451 -6.4428111e-09)
(1.0960353 -0.13065166 -5.9289031e-09)
(1.1331619 -0.098897724 -5.3023154e-09)
(1.1624625 -0.066133237 -4.5558808e-09)
(1.1829552 -0.034518365 -3.7174037e-09)
(1.1942972 -0.0058218391 -2.8433747e-09)
(1.1968137 0.018809039 -2.0012593e-09)
(1.1915827 0.038893776 -1.2498191e-09)
(1.1802953 0.054606522 -6.2608388e-10)
(1.1648659 0.066528243 -1.4257824e-10)
(1.1471331 0.075399427 2.0729212e-10)
(1.1286001 0.08191697 4.411073e-10)
(1.1103136 0.08662235 5.8049091e-10)
(1.0928744 0.089877968 6.4671738e-10)
(1.0765236 0.091898289 6.5852772e-10)
(1.0612573 0.09280353 6.3123242e-10)
(1.0469306 0.092671844 5.7640061e-10)
(1.0333424 0.09157987 5.0170871e-10)
(1.0202914 0.089627286 4.108901e-10)
(1.0076131 0.086948104 3.0382714e-10)
(0.99519239 0.083709075 1.770358e-10)
(0.98296515 0.080100797 2.4636839e-11)
(0.97090253 0.076319171 -1.6009328e-10)
(0.95899507 0.072545275 -3.829167e-10)
(0.94723082 0.068919052 -6.4691532e-10)
(0.93558625 0.065518212 -9.5146767e-10)
(0.9240214 0.062338421 -1.2921291e-09)
(0.91249194 0.059284506 -1.6614566e-09)
(0.90096927 0.056169582 -2.0504026e-09)
(0.88946783 0.052728606 -2.449697e-09)
(0.87807348 0.048643165 -2.8508675e-09)
(0.86696363 0.043571964 -3.246533e-09)
(0.85641703 0.037196745 -3.6302094e-09)
(0.84681687 0.029252632 -3.9957095e-09)
(0.83863184 0.019583821 -4.336517e-09)
(0.83239329 0.0081714168 -4.6453123e-09)
(0.82863344 -0.004825887 -4.9138508e-09)
(0.8278516 -0.019072476 -5.133296e-09)
(0.83050179 -0.034086325 -5.2947097e-09)
(0.83691686 -0.049195185 -5.3899368e-09)
(0.84725611 -0.063613682 -5.4125203e-09)
(0.86148019 -0.07650812 -5.3584012e-09)
(0.87933465 -0.087071039 -5.2263165e-09)
(0.90034704 -0.094601092 -5.0178671e-09)
(0.92384121 -0.098573201 -4.73741e-09)
(0.94896401 -0.098691884 -4.3919941e-09)
(0.97471646 -0.094925869 -3.9914813e-09)
(1.0000117 -0.087521043 -3.5488854e-09)
(1.0237404 -0.07698603 -3.0803745e-09)
(1.0448816 -0.064047271 -2.6049461e-09)
(1.0626077 -0.049560701 -2.1429832e-09)
(1.0763568 -0.034415066 -1.7138277e-09)
(1.0858833 -0.019435621 -1.3330892e-09)
(1.0912626 -0.0053065368 -1.0105056e-09)
(1.0928054 0.0074616441 -7.4905667e-10)
(1.0910042 0.018510846 -5.4569367e-10)
(1.0864626 0.027657112 -3.9317634e-10)
(1.0797818 0.034841527 -2.8215886e-10)
(1.071527 0.040099429 -2.0304365e-10)
(1.062197 0.043533765 -1.47211e-10)
(1.0522116 0.04529231 -1.0765975e-10)
(1.0419141 0.04554943 -7.9067341e-11)
(1.0315796 0.044492184 -5.7562315e-11)
(1.0214262 0.042309546 -4.0439063e-11)
(1.0116274 0.039184799 -2.5840012e-11)
(1.0023226 0.035290424 -1.2535269e-11)
(0.99362591 0.030786667 2.8248781e-13)
(0.98563395 0.025818911 1.3180508e-11)
(0.97843056 0.020522483 2.657696e-11)
(0.97208671 0.015021159 4.0611083e-11)
(0.96666798 0.00943737 5.5024151e-11)
(0.96222209 0.0038924907 6.9039144e-11)
(0.958784 -0.0014991989 8.1707763e-11)
(0.9563638 -0.0066200967 9.1817094e-11)
(0.95493785 -0.011355086 9.8158203e-11)
(0.95444454 -0.015615245 9.8523679e-11)
(0.95481373 -0.019299062 9.0453488e-11)
(0.95589862 -0.022356873 7.0493652e-11)
(0.95760492 -0.024721117 3.5830509e-11)
(0.95970411 -0.02641397 -1.5883627e-11)
(0.9621433 -0.027424259 -8.6243328e-11)
(0.96462423 -0.027859892 -1.7439844e-10)
(0.96721332 -0.027755183 -2.8034649e-10)
(0.96952879 -0.027270403 -3.9897247e-10)
(0.97180536 -0.026459069 -5.273595e-10)
(0.97355522 -0.025593645 -6.588974e-10)
(0.97531256 -0.024706331 -7.9106774e-10)
(0.9764687 -0.024086003 -9.2323037e-10)
(0.9778874 -0.023653833 -1.0329749e-09)
(0.9787849 -0.023620695 -1.1495815e-09)
(0.98093525 -0.024479369 -1.2443981e-09)
(1.0679095 -0.011798334 -8.640298e-12)
(1.0694517 -0.035119873 1.7963561e-11)
(1.0726035 -0.058770638 -1.8574493e-11)
(1.07718 -0.082606008 2.2642536e-11)
(1.083628 -0.10767192 -1.0220383e-11)
(1.0920763 -0.13320796 -2.0133117e-11)
(1.1033319 -0.16102885 8.8704968e-11)
(1.1175401 -0.1889975 -2.0795681e-10)
(1.1357797 -0.22030215 3.8657012e-10)
(1.1584138 -0.25044839 -6.3292119e-10)
(1.1863691 -0.28440933 9.431604e-10)
(1.2211461 -0.31507345 -1.3255536e-09)
(1.2618866 -0.34760921 1.753618e-09)
(1.3116564 -0.37415651 -2.0724583e-09)
(1.3664226 -0.39715462 1.9545079e-09)
(1.4305455 -0.41190062 -1.2503806e-09)
(1.4975755 -0.41586432 3.5387806e-10)
(1.5685913 -0.40804287 1.5863024e-10)
(1.6377845 -0.38584249 -2.4086597e-10)
(1.6998588 -0.35079048 6.214502e-11)
(1.7514228 -0.30719817 9.6509657e-10)
(1.791003 -0.26066381 1.7378436e-09)
(1.8198459 -0.21503613 2.523423e-09)
(1.8414121 -0.17217406 3.1268273e-09)
(1.8568115 -0.13178121 4.0500765e-09)
(1.8666873 -0.093148707 4.8026565e-09)
(1.8711329 -0.055603857 5.2628378e-09)
(1.8704685 -0.019160134 5.2828964e-09)
(1.8646737 0.015469463 4.9141184e-09)
(1.8538063 0.047444716 4.2514238e-09)
(1.8380573 0.075334656 3.317183e-09)
(1.8178409 0.098242891 2.3538795e-09)
(1.7943883 0.11538185 1.2340802e-09)
(1.7689442 0.12576696 1.5987053e-10)
(1.7424856 0.12956806 -8.0133762e-10)
(1.7163429 0.1280139 -1.8446689e-09)
(1.692507 0.12049297 -3.0704461e-09)
(1.6725509 0.10732637 -4.351459e-09)
(1.6577223 0.089957216 -5.7588964e-09)
(1.6490318 0.070655284 -7.3726114e-09)
(1.6470887 0.051949925 -9.0841921e-09)
(1.6521034 0.035718617 -1.0822327e-08)
(1.6634683 0.023456906 -1.2532941e-08)
(1.6805169 0.016925756 -1.3968452e-08)
(1.7026943 0.018111838 -1.5106473e-08)
(1.7284759 0.027759417 -1.6218165e-08)
(1.7558226 0.046818116 -1.6914457e-08)
(1.7824929 0.076268547 -1.6576561e-08)
(1.805975 0.11401373 -1.554092e-08)
(1.8238172 0.15851866 -1.3884034e-08)
(1.8337296 0.20764599 -1.1617349e-08)
(1.8339593 0.25806651 -8.8427796e-09)
(1.8229247 0.30629492 -5.9223267e-09)
(1.8001417 0.34937701 -3.3527539e-09)
(1.7665983 0.38421725 -1.5267789e-09)
(1.7236963 0.40869145 -5.3579424e-10)
(1.6729924 0.42205266 -1.7290277e-10)
(1.6162209 0.42374544 -1.2853386e-10)
(1.5549717 0.41334908 -1.5705531e-10)
(1.4905283 0.39115941 -1.5485387e-10)
(1.4242179 0.3584444 -1.2822101e-10)
(1.3576016 0.31735527 -9.9402173e-11)
(1.2923074 0.27040322 -4.5613082e-11)
(1.2299517 0.22010783 2.7381467e-11)
(1.1719471 0.16905918 3.0341427e-11)
(1.1190568 0.11956734 -7.3508628e-11)
(1.0714537 0.071819624 -7.3225019e-11)
(1.0296832 0.02370965 3.4446245e-10)
(0.99458337 -0.024257428 1.167987e-09)
(0.96548297 -0.06540505 1.860231e-09)
(0.93884106 -0.089689272 1.6971808e-09)
(0.90930945 -0.092056433 3.3023525e-10)
(0.87267455 -0.076557566 -2.0538659e-09)
(0.82894485 -0.052709455 -4.9842016e-09)
(0.78271461 -0.031427557 -7.9680557e-09)
(0.74015661 -0.021254016 -1.0713676e-08)
(0.70726979 -0.026010864 -1.3117429e-08)
(0.68886242 -0.044934783 -1.5019067e-08)
(0.68692724 -0.073516883 -1.6215741e-08)
(0.70057056 -0.1065238 -1.6789446e-08)
(0.72704223 -0.13951945 -1.7067003e-08)
(0.76487213 -0.16792028 -1.6888424e-08)
(0.81175361 -0.18910728 -1.629068e-08)
(0.86518393 -0.20146539 -1.5355578e-08)
(0.92299565 -0.20426716 -1.415899e-08)
(0.98351088 -0.19756961 -1.2777003e-08)
(1.0455643 -0.18197088 -1.129706e-08)
(1.1084206 -0.158298 -9.8179621e-09)
(1.1714413 -0.12741266 -8.4399487e-09)
(1.2336534 -0.090286879 -7.237179e-09)
(1.2932199 -0.048046977 -6.2323635e-09)
(1.3469226 -0.0024664539 -5.3825471e-09)
(1.3903559 0.043538585 -4.5976498e-09)
(1.4184969 0.085910921 -3.790158e-09)
(1.4270829 0.1204995 -2.9381607e-09)
(1.4146502 0.1441547 -2.1062501e-09)
(1.3831425 0.15555246 -1.389372e-09)
(1.3370087 0.1552577 -8.2858935e-10)
(1.2818142 0.14516026 -3.8349291e-10)
(1.223169 0.12782876 1.0923822e-11)
(1.1662403 0.10616466 3.591251e-10)
(1.115443 0.083517624 5.7751403e-10)
(1.0736579 0.064328037 5.2573506e-10)
(1.0420358 0.053415494 1.1190457e-10)
(1.020081 0.053736018 -6.1566534e-10)
(1.0053645 0.064765638 -1.5034392e-09)
(0.99406739 0.083252808 -2.4097002e-09)
(0.98241585 0.10493503 -3.2848117e-09)
(0.96770987 0.12595014 -4.1680504e-09)
(0.94859529 0.14356244 -5.1277413e-09)
(0.92494099 0.1561762 -6.1972912e-09)
(0.89748267 0.16294158 -7.3405781e-09)
(0.86750796 0.1633233 -8.4600754e-09)
(0.83658301 0.15686181 -9.4363567e-09)
(0.80640432 0.1431705 -1.0177487e-08)
(0.77865091 0.12203512 -1.0650896e-08)
(0.75495992 0.093616908 -1.0887207e-08)
(0.73680957 0.05844062 -1.0953833e-08)
(0.72550708 0.017631389 -1.0919397e-08)
(0.72201775 -0.02728563 -1.0825025e-08)
(0.72712777 -0.074183647 -1.0676625e-08)
(0.74142537 -0.12058291 -1.0455455e-08)
(0.76495386 -0.1637479 -1.0138984e-08)
(0.79724785 -0.20094603 -9.7189447e-09)
(0.83735894 -0.22973047 -9.2100196e-09)
(0.88390856 -0.24819777 -8.6486856e-09)
(0.93515815 -0.25517248 -8.0854742e-09)
(0.98907579 -0.25033921 -7.5727906e-09)
(1.043445 -0.23429963 -7.148905e-09)
(1.0960417 -0.208538 -6.8200177e-09)
(1.1448842 -0.17523723 -6.5495733e-09)
(1.1883344 -0.13691843 -6.2641867e-09)
(1.2250982 -0.096216373 -5.8788686e-09)
(1.2541671 -0.055621905 -5.3320926e-09)
(1.2746795 -0.017389566 -4.6111131e-09)
(1.2860663 0.016636067 -3.7571416e-09)
(1.2882996 0.045164081 -2.847962e-09)
(1.2820462 0.067608057 -1.9698344e-09)
(1.2686909 0.084129067 -1.1920484e-09)
(1.2501715 0.095469761 -5.5421468e-10)
(1.2286135 0.10267608 -6.6879489e-11)
(1.2059557 0.10681426 2.7998479e-10)
(1.1836982 0.10878098 5.0700515e-10)
(1.1628133 0.10923233 6.378005e-10)
(1.1437825 0.10860128 6.9454967e-10)
(1.1266982 0.10715433 6.9594682e-10)
(1.1113846 0.10505377 6.5635244e-10)
(1.0975079 0.10240832 5.853674e-10)
(1.0846719 0.099309313 4.874625e-10)
(1.0724897 0.095854405 3.6184884e-10)
(1.0606339 0.092159832 2.0292612e-10)
(1.0488604 0.088360591 1.7490037e-12)
(1.0370102 0.084598447 -2.5149484e-10)
(1.0249931 0.08099989 -5.6442288e-10)
(1.0127637 0.077643915 -9.3974486e-10)
(1.0003013 0.074534715 -1.3738731e-09)
(0.98759619 0.071571241 -1.8572194e-09)
(0.97466407 0.068541569 -2.3761827e-09)
(0.96156019 0.065123018 -2.9156323e-09)
(0.9484157 0.060914855 -3.4613733e-09)
(0.93545557 0.055475316 -4.0013314e-09)
(0.92301282 0.048370277 -4.525795e-09)
(0.91153211 0.039247387 -5.0266776e-09)
(0.90154461 0.027853108 -5.4962771e-09)
(0.89366238 0.014141 -5.9263705e-09)
(0.88847716 -0.0017544779 -6.307504e-09)
(0.88650701 -0.019411883 -6.6294012e-09)
(0.88824592 -0.038262394 -6.8813001e-09)
(0.89408942 -0.057488299 -7.0534314e-09)
(0.90423055 -0.076119375 -7.1384716e-09)
(0.91866696 -0.093112346 -7.1326134e-09)
(0.93718985 -0.10744086 -7.0359188e-09)
(0.95938941 -0.11819196 -6.8518849e-09)
(0.98467391 -0.12464404 -6.5863541e-09)
(1.0122881 -0.12632519 -6.2463544e-09)
(1.0413204 -0.12305527 -5.8393368e-09)
(1.0707153 -0.11497616 -5.3732799e-09)
(1.0993037 -0.10257524 -4.8574515e-09)
(1.125893 -0.086666798 -4.3039537e-09)
(1.1493712 -0.068313714 -3.7288613e-09)
(1.1688174 -0.048709205 -3.1522826e-09)
(1.1836132 -0.029034906 -2.5967208e-09)
(1.1935091 -0.010326169 -2.0839241e-09)
(1.1985811 0.0066145651 -1.6312256e-09)
(1.1992221 0.021240377 -1.2488972e-09)
(1.1960683 0.033280015 -9.3940619e-10)
(1.189837 0.042670287 -6.9838253e-10)
(1.1812602 0.049505085 -5.1689851e-10)
(1.1710133 0.053977518 -3.8395012e-10)
(1.1596749 0.056333426 -2.8854736e-10)
(1.147715 0.056838432 -2.2098895e-10)
(1.1355006 0.055756775 -1.7336422e-10)
(1.1233124 0.053338442 -1.3961214e-10)
(1.1113632 0.049812285 -1.1521146e-10)
(1.099818 0.045383512 -9.6881925e-11)
(1.0888089 0.040233937 -8.2295807e-11)
(1.0784498 0.034523309 -6.9744083e-11)
(1.0688451 0.028394141 -5.7815242e-11)
(1.0600967 0.02197893 -4.5375575e-11)
(1.0523018 0.015410382 -3.1584038e-11)
(1.0455486 0.0088173402 -1.6283573e-11)
(1.0399192 0.0023477883 3.9495424e-13)
(1.0354617 -0.0038607408 1.7730597e-11)
(1.0321983 -0.009651073 3.5254554e-11)
(1.0300839 -0.014900217 5.0946179e-11)
(1.0290667 -0.019460812 6.2295796e-11)
(1.0289689 -0.023254119 6.4579049e-11)
(1.0296808 -0.026184126 5.2922966e-11)
(1.0309007 -0.02826157 2.2992357e-11)
(1.0325471 -0.029483817 -3.1017214e-11)
(1.0342501 -0.029957308 -1.0896756e-10)
(1.0360693 -0.029783034 -2.1929751e-10)
(1.0375653 -0.029076853 -3.5129496e-10)
(1.0388877 -0.02796668 -5.1385656e-10)
(1.0395543 -0.026707001 -6.7815549e-10)
(1.0400068 -0.025541551 -8.7246316e-10)
(1.0398314 -0.024619065 -1.0559844e-09)
(1.0396195 -0.024195862 -1.2624954e-09)
(1.0391172 -0.024199345 -1.4169024e-09)
(1.038856 -0.025103571 -1.5619167e-09)
(1.1428436 -0.012351883 -3.4525045e-12)
(1.1438775 -0.036810637 9.7890143e-12)
(1.145944 -0.061716928 -1.1341881e-11)
(1.1490366 -0.087006664 1.2217912e-11)
(1.1533649 -0.11385746 -2.3723766e-12)
(1.1594259 -0.14154694 -3.0151735e-11)
(1.1677007 -0.17222325 9.5671156e-11)
(1.178902 -0.20345055 -2.24941e-10)
(1.1939067 -0.23951859 4.3087681e-10)
(1.2133542 -0.27415247 -7.6899288e-10)
(1.2392772 -0.31596737 1.2928836e-09)
(1.2725265 -0.35254407 -2.1303234e-09)
(1.3136096 -0.39579099 3.354647e-09)
(1.3653844 -0.42822656 -4.8688334e-09)
(1.4239857 -0.46176809 5.8354502e-09)
(1.4969638 -0.48159102 -5.2576084e-09)
(1.5715588 -0.48894875 3.2882123e-09)
(1.657724 -0.48100817 -1.3035821e-09)
(1.737901 -0.45116225 -2.0036469e-10)
(1.8098047 -0.40557647 3.0736884e-09)
(1.8687938 -0.35252081 6.3144728e-09)
(1.9110592 -0.29797749 9.2144539e-09)
(1.9325899 -0.24280639 1.1681357e-08)
(1.9402655 -0.19082466 1.3363983e-08)
(1.9406585 -0.1428702 1.5870216e-08)
(1.9379093 -0.098284669 1.6573967e-08)
(1.9335517 -0.055502439 1.7246738e-08)
(1.9264975 -0.014003078 1.7106915e-08)
(1.9152964 0.025931555 1.6460849e-08)
(1.8982948 0.063366025 1.5178676e-08)
(1.875461 0.096771737 1.3267019e-08)
(1.8474379 0.12475247 1.1024488e-08)
(1.815101 0.14606784 8.4690113e-09)
(1.7807788 0.15935679 5.6084449e-09)
(1.7454178 0.16378308 2.7212167e-09)
(1.7111392 0.1583755 -2.5193407e-10)
(1.6802901 0.14562858 -3.221907e-09)
(1.6540106 0.12718999 -6.1286977e-09)
(1.6336208 0.10382744 -9.1084991e-09)
(1.6200859 0.07770461 -1.23803e-08)
(1.6141674 0.051634284 -1.6018598e-08)
(1.6164088 0.028139456 -1.9732835e-08)
(1.6265766 0.0089804007 -2.314858e-08)
(1.6442151 -0.0042366013 -2.6321299e-08)
(1.6700064 -0.0086851116 -2.8934663e-08)
(1.7028489 -0.0017444665 -3.0216163e-08)
(1.740243 0.017080112 -3.0630415e-08)
(1.7786374 0.046255391 -3.1036634e-08)
(1.8154076 0.086305118 -3.055639e-08)
(1.8485562 0.13558733 -2.9076397e-08)
(1.8753522 0.19095038 -2.767918e-08)
(1.8937247 0.25099861 -2.5256078e-08)
(1.9008981 0.31276838 -2.0360141e-08)
(1.8942053 0.36979811 -1.4673391e-08)
(1.8715862 0.41836763 -9.0650606e-09)
(1.8343563 0.45513957 -4.595339e-09)
(1.7857118 0.47711548 -1.688881e-09)
(1.7285038 0.48397622 -2.3170136e-10)
(1.6654922 0.4769268 2.5692691e-10)
(1.5990034 0.45708321 2.927241e-10)
(1.5306802 0.42568112 1.913735e-10)
(1.4617476 0.38464682 8.0380445e-11)
(1.3933123 0.33634627 4.4844144e-11)
(1.3266833 0.28316106 1.023025e-10)
(1.26331 0.22796489 1.0055641e-10)
(1.2039969 0.17383511 -6.3503757e-11)
(1.149023 0.12111726 -1.2522482e-10)
(1.0994277 0.06703946 3.5687983e-10)
(1.0559662 0.012678412 1.3887926e-09)
(1.0168273 -0.032107093 2.2435811e-09)
(0.97709337 -0.054817338 1.9148027e-09)
(0.93100021 -0.050741132 -8.9279224e-11)
(0.8763747 -0.02724172 -3.4624197e-09)
(0.81671347 0.00083097831 -7.5262291e-09)
(0.75942764 0.018962807 -1.1674666e-08)
(0.71245705 0.018783177 -1.5400023e-08)
(0.68119978 -0.0010367014 -1.8247784e-08)
(0.66711015 -0.036243954 -2.0388473e-08)
(0.66991733 -0.081135655 -2.2053479e-08)
(0.68896897 -0.12963887 -2.3087054e-08)
(0.72214026 -0.17513758 -2.3179643e-08)
(0.76596157 -0.2134044 -2.2635604e-08)
(0.81749466 -0.24168994 -2.1678792e-08)
(0.87385373 -0.25858372 -2.0451234e-08)
(0.93246522 -0.26390794 -1.9017217e-08)
(0.9913871 -0.25844381 -1.7386779e-08)
(1.0495566 -0.24356082 -1.556072e-08)
(1.1068981 -0.22062918 -1.3577284e-08)
(1.1641517 -0.19065836 -1.1538908e-08)
(1.2223784 -0.154082 -9.6000292e-09)
(1.2821539 -0.110983 -7.920905e-09)
(1.3428342 -0.06145005 -6.6051449e-09)
(1.4016766 -0.0062954574 -5.6489997e-09)
(1.4535447 0.05167199 -4.9282128e-09)
(1.4915187 0.1073922 -4.253413e-09)
(1.5087324 0.15461997 -3.4897316e-09)
(1.5013319 0.1879754 -2.6514026e-09)
(1.4701315 0.20472436 -1.8613669e-09)
(1.4199307 0.20519267 -1.205428e-09)
(1.3575435 0.19185904 -6.4969698e-10)
(1.2901409 0.1682812 -1.2193639e-10)
(1.2242397 0.1389683 3.383545e-10)
(1.1650414 0.10991541 5.3819633e-10)
(1.116136 0.087919708 2.7040991e-10)
(1.0789637 0.078175519 -5.0759576e-10)
(1.0522621 0.082138265 -1.6405532e-09)
(1.0325963 0.097488653 -2.9031709e-09)
(1.0158093 0.11962318 -4.1487947e-09)
(0.9983924 0.14354194 -5.3575557e-09)
(0.97815538 0.16514761 -6.5765629e-09)
(0.95434614 0.18168332 -7.8296203e-09)
(0.92732212 0.1914713 -9.0640013e-09)
(0.89818561 0.19350637 -1.0165941e-08)
(0.86839969 0.18708491 -1.1019873e-08)
(0.83957549 0.17175933 -1.1573891e-08)
(0.81330684 0.14737209 -1.1864638e-08)
(0.7910766 0.11421121 -1.1995061e-08)
(0.77426425 0.072924673 -1.2076918e-08)
(0.76407817 0.024794852 -1.2177093e-08)
(0.76144786 -0.028433445 -1.2293321e-08)
(0.76721826 -0.084337137 -1.2364828e-08)
(0.78196962 -0.14003604 -1.2306719e-08)
(0.80580738 -0.1923213 -1.2050122e-08)
(0.8383041 -0.23794966 -1.1567656e-08)
(0.87853806 -0.27400402 -1.0878068e-08)
(0.92520672 -0.298188 -1.0035087e-08)
(0.97672491 -0.30900171 -9.1132957e-09)
(1.0312264 -0.30586621 -8.1994048e-09)
(1.0865491 -0.28927223 -7.3850618e-09)
(1.1404125 -0.26085328 -6.7506376e-09)
(1.190789 -0.22317872 -6.3379589e-09)
(1.2361753 -0.17925514 -6.1248573e-09)
(1.2756352 -0.13202226 -6.0210752e-09)
(1.3086159 -0.084115938 -5.8954537e-09)
(1.334718 -0.037797722 -5.6238633e-09)
(1.3534251 0.0050398125 -5.1342622e-09)
(1.3640901 0.042784381 -4.4273587e-09)
(1.3662387 0.074153648 -3.5675978e-09)
(1.3598493 0.098420767 -2.6529167e-09)
(1.3456775 0.1155647 -1.7801281e-09)
(1.3252997 0.12626005 -1.0200807e-09)
(1.3008398 0.13166802 -4.0878103e-10)
(1.2745373 0.13312725 4.8063004e-11)
(1.2483525 0.13188608 3.6423511e-10)
(1.2237291 0.12895681 5.623891e-10)
(1.2015242 0.12508161 6.6669559e-10)
(1.1820589 0.12076479 6.9877772e-10)
(1.1652267 0.1163251 6.7568701e-10)
(1.1506258 0.11194659 6.086595e-10)
(1.1376907 0.10772371 5.0217637e-10)
(1.1258114 0.1037011 3.5353661e-10)
(1.1144283 0.099904137 1.5366052e-10)
(1.1030964 0.096358587 -1.1036277e-10)
(1.0915091 0.093091247 -4.5112221e-10)
(1.079493 0.090113153 -8.7621645e-10)
(1.0669776 0.087385936 -1.3847567e-09)
(1.0539649 0.08478186 -1.9663182e-09)
(1.0405156 0.082048165 -2.6028561e-09)
(1.0267501 0.078807352 -3.2724681e-09)
(1.0128698 0.074572714 -3.9536498e-09)
(0.99916525 0.068803115 -4.6282773e-09)
(0.98604095 0.060958541 -5.2826053e-09)
(0.97398118 0.05057542 -5.9065745e-09)
(0.96356596 0.037360247 -6.4918843e-09)
(0.95540364 0.021191997 -7.0298521e-09)
(0.95009861 0.0022273852 -7.5101787e-09)
(0.94815139 -0.019058296 -7.9208053e-09)
(0.94997793 -0.041951727 -8.2483597e-09)
(0.95595182 -0.065492172 -8.4803833e-09)
(0.96623075 -0.088534815 -8.6079203e-09)
(0.98078384 -0.10983871 -8.627584e-09)
(0.9993878 -0.12818085 -8.5423851e-09)
(1.0216487 -0.14247256 -8.3610117e-09)
(1.0470449 -0.15184368 -8.0956464e-09)
(1.074961 -0.15568445 -7.7593377e-09)
(1.1046802 -0.15366529 -7.3636224e-09)
(1.1353515 -0.14577809 -6.9172079e-09)
(1.1659698 -0.13239309 -6.4257078e-09)
(1.1954271 -0.11428959 -5.892824e-09)
(1.2225911 -0.092610317 -5.3225842e-09)
(1.2464018 -0.068743225 -4.7222074e-09)
(1.2659862 -0.044165693 -4.1044146e-09)
(1.2807564 -0.020280614 -3.4878373e-09)
(1.2904227 0.0017269542 -2.8948753e-09)
(1.2950618 0.02102075 -2.3476651e-09)
(1.2950849 0.037071862 -1.8638902e-09)
(1.2910971 0.049697883 -1.4537762e-09)
(1.2838345 0.058981232 -1.1194717e-09)
(1.2740561 0.065180485 -8.5637152e-10)
(1.262466 0.068650381 -6.5552236e-10)
(1.24967 0.069778806 -5.0611605e-10)
(1.2361578 0.068943983 -3.973575e-10)
(1.2223086 0.066489917 -3.1968079e-10)
(1.2084097 0.062715491 -2.6510948e-10)
(1.1946786 0.057874469 -2.2729721e-10)
(1.1812844 0.05217877 -2.0136983e-10)
(1.1683704 0.045802262 -1.8363058e-10)
(1.1560718 0.038890548 -1.7110957e-10)
(1.1445272 0.031577214 -1.6138533e-10)
(1.133879 0.023994344 -1.5221266e-10)
(1.1242691 0.016280121 -1.419906e-10)
(1.1158443 0.0085980429 -1.2930784e-10)
(1.1087189 0.0011105602 -1.1368089e-10)
(1.1029873 -0.0059803086 -9.412639e-11)
(1.0986589 -0.012487898 -7.1714672e-11)
(1.0957351 -0.01820137 -4.7819272e-11)
(1.094049 -0.02298282 -2.7823121e-11)
(1.0934889 -0.026687314 -1.6736364e-11)
(1.0936872 -0.029298143 -2.1676268e-11)
(1.0945108 -0.030823509 -4.6854064e-11)
(1.0954294 -0.03139189 -9.7494529e-11)
(1.0965959 -0.031090982 -1.8201101e-10)
(1.0974049 -0.030032298 -3.0971004e-10)
(1.0981001 -0.028457075 -4.7703175e-10)
(1.0977194 -0.026658452 -6.7661017e-10)
(1.0972027 -0.025069339 -8.9920049e-10)
(1.0956326 -0.02356839 -1.1368814e-09)
(1.0940353 -0.023150043 -1.37617e-09)
(1.0919742 -0.022451703 -1.5965853e-09)
(1.0889021 -0.024214296 -1.8741705e-09)
(1.2106334 -0.012612002 2.4086851e-12)
(1.211069 -0.037657496 2.2604247e-12)
(1.2118408 -0.063197868 -7.6776914e-12)
(1.2131684 -0.089437259 1.1868402e-11)
(1.2148807 -0.11739064 -1.8544168e-11)
(1.2180593 -0.14689233 1.0719506e-11)
(1.2223523 -0.17966014 3.7087667e-12)
(1.2299233 -0.21431958 -6.0247155e-11)
(1.239787 -0.25439569 1.592206e-10)
(1.2558487 -0.29488611 -3.8021292e-10)
(1.2784489 -0.34571598 8.607167e-10)
(1.30782 -0.3896601 -1.956711e-09)
(1.3478908 -0.44601393 3.9108697e-09)
(1.3995258 -0.48560842 -7.2375889e-09)
(1.4648699 -0.5373963 1.0928838e-08)
(1.5462748 -0.56120054 -1.2769191e-08)
(1.633979 -0.57806728 1.1789998e-08)
(1.7434051 -0.56903758 -1.0384873e-08)
(1.8339389 -0.52464585 1.1070629e-08)
(1.9306196 -0.47450773 2.1269732e-08)
(1.9762153 -0.39978872 2.2743834e-08)
(1.9872357 -0.32360631 2.6816751e-08)
(1.9819843 -0.25389033 3.3365504e-08)
(1.9677813 -0.19365812 4.0398517e-08)
(1.9507195 -0.14150346 4.5808097e-08)
(1.9345595 -0.093018549 5.112569e-08)
(1.9188002 -0.046034675 5.3645871e-08)
(1.9025354 0.00034665041 5.3041948e-08)
(1.8824308 0.045240119 4.9883172e-08)
(1.8578116 0.087234542 4.4505219e-08)
(1.8286563 0.12484017 3.7702661e-08)
(1.7953981 0.15657637 3.0352492e-08)
(1.7589883 0.18050315 2.288326e-08)
(1.7192612 0.19572548 1.585045e-08)
(1.6778024 0.20095144 9.3029834e-09)
(1.6367401 0.1953853 2.9815824e-09)
(1.597623 0.18011977 -3.2500227e-09)
(1.5618473 0.15681051 -9.4456675e-09)
(1.5310841 0.12698487 -1.5825407e-08)
(1.5065039 0.093020249 -2.2579141e-08)
(1.4891493 0.05838269 -2.9462409e-08)
(1.4805085 0.025883981 -3.5800054e-08)
(1.4807224 -0.0027673121 -4.1073336e-08)
(1.4928086 -0.024907502 -4.4938984e-08)
(1.518453 -0.038360608 -4.7266351e-08)
(1.5571559 -0.040510823 -4.8163592e-08)
(1.6075756 -0.028603256 -4.7920534e-08)
(1.6677216 -0.0013487307 -4.678221e-08)
(1.732323 0.04156824 -4.4996807e-08)
(1.7938357 0.09823314 -4.2670158e-08)
(1.8460483 0.16453126 -3.9438028e-08)
(1.88402 0.23399949 -3.5930498e-08)
(1.9082601 0.30388554 -3.3159072e-08)
(1.9202764 0.37379612 -3.0333014e-08)
(1.9206484 0.43750255 -2.5599461e-08)
(1.9044111 0.48869205 -1.7784579e-08)
(1.8684509 0.52515948 -1.0697405e-08)
(1.8177738 0.54310478 -5.4140155e-09)
(1.7571394 0.54243011 -2.1458315e-09)
(1.6901208 0.52565545 -4.8839356e-10)
(1.6197853 0.49548298 1.5326073e-10)
(1.5483429 0.45457521 2.6717114e-10)
(1.477114 0.40541254 2.3993334e-10)
(1.4073085 0.35009709 2.7210428e-10)
(1.3401824 0.29166486 2.3613625e-10)
(1.2762218 0.23389207 -1.5432662e-11)
(1.215739 0.1770325 -1.5698396e-10)
(1.1600386 0.11773363 3.9589248e-10)
(1.1097714 0.058272616 1.6497604e-09)
(1.0616673 0.012248179 2.6486236e-09)
(1.0095841 -0.0057276833 2.0692383e-09)
(0.94951704 0.0064939189 -7.5283286e-10)
(0.88255962 0.036080468 -5.3605874e-09)
(0.81475392 0.06345785 -1.0742016e-08)
(0.75447945 0.072793207 -1.6054446e-08)
(0.7088319 0.057421144 -2.0758636e-08)
(0.68184087 0.019416765 -2.4542726e-08)
(0.67445844 -0.034790669 -2.6990107e-08)
(0.68564534 -0.09704389 -2.8002687e-08)
(0.71288824 -0.15990245 -2.7776313e-08)
(0.75288872 -0.21711972 -2.6709485e-08)
(0.80252326 -0.26402853 -2.5217634e-08)
(0.85875923 -0.29781702 -2.3624818e-08)
(0.9185648 -0.31725977 -2.2129337e-08)
(0.97901047 -0.32258525 -2.0790022e-08)
(1.0375376 -0.31535202 -1.953226e-08)
(1.0923916 -0.29804746 -1.8193285e-08)
(1.1430698 -0.27333688 -1.6605109e-08)
(1.1905029 -0.24324756 -1.4685132e-08)
(1.2368276 -0.20855518 -1.249292e-08)
(1.2847531 -0.16868178 -1.0226516e-08)
(1.3366018 -0.12213583 -8.1568202e-09)
(1.393066 -0.067482941 -6.5251197e-09)
(1.4519453 -0.0042909764 -5.4351585e-09)
(1.5075479 0.064960691 -4.7814744e-09)
(1.5512814 0.13388957 -4.2900844e-09)
(1.5739965 0.19360091 -3.7049326e-09)
(1.5696745 0.23625754 -2.9742916e-09)
(1.5380267 0.25776256 -2.2207374e-09)
(1.4840228 0.25805925 -1.5324134e-09)
(1.4154463 0.24011916 -8.6462457e-10)
(1.3406654 0.2091787 -1.8706308e-10)
(1.2673851 0.17267287 3.3575449e-10)
(1.2019415 0.13947449 3.9157358e-10)
(1.1483649 0.11751253 -2.3759565e-10)
(1.1074877 0.11106676 -1.4976716e-09)
(1.0771025 0.11966156 -3.1191606e-09)
(1.0532911 0.13905037 -4.8201148e-09)
(1.0320825 0.16340902 -6.4501288e-09)
(1.0105573 0.18727155 -7.9790385e-09)
(0.98728688 0.20654623 -9.400218e-09)
(0.96209436 0.21855238 -1.0658227e-08)
(0.93567418 0.22169074 -1.1661621e-08)
(0.90912362 0.21499368 -1.2348506e-08)
(0.88377091 0.19787516 -1.2748689e-08)
(0.86098611 0.17027887 -1.2984907e-08)
(0.84199484 0.13255516 -1.3216124e-08)
(0.82801707 0.085569038 -1.3558091e-08)
(0.82009805 0.030530568 -1.4026802e-08)
(0.81912096 -0.030556011 -1.4538508e-08)
(0.82592162 -0.09504867 -1.4945814e-08)
(0.84112232 -0.15969486 -1.5096798e-08)
(0.86489415 -0.22079463 -1.4891006e-08)
(0.89682639 -0.27456366 -1.4308263e-08)
(0.93594767 -0.31763502 -1.3402365e-08)
(0.98095953 -0.34742383 -1.2266464e-08)
(1.0304943 -0.36220306 -1.0996281e-08)
(1.0830684 -0.3610863 -9.6772907e-09)
(1.1367935 -0.34425738 -8.3964827e-09)
(1.1893894 -0.31333878 -7.2545059e-09)
(1.2386913 -0.27134842 -6.3558598e-09)
(1.283149 -0.22197401 -5.7750784e-09)
(1.3219323 -0.16878238 -5.516715e-09)
(1.3548126 -0.11478943 -5.4964623e-09)
(1.3819372 -0.062274421 -5.5613122e-09)
(1.4034798 -0.012896752 -5.5417669e-09)
(1.4192763 0.032122178 -5.3095905e-09)
(1.4287025 0.07163897 -4.8144539e-09)
(1.4308453 0.10453832 -4.0878602e-09)
(1.4249566 0.12994947 -3.2192181e-09)
(1.410988 0.14753238 -2.3187023e-09)
(1.3898915 0.15766501 -1.4831213e-09)
(1.3635308 0.16139048 -7.7602617e-10)
(1.3342748 0.16015942 -2.2452234e-10)
(1.3044874 0.15551932 1.7248648e-10)
(1.2761205 0.14887401 4.3244452e-10)
(1.2504986 0.1413616 5.7914576e-10)
(1.2282739 0.13381977 6.3617651e-10)
(1.2095009 0.12680045 6.2289645e-10)
(1.1937765 0.12060718 5.5170754e-10)
(1.1804089 0.11534811 4.2612797e-10)
(1.1685896 0.11098943 2.4033327e-10)
(1.1575475 0.10741873 -1.8928287e-11)
(1.1466581 0.10448667 -3.6767446e-10)
(1.1354982 0.10203655 -8.183932e-10)
(1.1238403 0.099896489 -1.3741808e-09)
(1.1116134 0.097843241 -2.0256904e-09)
(1.0988759 0.095549327 -2.7521154e-09)
(1.085794 0.092555273 -3.5257064e-09)
(1.0726382 0.088291373 -4.3178643e-09)
(1.0597733 0.082113514 -5.1041813e-09)
(1.0476495 0.07340127 -5.8669135e-09)
(1.0368037 0.0616098 -6.594153e-09)
(1.0277835 0.046393411 -7.2774047e-09)
(1.0211439 0.02765823 -7.9078882e-09)
(1.0174402 0.0055902904 -8.4741446e-09)
(1.0170668 -0.019345968 -8.9614689e-09)
(1.0203309 -0.046213938 -9.3523723e-09)
(1.0274885 -0.073925856 -9.6297332e-09)
(1.0386247 -0.10118188 -9.7809477e-09)
(1.0536549 -0.12655483 -9.8016593e-09)
(1.0723032 -0.14864169 -9.6976619e-09)
(1.0941318 -0.16622023 -9.4840415e-09)
(1.1186255 -0.17834497 -9.1816867e-09)
(1.145274 -0.18435302 -8.8128859e-09)
(1.1735632 -0.18382702 -8.3974743e-09)
(1.2028923 -0.17662198 -7.9505612e-09)
(1.2325041 -0.16296216 -7.4815795e-09)
(1.2615078 -0.14353399 -6.9943299e-09)
(1.2889578 -0.11947213 -6.4877905e-09)
(1.313928 -0.092240098 -5.9580838e-09)
(1.3355826 -0.063476425 -5.4019286e-09)
(1.3532446 -0.034827857 -4.8206754e-09)
(1.3664533 -0.0077891524 -4.2231866e-09)
(1.3749749 0.016493084 -3.6258505e-09)
(1.3788612 0.03719513 -3.0496824e-09)
(1.3784379 0.053896867 -2.5155271e-09)
(1.3742076 0.066546728 -2.0397559e-09)
(1.3667841 0.07536678 -1.6318191e-09)
(1.3568141 0.080753474 -1.2939792e-09)
(1.3449126 0.083187212 -1.0227216e-09)
(1.3316182 0.083160317 -8.1077625e-10)
(1.3173772 0.081127432 -6.4928612e-10)
(1.3025467 0.07748058 -5.2917625e-10)
(1.287409 0.072542814 -4.420654e-10)
(1.2721872 0.066570248 -3.8064882e-10)
(1.2570685 0.059756691 -3.3890569e-10)
(1.2422334 0.052251148 -3.1181066e-10)
(1.2278687 0.044180334 -2.9525676e-10)
(1.2141747 0.035671811 -2.8543262e-10)
(1.2013597 0.026858683 -2.7911246e-10)
(1.1896424 0.017906041 -2.7310964e-10)
(1.1792227 0.0090059511 -2.6511747e-10)
(1.1703018 0.00039843985 -2.5237383e-10)
(1.1629944 -0.0076576352 -2.3402601e-10)
(1.1573685 -0.014876826 -2.0968157e-10)
(1.1533619 -0.021015487 -1.8338613e-10)
(1.1508742 -0.025863086 -1.6023859e-10)
(1.1496138 -0.029295333 -1.4988687e-10)
(1.1493139 -0.031281119 -1.5907203e-10)
(1.1494527 -0.031957607 -1.848084e-10)
(1.1497453 -0.031812614 -2.1033446e-10)
(1.1499618 -0.030623584 -2.8953687e-10)
(1.1501687 -0.028343058 -4.5704544e-10)
(1.1491364 -0.025685237 -6.6512868e-10)
(1.1477852 -0.023597326 -9.0821027e-10)
(1.1453359 -0.021203463 -1.1755098e-09)
(1.1422994 -0.02066363 -1.4631193e-09)
(1.1392993 -0.019401714 -1.7370431e-09)
(1.1337059 -0.02145161 -2.0920325e-09)
(1.2713018 -0.012539199 8.3893174e-12)
(1.2709955 -0.037516941 -5.8047102e-12)
(1.270371 -0.062992799 -2.8779681e-12)
(1.2695125 -0.08951316 1.0507394e-11)
(1.268348 -0.11778162 -3.3964922e-11)
(1.2677584 -0.14847237 5.3522271e-11)
(1.2675451 -0.18237439 -9.6281452e-11)
(1.2698038 -0.22028956 1.2962714e-10)
(1.2735067 -0.26307913 -1.7626765e-10)
(1.2840729 -0.3112588 1.6356162e-10)
(1.2965585 -0.36670912 -6.2380494e-11)
(1.3216888 -0.42317078 -4.6110815e-10)
(1.3574605 -0.49268478 2.1247834e-09)
(1.4096717 -0.54812427 -5.7275582e-09)
(1.4829588 -0.6256515 1.1336631e-08)
(1.5717668 -0.65500757 -1.6405008e-08)
(1.6894703 -0.70039336 1.8420077e-08)
(1.8218752 -0.68301235 -1.9243015e-08)
(1.9454177 -0.63586535 7.3262667e-08)
(2.0027377 -0.52754825 4.7904181e-08)
(2.0034457 -0.41640729 4.2505736e-08)
(1.9803138 -0.32182381 9.7202656e-08)
(1.9202674 -0.23859037 1.3491328e-07)
(1.854545 -0.17546721 1.5146852e-07)
(1.7968524 -0.12346003 1.5674696e-07)
(1.7513761 -0.075726663 1.5358952e-07)
(1.7180625 -0.028738389 1.4362212e-07)
(1.6889787 0.018391996 1.2917277e-07)
(1.6644476 0.064681659 1.1139257e-07)
(1.6416404 0.10914204 9.2622555e-08)
(1.6178544 0.15050431 7.4311226e-08)
(1.5908712 0.18671492 5.7233631e-08)
(1.5594949 0.21530072 4.1570079e-08)
(1.5228023 0.23456968 2.7312008e-08)
(1.4813865 0.24295598 1.4170209e-08)
(1.4359968 0.23921066 1.7058195e-09)
(1.3873863 0.22389922 -1.0411012e-08)
(1.3379999 0.19849558 -2.223601e-08)
(1.2904233 0.16466535 -3.3478316e-08)
(1.2473052 0.12509818 -4.3304159e-08)
(1.2119719 0.082896493 -5.0611917e-08)
(1.1883989 0.03997326 -5.4654207e-08)
(1.1801767 -0.0015796565 -5.5461536e-08)
(1.1911701 -0.03845125 -5.3809114e-08)
(1.2220901 -0.068032278 -5.0842378e-08)
(1.2722695 -0.086186557 -4.765773e-08)
(1.3396869 -0.088670352 -4.4945897e-08)
(1.4209745 -0.072312507 -4.3124098e-08)
(1.5123999 -0.036231807 -4.2484424e-08)
(1.6104427 0.020249708 -4.2793938e-08)
(1.7087428 0.096446198 -4.3035697e-08)
(1.7947392 0.18606816 -4.2347314e-08)
(1.8580614 0.27789127 -4.039355e-08)
(1.8961108 0.362203 -3.6743066e-08)
(1.9104239 0.43820338 -3.2992874e-08)
(1.9093873 0.5072776 -2.9992489e-08)
(1.8973327 0.5592077 -2.3297376e-08)
(1.8646675 0.59141868 -1.5583925e-08)
(1.8154975 0.60277186 -9.1697503e-09)
(1.755401 0.59351257 -4.6591189e-09)
(1.6883118 0.56679855 -1.9656404e-09)
(1.6174569 0.52678006 -6.462276e-10)
(1.5452043 0.47705573 -7.8333982e-11)
(1.4736041 0.41991878 2.1945506e-10)
(1.4041428 0.35880464 2.7942392e-10)
(1.3371022 0.29814896 1.2675755e-12)
(1.2729691 0.23773803 -1.9296349e-10)
(1.2132209 0.17390373 4.5731967e-10)
(1.1575644 0.11124461 1.9749916e-09)
(1.1016972 0.066516021 3.0962166e-09)
(1.0400941 0.0548343 2.1457217e-09)
(0.97080638 0.074254786 -1.6026251e-09)
(0.89747912 0.1062139 -7.5799213e-09)
(0.82782053 0.12810332 -1.4550538e-08)
(0.77004655 0.12462173 -2.1251056e-08)
(0.72986367 0.091629741 -2.6625136e-08)
(0.7095043 0.033894373 -2.9987447e-08)
(0.70882163 -0.039554026 -3.1146464e-08)
(0.72606375 -0.11909221 -3.0448815e-08)
(0.75837979 -0.19631232 -2.8537462e-08)
(0.80261661 -0.26459853 -2.603835e-08)
(0.85569346 -0.31941528 -2.3430467e-08)
(0.91471837 -0.35803759 -2.1045637e-08)
(0.97688852 -0.37924105 -1.9107338e-08)
(1.0393297 -0.38332476 -1.7733823e-08)
(1.0991603 -0.37226417 -1.6898397e-08)
(1.1538937 -0.34949924 -1.6406169e-08)
(1.2020717 -0.31913154 -1.5941051e-08)
(1.243733 -0.28480501 -1.5173298e-08)
(1.2805021 -0.24873132 -1.3880639e-08)
(1.3153826 -0.21112925 -1.2037658e-08)
(1.352274 -0.17005834 -9.8427691e-09)
(1.3949491 -0.12195979 -7.6631888e-09)
(1.445315 -0.06323666 -5.896024e-09)
(1.5015439 0.0075775774 -4.781135e-09)
(1.5571313 0.08779663 -4.2543143e-09)
(1.6020392 0.16933024 -3.9813485e-09)
(1.6257362 0.24028005 -3.6208502e-09)
(1.6210174 0.290224 -3.0768763e-09)
(1.5869226 0.31403569 -2.4415814e-09)
(1.5285492 0.31162659 -1.7548663e-09)
(1.4544115 0.28719049 -9.6937346e-10)
(1.3739499 0.24869185 -1.6735566e-10)
(1.2960304 0.20678191 3.1243399e-10)
(1.2275897 0.1723255 6.0158971e-11)
(1.1722899 0.15308526 -1.088011e-09)
(1.130059 0.15141921 -2.9329007e-09)
(1.0980324 0.16440814 -5.0834496e-09)
(1.0722878 0.18601376 -7.2035602e-09)
(1.0493901 0.20961936 -9.1137977e-09)
(1.0272274 0.22976982 -1.0738923e-08)
(1.0049688 0.24267728 -1.2027972e-08)
(0.98272257 0.24610363 -1.2946897e-08)
(0.96096589 0.23874854 -1.3523879e-08)
(0.94062818 0.21975442 -1.3885321e-08)
(0.92279124 0.18913059 -1.4223559e-08)
(0.90845348 0.14730872 -1.4716337e-08)
(0.89846984 0.095199512 -1.5443097e-08)
(0.89366429 0.034020072 -1.6346191e-08)
(0.89492953 -0.034092797 -1.725683e-08)
(0.90298637 -0.10637067 -1.7951868e-08)
(0.91846692 -0.17925229 -1.8225061e-08)
(0.94168714 -0.24852746 -1.7954476e-08)
(0.9723395 -0.30976328 -1.7142089e-08)
(1.0093409 -0.3590793 -1.5906696e-08)
(1.0511732 -0.39375472 -1.4422612e-08)
(1.0965589 -0.41213768 -1.2839198e-08)
(1.144599 -0.41316098 -1.1242451e-08)
(1.1940245 -0.39648346 -9.6792979e-09)
(1.2427114 -0.36342807 -8.2034124e-09)
(1.2884032 -0.31739587 -6.8971222e-09)
(1.3295875 -0.26279942 -5.8616244e-09)
(1.3655438 -0.20389994 -5.1822675e-09)
(1.3961094 -0.14427852 -4.8835023e-09)
(1.4215784 -0.086596645 -4.8996687e-09)
(1.4425343 -0.032466414 -5.0834552e-09)
(1.4594752 0.017317287 -5.2510422e-09)
(1.4724217 0.062319624 -5.2409644e-09)
(1.4807084 0.10191865 -4.9601574e-09)
(1.4830797 0.13522324 -4.4014537e-09)
(1.4781439 0.16120314 -3.6315028e-09)
(1.4650571 0.17909195 -2.7584812e-09)
(1.444064 0.18879053 -1.8943531e-09)
(1.4166309 0.19102854 -1.1260723e-09)
(1.3851218 0.18722639 -5.0335398e-10)
(1.3522246 0.17916881 -4.158826e-11)
(1.3203846 0.16867174 2.6755162e-10)
(1.2914229 0.15733952 4.4467222e-10)
(1.266373 0.14642128 5.1368367e-10)
(1.2455066 0.13676151 4.9528458e-10)
(1.228465 0.12880995 4.0207405e-10)
(1.2144757 0.12266881 2.3556012e-10)
(1.2025827 0.11817784 -1.3411867e-11)
(1.1918698 0.11501577 -3.6029068e-10)
(1.1816113 0.11279448 -8.1956106e-10)
(1.1713382 0.11112272 -1.3973725e-09)
(1.1608081 0.10958145 -2.0865433e-09)
(1.1499834 0.10769295 -2.8662295e-09)
(1.1389953 0.10487051 -3.7058949e-09)
(1.1281315 0.10043878 -4.5725049e-09)
(1.1177891 0.093667649 -5.4370305e-09)
(1.1084493 0.083854335 -6.2784084e-09)
(1.1006137 0.070438817 -7.0831749e-09)
(1.0948041 0.053055474 -7.8420653e-09)
(1.0914625 0.031661573 -8.5457201e-09)
(1.0908934 0.0065266266 -9.1808839e-09)
(1.0934504 -0.021777873 -9.7293511e-09)
(1.099318 -0.052245298 -1.0168738e-08)
(1.1085209 -0.083684221 -1.047617e-08)
(1.1210887 -0.11465838 -1.0633875e-08)
(1.1369259 -0.1435576 -1.0635134e-08)
(1.1557268 -0.16878486 -1.0488137e-08)
(1.176986 -0.18899649 -1.0215354e-08)
(1.2001353 -0.20324712 -9.8481007e-09)
(1.2247148 -0.21093108 -9.419157e-09)
(1.2503888 -0.2116249 -8.9567904e-09)
(1.2767995 -0.20506741 -8.4818508e-09)
(1.3034118 -0.19133394 -8.0075856e-09)
(1.3295269 -0.17102787 -7.5409142e-09)
(1.3544069 -0.14527452 -7.0834326e-09)
(1.3773625 -0.11557503 -6.6314804e-09)
(1.3977878 -0.083650556 -6.1766667e-09)
(1.4151761 -0.051273976 -5.7082346e-09)
(1.4291571 -0.020093354 -5.2174878e-09)
(1.4394704 0.0084860816 -4.702272e-09)
(1.4459862 0.033483993 -4.1693919e-09)
(1.4487682 0.054250424 -3.6333194e-09)
(1.448034 0.070563632 -3.1124265e-09)
(1.4441087 0.082535091 -2.6245648e-09)
(1.4373911 0.09051411 -2.1836262e-09)
(1.4283102 0.094992365 -1.7980038e-09)
(1.4172783 0.096514462 -1.4705333e-09)
(1.4046677 0.095604583 -1.1998501e-09)
(1.3908019 0.092727023 -9.8169751e-10)
(1.3759585 0.088276746 -8.1030339e-10)
(1.3603707 0.082564316 -6.791845e-10)
(1.3442505 0.075801167 -5.8203627e-10)
(1.3278192 0.068128133 -5.1281291e-10)
(1.3113178 0.059662982 -4.6618759e-10)
(1.2950102 0.050523795 -4.3698414e-10)
(1.2791685 0.040827227 -4.2055031e-10)
(1.2641063 0.030730651 -4.1196603e-10)
(1.2501255 0.020443167 -4.0722037e-10)
(1.2375388 0.010240882 -4.0174471e-10)
(1.2265798 0.00044411253 -3.9293188e-10)
(1.2174594 -0.0085891126 -3.782082e-10)
(1.2102099 -0.016490701 -3.5879983e-10)
(1.2048648 -0.022941965 -3.3619247e-10)
(1.2011731 -0.027693869 -3.1687585e-10)
(1.1990108 -0.030632571 -3.0588226e-10)
(1.1978423 -0.031804425 -3.1059667e-10)
(1.197528 -0.031769547 -3.2259139e-10)
(1.1970027 -0.030576534 -3.634458e-10)
(1.1963362 -0.027765297 -4.9643515e-10)
(1.1948136 -0.024138892 -6.8464769e-10)
(1.1928603 -0.02141693 -9.2353664e-10)
(1.1899395 -0.018008257 -1.2032636e-09)
(1.1859748 -0.016977271 -1.5125431e-09)
(1.1822991 -0.015140173 -1.831687e-09)
(1.1749072 -0.01730613 -2.2379293e-09)
(1.324848 -0.012105198 2.4832576e-11)
(1.323678 -0.036253237 -3.6138653e-11)
(1.3215861 -0.060937005 3.2891955e-11)
(1.3181759 -0.086847121 -4.355298e-11)
(1.3139376 -0.11466058 3.1092284e-11)
(1.308713 -0.14537195 -3.2831657e-11)
(1.303584 -0.1796809 3.1159002e-12)
(1.2984906 -0.21923809 1.2126189e-11)
(1.2953047 -0.26438551 -5.6174194e-11)
(1.2941281 -0.31809839 6.3594415e-11)
(1.2980122 -0.37686339 -2.7548972e-11)
(1.3153005 -0.45016832 -1.9972348e-10)
(1.3405133 -0.53045562 9.5988948e-10)
(1.3939324 -0.61904163 -2.89896e-09)
(1.4639827 -0.71774364 6.5070819e-09)
(1.5725519 -0.77849299 -1.0322628e-08)
(1.7269365 -0.87795018 1.7739132e-08)
(1.8864574 -0.81275891 6.4070046e-08)
(1.9520539 -0.75008284 1.2033577e-05)
(1.9824295 -0.58809551 6.1817137e-06)
(1.9023307 -0.41947226 -3.1058964e-05)
(1.7468544 -0.27858208 -3.3046419e-05)
(1.4071161 -0.12022052 4.5956227e-07)
(1.2855816 -0.071538746 3.3354223e-07)
(1.2075531 -0.034484066 2.5077861e-07)
(1.1645302 -0.0037498869 1.9013477e-07)
(1.1433184 0.027790755 1.4686098e-07)
(1.1375933 0.060932586 1.1583128e-07)
(1.1385132 0.097132923 9.1999637e-08)
(1.1412372 0.13677091 7.1682664e-08)
(1.1414164 0.17761519 5.3039657e-08)
(1.1356379 0.21615799 3.5404214e-08)
(1.1213415 0.24898102 1.8579977e-08)
(1.0973458 0.27332257 2.6178648e-09)
(1.0637249 0.28664913 -1.2404161e-08)
(1.0211191 0.28733904 -2.6304062e-08)
(0.97198251 0.27516363 -3.8461323e-08)
(0.91957283 0.2506922 -4.7849252e-08)
(0.86844682 0.21482209 -5.3284383e-08)
(0.82394204 0.16899892 -5.4115613e-08)
(0.79154824 0.11506956 -5.0696724e-08)
(0.77609022 0.055515566 -4.4278394e-08)
(0.78081744 -0.0061277217 -3.6461116e-08)
(0.80786627 -0.065292289 -2.879525e-08)
(0.85648297 -0.11671376 -2.2291492e-08)
(0.92572107 -0.15452438 -1.7467355e-08)
(1.0134887 -0.17339577 -1.4555931e-08)
(1.1164573 -0.16946458 -1.3668195e-08)
(1.2300936 -0.14138546 -1.4741238e-08)
(1.3494365 -0.089673641 -1.7512522e-08)
(1.4712326 -0.014593979 -2.1828664e-08)
(1.5943802 0.083668672 -2.7622937e-08)
(1.7103302 0.19881839 -3.3334209e-08)
(1.8003402 0.3161543 -3.6368618e-08)
(1.8549438 0.42059704 -3.6198152e-08)
(1.8798422 0.50527031 -3.3690602e-08)
(1.8799168 0.57426109 -3.0425625e-08)
(1.8662362 0.62388578 -2.4801561e-08)
(1.8348701 0.64915923 -1.7580601e-08)
(1.7873736 0.65134816 -1.1118125e-08)
(1.7296611 0.63279367 -6.3100689e-09)
(1.6648857 0.59745953 -3.2443644e-09)
(1.595754 0.54917371 -1.4643412e-09)
(1.5252494 0.49101582 -4.2674044e-10)
(1.455538 0.42778948 1.8733429e-11)
(1.3872514 0.3648047 -1.1984746e-10)
(1.3213921 0.3012314 -2.6241638e-10)
(1.2594469 0.233585 5.4961414e-10)
(1.2001599 0.16927794 2.3613665e-09)
(1.1387772 0.12763906 3.6051132e-09)
(1.0710664 0.12235703 2.2169585e-09)
(0.99738656 0.14672762 -2.6544334e-09)
(0.92314336 0.17760383 -1.020196e-08)
(0.85625757 0.19057786 -1.86525e-08)
(0.80373149 0.17164184 -2.6091639e-08)
(0.76948699 0.11963143 -3.1092239e-08)
(0.75481767 0.042031822 -3.3140312e-08)
(0.75908756 -0.050185653 -3.2621397e-08)
(0.78041831 -0.14616806 -3.0389254e-08)
(0.81619793 -0.23676538 -2.7288597e-08)
(0.86310424 -0.31520386 -2.3926292e-08)
(0.91777731 -0.37713375 -2.0661565e-08)
(0.97732271 -0.42007187 -1.7696878e-08)
(1.0392771 -0.44284544 -1.5193247e-08)
(1.1012142 -0.44563175 -1.3326861e-08)
(1.1605343 -0.43044737 -1.2229481e-08)
(1.2147131 -0.40130673 -1.1871446e-08)
(1.2618946 -0.36344842 -1.2015171e-08)
(1.3014035 -0.32197013 -1.2277527e-08)
(1.3339659 -0.28057697 -1.2251216e-08)
(1.3616394 -0.24091452 -1.1625782e-08)
(1.3876755 -0.20222474 -1.0285764e-08)
(1.4163426 -0.1609578 -8.38482e-09)
(1.4520657 -0.11120122 -6.3430606e-09)
(1.4973443 -0.047189232 -4.6895162e-09)
(1.5502497 0.032756892 -3.7553106e-09)
(1.6032524 0.1241168 -3.4620918e-09)
(1.6451419 0.2166343 -3.4383048e-09)
(1.6651166 0.2962515 -3.332599e-09)
(1.656128 0.34998915 -3.0205592e-09)
(1.6172182 0.37209102 -2.5304332e-09)
(1.5538276 0.36343555 -1.8318075e-09)
(1.475184 0.33079663 -9.2299694e-10)
(1.3916516 0.28547497 -7.3320751e-11)
(1.3126834 0.24075129 1.9175146e-10)
(1.244978 0.20805561 -5.6363516e-10)
(1.191297 0.19342122 -2.3596073e-09)
(1.1507068 0.19640048 -4.812755e-09)
(1.1200277 0.21167737 -7.4143448e-09)
(1.0956956 0.23199256 -9.7780254e-09)
(1.0750044 0.2506297 -1.1701106e-08)
(1.0564575 0.26271581 -1.3115079e-08)
(1.0394084 0.26543534 -1.4049694e-08)
(1.0234669 0.25703724 -1.4629802e-08)
(1.0091343 0.23616343 -1.5066162e-08)
(0.99730085 0.20271721 -1.5594076e-08)
(0.98864053 0.1573687 -1.6383834e-08)
(0.98357734 0.10089299 -1.7468871e-08)
(0.98274232 0.034728579 -1.8734327e-08)
(0.98671676 -0.039287309 -1.9954955e-08)
(0.99600013 -0.11816033 -2.0857842e-08)
(1.0112389 -0.19821296 -2.1188398e-08)
(1.0330131 -0.27482315 -2.0785993e-08)
(1.0613955 -0.34274391 -1.9651627e-08)
(1.0953695 -0.39728529 -1.7969068e-08)
(1.1329671 -0.43560994 -1.603001e-08)
(1.1725454 -0.45665019 -1.4085186e-08)
(1.2137604 -0.45959134 -1.2245214e-08)
(1.2564227 -0.44333944 -1.051479e-08)
(1.298751 -0.40837545 -8.8923475e-09)
(1.3382846 -0.35858877 -7.4135062e-09)
(1.3736851 -0.29934774 -6.1419219e-09)
(1.404637 -0.23545322 -5.1543634e-09)
(1.431231 -0.17093697 -4.5181808e-09)
(1.4537786 -0.10882807 -4.25723e-09)
(1.4727908 -0.050927666 -4.3220475e-09)
(1.48888 0.0020580172 -4.5869587e-09)
(1.5024681 0.050176627 -4.8807377e-09)
(1.5135325 0.093619881 -5.0360088e-09)
(1.5213485 0.13225602 -4.9355915e-09)
(1.5243657 0.16533576 -4.5398776e-09)
(1.5206776 0.19159849 -3.8882029e-09)
(1.5087818 0.20975908 -3.0763138e-09)
(1.488305 0.21912377 -2.2206635e-09)
(1.4603174 0.22000264 -1.4243121e-09)
(1.4271248 0.21371122 -7.569988e-10)
(1.3916742 0.20225352 -2.5148519e-10)
(1.3568573 0.18789015 8.8807467e-11)
(1.3249596 0.17273609 2.785359e-10)
(1.2973912 0.1584989 3.4009769e-10)
(1.2746322 0.14633571 2.9411699e-10)
(1.2563875 0.13681118 1.5142061e-10)
(1.2418439 0.12995111 -8.9366582e-11)
(1.2299983 0.12537008 -4.3786899e-10)
(1.2199174 0.12246316 -9.0413693e-10)
(1.2108831 0.12058881 -1.4917859e-09)
(1.2024111 0.11909304 -2.193638e-09)
(1.1942692 0.11726678 -2.9906794e-09)
(1.1864549 0.11433161 -3.8542904e-09)
(1.1791704 0.10945271 -4.7519305e-09)
(1.1727619 0.10180615 -5.6537559e-09)
(1.1676558 0.090639268 -6.5369758e-09)
(1.1643031 0.075382371 -7.3863296e-09)
(1.1630782 0.055739383 -8.1906862e-09)
(1.1642788 0.031728662 -8.9383453e-09)
(1.1680654 0.0037527461 -9.6133733e-09)
(1.1745343 -0.027423734 -1.0194328e-08)
(1.1836489 -0.060855608 -1.065517e-08)
(1.1952942 -0.095312786 -1.0968548e-08)
(1.2094588 -0.12929131 -1.1111551e-08)
(1.226104 -0.16102149 -1.1073767e-08)
(1.2449761 -0.18866389 -1.086459e-08)
(1.2655167 -0.21069891 -1.0514452e-08)
(1.2870526 -0.22622351 -1.0067162e-08)
(1.3091315 -0.23483174 -9.5676207e-09)
(1.3316019 -0.23621392 -9.0524317e-09)
(1.354345 -0.22998982 -8.546381e-09)
(1.3769961 -0.2160097 -8.0628972e-09)
(1.3989782 -0.19479497 -7.6073078e-09)
(1.4197051 -0.16753278 -7.1809724e-09)
(1.4386913 -0.13582079 -6.7826987e-09)
(1.4555661 -0.10147429 -6.407781e-09)
(1.4700826 -0.066357596 -6.0466801e-09)
(1.4820794 -0.032190874 -5.6856521e-09)
(1.491506 -0.000445609 -5.3102897e-09)
(1.4983205 0.027756409 -4.9107031e-09)
(1.5025091 0.051704722 -4.4848679e-09)
(1.5041602 0.071075979 -4.0389711e-09)
(1.5033676 0.085900985 -3.5852237e-09)
(1.5002604 0.096473171 -3.1382852e-09)
(1.4949968 0.10325832 -2.7120686e-09)
(1.4877341 0.10680228 -2.3175836e-09)
(1.4786225 0.10764348 -1.962365e-09)
(1.4678171 0.10625664 -1.6505087e-09)
(1.4554663 0.10304457 -1.3834169e-09)
(1.4416836 0.098343997 -1.1602972e-09)
(1.4265835 0.092378405 -9.7906737e-10)
(1.410362 0.085257992 -8.3632511e-10)
(1.3932829 0.077064284 -7.282904e-10)
(1.3756465 0.0678861 -6.5012676e-10)
(1.3577755 0.057807625 -5.9713933e-10)
(1.3400667 0.046975343 -5.6333239e-10)
(1.322914 0.035590585 -5.4385463e-10)
(1.306763 0.023954306 -5.3264532e-10)
(1.2919603 0.01243004 -5.2621572e-10)
(1.278908 0.0014682213 -5.1976828e-10)
(1.2677793 -0.0084767345 -5.121217e-10)
(1.2588314 -0.016929158 -5.0023425e-10)
(1.25187 -0.023542572 -4.8559267e-10)
(1.2470366 -0.028109912 -4.6809321e-10)
(1.2436068 -0.03050088 -4.5584688e-10)
(1.2415268 -0.030920325 -4.6022096e-10)
(1.239585 -0.029208374 -5.0028341e-10)
(1.238024 -0.026431838 -5.9263513e-10)
(1.2359758 -0.022124341 -7.4935171e-10)
(1.2335608 -0.018759854 -9.6414447e-10)
(1.230383 -0.014403945 -1.2412248e-09)
(1.2260008 -0.012628498 -1.5471058e-09)
(1.2219539 -0.010163385 -1.8958741e-09)
(1.213632 -0.012280112 -2.330353e-09)
(1.3712405 -0.011288129 5.247701e-11)
(1.3692046 -0.033798111 -8.8337878e-11)
(1.3654967 -0.056889356 9.7547369e-11)
(1.3594858 -0.081218821 -1.4553774e-10)
(1.3517644 -0.10763629 1.678667e-10)
(1.3417166 -0.13702608 -2.3334029e-10)
(1.3306396 -0.17061941 2.8296492e-10)
(1.3176311 -0.20974073 -3.9964956e-10)
(1.3052382 -0.25612245 5.6267843e-10)
(1.2927065 -0.31202269 -9.0439186e-10)
(1.2850733 -0.37894856 1.4748963e-09)
(1.2841778 -0.46282751 -2.438936e-09)
(1.295612 -0.5574455 3.9554816e-09)
(1.3348362 -0.68386775 -6.2715498e-09)
(1.3935655 -0.8000642 7.7230597e-09)
(1.5330074 -0.96139093 -4.3791409e-09)
(1.6706097 -1.0279534 -4.9865094e-05)
(1.7994522 -0.94118021 -0.00014803145)
(1.7512664 -0.73688211 -0.00022275684)
(1.4436686 -0.41683357 -0.0002605279)
(1.0611263 -0.15237985 -0.00029988286)
(0.80097336 -0.033481296 -0.00024471123)
(0.633529 -0.015127578 -0.00013031547)
(0.56793052 -0.0077153673 -5.4841773e-05)
(0.41740409 -0.0017132078 -4.0522761e-07)
(0.44414502 -0.0022574181 -2.0918307e-07)
(0.48839525 0.010803641 -8.0872173e-08)
(0.5269155 0.036605344 -1.1702006e-08)
(0.55912715 0.073954954 1.7128475e-08)
(0.58566252 0.11978223 2.2037388e-08)
(0.60416136 0.16952097 1.4563751e-08)
(0.61273988 0.21839872 1.8897895e-09)
(0.61009333 0.26207987 -1.1807556e-08)
(0.59604085 0.29690748 -2.432967e-08)
(0.57148001 0.31997384 -3.462694e-08)
(0.53767786 0.32834662 -4.1723018e-08)
(0.49824851 0.32042581 -4.4754384e-08)
(0.45806501 0.29554582 -4.3390166e-08)
(0.42194041 0.25383358 -3.8111364e-08)
(0.3947389 0.19657428 -3.0206899e-08)
(0.38059713 0.12654093 -2.129295e-08)
(0.38274456 0.047994152 -1.2756575e-08)
(0.40365232 -0.0328566 -5.4149222e-09)
(0.44502887 -0.11236452 4.2944412e-10)
(0.5066994 -0.1839473 4.9093753e-09)
(0.58856514 -0.24084762 8.2313146e-09)
(0.68953012 -0.27682676 1.0471716e-08)
(0.8071903 -0.28686221 1.1520959e-08)
(0.93802914 -0.26770189 1.1106948e-08)
(1.0765869 -0.21906368 8.8608373e-09)
(1.2170789 -0.14348986 4.4030728e-09)
(1.3551201 -0.044185944 -2.3606545e-09)
(1.487895 0.076554374 -1.097566e-08)
(1.6136118 0.21463643 -2.0363366e-08)
(1.7217068 0.35474577 -2.8198428e-08)
(1.7924001 0.47602211 -3.2171732e-08)
(1.8251681 0.56976118 -3.2299813e-08)
(1.8306341 0.63792 -2.9544562e-08)
(1.8164322 0.68098037 -2.4445228e-08)
(1.7857324 0.69688579 -1.783134e-08)
(1.7402362 0.68775429 -1.1565141e-08)
(1.6853694 0.6593225 -6.912756e-09)
(1.6239913 0.61614183 -3.8270996e-09)
(1.5589649 0.55987255 -1.8087326e-09)
(1.4925835 0.49639206 -7.1451467e-10)
(1.4259386 0.43204231 -5.0064594e-10)
(1.360823 0.3657586 -4.3251013e-10)
(1.2987961 0.29512575 6.6867232e-10)
(1.2379713 0.23060094 2.8436449e-09)
(1.1737813 0.19291232 4.1793005e-09)
(1.1035739 0.1931328 2.2286952e-09)
(1.0296033 0.21986969 -3.8946947e-09)
(0.95815263 0.24653403 -1.2932031e-08)
(0.89647373 0.24821021 -2.2386058e-08)
(0.85006198 0.21288833 -2.983062e-08)
(0.82161873 0.14208891 -3.3933369e-08)
(0.81172824 0.045464044 -3.4735618e-08)
(0.8201065 -0.064781947 -3.313382e-08)
(0.84547211 -0.17665008 -3.0155647e-08)
(0.88494531 -0.27996337 -2.657972e-08)
(0.93460291 -0.36745523 -2.2903271e-08)
(0.99036491 -0.435074 -1.9401826e-08)
(1.0490517 -0.481032 -1.6180936e-08)
(1.1085427 -0.50456608 -1.3285804e-08)
(1.1670172 -0.50577536 -1.0846608e-08)
(1.222376 -0.48653623 -9.0931905e-09)
(1.2725224 -0.45119633 -8.1902743e-09)
(1.3159513 -0.40587673 -8.0834356e-09)
(1.3520861 -0.35687986 -8.4963539e-09)
(1.3814132 -0.30906122 -9.0320573e-09)
(1.4053348 -0.26503994 -9.2976144e-09)
(1.4261354 -0.22511695 -8.983554e-09)
(1.4468926 -0.18684228 -7.9398812e-09)
(1.4714197 -0.14469802 -6.2780556e-09)
(1.5038092 -0.09079678 -4.455767e-09)
(1.546226 -0.017998546 -3.1061328e-09)
(1.5956747 0.074346721 -2.5614918e-09)
(1.6435484 0.17727856 -2.5825033e-09)
(1.6788273 0.27714605 -2.7642708e-09)
(1.6914026 0.36076272 -2.9286733e-09)
(1.6748896 0.4130373 -2.8629506e-09)
(1.6293333 0.42844246 -2.4884282e-09)
(1.5611954 0.41020357 -1.730155e-09)
(1.4802916 0.36869077 -7.2453027e-10)
(1.3973009 0.31838612 1.8851459e-11)
(1.3214049 0.2738401 -1.4954888e-10)
(1.2583727 0.24509062 -1.5676269e-09)
(1.2099063 0.23515726 -4.0334877e-09)
(1.1743491 0.24059264 -6.9767164e-09)
(1.1484504 0.25432691 -9.8048349e-09)
(1.1291647 0.2688573 -1.2135179e-08)
(1.1146089 0.27830893 -1.383684e-08)
(1.1034894 0.27904516 -1.4955256e-08)
(1.0945142 0.26930361 -1.5640817e-08)
(1.0865142 0.2460104 -1.6238545e-08)
(1.0812422 0.21000936 -1.6969774e-08)
(1.078987 0.16169989 -1.7994694e-08)
(1.0796595 0.10183706 -1.9321205e-08)
(1.0833016 0.031860564 -2.0810662e-08)
(1.0902171 -0.046381762 -2.2221722e-08)
(1.1007733 -0.13005191 -2.3263562e-08)
(1.1151907 -0.21567208 -2.3641897e-08)
(1.1343047 -0.29848632 -2.3131459e-08)
(1.1589038 -0.37237362 -2.168318e-08)
(1.18858 -0.43126417 -1.9512176e-08)
(1.2210919 -0.47173445 -1.7051606e-08)
(1.2538368 -0.49386643 -1.4713857e-08)
(1.2864416 -0.49819422 -1.2659645e-08)
(1.3203179 -0.48280368 -1.0815454e-08)
(1.3544801 -0.44623043 -9.0990417e-09)
(1.3858069 -0.39270466 -7.5380548e-09)
(1.4131676 -0.32939548 -6.1917312e-09)
(1.4369518 -0.26163753 -5.1029243e-09)
(1.4576865 -0.19350364 -4.3045989e-09)
(1.4762287 -0.12823794 -3.8239251e-09)
(1.4929338 -0.067653062 -3.6710501e-09)
(1.5079551 -0.012406548 -3.8076963e-09)
(1.5214375 0.037545136 -4.1345566e-09)
(1.5335222 0.082863281 -4.5075182e-09)
(1.5441012 0.12419246 -4.7724917e-09)
(1.552306 0.16164849 -4.8056735e-09)
(1.5563682 0.19444293 -4.5457383e-09)
(1.5540051 0.22097176 -4.0070227e-09)
(1.5432492 0.23939016 -3.2691902e-09)
(1.5232886 0.24840592 -2.4454573e-09)
(1.4949204 0.24788076 -1.6479142e-09)
(1.4604382 0.23903257 -9.615994e-10)
(1.4230204 0.22413851 -4.3572966e-10)
(1.3859229 0.20594286 -8.7369029e-11)
(1.3518224 0.1871084 9.2166799e-11)
(1.3224112 0.16980155 1.238238e-10)
(1.2983295 0.15542762 2.3023783e-11)
(1.2793282 0.14453752 -2.0671265e-10)
(1.2646426 0.13692065 -5.6812987e-10)
(1.2533819 0.13189239 -1.0583362e-09)
(1.2447292 0.12860398 -1.664987e-09)
(1.2379801 0.12617091 -2.3711148e-09)
(1.2326285 0.12364331 -3.1584419e-09)
(1.228438 0.11999935 -4.006121e-09)
(1.2254224 0.11420478 -4.8899383e-09)
(1.2237825 0.10530644 -5.7849858e-09)
(1.2238043 0.092516617 -6.669325e-09)
(1.2257791 0.075285212 -7.5254524e-09)
(1.2299333 0.053388389 -8.3382891e-09)
(1.2363672 0.026993349 -9.0915753e-09)
(1.2450535 -0.003366167 -9.7654153e-09)
(1.2558431 -0.036818156 -1.0336199e-08)
(1.2684386 -0.072396052 -1.077789e-08)
(1.2825761 -0.10893828 -1.1063408e-08)
(1.2981874 -0.14501499 -1.1167457e-08)
(1.3153426 -0.1787694 -1.1074869e-08)
(1.3339581 -0.20806073 -1.0793232e-08)
(1.3534976 -0.23108617 -1.035976e-08)
(1.3731285 -0.24699004 -9.8324414e-09)
(1.3923302 -0.25570426 -9.2693148e-09)
(1.4111815 -0.25716651 -8.7124379e-09)
(1.4298794 -0.25090806 -8.1869158e-09)
(1.448166 -0.23644551 -7.7051776e-09)
(1.4654832 -0.21415723 -7.2691235e-09)
(1.481328 -0.1852976 -6.8768871e-09)
(1.4953864 -0.15163646 -6.5263688e-09)
(1.5075287 -0.11516043 -6.2141161e-09)
(1.5177552 -0.0778779 -5.9345796e-09)
(1.526136 -0.041616203 -5.6779696e-09)
(1.5327822 -0.0078321769 -5.4294772e-09)
(1.5378815 0.022369752 -5.1729005e-09)
(1.541557 0.048288179 -4.8957645e-09)
(1.5438802 0.069605456 -4.5909669e-09)
(1.5448786 0.086347808 -4.2583275e-09)
(1.5445337 0.098797449 -3.9032913e-09)
(1.5428018 0.10742671 -3.5345718e-09)
(1.5396067 0.11280158 -3.1625396e-09)
(1.5348434 0.11544741 -2.7975002e-09)
(1.5284124 0.11585317 -2.4479041e-09)
(1.5202549 0.11446069 -2.1209112e-09)
(1.5102993 0.11155221 -1.8226333e-09)
(1.4984369 0.10722403 -1.5578621e-09)
(1.4846808 0.10150448 -1.3292904e-09)
(1.4692019 0.094462662 -1.1384406e-09)
(1.4522501 0.086143137 -9.8451163e-10)
(1.4341428 0.076519544 -8.6569433e-10)
(1.4153115 0.065688312 -7.7746569e-10)
(1.39622 0.05382682 -7.155961e-10)
(1.3774036 0.041244895 -6.7404412e-10)
(1.3593524 0.028326548 -6.4895607e-10)
(1.3426142 0.015598855 -6.3474708e-10)
(1.3275529 0.0035929652 -6.2822137e-10)
(1.3146264 -0.0070831651 -6.2364332e-10)
(1.3038221 -0.01589787 -6.186576e-10)
(1.2954117 -0.022466791 -6.101644e-10)
(1.2887704 -0.026368589 -6.0479249e-10)
(1.284032 -0.027993849 -6.075904e-10)
(1.2800663 -0.026783074 -6.415508e-10)
(1.2771213 -0.024325547 -7.1073221e-10)
(1.274142 -0.019649032 -8.4612758e-10)
(1.2711209 -0.015730038 -1.0325049e-09)
(1.2676325 -0.010627302 -1.2989065e-09)
(1.2631343 -0.0080379591 -1.5850627e-09)
(1.2589529 -0.004944792 -1.9475645e-09)
(1.2505046 -0.0069037494 -2.3920663e-09)
(1.4104848 -0.010079266 6.3111723e-11)
(1.4076087 -0.030158952 -1.0847874e-10)
(1.4022629 -0.05078342 1.2269384e-10)
(1.3936782 -0.07258763 -1.8392748e-10)
(1.3823768 -0.096450427 2.1916971e-10)
(1.3673996 -0.12321225 -3.0223994e-10)
(1.3499785 -0.15436845 3.7337337e-10)
(1.3284192 -0.19103856 -5.1191585e-10)
(1.3055482 -0.2361766 7.0280856e-10)
(1.2785086 -0.29090428 -1.0625352e-09)
(1.254469 -0.36184171 1.6616787e-09)
(1.228593 -0.44832067 -2.7494285e-09)
(1.2189748 -0.56581229 5.0131224e-09)
(1.2183699 -0.70678131 -1.0647114e-08)
(1.2695703 -0.89249056 2.2739512e-08)
(1.3773965 -1.0780601 3.7325877e-05)
(1.4721871 -1.1016177 -0.00041572925)
(1.386501 -0.91640893 -0.00062732669)
(0.45703946 -0.19664234 -0.00079932227)
(0.0237934 -0.00065168806 -1.5668374e-06)
(0.017551397 -0.0034098318 -0.00011276785)
(0.019016976 -0.038627907 -0.00010760868)
(0.055560358 -0.054461533 -1.2107168e-05)
(0.069802366 -0.067511789 -6.0327537e-08)
(0.11803213 -0.046534317 -7.1881532e-09)
(0.1493676 -0.0080843723 1.3480986e-08)
(0.17107487 0.041481651 1.555911e-08)
(0.18630951 0.098140999 8.8987155e-09)
(0.19483445 0.15814598 -1.1028807e-09)
(0.19616644 0.21726948 -1.1350267e-08)
(0.18995621 0.27099327 -2.0015803e-08)
(0.17650718 0.31495144 -2.6151635e-08)
(0.1569101 0.34521896 -2.9265221e-08)
(0.13247543 0.35804409 -2.8997752e-08)
(0.10558984 0.35099626 -2.5564442e-08)
(0.07917399 0.32326788 -1.9883022e-08)
(0.056196621 0.27516477 -1.3165658e-08)
(0.040570957 0.20838082 -6.5916292e-09)
(0.036563219 0.12600956 -9.3210473e-10)
(0.04805387 0.032524187 3.5980032e-09)
(0.07538411 -0.068597398 7.1558068e-09)
(0.12106078 -0.17037133 1.0108871e-08)
(0.18738718 -0.263837 1.2872807e-08)
(0.27412807 -0.34073638 1.5700873e-08)
(0.3809072 -0.39377416 1.8606213e-08)
(0.50586993 -0.4176803 2.1302454e-08)
(0.64596585 -0.4093153 2.3274995e-08)
(0.79793037 -0.36676956 2.3809388e-08)
(0.954504 -0.29149287 2.2102474e-08)
(1.1090225 -0.18638327 1.7561209e-08)
(1.2571073 -0.057011089 9.9678274e-09)
(1.3963229 0.089847496 -1.2022961e-10)
(1.5222822 0.24584857 -1.1076142e-08)
(1.6291528 0.39810662 -2.0842508e-08)
(1.7074002 0.52960009 -2.7316318e-08)
(1.7494955 0.62825883 -2.9318471e-08)
(1.7610366 0.69248489 -2.7358941e-08)
(1.74903 0.72581173 -2.2781518e-08)
(1.7235638 0.73240858 -1.715698e-08)
(1.682954 0.71376238 -1.1468334e-08)
(1.6293607 0.67444254 -6.7379137e-09)
(1.5715437 0.62137948 -3.5428177e-09)
(1.5115182 0.55991313 -1.6738786e-09)
(1.4500731 0.49600288 -1.0087697e-09)
(1.3891058 0.4282688 -6.182387e-10)
(1.3299626 0.3560714 8.8930024e-10)
(1.2703503 0.29276586 3.4668302e-09)
(1.2063134 0.2593807 4.803974e-09)
(1.1369094 0.26370714 2.1549792e-09)
(1.0659629 0.29024685 -5.2105953e-09)
(0.99994576 0.31032064 -1.5430921e-08)
(0.94499285 0.29973886 -2.5377967e-08)
(0.90512335 0.24834204 -3.2488158e-08)
(0.88231733 0.15963915 -3.5842981e-08)
(0.87749148 0.044512691 -3.5965227e-08)
(0.89064291 -0.083464241 -3.3897677e-08)
(0.92047524 -0.21108214 -3.0540746e-08)
(0.96396482 -0.32649563 -2.654702e-08)
(1.0164017 -0.42151571 -2.2436544e-08)
(1.0727328 -0.49260977 -1.860278e-08)
(1.129324 -0.53939283 -1.5207304e-08)
(1.1845204 -0.56207476 -1.2190893e-08)
(1.2373474 -0.56071783 -9.5100964e-09)
(1.2861813 -0.53694603 -7.3405608e-09)
(1.3292663 -0.49550481 -5.9524321e-09)
(1.3656768 -0.44322899 -5.4356057e-09)
(1.3953897 -0.38734099 -5.6243297e-09)
(1.4192654 -0.33368128 -6.1813914e-09)
(1.438731 -0.28560225 -6.7250466e-09)
(1.4557711 -0.24386323 -6.9362692e-09)
(1.4728391 -0.20648704 -6.5798634e-09)
(1.4921363 -0.1685343 -5.5540892e-09)
(1.5162261 -0.1223662 -4.0010165e-09)
(1.5480714 -0.059098131 -2.4298527e-09)
(1.5889233 0.02729909 -1.4976877e-09)
(1.6343155 0.13446581 -1.443749e-09)
(1.6740219 0.24863288 -1.8378742e-09)
(1.6984639 0.35172892 -2.2000561e-09)
(1.7011706 0.43216078 -2.6180122e-09)
(1.6760647 0.47560473 -2.7208152e-09)
(1.624743 0.47895949 -2.3472154e-09)
(1.5537751 0.44874968 -1.4692409e-09)
(1.474081 0.39905172 -4.5598523e-10)
(1.3958262 0.34641781 -2.7732023e-11)
(1.3272462 0.30436458 -8.2325728e-10)
(1.272802 0.2799115 -2.9395699e-09)
(1.2328187 0.27273942 -5.9114817e-09)
(1.2051025 0.27696354 -9.080192e-09)
(1.1870857 0.28440473 -1.1934065e-08)
(1.1766444 0.28808945 -1.4167368e-08)
(1.1715979 0.28523873 -1.5565598e-08)
(1.169177 0.2751695 -1.6361851e-08)
(1.1683117 0.25023248 -1.7176584e-08)
(1.1701033 0.21108165 -1.8135851e-08)
(1.1743893 0.16004098 -1.9319414e-08)
(1.1808991 0.097592931 -2.0748333e-08)
(1.1893347 0.025047899 -2.2294349e-08)
(1.1995554 -0.055474896 -2.3735732e-08)
(1.2113283 -0.14168682 -2.480685e-08)
(1.2245878 -0.23064462 -2.5208017e-08)
(1.2401742 -0.31797835 -2.4647844e-08)
(1.2594749 -0.39703713 -2.2975857e-08)
(1.2831704 -0.45988545 -2.0361146e-08)
(1.3095134 -0.50134776 -1.7370624e-08)
(1.3349284 -0.52237945 -1.4661181e-08)
(1.3579383 -0.52674289 -1.2497856e-08)
(1.3811112 -0.51256872 -1.0691243e-08)
(1.4056739 -0.47454161 -8.9387867e-09)
(1.4277427 -0.41774828 -7.2913564e-09)
(1.4448664 -0.35088842 -5.9035381e-09)
(1.4591121 -0.2802209 -4.8295727e-09)
(1.4728072 -0.21033922 -4.0359154e-09)
(1.4868882 -0.144179 -3.4882234e-09)
(1.5012726 -0.082691943 -3.2014795e-09)
(1.5156384 -0.026438583 -3.1778641e-09)
(1.5295482 0.024562114 -3.3872126e-09)
(1.5427454 0.070870553 -3.7555439e-09)
(1.5551004 0.11339522 -4.1690883e-09)
(1.5663228 0.152993 -4.4961694e-09)
(1.5754604 0.18979939 -4.6172853e-09)
(1.5806565 0.22271555 -4.4569138e-09)
(1.5794279 0.24959828 -4.0113006e-09)
(1.5694739 0.26810608 -3.3458924e-09)
(1.5497048 0.27643476 -2.5656533e-09)
(1.5208619 0.27411974 -1.7839858e-09)
(1.4853705 0.26242317 -1.1011767e-09)
(1.446641 0.24396233 -5.8506056e-10)
(1.4081922 0.22202446 -2.5496947e-10)
(1.3729092 0.19981817 -1.012511e-10)
(1.3426318 0.17986079 -1.208207e-10)
(1.3180839 0.16360182 -3.1751228e-10)
(1.2991735 0.15128293 -6.9608265e-10)
(1.2853352 0.14236652 -1.2358213e-09)
(1.2757961 0.13601125 -1.8880167e-09)
(1.2697506 0.13123383 -2.6068514e-09)
(1.2665011 0.12687674 -3.3698632e-09)
(1.2655794 0.12165039 -4.1706808e-09)
(1.2667627 0.11428047 -5.0029404e-09)
(1.2700125 0.10365656 -5.8529607e-09)
(1.2753691 0.088939218 -6.70149e-09)
(1.2828808 0.069622572 -7.5278527e-09)
(1.2925367 0.045582258 -8.3110179e-09)
(1.3042259 0.017079435 -9.0281703e-09)
(1.3177301 -0.015142281 -9.6542899e-09)
(1.332677 -0.050152264 -1.0164488e-08)
(1.3485815 -0.086934192 -1.053741e-08)
(1.3650254 -0.12447545 -1.0754395e-08)
(1.3818419 -0.1615962 -1.079434e-08)
(1.3991609 -0.19650158 -1.063722e-08)
(1.4170877 -0.22668527 -1.0283792e-08)
(1.4352009 -0.24982557 -9.7747946e-09)
(1.4525603 -0.26509082 -9.1844907e-09)
(1.4685132 -0.27307619 -8.5874402e-09)
(1.4833524 -0.27412559 -8.0253646e-09)
(1.4977276 -0.26746808 -7.5086135e-09)
(1.51136 -0.25212442 -7.0448879e-09)
(1.5236516 -0.2285391 -6.636584e-09)
(1.5343619 -0.19810223 -6.2780774e-09)
(1.5430355 -0.16261753 -5.9740585e-09)
(1.5498407 -0.12426424 -5.7205125e-09)
(1.5550332 -0.085177213 -5.5121455e-09)
(1.5588953 -0.047311178 -5.3420332e-09)
(1.5619188 -0.012266791 -5.1935918e-09)
(1.5644679 0.018884112 -5.0483552e-09)
(1.5666179 0.045597393 -4.896789e-09)
(1.5684644 0.067678516 -4.7284971e-09)
(1.5700374 0.085236059 -4.5366755e-09)
(1.5713063 0.098614921 -4.3179563e-09)
(1.5721558 0.108298 -4.0692371e-09)
(1.5723598 0.11487097 -3.7938603e-09)
(1.5716832 0.11891863 -3.5016373e-09)
(1.5698954 0.1208164 -3.1938923e-09)
(1.5666456 0.1210096 -2.8724474e-09)
(1.5615659 0.12011543 -2.5550517e-09)
(1.5543582 0.11812474 -2.2513969e-09)
(1.5448838 0.11461106 -1.9646129e-09)
(1.53313 0.10955275 -1.7010564e-09)
(1.5190772 0.10300541 -1.4674187e-09)
(1.5028917 0.094825482 -1.2683613e-09)
(1.4849864 0.085010657 -1.1044382e-09)
(1.4658339 0.073626048 -9.7487741e-10)
(1.4459977 0.060932967 -8.7595065e-10)
(1.4260611 0.047315908 -8.0487079e-10)
(1.406677 0.033324671 -7.5697425e-10)
(1.3883946 0.019580887 -7.2872268e-10)
(1.3718115 0.0068104562 -7.1422868e-10)
(1.3571739 -0.0042682298 -7.0960042e-10)
(1.344877 -0.013111281 -7.0852089e-10)
(1.3346222 -0.019031185 -7.159249e-10)
(1.3266264 -0.022370528 -7.2650972e-10)
(1.3200402 -0.022293206 -7.6797485e-10)
(1.3150211 -0.020636693 -8.2792951e-10)
(1.310526 -0.016217101 -9.5614028e-10)
(1.3065817 -0.012101707 -1.1192817e-09)
(1.3025436 -0.0066511473 -1.3737268e-09)
(1.2979721 -0.0034084658 -1.634359e-09)
(1.2937702 0.0001682344 -1.9978479e-09)
(1.285779 -0.0016284867 -2.442009e-09)
(1.442586 -0.0084950621 3.1439047e-11)
(1.4389483 -0.025404453 -5.4614862e-11)
(1.4320553 -0.042694392 6.1094905e-11)
(1.421105 -0.061080269 -8.8736777e-11)
(1.4063549 -0.081145935 1.0097384e-10)
(1.3867712 -0.10404267 -1.2680655e-10)
(1.3629362 -0.13063405 1.4109356e-10)
(1.3331374 -0.16305174 -1.6516788e-10)
(1.2985833 -0.20279641 1.8850145e-10)
(1.2569044 -0.25408705 -1.8764151e-10)
(1.2110184 -0.32008286 3.7151105e-11)
(1.1591607 -0.40878325 6.2463896e-10)
(1.1081219 -0.53001349 -2.3992603e-09)
(1.062969 -0.69024662 5.7824026e-09)
(1.0836505 -0.88014359 -9.7394131e-06)
(1.0911514 -1.1220497 -0.00023773313)
(0.91939144 -0.90290909 -0.00058418045)
(-0.062168095 -0.082497112 -4.2564012e-05)
(-0.047215685 -0.096610666 -1.1904562e-06)
(-0.041095667 -0.065692456 1.0267548e-08)
(-0.04238489 -0.019515688 1.7139377e-08)
(-0.04735103 0.035638219 1.1649591e-08)
(-0.055040474 0.096874143 3.862978e-09)
(-0.065392829 0.16142593 -3.4260145e-09)
(-0.078331178 0.22540597 -9.3006614e-09)
(-0.094023429 0.28406087 -1.3270792e-08)
(-0.1125579 0.33231788 -1.5115033e-08)
(-0.13370905 0.36585885 -1.4809844e-08)
(-0.15714516 0.38078115 -1.257811e-08)
(-0.18163445 0.37403213 -9.0610699e-09)
(-0.20464714 0.34383221 -5.1010429e-09)
(-0.22238881 0.28944086 -1.4255428e-09)
(-0.23025633 0.21169639 1.4969e-09)
(-0.22346296 0.11345109 3.5654018e-09)
(-0.20011433 -8.7783345e-05 4.9702135e-09)
(-0.15911752 -0.12287222 6.0562377e-09)
(-0.10157675 -0.24352331 7.3728162e-09)
(-0.030601305 -0.35428737 9.2637848e-09)
(0.052112947 -0.44859401 1.1949193e-08)
(0.14667022 -0.52025359 1.552104e-08)
(0.25591502 -0.56245715 1.9790013e-08)
(0.38433358 -0.56748117 2.4350001e-08)
(0.53346926 -0.53005778 2.8353017e-08)
(0.69590827 -0.45336228 3.0374977e-08)
(0.86100167 -0.34363884 2.9262284e-08)
(1.0205618 -0.20632131 2.4445569e-08)
(1.1710486 -0.048037458 1.6134593e-08)
(1.3103166 0.12271452 5.293195e-09)
(1.4343006 0.29437486 -6.311597e-09)
(1.5364135 0.45204623 -1.6414443e-08)
(1.6108486 0.58237027 -2.3289618e-08)
(1.6549935 0.67717458 -2.5853394e-08)
(1.6699759 0.73267488 -2.3578291e-08)
(1.6626978 0.75239657 -1.8850131e-08)
(1.6481915 0.75029216 -1.5200119e-08)
(1.6194236 0.72794261 -1.0853064e-08)
(1.5688946 0.67658833 -6.0748881e-09)
(1.5153658 0.61701698 -3.0603916e-09)
(1.4605776 0.55405349 -1.7028641e-09)
(1.4060593 0.48583669 -7.9742415e-10)
(1.3522898 0.41358497 1.2616435e-09)
(1.2964381 0.35290151 4.2474246e-09)
(1.2353047 0.32402398 5.4503801e-09)
(1.1695934 0.33105556 1.996233e-09)
(1.1043153 0.35519429 -6.4836086e-09)
(1.0458365 0.36717084 -1.7518039e-08)
(0.99884173 0.34426581 -2.7634217e-08)
(0.96634041 0.27735661 -3.4443747e-08)
(0.95032455 0.17154317 -3.7434269e-08)
(0.95176412 0.038697827 -3.730408e-08)
(0.97047935 -0.10693553 -3.4968563e-08)
(1.0049817 -0.24997337 -3.1156399e-08)
(1.0520139 -0.3765032 -2.6502617e-08)
(1.1062874 -0.47707992 -2.1675342e-08)
(1.1619143 -0.54884648 -1.7290481e-08)
(1.2147113 -0.593676 -1.3661482e-08)
(1.2635468 -0.61356666 -1.0675648e-08)
(1.3086627 -0.60845298 -8.0526142e-09)
(1.3489431 -0.57912887 -5.7922334e-09)
(1.3827169 -0.53115199 -4.2143934e-09)
(1.4098931 -0.47247126 -3.5237394e-09)
(1.4313185 -0.4110429 -3.5919059e-09)
(1.4473332 -0.35276694 -4.1523515e-09)
(1.4603221 -0.30172005 -4.7999127e-09)
(1.4730982 -0.25940405 -5.1550952e-09)
(1.4875056 -0.22345047 -5.060021e-09)
(1.5047486 -0.1884104 -4.4575266e-09)
(1.5255717 -0.14703016 -3.3144432e-09)
(1.5510872 -0.090747103 -1.8410137e-09)
(1.5831808 -0.01176767 -6.1106118e-10)
(1.621614 0.092636069 -2.0507263e-10)
(1.6607545 0.21437827 -6.5076194e-10)
(1.6898793 0.33510956 -1.3892983e-09)
(1.7016538 0.43532585 -1.9677938e-09)
(1.6934913 0.5032283 -2.5145395e-09)
(1.6613383 0.53077169 -2.6248059e-09)
(1.607766 0.51861409 -2.1162454e-09)
(1.5366699 0.47609037 -1.1069825e-09)
(1.4621494 0.42049526 -2.7357567e-10)
(1.392885 0.36785323 -3.6735191e-10)
(1.3353329 0.32925506 -1.7917405e-09)
(1.292149 0.30794094 -4.4242763e-09)
(1.2632193 0.29972622 -7.7426555e-09)
(1.2468551 0.29700887 -1.105168e-08)
(1.2400066 0.29368255 -1.3736233e-08)
(1.2389706 0.28703788 -1.5501169e-08)
(1.2418058 0.27378551 -1.6643774e-08)
(1.2488261 0.24592793 -1.7753554e-08)
(1.2579678 0.20519938 -1.888851e-08)
(1.268592 0.15233242 -2.0155713e-08)
(1.2805746 0.088334472 -2.1572247e-08)
(1.2934247 0.014668183 -2.3026563e-08)
(1.3065739 -0.066439463 -2.4327492e-08)
(1.3193515 -0.15302071 -2.5272584e-08)
(1.3314683 -0.24280866 -2.5618164e-08)
(1.3435769 -0.33231791 -2.5052927e-08)
(1.3571047 -0.41511954 -2.3311872e-08)
(1.3735037 -0.48163203 -2.0393495e-08)
(1.392332 -0.5238005 -1.6912332e-08)
(1.4099093 -0.5422439 -1.3891143e-08)
(1.4242017 -0.54349935 -1.1748462e-08)
(1.4358828 -0.530492 -1.0222719e-08)
(1.4479395 -0.49227597 -8.5683835e-09)
(1.457661 -0.43020262 -6.8029895e-09)
(1.4629132 -0.36016439 -5.4205203e-09)
(1.468482 -0.28909732 -4.4239814e-09)
(1.4762565 -0.22095306 -3.6722054e-09)
(1.4861621 -0.15646353 -3.1473024e-09)
(1.498335 -0.09623125 -2.8354378e-09)
(1.5122661 -0.040566215 -2.7265072e-09)
(1.5271548 0.010525559 -2.8130365e-09)
(1.5421091 0.057356387 -3.0732089e-09)
(1.5565524 0.10061154 -3.4559569e-09)
(1.5701868 0.14124188 -3.8783027e-09)
(1.5825289 0.18004519 -4.230345e-09)
(1.5925285 0.21701171 -4.3975461e-09)
(1.5984575 0.25068984 -4.3019336e-09)
(1.5978142 0.27816852 -3.9285977e-09)
(1.588033 0.29639223 -3.3240004e-09)
(1.5679643 0.30322318 -2.5835998e-09)
(1.5385547 0.29825448 -1.8335746e-09)
(1.5024814 0.28306895 -1.1867635e-09)
(1.4633114 0.26080224 -6.9963983e-10)
(1.4246379 0.23530758 -3.9123923e-10)
(1.3893919 0.21018244 -2.8658593e-10)
(1.3594825 0.18793071 -4.1434445e-10)
(1.3358055 0.16961566 -7.8246199e-10)
(1.3183876 0.15522553 -1.3497512e-09)
(1.3067135 0.14416726 -2.0377031e-09)
(1.300072 0.13547253 -2.7763221e-09)
(1.2977489 0.12784792 -3.5321582e-09)
(1.2991398 0.11981225 -4.300588e-09)
(1.303778 0.10991181 -5.0837617e-09)
(1.3113243 0.096914355 -5.8766573e-09)
(1.3215145 0.079927092 -6.664319e-09)
(1.3340933 0.058450318 -7.4261248e-09)
(1.3487337 0.032410252 -8.1382624e-09)
(1.365114 0.0022324768 -8.774035e-09)
(1.3827985 -0.031279489 -9.3049275e-09)
(1.4012273 -0.067117428 -9.7050813e-09)
(1.4198573 -0.10422115 -9.9604515e-09)
(1.4381735 -0.14172915 -1.0069723e-08)
(1.4558923 -0.17878921 -1.0026202e-08)
(1.4731192 -0.21384996 -9.8056988e-09)
(1.4900611 -0.24417727 -9.3937085e-09)
(1.5063556 -0.26674105 -8.8294639e-09)
(1.5209576 -0.28036503 -8.2061563e-09)
(1.5331999 -0.28646158 -7.6182757e-09)
(1.5435826 -0.28655613 -7.1100536e-09)
(1.5534898 -0.27938571 -6.6527631e-09)
(1.5625235 -0.26261876 -6.2189283e-09)
(1.568653 -0.23700643 -5.8509532e-09)
(1.5720814 -0.20432152 -5.5549934e-09)
(1.5737942 -0.16679316 -5.3174064e-09)
(1.5743438 -0.12694011 -5.1368344e-09)
(1.5745133 -0.086985137 -4.9990354e-09)
(1.5747625 -0.048746622 -4.8924135e-09)
(1.5751641 -0.013579202 -4.7955624e-09)
(1.5756483 0.017577321 -4.7060369e-09)
(1.5764512 0.044167049 -4.6248351e-09)
(1.5777054 0.066011437 -4.545472e-09)
(1.5794975 0.083255341 -4.4622614e-09)
(1.5818224 0.096357942 -4.3709125e-09)
(1.5845333 0.10606921 -4.2522248e-09)
(1.5873711 0.1131562 -4.0925345e-09)
(1.5901003 0.11797331 -3.9335544e-09)
(1.5923589 0.12120083 -3.7497961e-09)
(1.593212 0.12321761 -3.4107428e-09)
(1.59275 0.12384965 -3.1231702e-09)
(1.5912805 0.12364479 -2.9184361e-09)
(1.5874672 0.12272857 -2.6636151e-09)
(1.5803629 0.12057877 -2.3546333e-09)
(1.5707096 0.11666717 -2.0617739e-09)
(1.5582965 0.11072446 -1.7922314e-09)
(1.5433204 0.10283128 -1.5520602e-09)
(1.5261265 0.092915541 -1.3454857e-09)
(1.5072425 0.081126282 -1.1730894e-09)
(1.4872683 0.067770599 -1.0348255e-09)
(1.4668808 0.053359999 -9.2894253e-10)
(1.4467711 0.038552408 -8.5339501e-10)
(1.4276272 0.024167621 -8.0453041e-10)
(1.409958 0.011087105 -7.7985565e-10)
(1.3942645 2.0208601e-05 -7.706375e-10)
(1.3806078 -0.0081143618 -7.8433552e-10)
(1.3692833 -0.013515948 -8.0133558e-10)
(1.3597591 -0.015185511 -8.6016318e-10)
(1.3522674 -0.014815224 -9.2033925e-10)
(1.3457917 -0.011365349 -1.0568894e-09)
(1.3405765 -0.0075470739 -1.2074992e-09)
(1.335688 -0.0022729314 -1.4539253e-09)
(1.3309141 0.0012499962 -1.6932163e-09)
(1.32669 0.0049937925 -2.0506349e-09)
(1.3194729 0.0032335572 -2.4904393e-09)
(1.4675537 -0.0065905792 -1.7778511e-11)
(1.4632674 -0.019641016 2.4454014e-11)
(1.455084 -0.03289035 -2.4368269e-11)
(1.4420885 -0.046953343 3.614148e-11)
(1.4244408 -0.062253398 -3.7691559e-11)
(1.4007444 -0.079811149 5.5309246e-11)
(1.3714621 -0.10026751 -4.8011191e-11)
(1.3338075 -0.12565919 3.3432897e-11)
(1.2890867 -0.15707595 6.6689533e-11)
(1.2317384 -0.19921374 -2.6008056e-10)
(1.1661035 -0.25374972 6.5209948e-10)
(1.080113 -0.33348741 -1.2348188e-09)
(0.98850156 -0.43879577 2.0278975e-09)
(0.86101139 -0.61540191 -2.3845874e-09)
(0.83399633 -0.85487107 -1.2593338e-05)
(0.70299845 -0.97485996 -5.6458464e-05)
(-0.0097535988 -0.016202684 9.8352332e-06)
(-0.065202916 -0.10139567 1.1146366e-05)
(-0.093111665 -0.052900601 -6.4645225e-09)
(-0.12419902 -0.00097848197 1.1872876e-08)
(-0.15452854 0.055117799 7.5990684e-09)
(-0.18401254 0.11668892 1.9501476e-09)
(-0.21243227 0.18136523 -2.3270398e-09)
(-0.24029128 0.24521757 -5.2533195e-09)
(-0.26817017 0.30371821 -6.84373e-09)
(-0.29535196 0.35304485 -7.1747147e-09)
(-0.32103481 0.38771985 -6.3874688e-09)
(-0.34388506 0.40244503 -4.8584326e-09)
(-0.36310266 0.39333472 -3.0353988e-09)
(-0.37521031 0.35711112 -1.4336149e-09)
(-0.37703067 0.29264416 -3.8449396e-10)
(-0.36553053 0.20165171 6.8159293e-13)
(-0.33830555 0.089210329 -1.0503216e-10)
(-0.29513499 -0.037024629 -4.2636565e-10)
(-0.23926577 -0.17069974 -8.3223674e-10)
(-0.17298146 -0.30278203 -9.3251033e-10)
(-0.098877048 -0.42408423 -1.8540772e-10)
(-0.019123766 -0.52741185 1.919541e-09)
(0.064551609 -0.60861117 5.6176959e-09)
(0.152183 -0.66441149 1.0708838e-08)
(0.24507184 -0.69195484 1.6602649e-08)
(0.34872597 -0.68219087 2.3134562e-08)
(0.47711489 -0.62206496 2.9297341e-08)
(0.6331278 -0.50914146 3.3041373e-08)
(0.79448437 -0.36329179 3.2251189e-08)
(0.94966901 -0.19478558 2.6790647e-08)
(1.095014 -0.012002756 1.770571e-08)
(1.2285541 0.17487321 6.6130527e-09)
(1.3462911 0.35308081 -4.6482962e-09)
(1.4427553 0.50917748 -1.4317751e-08)
(1.5133077 0.63233661 -2.0558812e-08)
(1.5567121 0.71468754 -2.1548725e-08)
(1.5743163 0.75378911 -1.7888996e-08)
(1.5750163 0.76008151 -1.4764105e-08)
(1.5694098 0.75320306 -1.2645547e-08)
(1.5492263 0.7246804 -9.0404281e-09)
(1.5054898 0.66739632 -4.9768353e-09)
(1.4586523 0.60528986 -2.7904462e-09)
(1.412208 0.53685373 -1.1098962e-09)
(1.365632 0.4656175 1.7206428e-09)
(1.3155896 0.40861045 5.1148543e-09)
(1.2596468 0.38412875 6.0358725e-09)
(1.1999543 0.3925371 1.753361e-09)
(1.1425797 0.41271525 -7.6034198e-09)
(1.0936605 0.41589026 -1.9168232e-08)
(1.0560793 0.38054096 -2.9342897e-08)
(1.0323752 0.29851505 -3.5999668e-08)
(1.0251729 0.17626284 -3.8877646e-08)
(1.0345344 0.02643335 -3.8624913e-08)
(1.059785 -0.13574921 -3.5991368e-08)
(1.099122 -0.29282275 -3.1631576e-08)
(1.1486668 -0.42874241 -2.6248523e-08)
(1.2029546 -0.53252902 -2.0674369e-08)
(1.2558184 -0.60190194 -1.5724985e-08)
(1.3027189 -0.64170577 -1.1865396e-08)
(1.3428892 -0.65679628 -8.9773388e-09)
(1.3780713 -0.64695636 -6.5650773e-09)
(1.4079248 -0.61111525 -4.3690907e-09)
(1.4303025 -0.55593836 -2.7291458e-09)
(1.4456408 -0.49080299 -2.0520997e-09)
(1.4556845 -0.4239278 -2.2771921e-09)
(1.4621773 -0.36261298 -3.0021251e-09)
(1.4690926 -0.31137433 -3.6890602e-09)
(1.4782141 -0.27122139 -3.9323556e-09)
(1.490345 -0.2384236 -3.7858654e-09)
(1.5062511 -0.20687597 -3.309886e-09)
(1.5258639 -0.16896312 -2.4711785e-09)
(1.5485612 -0.11667287 -1.2699746e-09)
(1.5747607 -0.042717564 -1.3947949e-11)
(1.6054273 0.057179899 7.1899685e-10)
(1.6391828 0.17980558 5.6154926e-10)
(1.6703106 0.31087659 -2.9715296e-10)
(1.6886198 0.42873325 -1.2830669e-09)
(1.6896276 0.51634635 -2.0807162e-09)
(1.6718113 0.56413152 -2.5890356e-09)
(1.6376446 0.57254221 -2.5337908e-09)
(1.5827504 0.54374238 -1.8042574e-09)
(1.5153987 0.49032196 -8.0990321e-10)
(1.4499248 0.43122541 -3.0982521e-10)
(1.3930138 0.3806173 -9.2670474e-10)
(1.3491096 0.34491964 -2.9148494e-09)
(1.3199152 0.3225314 -5.9574127e-09)
(1.3043486 0.3080763 -9.3202682e-09)
(1.2992352 0.29659787 -1.2289184e-08)
(1.3016163 0.28395864 -1.4565057e-08)
(1.3104014 0.26491529 -1.6287296e-08)
(1.3237417 0.23485344 -1.7706997e-08)
(1.3390115 0.19266834 -1.9010551e-08)
(1.3552949 0.13879457 -2.0310348e-08)
(1.3719081 0.07426501 -2.1643472e-08)
(1.3881873 0.00088315166 -2.2925408e-08)
(1.4033342 -0.079195662 -2.3986755e-08)
(1.4164629 -0.16429814 -2.4679256e-08)
(1.4273869 -0.25281223 -2.48554e-08)
(1.4366695 -0.34208386 -2.426933e-08)
(1.445339 -0.42625706 -2.2626681e-08)
(1.4544208 -0.49530172 -1.9632292e-08)
(1.4644583 -0.53805884 -1.5752484e-08)
(1.4738635 -0.55232023 -1.2349636e-08)
(1.4782625 -0.5511415 -1.090636e-08)
(1.4819423 -0.5381253 -9.6282908e-09)
(1.4804369 -0.49682596 -7.8762298e-09)
(1.4743873 -0.43120164 -6.1539735e-09)
(1.4701938 -0.36147703 -4.8715575e-09)
(1.4685618 -0.29283315 -3.8754817e-09)
(1.4701484 -0.22738719 -3.1917355e-09)
(1.4759725 -0.16592462 -2.7612094e-09)
(1.4860164 -0.10863151 -2.5117871e-09)
(1.499613 -0.055121801 -2.4070654e-09)
(1.5156515 -0.0051118026 -2.433401e-09)
(1.5327856 0.041614435 -2.5869714e-09)
(1.5497894 0.085437519 -2.8607945e-09)
(1.5659213 0.12710969 -3.2339552e-09)
(1.580828 0.16746508 -3.6468012e-09)
(1.5940703 0.2065737 -3.9857273e-09)
(1.6045769 0.24369475 -4.1378133e-09)
(1.6107187 0.27819312 -4.0784114e-09)
(1.6097153 0.30623782 -3.7590971e-09)
(1.5992045 0.32357628 -3.1995208e-09)
(1.5784796 0.32781709 -2.5102191e-09)
(1.5487743 0.31910267 -1.819417e-09)
(1.5128258 0.29981963 -1.2149263e-09)
(1.4742318 0.27369789 -7.5407254e-10)
(1.4365989 0.24495732 -5.0035609e-10)
(1.402878 0.21711122 -5.1404397e-10)
(1.3749975 0.19230428 -8.1273692e-10)
(1.3537746 0.1713791 -1.3480558e-09)
(1.3392266 0.15424465 -2.0297897e-09)
(1.3309605 0.14012754 -2.7745922e-09)
(1.3283953 0.12775476 -3.5342509e-09)
(1.3308861 0.11558454 -4.2919772e-09)
(1.337795 0.10208373 -5.0437068e-09)
(1.3485128 0.085948851 -5.7841982e-09)
(1.3624481 0.06624893 -6.4997358e-09)
(1.3790153 0.042502354 -7.1716347e-09)
(1.3976549 0.014693387 -7.7777046e-09)
(1.4177383 -0.016685888 -8.2939742e-09)
(1.4385303 -0.050894058 -8.6951754e-09)
(1.4593918 -0.086857229 -8.9565103e-09)
(1.4798199 -0.12352732 -9.0694961e-09)
(1.4993647 -0.16018814 -9.0535101e-09)
(1.5176486 -0.19631168 -8.9275695e-09)
(1.53453 -0.23057022 -8.6676256e-09)
(1.5500555 -0.25997919 -8.2296883e-09)
(1.5639807 -0.28094535 -7.6417246e-09)
(1.5754038 -0.29230383 -7.0276486e-09)
(1.5835996 -0.29606198 -6.5084674e-09)
(1.5895812 -0.29387609 -6.092023e-09)
(1.5932968 -0.28567595 -5.7880227e-09)
(1.5947101 -0.26632554 -5.4571583e-09)
(1.593313 -0.23749879 -5.1447518e-09)
(1.5898339 -0.20331757 -4.9441027e-09)
(1.5860628 -0.16526165 -4.7706473e-09)
(1.582399 -0.12532757 -4.6145162e-09)
(1.5789169 -0.085559211 -4.4830519e-09)
(1.575894 -0.047632224 -4.3757394e-09)
(1.5736112 -0.012880043 -4.3059219e-09)
(1.5722954 0.017713165 -4.2709308e-09)
(1.5721263 0.043612346 -4.257075e-09)
(1.573152 0.064692564 -4.2514711e-09)
(1.5753076 0.081197555 -4.2455346e-09)
(1.5784495 0.093680871 -4.2302007e-09)
(1.582398 0.10279055 -4.1913565e-09)
(1.5870249 0.10909134 -4.1304605e-09)
(1.5921704 0.11350912 -4.0582578e-09)
(1.5974769 0.11690902 -3.9517748e-09)
(1.6024919 0.11968682 -3.8069462e-09)
(1.6067156 0.12199792 -3.6500898e-09)
(1.609049 0.12405809 -3.3831804e-09)
(1.6090786 0.12529741 -3.0814331e-09)
(1.6077301 0.125576 -2.8876378e-09)
(1.6039527 0.12503602 -2.6551216e-09)
(1.5960788 0.12248157 -2.353446e-09)
(1.5853271 0.11744956 -2.0615782e-09)
(1.5717486 0.10986908 -1.7926157e-09)
(1.5556659 0.099913567 -1.5517957e-09)
(1.5375634 0.087786685 -1.3424949e-09)
(1.5180495 0.073910391 -1.1677714e-09)
(1.4978952 0.058917246 -1.0282539e-09)
(1.4778222 0.043666322 -9.2482562e-10)
(1.4585469 0.029143141 -8.5869666e-10)
(1.4406244 0.016216159 -8.2084201e-10)
(1.4244413 0.0059662646 -8.2548622e-10)
(1.4103597 -0.0015707519 -8.3852006e-10)
(1.3981931 -0.0053212252 -9.1320078e-10)
(1.3882709 -0.0066366905 -9.7815894e-10)
(1.3797526 -0.0047171044 -1.1316866e-09)
(1.3730511 -0.0017806032 -1.2819035e-09)
(1.3671146 0.0027428775 -1.5276229e-09)
(1.362021 0.0060600452 -1.7542599e-09)
(1.3577087 0.0095273008 -2.1051917e-09)
(1.3514177 0.0075398361 -2.5375404e-09)
(1.4853729 -0.0044434651 -5.3047948e-11)
(1.4806453 -0.013071599 8.0263842e-11)
(1.4714504 -0.021706956 -8.4524617e-11)
(1.457047 -0.030741917 1.2720462e-10)
(1.4371106 -0.040494436 -1.4549003e-10)
(1.4105949 -0.051510824 2.1299369e-10)
(1.3768194 -0.064472398 -2.5759022e-10)
(1.3337707 -0.080387325 3.4840833e-10)
(1.2799749 -0.10082393 -4.0474996e-10)
(1.2117333 -0.12778928 4.8654794e-10)
(1.1262149 -0.16549708 -5.203102e-10)
(1.016197 -0.21844874 5.8707341e-10)
(0.87530995 -0.2993535 -7.4830085e-10)
(0.76878236 -0.43040211 -1.1245891e-05)
(0.52999343 -0.65214749 1.018203e-05)
(0.16587618 -0.33879059 0.00056306182)
(-0.032571223 -0.06189398 4.3691973e-05)
(-0.081773669 -0.032692234 -1.4103895e-06)
(-0.14960652 0.043247042 4.8839295e-09)
(-0.19809653 0.095316504 4.3630638e-09)
(-0.24183388 0.1536068 2.1726949e-10)
(-0.28119084 0.21583262 -2.5195341e-09)
(-0.3158645 0.27893417 -4.3242364e-09)
(-0.34440347 0.33877262 -5.3268102e-09)
(-0.37003539 0.38429636 -5.4359287e-09)
(-0.38915502 0.41270897 -5.0890431e-09)
(-0.40317484 0.42127848 -4.5760689e-09)
(-0.41177441 0.40402524 -4.0747041e-09)
(-0.41126369 0.35747249 -3.9334564e-09)
(-0.40012599 0.28136021 -4.3080035e-09)
(-0.37586209 0.17767109 -5.313665e-09)
(-0.33529978 0.050464592 -7.0797149e-09)
(-0.27857149 -0.095325901 -9.4713254e-09)
(-0.21138273 -0.2433551 -1.1672836e-08)
(-0.13628111 -0.38437178 -1.3308035e-08)
(-0.058878327 -0.509159 -1.3899492e-08)
(0.016203642 -0.61223524 -1.284836e-08)
(0.086865467 -0.69193262 -9.545633e-09)
(0.15463096 -0.74553653 -3.6631808e-09)
(0.22336412 -0.77070604 4.464492e-09)
(0.29580002 -0.76936914 1.3152036e-08)
(0.37423489 -0.73837622 2.1275103e-08)
(0.46922298 -0.65979441 2.8945592e-08)
(0.60176684 -0.51916154 3.3739962e-08)
(0.74920912 -0.34331461 3.2638899e-08)
(0.89234083 -0.15136275 2.6262011e-08)
(1.0277371 0.04724076 1.658225e-08)
(1.1524429 0.24086482 5.4980888e-09)
(1.2617492 0.41690964 -5.1612023e-09)
(1.3512348 0.56319444 -1.3114211e-08)
(1.4180237 0.67000464 -1.6546692e-08)
(1.4617246 0.73243202 -1.6014478e-08)
(1.4860139 0.75456829 -1.334799e-08)
(1.493235 0.75399929 -1.1051266e-08)
(1.4919543 0.74244177 -9.1735094e-09)
(1.475806 0.7069702 -6.2497869e-09)
(1.4423634 0.64736359 -3.538358e-09)
(1.4070409 0.57952301 -1.0403282e-09)
(1.369866 0.51039074 2.5721084e-09)
(1.3274376 0.45807016 6.1947465e-09)
(1.2783554 0.43804156 6.6437657e-09)
(1.2263316 0.44661535 1.4997251e-09)
(1.1787714 0.46063509 -8.752613e-09)
(1.1412077 0.45302576 -2.079821e-08)
(1.1157733 0.40826362 -3.0357776e-08)
(1.1021307 0.31010705 -3.7116133e-08)
(1.1059567 0.1719385 -3.9977494e-08)
(1.1252722 0.0062077543 -3.9548128e-08)
(1.1582603 -0.17027972 -3.6533268e-08)
(1.2022789 -0.33874848 -3.159804e-08)
(1.2528614 -0.48126011 -2.5525085e-08)
(1.3046383 -0.58542678 -1.9299946e-08)
(1.3518491 -0.64941648 -1.3915782e-08)
(1.390406 -0.68115983 -9.9493686e-09)
(1.420055 -0.68941445 -7.2541529e-09)
(1.443015 -0.67436753 -5.1974269e-09)
(1.4603767 -0.63089823 -3.1704935e-09)
(1.4695925 -0.56805176 -1.5602771e-09)
(1.4712054 -0.4966052 -9.7074328e-10)
(1.468567 -0.42655744 -1.4842296e-09)
(1.4674234 -0.36558041 -2.315216e-09)
(1.4687815 -0.31732689 -2.8168752e-09)
(1.4736027 -0.28044052 -2.9256931e-09)
(1.4827774 -0.25158946 -2.679115e-09)
(1.4966848 -0.22419348 -2.2212852e-09)
(1.5148668 -0.1895434 -1.5888852e-09)
(1.5358079 -0.13964994 -7.0035772e-10)
(1.5583804 -0.068006729 3.7229402e-10)
(1.5829756 0.028961835 1.220024e-09)
(1.610044 0.15012654 1.3685442e-09)
(1.6377379 0.28509967 7.1881256e-10)
(1.6604452 0.41480165 -3.9682173e-10)
(1.6692346 0.51848521 -1.4978946e-09)
(1.6624381 0.58319042 -2.3165974e-09)
(1.6405272 0.60720575 -2.6325201e-09)
(1.609988 0.59845649 -2.3957432e-09)
(1.5554619 0.552872 -1.5139182e-09)
(1.495639 0.49047288 -6.36468e-10)
(1.4425745 0.43032092 -5.363702e-10)
(1.4005102 0.38142314 -1.7085485e-09)
(1.37193 0.3448959 -4.0795447e-09)
(1.3566977 0.31788827 -7.0905386e-09)
(1.352839 0.29647342 -1.0098949e-08)
(1.358291 0.27611729 -1.2721613e-08)
(1.3711326 0.2515996 -1.4876307e-08)
(1.3887363 0.21838508 -1.6642909e-08)
(1.4086354 0.17467802 -1.81557e-08)
(1.4292678 0.12035405 -1.9504103e-08)
(1.4494564 0.056318425 -2.075177e-08)
(1.4681725 -0.015399613 -2.1868043e-08)
(1.4841998 -0.093068799 -2.2724109e-08)
(1.4969181 -0.17538345 -2.3181072e-08)
(1.5065414 -0.2613777 -2.3129347e-08)
(1.5137452 -0.34891837 -2.2446313e-08)
(1.5189419 -0.43211225 -2.0989895e-08)
(1.5219805 -0.50071566 -1.8151008e-08)
(1.5225399 -0.54296248 -1.4159763e-08)
(1.5217383 -0.55542283 -1.1201644e-08)
(1.5208413 -0.55269491 -1.0015064e-08)
(1.5149169 -0.53547717 -8.5907957e-09)
(1.4994401 -0.48580471 -6.5470509e-09)
(1.4815785 -0.42021845 -4.8316866e-09)
(1.4672137 -0.35347436 -3.7203873e-09)
(1.4575165 -0.28885752 -3.0362795e-09)
(1.4537952 -0.22828306 -2.6268219e-09)
(1.4564827 -0.17214501 -2.3909724e-09)
(1.4652346 -0.11977098 -2.2679737e-09)
(1.4790774 -0.070165456 -2.2244003e-09)
(1.4965944 -0.022550543 -2.2466293e-09)
(1.5161041 0.023348963 -2.3351846e-09)
(1.5359211 0.067590916 -2.4991417e-09)
(1.5548442 0.11031619 -2.7501811e-09)
(1.5723637 0.15202449 -3.08408e-09)
(1.588185 0.19344448 -3.4588916e-09)
(1.6013799 0.23442111 -3.7771756e-09)
(1.6105539 0.27267681 -3.8999959e-09)
(1.6155533 0.30710404 -3.823323e-09)
(1.6137833 0.33375124 -3.517818e-09)
(1.6023952 0.34835449 -3.0038387e-09)
(1.5813198 0.34862988 -2.3755306e-09)
(1.5519411 0.33520132 -1.7322481e-09)
(1.5170934 0.31142012 -1.1651871e-09)
(1.4804324 0.28146025 -7.7172246e-10)
(1.4455476 0.24945263 -6.4218224e-10)
(1.4152235 0.21862726 -8.1327443e-10)
(1.391101 0.19087692 -1.2481273e-09)
(1.373871 0.16683852 -1.8627031e-09)
(1.3636182 0.14615551 -2.5706565e-09)
(1.3600339 0.12777579 -3.3105899e-09)
(1.3625559 0.11027074 -4.0484926e-09)
(1.3704713 0.092156525 -4.7658025e-09)
(1.3829824 0.072150666 -5.449424e-09)
(1.3992676 0.04931322 -6.0820032e-09)
(1.4184945 0.023179115 -6.6467205e-09)
(1.4398048 -0.0062183218 -7.125965e-09)
(1.4622422 -0.038459319 -7.5046746e-09)
(1.4848977 -0.072779813 -7.7693635e-09)
(1.5070632 -0.10825046 -7.901943e-09)
(1.5282385 -0.14398033 -7.8966369e-09)
(1.54814 -0.17925906 -7.7826154e-09)
(1.566422 -0.21362113 -7.6028242e-09)
(1.5826625 -0.24610076 -7.3506224e-09)
(1.5964706 -0.27375376 -6.9394283e-09)
(1.6067078 -0.2919982 -6.3795863e-09)
(1.6128299 -0.29909606 -5.8214398e-09)
(1.6153559 -0.29917934 -5.4974443e-09)
(1.6159387 -0.29582753 -5.3194545e-09)
(1.6140323 -0.28600692 -5.1483545e-09)
(1.6085601 -0.26378559 -4.9014117e-09)
(1.601762 -0.23355971 -4.5897379e-09)
(1.5940364 -0.19770064 -4.2402832e-09)
(1.5852719 -0.15899245 -3.983427e-09)
(1.5765549 -0.11927375 -3.8249527e-09)
(1.5687015 -0.080219253 -3.7411554e-09)
(1.5622783 -0.043361153 -3.7094191e-09)
(1.5576416 -0.0099715856 -3.7164656e-09)
(1.5550541 0.019057077 -3.7513795e-09)
(1.5544894 0.043368706 -3.8007132e-09)
(1.5557882 0.062944804 -3.855515e-09)
(1.5587907 0.078087265 -3.9091777e-09)
(1.5633211 0.089383694 -3.9546516e-09)
(1.5691701 0.097581709 -3.9844114e-09)
(1.5760447 0.10346026 -3.9962403e-09)
(1.5835621 0.10781717 -3.9867723e-09)
(1.5912094 0.11137459 -3.9442611e-09)
(1.5985939 0.11454042 -3.8704789e-09)
(1.6051881 0.1174582 -3.7720297e-09)
(1.610719 0.12053922 -3.6437072e-09)
(1.6149017 0.12370069 -3.4846628e-09)
(1.6167925 0.12633536 -3.2536276e-09)
(1.6162433 0.12794292 -2.9925949e-09)
(1.6139631 0.12827433 -2.7766276e-09)
(1.6087101 0.12688837 -2.5299683e-09)
(1.5993494 0.12253093 -2.2310912e-09)
(1.5872206 0.11539273 -1.9459857e-09)
(1.5724835 0.10550361 -1.6813824e-09)
(1.5555403 0.093128392 -1.4458821e-09)
(1.5371351 0.078848649 -1.2425064e-09)
(1.517935 0.063564835 -1.0783428e-09)
(1.4987857 0.048321926 -9.5905048e-10)
(1.4802249 0.0341276 -8.7805987e-10)
(1.4629011 0.022152722 -8.5841092e-10)
(1.4471848 0.012698678 -8.5499266e-10)
(1.4332434 0.0068550515 -9.365332e-10)
(1.4214399 0.0036458076 -1.0053402e-09)
(1.4112709 0.0036995518 -1.1776271e-09)
(1.4032123 0.0052526695 -1.335251e-09)
(1.3962895 0.0085198157 -1.5874146e-09)
(1.3908725 0.01109681 -1.8113972e-09)
(1.3864361 0.013769131 -2.1612441e-09)
(1.3811998 0.011218009 -2.5791481e-09)
(1.4960297 -0.0021809769 -6.9223323e-11)
(1.4910708 -0.0060290409 1.103088e-10)
(1.4813164 -0.0096261337 -1.1405111e-10)
(1.4661377 -0.013190838 1.7243702e-10)
(1.4449809 -0.01678795 -1.9872795e-10)
(1.4169285 -0.020606127 2.8740835e-10)
(1.3807424 -0.024900153 -3.5969578e-10)
(1.3346134 -0.03011705 4.9666756e-10)
(1.2759235 -0.036788483 -6.2740426e-10)
(1.2010354 -0.045866679 8.3378357e-10)
(1.1043306 -0.058714042 -1.0916205e-09)
(0.97780876 -0.077853091 1.6403672e-09)
(0.80678065 -0.10775126 -3.1347101e-09)
(0.63578431 -0.20085753 -1.2296851e-05)
(0.29252554 -0.30367 0.00015562347)
(-0.0057524559 -0.016813582 6.5466492e-06)
(-0.065918734 0.026901109 4.5524279e-06)
(-0.14542605 0.10069973 3.6394697e-09)
(-0.20000044 0.14497174 2.0145731e-09)
(-0.24604998 0.19644312 -1.5190263e-09)
(-0.28343612 0.25271606 -3.6453445e-09)
(-0.31316426 0.30847791 -4.9376118e-09)
(-0.33727391 0.35788253 -5.568294e-09)
(-0.35686931 0.39946876 -5.7592788e-09)
(-0.36816857 0.42183897 -5.7108164e-09)
(-0.37562336 0.42657179 -5.7051773e-09)
(-0.37375528 0.40216301 -5.9977857e-09)
(-0.35961447 0.34558326 -6.8715155e-09)
(-0.32876888 0.25526801 -8.4665764e-09)
(-0.27704562 0.13341481 -1.068323e-08)
(-0.21024679 -0.01217744 -1.3106786e-08)
(-0.13525958 -0.16849803 -1.5416832e-08)
(-0.051922944 -0.32237961 -1.7783547e-08)
(0.032722332 -0.4632867 -2.0182506e-08)
(0.11252609 -0.5826408 -2.2322301e-08)
(0.18065697 -0.67724179 -2.3510936e-08)
(0.23265263 -0.74966534 -2.288414e-08)
(0.26985169 -0.80067853 -1.9417815e-08)
(0.29840829 -0.82893619 -1.2418684e-08)
(0.32805911 -0.82922345 -1.8989841e-09)
(0.36812347 -0.79742189 1.055549e-08)
(0.42087621 -0.73914301 2.0697479e-08)
(0.48719841 -0.6395474 2.907655e-08)
(0.59140937 -0.47985443 3.3856565e-08)
(0.71927466 -0.28466118 3.175247e-08)
(0.84627986 -0.079834966 2.4237183e-08)
(0.96848145 0.12382947 1.4028552e-08)
(1.0821689 0.31328857 3.612973e-09)
(1.1829032 0.47679247 -4.834939e-09)
(1.2668748 0.60318631 -9.9306021e-09)
(1.3322157 0.68579168 -1.1485459e-08)
(1.3777763 0.72930859 -1.0667921e-08)
(1.405229 0.74491488 -9.1123834e-09)
(1.4190723 0.73950401 -7.1264545e-09)
(1.4209623 0.71977917 -5.3398724e-09)
(1.4094139 0.67357942 -3.0103833e-09)
(1.3890748 0.60998944 1.2143166e-10)
(1.3638227 0.54571013 4.2234606e-09)
(1.3307858 0.4996569 7.6597176e-09)
(1.2898744 0.48416379 7.3037581e-09)
(1.2472831 0.49131124 1.0213096e-09)
(1.2118321 0.49675178 -1.0295046e-08)
(1.1876868 0.47891698 -2.2042302e-08)
(1.1742345 0.42443877 -3.0915441e-08)
(1.1741683 0.31002435 -3.7714246e-08)
(1.1911462 0.15658305 -4.0433125e-08)
(1.2218621 -0.02303355 -3.9663147e-08)
(1.2634744 -0.21077785 -3.618397e-08)
(1.311701 -0.38679634 -3.0704719e-08)
(1.3615091 -0.53183444 -2.4040289e-08)
(1.4078532 -0.63262673 -1.7303681e-08)
(1.4461001 -0.68821744 -1.1684585e-08)
(1.4733985 -0.70988768 -7.8602078e-09)
(1.4915746 -0.70829792 -5.5199832e-09)
(1.5012962 -0.68851815 -3.9894381e-09)
(1.5034509 -0.63748011 -2.1416613e-09)
(1.4972958 -0.56662072 -6.7336615e-10)
(1.4865623 -0.49089824 -1.6352214e-10)
(1.4743263 -0.42039484 -5.4247238e-10)
(1.4634924 -0.36221809 -1.3503577e-09)
(1.457512 -0.31773388 -1.975571e-09)
(1.4576634 -0.28552658 -2.1016822e-09)
(1.4635349 -0.26171564 -1.8115914e-09)
(1.4748956 -0.23918897 -1.3602164e-09)
(1.4910578 -0.20829883 -8.7798277e-10)
(1.5099668 -0.1601204 -2.8022498e-10)
(1.5294712 -0.089326334 5.1427997e-10)
(1.5493968 0.006438132 1.3017341e-09)
(1.5709354 0.12604654 1.6529011e-09)
(1.5939374 0.26162806 1.2926066e-09)
(1.6152504 0.3973355 3.3289682e-10)
(1.6298131 0.5127823 -8.7173982e-10)
(1.6321323 0.59083662 -1.9246498e-09)
(1.6211338 0.6258861 -2.522741e-09)
(1.6061537 0.6280403 -2.6141844e-09)
(1.5807806 0.60521897 -2.2475076e-09)
(1.5302241 0.54416051 -1.2840588e-09)
(1.4826983 0.47667018 -6.7158118e-10)
(1.4445408 0.41618966 -1.0421432e-09)
(1.4177499 0.36659187 -2.5423696e-09)
(1.4032142 0.32711262 -4.868211e-09)
(1.4002136 0.29493125 -7.5391523e-09)
(1.4071792 0.26581892 -1.0151587e-08)
(1.4219892 0.23484707 -1.2486394e-08)
(1.442009 0.19788825 -1.4480942e-08)
(1.4647078 0.15264171 -1.6158647e-08)
(1.4880483 0.098388156 -1.7563906e-08)
(1.5104752 0.035933558 -1.8759564e-08)
(1.5303921 -0.03297057 -1.9769641e-08)
(1.5463805 -0.10705461 -2.0531211e-08)
(1.5582658 -0.18580546 -2.0918378e-08)
(1.5667983 -0.26886881 -2.0747965e-08)
(1.5726561 -0.35392956 -1.9967574e-08)
(1.5755176 -0.43449307 -1.8516356e-08)
(1.5741388 -0.49974105 -1.6210206e-08)
(1.5675225 -0.53910221 -1.3010582e-08)
(1.5580516 -0.55056526 -1.0083936e-08)
(1.5495343 -0.54509946 -8.5878323e-09)
(1.5296709 -0.51742713 -6.7940992e-09)
(1.4976265 -0.46100486 -4.9129385e-09)
(1.4702083 -0.39854678 -3.6924217e-09)
(1.4488019 -0.33682058 -2.9618594e-09)
(1.4343436 -0.27895795 -2.5566453e-09)
(1.4278028 -0.22585988 -2.3521791e-09)
(1.4292424 -0.17696998 -2.263959e-09)
(1.4379587 -0.13096062 -2.2392821e-09)
(1.4527082 -0.08636628 -2.2480206e-09)
(1.4718675 -0.042058031 -2.2765386e-09)
(1.493619 0.0023892119 -2.3236265e-09)
(1.5160926 0.046799603 -2.3984149e-09)
(1.5377343 0.090770065 -2.521243e-09)
(1.5576079 0.13422657 -2.715979e-09)
(1.5753888 0.17765419 -2.9907784e-09)
(1.5909752 0.22145601 -3.3139698e-09)
(1.6034669 0.26456356 -3.5915971e-09)
(1.610706 0.30396809 -3.687089e-09)
(1.6126188 0.33705918 -3.568032e-09)
(1.6091079 0.35948614 -3.234973e-09)
(1.5972038 0.36878469 -2.7470646e-09)
(1.5780101 0.36407896 -2.2003929e-09)
(1.5494558 0.34514247 -1.586839e-09)
(1.5168225 0.31644303 -1.0896048e-09)
(1.4837632 0.28223703 -8.1859898e-10)
(1.453564 0.24666948 -8.3156868e-10)
(1.4284521 0.21264879 -1.114287e-09)
(1.4097174 0.18161427 -1.6008338e-09)
(1.3979688 0.15381583 -2.2112286e-09)
(1.3932632 0.12863855 -2.8774529e-09)
(1.3952285 0.10494901 -3.5517192e-09)
(1.4032082 0.081453474 -4.2015798e-09)
(1.4163385 0.056968128 -4.8038644e-09)
(1.4336322 0.030627455 -5.3363186e-09)
(1.45405 0.0019791248 -5.7837373e-09)
(1.4764694 -0.028971747 -6.1361821e-09)
(1.499778 -0.061803787 -6.3918167e-09)
(1.5229866 -0.09577431 -6.5506859e-09)
(1.5453127 -0.13020568 -6.6025132e-09)
(1.566286 -0.164563 -6.5469337e-09)
(1.5857828 -0.19831442 -6.4116225e-09)
(1.6034925 -0.23073627 -6.2239613e-09)
(1.6178648 -0.26017207 -6.0215537e-09)
(1.6269797 -0.28348672 -5.747741e-09)
(1.6309007 -0.29697503 -5.3439822e-09)
(1.6311327 -0.30047463 -5.0350426e-09)
(1.629993 -0.29953443 -4.9368941e-09)
(1.6270971 -0.29435868 -4.8109641e-09)
(1.6209847 -0.27968796 -4.4595757e-09)
(1.6092578 -0.2536627 -4.0029393e-09)
(1.5954124 -0.22186273 -3.6302928e-09)
(1.5807304 -0.18586466 -3.3588794e-09)
(1.5663977 -0.14749757 -3.1873529e-09)
(1.5533231 -0.1087055 -3.1034176e-09)
(1.5421557 -0.071215207 -3.0878004e-09)
(1.5333643 -0.036463498 -3.1201782e-09)
(1.5272181 -0.0054886862 -3.1835467e-09)
(1.5238261 0.021125669 -3.2649339e-09)
(1.5231293 0.043095568 -3.3548819e-09)
(1.5249287 0.060510394 -3.4463918e-09)
(1.5289586 0.073733635 -3.533585e-09)
(1.5349105 0.083353402 -3.6112375e-09)
(1.542512 0.090126778 -3.6766254e-09)
(1.5514727 0.09489074 -3.7288273e-09)
(1.5613582 0.098513658 -3.7631694e-09)
(1.5717949 0.1018433 -3.7744995e-09)
(1.582391 0.10550749 -3.7623942e-09)
(1.5924774 0.1098267 -3.7268481e-09)
(1.6012608 0.1147124 -3.6621842e-09)
(1.6080945 0.11972642 -3.5540879e-09)
(1.6125889 0.12441037 -3.3923721e-09)
(1.6145988 0.12827011 -3.2043516e-09)
(1.6142253 0.130915 -2.988876e-09)
(1.6118545 0.13195524 -2.7566603e-09)
(1.6077933 0.13078582 -2.5204701e-09)
(1.6004543 0.12638782 -2.2419598e-09)
(1.5899616 0.11923078 -1.9607724e-09)
(1.5766808 0.10920587 -1.6942771e-09)
(1.5613861 0.096522538 -1.4475878e-09)
(1.5446303 0.082042558 -1.2353549e-09)
(1.5272653 0.066861084 -1.0670382e-09)
(1.5097113 0.052109917 -9.4246262e-10)
(1.4928095 0.038996496 -8.913711e-10)
(1.4768514 0.028059015 -8.6577654e-10)
(1.4623631 0.020394396 -9.4475255e-10)
(1.4496368 0.015307225 -1.0149234e-09)
(1.438603 0.013431982 -1.203359e-09)
(1.4296826 0.013267471 -1.3712945e-09)
(1.4221504 0.014932816 -1.6337342e-09)
(1.4166118 0.016279729 -1.8637285e-09)
(1.4121558 0.017668079 -2.2179442e-09)
(1.408134 0.014216647 -2.6117623e-09)
(1.4991732 0.00039424512 -5.504941e-11)
(1.4946686 0.0012739926 1.1460633e-10)
(1.4851409 0.0026857569 -1.5096892e-10)
(1.4697601 0.0047846892 2.1351604e-10)
(1.4484404 0.0075914922 -2.628129e-10)
(1.4202474 0.011282741 3.7777524e-10)
(1.3838925 0.016007455 -4.8941762e-10)
(1.337593 0.022096834 6.8973422e-10)
(1.2787093 0.029924032 -9.0727412e-10)
(1.2036359 0.040304674 1.2561778e-09)
(1.1066868 0.054380819 -1.7407793e-09)
(0.97987561 0.074397906 2.7542041e-09)
(0.80842489 0.10451225 -5.668944e-09)
(0.60344833 0.080620316 -8.7253964e-07)
(0.24006256 0.099265035 0.00019713884)
(-0.0013830355 0.0024954319 -1.6701072e-06)
(-0.055800549 0.091320363 4.2158595e-06)
(-0.12693264 0.15847523 1.2262207e-08)
(-0.17381246 0.19319392 9.0146605e-10)
(-0.21260071 0.23578205 -2.8724729e-09)
(-0.24422703 0.28281331 -4.7805114e-09)
(-0.26741164 0.33118424 -5.928512e-09)
(-0.28338456 0.37617888 -6.5788893e-09)
(-0.29014677 0.409301 -6.9543574e-09)
(-0.2888236 0.42561883 -7.3109077e-09)
(-0.27771752 0.41979003 -7.855059e-09)
(-0.2489464 0.38139923 -8.6426406e-09)
(-0.20189851 0.30799382 -9.6694267e-09)
(-0.13749025 0.199939 -1.0713495e-08)
(-0.062096602 0.064248474 -1.1584494e-08)
(0.018894466 -0.089412967 -1.2432679e-08)
(0.10709118 -0.24841599 -1.3645962e-08)
(0.19816265 -0.40227671 -1.5490853e-08)
(0.2865388 -0.5380816 -1.8131567e-08)
(0.36580415 -0.64595338 -2.14368e-08)
(0.43012829 -0.72207663 -2.4572342e-08)
(0.47215081 -0.77405754 -2.6927072e-08)
(0.48985598 -0.80774352 -2.7475783e-08)
(0.48450858 -0.82807204 -2.5080273e-08)
(0.46186227 -0.83580142 -1.849681e-08)
(0.44172031 -0.82378664 -7.0926394e-09)
(0.44042829 -0.77460721 8.7439369e-09)
(0.46642933 -0.69000533 2.1601383e-08)
(0.51093017 -0.57190363 2.9684589e-08)
(0.59182397 -0.39932907 3.375121e-08)
(0.69910992 -0.19655509 3.0417773e-08)
(0.80922934 0.0093487637 2.2160187e-08)
(0.91828068 0.20582558 1.2409999e-08)
(1.0224226 0.37984715 3.8419898e-09)
(1.1165666 0.52023021 -2.0623053e-09)
(1.1969001 0.6204885 -5.1054589e-09)
(1.2601216 0.68276083 -5.9380207e-09)
(1.3061827 0.71487131 -5.1907929e-09)
(1.337012 0.72420204 -3.8408996e-09)
(1.354348 0.71378386 -2.6599017e-09)
(1.3606644 0.68116581 -1.217811e-09)
(1.3587991 0.62539253 1.7911465e-09)
(1.3470819 0.56921352 6.078969e-09)
(1.323876 0.53185324 9.3757456e-09)
(1.2922444 0.52090846 8.0712565e-09)
(1.2617651 0.5239045 9.6071299e-11)
(1.2406773 0.51847716 -1.213332e-08)
(1.2298995 0.49289205 -2.243966e-08)
(1.2292189 0.42571242 -3.1130758e-08)
(1.2462742 0.29575258 -3.7754847e-08)
(1.2781454 0.12829631 -4.0072046e-08)
(1.3214767 -0.06248105 -3.8727276e-08)
(1.3719019 -0.2574761 -3.468939e-08)
(1.4234378 -0.43584148 -2.8769397e-08)
(1.4702824 -0.57807252 -2.1740738e-08)
(1.5079051 -0.67121159 -1.4686736e-08)
(1.533801 -0.71493386 -9.0930564e-09)
(1.5481698 -0.72356387 -5.6553775e-09)
(1.5525465 -0.71733067 -4.432792e-09)
(1.5510125 -0.69024283 -3.0137661e-09)
(1.5344343 -0.62625324 -1.0486961e-09)
(1.5118951 -0.55007808 2.4339046e-10)
(1.4879455 -0.47253776 4.1876127e-10)
(1.4648079 -0.40306988 -3.1891498e-10)
(1.4455119 -0.34921576 -1.294378e-09)
(1.4333346 -0.31173924 -1.858126e-09)
(1.4296178 -0.28670956 -1.8020364e-09)
(1.4327538 -0.26894101 -1.342768e-09)
(1.4410064 -0.25160181 -8.3770848e-10)
(1.4540868 -0.22450124 -4.7077122e-10)
(1.4700092 -0.17768241 -1.4054278e-10)
(1.4859015 -0.10685829 3.4526086e-10)
(1.5015479 -0.011365214 9.6141818e-10)
(1.5183226 0.10688735 1.3963188e-09)
(1.5371063 0.2414863 1.3110741e-09)
(1.5569168 0.37906736 6.1706804e-10)
(1.574009 0.50125672 -4.8310885e-10)
(1.5835731 0.58975663 -1.6328535e-09)
(1.5836194 0.63329545 -2.4419078e-09)
(1.5796368 0.64029042 -2.70382e-09)
(1.5722952 0.63019776 -2.6497288e-09)
(1.5482753 0.58763484 -2.0400777e-09)
(1.5101648 0.51631533 -1.193604e-09)
(1.4786932 0.44719236 -9.6732519e-10)
(1.4557967 0.38648412 -1.6340787e-09)
(1.4429388 0.33545504 -3.1209801e-09)
(1.4406019 0.29250076 -5.1435827e-09)
(1.4479327 0.25425546 -7.3748359e-09)
(1.4631377 0.21654511 -9.560975e-09)
(1.4838135 0.17551365 -1.154438e-08)
(1.5074355 0.12854256 -1.3241669e-08)
(1.5317378 0.074675745 -1.4645536e-08)
(1.5547488 0.014452777 -1.581592e-08)
(1.5745063 -0.050901863 -1.6815989e-08)
(1.5897758 -0.12071865 -1.7616917e-08)
(1.6008415 -0.19550655 -1.8059525e-08)
(1.6089304 -0.27551847 -1.7964103e-08)
(1.6142779 -0.35760482 -1.7245859e-08)
(1.6154285 -0.43396281 -1.5899038e-08)
(1.6108142 -0.49398227 -1.3882479e-08)
(1.5992005 -0.52864688 -1.1320196e-08)
(1.5814119 -0.53683547 -8.803203e-09)
(1.5584568 -0.52298589 -6.8917241e-09)
(1.5195439 -0.48133338 -4.990253e-09)
(1.4806938 -0.4273313 -3.7088171e-09)
(1.4474447 -0.37048689 -2.9474504e-09)
(1.4216054 -0.31635106 -2.5513416e-09)
(1.4044509 -0.26706916 -2.3857814e-09)
(1.3965953 -0.22272232 -2.350567e-09)
(1.3977479 -0.18203678 -2.3781171e-09)
(1.406899 -0.1430963 -2.4260835e-09)
(1.4225571 -0.10402437 -2.4701564e-09)
(1.4429652 -0.063471003 -2.4996196e-09)
(1.4662821 -0.020893107 -2.5134042e-09)
(1.490654 0.023423796 -2.5180986e-09)
(1.5143758 0.068750951 -2.5312143e-09)
(1.5361972 0.11433571 -2.5837767e-09)
(1.5555635 0.16006224 -2.7128678e-09)
(1.5724599 0.20629045 -2.933636e-09)
(1.58685 0.25278932 -3.2038838e-09)
(1.5977124 0.29729336 -3.4163017e-09)
(1.6034695 0.33582841 -3.4593403e-09)
(1.6027004 0.3647261 -3.2842198e-09)
(1.5968149 0.38005839 -2.9086902e-09)
(1.5863915 0.38214694 -2.4557045e-09)
(1.5701487 0.37246732 -1.9815487e-09)
(1.5433203 0.34717059 -1.4309925e-09)
(1.5143281 0.31277683 -1.0456447e-09)
(1.4868278 0.27397598 -9.0402414e-10)
(1.463084 0.23475558 -1.0150257e-09)
(1.4446761 0.19731515 -1.3346111e-09)
(1.4326548 0.16255212 -1.7957197e-09)
(1.4274392 0.13041187 -2.3320611e-09)
(1.4288959 0.10019713 -2.8898355e-09)
(1.4364823 0.070923946 -3.4290588e-09)
(1.4493794 0.04160841 -3.9199648e-09)
(1.4665664 0.011522188 -4.3405296e-09)
(1.4868468 -0.019701178 -4.6772951e-09)
(1.5089545 -0.05203833 -4.9294886e-09)
(1.5317072 -0.085135612 -5.1083626e-09)
(1.5541456 -0.11851068 -5.225032e-09)
(1.5756132 -0.15175849 -5.2696984e-09)
(1.5956391 -0.18462806 -5.2282163e-09)
(1.6136026 -0.21655837 -5.1342709e-09)
(1.6280225 -0.24573977 -5.0693905e-09)
(1.6375481 -0.26992218 -5.0312865e-09)
(1.6416137 -0.28749935 -4.9464568e-09)
(1.6407033 -0.297176 -4.780538e-09)
(1.6379527 -0.29911032 -4.5591113e-09)
(1.6342575 -0.29626436 -4.3215685e-09)
(1.6254841 -0.28664633 -3.9578978e-09)
(1.6085527 -0.26569115 -3.5176034e-09)
(1.589239 -0.23771981 -3.1510225e-09)
(1.5691969 -0.20473648 -2.8746848e-09)
(1.5494449 -0.16867728 -2.6920393e-09)
(1.5310789 -0.13142691 -2.5979141e-09)
(1.5150096 -0.094698734 -2.5794593e-09)
(1.5018555 -0.059913318 -2.6189893e-09)
(1.4919727 -0.028191606 -2.6979515e-09)
(1.4854941 -0.00033287802 -2.8000763e-09)
(1.4823709 0.023221545 -2.9126883e-09)
(1.4824067 0.042319035 -3.0270705e-09)
(1.4853138 0.057128986 -3.1366683e-09)
(1.4907518 0.068078297 -3.2368499e-09)
(1.4983357 0.075778916 -3.3243603e-09)
(1.5076586 0.080974508 -3.3975364e-09)
(1.5183002 0.084528174 -3.4557522e-09)
(1.529847 0.087347286 -3.4975776e-09)
(1.5418995 0.090244252 -3.5218917e-09)
(1.5540861 0.09384251 -3.5305219e-09)
(1.5660959 0.098586915 -3.5263125e-09)
(1.5775041 0.1046379 -3.5062369e-09)
(1.5876819 0.11176664 -3.4605455e-09)
(1.5959144 0.11925563 -3.3777454e-09)
(1.6014285 0.1259872 -3.2465955e-09)
(1.6039582 0.13097384 -3.0503993e-09)
(1.6037497 0.13378718 -2.8098804e-09)
(1.6016043 0.13468206 -2.5912014e-09)
(1.5975993 0.13366072 -2.3771905e-09)
(1.5912204 0.12923806 -2.1221851e-09)
(1.5820325 0.12141118 -1.8597804e-09)
(1.5703398 0.11068612 -1.5977595e-09)
(1.5568199 0.09760888 -1.3595434e-09)
(1.5423237 0.083186245 -1.1571946e-09)
(1.5270406 0.06858385 -1.0006896e-09)
(1.5119044 0.054994798 -9.2104325e-10)
(1.4970277 0.043121701 -8.7849223e-10)
(1.4832683 0.034090457 -9.505596e-10)
(1.4707445 0.027332464 -1.0232965e-09)
(1.4598376 0.02370123 -1.2243598e-09)
(1.4508222 0.02164705 -1.4025208e-09)
(1.4433352 0.021580152 -1.6750948e-09)
(1.4380932 0.021303855 -1.9166487e-09)
(1.4339359 0.021096452 -2.2709754e-09)
(1.4313038 0.016437433 -2.6385741e-09)
(1.4960621 0.0026876079 -8.2931921e-11)
(1.4913252 0.008394413 1.3926018e-10)
(1.4819845 0.014848421 -1.5950402e-10)
(1.4673577 0.02247364 2.432774e-10)
(1.4471634 0.031516682 -3.0756703e-10)
(1.4203724 0.042449644 4.5604911e-10)
(1.3862178 0.055873968 -6.1062752e-10)
(1.342756 0.072689219 8.7919015e-10)
(1.2884377 0.09433637 -1.1902286e-09)
(1.2196418 0.12265564 1.6711467e-09)
(1.1333981 0.16165869 -2.3207653e-09)
(1.0225143 0.21561714 3.4206801e-09)
(0.88049589 0.29689557 -5.0857806e-09)
(0.68172251 0.34733775 -8.6871066e-06)
(0.39161294 0.4890026 7.9845163e-05)
(0.021997968 0.099018763 2.3022541e-05)
(-0.0039012325 0.022889655 2.3575032e-05)
(-0.054818267 0.14417647 -2.387659e-07)
(-0.094765633 0.20214895 2.3593675e-08)
(-0.1217247 0.22921479 1.5062911e-09)
(-0.14196672 0.26408773 -3.6768292e-09)
(-0.15479793 0.30393445 -5.8983314e-09)
(-0.16060958 0.34388753 -7.1965934e-09)
(-0.15734449 0.37887186 -8.0459493e-09)
(-0.14169863 0.40234931 -8.7031061e-09)
(-0.11524822 0.4068666 -9.2066594e-09)
(-0.072178265 0.38454806 -9.580953e-09)
(-0.014968718 0.33014112 -9.7130822e-09)
(0.053389495 0.2429292 -9.4680864e-09)
(0.13123487 0.12533569 -8.8266722e-09)
(0.21543727 -0.016224522 -8.0844117e-09)
(0.3034671 -0.17284613 -7.8235317e-09)
(0.39270681 -0.33322594 -8.5623921e-09)
(0.47945551 -0.48542954 -1.0285477e-08)
(0.55966963 -0.61624481 -1.2999024e-08)
(0.62801326 -0.71431309 -1.6919422e-08)
(0.68247243 -0.77204782 -2.08711e-08)
(0.71752376 -0.79963063 -2.4225713e-08)
(0.73041961 -0.80437575 -2.6774834e-08)
(0.72327059 -0.79568427 -2.8311783e-08)
(0.67897042 -0.78257245 -2.7624687e-08)
(0.60663265 -0.77557694 -2.1631611e-08)
(0.53941861 -0.75847848 -9.2720273e-09)
(0.50183095 -0.70330881 7.8659281e-09)
(0.50359147 -0.6042129 2.2158577e-08)
(0.53318516 -0.47037063 3.0213373e-08)
(0.59733012 -0.29217663 3.3673515e-08)
(0.68726891 -0.093203981 2.9820152e-08)
(0.78423846 0.10240005 2.1864098e-08)
(0.88321727 0.28005706 1.336836e-08)
(0.97926258 0.42872483 6.5829785e-09)
(1.0669093 0.54206687 2.3323749e-09)
(1.1417073 0.62035947 3.2969096e-10)
(1.2013864 0.66873897 -3.150786e-10)
(1.2462655 0.69311844 -1.3764936e-10)
(1.2791312 0.69457863 5.3409791e-10)
(1.3035846 0.66916658 2.2372094e-09)
(1.3181284 0.62501458 5.7186965e-09)
(1.3187356 0.5815905 9.9721842e-09)
(1.3056803 0.55518337 1.1784434e-08)
(1.286279 0.54705626 7.6359709e-09)
(1.2710299 0.5429377 -2.5341614e-09)
(1.2647558 0.52908121 -1.3447433e-08)
(1.2655302 0.49455198 -2.2688144e-08)
(1.2818462 0.40940143 -3.1414625e-08)
(1.3177454 0.26524878 -3.7395796e-08)
(1.3652624 0.085801026 -3.8965493e-08)
(1.4213978 -0.11293846 -3.6777218e-08)
(1.4799906 -0.31013611 -3.1992692e-08)
(1.5331465 -0.48437609 -2.569991e-08)
(1.5741082 -0.61730622 -1.867981e-08)
(1.5995059 -0.69749884 -1.152739e-08)
(1.6097625 -0.7273999 -6.261487e-09)
(1.6105002 -0.72838148 -4.6644217e-09)
(1.6060707 -0.7149631 -3.3528925e-09)
(1.5840807 -0.66987082 -1.6351246e-09)
(1.5476406 -0.59714054 4.8607958e-11)
(1.5113768 -0.51923808 8.8367803e-10)
(1.4760796 -0.44273011 6.5356315e-10)
(1.4437627 -0.37696449 -3.5762597e-10)
(1.4172228 -0.32974028 -1.390224e-09)
(1.3993931 -0.30136584 -1.8053276e-09)
(1.3916572 -0.28500044 -1.53312e-09)
(1.3917836 -0.27313735 -9.4420458e-10)
(1.3962424 -0.26034177 -4.626995e-10)
(1.4044452 -0.2369736 -2.8242443e-10)
(1.4158311 -0.19092458 -2.7002833e-10)
(1.4271512 -0.11977034 -1.3354429e-10)
(1.438106 -0.024455284 2.4137729e-10)
(1.450579 0.092260306 6.5805332e-10)
(1.4660518 0.2244909 7.7033069e-10)
(1.4843318 0.36105269 3.6898019e-10)
(1.503636 0.48543968 -4.9901724e-10)
(1.5211659 0.57883036 -1.5573915e-09)
(1.5344995 0.62846999 -2.4526589e-09)
(1.5407245 0.64024337 -2.8758153e-09)
(1.5422633 0.63551927 -2.9463135e-09)
(1.5369105 0.61020926 -2.7435075e-09)
(1.5196468 0.54486748 -1.903984e-09)
(1.4995708 0.47185117 -1.2759083e-09)
(1.4836194 0.40342752 -1.3035652e-09)
(1.4744341 0.34267562 -2.0323745e-09)
(1.4735576 0.28990293 -3.3242593e-09)
(1.4810217 0.24299695 -4.9657733e-09)
(1.4956601 0.19863588 -6.7413975e-09)
(1.515539 0.15332924 -8.4635112e-09)
(1.5384177 0.10446419 -9.9991158e-09)
(1.5619891 0.051047416 -1.1307292e-08)
(1.5839374 -0.0065649316 -1.2449667e-08)
(1.6022739 -0.067933736 -1.351616e-08)
(1.6164339 -0.13362177 -1.4458699e-08)
(1.6273146 -0.20511411 -1.5044383e-08)
(1.6354014 -0.28213212 -1.5124808e-08)
(1.6399208 -0.3602212 -1.4676651e-08)
(1.6388659 -0.43109447 -1.3602767e-08)
(1.630306 -0.48385176 -1.1655362e-08)
(1.6115195 -0.51060164 -9.3033036e-09)
(1.5842419 -0.50996368 -7.178265e-09)
(1.5434418 -0.48298374 -5.2430445e-09)
(1.4977037 -0.43955918 -3.855818e-09)
(1.4539407 -0.38885803 -3.0119067e-09)
(1.4167215 -0.33877895 -2.5905095e-09)
(1.388464 -0.29343136 -2.4483115e-09)
(1.3702223 -0.25387241 -2.4646571e-09)
(1.3620814 -0.21921919 -2.5550196e-09)
(1.3633757 -0.18740844 -2.6648453e-09)
(1.3728695 -0.15593708 -2.7604031e-09)
(1.3889177 -0.12258115 -2.8219183e-09)
(1.4097056 -0.08590321 -2.8417705e-09)
(1.4334668 -0.045406926 -2.8207012e-09)
(1.4585552 -0.0014519819 -2.7654457e-09)
(1.4833088 0.045025486 -2.6910487e-09)
(1.5063227 0.092850885 -2.627114e-09)
(1.5268367 0.14123474 -2.6178012e-09)
(1.544638 0.19003477 -2.7004483e-09)
(1.5599381 0.23911425 -2.8742701e-09)
(1.5727795 0.28724035 -3.0853412e-09)
(1.5820101 0.331078 -3.2304341e-09)
(1.5860017 0.36532198 -3.1956656e-09)
(1.5839361 0.38570465 -2.9163938e-09)
(1.5774226 0.39191462 -2.5099001e-09)
(1.5706049 0.38808119 -2.181484e-09)
(1.5574331 0.37183857 -1.7667821e-09)
(1.5344468 0.33861128 -1.3097933e-09)
(1.5117412 0.29819009 -1.0422265e-09)
(1.4917905 0.25509688 -9.9330783e-10)
(1.4758551 0.21221452 -1.1392577e-09)
(1.465202 0.1711487 -1.4289972e-09)
(1.4605613 0.13246016 -1.8051112e-09)
(1.4620408 0.095932971 -2.2162055e-09)
(1.4692746 0.060962165 -2.6213292e-09)
(1.4815385 0.026868996 -2.9903986e-09)
(1.4978291 -0.0068696475 -3.3064084e-09)
(1.5169338 -0.040478116 -3.5652588e-09)
(1.5375601 -0.073918473 -3.7724963e-09)
(1.5585269 -0.10703058 -3.9359313e-09)
(1.5790298 -0.13966786 -4.0648284e-09)
(1.5985864 -0.17173769 -4.1588391e-09)
(1.6162709 -0.2027499 -4.2091061e-09)
(1.6302839 -0.23112375 -4.2466944e-09)
(1.639499 -0.25508435 -4.3672736e-09)
(1.6447655 -0.27447987 -4.504288e-09)
(1.6458435 -0.28791706 -4.4129195e-09)
(1.6418894 -0.29380595 -4.0807071e-09)
(1.6342554 -0.29331831 -3.7691648e-09)
(1.6204814 -0.28524436 -3.4262728e-09)
(1.6000707 -0.26812967 -3.0674554e-09)
(1.5765104 -0.24409323 -2.7626074e-09)
(1.5517126 -0.21469377 -2.523657e-09)
(1.5271664 -0.18186969 -2.3583196e-09)
(1.5040793 -0.14732004 -2.2680427e-09)
(1.4834973 -0.11258838 -2.2476989e-09)
(1.4661849 -0.079052274 -2.2858268e-09)
(1.4525976 -0.047851775 -2.3672803e-09)
(1.4429221 -0.019862484 -2.4763511e-09)
(1.4371487 0.0043175332 -2.5991688e-09)
(1.435093 0.024379934 -2.7244424e-09)
(1.4364325 0.040279946 -2.8448727e-09)
(1.4407857 0.052255154 -2.9542002e-09)
(1.4477353 0.06077185 -3.0492906e-09)
(1.4568338 0.066473484 -3.1279014e-09)
(1.4676144 0.070135917 -3.1888866e-09)
(1.4796027 0.072626605 -3.2327678e-09)
(1.49235 0.074815344 -3.2605284e-09)
(1.5054441 0.077476305 -3.2729437e-09)
(1.5185171 0.081194661 -3.2754408e-09)
(1.5312181 0.086375989 -3.268966e-09)
(1.5432249 0.093186064 -3.2545738e-09)
(1.5542463 0.10146801 -3.2338586e-09)
(1.5640398 0.11068975 -3.2003159e-09)
(1.5721983 0.11992427 -3.1342104e-09)
(1.5780156 0.12794388 -2.9887327e-09)
(1.581045 0.13357835 -2.729628e-09)
(1.5814344 0.13616099 -2.4370133e-09)
(1.5808316 0.13637128 -2.3187529e-09)
(1.5785889 0.13513086 -2.1700618e-09)
(1.5733422 0.13064335 -1.9578155e-09)
(1.5649425 0.12176336 -1.6865033e-09)
(1.5548107 0.11006859 -1.4332042e-09)
(1.5437244 0.096599034 -1.2104875e-09)
(1.5314809 0.082560878 -1.0369851e-09)
(1.5190372 0.068988478 -9.4080848e-10)
(1.5062975 0.056693154 -8.9442611e-10)
(1.4943609 0.046733715 -9.6398763e-10)
(1.483122 0.038622579 -1.0467555e-09)
(1.4733429 0.033546587 -1.2579432e-09)
(1.4651233 0.029569229 -1.4467884e-09)
(1.4584776 0.027853747 -1.7278066e-09)
(1.4541113 0.025668215 -1.9810617e-09)
(1.4507325 0.02384559 -2.3205465e-09)
(1.4497471 0.017673432 -2.6669566e-09)
(1.4854015 0.0048438224 -3.4400162e-11)
(1.481004 0.015073946 5.555008e-11)
(1.4725975 0.02623276 -6.3786816e-11)
(1.4592656 0.038970957 9.9793808e-11)
(1.441219 0.053636992 -1.2628867e-10)
(1.4170323 0.071186817 1.9021375e-10)
(1.3871856 0.092169777 -2.4214396e-10)
(1.3488335 0.11855496 3.2311655e-10)
(1.3033508 0.15127481 -3.4690954e-10)
(1.245041 0.19491981 3.0675505e-10)
(1.1783612 0.25092701 1.0329908e-11)
(1.0909 0.3319322 -9.0114808e-10)
(0.99768616 0.43806829 3.5394387e-09)
(0.86745664 0.61433747 -1.0291199e-08)
(0.66215481 0.78779861 -8.3562732e-06)
(0.26052863 0.5092314 -0.00049089667)
(-0.034472521 0.080947603 -1.6221673e-05)
(-0.051380302 0.18657533 9.2717895e-08)
(-0.050304913 0.21892396 2.3506618e-08)
(-0.046766421 0.24204701 2.483566e-09)
(-0.039806824 0.27021573 -3.5904725e-09)
(-0.026675164 0.30228444 -6.3194059e-09)
(-0.0057818554 0.33322497 -7.9867919e-09)
(0.024106967 0.35728721 -9.0867916e-09)
(0.064968856 0.36851083 -9.7564834e-09)
(0.11742434 0.35985331 -9.9692467e-09)
(0.18257817 0.32515664 -9.6629212e-09)
(0.25788283 0.26053494 -8.7496436e-09)
(0.34054651 0.1653537 -7.2712621e-09)
(0.42791807 0.043206792 -5.5786615e-09)
(0.51754712 -0.099882946 -4.3405428e-09)
(0.60691245 -0.25669223 -4.2360969e-09)
(0.69297617 -0.41578469 -5.5650639e-09)
(0.77228322 -0.56299791 -7.6637482e-09)
(0.83964582 -0.68510833 -9.9874459e-09)
(0.88874595 -0.7713588 -1.3593142e-08)
(0.91960027 -0.8146548 -1.7635881e-08)
(0.93734815 -0.82173285 -2.0953013e-08)
(0.94079317 -0.81278219 -2.2910537e-08)
(0.92909514 -0.77637542 -2.5621715e-08)
(0.88625194 -0.7179553 -2.7391258e-08)
(0.81192106 -0.68260369 -2.6656032e-08)
(0.71001079 -0.6703215 -2.1743411e-08)
(0.61164419 -0.6531226 -1.0214389e-08)
(0.54895959 -0.59734276 6.688612e-09)
(0.5330536 -0.49145919 2.1923442e-08)
(0.5535544 -0.34970113 3.0258044e-08)
(0.6077969 -0.17471963 3.3815443e-08)
(0.68577683 0.010564144 3.0656558e-08)
(0.77306743 0.18492093 2.391326e-08)
(0.86365323 0.33638745 1.6855644e-08)
(0.9511012 0.45807755 1.1355876e-08)
(1.0303972 0.54866713 7.7468139e-09)
(1.0984722 0.61076237 5.6427932e-09)
(1.1551426 0.64700123 4.6536637e-09)
(1.2029405 0.65706494 5.0709101e-09)
(1.2423052 0.64179592 7.3909422e-09)
(1.2690664 0.6114799 1.1099277e-08)
(1.2800198 0.58262155 1.379854e-08)
(1.2784156 0.56501174 1.2238471e-08)
(1.2727503 0.55545197 5.091605e-09)
(1.2725286 0.54464952 -5.1311633e-09)
(1.2786881 0.52463357 -1.479523e-08)
(1.2944228 0.47878115 -2.3450418e-08)
(1.3334476 0.37339827 -3.1774774e-08)
(1.3883765 0.21725743 -3.6630107e-08)
(1.4522833 0.028632546 -3.7125276e-08)
(1.5206503 -0.17377754 -3.3875761e-08)
(1.5849581 -0.36716829 -2.8179398e-08)
(1.6362114 -0.52972302 -2.1536571e-08)
(1.6677042 -0.64588195 -1.4796765e-08)
(1.6771092 -0.70890284 -8.526847e-09)
(1.672261 -0.72621862 -4.6172017e-09)
(1.6641856 -0.72154817 -3.2135652e-09)
(1.6391678 -0.69228255 -1.7645111e-09)
(1.5915279 -0.62793651 -2.3699e-10)
(1.5436249 -0.55434768 8.2620068e-10)
(1.4966455 -0.47727093 1.170818e-09)
(1.4517868 -0.4037773 5.4957933e-10)
(1.4117765 -0.34354784 -6.7456608e-10)
(1.379271 -0.30441653 -1.6727782e-09)
(1.3563331 -0.28585191 -1.848426e-09)
(1.3439828 -0.27883987 -1.3166027e-09)
(1.3402344 -0.27342746 -6.475273e-10)
(1.3407608 -0.2637848 -2.8248116e-10)
(1.3434144 -0.24398161 -3.3082445e-10)
(1.3483014 -0.19912067 -6.7058421e-10)
(1.3537337 -0.12721804 -9.1180409e-10)
(1.359781 -0.032799312 -8.0852539e-10)
(1.3685108 0.081454775 -4.7951567e-10)
(1.3814309 0.21006396 -2.4949866e-10)
(1.3990555 0.34291912 -3.9236265e-10)
(1.4212367 0.46455644 -9.7137522e-10)
(1.4463403 0.55787008 -1.809577e-09)
(1.4704409 0.61279084 -2.6124069e-09)
(1.4892052 0.63273394 -3.1357285e-09)
(1.5009969 0.63026986 -3.312205e-09)
(1.5077552 0.61093061 -3.1903059e-09)
(1.5057326 0.55627981 -2.8072493e-09)
(1.4999883 0.48377947 -2.3334221e-09)
(1.4953972 0.41223547 -1.9442965e-09)
(1.4932552 0.34595591 -1.9605323e-09)
(1.4961624 0.28610517 -2.5084686e-09)
(1.5049257 0.23214519 -3.463245e-09)
(1.5192439 0.18191038 -4.6648038e-09)
(1.537953 0.13259429 -5.9278584e-09)
(1.559211 0.081994446 -7.1281475e-09)
(1.5807089 0.029219573 -8.2678616e-09)
(1.6002243 -0.02572686 -9.3904142e-09)
(1.616496 -0.083440127 -1.0500964e-08)
(1.6295848 -0.14570526 -1.1575646e-08)
(1.6400676 -0.2143643 -1.2473989e-08)
(1.6479521 -0.28839134 -1.2883289e-08)
(1.6514275 -0.36178148 -1.2771771e-08)
(1.6488319 -0.42520491 -1.1561259e-08)
(1.6346712 -0.46766296 -9.6084204e-09)
(1.6065721 -0.48230075 -7.4157301e-09)
(1.5656914 -0.46942125 -5.4275302e-09)
(1.5165842 -0.43623316 -3.9493666e-09)
(1.4652722 -0.39218393 -3.0306053e-09)
(1.4179438 -0.3464073 -2.585759e-09)
(1.3789666 -0.30483226 -2.4705529e-09)
(1.3504019 -0.2696795 -2.5435759e-09)
(1.3325852 -0.24064151 -2.7004654e-09)
(1.3249021 -0.21596926 -2.877496e-09)
(1.3263316 -0.19304282 -3.0364796e-09)
(1.3355657 -0.1689223 -3.1535251e-09)
(1.3509722 -0.1410982 -3.2118734e-09)
(1.3707975 -0.10816864 -3.2070369e-09)
(1.3935001 -0.069748882 -3.1423464e-09)
(1.4177731 -0.026339992 -3.027696e-09)
(1.4422067 0.020863674 -2.8807859e-09)
(1.4654246 0.070585136 -2.728532e-09)
(1.486532 0.12154423 -2.6091936e-09)
(1.5051357 0.17303415 -2.5659591e-09)
(1.5212781 0.22460448 -2.6325737e-09)
(1.5350385 0.27531059 -2.791913e-09)
(1.546067 0.32265369 -2.9724358e-09)
(1.553477 0.36197234 -2.9910266e-09)
(1.5563349 0.38696157 -2.7245777e-09)
(1.5561301 0.39490036 -2.3802816e-09)
(1.5550649 0.39368628 -2.2126723e-09)
(1.5502521 0.38492415 -1.961385e-09)
(1.5397571 0.35811732 -1.5761443e-09)
(1.5247141 0.31672912 -1.2252542e-09)
(1.5107871 0.27137441 -1.0502136e-09)
(1.4993438 0.22458374 -1.0445174e-09)
(1.4918386 0.1783458 -1.1744173e-09)
(1.4891414 0.13393402 -1.3959385e-09)
(1.491528 0.091733858 -1.6662237e-09)
(1.4988206 0.051590091 -1.9490548e-09)
(1.5104269 0.013171559 -2.219441e-09)
(1.525414 -0.023775663 -2.4652788e-09)
(1.5426263 -0.05935551 -2.6928777e-09)
(1.5609521 -0.093573324 -2.9118456e-09)
(1.5794857 -0.12658906 -3.1183928e-09)
(1.5973471 -0.1586244 -3.2913348e-09)
(1.6133293 -0.18893869 -3.4510489e-09)
(1.6263343 -0.21598571 -3.6541342e-09)
(1.6359433 -0.23962842 -3.8690732e-09)
(1.6417771 -0.26010556 -3.9322788e-09)
(1.6423128 -0.27543221 -3.8043173e-09)
(1.6366493 -0.28370585 -3.599314e-09)
(1.6248095 -0.28447974 -3.3441105e-09)
(1.6070736 -0.27749164 -3.0627102e-09)
(1.5841857 -0.26318204 -2.7877624e-09)
(1.5576269 -0.24269802 -2.5429698e-09)
(1.5293384 -0.21709128 -2.3445649e-09)
(1.5010909 -0.18784044 -2.2030776e-09)
(1.4743198 -0.15651616 -2.1234131e-09)
(1.4501313 -0.12453746 -2.1042819e-09)
(1.4293521 -0.093176172 -2.1389225e-09)
(1.4125232 -0.063526044 -2.2159203e-09)
(1.3999124 -0.036458158 -2.3216265e-09)
(1.3915477 -0.012611466 -2.4426437e-09)
(1.3872781 0.0076033813 -2.5674699e-09)
(1.3867914 0.024011401 -2.6869964e-09)
(1.3896656 0.036657363 -2.7954615e-09)
(1.3954445 0.045823065 -2.8881152e-09)
(1.4036526 0.051999414 -2.9628974e-09)
(1.4138 0.055852844 -3.018449e-09)
(1.4253905 0.058168472 -3.0543429e-09)
(1.4379362 0.059789599 -3.0717623e-09)
(1.4509907 0.061537083 -3.0727835e-09)
(1.4641657 0.064129753 -3.0600612e-09)
(1.4771373 0.068120572 -3.0391649e-09)
(1.4896283 0.073889336 -3.0133343e-09)
(1.5014327 0.081552082 -2.9869705e-09)
(1.5123779 0.090895793 -2.9632552e-09)
(1.522297 0.10138388 -2.9361454e-09)
(1.5309714 0.11221378 -2.8853339e-09)
(1.538172 0.12228522 -2.7751659e-09)
(1.5436574 0.13026321 -2.5782247e-09)
(1.5472064 0.13500002 -2.3109819e-09)
(1.5487337 0.13650784 -2.0713894e-09)
(1.5488965 0.13628338 -1.9741481e-09)
(1.5480956 0.13456679 -1.857822e-09)
(1.5451206 0.12923278 -1.6711315e-09)
(1.5388822 0.11889009 -1.4220652e-09)
(1.5315545 0.106607 -1.2002299e-09)
(1.5229022 0.09339839 -1.0340183e-09)
(1.5138183 0.080190616 -9.4381532e-10)
(1.5040387 0.06787524 -9.1542813e-10)
(1.4948405 0.05734111 -9.9554516e-10)
(1.4858351 0.048239586 -1.1005463e-09)
(1.4781029 0.041972782 -1.3226657e-09)
(1.4715785 0.036136843 -1.5245082e-09)
(1.466554 0.033005171 -1.8100136e-09)
(1.463659 0.028757348 -2.0671749e-09)
(1.4615667 0.025565165 -2.3768572e-09)
(1.4626047 0.017696945 -2.6987256e-09)
(1.4675688 0.0067997565 3.7607352e-11)
(1.4637556 0.021030037 -6.7594185e-11)
(1.4565721 0.036363249 8.4036725e-11)
(1.4451739 0.053524661 -1.3005677e-10)
(1.4298939 0.073052706 1.8117544e-10)
(1.4096228 0.096039187 -2.8142672e-10)
(1.385047 0.12326925 4.5042241e-10)
(1.3542919 0.15678663 -7.7284232e-10)
(1.318771 0.19799604 1.3671635e-09)
(1.2757589 0.25094518 -2.414307e-09)
(1.2286134 0.31875981 4.1263656e-09)
(1.1747055 0.40895011 -6.4702472e-09)
(1.1219271 0.53164938 8.3250758e-09)
(1.0733626 0.69224774 -6.5257065e-10)
(0.97593114 0.8840573 2.972416e-05)
(0.87469048 1.0484976 -0.00019783313)
(-0.014008552 0.015357878 1.922974e-05)
(-0.059672409 0.10356325 -1.2648441e-05)
(-0.0265237 0.17239256 5.3569864e-08)
(0.010811649 0.2022015 1.5876363e-08)
(0.047218973 0.22400423 1.671562e-09)
(0.084587792 0.24772152 -3.0957415e-09)
(0.1259678 0.27294767 -5.4637489e-09)
(0.17370722 0.29549672 -7.1108728e-09)
(0.22928941 0.30990813 -8.23191e-09)
(0.29399005 0.31042814 -8.7544974e-09)
(0.36822734 0.29114229 -8.6047386e-09)
(0.45119056 0.24732567 -7.7728608e-09)
(0.54060117 0.17623372 -6.371441e-09)
(0.63403686 0.077529072 -4.7557205e-09)
(0.72951413 -0.045246395 -3.5522785e-09)
(0.82468978 -0.18708744 -3.4404038e-09)
(0.91716056 -0.34066051 -4.6830527e-09)
(1.002115 -0.49350527 -6.9331377e-09)
(1.0737897 -0.62940857 -9.1006839e-09)
(1.1265857 -0.73532042 -1.0173602e-08)
(1.1537754 -0.80185827 -1.1535124e-08)
(1.1571033 -0.8247967 -1.3756595e-08)
(1.1525483 -0.82251911 -1.4777179e-08)
(1.1340654 -0.80208328 -1.7429545e-08)
(1.091156 -0.74594509 -2.2340006e-08)
(1.0441128 -0.67035701 -2.5670397e-08)
(0.98526058 -0.60033618 -2.6042428e-08)
(0.89384833 -0.55814194 -2.4434529e-08)
(0.77475961 -0.5432936 -1.9907038e-08)
(0.66050252 -0.52546235 -9.7255161e-09)
(0.58439462 -0.46959525 5.6559735e-09)
(0.55847538 -0.36396581 2.0579264e-08)
(0.57438055 -0.22438351 2.9364808e-08)
(0.62249978 -0.062436738 3.3767164e-08)
(0.69234054 0.10095699 3.2519659e-08)
(0.77218953 0.24939769 2.7961419e-08)
(0.85444473 0.37436863 2.2521714e-08)
(0.93362607 0.47248171 1.7975694e-08)
(1.006453 0.5436844 1.5032392e-08)
(1.0718519 0.58822517 1.3256448e-08)
(1.129983 0.60669705 1.3078748e-08)
(1.1784257 0.60326362 1.4690252e-08)
(1.2131595 0.58818284 1.6639022e-08)
(1.2337153 0.57273244 1.6308886e-08)
(1.2452275 0.56164672 1.1772164e-08)
(1.2547259 0.55200471 3.487221e-09)
(1.2664189 0.53734649 -6.4846054e-09)
(1.2855889 0.50692721 -1.613382e-08)
(1.3246996 0.4390501 -2.4971859e-08)
(1.3866273 0.31662789 -3.208107e-08)
(1.4604729 0.15056192 -3.5338365e-08)
(1.5405955 -0.04320801 -3.4351038e-08)
(1.6187194 -0.2428423 -2.9774263e-08)
(1.6837898 -0.42418139 -2.326763e-08)
(1.7273277 -0.5673581 -1.6574716e-08)
(1.7453809 -0.66076124 -1.0654251e-08)
(1.7394068 -0.70490388 -5.8945779e-09)
(1.721381 -0.71232418 -3.0084904e-09)
(1.6928781 -0.69419298 -1.4788016e-09)
(1.6387079 -0.64126509 -3.3040905e-10)
(1.5817184 -0.57517334 4.7864205e-10)
(1.5249604 -0.50181088 1.1031613e-09)
(1.4690989 -0.42639116 1.09088e-09)
(1.4163344 -0.35711992 1.7989414e-10)
(1.3699708 -0.30408897 -1.1439472e-09)
(1.3327175 -0.27413742 -1.9951078e-09)
(1.3055258 -0.26575684 -1.8861689e-09)
(1.2880903 -0.26837262 -1.1211584e-09)
(1.2789607 -0.26902431 -4.3121369e-10)
(1.2752293 -0.26277518 -2.5925446e-10)
(1.2725601 -0.2448616 -5.6398764e-10)
(1.2699107 -0.19991476 -1.2986166e-09)
(1.2686549 -0.12870544 -1.9313836e-09)
(1.2700653 -0.03681268 -2.1071259e-09)
(1.2756151 0.073504544 -1.9064793e-09)
(1.2869705 0.1966372 -1.6259821e-09)
(1.3052859 0.32292446 -1.5622408e-09)
(1.3310745 0.43847387 -1.8481515e-09)
(1.3626513 0.52888982 -2.4076684e-09)
(1.3955136 0.58604563 -3.0387853e-09)
(1.4243584 0.61261623 -3.5465058e-09)
(1.4472907 0.61649087 -3.8189298e-09)
(1.4651838 0.59982729 -3.8093143e-09)
(1.4809177 0.55155405 -3.4314685e-09)
(1.4892683 0.48289829 -2.9110244e-09)
(1.4931641 0.41033066 -2.55624e-09)
(1.4988764 0.34148908 -2.3567277e-09)
(1.5068613 0.278129 -2.4302482e-09)
(1.5181695 0.21982496 -2.8325556e-09)
(1.5330967 0.16548155 -3.4777475e-09)
(1.5509635 0.11326785 -4.2353975e-09)
(1.5702364 0.061735345 -5.0567612e-09)
(1.5889532 0.010110309 -6.0072266e-09)
(1.6055763 -0.042392351 -7.1159164e-09)
(1.6197421 -0.09746324 -8.2962707e-09)
(1.6321217 -0.15743911 -9.4582625e-09)
(1.6431068 -0.22357447 -1.0611781e-08)
(1.6515922 -0.29370267 -1.1442481e-08)
(1.6548121 -0.3610489 -1.093699e-08)
(1.6463689 -0.41367658 -9.3617067e-09)
(1.6224127 -0.44201386 -7.3838019e-09)
(1.5833705 -0.44280684 -5.4716831e-09)
(1.5329641 -0.42013377 -3.9679385e-09)
(1.4771219 -0.38276819 -3.0011883e-09)
(1.422397 -0.34091972 -2.5335306e-09)
(1.3743121 -0.30247992 -2.4377349e-09)
(1.3362563 -0.27112149 -2.564218e-09)
(1.3093426 -0.24697248 -2.7872754e-09)
(1.2930068 -0.22837459 -3.0265652e-09)
(1.2859074 -0.21302835 -3.2423299e-09)
(1.2867789 -0.19817134 -3.4138153e-09)
(1.2945512 -0.18074295 -3.5242948e-09)
(1.3078336 -0.15799908 -3.5582145e-09)
(1.3250775 -0.12859328 -3.5113978e-09)
(1.3450552 -0.092352151 -3.3901055e-09)
(1.3667572 -0.049834012 -3.2102187e-09)
(1.3892951 -0.0023557819 -2.9949223e-09)
(1.4115318 0.048569189 -2.7715925e-09)
(1.4324181 0.10154191 -2.5745619e-09)
(1.4514008 0.15536831 -2.4481264e-09)
(1.468262 0.20925325 -2.4356555e-09)
(1.4830111 0.26232265 -2.5364707e-09)
(1.4956733 0.31237112 -2.679693e-09)
(1.5063882 0.35456509 -2.710075e-09)
(1.5154075 0.38231689 -2.5408169e-09)
(1.5224162 0.39300017 -2.2645439e-09)
(1.5257468 0.3930438 -2.0874562e-09)
(1.5277533 0.38680592 -1.9322173e-09)
(1.5256223 0.36711254 -1.6729384e-09)
(1.5192776 0.32762304 -1.337536e-09)
(1.5133766 0.28113783 -1.1054042e-09)
(1.5091216 0.23163436 -1.0026836e-09)
(1.5070269 0.18198846 -1.0226957e-09)
(1.5080887 0.13339102 -1.1320623e-09)
(1.5127467 0.086699889 -1.3005152e-09)
(1.5209603 0.042366343 -1.5023514e-09)
(1.5323208 0.00050769389 -1.7218006e-09)
(1.5460475 -0.038857718 -1.9537723e-09)
(1.5611903 -0.075839849 -2.1984459e-09)
(1.5768816 -0.11062311 -2.4543105e-09)
(1.5922646 -0.14322293 -2.718956e-09)
(1.606327 -0.17330747 -2.985656e-09)
(1.6180581 -0.20070244 -3.223255e-09)
(1.6265298 -0.22533263 -3.3809848e-09)
(1.6307171 -0.24591124 -3.4384431e-09)
(1.6294662 -0.26102307 -3.3948055e-09)
(1.6217808 -0.26956267 -3.2636667e-09)
(1.6075134 -0.27091757 -3.0709718e-09)
(1.5872727 -0.26512657 -2.8495812e-09)
(1.5620991 -0.25295949 -2.6302282e-09)
(1.5334141 -0.23528728 -2.4360785e-09)
(1.5029322 -0.21301164 -2.2817642e-09)
(1.4723678 -0.18731234 -2.174923e-09)
(1.4432112 -0.15946673 -2.1182075e-09)
(1.4166356 -0.13071757 -2.1105612e-09)
(1.3934841 -0.10218584 -2.1472652e-09)
(1.3743137 -0.074851327 -2.2202888e-09)
(1.3594269 -0.049531964 -2.3189006e-09)
(1.3488972 -0.026856299 -2.4313776e-09)
(1.3425946 -0.0072505269 -2.5468501e-09)
(1.3402566 0.0090541415 -2.6564992e-09)
(1.3414803 0.021951098 -2.7539845e-09)
(1.3457604 0.031558268 -2.8356241e-09)
(1.3525856 0.038187818 -2.8989264e-09)
(1.3614459 0.042338408 -2.9429782e-09)
(1.3718383 0.044673217 -2.9672858e-09)
(1.3832775 0.04596096 -2.9720364e-09)
(1.3953121 0.047008131 -2.9584157e-09)
(1.4075552 0.048580386 -2.9288384e-09)
(1.4196889 0.051335717 -2.8865935e-09)
(1.4314775 0.05576329 -2.8369574e-09)
(1.4427418 0.06215756 -2.7845415e-09)
(1.4533993 0.070557074 -2.7347589e-09)
(1.4633853 0.080732587 -2.6898591e-09)
(1.4726918 0.09217194 -2.6444852e-09)
(1.481256 0.10406752 -2.5812844e-09)
(1.4890751 0.115283 -2.475004e-09)
(1.495964 0.12459631 -2.315646e-09)
(1.5016761 0.13112836 -2.1198873e-09)
(1.5057545 0.13474483 -1.9278173e-09)
(1.5083195 0.13569104 -1.7465892e-09)
(1.5094887 0.13457833 -1.6093717e-09)
(1.5098901 0.13119046 -1.4731955e-09)
(1.5087036 0.12324921 -1.2880244e-09)
(1.5059857 0.11241248 -1.1114785e-09)
(1.5016424 0.10029794 -9.9213633e-10)
(1.496648 0.08774115 -9.411524e-10)
(1.4905986 0.075739435 -9.5704838e-10)
(1.484886 0.064959477 -1.0641243e-09)
(1.4788338 0.055364501 -1.2023317e-09)
(1.4739025 0.048143499 -1.4370282e-09)
(1.4697868 0.040698014 -1.6525107e-09)
(1.4670061 0.036429502 -1.9318371e-09)
(1.4662269 0.02994345 -2.177868e-09)
(1.4658868 0.025730258 -2.4441743e-09)
(1.4691059 0.016204799 -2.7260674e-09)
(1.4426067 0.0084716093 1.1069469e-10)
(1.4395025 0.026029498 -1.7057111e-10)
(1.4338013 0.044863453 1.8127783e-10)
(1.4246582 0.065563418 -2.4988963e-10)
(1.4127193 0.089046869 2.5722465e-10)
(1.3968723 0.11599007 -3.0125025e-10)
(1.3785558 0.14798947 2.4793756e-10)
(1.3558089 0.18579483 -1.457963e-10)
(1.3317841 0.23270483 -2.6216078e-10)
(1.303203 0.28904145 1.2888345e-09)
(1.2775732 0.36241684 -3.9741058e-09)
(1.2495618 0.45049358 1.0357177e-08)
(1.2373232 0.57048 -2.4303028e-08)
(1.2341641 0.7122594 5.0283278e-08)
(1.2802361 0.89909894 -7.8198423e-08)
(1.2910484 1.1139048 -8.1522284e-06)
(1.2084102 1.0325791 -0.00074981147)
(0.23954599 0.15836308 -0.00022519719)
(-0.024647301 0.01872196 -0.00010641788)
(-0.064675483 0.062897989 -3.6164602e-05)
(-0.00057987543 0.082385411 -4.2730021e-08)
(0.055021522 0.12336088 -9.7692178e-09)
(0.11410932 0.15178138 -9.0156305e-09)
(0.17229515 0.17481789 -8.0498636e-09)
(0.23393309 0.19610959 -6.5100683e-09)
(0.29898557 0.21633601 -5.4070885e-09)
(0.36926619 0.23186771 -5.0931866e-09)
(0.44625943 0.23795356 -5.2807325e-09)
(0.53071798 0.2296759 -5.566628e-09)
(0.6227888 0.20220455 -5.7057224e-09)
(0.72068692 0.15262452 -5.650863e-09)
(0.82261416 0.078815413 -5.6164089e-09)
(0.92761863 -0.02032076 -6.0175721e-09)
(1.0322435 -0.14166346 -7.1899767e-09)
(1.1341226 -0.28039042 -9.2601466e-09)
(1.2296082 -0.42689163 -1.1809048e-08)
(1.3090156 -0.56615784 -1.3823306e-08)
(1.3637225 -0.68277861 -1.4403186e-08)
(1.3913348 -0.76536595 -1.3656164e-08)
(1.389527 -0.80837342 -1.1621331e-08)
(1.3697971 -0.81644728 -9.6310473e-09)
(1.3424245 -0.80015717 -9.0329826e-09)
(1.2910495 -0.75288863 -1.0683238e-08)
(1.2296092 -0.69153706 -1.5007507e-08)
(1.1685111 -0.61905861 -2.0636042e-08)
(1.1101501 -0.53770779 -2.4066996e-08)
(1.0398254 -0.46481549 -2.3945137e-08)
(0.93933318 -0.42247828 -2.1746392e-08)
(0.81401351 -0.40777868 -1.7469321e-08)
(0.6952177 -0.38915915 -9.0256012e-09)
(0.61478743 -0.3346714 3.7133449e-09)
(0.58403493 -0.23525404 1.7372795e-08)
(0.59630943 -0.10643315 2.6772998e-08)
(0.63951664 0.035643621 3.2386112e-08)
(0.70273589 0.17332235 3.3424892e-08)
(0.77567657 0.29526546 3.1304016e-08)
(0.85119115 0.39556608 2.8394792e-08)
(0.92494922 0.47162863 2.5987239e-08)
(0.99431853 0.52266918 2.3924722e-08)
(1.0570745 0.55016531 2.2544736e-08)
(1.1099363 0.55913404 2.1799606e-08)
(1.1506364 0.55750585 2.0375916e-08)
(1.1804938 0.55213845 1.6587981e-08)
(1.2039365 0.5457036 9.8099221e-09)
(1.2265746 0.53627517 8.9427397e-10)
(1.2540763 0.5147578 -8.9562929e-09)
(1.2969894 0.46607826 -1.8540347e-08)
(1.3621626 0.37616337 -2.6635941e-08)
(1.4451536 0.2400388 -3.1797705e-08)
(1.5376503 0.066369613 -3.2968673e-08)
(1.6307132 -0.12669735 -3.0073847e-08)
(1.712892 -0.31547072 -2.4206354e-08)
(1.7723962 -0.47599024 -1.7355064e-08)
(1.799922 -0.59148302 -1.1454914e-08)
(1.7985769 -0.65973702 -6.8323412e-09)
(1.7767882 -0.68574906 -3.3184143e-09)
(1.7430406 -0.67879461 -1.4001994e-09)
(1.6860663 -0.63897242 -3.1412772e-10)
(1.6228602 -0.58162865 1.813377e-10)
(1.5577238 -0.51407448 6.8901289e-10)
(1.4926338 -0.44099616 1.0941525e-09)
(1.4293429 -0.36796681 8.1759461e-10)
(1.3705508 -0.30418521 -3.0836251e-10)
(1.3195664 -0.25983269 -1.649047e-09)
(1.2787295 -0.24014057 -2.301173e-09)
(1.2481632 -0.24147503 -1.9101272e-09)
(1.2263405 -0.25260674 -9.4806767e-10)
(1.2114074 -0.26018548 -2.6767341e-10)
(1.2014044 -0.2562499 -3.1582134e-10)
(1.1931313 -0.23826941 -9.5339512e-10)
(1.1835605 -0.19345938 -2.0983164e-09)
(1.176843 -0.12531722 -3.071642e-09)
(1.1746442 -0.037539699 -3.5149793e-09)
(1.1780691 0.067100969 -3.4724011e-09)
(1.1889166 0.18269466 -3.2033039e-09)
(1.2087681 0.30010579 -3.0002912e-09)
(1.2380073 0.40733902 -3.0384204e-09)
(1.2745649 0.49285848 -3.325375e-09)
(1.3138074 0.55058501 -3.7505583e-09)
(1.3507302 0.58199182 -4.1760472e-09)
(1.3835592 0.59091163 -4.4736652e-09)
(1.4145947 0.57556653 -4.503063e-09)
(1.4437485 0.53299988 -4.1855694e-09)
(1.4660543 0.47193295 -3.6744768e-09)
(1.4814064 0.40270026 -3.2031264e-09)
(1.4941238 0.33286328 -2.8921654e-09)
(1.507162 0.26695748 -2.7496956e-09)
(1.521477 0.20597122 -2.7938096e-09)
(1.5374404 0.14913066 -2.9806096e-09)
(1.55457 0.095438787 -3.316256e-09)
(1.5716548 0.044047705 -3.8612989e-09)
(1.5874608 -0.006053141 -4.6583325e-09)
(1.601511 -0.056575418 -5.7483885e-09)
(1.6144591 -0.11010849 -7.1089469e-09)
(1.6273305 -0.1691834 -8.4887651e-09)
(1.6396104 -0.23389334 -9.3927609e-09)
(1.6476374 -0.29943182 -9.4018898e-09)
(1.645275 -0.35607618 -8.4927071e-09)
(1.6273194 -0.39343345 -6.9692415e-09)
(1.5922758 -0.40557923 -5.2893055e-09)
(1.5429296 -0.39337023 -3.8606354e-09)
(1.4852346 -0.36350663 -2.9048163e-09)
(1.426198 -0.32572663 -2.4435707e-09)
(1.3719077 -0.28932932 -2.3714716e-09)
(1.3264252 -0.26020067 -2.5419493e-09)
(1.2916053 -0.23981437 -2.82195e-09)
(1.2675175 -0.22645044 -3.1167871e-09)
(1.2529833 -0.21731511 -3.3761157e-09)
(1.2461635 -0.20989732 -3.5838443e-09)
(1.2454301 -0.20178764 -3.7351224e-09)
(1.2500984 -0.1899225 -3.8175039e-09)
(1.2595118 -0.17140858 -3.8117746e-09)
(1.2723829 -0.14521711 -3.7104416e-09)
(1.2879249 -0.11136103 -3.5221276e-09)
(1.3055734 -0.070368475 -3.2696396e-09)
(1.3246402 -0.023403643 -2.9842575e-09)
(1.3444124 0.027897958 -2.6995244e-09)
(1.3640143 0.082019712 -2.45133e-09)
(1.3826511 0.13755073 -2.2801532e-09)
(1.3998864 0.1934015 -2.2205471e-09)
(1.4156579 0.24834839 -2.2686638e-09)
(1.4303888 0.29970906 -2.3586168e-09)
(1.4448898 0.34247011 -2.381829e-09)
(1.4592913 0.37134706 -2.2880472e-09)
(1.4719905 0.38545144 -2.1310829e-09)
(1.4818297 0.38847001 -1.9720182e-09)
(1.4897734 0.38271551 -1.8026561e-09)
(1.4966719 0.36512332 -1.5985163e-09)
(1.5020308 0.32860711 -1.3269259e-09)
(1.5041778 0.28233767 -1.1069102e-09)
(1.5057606 0.23135449 -9.7662159e-10)
(1.5092059 0.17917829 -9.3982903e-10)
(1.5148506 0.12811894 -9.9241148e-10)
(1.5225981 0.078912112 -1.1151221e-09)
(1.5324281 0.032103688 -1.2931347e-09)
(1.5439872 -0.011762925 -1.5174314e-09)
(1.5566991 -0.052488689 -1.7815587e-09)
(1.5698796 -0.090067062 -2.0769411e-09)
(1.5827971 -0.12455659 -2.3880328e-09)
(1.5945804 -0.15600274 -2.6892e-09)
(1.6042436 -0.18428406 -2.9462181e-09)
(1.6107278 -0.20888863 -3.1244858e-09)
(1.6128273 -0.22888492 -3.2011185e-09)
(1.6093681 -0.24340079 -3.172951e-09)
(1.5995442 -0.25182328 -3.0576715e-09)
(1.5831995 -0.25374863 -2.8877762e-09)
(1.5609727 -0.24921046 -2.6997733e-09)
(1.5341191 -0.23878312 -2.5241747e-09)
(1.5041702 -0.22337014 -2.3805002e-09)
(1.4727081 -0.20396886 -2.2775522e-09)
(1.4412673 -0.18160366 -2.2167731e-09)
(1.411226 -0.1573004 -2.1959468e-09)
(1.3836997 -0.13203005 -2.2113655e-09)
(1.3594992 -0.10670399 -2.258526e-09)
(1.3391528 -0.082150259 -2.3316681e-09)
(1.3229503 -0.059092943 -2.4233392e-09)
(1.3109791 -0.03813098 -2.52461e-09)
(1.3031606 -0.019705107 -2.6262042e-09)
(1.2992675 -0.0040806491 -2.7199518e-09)
(1.2988939 0.0086265712 -2.7998879e-09)
(1.3015532 0.018418962 -2.8626883e-09)
(1.3067418 0.025453001 -2.907359e-09)
(1.3139195 0.030039579 -2.933928e-09)
(1.3225723 0.03266141 -2.9428563e-09)
(1.3322233 0.033955802 -2.9343142e-09)
(1.3424416 0.034651181 -2.9085937e-09)
(1.3528541 0.035494946 -2.8663985e-09)
(1.3631731 0.037174779 -2.8096966e-09)
(1.3731912 0.040263033 -2.7412414e-09)
(1.3828034 0.045163942 -2.6656163e-09)
(1.3919627 0.052094225 -2.5870734e-09)
(1.4007229 0.061038491 -2.5105638e-09)
(1.4091302 0.071733393 -2.4370014e-09)
(1.417316 0.083641883 -2.3623716e-09)
(1.4253113 0.095955966 -2.2753726e-09)
(1.4332068 0.10765031 -2.1629962e-09)
(1.4407684 0.11766881 -2.0236123e-09)
(1.4477936 0.1252362 -1.8620921e-09)
(1.4537844 0.13014102 -1.7001473e-09)
(1.4587696 0.13262841 -1.5414654e-09)
(1.4627616 0.13266005 -1.4022921e-09)
(1.4663855 0.12950055 -1.2578052e-09)
(1.4690338 0.12293499 -1.1293279e-09)
(1.4705235 0.11366471 -1.0235305e-09)
(1.4704479 0.10281489 -9.7500218e-10)
(1.4696341 0.091165765 -9.8488539e-10)
(1.4676293 0.0797438 -1.0595614e-09)
(1.4658205 0.06898185 -1.2002779e-09)
(1.4633458 0.059223928 -1.3695772e-09)
(1.4620634 0.051038011 -1.6038212e-09)
(1.4609117 0.042726182 -1.8076949e-09)
(1.4608312 0.037273555 -2.0724736e-09)
(1.4622578 0.029019947 -2.2809366e-09)
(1.4635889 0.024279806 -2.502135e-09)
(1.4685254 0.013490191 -2.7175913e-09)
(1.4104956 0.0097887332 2.2613027e-10)
(1.4082011 0.029965776 -3.3372897e-10)
(1.4040673 0.051453236 3.2888783e-10)
(1.3974143 0.074846895 -4.3444171e-10)
(1.3889521 0.10104033 3.7377658e-10)
(1.3778784 0.13079181 -3.7144462e-10)
(1.3657798 0.1653414 9.1335662e-11)
(1.351334 0.20587245 2.8443102e-10)
(1.337681 0.25400366 -1.1983531e-09)
(1.3233678 0.31198625 2.6579016e-09)
(1.3142509 0.38091825 -5.1692259e-09)
(1.3106882 0.46735166 8.3067763e-09)
(1.3198977 0.56366968 -9.6555113e-09)
(1.3549489 0.69364899 5.7303172e-10)
(1.4116806 0.80916002 3.6391589e-08)
(1.5420516 0.97560534 -1.1738497e-07)
(1.637715 1.0448092 -0.00014587258)
(1.6294858 0.94046444 -0.00022127864)
(1.1041202 0.51617785 -0.0014049777)
(0.30351646 0.065027219 -0.00095288272)
(0.11512562 0.0038894746 -8.4116844e-05)
(0.077890441 0.0033805682 1.4145834e-05)
(0.13029622 0.011193749 -0.0002316861)
(0.13386447 0.03972632 -4.664308e-05)
(0.2801565 0.023382052 -1.6933937e-07)
(0.28655628 0.032492326 -1.5486342e-07)
(0.31179761 0.053388033 -1.2424704e-07)
(0.35862287 0.079103558 -9.2475071e-08)
(0.41362607 0.099942454 -7.0230224e-08)
(0.47577327 0.11806913 -5.3556491e-08)
(0.54633409 0.13408333 -4.0962489e-08)
(0.62467906 0.14412546 -3.1999326e-08)
(0.71144923 0.1435477 -2.6215767e-08)
(0.8066176 0.12873067 -2.292839e-08)
(0.90978518 0.095772646 -2.142953e-08)
(1.0181588 0.042127814 -2.1060913e-08)
(1.1296435 -0.033723158 -2.159349e-08)
(1.2423142 -0.13126545 -2.2790728e-08)
(1.3512526 -0.2469923 -2.4052565e-08)
(1.4523535 -0.37616868 -2.4828648e-08)
(1.5401544 -0.50774943 -2.468082e-08)
(1.5958971 -0.62251025 -2.2867854e-08)
(1.6153654 -0.70900904 -1.9600584e-08)
(1.6033735 -0.76338578 -1.5210843e-08)
(1.5706917 -0.78629152 -1.062039e-08)
(1.5215948 -0.77938194 -7.2497661e-09)
(1.4611952 -0.74644928 -5.786092e-09)
(1.3974176 -0.69496569 -5.7495341e-09)
(1.3318645 -0.62975065 -7.4917102e-09)
(1.2649525 -0.55707665 -1.2038024e-08)
(1.2008621 -0.47802304 -1.7904245e-08)
(1.1397747 -0.39496629 -2.14211e-08)
(1.0670233 -0.32483007 -2.119661e-08)
(0.96633066 -0.28583444 -1.8786937e-08)
(0.84380133 -0.27171501 -1.4951547e-08)
(0.72873767 -0.25309619 -8.6135967e-09)
(0.64944872 -0.20299554 6.8436115e-10)
(0.61590438 -0.11538231 1.1310372e-08)
(0.62257543 -0.0032782172 2.0576475e-08)
(0.65870055 0.11577428 2.6912428e-08)
(0.71446625 0.22747314 2.9789269e-08)
(0.78028211 0.32388386 3.0477575e-08)
(0.84942667 0.40067986 2.9947654e-08)
(0.91742111 0.45621764 2.833634e-08)
(0.98060423 0.49163429 2.5962945e-08)
(1.0359588 0.51081013 2.2890752e-08)
(1.0825343 0.51909884 1.8571933e-08)
(1.1220028 0.52077277 1.2465233e-08)
(1.1585861 0.51672712 4.6736889e-09)
(1.1990253 0.50203695 -4.2035421e-09)
(1.2516412 0.46619191 -1.3351121e-08)
(1.3227264 0.39809034 -2.1630207e-08)
(1.4125545 0.29059177 -2.769674e-08)
(1.51591 0.14340745 -3.0314815e-08)
(1.6234109 -0.032125279 -2.8835911e-08)
(1.7217945 -0.21607864 -2.388105e-08)
(1.7957098 -0.38290623 -1.7398982e-08)
(1.834171 -0.51076777 -1.1684116e-08)
(1.8394583 -0.5965806 -7.552131e-09)
(1.8227129 -0.64138905 -3.8762206e-09)
(1.7856889 -0.64865353 -1.5059283e-09)
(1.7285904 -0.62278297 -2.2063549e-10)
(1.6615433 -0.57475333 1.883781e-10)
(1.5897934 -0.51344231 3.8667504e-10)
(1.5171203 -0.44493499 7.5861834e-10)
(1.4457813 -0.37318214 9.7478762e-10)
(1.377733 -0.30405288 4.3942172e-10)
(1.3156485 -0.2472781 -8.5424661e-10)
(1.2623649 -0.2125401 -2.1422147e-09)
(1.2193787 -0.2032429 -2.5734803e-09)
(1.1860568 -0.21372891 -1.9585468e-09)
(1.1602711 -0.23186046 -8.7420579e-10)
(1.1399475 -0.24479604 -1.8335684e-10)
(1.123267 -0.24381848 -4.0388213e-10)
(1.1086872 -0.22511438 -1.3926713e-09)
(1.0944098 -0.18231483 -2.8592168e-09)
(1.0843358 -0.11850245 -4.1211251e-09)
(1.0797065 -0.036102887 -4.8386812e-09)
(1.0820334 0.061158289 -4.9961866e-09)
(1.0932453 0.16745047 -4.809509e-09)
(1.1147783 0.27448879 -4.5555792e-09)
(1.1466153 0.37235669 -4.4331196e-09)
(1.1864516 0.45215729 -4.511505e-09)
(1.2300798 0.50908507 -4.7539973e-09)
(1.2735954 0.54270877 -5.062062e-09)
(1.3158304 0.55332705 -5.2978818e-09)
(1.3572538 0.53949572 -5.3193572e-09)
(1.395861 0.50170748 -5.0738137e-09)
(1.4287701 0.44694261 -4.631437e-09)
(1.4556626 0.38329549 -4.130388e-09)
(1.477351 0.31646029 -3.7077144e-09)
(1.4962978 0.25120529 -3.3701195e-09)
(1.5141349 0.18980948 -3.1053079e-09)
(1.5313655 0.132547 -2.9422138e-09)
(1.5477713 0.079125144 -2.9781783e-09)
(1.5628416 0.028859069 -3.3491996e-09)
(1.5765264 -0.019733349 -4.1620292e-09)
(1.5896633 -0.069373557 -5.3957275e-09)
(1.6033871 -0.12314207 -6.7954873e-09)
(1.6174917 -0.18227943 -7.9062861e-09)
(1.6288229 -0.24373551 -8.298822e-09)
(1.6315153 -0.29994306 -7.8136569e-09)
(1.6194966 -0.3415701 -6.6309467e-09)
(1.5896936 -0.36155957 -5.1498807e-09)
(1.5436204 -0.3583581 -3.7889869e-09)
(1.4866383 -0.33630797 -2.8297242e-09)
(1.425922 -0.30366602 -2.358082e-09)
(1.3682307 -0.26956224 -2.2999343e-09)
(1.3182722 -0.241218 -2.5059251e-09)
(1.2781828 -0.22219118 -2.8288746e-09)
(1.2480872 -0.2121687 -3.1639279e-09)
(1.2270313 -0.20827962 -3.4549518e-09)
(1.2136216 -0.20698332 -3.6834448e-09)
(1.2062357 -0.20545266 -3.8517542e-09)
(1.2032616 -0.20189916 -3.9638157e-09)
(1.2035644 -0.19492457 -4.0097197e-09)
(1.2072681 -0.18010641 -3.9638433e-09)
(1.214117 -0.15659663 -3.8073786e-09)
(1.2237171 -0.12518043 -3.552389e-09)
(1.2359016 -0.086248951 -3.2273212e-09)
(1.2502538 -0.040728825 -2.8728232e-09)
(1.2662752 0.0099623078 -2.5319892e-09)
(1.2832739 0.064151313 -2.2449583e-09)
(1.3005144 0.1203626 -2.0463555e-09)
(1.3175304 0.17713763 -1.9562433e-09)
(1.3343813 0.23261283 -1.9615858e-09)
(1.3517169 0.28363482 -2.0079435e-09)
(1.3702013 0.32571237 -2.0257794e-09)
(1.3893449 0.35505469 -1.9831316e-09)
(1.4073951 0.37125569 -1.8956353e-09)
(1.4232954 0.37674829 -1.781975e-09)
(1.438183 0.37204134 -1.6367067e-09)
(1.4538483 0.35355456 -1.4459086e-09)
(1.469075 0.32044459 -1.2344253e-09)
(1.4813674 0.27676735 -1.0519479e-09)
(1.4914279 0.22660038 -9.349544e-10)
(1.5007254 0.17356749 -9.0130515e-10)
(1.5103206 0.12040372 -9.5375482e-10)
(1.5208964 0.069212131 -1.0900818e-09)
(1.532218 0.021035602 -1.303195e-09)
(1.5439494 -0.023645613 -1.5809241e-09)
(1.5556458 -0.064643758 -1.9033515e-09)
(1.5667451 -0.10187104 -2.2416355e-09)
(1.5765378 -0.13527701 -2.5589745e-09)
(1.5840988 -0.16468034 -2.816067e-09)
(1.5883085 -0.18965533 -2.9806343e-09)
(1.5879593 -0.20961787 -3.0372615e-09)
(1.5820038 -0.22399362 -2.9928877e-09)
(1.5698722 -0.23233851 -2.8744234e-09)
(1.5516427 -0.23452038 -2.7195353e-09)
(1.5280426 -0.230788 -2.564933e-09)
(1.5003282 -0.22177024 -2.4371558e-09)
(1.470032 -0.20837305 -2.3492066e-09)
(1.4386874 -0.19159554 -2.302856e-09)
(1.4076763 -0.17236412 -2.2933579e-09)
(1.3781734 -0.15149327 -2.3138287e-09)
(1.3511188 -0.12972436 -2.3578809e-09)
(1.3272073 -0.1077433 -2.4201487e-09)
(1.3068981 -0.08619774 -2.4960785e-09)
(1.2904465 -0.065689902 -2.5809788e-09)
(1.2779275 -0.046751115 -2.6691119e-09)
(1.2692586 -0.029817163 -2.7538212e-09)
(1.2642301 -0.015187111 -2.8283794e-09)
(1.2625034 -0.0030204814 -2.8872848e-09)
(1.2636456 0.0066673816 -2.9273469e-09)
(1.2671632 0.013982663 -2.9482238e-09)
(1.2725202 0.019093047 -2.9518942e-09)
(1.2791992 0.022277883 -2.9409198e-09)
(1.2867333 0.023974771 -2.9170461e-09)
(1.2947091 0.024769245 -2.8806223e-09)
(1.3027801 0.025325195 -2.8313765e-09)
(1.3106828 0.026307601 -2.7690548e-09)
(1.3182571 0.02830906 -2.6945376e-09)
(1.3254359 0.031806494 -2.6093885e-09)
(1.332257 0.037119602 -2.5168542e-09)
(1.3388098 0.044392523 -2.4198468e-09)
(1.3452688 0.053558113 -2.3220516e-09)
(1.3517859 0.064322385 -2.2237854e-09)
(1.3585799 0.07615531 -2.1234993e-09)
(1.3657295 0.088305139 -2.0158746e-09)
(1.3733417 0.099885316 -1.8960202e-09)
(1.3811869 0.11001503 -1.7652307e-09)
(1.3891124 0.11805567 -1.6247115e-09)
(1.3966576 0.12368881 -1.4888858e-09)
(1.4038946 0.12679133 -1.3552897e-09)
(1.4107035 0.12723007 -1.2419515e-09)
(1.41741 0.12468726 -1.1374465e-09)
(1.4233711 0.11911856 -1.0707416e-09)
(1.428561 0.11096188 -1.0353637e-09)
(1.4324501 0.10122012 -1.0586303e-09)
(1.4356435 0.090485895 -1.1284306e-09)
(1.4376658 0.079715006 -1.2526892e-09)
(1.4396975 0.069159429 -1.4147861e-09)
(1.4408419 0.059416147 -1.6001123e-09)
(1.4430167 0.050521174 -1.814209e-09)
(1.4446017 0.041950211 -1.9962634e-09)
(1.447552 0.035318517 -2.2213668e-09)
(1.4508832 0.026182927 -2.3612593e-09)
(1.4538085 0.021441923 -2.5308059e-09)
(1.4595433 0.0099920605 -2.6473835e-09)
(1.3712211 0.010731391 3.5568339e-10)
(1.3698181 0.032753851 -5.3379816e-10)
(1.3671557 0.056068991 5.2222163e-10)
(1.3631698 0.081195648 -7.0042008e-10)
(1.3578829 0.10903761 6.0787839e-10)
(1.3518461 0.14017366 -6.672215e-10)
(1.3450717 0.17580909 3.5626388e-10)
(1.3391071 0.21664819 -1.8159655e-10)
(1.333408 0.26429812 -2.7717843e-10)
(1.3311194 0.31949155 3.7704328e-10)
(1.3335784 0.38237955 -4.4078336e-10)
(1.3484717 0.45850105 -1.8441243e-09)
(1.3712008 0.54057867 8.1849627e-09)
(1.4208264 0.63229742 -2.1724889e-08)
(1.4875279 0.73301662 3.9946718e-08)
(1.59138 0.79528719 -4.5111534e-08)
(1.7377388 0.90022585 -1.8031562e-08)
(1.8928536 0.83191864 -1.1898473e-07)
(1.9268423 0.75402935 -2.0168243e-05)
(1.8199848 0.55406241 -8.0682338e-05)
(1.5783786 0.34510332 -0.00012766467)
(1.3378907 0.20550803 -0.00010548119)
(1.3116556 0.16072132 -1.8626329e-07)
(1.1656485 0.11104794 -2.1482795e-07)
(1.0652284 0.077119444 -2.3782453e-07)
(0.99775565 0.055423404 -2.4173401e-07)
(0.94756843 0.044796939 -2.4313344e-07)
(0.92745809 0.044849927 -2.0106997e-07)
(0.93133411 0.047201276 -1.8150328e-07)
(0.94835367 0.050877239 -1.6154675e-07)
(0.98698264 0.053997134 -1.3909399e-07)
(1.0433144 0.053050736 -1.1810239e-07)
(1.1133103 0.043546042 -1.0044514e-07)
(1.1965025 0.021081964 -8.6122341e-08)
(1.2892903 -0.016364113 -7.4698256e-08)
(1.3865396 -0.071546628 -6.5591774e-08)
(1.492007 -0.14760494 -5.8144875e-08)
(1.5975874 -0.24170714 -5.1205469e-08)
(1.6939948 -0.34843684 -4.4134414e-08)
(1.7686005 -0.45713957 -3.6631666e-08)
(1.8010982 -0.55544625 -2.9272092e-08)
(1.8007747 -0.63603688 -2.2479282e-08)
(1.7760101 -0.69452552 -1.6071938e-08)
(1.7327704 -0.72731081 -9.9854082e-09)
(1.6731798 -0.73351189 -5.1574899e-09)
(1.6053615 -0.71520965 -2.035973e-09)
(1.5342775 -0.67858242 -9.5982866e-10)
(1.462645 -0.62678114 -1.6347236e-09)
(1.3935543 -0.56246885 -3.1262466e-09)
(1.3274063 -0.49061044 -5.7341917e-09)
(1.2637249 -0.41512274 -1.0369981e-08)
(1.2052059 -0.335485 -1.5597364e-08)
(1.1498344 -0.25585059 -1.8475256e-08)
(1.0829831 -0.19176988 -1.8157712e-08)
(0.99042361 -0.15653206 -1.6208735e-08)
(0.87793651 -0.14207097 -1.3346194e-08)
(0.77077147 -0.12302228 -8.6760351e-09)
(0.69459379 -0.079158134 -2.0207513e-09)
(0.66105528 -0.0071187394 5.07291e-09)
(0.6639854 0.081858776 1.0867737e-08)
(0.68906625 0.17629227 1.6494035e-08)
(0.73392656 0.26370364 2.0259161e-08)
(0.79023686 0.33685459 2.1797014e-08)
(0.85113525 0.39327284 2.1267019e-08)
(0.91173433 0.43305856 1.8974217e-08)
(0.96912584 0.45833816 1.5208718e-08)
(1.0227618 0.4721104 1.0101803e-08)
(1.0746962 0.47599969 3.801423e-09)
(1.1300574 0.46771583 -3.4286675e-09)
(1.1954641 0.44130002 -1.1089798e-08)
(1.2761025 0.38910796 -1.8362949e-08)
(1.3734737 0.30409939 -2.4119979e-08)
(1.485002 0.18326071 -2.7145631e-08)
(1.6031306 0.031126759 -2.6498811e-08)
(1.7143689 -0.13727623 -2.2308519e-08)
(1.8010794 -0.29809948 -1.6326737e-08)
(1.8488285 -0.42794017 -1.1266053e-08)
(1.8624938 -0.52335739 -7.9662787e-09)
(1.8546882 -0.58315693 -4.1513144e-09)
(1.8185783 -0.60533502 -1.5078507e-09)
(1.7619515 -0.59344157 -6.882716e-11)
(1.6922353 -0.55546591 3.8368055e-10)
(1.6155079 -0.50083859 3.5339952e-10)
(1.5370177 -0.43759189 4.1862781e-10)
(1.4599227 -0.37013967 7.151481e-10)
(1.3858458 -0.30150133 7.4308485e-10)
(1.3164667 -0.23783582 -2.8849732e-11)
(1.2541258 -0.18912374 -1.4257884e-09)
(1.2009193 -0.16418431 -2.6104658e-09)
(1.1572912 -0.16456286 -2.8391725e-09)
(1.1218495 -0.18289235 -2.076985e-09)
(1.0923525 -0.20658028 -9.5110248e-10)
(1.0670524 -0.22338896 -2.6165241e-10)
(1.044934 -0.22517749 -5.0809066e-10)
(1.0249873 -0.20750622 -1.673883e-09)
(1.0079979 -0.16845852 -3.3139937e-09)
(0.99583783 -0.10955021 -4.8524792e-09)
(0.98997028 -0.033777223 -5.8840025e-09)
(0.99215629 0.054863092 -6.3123483e-09)
(1.0041404 0.15083235 -6.2937996e-09)
(1.026981 0.24694085 -6.0829323e-09)
(1.060312 0.33519044 -5.8954818e-09)
(1.1019503 0.40857869 -5.8450767e-09)
(1.1485667 0.46272083 -5.9430274e-09)
(1.1973399 0.49568328 -6.1197362e-09)
(1.2469203 0.50636594 -6.2572533e-09)
(1.2961197 0.49416569 -6.244046e-09)
(1.3424459 0.46092688 -6.0347623e-09)
(1.3835108 0.41206644 -5.6581646e-09)
(1.4185639 0.35391766 -5.1767968e-09)
(1.4481154 0.2919053 -4.6298384e-09)
(1.4731302 0.23005179 -4.0380428e-09)
(1.4946065 0.17084246 -3.4651427e-09)
(1.5132222 0.11542759 -3.0503297e-09)
(1.5293591 0.06393438 -2.9884024e-09)
(1.5437078 0.015295563 -3.4405045e-09)
(1.5575411 -0.032836016 -4.4117783e-09)
(1.5722382 -0.083404766 -5.668901e-09)
(1.5878575 -0.13800534 -6.7858113e-09)
(1.6015795 -0.19486928 -7.3329405e-09)
(1.6078101 -0.24830971 -7.0956408e-09)
(1.6003647 -0.29049155 -6.1706896e-09)
(1.5754408 -0.31466064 -4.8896068e-09)
(1.5334955 -0.31803435 -3.6439393e-09)
(1.47907 -0.30298099 -2.7278444e-09)
(1.4190192 -0.27600263 -2.2649055e-09)
(1.360315 -0.24532021 -2.2195521e-09)
(1.3082614 -0.2182704 -2.4589888e-09)
(1.2655944 -0.19947456 -2.8270035e-09)
(1.2325655 -0.19017158 -3.1996468e-09)
(1.2078459 -0.18873765 -3.5091925e-09)
(1.1896124 -0.19197155 -3.7392614e-09)
(1.1763321 -0.19645222 -3.9031178e-09)
(1.1668968 -0.19942969 -4.0191891e-09)
(1.1604094 -0.19905805 -4.0930523e-09)
(1.1559961 -0.19393577 -4.1090771e-09)
(1.1532898 -0.18157473 -4.0309317e-09)
(1.1530518 -0.16102949 -3.8365859e-09)
(1.1557961 -0.132464 -3.5330922e-09)
(1.1615281 -0.096195714 -3.1503279e-09)
(1.1700791 -0.052985155 -2.7360287e-09)
(1.1811747 -0.0040440137 -2.3425919e-09)
(1.1944463 0.048935729 -2.0156023e-09)
(1.2094212 0.10439897 -1.7862445e-09)
(1.2257694 0.16049621 -1.6643142e-09)
(1.2436627 0.2148394 -1.6316661e-09)
(1.2635752 0.26416407 -1.6455475e-09)
(1.2856152 0.30475632 -1.6593062e-09)
(1.3088685 0.33397798 -1.646494e-09)
(1.331849 0.35144254 -1.6017109e-09)
(1.3540235 0.35789084 -1.5226634e-09)
(1.376335 0.35276259 -1.4031524e-09)
(1.399301 0.3343285 -1.2474867e-09)
(1.4216216 0.30261626 -1.0831046e-09)
(1.4421422 0.26091306 -9.4899297e-10)
(1.4607406 0.21265962 -8.7957792e-10)
(1.4772298 0.16082061 -8.9788354e-10)
(1.4921512 0.10830465 -1.0163882e-09)
(1.5059534 0.057276903 -1.2331715e-09)
(1.5188839 0.0092185952 -1.5299159e-09)
(1.5308135 -0.035079157 -1.8743292e-09)
(1.5413655 -0.075243841 -2.2249524e-09)
(1.5500023 -0.11097724 -2.5361479e-09)
(1.5558781 -0.14196832 -2.7673445e-09)
(1.5579478 -0.1678268 -2.8930969e-09)
(1.5551718 -0.18811921 -2.9102209e-09)
(1.5467789 -0.2024864 -2.8383385e-09)
(1.5324985 -0.21077895 -2.7131787e-09)
(1.5126743 -0.21317052 -2.5747828e-09)
(1.4882127 -0.21018905 -2.4561653e-09)
(1.4604092 -0.20261142 -2.3768461e-09)
(1.4307226 -0.19132273 -2.3422211e-09)
(1.4005563 -0.17719957 -2.3474237e-09)
(1.3711077 -0.16102748 -2.3829505e-09)
(1.3433238 -0.14346721 -2.438915e-09)
(1.317924 -0.12508494 -2.5072013e-09)
(1.2954297 -0.10639914 -2.5820405e-09)
(1.2761925 -0.087895546 -2.6592254e-09)
(1.2604069 -0.070042797 -2.7355974e-09)
(1.2481259 -0.053283995 -2.8080703e-09)
(1.2392705 -0.038007518 -2.8726825e-09)
(1.2336416 -0.024522964 -2.9250189e-09)
(1.2309349 -0.013024859 -2.9608604e-09)
(1.2307746 -0.003584443 -2.9775537e-09)
(1.2327172 0.0038639984 -2.9746257e-09)
(1.2362811 0.009450246 -2.9542407e-09)
(1.2409899 0.013339516 -2.9209006e-09)
(1.246389 0.015772474 -2.8791889e-09)
(1.2520858 0.017125371 -2.8315474e-09)
(1.257754 0.017910455 -2.7778397e-09)
(1.2631501 0.018706063 -2.7167319e-09)
(1.2681325 0.020076745 -2.6468298e-09)
(1.2726729 0.022509588 -2.5677721e-09)
(1.2768391 0.026383049 -2.4797625e-09)
(1.2807928 0.031937359 -2.3843644e-09)
(1.2847382 0.039257489 -2.2828744e-09)
(1.2889395 0.048246231 -2.177653e-09)
(1.2936264 0.058608899 -2.0690665e-09)
(1.2990566 0.069857479 -1.9578753e-09)
(1.3053354 0.081327827 -1.8429244e-09)
(1.3125636 0.092275555 -1.7243592e-09)
(1.3205474 0.10195847 -1.6051888e-09)
(1.3291853 0.10980372 -1.4870055e-09)
(1.3381041 0.1154177 -1.3808486e-09)
(1.3473473 0.1185691 -1.2842397e-09)
(1.3566078 0.11910067 -1.2161864e-09)
(1.3660087 0.11681357 -1.1669575e-09)
(1.3749032 0.11187106 -1.1637056e-09)
(1.3833431 0.10458199 -1.1898769e-09)
(1.3906973 0.095790514 -1.2680026e-09)
(1.3974496 0.085904321 -1.3748042e-09)
(1.4030693 0.075816672 -1.5190795e-09)
(1.4084961 0.065664548 -1.6751444e-09)
(1.412908 0.056138253 -1.84406e-09)
(1.4179217 0.046993615 -2.0077477e-09)
(1.4217516 0.038540612 -2.1490904e-09)
(1.4269381 0.030914265 -2.2989079e-09)
(1.430774 0.022298631 -2.3637864e-09)
(1.4349324 0.017541798 -2.4769214e-09)
(1.439832 0.0062100241 -2.4804085e-09)
(1.3248324 0.011299188 3.847324e-10)
(1.3242107 0.034400424 -5.847781e-10)
(1.3230692 0.058734668 5.6842695e-10)
(1.3214121 0.084693828 -7.6817123e-10)
(1.3193866 0.11317507 6.5004676e-10)
(1.3174559 0.14451922 -7.4685669e-10)
(1.3162109 0.17985036 4.5218296e-10)
(1.3163243 0.21941424 -4.9904376e-10)
(1.3192472 0.26455514 4.7435665e-10)
(1.3263199 0.31512622 -1.4463387e-09)
(1.3373066 0.37211573 3.6695083e-09)
(1.3606032 0.43189555 -7.7029099e-09)
(1.3937998 0.50498381 1.3749875e-08)
(1.4433559 0.56324625 -2.1314825e-08)
(1.5125459 0.64487224 2.6675008e-08)
(1.5988387 0.67643418 -2.5210624e-08)
(1.7095933 0.72669644 1.9475828e-08)
(1.8393864 0.71391312 -3.049395e-08)
(1.9534551 0.66994682 -6.4286249e-08)
(2.0051579 0.56959031 6.7314091e-08)
(1.9990043 0.4663322 1.2541671e-07)
(1.9649754 0.37930332 7.3230284e-08)
(1.8914774 0.30176015 4.0730019e-08)
(1.8110673 0.24305478 6.983075e-09)
(1.7365931 0.19604116 -2.6269713e-08)
(1.6759479 0.15693125 -5.2521377e-08)
(1.6250225 0.12564824 -7.7978706e-08)
(1.5865688 0.10020829 -9.2595341e-08)
(1.5623156 0.079281918 -1.0046194e-07)
(1.5517941 0.06108711 -1.0293577e-07)
(1.5572931 0.042582471 -1.0091035e-07)
(1.5772509 0.020975172 -9.5955378e-08)
(1.6130347 -0.006684536 -8.8523901e-08)
(1.662289 -0.043032875 -7.9620206e-08)
(1.7227841 -0.090607994 -6.9610146e-08)
(1.7901176 -0.15164226 -5.9222422e-08)
(1.8541761 -0.22544374 -4.8643631e-08)
(1.9052115 -0.3080588 -3.7741103e-08)
(1.9352477 -0.39459075 -2.7924784e-08)
(1.9409806 -0.47621868 -1.9922321e-08)
(1.9252684 -0.54880082 -1.4067933e-08)
(1.8939141 -0.60862148 -9.0471996e-09)
(1.84824 -0.64858103 -3.9948869e-09)
(1.7864564 -0.66771229 -2.4682013e-10)
(1.7157468 -0.66542837 1.9138433e-09)
(1.6414747 -0.64374624 2.6709451e-09)
(1.5670898 -0.60581551 2.3593247e-09)
(1.4945471 -0.5552593 1.1564093e-09)
(1.4257386 -0.49478005 -4.99758e-10)
(1.3621939 -0.42695229 -2.3027264e-09)
(1.3031731 -0.35498859 -5.0406639e-09)
(1.2485831 -0.28045481 -9.3015264e-09)
(1.200096 -0.20366089 -1.3609827e-08)
(1.1538823 -0.13006712 -1.5691469e-08)
(1.0978507 -0.071885677 -1.5281818e-08)
(1.0211209 -0.037364615 -1.3748573e-08)
(0.92623107 -0.020936884 -1.1888423e-08)
(0.83156839 -0.0039949332 -9.3502209e-09)
(0.75963358 0.030115452 -5.4648366e-09)
(0.72312461 0.086087883 -7.0658898e-10)
(0.72216628 0.15283812 2.4628145e-09)
(0.74380188 0.22000859 4.7849347e-09)
(0.78067237 0.28163263 6.3307121e-09)
(0.82819965 0.33332791 6.5681317e-09)
(0.88254183 0.37228355 5.172373e-09)
(0.94077556 0.39814358 2.2770607e-09)
(1.0021843 0.41168017 -1.7396062e-09)
(1.0692001 0.41159841 -6.5796161e-09)
(1.1464225 0.39348651 -1.2001161e-08)
(1.2366336 0.35329465 -1.7345742e-08)
(1.3408073 0.28613432 -2.1709929e-08)
(1.4572992 0.18838916 -2.3994663e-08)
(1.5803266 0.061579425 -2.330282e-08)
(1.6976319 -0.08439652 -1.9565667e-08)
(1.7906207 -0.22951399 -1.4263982e-08)
(1.8456229 -0.35138524 -1.0120243e-08)
(1.8704041 -0.44781317 -7.2039972e-09)
(1.8686805 -0.51663317 -3.4673471e-09)
(1.8358979 -0.5505415 -9.9254911e-10)
(1.7799154 -0.55074511 2.4163978e-10)
(1.7086023 -0.5235335 5.9762818e-10)
(1.6288934 -0.47723591 4.5230749e-10)
(1.5467392 -0.42020068 2.5135994e-10)
(1.4661038 -0.35824782 3.4687364e-10)
(1.3888253 -0.29392355 6.0228014e-10)
(1.3158361 -0.22984167 4.3158738e-10)
(1.2485643 -0.17267822 -5.4782588e-10)
(1.1889053 -0.13241904 -1.9865568e-09)
(1.1380095 -0.11665107 -3.0494585e-09)
(1.095281 -0.12516843 -3.1402398e-09)
(1.0587433 -0.14955204 -2.3312381e-09)
(1.0263705 -0.17743162 -1.2157373e-09)
(0.997031 -0.19735993 -4.9274171e-10)
(0.97059399 -0.20180785 -6.2470453e-10)
(0.94733147 -0.18718905 -1.6734316e-09)
(0.9282884 -0.15247733 -3.3205411e-09)
(0.91498329 -0.099576157 -5.0552361e-09)
(0.908811 -0.03141558 -6.4309283e-09)
(0.91139873 0.047872103 -7.2420055e-09)
(0.92414436 0.13317533 -7.537673e-09)
(0.94773165 0.21835019 -7.5147769e-09)
(0.9816836 0.29689071 -7.3871668e-09)
(1.0242438 0.36303382 -7.3007805e-09)
(1.0729573 0.41262963 -7.307749e-09)
(1.1255675 0.44312866 -7.3756208e-09)
(1.1802358 0.45311379 -7.4205893e-09)
(1.2348596 0.44249864 -7.3528793e-09)
(1.2868274 0.41341591 -7.1110328e-09)
(1.3339343 0.37026241 -6.667019e-09)
(1.3750865 0.31816895 -6.0184901e-09)
(1.4100916 0.26172722 -5.1991376e-09)
(1.4393023 0.20466952 -4.3140902e-09)
(1.4634412 0.14958582 -3.5559846e-09)
(1.4834697 0.09764375 -3.1620658e-09)
(1.5007165 0.048557396 -3.3136582e-09)
(1.5169615 0.00065353945 -4.0198753e-09)
(1.5337717 -0.048383432 -5.0585368e-09)
(1.5512027 -0.099888857 -6.0338897e-09)
(1.5666456 -0.15265977 -6.5453343e-09)
(1.5749589 -0.20236868 -6.377231e-09)
(1.5703634 -0.24272186 -5.5913812e-09)
(1.5490636 -0.26793742 -4.4699069e-09)
(1.5110367 -0.27516954 -3.3627316e-09)
(1.4601162 -0.26565214 -2.5430395e-09)
(1.4026041 -0.24425185 -2.1366122e-09)
(1.3452495 -0.21781951 -2.126315e-09)
(1.2934929 -0.19311368 -2.3997754e-09)
(1.2504383 -0.17503474 -2.8093987e-09)
(1.2167273 -0.16572138 -3.2240087e-09)
(1.1911009 -0.16462923 -3.5604536e-09)
(1.1714121 -0.16939021 -3.7914144e-09)
(1.1555255 -0.17693367 -3.9331733e-09)
(1.1419125 -0.18441391 -4.0211441e-09)
(1.1297164 -0.18962347 -4.0838034e-09)
(1.1185622 -0.19096656 -4.1249731e-09)
(1.1082378 -0.18707168 -4.1215158e-09)
(1.0991126 -0.1765499 -4.0361276e-09)
(1.0920788 -0.15857903 -3.8384248e-09)
(1.0878258 -0.13294046 -3.5226521e-09)
(1.086727 -0.099750443 -3.1140254e-09)
(1.0890323 -0.059601572 -2.6617642e-09)
(1.0946638 -0.01356733 -2.2238875e-09)
(1.1036072 0.036939437 -1.8515424e-09)
(1.115817 0.090080247 -1.5774633e-09)
(1.1310882 0.14375942 -1.4099136e-09)
(1.1495496 0.1953934 -1.3325309e-09)
(1.1713145 0.24192853 -1.3120304e-09)
(1.1960198 0.28037043 -1.312587e-09)
(1.2226659 0.30865516 -1.3076566e-09)
(1.2501903 0.32598964 -1.2811706e-09)
(1.2782815 0.33207781 -1.2235192e-09)
(1.3072163 0.32621372 -1.1334514e-09)
(1.3367143 0.30768609 -1.0251797e-09)
(1.3656002 0.2772391 -9.2910427e-10)
(1.3927403 0.23740176 -8.8262859e-10)
(1.4175632 0.19123652 -9.183986e-10)
(1.4398622 0.14171104 -1.0554724e-09)
(1.4595802 0.091366581 -1.2932418e-09)
(1.4767684 0.042329113 -1.6092805e-09)
(1.491461 -0.0038884028 -1.9626947e-09)
(1.5034706 -0.0462698 -2.3025508e-09)
(1.5123728 -0.084024849 -2.5795507e-09)
(1.517505 -0.11655586 -2.757966e-09)
(1.5180425 -0.14337379 -2.824628e-09)
(1.5132607 -0.16411953 -2.7914299e-09)
(1.5027841 -0.17865377 -2.6903285e-09)
(1.4867514 -0.18714081 -2.5624249e-09)
(1.4658446 -0.19006644 -2.445664e-09)
(1.4411759 -0.18816514 -2.3655669e-09)
(1.4140808 -0.18229114 -2.3322958e-09)
(1.3859003 -0.1732859 -2.3433271e-09)
(1.3578229 -0.16189769 -2.3886002e-09)
(1.3308042 -0.14875786 -2.4557382e-09)
(1.3055575 -0.13439021 -2.5338275e-09)
(1.2825904 -0.11923306 -2.6147446e-09)
(1.2622537 -0.10367499 -2.6930074e-09)
(1.2447735 -0.088087083 -2.7652273e-09)
(1.2302713 -0.072827685 -2.8291008e-09)
(1.2187684 -0.058246698 -2.8829219e-09)
(1.2101874 -0.044672793 -2.9249725e-09)
(1.2043558 -0.032384891 -2.9529291e-09)
(1.2010072 -0.021596525 -2.9646106e-09)
(1.1998042 -0.012419483 -2.9583233e-09)
(1.2003619 -0.0048795773 -2.9345437e-09)
(1.2022707 0.0010917266 -2.8953824e-09)
(1.2051319 0.0056473812 -2.8443783e-09)
(1.2085683 0.0089323013 -2.7869306e-09)
(1.2122232 0.011141777 -2.7281767e-09)
(1.2157829 0.012588943 -2.670384e-09)
(1.2190069 0.013704576 -2.6127374e-09)
(1.2217563 0.014967508 -2.5531136e-09)
(1.2240057 0.01683056 -2.4893902e-09)
(1.2258397 0.019673517 -2.4202253e-09)
(1.2274276 0.02378457 -2.3445888e-09)
(1.2290124 0.029339945 -2.2624063e-09)
(1.2308682 0.036385916 -2.1735577e-09)
(1.2333045 0.044816397 -2.0793124e-09)
(1.2365912 0.054358429 -1.9802428e-09)
(1.2409935 0.064584056 -1.8785595e-09)
(1.2466369 0.074925883 -1.7755458e-09)
(1.2536184 0.084764271 -1.6743217e-09)
(1.2618015 0.093469417 -1.5788177e-09)
(1.2711123 0.10053565 -1.4922273e-09)
(1.2812323 0.10555995 -1.423192e-09)
(1.2921168 0.10828918 -1.370587e-09)
(1.3033611 0.10857019 -1.3495765e-09)
(1.3149526 0.10631729 -1.3492438e-09)
(1.3262326 0.10175812 -1.3908428e-09)
(1.3372541 0.095119786 -1.4505052e-09)
(1.3473091 0.087128755 -1.5486253e-09)
(1.3568223 0.078047992 -1.6537854e-09)
(1.3651298 0.068726163 -1.7795217e-09)
(1.3730198 0.059186649 -1.8964216e-09)
(1.3796736 0.050159857 -2.0149277e-09)
(1.3863216 0.041341532 -2.1094971e-09)
(1.3914437 0.03335838 -2.1914731e-09)
(1.3972455 0.025661489 -2.2496118e-09)
(1.4004761 0.018494769 -2.262287e-09)
(1.4050655 0.012985154 -2.3042204e-09)
(1.4065029 0.0043126831 -2.2264475e-09)
(1.2713048 0.011517597 2.7852629e-10)
(1.2713992 0.034958268 -4.1824567e-10)
(1.2716195 0.059593465 3.9714274e-10)
(1.272109 0.085527145 -5.3529218e-10)
(1.2728518 0.11386313 4.0268315e-10)
(1.2747265 0.14430774 -4.6887213e-10)
(1.2776408 0.17853877 2.1958597e-10)
(1.2835605 0.215293 -3.8092681e-10)
(1.2915038 0.25748105 6.2851195e-10)
(1.306388 0.30140937 -1.9194183e-09)
(1.3258771 0.35474397 3.957625e-09)
(1.3531237 0.40116387 -6.7985879e-09)
(1.3904468 0.46130785 9.2158815e-09)
(1.4397718 0.50358071 -1.0585307e-08)
(1.5014169 0.55969158 9.5609205e-09)
(1.5805902 0.58665291 -5.2089325e-09)
(1.6638838 0.60832261 -1.3267998e-09)
(1.7704937 0.603956 1.0502923e-08)
(1.8575367 0.56602636 -2.5684827e-08)
(1.9513889 0.5233688 -6.3736169e-09)
(1.9882407 0.45370868 3.7269171e-08)
(1.998264 0.38549065 4.4353906e-08)
(1.9908565 0.32325574 4.5380115e-08)
(1.9747928 0.27060896 4.1064377e-08)
(1.9545628 0.22647654 3.4003245e-08)
(1.9352207 0.18787388 2.5122943e-08)
(1.9177649 0.15373108 1.4338363e-08)
(1.904144 0.12310438 3.8213638e-09)
(1.8954142 0.094690687 -5.361697e-09)
(1.8933284 0.06669744 -1.2246636e-08)
(1.8980718 0.038004168 -1.6789842e-08)
(1.9101159 0.0054708174 -1.8792378e-08)
(1.9301785 -0.032569337 -1.8334435e-08)
(1.9554171 -0.076963201 -1.6283835e-08)
(1.9815852 -0.12908012 -1.3234189e-08)
(2.004993 -0.18906991 -1.0001815e-08)
(2.0205387 -0.2556508 -7.0509324e-09)
(2.024972 -0.32402878 -4.0954794e-09)
(2.0163481 -0.39387667 -3.2315985e-09)
(1.9956566 -0.46176887 -2.4218653e-09)
(1.9658294 -0.51901846 -8.1588555e-11)
(1.9215045 -0.56149805 2.6983785e-09)
(1.8612705 -0.58938931 4.2924892e-09)
(1.7914798 -0.59946193 4.7979443e-09)
(1.7168593 -0.59180543 4.4729312e-09)
(1.6408586 -0.56850012 3.6413432e-09)
(1.5664183 -0.53221154 2.6121139e-09)
(1.4956766 -0.48541591 1.4749893e-09)
(1.4300481 -0.43001221 2.206031e-10)
(1.3705782 -0.3677405 -1.0155612e-09)
(1.3173162 -0.30084771 -2.4472708e-09)
(1.2695977 -0.23138657 -4.8425155e-09)
(1.2279607 -0.16011006 -8.3230145e-09)
(1.1925268 -0.088522647 -1.1552524e-08)
(1.1590233 -0.022573154 -1.3089503e-08)
(1.1170432 0.028784384 -1.2810066e-08)
(1.0594572 0.061455174 -1.1661039e-08)
(0.99041785 0.081011354 -1.0533423e-08)
(0.9194352 0.097626219 -9.4376875e-09)
(0.85956995 0.12165226 -7.9902658e-09)
(0.82409515 0.1578361 -6.5485564e-09)
(0.81706052 0.2025249 -5.3097693e-09)
(0.83491508 0.24744265 -4.7798097e-09)
(0.87052377 0.28639179 -5.1997712e-09)
(0.91879143 0.31627714 -6.4428483e-09)
(0.97780249 0.33499547 -8.4214185e-09)
(1.0482352 0.33954576 -1.110691e-08)
(1.1306176 0.32733056 -1.4265531e-08)
(1.224426 0.29686818 -1.7317422e-08)
(1.3297072 0.24469745 -1.9670206e-08)
(1.4450028 0.16730167 -2.0555427e-08)
(1.5652972 0.064500871 -1.9214975e-08)
(1.6785758 -0.056730059 -1.5546751e-08)
(1.7682072 -0.17859514 -1.1281789e-08)
(1.8267982 -0.28439325 -8.4387736e-09)
(1.8581057 -0.37731602 -5.3876678e-09)
(1.8588498 -0.44844219 -2.0346622e-09)
(1.8290728 -0.48808052 -1.4142679e-10)
(1.7750261 -0.49706635 5.9255346e-10)
(1.704377 -0.48011605 6.8374635e-10)
(1.6244179 -0.44358983 4.7190365e-10)
(1.5412626 -0.39433608 1.8970606e-10)
(1.459349 -0.33857772 9.9246308e-11)
(1.3810928 -0.2800145 3.0104794e-10)
(1.3073926 -0.22007729 4.7175616e-10)
(1.2389253 -0.16156062 6.8115937e-11)
(1.1769734 -0.11158652 -1.0876509e-09)
(1.1227983 -0.079636405 -2.5210016e-09)
(1.0764368 -0.071792514 -3.4742243e-09)
(1.0363528 -0.086463269 -3.5119249e-09)
(1.0002653 -0.11489714 -2.761381e-09)
(0.96648564 -0.14544607 -1.7163047e-09)
(0.93457602 -0.1678509 -9.2920252e-10)
(0.90521935 -0.17532668 -8.048446e-10)
(0.8796142 -0.16469099 -1.4940672e-09)
(0.85907375 -0.13542735 -2.8621187e-09)
(0.84518491 -0.089354944 -4.5561705e-09)
(0.83919658 -0.029572167 -6.1668764e-09)
(0.84228168 0.040083585 -7.4023711e-09)
(0.85558223 0.1147889 -8.1706866e-09)
(0.87951288 0.18925474 -8.5485582e-09)
(0.9136412 0.25806872 -8.6883177e-09)
(0.95663473 0.31634212 -8.7276209e-09)
(1.0065861 0.36025272 -8.7392769e-09)
(1.061411 0.38721476 -8.7204125e-09)
(1.11891 0.39591093 -8.611631e-09)
(1.1765904 0.38655974 -8.3313859e-09)
(1.231813 0.3612263 -7.8109628e-09)
(1.2823703 0.32352937 -7.0249846e-09)
(1.3269039 0.27767037 -6.0209366e-09)
(1.3649095 0.22760495 -4.9407088e-09)
(1.3966525 0.17653711 -4.0087044e-09)
(1.4231084 0.12646753 -3.4661584e-09)
(1.445864 0.0779548 -3.4675902e-09)
(1.4667899 0.030266797 -3.9892539e-09)
(1.4872955 -0.017910093 -4.8049298e-09)
(1.5072435 -0.067224317 -5.5577202e-09)
(1.5241143 -0.11640753 -5.9075409e-09)
(1.5333221 -0.1619235 -5.6830108e-09)
(1.5298773 -0.19887902 -4.9501724e-09)
(1.5105962 -0.22285268 -3.9581656e-09)
(1.4756042 -0.23164299 -3.006625e-09)
(1.4283944 -0.22609665 -2.3239185e-09)
(1.3746505 -0.20984668 -2.0124796e-09)
(1.3205657 -0.18826054 -2.056702e-09)
(1.2713082 -0.16700273 -2.3614193e-09)
(1.2300405 -0.15062884 -2.796796e-09)
(1.1976245 -0.1416373 -3.2387119e-09)
(1.1730007 -0.14025976 -3.5982387e-09)
(1.1539748 -0.14494045 -3.8357355e-09)
(1.1381333 -0.15319847 -3.9583945e-09)
(1.1234965 -0.16245931 -4.0045576e-09)
(1.1088542 -0.17058436 -4.0206822e-09)
(1.0937075 -0.17600392 -4.0388804e-09)
(1.0781165 -0.17758688 -4.0625356e-09)
(1.0624617 -0.17434031 -4.0654378e-09)
(1.0474968 -0.16520519 -4.0044832e-09)
(1.0341636 -0.14941861 -3.8402207e-09)
(1.0233651 -0.12663751 -3.5558928e-09)
(1.0158197 -0.096810823 -3.1662737e-09)
(1.0120025 -0.06034716 -2.7139224e-09)
(1.0123407 -0.018157741 -2.2553182e-09)
(1.0170523 0.028516254 -1.8441288e-09)
(1.0262284 0.077779787 -1.5176694e-09)
(1.0399404 0.12747234 -1.2900828e-09)
(1.058209 0.17507686 -1.1529419e-09)
(1.0808576 0.21786387 -1.0825111e-09)
(1.1073204 0.2533098 -1.0501773e-09)
(1.1367129 0.27954411 -1.0309082e-09)
(1.168225 0.29544424 -1.0074467e-09)
(1.2014101 0.30028607 -9.7270836e-10)
(1.2359229 0.29349429 -9.328117e-10)
(1.2709865 0.27499129 -9.0825449e-10)
(1.30537 0.2458407 -9.2895698e-10)
(1.3378835 0.20825033 -1.023756e-09)
(1.3676931 0.16490241 -1.2087682e-09)
(1.3942742 0.11840969 -1.4789842e-09)
(1.4172857 0.071177031 -1.8059687e-09)
(1.4364762 0.025284516 -2.1433112e-09)
(1.4515389 -0.017615456 -2.4386101e-09)
(1.4620303 -0.056225551 -2.6480332e-09)
(1.4674109 -0.089540246 -2.7485837e-09)
(1.4671667 -0.11689259 -2.7436216e-09)
(1.4610111 -0.13795583 -2.6599251e-09)
(1.4490753 -0.1527779 -2.5375788e-09)
(1.431979 -0.16177502 -2.417045e-09)
(1.41076 -0.16564791 -2.3284274e-09)
(1.3866972 -0.16524276 -2.2864169e-09)
(1.3611008 -0.16141015 -2.291228e-09)
(1.3351435 -0.15490734 -2.3336263e-09)
(1.3097702 -0.14635549 -2.4006535e-09)
(1.2856828 -0.13624588 -2.4797533e-09)
(1.2633706 -0.12497272 -2.5609904e-09)
(1.2431588 -0.11286987 -2.6377286e-09)
(1.2252541 -0.10023604 -2.7059204e-09)
(1.209779 -0.0873567 -2.7631743e-09)
(1.1967864 -0.074517593 -2.8081983e-09)
(1.1862655 -0.061998829 -2.8401888e-09)
(1.178141 -0.050071066 -2.8585959e-09)
(1.1722682 -0.038981137 -2.8628477e-09)
(1.168434 -0.028929776 -2.8521929e-09)
(1.1663632 -0.02006256 -2.8264403e-09)
(1.1657401 -0.012450932 -2.7865419e-09)
(1.1662317 -0.0061044303 -2.7351544e-09)
(1.1675031 -0.00095976715 -2.675828e-09)
(1.1692441 0.0030993317 -2.6125265e-09)
(1.1711826 0.0062009068 -2.5495698e-09)
(1.1730637 0.0085200361 -2.4904633e-09)
(1.1746619 0.01031568 -2.4366414e-09)
(1.1758277 0.011923168 -2.3874649e-09)
(1.1765152 0.013705964 -2.3411509e-09)
(1.1767828 0.016007087 -2.2954531e-09)
(1.1767787 0.019117174 -2.2481973e-09)
(1.1767188 0.023256982 -2.1972407e-09)
(1.1768736 0.028557611 -2.1411976e-09)
(1.1775381 0.03504132 -2.0790548e-09)
(1.1790268 0.0426043 -2.011366e-09)
(1.1816185 0.05100569 -1.938873e-09)
(1.1855685 0.059882431 -1.8642729e-09)
(1.1910152 0.068762339 -1.789845e-09)
(1.1980492 0.077135755 -1.7197632e-09)
(1.206579 0.084476973 -1.6577108e-09)
(1.2165225 0.090354195 -1.6075687e-09)
(1.2275955 0.09439978 -1.5747139e-09)
(1.239657 0.096395954 -1.5588047e-09)
(1.2522772 0.096216205 -1.5682425e-09)
(1.2653103 0.093854847 -1.5926624e-09)
(1.2781274 0.089525755 -1.6454756e-09)
(1.2907072 0.083442067 -1.7022447e-09)
(1.3023223 0.076207575 -1.7820369e-09)
(1.3133213 0.068008902 -1.850565e-09)
(1.3229076 0.059632454 -1.9299393e-09)
(1.3318248 0.051005491 -1.9869431e-09)
(1.339122 0.042906666 -2.0425467e-09)
(1.3458807 0.034983019 -2.0709052e-09)
(1.350769 0.027950074 -2.0926961e-09)
(1.3554291 0.021176732 -2.0853352e-09)
(1.3574309 0.015574058 -2.071427e-09)
(1.3602237 0.010269581 -2.0459989e-09)
(1.3577329 0.0049640946 -1.9655798e-09)
(1.2106482 0.011412213 1.2547874e-10)
(1.2113387 0.034547179 -1.7187867e-10)
(1.2127986 0.058817343 1.5002085e-10)
(1.2150523 0.084038697 -2.0176754e-10)
(1.218293 0.11152027 8.6554923e-11)
(1.2230736 0.14032332 -1.0095658e-10)
(1.2297894 0.17274314 -7.613156e-11)
(1.2393759 0.20604796 -6.6400879e-11)
(1.2524275 0.24475938 3.0431711e-10)
(1.2700057 0.28202539 -1.2086645e-09)
(1.2939927 0.32746948 2.3368939e-09)
(1.3249647 0.36668884 -3.3581123e-09)
(1.3633154 0.41361712 3.3773383e-09)
(1.4127814 0.44911944 -2.4731994e-09)
(1.4683288 0.48670435 9.1779882e-10)
(1.538957 0.51020008 1.1773072e-09)
(1.6108114 0.52213264 -3.3442509e-09)
(1.6943907 0.51878014 3.9543092e-09)
(1.7729495 0.49452407 -4.8642268e-10)
(1.8426669 0.45470971 -8.4764735e-09)
(1.9027623 0.40997908 4.6059002e-10)
(1.944422 0.36269328 1.1409393e-08)
(1.9642952 0.31371854 1.9408032e-08)
(1.9707975 0.26768092 2.4063666e-08)
(1.9737378 0.2263504 2.4815551e-08)
(1.9760947 0.1889561 2.4317334e-08)
(1.9786947 0.15429429 2.2769852e-08)
(1.9819831 0.12172972 2.0396659e-08)
(1.9869215 0.090059611 1.7777168e-08)
(1.9937089 0.058209257 1.5140837e-08)
(2.0028316 0.025177103 1.3108817e-08)
(2.0143805 -0.010917224 1.1979878e-08)
(2.0270312 -0.050646469 1.1268977e-08)
(2.0391292 -0.094669767 1.1157903e-08)
(2.0482172 -0.14445603 1.0676786e-08)
(2.0531345 -0.19885905 1.0207674e-08)
(2.0515375 -0.25610352 9.7700223e-09)
(2.0411853 -0.31665153 7.9920539e-09)
(2.0228591 -0.37320854 8.0123794e-09)
(1.9925544 -0.42427112 8.1352123e-09)
(1.9473759 -0.46819193 7.8821946e-09)
(1.8888662 -0.5017338 7.0641975e-09)
(1.8217842 -0.5210476 5.882884e-09)
(1.7498403 -0.52530482 4.592683e-09)
(1.6759193 -0.5156507 3.3855518e-09)
(1.6028347 -0.49357737 2.3576791e-09)
(1.5329514 -0.46063121 1.5303364e-09)
(1.4677262 -0.41861641 8.4722956e-10)
(1.4080488 -0.36913738 2.0119602e-10)
(1.3546607 -0.31340044 -4.4221512e-10)
(1.3078582 -0.25289659 -1.1554417e-09)
(1.2673162 -0.18953382 -2.3616256e-09)
(1.233003 -0.12470419 -4.5323809e-09)
(1.2053737 -0.059280019 -7.3355479e-09)
(1.183401 0.004082521 -9.6687052e-09)
(1.1631703 0.06002121 -1.0730804e-08)
(1.1389712 0.10444889 -1.056306e-08)
(1.1068303 0.13502029 -9.8245407e-09)
(1.067445 0.15487491 -9.1265454e-09)
(1.0271142 0.17051011 -8.7414355e-09)
(0.99538478 0.18726888 -8.7548176e-09)
(0.97796064 0.20647903 -9.0107604e-09)
(0.97950582 0.22738108 -9.4678786e-09)
(1.0020482 0.24744084 -1.0250826e-08)
(1.043174 0.2614116 -1.1347527e-08)
(1.1007996 0.26522197 -1.2680253e-08)
(1.1725543 0.25676727 -1.4081084e-08)
(1.2566142 0.23377153 -1.5312642e-08)
(1.3515701 0.19318859 -1.5976012e-08)
(1.4546618 0.13202026 -1.5533231e-08)
(1.5602375 0.050338067 -1.3597215e-08)
(1.6580939 -0.044114626 -1.0695331e-08)
(1.7373455 -0.13894474 -8.0574545e-09)
(1.793017 -0.23107856 -5.5054664e-09)
(1.8220748 -0.31727934 -2.4719748e-09)
(1.822092 -0.38256664 -3.435785e-10)
(1.7942222 -0.42186947 6.0206908e-10)
(1.7429501 -0.43592565 7.4820895e-10)
(1.6751915 -0.42768655 5.7318252e-10)
(1.5977071 -0.40112274 3.3998218e-10)
(1.516287 -0.36099065 1.1902852e-10)
(1.4355049 -0.31258273 -8.2598412e-12)
(1.3583195 -0.26034402 7.8106726e-11)
(1.2860154 -0.20643289 3.0584622e-10)
(1.2190584 -0.15182552 2.9167201e-10)
(1.1581633 -0.099728618 -3.6681563e-10)
(1.1044498 -0.057319796 -1.6488057e-09)
(1.0583728 -0.033093297 -3.0349311e-09)
(1.0188032 -0.031574501 -3.9026632e-09)
(0.98342965 -0.050269063 -3.9655488e-09)
(0.9498867 -0.080697456 -3.3620981e-09)
(0.91677468 -0.11238932 -2.4591238e-09)
(0.88418801 -0.13639686 -1.6470748e-09)
(0.85339982 -0.14675241 -1.2396094e-09)
(0.82622396 -0.14058133 -1.4253606e-09)
(0.80449847 -0.11751436 -2.2281002e-09)
(0.78987959 -0.079036015 -3.4997478e-09)
(0.7838442 -0.028094244 -4.9731082e-09)
(0.78720423 0.031688603 -6.3629908e-09)
(0.80064265 0.095902527 -7.4822251e-09)
(0.82452408 0.15989017 -8.2689662e-09)
(0.85842419 0.2190214 -8.7539463e-09)
(0.90121885 0.26909987 -8.9996854e-09)
(0.95123458 0.306753 -9.0498081e-09)
(1.0064128 0.32968501 -8.9067444e-09)
(1.0643869 0.3368589 -8.5404735e-09)
(1.1225551 0.32867052 -7.9197538e-09)
(1.1783577 0.30697508 -7.051918e-09)
(1.2297277 0.27472193 -6.0158564e-09)
(1.2754304 0.23526748 -4.9712229e-09)
(1.3151663 0.19166954 -4.1281766e-09)
(1.3495128 0.14621194 -3.6766424e-09)
(1.3796994 0.10015037 -3.701431e-09)
(1.4071079 0.053798626 -4.1277378e-09)
(1.4325436 0.0069997147 -4.731114e-09)
(1.4554329 -0.039933442 -5.2154873e-09)
(1.4733173 -0.085367426 -5.3309988e-09)
(1.4822867 -0.12622006 -4.9801885e-09)
(1.4784556 -0.15877983 -4.2551258e-09)
(1.4597328 -0.18004491 -3.380876e-09)
(1.4268773 -0.18879135 -2.6030081e-09)
(1.3833461 -0.18593298 -2.0923464e-09)
(1.334231 -0.17425397 -1.9113638e-09)
(1.2849258 -0.15776523 -2.0315077e-09)
(1.2399712 -0.14084048 -2.3678463e-09)
(1.2022616 -0.12726736 -2.8111927e-09)
(1.1727244 -0.11944886 -3.2548458e-09)
(1.1505021 -0.1180362 -3.6164513e-09)
(1.1335557 -0.12211494 -3.8521236e-09)
(1.1194287 -0.12980349 -3.9596388e-09)
(1.1059341 -0.13896458 -3.9704667e-09)
(1.0915484 -0.14773263 -3.9338426e-09)
(1.0755287 -0.1547338 -3.8975349e-09)
(1.0577843 -0.15901754 -3.8907891e-09)
(1.03869 -0.15985155 -3.9143334e-09)
(1.0189069 -0.15652273 -3.9409423e-09)
(0.99932566 -0.14823938 -3.9264737e-09)
(0.98099167 -0.13433371 -3.8273646e-09)
(0.96492006 -0.11430734 -3.6177781e-09)
(0.95206286 -0.088050056 -3.2993936e-09)
(0.94319495 -0.055755394 -2.9013636e-09)
(0.93895899 -0.018144792 -2.4701774e-09)
(0.93982061 0.023589957 -2.0556987e-09)
(0.94612186 0.067727612 -1.6979252e-09)
(0.9580255 0.11220775 -1.4191726e-09)
(0.97552219 0.1547086 -1.2226726e-09)
(0.99833387 0.1928081 -1.0972326e-09)
(1.0258781 0.22427919 -1.0249048e-09)
(1.0573721 0.24734812 -9.8845955e-10)
(1.0920282 0.26076937 -9.7696152e-10)
(1.1291224 0.26374108 -9.8924361e-10)
(1.1678305 0.25590239 -1.0345774e-09)
(1.2070165 0.23754052 -1.1292367e-09)
(1.2453243 0.20983535 -1.2882922e-09)
(1.2814545 0.17475485 -1.5157272e-09)
(1.3143418 0.13465678 -1.7971569e-09)
(1.3431567 0.091973112 -2.0990871e-09)
(1.3672015 0.049027694 -2.3761185e-09)
(1.3858326 0.0078999768 -2.5841053e-09)
(1.3984746 -0.029695304 -2.6941118e-09)
(1.4046895 -0.062424347 -2.7014211e-09)
(1.4042927 -0.089434209 -2.6259625e-09)
(1.3974913 -0.11039696 -2.5042228e-09)
(1.3849509 -0.12547533 -2.3765389e-09)
(1.3677394 -0.13522011 -2.2752193e-09)
(1.3471651 -0.14041015 -2.2178945e-09)
(1.3245718 -0.14188177 -2.2072487e-09)
(1.3011644 -0.14039908 -2.2352749e-09)
(1.2779092 -0.13658987 -2.2890376e-09)
(1.2555132 -0.13093867 -2.3555453e-09)
(1.2344553 -0.123813 -2.4244116e-09)
(1.2150412 -0.11550314 -2.4885163e-09)
(1.1974573 -0.10625982 -2.5436578e-09)
(1.1818108 -0.096319634 -2.5878083e-09)
(1.1681551 -0.085915328 -2.6201227e-09)
(1.1565028 -0.075281556 -2.6402561e-09)
(1.1468275 -0.064655222 -2.6481549e-09)
(1.1390621 -0.05426666 -2.6439599e-09)
(1.133096 -0.04433268 -2.6280029e-09)
(1.128771 -0.035043878 -2.6007406e-09)
(1.1258853 -0.026552362 -2.5628006e-09)
(1.1242027 -0.018966512 -2.5154099e-09)
(1.1234689 -0.012343487 -2.4607256e-09)
(1.1234261 -0.0066893515 -2.4017794e-09)
(1.1238302 -0.0019643927 -2.3419264e-09)
(1.1244615 0.0019163005 -2.2844151e-09)
(1.1251287 0.005062461 -2.2321337e-09)
(1.1256619 0.0076178338 -2.187105e-09)
(1.1259262 0.0097851068 -2.1500184e-09)
(1.1258524 0.011817496 -2.1202054e-09)
(1.1254514 0.013986137 -2.0959606e-09)
(1.124813 0.016549128 -2.0749109e-09)
(1.1240959 0.019727869 -2.0544766e-09)
(1.1235142 0.023689148 -2.0321524e-09)
(1.1233252 0.028526999 -2.0061247e-09)
(1.123809 0.034245635 -1.9752178e-09)
(1.1252559 0.040747575 -1.939627e-09)
(1.1279271 0.047826469 -1.9000726e-09)
(1.1320495 0.055181726 -1.8588635e-09)
(1.1377556 0.062429982 -1.8180713e-09)
(1.1451139 0.06916083 -1.7812539e-09)
(1.1540514 0.074951196 -1.7507888e-09)
(1.1644571 0.0794521 -1.7298256e-09)
(1.1760649 0.082363406 -1.7202679e-09)
(1.1886484 0.083523215 -1.7221478e-09)
(1.2017903 0.082841168 -1.7376565e-09)
(1.2152241 0.080370731 -1.7598607e-09)
(1.2283986 0.07629196 -1.7947683e-09)
(1.2411582 0.07083704 -1.8247754e-09)
(1.2528728 0.064465056 -1.8653718e-09)
(1.2637298 0.057367595 -1.8872566e-09)
(1.2729699 0.050194968 -1.9185381e-09)
(1.2812582 0.04285249 -1.922721e-09)
(1.2875716 0.036110514 -1.934269e-09)
(1.2930457 0.029540234 -1.9211299e-09)
(1.2963082 0.023928799 -1.9120745e-09)
(1.2989473 0.018647952 -1.8852442e-09)
(1.299068 0.014556821 -1.8661214e-09)
(1.2990287 0.010549698 -1.8314687e-09)
(1.2942032 0.0078871624 -1.802221e-09)
(1.1428517 0.011018325 2.250141e-11)
(1.1440377 0.033313166 -8.2283414e-12)
(1.1465554 0.056608512 -8.7879194e-12)
(1.1502581 0.080629075 5.6562299e-12)
(1.1555705 0.10657954 -7.3507582e-11)
(1.1626689 0.13342202 8.032342e-11)
(1.1723276 0.16322048 -1.7232489e-10)
(1.1847999 0.19336874 8.7586369e-11)
(1.20112 0.22750389 5.8844421e-11)
(1.2217308 0.26036223 -4.7917376e-10)
(1.2475563 0.29771299 8.9370893e-10)
(1.2802598 0.33145597 -1.0323926e-09)
(1.3185975 0.36757742 5.6812111e-10)
(1.3661979 0.39753955 1.4202206e-10)
(1.418597 0.42438624 -5.3257736e-10)
(1.4805043 0.4429353 7.0484638e-10)
(1.5457887 0.45120058 -8.5692862e-10)
(1.6147549 0.44771984 5.7829146e-11)
(1.6834393 0.43056803 1.4036055e-09)
(1.7443335 0.40051441 -1.1976512e-09)
(1.7974042 0.36294173 -1.8371306e-09)
(1.8377416 0.32214679 -4.5144468e-10)
(1.8713998 0.28344676 2.533936e-09)
(1.8988407 0.24716753 6.5083305e-09)
(1.9197743 0.2123295 9.6054739e-09)
(1.9355248 0.17853756 1.1642333e-08)
(1.9481502 0.14564984 1.280387e-08)
(1.9590502 0.11342277 1.3208638e-08)
(1.9692874 0.08127019 1.3084005e-08)
(1.9793626 0.04873479 1.2629435e-08)
(1.9893989 0.014587226 1.2225493e-08)
(1.9990586 -0.02126291 1.2018323e-08)
(2.0077101 -0.059916671 1.1979998e-08)
(2.0135433 -0.10213676 1.1911329e-08)
(2.015278 -0.14772627 1.1611143e-08)
(2.0111803 -0.19597452 1.0975446e-08)
(2.0000988 -0.24554148 1.0007404e-08)
(1.9809418 -0.29430772 8.926414e-09)
(1.9516592 -0.34070725 7.7084631e-09)
(1.9114019 -0.38306639 6.349497e-09)
(1.8614797 -0.4181549 4.9358401e-09)
(1.8042355 -0.4425624 3.6202145e-09)
(1.741893 -0.45518551 2.5311432e-09)
(1.6766323 -0.45626292 1.7126722e-09)
(1.610669 -0.44634423 1.1295908e-09)
(1.5459469 -0.42618522 7.2311774e-10)
(1.4840121 -0.39676654 4.3798461e-10)
(1.4259535 -0.35937114 2.105684e-10)
(1.3725621 -0.31536043 -1.9019175e-11)
(1.3246667 -0.26582165 -2.6568697e-10)
(1.283028 -0.21187579 -5.4898895e-10)
(1.2480035 -0.1550347 -1.0789809e-09)
(1.2196346 -0.096728686 -2.2289183e-09)
(1.1980143 -0.037980567 -4.0605009e-09)
(1.1831519 0.019464943 -6.0125926e-09)
(1.1745897 0.072840222 -7.4257793e-09)
(1.1696834 0.11884895 -8.1407551e-09)
(1.1640509 0.15499622 -8.2381149e-09)
(1.1556866 0.18075463 -7.8677436e-09)
(1.1453347 0.19754503 -7.4662425e-09)
(1.1370761 0.20845393 -7.3570673e-09)
(1.1362405 0.21602483 -7.597164e-09)
(1.1437902 0.22023379 -7.9651297e-09)
(1.1656044 0.22171808 -8.5514399e-09)
(1.2035198 0.21778915 -9.243317e-09)
(1.2545644 0.20625248 -9.8434885e-09)
(1.3181744 0.18452452 -1.0202264e-08)
(1.3919815 0.14994237 -1.0115285e-08)
(1.4726778 0.10076827 -9.3683053e-09)
(1.5551158 0.037954845 -7.951002e-09)
(1.6317981 -0.033773507 -6.1767727e-09)
(1.6949156 -0.11109534 -4.207033e-09)
(1.7391245 -0.19084386 -2.0422016e-09)
(1.7607278 -0.26247055 -3.4342307e-10)
(1.7577192 -0.31769672 5.4310292e-10)
(1.7302556 -0.35390418 7.3108296e-10)
(1.6821942 -0.37104398 5.6035619e-10)
(1.6190652 -0.36983208 3.3574772e-10)
(1.5464077 -0.35224662 1.7898402e-10)
(1.4692001 -0.32144597 6.8000442e-11)
(1.3918411 -0.28145875 -1.3117391e-11)
(1.3177007 -0.23635667 3.5137181e-12)
(1.2485844 -0.18900473 1.5442553e-10)
(1.1850031 -0.14053447 2.66079e-10)
(1.1273314 -0.09200417 -9.5580302e-12)
(1.0765171 -0.047030091 -8.968236e-10)
(1.0334325 -0.012423477 -2.2310619e-09)
(0.99760435 0.0049382644 -3.5283301e-09)
(0.96684768 0.0020192719 -4.327503e-09)
(0.93836013 -0.018681091 -4.4615457e-09)
(0.90986462 -0.049259193 -4.0550303e-09)
(0.88010444 -0.080540451 -3.3603618e-09)
(0.849334 -0.10501687 -2.6275228e-09)
(0.81911753 -0.11758869 -2.063853e-09)
(0.79160342 -0.11559879 -1.8281984e-09)
(0.7689821 -0.098603441 -2.0094568e-09)
(0.7532714 -0.067979055 -2.5977699e-09)
(0.74620544 -0.026201961 -3.4972019e-09)
(0.74862636 0.023557165 -4.5374543e-09)
(0.76117104 0.077351445 -5.5355635e-09)
(0.78401933 0.1310553 -6.3602318e-09)
(0.81668425 0.18067151 -6.9414028e-09)
(0.85807349 0.2226177 -7.2548668e-09)
(0.90656958 0.25403324 -7.2981116e-09)
(0.9601355 0.27301328 -7.077182e-09)
(1.0164401 0.27878257 -6.612107e-09)
(1.0730515 0.27175459 -5.9549905e-09)
(1.1277515 0.25342259 -5.2053394e-09)
(1.1788843 0.22600673 -4.505572e-09)
(1.2255562 0.19192943 -4.0077876e-09)
(1.2676277 0.15336094 -3.8190895e-09)
(1.3054984 0.11193887 -3.949943e-09)
(1.3396109 0.068833218 -4.2952544e-09)
(1.3698373 0.025054078 -4.663895e-09)
(1.395012 -0.018184873 -4.848396e-09)
(1.4128254 -0.058889476 -4.7070681e-09)
(1.4202749 -0.0943586 -4.224069e-09)
(1.4148375 -0.12187935 -3.5166442e-09)
(1.3957684 -0.13968923 -2.780056e-09)
(1.3646545 -0.1475215 -2.1998795e-09)
(1.3250058 -0.14652465 -1.8853075e-09)
(1.2812931 -0.13888865 -1.8549867e-09)
(1.2379662 -0.12746633 -2.0621803e-09)
(1.1987 -0.11536934 -2.4272722e-09)
(1.1658738 -0.10543933 -2.8605427e-09)
(1.140302 -0.099676454 -3.2771576e-09)
(1.1212962 -0.098850078 -3.6100419e-09)
(1.1070672 -0.10248805 -3.8206036e-09)
(1.0953406 -0.10923507 -3.9035001e-09)
(1.0839601 -0.11740247 -3.8831643e-09)
(1.0713119 -0.12544863 -3.8032996e-09)
(1.0564805 -0.13224181 -3.7128642e-09)
(1.0392 -0.13706436 -3.6521458e-09)
(1.019687 -0.13945482 -3.6421396e-09)
(0.99847354 -0.13900525 -3.6794458e-09)
(0.97629989 -0.13521143 -3.7382161e-09)
(0.95405467 -0.1274517 -3.7786491e-09)
(0.93275978 -0.11509545 -3.7597715e-09)
(0.91344853 -0.097667446 -3.6522777e-09)
(0.8971774 -0.074930431 -3.4473366e-09)
(0.88490508 -0.04702414 -3.158736e-09)
(0.87749184 -0.014507107 -2.8176974e-09)
(0.87556161 0.02161537 -2.4634498e-09)
(0.87955385 0.059789336 -2.1328705e-09)
(0.88982238 0.098180771 -1.8529597e-09)
(0.90639722 0.13472418 -1.6375588e-09)
(0.92900238 0.16728624 -1.4889462e-09)
(0.95708661 0.19388846 -1.4023572e-09)
(0.98988372 0.2128977 -1.3712389e-09)
(1.0265023 0.22312673 -1.3912597e-09)
(1.0659346 0.22387551 -1.4619027e-09)
(1.1069991 0.2149848 -1.5846487e-09)
(1.1482825 0.19694718 -1.7581989e-09)
(1.1882573 0.17098194 -1.9722949e-09)
(1.2254303 0.13891431 -2.2042397e-09)
(1.2584518 0.10291652 -2.4206331e-09)
(1.2861632 0.065304085 -2.5852187e-09)
(1.3075947 0.028277269 -2.6702295e-09)
(1.3220099 -0.0062267335 -2.6663068e-09)
(1.3290719 -0.0367257 -2.5861084e-09)
(1.3289422 -0.062277729 -2.4596253e-09)
(1.3222688 -0.082542285 -2.3234034e-09)
(1.3101376 -0.097701103 -2.2087824e-09)
(1.293905 -0.10829351 -2.1341729e-09)
(1.2749809 -0.11502251 -2.1035394e-09)
(1.2546424 -0.11859072 -2.1099279e-09)
(1.2339195 -0.11960076 -2.1410251e-09)
(1.2135642 -0.11852209 -2.1840613e-09)
(1.1940809 -0.11570484 -2.2287999e-09)
(1.1757842 -0.1114137 -2.2685695e-09)
(1.1588599 -0.10586328 -2.2998632e-09)
(1.1434143 -0.099247575 -2.3213488e-09)
(1.1295065 -0.091759176 -2.3329616e-09)
(1.1171654 -0.083596901 -2.3352409e-09)
(1.1063962 -0.074964808 -2.3288361e-09)
(1.0971813 -0.066069859 -2.314293e-09)
(1.0894775 -0.057118144 -2.2921103e-09)
(1.083213 -0.048306748 -2.2628603e-09)
(1.0782857 -0.039816798 -2.2272671e-09)
(1.074562 -0.031804518 -2.1862192e-09)
(1.0718847 -0.024394383 -2.1408289e-09)
(1.0700774 -0.017677245 -2.0925932e-09)
(1.0689573 -0.011706168 -2.04349e-09)
(1.068341 -0.0064958049 -1.9958376e-09)
(1.0680602 -0.0020230465 -1.9519934e-09)
(1.0679688 0.0017668593 -1.9140527e-09)
(1.0679386 0.0049617444 -1.8835992e-09)
(1.0678604 0.0076800289 -1.8614613e-09)
(1.067657 0.010081211 -1.847523e-09)
(1.0672987 0.012356383 -1.8407427e-09)
(1.066813 0.014707982 -1.8393295e-09)
(1.0662866 0.017329697 -1.8410476e-09)
(1.0658601 0.020387681 -1.843574e-09)
(1.0657196 0.02400396 -1.8448035e-09)
(1.0660867 0.028241407 -1.8432062e-09)
(1.0672019 0.033090448 -1.8378627e-09)
(1.0693094 0.038461786 -1.8287819e-09)
(1.0726279 0.044182978 -1.8164343e-09)
(1.077337 0.050011701 -1.8022747e-09)
(1.0835381 0.055646767 -1.7875348e-09)
(1.0912619 0.060769839 -1.7744237e-09)
(1.1004264 0.065058037 -1.7638327e-09)
(1.1108862 0.068247855 -1.7577396e-09)
(1.1223799 0.070118413 -1.7558036e-09)
(1.1346284 0.070565643 -1.7585952e-09)
(1.1472422 0.069541815 -1.765045e-09)
(1.1598863 0.067135442 -1.7727204e-09)
(1.172109 0.063496139 -1.7829019e-09)
(1.1836489 0.058863794 -1.787654e-09)
(1.1940605 0.053558975 -1.7964221e-09)
(1.2033332 0.047807177 -1.7914009e-09)
(1.2109752 0.042056242 -1.7971732e-09)
(1.2174034 0.036285574 -1.7813247e-09)
(1.2218597 0.031113319 -1.7848708e-09)
(1.2253652 0.026120685 -1.7660259e-09)
(1.2266457 0.022093893 -1.767987e-09)
(1.227425 0.018347334 -1.7571147e-09)
(1.2258345 0.015695356 -1.7633409e-09)
(1.2243301 0.013234498 -1.7661608e-09)
(1.2183137 0.011747213 -1.7974482e-09)
(1.0679045 0.010381676 -1.3788398e-11)
(1.0695124 0.0313884 4.3327764e-11)
(1.0728715 0.053211483 -5.5071538e-11)
(1.0777812 0.07564169 6.3441047e-11)
(1.0846932 0.099564393 -8.6504471e-11)
(1.0936824 0.12421077 9.1307962e-11)
(1.1054693 0.15095857 -1.2345454e-10)
(1.1202257 0.17804708 9.0149265e-11)
(1.1386886 0.20754304 -1.3591473e-11)
(1.16141 0.23641219 -1.2225881e-10)
(1.1886184 0.26713733 2.3093435e-10)
(1.2217505 0.29585438 -1.705437e-10)
(1.2598279 0.32416542 -6.4440406e-11)
(1.3047743 0.34862703 3.1059352e-10)
(1.3544935 0.36887332 -2.0783e-10)
(1.4098455 0.38281594 2.4798304e-11)
(1.4688483 0.38862231 -3.1288627e-11)
(1.5291696 0.38514313 -1.7252321e-10)
(1.5891878 0.37176056 3.962954e-10)
(1.6444342 0.34897571 6.7499312e-11)
(1.6934143 0.31944315 -4.1957518e-10)
(1.7342371 0.28636578 -5.1631912e-10)
(1.7677404 0.25257463 -1.7836229e-10)
(1.7957468 0.21965367 5.9224499e-10)
(1.8192985 0.18782673 1.5072316e-09)
(1.8401612 0.15707243 2.4938729e-09)
(1.8588695 0.12698971 3.4511322e-09)
(1.8753033 0.096976986 4.2035887e-09)
(1.889592 0.066729866 4.6794864e-09)
(1.9018213 0.035653775 4.9525241e-09)
(1.9117631 0.0032762982 5.1204121e-09)
(1.919948 -0.030452528 5.2977117e-09)
(1.9253658 -0.066498243 5.4348477e-09)
(1.9269954 -0.10485536 5.4158945e-09)
(1.9239889 -0.14520471 5.1712059e-09)
(1.9153761 -0.1868511 4.7159387e-09)
(1.9002377 -0.2284877 4.1174369e-09)
(1.8775163 -0.26926822 3.433318e-09)
(1.8466635 -0.30752186 2.7101877e-09)
(1.8082157 -0.34081281 2.0091449e-09)
(1.7630978 -0.36701347 1.4030221e-09)
(1.7122882 -0.38493402 9.4129308e-10)
(1.6571817 -0.39401052 6.2696931e-10)
(1.5995683 -0.39387489 4.2504693e-10)
(1.5412023 -0.38448647 2.9058662e-10)
(1.4835675 -0.36625225 1.8955852e-10)
(1.4279573 -0.33989494 1.0036005e-10)
(1.3755043 -0.30642703 1.2947247e-11)
(1.3271057 -0.26707151 -7.7184398e-11)
(1.2835961 -0.22299594 -1.8665043e-10)
(1.2458577 -0.17529624 -3.4120635e-10)
(1.2146015 -0.12521486 -5.8941235e-10)
(1.1902255 -0.073992351 -1.07016e-09)
(1.1730836 -0.022621825 -1.9933932e-09)
(1.1637407 0.027905336 -3.4016139e-09)
(1.1612698 0.075693866 -4.8559058e-09)
(1.1639775 0.11762896 -5.739855e-09)
(1.171269 0.15116299 -5.9535288e-09)
(1.1815162 0.17515882 -5.782082e-09)
(1.1933462 0.19166866 -5.5135024e-09)
(1.2066861 0.2018147 -5.3411872e-09)
(1.2234992 0.20507394 -5.2100402e-09)
(1.2457672 0.20223178 -5.1649712e-09)
(1.2754502 0.19301641 -5.2038133e-09)
(1.3133262 0.17733155 -5.2463418e-09)
(1.3593915 0.1544841 -5.1877218e-09)
(1.4126925 0.12293171 -4.9126881e-09)
(1.4707267 0.081807423 -4.3307276e-09)
(1.5296799 0.031423394 -3.438272e-09)
(1.5843508 -0.026330788 -2.3441147e-09)
(1.6292038 -0.089075055 -1.1934911e-09)
(1.6597576 -0.15185014 -2.2624537e-10)
(1.6724695 -0.20839703 3.6903976e-10)
(1.6650262 -0.25448195 5.5543609e-10)
(1.6377514 -0.28788511 4.7198195e-10)
(1.5933679 -0.30676069 3.0351572e-10)
(1.5358283 -0.31052741 1.6882705e-10)
(1.4693756 -0.30011276 9.47544e-11)
(1.3982568 -0.27771121 4.7491036e-11)
(1.3264832 -0.24633063 1.0525401e-12)
(1.2574194 -0.20920947 -1.0906778e-11)
(1.1932176 -0.16901373 6.0946022e-11)
(1.1346834 -0.12725656 1.5873191e-10)
(1.0819198 -0.084678735 6.1118843e-11)
(1.0353927 -0.042863534 -4.825348e-10)
(0.99619635 -0.0057144349 -1.5249285e-09)
(0.96523533 0.021048043 -2.8223759e-09)
(0.94147489 0.032660958 -3.9785326e-09)
(0.92115913 0.026973674 -4.6956568e-09)
(0.90112071 0.0059135206 -4.8982925e-09)
(0.87998728 -0.023210444 -4.6834864e-09)
(0.85631026 -0.05250217 -4.2226682e-09)
(0.83003641 -0.075959505 -3.669712e-09)
(0.8027517 -0.089461751 -3.1386989e-09)
(0.77676436 -0.090770415 -2.7238687e-09)
(0.75452137 -0.079374744 -2.5089971e-09)
(0.73818375 -0.056133879 -2.5454319e-09)
(0.72944931 -0.023047174 -2.815112e-09)
(0.72989658 0.016948653 -3.2602863e-09)
(0.74021288 0.060517692 -3.7876091e-09)
(0.76059307 0.10418274 -4.2898732e-09)
(0.79056159 0.14456523 -4.6818665e-09)
(0.82905554 0.17864255 -4.9112725e-09)
(0.87453021 0.20402009 -4.9597018e-09)
(0.92507622 0.21912185 -4.8411892e-09)
(0.97858366 0.22330231 -4.60166e-09)
(1.032934 0.2168345 -4.3155323e-09)
(1.0862617 0.20078396 -4.0722918e-09)
(1.1371224 0.17672891 -3.9500886e-09)
(1.1845414 0.14645444 -3.9835001e-09)
(1.2278356 0.11174876 -4.1412877e-09)
(1.2663271 0.07429734 -4.3292187e-09)
(1.29905 0.035837372 -4.4216381e-09)
(1.3243917 -0.0016858002 -4.3111523e-09)
(1.3403293 -0.036205928 -3.956011e-09)
(1.3450046 -0.065475878 -3.4031426e-09)
(1.3373692 -0.087670186 -2.7743055e-09)
(1.3179643 -0.10195812 -2.2194285e-09)
(1.2890396 -0.10871896 -1.8587057e-09)
(1.2539857 -0.10922854 -1.7443604e-09)
(1.2165347 -0.1052046 -1.8596166e-09)
(1.1801203 -0.098566829 -2.1445996e-09)
(1.1474695 -0.091334143 -2.5247338e-09)
(1.1203279 -0.08542287 -2.927438e-09)
(1.0992792 -0.082295407 -3.2894892e-09)
(1.0837437 -0.082632412 -3.5626317e-09)
(1.0722251 -0.086220263 -3.7198204e-09)
(1.0627648 -0.09213184 -3.7591481e-09)
(1.0534426 -0.099100509 -3.7022134e-09)
(1.0427612 -0.10591834 -3.5867638e-09)
(1.0298201 -0.11168894 -3.4562806e-09)
(1.0142941 -0.11589274 -3.3498078e-09)
(0.99629339 -0.11827587 -3.2941137e-09)
(0.97620855 -0.11868261 -3.2992476e-09)
(0.95458664 -0.11688684 -3.3576026e-09)
(0.93209135 -0.11252062 -3.4466622e-09)
(0.90949629 -0.1050855 -3.5347727e-09)
(0.88767813 -0.094038033 -3.5889984e-09)
(0.86762092 -0.078954032 -3.5831231e-09)
(0.85034299 -0.059568629 -3.503823e-09)
(0.83687807 -0.035997842 -3.3533102e-09)
(0.82818068 -0.0086650389 -3.147841e-09)
(0.82494745 0.021504843 -2.9127248e-09)
(0.82776227 0.05328433 -2.6759409e-09)
(0.83707881 0.085100099 -2.4622721e-09)
(0.85297932 0.11516342 -2.2895978e-09)
(0.87522246 0.14164078 -2.1680462e-09)
(0.90326728 0.16282733 -2.101232e-09)
(0.93629863 0.17730742 -2.088301e-09)
(0.9732749 0.18407604 -2.1253601e-09)
(1.0129343 0.18261721 -2.2054996e-09)
(1.053806 0.17296601 -2.3173334e-09)
(1.0942296 0.15577294 -2.4433591e-09)
(1.1324657 0.1322952 -2.560061e-09)
(1.1668175 0.10426769 -2.6417124e-09)
(1.1957846 0.073720988 -2.6670713e-09)
(1.2182004 0.04270931 -2.6269263e-09)
(1.2333069 0.01307736 -2.5282778e-09)
(1.2408858 -0.01372755 -2.3927955e-09)
(1.2413325 -0.036786305 -2.2494761e-09)
(1.2355903 -0.055744426 -2.1248649e-09)
(1.2249264 -0.070704629 -2.0354313e-09)
(1.2107364 -0.08205331 -1.985101e-09)
(1.1943352 -0.090288622 -1.9677069e-09)
(1.1768171 -0.095892978 -1.9719078e-09)
(1.1590038 -0.099268413 -1.985894e-09)
(1.1414605 -0.10072368 -2.0003491e-09)
(1.1245503 -0.10049147 -2.0094904e-09)
(1.108496 -0.098756261 -2.0107768e-09)
(1.0934339 -0.095679413 -2.0039714e-09)
(1.079451 -0.091417285 -1.9900753e-09)
(1.0666079 -0.086132626 -1.9704951e-09)
(1.0549483 -0.079998992 -1.9465761e-09)
(1.0445013 -0.073199134 -1.9194057e-09)
(1.0352798 -0.065920346 -1.8897531e-09)
(1.0272781 -0.058350171 -1.8581271e-09)
(1.0204695 -0.05067183 -1.8249147e-09)
(1.0148042 -0.043058015 -1.7905202e-09)
(1.0102096 -0.035665169 -1.7554449e-09)
(1.0065917 -0.028628221 -1.7203245e-09)
(1.0038411 -0.022056114 -1.6859675e-09)
(1.001836 -0.016031852 -1.6533966e-09)
(1.0004496 -0.010606948 -1.6238386e-09)
(0.99955614 -0.0058028178 -1.5986069e-09)
(0.99903627 -0.0016064988 -1.578914e-09)
(0.99878584 0.0020195763 -1.5656803e-09)
(0.9987121 0.0051465031 -1.5593677e-09)
(0.99873355 0.0078713774 -1.5598787e-09)
(0.99879575 0.010319503 -1.5665196e-09)
(0.99888029 0.012636917 -1.5780811e-09)
(0.9990113 0.014976645 -1.5929868e-09)
(0.99925771 0.017483469 -1.6095195e-09)
(0.99973053 0.020279153 -1.6260259e-09)
(1.0005769 0.023449252 -1.6411035e-09)
(1.0019709 0.027032022 -1.65374e-09)
(1.0040995 0.031009304 -1.663346e-09)
(1.0071471 0.035302797 -1.6698297e-09)
(1.011274 0.039773712 -1.6733897e-09)
(1.0165996 0.044234096 -1.674717e-09)
(1.0231787 0.048457407 -1.6743452e-09)
(1.0309969 0.052208417 -1.6733811e-09)
(1.0399521 0.055255134 -1.6719818e-09)
(1.0498742 0.057412432 -1.6713656e-09)
(1.0605119 0.058533589 -1.6707514e-09)
(1.0715775 0.058562201 -1.6713121e-09)
(1.0827304 0.057486603 -1.6716157e-09)
(1.0936399 0.055403221 -1.6724102e-09)
(1.1039637 0.052436086 -1.673316e-09)
(1.1134268 0.048798317 -1.6732955e-09)
(1.1217705 0.044705446 -1.6762173e-09)
(1.1288736 0.040380591 -1.6755899e-09)
(1.1345588 0.036084056 -1.6851172e-09)
(1.1389567 0.031894179 -1.6852999e-09)
(1.1418005 0.028170956 -1.7073998e-09)
(1.1436639 0.024662055 -1.7123486e-09)
(1.1438438 0.021971533 -1.7490757e-09)
(1.1436438 0.019448996 -1.7677742e-09)
(1.1416145 0.017869532 -1.8154888e-09)
(1.1399753 0.016398278 -1.8580293e-09)
(1.1348245 0.015622199 -1.9460813e-09)
(0.98580756 0.0095499809 -1.470464e-11)
(0.98776664 0.028893824 3.6134004e-11)
(0.99177684 0.048870746 -4.407624e-11)
(0.99766451 0.069377498 5.0956626e-11)
(1.0057911 0.090963133 -5.0867043e-11)
(1.0162655 0.11318185 4.9715429e-11)
(1.0296145 0.13676583 -5.4171272e-11)
(1.0460519 0.16072939 5.1898944e-11)
(1.0660255 0.18594867 -1.4096704e-11)
(1.0900246 0.21088789 -1.5233406e-11)
(1.1181397 0.23623732 3.8926072e-11)
(1.1511758 0.26022832 1.601053e-11)
(1.1887076 0.28278466 -5.7417528e-11)
(1.2313228 0.30232251 1.1437843e-10)
(1.2782199 0.31787626 -1.9101202e-11)
(1.3288865 0.32820457 -6.683825e-11)
(1.3823638 0.33210921 4.0867813e-11)
(1.4367012 0.32877581 -7.6247936e-12)
(1.4904265 0.31799228 6.4686613e-11)
(1.5411185 0.30021989 2.3674198e-11)
(1.587151 0.27695252 -7.4158372e-11)
(1.6273557 0.25017118 -1.188554e-10)
(1.6616227 0.22170564 -1.1132431e-10)
(1.690726 0.19293476 -4.1998031e-11)
(1.7157024 0.16446325 9.7807583e-11)
(1.7374421 0.1363795 3.1012771e-10)
(1.7565652 0.10852075 5.6478967e-10)
(1.7733152 0.080657608 8.0328261e-10)
(1.7877999 0.052536442 1.0034761e-09)
(1.7999996 0.023763551 1.1867384e-09)
(1.8097937 -0.0057842778 1.3682754e-09)
(1.8168001 -0.036735289 1.5298619e-09)
(1.820409 -0.06933 1.6258989e-09)
(1.8200249 -0.10330985 1.6261214e-09)
(1.8150555 -0.13830048 1.5376422e-09)
(1.8047843 -0.17372388 1.3887086e-09)
(1.788516 -0.20880406 1.2017303e-09)
(1.7658664 -0.24247837 9.8882491e-10)
(1.7368136 -0.27317225 7.673412e-10)
(1.7015771 -0.29941019 5.6464316e-10)
(1.6606162 -0.32009893 4.0405808e-10)
(1.6147983 -0.33422478 2.9133709e-10)
(1.5653966 -0.340873 2.1629521e-10)
(1.5138406 -0.33950036 1.6319833e-10)
(1.461498 -0.33005026 1.2104945e-10)
(1.4096089 -0.31289901 8.5916559e-11)
(1.3593263 -0.28873833 5.3740089e-11)
(1.3117422 -0.25850025 1.995374e-11)
(1.2678011 -0.22329299 -1.7318428e-11)
(1.2283731 -0.18424407 -6.934841e-11)
(1.1943032 -0.14240801 -1.551844e-10)
(1.1663445 -0.098864184 -2.8834528e-10)
(1.1450798 -0.054691944 -5.1228387e-10)
(1.1309818 -0.010871586 -9.4056907e-10)
(1.1247457 0.031777553 -1.6637975e-09)
(1.1268731 0.07234112 -2.6103728e-09)
(1.1364413 0.10906172 -3.5088516e-09)
(1.151095 0.13938689 -4.064541e-09)
(1.1689852 0.16194748 -4.2512992e-09)
(1.1891302 0.17523479 -4.0912053e-09)
(1.2122948 0.1797375 -3.7092156e-09)
(1.2389164 0.17787536 -3.3398083e-09)
(1.269101 0.1695642 -3.0035731e-09)
(1.3030206 0.15490008 -2.6993052e-09)
(1.3406408 0.13393783 -2.3986952e-09)
(1.3815036 0.10654082 -2.0604163e-09)
(1.4243144 0.072486437 -1.6446899e-09)
(1.4664272 0.031979711 -1.1380293e-09)
(1.5042361 -0.013943031 -5.8566326e-10)
(1.5342824 -0.063099696 -8.5186757e-11)
(1.5531187 -0.11226713 2.6601091e-10)
(1.5578428 -0.15793648 4.1808189e-10)
(1.5467815 -0.19715037 4.0203968e-10)
(1.520052 -0.22708414 3.0225768e-10)
(1.4793498 -0.24563938 1.9397725e-10)
(1.4274293 -0.25205519 1.1106383e-10)
(1.3677441 -0.24697826 5.8355094e-11)
(1.3039919 -0.23190236 2.4687428e-11)
(1.2396485 -0.20882312 -5.9888118e-12)
(1.177626 -0.18002573 -2.5992167e-11)
(1.1199838 -0.1476229 -5.3070584e-12)
(1.0677435 -0.11304992 4.2482411e-11)
(1.0211548 -0.07707349 -3.0600429e-12)
(0.9803522 -0.040591306 -3.4375758e-10)
(0.94594749 -0.0057857438 -1.1086952e-09)
(0.91899147 0.023335822 -2.2218937e-09)
(0.90022365 0.042250921 -3.4042625e-09)
(0.88825732 0.048221153 -4.3506754e-09)
(0.88001752 0.042122802 -4.8779961e-09)
(0.8694089 0.022034011 -5.1161971e-09)
(0.85678577 -0.0047070378 -5.0550488e-09)
(0.84103913 -0.03077409 -4.7910492e-09)
(0.82151581 -0.051787033 -4.4312258e-09)
(0.79961684 -0.064674541 -4.046764e-09)
(0.77750261 -0.067622013 -3.6866444e-09)
(0.75749018 -0.060153397 -3.3941117e-09)
(0.7418519 -0.043086084 -3.2055393e-09)
(0.73277391 -0.018117493 -3.142038e-09)
(0.73180023 0.012510209 -3.1995008e-09)
(0.73973373 0.046251565 -3.3422815e-09)
(0.75706829 0.08024105 -3.5243046e-09)
(0.78349385 0.11167611 -3.6985604e-09)
(0.81811268 0.13805476 -3.8312906e-09)
(0.85955797 0.15738673 -3.9088084e-09)
(0.90610446 0.16835983 -3.9384657e-09)
(0.95582528 0.17040479 -3.9438945e-09)
(1.0067396 0.16367633 -3.9539973e-09)
(1.0569715 0.14898628 -3.9875999e-09)
(1.1047957 0.1276116 -4.038963e-09)
(1.1486366 0.10119626 -4.072201e-09)
(1.1869452 0.071574118 -4.0309942e-09)
(1.2181224 0.04073823 -3.8615138e-09)
(1.2406214 0.010782692 -3.5394935e-09)
(1.2529394 -0.016394229 -3.0881991e-09)
(1.2542586 -0.039056768 -2.578937e-09)
(1.2448957 -0.056158562 -2.1105603e-09)
(1.2262598 -0.067459913 -1.7768099e-09)
(1.2007997 -0.073541238 -1.636333e-09)
(1.1714688 -0.075526718 -1.697487e-09)
(1.141137 -0.074692416 -1.9235339e-09)
(1.1122341 -0.072270389 -2.2526763e-09)
(1.0865942 -0.069457191 -2.6193068e-09)
(1.0653491 -0.067397325 -2.9664298e-09)
(1.0488234 -0.067017557 -3.2497054e-09)
(1.0365078 -0.068797065 -3.43903e-09)
(1.0272046 -0.072639655 -3.520979e-09)
(1.019344 -0.077939336 -3.5006987e-09)
(1.0113696 -0.08381105 -3.4003905e-09)
(1.0020567 -0.08937473 -3.2536156e-09)
(0.99066973 -0.093967589 -3.0972311e-09)
(0.97695328 -0.097222942 -2.9638715e-09)
(0.96101104 -0.099017712 -2.87689e-09)
(0.94315772 -0.099340742 -2.848063e-09)
(0.92381087 -0.098163439 -2.8775395e-09)
(0.90342912 -0.095340245 -2.955185e-09)
(0.8825273 -0.090581169 -3.063122e-09)
(0.86170674 -0.083493931 -3.1790322e-09)
(0.84167886 -0.073648485 -3.2801122e-09)
(0.8232767 -0.060688378 -3.3471762e-09)
(0.80741007 -0.044442011 -3.3679508e-09)
(0.79504124 -0.024979257 -3.3391042e-09)
(0.78708464 -0.0026762583 -3.2662806e-09)
(0.78428613 0.021695726 -3.1621713e-09)
(0.78727995 0.047161337 -3.0432825e-09)
(0.79650253 0.072414202 -2.9262995e-09)
(0.81204444 0.09597678 -2.8250797e-09)
(0.83366042 0.11634568 -2.7488033e-09)
(0.86076757 0.13213537 -2.7012777e-09)
(0.89245756 0.14222266 -2.6809823e-09)
(0.92753065 0.14586435 -2.681444e-09)
(0.96451879 0.14277735 -2.6917118e-09)
(1.0017543 0.13320296 -2.6974062e-09)
(1.0374486 0.11790473 -2.682955e-09)
(1.0698172 0.098120679 -2.6353559e-09)
(1.0972992 0.075406571 -2.5486941e-09)
(1.1186814 0.051444342 -2.427005e-09)
(1.1332963 0.027756373 -2.2842705e-09)
(1.1410689 0.0055693817 -2.1400629e-09)
(1.1424782 -0.014309592 -2.0131275e-09)
(1.1384535 -0.031468332 -1.9155386e-09)
(1.1301772 -0.045858654 -1.8500334e-09)
(1.1188468 -0.057632676 -1.8112304e-09)
(1.1055299 -0.067025798 -1.7893832e-09)
(1.0910794 -0.074278449 -1.7743989e-09)
(1.0761216 -0.079597846 -1.7585459e-09)
(1.0610893 -0.083151525 -1.7374383e-09)
(1.0462741 -0.085077405 -1.7097227e-09)
(1.0318754 -0.085498684 -1.6761503e-09)
(1.0180387 -0.08453694 -1.6385676e-09)
(1.0048793 -0.082320562 -1.5991006e-09)
(0.99249536 -0.078988976 -1.5596215e-09)
(0.98097227 -0.074693895 -1.5215065e-09)
(0.97038206 -0.069597466 -1.4856153e-09)
(0.96078105 -0.06386831 -1.4523814e-09)
(0.95220717 -0.057677 -1.4219312e-09)
(0.94467847 -0.051191989 -1.3942132e-09)
(0.93819187 -0.04457576 -1.3691226e-09)
(0.9327228 -0.03798006 -1.3465997e-09)
(0.9282269 -0.031541941 -1.326686e-09)
(0.92464146 -0.025379837 -1.3095467e-09)
(0.92189012 -0.019591028 -1.2954801e-09)
(0.91988517 -0.014249316 -1.2848989e-09)
(0.91853194 -0.0094032022 -1.2782831e-09)
(0.91773166 -0.0050717819 -1.276083e-09)
(0.91738628 -0.0012512127 -1.2786168e-09)
(0.91740914 0.0020928342 -1.28597e-09)
(0.91772146 0.0050145389 -1.2979318e-09)
(0.91825008 0.0075939783 -1.3139825e-09)
(0.91894706 0.0099308466 -1.3333256e-09)
(0.91979298 0.012137559 -1.3549701e-09)
(0.92080087 0.014329086 -1.3778287e-09)
(0.922018 0.016611834 -1.4008417e-09)
(0.92352367 0.019073008 -1.4230564e-09)
(0.92542394 0.021771001 -1.4437087e-09)
(0.92784286 0.02472769 -1.4622594e-09)
(0.93091098 0.027922736 -1.4784142e-09)
(0.93475152 0.031292143 -1.4921082e-09)
(0.93946437 0.034729783 -1.5034624e-09)
(0.94511185 0.038096497 -1.5128226e-09)
(0.95170399 0.04122959 -1.5205127e-09)
(0.95919249 0.043963268 -1.5271466e-09)
(0.96746436 0.04613933 -1.5329451e-09)
(0.97635053 0.047634499 -1.5387918e-09)
(0.98563082 0.048358037 -1.5445147e-09)
(0.99505335 0.048282591 -1.551387e-09)
(1.0043508 0.047415949 -1.5588918e-09)
(1.013255 0.045840106 -1.5685848e-09)
(1.0215333 0.043652267 -1.5802196e-09)
(1.0289694 0.04101516 -1.5948909e-09)
(1.0354405 0.038073391 -1.6136716e-09)
(1.0408223 0.035006609 -1.6356101e-09)
(1.0451283 0.031960305 -1.6652541e-09)
(1.0483317 0.029053406 -1.6956551e-09)
(1.0505228 0.026439737 -1.7401548e-09)
(1.051822 0.024072949 -1.7781073e-09)
(1.052196 0.022240824 -1.8409034e-09)
(1.0521186 0.020565228 -1.8870504e-09)
(1.0510842 0.019606071 -1.9639145e-09)
(1.0502297 0.018657557 -2.0280085e-09)
(1.0475624 0.01822953 -2.1410799e-09)
(0.89656528 0.0085658602 -7.7470891e-12)
(0.89880453 0.02593963 1.8095994e-11)
(0.90331378 0.043793954 -2.2810589e-11)
(0.90996125 0.062101765 2.7357055e-11)
(0.91901045 0.081164321 -2.2108826e-11)
(0.93061156 0.10076174 1.8784191e-11)
(0.94512473 0.1212047 -1.4393273e-11)
(0.96275923 0.14197855 2.2941628e-11)
(0.98379719 0.16331505 -6.9032401e-12)
(1.0085671 0.18443653 2.9985592e-12)
(1.0371591 0.20529986 7.0220019e-12)
(1.0699132 0.22499782 2.6548804e-11)
(1.106665 0.24302152 -1.1607731e-11)
(1.1474062 0.2584358 1.9126892e-11)
(1.1916934 0.27038349 6.1267546e-12)
(1.2388236 0.27799896 -1.8752473e-11)
(1.287978 0.28051362 2.8533959e-11)
(1.3378117 0.27741233 2.2027058e-11)
(1.387013 0.26859767 1.1188475e-12)
(1.4340377 0.25441722 -2.320565e-11)
(1.4775647 0.23576389 -2.9524348e-11)
(1.5166701 0.21387901 -1.7740849e-11)
(1.5510289 0.19004533 -1.2307364e-11)
(1.5808891 0.16532828 -1.8795944e-11)
(1.6068127 0.14033886 -2.1113988e-11)
(1.6293736 0.11530369 -5.9436064e-12)
(1.6490032 0.090219545 2.810444e-11)
(1.6659325 0.064980182 7.6053801e-11)
(1.6802329 0.039400436 1.3767739e-10)
(1.6918675 0.013302067 2.1083724e-10)
(1.7006755 -0.013542849 2.8255606e-10)
(1.7063305 -0.041365251 3.3406821e-10)
(1.7084802 -0.070159788 3.5580885e-10)
(1.7066834 -0.099721931 3.5387012e-10)
(1.7004387 -0.12974028 3.3970306e-10)
(1.6892368 -0.15976279 3.1718133e-10)
(1.6727117 -0.1890387 2.8255981e-10)
(1.6506937 -0.21659914 2.3477415e-10)
(1.6231345 -0.24142305 1.8140863e-10)
(1.5901942 -0.26249291 1.3369359e-10)
(1.5523712 -0.27876981 9.8278614e-11)
(1.5104679 -0.28925564 7.4679871e-11)
(1.4654721 -0.29321195 5.8638831e-11)
(1.4184699 -0.29028863 4.614092e-11)
(1.3705976 -0.28051012 3.5164725e-11)
(1.3230001 -0.26422651 2.5201014e-11)
(1.2768002 -0.24205564 1.5439687e-11)
(1.2330825 -0.21483066 4.4782858e-12)
(1.1928317 -0.18355049 -9.29085e-12)
(1.156929 -0.14927632 -3.1364783e-11)
(1.1262049 -0.11300033 -7.1736347e-11)
(1.1013726 -0.07568531 -1.3768642e-10)
(1.0829818 -0.038282191 -2.4683361e-10)
(1.071488 -0.0016763416 -4.4605452e-10)
(1.0671393 0.033292561 -7.7452754e-10)
(1.0701443 0.06575663 -1.2207749e-09)
(1.0806875 0.094688777 -1.7059368e-09)
(1.0982148 0.11904987 -2.1257179e-09)
(1.1210956 0.13748523 -2.3905442e-09)
(1.1475252 0.1485419 -2.4245086e-09)
(1.1765456 0.15228744 -2.274862e-09)
(1.2071483 0.14885784 -2.016507e-09)
(1.2390745 0.13852008 -1.7033138e-09)
(1.2719865 0.12174801 -1.3691111e-09)
(1.3051933 0.098999799 -1.028301e-09)
(1.337546 0.070714676 -6.8497284e-10)
(1.3675067 0.037616425 -3.5096557e-10)
(1.3931551 0.00096822466 -5.8075841e-11)
(1.4122436 -0.03769141 1.5472883e-10)
(1.4221317 -0.07654387 2.6708352e-10)
(1.4206988 -0.11326413 2.8320218e-10)
(1.4067531 -0.14536138 2.3350481e-10)
(1.3803305 -0.17059631 1.6024415e-10)
(1.3427243 -0.18745586 9.4440577e-11)
(1.2962834 -0.19545222 4.689013e-11)
(1.2439567 -0.19486517 1.5470279e-11)
(1.1887501 -0.1864252 -4.7881596e-12)
(1.133351 -0.17118225 -2.1561517e-11)
(1.0799826 -0.15050616 -4.0161739e-11)
(1.0303106 -0.12590433 -5.2609275e-11)
(0.9853554 -0.098647848 -6.0373959e-11)
(0.94553356 -0.069530651 -1.2388433e-10)
(0.91111618 -0.039219932 -3.6119834e-10)
(0.88263744 -0.0089978317 -9.0911487e-10)
(0.86089237 0.018642844 -1.7926616e-09)
(0.84642838 0.039833186 -2.8988807e-09)
(0.83903885 0.050881719 -3.9261231e-09)
(0.83702615 0.052290697 -4.4600183e-09)
(0.83692313 0.047312498 -4.7550664e-09)
(0.83636635 0.029349764 -5.00782e-09)
(0.83297697 0.0052479575 -5.0273507e-09)
(0.82530085 -0.016933753 -4.8668087e-09)
(0.81321324 -0.034544973 -4.6278483e-09)
(0.79791361 -0.045636094 -4.3717099e-09)
(0.78140929 -0.048919517 -4.1280321e-09)
(0.76581844 -0.044036482 -3.914632e-09)
(0.75324925 -0.031637983 -3.7484546e-09)
(0.74571383 -0.013179036 -3.6403234e-09)
(0.74472752 0.0094815239 -3.5892117e-09)
(0.75138506 0.034485777 -3.5895997e-09)
(0.76619785 0.059639522 -3.625881e-09)
(0.78905576 0.082727428 -3.6797121e-09)
(0.81922088 0.10178274 -3.733894e-09)
(0.85546335 0.11525454 -3.7761125e-09)
(0.89616715 0.12214969 -3.7993485e-09)
(0.93943746 0.12207378 -3.7986995e-09)
(0.98322269 0.11523155 -3.766135e-09)
(1.0254342 0.10240476 -3.6871486e-09)
(1.0640314 0.084848117 -3.5422374e-09)
(1.0971052 0.064182141 -3.3149101e-09)
(1.1229484 0.042185071 -3.0031448e-09)
(1.1402643 0.020653467 -2.6277607e-09)
(1.1483147 0.0010872514 -2.2332848e-09)
(1.1471749 -0.015460027 -1.8788327e-09)
(1.1378248 -0.028296208 -1.6236836e-09)
(1.1219035 -0.03744815 -1.510518e-09)
(1.1015566 -0.043379325 -1.5534852e-09)
(1.0790302 -0.046840291 -1.7353827e-09)
(1.0563223 -0.048661961 -2.0142787e-09)
(1.0349998 -0.049602294 -2.3366028e-09)
(1.016163 -0.050329371 -2.650617e-09)
(1.0004358 -0.051445654 -2.9148811e-09)
(0.98792017 -0.053436714 -3.101094e-09)
(0.97817336 -0.05655301 -3.1944072e-09)
(0.97029274 -0.06072055 -3.1936563e-09)
(0.96312678 -0.065557395 -3.1111666e-09)
(0.95554857 -0.070499203 -2.9704898e-09)
(0.94668949 -0.074972818 -2.8014971e-09)
(0.93606103 -0.078542069 -2.6341994e-09)
(0.92354528 -0.080972786 -2.4933939e-09)
(0.90929521 -0.082212186 -2.3956972e-09)
(0.89361018 -0.082309979 -2.3490478e-09)
(0.87683137 -0.081319152 -2.3537586e-09)
(0.85929639 -0.079223586 -2.4042116e-09)
(0.8413398 -0.075896966 -2.4904577e-09)
(0.8233232 -0.07110507 -2.5997814e-09)
(0.80568842 -0.064543735 -2.7180806e-09)
(0.78898903 -0.055903738 -2.8315128e-09)
(0.77387399 -0.044944813 -2.9280762e-09)
(0.7610937 -0.031559573 -2.9989535e-09)
(0.75148704 -0.015836632 -3.0396142e-09)
(0.74581405 0.0018475573 -3.0500953e-09)
(0.74472608 0.02092355 -3.0343431e-09)
(0.74879565 0.040600167 -2.999012e-09)
(0.75834689 0.059836847 -2.9515648e-09)
(0.77339746 0.077480967 -2.8985064e-09)
(0.79362948 0.09237935 -2.8439733e-09)
(0.81838259 0.10349934 -2.7889898e-09)
(0.84666083 0.11004833 -2.7314068e-09)
(0.87718223 0.11156963 -2.6666293e-09)
(0.9084428 0.10800608 -2.5889499e-09)
(0.9388228 0.099726702 -2.4936293e-09)
(0.96672658 0.087470669 -2.3791868e-09)
(0.99073753 0.072272556 -2.2490571e-09)
(1.0098144 0.055295727 -2.1117261e-09)
(1.023368 0.037657904 -1.9785583e-09)
(1.031338 0.020306732 -1.8604779e-09)
(1.0341245 0.0039201432 -1.7643964e-09)
(1.0324345 -0.011059201 -1.6913588e-09)
(1.0271223 -0.024401971 -1.6370615e-09)
(1.0190491 -0.036032496 -1.5941556e-09)
(1.0089809 -0.045949544 -1.5550902e-09)
(0.99753651 -0.054188133 -1.5142887e-09)
(0.98519142 -0.060797817 -1.4690223e-09)
(0.97230403 -0.065834982 -1.4191446e-09)
(0.95914953 -0.069363347 -1.36623e-09)
(0.9459495 -0.071457013 -1.3126256e-09)
(0.93289257 -0.072203119 -1.2607131e-09)
(0.92014625 -0.071703044 -1.2124574e-09)
(0.90786198 -0.07007201 -1.1692092e-09)
(0.89617589 -0.067437685 -1.1316884e-09)
(0.88520747 -0.063938147 -1.1000853e-09)
(0.87505703 -0.059718903 -1.0742134e-09)
(0.86580381 -0.054929393 -1.0536598e-09)
(0.85750476 -0.049719496 -1.0379078e-09)
(0.85019419 -0.044236119 -1.026432e-09)
(0.8438842 -0.038620155 -1.0187669e-09)
(0.83856487 -0.033002638 -1.0145478e-09)
(0.83420698 -0.027501741 -1.0135273e-09)
(0.83076277 -0.022219597 -1.0155661e-09)
(0.82817056 -0.017239893 -1.0206159e-09)
(0.82635521 -0.01262604 -1.0286808e-09)
(0.82523504 -0.0084190383 -1.0397735e-09)
(0.82471993 -0.0046376024 -1.0538588e-09)
(0.82472047 -0.0012744912 -1.0708109e-09)
(0.82515578 0.0016966068 -1.0903818e-09)
(0.82594914 0.0043167263 -1.1121945e-09)
(0.82703484 0.0066523577 -1.1357589e-09)
(0.82836542 0.0087814589 -1.1605091e-09)
(0.82991689 0.010789104 -1.1858502e-09)
(0.83169071 0.012760668 -1.2112053e-09)
(0.83371416 0.014773828 -1.2360644e-09)
(0.83603791 0.016890903 -1.2599996e-09)
(0.83873114 0.019152073 -1.2827024e-09)
(0.84187405 0.021570214 -1.3039907e-09)
(0.84554866 0.024127568 -1.3238181e-09)
(0.84982797 0.026775471 -1.3422489e-09)
(0.85476484 0.029436564 -1.3594855e-09)
(0.86038146 0.032011603 -1.3758286e-09)
(0.8666612 0.034387242 -1.3916315e-09)
(0.87354403 0.036449351 -1.40735e-09)
(0.88092658 0.038091836 -1.4234053e-09)
(0.88866647 0.039232537 -1.4403896e-09)
(0.89659309 0.039814635 -1.4586448e-09)
(0.90451575 0.039822297 -1.4789146e-09)
(0.91224656 0.039267403 -1.5014569e-09)
(0.9195969 0.038207501 -1.5269606e-09)
(0.92642249 0.03671427 -1.555877e-09)
(0.93257919 0.034898885 -1.5883051e-09)
(0.93801726 0.032861741 -1.6252471e-09)
(0.94264906 0.030730142 -1.6657876e-09)
(0.94654299 0.028596881 -1.7118946e-09)
(0.94964258 0.026567477 -1.7607261e-09)
(0.95212812 0.024707213 -1.8160501e-09)
(0.95393974 0.023074196 -1.872297e-09)
(0.95532529 0.021713611 -1.936122e-09)
(0.95623665 0.020629961 -2.0032201e-09)
(0.95688982 0.019847718 -2.0695776e-09)
(0.95726633 0.019272609 -2.1385694e-09)
(0.95757101 0.018995983 -2.2401699e-09)
(0.80017909 0.0074635205 -2.9729211e-12)
(0.80263294 0.022622295 6.6868683e-12)
(0.80751949 0.038146815 -8.7840513e-12)
(0.81473768 0.054043473 1.1609917e-11)
(0.82448558 0.070463407 -8.2194507e-12)
(0.83692804 0.087304649 5.9237646e-12)
(0.85231088 0.10465565 -6.1287587e-13)
(0.87080179 0.12223296 7.9786835e-12)
(0.89258158 0.13999394 -3.4214308e-12)
(0.91783706 0.15749512 3.7561166e-12)
(0.94663129 0.17447339 5.4888485e-12)
(0.97905511 0.19036387 1.3143485e-11)
(1.0149835 0.20464251 -1.5281552e-12)
(1.0542093 0.21665729 -2.7211599e-12)
(1.0963343 0.22575406 4.6370362e-12)
(1.1407255 0.23131459 6.4825218e-12)
(1.1866262 0.2328263 1.688777e-11)
(1.2330355 0.22995894 6.706167e-12)
(1.2788711 0.22264893 -1.3181205e-11)
(1.3229947 0.21113721 -2.2041128e-11)
(1.3643777 0.19599399 -1.2253806e-11)
(1.4022615 0.17803785 3.4559141e-12)
(1.4362557 0.15816997 7.7465656e-12)
(1.4663472 0.13718047 -3.3802721e-12)
(1.4927646 0.11561117 -2.0610694e-11)
(1.5158227 0.093726392 -3.2188385e-11)
(1.535772 0.071615455 -3.0766801e-11)
(1.5527752 0.049244377 -1.5537561e-11)
(1.5668412 0.026506203 8.2312641e-12)
(1.5779362 0.0033340084 3.1127447e-11)
(1.5858966 -0.020422691 4.509905e-11)
(1.5904978 -0.044781674 4.9062008e-11)
(1.5914943 -0.069688235 4.8971635e-11)
(1.5885318 -0.094985702 5.1282839e-11)
(1.5812354 -0.12038972 5.6513862e-11)
(1.5692826 -0.14544496 5.9764351e-11)
(1.5524401 -0.1695107 5.6721452e-11)
(1.5305779 -0.19185926 4.7950809e-11)
(1.5037048 -0.21168922 3.7609521e-11)
(1.4720404 -0.22810468 2.942659e-11)
(1.4360375 -0.24022059 2.440203e-11)
(1.3963466 -0.2472954 2.1417928e-11)
(1.3537925 -0.24881994 1.9042245e-11)
(1.3093588 -0.24455125 1.6575812e-11)
(1.2641443 -0.2345357 1.3989267e-11)
(1.2192967 -0.21910916 1.1353332e-11)
(1.1759581 -0.19886091 8.3201854e-12)
(1.1352266 -0.17457428 4.1666402e-12)
(1.0980895 -0.14715884 -2.1816495e-12)
(1.0654042 -0.11756825 -1.3153176e-11)
(1.0379023 -0.086710833 -3.292887e-11)
(1.0161681 -0.055436993 -6.5626032e-11)
(1.0006266 -0.02456185 -1.1903963e-10)
(0.99157939 0.0051737695 -2.089924e-10)
(0.98915296 0.033096819 -3.4867806e-10)
(0.99336417 0.058506655 -5.3636529e-10)
(1.0040265 0.080594623 -7.4515503e-10)
(1.0206621 0.0985777 -9.3327009e-10)
(1.0424798 0.11168248 -1.0556324e-09)
(1.0682729 0.11898278 -1.0788913e-09)
(1.0965339 0.11999708 -1.0061392e-09)
(1.1261752 0.11498305 -8.6392753e-10)
(1.156009 0.10419771 -6.7772649e-10)
(1.1849132 0.088113582 -4.7301118e-10)
(1.2117516 0.067410913 -2.7202466e-10)
(1.2352868 0.042867581 -9.4094945e-11)
(1.2540231 0.015284185 4.4092007e-11)
(1.2660586 -0.014241565 1.3041125e-10)
(1.2696568 -0.044084149 1.6231725e-10)
(1.2635961 -0.072441983 1.5069065e-10)
(1.247351 -0.097605908 1.1485339e-10)
(1.2214051 -0.1182178 7.4084875e-11)
(1.1872243 -0.13342709 4.0685567e-11)
(1.1469219 -0.14279991 1.6488282e-11)
(1.102797 -0.1461719 -2.1653977e-12)
(1.0569772 -0.14359346 -1.8773759e-11)
(1.0112975 -0.135389 -3.6515671e-11)
(0.96730244 -0.12220914 -6.0334174e-11)
(0.92625607 -0.10498725 -9.4991996e-11)
(0.88905919 -0.084720917 -1.4720071e-10)
(0.856288 -0.062253753 -2.4689566e-10)
(0.8283157 -0.038286959 -4.6224127e-10)
(0.80557982 -0.013701724 -8.6821207e-10)
(0.78885927 0.010098573 -1.5016234e-09)
(0.77883719 0.030668859 -2.3125892e-09)
(0.77556325 0.045151711 -3.1774115e-09)
(0.77799052 0.051515804 -3.9006954e-09)
(0.7821054 0.050880937 -4.2581205e-09)
(0.78908155 0.042495419 -4.5282737e-09)
(0.79641005 0.025586791 -4.6552943e-09)
(0.79956055 0.0066419068 -4.5960501e-09)
(0.79795452 -0.010687319 -4.4226487e-09)
(0.79196794 -0.02421785 -4.2129481e-09)
(0.78258807 -0.03279991 -4.016594e-09)
(0.77156965 -0.03548106 -3.846675e-09)
(0.760785 -0.031958926 -3.7025823e-09)
(0.75195973 -0.02286713 -3.5843953e-09)
(0.74670639 -0.0094460025 -3.4916443e-09)
(0.74645153 0.0067097295 -3.4237434e-09)
(0.75237358 0.024272477 -3.3821507e-09)
(0.76497554 0.041819146 -3.3599638e-09)
(0.78409742 0.057818286 -3.3428326e-09)
(0.80900258 0.07085366 -3.3151792e-09)
(0.83836223 0.079759437 -3.2611934e-09)
(0.87055446 0.08382397 -3.1703534e-09)
(0.90380335 0.082898639 -3.0369858e-09)
(0.93616264 0.077328441 -2.8566428e-09)
(0.96570541 0.067907683 -2.6293602e-09)
(0.9906804 0.055758023 -2.3634973e-09)
(1.0097054 0.042149885 -2.0784279e-09)
(1.0219254 0.028328466 -1.803326e-09)
(1.0270838 0.015325892 -1.5722294e-09)
(1.0256137 0.0038198009 -1.4174208e-09)
(1.0185794 -0.0058103118 -1.3624046e-09)
(1.0073294 -0.013520393 -1.4163459e-09)
(0.99333535 -0.019512459 -1.5705287e-09)
(0.97808257 -0.024161435 -1.7993361e-09)
(0.96281549 -0.027905548 -2.0658013e-09)
(0.94845644 -0.031163742 -2.3297027e-09)
(0.93559338 -0.034287648 -2.5553591e-09)
(0.92449375 -0.037553194 -2.7167487e-09)
(0.91510809 -0.04114994 -2.7994392e-09)
(0.90707518 -0.04514604 -2.8005307e-09)
(0.89977892 -0.049455288 -2.7278089e-09)
(0.89247984 -0.053845395 -2.598136e-09)
(0.88448661 -0.05799807 -2.4345062e-09)
(0.87530313 -0.061596853 -2.2618246e-09)
(0.8647004 -0.064403315 -2.1024624e-09)
(0.85270309 -0.066294231 -1.9730165e-09)
(0.83951426 -0.067254919 -1.8830401e-09)
(0.82542018 -0.067337173 -1.8356266e-09)
(0.81071615 -0.066604944 -1.8290161e-09)
(0.79566402 -0.065085193 -1.8582994e-09)
(0.78049278 -0.06273448 -1.9167922e-09)
(0.76542342 -0.059432687 -1.9968745e-09)
(0.75071252 -0.054996756 -2.0905292e-09)
(0.73667766 -0.049203168 -2.1896596e-09)
(0.72373116 -0.041853863 -2.2866302e-09)
(0.71238098 -0.03280749 -2.3746374e-09)
(0.70320455 -0.022021563 -2.4481371e-09)
(0.69678606 -0.0096105367 -2.5032917e-09)
(0.69374224 0.0040900199 -2.5381154e-09)
(0.69461066 0.018650615 -2.5522882e-09)
(0.69973742 0.033442276 -2.5469172e-09)
(0.70927757 0.047685473 -2.5237791e-09)
(0.72313139 0.060538299 -2.4846886e-09)
(0.74089899 0.071182177 -2.4310147e-09)
(0.76188261 0.078914694 -2.3635635e-09)
(0.7851147 0.083233347 -2.2828305e-09)
(0.80942525 0.083901376 -2.1896397e-09)
(0.83353615 0.080973608 -2.0859036e-09)
(0.85617704 0.07478044 -1.9752376e-09)
(0.87622584 0.065877603 -1.8629524e-09)
(0.89281761 0.054954027 -1.7551619e-09)
(0.90543025 0.042739556 -1.6572521e-09)
(0.91390725 0.029906283 -1.57235e-09)
(0.9183875 0.017029711 -1.5004897e-09)
(0.91926292 0.0045546557 -1.43885e-09)
(0.91702712 -0.0071946619 -1.3829321e-09)
(0.91217204 -0.017973438 -1.3282221e-09)
(0.90518954 -0.027625534 -1.2716228e-09)
(0.89651277 -0.036048507 -1.2120635e-09)
(0.88651193 -0.043183003 -1.1503582e-09)
(0.87550765 -0.049005287 -1.0885381e-09)
(0.86378351 -0.05352131 -1.0290597e-09)
(0.85159617 -0.056762256 -9.7417668e-10)
(0.83918173 -0.058780738 -9.2558223e-10)
(0.82675825 -0.059647432 -8.842911e-10)
(0.81452579 -0.05944817 -8.5068126e-10)
(0.80266512 -0.058281364 -8.2461896e-10)
(0.79133591 -0.056255734 -8.0561325e-10)
(0.78067514 -0.053488138 -7.9296703e-10)
(0.77079569 -0.050101118 -7.8590201e-10)
(0.76178588 -0.046220264 -7.836489e-10)
(0.75370933 -0.041971463 -7.8550372e-10)
(0.74660561 -0.03747812 -7.908598e-10)
(0.74049121 -0.032858414 -7.9922053e-10)
(0.73536069 -0.028222257 -8.1019812e-10)
(0.73118882 -0.023668566 -8.2350047e-10)
(0.72793271 -0.019282815 -8.3890986e-10)
(0.72553469 -0.015134584 -8.5625992e-10)
(0.72392511 -0.01127651 -8.7540753e-10)
(0.72302463 -0.0077421025 -8.9620857e-10)
(0.72275222 -0.004546889 -9.1849742e-10)
(0.72302233 -0.0016840393 -9.420742e-10)
(0.7237519 0.00087021888 -9.6670322e-10)
(0.72487604 0.003141247 -9.9212192e-10)
(0.72633428 0.005182213 -1.0180513e-09)
(0.72807834 0.0070540477 -1.0442151e-09)
(0.73008104 0.0088202521 -1.0703582e-09)
(0.73233501 0.010543834 -1.096263e-09)
(0.73485199 0.012281591 -1.1217609e-09)
(0.7376606 0.014078426 -1.1467349e-09)
(0.74080222 0.015962644 -1.1711405e-09)
(0.74432508 0.017942564 -1.1950023e-09)
(0.74827733 0.02000452 -1.2184127e-09)
(0.7526992 0.022113027 -1.2415197e-09)
(0.75761558 0.024212868 -1.264547e-09)
(0.76302903 0.026233915 -1.2877405e-09)
(0.76891531 0.028097032 -1.3113773e-09)
(0.77522073 0.029722633 -1.33575e-09)
(0.78186406 0.03103751 -1.3611678e-09)
(0.78873897 0.031984089 -1.3879198e-09)
(0.79572412 0.03252335 -1.4162639e-09)
(0.80268599 0.032642568 -1.4464896e-09)
(0.80949864 0.032350266 -1.4787464e-09)
(0.81603466 0.031683724 -1.5132613e-09)
(0.82220447 0.030693002 -1.5500806e-09)
(0.82791002 0.029453745 -1.5892642e-09)
(0.8331337 0.028035393 -1.6307241e-09)
(0.83780294 0.026530564 -1.6744884e-09)
(0.84200079 0.025000018 -1.7200939e-09)
(0.84563693 0.023532958 -1.7676678e-09)
(0.84893181 0.022160903 -1.8160302e-09)
(0.85168614 0.020957013 -1.8662378e-09)
(0.85433612 0.019922967 -1.9157557e-09)
(0.85640599 0.019102524 -1.9679515e-09)
(0.85877134 0.01850166 -2.0157877e-09)
(0.86019648 0.018034188 -2.062591e-09)
(0.86325563 0.017926086 -2.128825e-09)
(0.69664781 0.0062720629 -9.3828445e-13)
(0.69926175 0.019030984 1.9872118e-12)
(0.704426 0.032069935 -2.5930688e-12)
(0.71205906 0.045398636 4.0308509e-12)
(0.7223295 0.059087082 -2.7526306e-12)
(0.7353993 0.073083722 2.0248849e-12)
(0.7514373 0.087378617 1.4693009e-12)
(0.7705603 0.10179307 1.8894761e-12)
(0.79287439 0.11619774 -1.40585e-12)
(0.8184649 0.13029852 2.8624695e-12)
(0.84734062 0.14381023 3.873101e-12)
(0.87946402 0.15632896 3.7075032e-12)
(0.91467518 0.16741926 -1.6036851e-12)
(0.95270234 0.17659944 -2.3329431e-12)
(0.99314318 0.18338643 4.1214425e-12)
(1.0354365 0.18733542 7.4989136e-12)
(1.0789012 0.18808941 5.4624584e-12)
(1.1227226 0.18542468 -3.7746974e-12)
(1.166014 0.17929675 -1.1583837e-11)
(1.207874 0.16987559 -1.0054735e-11)
(1.2474841 0.15754717 -1.2302553e-12)
(1.2842014 0.14287041 5.4716783e-12)
(1.3176209 0.12647121 3.1240937e-12)
(1.3475833 0.10892868 -6.9117388e-12)
(1.3741125 0.090683566 -1.7483096e-11)
(1.3973225 0.071984236 -2.1822462e-11)
(1.4173293 0.052981618 -1.7884537e-11)
(1.434191 0.033662197 -8.9409915e-12)
(1.4478804 0.014039855 -8.207611e-13)
(1.4583597 -0.0059314414 2.2951604e-12)
(1.4654342 -0.026317385 6.5809149e-13)
(1.468946 -0.047054139 -1.8770052e-12)
(1.4686779 -0.068058094 -1.5192585e-12)
(1.4643465 -0.089168033 2.3103023e-12)
(1.4556656 -0.11009881 7.116241e-12)
(1.4423907 -0.13044194 1.0102967e-11)
(1.4243403 -0.14968076 1.0486366e-11)
(1.401436 -0.16720972 9.4401318e-12)
(1.3737414 -0.18234613 8.4706034e-12)
(1.3414933 -0.19437699 8.209925e-12)
(1.3051279 -0.20264682 8.3918235e-12)
(1.265297 -0.20662411 8.5055857e-12)
(1.2228657 -0.20595705 8.3237487e-12)
(1.1788842 -0.20051685 7.902481e-12)
(1.1345265 -0.19043263 7.3339474e-12)
(1.0910147 -0.17607887 6.5781784e-12)
(1.0495423 -0.15802341 5.3936494e-12)
(1.0112026 -0.13696856 3.3885657e-12)
(0.97692039 -0.11369478 -2.1724722e-14)
(0.94744406 -0.089001708 -5.9055026e-12)
(0.92334834 -0.063647749 -1.5921976e-11)
(0.90502596 -0.038312232 -3.1988382e-11)
(0.89268325 -0.013632777 -5.7053302e-11)
(0.88643517 0.0097624904 -9.5585553e-11)
(0.88624986 0.031377955 -1.507593e-10)
(0.89191455 0.050656092 -2.2071099e-10)
(0.90306395 0.06702172 -2.9545104e-10)
(0.91914265 0.079949808 -3.5930392e-10)
(0.93937535 0.088897846 -3.9531453e-10)
(0.96268109 0.093224635 -3.9203571e-10)
(0.98770194 0.092636814 -3.4928984e-10)
(1.0131014 0.087287608 -2.7639898e-10)
(1.0375397 0.077514284 -1.8716447e-10)
(1.0596645 0.063801708 -9.6368529e-11)
(1.0780463 0.046797092 -1.7224263e-11)
(1.091257 0.027316291 4.0477092e-11)
(1.0980645 0.0063003388 7.2070991e-11)
(1.097384 -0.015198226 7.9019412e-11)
(1.0885606 -0.035798122 6.8317318e-11)
(1.0718078 -0.0547289 4.9315875e-11)
(1.048124 -0.07136728 2.9594827e-11)
(1.0189715 -0.085197028 1.2919753e-11)
(0.9859628 -0.095706748 -1.0781503e-12)
(0.95060412 -0.10235487 -1.5338509e-11)
(0.9142193 -0.10468704 -3.2554196e-11)
(0.87798022 -0.10249481 -5.5487111e-11)
(0.84296582 -0.095913015 -8.885908e-11)
(0.81016066 -0.085408418 -1.398906e-10)
(0.780389 -0.071670716 -2.1886737e-10)
(0.75426713 -0.055451162 -3.4355883e-10)
(0.73226257 -0.037466238 -5.4566057e-10)
(0.71481385 -0.018480127 -8.6365159e-10)
(0.70255031 0.00052307262 -1.316246e-09)
(0.69597573 0.018100306 -1.8826603e-09)
(0.69520594 0.03226876 -2.4974008e-09)
(0.69977993 0.041283352 -3.0645489e-09)
(0.708233 0.044279998 -3.4964157e-09)
(0.71907571 0.041056298 -3.7571688e-09)
(0.73078485 0.031961063 -3.8733046e-09)
(0.74055972 0.018501181 -3.8551468e-09)
(0.74621796 0.003806653 -3.7192849e-09)
(0.74743752 -0.0091685941 -3.5163341e-09)
(0.74471442 -0.018890102 -3.308491e-09)
(0.7389985 -0.024959959 -3.1352254e-09)
(0.73172544 -0.026745173 -2.9959614e-09)
(0.7244359 -0.023981494 -2.8804607e-09)
(0.71861082 -0.017238415 -2.785897e-09)
(0.71551958 -0.0075043372 -2.7106976e-09)
(0.71627621 0.0040790835 -2.6486791e-09)
(0.72146034 0.016416618 -2.5859849e-09)
(0.73119387 0.028465854 -2.5132191e-09)
(0.74527637 0.039254664 -2.424962e-09)
(0.76301795 0.047931948 -2.3163889e-09)
(0.78353233 0.053891303 -2.1878292e-09)
(0.80552973 0.056750863 -2.0396866e-09)
(0.82745004 0.056438373 -1.8734182e-09)
(0.8478158 0.053261604 -1.6967617e-09)
(0.86532051 0.047795998 -1.523214e-09)
(0.87897417 0.040752559 -1.3703262e-09)
(0.88822702 0.032863398 -1.2565144e-09)
(0.89298365 0.024767411 -1.1974982e-09)
(0.89355372 0.016934932 -1.2034361e-09)
(0.8905643 0.0096998505 -1.2770248e-09)
(0.88490719 0.0031986377 -1.4121725e-09)
(0.87748561 -0.0026166989 -1.5935855e-09)
(0.86906062 -0.0078146285 -1.7982512e-09)
(0.86030309 -0.012549692 -1.9991978e-09)
(0.85170539 -0.017001048 -2.1704358e-09)
(0.84354355 -0.02131492 -2.2913881e-09)
(0.83589103 -0.025586293 -2.3496735e-09)
(0.82864311 -0.029849516 -2.3420096e-09)
(0.82154805 -0.034077165 -2.2736828e-09)
(0.81425452 -0.038184677 -2.1570878e-09)
(0.80638617 -0.0420434 -2.0095096e-09)
(0.79763006 -0.045505467 -1.8502223e-09)
(0.78780756 -0.048435534 -1.6973185e-09)
(0.77690225 -0.050737188 -1.5650539e-09)
(0.76504168 -0.052364879 -1.4624126e-09)
(0.75244738 -0.053319863 -1.3931004e-09)
(0.73937694 -0.053634018 -1.356597e-09)
(0.72607608 -0.053345657 -1.3496512e-09)
(0.71275432 -0.052476082 -1.367648e-09)
(0.69958206 -0.051011842 -1.4055402e-09)
(0.68670885 -0.048892375 -1.4583524e-09)
(0.67428955 -0.046012299 -1.5213411e-09)
(0.66251373 -0.04223503 -1.5900189e-09)
(0.65162015 -0.037416078 -1.6601111e-09)
(0.64191503 -0.031430045 -1.7276562e-09)
(0.6337707 -0.02420297 -1.7890537e-09)
(0.62760484 -0.015746312 -1.8411438e-09)
(0.62383445 -0.0061858011 -1.8813851e-09)
(0.62287532 0.0042586202 -1.9079051e-09)
(0.62506805 0.015212741 -1.9195662e-09)
(0.63058854 0.026200835 -1.9159848e-09)
(0.63945212 0.036671738 -1.897397e-09)
(0.65147086 0.046042837 -1.8645764e-09)
(0.66623141 0.053761485 -1.8187944e-09)
(0.68310787 0.059367568 -1.7618312e-09)
(0.70130408 0.062544917 -1.696006e-09)
(0.71991863 0.063155005 -1.6241516e-09)
(0.73802921 0.061242207 -1.5494553e-09)
(0.75477823 0.05701719 -1.4750528e-09)
(0.76945618 0.050823077 -1.4034727e-09)
(0.78154983 0.043077341 -1.3360809e-09)
(0.79075527 0.034238243 -1.272811e-09)
(0.79698137 0.02474387 -1.2124522e-09)
(0.8002822 0.015001632 -1.153157e-09)
(0.80083278 0.0053691548 -1.093251e-09)
(0.79888988 -0.0038891513 -1.0318657e-09)
(0.79471266 -0.012513361 -9.6925592e-10)
(0.78857842 -0.020340537 -9.0681362e-10)
(0.78078505 -0.027251656 -8.4659099e-10)
(0.77162271 -0.033170393 -7.9076456e-10)
(0.76137537 -0.038058846 -7.4117876e-10)
(0.75031896 -0.041910033 -6.9908532e-10)
(0.73871776 -0.04474151 -6.6508238e-10)
(0.72682108 -0.046590242 -6.3919161e-10)
(0.71486015 -0.047508662 -6.2100042e-10)
(0.7030456 -0.047561878 -6.0981591e-10)
(0.69156549 -0.046825579 -6.0480141e-10)
(0.68058394 -0.045384294 -6.0508332e-10)
(0.6702402 -0.043329722 -6.0982605e-10)
(0.66064815 -0.040758833 -6.1827669e-10)
(0.65189642 -0.03777179 -6.2978617e-10)
(0.64404872 -0.034469653 -6.4381319e-10)
(0.63714484 -0.030951997 -6.5991852e-10)
(0.63120172 -0.027314369 -6.7775301e-10)
(0.62621516 -0.023645948 -6.9704292e-10)
(0.62216159 -0.020026933 -7.1757274e-10)
(0.61900098 -0.01652666 -7.3916974e-10)
(0.6166792 -0.013201849 -7.6168911e-10)
(0.61513113 -0.010095011 -7.8500121e-10)
(0.61428517 -0.0072340414 -8.0898317e-10)
(0.61406435 -0.0046299174 -8.3351235e-10)
(0.61439654 -0.0022827317 -8.5846702e-10)
(0.61519754 -0.00017272515 -8.83726e-10)
(0.61640474 0.0017318768 -9.0917764e-10)
(0.61797528 0.0034516893 -9.347193e-10)
(0.61986093 0.0050379386 -9.602627e-10)
(0.62203177 0.0065389969 -9.8573993e-10)
(0.62447539 0.00800068 -1.011107e-09)
(0.62719366 0.0094643508 -1.0363448e-09)
(0.63020075 0.010962358 -1.0614615e-09)
(0.63352012 0.012514736 -1.0864986e-09)
(0.63718001 0.014127035 -1.1115207e-09)
(0.64120827 0.015788998 -1.1366111e-09)
(0.64562686 0.01747478 -1.1618659e-09)
(0.65044675 0.019144654 -1.187395e-09)
(0.65566336 0.020748368 -1.2132925e-09)
(0.66125379 0.022229484 -1.2396535e-09)
(0.66717526 0.023531006 -1.2665614e-09)
(0.67336677 0.024600544 -1.2940954e-09)
(0.67975066 0.025395985 -1.3222995e-09)
(0.68623971 0.025888709 -1.3512112e-09)
(0.69273864 0.026067454 -1.3808505e-09)
(0.69915764 0.025937416 -1.4111694e-09)
(0.70540582 0.025522306 -1.4421756e-09)
(0.71141798 0.024857955 -1.4736731e-09)
(0.7171223 0.023995583 -1.505711e-09)
(0.72250386 0.02298683 -1.5378298e-09)
(0.72750355 0.021896566 -1.5702885e-09)
(0.73218523 0.020771869 -1.6021188e-09)
(0.73645859 0.019679056 -1.6340131e-09)
(0.74052108 0.018642619 -1.6642043e-09)
(0.74413815 0.017725385 -1.694401e-09)
(0.74778667 0.016924842 -1.7213711e-09)
(0.75080798 0.016285946 -1.7487172e-09)
(0.75439732 0.015830599 -1.7702625e-09)
(0.75662792 0.015446198 -1.7923187e-09)
(0.76148875 0.015455832 -1.8118336e-09)
(0.58596889 0.0050200518 -2.6091495e-13)
(0.5886965 0.015248278 5.1702057e-13)
(0.59404999 0.025683737 -5.8947935e-13)
(0.60196736 0.036326321 1.1486483e-12)
(0.6126182 0.047206944 -7.8083832e-13)
(0.62615575 0.058295132 8.0646927e-13)
(0.64269379 0.069548468 7.6108398e-13)
(0.66230067 0.080842563 1.8818857e-13)
(0.68502235 0.092043517 -2.3700694e-13)
(0.71087097 0.10293968 1.6129101e-12)
(0.73979716 0.11328764 1.4702241e-12)
(0.77168825 0.12278487 1.8830203e-13)
(0.8063412 0.13109435 -9.9969267e-13)
(0.84345492 0.13785742 -7.2500194e-14)
(0.88262483 0.14271956 2.489329e-12)
(0.92333469 0.14535857 2.6120198e-12)
(0.96497184 0.14551942 -4.9960918e-13)
(1.0068369 0.14304664 -4.4174968e-12)
(1.0481842 0.13791313 -5.3104959e-12)
(1.0882648 0.1302413 -2.3942453e-12)
(1.1263949 0.12029968 1.1407638e-12)
(1.1620047 0.10847267 1.4706366e-12)
(1.194684 0.095190336 -2.2008457e-12)
(1.2241867 0.080879828 -7.2247145e-12)
(1.2503972 0.065869825 -1.0078336e-11)
(1.2732891 0.050403657 -9.1587397e-12)
(1.2928556 0.034624584 -5.6675877e-12)
(1.3090623 0.018564077 -2.3255618e-12)
(1.3218361 0.0022990789 -1.1848036e-12)
(1.3310405 -0.014251367 -2.2448371e-12)
(1.3365203 -0.031021467 -3.8226725e-12)
(1.3381306 -0.04792007 -4.1569987e-12)
(1.3356315 -0.064844637 -2.7738262e-12)
(1.3287585 -0.0816254 -5.3944093e-13)
(1.3172682 -0.097995624 1.364726e-12)
(1.3009622 -0.11360212 2.415069e-12)
(1.279716 -0.12801222 2.8622774e-12)
(1.2535234 -0.1407306 3.2012067e-12)
(1.2225343 -0.15123339 3.6655417e-12)
(1.1870945 -0.15901295 4.1816006e-12)
(1.1477829 -0.16362782 4.5741154e-12)
(1.1054242 -0.16475374 4.7643052e-12)
(1.0610666 -0.16223115 4.7925174e-12)
(1.0159259 -0.15608646 4.6977714e-12)
(0.97130013 -0.14653925 4.4635646e-12)
(0.92847515 -0.13396433 4.0258362e-12)
(0.88863097 -0.11883606 3.2506807e-12)
(0.85275719 -0.10169625 1.9629909e-12)
(0.82161095 -0.083129703 -1.0180176e-13)
(0.79573804 -0.063727664 -3.3787124e-12)
(0.77547563 -0.044050403 -8.468897e-12)
(0.76096739 -0.024602453 -1.6043291e-11)
(0.75214064 -0.0058527116 -2.6894723e-11)
(0.74895593 0.011707572 -4.1852574e-11)
(0.75120986 0.027706816 -6.1046005e-11)
(0.75842816 0.041732907 -8.2922556e-11)
(0.77008187 0.053394125 -1.0369466e-10)
(0.78549163 0.062336802 -1.1816481e-10)
(0.80379714 0.06821301 -1.2142858e-10)
(0.82391723 0.07069066 -1.1098198e-10)
(0.8445641 0.069640533 -8.8065141e-11)
(0.86440037 0.065209513 -5.7196264e-11)
(0.88206613 0.057754323 -2.4558557e-11)
(0.89625383 0.047783155 3.8020151e-12)
(0.90578856 0.035923182 2.3521348e-11)
(0.90972789 0.022847769 3.2889912e-11)
(0.9075644 0.0091382172 3.2992784e-11)
(0.89954483 -0.0048543267 2.683811e-11)
(0.88602971 -0.018838967 1.783744e-11)
(0.86768383 -0.032231517 8.2983637e-12)
(0.84566137 -0.044737232 -1.2398609e-12)
(0.82091927 -0.055744509 -1.1827349e-11)
(0.79428458 -0.064520532 -2.561485e-11)
(0.76654132 -0.070370336 -4.5132204e-11)
(0.73850992 -0.072798605 -7.3262762e-11)
(0.71105592 -0.07160602 -1.1430926e-10)
(0.68505659 -0.066903046 -1.7447526e-10)
(0.66132847 -0.059065903 -2.618226e-10)
(0.6405532 -0.048638053 -3.8683456e-10)
(0.62328036 -0.036239544 -5.6297786e-10)
(0.60997627 -0.022545789 -8.0432592e-10)
(0.60107242 -0.008332415 -1.1171382e-09)
(0.59692515 0.005436142 -1.4891531e-09)
(0.59768318 0.01746604 -1.8872979e-09)
(0.60309797 0.026501133 -2.2638525e-09)
(0.61236693 0.031484255 -2.5678431e-09)
(0.62411114 0.031901305 -2.7686421e-09)
(0.63680423 0.027947866 -2.8481232e-09)
(0.64859251 0.020300821 -2.8250643e-09)
(0.65765097 0.010143266 -2.7218043e-09)
(0.66283117 -0.00029253989 -2.5528544e-09)
(0.66400163 -0.0091972691 -2.3576731e-09)
(0.66184916 -0.015692106 -2.1803533e-09)
(0.65737487 -0.019628876 -2.0402445e-09)
(0.65167204 -0.02054567 -1.9259738e-09)
(0.64591148 -0.018344087 -1.8275655e-09)
(0.64130026 -0.013466842 -1.7430973e-09)
(0.63880078 -0.0066047227 -1.6701665e-09)
(0.63910657 0.0015578655 -1.6030061e-09)
(0.64253463 0.010248061 -1.5341487e-09)
(0.64905464 0.018766973 -1.4591692e-09)
(0.65843307 0.026486734 -1.3777554e-09)
(0.67024753 0.032863056 -1.2931282e-09)
(0.68370493 0.037467927 -1.2083248e-09)
(0.69786676 0.040089059 -1.1277273e-09)
(0.71178437 0.040725117 -1.0579612e-09)
(0.72457962 0.039540384 -1.0072413e-09)
(0.73555102 0.036828783 -9.8394454e-10)
(0.74423767 0.032954788 -9.9454252e-10)
(0.75044857 0.028294547 -1.0420388e-09)
(0.75422699 0.023180515 -1.1253694e-09)
(0.75579608 0.017885096 -1.2393091e-09)
(0.7554962 0.012617221 -1.3744757e-09)
(0.75371927 0.0075135312 -1.5176461e-09)
(0.75084908 0.0025795887 -1.6530109e-09)
(0.74718121 -0.0021721902 -1.7645254e-09)
(0.74290462 -0.0067342955 -1.8387184e-09)
(0.73812479 -0.011140043 -1.8670445e-09)
(0.7328541 -0.015390092 -1.8470984e-09)
(0.72701885 -0.019458617 -1.7826029e-09)
(0.72049794 -0.023298551 -1.682422e-09)
(0.71315935 -0.026852792 -1.5589176e-09)
(0.70489644 -0.03006624 -1.4259191e-09)
(0.69566091 -0.032893221 -1.2966051e-09)
(0.68548288 -0.0353012 -1.1816861e-09)
(0.6744721 -0.037271815 -1.0882836e-09)
(0.6628009 -0.038799386 -1.0197045e-09)
(0.650677 -0.039887919 -9.7600148e-10)
(0.63831492 -0.040546802 -9.5497245e-10)
(0.62591363 -0.040785213 -9.5321484e-10)
(0.61364404 -0.040604849 -9.6696636e-10)
(0.60164826 -0.039991716 -9.9261955e-10)
(0.59004852 -0.038909726 -1.0269447e-09)
(0.57896228 -0.037296979 -1.0671195e-09)
(0.56851839 -0.035069709 -1.1106554e-09)
(0.55887442 -0.032132472 -1.1553186e-09)
(0.55022294 -0.028391222 -1.1990438e-09)
(0.54280218 -0.02377016 -1.23994e-09)
(0.53688668 -0.018234317 -1.2762787e-09)
(0.53276164 -0.011810936 -1.3065104e-09)
(0.5307112 -0.0046084345 -1.3293335e-09)
(0.53100596 0.0031924982 -1.3437258e-09)
(0.53383457 0.011316899 -1.3490388e-09)
(0.53925958 0.01942475 -1.3450233e-09)
(0.5472246 0.027129781 -1.3318491e-09)
(0.55752477 0.034032418 -1.3100958e-09)
(0.56980156 0.039757964 -1.2807172e-09)
(0.58355887 0.043994308 -1.2449502e-09)
(0.59819848 0.046523069 -1.2041762e-09)
(0.6130684 0.047238154 -1.1597458e-09)
(0.62751579 0.046149655 -1.1127822e-09)
(0.64093648 0.043378101 -1.0640161e-09)
(0.6528207 0.03913133 -1.0137575e-09)
(0.66277226 0.033679781 -9.6198635e-10)
(0.67051446 0.027332399 -9.0859919e-10)
(0.67590424 0.02040107 -8.5375083e-10)
(0.67889088 0.013189454 -7.9799547e-10)
(0.67951251 0.0059687309 -7.4242074e-10)
(0.67792181 -0.0010443494 -6.8855179e-10)
(0.67427565 -0.0076483439 -6.3808174e-10)
(0.66876402 -0.013698709 -5.926755e-10)
(0.6616435 -0.019098539 -5.5364697e-10)
(0.65317307 -0.023780091 -5.2180054e-10)
(0.64361623 -0.027706218 -4.9740615e-10)
(0.63323559 -0.030863691 -4.8027466e-10)
(0.62228548 -0.033258062 -4.6988398e-10)
(0.61100695 -0.034909835 -4.6551214e-10)
(0.59962399 -0.035851771 -4.6635097e-10)
(0.58834089 -0.036127039 -4.7159057e-10)
(0.57734047 -0.035787883 -4.8047478e-10)
(0.56678272 -0.034894439 -4.9233206e-10)
(0.55680398 -0.03351348 -5.0658779e-10)
(0.5475164 -0.031716951 -5.2276358e-10)
(0.53900799 -0.029580267 -5.4046919e-10)
(0.53134289 -0.027180407 -5.5939068e-10)
(0.52456223 -0.024593887 -5.7927781e-10)
(0.51868532 -0.02189467 -5.9993183e-10)
(0.51371132 -0.019152126 -6.211944e-10)
(0.50962119 -0.016428956 -6.4293782e-10)
(0.50638038 -0.013779653 -6.6505774e-10)
(0.50394148 -0.011248955 -6.8746663e-10)
(0.50224726 -0.0088707669 -7.1008934e-10)
(0.50123452 -0.0066676015 -7.3286075e-10)
(0.50083597 -0.0046506947 -7.557236e-10)
(0.5009855 -0.0028197311 -7.786291e-10)
(0.50162264 -0.0011670592 -8.0153675e-10)
(0.50267534 0.00033856064 -8.244149e-10)
(0.5041005 0.0017215668 -8.4724102e-10)
(0.50587381 0.0029981624 -8.6999901e-10)
(0.50796013 0.004209946 -8.9268097e-10)
(0.51034357 0.0053903789 -9.1528679e-10)
(0.51302089 0.0065696953 -9.3782276e-10)
(0.51599763 0.007770588 -9.6030047e-10)
(0.51928641 0.0090067246 -9.82734e-10)
(0.52290345 0.010281688 -1.0051322e-09)
(0.52686439 0.011587698 -1.0274972e-09)
(0.5311804 0.012905824 -1.0498227e-09)
(0.53585451 0.014207292 -1.0720929e-09)
(0.54087842 0.015455844 -1.0942762e-09)
(0.54623055 0.016610884 -1.1163371e-09)
(0.55187498 0.017631296 -1.1382322e-09)
(0.55776257 0.018479241 -1.1599133e-09)
(0.56383223 0.019123836 -1.1813189e-09)
(0.57001543 0.019543924 -1.2023883e-09)
(0.57623805 0.019730154 -1.2230511e-09)
(0.58242853 0.019685571 -1.2432128e-09)
(0.58851581 0.019425492 -1.2628043e-09)
(0.59444435 0.018975685 -1.2816574e-09)
(0.60015802 0.018370822 -1.2997442e-09)
(0.60563527 0.017650101 -1.3167442e-09)
(0.61083252 0.016857207 -1.3327631e-09)
(0.61578337 0.016031843 -1.3471883e-09)
(0.62042454 0.015217192 -1.3604153e-09)
(0.62489303 0.014441852 -1.3713474e-09)
(0.62900377 0.013744666 -1.3810016e-09)
(0.63315161 0.013139519 -1.3873153e-09)
(0.6367195 0.012650884 -1.3926788e-09)
(0.64089581 0.012320212 -1.3926305e-09)
(0.64357337 0.012040185 -1.3937536e-09)
(0.6493246 0.012184592 -1.3825921e-09)
(0.46813873 0.0037396127 -6.5247865e-14)
(0.47093031 0.011351332 1.2888721e-13)
(0.47638153 0.019096964 -1.0365404e-13)
(0.48445268 0.026961977 2.7560115e-13)
(0.49533487 0.034964373 -1.6348433e-13)
(0.50916826 0.043089513 2.942018e-13)
(0.52602088 0.051297917 2.053519e-13)
(0.54591805 0.059506641 -2.6921125e-14)
(0.56885829 0.06761088 9.4858333e-14)
(0.59480089 0.075460079 5.8203109e-13)
(0.62364875 0.082868234 2.3300822e-13)
(0.65524119 0.089611921 -2.9279714e-13)
(0.68934157 0.095441139 -2.4327688e-13)
(0.72562984 0.10009324 3.232139e-13)
(0.76370017 0.10331139 6.9752686e-13)
(0.80306029 0.10486548 2.4599841e-14)
(0.84314412 0.1045754 -1.2859947e-12)
(0.88332242 0.10233337 -2.017056e-12)
(0.92293522 0.098124578 -1.4685855e-12)
(0.96131924 0.092034431 -3.1106326e-13)
(0.99786139 0.084252466 1.1114346e-13)
(1.0320211 0.075036799 -8.4880764e-13)
(1.0633705 0.064690051 -2.553002e-12)
(1.0915998 0.05351475 -3.7376801e-12)
(1.1164844 0.041749691 -3.6300283e-12)
(1.1378922 0.029632795 -2.4890507e-12)
(1.1556941 0.017284591 -1.2472639e-12)
(1.1697696 0.0048067936 -6.9454662e-13)
(1.1799619 -0.0078449934 -9.1887984e-13)
(1.1860919 -0.020598298 -1.3877669e-12)
(1.1880475 -0.033334945 -1.4874726e-12)
(1.1856227 -0.045980787 -1.0031804e-12)
(1.1785797 -0.058430578 -1.7076192e-13)
(1.1667034 -0.070513075 6.3284462e-13)
(1.1498238 -0.081993942 1.2087147e-12)
(1.1278432 -0.092586599 1.5987652e-12)
(1.1007757 -0.10196349 1.9319377e-12)
(1.068792 -0.10978001 2.2701011e-12)
(1.032261 -0.11570625 2.5814219e-12)
(0.99178211 -0.11946021 2.8131062e-12)
(0.94819874 -0.1208407 2.9389584e-12)
(0.90258036 -0.11975823 2.9688896e-12)
(0.85615982 -0.1162431 2.9130782e-12)
(0.81025127 -0.11043125 2.759004e-12)
(0.76614097 -0.10255201 2.486849e-12)
(0.7250012 -0.092878929 2.0673754e-12)
(0.68782281 -0.081685935 1.4442005e-12)
(0.65534787 -0.069276932 5.6049688e-13)
(0.62807137 -0.055999996 -6.8822642e-13)
(0.6062896 -0.042222805 -2.4366707e-12)
(0.59010485 -0.028319891 -4.8254252e-12)
(0.57944985 -0.014643685 -7.9719419e-12)
(0.57403277 -0.0014901057 -1.1929405e-11)
(0.57368633 0.010919363 -1.6635422e-11)
(0.5780448 0.02214648 -2.1766723e-11)
(0.5864624 0.031918268 -2.6570503e-11)
(0.59829523 0.0399931 -2.9869256e-11)
(0.61279769 0.046180623 -3.0391894e-11)
(0.62908681 0.050316213 -2.7303259e-11)
(0.64613665 0.052260738 -2.0688915e-11)
(0.66282017 0.051981647 -1.1700836e-11)
(0.67802834 0.049626942 -2.2107529e-12)
(0.69075187 0.045465756 5.8293418e-12)
(0.70015469 0.039813551 1.10085e-11)
(0.70567062 0.032945828 1.2820033e-11)
(0.70702605 0.025045602 1.1640389e-11)
(0.70423164 0.016252136 8.349908e-12)
(0.69753657 0.0067054706 3.7776849e-12)
(0.68752451 -0.0036094591 -1.7837196e-12)
(0.67443775 -0.014189482 -8.7867753e-12)
(0.65843914 -0.024355209 -1.8368576e-11)
(0.6400796 -0.033471508 -3.2221674e-11)
(0.6198727 -0.040903057 -5.2464353e-11)
(0.59849107 -0.046099748 -8.1618257e-11)
(0.57675557 -0.048693132 -1.2284043e-10)
(0.55556018 -0.04853777 -1.8007027e-10)
(0.53578611 -0.045712475 -2.5776872e-10)
(0.5182321 -0.040488387 -3.6061145e-10)
(0.50355461 -0.033275259 -4.9305517e-10)
(0.49226793 -0.024580039 -6.5806938e-10)
(0.4847607 -0.014994679 -8.5455069e-10)
(0.48129161 -0.0052062218 -1.0741347e-09)
(0.48194155 0.0039900907 -1.2997259e-09)
(0.48651275 0.011696905 -1.5080083e-09)
(0.49441381 0.017105759 -1.6744665e-09)
(0.50466683 0.019645222 -1.7790945e-09)
(0.51595306 0.01913396 -1.8151406e-09)
(0.52687402 0.015872918 -1.7801771e-09)
(0.53602702 0.010461634 -1.6970148e-09)
(0.54234191 0.0038218289 -1.577877e-09)
(0.54528236 -0.0027678935 -1.4360079e-09)
(0.54499248 -0.0083229895 -1.2985604e-09)
(0.542216 -0.012363093 -1.184867e-09)
(0.53778383 -0.014656396 -1.09419e-09)
(0.53253596 -0.01495586 -1.0184732e-09)
(0.52739962 -0.013247226 -9.5452596e-10)
(0.52327971 -0.0097924868 -9.0167427e-10)
(0.52085471 -0.0050120881 -8.5822018e-10)
(0.52059115 0.00068938859 -8.2160395e-10)
(0.52274138 0.0068021827 -7.9001583e-10)
(0.52728287 0.012840311 -7.6319358e-10)
(0.53399913 0.018370661 -7.4232107e-10)
(0.54250804 0.023041389 -7.2954831e-10)
(0.55229892 0.026607779 -7.2731726e-10)
(0.56279888 0.028924028 -7.3831264e-10)
(0.57342114 0.029938158 -7.64978e-10)
(0.58362407 0.029700025 -8.0878893e-10)
(0.59296409 0.028345999 -8.6955662e-10)
(0.60111919 0.0260664 -9.4501736e-10)
(0.60789632 0.023076653 -1.03097e-09)
(0.61321527 0.019588669 -1.1216168e-09)
(0.61707953 0.015793632 -1.2098118e-09)
(0.6195504 0.011851337 -1.2874446e-09)
(0.62071567 0.0078832647 -1.346267e-09)
(0.62067075 0.0039680858 -1.3792402e-09)
(0.61949442 0.0001461995 -1.3819057e-09)
(0.61719396 -0.0035420834 -1.3532844e-09)
(0.61376442 -0.0070384268 -1.2961244e-09)
(0.60921845 -0.010313989 -1.2163765e-09)
(0.60354919 -0.013339769 -1.1221407e-09)
(0.59676762 -0.016093534 -1.0223821e-09)
(0.5889177 -0.018565173 -9.2563534e-10)
(0.58008105 -0.020756955 -8.3891785e-10)
(0.5703754 -0.022679 -7.6703566e-10)
(0.55994717 -0.024343236 -7.1237994e-10)
(0.54896102 -0.025758502 -6.7518369e-10)
(0.53758854 -0.026928027 -6.540852e-10)
(0.52599864 -0.027849122 -6.4679148e-10)
(0.51435043 -0.0285139 -6.5066333e-10)
(0.50278916 -0.028909471 -6.6312551e-10)
(0.49144613 -0.029016295 -6.8188871e-10)
(0.48044169 -0.028805006 -7.0501672e-10)
(0.46989213 -0.028234097 -7.3090431e-10)
(0.45991808 -0.027249244 -7.5821291e-10)
(0.45065279 -0.025785993 -7.8579981e-10)
(0.44225116 -0.023775827 -8.1266444e-10)
(0.43488878 -0.021154386 -8.3789351e-10)
(0.42876629 -0.017874892 -8.6066215e-10)
(0.42410104 -0.013923256 -8.8022066e-10)
(0.4211084 -0.009329908 -8.9589555e-10)
(0.41997939 -0.0041663691 -9.0709584e-10)
(0.42089317 0.0014451141 -9.1335122e-10)
(0.4239649 0.0072873765 -9.1434691e-10)
(0.42919431 0.013115542 -9.0990712e-10)
(0.43649632 0.018669139 -9.0003096e-10)
(0.44568051 0.023678117 -8.8487402e-10)
(0.45644634 0.027886645 -8.6472292e-10)
(0.46839753 0.03107916 -8.3995154e-10)
(0.48106697 0.033100772 -8.1097959e-10)
(0.49394789 0.033869594 -7.7824692e-10)
(0.50652833 0.033381563 -7.4220829e-10)
(0.51832237 0.031706384 -7.0336568e-10)
(0.52890037 0.028975543 -6.623435e-10)
(0.53790964 0.025367453 -6.1994171e-10)
(0.54507911 0.021087889 -5.7716607e-10)
(0.55023801 0.016353054 -5.3522607e-10)
(0.55330255 0.011370194 -4.9540989e-10)
(0.5542551 0.0063286982 -4.5897798e-10)
(0.55320054 0.0013950867 -4.2703178e-10)
(0.5502686 -0.0033365164 -4.003584e-10)
(0.54559675 -0.0077187039 -3.7940853e-10)
(0.53939826 -0.0116784 -3.6427397e-10)
(0.53190096 -0.015163672 -3.5472626e-10)
(0.52333506 -0.018143163 -3.5030778e-10)
(0.5139341 -0.020600222 -3.5042729e-10)
(0.50392755 -0.022531344 -3.5444225e-10)
(0.49353588 -0.023943657 -3.6171969e-10)
(0.48296685 -0.024853421 -3.7167502e-10)
(0.47241263 -0.025284969 -3.8379234e-10)
(0.46204754 -0.025269931 -3.9763128e-10)
(0.45202638 -0.02484656 -4.1282484e-10)
(0.44248301 -0.024058902 -4.2907213e-10)
(0.43352945 -0.022955741 -4.4612889e-10)
(0.42525548 -0.021589319 -4.6379785e-10)
(0.41772865 -0.020013903 -4.8191972e-10)
(0.41099481 -0.018284214 -5.003657e-10)
(0.40507922 -0.016453766 -5.1903117e-10)
(0.39998802 -0.014573262 -5.3783076e-10)
(0.39571016 -0.012689055 -5.5669452e-10)
(0.39221987 -0.010841748 -5.7556527e-10)
(0.38947935 -0.0090650834 -5.943962e-10)
(0.38744143 -0.0073851905 -6.1314921e-10)
(0.38605305 -0.0058199509 -6.317941e-10)
(0.3852581 -0.0043791803 -6.5030727e-10)
(0.3850003 -0.0030640806 -6.6867099e-10)
(0.38522676 -0.0018691014 -6.8687259e-10)
(0.38589012 -0.00078421718 -7.0490254e-10)
(0.38693472 0.00022325952 -7.2275484e-10)
(0.38833252 0.0011700892 -7.4042444e-10)
(0.39007299 0.0020710051 -7.5790542e-10)
(0.39213409 0.0029464486 -7.7518755e-10)
(0.39450954 0.0038228363 -7.9225743e-10)
(0.39719931 0.0047149933 -8.0909512e-10)
(0.40020995 0.0056312229 -8.2567193e-10)
(0.40355042 0.0065744511 -8.4194854e-10)
(0.4072284 0.0075390985 -8.5787662e-10)
(0.41124768 0.0085117423 -8.7339961e-10)
(0.41560538 0.009472105 -8.8845443e-10)
(0.42028959 0.010394671 -9.029734e-10)
(0.42527793 0.011250891 -9.1688972e-10)
(0.43053693 0.012011754 -9.3013614e-10)
(0.43602271 0.01265045 -9.4264715e-10)
(0.44168233 0.013144826 -9.5435759e-10)
(0.44745672 0.013479453 -9.6520618e-10)
(0.45328298 0.013646911 -9.7513091e-10)
(0.45909927 0.01364855 -9.8406628e-10)
(0.46484565 0.013494004 -9.9195402e-10)
(0.4704717 0.013200789 -9.9870831e-10)
(0.4759311 0.01279198 -1.0042863e-09)
(0.4811973 0.012295599 -1.0085497e-09)
(0.48623935 0.011740639 -1.0115065e-09)
(0.49106703 0.011158196 -1.0129096e-09)
(0.49564747 0.010575116 -1.0128947e-09)
(0.50005564 0.010020583 -1.0110078e-09)
(0.5041889 0.0095132653 -1.0076833e-09)
(0.508301 0.009083738 -1.0020048e-09)
(0.51196528 0.0087311512 -9.9517038e-10)
(0.51610763 0.0085259145 -9.8490048e-10)
(0.51888788 0.0083582921 -9.7550479e-10)
(0.5246996 0.0086311193 -9.5499425e-10)
(0.34316464 0.0024658006 -1.4093724e-14)
(0.34593308 0.0074185347 3.2074782e-14)
(0.35132985 0.012414078 -1.3882666e-14)
(0.35929622 0.017418518 6.0202685e-14)
(0.37005042 0.022467567 -1.9727387e-14)
(0.38370705 0.027570512 8.2734933e-14)
(0.40029168 0.032712379 3.3079846e-14)
(0.4197991 0.037853911 -5.5458899e-15)
(0.44220175 0.042931449 6.2716283e-14)
(0.46743238 0.0478474 1.1461949e-13)
(0.49537014 0.052474152 -4.0008548e-14)
(0.52583199 0.056658093 -1.267437e-13)
(0.55856393 0.060227011 -2.0999445e-14)
(0.59323462 0.063000681 7.8115543e-14)
(0.62943504 0.064804048 -2.2785332e-14)
(0.66667897 0.06548195 -3.26807e-13)
(0.70441478 0.064914255 -5.8075893e-13)
(0.74203608 0.063030246 -5.5261467e-13)
(0.77891447 0.059823121 -3.0788463e-13)
(0.81441089 0.055351695 -1.599891e-13)
(0.8479326 0.049749339 -3.3760367e-13)
(0.87892733 0.043187065 -7.4805504e-13)
(0.90693534 0.035884052 -1.0725424e-12)
(0.93159722 0.028043188 -1.066026e-12)
(0.9526052 0.019797227 -7.5383445e-13)
(0.96978973 0.01139972 -3.7105447e-13)
(0.98296576 0.002982853 -1.4099534e-13)
(0.99185953 -0.0055114786 -1.0649707e-13)
(0.9963528 -0.014007603 -1.3973895e-13)
(0.99639508 -0.02234461 -8.2111329e-14)
(0.99183329 -0.030455658 1.2644801e-13)
(0.9825076 -0.038291925 4.3014314e-13)
(0.96830214 -0.045761093 7.3430512e-13)
(0.94916128 -0.052728684 9.8519694e-13)
(0.92510812 -0.059033399 1.1866742e-12)
(0.89627683 -0.064499278 1.3631142e-12)
(0.86294809 -0.068951497 1.5228651e-12)
(0.82557917 -0.072238093 1.6535909e-12)
(0.78482044 -0.074251463 1.73837e-12)
(0.741512 -0.074943823 1.7684839e-12)
(0.69665263 -0.074331388 1.7412695e-12)
(0.65134558 -0.072485728 1.656956e-12)
(0.60671645 -0.069507643 1.5118644e-12)
(0.56385463 -0.065504074 1.3025603e-12)
(0.52372111 -0.060587834 1.0269242e-12)
(0.48712647 -0.054851051 6.7834204e-13)
(0.4547436 -0.048332902 2.4709658e-13)
(0.42705659 -0.041088644 -2.7310304e-13)
(0.40436181 -0.033252522 -9.0239976e-13)
(0.38680618 -0.025008113 -1.6459725e-12)
(0.37437957 -0.016555863 -2.4987466e-12)
(0.36695305 -0.0081013617 -3.434833e-12)
(0.36429004 0.00015590383 -4.392587e-12)
(0.36604638 0.0080871684 -5.275651e-12)
(0.37174408 0.015324283 -5.9444417e-12)
(0.3808848 0.021742681 -6.2063355e-12)
(0.39285213 0.027205887 -5.8506261e-12)
(0.40697053 0.031610932 -4.743368e-12)
(0.4224919 0.034871054 -2.9330855e-12)
(0.43862058 0.036910457 -6.9790267e-13)
(0.45453884 0.037678392 1.5073661e-12)
(0.46948868 0.03720054 3.2024495e-12)
(0.48281847 0.035549508 4.036688e-12)
(0.49400502 0.032797104 3.868363e-12)
(0.50266492 0.028991844 2.7369461e-12)
(0.50852313 0.024168699 7.4183023e-13)
(0.51136398 0.018397862 -2.1206173e-12)
(0.51101136 0.011833048 -6.0977989e-12)
(0.50735262 0.0047160002 -1.175864e-11)
(0.50046042 -0.002842502 -2.0001608e-11)
(0.49044767 -0.010243917 -3.2018716e-11)
(0.47749739 -0.016985712 -4.9254965e-11)
(0.46215822 -0.02267976 -7.3349968e-11)
(0.44519507 -0.026943998 -1.0609173e-10)
(0.42750004 -0.029510509 -1.4932773e-10)
(0.41002015 -0.030250537 -2.0474421e-10)
(0.39367017 -0.029179413 -2.7356687e-10)
(0.37926782 -0.026447038 -3.5623165e-10)
(0.36748164 -0.022315465 -4.5189633e-10)
(0.35881178 -0.017134051 -5.5774424e-10)
(0.35357758 -0.011324822 -6.6830652e-10)
(0.35190124 -0.0053747205 -7.7532179e-10)
(0.35361178 0.00017958857 -8.6862521e-10)
(0.35828043 0.0047843693 -9.3810016e-10)
(0.36522677 0.0079626524 -9.7591743e-10)
(0.37348794 0.009436741 -9.7855619e-10)
(0.38193968 0.0091522788 -9.4854585e-10)
(0.38950884 0.0073163184 -8.90963e-10)
(0.39526757 0.0042972765 -8.1993016e-10)
(0.39862233 0.00063177523 -7.398768e-10)
(0.39939717 -0.0030469268 -6.6072762e-10)
(0.39786435 -0.0061836655 -5.9390042e-10)
(0.39460208 -0.0084744506 -5.4226262e-10)
(0.39023201 -0.0097371032 -5.0257129e-10)
(0.38543706 -0.0098303961 -4.7258787e-10)
(0.38095377 -0.0087269874 -4.5195001e-10)
(0.37745383 -0.0065587578 -4.4029404e-10)
(0.37546094 -0.003539276 -4.3681774e-10)
(0.37531027 9.6205791e-05 -4.4073173e-10)
(0.37717588 0.0040286523 -4.5166848e-10)
(0.38108078 0.0079536352 -4.6962169e-10)
(0.386884 0.011616555 -4.9477989e-10)
(0.39431148 0.01479254 -5.272968e-10)
(0.40299981 0.017308225 -5.6702148e-10)
(0.41253022 0.019045795 -6.133848e-10)
(0.42246102 0.0199499 -6.6511423e-10)
(0.43236257 0.020030949 -7.2010144e-10)
(0.4418487 0.01935628 -7.7551621e-10)
(0.45059565 0.018033826 -8.2804265e-10)
(0.45835197 0.016197094 -8.7412379e-10)
(0.46493921 0.013985822 -9.1015045e-10)
(0.47024081 0.01153248 -9.3270682e-10)
(0.47419576 0.0089552078 -9.3902917e-10)
(0.47677896 0.0063516024 -9.2757525e-10)
(0.47798798 0.0037930352 -8.9851792e-10)
(0.47783997 0.0013254494 -8.538884e-10)
(0.47637909 -0.0010330342 -7.9729637e-10)
(0.47364108 -0.0032299352 -7.334338e-10)
(0.46966942 -0.0052329289 -6.6742878e-10)
(0.46454226 -0.0070506766 -6.0409801e-10)
(0.45835177 -0.0086944374 -5.474045e-10)
(0.45120339 -0.010180679 -5.0010034e-10)
(0.44321214 -0.011529678 -4.6361072e-10)
(0.43449781 -0.012759889 -4.3813999e-10)
(0.42518107 -0.013884216 -4.2294154e-10)
(0.41538138 -0.014907872 -4.166625e-10)
(0.40521661 -0.01582822 -4.1767522e-10)
(0.39480348 -0.016635983 -4.2433535e-10)
(0.38425791 -0.017316787 -4.3514271e-10)
(0.3736957 -0.017851899 -4.4881372e-10)
(0.36323403 -0.018217765 -4.6429076e-10)
(0.35299332 -0.018384674 -4.8071401e-10)
(0.34310098 -0.018315786 -4.9738299e-10)
(0.33369511 -0.017966974 -5.1371654e-10)
(0.32492851 -0.017288623 -5.2922038e-10)
(0.3169713 -0.016229321 -5.4346108e-10)
(0.31000794 -0.014742585 -5.5604317e-10)
(0.30423521 -0.012794967 -5.6660853e-10)
(0.29985427 -0.010374721 -5.7482961e-10)
(0.2970628 -0.007498436 -5.804056e-10)
(0.29603824 -0.0042101073 -5.8305664e-10)
(0.29689343 -0.00058739527 -5.8255237e-10)
(0.29968502 0.0032297213 -5.7872485e-10)
(0.30442244 0.0070695862 -5.7145728e-10)
(0.31102749 0.010768061 -5.6072269e-10)
(0.31931964 0.014155859 -5.4658038e-10)
(0.32903314 0.017065459 -5.2918637e-10)
(0.33982924 0.019354807 -5.0880043e-10)
(0.35131294 0.020919186 -4.8579404e-10)
(0.36305559 0.021699637 -4.6065706e-10)
(0.37462171 0.021685878 -4.3400059e-10)
(0.38559287 0.020913459 -4.0654877e-10)
(0.39559134 0.019458435 -3.7911935e-10)
(0.40429948 0.017425956 -3.5257978e-10)
(0.41146678 0.01493851 -3.2778183e-10)
(0.41692062 0.012128721 -3.055015e-10)
(0.42056426 0.0091214283 -2.8636965e-10)
(0.42236578 0.0060336497 -2.7082136e-10)
(0.42235523 0.0029768639 -2.5908312e-10)
(0.42065186 3.3995883e-06 -2.5116326e-10)
(0.41738575 -0.0028107055 -2.4688965e-10)
(0.41268662 -0.0053914291 -2.4596316e-10)
(0.40673578 -0.007701311 -2.479992e-10)
(0.39972283 -0.0097233085 -2.5257953e-10)
(0.39184478 -0.011440323 -2.592917e-10)
(0.38329836 -0.012844326 -2.6775347e-10)
(0.37427722 -0.013933721 -2.7762606e-10)
(0.36496784 -0.014712811 -2.8861866e-10)
(0.35554639 -0.01519143 -3.0048715e-10)
(0.34617605 -0.015384576 -3.130294e-10)
(0.33700476 -0.01531208 -3.2607919e-10)
(0.32816334 -0.014998169 -3.3949995e-10)
(0.31976408 -0.014470861 -3.5317906e-10)
(0.31189975 -0.013761202 -3.6702307e-10)
(0.30464318 -0.01290235 -3.8095394e-10)
(0.29804733 -0.011928524 -3.9490605e-10)
(0.29214604 -0.010873889 -4.0882413e-10)
(0.28695513 -0.0097714186 -4.2266161e-10)
(0.28247409 -0.0086517765 -4.363796e-10)
(0.27868825 -0.0075423047 -4.4994601e-10)
(0.27557118 -0.0064662132 -4.6333463e-10)
(0.27308731 -0.0054418909 -4.765244e-10)
(0.27119491 -0.0044824164 -4.8949908e-10)
(0.26984888 -0.0035955138 -5.0224604e-10)
(0.26900343 -0.0027835593 -5.1475551e-10)
(0.26861496 -0.0020440265 -5.270195e-10)
(0.26864409 -0.0013704365 -5.3903058e-10)
(0.26905821 -0.0007541518 -5.5078089e-10)
(0.26982165 -0.00016839077 -5.6226146e-10)
(0.27091018 0.00039367532 -5.7346437e-10)
(0.27232522 0.00094961719 -5.8436544e-10)
(0.2740628 0.0015062326 -5.9493759e-10)
(0.27611569 0.0020755269 -6.0515041e-10)
(0.27848998 0.0026615613 -6.1496632e-10)
(0.28119259 0.0032695525 -6.2434139e-10)
(0.28422699 0.0038960109 -6.3322748e-10)
(0.28759342 0.0045323549 -6.4157377e-10)
(0.29128606 0.0051655158 -6.4932848e-10)
(0.2952912 0.0057788897 -6.5644079e-10)
(0.29958605 0.0063537497 -6.628627e-10)
(0.30413847 0.0068708781 -6.6854908e-10)
(0.30890752 0.0073122789 -6.7345883e-10)
(0.31384482 0.0076627688 -6.7755475e-10)
(0.31889674 0.0079113541 -6.8080425e-10)
(0.32400678 0.008052084 -6.8317765e-10)
(0.32911889 0.0080846337 -6.846481e-10)
(0.33417948 0.0080140228 -6.851923e-10)
(0.33914156 0.0078505044 -6.8478433e-10)
(0.34396416 0.0076080082 -6.834088e-10)
(0.34861867 0.0073041288 -6.8103203e-10)
(0.35308095 0.0069569805 -6.7765664e-10)
(0.3573475 0.0065873624 -6.7322596e-10)
(0.36140476 0.0062119513 -6.6778777e-10)
(0.36528625 0.0058533179 -6.6123086e-10)
(0.36895684 0.0055206788 -6.5371495e-10)
(0.37254288 0.0052467131 -6.4498345e-10)
(0.37584187 0.0050190811 -6.3550251e-10)
(0.3793987 0.0049274091 -6.2451274e-10)
(0.38196788 0.004856276 -6.1388863e-10)
(0.38712186 0.0052277477 -5.9732803e-10)
(0.21116146 0.0012620299 -1.9699275e-15)
(0.21355565 0.003397943 7.3651024e-15)
(0.21839219 0.0056671259 -1.2001089e-15)
(0.22538155 0.0078572964 1.288117e-14)
(0.23478415 0.010046678 -5.0828729e-17)
(0.24667005 0.012260652 1.6809522e-14)
(0.26104179 0.014505664 2.0601501e-15)
(0.27789525 0.016773126 5.6331053e-16)
(0.29721057 0.019033797 1.1816806e-14)
(0.31893232 0.021236136 2.809102e-15)
(0.342954 0.023310182 -3.105773e-14)
(0.36910638 0.025171359 -3.1166996e-14)
(0.39714773 0.026724897 -9.5283585e-15)
(0.42675742 0.027871918 -2.1770597e-14)
(0.45753533 0.028516999 -7.4946968e-14)
(0.48900496 0.028576006 -1.2866265e-13)
(0.52062585 0.027986037 -1.3659135e-13)
(0.55180676 0.026713743 -9.9278517e-14)
(0.58193838 0.024762976 -6.6869782e-14)
(0.61040228 0.02217488 -8.594664e-14)
(0.63663564 0.019033684 -1.4753195e-13)
(0.66010072 0.015440271 -1.9358085e-13)
(0.68037242 0.011537204 -1.7326477e-13)
(0.69712286 0.0074430326 -8.7594543e-14)
(0.70993104 0.0032918712 2.12753e-14)
(0.71894466 -0.0006730596 1.0654414e-13)
(0.72388623 -0.0045999099 1.5873755e-13)
(0.72447475 -0.0085982451 2.0344922e-13)
(0.72103678 -0.012316906 2.6759798e-13)
(0.71345578 -0.015780498 3.6241989e-13)
(0.70172572 -0.018965389 4.7465773e-13)
(0.68590332 -0.02185023 5.849635e-13)
(0.66612746 -0.024393829 6.8181127e-13)
(0.64260178 -0.026551901 7.6381776e-13)
(0.61560905 -0.028286037 8.3288634e-13)
(0.58553001 -0.029571145 8.8775749e-13)
(0.55284807 -0.030403059 9.2351884e-13)
(0.51813967 -0.03080302 9.3461338e-13)
(0.48205142 -0.030815813 9.1724599e-13)
(0.44526781 -0.030500361 8.696362e-13)
(0.40847522 -0.029914317 7.9134469e-13)
(0.37233133 -0.029096703 6.8344572e-13)
(0.33743816 -0.028053685 5.4800887e-13)
(0.30435312 -0.026754784 3.8919188e-13)
(0.27353494 -0.025154599 2.1148421e-13)
(0.24536692 -0.023225809 1.9670979e-14)
(0.22021953 -0.020958853 -1.8004727e-13)
(0.19863168 -0.018340347 -3.8118515e-13)
(0.18096964 -0.015339478 -5.7896086e-13)
(0.16745618 -0.011979976 -7.6132591e-13)
(0.15815829 -0.0083426056 -9.169716e-13)
(0.1529972 -0.0045180913 -1.0292911e-12)
(0.15178222 -0.00064713178 -1.0774168e-12)
(0.15417964 0.0032422072 -1.0420344e-12)
(0.16005226 0.0069384349 -9.0961594e-13)
(0.16912355 0.01040637 -6.6946265e-13)
(0.18091256 0.013507603 -3.2287901e-13)
(0.19492491 0.016170776 1.0071988e-13)
(0.21062206 0.01833302 5.3474169e-13)
(0.22743231 0.01993192 8.8307874e-13)
(0.24475395 0.020912247 1.0420635e-12)
(0.26199065 0.021252363 9.2799541e-13)
(0.27857104 0.020955269 4.8468954e-13)
(0.29396089 0.02003165 -3.3236251e-13)
(0.30765755 0.018491572 -1.590387e-12)
(0.31918289 0.01634836 -3.4221194e-12)
(0.32807391 0.013639135 -6.0651794e-12)
(0.333917 0.010440866 -9.8876507e-12)
(0.33640173 0.0068865753 -1.5396149e-11)
(0.33541163 0.0031444118 -2.3225149e-11)
(0.33102427 -0.00071392417 -3.4109969e-11)
(0.32336099 -0.0045479618 -4.8862995e-11)
(0.31282119 -0.0080294113 -6.8245956e-11)
(0.30012313 -0.010910281 -9.2867034e-11)
(0.28605462 -0.013022777 -1.2310753e-10)
(0.2714889 -0.014251949 -1.5893383e-10)
(0.25730488 -0.014548233 -1.9976974e-10)
(0.24431703 -0.013934862 -2.4437894e-10)
(0.23322053 -0.012504019 -2.9076264e-10)
(0.22454971 -0.010409307 -3.3613488e-10)
(0.21864644 -0.0078590896 -3.7707482e-10)
(0.2156286 -0.0051103694 -4.0992877e-10)
(0.21534969 -0.0024572335 -4.3143311e-10)
(0.21740648 -0.00014087555 -4.3941511e-10)
(0.22121142 0.0016194319 -4.3335108e-10)
(0.22600432 0.0026333363 -4.1462759e-10)
(0.23092129 0.0028334153 -3.8641112e-10)
(0.23517301 0.0022840803 -3.525217e-10)
(0.23811424 0.0011506001 -3.1812902e-10)
(0.23936567 -0.00034892315 -2.8494372e-10)
(0.23884618 -0.0019698357 -2.5702492e-10)
(0.23674579 -0.0034403751 -2.3686277e-10)
(0.23340263 -0.0045881425 -2.2398169e-10)
(0.22927204 -0.005297955 -2.1733685e-10)
(0.2248998 -0.0054694768 -2.1663721e-10)
(0.22085823 -0.0050652034 -2.217672e-10)
(0.21767605 -0.0041270198 -2.3239003e-10)
(0.21578117 -0.0027411806 -2.4802182e-10)
(0.2154656 -0.0010233744 -2.6815901e-10)
(0.21689748 0.00091996721 -2.923029e-10)
(0.22015105 0.0029557549 -3.1990448e-10)
(0.22514237 0.004913467 -3.5021896e-10)
(0.23166099 0.0066627916 -3.8235096e-10)
(0.23942417 0.0081041421 -4.1515792e-10)
(0.24808814 0.0091658804 -4.4726288e-10)
(0.25727635 0.0098094482 -4.7708152e-10)
(0.26660818 0.010030949 -5.0296958e-10)
(0.27572566 0.0098579612 -5.233784e-10)
(0.28431371 0.0093422978 -5.3694306e-10)
(0.29211368 0.0085514181 -5.4254613e-10)
(0.29892973 0.0075584356 -5.3943404e-10)
(0.30462663 0.0064349221 -5.2738161e-10)
(0.30912496 0.0052465112 -5.0686052e-10)
(0.31239138 0.0040471907 -4.7910382e-10)
(0.31442655 0.0028802038 -4.4601317e-10)
(0.31525878 0.0017794318 -4.0994376e-10)
(0.31495747 0.00076784999 -3.7344339e-10)
(0.31360773 -0.00016576949 -3.3859042e-10)
(0.31127405 -0.0010283738 -3.0744802e-10)
(0.30801309 -0.001816718 -2.8132319e-10)
(0.30391822 -0.002534385 -2.6096342e-10)
(0.29906755 -0.0031969498 -2.4650007e-10)
(0.29353098 -0.0038214269 -2.376012e-10)
(0.28737212 -0.0044210905 -2.3361441e-10)
(0.28064881 -0.0050051764 -2.3371451e-10)
(0.2734165 -0.0055780998 -2.3703092e-10)
(0.26573182 -0.0061395032 -2.4273765e-10)
(0.25765585 -0.006684951 -2.5010348e-10)
(0.24925645 -0.0072066038 -2.5850934e-10)
(0.24061025 -0.0076933863 -2.6744415e-10)
(0.23180458 -0.0081306037 -2.7648994e-10)
(0.2229396 -0.0084990904 -2.8530336e-10)
(0.21413123 -0.0087744631 -2.9359971e-10)
(0.20551372 -0.0089268719 -3.0113886e-10)
(0.19724191 -0.0089219101 -3.0771475e-10)
(0.18949186 -0.0087228337 -3.1314675e-10)
(0.18245805 -0.0082945559 -3.1727317e-10)
(0.17634937 -0.0076080116 -3.1995217e-10)
(0.17138053 -0.0066455155 -3.2105957e-10)
(0.16776143 -0.0054067572 -3.2048897e-10)
(0.16567833 -0.003916262 -3.1815493e-10)
(0.16526949 -0.002225483 -3.1400385e-10)
(0.16660573 -0.00037832848 -3.0802129e-10)
(0.16971961 0.0015805395 -3.002287e-10)
(0.17458564 0.003549989 -2.9072781e-10)
(0.18106269 0.005418757 -2.7967361e-10)
(0.18893439 0.0070936498 -2.6728709e-10)
(0.19792537 0.0084958306 -2.5385912e-10)
(0.20770809 0.009563282 -2.3974554e-10)
(0.21792291 0.010256671 -2.2535458e-10)
(0.22820008 0.010561098 -2.1112843e-10)
(0.23818004 0.010485354 -1.9751679e-10)
(0.24753324 0.010059011 -1.8494854e-10)
(0.25597544 0.009327049 -1.7380096e-10)
(0.26327562 0.0083445877 -1.6437185e-10)
(0.26926392 0.007171878 -1.5686542e-10)
(0.27383019 0.0058691532 -1.5138194e-10)
(0.27691723 0.0044941642 -1.479209e-10)
(0.27852235 0.0031017527 -1.4639813e-10)
(0.2786908 0.001747355 -1.4666072e-10)
(0.27751766 0.00043679743 -1.4851445e-10)
(0.27510511 -0.00080677572 -1.5174848e-10)
(0.27154466 -0.0019715169 -1.5615326e-10)
(0.26697457 -0.0030242804 -1.6152056e-10)
(0.26154938 -0.0039501493 -1.6766808e-10)
(0.25541798 -0.0047443249 -1.7443994e-10)
(0.24873307 -0.0054023291 -1.8170242e-10)
(0.24164566 -0.005922098 -1.8934325e-10)
(0.23430238 -0.0063042448 -1.9726888e-10)
(0.22684298 -0.0065519666 -2.0540124e-10)
(0.21939791 -0.006670986 -2.1367484e-10)
(0.21208616 -0.0066694855 -2.2203415e-10)
(0.20501333 -0.0065579604 -2.304316e-10)
(0.19827024 -0.0063489646 -2.3882602e-10)
(0.19193179 -0.0060567434 -2.4718147e-10)
(0.18605646 -0.005696761 -2.5546653e-10)
(0.1806863 -0.0052851552 -2.6365378e-10)
(0.17584747 -0.0048381256 -2.7171945e-10)
(0.17155125 -0.0043713117 -2.7964329e-10)
(0.16779566 -0.0038991964 -2.8740824e-10)
(0.16456731 -0.0034345545 -2.9500007e-10)
(0.16184367 -0.0029879753 -3.0240713e-10)
(0.15959558 -0.0025675085 -3.0962021e-10)
(0.15778976 -0.0021784723 -3.1663161e-10)
(0.15639134 -0.0018233657 -3.2343484e-10)
(0.15536633 -0.0015020077 -3.3002362e-10)
(0.1546836 -0.0012119963 -3.3639186e-10)
(0.15431676 -0.00094933076 -3.4253181e-10)
(0.15424371 -0.00071038285 -3.4842057e-10)
(0.15445116 -0.00048143772 -3.540357e-10)
(0.15493322 -0.00024890056 -3.5946542e-10)
(0.15568154 -1.7586292e-05 -3.6457302e-10)
(0.15670365 0.00022309022 -3.6937017e-10)
(0.15800946 0.00048495492 -3.7383837e-10)
(0.15961008 0.00076474879 -3.7795037e-10)
(0.16150862 0.0010609199 -3.8167718e-10)
(0.16370891 0.0013702908 -3.8499202e-10)
(0.16620908 0.0016868325 -3.8786828e-10)
(0.16899998 0.0020021757 -3.9028087e-10)
(0.17206419 0.0023064419 -3.9220697e-10)
(0.17537562 0.0025890937 -3.9362643e-10)
(0.17889995 0.002839857 -3.9452235e-10)
(0.18259572 0.0030495954 -3.948811e-10)
(0.18641618 0.0032110957 -3.9469261e-10)
(0.19031141 0.0033196096 -3.9394985e-10)
(0.19423096 0.0033732459 -3.9264906e-10)
(0.19812611 0.0033729419 -3.9078933e-10)
(0.20195269 0.0033224653 -3.8837203e-10)
(0.20567222 0.0032277308 -3.8540222e-10)
(0.20925485 0.0030967847 -3.8188471e-10)
(0.21267774 0.0029383109 -3.7783267e-10)
(0.21593008 0.0027626684 -3.732518e-10)
(0.21900422 0.0025784972 -3.6817038e-10)
(0.22191241 0.0023980348 -3.6258887e-10)
(0.22465168 0.0022267353 -3.5656872e-10)
(0.2272752 0.0020853407 -3.5008468e-10)
(0.2297341 0.0019693794 -3.4328486e-10)
(0.23224768 0.0019508477 -3.3603742e-10)
(0.23430001 0.0019446281 -3.2883742e-10)
(0.23815446 0.0023392425 -3.2005399e-10)
(0.072091885 0.00027444477 1.4517975e-17)
(0.07351146 0.00068624408 1.4319188e-15)
(0.076121446 0.0011163956 1.6432402e-16)
(0.079795322 0.0015219284 2.1527436e-15)
(0.084705729 0.001937391 1.9690695e-16)
(0.090865497 0.0023686981 2.0247529e-15)
(0.09828628 0.0028192361 -5.2713752e-16)
(0.10699307 0.0032873183 -1.0148862e-16)
(0.11700243 0.0037640852 2.4364748e-17)
(0.12830557 0.0042336983 -3.2666393e-15)
(0.14085591 0.0046747828 -6.5918453e-15)
(0.15455901 0.0050616083 -5.0259483e-15)
(0.16926467 0.005365458 -4.4975581e-15)
(0.18476222 0.0055566546 -9.9050574e-15)
(0.20078041 0.0056072045 -1.6384231e-14)
(0.21699194 0.0054937272 -1.7462627e-14)
(0.23302418 0.0052010095 -1.199392e-14)
(0.24847438 0.0047245826 -5.3742269e-15)
(0.26293342 0.0040729477 -3.2264442e-15)
(0.27600509 0.0032667779 -4.8742817e-15)
(0.28734205 0.002339042 -3.5352475e-15)
(0.29664774 0.0013278108 7.3036209e-15)
(0.30376359 0.00028441797 2.7726862e-14)
(0.30863105 -0.0006973241 5.2048079e-14)
(0.31079932 -0.0016900549 8.0347271e-14)
(0.31060336 -0.0022585769 9.6635377e-14)
(0.30860034 -0.0029231215 1.1329372e-13)
(0.30395388 -0.0036760601 1.3746964e-13)
(0.29742377 -0.0042398754 1.6481667e-13)
(0.28904563 -0.0046587671 1.9314782e-13)
(0.27892554 -0.0049717623 2.198846e-13)
(0.2672806 -0.005176894 2.4320296e-13)
(0.25432065 -0.0052792741 2.6244396e-13)
(0.24025739 -0.0052948678 2.7732687e-13)
(0.2253114 -0.005244739 2.8718642e-13)
(0.2097057 -0.0051540505 2.908957e-13)
(0.19365545 -0.0050503003 2.8728523e-13)
(0.17735708 -0.0049595536 2.7550423e-13)
(0.16097935 -0.0049021479 2.5516884e-13)
(0.14465895 -0.0048889816 2.2636407e-13)
(0.12850334 -0.0049189046 1.8969143e-13)
(0.11260212 -0.0049769576 1.4633686e-13)
(0.097044322 -0.0050337062 9.7989031e-14)
(0.081946899 -0.0050496835 4.6856397e-14)
(0.067469698 -0.0049946246 -4.7651714e-15)
(0.053800855 -0.0048670705 -5.4299074e-14)
(0.041179262 -0.0046885957 -9.9084109e-14)
(0.0296923 -0.0044196555 -1.3659125e-13)
(0.019543404 -0.0039940766 -1.6404726e-13)
(0.010978048 -0.0033993074 -1.7789141e-13)
(0.0042651733 -0.0026714 -1.7625178e-13)
(-0.00034233451 -0.0018349494 -1.5741399e-13)
(-0.002502017 -0.0009424355 -1.2135871e-13)
(-0.0022218704 6.7719975e-05 -7.0193645e-14)
(0.00029877325 0.0010813948 -7.4907912e-15)
(0.005020729 0.00210186 6.1203874e-14)
(0.011708262 0.0030492925 1.2756023e-13)
(0.020198535 0.0039009562 1.7890449e-13)
(0.030230377 0.00463654 1.9840345e-13)
(0.04149798 0.0052349165 1.6708971e-13)
(0.053654789 0.0056772964 6.5978563e-14)
(0.066330325 0.0059541705 -1.2353445e-13)
(0.079147293 0.0060637895 -4.2405606e-13)
(0.091732546 0.0060063119 -8.6923184e-13)
(0.10371791 0.0057802534 -1.5120118e-12)
(0.11474105 0.0053837377 -2.4323037e-12)
(0.12444987 0.0048205615 -3.7425838e-12)
(0.1325191 0.0041073561 -5.5899636e-12)
(0.13866108 0.0032799539 -8.153866e-12)
(0.14263462 0.0023762178 -1.1638108e-11)
(0.14421158 0.0013990846 -1.619654e-11)
(0.14349794 0.00030520233 -2.1764247e-11)
(0.14049671 -0.00085537948 -2.9285964e-11)
(0.13551915 -0.0018771903 -3.8166599e-11)
(0.12889933 -0.0027327751 -4.8434585e-11)
(0.12109496 -0.0033789746 -5.9893695e-11)
(0.11263891 -0.0037783437 -7.2122344e-11)
(0.10408428 -0.0039129742 -8.450579e-11)
(0.095964786 -0.0037869682 -9.6260717e-11)
(0.088753563 -0.0034267498 -1.0649972e-10)
(0.082826788 -0.0028814695 -1.1434438e-10)
(0.078432836 -0.0022214291 -1.1907157e-10)
(0.075668751 -0.0015294877 -1.2026101e-10)
(0.074474661 -0.00087287539 -1.1789711e-10)
(0.074567105 -0.00030949171 -1.1262e-10)
(0.075569937 0.0001028302 -1.0480938e-10)
(0.077011876 0.00029280545 -9.5834173e-11)
(0.078438277 0.00026956224 -8.6717497e-11)
(0.079410204 7.718431e-05 -7.8420944e-11)
(0.079600825 -0.00022589694 -7.1687e-11)
(0.07890055 -0.00060290319 -6.7069713e-11)
(0.077229447 -0.0010180863 -6.4576677e-11)
(0.074765945 -0.0013711064 -6.4339104e-11)
(0.071683332 -0.0016270585 -6.6102612e-11)
(0.06826542 -0.0017498862 -6.9808531e-11)
(0.064841949 -0.0017215934 -7.5361009e-11)
(0.061750978 -0.0015465841 -8.2586274e-11)
(0.059311181 -0.0012450294 -9.1262211e-11)
(0.057803809 -0.00083990022 -1.0112928e-10)
(0.057419198 -0.00034433261 -1.117265e-10)
(0.058225408 0.00022788698 -1.229558e-10)
(0.060247354 0.00080543915 -1.3444092e-10)
(0.063403534 0.0013344349 -1.4544273e-10)
(0.067563533 0.0017904147 -1.5554983e-10)
(0.07252706 0.0021502696 -1.6424688e-10)
(0.078057952 0.0023999674 -1.7104962e-10)
(0.083904399 0.0025356658 -1.7556235e-10)
(0.089819503 0.0025629487 -1.7750078e-10)
(0.095578801 0.0024948031 -1.7669927e-10)
(0.10099294 0.0023490588 -1.7312739e-10)
(0.10591486 0.0021457146 -1.6692731e-10)
(0.11024143 0.0019047196 -1.5843271e-10)
(0.1139116 0.0016446122 -1.4817338e-10)
(0.11690092 0.0013812201 -1.3681274e-10)
(0.11921337 0.0011280835 -1.2508067e-10)
(0.12087327 0.00089702982 -1.1369723e-10)
(0.12192072 0.00069734243 -1.0324818e-10)
(0.12238927 0.00052232068 -9.4228963e-11)
(0.12235104 0.00035058699 -8.7257255e-11)
(0.1218466 0.00017613747 -8.1555016e-11)
(0.12091831 1.9373948e-05 -7.7790337e-11)
(0.11960251 -0.00012619952 -7.5737832e-11)
(0.11791812 -0.0002689822 -7.5108881e-11)
(0.115881 -0.00041418955 -7.5641416e-11)
(0.11349835 -0.00056600616 -7.707284e-11)
(0.11077221 -0.00072731302 -7.9158416e-11)
(0.1077024 -0.00089959311 -8.1682323e-11)
(0.10428909 -0.0010830137 -8.4460942e-11)
(0.10053512 -0.0012765099 -8.7340981e-11)
(0.096448066 -0.0014777261 -9.0195263e-11)
(0.092042532 -0.0016827757 -9.291793e-11)
(0.087342813 -0.0018858625 -9.5420092e-11)
(0.082386342 -0.0020789162 -9.7626627e-11)
(0.077227403 -0.0022514096 -9.9473482e-11)
(0.071940922 -0.0023904798 -1.0090582e-10)
(0.066625314 -0.0024815196 -1.0187668e-10)
(0.061403148 -0.0025094837 -1.0234615e-10)
(0.056419725 -0.002460569 -1.022825e-10)
(0.051837503 -0.0023247928 -1.0166232e-10)
(0.047828509 -0.002098838 -1.0047139e-10)
(0.044565581 -0.0017893086 -9.8707701e-11)
(0.042216033 -0.0014093338 -9.6382356e-11)
(0.040941657 -0.00096525226 -9.3519322e-11)
(0.040822876 -0.00044788588 -9.0220499e-11)
(0.041882609 0.00012249843 -8.6444114e-11)
(0.044113691 0.00068907899 -8.233375e-11)
(0.047442698 0.0012201108 -7.8019284e-11)
(0.051749949 0.0016938404 -7.3605668e-11)
(0.056861808 0.0020894678 -6.9224631e-11)
(0.062571687 0.0023921787 -6.5011182e-11)
(0.068653856 0.0025939923 -6.1094837e-11)
(0.074878077 0.0026937589 -5.7590962e-11)
(0.081023649 0.0026962847 -5.4593727e-11)
(0.086890839 0.0026111179 -5.2170682e-11)
(0.092308546 0.002450978 -5.0359885e-11)
(0.097139972 0.0022304485 -4.9170961e-11)
(0.10128424 0.0019648929 -4.8587445e-11)
(0.10467481 0.00166989 -4.8571474e-11)
(0.1072783 0.0013626003 -4.9070519e-11)
(0.10908555 0.0010589004 -5.0024088e-11)
(0.11009912 0.00076597635 -5.1368155e-11)
(0.11034698 0.00047528108 -5.2991619e-11)
(0.1098951 0.00017341279 -5.4902423e-11)
(0.10877607 -0.00011814804 -5.7098078e-11)
(0.10707675 -0.00037819347 -5.9426103e-11)
(0.10485313 -0.000612187 -6.1886933e-11)
(0.10218115 -0.00081840384 -6.4451726e-11)
(0.09913803 -0.00099511825 -6.7094171e-11)
(0.095802002 -0.0011411529 -6.9792031e-11)
(0.09225111 -0.0012558972 -7.2526396e-11)
(0.088561658 -0.001339365 -7.5280978e-11)
(0.084806725 -0.0013922497 -7.8041543e-11)
(0.081054701 -0.0014159554 -8.0795482e-11)
(0.077367908 -0.001412591 -8.3531524e-11)
(0.073801373 -0.0013849236 -8.6239525e-11)
(0.070401814 -0.0013362887 -8.891037e-11)
(0.067206934 -0.001270463 -9.1535908e-11)
(0.064245028 -0.001191502 -9.4108933e-11)
(0.061534959 -0.0011035611 -9.6623178e-11)
(0.059086522 -0.001010703 -9.907324e-11)
(0.056901161 -0.00091670811 -1.0145448e-10)
(0.054973021 -0.00082490182 -1.0376303e-10)
(0.053290303 -0.00073799768 -1.0599564e-10)
(0.051836789 -0.00065798831 -1.0814947e-10)
(0.050593499 -0.00058605046 -1.1022195e-10)
(0.049540389 -0.00052255712 -1.1221049e-10)
(0.048657881 -0.00046715154 -1.1411245e-10)
(0.04792831 -0.00041893651 -1.1592466e-10)
(0.047336955 -0.0003767239 -1.1764339e-10)
(0.046873827 -0.00033800555 -1.1926903e-10)
(0.046533052 -0.0003038538 -1.2079144e-10)
(0.046316785 -0.0002680318 -1.2220273e-10)
(0.046237607 -0.00022865308 -1.2348618e-10)
(0.046297847 -0.00017567846 -1.2463646e-10)
(0.046507959 -0.00011391235 -1.2568465e-10)
(0.046880919 -4.543133e-05 -1.2657981e-10)
(0.047428762 3.0054222e-05 -1.2732323e-10)
(0.048160319 0.00011143447 -1.2790997e-10)
(0.049079859 0.00019653073 -1.2833332e-10)
(0.050186266 0.00028253376 -1.2858729e-10)
(0.051472149 0.00036625272 -1.2866698e-10)
(0.052923602 0.00044439448 -1.2856864e-10)
(0.054520517 0.0005138422 -1.2828979e-10)
(0.056237441 0.00057191509 -1.2782927e-10)
(0.058044832 0.00061656568 -1.2718714e-10)
(0.059910672 0.00064653121 -1.2636476e-10)
(0.061802151 0.00066137044 -1.2536466e-10)
(0.063687486 0.00066149142 -1.2419049e-10)
(0.065537342 0.00064799842 -1.2284708e-10)
(0.067326427 0.0006226864 -1.213401e-10)
(0.069033968 0.00058766486 -1.1967696e-10)
(0.070645285 0.00054559826 -1.1786507e-10)
(0.072150311 0.0004988584 -1.1591544e-10)
(0.073547216 0.00045088636 -1.1383648e-10)
(0.074835552 0.00040368847 -1.1164571e-10)
(0.076031644 0.00036401841 -1.0935011e-10)
(0.077136926 0.00033393817 -1.0698324e-10)
(0.078211668 0.00033894818 -1.0454325e-10)
(0.079246606 0.00036013907 -1.021258e-10)
(0.081191299 0.00055099394 -9.9755635e-11)
(1.6365186 -0.58126796 -0.00022629382)
(1.1254799 -0.51965357 -0.0013793675)
(0.51135918 -0.10427442 -0.00069520603)
(1.7512673 -0.73688217 0.00022346597)
(1.6365198 -0.58126813 0.00022649836)
(1.1254803 -0.51965406 0.0013792961)
(0.51135982 -0.10427427 0.00069560392)
(1.2515963 -0.27146372 -0.00028473866)
(0.32565061 -0.068483238 -0.00097942349)
(0.16701256 -0.014531717 7.7837076e-05)
(1.4436699 -0.41683334 0.00026082372)
(1.2515973 -0.27146388 0.00028495613)
(0.32565136 -0.068483475 0.00097994704)
(0.16701905 -0.014531986 -7.7554023e-05)
(0.8983472 -0.075626466 -0.00029744771)
(0.13603903 -0.0035145342 -7.3518662e-05)
(0.086412191 0.0047358462 0.0001752553)
(1.0611269 -0.15238012 0.00030124309)
(0.89834915 -0.075626601 0.00029897624)
(0.13601799 -0.0035116705 7.7206381e-05)
(0.086414456 0.0047355515 -0.00017514805)
(0.69588952 -0.031826271 -0.00018923473)
(0.10741162 0.00035025338 1.4115485e-05)
(0.11961353 0.018531452 0.00017621114)
(0.80097463 -0.033481426 0.00024620502)
(0.69589156 -0.031826426 0.00019015831)
(0.10741338 0.00035010531 -1.3938825e-05)
(0.11961541 0.018531806 -0.00017673073)
(1.4199885 -1.0323471 -0.00035423414)
(1.207178 -1.0302804 -0.00074506406)
(0.47309028 -0.38823804 -0.0019440165)
(1.4721874 -1.1016175 0.00041619525)
(1.4199889 -1.032347 0.00035431544)
(1.2071779 -1.0302804 0.00074565961)
(0.47309085 -0.38823848 0.0019439321)
(0.69466456 -0.31894886 9.5437378e-05)
(0.24161817 -0.15955416 -0.00022029251)
(1.3865008 -0.91640937 0.00062771534)
(0.69466638 -0.31894893 -9.5595711e-05)
(0.24161836 -0.15955437 0.00022031826)
(0.14470789 -0.021577516 -0.00020351681)
(0.45703911 -0.19664249 0.00079897497)
(0.14470807 -0.021577461 0.00020367688)
(0.011695651 -0.0015800118 -7.7980403e-06)
(0.023793783 -0.00065168629 1.6223683e-06)
(0.011696006 -0.0015798554 7.4489944e-06)
(0.046666839 -0.018510177 -0.00041452294)
(-0.0098616767 -0.0073494789 -2.1289593e-05)
(0.017551827 -0.0034096548 0.00011209766)
(0.046667518 -0.018510033 0.00041320705)
(-0.0098616404 -0.0073494605 2.1148707e-05)
(0.029703411 -0.060036696 -4.0651856e-05)
(-0.020112871 -0.016733095 -9.1590859e-05)
(-0.044610932 -0.063687846 -6.411829e-05)
(0.019017199 -0.038627799 0.00010641967)
(0.029703628 -0.060036614 3.9685888e-05)
(-0.020112819 -0.016733055 9.1392448e-05)
(-0.044610856 -0.063687796 6.3644166e-05)
(1.0223337 -1.0510934 -0.00062018221)
(0.87240292 -1.0480858 -0.00020102025)
(0.31864838 -0.39247506 0.00089596633)
(1.0911515 -1.1220497 0.00023785333)
(1.0223338 -1.0510934 0.0006202832)
(0.87240282 -1.0480858 0.00020110453)
(0.31864835 -0.39247502 -0.00089592385)
(0.91939131 -0.90290923 0.00058457376)
(-0.051476705 -0.059971437 -0.00010224088)
(-0.051476722 -0.05997144 0.00010201749)
(-0.061037671 -0.1002286 -8.6173648e-06)
(-0.021680436 -0.028721993 7.7890161e-05)
(-0.066534 -0.099689556 -1.0991307e-05)
(-0.062168084 -0.082497068 4.2453691e-05)
(-0.061037663 -0.10022857 8.6391508e-06)
(-0.021680483 -0.028721897 -7.7898578e-05)
(-0.066533932 -0.099689494 1.1124436e-05)
(0.14185194 -0.21741799 7.0105947e-05)
(0.26220107 -0.51409683 -0.00049009008)
(0.70299882 -0.97485992 5.6421599e-05)
(0.14185186 -0.21741792 -7.0109457e-05)
(0.2622013 -0.51409674 0.00049012422)
(-0.060490585 -0.094346812 -9.1127627e-06)
(-0.022409729 -0.047907435 -4.5632379e-05)
(-0.0097535621 -0.016202601 -9.8177161e-06)
(-0.06049085 -0.094346844 9.1193015e-06)
(-0.022409602 -0.04790736 4.5557838e-05)
(0.34726122 -0.62850279 3.0486952e-05)
(0.39063647 -0.49550673 8.0305332e-05)
(0.087923234 -0.29012219 -0.00015946208)
(0.52999342 -0.65214747 -1.0171422e-05)
(0.34726153 -0.62850272 -3.0467738e-05)
(0.39063647 -0.49550669 -8.0231062e-05)
(0.087923222 -0.29012203 0.00015952682)
(0.022532159 -0.10180788 1.9983006e-05)
(0.16587556 -0.33879036 -0.0005630705)
(0.022532132 -0.10180782 -1.9957849e-05)
(-0.0146095 -0.03270165 5.4066988e-05)
(-0.0021794122 -0.0093247365 1.7031642e-06)
(-0.014609792 -0.032701686 -5.4099412e-05)
(-0.002179329 -0.0093246943 -1.6361475e-06)
(-0.057836861 -0.057314347 9.4546465e-06)
(-0.0088065408 -0.02682424 -1.9759472e-05)
(-0.043984276 -0.031050764 1.7028906e-05)
(-0.032571078 -0.061893998 -4.3517328e-05)
(-0.05783682 -0.057314302 -9.4678101e-06)
(-0.0088066492 -0.026824101 2.0011343e-05)
(-0.04398416 -0.031050663 -1.700236e-05)
(0.060985373 -0.18130456 0.00015545695)
(0.23993569 -0.10797524 0.00019624731)
(0.017298192 -0.026609223 2.778676e-05)
(0.29252559 -0.30366994 -0.00015542063)
(0.060985347 -0.18130444 -0.00015535643)
(0.23993588 -0.10797518 -0.00019584491)
(0.017297967 -0.026609385 -2.7214911e-05)
(-0.032545762 -0.0026287869 2.2728973e-05)
(-0.0013925774 -0.0016485843 7.0134601e-06)
(-0.026048799 0.026283648 2.1742371e-05)
(-0.0057524069 -0.016813482 -6.2669092e-06)
(-0.03254579 -0.0026286783 -2.2702308e-05)
(-0.001392249 -0.0016486498 -6.9289144e-06)
(-0.026048726 0.026283748 -2.162464e-05)
(0.017237392 0.020091406 2.4881741e-05)
(0.29241872 0.29577506 0.00015711135)
(0.059678825 0.17464002 0.00016427949)
(0.24006256 0.099265035 -0.00019654995)
(0.017234701 0.020089391 -2.2920954e-05)
(0.29241899 0.29577509 -0.00015658734)
(0.059679035 0.1746395 -0.00016363785)
(-0.024646624 0.054099211 1.7343677e-05)
(-0.0030791449 0.013815679 4.0745309e-05)
(-0.027831875 0.079617808 7.0191043e-06)
(-0.0013829418 0.0024956367 1.77056e-06)
(-0.024646722 0.054099337 -1.7154692e-05)
(-0.0030789555 0.01381571 -4.0710781e-05)
(-0.027831864 0.079617951 -6.7872269e-06)
(0.086334925 0.2825826 -0.00013624747)
(0.53115791 0.64767419 9.7891432e-06)
(0.34563154 0.62254734 4.8858424e-05)
(0.39161304 0.48900255 -7.9540366e-05)
(0.086334947 0.28258223 0.00013665165)
(0.53115787 0.64767415 -9.6815604e-06)
(0.34563101 0.62254703 -4.8656853e-05)
(0.1643177 0.33428903 0.00056001071)
(0.021998009 0.099018715 -2.2923962e-05)
(0.16431765 0.33428895 -0.00055982564)
(-0.00074484842 0.006166168 5.8415611e-06)
(-0.0066674392 0.016628244 2.9468025e-05)
(-0.00074477885 0.0061661875 -5.8306081e-06)
(-0.0066678232 0.016628503 -2.947765e-05)
(-0.033474301 0.1039011 -4.7208334e-06)
(-0.021250752 0.051217768 8.7173524e-05)
(-0.040612006 0.12233301 -1.4227031e-05)
(-0.0039012989 0.022889691 -2.3538702e-05)
(-0.033474462 0.10390126 5.0323453e-06)
(-0.021250806 0.051217907 -8.722085e-05)
(-0.040612133 0.12233316 1.4579217e-05)
(0.70356867 0.97305115 -5.5567617e-05)
(0.14113634 0.21625447 7.1569812e-05)
(0.26052869 0.50923122 0.00049110171)
(0.70356788 0.97305104 5.567945e-05)
(0.14113623 0.21625433 -7.147615e-05)
(-0.010499143 0.026254324 -2.6657894e-05)
(-0.0050567808 0.0078329479 1.9481784e-06)
(-0.041329626 0.067202161 -5.7909338e-05)
(-0.010499191 0.026254562 2.6634541e-05)
(-0.00505692 0.0078330618 -1.9737524e-06)
(-0.041329578 0.067202375 5.7953284e-05)
(0.31793366 0.39086543 0.00089280527)
(1.0942386 1.1243037 -0.00022392536)
(1.0238225 1.052402 -0.00061481842)
(0.87469052 1.0484976 0.00019779377)
(0.31793367 0.39086523 -0.00089277243)
(1.0942381 1.1243037 0.00022380596)
(1.0238223 1.052402 0.0006148749)
(0.919238 0.90334727 -0.00058542928)
(0.9192378 0.90334709 0.00058524187)
(-0.052293885 0.048084246 -2.7810844e-05)
(-0.052293973 0.048084459 2.7447027e-05)
(-0.05391065 0.070226561 -2.9117485e-05)
(-0.061611812 0.058164854 -4.8809463e-05)
(-0.068977061 0.077017549 -2.2671111e-05)
(-0.01400864 0.015357993 -1.9361654e-05)
(-0.053910764 0.07022672 2.9067116e-05)
(-0.061611916 0.058165006 4.8430507e-05)
(-0.068977141 0.077017629 2.252893e-05)
(0.46973044 0.38623083 -0.001955894)
(1.4733789 1.1086165 -0.00041074334)
(1.4180828 1.0364139 -0.00035691071)
(1.2084106 1.0325787 0.00074951407)
(0.46973007 0.38623039 0.0019561144)
(1.4733779 1.1086168 0.00041011362)
(1.4180811 1.036414 0.00035700494)
(1.3805647 0.91874317 -0.00062801603)
(0.67931886 0.31365978 8.8481441e-05)
(0.23954598 0.15836292 0.00022525463)
(1.3805634 0.91874236 0.00062773955)
(0.67931779 0.31365942 -8.813303e-05)
(0.44289135 0.19161562 -0.00076021211)
(0.13670103 0.02051972 -0.00020610863)
(0.44289068 0.19161527 0.00076054013)
(0.13670104 0.020519698 0.00020631451)
(0.015526564 0.0015367703 -6.626261e-06)
(-0.0032742267 0.0066849055 -4.682152e-05)
(0.015526474 0.0015368043 6.5830436e-06)
(-0.003274177 0.0066848883 4.6844511e-05)
(-0.013103359 0.0086581093 -1.8180947e-05)
(-0.0043199028 0.011057536 -8.2083831e-05)
(0.00068678863 0.036470955 -0.00027782296)
(-0.013103388 0.0086581445 1.8147125e-05)
(-0.0043200063 0.01105754 8.2133536e-05)
(0.00068673762 0.036471011 0.00027775033)
(-0.063426256 0.058536141 -5.0964964e-05)
(-0.02352386 0.050871468 -6.7464123e-05)
(-0.021462215 0.060920102 -3.2724511e-05)
(-0.024647346 0.018722029 0.0001063048)
(-0.063426328 0.058536253 5.0575362e-05)
(-0.023523954 0.050871524 6.721453e-05)
(-0.021462215 0.060920159 3.236367e-05)
(0.48475734 0.099993506 -0.00073151208)
(1.7355202 0.74798517 -0.00021790567)
(1.6073065 0.58904521 -0.00022195453)
(1.1041199 0.51617748 0.0014051203)
(0.48475655 0.099993473 0.00073217931)
(1.7355183 0.74798491 0.00021747425)
(1.6073049 0.58904496 0.0002231587)
(0.14598319 0.014061505 7.1803392e-05)
(1.3993407 0.42159141 -0.00025676746)
(1.1914769 0.27503001 -0.00028292028)
(0.30351609 0.065027329 0.00095316498)
(0.1459656 0.014061212 -7.7129782e-05)
(1.3993413 0.42159187 0.00025804001)
(1.1914753 0.27503061 0.0002836533)
(0.063872977 -0.0014807768 0.00013359486)
(0.98684634 0.15779829 -0.00029510838)
(0.8134227 0.085462937 -0.00028414224)
(0.11512876 0.0038896453 8.2725549e-05)
(0.063872609 -0.0014807693 -0.00013381995)
(0.98684589 0.15779818 0.00029524592)
(0.81342215 0.085462666 0.00028384337)
(0.075361021 -0.0041316876 0.00010291467)
(0.70575322 0.049975456 -0.00022934752)
(0.59269473 0.054178173 -0.0001821091)
(0.077890161 0.0033805549 -1.4266706e-05)
(0.075360578 -0.0041316999 -0.00010300835)
(0.7057526 0.049975166 0.00022888308)
(0.59269457 0.054178008 0.00018161008)
(1.8115349 -0.84400255 -0.00024929851)
(1.6338219 -0.93285521 -0.0002253927)
(1.511469 -0.76632398 -0.00045082519)
(1.7994532 -0.9411801 0.0001487333)
(1.8115352 -0.84400236 0.00024992732)
(1.6338217 -0.93285555 0.00022636419)
(1.5114708 -0.7663234 0.00045142597)
(0.5954147 -0.022556272 -9.3058477e-05)
(0.19715479 0.0095693321 -0.0002466975)
(0.20397753 -0.0090173135 -0.0001666757)
(0.63352992 -0.01512776 0.0001302637)
(0.59541577 -0.022556428 9.2312621e-05)
(0.19715597 0.0095695615 0.00024540946)
(0.20397817 -0.0090172083 0.00016504443)
(0.45136281 -0.19425236 -0.00035452535)
(0.36654392 -0.13679525 -0.00021291548)
(0.36285721 -0.13503021 0.00010955277)
(0.02333373 -0.00054969127 -1.79917e-05)
(0.026777945 0.0030130914 -5.6812188e-06)
(0.026380878 0.0029372537 4.0123276e-05)
(-0.0064643812 -0.0074122289 -4.9338974e-05)
(0.017368267 -0.0033582781 -4.4601606e-05)
(0.03309888 -0.0067464265 -0.00021777131)
(-0.0002094247 -0.0031538634 -3.7654789e-05)
(0.032513011 -0.0068213236 -6.125679e-05)
(-0.00020092852 -0.0030666338 -7.9119552e-06)
(-0.0064719173 -0.0075100376 -0.00010381746)
(0.25727869 -0.26235414 -0.00017689601)
(0.91766387 -0.90166174 -6.5669149e-06)
(0.64709424 -0.58965688 -0.00045141256)
(0.61960581 -0.63753226 -0.00023124202)
(0.64367589 -0.58660929 6.8077226e-05)
(0.6172494 -0.63555648 -7.201448e-05)
(0.26153317 -0.26599243 -0.00026078294)
(-0.013882585 -0.013046323 8.8006876e-06)
(-0.013652494 -0.012826059 1.6028461e-05)
(0.73230829 -0.9729588 -5.8933375e-05)
(0.65757445 -0.79023292 -1.0320501e-05)
(0.52394895 -0.82461447 -1.5005559e-05)
(0.83399634 -0.85487107 1.2581108e-05)
(0.73230833 -0.97295879 5.8920632e-05)
(0.65757444 -0.79023293 1.0307739e-05)
(0.52394888 -0.8246144 1.4999708e-05)
(-0.011383872 -0.019397598 -1.7472818e-05)
(-0.0095473718 -0.015978997 -4.5726508e-06)
(-0.028422812 -0.045673759 -2.6614518e-05)
(-0.028111774 -0.045368146 -1.6317795e-05)
(-0.011597384 -0.01972476 -2.8520786e-05)
(-0.075464147 -0.091270983 5.3353741e-06)
(-0.049942597 -0.084879227 3.2381232e-05)
(-0.064520344 -0.078188908 8.4604295e-06)
(-0.065202762 -0.10139562 -1.1196843e-05)
(-0.075464109 -0.09127098 -5.4073525e-06)
(-0.049942524 -0.084879164 -3.2385367e-05)
(-0.064520266 -0.078188862 -8.5195187e-06)
(0.16443836 -0.33478197 0.00042864237)
(0.11252323 -0.27604019 0.00018596862)
(0.11137542 -0.27322371 -8.2665696e-06)
(-0.010778339 -0.012412362 1.1597261e-07)
(-0.0056616803 -0.016666277 1.3605016e-05)
(-0.016052395 -0.022313577 4.3565889e-05)
(-0.0035051463 -0.01122881 4.2449644e-06)
(-0.015974297 -0.022308754 1.9450944e-05)
(-0.0034485593 -0.01114536 -7.1341976e-06)
(-0.010875412 -0.012377908 3.4314334e-05)
(-0.0073307046 0.025228236 7.8318012e-06)
(-0.0013378329 0.0024592827 -9.5120187e-06)
(-0.0074685355 0.017147787 3.3035785e-05)
(-0.0016093858 0.0061069395 -2.5046599e-06)
(-0.0073705234 0.017027496 9.5567491e-06)
(-0.001565434 0.0060283492 -7.9173023e-06)
(-0.0074253527 0.02538216 3.2664819e-05)
(0.02134666 0.09726586 -8.5930604e-05)
(0.064310465 0.20891915 0.00038716315)
(0.063299158 0.2061352 0.00013385114)
(-0.020637634 0.066804853 1.2758487e-06)
(-0.0038827062 0.022756166 -1.1202684e-05)
(-0.015792995 0.055663226 -3.562304e-05)
(-0.010742757 0.037600624 4.541201e-05)
(-0.015729492 0.055495462 -3.1238037e-05)
(-0.010655082 0.037373808 2.5712948e-05)
(-0.020644904 0.066880323 2.3055045e-06)
(0.52500605 0.82083176 -1.122724e-05)
(0.83766629 0.8539795 -1.5385814e-05)
(0.73436145 0.97143881 -6.3899912e-05)
(0.66215475 0.78779867 8.3922807e-06)
(0.52500582 0.82083169 1.1450615e-05)
(0.83766608 0.8539796 1.5479984e-05)
(0.73436161 0.97143873 6.4005372e-05)
(0.213582 0.37491028 0.00094022509)
(0.25875829 0.50708964 -0.00047609749)
(0.090607939 0.20143982 -0.0001097435)
(0.44203068 0.70274317 0.00039883192)
(0.088614463 0.19883108 -0.00031383345)
(0.44152182 0.7009471 0.00049407224)
(0.2158854 0.37925878 0.0012636173)
(-0.047974139 0.13380697 -8.2773609e-06)
(-0.047602634 0.097580451 -2.5492029e-05)
(-0.051663895 0.13997878 -8.3688803e-06)
(-0.034472783 0.080947825 1.6361716e-05)
(-0.047974169 0.133807 8.6011549e-06)
(-0.047602678 0.097580556 2.5666172e-05)
(-0.051664004 0.13997882 8.6234902e-06)
(0.23789499 0.25301327 -0.00017391091)
(0.23445092 0.24869664 2.2188115e-05)
(-0.045092559 0.049265984 -3.7885979e-05)
(-0.013830231 0.015130778 1.9371331e-05)
(-0.031119278 0.036679686 -5.1104165e-05)
(-0.026967662 0.026582983 -2.3639174e-05)
(-0.030966647 0.036443922 -2.2742075e-05)
(-0.026795691 0.026352311 -6.3783714e-06)
(-0.04518548 0.049410016 -7.6590684e-05)
(0.26498275 0.15479062 0.00040052991)
(0.23661092 0.15542337 0.00011139596)
(0.6541572 0.43905365 0.00085817927)
(0.64925536 0.43491859 0.00088505589)
(0.2695935 0.15792361 0.00036337306)
(-0.051663613 0.048721106 -2.3693052e-05)
(-0.02426958 0.018512967 -7.0893162e-05)
(-0.038065399 0.032324979 -1.0020042e-05)
(-0.042922064 0.036772257 -3.2217144e-05)
(-0.037732114 0.032107321 2.0982913e-06)
(-0.042831965 0.036741989 3.1707456e-07)
(-0.051656186 0.048794894 -6.6438342e-05)
(1.497263 0.76882947 -0.0004399708)
(1.7987566 0.95470217 -0.00014369356)
(1.8046707 0.85832659 -0.00023920621)
(1.6294856 0.94046367 0.00022078209)
(1.4972608 0.76882949 0.00043988049)
(1.7987545 0.95470236 0.00014305153)
(1.8046703 0.85832662 0.00023885199)
(0.6890617 0.15982348 0.00034454404)
(0.299946 0.064891734 -0.00043128801)
(0.23317066 0.045280304 7.4613691e-06)
(0.83777992 0.23092057 -0.00023387097)
(0.23093369 0.044922201 0.00015039031)
(0.83418373 0.23040201 0.00014380771)
(0.69254971 0.16088986 0.00012737654)
(0.37239709 0.020751596 0.00015333345)
(0.11374268 0.0037772817 2.4830694e-05)
(0.090588951 -5.4504439e-05 -2.5068335e-05)
(0.4358562 0.034848095 -0.00023470218)
(0.089468455 -2.8205635e-05 7.6593512e-05)
(0.43322858 0.034242754 2.2048224e-05)
(0.3749027 0.021237774 -4.9829791e-05)
(0.28377445 0.0011903686 -8.1443647e-05)
(0.077029213 0.0030911019 -6.9043041e-05)
(0.099611178 -0.0029353934 6.3653835e-06)
(0.29344712 -0.0014648194 -0.00041095064)
(0.098587009 -0.0029828674 5.5395205e-05)
(0.29203733 -0.0015884799 -0.00016855136)
(0.28437744 0.0013686842 -0.00024614695)
(0.12756636 0.033453589 -0.00013073077)
(0.52567263 0.040506885 -0.00012274744)
(0.48194174 0.052159048 -8.0132366e-05)
(0.13029617 0.011193733 0.00023168623)
(0.1275662 0.033453646 0.00013072716)
(0.52567211 0.040506838 0.00012243493)
(0.48194163 0.052159025 8.0042944e-05)
(1.235131 -0.46885233 -0.00014380937)
(0.50827012 -0.10365359 5.4650162e-05)
(1.0518433 -0.31507096 0.00014536257)
(0.81339817 -0.27821004 -0.00095058335)
(1.0495973 -0.31416812 0.00057752043)
(0.80942281 -0.27634032 -0.00034614672)
(1.2357413 -0.46868212 -0.00064156596)
(1.235134 -0.46885245 0.00014369184)
(0.50826983 -0.10365338 -5.4167765e-05)
(1.0518429 -0.31507095 -0.00014456278)
(0.81339994 -0.27820966 0.00095098067)
(1.049598 -0.31416801 -0.00057745754)
(0.8094225 -0.27634013 0.00034656183)
(1.235742 -0.4686819 0.0006414208)
(0.73230668 -0.16292129 0.00037327187)
(0.32178617 -0.068357364 -0.00046170807)
(0.87811851 -0.23496311 -0.00020855743)
(0.25456942 -0.047746627 -1.9125888e-06)
(0.87446452 -0.23452395 0.00016441788)
(0.2521269 -0.047399836 0.00014514485)
(0.73587553 -0.16391959 0.00015417507)
(0.63811609 -0.10672744 0.00016122201)
(0.16493106 -0.014358614 0.00013700938)
(0.55798379 -0.069219951 8.1990547e-05)
(0.20604231 -0.027241952 5.6494686e-05)
(0.55481789 -0.068383539 0.00025453816)
(0.20362371 -0.026812055 0.0001428721)
(0.64145026 -0.10774059 -9.566365e-05)
(0.73230689 -0.16292122 -0.00037163383)
(0.32178656 -0.068357293 0.0004625257)
(0.87811977 -0.23496298 0.0002096735)
(0.25457018 -0.047746692 2.4738458e-06)
(0.8744635 -0.23452382 -0.00016335877)
(0.25212754 -0.047399972 -0.00014425344)
(0.73587779 -0.16391952 -0.00015331822)
(0.63811758 -0.1067275 -0.00015968227)
(0.16493234 -0.014358664 -0.00013652248)
(0.55799372 -0.069220721 -8.1171709e-05)
(0.20604341 -0.027242094 -5.6060482e-05)
(0.55482012 -0.068383679 -0.00025341454)
(0.20362418 -0.026812168 -0.00014215806)
(0.64145207 -0.10774071 9.6541827e-05)
(0.42346646 -0.016853002 0.00016498313)
(0.13439688 -0.0034148656 3.3706057e-05)
(0.48617101 -0.033979899 -0.00020470931)
(0.11131752 0.0015105697 -2.9796474e-05)
(0.48334794 -0.033381322 4.6630954e-05)
(0.10995076 0.001455117 7.2273472e-05)
(0.42617313 -0.017318555 -4.5557023e-05)
(0.37444124 0.0027949007 1.1787281e-05)
(0.084940023 0.004884235 0.00010621076)
(0.35806921 0.0046710153 -0.00019233327)
(0.093999544 0.0059675874 -0.00012522307)
(0.35569671 0.0049961047 2.200034e-05)
(0.092869204 0.0059294462 -1.5297257e-05)
(0.37696102 0.0025300677 -0.00027627272)
(0.42346743 -0.016853551 -0.00016723073)
(0.13439657 -0.0034143994 -2.834192e-05)
(0.48614718 -0.033971052 0.00020983039)
(0.11130541 0.0015093784 2.5989973e-05)
(0.48334898 -0.033380524 -3.9764168e-05)
(0.1099516 0.0014547807 -7.5731742e-05)
(0.42615799 -0.017317828 4.2504869e-05)
(0.37444358 0.0027945451 -1.2346288e-05)
(0.08494091 0.0048841411 -0.00010608234)
(0.35807284 0.0046707573 0.00019284244)
(0.094004345 0.0059671601 0.00012450137)
(0.35569847 0.0049959118 -2.1424084e-05)
(0.092870821 0.0059292688 1.4571192e-05)
(0.37696539 0.002529747 0.00027546018)
(0.34919019 0.011917329 -8.545581e-05)
(0.10634515 0.00062001129 -7.8574626e-05)
(0.35399162 0.010900869 -0.00042229416)
(0.13877646 0.010858421 2.4328029e-05)
(0.35240698 0.010999137 -0.00017378624)
(0.13754039 0.010917372 6.663951e-05)
(0.34990002 0.011725177 -0.00025756066)
(0.34919142 0.011917302 8.6065502e-05)
(0.1063459 0.00062000359 7.8780073e-05)
(0.35399451 0.010900625 0.00042300425)
(0.1387783 0.010858517 -2.4085907e-05)
(0.35240876 0.010999031 0.00017445405)
(0.13754135 0.010917408 -6.6338999e-05)
(0.34990343 0.01172512 0.00025819877)
(1.0984217 -0.89398914 0.00053024252)
(0.46603253 -0.38418284 -0.0014234579)
(0.92862652 -0.73004294 -3.2583553e-05)
(0.73859833 -0.62502218 -0.00014521616)
(0.92498737 -0.73020248 0.00014800713)
(0.73605824 -0.62430598 3.4287184e-05)
(1.0996577 -0.89405304 0.0003223099)
(1.098422 -0.89398914 -0.00053003863)
(0.46603274 -0.38418297 0.0014232464)
(0.92862636 -0.73004332 3.2784733e-05)
(0.73859915 -0.62502223 0.0001452944)
(0.92498831 -0.73020274 -0.00014813141)
(0.73605853 -0.62430608 -3.4249104e-05)
(1.0996582 -0.89405288 -0.00032217823)
(0.45904892 -0.25177186 -0.0012237136)
(0.69012471 -0.31608198 0.00061681191)
(1.0404917 -0.60605389 -0.00098762283)
(0.23196737 -0.095525262 -0.00020836546)
(1.0360072 -0.60513251 -0.00034689015)
(0.22906763 -0.093498046 0.00021991219)
(0.46533419 -0.25473963 -0.0019431024)
(0.26845296 -0.15653813 0.00039428109)
(0.23866521 -0.1565929 0.00011623971)
(0.66009918 -0.44194924 0.00085844526)
(0.65526214 -0.43787282 0.00088312899)
(0.27321986 -0.15975779 0.00036219061)
(0.45904905 -0.25177189 0.0012239865)
(0.69012487 -0.31608204 -0.00061721309)
(1.0404926 -0.60605411 0.00098829765)
(0.23196729 -0.09552518 0.00020836858)
(1.0360077 -0.60513267 0.00034776183)
(0.22906756 -0.093498003 -0.000220048)
(0.46533436 -0.25473988 0.0019432885)
(0.26845318 -0.15653818 -0.00039409444)
(0.23866533 -0.156593 -0.00011629571)
(0.66009972 -0.44194958 -0.00085821118)
(0.65526159 -0.43787296 -0.00088304734)
(0.27322011 -0.15975804 -0.00036211973)
(0.14212277 -0.021081068 9.5509386e-05)
(0.29439177 -0.084212459 -0.00040172245)
(0.29013741 -0.082580796 -3.661422e-05)
(0.45136299 -0.19425243 0.00035381758)
(0.36654453 -0.13679545 0.00021283021)
(0.36285665 -0.13503023 -0.00010969018)
(0.14212284 -0.021081071 -9.5336865e-05)
(0.29439123 -0.084212422 0.00040178393)
(0.29013741 -0.082580657 3.6764273e-05)
(0.011503261 -0.0017571099 1.33765e-05)
(0.018423801 0.0022264848 -8.5598022e-05)
(0.018194266 0.0021399237 -1.3080979e-05)
(0.023333896 -0.00054970046 1.8051089e-05)
(0.026778442 0.003013174 5.7787701e-06)
(0.026381075 0.0029372627 -3.9997738e-05)
(0.011503511 -0.0017570133 -1.3753073e-05)
(0.018424282 0.0022265989 8.5529328e-05)
(0.018194322 0.0021399995 1.3027597e-05)
(-0.0075684025 -0.0071307941 -4.387717e-06)
(-0.0097301973 -0.0071800375 2.8459744e-06)
(-0.021155229 -0.019119627 -3.7795158e-05)
(-0.021079201 -0.018975564 -1.2424279e-05)
(-0.0076804643 -0.0072775086 -6.7763828e-06)
(-0.0064642648 -0.0074121761 4.8842238e-05)
(0.017368471 -0.0033581606 4.3847587e-05)
(0.033099572 -0.0067461832 0.00021673672)
(-0.00020925729 -0.0031538103 3.7427099e-05)
(0.032513302 -0.0068211795 6.0131455e-05)
(-0.00020086087 -0.0030665996 7.6557488e-06)
(-0.006471677 -0.0075099288 0.00010337829)
(-0.0075683547 -0.007130775 4.1122511e-06)
(-0.0097301881 -0.0071800344 -3.0100238e-06)
(-0.02115508 -0.019119562 3.7296041e-05)
(-0.021079142 -0.018975538 1.1875484e-05)
(-0.0076803744 -0.0072774749 6.5265784e-06)
(-0.032103387 -0.043449799 -7.56256e-05)
(-0.019796939 -0.016523236 -5.1732119e-05)
(-0.026856241 -0.029678263 -8.7491409e-05)
(-0.031405854 -0.031200756 4.7279939e-06)
(-0.026913648 -0.029644797 -1.8158182e-05)
(-0.031135779 -0.030942723 2.5560764e-05)
(-0.03199762 -0.043573626 -0.00017064626)
(-0.032103287 -0.04344975 7.4950461e-05)
(-0.019796896 -0.016523221 5.1505999e-05)
(-0.026856087 -0.029678185 8.6847855e-05)
(-0.031405808 -0.031200695 -4.9788066e-06)
(-0.026913622 -0.029644775 1.748878e-05)
(-0.031135819 -0.030942725 -2.5869208e-05)
(-0.031997504 -0.043573538 0.00017000048)
(0.82806646 -0.95989936 -0.00029600332)
(0.31528696 -0.38732583 0.00081195765)
(0.57519271 -0.61958268 -0.00070034227)
(0.66144582 -0.80813981 -0.0003953768)
(0.572576 -0.61454725 -9.616643e-05)
(0.65995073 -0.80520335 -2.4170441e-05)
(0.82902267 -0.96145328 -0.00093709252)
(0.82806629 -0.9598993 0.00029612297)
(0.31528672 -0.38732569 -0.00081184641)
(0.57519239 -0.61958265 0.00070049804)
(0.66144578 -0.80813969 0.00039542549)
(0.57257632 -0.61454718 9.6391281e-05)
(0.65995072 -0.80520335 2.4240506e-05)
(0.8290228 -0.96145317 0.00093713816)
(0.28570765 -0.23622009 0.0002276093)
(0.28185042 -0.23225806 0.00039695241)
(0.2386875 -0.25396711 -0.00017732323)
(0.23522891 -0.24963217 2.3081186e-05)
(0.25727878 -0.26235413 0.00017707493)
(0.91766386 -0.90166181 7.0769447e-06)
(0.64709466 -0.58965688 0.0004516735)
(0.6196059 -0.63753234 0.00023143861)
(0.64367606 -0.58660928 -6.7731567e-05)
(0.6172493 -0.63555651 7.2341923e-05)
(0.26153322 -0.26599244 0.00026090129)
(0.28570785 -0.23622021 -0.00022758893)
(0.28185064 -0.23225814 -0.00039697092)
(0.23868754 -0.25396707 0.00017742315)
(0.23522867 -0.24963217 -2.2906984e-05)
(-0.01366782 -0.014571556 2.7093431e-06)
(-0.05139615 -0.059753348 -4.2987678e-05)
(-0.034171921 -0.034305799 -4.001986e-05)
(-0.035011829 -0.04037194 -1.4628329e-05)
(-0.033961294 -0.034006265 -7.4482542e-07)
(-0.034755195 -0.040056785 2.4091467e-06)
(-0.013899191 -0.014818367 -5.7411627e-06)
(-0.014350972 -0.016845092 -1.609926e-05)
(-0.014111014 -0.016560323 -5.6955552e-06)
(-0.013882595 -0.013046315 -8.8659719e-06)
(-0.013652436 -0.012826035 -1.6114917e-05)
(-0.013667761 -0.014571541 -2.7609915e-06)
(-0.051396008 -0.059753315 4.2744124e-05)
(-0.034171837 -0.034305761 3.9853316e-05)
(-0.035011728 -0.040371935 1.4525664e-05)
(-0.033961368 -0.034006268 5.777509e-07)
(-0.03475527 -0.040056808 -2.5460114e-06)
(-0.013899203 -0.014818369 5.6962771e-06)
(-0.014351023 -0.016845106 1.6054336e-05)
(-0.014110935 -0.016560295 5.6316231e-06)
(-0.058628564 -0.077432114 -6.9768992e-05)
(-0.02143092 -0.02828535 6.6460774e-05)
(-0.03768017 -0.044189176 -4.7206196e-05)
(-0.046186766 -0.064009859 -4.0842217e-05)
(-0.037481906 -0.043759125 -1.061543e-05)
(-0.046080577 -0.063657823 -1.2445975e-05)
(-0.058678179 -0.077632543 -0.0001293149)
(-0.058628398 -0.077432004 6.9849458e-05)
(-0.021430795 -0.02828523 -6.6436046e-05)
(-0.037680135 -0.044189108 4.7132101e-05)
(-0.046186698 -0.064009669 4.0971795e-05)
(-0.037482071 -0.04375912 1.055467e-05)
(-0.046080724 -0.063657811 1.2625319e-05)
(-0.058678388 -0.07763249 0.00012935559)
(0.15122106 -0.24449268 -0.00027875621)
(0.13872552 -0.21436847 -5.413942e-05)
(0.37252448 -0.5526056 -0.00032552045)
(0.36902981 -0.55023244 -3.9728083e-05)
(0.15392979 -0.24838986 -0.00048201444)
(0.21475561 -0.3778303 0.00094521791)
(0.26042628 -0.51192481 -0.0004717288)
(0.4433381 -0.70699149 0.00038381753)
(0.091462653 -0.20358114 -0.00010825492)
(0.44284676 -0.70519635 0.0004884617)
(0.089451142 -0.20093335 -0.00031266387)
(0.21706408 -0.38220939 0.0012652534)
(0.15122108 -0.24449263 0.00027875672)
(0.13872554 -0.2143684 5.4190942e-05)
(0.37252459 -0.55260548 0.0003255933)
(0.36902928 -0.55023237 3.9739787e-05)
(0.1539297 -0.24838975 0.00048204869)
(0.21475557 -0.37783017 -0.0009451777)
(0.26042596 -0.51192466 0.00047179311)
(0.44333758 -0.70699127 -0.00038374016)
(0.091462294 -0.20358096 0.00010827809)
(0.44284676 -0.70519623 -0.0004883468)
(0.08945111 -0.20093323 0.00031275176)
(0.21706434 -0.3822092 -0.001265225)
(-0.017722279 -0.032860945 8.0105363e-05)
(-0.022207571 -0.047617897 -4.9312688e-05)
(-0.039741098 -0.068064625 3.7341602e-05)
(-0.0073561909 -0.017248141 -2.88717e-06)
(-0.039679913 -0.067834103 3.0630136e-05)
(-0.0071978947 -0.017017152 -2.2675669e-05)
(-0.017935093 -0.033303668 0.0001130084)
(-0.011383863 -0.019397548 1.756565e-05)
(-0.0095473583 -0.015978929 4.6449435e-06)
(-0.028422751 -0.045673598 2.6749463e-05)
(-0.028111423 -0.045367889 1.6516884e-05)
(-0.011597294 -0.01972468 2.8547744e-05)
(-0.017722022 -0.032860873 -8.0097654e-05)
(-0.022207352 -0.047617756 4.931087e-05)
(-0.039741026 -0.068064625 -3.7380043e-05)
(-0.0073562003 -0.017248147 2.8771634e-06)
(-0.039679754 -0.067833933 -3.0662114e-05)
(-0.0071979712 -0.017017138 2.2666647e-05)
(-0.017935031 -0.033303609 -0.00011303166)
(0.2812338 -0.53442916 0.00013192505)
(0.086969849 -0.28893607 -0.00013864906)
(0.18048748 -0.4415089 0.00018690268)
(0.19707079 -0.42963767 -7.4872592e-05)
(0.17945475 -0.4401726 0.00010761135)
(0.1962994 -0.42908622 -0.00018957724)
(0.28158858 -0.53456635 0.00021363692)
(0.28123362 -0.53442904 -0.00013183034)
(0.086969724 -0.28893594 0.0001387443)
(0.18048737 -0.44150871 -0.00018682408)
(0.19707071 -0.42963749 7.5017951e-05)
(0.17945482 -0.44017248 -0.00010751804)
(0.19629936 -0.4290861 0.0001896923)
(0.28158858 -0.5345662 -0.00021355942)
(0.021863919 -0.099998961 -8.6505016e-05)
(0.065186257 -0.21336871 0.00039687491)
(0.064176257 -0.21053382 0.00013960402)
(0.16443858 -0.33478197 -0.00042859094)
(0.11252334 -0.27604012 -0.00018597143)
(0.11137519 -0.27322356 8.3130281e-06)
(0.021863939 -0.099998915 8.6537503e-05)
(0.065186193 -0.21336857 -0.00039682541)
(0.064176159 -0.21053375 -0.00013955392)
(-0.014457458 -0.032297058 3.427774e-05)
(-0.010276535 -0.026587447 2.7351183e-05)
(-0.010167582 -0.026304512 5.6248434e-07)
(-0.0021112766 -0.0091639478 -8.044111e-06)
(-0.0061746835 -0.020725414 4.1475085e-05)
(-0.0060784817 -0.020439561 1.1051275e-05)
(-0.014457395 -0.032297047 -3.4217514e-05)
(-0.010276333 -0.026587384 -2.7309461e-05)
(-0.010167452 -0.026304349 -4.5599604e-07)
(-0.0021112499 -0.0091638487 8.2053981e-06)
(-0.0061749145 -0.020725473 -4.1419036e-05)
(-0.0060783335 -0.020439456 -1.091982e-05)
(-0.029526868 -0.047423413 2.3045307e-05)
(-0.0086902121 -0.026726657 -1.1858991e-05)
(-0.017950378 -0.042097966 1.8223172e-05)
(-0.019666771 -0.03457746 2.1063537e-05)
(-0.017821027 -0.041968358 3.1844567e-06)
(-0.019568722 -0.034556125 -6.0113499e-06)
(-0.029591376 -0.047430614 4.5072095e-05)
(-0.029526605 -0.047423263 -2.2779688e-05)
(-0.0086900568 -0.026726604 1.2284337e-05)
(-0.01795009 -0.042097781 -1.8017574e-05)
(-0.019666533 -0.034577233 -2.0715272e-05)
(-0.017820928 -0.041968152 -2.8287055e-06)
(-0.019568736 -0.034555939 6.3830644e-06)
(-0.0295915 -0.047430448 -4.4844083e-05)
(0.11381158 -0.22682598 -4.9687748e-05)
(0.060279774 -0.17958271 0.00016395566)
(0.15916869 -0.31592632 0.00027891189)
(0.038312956 -0.12435526 -3.1196106e-05)
(0.15857978 -0.3151412 0.00012064783)
(0.037758191 -0.12335601 -0.00010245878)
(0.11472726 -0.22728983 0.00017552947)
(0.090708945 -0.13473779 6.4259662e-05)
(0.016823475 -0.026287914 -8.3667484e-05)
(0.023732488 -0.072823844 -9.5909342e-06)
(0.076791985 -0.051282171 0.0004018675)
(0.023187417 -0.07203687 -0.00011533906)
(0.075844265 -0.051111503 9.9529878e-05)
(0.0916819 -0.13512733 0.00032877746)
(0.11381149 -0.2268258 5.0047985e-05)
(0.060279707 -0.1795826 -0.00016386829)
(0.15916859 -0.3159261 -0.00027869453)
(0.038312903 -0.12435516 3.1333425e-05)
(0.15857986 -0.31514115 -0.00012045131)
(0.03775823 -0.12335593 0.00010260672)
(0.11472731 -0.22728961 -0.00017518622)
(0.090708984 -0.13473758 -6.362396e-05)
(0.016823451 -0.026287774 8.4159188e-05)
(0.023732402 -0.072823746 9.8263451e-06)
(0.076791532 -0.051281732 -0.00040046683)
(0.023187422 -0.072036777 0.00011559958)
(0.075844339 -0.051111254 -9.8381961e-05)
(0.091681805 -0.13512696 -0.00032812919)
(-0.0091265191 -0.001923963 7.1014405e-06)
(-0.0013521794 -0.0016321153 -6.5027605e-06)
(-0.0021359507 -0.0061126035 1.8788255e-06)
(-0.0068292842 0.0074257567 4.3526096e-05)
(-0.0020818751 -0.00605205 -1.2851151e-05)
(-0.0067332608 0.0073475378 9.7057513e-06)
(-0.0092338158 -0.0018709553 3.5148121e-05)
(-0.010777827 -0.012411933 7.0814648e-08)
(-0.0056613524 -0.016665887 -1.3233056e-05)
(-0.016052039 -0.022313168 -4.3318071e-05)
(-0.0035050344 -0.011228536 -4.0410292e-06)
(-0.015974467 -0.022308771 -1.9155927e-05)
(-0.0034487161 -0.011145395 7.3905424e-06)
(-0.01087565 -0.012377872 -3.4172629e-05)
(-0.00912665 -0.0019238809 -6.9208245e-06)
(-0.0013520869 -0.001632069 6.4870901e-06)
(-0.0021357868 -0.0061121965 -1.5655931e-06)
(-0.0068285099 0.0074245881 -4.3180164e-05)
(-0.0020818678 -0.0060519849 1.3085848e-05)
(-0.00673334 0.0073476242 -9.5399378e-06)
(-0.0092333121 -0.0018711043 -3.4757905e-05)
(0.08980013 0.12481934 6.8825553e-05)
(0.016757376 0.019834102 -8.5978886e-05)
(0.077036903 0.041090118 0.00040057789)
(0.02330458 0.066374003 -7.8760778e-06)
(0.07608086 0.040942707 9.9217375e-05)
(0.02275667 0.06564405 -0.00011370008)
(0.090783304 0.12519307 0.00034115299)
(0.11325207 0.21726406 -4.4324175e-05)
(0.058983429 0.17298929 0.00015886854)
(0.037585051 0.11786048 -3.3410747e-05)
(0.15789684 0.30686283 0.00029080481)
(0.037028829 0.11691917 -0.0001052938)
(0.15729135 0.30608317 0.00012320975)
(0.11417954 0.21771461 0.00018313128)
(0.089800208 0.12481913 -6.8739913e-05)
(0.016757447 0.019834223 8.6657719e-05)
(0.077031821 0.041092824 -0.00039745146)
(0.023302138 0.066367067 9.308495e-06)
(0.076080856 0.040943008 -9.7819017e-05)
(0.022756759 0.06564368 0.00011381771)
(0.090777955 0.12518832 -0.00033927581)
(0.11325232 0.21726408 4.5231055e-05)
(0.058983602 0.17298919 -0.0001581853)
(0.037585618 0.11786086 3.4471021e-05)
(0.15789722 0.30686264 -0.00028996204)
(0.037028943 0.1169191 0.00010629518)
(0.15729146 0.30608305 -0.00012238211)
(0.11417988 0.21771514 -0.000181875)
(-0.0099601188 0.034039894 -2.1392764e-06)
(-0.0030630012 0.013645871 1.384985e-05)
(-0.0024154293 0.009792218 -8.0567907e-06)
(-0.01213201 0.043609309 1.1168841e-05)
(-0.0023725933 0.0096955079 -1.2913822e-05)
(-0.012073899 0.043383192 -3.8008294e-07)
(-0.010056875 0.034230823 7.4039615e-06)
(-0.0073307255 0.025228599 -7.7299344e-06)
(-0.0013378577 0.0024595494 9.609525e-06)
(-0.0074684439 0.01714828 -3.2805612e-05)
(-0.0016093193 0.0061072023 2.5646683e-06)
(-0.0073704238 0.017027478 -9.2998469e-06)
(-0.001565422 0.0060283406 7.9545658e-06)
(-0.007425307 0.025382251 -3.2557904e-05)
(-0.0099601522 0.034039991 2.2310388e-06)
(-0.0030629465 0.013645809 -1.3762978e-05)
(-0.0024154496 0.0097923152 8.0829058e-06)
(-0.012132061 0.04360945 -1.1011324e-05)
(-0.0023725623 0.0096956329 1.2936337e-05)
(-0.012074117 0.043383472 5.3113178e-07)
(-0.010056724 0.034231009 -7.2638553e-06)
(0.28043902 0.5267427 0.00013104278)
(0.085403836 0.28144601 -0.00013546744)
(0.19697523 0.42108992 -7.7231017e-05)
(0.17867012 0.43388775 0.00020303806)
(0.19620062 0.4205425 -0.00019252055)
(0.17762809 0.43256836 0.00011296955)
(0.28079199 0.52687071 0.00021680708)
(0.28043919 0.5267427 -0.00013069408)
(0.085403855 0.28144587 0.00013590792)
(0.19697545 0.42108969 7.7745361e-05)
(0.17867016 0.43388762 -0.00020273553)
(0.19620065 0.42054238 0.00019307512)
(0.177628 0.43256825 -0.0001126604)
(0.28079185 0.52687044 -0.00021644299)
(0.16288272 0.33032918 0.00042330051)
(0.11125818 0.27149308 0.00017817407)
(0.11011072 0.26872828 -1.2359728e-05)
(0.021346682 0.09726586 8.6021389e-05)
(0.064310442 0.20891916 -0.00038707198)
(0.063299175 0.20613522 -0.00013376056)
(0.16288254 0.33032908 -0.00042309013)
(0.11125808 0.27149307 -0.00017805274)
(0.11011077 0.26872831 1.2492444e-05)
(-0.00073116 0.0060601371 -5.8047463e-06)
(-0.0032819846 0.011808008 1.366492e-05)
(-0.0032051284 0.011629607 6.4560934e-06)
(-0.0065491883 0.01641684 1.636013e-05)
(-0.0051250841 0.014107655 -7.1720889e-06)
(-0.0050413434 0.01395846 -7.7321397e-06)
(-0.0007310261 0.0060600323 5.7774281e-06)
(-0.0032819502 0.011807987 -1.3715989e-05)
(-0.0032053725 0.011629817 -6.5797064e-06)
(-0.0065491375 0.016416847 -1.6507656e-05)
(-0.0051251712 0.014107726 7.1314935e-06)
(-0.0050415897 0.013958665 7.5829371e-06)
(-0.020638147 0.066805245 -1.2046907e-06)
(-0.0038830904 0.022756676 1.1191899e-05)
(-0.015793363 0.055663675 3.5706658e-05)
(-0.01074298 0.037600914 -4.539698e-05)
(-0.015729183 0.05549537 3.1418411e-05)
(-0.010655086 0.037373865 -2.5866722e-05)
(-0.020644986 0.066880583 -2.2540526e-06)
(0.15032078 0.24293862 -0.00027801694)
(0.13802513 0.2132261 -5.3484929e-05)
(0.37098289 0.5502857 -0.00031233383)
(0.36749455 0.54792646 -3.4247646e-05)
(0.15300994 0.24680207 -0.00047591589)
(0.21358231 0.37491034 -0.00094012301)
(0.25875852 0.50708964 0.0004763067)
(0.090607858 0.20143975 0.00010980004)
(0.44203063 0.70274298 -0.00039869279)
(0.088614297 0.19883102 0.00031393332)
(0.44152157 0.70094696 -0.00049386667)
(0.21588537 0.37925874 -0.0012635146)
(0.15032068 0.24293858 0.00027821863)
(0.13802501 0.21322605 5.3564559e-05)
(0.37098266 0.55028545 0.00031253943)
(0.36749492 0.54792634 3.4590979e-05)
(0.1530099 0.246802 0.00047601458)
(-0.0079507451 0.01493644 3.5778565e-05)
(-0.010394676 0.026093522 -3.0463556e-05)
(-0.0028960553 0.008020022 -4.2686774e-06)
(-0.021337394 0.04253296 2.291484e-05)
(-0.0028360532 0.0079204213 -1.1984367e-05)
(-0.021238776 0.042263005 2.6875232e-05)
(-0.0080636729 0.015169634 5.263599e-05)
(-0.0049871388 0.0087394102 -1.0988647e-05)
(-0.0049440987 0.0077203736 -5.1847144e-06)
(-0.014576838 0.02233473 -7.7201588e-06)
(-0.01437806 0.022152449 -9.5395674e-06)
(-0.0050761961 0.0088864307 -9.4152675e-06)
(-0.0079510157 0.014936628 -3.5940176e-05)
(-0.010395068 0.026093819 3.0301344e-05)
(-0.0028962549 0.0080201836 4.2263499e-06)
(-0.021337772 0.042533309 -2.2953375e-05)
(-0.0028360275 0.0079204999 1.1868214e-05)
(-0.021238926 0.042263252 -2.6984943e-05)
(-0.0080637861 0.015169909 -5.2726582e-05)
(-0.0049871273 0.0087394802 1.0882874e-05)
(-0.0049440861 0.007720437 5.1060677e-06)
(-0.014576846 0.022334953 7.6254889e-06)
(-0.014378489 0.022152736 9.3911798e-06)
(-0.0050763563 0.0088866183 9.3604467e-06)
(0.8288914 0.95959681 -0.00030649197)
(0.31457932 0.38573482 0.00080631774)
(0.66132229 0.80677465 -0.00038565954)
(0.57444213 0.61843625 -0.00068630358)
(0.65979249 0.8038088 -2.557504e-05)
(0.57183146 0.6134145 -9.5611113e-05)
(0.82985054 0.96115876 -0.00092207649)
(0.8288917 0.95959679 0.00030659062)
(0.31457971 0.38573487 -0.0008063252)
(0.66132211 0.80677452 0.00038585113)
(0.57444219 0.61843604 0.00068627592)
(0.65979213 0.80380865 2.5814292e-05)
(0.5718311 0.61341442 9.5504897e-05)
(0.82985046 0.96115864 0.0009222486)
(0.25631212 0.26148263 -0.00017803962)
(0.91751617 0.90208879 -9.3134605e-06)
(0.61879045 0.63663574 -0.00023450845)
(0.64527747 0.58878967 -0.0004411286)
(0.61644174 0.63466555 -7.5424634e-05)
(0.64187007 0.5857427 7.3559401e-05)
(0.26054293 0.26509646 -0.00026145585)
(0.2841536 0.23496771 0.00022768523)
(0.28032792 0.23102169 0.00039839086)
(0.23789489 0.25301319 0.00017386779)
(0.23445105 0.2486966 -2.2280563e-05)
(0.25631202 0.26148264 0.00017803084)
(0.91751614 0.90208868 8.9662475e-06)
(0.61879005 0.6366356 0.00023442856)
(0.64527656 0.58878954 0.00044115581)
(0.61644168 0.63466537 7.5319432e-05)
(0.64186904 0.5857426 -7.3483662e-05)
(0.26054282 0.26509635 0.00026147422)
(0.28415325 0.2349674 -0.00022757288)
(0.28032788 0.23102147 -0.00039810045)
(-0.010498395 0.010714623 -1.7012022e-05)
(-0.010313258 0.010533655 -1.1743105e-05)
(-0.01471047 0.0122557 6.3668095e-06)
(-0.01446064 0.012047651 1.0010391e-05)
(-0.01235791 0.01162597 -1.2611785e-05)
(-0.052133623 0.04796272 -5.236871e-06)
(-0.030399757 0.029254197 -4.7807565e-05)
(-0.034539504 0.029806369 -2.259731e-05)
(-0.030152355 0.029060938 -3.1024227e-05)
(-0.03427626 0.029588886 -1.957566e-06)
(-0.01256468 0.01179631 -1.8846126e-05)
(-0.010498418 0.010714735 1.6875031e-05)
(-0.010313419 0.010533747 1.1553672e-05)
(-0.014710521 0.012255763 -6.4556594e-06)
(-0.014460724 0.012047695 -1.0113633e-05)
(-0.012357998 0.011626024 1.2483407e-05)
(-0.052133781 0.047962841 4.8218517e-06)
(-0.030400032 0.029254458 4.7540433e-05)
(-0.034539757 0.029806537 2.2373636e-05)
(-0.03015238 0.029061042 3.0687863e-05)
(-0.034276299 0.029588953 1.6864455e-06)
(-0.012564725 0.011796396 1.8747309e-05)
(-0.045093033 0.049266196 3.7605664e-05)
(-0.013830549 0.015130942 -1.9571683e-05)
(-0.031119844 0.036680088 5.0951812e-05)
(-0.026968111 0.026583286 2.3387966e-05)
(-0.030966566 0.036444032 2.2555621e-05)
(-0.026795652 0.026352401 5.9970277e-06)
(-0.045185577 0.049410274 7.63693e-05)
(1.097121 0.8949353 0.00050855909)
(0.46271706 0.3821969 -0.0014297212)
(0.73650061 0.62372168 -0.0001647964)
(0.92443064 0.72918012 -3.9651516e-05)
(0.7339747 0.62299696 2.4115406e-05)
(0.9208178 0.72930828 0.00013357343)
(1.0983243 0.89500566 0.00030834378)
(1.0971206 0.89493523 -0.00050837423)
(0.46271702 0.38219668 0.0014301276)
(0.73649984 0.62372142 0.00016500635)
(0.92443068 0.7291796 3.9797656e-05)
(0.73397404 0.62299674 -2.3783628e-05)
(0.9208169 0.72930794 -0.00013312095)
(1.0983236 0.89500565 -0.00030813523)
(0.4506401 0.24829427 -0.001201153)
(0.67489136 0.31080797 0.00061056246)
(0.22676486 0.093644455 -0.00020415924)
(1.0266945 0.60185741 -0.00099457444)
(0.22394229 0.09165381 0.00021853982)
(1.0222186 0.60085526 -0.00035412502)
(0.45679994 0.25123872 -0.0019179121)
(0.26498294 0.15479066 -0.00040068796)
(0.23661102 0.15542333 -0.00011130947)
(0.65415718 0.43905347 -0.00085823331)
(0.64925547 0.43491849 -0.00088495662)
(0.26959344 0.15792364 -0.00036343303)
(0.45063968 0.24829443 0.0012011463)
(0.67489113 0.31080776 -0.00060998398)
(0.2267648 0.09364445 0.00020421261)
(1.0266922 0.60185696 0.00099433638)
(0.22394222 0.091653777 -0.00021830442)
(1.0222187 0.60085511 0.00035435391)
(0.4567994 0.25123893 0.0019177826)
(0.43739976 0.18922191 -0.00032225157)
(0.35267107 0.13260901 -0.0001864998)
(0.34913339 0.13082792 0.00012269909)
(0.13426618 0.020043837 8.9227933e-05)
(0.28076915 0.081325242 -0.00038124092)
(0.27669392 0.079690782 -2.951182e-05)
(0.43739957 0.18922184 0.00032279535)
(0.35267086 0.13260885 0.00018675655)
(0.34913341 0.13082789 -0.00012231107)
(0.13426628 0.020043847 -8.8852938e-05)
(0.28076873 0.081325198 0.00038153545)
(0.27669385 0.079690817 2.9976057e-05)
(0.015213483 0.001421494 -1.6073557e-05)
(0.013307898 -0.00019504214 -4.5066141e-05)
(0.01309903 -0.00013555617 1.3108858e-05)
(-0.0032523936 0.0067815498 -1.4065153e-05)
(0.0044516972 0.0018954527 -0.00010757043)
(0.0043916189 0.0019460916 -2.7711268e-05)
(0.015213398 0.0014214922 1.6028399e-05)
(0.013307731 -0.00019500118 4.4968036e-05)
(0.013099167 -0.00013556895 -1.3211746e-05)
(-0.0032524905 0.0067815567 1.4098464e-05)
(0.0044514978 0.0018954266 0.00010753917)
(0.0043916678 0.0019461227 2.7633121e-05)
(-0.013021731 0.0094864454 8.7292998e-06)
(-0.012930813 0.0084767407 3.547143e-06)
(-0.032786224 0.023890764 -2.9600214e-06)
(-0.032609762 0.023697148 7.6859103e-06)
(-0.013233692 0.0096743463 1.258607e-05)
(-0.017392677 0.012187065 -7.1890342e-05)
(-0.0043468038 0.010943028 -1.9282811e-05)
(-0.0067311965 0.0052287105 -3.2283002e-05)
(0.0014163486 0.019986624 -0.00019026304)
(-0.0066345822 0.0051046912 7.8012328e-07)
(0.0010356376 0.020026163 -6.1741174e-05)
(-0.017578046 0.012339564 -0.00013135799)
(-0.013021722 0.0094864546 -8.7349643e-06)
(-0.012930804 0.0084767538 -3.5933349e-06)
(-0.032786223 0.023890804 2.8903138e-06)
(-0.032609835 0.023697176 -7.76722e-06)
(-0.013233702 0.0096743545 -1.2580844e-05)
(-0.017392665 0.012187068 7.1926885e-05)
(-0.0043467403 0.010943034 1.9367574e-05)
(-0.0067311685 0.005228715 3.2304426e-05)
(0.0014163712 0.019986649 0.00019031916)
(-0.0066345899 0.0051046972 -7.4824575e-07)
(0.0010355965 0.020026181 6.180957e-05)
(-0.01757808 0.012339572 0.00013138353)
(-0.051663751 0.048721174 2.3393435e-05)
(-0.024269686 0.018513013 7.0760955e-05)
(-0.03806559 0.032325117 9.8116769e-06)
(-0.042922199 0.036772374 3.2029578e-05)
(-0.037732136 0.032107373 -2.3243804e-06)
(-0.042831918 0.036742027 -5.1906467e-07)
(-0.051656227 0.048795006 6.6166169e-05)
(1.2030107 0.46535826 -0.00016049159)
(0.48186772 0.099396583 3.3199189e-05)
(0.78415242 0.27133233 -0.0010044132)
(1.0145004 0.3131209 0.00013879227)
(0.78028156 0.26940167 -0.00038170268)
(1.0122718 0.31220436 0.0005606945)
(1.2035861 0.46520151 -0.00066348503)
(1.203008 0.46535808 0.00016162451)
(0.48186794 0.099396714 -3.2112063e-05)
(0.78415191 0.27133236 0.0010050165)
(1.0145002 0.31312065 -0.00013809588)
(0.78028176 0.26940165 0.00038269837)
(1.0122712 0.31220439 -0.00055887276)
(1.2035845 0.46520109 0.00066429353)
(0.59187925 0.10356564 0.00013291168)
(0.14412077 0.01387377 0.00013127259)
(0.18478485 0.025687955 4.9559706e-05)
(0.50969465 0.06892657 5.2131364e-05)
(0.18256717 0.025250353 0.00013571361)
(0.50664139 0.068059479 0.00022778588)
(0.59511156 0.10461701 -0.00013482846)
(0.68906458 0.15982397 -0.00034474885)
(0.29994643 0.064891995 0.00043162854)
(0.23317651 0.045281143 -8.0330267e-06)
(0.83777846 0.23092064 0.00023459344)
(0.2309342 0.044922297 -0.00015117944)
(0.83418408 0.23040213 -0.00014221329)
(0.69255708 0.16089166 -0.00012727512)
(0.59187732 0.10356473 -0.00012739463)
(0.14412046 0.013874096 -0.00013610083)
(0.18475547 0.025682265 -4.6808606e-05)
(0.50967321 0.068924791 -5.7842304e-05)
(0.18256604 0.025249763 -0.0001311642)
(0.50664081 0.068060047 -0.00023255977)
(0.59508157 0.10460535 0.00013882857)
(0.32163786 0.0029897526 9.6962553e-06)
(0.062693003 -0.0016386456 7.3774513e-05)
(0.072755831 -0.0034633029 -0.0001234389)
(0.30251251 0.003644471 -0.00019363971)
(0.071829976 -0.0034502142 -1.5201725e-05)
(0.30033622 0.0033377792 1.0435795e-05)
(0.32396034 0.0032699481 -0.00026857168)
(0.37239775 0.020751699 -0.00015433977)
(0.11374364 0.0037774294 -2.6291613e-05)
(0.090589561 -5.4329715e-05 2.4676221e-05)
(0.43585723 0.034847931 0.00023195054)
(0.089468394 -2.8136721e-05 -7.7122722e-05)
(0.43322862 0.03424297 -2.4580701e-05)
(0.37490203 0.021237751 4.8916019e-05)
(0.32163725 0.0029897436 -1.0505614e-05)
(0.062692899 -0.0016386459 -7.4024833e-05)
(0.072755373 -0.0034631756 0.0001230724)
(0.30251147 0.0036444295 0.00019318502)
(0.071829974 -0.0034502187 1.4758729e-05)
(0.30033599 0.003337737 -1.0963514e-05)
(0.32395974 0.0032700235 0.00026797557)
(0.28377476 0.0011903376 8.1083476e-05)
(0.077029403 0.0030911317 6.8858511e-05)
(0.099611017 -0.0029353591 -6.5441124e-06)
(0.29344676 -0.0014649261 0.00041058869)
(0.098586702 -0.0029828739 -5.5655818e-05)
(0.29203681 -0.0015885168 0.00016821384)
(0.28437664 0.001368599 0.00024581768)
(1.9830305 -0.65092262 7.7056829e-06)
(1.9356684 -0.72991461 -1.9262964e-05)
(1.9175335 -0.64186997 -4.1199209e-05)
(1.952052 -0.75008304 -1.1484076e-05)
(1.9830307 -0.65092299 -6.9443805e-06)
(1.9356704 -0.72991443 1.9646319e-05)
(1.9175342 -0.6418703 4.0920903e-05)
(1.9556717 -0.48941584 -1.4737781e-05)
(1.8481942 -0.53061546 -8.0143187e-05)
(1.7457015 -0.42218124 -0.00011043095)
(1.9824316 -0.58809575 -6.2272847e-06)
(1.9556709 -0.48941588 1.4209928e-05)
(1.8481928 -0.53061541 7.979421e-05)
(1.7457009 -0.42218101 0.00011041753)
(1.8517751 -0.33868942 -3.543664e-05)
(1.6345226 -0.32154427 -0.00012612791)
(1.4970351 -0.23712463 -0.00012656422)
(1.9023298 -0.41947223 3.1301881e-05)
(1.8517756 -0.33868932 3.6058531e-05)
(1.6345229 -0.32154421 0.00012673328)
(1.4970354 -0.23712461 0.000127462)
(1.7531415 -0.22473887 -3.5792908e-05)
(1.4212813 -0.17759889 -0.0001043055)
(1.2216072 -0.11628452 -8.9446034e-05)
(1.7468547 -0.27858197 3.3792291e-05)
(1.7531424 -0.22473882 3.6595582e-05)
(1.4212818 -0.17759886 0.00010546984)
(1.221608 -0.11628461 9.0627902e-05)
(1.7543006 -0.96949707 -0.00010225712)
(1.6270636 -1.0361983 -0.00013332477)
(1.6626749 -1.010127 -0.00022046448)
(1.6706094 -1.0279534 4.9847626e-05)
(1.7543002 -0.96949713 0.00010258601)
(1.6270641 -1.0361983 0.00013328265)
(1.6626745 -1.0101273 0.00022069706)
(0.59336038 0.0029339501 -2.2456584e-05)
(0.22211879 -0.01819185 -6.620929e-05)
(0.22283988 -0.012860038 -2.008651e-05)
(0.56793077 -0.0077154845 5.3916985e-05)
(0.59336126 0.0029338351 2.1593724e-05)
(0.22211941 -0.01819182 6.4670638e-05)
(0.22284005 -0.012860055 1.86837e-05)
(1.4617817 -1.1211082 -0.00018078074)
(1.2841137 -1.1080897 -4.2243819e-06)
(1.2791598 -1.1210536 -0.0004597805)
(1.3773965 -1.07806 -3.7451837e-05)
(1.4617816 -1.1211084 0.00018107338)
(1.284114 -1.1080897 4.1840636e-06)
(1.2791597 -1.1210536 0.00046003106)
(0.74535169 -0.4446717 8.5254433e-05)
(1.3866829 -0.91619249 -0.00015741544)
(1.2227743 -0.73555748 0.00012892764)
(1.1702019 -0.77101968 -0.00045280874)
(1.2207244 -0.73453578 0.00067087452)
(1.1683111 -0.76885253 -8.9641843e-05)
(0.74990683 -0.44698249 -0.00027717972)
(0.09455688 -0.051211086 3.9350554e-06)
(-0.036656645 -0.078487426 -2.5346589e-05)
(-0.016581025 -0.079239997 -2.7003558e-06)
(0.055560444 -0.054461508 1.1433103e-05)
(0.094556948 -0.051211073 -4.36526e-06)
(-0.03665659 -0.078487386 2.5004948e-05)
(-0.016580993 -0.079239953 2.5317374e-06)
(1.1082285 -1.0385284 3.8935558e-05)
(0.96807412 -0.88241255 2.23483e-05)
(0.94975995 -1.0373045 -4.2682715e-05)
(1.0836504 -0.88014363 9.7176962e-06)
(1.1082285 -1.0385284 -3.8903788e-05)
(0.96807417 -0.88241256 -2.2387955e-05)
(0.9497598 -1.0373046 4.269156e-05)
(-0.033318332 -0.083942297 2.1865114e-06)
(-0.065852397 -0.10501219 3.4386094e-07)
(-0.060475588 -0.092358623 4.5742919e-06)
(-0.047215657 -0.096610649 1.2007595e-06)
(-0.033318345 -0.083942291 -2.2085828e-06)
(-0.065852432 -0.1050122 -3.200789e-07)
(-0.060475541 -0.092358627 -4.5951517e-06)
(0.37740965 -0.58364781 -0.00035865609)
(0.70272454 -0.9748405 0.00020335414)
(0.59943353 -0.84374988 -0.0001204743)
(0.58329394 -0.86371349 -0.00036567207)
(0.59753505 -0.84221918 0.00012984528)
(0.58250534 -0.86224828 -0.00021296776)
(0.37934381 -0.58758086 -0.00059500693)
(0.64672282 -0.54424882 -3.7066736e-05)
(0.67732179 -0.35065451 -8.4321263e-06)
(0.55587271 -0.41358788 -1.839722e-05)
(0.76878235 -0.43040211 1.1256003e-05)
(0.64672283 -0.54424882 3.7058491e-05)
(0.67732179 -0.35065451 8.4342412e-06)
(0.55587269 -0.41358787 1.8413415e-05)
(-0.036186102 -0.059138958 -2.9282504e-06)
(-0.032502439 -0.061771099 1.8473045e-05)
(-0.045680906 -0.07015268 3.8493921e-05)
(-0.025210249 -0.052315918 4.8205552e-06)
(-0.045659187 -0.070160352 2.0344362e-05)
(-0.025112532 -0.052197743 -1.0223569e-05)
(-0.03623958 -0.059161412 1.5245014e-05)
(-0.11107631 -0.006562536 -2.4917317e-06)
(-0.073545584 -0.0042308823 1.9617787e-06)
(-0.10193369 0.020193845 3.0281901e-08)
(-0.081773574 -0.032692212 1.3183351e-06)
(-0.11107632 -0.0065625356 2.4300335e-06)
(-0.073545631 -0.0042308671 -2.0432741e-06)
(-0.10193362 0.020193858 -8.7026383e-08)
(0.48629362 -0.25378227 -1.9637235e-06)
(0.60150803 -0.085043941 -5.9540817e-07)
(0.44627605 -0.095233353 1.3263198e-05)
(0.63578431 -0.20085752 1.2307249e-05)
(0.48629363 -0.25378226 2.001185e-06)
(0.60150804 -0.085043939 6.1184358e-07)
(0.44627607 -0.095233342 -1.3192693e-05)
(-0.10138261 0.052359973 3.7393896e-07)
(-0.059142255 0.059492307 5.2681367e-06)
(-0.091255953 0.084523468 1.7538598e-06)
(-0.065918587 0.026901177 -4.6128559e-06)
(-0.10138263 0.052359979 -4.3989979e-07)
(-0.059142323 0.059492328 -5.2445788e-06)
(-0.091255904 0.084523505 -1.7408665e-06)
(0.44710458 0.089354022 1.3240949e-05)
(0.6361718 0.19667228 -1.2336067e-05)
(0.48689637 0.24838352 -1.8787448e-06)
(0.60344834 0.080620319 8.8935553e-07)
(0.4471046 0.089354034 -1.3155163e-05)
(0.63617183 0.19667228 1.2359125e-05)
(0.48689642 0.24838352 1.9822003e-06)
(-0.088514836 0.11693907 5.728111e-07)
(-0.0548293 0.1199514 2.0084895e-06)
(-0.080652193 0.14496666 4.9658386e-07)
(-0.055800508 0.09132045 -4.0890554e-06)
(-0.088514871 0.11693909 -5.1017884e-07)
(-0.054829361 0.11995143 -1.8015651e-06)
(-0.080652203 0.1449667 -3.5874498e-07)
(0.55860967 0.40915129 -1.8347308e-05)
(0.77235295 0.42722448 -1.0858883e-05)
(0.64965126 0.54132059 -3.6697858e-05)
(0.68172253 0.34733774 8.7047689e-06)
(0.55860969 0.40915126 1.8413252e-05)
(0.77235295 0.42722447 1.0865749e-05)
(0.64965129 0.54132057 3.6704914e-05)
(-0.076073759 0.16829047 -1.132999e-07)
(-0.055743464 0.15959505 -8.0445003e-07)
(-0.068618244 0.18475199 1.488894e-06)
(-0.05481832 0.14417655 5.499199e-07)
(-0.076073797 0.16829048 3.0803635e-07)
(-0.055743527 0.15959506 1.1326955e-06)
(-0.068618297 0.184752 -1.2848156e-06)
(0.95465223 1.0382675 -3.0332686e-05)
(1.0918944 0.88174634 4.772333e-06)
(1.1149072 1.0419465 6.879659e-05)
(0.97593105 0.88405732 -2.9595616e-05)
(0.95465277 1.0382673 3.0201755e-05)
(1.0918948 0.88174624 -4.6762056e-06)
(1.1149076 1.0419465 -6.912702e-05)
(-0.054722351 0.1358912 -6.5013553e-06)
(-0.060484956 0.095985511 -2.481552e-06)
(-0.044418541 0.12650866 -7.6438961e-08)
(-0.059672537 0.10356331 1.2783051e-05)
(-0.054722356 0.13589121 6.7047815e-06)
(-0.060484934 0.095985524 2.5201238e-06)
(-0.044418589 0.12650866 1.7316444e-07)
(1.2823566 1.1248669 -0.00046890789)
(1.3860146 1.0861312 7.2738501e-05)
(1.4666818 1.127361 -0.00018700796)
(1.291047 1.1139051 8.3487893e-06)
(1.2823565 1.1248667 0.00046907201)
(1.3860148 1.0861312 -7.2363717e-05)
(1.4666826 1.1273609 0.00018666456)
(-0.057684079 0.066657053 -1.0381423e-05)
(-0.0076782962 0.048845208 -1.3365677e-05)
(0.015519257 0.054514845 -2.2999861e-06)
(-0.064675528 0.062898069 3.57703e-05)
(-0.057684064 0.066657083 1.0146595e-05)
(-0.0076782959 0.048845251 1.2968293e-05)
(0.015519254 0.054514865 2.0082151e-06)
(1.6629903 1.0202339 -0.00021629287)
(1.6774139 1.0408474 -5.5710531e-05)
(1.7599639 0.98537604 -9.5358585e-05)
(1.6377126 1.0448095 0.00014589834)
(1.6629894 1.0202338 0.00021651533)
(1.6774129 1.0408482 5.6205134e-05)
(1.7599661 0.98537611 9.5265866e-05)
(1.3140358 0.569133 0.0001618381)
(1.1022065 0.51616338 -0.00075019689)
(0.93552276 0.39167483 -0.00086174233)
(1.4280254 0.68586836 -0.00047857085)
(0.93319564 0.39076423 -0.00029638735)
(1.4283764 0.6869928 -9.1903886e-05)
(1.3141402 0.56824958 -0.0002325843)
(0.13138882 0.030691995 -1.1848451e-05)
(0.44885241 0.036774854 -4.2325391e-05)
(0.46306577 0.028392205 -1.3387428e-05)
(0.13386446 0.039726371 4.6468388e-05)
(0.13138871 0.030692034 1.1549311e-05)
(0.44885225 0.036774853 4.2151643e-05)
(0.46306568 0.028392224 1.3158265e-05)
(1.9008628 0.66668731 -4.199044e-05)
(1.9517434 0.77388512 1.0785856e-05)
(1.978269 0.68137068 6.7553704e-06)
(1.9268406 0.75402966 1.966557e-05)
(1.9008602 0.6666877 4.2843635e-05)
(1.9517416 0.77388535 -1.0673222e-05)
(1.9782696 0.68137081 -5.6947313e-06)
(1.7042047 0.44508393 -0.00011151665)
(1.9714301 0.61927148 4.3086785e-06)
(1.9348494 0.52527485 -1.6779192e-05)
(1.819984 0.55406271 8.2673047e-05)
(1.7042063 0.44508402 0.00011317023)
(1.9714329 0.61927111 -2.8609352e-06)
(1.9348515 0.52527466 1.7628e-05)
(1.4259275 0.26154994 -0.00012709972)
(1.8731175 0.455993 -3.4270104e-05)
(1.8093177 0.37883521 -3.9811843e-05)
(1.5783797 0.34510314 0.00012822515)
(1.4259273 0.26154985 0.00012705714)
(1.8731178 0.4559932 3.4586929e-05)
(1.8093177 0.3788355 3.9935443e-05)
(1.1214471 0.14353615 -9.1333598e-05)
(1.694927 0.31962727 -3.8488446e-05)
(1.6881635 0.26890505 -4.1346488e-05)
(1.3378904 0.20550779 0.00010500484)
(1.1214456 0.14353598 9.0873218e-05)
(1.6949271 0.31962753 3.8307003e-05)
(1.6881627 0.26890517 4.0963249e-05)
(1.3401473 -0.56967514 0.0001753714)
(1.1235696 -0.51971532 -0.00072950568)
(1.4475417 -0.68503645 -0.00048647195)
(0.96080202 -0.39744125 -0.00080791279)
(1.4478673 -0.6861588 -9.5870542e-05)
(0.9584474 -0.39661878 -0.0002556385)
(1.3402678 -0.56878341 -0.00022356776)
(1.3401477 -0.56967544 -0.00017483555)
(1.1235693 -0.5197154 0.00072931973)
(1.4475425 -0.68503772 0.00048705857)
(0.96080048 -0.39744134 0.00080819213)
(1.4478679 -0.68615936 9.6399951e-05)
(0.95844782 -0.39661896 0.00025597038)
(1.3402713 -0.56878381 0.0002235782)
(0.32084989 0.015650378 -3.9169177e-05)
(0.1186896 0.018792142 0.00022219578)
(0.31168778 0.014235015 -0.00063620149)
(0.13151075 0.014959599 -3.3597277e-05)
(0.31104643 0.014730192 -0.00035889817)
(0.13059457 0.014917669 3.9945413e-05)
(0.32155354 0.015557691 -0.00020304525)
(0.32085129 0.015650411 3.936954e-05)
(0.11869004 0.018792293 -0.00022285322)
(0.31169036 0.01423519 0.00063585851)
(0.13151262 0.01495989 3.3626407e-05)
(0.3110478 0.014730256 0.00035839971)
(0.13059556 0.014917768 -3.999249e-05)
(0.32155653 0.015557841 0.00020325133)
(0.74535154 -0.4446718 -8.4763715e-05)
(1.3866828 -0.91619283 0.00015795878)
(1.2227745 -0.73555782 -0.00012830711)
(1.1702019 -0.77101996 0.00045308219)
(1.2207247 -0.73453588 -0.00066984065)
(1.168311 -0.76885278 8.9936842e-05)
(0.74990703 -0.44698286 0.00027747104)
(-0.0088363877 -0.014022797 -2.5151859e-05)
(0.046383799 -0.018307089 -0.00022541751)
(0.038647477 -0.0096151709 -0.00026927898)
(-0.0066337148 -0.019711398 -3.8702337e-05)
(0.038058329 -0.009608136 -7.2835993e-05)
(-0.0068623879 -0.019505745 3.1734567e-05)
(-0.0088495514 -0.014127773 -7.0256016e-05)
(-0.0088362832 -0.01402273 2.4360861e-05)
(0.046384022 -0.018306983 0.00022397778)
(0.038648111 -0.0096149853 0.00026804815)
(-0.0066334034 -0.019711282 3.7725703e-05)
(0.038058702 -0.0096080194 7.1508659e-05)
(-0.0068621799 -0.019505676 -3.2766514e-05)
(-0.008849232 -0.014127674 6.9528769e-05)
(0.37740957 -0.58364767 0.0003586644)
(0.70272405 -0.97484038 -0.00020331364)
(0.59943325 -0.84374977 0.00012053973)
(0.58329408 -0.86371333 0.00036571404)
(0.59753558 -0.84221909 -0.00012986503)
(0.58250532 -0.86224825 0.00021302094)
(0.37934371 -0.58758065 0.0005950148)
(-0.030540477 -0.05103391 -2.2834711e-05)
(-0.060483027 -0.094346586 -2.7235079e-06)
(-0.047524586 -0.074819627 2.4169716e-05)
(-0.048374482 -0.081153037 -3.0198792e-05)
(-0.047350516 -0.074644953 1.8273949e-05)
(-0.048275807 -0.080969182 -3.2802916e-05)
(-0.030725269 -0.051408279 -3.1471485e-05)
(-0.030540089 -0.051033701 2.2935214e-05)
(-0.060482316 -0.094346337 2.7907231e-06)
(-0.047524102 -0.074819337 -2.4119488e-05)
(-0.048373942 -0.081152786 3.0233778e-05)
(-0.047350832 -0.074645028 -1.8111593e-05)
(-0.048276074 -0.080969281 3.2788196e-05)
(-0.030725207 -0.05140822 3.1519573e-05)
(0.35837226 -0.63209383 -0.00012839052)
(0.34655856 -0.62689092 4.1460681e-05)
(0.45052526 -0.71732769 -2.9233219e-05)
(0.2608404 -0.54059076 -0.00012325459)
(0.45030234 -0.71723875 2.6913732e-05)
(0.25989976 -0.53912176 -0.00012016777)
(0.35877383 -0.63239324 -0.00011976651)
(0.35837224 -0.63209372 0.00012847062)
(0.34655808 -0.62689068 -4.1421676e-05)
(0.45052495 -0.71732751 2.9339405e-05)
(0.26084015 -0.54059053 0.00012337333)
(0.45030253 -0.71723879 -2.6863536e-05)
(0.25989977 -0.53912169 0.00012025512)
(0.35877377 -0.63239314 0.0001198268)
(-0.036185635 -0.059138623 3.1504614e-06)
(-0.032502024 -0.061770729 -1.8314375e-05)
(-0.045680646 -0.070152417 -3.8406436e-05)
(-0.025210237 -0.052315776 -4.6769578e-06)
(-0.045659401 -0.070160455 -2.0233768e-05)
(-0.025112657 -0.052197804 1.0467332e-05)
(-0.036239557 -0.059161387 -1.5132927e-05)
(0.35813014 0.62549302 -0.00012854409)
(0.34491785 0.62094732 5.1186101e-05)
(0.25912528 0.53378279 -0.0001110312)
(0.45017194 0.71169277 -2.2704236e-05)
(0.25817354 0.53233314 -0.00011458242)
(0.44996063 0.71161393 2.785718e-05)
(0.35852304 0.62578109 -0.00011865244)
(0.35813001 0.62549289 0.00012875153)
(0.344918 0.62094731 -5.0954387e-05)
(0.25912519 0.53378262 0.00011121274)
(0.45017188 0.71169267 2.2799118e-05)
(0.2581734 0.53233308 0.00011482581)
(0.44996035 0.71161379 -2.7715929e-05)
(0.35852285 0.62578087 0.0001188715)
(-0.026338919 0.074890791 -1.6674726e-05)
(-0.021242624 0.05101581 6.5591915e-05)
(-0.015955266 0.044865277 2.1989277e-05)
(-0.031625036 0.083283411 -8.8300554e-05)
(-0.015876723 0.044687938 1.3218475e-05)
(-0.031720821 0.083209503 -5.7229923e-05)
(-0.026334515 0.075009403 -3.0693716e-05)
(-0.026339483 0.074891206 1.6723439e-05)
(-0.021243407 0.051016339 -6.5628884e-05)
(-0.015955722 0.044865604 -2.2052519e-05)
(-0.031625644 0.083283832 8.840798e-05)
(-0.015876565 0.04468795 -1.3333011e-05)
(-0.031720533 0.083209446 5.7382727e-05)
(-0.026334739 0.075009684 3.0868414e-05)
(0.37603699 0.58068017 -0.00035830752)
(0.70330681 0.9730425 0.00020493043)
(0.58331019 0.86090593 -0.00036247535)
(0.5988728 0.84165458 -0.00011029509)
(0.58251174 0.85943673 -0.00021198478)
(0.59697271 0.84012806 0.00013669814)
(0.37796955 0.58459041 -0.00058598316)
(0.37603677 0.58068018 0.00035848099)
(0.70330699 0.9730425 -0.00020493772)
(0.5833102 0.86090577 0.00036252944)
(0.59887251 0.8416544 0.0001104565)
(0.58251188 0.85943659 0.00021197905)
(0.59697195 0.84012803 -0.00013639464)
(0.37796917 0.58459037 0.00058618645)
(-0.015034245 0.025658662 -1.4053349e-05)
(-0.041352529 0.067154858 -2.8285979e-05)
(-0.030393136 0.054112911 -6.7837094e-05)
(-0.029606568 0.043910652 3.5585474e-05)
(-0.030301086 0.053874371 -3.232155e-05)
(-0.029470101 0.043731099 3.0411765e-05)
(-0.015129567 0.02585973 -1.1975676e-05)
(-0.015034602 0.025658945 1.3848411e-05)
(-0.041353038 0.067155128 2.8278585e-05)
(-0.030393624 0.054113371 6.7782865e-05)
(-0.029607017 0.043911115 -3.5649848e-05)
(-0.030301015 0.05387445 3.2273664e-05)
(-0.029469943 0.043731184 -3.0539355e-05)
(-0.015129686 0.025860031 1.1875374e-05)
(0.7362413 0.44084588 8.0501557e-05)
(1.3807508 0.91850598 -0.00015515778)
(1.1627938 0.76979565 -0.00044441611)
(1.212475 0.73515384 0.0001363449)
(1.1608526 0.76756864 -8.1062153e-05)
(1.2104035 0.73409736 0.00066856609)
(0.74073404 0.44316447 -0.00029285025)
(0.73624087 0.44084601 -8.1058189e-05)
(1.3807499 0.91850536 0.00015461353)
(1.1627931 0.76979489 0.00044430686)
(1.2124723 0.73515348 -0.00013686679)
(1.160853 0.76756807 8.0892742e-05)
(1.2104009 0.73409716 -0.00066912893)
(0.74073415 0.44316443 0.00029261371)
(-0.026159981 0.022061681 -3.2009092e-06)
(0.00046303264 0.03630686 -0.00014857387)
(-0.033150933 0.031504329 -1.5007298e-05)
(0.00071581099 0.025421193 -0.00017544063)
(-0.033258653 0.031295399 3.5053906e-05)
(0.00033656648 0.025375454 -2.9272203e-05)
(-0.026322164 0.022206146 -3.2604023e-05)
(-0.026160001 0.022061701 3.2190356e-06)
(0.00046302905 0.03630691 0.00014849251)
(-0.033150954 0.031504384 1.4940646e-05)
(0.00071576601 0.025421224 0.00017544248)
(-0.033258662 0.031295417 -3.5148917e-05)
(0.00033654118 0.025375472 2.9283164e-05)
(-0.026322156 0.022206141 3.2614013e-05)
(1.314035 0.5691326 -0.00016175033)
(1.102206 0.51616327 0.00075042548)
(0.93552138 0.39167452 0.00086203681)
(1.4280237 0.68586741 0.00047851637)
(0.93319492 0.39076395 0.0002968065)
(1.4283759 0.68699196 9.1865134e-05)
(1.3141377 0.56824891 0.00023303647)
(0.25300147 0.00076940129 -5.6951644e-05)
(0.074619139 -0.0043903556 0.00016539762)
(0.089391689 -0.0037907733 -5.3144147e-05)
(0.23845262 0.005773641 -0.00061133262)
(0.088632524 -0.0037751537 2.7509591e-05)
(0.23788794 0.005339346 -0.00034731683)
(0.25369135 0.00087843476 -0.00022228167)
(0.25300117 0.000769334 5.6587971e-05)
(0.074619397 -0.0043903634 -0.00016544722)
(0.089391461 -0.0037907353 5.2902267e-05)
(0.2384523 0.0057736169 0.0006111258)
(0.088632414 -0.0037751747 -2.7705366e-05)
(0.23788756 0.0053393137 0.00034710402)
(0.25369104 0.00087843132 0.00022204724)
)
;

boundaryField
{
    inlet
    {
        type            codedFixedValue;
        value           nonuniform List<vector> 
41
(
(0.072278406 0 0)
(0.21148126 0 0)
(0.34354551 0 0)
(0.46847115 0 0)
(0.58625818 0 0)
(0.6969066 0 0)
(0.80041642 0 0)
(0.89678763 0 0)
(0.98602023 0 0)
(1.0681142 0 0)
(1.1430696 0 0)
(1.2108864 0 0)
(1.2715645 0 0)
(1.3251041 0 0)
(1.3715051 0 0)
(1.4107674 0 0)
(1.4428911 0 0)
(1.4678763 0 0)
(1.4857228 0 0)
(1.4964307 0 0)
(1.5 0 0)
(1.4964307 0 0)
(1.4857228 0 0)
(1.4678763 0 0)
(1.4428911 0 0)
(1.4107674 0 0)
(1.3715051 0 0)
(1.3251041 0 0)
(1.2715645 0 0)
(1.2108864 0 0)
(1.1430696 0 0)
(1.0681142 0 0)
(0.98602023 0 0)
(0.89678763 0 0)
(0.80041642 0 0)
(0.6969066 0 0)
(0.58625818 0 0)
(0.46847115 0 0)
(0.34354551 0 0)
(0.21148126 0 0)
(0.072278406 0 0)
)
;
        name            parabolicInlet;
        code            #{
            const scalar H = 0.41;
            const scalar Um = 1.5;

            const fvPatch& boundaryPatch = patch();
            vectorField& field = *this;

            forAll(field, i)
            {
                const scalar y = boundaryPatch.Cf()[i].y();
                const scalar ux = 4.0*Um*y*(H - y)/(H*H);
                field[i] = vector(ux, 0, 0);
            }
        #};
    }
    outlet
    {
        type            zeroGradient;
    }
    walls
    {
        type            noSlip;
    }
    frontAndBack
    {
        type            zeroGradient;
    }
    cylinder
    {
        type            noSlip;
    }
}


// ************************************************************************* //
