/*--------------------------------*- C++ -*----------------------------------*\
  =========                 |
  \\      /  F ield         | OpenFOAM: The Open Source CFD Toolbox
   \\    /   O peration     | Website:  https://openfoam.org
    \\  /    A nd           | Version:  12
     \\/     M anipulation  |
\*---------------------------------------------------------------------------*/
FoamFile
{
    format      ascii;
    class       labelList;
    note        "nPoints: 56875 nCells: 51840 nFaces: 160416 nInternalFaces: 150624";
    location    "constant/polyMesh";
    object      neighbour;
}
// * * * * * * * * * * * * * * * * * * * * * * * * * * * * * * * * * * * * * //


150624
(
1
90
2160
2
91
2161
3
92
2162
4
93
2163
5
94
2164
6
95
2165
7
96
2166
8
97
2167
9
98
2168
10
99
2169
11
100
2170
12
101
2171
13
102
2172
14
103
2173
15
104
2174
16
105
2175
17
106
2176
18
107
2177
19
108
2178
20
109
2179
21
110
2180
22
111
2181
23
112
2182
24
113
2183
25
114
2184
26
115
2185
27
116
2186
28
117
2187
29
118
2188
30
119
2189
31
120
2190
32
121
2191
33
122
2192
34
123
2193
35
124
2194
36
125
2195
37
126
2196
38
127
2197
39
128
2198
40
129
2199
41
130
2200
42
131
2201
43
132
2202
44
133
2203
45
134
2204
46
135
2205
47
136
2206
48
137
2207
49
138
2208
50
139
2209
51
140
2210
52
141
2211
53
142
2212
54
143
2213
55
144
2214
56
145
2215
57
146
2216
58
147
2217
59
148
2218
60
149
2219
61
150
2220
62
151
2221
63
152
2222
64
153
2223
65
154
2224
66
155
2225
67
156
2226
68
157
2227
69
158
2228
70
159
2229
71
160
2230
72
161
2231
73
162
2232
74
163
2233
75
164
2234
76
165
2235
77
166
2236
78
167
2237
79
168
2238
80
169
2239
81
170
2240
82
171
2241
83
172
2242
84
173
2243
85
174
2244
86
175
2245
87
176
2246
88
177
2247
89
178
2248
179
2249
91
180
2250
92
181
2251
93
182
2252
94
183
2253
95
184
2254
96
185
2255
97
186
2256
98
187
2257
99
188
2258
100
189
2259
101
190
2260
102
191
2261
103
192
2262
104
193
2263
105
194
2264
106
195
2265
107
196
2266
108
197
2267
109
198
2268
110
199
2269
111
200
2270
112
201
2271
113
202
2272
114
203
2273
115
204
2274
116
205
2275
117
206
2276
118
207
2277
119
208
2278
120
209
2279
121
210
2280
122
211
2281
123
212
2282
124
213
2283
125
214
2284
126
215
2285
127
216
2286
128
217
2287
129
218
2288
130
219
2289
131
220
2290
132
221
2291
133
222
2292
134
223
2293
135
224
2294
136
225
2295
137
226
2296
138
227
2297
139
228
2298
140
229
2299
141
230
2300
142
231
2301
143
232
2302
144
233
2303
145
234
2304
146
235
2305
147
236
2306
148
237
2307
149
238
2308
150
239
2309
151
240
2310
152
241
2311
153
242
2312
154
243
2313
155
244
2314
156
245
2315
157
246
2316
158
247
2317
159
248
2318
160
249
2319
161
250
2320
162
251
2321
163
252
2322
164
253
2323
165
254
2324
166
255
2325
167
256
2326
168
257
2327
169
258
2328
170
259
2329
171
260
2330
172
261
2331
173
262
2332
174
263
2333
175
264
2334
176
265
2335
177
266
2336
178
267
2337
179
268
2338
269
2339
181
270
2340
182
271
2341
183
272
2342
184
273
2343
185
274
2344
186
275
2345
187
276
2346
188
277
2347
189
278
2348
190
279
2349
191
280
2350
192
281
2351
193
282
2352
194
283
2353
195
284
2354
196
285
2355
197
286
2356
198
287
2357
199
288
2358
200
289
2359
201
290
2360
202
291
2361
203
292
2362
204
293
2363
205
294
2364
206
295
2365
207
296
2366
208
297
2367
209
298
2368
210
299
2369
211
300
2370
212
301
2371
213
302
2372
214
303
2373
215
304
2374
216
305
2375
217
306
2376
218
307
2377
219
308
2378
220
309
2379
221
310
2380
222
311
2381
223
312
2382
224
313
2383
225
314
2384
226
315
2385
227
316
2386
228
317
2387
229
318
2388
230
319
2389
231
320
2390
232
321
2391
233
322
2392
234
323
2393
235
324
2394
236
325
2395
237
326
2396
238
327
2397
239
328
2398
240
329
2399
241
330
2400
242
331
2401
243
332
2402
244
333
2403
245
334
2404
246
335
2405
247
336
2406
248
337
2407
249
338
2408
250
339
2409
251
340
2410
252
341
2411
253
342
2412
254
343
2413
255
344
2414
256
345
2415
257
346
2416
258
347
2417
259
348
2418
260
349
2419
261
350
2420
262
351
2421
263
352
2422
264
353
2423
265
354
2424
266
355
2425
267
356
2426
268
357
2427
269
358
2428
359
2429
271
360
2430
272
361
2431
273
362
2432
274
363
2433
275
364
2434
276
365
2435
277
366
2436
278
367
2437
279
368
2438
280
369
2439
281
370
2440
282
371
2441
283
372
2442
284
373
2443
285
374
2444
286
375
2445
287
376
2446
288
377
2447
289
378
2448
290
379
2449
291
380
2450
292
381
2451
293
382
2452
294
383
2453
295
384
2454
296
385
2455
297
386
2456
298
387
2457
299
388
2458
300
389
2459
301
390
2460
302
391
2461
303
392
2462
304
393
2463
305
394
2464
306
395
2465
307
396
2466
308
397
2467
309
398
2468
310
399
2469
311
400
2470
312
401
2471
313
402
2472
314
403
2473
315
404
2474
316
405
2475
317
406
2476
318
407
2477
319
408
2478
320
409
2479
321
410
2480
322
411
2481
323
412
2482
324
413
2483
325
414
2484
326
415
2485
327
416
2486
328
417
2487
329
418
2488
330
419
2489
331
420
2490
332
421
2491
333
422
2492
334
423
2493
335
424
2494
336
425
2495
337
426
2496
338
427
2497
339
428
2498
340
429
2499
341
430
2500
342
431
2501
343
432
2502
344
433
2503
345
434
2504
346
435
2505
347
436
2506
348
437
2507
349
438
2508
350
439
2509
351
440
2510
352
441
2511
353
442
2512
354
443
2513
355
444
2514
356
445
2515
357
446
2516
358
447
2517
359
448
2518
449
2519
361
450
2520
362
451
2521
363
452
2522
364
453
2523
365
454
2524
366
455
2525
367
456
2526
368
457
2527
369
458
2528
370
459
2529
371
460
2530
372
461
2531
373
462
2532
374
463
2533
375
464
2534
376
465
2535
377
466
2536
378
467
2537
379
468
2538
380
469
2539
381
470
2540
382
471
2541
383
472
2542
384
473
2543
385
474
2544
386
475
2545
387
476
2546
388
477
2547
389
478
2548
390
479
2549
391
480
2550
392
481
2551
393
482
2552
394
483
2553
395
484
2554
396
485
2555
397
486
2556
398
487
2557
399
488
2558
400
489
2559
401
490
2560
402
491
2561
403
492
2562
404
493
2563
405
494
2564
406
495
2565
407
496
2566
408
497
2567
409
498
2568
410
499
2569
411
500
2570
412
501
2571
413
502
2572
414
503
2573
415
504
2574
416
505
2575
417
506
2576
418
507
2577
419
508
2578
420
509
2579
421
510
2580
422
511
2581
423
512
2582
424
513
2583
425
514
2584
426
515
2585
427
516
2586
428
517
2587
429
518
2588
430
519
2589
431
520
2590
432
521
2591
433
522
2592
434
523
2593
435
524
2594
436
525
2595
437
526
2596
438
527
2597
439
528
2598
440
529
2599
441
530
2600
442
531
2601
443
532
2602
444
533
2603
445
534
2604
446
535
2605
447
536
2606
448
537
2607
449
538
2608
539
2609
451
540
2610
452
541
2611
453
542
2612
454
543
2613
455
544
2614
456
545
2615
457
546
2616
458
547
2617
459
548
2618
460
549
2619
461
550
2620
462
551
2621
463
552
2622
464
553
2623
465
554
2624
466
555
2625
467
556
2626
468
557
2627
469
558
2628
470
559
2629
471
560
2630
472
561
2631
473
562
2632
474
563
2633
475
564
2634
476
565
2635
477
566
2636
478
567
2637
479
568
2638
480
569
2639
481
570
2640
482
571
2641
483
572
2642
484
573
2643
485
574
2644
486
575
2645
487
576
2646
488
577
2647
489
578
2648
490
579
2649
491
580
2650
492
581
2651
493
582
2652
494
583
2653
495
584
2654
496
585
2655
497
586
2656
498
587
2657
499
588
2658
500
589
2659
501
590
2660
502
591
2661
503
592
2662
504
593
2663
505
594
2664
506
595
2665
507
596
2666
508
597
2667
509
598
2668
510
599
2669
511
600
2670
512
601
2671
513
602
2672
514
603
2673
515
604
2674
516
605
2675
517
606
2676
518
607
2677
519
608
2678
520
609
2679
521
610
2680
522
611
2681
523
612
2682
524
613
2683
525
614
2684
526
615
2685
527
616
2686
528
617
2687
529
618
2688
530
619
2689
531
620
2690
532
621
2691
533
622
2692
534
623
2693
535
624
2694
536
625
2695
537
626
2696
538
627
2697
539
628
2698
629
2699
541
630
2700
542
631
2701
543
632
2702
544
633
2703
545
634
2704
546
635
2705
547
636
2706
548
637
2707
549
638
2708
550
639
2709
551
640
2710
552
641
2711
553
642
2712
554
643
2713
555
644
2714
556
645
2715
557
646
2716
558
647
2717
559
648
2718
560
649
2719
561
650
2720
562
651
2721
563
652
2722
564
653
2723
565
654
2724
566
655
2725
567
656
2726
568
657
2727
569
658
2728
570
659
2729
571
660
2730
572
661
2731
573
662
2732
574
663
2733
575
664
2734
576
665
2735
577
666
2736
578
667
2737
579
668
2738
580
669
2739
581
670
2740
582
671
2741
583
672
2742
584
673
2743
585
674
2744
586
675
2745
587
676
2746
588
677
2747
589
678
2748
590
679
2749
591
680
2750
592
681
2751
593
682
2752
594
683
2753
595
684
2754
596
685
2755
597
686
2756
598
687
2757
599
688
2758
600
689
2759
601
690
2760
602
691
2761
603
692
2762
604
693
2763
605
694
2764
606
695
2765
607
696
2766
608
697
2767
609
698
2768
610
699
2769
611
700
2770
612
701
2771
613
702
2772
614
703
2773
615
704
2774
616
705
2775
617
706
2776
618
707
2777
619
708
2778
620
709
2779
621
710
2780
622
711
2781
623
712
2782
624
713
2783
625
714
2784
626
715
2785
627
716
2786
628
717
2787
629
718
2788
719
2789
631
720
2790
632
721
2791
633
722
2792
634
723
2793
635
724
2794
636
725
2795
637
726
2796
638
727
2797
639
728
2798
640
729
2799
641
730
2800
642
731
2801
643
732
2802
644
733
2803
645
734
2804
646
735
2805
647
736
2806
648
737
2807
649
738
2808
650
739
2809
651
740
2810
652
741
2811
653
742
2812
654
743
2813
655
744
2814
656
745
2815
657
746
2816
658
747
2817
659
748
2818
660
749
2819
661
750
2820
662
751
2821
663
752
2822
664
753
2823
665
754
2824
666
755
2825
667
756
2826
668
757
2827
669
758
2828
670
759
2829
671
760
2830
672
761
2831
673
762
2832
674
763
2833
675
764
2834
676
765
2835
677
766
2836
678
767
2837
679
768
2838
680
769
2839
681
770
2840
682
771
2841
683
772
2842
684
773
2843
685
774
2844
686
775
2845
687
776
2846
688
777
2847
689
778
2848
690
779
2849
691
780
2850
692
781
2851
693
782
2852
694
783
2853
695
784
2854
696
785
2855
697
786
2856
698
787
2857
699
788
2858
700
789
2859
701
790
2860
702
791
2861
703
792
2862
704
793
2863
705
794
2864
706
795
2865
707
796
2866
708
797
2867
709
798
2868
710
799
2869
711
800
2870
712
801
2871
713
802
2872
714
803
2873
715
804
2874
716
805
2875
717
806
2876
718
807
2877
719
808
2878
809
2879
721
810
2880
722
811
2881
723
812
2882
724
813
2883
725
814
2884
726
815
2885
727
816
2886
728
817
2887
729
818
2888
730
819
2889
731
820
2890
732
821
2891
733
822
2892
734
823
2893
735
824
2894
736
825
2895
737
826
2896
738
827
2897
739
828
2898
740
829
2899
741
830
2900
742
831
2901
743
832
2902
744
833
2903
745
834
2904
746
835
2905
747
836
2906
748
837
2907
749
838
2908
750
839
2909
751
840
2910
752
841
2911
753
842
2912
754
843
2913
755
844
2914
756
845
2915
757
846
2916
758
847
2917
759
848
2918
760
849
2919
761
850
2920
762
851
2921
763
852
2922
764
853
2923
765
854
2924
766
855
2925
767
856
2926
768
857
2927
769
858
2928
770
859
2929
771
860
2930
772
861
2931
773
862
2932
774
863
2933
775
864
2934
776
865
2935
777
866
2936
778
867
2937
779
868
2938
780
869
2939
781
870
2940
782
871
2941
783
872
2942
784
873
2943
785
874
2944
786
875
2945
787
876
2946
788
877
2947
789
878
2948
790
879
2949
791
880
2950
792
881
2951
793
882
2952
794
883
2953
795
884
2954
796
885
2955
797
886
2956
798
887
2957
799
888
2958
800
889
2959
801
890
2960
802
891
2961
803
892
2962
804
893
2963
805
894
2964
806
895
2965
807
896
2966
808
897
2967
809
898
2968
899
2969
811
900
2970
812
901
2971
813
902
2972
814
903
2973
815
904
2974
816
905
2975
817
906
2976
818
907
2977
819
908
2978
820
909
2979
821
910
2980
822
911
2981
823
912
2982
824
913
2983
825
914
2984
826
915
2985
827
916
2986
828
917
2987
829
918
2988
830
919
2989
831
920
2990
832
921
2991
833
922
2992
834
923
2993
835
924
2994
836
925
2995
837
926
2996
838
927
2997
839
928
2998
840
929
2999
841
930
3000
842
931
3001
843
932
3002
844
933
3003
845
934
3004
846
935
3005
847
936
3006
848
937
3007
849
938
3008
850
939
3009
851
940
3010
852
941
3011
853
942
3012
854
943
3013
855
944
3014
856
945
3015
857
946
3016
858
947
3017
859
948
3018
860
949
3019
861
950
3020
862
951
3021
863
952
3022
864
953
3023
865
954
3024
866
955
3025
867
956
3026
868
957
3027
869
958
3028
870
959
3029
871
960
3030
872
961
3031
873
962
3032
874
963
3033
875
964
3034
876
965
3035
877
966
3036
878
967
3037
879
968
3038
880
969
3039
881
970
3040
882
971
3041
883
972
3042
884
973
3043
885
974
3044
886
975
3045
887
976
3046
888
977
3047
889
978
3048
890
979
3049
891
980
3050
892
981
3051
893
982
3052
894
983
3053
895
984
3054
896
985
3055
897
986
3056
898
987
3057
899
988
3058
989
3059
901
990
3060
902
991
3061
903
992
3062
904
993
3063
905
994
3064
906
995
3065
907
996
3066
908
997
3067
909
998
3068
910
999
3069
911
1000
3070
912
1001
3071
913
1002
3072
914
1003
3073
915
1004
3074
916
1005
3075
917
1006
3076
918
1007
3077
919
1008
3078
920
1009
3079
921
1010
3080
922
1011
3081
923
1012
3082
924
1013
3083
925
1014
3084
926
1015
3085
927
1016
3086
928
1017
3087
929
1018
3088
930
1019
3089
931
1020
3090
932
1021
3091
933
1022
3092
934
1023
3093
935
1024
3094
936
1025
3095
937
1026
3096
938
1027
3097
939
1028
3098
940
1029
3099
941
1030
3100
942
1031
3101
943
1032
3102
944
1033
3103
945
1034
3104
946
1035
3105
947
1036
3106
948
1037
3107
949
1038
3108
950
1039
3109
951
1040
3110
952
1041
3111
953
1042
3112
954
1043
3113
955
1044
3114
956
1045
3115
957
1046
3116
958
1047
3117
959
1048
3118
960
1049
3119
961
1050
3120
962
1051
3121
963
1052
3122
964
1053
3123
965
1054
3124
966
1055
3125
967
1056
3126
968
1057
3127
969
1058
3128
970
1059
3129
971
1060
3130
972
1061
3131
973
1062
3132
974
1063
3133
975
1064
3134
976
1065
3135
977
1066
3136
978
1067
3137
979
1068
3138
980
1069
3139
981
1070
3140
982
1071
3141
983
1072
3142
984
1073
3143
985
1074
3144
986
1075
3145
987
1076
3146
988
1077
3147
989
1078
3148
1079
3149
991
1080
3150
992
1081
3151
993
1082
3152
994
1083
3153
995
1084
3154
996
1085
3155
997
1086
3156
998
1087
3157
999
1088
3158
1000
1089
3159
1001
1090
3160
1002
1091
3161
1003
1092
3162
1004
1093
3163
1005
1094
3164
1006
1095
3165
1007
1096
3166
1008
1097
3167
1009
1098
3168
1010
1099
3169
1011
1100
3170
1012
1101
3171
1013
1102
3172
1014
1103
3173
1015
1104
3174
1016
1105
3175
1017
1106
3176
1018
1107
3177
1019
1108
3178
1020
1109
3179
1021
1110
3180
1022
1111
3181
1023
1112
3182
1024
1113
3183
1025
1114
3184
1026
1115
3185
1027
1116
3186
1028
1117
3187
1029
1118
3188
1030
1119
3189
1031
1120
3190
1032
1121
3191
1033
1122
3192
1034
1123
3193
1035
1124
3194
1036
1125
3195
1037
1126
3196
1038
1127
3197
1039
1128
3198
1040
1129
3199
1041
1130
3200
1042
1131
3201
1043
1132
3202
1044
1133
3203
1045
1134
3204
1046
1135
3205
1047
1136
3206
1048
1137
3207
1049
1138
3208
1050
1139
3209
1051
1140
3210
1052
1141
3211
1053
1142
3212
1054
1143
3213
1055
1144
3214
1056
1145
3215
1057
1146
3216
1058
1147
3217
1059
1148
3218
1060
1149
3219
1061
1150
3220
1062
1151
3221
1063
1152
3222
1064
1153
3223
1065
1154
3224
1066
1155
3225
1067
1156
3226
1068
1157
3227
1069
1158
3228
1070
1159
3229
1071
1160
3230
1072
1161
3231
1073
1162
3232
1074
1163
3233
1075
1164
3234
1076
1165
3235
1077
1166
3236
1078
1167
3237
1079
1168
3238
1169
3239
1081
1170
3240
1082
1171
3241
1083
1172
3242
1084
1173
3243
1085
1174
3244
1086
1175
3245
1087
1176
3246
1088
1177
3247
1089
1178
3248
1090
1179
3249
1091
1180
3250
1092
1181
3251
1093
1182
3252
1094
1183
3253
1095
1184
3254
1096
1185
3255
1097
1186
3256
1098
1187
3257
1099
1188
3258
1100
1189
3259
1101
1190
3260
1102
1191
3261
1103
1192
3262
1104
1193
3263
1105
1194
3264
1106
1195
3265
1107
1196
3266
1108
1197
3267
1109
1198
3268
1110
1199
3269
1111
1200
3270
1112
1201
3271
1113
1202
3272
1114
1203
3273
1115
1204
3274
1116
1205
3275
1117
1206
3276
1118
1207
3277
1119
1208
3278
1120
1209
3279
1121
1210
3280
1122
1211
3281
1123
1212
3282
1124
1213
3283
1125
1214
3284
1126
1215
3285
1127
1216
3286
1128
1217
3287
1129
1218
3288
1130
1219
3289
1131
1220
3290
1132
1221
3291
1133
1222
3292
1134
1223
3293
1135
1224
3294
1136
1225
3295
1137
1226
3296
1138
1227
3297
1139
1228
3298
1140
1229
3299
1141
1230
3300
1142
1231
3301
1143
1232
3302
1144
1233
3303
1145
1234
3304
1146
1235
3305
1147
1236
3306
1148
1237
3307
1149
1238
3308
1150
1239
3309
1151
1240
3310
1152
1241
3311
1153
1242
3312
1154
1243
3313
1155
1244
3314
1156
1245
3315
1157
1246
3316
1158
1247
3317
1159
1248
3318
1160
1249
3319
1161
1250
3320
1162
1251
3321
1163
1252
3322
1164
1253
3323
1165
1254
3324
1166
1255
3325
1167
1256
3326
1168
1257
3327
1169
1258
3328
1259
3329
1171
1260
3330
1172
1261
3331
1173
1262
3332
1174
1263
3333
1175
1264
3334
1176
1265
3335
1177
1266
3336
1178
1267
3337
1179
1268
3338
1180
1269
3339
1181
1270
3340
1182
1271
3341
1183
1272
3342
1184
1273
3343
1185
1274
3344
1186
1275
3345
1187
1276
3346
1188
1277
3347
1189
1278
3348
1190
1279
3349
1191
1280
3350
1192
1281
3351
1193
1282
3352
1194
1283
3353
1195
1284
3354
1196
1285
3355
1197
1286
3356
1198
1287
3357
1199
1288
3358
1200
1289
3359
1201
1290
3360
1202
1291
3361
1203
1292
3362
1204
1293
3363
1205
1294
3364
1206
1295
3365
1207
1296
3366
1208
1297
3367
1209
1298
3368
1210
1299
3369
1211
1300
3370
1212
1301
3371
1213
1302
3372
1214
1303
3373
1215
1304
3374
1216
1305
3375
1217
1306
3376
1218
1307
3377
1219
1308
3378
1220
1309
3379
1221
1310
3380
1222
1311
3381
1223
1312
3382
1224
1313
3383
1225
1314
3384
1226
1315
3385
1227
1316
3386
1228
1317
3387
1229
1318
3388
1230
1319
3389
1231
1320
3390
1232
1321
3391
1233
1322
3392
1234
1323
3393
1235
1324
3394
1236
1325
3395
1237
1326
3396
1238
1327
3397
1239
1328
3398
1240
1329
3399
1241
1330
3400
1242
1331
3401
1243
1332
3402
1244
1333
3403
1245
1334
3404
1246
1335
3405
1247
1336
3406
1248
1337
3407
1249
1338
3408
1250
1339
3409
1251
1340
3410
1252
1341
3411
1253
1342
3412
1254
1343
3413
1255
1344
3414
1256
1345
3415
1257
1346
3416
1258
1347
3417
1259
1348
3418
1349
3419
1261
1350
3420
1262
1351
3421
1263
1352
3422
1264
1353
3423
1265
1354
3424
1266
1355
3425
1267
1356
3426
1268
1357
3427
1269
1358
3428
1270
1359
3429
1271
1360
3430
1272
1361
3431
1273
1362
3432
1274
1363
3433
1275
1364
3434
1276
1365
3435
1277
1366
3436
1278
1367
3437
1279
1368
3438
1280
1369
3439
1281
1370
3440
1282
1371
3441
1283
1372
3442
1284
1373
3443
1285
1374
3444
1286
1375
3445
1287
1376
3446
1288
1377
3447
1289
1378
3448
1290
1379
3449
1291
1380
3450
1292
1381
3451
1293
1382
3452
1294
1383
3453
1295
1384
3454
1296
1385
3455
1297
1386
3456
1298
1387
3457
1299
1388
3458
1300
1389
3459
1301
1390
3460
1302
1391
3461
1303
1392
3462
1304
1393
3463
1305
1394
3464
1306
1395
3465
1307
1396
3466
1308
1397
3467
1309
1398
3468
1310
1399
3469
1311
1400
3470
1312
1401
3471
1313
1402
3472
1314
1403
3473
1315
1404
3474
1316
1405
3475
1317
1406
3476
1318
1407
3477
1319
1408
3478
1320
1409
3479
1321
1410
3480
1322
1411
3481
1323
1412
3482
1324
1413
3483
1325
1414
3484
1326
1415
3485
1327
1416
3486
1328
1417
3487
1329
1418
3488
1330
1419
3489
1331
1420
3490
1332
1421
3491
1333
1422
3492
1334
1423
3493
1335
1424
3494
1336
1425
3495
1337
1426
3496
1338
1427
3497
1339
1428
3498
1340
1429
3499
1341
1430
3500
1342
1431
3501
1343
1432
3502
1344
1433
3503
1345
1434
3504
1346
1435
3505
1347
1436
3506
1348
1437
3507
1349
1438
3508
1439
3509
1351
1440
3510
1352
1441
3511
1353
1442
3512
1354
1443
3513
1355
1444
3514
1356
1445
3515
1357
1446
3516
1358
1447
3517
1359
1448
3518
1360
1449
3519
1361
1450
3520
1362
1451
3521
1363
1452
3522
1364
1453
3523
1365
1454
3524
1366
1455
3525
1367
1456
3526
1368
1457
3527
1369
1458
3528
1370
1459
3529
1371
1460
3530
1372
1461
3531
1373
1462
3532
1374
1463
3533
1375
1464
3534
1376
1465
3535
1377
1466
3536
1378
1467
3537
1379
1468
3538
1380
1469
3539
1381
1470
3540
1382
1471
3541
1383
1472
3542
1384
1473
3543
1385
1474
3544
1386
1475
3545
1387
1476
3546
1388
1477
3547
1389
1478
3548
1390
1479
3549
1391
1480
3550
1392
1481
3551
1393
1482
3552
1394
1483
3553
1395
1484
3554
1396
1485
3555
1397
1486
3556
1398
1487
3557
1399
1488
3558
1400
1489
3559
1401
1490
3560
1402
1491
3561
1403
1492
3562
1404
1493
3563
1405
1494
3564
1406
1495
3565
1407
1496
3566
1408
1497
3567
1409
1498
3568
1410
1499
3569
1411
1500
3570
1412
1501
3571
1413
1502
3572
1414
1503
3573
1415
1504
3574
1416
1505
3575
1417
1506
3576
1418
1507
3577
1419
1508
3578
1420
1509
3579
1421
1510
3580
1422
1511
3581
1423
1512
3582
1424
1513
3583
1425
1514
3584
1426
1515
3585
1427
1516
3586
1428
1517
3587
1429
1518
3588
1430
1519
3589
1431
1520
3590
1432
1521
3591
1433
1522
3592
1434
1523
3593
1435
1524
3594
1436
1525
3595
1437
1526
3596
1438
1527
3597
1439
1528
3598
1529
3599
1441
1530
3600
1442
1531
3601
1443
1532
3602
1444
1533
3603
1445
1534
3604
1446
1535
3605
1447
1536
3606
1448
1537
3607
1449
1538
3608
1450
1539
3609
1451
1540
3610
1452
1541
3611
1453
1542
3612
1454
1543
3613
1455
1544
3614
1456
1545
3615
1457
1546
3616
1458
1547
3617
1459
1548
3618
1460
1549
3619
1461
1550
3620
1462
1551
3621
1463
1552
3622
1464
1553
3623
1465
1554
3624
1466
1555
3625
1467
1556
3626
1468
1557
3627
1469
1558
3628
1470
1559
3629
1471
1560
3630
1472
1561
3631
1473
1562
3632
1474
1563
3633
1475
1564
3634
1476
1565
3635
1477
1566
3636
1478
1567
3637
1479
1568
3638
1480
1569
3639
1481
1570
3640
1482
1571
3641
1483
1572
3642
1484
1573
3643
1485
1574
3644
1486
1575
3645
1487
1576
3646
1488
1577
3647
1489
1578
3648
1490
1579
3649
1491
1580
3650
1492
1581
3651
1493
1582
3652
1494
1583
3653
1495
1584
3654
1496
1585
3655
1497
1586
3656
1498
1587
3657
1499
1588
3658
1500
1589
3659
1501
1590
3660
1502
1591
3661
1503
1592
3662
1504
1593
3663
1505
1594
3664
1506
1595
3665
1507
1596
3666
1508
1597
3667
1509
1598
3668
1510
1599
3669
1511
1600
3670
1512
1601
3671
1513
1602
3672
1514
1603
3673
1515
1604
3674
1516
1605
3675
1517
1606
3676
1518
1607
3677
1519
1608
3678
1520
1609
3679
1521
1610
3680
1522
1611
3681
1523
1612
3682
1524
1613
3683
1525
1614
3684
1526
1615
3685
1527
1616
3686
1528
1617
3687
1529
1618
3688
1619
3689
1531
1620
3690
1532
1621
3691
1533
1622
3692
1534
1623
3693
1535
1624
3694
1536
1625
3695
1537
1626
3696
1538
1627
3697
1539
1628
3698
1540
1629
3699
1541
1630
3700
1542
1631
3701
1543
1632
3702
1544
1633
3703
1545
1634
3704
1546
1635
3705
1547
1636
3706
1548
1637
3707
1549
1638
3708
1550
1639
3709
1551
1640
3710
1552
1641
3711
1553
1642
3712
1554
1643
3713
1555
1644
3714
1556
1645
3715
1557
1646
3716
1558
1647
3717
1559
1648
3718
1560
1649
3719
1561
1650
3720
1562
1651
3721
1563
1652
3722
1564
1653
3723
1565
1654
3724
1566
1655
3725
1567
1656
3726
1568
1657
3727
1569
1658
3728
1570
1659
3729
1571
1660
3730
1572
1661
3731
1573
1662
3732
1574
1663
3733
1575
1664
3734
1576
1665
3735
1577
1666
3736
1578
1667
3737
1579
1668
3738
1580
1669
3739
1581
1670
3740
1582
1671
3741
1583
1672
3742
1584
1673
3743
1585
1674
3744
1586
1675
3745
1587
1676
3746
1588
1677
3747
1589
1678
3748
1590
1679
3749
1591
1680
3750
1592
1681
3751
1593
1682
3752
1594
1683
3753
1595
1684
3754
1596
1685
3755
1597
1686
3756
1598
1687
3757
1599
1688
3758
1600
1689
3759
1601
1690
3760
1602
1691
3761
1603
1692
3762
1604
1693
3763
1605
1694
3764
1606
1695
3765
1607
1696
3766
1608
1697
3767
1609
1698
3768
1610
1699
3769
1611
1700
3770
1612
1701
3771
1613
1702
3772
1614
1703
3773
1615
1704
3774
1616
1705
3775
1617
1706
3776
1618
1707
3777
1619
1708
3778
1709
3779
1621
1710
3780
1622
1711
3781
1623
1712
3782
1624
1713
3783
1625
1714
3784
1626
1715
3785
1627
1716
3786
1628
1717
3787
1629
1718
3788
1630
1719
3789
1631
1720
3790
1632
1721
3791
1633
1722
3792
1634
1723
3793
1635
1724
3794
1636
1725
3795
1637
1726
3796
1638
1727
3797
1639
1728
3798
1640
1729
3799
1641
1730
3800
1642
1731
3801
1643
1732
3802
1644
1733
3803
1645
1734
3804
1646
1735
3805
1647
1736
3806
1648
1737
3807
1649
1738
3808
1650
1739
3809
1651
1740
3810
1652
1741
3811
1653
1742
3812
1654
1743
3813
1655
1744
3814
1656
1745
3815
1657
1746
3816
1658
1747
3817
1659
1748
3818
1660
1749
3819
1661
1750
3820
1662
1751
3821
1663
1752
3822
1664
1753
3823
1665
1754
3824
1666
1755
3825
1667
1756
3826
1668
1757
3827
1669
1758
3828
1670
1759
3829
1671
1760
3830
1672
1761
3831
1673
1762
3832
1674
1763
3833
1675
1764
3834
1676
1765
3835
1677
1766
3836
1678
1767
3837
1679
1768
3838
1680
1769
3839
1681
1770
3840
1682
1771
3841
1683
1772
3842
1684
1773
3843
1685
1774
3844
1686
1775
3845
1687
1776
3846
1688
1777
3847
1689
1778
3848
1690
1779
3849
1691
1780
3850
1692
1781
3851
1693
1782
3852
1694
1783
3853
1695
1784
3854
1696
1785
3855
1697
1786
3856
1698
1787
3857
1699
1788
3858
1700
1789
3859
1701
1790
3860
1702
1791
3861
1703
1792
3862
1704
1793
3863
1705
1794
3864
1706
1795
3865
1707
1796
3866
1708
1797
3867
1709
1798
3868
1799
3869
1711
1800
3870
1712
1801
3871
1713
1802
3872
1714
1803
3873
1715
1804
3874
1716
1805
3875
1717
1806
3876
1718
1807
3877
1719
1808
3878
1720
1809
3879
1721
1810
3880
1722
1811
3881
1723
1812
3882
1724
1813
3883
1725
1814
3884
1726
1815
3885
1727
1816
3886
1728
1817
3887
1729
1818
3888
1730
1819
3889
1731
1820
3890
1732
1821
3891
1733
1822
3892
1734
1823
3893
1735
1824
3894
1736
1825
3895
1737
1826
3896
1738
1827
3897
1739
1828
3898
1740
1829
3899
1741
1830
3900
1742
1831
3901
1743
1832
3902
1744
1833
3903
1745
1834
3904
1746
1835
3905
1747
1836
3906
1748
1837
3907
1749
1838
3908
1750
1839
3909
1751
1840
3910
1752
1841
3911
1753
1842
3912
1754
1843
3913
1755
1844
3914
1756
1845
3915
1757
1846
3916
1758
1847
3917
1759
1848
3918
1760
1849
3919
1761
1850
3920
1762
1851
3921
1763
1852
3922
1764
1853
3923
1765
1854
3924
1766
1855
3925
1767
1856
3926
1768
1857
3927
1769
1858
3928
1770
1859
3929
1771
1860
3930
1772
1861
3931
1773
1862
3932
1774
1863
3933
1775
1864
3934
1776
1865
3935
1777
1866
3936
1778
1867
3937
1779
1868
3938
1780
1869
3939
1781
1870
3940
1782
1871
3941
1783
1872
3942
1784
1873
3943
1785
1874
3944
1786
1875
3945
1787
1876
3946
1788
1877
3947
1789
1878
3948
1790
1879
3949
1791
1880
3950
1792
1881
3951
1793
1882
3952
1794
1883
3953
1795
1884
3954
1796
1885
3955
1797
1886
3956
1798
1887
3957
1799
1888
3958
1889
3959
1801
1890
3960
1802
1891
3961
1803
1892
3962
1804
1893
3963
1805
1894
3964
1806
1895
3965
1807
1896
3966
1808
1897
3967
1809
1898
3968
1810
1899
3969
1811
1900
3970
1812
1901
3971
1813
1902
3972
1814
1903
3973
1815
1904
3974
1816
1905
3975
1817
1906
3976
1818
1907
3977
1819
1908
3978
1820
1909
3979
1821
1910
3980
1822
1911
3981
1823
1912
3982
1824
1913
3983
1825
1914
3984
1826
1915
3985
1827
1916
3986
1828
1917
3987
1829
1918
3988
1830
1919
3989
1831
1920
3990
1832
1921
3991
1833
1922
3992
1834
1923
3993
1835
1924
3994
1836
1925
3995
1837
1926
3996
1838
1927
3997
1839
1928
3998
1840
1929
3999
1841
1930
4000
1842
1931
4001
1843
1932
4002
1844
1933
4003
1845
1934
4004
1846
1935
4005
1847
1936
4006
1848
1937
4007
1849
1938
4008
1850
1939
4009
1851
1940
4010
1852
1941
4011
1853
1942
4012
1854
1943
4013
1855
1944
4014
1856
1945
4015
1857
1946
4016
1858
1947
4017
1859
1948
4018
1860
1949
4019
1861
1950
4020
1862
1951
4021
1863
1952
4022
1864
1953
4023
1865
1954
4024
1866
1955
4025
1867
1956
4026
1868
1957
4027
1869
1958
4028
1870
1959
4029
1871
1960
4030
1872
1961
4031
1873
1962
4032
1874
1963
4033
1875
1964
4034
1876
1965
4035
1877
1966
4036
1878
1967
4037
1879
1968
4038
1880
1969
4039
1881
1970
4040
1882
1971
4041
1883
1972
4042
1884
1973
4043
1885
1974
4044
1886
1975
4045
1887
1976
4046
1888
1977
4047
1889
1978
4048
1979
4049
1891
1980
4050
1892
1981
4051
1893
1982
4052
1894
1983
4053
1895
1984
4054
1896
1985
4055
1897
1986
4056
1898
1987
4057
1899
1988
4058
1900
1989
4059
1901
1990
4060
1902
1991
4061
1903
1992
4062
1904
1993
4063
1905
1994
4064
1906
1995
4065
1907
1996
4066
1908
1997
4067
1909
1998
4068
1910
1999
4069
1911
2000
4070
1912
2001
4071
1913
2002
4072
1914
2003
4073
1915
2004
4074
1916
2005
4075
1917
2006
4076
1918
2007
4077
1919
2008
4078
1920
2009
4079
1921
2010
4080
1922
2011
4081
1923
2012
4082
1924
2013
4083
1925
2014
4084
1926
2015
4085
1927
2016
4086
1928
2017
4087
1929
2018
4088
1930
2019
4089
1931
2020
4090
1932
2021
4091
1933
2022
4092
1934
2023
4093
1935
2024
4094
1936
2025
4095
1937
2026
4096
1938
2027
4097
1939
2028
4098
1940
2029
4099
1941
2030
4100
1942
2031
4101
1943
2032
4102
1944
2033
4103
1945
2034
4104
1946
2035
4105
1947
2036
4106
1948
2037
4107
1949
2038
4108
1950
2039
4109
1951
2040
4110
1952
2041
4111
1953
2042
4112
1954
2043
4113
1955
2044
4114
1956
2045
4115
1957
2046
4116
1958
2047
4117
1959
2048
4118
1960
2049
4119
1961
2050
4120
1962
2051
4121
1963
2052
4122
1964
2053
4123
1965
2054
4124
1966
2055
4125
1967
2056
4126
1968
2057
4127
1969
2058
4128
1970
2059
4129
1971
2060
4130
1972
2061
4131
1973
2062
4132
1974
2063
4133
1975
2064
4134
1976
2065
4135
1977
2066
4136
1978
2067
4137
1979
2068
4138
2069
4139
1981
2070
4140
1982
2071
4141
1983
2072
4142
1984
2073
4143
1985
2074
4144
1986
2075
4145
1987
2076
4146
1988
2077
4147
1989
2078
4148
1990
2079
4149
1991
2080
4150
1992
2081
4151
1993
2082
4152
1994
2083
4153
1995
2084
4154
1996
2085
4155
1997
2086
4156
1998
2087
4157
1999
2088
4158
2000
2089
4159
2001
2090
4160
2002
2091
4161
2003
2092
4162
2004
2093
4163
2005
2094
4164
2006
2095
4165
2007
2096
4166
2008
2097
4167
2009
2098
4168
2010
2099
4169
2011
2100
4170
2012
2101
4171
2013
2102
4172
2014
2103
4173
2015
2104
4174
2016
2105
4175
2017
2106
4176
2018
2107
4177
2019
2108
4178
2020
2109
4179
2021
2110
4180
2022
2111
4181
2023
2112
4182
2024
2113
4183
2025
2114
4184
2026
2115
4185
2027
2116
4186
2028
2117
4187
2029
2118
4188
2030
2119
4189
2031
2120
4190
2032
2121
4191
2033
2122
4192
2034
2123
4193
2035
2124
4194
2036
2125
4195
2037
2126
4196
2038
2127
4197
2039
2128
4198
2040
2129
4199
2041
2130
4200
2042
2131
4201
2043
2132
4202
2044
2133
4203
2045
2134
4204
2046
2135
4205
2047
2136
4206
2048
2137
4207
2049
2138
4208
2050
2139
4209
2051
2140
4210
2052
2141
4211
2053
2142
4212
2054
2143
4213
2055
2144
4214
2056
2145
4215
2057
2146
4216
2058
2147
4217
2059
2148
4218
2060
2149
4219
2061
2150
4220
2062
2151
4221
2063
2152
4222
2064
2153
4223
2065
2154
4224
2066
2155
4225
2067
2156
4226
2068
2157
4227
2069
2158
4228
2159
4229
2071
4230
2072
4231
2073
4232
2074
4233
2075
4234
2076
4235
2077
4236
2078
4237
2079
4238
2080
4239
2081
4240
2082
4241
2083
4242
2084
4243
2085
4244
2086
4245
2087
4246
2088
4247
2089
4248
2090
4249
2091
4250
2092
4251
2093
4252
2094
4253
2095
4254
2096
4255
2097
4256
2098
4257
2099
4258
2100
4259
2101
4260
2102
4261
2103
4262
2104
4263
2105
4264
2106
4265
2107
4266
2108
4267
2109
4268
2110
4269
2111
4270
2112
4271
2113
4272
2114
4273
2115
4274
2116
4275
2117
4276
2118
4277
2119
4278
2120
4279
2121
4280
2122
4281
2123
4282
2124
4283
2125
4284
2126
4285
2127
4286
2128
4287
2129
4288
2130
4289
2131
4290
2132
4291
2133
4292
2134
4293
2135
4294
2136
4295
2137
4296
2138
4297
2139
4298
2140
4299
2141
4300
2142
4301
2143
4302
2144
4303
2145
4304
2146
4305
2147
4306
2148
4307
2149
4308
2150
4309
2151
4310
2152
4311
2153
4312
2154
4313
2155
4314
2156
4315
2157
4316
2158
4317
2159
4318
4319
2161
2250
4320
2162
2251
4321
2163
2252
4322
2164
2253
4323
2165
2254
4324
2166
2255
4325
2167
2256
4326
2168
2257
4327
2169
2258
4328
2170
2259
4329
2171
2260
4330
2172
2261
4331
2173
2262
4332
2174
2263
4333
2175
2264
4334
2176
2265
4335
2177
2266
4336
2178
2267
4337
2179
2268
4338
2180
2269
4339
2181
2270
4340
2182
2271
4341
2183
2272
4342
2184
2273
4343
2185
2274
4344
2186
2275
4345
2187
2276
4346
2188
2277
4347
2189
2278
4348
2190
2279
4349
2191
2280
4350
2192
2281
4351
2193
2282
4352
2194
2283
4353
2195
2284
4354
2196
2285
4355
2197
2286
4356
2198
2287
4357
2199
2288
4358
2200
2289
4359
2201
2290
4360
2202
2291
4361
2203
2292
4362
2204
2293
4363
2205
2294
4364
2206
2295
4365
2207
2296
4366
2208
2297
4367
2209
2298
4368
2210
2299
4369
2211
2300
4370
2212
2301
4371
2213
2302
4372
2214
2303
4373
2215
2304
4374
2216
2305
4375
2217
2306
4376
2218
2307
4377
2219
2308
4378
2220
2309
4379
2221
2310
4380
2222
2311
4381
2223
2312
4382
2224
2313
4383
2225
2314
4384
2226
2315
4385
2227
2316
4386
2228
2317
4387
2229
2318
4388
2230
2319
4389
2231
2320
4390
2232
2321
4391
2233
2322
4392
2234
2323
4393
2235
2324
4394
2236
2325
4395
2237
2326
4396
2238
2327
4397
2239
2328
4398
2240
2329
4399
2241
2330
4400
2242
2331
4401
2243
2332
4402
2244
2333
4403
2245
2334
4404
2246
2335
4405
2247
2336
4406
2248
2337
4407
2249
2338
4408
2339
4409
2251
2340
4410
2252
2341
4411
2253
2342
4412
2254
2343
4413
2255
2344
4414
2256
2345
4415
2257
2346
4416
2258
2347
4417
2259
2348
4418
2260
2349
4419
2261
2350
4420
2262
2351
4421
2263
2352
4422
2264
2353
4423
2265
2354
4424
2266
2355
4425
2267
2356
4426
2268
2357
4427
2269
2358
4428
2270
2359
4429
2271
2360
4430
2272
2361
4431
2273
2362
4432
2274
2363
4433
2275
2364
4434
2276
2365
4435
2277
2366
4436
2278
2367
4437
2279
2368
4438
2280
2369
4439
2281
2370
4440
2282
2371
4441
2283
2372
4442
2284
2373
4443
2285
2374
4444
2286
2375
4445
2287
2376
4446
2288
2377
4447
2289
2378
4448
2290
2379
4449
2291
2380
4450
2292
2381
4451
2293
2382
4452
2294
2383
4453
2295
2384
4454
2296
2385
4455
2297
2386
4456
2298
2387
4457
2299
2388
4458
2300
2389
4459
2301
2390
4460
2302
2391
4461
2303
2392
4462
2304
2393
4463
2305
2394
4464
2306
2395
4465
2307
2396
4466
2308
2397
4467
2309
2398
4468
2310
2399
4469
2311
2400
4470
2312
2401
4471
2313
2402
4472
2314
2403
4473
2315
2404
4474
2316
2405
4475
2317
2406
4476
2318
2407
4477
2319
2408
4478
2320
2409
4479
2321
2410
4480
2322
2411
4481
2323
2412
4482
2324
2413
4483
2325
2414
4484
2326
2415
4485
2327
2416
4486
2328
2417
4487
2329
2418
4488
2330
2419
4489
2331
2420
4490
2332
2421
4491
2333
2422
4492
2334
2423
4493
2335
2424
4494
2336
2425
4495
2337
2426
4496
2338
2427
4497
2339
2428
4498
2429
4499
2341
2430
4500
2342
2431
4501
2343
2432
4502
2344
2433
4503
2345
2434
4504
2346
2435
4505
2347
2436
4506
2348
2437
4507
2349
2438
4508
2350
2439
4509
2351
2440
4510
2352
2441
4511
2353
2442
4512
2354
2443
4513
2355
2444
4514
2356
2445
4515
2357
2446
4516
2358
2447
4517
2359
2448
4518
2360
2449
4519
2361
2450
4520
2362
2451
4521
2363
2452
4522
2364
2453
4523
2365
2454
4524
2366
2455
4525
2367
2456
4526
2368
2457
4527
2369
2458
4528
2370
2459
4529
2371
2460
4530
2372
2461
4531
2373
2462
4532
2374
2463
4533
2375
2464
4534
2376
2465
4535
2377
2466
4536
2378
2467
4537
2379
2468
4538
2380
2469
4539
2381
2470
4540
2382
2471
4541
2383
2472
4542
2384
2473
4543
2385
2474
4544
2386
2475
4545
2387
2476
4546
2388
2477
4547
2389
2478
4548
2390
2479
4549
2391
2480
4550
2392
2481
4551
2393
2482
4552
2394
2483
4553
2395
2484
4554
2396
2485
4555
2397
2486
4556
2398
2487
4557
2399
2488
4558
2400
2489
4559
2401
2490
4560
2402
2491
4561
2403
2492
4562
2404
2493
4563
2405
2494
4564
2406
2495
4565
2407
2496
4566
2408
2497
4567
2409
2498
4568
2410
2499
4569
2411
2500
4570
2412
2501
4571
2413
2502
4572
2414
2503
4573
2415
2504
4574
2416
2505
4575
2417
2506
4576
2418
2507
4577
2419
2508
4578
2420
2509
4579
2421
2510
4580
2422
2511
4581
2423
2512
4582
2424
2513
4583
2425
2514
4584
2426
2515
4585
2427
2516
4586
2428
2517
4587
2429
2518
4588
2519
4589
2431
2520
4590
2432
2521
4591
2433
2522
4592
2434
2523
4593
2435
2524
4594
2436
2525
4595
2437
2526
4596
2438
2527
4597
2439
2528
4598
2440
2529
4599
2441
2530
4600
2442
2531
4601
2443
2532
4602
2444
2533
4603
2445
2534
4604
2446
2535
4605
2447
2536
4606
2448
2537
4607
2449
2538
4608
2450
2539
4609
2451
2540
4610
2452
2541
4611
2453
2542
4612
2454
2543
4613
2455
2544
4614
2456
2545
4615
2457
2546
4616
2458
2547
4617
2459
2548
4618
2460
2549
4619
2461
2550
4620
2462
2551
4621
2463
2552
4622
2464
2553
4623
2465
2554
4624
2466
2555
4625
2467
2556
4626
2468
2557
4627
2469
2558
4628
2470
2559
4629
2471
2560
4630
2472
2561
4631
2473
2562
4632
2474
2563
4633
2475
2564
4634
2476
2565
4635
2477
2566
4636
2478
2567
4637
2479
2568
4638
2480
2569
4639
2481
2570
4640
2482
2571
4641
2483
2572
4642
2484
2573
4643
2485
2574
4644
2486
2575
4645
2487
2576
4646
2488
2577
4647
2489
2578
4648
2490
2579
4649
2491
2580
4650
2492
2581
4651
2493
2582
4652
2494
2583
4653
2495
2584
4654
2496
2585
4655
2497
2586
4656
2498
2587
4657
2499
2588
4658
2500
2589
4659
2501
2590
4660
2502
2591
4661
2503
2592
4662
2504
2593
4663
2505
2594
4664
2506
2595
4665
2507
2596
4666
2508
2597
4667
2509
2598
4668
2510
2599
4669
2511
2600
4670
2512
2601
4671
2513
2602
4672
2514
2603
4673
2515
2604
4674
2516
2605
4675
2517
2606
4676
2518
2607
4677
2519
2608
4678
2609
4679
2521
2610
4680
2522
2611
4681
2523
2612
4682
2524
2613
4683
2525
2614
4684
2526
2615
4685
2527
2616
4686
2528
2617
4687
2529
2618
4688
2530
2619
4689
2531
2620
4690
2532
2621
4691
2533
2622
4692
2534
2623
4693
2535
2624
4694
2536
2625
4695
2537
2626
4696
2538
2627
4697
2539
2628
4698
2540
2629
4699
2541
2630
4700
2542
2631
4701
2543
2632
4702
2544
2633
4703
2545
2634
4704
2546
2635
4705
2547
2636
4706
2548
2637
4707
2549
2638
4708
2550
2639
4709
2551
2640
4710
2552
2641
4711
2553
2642
4712
2554
2643
4713
2555
2644
4714
2556
2645
4715
2557
2646
4716
2558
2647
4717
2559
2648
4718
2560
2649
4719
2561
2650
4720
2562
2651
4721
2563
2652
4722
2564
2653
4723
2565
2654
4724
2566
2655
4725
2567
2656
4726
2568
2657
4727
2569
2658
4728
2570
2659
4729
2571
2660
4730
2572
2661
4731
2573
2662
4732
2574
2663
4733
2575
2664
4734
2576
2665
4735
2577
2666
4736
2578
2667
4737
2579
2668
4738
2580
2669
4739
2581
2670
4740
2582
2671
4741
2583
2672
4742
2584
2673
4743
2585
2674
4744
2586
2675
4745
2587
2676
4746
2588
2677
4747
2589
2678
4748
2590
2679
4749
2591
2680
4750
2592
2681
4751
2593
2682
4752
2594
2683
4753
2595
2684
4754
2596
2685
4755
2597
2686
4756
2598
2687
4757
2599
2688
4758
2600
2689
4759
2601
2690
4760
2602
2691
4761
2603
2692
4762
2604
2693
4763
2605
2694
4764
2606
2695
4765
2607
2696
4766
2608
2697
4767
2609
2698
4768
2699
4769
2611
2700
4770
2612
2701
4771
2613
2702
4772
2614
2703
4773
2615
2704
4774
2616
2705
4775
2617
2706
4776
2618
2707
4777
2619
2708
4778
2620
2709
4779
2621
2710
4780
2622
2711
4781
2623
2712
4782
2624
2713
4783
2625
2714
4784
2626
2715
4785
2627
2716
4786
2628
2717
4787
2629
2718
4788
2630
2719
4789
2631
2720
4790
2632
2721
4791
2633
2722
4792
2634
2723
4793
2635
2724
4794
2636
2725
4795
2637
2726
4796
2638
2727
4797
2639
2728
4798
2640
2729
4799
2641
2730
4800
2642
2731
4801
2643
2732
4802
2644
2733
4803
2645
2734
4804
2646
2735
4805
2647
2736
4806
2648
2737
4807
2649
2738
4808
2650
2739
4809
2651
2740
4810
2652
2741
4811
2653
2742
4812
2654
2743
4813
2655
2744
4814
2656
2745
4815
2657
2746
4816
2658
2747
4817
2659
2748
4818
2660
2749
4819
2661
2750
4820
2662
2751
4821
2663
2752
4822
2664
2753
4823
2665
2754
4824
2666
2755
4825
2667
2756
4826
2668
2757
4827
2669
2758
4828
2670
2759
4829
2671
2760
4830
2672
2761
4831
2673
2762
4832
2674
2763
4833
2675
2764
4834
2676
2765
4835
2677
2766
4836
2678
2767
4837
2679
2768
4838
2680
2769
4839
2681
2770
4840
2682
2771
4841
2683
2772
4842
2684
2773
4843
2685
2774
4844
2686
2775
4845
2687
2776
4846
2688
2777
4847
2689
2778
4848
2690
2779
4849
2691
2780
4850
2692
2781
4851
2693
2782
4852
2694
2783
4853
2695
2784
4854
2696
2785
4855
2697
2786
4856
2698
2787
4857
2699
2788
4858
2789
4859
2701
2790
4860
2702
2791
4861
2703
2792
4862
2704
2793
4863
2705
2794
4864
2706
2795
4865
2707
2796
4866
2708
2797
4867
2709
2798
4868
2710
2799
4869
2711
2800
4870
2712
2801
4871
2713
2802
4872
2714
2803
4873
2715
2804
4874
2716
2805
4875
2717
2806
4876
2718
2807
4877
2719
2808
4878
2720
2809
4879
2721
2810
4880
2722
2811
4881
2723
2812
4882
2724
2813
4883
2725
2814
4884
2726
2815
4885
2727
2816
4886
2728
2817
4887
2729
2818
4888
2730
2819
4889
2731
2820
4890
2732
2821
4891
2733
2822
4892
2734
2823
4893
2735
2824
4894
2736
2825
4895
2737
2826
4896
2738
2827
4897
2739
2828
4898
2740
2829
4899
2741
2830
4900
2742
2831
4901
2743
2832
4902
2744
2833
4903
2745
2834
4904
2746
2835
4905
2747
2836
4906
2748
2837
4907
2749
2838
4908
2750
2839
4909
2751
2840
4910
2752
2841
4911
2753
2842
4912
2754
2843
4913
2755
2844
4914
2756
2845
4915
2757
2846
4916
2758
2847
4917
2759
2848
4918
2760
2849
4919
2761
2850
4920
2762
2851
4921
2763
2852
4922
2764
2853
4923
2765
2854
4924
2766
2855
4925
2767
2856
4926
2768
2857
4927
2769
2858
4928
2770
2859
4929
2771
2860
4930
2772
2861
4931
2773
2862
4932
2774
2863
4933
2775
2864
4934
2776
2865
4935
2777
2866
4936
2778
2867
4937
2779
2868
4938
2780
2869
4939
2781
2870
4940
2782
2871
4941
2783
2872
4942
2784
2873
4943
2785
2874
4944
2786
2875
4945
2787
2876
4946
2788
2877
4947
2789
2878
4948
2879
4949
2791
2880
4950
2792
2881
4951
2793
2882
4952
2794
2883
4953
2795
2884
4954
2796
2885
4955
2797
2886
4956
2798
2887
4957
2799
2888
4958
2800
2889
4959
2801
2890
4960
2802
2891
4961
2803
2892
4962
2804
2893
4963
2805
2894
4964
2806
2895
4965
2807
2896
4966
2808
2897
4967
2809
2898
4968
2810
2899
4969
2811
2900
4970
2812
2901
4971
2813
2902
4972
2814
2903
4973
2815
2904
4974
2816
2905
4975
2817
2906
4976
2818
2907
4977
2819
2908
4978
2820
2909
4979
2821
2910
4980
2822
2911
4981
2823
2912
4982
2824
2913
4983
2825
2914
4984
2826
2915
4985
2827
2916
4986
2828
2917
4987
2829
2918
4988
2830
2919
4989
2831
2920
4990
2832
2921
4991
2833
2922
4992
2834
2923
4993
2835
2924
4994
2836
2925
4995
2837
2926
4996
2838
2927
4997
2839
2928
4998
2840
2929
4999
2841
2930
5000
2842
2931
5001
2843
2932
5002
2844
2933
5003
2845
2934
5004
2846
2935
5005
2847
2936
5006
2848
2937
5007
2849
2938
5008
2850
2939
5009
2851
2940
5010
2852
2941
5011
2853
2942
5012
2854
2943
5013
2855
2944
5014
2856
2945
5015
2857
2946
5016
2858
2947
5017
2859
2948
5018
2860
2949
5019
2861
2950
5020
2862
2951
5021
2863
2952
5022
2864
2953
5023
2865
2954
5024
2866
2955
5025
2867
2956
5026
2868
2957
5027
2869
2958
5028
2870
2959
5029
2871
2960
5030
2872
2961
5031
2873
2962
5032
2874
2963
5033
2875
2964
5034
2876
2965
5035
2877
2966
5036
2878
2967
5037
2879
2968
5038
2969
5039
2881
2970
5040
2882
2971
5041
2883
2972
5042
2884
2973
5043
2885
2974
5044
2886
2975
5045
2887
2976
5046
2888
2977
5047
2889
2978
5048
2890
2979
5049
2891
2980
5050
2892
2981
5051
2893
2982
5052
2894
2983
5053
2895
2984
5054
2896
2985
5055
2897
2986
5056
2898
2987
5057
2899
2988
5058
2900
2989
5059
2901
2990
5060
2902
2991
5061
2903
2992
5062
2904
2993
5063
2905
2994
5064
2906
2995
5065
2907
2996
5066
2908
2997
5067
2909
2998
5068
2910
2999
5069
2911
3000
5070
2912
3001
5071
2913
3002
5072
2914
3003
5073
2915
3004
5074
2916
3005
5075
2917
3006
5076
2918
3007
5077
2919
3008
5078
2920
3009
5079
2921
3010
5080
2922
3011
5081
2923
3012
5082
2924
3013
5083
2925
3014
5084
2926
3015
5085
2927
3016
5086
2928
3017
5087
2929
3018
5088
2930
3019
5089
2931
3020
5090
2932
3021
5091
2933
3022
5092
2934
3023
5093
2935
3024
5094
2936
3025
5095
2937
3026
5096
2938
3027
5097
2939
3028
5098
2940
3029
5099
2941
3030
5100
2942
3031
5101
2943
3032
5102
2944
3033
5103
2945
3034
5104
2946
3035
5105
2947
3036
5106
2948
3037
5107
2949
3038
5108
2950
3039
5109
2951
3040
5110
2952
3041
5111
2953
3042
5112
2954
3043
5113
2955
3044
5114
2956
3045
5115
2957
3046
5116
2958
3047
5117
2959
3048
5118
2960
3049
5119
2961
3050
5120
2962
3051
5121
2963
3052
5122
2964
3053
5123
2965
3054
5124
2966
3055
5125
2967
3056
5126
2968
3057
5127
2969
3058
5128
3059
5129
2971
3060
5130
2972
3061
5131
2973
3062
5132
2974
3063
5133
2975
3064
5134
2976
3065
5135
2977
3066
5136
2978
3067
5137
2979
3068
5138
2980
3069
5139
2981
3070
5140
2982
3071
5141
2983
3072
5142
2984
3073
5143
2985
3074
5144
2986
3075
5145
2987
3076
5146
2988
3077
5147
2989
3078
5148
2990
3079
5149
2991
3080
5150
2992
3081
5151
2993
3082
5152
2994
3083
5153
2995
3084
5154
2996
3085
5155
2997
3086
5156
2998
3087
5157
2999
3088
5158
3000
3089
5159
3001
3090
5160
3002
3091
5161
3003
3092
5162
3004
3093
5163
3005
3094
5164
3006
3095
5165
3007
3096
5166
3008
3097
5167
3009
3098
5168
3010
3099
5169
3011
3100
5170
3012
3101
5171
3013
3102
5172
3014
3103
5173
3015
3104
5174
3016
3105
5175
3017
3106
5176
3018
3107
5177
3019
3108
5178
3020
3109
5179
3021
3110
5180
3022
3111
5181
3023
3112
5182
3024
3113
5183
3025
3114
5184
3026
3115
5185
3027
3116
5186
3028
3117
5187
3029
3118
5188
3030
3119
5189
3031
3120
5190
3032
3121
5191
3033
3122
5192
3034
3123
5193
3035
3124
5194
3036
3125
5195
3037
3126
5196
3038
3127
5197
3039
3128
5198
3040
3129
5199
3041
3130
5200
3042
3131
5201
3043
3132
5202
3044
3133
5203
3045
3134
5204
3046
3135
5205
3047
3136
5206
3048
3137
5207
3049
3138
5208
3050
3139
5209
3051
3140
5210
3052
3141
5211
3053
3142
5212
3054
3143
5213
3055
3144
5214
3056
3145
5215
3057
3146
5216
3058
3147
5217
3059
3148
5218
3149
5219
3061
3150
5220
3062
3151
5221
3063
3152
5222
3064
3153
5223
3065
3154
5224
3066
3155
5225
3067
3156
5226
3068
3157
5227
3069
3158
5228
3070
3159
5229
3071
3160
5230
3072
3161
5231
3073
3162
5232
3074
3163
5233
3075
3164
5234
3076
3165
5235
3077
3166
5236
3078
3167
5237
3079
3168
5238
3080
3169
5239
3081
3170
5240
3082
3171
5241
3083
3172
5242
3084
3173
5243
3085
3174
5244
3086
3175
5245
3087
3176
5246
3088
3177
5247
3089
3178
5248
3090
3179
5249
3091
3180
5250
3092
3181
5251
3093
3182
5252
3094
3183
5253
3095
3184
5254
3096
3185
5255
3097
3186
5256
3098
3187
5257
3099
3188
5258
3100
3189
5259
3101
3190
5260
3102
3191
5261
3103
3192
5262
3104
3193
5263
3105
3194
5264
3106
3195
5265
3107
3196
5266
3108
3197
5267
3109
3198
5268
3110
3199
5269
3111
3200
5270
3112
3201
5271
3113
3202
5272
3114
3203
5273
3115
3204
5274
3116
3205
5275
3117
3206
5276
3118
3207
5277
3119
3208
5278
3120
3209
5279
3121
3210
5280
3122
3211
5281
3123
3212
5282
3124
3213
5283
3125
3214
5284
3126
3215
5285
3127
3216
5286
3128
3217
5287
3129
3218
5288
3130
3219
5289
3131
3220
5290
3132
3221
5291
3133
3222
5292
3134
3223
5293
3135
3224
5294
3136
3225
5295
3137
3226
5296
3138
3227
5297
3139
3228
5298
3140
3229
5299
3141
3230
5300
3142
3231
5301
3143
3232
5302
3144
3233
5303
3145
3234
5304
3146
3235
5305
3147
3236
5306
3148
3237
5307
3149
3238
5308
3239
5309
3151
3240
5310
3152
3241
5311
3153
3242
5312
3154
3243
5313
3155
3244
5314
3156
3245
5315
3157
3246
5316
3158
3247
5317
3159
3248
5318
3160
3249
5319
3161
3250
5320
3162
3251
5321
3163
3252
5322
3164
3253
5323
3165
3254
5324
3166
3255
5325
3167
3256
5326
3168
3257
5327
3169
3258
5328
3170
3259
5329
3171
3260
5330
3172
3261
5331
3173
3262
5332
3174
3263
5333
3175
3264
5334
3176
3265
5335
3177
3266
5336
3178
3267
5337
3179
3268
5338
3180
3269
5339
3181
3270
5340
3182
3271
5341
3183
3272
5342
3184
3273
5343
3185
3274
5344
3186
3275
5345
3187
3276
5346
3188
3277
5347
3189
3278
5348
3190
3279
5349
3191
3280
5350
3192
3281
5351
3193
3282
5352
3194
3283
5353
3195
3284
5354
3196
3285
5355
3197
3286
5356
3198
3287
5357
3199
3288
5358
3200
3289
5359
3201
3290
5360
3202
3291
5361
3203
3292
5362
3204
3293
5363
3205
3294
5364
3206
3295
5365
3207
3296
5366
3208
3297
5367
3209
3298
5368
3210
3299
5369
3211
3300
5370
3212
3301
5371
3213
3302
5372
3214
3303
5373
3215
3304
5374
3216
3305
5375
3217
3306
5376
3218
3307
5377
3219
3308
5378
3220
3309
5379
3221
3310
5380
3222
3311
5381
3223
3312
5382
3224
3313
5383
3225
3314
5384
3226
3315
5385
3227
3316
5386
3228
3317
5387
3229
3318
5388
3230
3319
5389
3231
3320
5390
3232
3321
5391
3233
3322
5392
3234
3323
5393
3235
3324
5394
3236
3325
5395
3237
3326
5396
3238
3327
5397
3239
3328
5398
3329
5399
3241
3330
5400
3242
3331
5401
3243
3332
5402
3244
3333
5403
3245
3334
5404
3246
3335
5405
3247
3336
5406
3248
3337
5407
3249
3338
5408
3250
3339
5409
3251
3340
5410
3252
3341
5411
3253
3342
5412
3254
3343
5413
3255
3344
5414
3256
3345
5415
3257
3346
5416
3258
3347
5417
3259
3348
5418
3260
3349
5419
3261
3350
5420
3262
3351
5421
3263
3352
5422
3264
3353
5423
3265
3354
5424
3266
3355
5425
3267
3356
5426
3268
3357
5427
3269
3358
5428
3270
3359
5429
3271
3360
5430
3272
3361
5431
3273
3362
5432
3274
3363
5433
3275
3364
5434
3276
3365
5435
3277
3366
5436
3278
3367
5437
3279
3368
5438
3280
3369
5439
3281
3370
5440
3282
3371
5441
3283
3372
5442
3284
3373
5443
3285
3374
5444
3286
3375
5445
3287
3376
5446
3288
3377
5447
3289
3378
5448
3290
3379
5449
3291
3380
5450
3292
3381
5451
3293
3382
5452
3294
3383
5453
3295
3384
5454
3296
3385
5455
3297
3386
5456
3298
3387
5457
3299
3388
5458
3300
3389
5459
3301
3390
5460
3302
3391
5461
3303
3392
5462
3304
3393
5463
3305
3394
5464
3306
3395
5465
3307
3396
5466
3308
3397
5467
3309
3398
5468
3310
3399
5469
3311
3400
5470
3312
3401
5471
3313
3402
5472
3314
3403
5473
3315
3404
5474
3316
3405
5475
3317
3406
5476
3318
3407
5477
3319
3408
5478
3320
3409
5479
3321
3410
5480
3322
3411
5481
3323
3412
5482
3324
3413
5483
3325
3414
5484
3326
3415
5485
3327
3416
5486
3328
3417
5487
3329
3418
5488
3419
5489
3331
3420
5490
3332
3421
5491
3333
3422
5492
3334
3423
5493
3335
3424
5494
3336
3425
5495
3337
3426
5496
3338
3427
5497
3339
3428
5498
3340
3429
5499
3341
3430
5500
3342
3431
5501
3343
3432
5502
3344
3433
5503
3345
3434
5504
3346
3435
5505
3347
3436
5506
3348
3437
5507
3349
3438
5508
3350
3439
5509
3351
3440
5510
3352
3441
5511
3353
3442
5512
3354
3443
5513
3355
3444
5514
3356
3445
5515
3357
3446
5516
3358
3447
5517
3359
3448
5518
3360
3449
5519
3361
3450
5520
3362
3451
5521
3363
3452
5522
3364
3453
5523
3365
3454
5524
3366
3455
5525
3367
3456
5526
3368
3457
5527
3369
3458
5528
3370
3459
5529
3371
3460
5530
3372
3461
5531
3373
3462
5532
3374
3463
5533
3375
3464
5534
3376
3465
5535
3377
3466
5536
3378
3467
5537
3379
3468
5538
3380
3469
5539
3381
3470
5540
3382
3471
5541
3383
3472
5542
3384
3473
5543
3385
3474
5544
3386
3475
5545
3387
3476
5546
3388
3477
5547
3389
3478
5548
3390
3479
5549
3391
3480
5550
3392
3481
5551
3393
3482
5552
3394
3483
5553
3395
3484
5554
3396
3485
5555
3397
3486
5556
3398
3487
5557
3399
3488
5558
3400
3489
5559
3401
3490
5560
3402
3491
5561
3403
3492
5562
3404
3493
5563
3405
3494
5564
3406
3495
5565
3407
3496
5566
3408
3497
5567
3409
3498
5568
3410
3499
5569
3411
3500
5570
3412
3501
5571
3413
3502
5572
3414
3503
5573
3415
3504
5574
3416
3505
5575
3417
3506
5576
3418
3507
5577
3419
3508
5578
3509
5579
3421
3510
5580
3422
3511
5581
3423
3512
5582
3424
3513
5583
3425
3514
5584
3426
3515
5585
3427
3516
5586
3428
3517
5587
3429
3518
5588
3430
3519
5589
3431
3520
5590
3432
3521
5591
3433
3522
5592
3434
3523
5593
3435
3524
5594
3436
3525
5595
3437
3526
5596
3438
3527
5597
3439
3528
5598
3440
3529
5599
3441
3530
5600
3442
3531
5601
3443
3532
5602
3444
3533
5603
3445
3534
5604
3446
3535
5605
3447
3536
5606
3448
3537
5607
3449
3538
5608
3450
3539
5609
3451
3540
5610
3452
3541
5611
3453
3542
5612
3454
3543
5613
3455
3544
5614
3456
3545
5615
3457
3546
5616
3458
3547
5617
3459
3548
5618
3460
3549
5619
3461
3550
5620
3462
3551
5621
3463
3552
5622
3464
3553
5623
3465
3554
5624
3466
3555
5625
3467
3556
5626
3468
3557
5627
3469
3558
5628
3470
3559
5629
3471
3560
5630
3472
3561
5631
3473
3562
5632
3474
3563
5633
3475
3564
5634
3476
3565
5635
3477
3566
5636
3478
3567
5637
3479
3568
5638
3480
3569
5639
3481
3570
5640
3482
3571
5641
3483
3572
5642
3484
3573
5643
3485
3574
5644
3486
3575
5645
3487
3576
5646
3488
3577
5647
3489
3578
5648
3490
3579
5649
3491
3580
5650
3492
3581
5651
3493
3582
5652
3494
3583
5653
3495
3584
5654
3496
3585
5655
3497
3586
5656
3498
3587
5657
3499
3588
5658
3500
3589
5659
3501
3590
5660
3502
3591
5661
3503
3592
5662
3504
3593
5663
3505
3594
5664
3506
3595
5665
3507
3596
5666
3508
3597
5667
3509
3598
5668
3599
5669
3511
3600
5670
3512
3601
5671
3513
3602
5672
3514
3603
5673
3515
3604
5674
3516
3605
5675
3517
3606
5676
3518
3607
5677
3519
3608
5678
3520
3609
5679
3521
3610
5680
3522
3611
5681
3523
3612
5682
3524
3613
5683
3525
3614
5684
3526
3615
5685
3527
3616
5686
3528
3617
5687
3529
3618
5688
3530
3619
5689
3531
3620
5690
3532
3621
5691
3533
3622
5692
3534
3623
5693
3535
3624
5694
3536
3625
5695
3537
3626
5696
3538
3627
5697
3539
3628
5698
3540
3629
5699
3541
3630
5700
3542
3631
5701
3543
3632
5702
3544
3633
5703
3545
3634
5704
3546
3635
5705
3547
3636
5706
3548
3637
5707
3549
3638
5708
3550
3639
5709
3551
3640
5710
3552
3641
5711
3553
3642
5712
3554
3643
5713
3555
3644
5714
3556
3645
5715
3557
3646
5716
3558
3647
5717
3559
3648
5718
3560
3649
5719
3561
3650
5720
3562
3651
5721
3563
3652
5722
3564
3653
5723
3565
3654
5724
3566
3655
5725
3567
3656
5726
3568
3657
5727
3569
3658
5728
3570
3659
5729
3571
3660
5730
3572
3661
5731
3573
3662
5732
3574
3663
5733
3575
3664
5734
3576
3665
5735
3577
3666
5736
3578
3667
5737
3579
3668
5738
3580
3669
5739
3581
3670
5740
3582
3671
5741
3583
3672
5742
3584
3673
5743
3585
3674
5744
3586
3675
5745
3587
3676
5746
3588
3677
5747
3589
3678
5748
3590
3679
5749
3591
3680
5750
3592
3681
5751
3593
3682
5752
3594
3683
5753
3595
3684
5754
3596
3685
5755
3597
3686
5756
3598
3687
5757
3599
3688
5758
3689
5759
3601
3690
5760
3602
3691
5761
3603
3692
5762
3604
3693
5763
3605
3694
5764
3606
3695
5765
3607
3696
5766
3608
3697
5767
3609
3698
5768
3610
3699
5769
3611
3700
5770
3612
3701
5771
3613
3702
5772
3614
3703
5773
3615
3704
5774
3616
3705
5775
3617
3706
5776
3618
3707
5777
3619
3708
5778
3620
3709
5779
3621
3710
5780
3622
3711
5781
3623
3712
5782
3624
3713
5783
3625
3714
5784
3626
3715
5785
3627
3716
5786
3628
3717
5787
3629
3718
5788
3630
3719
5789
3631
3720
5790
3632
3721
5791
3633
3722
5792
3634
3723
5793
3635
3724
5794
3636
3725
5795
3637
3726
5796
3638
3727
5797
3639
3728
5798
3640
3729
5799
3641
3730
5800
3642
3731
5801
3643
3732
5802
3644
3733
5803
3645
3734
5804
3646
3735
5805
3647
3736
5806
3648
3737
5807
3649
3738
5808
3650
3739
5809
3651
3740
5810
3652
3741
5811
3653
3742
5812
3654
3743
5813
3655
3744
5814
3656
3745
5815
3657
3746
5816
3658
3747
5817
3659
3748
5818
3660
3749
5819
3661
3750
5820
3662
3751
5821
3663
3752
5822
3664
3753
5823
3665
3754
5824
3666
3755
5825
3667
3756
5826
3668
3757
5827
3669
3758
5828
3670
3759
5829
3671
3760
5830
3672
3761
5831
3673
3762
5832
3674
3763
5833
3675
3764
5834
3676
3765
5835
3677
3766
5836
3678
3767
5837
3679
3768
5838
3680
3769
5839
3681
3770
5840
3682
3771
5841
3683
3772
5842
3684
3773
5843
3685
3774
5844
3686
3775
5845
3687
3776
5846
3688
3777
5847
3689
3778
5848
3779
5849
3691
3780
5850
3692
3781
5851
3693
3782
5852
3694
3783
5853
3695
3784
5854
3696
3785
5855
3697
3786
5856
3698
3787
5857
3699
3788
5858
3700
3789
5859
3701
3790
5860
3702
3791
5861
3703
3792
5862
3704
3793
5863
3705
3794
5864
3706
3795
5865
3707
3796
5866
3708
3797
5867
3709
3798
5868
3710
3799
5869
3711
3800
5870
3712
3801
5871
3713
3802
5872
3714
3803
5873
3715
3804
5874
3716
3805
5875
3717
3806
5876
3718
3807
5877
3719
3808
5878
3720
3809
5879
3721
3810
5880
3722
3811
5881
3723
3812
5882
3724
3813
5883
3725
3814
5884
3726
3815
5885
3727
3816
5886
3728
3817
5887
3729
3818
5888
3730
3819
5889
3731
3820
5890
3732
3821
5891
3733
3822
5892
3734
3823
5893
3735
3824
5894
3736
3825
5895
3737
3826
5896
3738
3827
5897
3739
3828
5898
3740
3829
5899
3741
3830
5900
3742
3831
5901
3743
3832
5902
3744
3833
5903
3745
3834
5904
3746
3835
5905
3747
3836
5906
3748
3837
5907
3749
3838
5908
3750
3839
5909
3751
3840
5910
3752
3841
5911
3753
3842
5912
3754
3843
5913
3755
3844
5914
3756
3845
5915
3757
3846
5916
3758
3847
5917
3759
3848
5918
3760
3849
5919
3761
3850
5920
3762
3851
5921
3763
3852
5922
3764
3853
5923
3765
3854
5924
3766
3855
5925
3767
3856
5926
3768
3857
5927
3769
3858
5928
3770
3859
5929
3771
3860
5930
3772
3861
5931
3773
3862
5932
3774
3863
5933
3775
3864
5934
3776
3865
5935
3777
3866
5936
3778
3867
5937
3779
3868
5938
3869
5939
3781
3870
5940
3782
3871
5941
3783
3872
5942
3784
3873
5943
3785
3874
5944
3786
3875
5945
3787
3876
5946
3788
3877
5947
3789
3878
5948
3790
3879
5949
3791
3880
5950
3792
3881
5951
3793
3882
5952
3794
3883
5953
3795
3884
5954
3796
3885
5955
3797
3886
5956
3798
3887
5957
3799
3888
5958
3800
3889
5959
3801
3890
5960
3802
3891
5961
3803
3892
5962
3804
3893
5963
3805
3894
5964
3806
3895
5965
3807
3896
5966
3808
3897
5967
3809
3898
5968
3810
3899
5969
3811
3900
5970
3812
3901
5971
3813
3902
5972
3814
3903
5973
3815
3904
5974
3816
3905
5975
3817
3906
5976
3818
3907
5977
3819
3908
5978
3820
3909
5979
3821
3910
5980
3822
3911
5981
3823
3912
5982
3824
3913
5983
3825
3914
5984
3826
3915
5985
3827
3916
5986
3828
3917
5987
3829
3918
5988
3830
3919
5989
3831
3920
5990
3832
3921
5991
3833
3922
5992
3834
3923
5993
3835
3924
5994
3836
3925
5995
3837
3926
5996
3838
3927
5997
3839
3928
5998
3840
3929
5999
3841
3930
6000
3842
3931
6001
3843
3932
6002
3844
3933
6003
3845
3934
6004
3846
3935
6005
3847
3936
6006
3848
3937
6007
3849
3938
6008
3850
3939
6009
3851
3940
6010
3852
3941
6011
3853
3942
6012
3854
3943
6013
3855
3944
6014
3856
3945
6015
3857
3946
6016
3858
3947
6017
3859
3948
6018
3860
3949
6019
3861
3950
6020
3862
3951
6021
3863
3952
6022
3864
3953
6023
3865
3954
6024
3866
3955
6025
3867
3956
6026
3868
3957
6027
3869
3958
6028
3959
6029
3871
3960
6030
3872
3961
6031
3873
3962
6032
3874
3963
6033
3875
3964
6034
3876
3965
6035
3877
3966
6036
3878
3967
6037
3879
3968
6038
3880
3969
6039
3881
3970
6040
3882
3971
6041
3883
3972
6042
3884
3973
6043
3885
3974
6044
3886
3975
6045
3887
3976
6046
3888
3977
6047
3889
3978
6048
3890
3979
6049
3891
3980
6050
3892
3981
6051
3893
3982
6052
3894
3983
6053
3895
3984
6054
3896
3985
6055
3897
3986
6056
3898
3987
6057
3899
3988
6058
3900
3989
6059
3901
3990
6060
3902
3991
6061
3903
3992
6062
3904
3993
6063
3905
3994
6064
3906
3995
6065
3907
3996
6066
3908
3997
6067
3909
3998
6068
3910
3999
6069
3911
4000
6070
3912
4001
6071
3913
4002
6072
3914
4003
6073
3915
4004
6074
3916
4005
6075
3917
4006
6076
3918
4007
6077
3919
4008
6078
3920
4009
6079
3921
4010
6080
3922
4011
6081
3923
4012
6082
3924
4013
6083
3925
4014
6084
3926
4015
6085
3927
4016
6086
3928
4017
6087
3929
4018
6088
3930
4019
6089
3931
4020
6090
3932
4021
6091
3933
4022
6092
3934
4023
6093
3935
4024
6094
3936
4025
6095
3937
4026
6096
3938
4027
6097
3939
4028
6098
3940
4029
6099
3941
4030
6100
3942
4031
6101
3943
4032
6102
3944
4033
6103
3945
4034
6104
3946
4035
6105
3947
4036
6106
3948
4037
6107
3949
4038
6108
3950
4039
6109
3951
4040
6110
3952
4041
6111
3953
4042
6112
3954
4043
6113
3955
4044
6114
3956
4045
6115
3957
4046
6116
3958
4047
6117
3959
4048
6118
4049
6119
3961
4050
6120
3962
4051
6121
3963
4052
6122
3964
4053
6123
3965
4054
6124
3966
4055
6125
3967
4056
6126
3968
4057
6127
3969
4058
6128
3970
4059
6129
3971
4060
6130
3972
4061
6131
3973
4062
6132
3974
4063
6133
3975
4064
6134
3976
4065
6135
3977
4066
6136
3978
4067
6137
3979
4068
6138
3980
4069
6139
3981
4070
6140
3982
4071
6141
3983
4072
6142
3984
4073
6143
3985
4074
6144
3986
4075
6145
3987
4076
6146
3988
4077
6147
3989
4078
6148
3990
4079
6149
3991
4080
6150
3992
4081
6151
3993
4082
6152
3994
4083
6153
3995
4084
6154
3996
4085
6155
3997
4086
6156
3998
4087
6157
3999
4088
6158
4000
4089
6159
4001
4090
6160
4002
4091
6161
4003
4092
6162
4004
4093
6163
4005
4094
6164
4006
4095
6165
4007
4096
6166
4008
4097
6167
4009
4098
6168
4010
4099
6169
4011
4100
6170
4012
4101
6171
4013
4102
6172
4014
4103
6173
4015
4104
6174
4016
4105
6175
4017
4106
6176
4018
4107
6177
4019
4108
6178
4020
4109
6179
4021
4110
6180
4022
4111
6181
4023
4112
6182
4024
4113
6183
4025
4114
6184
4026
4115
6185
4027
4116
6186
4028
4117
6187
4029
4118
6188
4030
4119
6189
4031
4120
6190
4032
4121
6191
4033
4122
6192
4034
4123
6193
4035
4124
6194
4036
4125
6195
4037
4126
6196
4038
4127
6197
4039
4128
6198
4040
4129
6199
4041
4130
6200
4042
4131
6201
4043
4132
6202
4044
4133
6203
4045
4134
6204
4046
4135
6205
4047
4136
6206
4048
4137
6207
4049
4138
6208
4139
6209
4051
4140
6210
4052
4141
6211
4053
4142
6212
4054
4143
6213
4055
4144
6214
4056
4145
6215
4057
4146
6216
4058
4147
6217
4059
4148
6218
4060
4149
6219
4061
4150
6220
4062
4151
6221
4063
4152
6222
4064
4153
6223
4065
4154
6224
4066
4155
6225
4067
4156
6226
4068
4157
6227
4069
4158
6228
4070
4159
6229
4071
4160
6230
4072
4161
6231
4073
4162
6232
4074
4163
6233
4075
4164
6234
4076
4165
6235
4077
4166
6236
4078
4167
6237
4079
4168
6238
4080
4169
6239
4081
4170
6240
4082
4171
6241
4083
4172
6242
4084
4173
6243
4085
4174
6244
4086
4175
6245
4087
4176
6246
4088
4177
6247
4089
4178
6248
4090
4179
6249
4091
4180
6250
4092
4181
6251
4093
4182
6252
4094
4183
6253
4095
4184
6254
4096
4185
6255
4097
4186
6256
4098
4187
6257
4099
4188
6258
4100
4189
6259
4101
4190
6260
4102
4191
6261
4103
4192
6262
4104
4193
6263
4105
4194
6264
4106
4195
6265
4107
4196
6266
4108
4197
6267
4109
4198
6268
4110
4199
6269
4111
4200
6270
4112
4201
6271
4113
4202
6272
4114
4203
6273
4115
4204
6274
4116
4205
6275
4117
4206
6276
4118
4207
6277
4119
4208
6278
4120
4209
6279
4121
4210
6280
4122
4211
6281
4123
4212
6282
4124
4213
6283
4125
4214
6284
4126
4215
6285
4127
4216
6286
4128
4217
6287
4129
4218
6288
4130
4219
6289
4131
4220
6290
4132
4221
6291
4133
4222
6292
4134
4223
6293
4135
4224
6294
4136
4225
6295
4137
4226
6296
4138
4227
6297
4139
4228
6298
4229
6299
4141
4230
6300
4142
4231
6301
4143
4232
6302
4144
4233
6303
4145
4234
6304
4146
4235
6305
4147
4236
6306
4148
4237
6307
4149
4238
6308
4150
4239
6309
4151
4240
6310
4152
4241
6311
4153
4242
6312
4154
4243
6313
4155
4244
6314
4156
4245
6315
4157
4246
6316
4158
4247
6317
4159
4248
6318
4160
4249
6319
4161
4250
6320
4162
4251
6321
4163
4252
6322
4164
4253
6323
4165
4254
6324
4166
4255
6325
4167
4256
6326
4168
4257
6327
4169
4258
6328
4170
4259
6329
4171
4260
6330
4172
4261
6331
4173
4262
6332
4174
4263
6333
4175
4264
6334
4176
4265
6335
4177
4266
6336
4178
4267
6337
4179
4268
6338
4180
4269
6339
4181
4270
6340
4182
4271
6341
4183
4272
6342
4184
4273
6343
4185
4274
6344
4186
4275
6345
4187
4276
6346
4188
4277
6347
4189
4278
6348
4190
4279
6349
4191
4280
6350
4192
4281
6351
4193
4282
6352
4194
4283
6353
4195
4284
6354
4196
4285
6355
4197
4286
6356
4198
4287
6357
4199
4288
6358
4200
4289
6359
4201
4290
6360
4202
4291
6361
4203
4292
6362
4204
4293
6363
4205
4294
6364
4206
4295
6365
4207
4296
6366
4208
4297
6367
4209
4298
6368
4210
4299
6369
4211
4300
6370
4212
4301
6371
4213
4302
6372
4214
4303
6373
4215
4304
6374
4216
4305
6375
4217
4306
6376
4218
4307
6377
4219
4308
6378
4220
4309
6379
4221
4310
6380
4222
4311
6381
4223
4312
6382
4224
4313
6383
4225
4314
6384
4226
4315
6385
4227
4316
6386
4228
4317
6387
4229
4318
6388
4319
6389
4231
6390
4232
6391
4233
6392
4234
6393
4235
6394
4236
6395
4237
6396
4238
6397
4239
6398
4240
6399
4241
6400
4242
6401
4243
6402
4244
6403
4245
6404
4246
6405
4247
6406
4248
6407
4249
6408
4250
6409
4251
6410
4252
6411
4253
6412
4254
6413
4255
6414
4256
6415
4257
6416
4258
6417
4259
6418
4260
6419
4261
6420
4262
6421
4263
6422
4264
6423
4265
6424
4266
6425
4267
6426
4268
6427
4269
6428
4270
6429
4271
6430
4272
6431
4273
6432
4274
6433
4275
6434
4276
6435
4277
6436
4278
6437
4279
6438
4280
6439
4281
6440
4282
6441
4283
6442
4284
6443
4285
6444
4286
6445
4287
6446
4288
6447
4289
6448
4290
6449
4291
6450
4292
6451
4293
6452
4294
6453
4295
6454
4296
6455
4297
6456
4298
6457
4299
6458
4300
6459
4301
6460
4302
6461
4303
6462
4304
6463
4305
6464
4306
6465
4307
6466
4308
6467
4309
6468
4310
6469
4311
6470
4312
6471
4313
6472
4314
6473
4315
6474
4316
6475
4317
6476
4318
6477
4319
6478
6479
4321
4410
6480
4322
4411
6481
4323
4412
6482
4324
4413
6483
4325
4414
6484
4326
4415
6485
4327
4416
6486
4328
4417
6487
4329
4418
6488
4330
4419
6489
4331
4420
6490
4332
4421
6491
4333
4422
6492
4334
4423
6493
4335
4424
6494
4336
4425
6495
4337
4426
6496
4338
4427
6497
4339
4428
6498
4340
4429
6499
4341
4430
6500
4342
4431
6501
4343
4432
6502
4344
4433
6503
4345
4434
6504
4346
4435
6505
4347
4436
6506
4348
4437
6507
4349
4438
6508
4350
4439
6509
4351
4440
6510
4352
4441
6511
4353
4442
6512
4354
4443
6513
4355
4444
6514
4356
4445
6515
4357
4446
6516
4358
4447
6517
4359
4448
6518
4360
4449
6519
4361
4450
6520
4362
4451
6521
4363
4452
6522
4364
4453
6523
4365
4454
6524
4366
4455
6525
4367
4456
6526
4368
4457
6527
4369
4458
6528
4370
4459
6529
4371
4460
6530
4372
4461
6531
4373
4462
6532
4374
4463
6533
4375
4464
6534
4376
4465
6535
4377
4466
6536
4378
4467
6537
4379
4468
6538
4380
4469
6539
4381
4470
6540
4382
4471
6541
4383
4472
6542
4384
4473
6543
4385
4474
6544
4386
4475
6545
4387
4476
6546
4388
4477
6547
4389
4478
6548
4390
4479
6549
4391
4480
6550
4392
4481
6551
4393
4482
6552
4394
4483
6553
4395
4484
6554
4396
4485
6555
4397
4486
6556
4398
4487
6557
4399
4488
6558
4400
4489
6559
4401
4490
6560
4402
4491
6561
4403
4492
6562
4404
4493
6563
4405
4494
6564
4406
4495
6565
4407
4496
6566
4408
4497
6567
4409
4498
6568
4499
6569
4411
4500
6570
4412
4501
6571
4413
4502
6572
4414
4503
6573
4415
4504
6574
4416
4505
6575
4417
4506
6576
4418
4507
6577
4419
4508
6578
4420
4509
6579
4421
4510
6580
4422
4511
6581
4423
4512
6582
4424
4513
6583
4425
4514
6584
4426
4515
6585
4427
4516
6586
4428
4517
6587
4429
4518
6588
4430
4519
6589
4431
4520
6590
4432
4521
6591
4433
4522
6592
4434
4523
6593
4435
4524
6594
4436
4525
6595
4437
4526
6596
4438
4527
6597
4439
4528
6598
4440
4529
6599
4441
4530
6600
4442
4531
6601
4443
4532
6602
4444
4533
6603
4445
4534
6604
4446
4535
6605
4447
4536
6606
4448
4537
6607
4449
4538
6608
4450
4539
6609
4451
4540
6610
4452
4541
6611
4453
4542
6612
4454
4543
6613
4455
4544
6614
4456
4545
6615
4457
4546
6616
4458
4547
6617
4459
4548
6618
4460
4549
6619
4461
4550
6620
4462
4551
6621
4463
4552
6622
4464
4553
6623
4465
4554
6624
4466
4555
6625
4467
4556
6626
4468
4557
6627
4469
4558
6628
4470
4559
6629
4471
4560
6630
4472
4561
6631
4473
4562
6632
4474
4563
6633
4475
4564
6634
4476
4565
6635
4477
4566
6636
4478
4567
6637
4479
4568
6638
4480
4569
6639
4481
4570
6640
4482
4571
6641
4483
4572
6642
4484
4573
6643
4485
4574
6644
4486
4575
6645
4487
4576
6646
4488
4577
6647
4489
4578
6648
4490
4579
6649
4491
4580
6650
4492
4581
6651
4493
4582
6652
4494
4583
6653
4495
4584
6654
4496
4585
6655
4497
4586
6656
4498
4587
6657
4499
4588
6658
4589
6659
4501
4590
6660
4502
4591
6661
4503
4592
6662
4504
4593
6663
4505
4594
6664
4506
4595
6665
4507
4596
6666
4508
4597
6667
4509
4598
6668
4510
4599
6669
4511
4600
6670
4512
4601
6671
4513
4602
6672
4514
4603
6673
4515
4604
6674
4516
4605
6675
4517
4606
6676
4518
4607
6677
4519
4608
6678
4520
4609
6679
4521
4610
6680
4522
4611
6681
4523
4612
6682
4524
4613
6683
4525
4614
6684
4526
4615
6685
4527
4616
6686
4528
4617
6687
4529
4618
6688
4530
4619
6689
4531
4620
6690
4532
4621
6691
4533
4622
6692
4534
4623
6693
4535
4624
6694
4536
4625
6695
4537
4626
6696
4538
4627
6697
4539
4628
6698
4540
4629
6699
4541
4630
6700
4542
4631
6701
4543
4632
6702
4544
4633
6703
4545
4634
6704
4546
4635
6705
4547
4636
6706
4548
4637
6707
4549
4638
6708
4550
4639
6709
4551
4640
6710
4552
4641
6711
4553
4642
6712
4554
4643
6713
4555
4644
6714
4556
4645
6715
4557
4646
6716
4558
4647
6717
4559
4648
6718
4560
4649
6719
4561
4650
6720
4562
4651
6721
4563
4652
6722
4564
4653
6723
4565
4654
6724
4566
4655
6725
4567
4656
6726
4568
4657
6727
4569
4658
6728
4570
4659
6729
4571
4660
6730
4572
4661
6731
4573
4662
6732
4574
4663
6733
4575
4664
6734
4576
4665
6735
4577
4666
6736
4578
4667
6737
4579
4668
6738
4580
4669
6739
4581
4670
6740
4582
4671
6741
4583
4672
6742
4584
4673
6743
4585
4674
6744
4586
4675
6745
4587
4676
6746
4588
4677
6747
4589
4678
6748
4679
6749
4591
4680
6750
4592
4681
6751
4593
4682
6752
4594
4683
6753
4595
4684
6754
4596
4685
6755
4597
4686
6756
4598
4687
6757
4599
4688
6758
4600
4689
6759
4601
4690
6760
4602
4691
6761
4603
4692
6762
4604
4693
6763
4605
4694
6764
4606
4695
6765
4607
4696
6766
4608
4697
6767
4609
4698
6768
4610
4699
6769
4611
4700
6770
4612
4701
6771
4613
4702
6772
4614
4703
6773
4615
4704
6774
4616
4705
6775
4617
4706
6776
4618
4707
6777
4619
4708
6778
4620
4709
6779
4621
4710
6780
4622
4711
6781
4623
4712
6782
4624
4713
6783
4625
4714
6784
4626
4715
6785
4627
4716
6786
4628
4717
6787
4629
4718
6788
4630
4719
6789
4631
4720
6790
4632
4721
6791
4633
4722
6792
4634
4723
6793
4635
4724
6794
4636
4725
6795
4637
4726
6796
4638
4727
6797
4639
4728
6798
4640
4729
6799
4641
4730
6800
4642
4731
6801
4643
4732
6802
4644
4733
6803
4645
4734
6804
4646
4735
6805
4647
4736
6806
4648
4737
6807
4649
4738
6808
4650
4739
6809
4651
4740
6810
4652
4741
6811
4653
4742
6812
4654
4743
6813
4655
4744
6814
4656
4745
6815
4657
4746
6816
4658
4747
6817
4659
4748
6818
4660
4749
6819
4661
4750
6820
4662
4751
6821
4663
4752
6822
4664
4753
6823
4665
4754
6824
4666
4755
6825
4667
4756
6826
4668
4757
6827
4669
4758
6828
4670
4759
6829
4671
4760
6830
4672
4761
6831
4673
4762
6832
4674
4763
6833
4675
4764
6834
4676
4765
6835
4677
4766
6836
4678
4767
6837
4679
4768
6838
4769
6839
4681
4770
6840
4682
4771
6841
4683
4772
6842
4684
4773
6843
4685
4774
6844
4686
4775
6845
4687
4776
6846
4688
4777
6847
4689
4778
6848
4690
4779
6849
4691
4780
6850
4692
4781
6851
4693
4782
6852
4694
4783
6853
4695
4784
6854
4696
4785
6855
4697
4786
6856
4698
4787
6857
4699
4788
6858
4700
4789
6859
4701
4790
6860
4702
4791
6861
4703
4792
6862
4704
4793
6863
4705
4794
6864
4706
4795
6865
4707
4796
6866
4708
4797
6867
4709
4798
6868
4710
4799
6869
4711
4800
6870
4712
4801
6871
4713
4802
6872
4714
4803
6873
4715
4804
6874
4716
4805
6875
4717
4806
6876
4718
4807
6877
4719
4808
6878
4720
4809
6879
4721
4810
6880
4722
4811
6881
4723
4812
6882
4724
4813
6883
4725
4814
6884
4726
4815
6885
4727
4816
6886
4728
4817
6887
4729
4818
6888
4730
4819
6889
4731
4820
6890
4732
4821
6891
4733
4822
6892
4734
4823
6893
4735
4824
6894
4736
4825
6895
4737
4826
6896
4738
4827
6897
4739
4828
6898
4740
4829
6899
4741
4830
6900
4742
4831
6901
4743
4832
6902
4744
4833
6903
4745
4834
6904
4746
4835
6905
4747
4836
6906
4748
4837
6907
4749
4838
6908
4750
4839
6909
4751
4840
6910
4752
4841
6911
4753
4842
6912
4754
4843
6913
4755
4844
6914
4756
4845
6915
4757
4846
6916
4758
4847
6917
4759
4848
6918
4760
4849
6919
4761
4850
6920
4762
4851
6921
4763
4852
6922
4764
4853
6923
4765
4854
6924
4766
4855
6925
4767
4856
6926
4768
4857
6927
4769
4858
6928
4859
6929
4771
4860
6930
4772
4861
6931
4773
4862
6932
4774
4863
6933
4775
4864
6934
4776
4865
6935
4777
4866
6936
4778
4867
6937
4779
4868
6938
4780
4869
6939
4781
4870
6940
4782
4871
6941
4783
4872
6942
4784
4873
6943
4785
4874
6944
4786
4875
6945
4787
4876
6946
4788
4877
6947
4789
4878
6948
4790
4879
6949
4791
4880
6950
4792
4881
6951
4793
4882
6952
4794
4883
6953
4795
4884
6954
4796
4885
6955
4797
4886
6956
4798
4887
6957
4799
4888
6958
4800
4889
6959
4801
4890
6960
4802
4891
6961
4803
4892
6962
4804
4893
6963
4805
4894
6964
4806
4895
6965
4807
4896
6966
4808
4897
6967
4809
4898
6968
4810
4899
6969
4811
4900
6970
4812
4901
6971
4813
4902
6972
4814
4903
6973
4815
4904
6974
4816
4905
6975
4817
4906
6976
4818
4907
6977
4819
4908
6978
4820
4909
6979
4821
4910
6980
4822
4911
6981
4823
4912
6982
4824
4913
6983
4825
4914
6984
4826
4915
6985
4827
4916
6986
4828
4917
6987
4829
4918
6988
4830
4919
6989
4831
4920
6990
4832
4921
6991
4833
4922
6992
4834
4923
6993
4835
4924
6994
4836
4925
6995
4837
4926
6996
4838
4927
6997
4839
4928
6998
4840
4929
6999
4841
4930
7000
4842
4931
7001
4843
4932
7002
4844
4933
7003
4845
4934
7004
4846
4935
7005
4847
4936
7006
4848
4937
7007
4849
4938
7008
4850
4939
7009
4851
4940
7010
4852
4941
7011
4853
4942
7012
4854
4943
7013
4855
4944
7014
4856
4945
7015
4857
4946
7016
4858
4947
7017
4859
4948
7018
4949
7019
4861
4950
7020
4862
4951
7021
4863
4952
7022
4864
4953
7023
4865
4954
7024
4866
4955
7025
4867
4956
7026
4868
4957
7027
4869
4958
7028
4870
4959
7029
4871
4960
7030
4872
4961
7031
4873
4962
7032
4874
4963
7033
4875
4964
7034
4876
4965
7035
4877
4966
7036
4878
4967
7037
4879
4968
7038
4880
4969
7039
4881
4970
7040
4882
4971
7041
4883
4972
7042
4884
4973
7043
4885
4974
7044
4886
4975
7045
4887
4976
7046
4888
4977
7047
4889
4978
7048
4890
4979
7049
4891
4980
7050
4892
4981
7051
4893
4982
7052
4894
4983
7053
4895
4984
7054
4896
4985
7055
4897
4986
7056
4898
4987
7057
4899
4988
7058
4900
4989
7059
4901
4990
7060
4902
4991
7061
4903
4992
7062
4904
4993
7063
4905
4994
7064
4906
4995
7065
4907
4996
7066
4908
4997
7067
4909
4998
7068
4910
4999
7069
4911
5000
7070
4912
5001
7071
4913
5002
7072
4914
5003
7073
4915
5004
7074
4916
5005
7075
4917
5006
7076
4918
5007
7077
4919
5008
7078
4920
5009
7079
4921
5010
7080
4922
5011
7081
4923
5012
7082
4924
5013
7083
4925
5014
7084
4926
5015
7085
4927
5016
7086
4928
5017
7087
4929
5018
7088
4930
5019
7089
4931
5020
7090
4932
5021
7091
4933
5022
7092
4934
5023
7093
4935
5024
7094
4936
5025
7095
4937
5026
7096
4938
5027
7097
4939
5028
7098
4940
5029
7099
4941
5030
7100
4942
5031
7101
4943
5032
7102
4944
5033
7103
4945
5034
7104
4946
5035
7105
4947
5036
7106
4948
5037
7107
4949
5038
7108
5039
7109
4951
5040
7110
4952
5041
7111
4953
5042
7112
4954
5043
7113
4955
5044
7114
4956
5045
7115
4957
5046
7116
4958
5047
7117
4959
5048
7118
4960
5049
7119
4961
5050
7120
4962
5051
7121
4963
5052
7122
4964
5053
7123
4965
5054
7124
4966
5055
7125
4967
5056
7126
4968
5057
7127
4969
5058
7128
4970
5059
7129
4971
5060
7130
4972
5061
7131
4973
5062
7132
4974
5063
7133
4975
5064
7134
4976
5065
7135
4977
5066
7136
4978
5067
7137
4979
5068
7138
4980
5069
7139
4981
5070
7140
4982
5071
7141
4983
5072
7142
4984
5073
7143
4985
5074
7144
4986
5075
7145
4987
5076
7146
4988
5077
7147
4989
5078
7148
4990
5079
7149
4991
5080
7150
4992
5081
7151
4993
5082
7152
4994
5083
7153
4995
5084
7154
4996
5085
7155
4997
5086
7156
4998
5087
7157
4999
5088
7158
5000
5089
7159
5001
5090
7160
5002
5091
7161
5003
5092
7162
5004
5093
7163
5005
5094
7164
5006
5095
7165
5007
5096
7166
5008
5097
7167
5009
5098
7168
5010
5099
7169
5011
5100
7170
5012
5101
7171
5013
5102
7172
5014
5103
7173
5015
5104
7174
5016
5105
7175
5017
5106
7176
5018
5107
7177
5019
5108
7178
5020
5109
7179
5021
5110
7180
5022
5111
7181
5023
5112
7182
5024
5113
7183
5025
5114
7184
5026
5115
7185
5027
5116
7186
5028
5117
7187
5029
5118
7188
5030
5119
7189
5031
5120
7190
5032
5121
7191
5033
5122
7192
5034
5123
7193
5035
5124
7194
5036
5125
7195
5037
5126
7196
5038
5127
7197
5039
5128
7198
5129
7199
5041
5130
7200
5042
5131
7201
5043
5132
7202
5044
5133
7203
5045
5134
7204
5046
5135
7205
5047
5136
7206
5048
5137
7207
5049
5138
7208
5050
5139
7209
5051
5140
7210
5052
5141
7211
5053
5142
7212
5054
5143
7213
5055
5144
7214
5056
5145
7215
5057
5146
7216
5058
5147
7217
5059
5148
7218
5060
5149
7219
5061
5150
7220
5062
5151
7221
5063
5152
7222
5064
5153
7223
5065
5154
7224
5066
5155
7225
5067
5156
7226
5068
5157
7227
5069
5158
7228
5070
5159
7229
5071
5160
7230
5072
5161
7231
5073
5162
7232
5074
5163
7233
5075
5164
7234
5076
5165
7235
5077
5166
7236
5078
5167
7237
5079
5168
7238
5080
5169
7239
5081
5170
7240
5082
5171
7241
5083
5172
7242
5084
5173
7243
5085
5174
7244
5086
5175
7245
5087
5176
7246
5088
5177
7247
5089
5178
7248
5090
5179
7249
5091
5180
7250
5092
5181
7251
5093
5182
7252
5094
5183
7253
5095
5184
7254
5096
5185
7255
5097
5186
7256
5098
5187
7257
5099
5188
7258
5100
5189
7259
5101
5190
7260
5102
5191
7261
5103
5192
7262
5104
5193
7263
5105
5194
7264
5106
5195
7265
5107
5196
7266
5108
5197
7267
5109
5198
7268
5110
5199
7269
5111
5200
7270
5112
5201
7271
5113
5202
7272
5114
5203
7273
5115
5204
7274
5116
5205
7275
5117
5206
7276
5118
5207
7277
5119
5208
7278
5120
5209
7279
5121
5210
7280
5122
5211
7281
5123
5212
7282
5124
5213
7283
5125
5214
7284
5126
5215
7285
5127
5216
7286
5128
5217
7287
5129
5218
7288
5219
7289
5131
5220
7290
5132
5221
7291
5133
5222
7292
5134
5223
7293
5135
5224
7294
5136
5225
7295
5137
5226
7296
5138
5227
7297
5139
5228
7298
5140
5229
7299
5141
5230
7300
5142
5231
7301
5143
5232
7302
5144
5233
7303
5145
5234
7304
5146
5235
7305
5147
5236
7306
5148
5237
7307
5149
5238
7308
5150
5239
7309
5151
5240
7310
5152
5241
7311
5153
5242
7312
5154
5243
7313
5155
5244
7314
5156
5245
7315
5157
5246
7316
5158
5247
7317
5159
5248
7318
5160
5249
7319
5161
5250
7320
5162
5251
7321
5163
5252
7322
5164
5253
7323
5165
5254
7324
5166
5255
7325
5167
5256
7326
5168
5257
7327
5169
5258
7328
5170
5259
7329
5171
5260
7330
5172
5261
7331
5173
5262
7332
5174
5263
7333
5175
5264
7334
5176
5265
7335
5177
5266
7336
5178
5267
7337
5179
5268
7338
5180
5269
7339
5181
5270
7340
5182
5271
7341
5183
5272
7342
5184
5273
7343
5185
5274
7344
5186
5275
7345
5187
5276
7346
5188
5277
7347
5189
5278
7348
5190
5279
7349
5191
5280
7350
5192
5281
7351
5193
5282
7352
5194
5283
7353
5195
5284
7354
5196
5285
7355
5197
5286
7356
5198
5287
7357
5199
5288
7358
5200
5289
7359
5201
5290
7360
5202
5291
7361
5203
5292
7362
5204
5293
7363
5205
5294
7364
5206
5295
7365
5207
5296
7366
5208
5297
7367
5209
5298
7368
5210
5299
7369
5211
5300
7370
5212
5301
7371
5213
5302
7372
5214
5303
7373
5215
5304
7374
5216
5305
7375
5217
5306
7376
5218
5307
7377
5219
5308
7378
5309
7379
5221
5310
7380
5222
5311
7381
5223
5312
7382
5224
5313
7383
5225
5314
7384
5226
5315
7385
5227
5316
7386
5228
5317
7387
5229
5318
7388
5230
5319
7389
5231
5320
7390
5232
5321
7391
5233
5322
7392
5234
5323
7393
5235
5324
7394
5236
5325
7395
5237
5326
7396
5238
5327
7397
5239
5328
7398
5240
5329
7399
5241
5330
7400
5242
5331
7401
5243
5332
7402
5244
5333
7403
5245
5334
7404
5246
5335
7405
5247
5336
7406
5248
5337
7407
5249
5338
7408
5250
5339
7409
5251
5340
7410
5252
5341
7411
5253
5342
7412
5254
5343
7413
5255
5344
7414
5256
5345
7415
5257
5346
7416
5258
5347
7417
5259
5348
7418
5260
5349
7419
5261
5350
7420
5262
5351
7421
5263
5352
7422
5264
5353
7423
5265
5354
7424
5266
5355
7425
5267
5356
7426
5268
5357
7427
5269
5358
7428
5270
5359
7429
5271
5360
7430
5272
5361
7431
5273
5362
7432
5274
5363
7433
5275
5364
7434
5276
5365
7435
5277
5366
7436
5278
5367
7437
5279
5368
7438
5280
5369
7439
5281
5370
7440
5282
5371
7441
5283
5372
7442
5284
5373
7443
5285
5374
7444
5286
5375
7445
5287
5376
7446
5288
5377
7447
5289
5378
7448
5290
5379
7449
5291
5380
7450
5292
5381
7451
5293
5382
7452
5294
5383
7453
5295
5384
7454
5296
5385
7455
5297
5386
7456
5298
5387
7457
5299
5388
7458
5300
5389
7459
5301
5390
7460
5302
5391
7461
5303
5392
7462
5304
5393
7463
5305
5394
7464
5306
5395
7465
5307
5396
7466
5308
5397
7467
5309
5398
7468
5399
7469
5311
5400
7470
5312
5401
7471
5313
5402
7472
5314
5403
7473
5315
5404
7474
5316
5405
7475
5317
5406
7476
5318
5407
7477
5319
5408
7478
5320
5409
7479
5321
5410
7480
5322
5411
7481
5323
5412
7482
5324
5413
7483
5325
5414
7484
5326
5415
7485
5327
5416
7486
5328
5417
7487
5329
5418
7488
5330
5419
7489
5331
5420
7490
5332
5421
7491
5333
5422
7492
5334
5423
7493
5335
5424
7494
5336
5425
7495
5337
5426
7496
5338
5427
7497
5339
5428
7498
5340
5429
7499
5341
5430
7500
5342
5431
7501
5343
5432
7502
5344
5433
7503
5345
5434
7504
5346
5435
7505
5347
5436
7506
5348
5437
7507
5349
5438
7508
5350
5439
7509
5351
5440
7510
5352
5441
7511
5353
5442
7512
5354
5443
7513
5355
5444
7514
5356
5445
7515
5357
5446
7516
5358
5447
7517
5359
5448
7518
5360
5449
7519
5361
5450
7520
5362
5451
7521
5363
5452
7522
5364
5453
7523
5365
5454
7524
5366
5455
7525
5367
5456
7526
5368
5457
7527
5369
5458
7528
5370
5459
7529
5371
5460
7530
5372
5461
7531
5373
5462
7532
5374
5463
7533
5375
5464
7534
5376
5465
7535
5377
5466
7536
5378
5467
7537
5379
5468
7538
5380
5469
7539
5381
5470
7540
5382
5471
7541
5383
5472
7542
5384
5473
7543
5385
5474
7544
5386
5475
7545
5387
5476
7546
5388
5477
7547
5389
5478
7548
5390
5479
7549
5391
5480
7550
5392
5481
7551
5393
5482
7552
5394
5483
7553
5395
5484
7554
5396
5485
7555
5397
5486
7556
5398
5487
7557
5399
5488
7558
5489
7559
5401
5490
7560
5402
5491
7561
5403
5492
7562
5404
5493
7563
5405
5494
7564
5406
5495
7565
5407
5496
7566
5408
5497
7567
5409
5498
7568
5410
5499
7569
5411
5500
7570
5412
5501
7571
5413
5502
7572
5414
5503
7573
5415
5504
7574
5416
5505
7575
5417
5506
7576
5418
5507
7577
5419
5508
7578
5420
5509
7579
5421
5510
7580
5422
5511
7581
5423
5512
7582
5424
5513
7583
5425
5514
7584
5426
5515
7585
5427
5516
7586
5428
5517
7587
5429
5518
7588
5430
5519
7589
5431
5520
7590
5432
5521
7591
5433
5522
7592
5434
5523
7593
5435
5524
7594
5436
5525
7595
5437
5526
7596
5438
5527
7597
5439
5528
7598
5440
5529
7599
5441
5530
7600
5442
5531
7601
5443
5532
7602
5444
5533
7603
5445
5534
7604
5446
5535
7605
5447
5536
7606
5448
5537
7607
5449
5538
7608
5450
5539
7609
5451
5540
7610
5452
5541
7611
5453
5542
7612
5454
5543
7613
5455
5544
7614
5456
5545
7615
5457
5546
7616
5458
5547
7617
5459
5548
7618
5460
5549
7619
5461
5550
7620
5462
5551
7621
5463
5552
7622
5464
5553
7623
5465
5554
7624
5466
5555
7625
5467
5556
7626
5468
5557
7627
5469
5558
7628
5470
5559
7629
5471
5560
7630
5472
5561
7631
5473
5562
7632
5474
5563
7633
5475
5564
7634
5476
5565
7635
5477
5566
7636
5478
5567
7637
5479
5568
7638
5480
5569
7639
5481
5570
7640
5482
5571
7641
5483
5572
7642
5484
5573
7643
5485
5574
7644
5486
5575
7645
5487
5576
7646
5488
5577
7647
5489
5578
7648
5579
7649
5491
5580
7650
5492
5581
7651
5493
5582
7652
5494
5583
7653
5495
5584
7654
5496
5585
7655
5497
5586
7656
5498
5587
7657
5499
5588
7658
5500
5589
7659
5501
5590
7660
5502
5591
7661
5503
5592
7662
5504
5593
7663
5505
5594
7664
5506
5595
7665
5507
5596
7666
5508
5597
7667
5509
5598
7668
5510
5599
7669
5511
5600
7670
5512
5601
7671
5513
5602
7672
5514
5603
7673
5515
5604
7674
5516
5605
7675
5517
5606
7676
5518
5607
7677
5519
5608
7678
5520
5609
7679
5521
5610
7680
5522
5611
7681
5523
5612
7682
5524
5613
7683
5525
5614
7684
5526
5615
7685
5527
5616
7686
5528
5617
7687
5529
5618
7688
5530
5619
7689
5531
5620
7690
5532
5621
7691
5533
5622
7692
5534
5623
7693
5535
5624
7694
5536
5625
7695
5537
5626
7696
5538
5627
7697
5539
5628
7698
5540
5629
7699
5541
5630
7700
5542
5631
7701
5543
5632
7702
5544
5633
7703
5545
5634
7704
5546
5635
7705
5547
5636
7706
5548
5637
7707
5549
5638
7708
5550
5639
7709
5551
5640
7710
5552
5641
7711
5553
5642
7712
5554
5643
7713
5555
5644
7714
5556
5645
7715
5557
5646
7716
5558
5647
7717
5559
5648
7718
5560
5649
7719
5561
5650
7720
5562
5651
7721
5563
5652
7722
5564
5653
7723
5565
5654
7724
5566
5655
7725
5567
5656
7726
5568
5657
7727
5569
5658
7728
5570
5659
7729
5571
5660
7730
5572
5661
7731
5573
5662
7732
5574
5663
7733
5575
5664
7734
5576
5665
7735
5577
5666
7736
5578
5667
7737
5579
5668
7738
5669
7739
5581
5670
7740
5582
5671
7741
5583
5672
7742
5584
5673
7743
5585
5674
7744
5586
5675
7745
5587
5676
7746
5588
5677
7747
5589
5678
7748
5590
5679
7749
5591
5680
7750
5592
5681
7751
5593
5682
7752
5594
5683
7753
5595
5684
7754
5596
5685
7755
5597
5686
7756
5598
5687
7757
5599
5688
7758
5600
5689
7759
5601
5690
7760
5602
5691
7761
5603
5692
7762
5604
5693
7763
5605
5694
7764
5606
5695
7765
5607
5696
7766
5608
5697
7767
5609
5698
7768
5610
5699
7769
5611
5700
7770
5612
5701
7771
5613
5702
7772
5614
5703
7773
5615
5704
7774
5616
5705
7775
5617
5706
7776
5618
5707
7777
5619
5708
7778
5620
5709
7779
5621
5710
7780
5622
5711
7781
5623
5712
7782
5624
5713
7783
5625
5714
7784
5626
5715
7785
5627
5716
7786
5628
5717
7787
5629
5718
7788
5630
5719
7789
5631
5720
7790
5632
5721
7791
5633
5722
7792
5634
5723
7793
5635
5724
7794
5636
5725
7795
5637
5726
7796
5638
5727
7797
5639
5728
7798
5640
5729
7799
5641
5730
7800
5642
5731
7801
5643
5732
7802
5644
5733
7803
5645
5734
7804
5646
5735
7805
5647
5736
7806
5648
5737
7807
5649
5738
7808
5650
5739
7809
5651
5740
7810
5652
5741
7811
5653
5742
7812
5654
5743
7813
5655
5744
7814
5656
5745
7815
5657
5746
7816
5658
5747
7817
5659
5748
7818
5660
5749
7819
5661
5750
7820
5662
5751
7821
5663
5752
7822
5664
5753
7823
5665
5754
7824
5666
5755
7825
5667
5756
7826
5668
5757
7827
5669
5758
7828
5759
7829
5671
5760
7830
5672
5761
7831
5673
5762
7832
5674
5763
7833
5675
5764
7834
5676
5765
7835
5677
5766
7836
5678
5767
7837
5679
5768
7838
5680
5769
7839
5681
5770
7840
5682
5771
7841
5683
5772
7842
5684
5773
7843
5685
5774
7844
5686
5775
7845
5687
5776
7846
5688
5777
7847
5689
5778
7848
5690
5779
7849
5691
5780
7850
5692
5781
7851
5693
5782
7852
5694
5783
7853
5695
5784
7854
5696
5785
7855
5697
5786
7856
5698
5787
7857
5699
5788
7858
5700
5789
7859
5701
5790
7860
5702
5791
7861
5703
5792
7862
5704
5793
7863
5705
5794
7864
5706
5795
7865
5707
5796
7866
5708
5797
7867
5709
5798
7868
5710
5799
7869
5711
5800
7870
5712
5801
7871
5713
5802
7872
5714
5803
7873
5715
5804
7874
5716
5805
7875
5717
5806
7876
5718
5807
7877
5719
5808
7878
5720
5809
7879
5721
5810
7880
5722
5811
7881
5723
5812
7882
5724
5813
7883
5725
5814
7884
5726
5815
7885
5727
5816
7886
5728
5817
7887
5729
5818
7888
5730
5819
7889
5731
5820
7890
5732
5821
7891
5733
5822
7892
5734
5823
7893
5735
5824
7894
5736
5825
7895
5737
5826
7896
5738
5827
7897
5739
5828
7898
5740
5829
7899
5741
5830
7900
5742
5831
7901
5743
5832
7902
5744
5833
7903
5745
5834
7904
5746
5835
7905
5747
5836
7906
5748
5837
7907
5749
5838
7908
5750
5839
7909
5751
5840
7910
5752
5841
7911
5753
5842
7912
5754
5843
7913
5755
5844
7914
5756
5845
7915
5757
5846
7916
5758
5847
7917
5759
5848
7918
5849
7919
5761
5850
7920
5762
5851
7921
5763
5852
7922
5764
5853
7923
5765
5854
7924
5766
5855
7925
5767
5856
7926
5768
5857
7927
5769
5858
7928
5770
5859
7929
5771
5860
7930
5772
5861
7931
5773
5862
7932
5774
5863
7933
5775
5864
7934
5776
5865
7935
5777
5866
7936
5778
5867
7937
5779
5868
7938
5780
5869
7939
5781
5870
7940
5782
5871
7941
5783
5872
7942
5784
5873
7943
5785
5874
7944
5786
5875
7945
5787
5876
7946
5788
5877
7947
5789
5878
7948
5790
5879
7949
5791
5880
7950
5792
5881
7951
5793
5882
7952
5794
5883
7953
5795
5884
7954
5796
5885
7955
5797
5886
7956
5798
5887
7957
5799
5888
7958
5800
5889
7959
5801
5890
7960
5802
5891
7961
5803
5892
7962
5804
5893
7963
5805
5894
7964
5806
5895
7965
5807
5896
7966
5808
5897
7967
5809
5898
7968
5810
5899
7969
5811
5900
7970
5812
5901
7971
5813
5902
7972
5814
5903
7973
5815
5904
7974
5816
5905
7975
5817
5906
7976
5818
5907
7977
5819
5908
7978
5820
5909
7979
5821
5910
7980
5822
5911
7981
5823
5912
7982
5824
5913
7983
5825
5914
7984
5826
5915
7985
5827
5916
7986
5828
5917
7987
5829
5918
7988
5830
5919
7989
5831
5920
7990
5832
5921
7991
5833
5922
7992
5834
5923
7993
5835
5924
7994
5836
5925
7995
5837
5926
7996
5838
5927
7997
5839
5928
7998
5840
5929
7999
5841
5930
8000
5842
5931
8001
5843
5932
8002
5844
5933
8003
5845
5934
8004
5846
5935
8005
5847
5936
8006
5848
5937
8007
5849
5938
8008
5939
8009
5851
5940
8010
5852
5941
8011
5853
5942
8012
5854
5943
8013
5855
5944
8014
5856
5945
8015
5857
5946
8016
5858
5947
8017
5859
5948
8018
5860
5949
8019
5861
5950
8020
5862
5951
8021
5863
5952
8022
5864
5953
8023
5865
5954
8024
5866
5955
8025
5867
5956
8026
5868
5957
8027
5869
5958
8028
5870
5959
8029
5871
5960
8030
5872
5961
8031
5873
5962
8032
5874
5963
8033
5875
5964
8034
5876
5965
8035
5877
5966
8036
5878
5967
8037
5879
5968
8038
5880
5969
8039
5881
5970
8040
5882
5971
8041
5883
5972
8042
5884
5973
8043
5885
5974
8044
5886
5975
8045
5887
5976
8046
5888
5977
8047
5889
5978
8048
5890
5979
8049
5891
5980
8050
5892
5981
8051
5893
5982
8052
5894
5983
8053
5895
5984
8054
5896
5985
8055
5897
5986
8056
5898
5987
8057
5899
5988
8058
5900
5989
8059
5901
5990
8060
5902
5991
8061
5903
5992
8062
5904
5993
8063
5905
5994
8064
5906
5995
8065
5907
5996
8066
5908
5997
8067
5909
5998
8068
5910
5999
8069
5911
6000
8070
5912
6001
8071
5913
6002
8072
5914
6003
8073
5915
6004
8074
5916
6005
8075
5917
6006
8076
5918
6007
8077
5919
6008
8078
5920
6009
8079
5921
6010
8080
5922
6011
8081
5923
6012
8082
5924
6013
8083
5925
6014
8084
5926
6015
8085
5927
6016
8086
5928
6017
8087
5929
6018
8088
5930
6019
8089
5931
6020
8090
5932
6021
8091
5933
6022
8092
5934
6023
8093
5935
6024
8094
5936
6025
8095
5937
6026
8096
5938
6027
8097
5939
6028
8098
6029
8099
5941
6030
8100
5942
6031
8101
5943
6032
8102
5944
6033
8103
5945
6034
8104
5946
6035
8105
5947
6036
8106
5948
6037
8107
5949
6038
8108
5950
6039
8109
5951
6040
8110
5952
6041
8111
5953
6042
8112
5954
6043
8113
5955
6044
8114
5956
6045
8115
5957
6046
8116
5958
6047
8117
5959
6048
8118
5960
6049
8119
5961
6050
8120
5962
6051
8121
5963
6052
8122
5964
6053
8123
5965
6054
8124
5966
6055
8125
5967
6056
8126
5968
6057
8127
5969
6058
8128
5970
6059
8129
5971
6060
8130
5972
6061
8131
5973
6062
8132
5974
6063
8133
5975
6064
8134
5976
6065
8135
5977
6066
8136
5978
6067
8137
5979
6068
8138
5980
6069
8139
5981
6070
8140
5982
6071
8141
5983
6072
8142
5984
6073
8143
5985
6074
8144
5986
6075
8145
5987
6076
8146
5988
6077
8147
5989
6078
8148
5990
6079
8149
5991
6080
8150
5992
6081
8151
5993
6082
8152
5994
6083
8153
5995
6084
8154
5996
6085
8155
5997
6086
8156
5998
6087
8157
5999
6088
8158
6000
6089
8159
6001
6090
8160
6002
6091
8161
6003
6092
8162
6004
6093
8163
6005
6094
8164
6006
6095
8165
6007
6096
8166
6008
6097
8167
6009
6098
8168
6010
6099
8169
6011
6100
8170
6012
6101
8171
6013
6102
8172
6014
6103
8173
6015
6104
8174
6016
6105
8175
6017
6106
8176
6018
6107
8177
6019
6108
8178
6020
6109
8179
6021
6110
8180
6022
6111
8181
6023
6112
8182
6024
6113
8183
6025
6114
8184
6026
6115
8185
6027
6116
8186
6028
6117
8187
6029
6118
8188
6119
8189
6031
6120
8190
6032
6121
8191
6033
6122
8192
6034
6123
8193
6035
6124
8194
6036
6125
8195
6037
6126
8196
6038
6127
8197
6039
6128
8198
6040
6129
8199
6041
6130
8200
6042
6131
8201
6043
6132
8202
6044
6133
8203
6045
6134
8204
6046
6135
8205
6047
6136
8206
6048
6137
8207
6049
6138
8208
6050
6139
8209
6051
6140
8210
6052
6141
8211
6053
6142
8212
6054
6143
8213
6055
6144
8214
6056
6145
8215
6057
6146
8216
6058
6147
8217
6059
6148
8218
6060
6149
8219
6061
6150
8220
6062
6151
8221
6063
6152
8222
6064
6153
8223
6065
6154
8224
6066
6155
8225
6067
6156
8226
6068
6157
8227
6069
6158
8228
6070
6159
8229
6071
6160
8230
6072
6161
8231
6073
6162
8232
6074
6163
8233
6075
6164
8234
6076
6165
8235
6077
6166
8236
6078
6167
8237
6079
6168
8238
6080
6169
8239
6081
6170
8240
6082
6171
8241
6083
6172
8242
6084
6173
8243
6085
6174
8244
6086
6175
8245
6087
6176
8246
6088
6177
8247
6089
6178
8248
6090
6179
8249
6091
6180
8250
6092
6181
8251
6093
6182
8252
6094
6183
8253
6095
6184
8254
6096
6185
8255
6097
6186
8256
6098
6187
8257
6099
6188
8258
6100
6189
8259
6101
6190
8260
6102
6191
8261
6103
6192
8262
6104
6193
8263
6105
6194
8264
6106
6195
8265
6107
6196
8266
6108
6197
8267
6109
6198
8268
6110
6199
8269
6111
6200
8270
6112
6201
8271
6113
6202
8272
6114
6203
8273
6115
6204
8274
6116
6205
8275
6117
6206
8276
6118
6207
8277
6119
6208
8278
6209
8279
6121
6210
8280
6122
6211
8281
6123
6212
8282
6124
6213
8283
6125
6214
8284
6126
6215
8285
6127
6216
8286
6128
6217
8287
6129
6218
8288
6130
6219
8289
6131
6220
8290
6132
6221
8291
6133
6222
8292
6134
6223
8293
6135
6224
8294
6136
6225
8295
6137
6226
8296
6138
6227
8297
6139
6228
8298
6140
6229
8299
6141
6230
8300
6142
6231
8301
6143
6232
8302
6144
6233
8303
6145
6234
8304
6146
6235
8305
6147
6236
8306
6148
6237
8307
6149
6238
8308
6150
6239
8309
6151
6240
8310
6152
6241
8311
6153
6242
8312
6154
6243
8313
6155
6244
8314
6156
6245
8315
6157
6246
8316
6158
6247
8317
6159
6248
8318
6160
6249
8319
6161
6250
8320
6162
6251
8321
6163
6252
8322
6164
6253
8323
6165
6254
8324
6166
6255
8325
6167
6256
8326
6168
6257
8327
6169
6258
8328
6170
6259
8329
6171
6260
8330
6172
6261
8331
6173
6262
8332
6174
6263
8333
6175
6264
8334
6176
6265
8335
6177
6266
8336
6178
6267
8337
6179
6268
8338
6180
6269
8339
6181
6270
8340
6182
6271
8341
6183
6272
8342
6184
6273
8343
6185
6274
8344
6186
6275
8345
6187
6276
8346
6188
6277
8347
6189
6278
8348
6190
6279
8349
6191
6280
8350
6192
6281
8351
6193
6282
8352
6194
6283
8353
6195
6284
8354
6196
6285
8355
6197
6286
8356
6198
6287
8357
6199
6288
8358
6200
6289
8359
6201
6290
8360
6202
6291
8361
6203
6292
8362
6204
6293
8363
6205
6294
8364
6206
6295
8365
6207
6296
8366
6208
6297
8367
6209
6298
8368
6299
8369
6211
6300
8370
6212
6301
8371
6213
6302
8372
6214
6303
8373
6215
6304
8374
6216
6305
8375
6217
6306
8376
6218
6307
8377
6219
6308
8378
6220
6309
8379
6221
6310
8380
6222
6311
8381
6223
6312
8382
6224
6313
8383
6225
6314
8384
6226
6315
8385
6227
6316
8386
6228
6317
8387
6229
6318
8388
6230
6319
8389
6231
6320
8390
6232
6321
8391
6233
6322
8392
6234
6323
8393
6235
6324
8394
6236
6325
8395
6237
6326
8396
6238
6327
8397
6239
6328
8398
6240
6329
8399
6241
6330
8400
6242
6331
8401
6243
6332
8402
6244
6333
8403
6245
6334
8404
6246
6335
8405
6247
6336
8406
6248
6337
8407
6249
6338
8408
6250
6339
8409
6251
6340
8410
6252
6341
8411
6253
6342
8412
6254
6343
8413
6255
6344
8414
6256
6345
8415
6257
6346
8416
6258
6347
8417
6259
6348
8418
6260
6349
8419
6261
6350
8420
6262
6351
8421
6263
6352
8422
6264
6353
8423
6265
6354
8424
6266
6355
8425
6267
6356
8426
6268
6357
8427
6269
6358
8428
6270
6359
8429
6271
6360
8430
6272
6361
8431
6273
6362
8432
6274
6363
8433
6275
6364
8434
6276
6365
8435
6277
6366
8436
6278
6367
8437
6279
6368
8438
6280
6369
8439
6281
6370
8440
6282
6371
8441
6283
6372
8442
6284
6373
8443
6285
6374
8444
6286
6375
8445
6287
6376
8446
6288
6377
8447
6289
6378
8448
6290
6379
8449
6291
6380
8450
6292
6381
8451
6293
6382
8452
6294
6383
8453
6295
6384
8454
6296
6385
8455
6297
6386
8456
6298
6387
8457
6299
6388
8458
6389
8459
6301
6390
8460
6302
6391
8461
6303
6392
8462
6304
6393
8463
6305
6394
8464
6306
6395
8465
6307
6396
8466
6308
6397
8467
6309
6398
8468
6310
6399
8469
6311
6400
8470
6312
6401
8471
6313
6402
8472
6314
6403
8473
6315
6404
8474
6316
6405
8475
6317
6406
8476
6318
6407
8477
6319
6408
8478
6320
6409
8479
6321
6410
8480
6322
6411
8481
6323
6412
8482
6324
6413
8483
6325
6414
8484
6326
6415
8485
6327
6416
8486
6328
6417
8487
6329
6418
8488
6330
6419
8489
6331
6420
8490
6332
6421
8491
6333
6422
8492
6334
6423
8493
6335
6424
8494
6336
6425
8495
6337
6426
8496
6338
6427
8497
6339
6428
8498
6340
6429
8499
6341
6430
8500
6342
6431
8501
6343
6432
8502
6344
6433
8503
6345
6434
8504
6346
6435
8505
6347
6436
8506
6348
6437
8507
6349
6438
8508
6350
6439
8509
6351
6440
8510
6352
6441
8511
6353
6442
8512
6354
6443
8513
6355
6444
8514
6356
6445
8515
6357
6446
8516
6358
6447
8517
6359
6448
8518
6360
6449
8519
6361
6450
8520
6362
6451
8521
6363
6452
8522
6364
6453
8523
6365
6454
8524
6366
6455
8525
6367
6456
8526
6368
6457
8527
6369
6458
8528
6370
6459
8529
6371
6460
8530
6372
6461
8531
6373
6462
8532
6374
6463
8533
6375
6464
8534
6376
6465
8535
6377
6466
8536
6378
6467
8537
6379
6468
8538
6380
6469
8539
6381
6470
8540
6382
6471
8541
6383
6472
8542
6384
6473
8543
6385
6474
8544
6386
6475
8545
6387
6476
8546
6388
6477
8547
6389
6478
8548
6479
8549
6391
8550
6392
8551
6393
8552
6394
8553
6395
8554
6396
8555
6397
8556
6398
8557
6399
8558
6400
8559
6401
8560
6402
8561
6403
8562
6404
8563
6405
8564
6406
8565
6407
8566
6408
8567
6409
8568
6410
8569
6411
8570
6412
8571
6413
8572
6414
8573
6415
8574
6416
8575
6417
8576
6418
8577
6419
8578
6420
8579
6421
8580
6422
8581
6423
8582
6424
8583
6425
8584
6426
8585
6427
8586
6428
8587
6429
8588
6430
8589
6431
8590
6432
8591
6433
8592
6434
8593
6435
8594
6436
8595
6437
8596
6438
8597
6439
8598
6440
8599
6441
8600
6442
8601
6443
8602
6444
8603
6445
8604
6446
8605
6447
8606
6448
8607
6449
8608
6450
8609
6451
8610
6452
8611
6453
8612
6454
8613
6455
8614
6456
8615
6457
8616
6458
8617
6459
8618
6460
8619
6461
8620
6462
8621
6463
8622
6464
8623
6465
8624
6466
8625
6467
8626
6468
8627
6469
8628
6470
8629
6471
8630
6472
8631
6473
8632
6474
8633
6475
8634
6476
8635
6477
8636
6478
8637
6479
8638
8639
6481
6570
8640
6482
6571
8641
6483
6572
8642
6484
6573
8643
6485
6574
8644
6486
6575
8645
6487
6576
8646
6488
6577
8647
6489
6578
8648
6490
6579
8649
6491
6580
8650
6492
6581
8651
6493
6582
8652
6494
6583
8653
6495
6584
8654
6496
6585
8655
6497
6586
8656
6498
6587
8657
6499
6588
8658
6500
6589
8659
6501
6590
8660
6502
6591
8661
6503
6592
8662
6504
6593
8663
6505
6594
8664
6506
6595
8665
6507
6596
8666
6508
6597
8667
6509
6598
8668
6510
6599
8669
6511
6600
8670
6512
6601
8671
6513
6602
8672
6514
6603
8673
6515
6604
8674
6516
6605
8675
6517
6606
8676
6518
6607
8677
6519
6608
8678
6520
6609
8679
6521
6610
8680
6522
6611
8681
6523
6612
8682
6524
6613
8683
6525
6614
8684
6526
6615
8685
6527
6616
8686
6528
6617
8687
6529
6618
8688
6530
6619
8689
6531
6620
8690
6532
6621
8691
6533
6622
8692
6534
6623
8693
6535
6624
8694
6536
6625
8695
6537
6626
8696
6538
6627
8697
6539
6628
8698
6540
6629
8699
6541
6630
8700
6542
6631
8701
6543
6632
8702
6544
6633
8703
6545
6634
8704
6546
6635
8705
6547
6636
8706
6548
6637
8707
6549
6638
8708
6550
6639
8709
6551
6640
8710
6552
6641
8711
6553
6642
8712
6554
6643
8713
6555
6644
8714
6556
6645
8715
6557
6646
8716
6558
6647
8717
6559
6648
8718
6560
6649
8719
6561
6650
8720
6562
6651
8721
6563
6652
8722
6564
6653
8723
6565
6654
8724
6566
6655
8725
6567
6656
8726
6568
6657
8727
6569
6658
8728
6659
8729
6571
6660
8730
6572
6661
8731
6573
6662
8732
6574
6663
8733
6575
6664
8734
6576
6665
8735
6577
6666
8736
6578
6667
8737
6579
6668
8738
6580
6669
8739
6581
6670
8740
6582
6671
8741
6583
6672
8742
6584
6673
8743
6585
6674
8744
6586
6675
8745
6587
6676
8746
6588
6677
8747
6589
6678
8748
6590
6679
8749
6591
6680
8750
6592
6681
8751
6593
6682
8752
6594
6683
8753
6595
6684
8754
6596
6685
8755
6597
6686
8756
6598
6687
8757
6599
6688
8758
6600
6689
8759
6601
6690
8760
6602
6691
8761
6603
6692
8762
6604
6693
8763
6605
6694
8764
6606
6695
8765
6607
6696
8766
6608
6697
8767
6609
6698
8768
6610
6699
8769
6611
6700
8770
6612
6701
8771
6613
6702
8772
6614
6703
8773
6615
6704
8774
6616
6705
8775
6617
6706
8776
6618
6707
8777
6619
6708
8778
6620
6709
8779
6621
6710
8780
6622
6711
8781
6623
6712
8782
6624
6713
8783
6625
6714
8784
6626
6715
8785
6627
6716
8786
6628
6717
8787
6629
6718
8788
6630
6719
8789
6631
6720
8790
6632
6721
8791
6633
6722
8792
6634
6723
8793
6635
6724
8794
6636
6725
8795
6637
6726
8796
6638
6727
8797
6639
6728
8798
6640
6729
8799
6641
6730
8800
6642
6731
8801
6643
6732
8802
6644
6733
8803
6645
6734
8804
6646
6735
8805
6647
6736
8806
6648
6737
8807
6649
6738
8808
6650
6739
8809
6651
6740
8810
6652
6741
8811
6653
6742
8812
6654
6743
8813
6655
6744
8814
6656
6745
8815
6657
6746
8816
6658
6747
8817
6659
6748
8818
6749
8819
6661
6750
8820
6662
6751
8821
6663
6752
8822
6664
6753
8823
6665
6754
8824
6666
6755
8825
6667
6756
8826
6668
6757
8827
6669
6758
8828
6670
6759
8829
6671
6760
8830
6672
6761
8831
6673
6762
8832
6674
6763
8833
6675
6764
8834
6676
6765
8835
6677
6766
8836
6678
6767
8837
6679
6768
8838
6680
6769
8839
6681
6770
8840
6682
6771
8841
6683
6772
8842
6684
6773
8843
6685
6774
8844
6686
6775
8845
6687
6776
8846
6688
6777
8847
6689
6778
8848
6690
6779
8849
6691
6780
8850
6692
6781
8851
6693
6782
8852
6694
6783
8853
6695
6784
8854
6696
6785
8855
6697
6786
8856
6698
6787
8857
6699
6788
8858
6700
6789
8859
6701
6790
8860
6702
6791
8861
6703
6792
8862
6704
6793
8863
6705
6794
8864
6706
6795
8865
6707
6796
8866
6708
6797
8867
6709
6798
8868
6710
6799
8869
6711
6800
8870
6712
6801
8871
6713
6802
8872
6714
6803
8873
6715
6804
8874
6716
6805
8875
6717
6806
8876
6718
6807
8877
6719
6808
8878
6720
6809
8879
6721
6810
8880
6722
6811
8881
6723
6812
8882
6724
6813
8883
6725
6814
8884
6726
6815
8885
6727
6816
8886
6728
6817
8887
6729
6818
8888
6730
6819
8889
6731
6820
8890
6732
6821
8891
6733
6822
8892
6734
6823
8893
6735
6824
8894
6736
6825
8895
6737
6826
8896
6738
6827
8897
6739
6828
8898
6740
6829
8899
6741
6830
8900
6742
6831
8901
6743
6832
8902
6744
6833
8903
6745
6834
8904
6746
6835
8905
6747
6836
8906
6748
6837
8907
6749
6838
8908
6839
8909
6751
6840
8910
6752
6841
8911
6753
6842
8912
6754
6843
8913
6755
6844
8914
6756
6845
8915
6757
6846
8916
6758
6847
8917
6759
6848
8918
6760
6849
8919
6761
6850
8920
6762
6851
8921
6763
6852
8922
6764
6853
8923
6765
6854
8924
6766
6855
8925
6767
6856
8926
6768
6857
8927
6769
6858
8928
6770
6859
8929
6771
6860
8930
6772
6861
8931
6773
6862
8932
6774
6863
8933
6775
6864
8934
6776
6865
8935
6777
6866
8936
6778
6867
8937
6779
6868
8938
6780
6869
8939
6781
6870
8940
6782
6871
8941
6783
6872
8942
6784
6873
8943
6785
6874
8944
6786
6875
8945
6787
6876
8946
6788
6877
8947
6789
6878
8948
6790
6879
8949
6791
6880
8950
6792
6881
8951
6793
6882
8952
6794
6883
8953
6795
6884
8954
6796
6885
8955
6797
6886
8956
6798
6887
8957
6799
6888
8958
6800
6889
8959
6801
6890
8960
6802
6891
8961
6803
6892
8962
6804
6893
8963
6805
6894
8964
6806
6895
8965
6807
6896
8966
6808
6897
8967
6809
6898
8968
6810
6899
8969
6811
6900
8970
6812
6901
8971
6813
6902
8972
6814
6903
8973
6815
6904
8974
6816
6905
8975
6817
6906
8976
6818
6907
8977
6819
6908
8978
6820
6909
8979
6821
6910
8980
6822
6911
8981
6823
6912
8982
6824
6913
8983
6825
6914
8984
6826
6915
8985
6827
6916
8986
6828
6917
8987
6829
6918
8988
6830
6919
8989
6831
6920
8990
6832
6921
8991
6833
6922
8992
6834
6923
8993
6835
6924
8994
6836
6925
8995
6837
6926
8996
6838
6927
8997
6839
6928
8998
6929
8999
6841
6930
9000
6842
6931
9001
6843
6932
9002
6844
6933
9003
6845
6934
9004
6846
6935
9005
6847
6936
9006
6848
6937
9007
6849
6938
9008
6850
6939
9009
6851
6940
9010
6852
6941
9011
6853
6942
9012
6854
6943
9013
6855
6944
9014
6856
6945
9015
6857
6946
9016
6858
6947
9017
6859
6948
9018
6860
6949
9019
6861
6950
9020
6862
6951
9021
6863
6952
9022
6864
6953
9023
6865
6954
9024
6866
6955
9025
6867
6956
9026
6868
6957
9027
6869
6958
9028
6870
6959
9029
6871
6960
9030
6872
6961
9031
6873
6962
9032
6874
6963
9033
6875
6964
9034
6876
6965
9035
6877
6966
9036
6878
6967
9037
6879
6968
9038
6880
6969
9039
6881
6970
9040
6882
6971
9041
6883
6972
9042
6884
6973
9043
6885
6974
9044
6886
6975
9045
6887
6976
9046
6888
6977
9047
6889
6978
9048
6890
6979
9049
6891
6980
9050
6892
6981
9051
6893
6982
9052
6894
6983
9053
6895
6984
9054
6896
6985
9055
6897
6986
9056
6898
6987
9057
6899
6988
9058
6900
6989
9059
6901
6990
9060
6902
6991
9061
6903
6992
9062
6904
6993
9063
6905
6994
9064
6906
6995
9065
6907
6996
9066
6908
6997
9067
6909
6998
9068
6910
6999
9069
6911
7000
9070
6912
7001
9071
6913
7002
9072
6914
7003
9073
6915
7004
9074
6916
7005
9075
6917
7006
9076
6918
7007
9077
6919
7008
9078
6920
7009
9079
6921
7010
9080
6922
7011
9081
6923
7012
9082
6924
7013
9083
6925
7014
9084
6926
7015
9085
6927
7016
9086
6928
7017
9087
6929
7018
9088
7019
9089
6931
7020
9090
6932
7021
9091
6933
7022
9092
6934
7023
9093
6935
7024
9094
6936
7025
9095
6937
7026
9096
6938
7027
9097
6939
7028
9098
6940
7029
9099
6941
7030
9100
6942
7031
9101
6943
7032
9102
6944
7033
9103
6945
7034
9104
6946
7035
9105
6947
7036
9106
6948
7037
9107
6949
7038
9108
6950
7039
9109
6951
7040
9110
6952
7041
9111
6953
7042
9112
6954
7043
9113
6955
7044
9114
6956
7045
9115
6957
7046
9116
6958
7047
9117
6959
7048
9118
6960
7049
9119
6961
7050
9120
6962
7051
9121
6963
7052
9122
6964
7053
9123
6965
7054
9124
6966
7055
9125
6967
7056
9126
6968
7057
9127
6969
7058
9128
6970
7059
9129
6971
7060
9130
6972
7061
9131
6973
7062
9132
6974
7063
9133
6975
7064
9134
6976
7065
9135
6977
7066
9136
6978
7067
9137
6979
7068
9138
6980
7069
9139
6981
7070
9140
6982
7071
9141
6983
7072
9142
6984
7073
9143
6985
7074
9144
6986
7075
9145
6987
7076
9146
6988
7077
9147
6989
7078
9148
6990
7079
9149
6991
7080
9150
6992
7081
9151
6993
7082
9152
6994
7083
9153
6995
7084
9154
6996
7085
9155
6997
7086
9156
6998
7087
9157
6999
7088
9158
7000
7089
9159
7001
7090
9160
7002
7091
9161
7003
7092
9162
7004
7093
9163
7005
7094
9164
7006
7095
9165
7007
7096
9166
7008
7097
9167
7009
7098
9168
7010
7099
9169
7011
7100
9170
7012
7101
9171
7013
7102
9172
7014
7103
9173
7015
7104
9174
7016
7105
9175
7017
7106
9176
7018
7107
9177
7019
7108
9178
7109
9179
7021
7110
9180
7022
7111
9181
7023
7112
9182
7024
7113
9183
7025
7114
9184
7026
7115
9185
7027
7116
9186
7028
7117
9187
7029
7118
9188
7030
7119
9189
7031
7120
9190
7032
7121
9191
7033
7122
9192
7034
7123
9193
7035
7124
9194
7036
7125
9195
7037
7126
9196
7038
7127
9197
7039
7128
9198
7040
7129
9199
7041
7130
9200
7042
7131
9201
7043
7132
9202
7044
7133
9203
7045
7134
9204
7046
7135
9205
7047
7136
9206
7048
7137
9207
7049
7138
9208
7050
7139
9209
7051
7140
9210
7052
7141
9211
7053
7142
9212
7054
7143
9213
7055
7144
9214
7056
7145
9215
7057
7146
9216
7058
7147
9217
7059
7148
9218
7060
7149
9219
7061
7150
9220
7062
7151
9221
7063
7152
9222
7064
7153
9223
7065
7154
9224
7066
7155
9225
7067
7156
9226
7068
7157
9227
7069
7158
9228
7070
7159
9229
7071
7160
9230
7072
7161
9231
7073
7162
9232
7074
7163
9233
7075
7164
9234
7076
7165
9235
7077
7166
9236
7078
7167
9237
7079
7168
9238
7080
7169
9239
7081
7170
9240
7082
7171
9241
7083
7172
9242
7084
7173
9243
7085
7174
9244
7086
7175
9245
7087
7176
9246
7088
7177
9247
7089
7178
9248
7090
7179
9249
7091
7180
9250
7092
7181
9251
7093
7182
9252
7094
7183
9253
7095
7184
9254
7096
7185
9255
7097
7186
9256
7098
7187
9257
7099
7188
9258
7100
7189
9259
7101
7190
9260
7102
7191
9261
7103
7192
9262
7104
7193
9263
7105
7194
9264
7106
7195
9265
7107
7196
9266
7108
7197
9267
7109
7198
9268
7199
9269
7111
7200
9270
7112
7201
9271
7113
7202
9272
7114
7203
9273
7115
7204
9274
7116
7205
9275
7117
7206
9276
7118
7207
9277
7119
7208
9278
7120
7209
9279
7121
7210
9280
7122
7211
9281
7123
7212
9282
7124
7213
9283
7125
7214
9284
7126
7215
9285
7127
7216
9286
7128
7217
9287
7129
7218
9288
7130
7219
9289
7131
7220
9290
7132
7221
9291
7133
7222
9292
7134
7223
9293
7135
7224
9294
7136
7225
9295
7137
7226
9296
7138
7227
9297
7139
7228
9298
7140
7229
9299
7141
7230
9300
7142
7231
9301
7143
7232
9302
7144
7233
9303
7145
7234
9304
7146
7235
9305
7147
7236
9306
7148
7237
9307
7149
7238
9308
7150
7239
9309
7151
7240
9310
7152
7241
9311
7153
7242
9312
7154
7243
9313
7155
7244
9314
7156
7245
9315
7157
7246
9316
7158
7247
9317
7159
7248
9318
7160
7249
9319
7161
7250
9320
7162
7251
9321
7163
7252
9322
7164
7253
9323
7165
7254
9324
7166
7255
9325
7167
7256
9326
7168
7257
9327
7169
7258
9328
7170
7259
9329
7171
7260
9330
7172
7261
9331
7173
7262
9332
7174
7263
9333
7175
7264
9334
7176
7265
9335
7177
7266
9336
7178
7267
9337
7179
7268
9338
7180
7269
9339
7181
7270
9340
7182
7271
9341
7183
7272
9342
7184
7273
9343
7185
7274
9344
7186
7275
9345
7187
7276
9346
7188
7277
9347
7189
7278
9348
7190
7279
9349
7191
7280
9350
7192
7281
9351
7193
7282
9352
7194
7283
9353
7195
7284
9354
7196
7285
9355
7197
7286
9356
7198
7287
9357
7199
7288
9358
7289
9359
7201
7290
9360
7202
7291
9361
7203
7292
9362
7204
7293
9363
7205
7294
9364
7206
7295
9365
7207
7296
9366
7208
7297
9367
7209
7298
9368
7210
7299
9369
7211
7300
9370
7212
7301
9371
7213
7302
9372
7214
7303
9373
7215
7304
9374
7216
7305
9375
7217
7306
9376
7218
7307
9377
7219
7308
9378
7220
7309
9379
7221
7310
9380
7222
7311
9381
7223
7312
9382
7224
7313
9383
7225
7314
9384
7226
7315
9385
7227
7316
9386
7228
7317
9387
7229
7318
9388
7230
7319
9389
7231
7320
9390
7232
7321
9391
7233
7322
9392
7234
7323
9393
7235
7324
9394
7236
7325
9395
7237
7326
9396
7238
7327
9397
7239
7328
9398
7240
7329
9399
7241
7330
9400
7242
7331
9401
7243
7332
9402
7244
7333
9403
7245
7334
9404
7246
7335
9405
7247
7336
9406
7248
7337
9407
7249
7338
9408
7250
7339
9409
7251
7340
9410
7252
7341
9411
7253
7342
9412
7254
7343
9413
7255
7344
9414
7256
7345
9415
7257
7346
9416
7258
7347
9417
7259
7348
9418
7260
7349
9419
7261
7350
9420
7262
7351
9421
7263
7352
9422
7264
7353
9423
7265
7354
9424
7266
7355
9425
7267
7356
9426
7268
7357
9427
7269
7358
9428
7270
7359
9429
7271
7360
9430
7272
7361
9431
7273
7362
9432
7274
7363
9433
7275
7364
9434
7276
7365
9435
7277
7366
9436
7278
7367
9437
7279
7368
9438
7280
7369
9439
7281
7370
9440
7282
7371
9441
7283
7372
9442
7284
7373
9443
7285
7374
9444
7286
7375
9445
7287
7376
9446
7288
7377
9447
7289
7378
9448
7379
9449
7291
7380
9450
7292
7381
9451
7293
7382
9452
7294
7383
9453
7295
7384
9454
7296
7385
9455
7297
7386
9456
7298
7387
9457
7299
7388
9458
7300
7389
9459
7301
7390
9460
7302
7391
9461
7303
7392
9462
7304
7393
9463
7305
7394
9464
7306
7395
9465
7307
7396
9466
7308
7397
9467
7309
7398
9468
7310
7399
9469
7311
7400
9470
7312
7401
9471
7313
7402
9472
7314
7403
9473
7315
7404
9474
7316
7405
9475
7317
7406
9476
7318
7407
9477
7319
7408
9478
7320
7409
9479
7321
7410
9480
7322
7411
9481
7323
7412
9482
7324
7413
9483
7325
7414
9484
7326
7415
9485
7327
7416
9486
7328
7417
9487
7329
7418
9488
7330
7419
9489
7331
7420
9490
7332
7421
9491
7333
7422
9492
7334
7423
9493
7335
7424
9494
7336
7425
9495
7337
7426
9496
7338
7427
9497
7339
7428
9498
7340
7429
9499
7341
7430
9500
7342
7431
9501
7343
7432
9502
7344
7433
9503
7345
7434
9504
7346
7435
9505
7347
7436
9506
7348
7437
9507
7349
7438
9508
7350
7439
9509
7351
7440
9510
7352
7441
9511
7353
7442
9512
7354
7443
9513
7355
7444
9514
7356
7445
9515
7357
7446
9516
7358
7447
9517
7359
7448
9518
7360
7449
9519
7361
7450
9520
7362
7451
9521
7363
7452
9522
7364
7453
9523
7365
7454
9524
7366
7455
9525
7367
7456
9526
7368
7457
9527
7369
7458
9528
7370
7459
9529
7371
7460
9530
7372
7461
9531
7373
7462
9532
7374
7463
9533
7375
7464
9534
7376
7465
9535
7377
7466
9536
7378
7467
9537
7379
7468
9538
7469
9539
7381
7470
9540
7382
7471
9541
7383
7472
9542
7384
7473
9543
7385
7474
9544
7386
7475
9545
7387
7476
9546
7388
7477
9547
7389
7478
9548
7390
7479
9549
7391
7480
9550
7392
7481
9551
7393
7482
9552
7394
7483
9553
7395
7484
9554
7396
7485
9555
7397
7486
9556
7398
7487
9557
7399
7488
9558
7400
7489
9559
7401
7490
9560
7402
7491
9561
7403
7492
9562
7404
7493
9563
7405
7494
9564
7406
7495
9565
7407
7496
9566
7408
7497
9567
7409
7498
9568
7410
7499
9569
7411
7500
9570
7412
7501
9571
7413
7502
9572
7414
7503
9573
7415
7504
9574
7416
7505
9575
7417
7506
9576
7418
7507
9577
7419
7508
9578
7420
7509
9579
7421
7510
9580
7422
7511
9581
7423
7512
9582
7424
7513
9583
7425
7514
9584
7426
7515
9585
7427
7516
9586
7428
7517
9587
7429
7518
9588
7430
7519
9589
7431
7520
9590
7432
7521
9591
7433
7522
9592
7434
7523
9593
7435
7524
9594
7436
7525
9595
7437
7526
9596
7438
7527
9597
7439
7528
9598
7440
7529
9599
7441
7530
9600
7442
7531
9601
7443
7532
9602
7444
7533
9603
7445
7534
9604
7446
7535
9605
7447
7536
9606
7448
7537
9607
7449
7538
9608
7450
7539
9609
7451
7540
9610
7452
7541
9611
7453
7542
9612
7454
7543
9613
7455
7544
9614
7456
7545
9615
7457
7546
9616
7458
7547
9617
7459
7548
9618
7460
7549
9619
7461
7550
9620
7462
7551
9621
7463
7552
9622
7464
7553
9623
7465
7554
9624
7466
7555
9625
7467
7556
9626
7468
7557
9627
7469
7558
9628
7559
9629
7471
7560
9630
7472
7561
9631
7473
7562
9632
7474
7563
9633
7475
7564
9634
7476
7565
9635
7477
7566
9636
7478
7567
9637
7479
7568
9638
7480
7569
9639
7481
7570
9640
7482
7571
9641
7483
7572
9642
7484
7573
9643
7485
7574
9644
7486
7575
9645
7487
7576
9646
7488
7577
9647
7489
7578
9648
7490
7579
9649
7491
7580
9650
7492
7581
9651
7493
7582
9652
7494
7583
9653
7495
7584
9654
7496
7585
9655
7497
7586
9656
7498
7587
9657
7499
7588
9658
7500
7589
9659
7501
7590
9660
7502
7591
9661
7503
7592
9662
7504
7593
9663
7505
7594
9664
7506
7595
9665
7507
7596
9666
7508
7597
9667
7509
7598
9668
7510
7599
9669
7511
7600
9670
7512
7601
9671
7513
7602
9672
7514
7603
9673
7515
7604
9674
7516
7605
9675
7517
7606
9676
7518
7607
9677
7519
7608
9678
7520
7609
9679
7521
7610
9680
7522
7611
9681
7523
7612
9682
7524
7613
9683
7525
7614
9684
7526
7615
9685
7527
7616
9686
7528
7617
9687
7529
7618
9688
7530
7619
9689
7531
7620
9690
7532
7621
9691
7533
7622
9692
7534
7623
9693
7535
7624
9694
7536
7625
9695
7537
7626
9696
7538
7627
9697
7539
7628
9698
7540
7629
9699
7541
7630
9700
7542
7631
9701
7543
7632
9702
7544
7633
9703
7545
7634
9704
7546
7635
9705
7547
7636
9706
7548
7637
9707
7549
7638
9708
7550
7639
9709
7551
7640
9710
7552
7641
9711
7553
7642
9712
7554
7643
9713
7555
7644
9714
7556
7645
9715
7557
7646
9716
7558
7647
9717
7559
7648
9718
7649
9719
7561
7650
9720
7562
7651
9721
7563
7652
9722
7564
7653
9723
7565
7654
9724
7566
7655
9725
7567
7656
9726
7568
7657
9727
7569
7658
9728
7570
7659
9729
7571
7660
9730
7572
7661
9731
7573
7662
9732
7574
7663
9733
7575
7664
9734
7576
7665
9735
7577
7666
9736
7578
7667
9737
7579
7668
9738
7580
7669
9739
7581
7670
9740
7582
7671
9741
7583
7672
9742
7584
7673
9743
7585
7674
9744
7586
7675
9745
7587
7676
9746
7588
7677
9747
7589
7678
9748
7590
7679
9749
7591
7680
9750
7592
7681
9751
7593
7682
9752
7594
7683
9753
7595
7684
9754
7596
7685
9755
7597
7686
9756
7598
7687
9757
7599
7688
9758
7600
7689
9759
7601
7690
9760
7602
7691
9761
7603
7692
9762
7604
7693
9763
7605
7694
9764
7606
7695
9765
7607
7696
9766
7608
7697
9767
7609
7698
9768
7610
7699
9769
7611
7700
9770
7612
7701
9771
7613
7702
9772
7614
7703
9773
7615
7704
9774
7616
7705
9775
7617
7706
9776
7618
7707
9777
7619
7708
9778
7620
7709
9779
7621
7710
9780
7622
7711
9781
7623
7712
9782
7624
7713
9783
7625
7714
9784
7626
7715
9785
7627
7716
9786
7628
7717
9787
7629
7718
9788
7630
7719
9789
7631
7720
9790
7632
7721
9791
7633
7722
9792
7634
7723
9793
7635
7724
9794
7636
7725
9795
7637
7726
9796
7638
7727
9797
7639
7728
9798
7640
7729
9799
7641
7730
9800
7642
7731
9801
7643
7732
9802
7644
7733
9803
7645
7734
9804
7646
7735
9805
7647
7736
9806
7648
7737
9807
7649
7738
9808
7739
9809
7651
7740
9810
7652
7741
9811
7653
7742
9812
7654
7743
9813
7655
7744
9814
7656
7745
9815
7657
7746
9816
7658
7747
9817
7659
7748
9818
7660
7749
9819
7661
7750
9820
7662
7751
9821
7663
7752
9822
7664
7753
9823
7665
7754
9824
7666
7755
9825
7667
7756
9826
7668
7757
9827
7669
7758
9828
7670
7759
9829
7671
7760
9830
7672
7761
9831
7673
7762
9832
7674
7763
9833
7675
7764
9834
7676
7765
9835
7677
7766
9836
7678
7767
9837
7679
7768
9838
7680
7769
9839
7681
7770
9840
7682
7771
9841
7683
7772
9842
7684
7773
9843
7685
7774
9844
7686
7775
9845
7687
7776
9846
7688
7777
9847
7689
7778
9848
7690
7779
9849
7691
7780
9850
7692
7781
9851
7693
7782
9852
7694
7783
9853
7695
7784
9854
7696
7785
9855
7697
7786
9856
7698
7787
9857
7699
7788
9858
7700
7789
9859
7701
7790
9860
7702
7791
9861
7703
7792
9862
7704
7793
9863
7705
7794
9864
7706
7795
9865
7707
7796
9866
7708
7797
9867
7709
7798
9868
7710
7799
9869
7711
7800
9870
7712
7801
9871
7713
7802
9872
7714
7803
9873
7715
7804
9874
7716
7805
9875
7717
7806
9876
7718
7807
9877
7719
7808
9878
7720
7809
9879
7721
7810
9880
7722
7811
9881
7723
7812
9882
7724
7813
9883
7725
7814
9884
7726
7815
9885
7727
7816
9886
7728
7817
9887
7729
7818
9888
7730
7819
9889
7731
7820
9890
7732
7821
9891
7733
7822
9892
7734
7823
9893
7735
7824
9894
7736
7825
9895
7737
7826
9896
7738
7827
9897
7739
7828
9898
7829
9899
7741
7830
9900
7742
7831
9901
7743
7832
9902
7744
7833
9903
7745
7834
9904
7746
7835
9905
7747
7836
9906
7748
7837
9907
7749
7838
9908
7750
7839
9909
7751
7840
9910
7752
7841
9911
7753
7842
9912
7754
7843
9913
7755
7844
9914
7756
7845
9915
7757
7846
9916
7758
7847
9917
7759
7848
9918
7760
7849
9919
7761
7850
9920
7762
7851
9921
7763
7852
9922
7764
7853
9923
7765
7854
9924
7766
7855
9925
7767
7856
9926
7768
7857
9927
7769
7858
9928
7770
7859
9929
7771
7860
9930
7772
7861
9931
7773
7862
9932
7774
7863
9933
7775
7864
9934
7776
7865
9935
7777
7866
9936
7778
7867
9937
7779
7868
9938
7780
7869
9939
7781
7870
9940
7782
7871
9941
7783
7872
9942
7784
7873
9943
7785
7874
9944
7786
7875
9945
7787
7876
9946
7788
7877
9947
7789
7878
9948
7790
7879
9949
7791
7880
9950
7792
7881
9951
7793
7882
9952
7794
7883
9953
7795
7884
9954
7796
7885
9955
7797
7886
9956
7798
7887
9957
7799
7888
9958
7800
7889
9959
7801
7890
9960
7802
7891
9961
7803
7892
9962
7804
7893
9963
7805
7894
9964
7806
7895
9965
7807
7896
9966
7808
7897
9967
7809
7898
9968
7810
7899
9969
7811
7900
9970
7812
7901
9971
7813
7902
9972
7814
7903
9973
7815
7904
9974
7816
7905
9975
7817
7906
9976
7818
7907
9977
7819
7908
9978
7820
7909
9979
7821
7910
9980
7822
7911
9981
7823
7912
9982
7824
7913
9983
7825
7914
9984
7826
7915
9985
7827
7916
9986
7828
7917
9987
7829
7918
9988
7919
9989
7831
7920
9990
7832
7921
9991
7833
7922
9992
7834
7923
9993
7835
7924
9994
7836
7925
9995
7837
7926
9996
7838
7927
9997
7839
7928
9998
7840
7929
9999
7841
7930
10000
7842
7931
10001
7843
7932
10002
7844
7933
10003
7845
7934
10004
7846
7935
10005
7847
7936
10006
7848
7937
10007
7849
7938
10008
7850
7939
10009
7851
7940
10010
7852
7941
10011
7853
7942
10012
7854
7943
10013
7855
7944
10014
7856
7945
10015
7857
7946
10016
7858
7947
10017
7859
7948
10018
7860
7949
10019
7861
7950
10020
7862
7951
10021
7863
7952
10022
7864
7953
10023
7865
7954
10024
7866
7955
10025
7867
7956
10026
7868
7957
10027
7869
7958
10028
7870
7959
10029
7871
7960
10030
7872
7961
10031
7873
7962
10032
7874
7963
10033
7875
7964
10034
7876
7965
10035
7877
7966
10036
7878
7967
10037
7879
7968
10038
7880
7969
10039
7881
7970
10040
7882
7971
10041
7883
7972
10042
7884
7973
10043
7885
7974
10044
7886
7975
10045
7887
7976
10046
7888
7977
10047
7889
7978
10048
7890
7979
10049
7891
7980
10050
7892
7981
10051
7893
7982
10052
7894
7983
10053
7895
7984
10054
7896
7985
10055
7897
7986
10056
7898
7987
10057
7899
7988
10058
7900
7989
10059
7901
7990
10060
7902
7991
10061
7903
7992
10062
7904
7993
10063
7905
7994
10064
7906
7995
10065
7907
7996
10066
7908
7997
10067
7909
7998
10068
7910
7999
10069
7911
8000
10070
7912
8001
10071
7913
8002
10072
7914
8003
10073
7915
8004
10074
7916
8005
10075
7917
8006
10076
7918
8007
10077
7919
8008
10078
8009
10079
7921
8010
10080
7922
8011
10081
7923
8012
10082
7924
8013
10083
7925
8014
10084
7926
8015
10085
7927
8016
10086
7928
8017
10087
7929
8018
10088
7930
8019
10089
7931
8020
10090
7932
8021
10091
7933
8022
10092
7934
8023
10093
7935
8024
10094
7936
8025
10095
7937
8026
10096
7938
8027
10097
7939
8028
10098
7940
8029
10099
7941
8030
10100
7942
8031
10101
7943
8032
10102
7944
8033
10103
7945
8034
10104
7946
8035
10105
7947
8036
10106
7948
8037
10107
7949
8038
10108
7950
8039
10109
7951
8040
10110
7952
8041
10111
7953
8042
10112
7954
8043
10113
7955
8044
10114
7956
8045
10115
7957
8046
10116
7958
8047
10117
7959
8048
10118
7960
8049
10119
7961
8050
10120
7962
8051
10121
7963
8052
10122
7964
8053
10123
7965
8054
10124
7966
8055
10125
7967
8056
10126
7968
8057
10127
7969
8058
10128
7970
8059
10129
7971
8060
10130
7972
8061
10131
7973
8062
10132
7974
8063
10133
7975
8064
10134
7976
8065
10135
7977
8066
10136
7978
8067
10137
7979
8068
10138
7980
8069
10139
7981
8070
10140
7982
8071
10141
7983
8072
10142
7984
8073
10143
7985
8074
10144
7986
8075
10145
7987
8076
10146
7988
8077
10147
7989
8078
10148
7990
8079
10149
7991
8080
10150
7992
8081
10151
7993
8082
10152
7994
8083
10153
7995
8084
10154
7996
8085
10155
7997
8086
10156
7998
8087
10157
7999
8088
10158
8000
8089
10159
8001
8090
10160
8002
8091
10161
8003
8092
10162
8004
8093
10163
8005
8094
10164
8006
8095
10165
8007
8096
10166
8008
8097
10167
8009
8098
10168
8099
10169
8011
8100
10170
8012
8101
10171
8013
8102
10172
8014
8103
10173
8015
8104
10174
8016
8105
10175
8017
8106
10176
8018
8107
10177
8019
8108
10178
8020
8109
10179
8021
8110
10180
8022
8111
10181
8023
8112
10182
8024
8113
10183
8025
8114
10184
8026
8115
10185
8027
8116
10186
8028
8117
10187
8029
8118
10188
8030
8119
10189
8031
8120
10190
8032
8121
10191
8033
8122
10192
8034
8123
10193
8035
8124
10194
8036
8125
10195
8037
8126
10196
8038
8127
10197
8039
8128
10198
8040
8129
10199
8041
8130
10200
8042
8131
10201
8043
8132
10202
8044
8133
10203
8045
8134
10204
8046
8135
10205
8047
8136
10206
8048
8137
10207
8049
8138
10208
8050
8139
10209
8051
8140
10210
8052
8141
10211
8053
8142
10212
8054
8143
10213
8055
8144
10214
8056
8145
10215
8057
8146
10216
8058
8147
10217
8059
8148
10218
8060
8149
10219
8061
8150
10220
8062
8151
10221
8063
8152
10222
8064
8153
10223
8065
8154
10224
8066
8155
10225
8067
8156
10226
8068
8157
10227
8069
8158
10228
8070
8159
10229
8071
8160
10230
8072
8161
10231
8073
8162
10232
8074
8163
10233
8075
8164
10234
8076
8165
10235
8077
8166
10236
8078
8167
10237
8079
8168
10238
8080
8169
10239
8081
8170
10240
8082
8171
10241
8083
8172
10242
8084
8173
10243
8085
8174
10244
8086
8175
10245
8087
8176
10246
8088
8177
10247
8089
8178
10248
8090
8179
10249
8091
8180
10250
8092
8181
10251
8093
8182
10252
8094
8183
10253
8095
8184
10254
8096
8185
10255
8097
8186
10256
8098
8187
10257
8099
8188
10258
8189
10259
8101
8190
10260
8102
8191
10261
8103
8192
10262
8104
8193
10263
8105
8194
10264
8106
8195
10265
8107
8196
10266
8108
8197
10267
8109
8198
10268
8110
8199
10269
8111
8200
10270
8112
8201
10271
8113
8202
10272
8114
8203
10273
8115
8204
10274
8116
8205
10275
8117
8206
10276
8118
8207
10277
8119
8208
10278
8120
8209
10279
8121
8210
10280
8122
8211
10281
8123
8212
10282
8124
8213
10283
8125
8214
10284
8126
8215
10285
8127
8216
10286
8128
8217
10287
8129
8218
10288
8130
8219
10289
8131
8220
10290
8132
8221
10291
8133
8222
10292
8134
8223
10293
8135
8224
10294
8136
8225
10295
8137
8226
10296
8138
8227
10297
8139
8228
10298
8140
8229
10299
8141
8230
10300
8142
8231
10301
8143
8232
10302
8144
8233
10303
8145
8234
10304
8146
8235
10305
8147
8236
10306
8148
8237
10307
8149
8238
10308
8150
8239
10309
8151
8240
10310
8152
8241
10311
8153
8242
10312
8154
8243
10313
8155
8244
10314
8156
8245
10315
8157
8246
10316
8158
8247
10317
8159
8248
10318
8160
8249
10319
8161
8250
10320
8162
8251
10321
8163
8252
10322
8164
8253
10323
8165
8254
10324
8166
8255
10325
8167
8256
10326
8168
8257
10327
8169
8258
10328
8170
8259
10329
8171
8260
10330
8172
8261
10331
8173
8262
10332
8174
8263
10333
8175
8264
10334
8176
8265
10335
8177
8266
10336
8178
8267
10337
8179
8268
10338
8180
8269
10339
8181
8270
10340
8182
8271
10341
8183
8272
10342
8184
8273
10343
8185
8274
10344
8186
8275
10345
8187
8276
10346
8188
8277
10347
8189
8278
10348
8279
10349
8191
8280
10350
8192
8281
10351
8193
8282
10352
8194
8283
10353
8195
8284
10354
8196
8285
10355
8197
8286
10356
8198
8287
10357
8199
8288
10358
8200
8289
10359
8201
8290
10360
8202
8291
10361
8203
8292
10362
8204
8293
10363
8205
8294
10364
8206
8295
10365
8207
8296
10366
8208
8297
10367
8209
8298
10368
8210
8299
10369
8211
8300
10370
8212
8301
10371
8213
8302
10372
8214
8303
10373
8215
8304
10374
8216
8305
10375
8217
8306
10376
8218
8307
10377
8219
8308
10378
8220
8309
10379
8221
8310
10380
8222
8311
10381
8223
8312
10382
8224
8313
10383
8225
8314
10384
8226
8315
10385
8227
8316
10386
8228
8317
10387
8229
8318
10388
8230
8319
10389
8231
8320
10390
8232
8321
10391
8233
8322
10392
8234
8323
10393
8235
8324
10394
8236
8325
10395
8237
8326
10396
8238
8327
10397
8239
8328
10398
8240
8329
10399
8241
8330
10400
8242
8331
10401
8243
8332
10402
8244
8333
10403
8245
8334
10404
8246
8335
10405
8247
8336
10406
8248
8337
10407
8249
8338
10408
8250
8339
10409
8251
8340
10410
8252
8341
10411
8253
8342
10412
8254
8343
10413
8255
8344
10414
8256
8345
10415
8257
8346
10416
8258
8347
10417
8259
8348
10418
8260
8349
10419
8261
8350
10420
8262
8351
10421
8263
8352
10422
8264
8353
10423
8265
8354
10424
8266
8355
10425
8267
8356
10426
8268
8357
10427
8269
8358
10428
8270
8359
10429
8271
8360
10430
8272
8361
10431
8273
8362
10432
8274
8363
10433
8275
8364
10434
8276
8365
10435
8277
8366
10436
8278
8367
10437
8279
8368
10438
8369
10439
8281
8370
10440
8282
8371
10441
8283
8372
10442
8284
8373
10443
8285
8374
10444
8286
8375
10445
8287
8376
10446
8288
8377
10447
8289
8378
10448
8290
8379
10449
8291
8380
10450
8292
8381
10451
8293
8382
10452
8294
8383
10453
8295
8384
10454
8296
8385
10455
8297
8386
10456
8298
8387
10457
8299
8388
10458
8300
8389
10459
8301
8390
10460
8302
8391
10461
8303
8392
10462
8304
8393
10463
8305
8394
10464
8306
8395
10465
8307
8396
10466
8308
8397
10467
8309
8398
10468
8310
8399
10469
8311
8400
10470
8312
8401
10471
8313
8402
10472
8314
8403
10473
8315
8404
10474
8316
8405
10475
8317
8406
10476
8318
8407
10477
8319
8408
10478
8320
8409
10479
8321
8410
10480
8322
8411
10481
8323
8412
10482
8324
8413
10483
8325
8414
10484
8326
8415
10485
8327
8416
10486
8328
8417
10487
8329
8418
10488
8330
8419
10489
8331
8420
10490
8332
8421
10491
8333
8422
10492
8334
8423
10493
8335
8424
10494
8336
8425
10495
8337
8426
10496
8338
8427
10497
8339
8428
10498
8340
8429
10499
8341
8430
10500
8342
8431
10501
8343
8432
10502
8344
8433
10503
8345
8434
10504
8346
8435
10505
8347
8436
10506
8348
8437
10507
8349
8438
10508
8350
8439
10509
8351
8440
10510
8352
8441
10511
8353
8442
10512
8354
8443
10513
8355
8444
10514
8356
8445
10515
8357
8446
10516
8358
8447
10517
8359
8448
10518
8360
8449
10519
8361
8450
10520
8362
8451
10521
8363
8452
10522
8364
8453
10523
8365
8454
10524
8366
8455
10525
8367
8456
10526
8368
8457
10527
8369
8458
10528
8459
10529
8371
8460
10530
8372
8461
10531
8373
8462
10532
8374
8463
10533
8375
8464
10534
8376
8465
10535
8377
8466
10536
8378
8467
10537
8379
8468
10538
8380
8469
10539
8381
8470
10540
8382
8471
10541
8383
8472
10542
8384
8473
10543
8385
8474
10544
8386
8475
10545
8387
8476
10546
8388
8477
10547
8389
8478
10548
8390
8479
10549
8391
8480
10550
8392
8481
10551
8393
8482
10552
8394
8483
10553
8395
8484
10554
8396
8485
10555
8397
8486
10556
8398
8487
10557
8399
8488
10558
8400
8489
10559
8401
8490
10560
8402
8491
10561
8403
8492
10562
8404
8493
10563
8405
8494
10564
8406
8495
10565
8407
8496
10566
8408
8497
10567
8409
8498
10568
8410
8499
10569
8411
8500
10570
8412
8501
10571
8413
8502
10572
8414
8503
10573
8415
8504
10574
8416
8505
10575
8417
8506
10576
8418
8507
10577
8419
8508
10578
8420
8509
10579
8421
8510
10580
8422
8511
10581
8423
8512
10582
8424
8513
10583
8425
8514
10584
8426
8515
10585
8427
8516
10586
8428
8517
10587
8429
8518
10588
8430
8519
10589
8431
8520
10590
8432
8521
10591
8433
8522
10592
8434
8523
10593
8435
8524
10594
8436
8525
10595
8437
8526
10596
8438
8527
10597
8439
8528
10598
8440
8529
10599
8441
8530
10600
8442
8531
10601
8443
8532
10602
8444
8533
10603
8445
8534
10604
8446
8535
10605
8447
8536
10606
8448
8537
10607
8449
8538
10608
8450
8539
10609
8451
8540
10610
8452
8541
10611
8453
8542
10612
8454
8543
10613
8455
8544
10614
8456
8545
10615
8457
8546
10616
8458
8547
10617
8459
8548
10618
8549
10619
8461
8550
10620
8462
8551
10621
8463
8552
10622
8464
8553
10623
8465
8554
10624
8466
8555
10625
8467
8556
10626
8468
8557
10627
8469
8558
10628
8470
8559
10629
8471
8560
10630
8472
8561
10631
8473
8562
10632
8474
8563
10633
8475
8564
10634
8476
8565
10635
8477
8566
10636
8478
8567
10637
8479
8568
10638
8480
8569
10639
8481
8570
10640
8482
8571
10641
8483
8572
10642
8484
8573
10643
8485
8574
10644
8486
8575
10645
8487
8576
10646
8488
8577
10647
8489
8578
10648
8490
8579
10649
8491
8580
10650
8492
8581
10651
8493
8582
10652
8494
8583
10653
8495
8584
10654
8496
8585
10655
8497
8586
10656
8498
8587
10657
8499
8588
10658
8500
8589
10659
8501
8590
10660
8502
8591
10661
8503
8592
10662
8504
8593
10663
8505
8594
10664
8506
8595
10665
8507
8596
10666
8508
8597
10667
8509
8598
10668
8510
8599
10669
8511
8600
10670
8512
8601
10671
8513
8602
10672
8514
8603
10673
8515
8604
10674
8516
8605
10675
8517
8606
10676
8518
8607
10677
8519
8608
10678
8520
8609
10679
8521
8610
10680
8522
8611
10681
8523
8612
10682
8524
8613
10683
8525
8614
10684
8526
8615
10685
8527
8616
10686
8528
8617
10687
8529
8618
10688
8530
8619
10689
8531
8620
10690
8532
8621
10691
8533
8622
10692
8534
8623
10693
8535
8624
10694
8536
8625
10695
8537
8626
10696
8538
8627
10697
8539
8628
10698
8540
8629
10699
8541
8630
10700
8542
8631
10701
8543
8632
10702
8544
8633
10703
8545
8634
10704
8546
8635
10705
8547
8636
10706
8548
8637
10707
8549
8638
10708
8639
10709
8551
10710
8552
10711
8553
10712
8554
10713
8555
10714
8556
10715
8557
10716
8558
10717
8559
10718
8560
10719
8561
10720
8562
10721
8563
10722
8564
10723
8565
10724
8566
10725
8567
10726
8568
10727
8569
10728
8570
10729
8571
10730
8572
10731
8573
10732
8574
10733
8575
10734
8576
10735
8577
10736
8578
10737
8579
10738
8580
10739
8581
10740
8582
10741
8583
10742
8584
10743
8585
10744
8586
10745
8587
10746
8588
10747
8589
10748
8590
10749
8591
10750
8592
10751
8593
10752
8594
10753
8595
10754
8596
10755
8597
10756
8598
10757
8599
10758
8600
10759
8601
10760
8602
10761
8603
10762
8604
10763
8605
10764
8606
10765
8607
10766
8608
10767
8609
10768
8610
10769
8611
10770
8612
10771
8613
10772
8614
10773
8615
10774
8616
10775
8617
10776
8618
10777
8619
10778
8620
10779
8621
10780
8622
10781
8623
10782
8624
10783
8625
10784
8626
10785
8627
10786
8628
10787
8629
10788
8630
10789
8631
10790
8632
10791
8633
10792
8634
10793
8635
10794
8636
10795
8637
10796
8638
10797
8639
10798
10799
8641
8730
10800
8642
8731
10801
8643
8732
10802
8644
8733
10803
8645
8734
10804
8646
8735
10805
8647
8736
10806
8648
8737
10807
8649
8738
10808
8650
8739
10809
8651
8740
10810
8652
8741
10811
8653
8742
10812
8654
8743
10813
8655
8744
10814
8656
8745
10815
8657
8746
10816
8658
8747
10817
8659
8748
10818
8660
8749
10819
8661
8750
10820
8662
8751
10821
8663
8752
10822
8664
8753
10823
8665
8754
10824
8666
8755
10825
8667
8756
10826
8668
8757
10827
8669
8758
10828
8670
8759
10829
8671
8760
10830
8672
8761
10831
8673
8762
10832
8674
8763
10833
8675
8764
10834
8676
8765
10835
8677
8766
10836
8678
8767
10837
8679
8768
10838
8680
8769
10839
8681
8770
10840
8682
8771
10841
8683
8772
10842
8684
8773
10843
8685
8774
10844
8686
8775
10845
8687
8776
10846
8688
8777
10847
8689
8778
10848
8690
8779
10849
8691
8780
10850
8692
8781
10851
8693
8782
10852
8694
8783
10853
8695
8784
10854
8696
8785
10855
8697
8786
10856
8698
8787
10857
8699
8788
10858
8700
8789
10859
8701
8790
10860
8702
8791
10861
8703
8792
10862
8704
8793
10863
8705
8794
10864
8706
8795
10865
8707
8796
10866
8708
8797
10867
8709
8798
10868
8710
8799
10869
8711
8800
10870
8712
8801
10871
8713
8802
10872
8714
8803
10873
8715
8804
10874
8716
8805
10875
8717
8806
10876
8718
8807
10877
8719
8808
10878
8720
8809
10879
8721
8810
10880
8722
8811
10881
8723
8812
10882
8724
8813
10883
8725
8814
10884
8726
8815
10885
8727
8816
10886
8728
8817
10887
8729
8818
10888
8819
10889
8731
8820
10890
8732
8821
10891
8733
8822
10892
8734
8823
10893
8735
8824
10894
8736
8825
10895
8737
8826
10896
8738
8827
10897
8739
8828
10898
8740
8829
10899
8741
8830
10900
8742
8831
10901
8743
8832
10902
8744
8833
10903
8745
8834
10904
8746
8835
10905
8747
8836
10906
8748
8837
10907
8749
8838
10908
8750
8839
10909
8751
8840
10910
8752
8841
10911
8753
8842
10912
8754
8843
10913
8755
8844
10914
8756
8845
10915
8757
8846
10916
8758
8847
10917
8759
8848
10918
8760
8849
10919
8761
8850
10920
8762
8851
10921
8763
8852
10922
8764
8853
10923
8765
8854
10924
8766
8855
10925
8767
8856
10926
8768
8857
10927
8769
8858
10928
8770
8859
10929
8771
8860
10930
8772
8861
10931
8773
8862
10932
8774
8863
10933
8775
8864
10934
8776
8865
10935
8777
8866
10936
8778
8867
10937
8779
8868
10938
8780
8869
10939
8781
8870
10940
8782
8871
10941
8783
8872
10942
8784
8873
10943
8785
8874
10944
8786
8875
10945
8787
8876
10946
8788
8877
10947
8789
8878
10948
8790
8879
10949
8791
8880
10950
8792
8881
10951
8793
8882
10952
8794
8883
10953
8795
8884
10954
8796
8885
10955
8797
8886
10956
8798
8887
10957
8799
8888
10958
8800
8889
10959
8801
8890
10960
8802
8891
10961
8803
8892
10962
8804
8893
10963
8805
8894
10964
8806
8895
10965
8807
8896
10966
8808
8897
10967
8809
8898
10968
8810
8899
10969
8811
8900
10970
8812
8901
10971
8813
8902
10972
8814
8903
10973
8815
8904
10974
8816
8905
10975
8817
8906
10976
8818
8907
10977
8819
8908
10978
8909
10979
8821
8910
10980
8822
8911
10981
8823
8912
10982
8824
8913
10983
8825
8914
10984
8826
8915
10985
8827
8916
10986
8828
8917
10987
8829
8918
10988
8830
8919
10989
8831
8920
10990
8832
8921
10991
8833
8922
10992
8834
8923
10993
8835
8924
10994
8836
8925
10995
8837
8926
10996
8838
8927
10997
8839
8928
10998
8840
8929
10999
8841
8930
11000
8842
8931
11001
8843
8932
11002
8844
8933
11003
8845
8934
11004
8846
8935
11005
8847
8936
11006
8848
8937
11007
8849
8938
11008
8850
8939
11009
8851
8940
11010
8852
8941
11011
8853
8942
11012
8854
8943
11013
8855
8944
11014
8856
8945
11015
8857
8946
11016
8858
8947
11017
8859
8948
11018
8860
8949
11019
8861
8950
11020
8862
8951
11021
8863
8952
11022
8864
8953
11023
8865
8954
11024
8866
8955
11025
8867
8956
11026
8868
8957
11027
8869
8958
11028
8870
8959
11029
8871
8960
11030
8872
8961
11031
8873
8962
11032
8874
8963
11033
8875
8964
11034
8876
8965
11035
8877
8966
11036
8878
8967
11037
8879
8968
11038
8880
8969
11039
8881
8970
11040
8882
8971
11041
8883
8972
11042
8884
8973
11043
8885
8974
11044
8886
8975
11045
8887
8976
11046
8888
8977
11047
8889
8978
11048
8890
8979
11049
8891
8980
11050
8892
8981
11051
8893
8982
11052
8894
8983
11053
8895
8984
11054
8896
8985
11055
8897
8986
11056
8898
8987
11057
8899
8988
11058
8900
8989
11059
8901
8990
11060
8902
8991
11061
8903
8992
11062
8904
8993
11063
8905
8994
11064
8906
8995
11065
8907
8996
11066
8908
8997
11067
8909
8998
11068
8999
11069
8911
9000
11070
8912
9001
11071
8913
9002
11072
8914
9003
11073
8915
9004
11074
8916
9005
11075
8917
9006
11076
8918
9007
11077
8919
9008
11078
8920
9009
11079
8921
9010
11080
8922
9011
11081
8923
9012
11082
8924
9013
11083
8925
9014
11084
8926
9015
11085
8927
9016
11086
8928
9017
11087
8929
9018
11088
8930
9019
11089
8931
9020
11090
8932
9021
11091
8933
9022
11092
8934
9023
11093
8935
9024
11094
8936
9025
11095
8937
9026
11096
8938
9027
11097
8939
9028
11098
8940
9029
11099
8941
9030
11100
8942
9031
11101
8943
9032
11102
8944
9033
11103
8945
9034
11104
8946
9035
11105
8947
9036
11106
8948
9037
11107
8949
9038
11108
8950
9039
11109
8951
9040
11110
8952
9041
11111
8953
9042
11112
8954
9043
11113
8955
9044
11114
8956
9045
11115
8957
9046
11116
8958
9047
11117
8959
9048
11118
8960
9049
11119
8961
9050
11120
8962
9051
11121
8963
9052
11122
8964
9053
11123
8965
9054
11124
8966
9055
11125
8967
9056
11126
8968
9057
11127
8969
9058
11128
8970
9059
11129
8971
9060
11130
8972
9061
11131
8973
9062
11132
8974
9063
11133
8975
9064
11134
8976
9065
11135
8977
9066
11136
8978
9067
11137
8979
9068
11138
8980
9069
11139
8981
9070
11140
8982
9071
11141
8983
9072
11142
8984
9073
11143
8985
9074
11144
8986
9075
11145
8987
9076
11146
8988
9077
11147
8989
9078
11148
8990
9079
11149
8991
9080
11150
8992
9081
11151
8993
9082
11152
8994
9083
11153
8995
9084
11154
8996
9085
11155
8997
9086
11156
8998
9087
11157
8999
9088
11158
9089
11159
9001
9090
11160
9002
9091
11161
9003
9092
11162
9004
9093
11163
9005
9094
11164
9006
9095
11165
9007
9096
11166
9008
9097
11167
9009
9098
11168
9010
9099
11169
9011
9100
11170
9012
9101
11171
9013
9102
11172
9014
9103
11173
9015
9104
11174
9016
9105
11175
9017
9106
11176
9018
9107
11177
9019
9108
11178
9020
9109
11179
9021
9110
11180
9022
9111
11181
9023
9112
11182
9024
9113
11183
9025
9114
11184
9026
9115
11185
9027
9116
11186
9028
9117
11187
9029
9118
11188
9030
9119
11189
9031
9120
11190
9032
9121
11191
9033
9122
11192
9034
9123
11193
9035
9124
11194
9036
9125
11195
9037
9126
11196
9038
9127
11197
9039
9128
11198
9040
9129
11199
9041
9130
11200
9042
9131
11201
9043
9132
11202
9044
9133
11203
9045
9134
11204
9046
9135
11205
9047
9136
11206
9048
9137
11207
9049
9138
11208
9050
9139
11209
9051
9140
11210
9052
9141
11211
9053
9142
11212
9054
9143
11213
9055
9144
11214
9056
9145
11215
9057
9146
11216
9058
9147
11217
9059
9148
11218
9060
9149
11219
9061
9150
11220
9062
9151
11221
9063
9152
11222
9064
9153
11223
9065
9154
11224
9066
9155
11225
9067
9156
11226
9068
9157
11227
9069
9158
11228
9070
9159
11229
9071
9160
11230
9072
9161
11231
9073
9162
11232
9074
9163
11233
9075
9164
11234
9076
9165
11235
9077
9166
11236
9078
9167
11237
9079
9168
11238
9080
9169
11239
9081
9170
11240
9082
9171
11241
9083
9172
11242
9084
9173
11243
9085
9174
11244
9086
9175
11245
9087
9176
11246
9088
9177
11247
9089
9178
11248
9179
11249
9091
9180
11250
9092
9181
11251
9093
9182
11252
9094
9183
11253
9095
9184
11254
9096
9185
11255
9097
9186
11256
9098
9187
11257
9099
9188
11258
9100
9189
11259
9101
9190
11260
9102
9191
11261
9103
9192
11262
9104
9193
11263
9105
9194
11264
9106
9195
11265
9107
9196
11266
9108
9197
11267
9109
9198
11268
9110
9199
11269
9111
9200
11270
9112
9201
11271
9113
9202
11272
9114
9203
11273
9115
9204
11274
9116
9205
11275
9117
9206
11276
9118
9207
11277
9119
9208
11278
9120
9209
11279
9121
9210
11280
9122
9211
11281
9123
9212
11282
9124
9213
11283
9125
9214
11284
9126
9215
11285
9127
9216
11286
9128
9217
11287
9129
9218
11288
9130
9219
11289
9131
9220
11290
9132
9221
11291
9133
9222
11292
9134
9223
11293
9135
9224
11294
9136
9225
11295
9137
9226
11296
9138
9227
11297
9139
9228
11298
9140
9229
11299
9141
9230
11300
9142
9231
11301
9143
9232
11302
9144
9233
11303
9145
9234
11304
9146
9235
11305
9147
9236
11306
9148
9237
11307
9149
9238
11308
9150
9239
11309
9151
9240
11310
9152
9241
11311
9153
9242
11312
9154
9243
11313
9155
9244
11314
9156
9245
11315
9157
9246
11316
9158
9247
11317
9159
9248
11318
9160
9249
11319
9161
9250
11320
9162
9251
11321
9163
9252
11322
9164
9253
11323
9165
9254
11324
9166
9255
11325
9167
9256
11326
9168
9257
11327
9169
9258
11328
9170
9259
11329
9171
9260
11330
9172
9261
11331
9173
9262
11332
9174
9263
11333
9175
9264
11334
9176
9265
11335
9177
9266
11336
9178
9267
11337
9179
9268
11338
9269
11339
9181
9270
11340
9182
9271
11341
9183
9272
11342
9184
9273
11343
9185
9274
11344
9186
9275
11345
9187
9276
11346
9188
9277
11347
9189
9278
11348
9190
9279
11349
9191
9280
11350
9192
9281
11351
9193
9282
11352
9194
9283
11353
9195
9284
11354
9196
9285
11355
9197
9286
11356
9198
9287
11357
9199
9288
11358
9200
9289
11359
9201
9290
11360
9202
9291
11361
9203
9292
11362
9204
9293
11363
9205
9294
11364
9206
9295
11365
9207
9296
11366
9208
9297
11367
9209
9298
11368
9210
9299
11369
9211
9300
11370
9212
9301
11371
9213
9302
11372
9214
9303
11373
9215
9304
11374
9216
9305
11375
9217
9306
11376
9218
9307
11377
9219
9308
11378
9220
9309
11379
9221
9310
11380
9222
9311
11381
9223
9312
11382
9224
9313
11383
9225
9314
11384
9226
9315
11385
9227
9316
11386
9228
9317
11387
9229
9318
11388
9230
9319
11389
9231
9320
11390
9232
9321
11391
9233
9322
11392
9234
9323
11393
9235
9324
11394
9236
9325
11395
9237
9326
11396
9238
9327
11397
9239
9328
11398
9240
9329
11399
9241
9330
11400
9242
9331
11401
9243
9332
11402
9244
9333
11403
9245
9334
11404
9246
9335
11405
9247
9336
11406
9248
9337
11407
9249
9338
11408
9250
9339
11409
9251
9340
11410
9252
9341
11411
9253
9342
11412
9254
9343
11413
9255
9344
11414
9256
9345
11415
9257
9346
11416
9258
9347
11417
9259
9348
11418
9260
9349
11419
9261
9350
11420
9262
9351
11421
9263
9352
11422
9264
9353
11423
9265
9354
11424
9266
9355
11425
9267
9356
11426
9268
9357
11427
9269
9358
11428
9359
11429
9271
9360
11430
9272
9361
11431
9273
9362
11432
9274
9363
11433
9275
9364
11434
9276
9365
11435
9277
9366
11436
9278
9367
11437
9279
9368
11438
9280
9369
11439
9281
9370
11440
9282
9371
11441
9283
9372
11442
9284
9373
11443
9285
9374
11444
9286
9375
11445
9287
9376
11446
9288
9377
11447
9289
9378
11448
9290
9379
11449
9291
9380
11450
9292
9381
11451
9293
9382
11452
9294
9383
11453
9295
9384
11454
9296
9385
11455
9297
9386
11456
9298
9387
11457
9299
9388
11458
9300
9389
11459
9301
9390
11460
9302
9391
11461
9303
9392
11462
9304
9393
11463
9305
9394
11464
9306
9395
11465
9307
9396
11466
9308
9397
11467
9309
9398
11468
9310
9399
11469
9311
9400
11470
9312
9401
11471
9313
9402
11472
9314
9403
11473
9315
9404
11474
9316
9405
11475
9317
9406
11476
9318
9407
11477
9319
9408
11478
9320
9409
11479
9321
9410
11480
9322
9411
11481
9323
9412
11482
9324
9413
11483
9325
9414
11484
9326
9415
11485
9327
9416
11486
9328
9417
11487
9329
9418
11488
9330
9419
11489
9331
9420
11490
9332
9421
11491
9333
9422
11492
9334
9423
11493
9335
9424
11494
9336
9425
11495
9337
9426
11496
9338
9427
11497
9339
9428
11498
9340
9429
11499
9341
9430
11500
9342
9431
11501
9343
9432
11502
9344
9433
11503
9345
9434
11504
9346
9435
11505
9347
9436
11506
9348
9437
11507
9349
9438
11508
9350
9439
11509
9351
9440
11510
9352
9441
11511
9353
9442
11512
9354
9443
11513
9355
9444
11514
9356
9445
11515
9357
9446
11516
9358
9447
11517
9359
9448
11518
9449
11519
9361
9450
11520
9362
9451
11521
9363
9452
11522
9364
9453
11523
9365
9454
11524
9366
9455
11525
9367
9456
11526
9368
9457
11527
9369
9458
11528
9370
9459
11529
9371
9460
11530
9372
9461
11531
9373
9462
11532
9374
9463
11533
9375
9464
11534
9376
9465
11535
9377
9466
11536
9378
9467
11537
9379
9468
11538
9380
9469
11539
9381
9470
11540
9382
9471
11541
9383
9472
11542
9384
9473
11543
9385
9474
11544
9386
9475
11545
9387
9476
11546
9388
9477
11547
9389
9478
11548
9390
9479
11549
9391
9480
11550
9392
9481
11551
9393
9482
11552
9394
9483
11553
9395
9484
11554
9396
9485
11555
9397
9486
11556
9398
9487
11557
9399
9488
11558
9400
9489
11559
9401
9490
11560
9402
9491
11561
9403
9492
11562
9404
9493
11563
9405
9494
11564
9406
9495
11565
9407
9496
11566
9408
9497
11567
9409
9498
11568
9410
9499
11569
9411
9500
11570
9412
9501
11571
9413
9502
11572
9414
9503
11573
9415
9504
11574
9416
9505
11575
9417
9506
11576
9418
9507
11577
9419
9508
11578
9420
9509
11579
9421
9510
11580
9422
9511
11581
9423
9512
11582
9424
9513
11583
9425
9514
11584
9426
9515
11585
9427
9516
11586
9428
9517
11587
9429
9518
11588
9430
9519
11589
9431
9520
11590
9432
9521
11591
9433
9522
11592
9434
9523
11593
9435
9524
11594
9436
9525
11595
9437
9526
11596
9438
9527
11597
9439
9528
11598
9440
9529
11599
9441
9530
11600
9442
9531
11601
9443
9532
11602
9444
9533
11603
9445
9534
11604
9446
9535
11605
9447
9536
11606
9448
9537
11607
9449
9538
11608
9539
11609
9451
9540
11610
9452
9541
11611
9453
9542
11612
9454
9543
11613
9455
9544
11614
9456
9545
11615
9457
9546
11616
9458
9547
11617
9459
9548
11618
9460
9549
11619
9461
9550
11620
9462
9551
11621
9463
9552
11622
9464
9553
11623
9465
9554
11624
9466
9555
11625
9467
9556
11626
9468
9557
11627
9469
9558
11628
9470
9559
11629
9471
9560
11630
9472
9561
11631
9473
9562
11632
9474
9563
11633
9475
9564
11634
9476
9565
11635
9477
9566
11636
9478
9567
11637
9479
9568
11638
9480
9569
11639
9481
9570
11640
9482
9571
11641
9483
9572
11642
9484
9573
11643
9485
9574
11644
9486
9575
11645
9487
9576
11646
9488
9577
11647
9489
9578
11648
9490
9579
11649
9491
9580
11650
9492
9581
11651
9493
9582
11652
9494
9583
11653
9495
9584
11654
9496
9585
11655
9497
9586
11656
9498
9587
11657
9499
9588
11658
9500
9589
11659
9501
9590
11660
9502
9591
11661
9503
9592
11662
9504
9593
11663
9505
9594
11664
9506
9595
11665
9507
9596
11666
9508
9597
11667
9509
9598
11668
9510
9599
11669
9511
9600
11670
9512
9601
11671
9513
9602
11672
9514
9603
11673
9515
9604
11674
9516
9605
11675
9517
9606
11676
9518
9607
11677
9519
9608
11678
9520
9609
11679
9521
9610
11680
9522
9611
11681
9523
9612
11682
9524
9613
11683
9525
9614
11684
9526
9615
11685
9527
9616
11686
9528
9617
11687
9529
9618
11688
9530
9619
11689
9531
9620
11690
9532
9621
11691
9533
9622
11692
9534
9623
11693
9535
9624
11694
9536
9625
11695
9537
9626
11696
9538
9627
11697
9539
9628
11698
9629
11699
9541
9630
11700
9542
9631
11701
9543
9632
11702
9544
9633
11703
9545
9634
11704
9546
9635
11705
9547
9636
11706
9548
9637
11707
9549
9638
11708
9550
9639
11709
9551
9640
11710
9552
9641
11711
9553
9642
11712
9554
9643
11713
9555
9644
11714
9556
9645
11715
9557
9646
11716
9558
9647
11717
9559
9648
11718
9560
9649
11719
9561
9650
11720
9562
9651
11721
9563
9652
11722
9564
9653
11723
9565
9654
11724
9566
9655
11725
9567
9656
11726
9568
9657
11727
9569
9658
11728
9570
9659
11729
9571
9660
11730
9572
9661
11731
9573
9662
11732
9574
9663
11733
9575
9664
11734
9576
9665
11735
9577
9666
11736
9578
9667
11737
9579
9668
11738
9580
9669
11739
9581
9670
11740
9582
9671
11741
9583
9672
11742
9584
9673
11743
9585
9674
11744
9586
9675
11745
9587
9676
11746
9588
9677
11747
9589
9678
11748
9590
9679
11749
9591
9680
11750
9592
9681
11751
9593
9682
11752
9594
9683
11753
9595
9684
11754
9596
9685
11755
9597
9686
11756
9598
9687
11757
9599
9688
11758
9600
9689
11759
9601
9690
11760
9602
9691
11761
9603
9692
11762
9604
9693
11763
9605
9694
11764
9606
9695
11765
9607
9696
11766
9608
9697
11767
9609
9698
11768
9610
9699
11769
9611
9700
11770
9612
9701
11771
9613
9702
11772
9614
9703
11773
9615
9704
11774
9616
9705
11775
9617
9706
11776
9618
9707
11777
9619
9708
11778
9620
9709
11779
9621
9710
11780
9622
9711
11781
9623
9712
11782
9624
9713
11783
9625
9714
11784
9626
9715
11785
9627
9716
11786
9628
9717
11787
9629
9718
11788
9719
11789
9631
9720
11790
9632
9721
11791
9633
9722
11792
9634
9723
11793
9635
9724
11794
9636
9725
11795
9637
9726
11796
9638
9727
11797
9639
9728
11798
9640
9729
11799
9641
9730
11800
9642
9731
11801
9643
9732
11802
9644
9733
11803
9645
9734
11804
9646
9735
11805
9647
9736
11806
9648
9737
11807
9649
9738
11808
9650
9739
11809
9651
9740
11810
9652
9741
11811
9653
9742
11812
9654
9743
11813
9655
9744
11814
9656
9745
11815
9657
9746
11816
9658
9747
11817
9659
9748
11818
9660
9749
11819
9661
9750
11820
9662
9751
11821
9663
9752
11822
9664
9753
11823
9665
9754
11824
9666
9755
11825
9667
9756
11826
9668
9757
11827
9669
9758
11828
9670
9759
11829
9671
9760
11830
9672
9761
11831
9673
9762
11832
9674
9763
11833
9675
9764
11834
9676
9765
11835
9677
9766
11836
9678
9767
11837
9679
9768
11838
9680
9769
11839
9681
9770
11840
9682
9771
11841
9683
9772
11842
9684
9773
11843
9685
9774
11844
9686
9775
11845
9687
9776
11846
9688
9777
11847
9689
9778
11848
9690
9779
11849
9691
9780
11850
9692
9781
11851
9693
9782
11852
9694
9783
11853
9695
9784
11854
9696
9785
11855
9697
9786
11856
9698
9787
11857
9699
9788
11858
9700
9789
11859
9701
9790
11860
9702
9791
11861
9703
9792
11862
9704
9793
11863
9705
9794
11864
9706
9795
11865
9707
9796
11866
9708
9797
11867
9709
9798
11868
9710
9799
11869
9711
9800
11870
9712
9801
11871
9713
9802
11872
9714
9803
11873
9715
9804
11874
9716
9805
11875
9717
9806
11876
9718
9807
11877
9719
9808
11878
9809
11879
9721
9810
11880
9722
9811
11881
9723
9812
11882
9724
9813
11883
9725
9814
11884
9726
9815
11885
9727
9816
11886
9728
9817
11887
9729
9818
11888
9730
9819
11889
9731
9820
11890
9732
9821
11891
9733
9822
11892
9734
9823
11893
9735
9824
11894
9736
9825
11895
9737
9826
11896
9738
9827
11897
9739
9828
11898
9740
9829
11899
9741
9830
11900
9742
9831
11901
9743
9832
11902
9744
9833
11903
9745
9834
11904
9746
9835
11905
9747
9836
11906
9748
9837
11907
9749
9838
11908
9750
9839
11909
9751
9840
11910
9752
9841
11911
9753
9842
11912
9754
9843
11913
9755
9844
11914
9756
9845
11915
9757
9846
11916
9758
9847
11917
9759
9848
11918
9760
9849
11919
9761
9850
11920
9762
9851
11921
9763
9852
11922
9764
9853
11923
9765
9854
11924
9766
9855
11925
9767
9856
11926
9768
9857
11927
9769
9858
11928
9770
9859
11929
9771
9860
11930
9772
9861
11931
9773
9862
11932
9774
9863
11933
9775
9864
11934
9776
9865
11935
9777
9866
11936
9778
9867
11937
9779
9868
11938
9780
9869
11939
9781
9870
11940
9782
9871
11941
9783
9872
11942
9784
9873
11943
9785
9874
11944
9786
9875
11945
9787
9876
11946
9788
9877
11947
9789
9878
11948
9790
9879
11949
9791
9880
11950
9792
9881
11951
9793
9882
11952
9794
9883
11953
9795
9884
11954
9796
9885
11955
9797
9886
11956
9798
9887
11957
9799
9888
11958
9800
9889
11959
9801
9890
11960
9802
9891
11961
9803
9892
11962
9804
9893
11963
9805
9894
11964
9806
9895
11965
9807
9896
11966
9808
9897
11967
9809
9898
11968
9899
11969
9811
9900
11970
9812
9901
11971
9813
9902
11972
9814
9903
11973
9815
9904
11974
9816
9905
11975
9817
9906
11976
9818
9907
11977
9819
9908
11978
9820
9909
11979
9821
9910
11980
9822
9911
11981
9823
9912
11982
9824
9913
11983
9825
9914
11984
9826
9915
11985
9827
9916
11986
9828
9917
11987
9829
9918
11988
9830
9919
11989
9831
9920
11990
9832
9921
11991
9833
9922
11992
9834
9923
11993
9835
9924
11994
9836
9925
11995
9837
9926
11996
9838
9927
11997
9839
9928
11998
9840
9929
11999
9841
9930
12000
9842
9931
12001
9843
9932
12002
9844
9933
12003
9845
9934
12004
9846
9935
12005
9847
9936
12006
9848
9937
12007
9849
9938
12008
9850
9939
12009
9851
9940
12010
9852
9941
12011
9853
9942
12012
9854
9943
12013
9855
9944
12014
9856
9945
12015
9857
9946
12016
9858
9947
12017
9859
9948
12018
9860
9949
12019
9861
9950
12020
9862
9951
12021
9863
9952
12022
9864
9953
12023
9865
9954
12024
9866
9955
12025
9867
9956
12026
9868
9957
12027
9869
9958
12028
9870
9959
12029
9871
9960
12030
9872
9961
12031
9873
9962
12032
9874
9963
12033
9875
9964
12034
9876
9965
12035
9877
9966
12036
9878
9967
12037
9879
9968
12038
9880
9969
12039
9881
9970
12040
9882
9971
12041
9883
9972
12042
9884
9973
12043
9885
9974
12044
9886
9975
12045
9887
9976
12046
9888
9977
12047
9889
9978
12048
9890
9979
12049
9891
9980
12050
9892
9981
12051
9893
9982
12052
9894
9983
12053
9895
9984
12054
9896
9985
12055
9897
9986
12056
9898
9987
12057
9899
9988
12058
9989
12059
9901
9990
12060
9902
9991
12061
9903
9992
12062
9904
9993
12063
9905
9994
12064
9906
9995
12065
9907
9996
12066
9908
9997
12067
9909
9998
12068
9910
9999
12069
9911
10000
12070
9912
10001
12071
9913
10002
12072
9914
10003
12073
9915
10004
12074
9916
10005
12075
9917
10006
12076
9918
10007
12077
9919
10008
12078
9920
10009
12079
9921
10010
12080
9922
10011
12081
9923
10012
12082
9924
10013
12083
9925
10014
12084
9926
10015
12085
9927
10016
12086
9928
10017
12087
9929
10018
12088
9930
10019
12089
9931
10020
12090
9932
10021
12091
9933
10022
12092
9934
10023
12093
9935
10024
12094
9936
10025
12095
9937
10026
12096
9938
10027
12097
9939
10028
12098
9940
10029
12099
9941
10030
12100
9942
10031
12101
9943
10032
12102
9944
10033
12103
9945
10034
12104
9946
10035
12105
9947
10036
12106
9948
10037
12107
9949
10038
12108
9950
10039
12109
9951
10040
12110
9952
10041
12111
9953
10042
12112
9954
10043
12113
9955
10044
12114
9956
10045
12115
9957
10046
12116
9958
10047
12117
9959
10048
12118
9960
10049
12119
9961
10050
12120
9962
10051
12121
9963
10052
12122
9964
10053
12123
9965
10054
12124
9966
10055
12125
9967
10056
12126
9968
10057
12127
9969
10058
12128
9970
10059
12129
9971
10060
12130
9972
10061
12131
9973
10062
12132
9974
10063
12133
9975
10064
12134
9976
10065
12135
9977
10066
12136
9978
10067
12137
9979
10068
12138
9980
10069
12139
9981
10070
12140
9982
10071
12141
9983
10072
12142
9984
10073
12143
9985
10074
12144
9986
10075
12145
9987
10076
12146
9988
10077
12147
9989
10078
12148
10079
12149
9991
10080
12150
9992
10081
12151
9993
10082
12152
9994
10083
12153
9995
10084
12154
9996
10085
12155
9997
10086
12156
9998
10087
12157
9999
10088
12158
10000
10089
12159
10001
10090
12160
10002
10091
12161
10003
10092
12162
10004
10093
12163
10005
10094
12164
10006
10095
12165
10007
10096
12166
10008
10097
12167
10009
10098
12168
10010
10099
12169
10011
10100
12170
10012
10101
12171
10013
10102
12172
10014
10103
12173
10015
10104
12174
10016
10105
12175
10017
10106
12176
10018
10107
12177
10019
10108
12178
10020
10109
12179
10021
10110
12180
10022
10111
12181
10023
10112
12182
10024
10113
12183
10025
10114
12184
10026
10115
12185
10027
10116
12186
10028
10117
12187
10029
10118
12188
10030
10119
12189
10031
10120
12190
10032
10121
12191
10033
10122
12192
10034
10123
12193
10035
10124
12194
10036
10125
12195
10037
10126
12196
10038
10127
12197
10039
10128
12198
10040
10129
12199
10041
10130
12200
10042
10131
12201
10043
10132
12202
10044
10133
12203
10045
10134
12204
10046
10135
12205
10047
10136
12206
10048
10137
12207
10049
10138
12208
10050
10139
12209
10051
10140
12210
10052
10141
12211
10053
10142
12212
10054
10143
12213
10055
10144
12214
10056
10145
12215
10057
10146
12216
10058
10147
12217
10059
10148
12218
10060
10149
12219
10061
10150
12220
10062
10151
12221
10063
10152
12222
10064
10153
12223
10065
10154
12224
10066
10155
12225
10067
10156
12226
10068
10157
12227
10069
10158
12228
10070
10159
12229
10071
10160
12230
10072
10161
12231
10073
10162
12232
10074
10163
12233
10075
10164
12234
10076
10165
12235
10077
10166
12236
10078
10167
12237
10079
10168
12238
10169
12239
10081
10170
12240
10082
10171
12241
10083
10172
12242
10084
10173
12243
10085
10174
12244
10086
10175
12245
10087
10176
12246
10088
10177
12247
10089
10178
12248
10090
10179
12249
10091
10180
12250
10092
10181
12251
10093
10182
12252
10094
10183
12253
10095
10184
12254
10096
10185
12255
10097
10186
12256
10098
10187
12257
10099
10188
12258
10100
10189
12259
10101
10190
12260
10102
10191
12261
10103
10192
12262
10104
10193
12263
10105
10194
12264
10106
10195
12265
10107
10196
12266
10108
10197
12267
10109
10198
12268
10110
10199
12269
10111
10200
12270
10112
10201
12271
10113
10202
12272
10114
10203
12273
10115
10204
12274
10116
10205
12275
10117
10206
12276
10118
10207
12277
10119
10208
12278
10120
10209
12279
10121
10210
12280
10122
10211
12281
10123
10212
12282
10124
10213
12283
10125
10214
12284
10126
10215
12285
10127
10216
12286
10128
10217
12287
10129
10218
12288
10130
10219
12289
10131
10220
12290
10132
10221
12291
10133
10222
12292
10134
10223
12293
10135
10224
12294
10136
10225
12295
10137
10226
12296
10138
10227
12297
10139
10228
12298
10140
10229
12299
10141
10230
12300
10142
10231
12301
10143
10232
12302
10144
10233
12303
10145
10234
12304
10146
10235
12305
10147
10236
12306
10148
10237
12307
10149
10238
12308
10150
10239
12309
10151
10240
12310
10152
10241
12311
10153
10242
12312
10154
10243
12313
10155
10244
12314
10156
10245
12315
10157
10246
12316
10158
10247
12317
10159
10248
12318
10160
10249
12319
10161
10250
12320
10162
10251
12321
10163
10252
12322
10164
10253
12323
10165
10254
12324
10166
10255
12325
10167
10256
12326
10168
10257
12327
10169
10258
12328
10259
12329
10171
10260
12330
10172
10261
12331
10173
10262
12332
10174
10263
12333
10175
10264
12334
10176
10265
12335
10177
10266
12336
10178
10267
12337
10179
10268
12338
10180
10269
12339
10181
10270
12340
10182
10271
12341
10183
10272
12342
10184
10273
12343
10185
10274
12344
10186
10275
12345
10187
10276
12346
10188
10277
12347
10189
10278
12348
10190
10279
12349
10191
10280
12350
10192
10281
12351
10193
10282
12352
10194
10283
12353
10195
10284
12354
10196
10285
12355
10197
10286
12356
10198
10287
12357
10199
10288
12358
10200
10289
12359
10201
10290
12360
10202
10291
12361
10203
10292
12362
10204
10293
12363
10205
10294
12364
10206
10295
12365
10207
10296
12366
10208
10297
12367
10209
10298
12368
10210
10299
12369
10211
10300
12370
10212
10301
12371
10213
10302
12372
10214
10303
12373
10215
10304
12374
10216
10305
12375
10217
10306
12376
10218
10307
12377
10219
10308
12378
10220
10309
12379
10221
10310
12380
10222
10311
12381
10223
10312
12382
10224
10313
12383
10225
10314
12384
10226
10315
12385
10227
10316
12386
10228
10317
12387
10229
10318
12388
10230
10319
12389
10231
10320
12390
10232
10321
12391
10233
10322
12392
10234
10323
12393
10235
10324
12394
10236
10325
12395
10237
10326
12396
10238
10327
12397
10239
10328
12398
10240
10329
12399
10241
10330
12400
10242
10331
12401
10243
10332
12402
10244
10333
12403
10245
10334
12404
10246
10335
12405
10247
10336
12406
10248
10337
12407
10249
10338
12408
10250
10339
12409
10251
10340
12410
10252
10341
12411
10253
10342
12412
10254
10343
12413
10255
10344
12414
10256
10345
12415
10257
10346
12416
10258
10347
12417
10259
10348
12418
10349
12419
10261
10350
12420
10262
10351
12421
10263
10352
12422
10264
10353
12423
10265
10354
12424
10266
10355
12425
10267
10356
12426
10268
10357
12427
10269
10358
12428
10270
10359
12429
10271
10360
12430
10272
10361
12431
10273
10362
12432
10274
10363
12433
10275
10364
12434
10276
10365
12435
10277
10366
12436
10278
10367
12437
10279
10368
12438
10280
10369
12439
10281
10370
12440
10282
10371
12441
10283
10372
12442
10284
10373
12443
10285
10374
12444
10286
10375
12445
10287
10376
12446
10288
10377
12447
10289
10378
12448
10290
10379
12449
10291
10380
12450
10292
10381
12451
10293
10382
12452
10294
10383
12453
10295
10384
12454
10296
10385
12455
10297
10386
12456
10298
10387
12457
10299
10388
12458
10300
10389
12459
10301
10390
12460
10302
10391
12461
10303
10392
12462
10304
10393
12463
10305
10394
12464
10306
10395
12465
10307
10396
12466
10308
10397
12467
10309
10398
12468
10310
10399
12469
10311
10400
12470
10312
10401
12471
10313
10402
12472
10314
10403
12473
10315
10404
12474
10316
10405
12475
10317
10406
12476
10318
10407
12477
10319
10408
12478
10320
10409
12479
10321
10410
12480
10322
10411
12481
10323
10412
12482
10324
10413
12483
10325
10414
12484
10326
10415
12485
10327
10416
12486
10328
10417
12487
10329
10418
12488
10330
10419
12489
10331
10420
12490
10332
10421
12491
10333
10422
12492
10334
10423
12493
10335
10424
12494
10336
10425
12495
10337
10426
12496
10338
10427
12497
10339
10428
12498
10340
10429
12499
10341
10430
12500
10342
10431
12501
10343
10432
12502
10344
10433
12503
10345
10434
12504
10346
10435
12505
10347
10436
12506
10348
10437
12507
10349
10438
12508
10439
12509
10351
10440
12510
10352
10441
12511
10353
10442
12512
10354
10443
12513
10355
10444
12514
10356
10445
12515
10357
10446
12516
10358
10447
12517
10359
10448
12518
10360
10449
12519
10361
10450
12520
10362
10451
12521
10363
10452
12522
10364
10453
12523
10365
10454
12524
10366
10455
12525
10367
10456
12526
10368
10457
12527
10369
10458
12528
10370
10459
12529
10371
10460
12530
10372
10461
12531
10373
10462
12532
10374
10463
12533
10375
10464
12534
10376
10465
12535
10377
10466
12536
10378
10467
12537
10379
10468
12538
10380
10469
12539
10381
10470
12540
10382
10471
12541
10383
10472
12542
10384
10473
12543
10385
10474
12544
10386
10475
12545
10387
10476
12546
10388
10477
12547
10389
10478
12548
10390
10479
12549
10391
10480
12550
10392
10481
12551
10393
10482
12552
10394
10483
12553
10395
10484
12554
10396
10485
12555
10397
10486
12556
10398
10487
12557
10399
10488
12558
10400
10489
12559
10401
10490
12560
10402
10491
12561
10403
10492
12562
10404
10493
12563
10405
10494
12564
10406
10495
12565
10407
10496
12566
10408
10497
12567
10409
10498
12568
10410
10499
12569
10411
10500
12570
10412
10501
12571
10413
10502
12572
10414
10503
12573
10415
10504
12574
10416
10505
12575
10417
10506
12576
10418
10507
12577
10419
10508
12578
10420
10509
12579
10421
10510
12580
10422
10511
12581
10423
10512
12582
10424
10513
12583
10425
10514
12584
10426
10515
12585
10427
10516
12586
10428
10517
12587
10429
10518
12588
10430
10519
12589
10431
10520
12590
10432
10521
12591
10433
10522
12592
10434
10523
12593
10435
10524
12594
10436
10525
12595
10437
10526
12596
10438
10527
12597
10439
10528
12598
10529
12599
10441
10530
12600
10442
10531
12601
10443
10532
12602
10444
10533
12603
10445
10534
12604
10446
10535
12605
10447
10536
12606
10448
10537
12607
10449
10538
12608
10450
10539
12609
10451
10540
12610
10452
10541
12611
10453
10542
12612
10454
10543
12613
10455
10544
12614
10456
10545
12615
10457
10546
12616
10458
10547
12617
10459
10548
12618
10460
10549
12619
10461
10550
12620
10462
10551
12621
10463
10552
12622
10464
10553
12623
10465
10554
12624
10466
10555
12625
10467
10556
12626
10468
10557
12627
10469
10558
12628
10470
10559
12629
10471
10560
12630
10472
10561
12631
10473
10562
12632
10474
10563
12633
10475
10564
12634
10476
10565
12635
10477
10566
12636
10478
10567
12637
10479
10568
12638
10480
10569
12639
10481
10570
12640
10482
10571
12641
10483
10572
12642
10484
10573
12643
10485
10574
12644
10486
10575
12645
10487
10576
12646
10488
10577
12647
10489
10578
12648
10490
10579
12649
10491
10580
12650
10492
10581
12651
10493
10582
12652
10494
10583
12653
10495
10584
12654
10496
10585
12655
10497
10586
12656
10498
10587
12657
10499
10588
12658
10500
10589
12659
10501
10590
12660
10502
10591
12661
10503
10592
12662
10504
10593
12663
10505
10594
12664
10506
10595
12665
10507
10596
12666
10508
10597
12667
10509
10598
12668
10510
10599
12669
10511
10600
12670
10512
10601
12671
10513
10602
12672
10514
10603
12673
10515
10604
12674
10516
10605
12675
10517
10606
12676
10518
10607
12677
10519
10608
12678
10520
10609
12679
10521
10610
12680
10522
10611
12681
10523
10612
12682
10524
10613
12683
10525
10614
12684
10526
10615
12685
10527
10616
12686
10528
10617
12687
10529
10618
12688
10619
12689
10531
10620
12690
10532
10621
12691
10533
10622
12692
10534
10623
12693
10535
10624
12694
10536
10625
12695
10537
10626
12696
10538
10627
12697
10539
10628
12698
10540
10629
12699
10541
10630
12700
10542
10631
12701
10543
10632
12702
10544
10633
12703
10545
10634
12704
10546
10635
12705
10547
10636
12706
10548
10637
12707
10549
10638
12708
10550
10639
12709
10551
10640
12710
10552
10641
12711
10553
10642
12712
10554
10643
12713
10555
10644
12714
10556
10645
12715
10557
10646
12716
10558
10647
12717
10559
10648
12718
10560
10649
12719
10561
10650
12720
10562
10651
12721
10563
10652
12722
10564
10653
12723
10565
10654
12724
10566
10655
12725
10567
10656
12726
10568
10657
12727
10569
10658
12728
10570
10659
12729
10571
10660
12730
10572
10661
12731
10573
10662
12732
10574
10663
12733
10575
10664
12734
10576
10665
12735
10577
10666
12736
10578
10667
12737
10579
10668
12738
10580
10669
12739
10581
10670
12740
10582
10671
12741
10583
10672
12742
10584
10673
12743
10585
10674
12744
10586
10675
12745
10587
10676
12746
10588
10677
12747
10589
10678
12748
10590
10679
12749
10591
10680
12750
10592
10681
12751
10593
10682
12752
10594
10683
12753
10595
10684
12754
10596
10685
12755
10597
10686
12756
10598
10687
12757
10599
10688
12758
10600
10689
12759
10601
10690
12760
10602
10691
12761
10603
10692
12762
10604
10693
12763
10605
10694
12764
10606
10695
12765
10607
10696
12766
10608
10697
12767
10609
10698
12768
10610
10699
12769
10611
10700
12770
10612
10701
12771
10613
10702
12772
10614
10703
12773
10615
10704
12774
10616
10705
12775
10617
10706
12776
10618
10707
12777
10619
10708
12778
10709
12779
10621
10710
12780
10622
10711
12781
10623
10712
12782
10624
10713
12783
10625
10714
12784
10626
10715
12785
10627
10716
12786
10628
10717
12787
10629
10718
12788
10630
10719
12789
10631
10720
12790
10632
10721
12791
10633
10722
12792
10634
10723
12793
10635
10724
12794
10636
10725
12795
10637
10726
12796
10638
10727
12797
10639
10728
12798
10640
10729
12799
10641
10730
12800
10642
10731
12801
10643
10732
12802
10644
10733
12803
10645
10734
12804
10646
10735
12805
10647
10736
12806
10648
10737
12807
10649
10738
12808
10650
10739
12809
10651
10740
12810
10652
10741
12811
10653
10742
12812
10654
10743
12813
10655
10744
12814
10656
10745
12815
10657
10746
12816
10658
10747
12817
10659
10748
12818
10660
10749
12819
10661
10750
12820
10662
10751
12821
10663
10752
12822
10664
10753
12823
10665
10754
12824
10666
10755
12825
10667
10756
12826
10668
10757
12827
10669
10758
12828
10670
10759
12829
10671
10760
12830
10672
10761
12831
10673
10762
12832
10674
10763
12833
10675
10764
12834
10676
10765
12835
10677
10766
12836
10678
10767
12837
10679
10768
12838
10680
10769
12839
10681
10770
12840
10682
10771
12841
10683
10772
12842
10684
10773
12843
10685
10774
12844
10686
10775
12845
10687
10776
12846
10688
10777
12847
10689
10778
12848
10690
10779
12849
10691
10780
12850
10692
10781
12851
10693
10782
12852
10694
10783
12853
10695
10784
12854
10696
10785
12855
10697
10786
12856
10698
10787
12857
10699
10788
12858
10700
10789
12859
10701
10790
12860
10702
10791
12861
10703
10792
12862
10704
10793
12863
10705
10794
12864
10706
10795
12865
10707
10796
12866
10708
10797
12867
10709
10798
12868
10799
12869
10711
12870
10712
12871
10713
12872
10714
12873
10715
12874
10716
12875
10717
12876
10718
12877
10719
12878
10720
12879
10721
12880
10722
12881
10723
12882
10724
12883
10725
12884
10726
12885
10727
12886
10728
12887
10729
12888
10730
12889
10731
12890
10732
12891
10733
12892
10734
12893
10735
12894
10736
12895
10737
12896
10738
12897
10739
12898
10740
12899
10741
12900
10742
12901
10743
12902
10744
12903
10745
12904
10746
12905
10747
12906
10748
12907
10749
12908
10750
12909
10751
12910
10752
12911
10753
12912
10754
12913
10755
12914
10756
12915
10757
12916
10758
12917
10759
12918
10760
12919
10761
12920
10762
12921
10763
12922
10764
12923
10765
12924
10766
12925
10767
12926
10768
12927
10769
12928
10770
12929
10771
12930
10772
12931
10773
12932
10774
12933
10775
12934
10776
12935
10777
12936
10778
12937
10779
12938
10780
12939
10781
12940
10782
12941
10783
12942
10784
12943
10785
12944
10786
12945
10787
12946
10788
12947
10789
12948
10790
12949
10791
12950
10792
12951
10793
12952
10794
12953
10795
12954
10796
12955
10797
12956
10798
12957
10799
12958
12959
10801
10890
12960
10802
10891
12961
10803
10892
12962
10804
10893
12963
10805
10894
12964
10806
10895
12965
10807
10896
12966
10808
10897
12967
10809
10898
12968
10810
10899
12969
10811
10900
12970
10812
10901
12971
10813
10902
12972
10814
10903
12973
10815
10904
12974
10816
10905
12975
10817
10906
12976
10818
10907
12977
10819
10908
12978
10820
10909
12979
10821
10910
12980
10822
10911
12981
10823
10912
12982
10824
10913
12983
10825
10914
12984
10826
10915
12985
10827
10916
12986
10828
10917
12987
10829
10918
12988
10830
10919
12989
10831
10920
12990
10832
10921
12991
10833
10922
12992
10834
10923
12993
10835
10924
12994
10836
10925
12995
10837
10926
12996
10838
10927
12997
10839
10928
12998
10840
10929
12999
10841
10930
13000
10842
10931
13001
10843
10932
13002
10844
10933
13003
10845
10934
13004
10846
10935
13005
10847
10936
13006
10848
10937
13007
10849
10938
13008
10850
10939
13009
10851
10940
13010
10852
10941
13011
10853
10942
13012
10854
10943
13013
10855
10944
13014
10856
10945
13015
10857
10946
13016
10858
10947
13017
10859
10948
13018
10860
10949
13019
10861
10950
13020
10862
10951
13021
10863
10952
13022
10864
10953
13023
10865
10954
13024
10866
10955
13025
10867
10956
13026
10868
10957
13027
10869
10958
13028
10870
10959
13029
10871
10960
13030
10872
10961
13031
10873
10962
13032
10874
10963
13033
10875
10964
13034
10876
10965
13035
10877
10966
13036
10878
10967
13037
10879
10968
13038
10880
10969
13039
10881
10970
13040
10882
10971
13041
10883
10972
13042
10884
10973
13043
10885
10974
13044
10886
10975
13045
10887
10976
13046
10888
10977
13047
10889
10978
13048
10979
13049
10891
10980
13050
10892
10981
13051
10893
10982
13052
10894
10983
13053
10895
10984
13054
10896
10985
13055
10897
10986
13056
10898
10987
13057
10899
10988
13058
10900
10989
13059
10901
10990
13060
10902
10991
13061
10903
10992
13062
10904
10993
13063
10905
10994
13064
10906
10995
13065
10907
10996
13066
10908
10997
13067
10909
10998
13068
10910
10999
13069
10911
11000
13070
10912
11001
13071
10913
11002
13072
10914
11003
13073
10915
11004
13074
10916
11005
13075
10917
11006
13076
10918
11007
13077
10919
11008
13078
10920
11009
13079
10921
11010
13080
10922
11011
13081
10923
11012
13082
10924
11013
13083
10925
11014
13084
10926
11015
13085
10927
11016
13086
10928
11017
13087
10929
11018
13088
10930
11019
13089
10931
11020
13090
10932
11021
13091
10933
11022
13092
10934
11023
13093
10935
11024
13094
10936
11025
13095
10937
11026
13096
10938
11027
13097
10939
11028
13098
10940
11029
13099
10941
11030
13100
10942
11031
13101
10943
11032
13102
10944
11033
13103
10945
11034
13104
10946
11035
13105
10947
11036
13106
10948
11037
13107
10949
11038
13108
10950
11039
13109
10951
11040
13110
10952
11041
13111
10953
11042
13112
10954
11043
13113
10955
11044
13114
10956
11045
13115
10957
11046
13116
10958
11047
13117
10959
11048
13118
10960
11049
13119
10961
11050
13120
10962
11051
13121
10963
11052
13122
10964
11053
13123
10965
11054
13124
10966
11055
13125
10967
11056
13126
10968
11057
13127
10969
11058
13128
10970
11059
13129
10971
11060
13130
10972
11061
13131
10973
11062
13132
10974
11063
13133
10975
11064
13134
10976
11065
13135
10977
11066
13136
10978
11067
13137
10979
11068
13138
11069
13139
10981
11070
13140
10982
11071
13141
10983
11072
13142
10984
11073
13143
10985
11074
13144
10986
11075
13145
10987
11076
13146
10988
11077
13147
10989
11078
13148
10990
11079
13149
10991
11080
13150
10992
11081
13151
10993
11082
13152
10994
11083
13153
10995
11084
13154
10996
11085
13155
10997
11086
13156
10998
11087
13157
10999
11088
13158
11000
11089
13159
11001
11090
13160
11002
11091
13161
11003
11092
13162
11004
11093
13163
11005
11094
13164
11006
11095
13165
11007
11096
13166
11008
11097
13167
11009
11098
13168
11010
11099
13169
11011
11100
13170
11012
11101
13171
11013
11102
13172
11014
11103
13173
11015
11104
13174
11016
11105
13175
11017
11106
13176
11018
11107
13177
11019
11108
13178
11020
11109
13179
11021
11110
13180
11022
11111
13181
11023
11112
13182
11024
11113
13183
11025
11114
13184
11026
11115
13185
11027
11116
13186
11028
11117
13187
11029
11118
13188
11030
11119
13189
11031
11120
13190
11032
11121
13191
11033
11122
13192
11034
11123
13193
11035
11124
13194
11036
11125
13195
11037
11126
13196
11038
11127
13197
11039
11128
13198
11040
11129
13199
11041
11130
13200
11042
11131
13201
11043
11132
13202
11044
11133
13203
11045
11134
13204
11046
11135
13205
11047
11136
13206
11048
11137
13207
11049
11138
13208
11050
11139
13209
11051
11140
13210
11052
11141
13211
11053
11142
13212
11054
11143
13213
11055
11144
13214
11056
11145
13215
11057
11146
13216
11058
11147
13217
11059
11148
13218
11060
11149
13219
11061
11150
13220
11062
11151
13221
11063
11152
13222
11064
11153
13223
11065
11154
13224
11066
11155
13225
11067
11156
13226
11068
11157
13227
11069
11158
13228
11159
13229
11071
11160
13230
11072
11161
13231
11073
11162
13232
11074
11163
13233
11075
11164
13234
11076
11165
13235
11077
11166
13236
11078
11167
13237
11079
11168
13238
11080
11169
13239
11081
11170
13240
11082
11171
13241
11083
11172
13242
11084
11173
13243
11085
11174
13244
11086
11175
13245
11087
11176
13246
11088
11177
13247
11089
11178
13248
11090
11179
13249
11091
11180
13250
11092
11181
13251
11093
11182
13252
11094
11183
13253
11095
11184
13254
11096
11185
13255
11097
11186
13256
11098
11187
13257
11099
11188
13258
11100
11189
13259
11101
11190
13260
11102
11191
13261
11103
11192
13262
11104
11193
13263
11105
11194
13264
11106
11195
13265
11107
11196
13266
11108
11197
13267
11109
11198
13268
11110
11199
13269
11111
11200
13270
11112
11201
13271
11113
11202
13272
11114
11203
13273
11115
11204
13274
11116
11205
13275
11117
11206
13276
11118
11207
13277
11119
11208
13278
11120
11209
13279
11121
11210
13280
11122
11211
13281
11123
11212
13282
11124
11213
13283
11125
11214
13284
11126
11215
13285
11127
11216
13286
11128
11217
13287
11129
11218
13288
11130
11219
13289
11131
11220
13290
11132
11221
13291
11133
11222
13292
11134
11223
13293
11135
11224
13294
11136
11225
13295
11137
11226
13296
11138
11227
13297
11139
11228
13298
11140
11229
13299
11141
11230
13300
11142
11231
13301
11143
11232
13302
11144
11233
13303
11145
11234
13304
11146
11235
13305
11147
11236
13306
11148
11237
13307
11149
11238
13308
11150
11239
13309
11151
11240
13310
11152
11241
13311
11153
11242
13312
11154
11243
13313
11155
11244
13314
11156
11245
13315
11157
11246
13316
11158
11247
13317
11159
11248
13318
11249
13319
11161
11250
13320
11162
11251
13321
11163
11252
13322
11164
11253
13323
11165
11254
13324
11166
11255
13325
11167
11256
13326
11168
11257
13327
11169
11258
13328
11170
11259
13329
11171
11260
13330
11172
11261
13331
11173
11262
13332
11174
11263
13333
11175
11264
13334
11176
11265
13335
11177
11266
13336
11178
11267
13337
11179
11268
13338
11180
11269
13339
11181
11270
13340
11182
11271
13341
11183
11272
13342
11184
11273
13343
11185
11274
13344
11186
11275
13345
11187
11276
13346
11188
11277
13347
11189
11278
13348
11190
11279
13349
11191
11280
13350
11192
11281
13351
11193
11282
13352
11194
11283
13353
11195
11284
13354
11196
11285
13355
11197
11286
13356
11198
11287
13357
11199
11288
13358
11200
11289
13359
11201
11290
13360
11202
11291
13361
11203
11292
13362
11204
11293
13363
11205
11294
13364
11206
11295
13365
11207
11296
13366
11208
11297
13367
11209
11298
13368
11210
11299
13369
11211
11300
13370
11212
11301
13371
11213
11302
13372
11214
11303
13373
11215
11304
13374
11216
11305
13375
11217
11306
13376
11218
11307
13377
11219
11308
13378
11220
11309
13379
11221
11310
13380
11222
11311
13381
11223
11312
13382
11224
11313
13383
11225
11314
13384
11226
11315
13385
11227
11316
13386
11228
11317
13387
11229
11318
13388
11230
11319
13389
11231
11320
13390
11232
11321
13391
11233
11322
13392
11234
11323
13393
11235
11324
13394
11236
11325
13395
11237
11326
13396
11238
11327
13397
11239
11328
13398
11240
11329
13399
11241
11330
13400
11242
11331
13401
11243
11332
13402
11244
11333
13403
11245
11334
13404
11246
11335
13405
11247
11336
13406
11248
11337
13407
11249
11338
13408
11339
13409
11251
11340
13410
11252
11341
13411
11253
11342
13412
11254
11343
13413
11255
11344
13414
11256
11345
13415
11257
11346
13416
11258
11347
13417
11259
11348
13418
11260
11349
13419
11261
11350
13420
11262
11351
13421
11263
11352
13422
11264
11353
13423
11265
11354
13424
11266
11355
13425
11267
11356
13426
11268
11357
13427
11269
11358
13428
11270
11359
13429
11271
11360
13430
11272
11361
13431
11273
11362
13432
11274
11363
13433
11275
11364
13434
11276
11365
13435
11277
11366
13436
11278
11367
13437
11279
11368
13438
11280
11369
13439
11281
11370
13440
11282
11371
13441
11283
11372
13442
11284
11373
13443
11285
11374
13444
11286
11375
13445
11287
11376
13446
11288
11377
13447
11289
11378
13448
11290
11379
13449
11291
11380
13450
11292
11381
13451
11293
11382
13452
11294
11383
13453
11295
11384
13454
11296
11385
13455
11297
11386
13456
11298
11387
13457
11299
11388
13458
11300
11389
13459
11301
11390
13460
11302
11391
13461
11303
11392
13462
11304
11393
13463
11305
11394
13464
11306
11395
13465
11307
11396
13466
11308
11397
13467
11309
11398
13468
11310
11399
13469
11311
11400
13470
11312
11401
13471
11313
11402
13472
11314
11403
13473
11315
11404
13474
11316
11405
13475
11317
11406
13476
11318
11407
13477
11319
11408
13478
11320
11409
13479
11321
11410
13480
11322
11411
13481
11323
11412
13482
11324
11413
13483
11325
11414
13484
11326
11415
13485
11327
11416
13486
11328
11417
13487
11329
11418
13488
11330
11419
13489
11331
11420
13490
11332
11421
13491
11333
11422
13492
11334
11423
13493
11335
11424
13494
11336
11425
13495
11337
11426
13496
11338
11427
13497
11339
11428
13498
11429
13499
11341
11430
13500
11342
11431
13501
11343
11432
13502
11344
11433
13503
11345
11434
13504
11346
11435
13505
11347
11436
13506
11348
11437
13507
11349
11438
13508
11350
11439
13509
11351
11440
13510
11352
11441
13511
11353
11442
13512
11354
11443
13513
11355
11444
13514
11356
11445
13515
11357
11446
13516
11358
11447
13517
11359
11448
13518
11360
11449
13519
11361
11450
13520
11362
11451
13521
11363
11452
13522
11364
11453
13523
11365
11454
13524
11366
11455
13525
11367
11456
13526
11368
11457
13527
11369
11458
13528
11370
11459
13529
11371
11460
13530
11372
11461
13531
11373
11462
13532
11374
11463
13533
11375
11464
13534
11376
11465
13535
11377
11466
13536
11378
11467
13537
11379
11468
13538
11380
11469
13539
11381
11470
13540
11382
11471
13541
11383
11472
13542
11384
11473
13543
11385
11474
13544
11386
11475
13545
11387
11476
13546
11388
11477
13547
11389
11478
13548
11390
11479
13549
11391
11480
13550
11392
11481
13551
11393
11482
13552
11394
11483
13553
11395
11484
13554
11396
11485
13555
11397
11486
13556
11398
11487
13557
11399
11488
13558
11400
11489
13559
11401
11490
13560
11402
11491
13561
11403
11492
13562
11404
11493
13563
11405
11494
13564
11406
11495
13565
11407
11496
13566
11408
11497
13567
11409
11498
13568
11410
11499
13569
11411
11500
13570
11412
11501
13571
11413
11502
13572
11414
11503
13573
11415
11504
13574
11416
11505
13575
11417
11506
13576
11418
11507
13577
11419
11508
13578
11420
11509
13579
11421
11510
13580
11422
11511
13581
11423
11512
13582
11424
11513
13583
11425
11514
13584
11426
11515
13585
11427
11516
13586
11428
11517
13587
11429
11518
13588
11519
13589
11431
11520
13590
11432
11521
13591
11433
11522
13592
11434
11523
13593
11435
11524
13594
11436
11525
13595
11437
11526
13596
11438
11527
13597
11439
11528
13598
11440
11529
13599
11441
11530
13600
11442
11531
13601
11443
11532
13602
11444
11533
13603
11445
11534
13604
11446
11535
13605
11447
11536
13606
11448
11537
13607
11449
11538
13608
11450
11539
13609
11451
11540
13610
11452
11541
13611
11453
11542
13612
11454
11543
13613
11455
11544
13614
11456
11545
13615
11457
11546
13616
11458
11547
13617
11459
11548
13618
11460
11549
13619
11461
11550
13620
11462
11551
13621
11463
11552
13622
11464
11553
13623
11465
11554
13624
11466
11555
13625
11467
11556
13626
11468
11557
13627
11469
11558
13628
11470
11559
13629
11471
11560
13630
11472
11561
13631
11473
11562
13632
11474
11563
13633
11475
11564
13634
11476
11565
13635
11477
11566
13636
11478
11567
13637
11479
11568
13638
11480
11569
13639
11481
11570
13640
11482
11571
13641
11483
11572
13642
11484
11573
13643
11485
11574
13644
11486
11575
13645
11487
11576
13646
11488
11577
13647
11489
11578
13648
11490
11579
13649
11491
11580
13650
11492
11581
13651
11493
11582
13652
11494
11583
13653
11495
11584
13654
11496
11585
13655
11497
11586
13656
11498
11587
13657
11499
11588
13658
11500
11589
13659
11501
11590
13660
11502
11591
13661
11503
11592
13662
11504
11593
13663
11505
11594
13664
11506
11595
13665
11507
11596
13666
11508
11597
13667
11509
11598
13668
11510
11599
13669
11511
11600
13670
11512
11601
13671
11513
11602
13672
11514
11603
13673
11515
11604
13674
11516
11605
13675
11517
11606
13676
11518
11607
13677
11519
11608
13678
11609
13679
11521
11610
13680
11522
11611
13681
11523
11612
13682
11524
11613
13683
11525
11614
13684
11526
11615
13685
11527
11616
13686
11528
11617
13687
11529
11618
13688
11530
11619
13689
11531
11620
13690
11532
11621
13691
11533
11622
13692
11534
11623
13693
11535
11624
13694
11536
11625
13695
11537
11626
13696
11538
11627
13697
11539
11628
13698
11540
11629
13699
11541
11630
13700
11542
11631
13701
11543
11632
13702
11544
11633
13703
11545
11634
13704
11546
11635
13705
11547
11636
13706
11548
11637
13707
11549
11638
13708
11550
11639
13709
11551
11640
13710
11552
11641
13711
11553
11642
13712
11554
11643
13713
11555
11644
13714
11556
11645
13715
11557
11646
13716
11558
11647
13717
11559
11648
13718
11560
11649
13719
11561
11650
13720
11562
11651
13721
11563
11652
13722
11564
11653
13723
11565
11654
13724
11566
11655
13725
11567
11656
13726
11568
11657
13727
11569
11658
13728
11570
11659
13729
11571
11660
13730
11572
11661
13731
11573
11662
13732
11574
11663
13733
11575
11664
13734
11576
11665
13735
11577
11666
13736
11578
11667
13737
11579
11668
13738
11580
11669
13739
11581
11670
13740
11582
11671
13741
11583
11672
13742
11584
11673
13743
11585
11674
13744
11586
11675
13745
11587
11676
13746
11588
11677
13747
11589
11678
13748
11590
11679
13749
11591
11680
13750
11592
11681
13751
11593
11682
13752
11594
11683
13753
11595
11684
13754
11596
11685
13755
11597
11686
13756
11598
11687
13757
11599
11688
13758
11600
11689
13759
11601
11690
13760
11602
11691
13761
11603
11692
13762
11604
11693
13763
11605
11694
13764
11606
11695
13765
11607
11696
13766
11608
11697
13767
11609
11698
13768
11699
13769
11611
11700
13770
11612
11701
13771
11613
11702
13772
11614
11703
13773
11615
11704
13774
11616
11705
13775
11617
11706
13776
11618
11707
13777
11619
11708
13778
11620
11709
13779
11621
11710
13780
11622
11711
13781
11623
11712
13782
11624
11713
13783
11625
11714
13784
11626
11715
13785
11627
11716
13786
11628
11717
13787
11629
11718
13788
11630
11719
13789
11631
11720
13790
11632
11721
13791
11633
11722
13792
11634
11723
13793
11635
11724
13794
11636
11725
13795
11637
11726
13796
11638
11727
13797
11639
11728
13798
11640
11729
13799
11641
11730
13800
11642
11731
13801
11643
11732
13802
11644
11733
13803
11645
11734
13804
11646
11735
13805
11647
11736
13806
11648
11737
13807
11649
11738
13808
11650
11739
13809
11651
11740
13810
11652
11741
13811
11653
11742
13812
11654
11743
13813
11655
11744
13814
11656
11745
13815
11657
11746
13816
11658
11747
13817
11659
11748
13818
11660
11749
13819
11661
11750
13820
11662
11751
13821
11663
11752
13822
11664
11753
13823
11665
11754
13824
11666
11755
13825
11667
11756
13826
11668
11757
13827
11669
11758
13828
11670
11759
13829
11671
11760
13830
11672
11761
13831
11673
11762
13832
11674
11763
13833
11675
11764
13834
11676
11765
13835
11677
11766
13836
11678
11767
13837
11679
11768
13838
11680
11769
13839
11681
11770
13840
11682
11771
13841
11683
11772
13842
11684
11773
13843
11685
11774
13844
11686
11775
13845
11687
11776
13846
11688
11777
13847
11689
11778
13848
11690
11779
13849
11691
11780
13850
11692
11781
13851
11693
11782
13852
11694
11783
13853
11695
11784
13854
11696
11785
13855
11697
11786
13856
11698
11787
13857
11699
11788
13858
11789
13859
11701
11790
13860
11702
11791
13861
11703
11792
13862
11704
11793
13863
11705
11794
13864
11706
11795
13865
11707
11796
13866
11708
11797
13867
11709
11798
13868
11710
11799
13869
11711
11800
13870
11712
11801
13871
11713
11802
13872
11714
11803
13873
11715
11804
13874
11716
11805
13875
11717
11806
13876
11718
11807
13877
11719
11808
13878
11720
11809
13879
11721
11810
13880
11722
11811
13881
11723
11812
13882
11724
11813
13883
11725
11814
13884
11726
11815
13885
11727
11816
13886
11728
11817
13887
11729
11818
13888
11730
11819
13889
11731
11820
13890
11732
11821
13891
11733
11822
13892
11734
11823
13893
11735
11824
13894
11736
11825
13895
11737
11826
13896
11738
11827
13897
11739
11828
13898
11740
11829
13899
11741
11830
13900
11742
11831
13901
11743
11832
13902
11744
11833
13903
11745
11834
13904
11746
11835
13905
11747
11836
13906
11748
11837
13907
11749
11838
13908
11750
11839
13909
11751
11840
13910
11752
11841
13911
11753
11842
13912
11754
11843
13913
11755
11844
13914
11756
11845
13915
11757
11846
13916
11758
11847
13917
11759
11848
13918
11760
11849
13919
11761
11850
13920
11762
11851
13921
11763
11852
13922
11764
11853
13923
11765
11854
13924
11766
11855
13925
11767
11856
13926
11768
11857
13927
11769
11858
13928
11770
11859
13929
11771
11860
13930
11772
11861
13931
11773
11862
13932
11774
11863
13933
11775
11864
13934
11776
11865
13935
11777
11866
13936
11778
11867
13937
11779
11868
13938
11780
11869
13939
11781
11870
13940
11782
11871
13941
11783
11872
13942
11784
11873
13943
11785
11874
13944
11786
11875
13945
11787
11876
13946
11788
11877
13947
11789
11878
13948
11879
13949
11791
11880
13950
11792
11881
13951
11793
11882
13952
11794
11883
13953
11795
11884
13954
11796
11885
13955
11797
11886
13956
11798
11887
13957
11799
11888
13958
11800
11889
13959
11801
11890
13960
11802
11891
13961
11803
11892
13962
11804
11893
13963
11805
11894
13964
11806
11895
13965
11807
11896
13966
11808
11897
13967
11809
11898
13968
11810
11899
13969
11811
11900
13970
11812
11901
13971
11813
11902
13972
11814
11903
13973
11815
11904
13974
11816
11905
13975
11817
11906
13976
11818
11907
13977
11819
11908
13978
11820
11909
13979
11821
11910
13980
11822
11911
13981
11823
11912
13982
11824
11913
13983
11825
11914
13984
11826
11915
13985
11827
11916
13986
11828
11917
13987
11829
11918
13988
11830
11919
13989
11831
11920
13990
11832
11921
13991
11833
11922
13992
11834
11923
13993
11835
11924
13994
11836
11925
13995
11837
11926
13996
11838
11927
13997
11839
11928
13998
11840
11929
13999
11841
11930
14000
11842
11931
14001
11843
11932
14002
11844
11933
14003
11845
11934
14004
11846
11935
14005
11847
11936
14006
11848
11937
14007
11849
11938
14008
11850
11939
14009
11851
11940
14010
11852
11941
14011
11853
11942
14012
11854
11943
14013
11855
11944
14014
11856
11945
14015
11857
11946
14016
11858
11947
14017
11859
11948
14018
11860
11949
14019
11861
11950
14020
11862
11951
14021
11863
11952
14022
11864
11953
14023
11865
11954
14024
11866
11955
14025
11867
11956
14026
11868
11957
14027
11869
11958
14028
11870
11959
14029
11871
11960
14030
11872
11961
14031
11873
11962
14032
11874
11963
14033
11875
11964
14034
11876
11965
14035
11877
11966
14036
11878
11967
14037
11879
11968
14038
11969
14039
11881
11970
14040
11882
11971
14041
11883
11972
14042
11884
11973
14043
11885
11974
14044
11886
11975
14045
11887
11976
14046
11888
11977
14047
11889
11978
14048
11890
11979
14049
11891
11980
14050
11892
11981
14051
11893
11982
14052
11894
11983
14053
11895
11984
14054
11896
11985
14055
11897
11986
14056
11898
11987
14057
11899
11988
14058
11900
11989
14059
11901
11990
14060
11902
11991
14061
11903
11992
14062
11904
11993
14063
11905
11994
14064
11906
11995
14065
11907
11996
14066
11908
11997
14067
11909
11998
14068
11910
11999
14069
11911
12000
14070
11912
12001
14071
11913
12002
14072
11914
12003
14073
11915
12004
14074
11916
12005
14075
11917
12006
14076
11918
12007
14077
11919
12008
14078
11920
12009
14079
11921
12010
14080
11922
12011
14081
11923
12012
14082
11924
12013
14083
11925
12014
14084
11926
12015
14085
11927
12016
14086
11928
12017
14087
11929
12018
14088
11930
12019
14089
11931
12020
14090
11932
12021
14091
11933
12022
14092
11934
12023
14093
11935
12024
14094
11936
12025
14095
11937
12026
14096
11938
12027
14097
11939
12028
14098
11940
12029
14099
11941
12030
14100
11942
12031
14101
11943
12032
14102
11944
12033
14103
11945
12034
14104
11946
12035
14105
11947
12036
14106
11948
12037
14107
11949
12038
14108
11950
12039
14109
11951
12040
14110
11952
12041
14111
11953
12042
14112
11954
12043
14113
11955
12044
14114
11956
12045
14115
11957
12046
14116
11958
12047
14117
11959
12048
14118
11960
12049
14119
11961
12050
14120
11962
12051
14121
11963
12052
14122
11964
12053
14123
11965
12054
14124
11966
12055
14125
11967
12056
14126
11968
12057
14127
11969
12058
14128
12059
14129
11971
12060
14130
11972
12061
14131
11973
12062
14132
11974
12063
14133
11975
12064
14134
11976
12065
14135
11977
12066
14136
11978
12067
14137
11979
12068
14138
11980
12069
14139
11981
12070
14140
11982
12071
14141
11983
12072
14142
11984
12073
14143
11985
12074
14144
11986
12075
14145
11987
12076
14146
11988
12077
14147
11989
12078
14148
11990
12079
14149
11991
12080
14150
11992
12081
14151
11993
12082
14152
11994
12083
14153
11995
12084
14154
11996
12085
14155
11997
12086
14156
11998
12087
14157
11999
12088
14158
12000
12089
14159
12001
12090
14160
12002
12091
14161
12003
12092
14162
12004
12093
14163
12005
12094
14164
12006
12095
14165
12007
12096
14166
12008
12097
14167
12009
12098
14168
12010
12099
14169
12011
12100
14170
12012
12101
14171
12013
12102
14172
12014
12103
14173
12015
12104
14174
12016
12105
14175
12017
12106
14176
12018
12107
14177
12019
12108
14178
12020
12109
14179
12021
12110
14180
12022
12111
14181
12023
12112
14182
12024
12113
14183
12025
12114
14184
12026
12115
14185
12027
12116
14186
12028
12117
14187
12029
12118
14188
12030
12119
14189
12031
12120
14190
12032
12121
14191
12033
12122
14192
12034
12123
14193
12035
12124
14194
12036
12125
14195
12037
12126
14196
12038
12127
14197
12039
12128
14198
12040
12129
14199
12041
12130
14200
12042
12131
14201
12043
12132
14202
12044
12133
14203
12045
12134
14204
12046
12135
14205
12047
12136
14206
12048
12137
14207
12049
12138
14208
12050
12139
14209
12051
12140
14210
12052
12141
14211
12053
12142
14212
12054
12143
14213
12055
12144
14214
12056
12145
14215
12057
12146
14216
12058
12147
14217
12059
12148
14218
12149
14219
12061
12150
14220
12062
12151
14221
12063
12152
14222
12064
12153
14223
12065
12154
14224
12066
12155
14225
12067
12156
14226
12068
12157
14227
12069
12158
14228
12070
12159
14229
12071
12160
14230
12072
12161
14231
12073
12162
14232
12074
12163
14233
12075
12164
14234
12076
12165
14235
12077
12166
14236
12078
12167
14237
12079
12168
14238
12080
12169
14239
12081
12170
14240
12082
12171
14241
12083
12172
14242
12084
12173
14243
12085
12174
14244
12086
12175
14245
12087
12176
14246
12088
12177
14247
12089
12178
14248
12090
12179
14249
12091
12180
14250
12092
12181
14251
12093
12182
14252
12094
12183
14253
12095
12184
14254
12096
12185
14255
12097
12186
14256
12098
12187
14257
12099
12188
14258
12100
12189
14259
12101
12190
14260
12102
12191
14261
12103
12192
14262
12104
12193
14263
12105
12194
14264
12106
12195
14265
12107
12196
14266
12108
12197
14267
12109
12198
14268
12110
12199
14269
12111
12200
14270
12112
12201
14271
12113
12202
14272
12114
12203
14273
12115
12204
14274
12116
12205
14275
12117
12206
14276
12118
12207
14277
12119
12208
14278
12120
12209
14279
12121
12210
14280
12122
12211
14281
12123
12212
14282
12124
12213
14283
12125
12214
14284
12126
12215
14285
12127
12216
14286
12128
12217
14287
12129
12218
14288
12130
12219
14289
12131
12220
14290
12132
12221
14291
12133
12222
14292
12134
12223
14293
12135
12224
14294
12136
12225
14295
12137
12226
14296
12138
12227
14297
12139
12228
14298
12140
12229
14299
12141
12230
14300
12142
12231
14301
12143
12232
14302
12144
12233
14303
12145
12234
14304
12146
12235
14305
12147
12236
14306
12148
12237
14307
12149
12238
14308
12239
14309
12151
12240
14310
12152
12241
14311
12153
12242
14312
12154
12243
14313
12155
12244
14314
12156
12245
14315
12157
12246
14316
12158
12247
14317
12159
12248
14318
12160
12249
14319
12161
12250
14320
12162
12251
14321
12163
12252
14322
12164
12253
14323
12165
12254
14324
12166
12255
14325
12167
12256
14326
12168
12257
14327
12169
12258
14328
12170
12259
14329
12171
12260
14330
12172
12261
14331
12173
12262
14332
12174
12263
14333
12175
12264
14334
12176
12265
14335
12177
12266
14336
12178
12267
14337
12179
12268
14338
12180
12269
14339
12181
12270
14340
12182
12271
14341
12183
12272
14342
12184
12273
14343
12185
12274
14344
12186
12275
14345
12187
12276
14346
12188
12277
14347
12189
12278
14348
12190
12279
14349
12191
12280
14350
12192
12281
14351
12193
12282
14352
12194
12283
14353
12195
12284
14354
12196
12285
14355
12197
12286
14356
12198
12287
14357
12199
12288
14358
12200
12289
14359
12201
12290
14360
12202
12291
14361
12203
12292
14362
12204
12293
14363
12205
12294
14364
12206
12295
14365
12207
12296
14366
12208
12297
14367
12209
12298
14368
12210
12299
14369
12211
12300
14370
12212
12301
14371
12213
12302
14372
12214
12303
14373
12215
12304
14374
12216
12305
14375
12217
12306
14376
12218
12307
14377
12219
12308
14378
12220
12309
14379
12221
12310
14380
12222
12311
14381
12223
12312
14382
12224
12313
14383
12225
12314
14384
12226
12315
14385
12227
12316
14386
12228
12317
14387
12229
12318
14388
12230
12319
14389
12231
12320
14390
12232
12321
14391
12233
12322
14392
12234
12323
14393
12235
12324
14394
12236
12325
14395
12237
12326
14396
12238
12327
14397
12239
12328
14398
12329
14399
12241
12330
14400
12242
12331
14401
12243
12332
14402
12244
12333
14403
12245
12334
14404
12246
12335
14405
12247
12336
14406
12248
12337
14407
12249
12338
14408
12250
12339
14409
12251
12340
14410
12252
12341
14411
12253
12342
14412
12254
12343
14413
12255
12344
14414
12256
12345
14415
12257
12346
14416
12258
12347
14417
12259
12348
14418
12260
12349
14419
12261
12350
14420
12262
12351
14421
12263
12352
14422
12264
12353
14423
12265
12354
14424
12266
12355
14425
12267
12356
14426
12268
12357
14427
12269
12358
14428
12270
12359
14429
12271
12360
14430
12272
12361
14431
12273
12362
14432
12274
12363
14433
12275
12364
14434
12276
12365
14435
12277
12366
14436
12278
12367
14437
12279
12368
14438
12280
12369
14439
12281
12370
14440
12282
12371
14441
12283
12372
14442
12284
12373
14443
12285
12374
14444
12286
12375
14445
12287
12376
14446
12288
12377
14447
12289
12378
14448
12290
12379
14449
12291
12380
14450
12292
12381
14451
12293
12382
14452
12294
12383
14453
12295
12384
14454
12296
12385
14455
12297
12386
14456
12298
12387
14457
12299
12388
14458
12300
12389
14459
12301
12390
14460
12302
12391
14461
12303
12392
14462
12304
12393
14463
12305
12394
14464
12306
12395
14465
12307
12396
14466
12308
12397
14467
12309
12398
14468
12310
12399
14469
12311
12400
14470
12312
12401
14471
12313
12402
14472
12314
12403
14473
12315
12404
14474
12316
12405
14475
12317
12406
14476
12318
12407
14477
12319
12408
14478
12320
12409
14479
12321
12410
14480
12322
12411
14481
12323
12412
14482
12324
12413
14483
12325
12414
14484
12326
12415
14485
12327
12416
14486
12328
12417
14487
12329
12418
14488
12419
14489
12331
12420
14490
12332
12421
14491
12333
12422
14492
12334
12423
14493
12335
12424
14494
12336
12425
14495
12337
12426
14496
12338
12427
14497
12339
12428
14498
12340
12429
14499
12341
12430
14500
12342
12431
14501
12343
12432
14502
12344
12433
14503
12345
12434
14504
12346
12435
14505
12347
12436
14506
12348
12437
14507
12349
12438
14508
12350
12439
14509
12351
12440
14510
12352
12441
14511
12353
12442
14512
12354
12443
14513
12355
12444
14514
12356
12445
14515
12357
12446
14516
12358
12447
14517
12359
12448
14518
12360
12449
14519
12361
12450
14520
12362
12451
14521
12363
12452
14522
12364
12453
14523
12365
12454
14524
12366
12455
14525
12367
12456
14526
12368
12457
14527
12369
12458
14528
12370
12459
14529
12371
12460
14530
12372
12461
14531
12373
12462
14532
12374
12463
14533
12375
12464
14534
12376
12465
14535
12377
12466
14536
12378
12467
14537
12379
12468
14538
12380
12469
14539
12381
12470
14540
12382
12471
14541
12383
12472
14542
12384
12473
14543
12385
12474
14544
12386
12475
14545
12387
12476
14546
12388
12477
14547
12389
12478
14548
12390
12479
14549
12391
12480
14550
12392
12481
14551
12393
12482
14552
12394
12483
14553
12395
12484
14554
12396
12485
14555
12397
12486
14556
12398
12487
14557
12399
12488
14558
12400
12489
14559
12401
12490
14560
12402
12491
14561
12403
12492
14562
12404
12493
14563
12405
12494
14564
12406
12495
14565
12407
12496
14566
12408
12497
14567
12409
12498
14568
12410
12499
14569
12411
12500
14570
12412
12501
14571
12413
12502
14572
12414
12503
14573
12415
12504
14574
12416
12505
14575
12417
12506
14576
12418
12507
14577
12419
12508
14578
12509
14579
12421
12510
14580
12422
12511
14581
12423
12512
14582
12424
12513
14583
12425
12514
14584
12426
12515
14585
12427
12516
14586
12428
12517
14587
12429
12518
14588
12430
12519
14589
12431
12520
14590
12432
12521
14591
12433
12522
14592
12434
12523
14593
12435
12524
14594
12436
12525
14595
12437
12526
14596
12438
12527
14597
12439
12528
14598
12440
12529
14599
12441
12530
14600
12442
12531
14601
12443
12532
14602
12444
12533
14603
12445
12534
14604
12446
12535
14605
12447
12536
14606
12448
12537
14607
12449
12538
14608
12450
12539
14609
12451
12540
14610
12452
12541
14611
12453
12542
14612
12454
12543
14613
12455
12544
14614
12456
12545
14615
12457
12546
14616
12458
12547
14617
12459
12548
14618
12460
12549
14619
12461
12550
14620
12462
12551
14621
12463
12552
14622
12464
12553
14623
12465
12554
14624
12466
12555
14625
12467
12556
14626
12468
12557
14627
12469
12558
14628
12470
12559
14629
12471
12560
14630
12472
12561
14631
12473
12562
14632
12474
12563
14633
12475
12564
14634
12476
12565
14635
12477
12566
14636
12478
12567
14637
12479
12568
14638
12480
12569
14639
12481
12570
14640
12482
12571
14641
12483
12572
14642
12484
12573
14643
12485
12574
14644
12486
12575
14645
12487
12576
14646
12488
12577
14647
12489
12578
14648
12490
12579
14649
12491
12580
14650
12492
12581
14651
12493
12582
14652
12494
12583
14653
12495
12584
14654
12496
12585
14655
12497
12586
14656
12498
12587
14657
12499
12588
14658
12500
12589
14659
12501
12590
14660
12502
12591
14661
12503
12592
14662
12504
12593
14663
12505
12594
14664
12506
12595
14665
12507
12596
14666
12508
12597
14667
12509
12598
14668
12599
14669
12511
12600
14670
12512
12601
14671
12513
12602
14672
12514
12603
14673
12515
12604
14674
12516
12605
14675
12517
12606
14676
12518
12607
14677
12519
12608
14678
12520
12609
14679
12521
12610
14680
12522
12611
14681
12523
12612
14682
12524
12613
14683
12525
12614
14684
12526
12615
14685
12527
12616
14686
12528
12617
14687
12529
12618
14688
12530
12619
14689
12531
12620
14690
12532
12621
14691
12533
12622
14692
12534
12623
14693
12535
12624
14694
12536
12625
14695
12537
12626
14696
12538
12627
14697
12539
12628
14698
12540
12629
14699
12541
12630
14700
12542
12631
14701
12543
12632
14702
12544
12633
14703
12545
12634
14704
12546
12635
14705
12547
12636
14706
12548
12637
14707
12549
12638
14708
12550
12639
14709
12551
12640
14710
12552
12641
14711
12553
12642
14712
12554
12643
14713
12555
12644
14714
12556
12645
14715
12557
12646
14716
12558
12647
14717
12559
12648
14718
12560
12649
14719
12561
12650
14720
12562
12651
14721
12563
12652
14722
12564
12653
14723
12565
12654
14724
12566
12655
14725
12567
12656
14726
12568
12657
14727
12569
12658
14728
12570
12659
14729
12571
12660
14730
12572
12661
14731
12573
12662
14732
12574
12663
14733
12575
12664
14734
12576
12665
14735
12577
12666
14736
12578
12667
14737
12579
12668
14738
12580
12669
14739
12581
12670
14740
12582
12671
14741
12583
12672
14742
12584
12673
14743
12585
12674
14744
12586
12675
14745
12587
12676
14746
12588
12677
14747
12589
12678
14748
12590
12679
14749
12591
12680
14750
12592
12681
14751
12593
12682
14752
12594
12683
14753
12595
12684
14754
12596
12685
14755
12597
12686
14756
12598
12687
14757
12599
12688
14758
12689
14759
12601
12690
14760
12602
12691
14761
12603
12692
14762
12604
12693
14763
12605
12694
14764
12606
12695
14765
12607
12696
14766
12608
12697
14767
12609
12698
14768
12610
12699
14769
12611
12700
14770
12612
12701
14771
12613
12702
14772
12614
12703
14773
12615
12704
14774
12616
12705
14775
12617
12706
14776
12618
12707
14777
12619
12708
14778
12620
12709
14779
12621
12710
14780
12622
12711
14781
12623
12712
14782
12624
12713
14783
12625
12714
14784
12626
12715
14785
12627
12716
14786
12628
12717
14787
12629
12718
14788
12630
12719
14789
12631
12720
14790
12632
12721
14791
12633
12722
14792
12634
12723
14793
12635
12724
14794
12636
12725
14795
12637
12726
14796
12638
12727
14797
12639
12728
14798
12640
12729
14799
12641
12730
14800
12642
12731
14801
12643
12732
14802
12644
12733
14803
12645
12734
14804
12646
12735
14805
12647
12736
14806
12648
12737
14807
12649
12738
14808
12650
12739
14809
12651
12740
14810
12652
12741
14811
12653
12742
14812
12654
12743
14813
12655
12744
14814
12656
12745
14815
12657
12746
14816
12658
12747
14817
12659
12748
14818
12660
12749
14819
12661
12750
14820
12662
12751
14821
12663
12752
14822
12664
12753
14823
12665
12754
14824
12666
12755
14825
12667
12756
14826
12668
12757
14827
12669
12758
14828
12670
12759
14829
12671
12760
14830
12672
12761
14831
12673
12762
14832
12674
12763
14833
12675
12764
14834
12676
12765
14835
12677
12766
14836
12678
12767
14837
12679
12768
14838
12680
12769
14839
12681
12770
14840
12682
12771
14841
12683
12772
14842
12684
12773
14843
12685
12774
14844
12686
12775
14845
12687
12776
14846
12688
12777
14847
12689
12778
14848
12779
14849
12691
12780
14850
12692
12781
14851
12693
12782
14852
12694
12783
14853
12695
12784
14854
12696
12785
14855
12697
12786
14856
12698
12787
14857
12699
12788
14858
12700
12789
14859
12701
12790
14860
12702
12791
14861
12703
12792
14862
12704
12793
14863
12705
12794
14864
12706
12795
14865
12707
12796
14866
12708
12797
14867
12709
12798
14868
12710
12799
14869
12711
12800
14870
12712
12801
14871
12713
12802
14872
12714
12803
14873
12715
12804
14874
12716
12805
14875
12717
12806
14876
12718
12807
14877
12719
12808
14878
12720
12809
14879
12721
12810
14880
12722
12811
14881
12723
12812
14882
12724
12813
14883
12725
12814
14884
12726
12815
14885
12727
12816
14886
12728
12817
14887
12729
12818
14888
12730
12819
14889
12731
12820
14890
12732
12821
14891
12733
12822
14892
12734
12823
14893
12735
12824
14894
12736
12825
14895
12737
12826
14896
12738
12827
14897
12739
12828
14898
12740
12829
14899
12741
12830
14900
12742
12831
14901
12743
12832
14902
12744
12833
14903
12745
12834
14904
12746
12835
14905
12747
12836
14906
12748
12837
14907
12749
12838
14908
12750
12839
14909
12751
12840
14910
12752
12841
14911
12753
12842
14912
12754
12843
14913
12755
12844
14914
12756
12845
14915
12757
12846
14916
12758
12847
14917
12759
12848
14918
12760
12849
14919
12761
12850
14920
12762
12851
14921
12763
12852
14922
12764
12853
14923
12765
12854
14924
12766
12855
14925
12767
12856
14926
12768
12857
14927
12769
12858
14928
12770
12859
14929
12771
12860
14930
12772
12861
14931
12773
12862
14932
12774
12863
14933
12775
12864
14934
12776
12865
14935
12777
12866
14936
12778
12867
14937
12779
12868
14938
12869
14939
12781
12870
14940
12782
12871
14941
12783
12872
14942
12784
12873
14943
12785
12874
14944
12786
12875
14945
12787
12876
14946
12788
12877
14947
12789
12878
14948
12790
12879
14949
12791
12880
14950
12792
12881
14951
12793
12882
14952
12794
12883
14953
12795
12884
14954
12796
12885
14955
12797
12886
14956
12798
12887
14957
12799
12888
14958
12800
12889
14959
12801
12890
14960
12802
12891
14961
12803
12892
14962
12804
12893
14963
12805
12894
14964
12806
12895
14965
12807
12896
14966
12808
12897
14967
12809
12898
14968
12810
12899
14969
12811
12900
14970
12812
12901
14971
12813
12902
14972
12814
12903
14973
12815
12904
14974
12816
12905
14975
12817
12906
14976
12818
12907
14977
12819
12908
14978
12820
12909
14979
12821
12910
14980
12822
12911
14981
12823
12912
14982
12824
12913
14983
12825
12914
14984
12826
12915
14985
12827
12916
14986
12828
12917
14987
12829
12918
14988
12830
12919
14989
12831
12920
14990
12832
12921
14991
12833
12922
14992
12834
12923
14993
12835
12924
14994
12836
12925
14995
12837
12926
14996
12838
12927
14997
12839
12928
14998
12840
12929
14999
12841
12930
15000
12842
12931
15001
12843
12932
15002
12844
12933
15003
12845
12934
15004
12846
12935
15005
12847
12936
15006
12848
12937
15007
12849
12938
15008
12850
12939
15009
12851
12940
15010
12852
12941
15011
12853
12942
15012
12854
12943
15013
12855
12944
15014
12856
12945
15015
12857
12946
15016
12858
12947
15017
12859
12948
15018
12860
12949
15019
12861
12950
15020
12862
12951
15021
12863
12952
15022
12864
12953
15023
12865
12954
15024
12866
12955
15025
12867
12956
15026
12868
12957
15027
12869
12958
15028
12959
15029
12871
15030
12872
15031
12873
15032
12874
15033
12875
15034
12876
15035
12877
15036
12878
15037
12879
15038
12880
15039
12881
15040
12882
15041
12883
15042
12884
15043
12885
15044
12886
15045
12887
15046
12888
15047
12889
15048
12890
15049
12891
15050
12892
15051
12893
15052
12894
15053
12895
15054
12896
15055
12897
15056
12898
15057
12899
15058
12900
15059
12901
15060
12902
15061
12903
15062
12904
15063
12905
15064
12906
15065
12907
15066
12908
15067
12909
15068
12910
15069
12911
15070
12912
15071
12913
15072
12914
15073
12915
15074
12916
15075
12917
15076
12918
15077
12919
15078
12920
15079
12921
15080
12922
15081
12923
15082
12924
15083
12925
15084
12926
15085
12927
15086
12928
15087
12929
15088
12930
15089
12931
15090
12932
15091
12933
15092
12934
15093
12935
15094
12936
15095
12937
15096
12938
15097
12939
15098
12940
15099
12941
15100
12942
15101
12943
15102
12944
15103
12945
15104
12946
15105
12947
15106
12948
15107
12949
15108
12950
15109
12951
15110
12952
15111
12953
15112
12954
15113
12955
15114
12956
15115
12957
15116
12958
15117
12959
15118
15119
12961
13050
15120
12962
13051
15121
12963
13052
15122
12964
13053
15123
12965
13054
15124
12966
13055
15125
12967
13056
15126
12968
13057
15127
12969
13058
15128
12970
13059
15129
12971
13060
15130
12972
13061
15131
12973
13062
15132
12974
13063
15133
12975
13064
15134
12976
13065
15135
12977
13066
15136
12978
13067
15137
12979
13068
15138
12980
13069
15139
12981
13070
15140
12982
13071
15141
12983
13072
15142
12984
13073
15143
12985
13074
15144
12986
13075
15145
12987
13076
15146
12988
13077
15147
12989
13078
15148
12990
13079
15149
12991
13080
15150
12992
13081
15151
12993
13082
15152
12994
13083
15153
12995
13084
15154
12996
13085
15155
12997
13086
15156
12998
13087
15157
12999
13088
15158
13000
13089
15159
13001
13090
15160
13002
13091
15161
13003
13092
15162
13004
13093
15163
13005
13094
15164
13006
13095
15165
13007
13096
15166
13008
13097
15167
13009
13098
15168
13010
13099
15169
13011
13100
15170
13012
13101
15171
13013
13102
15172
13014
13103
15173
13015
13104
15174
13016
13105
15175
13017
13106
15176
13018
13107
15177
13019
13108
15178
13020
13109
15179
13021
13110
15180
13022
13111
15181
13023
13112
15182
13024
13113
15183
13025
13114
15184
13026
13115
15185
13027
13116
15186
13028
13117
15187
13029
13118
15188
13030
13119
15189
13031
13120
15190
13032
13121
15191
13033
13122
15192
13034
13123
15193
13035
13124
15194
13036
13125
15195
13037
13126
15196
13038
13127
15197
13039
13128
15198
13040
13129
15199
13041
13130
15200
13042
13131
15201
13043
13132
15202
13044
13133
15203
13045
13134
15204
13046
13135
15205
13047
13136
15206
13048
13137
15207
13049
13138
15208
13139
15209
13051
13140
15210
13052
13141
15211
13053
13142
15212
13054
13143
15213
13055
13144
15214
13056
13145
15215
13057
13146
15216
13058
13147
15217
13059
13148
15218
13060
13149
15219
13061
13150
15220
13062
13151
15221
13063
13152
15222
13064
13153
15223
13065
13154
15224
13066
13155
15225
13067
13156
15226
13068
13157
15227
13069
13158
15228
13070
13159
15229
13071
13160
15230
13072
13161
15231
13073
13162
15232
13074
13163
15233
13075
13164
15234
13076
13165
15235
13077
13166
15236
13078
13167
15237
13079
13168
15238
13080
13169
15239
13081
13170
15240
13082
13171
15241
13083
13172
15242
13084
13173
15243
13085
13174
15244
13086
13175
15245
13087
13176
15246
13088
13177
15247
13089
13178
15248
13090
13179
15249
13091
13180
15250
13092
13181
15251
13093
13182
15252
13094
13183
15253
13095
13184
15254
13096
13185
15255
13097
13186
15256
13098
13187
15257
13099
13188
15258
13100
13189
15259
13101
13190
15260
13102
13191
15261
13103
13192
15262
13104
13193
15263
13105
13194
15264
13106
13195
15265
13107
13196
15266
13108
13197
15267
13109
13198
15268
13110
13199
15269
13111
13200
15270
13112
13201
15271
13113
13202
15272
13114
13203
15273
13115
13204
15274
13116
13205
15275
13117
13206
15276
13118
13207
15277
13119
13208
15278
13120
13209
15279
13121
13210
15280
13122
13211
15281
13123
13212
15282
13124
13213
15283
13125
13214
15284
13126
13215
15285
13127
13216
15286
13128
13217
15287
13129
13218
15288
13130
13219
15289
13131
13220
15290
13132
13221
15291
13133
13222
15292
13134
13223
15293
13135
13224
15294
13136
13225
15295
13137
13226
15296
13138
13227
15297
13139
13228
15298
13229
15299
13141
13230
15300
13142
13231
15301
13143
13232
15302
13144
13233
15303
13145
13234
15304
13146
13235
15305
13147
13236
15306
13148
13237
15307
13149
13238
15308
13150
13239
15309
13151
13240
15310
13152
13241
15311
13153
13242
15312
13154
13243
15313
13155
13244
15314
13156
13245
15315
13157
13246
15316
13158
13247
15317
13159
13248
15318
13160
13249
15319
13161
13250
15320
13162
13251
15321
13163
13252
15322
13164
13253
15323
13165
13254
15324
13166
13255
15325
13167
13256
15326
13168
13257
15327
13169
13258
15328
13170
13259
15329
13171
13260
15330
13172
13261
15331
13173
13262
15332
13174
13263
15333
13175
13264
15334
13176
13265
15335
13177
13266
15336
13178
13267
15337
13179
13268
15338
13180
13269
15339
13181
13270
15340
13182
13271
15341
13183
13272
15342
13184
13273
15343
13185
13274
15344
13186
13275
15345
13187
13276
15346
13188
13277
15347
13189
13278
15348
13190
13279
15349
13191
13280
15350
13192
13281
15351
13193
13282
15352
13194
13283
15353
13195
13284
15354
13196
13285
15355
13197
13286
15356
13198
13287
15357
13199
13288
15358
13200
13289
15359
13201
13290
15360
13202
13291
15361
13203
13292
15362
13204
13293
15363
13205
13294
15364
13206
13295
15365
13207
13296
15366
13208
13297
15367
13209
13298
15368
13210
13299
15369
13211
13300
15370
13212
13301
15371
13213
13302
15372
13214
13303
15373
13215
13304
15374
13216
13305
15375
13217
13306
15376
13218
13307
15377
13219
13308
15378
13220
13309
15379
13221
13310
15380
13222
13311
15381
13223
13312
15382
13224
13313
15383
13225
13314
15384
13226
13315
15385
13227
13316
15386
13228
13317
15387
13229
13318
15388
13319
15389
13231
13320
15390
13232
13321
15391
13233
13322
15392
13234
13323
15393
13235
13324
15394
13236
13325
15395
13237
13326
15396
13238
13327
15397
13239
13328
15398
13240
13329
15399
13241
13330
15400
13242
13331
15401
13243
13332
15402
13244
13333
15403
13245
13334
15404
13246
13335
15405
13247
13336
15406
13248
13337
15407
13249
13338
15408
13250
13339
15409
13251
13340
15410
13252
13341
15411
13253
13342
15412
13254
13343
15413
13255
13344
15414
13256
13345
15415
13257
13346
15416
13258
13347
15417
13259
13348
15418
13260
13349
15419
13261
13350
15420
13262
13351
15421
13263
13352
15422
13264
13353
15423
13265
13354
15424
13266
13355
15425
13267
13356
15426
13268
13357
15427
13269
13358
15428
13270
13359
15429
13271
13360
15430
13272
13361
15431
13273
13362
15432
13274
13363
15433
13275
13364
15434
13276
13365
15435
13277
13366
15436
13278
13367
15437
13279
13368
15438
13280
13369
15439
13281
13370
15440
13282
13371
15441
13283
13372
15442
13284
13373
15443
13285
13374
15444
13286
13375
15445
13287
13376
15446
13288
13377
15447
13289
13378
15448
13290
13379
15449
13291
13380
15450
13292
13381
15451
13293
13382
15452
13294
13383
15453
13295
13384
15454
13296
13385
15455
13297
13386
15456
13298
13387
15457
13299
13388
15458
13300
13389
15459
13301
13390
15460
13302
13391
15461
13303
13392
15462
13304
13393
15463
13305
13394
15464
13306
13395
15465
13307
13396
15466
13308
13397
15467
13309
13398
15468
13310
13399
15469
13311
13400
15470
13312
13401
15471
13313
13402
15472
13314
13403
15473
13315
13404
15474
13316
13405
15475
13317
13406
15476
13318
13407
15477
13319
13408
15478
13409
15479
13321
13410
15480
13322
13411
15481
13323
13412
15482
13324
13413
15483
13325
13414
15484
13326
13415
15485
13327
13416
15486
13328
13417
15487
13329
13418
15488
13330
13419
15489
13331
13420
15490
13332
13421
15491
13333
13422
15492
13334
13423
15493
13335
13424
15494
13336
13425
15495
13337
13426
15496
13338
13427
15497
13339
13428
15498
13340
13429
15499
13341
13430
15500
13342
13431
15501
13343
13432
15502
13344
13433
15503
13345
13434
15504
13346
13435
15505
13347
13436
15506
13348
13437
15507
13349
13438
15508
13350
13439
15509
13351
13440
15510
13352
13441
15511
13353
13442
15512
13354
13443
15513
13355
13444
15514
13356
13445
15515
13357
13446
15516
13358
13447
15517
13359
13448
15518
13360
13449
15519
13361
13450
15520
13362
13451
15521
13363
13452
15522
13364
13453
15523
13365
13454
15524
13366
13455
15525
13367
13456
15526
13368
13457
15527
13369
13458
15528
13370
13459
15529
13371
13460
15530
13372
13461
15531
13373
13462
15532
13374
13463
15533
13375
13464
15534
13376
13465
15535
13377
13466
15536
13378
13467
15537
13379
13468
15538
13380
13469
15539
13381
13470
15540
13382
13471
15541
13383
13472
15542
13384
13473
15543
13385
13474
15544
13386
13475
15545
13387
13476
15546
13388
13477
15547
13389
13478
15548
13390
13479
15549
13391
13480
15550
13392
13481
15551
13393
13482
15552
13394
13483
15553
13395
13484
15554
13396
13485
15555
13397
13486
15556
13398
13487
15557
13399
13488
15558
13400
13489
15559
13401
13490
15560
13402
13491
15561
13403
13492
15562
13404
13493
15563
13405
13494
15564
13406
13495
15565
13407
13496
15566
13408
13497
15567
13409
13498
15568
13499
15569
13411
13500
15570
13412
13501
15571
13413
13502
15572
13414
13503
15573
13415
13504
15574
13416
13505
15575
13417
13506
15576
13418
13507
15577
13419
13508
15578
13420
13509
15579
13421
13510
15580
13422
13511
15581
13423
13512
15582
13424
13513
15583
13425
13514
15584
13426
13515
15585
13427
13516
15586
13428
13517
15587
13429
13518
15588
13430
13519
15589
13431
13520
15590
13432
13521
15591
13433
13522
15592
13434
13523
15593
13435
13524
15594
13436
13525
15595
13437
13526
15596
13438
13527
15597
13439
13528
15598
13440
13529
15599
13441
13530
15600
13442
13531
15601
13443
13532
15602
13444
13533
15603
13445
13534
15604
13446
13535
15605
13447
13536
15606
13448
13537
15607
13449
13538
15608
13450
13539
15609
13451
13540
15610
13452
13541
15611
13453
13542
15612
13454
13543
15613
13455
13544
15614
13456
13545
15615
13457
13546
15616
13458
13547
15617
13459
13548
15618
13460
13549
15619
13461
13550
15620
13462
13551
15621
13463
13552
15622
13464
13553
15623
13465
13554
15624
13466
13555
15625
13467
13556
15626
13468
13557
15627
13469
13558
15628
13470
13559
15629
13471
13560
15630
13472
13561
15631
13473
13562
15632
13474
13563
15633
13475
13564
15634
13476
13565
15635
13477
13566
15636
13478
13567
15637
13479
13568
15638
13480
13569
15639
13481
13570
15640
13482
13571
15641
13483
13572
15642
13484
13573
15643
13485
13574
15644
13486
13575
15645
13487
13576
15646
13488
13577
15647
13489
13578
15648
13490
13579
15649
13491
13580
15650
13492
13581
15651
13493
13582
15652
13494
13583
15653
13495
13584
15654
13496
13585
15655
13497
13586
15656
13498
13587
15657
13499
13588
15658
13589
15659
13501
13590
15660
13502
13591
15661
13503
13592
15662
13504
13593
15663
13505
13594
15664
13506
13595
15665
13507
13596
15666
13508
13597
15667
13509
13598
15668
13510
13599
15669
13511
13600
15670
13512
13601
15671
13513
13602
15672
13514
13603
15673
13515
13604
15674
13516
13605
15675
13517
13606
15676
13518
13607
15677
13519
13608
15678
13520
13609
15679
13521
13610
15680
13522
13611
15681
13523
13612
15682
13524
13613
15683
13525
13614
15684
13526
13615
15685
13527
13616
15686
13528
13617
15687
13529
13618
15688
13530
13619
15689
13531
13620
15690
13532
13621
15691
13533
13622
15692
13534
13623
15693
13535
13624
15694
13536
13625
15695
13537
13626
15696
13538
13627
15697
13539
13628
15698
13540
13629
15699
13541
13630
15700
13542
13631
15701
13543
13632
15702
13544
13633
15703
13545
13634
15704
13546
13635
15705
13547
13636
15706
13548
13637
15707
13549
13638
15708
13550
13639
15709
13551
13640
15710
13552
13641
15711
13553
13642
15712
13554
13643
15713
13555
13644
15714
13556
13645
15715
13557
13646
15716
13558
13647
15717
13559
13648
15718
13560
13649
15719
13561
13650
15720
13562
13651
15721
13563
13652
15722
13564
13653
15723
13565
13654
15724
13566
13655
15725
13567
13656
15726
13568
13657
15727
13569
13658
15728
13570
13659
15729
13571
13660
15730
13572
13661
15731
13573
13662
15732
13574
13663
15733
13575
13664
15734
13576
13665
15735
13577
13666
15736
13578
13667
15737
13579
13668
15738
13580
13669
15739
13581
13670
15740
13582
13671
15741
13583
13672
15742
13584
13673
15743
13585
13674
15744
13586
13675
15745
13587
13676
15746
13588
13677
15747
13589
13678
15748
13679
15749
13591
13680
15750
13592
13681
15751
13593
13682
15752
13594
13683
15753
13595
13684
15754
13596
13685
15755
13597
13686
15756
13598
13687
15757
13599
13688
15758
13600
13689
15759
13601
13690
15760
13602
13691
15761
13603
13692
15762
13604
13693
15763
13605
13694
15764
13606
13695
15765
13607
13696
15766
13608
13697
15767
13609
13698
15768
13610
13699
15769
13611
13700
15770
13612
13701
15771
13613
13702
15772
13614
13703
15773
13615
13704
15774
13616
13705
15775
13617
13706
15776
13618
13707
15777
13619
13708
15778
13620
13709
15779
13621
13710
15780
13622
13711
15781
13623
13712
15782
13624
13713
15783
13625
13714
15784
13626
13715
15785
13627
13716
15786
13628
13717
15787
13629
13718
15788
13630
13719
15789
13631
13720
15790
13632
13721
15791
13633
13722
15792
13634
13723
15793
13635
13724
15794
13636
13725
15795
13637
13726
15796
13638
13727
15797
13639
13728
15798
13640
13729
15799
13641
13730
15800
13642
13731
15801
13643
13732
15802
13644
13733
15803
13645
13734
15804
13646
13735
15805
13647
13736
15806
13648
13737
15807
13649
13738
15808
13650
13739
15809
13651
13740
15810
13652
13741
15811
13653
13742
15812
13654
13743
15813
13655
13744
15814
13656
13745
15815
13657
13746
15816
13658
13747
15817
13659
13748
15818
13660
13749
15819
13661
13750
15820
13662
13751
15821
13663
13752
15822
13664
13753
15823
13665
13754
15824
13666
13755
15825
13667
13756
15826
13668
13757
15827
13669
13758
15828
13670
13759
15829
13671
13760
15830
13672
13761
15831
13673
13762
15832
13674
13763
15833
13675
13764
15834
13676
13765
15835
13677
13766
15836
13678
13767
15837
13679
13768
15838
13769
15839
13681
13770
15840
13682
13771
15841
13683
13772
15842
13684
13773
15843
13685
13774
15844
13686
13775
15845
13687
13776
15846
13688
13777
15847
13689
13778
15848
13690
13779
15849
13691
13780
15850
13692
13781
15851
13693
13782
15852
13694
13783
15853
13695
13784
15854
13696
13785
15855
13697
13786
15856
13698
13787
15857
13699
13788
15858
13700
13789
15859
13701
13790
15860
13702
13791
15861
13703
13792
15862
13704
13793
15863
13705
13794
15864
13706
13795
15865
13707
13796
15866
13708
13797
15867
13709
13798
15868
13710
13799
15869
13711
13800
15870
13712
13801
15871
13713
13802
15872
13714
13803
15873
13715
13804
15874
13716
13805
15875
13717
13806
15876
13718
13807
15877
13719
13808
15878
13720
13809
15879
13721
13810
15880
13722
13811
15881
13723
13812
15882
13724
13813
15883
13725
13814
15884
13726
13815
15885
13727
13816
15886
13728
13817
15887
13729
13818
15888
13730
13819
15889
13731
13820
15890
13732
13821
15891
13733
13822
15892
13734
13823
15893
13735
13824
15894
13736
13825
15895
13737
13826
15896
13738
13827
15897
13739
13828
15898
13740
13829
15899
13741
13830
15900
13742
13831
15901
13743
13832
15902
13744
13833
15903
13745
13834
15904
13746
13835
15905
13747
13836
15906
13748
13837
15907
13749
13838
15908
13750
13839
15909
13751
13840
15910
13752
13841
15911
13753
13842
15912
13754
13843
15913
13755
13844
15914
13756
13845
15915
13757
13846
15916
13758
13847
15917
13759
13848
15918
13760
13849
15919
13761
13850
15920
13762
13851
15921
13763
13852
15922
13764
13853
15923
13765
13854
15924
13766
13855
15925
13767
13856
15926
13768
13857
15927
13769
13858
15928
13859
15929
13771
13860
15930
13772
13861
15931
13773
13862
15932
13774
13863
15933
13775
13864
15934
13776
13865
15935
13777
13866
15936
13778
13867
15937
13779
13868
15938
13780
13869
15939
13781
13870
15940
13782
13871
15941
13783
13872
15942
13784
13873
15943
13785
13874
15944
13786
13875
15945
13787
13876
15946
13788
13877
15947
13789
13878
15948
13790
13879
15949
13791
13880
15950
13792
13881
15951
13793
13882
15952
13794
13883
15953
13795
13884
15954
13796
13885
15955
13797
13886
15956
13798
13887
15957
13799
13888
15958
13800
13889
15959
13801
13890
15960
13802
13891
15961
13803
13892
15962
13804
13893
15963
13805
13894
15964
13806
13895
15965
13807
13896
15966
13808
13897
15967
13809
13898
15968
13810
13899
15969
13811
13900
15970
13812
13901
15971
13813
13902
15972
13814
13903
15973
13815
13904
15974
13816
13905
15975
13817
13906
15976
13818
13907
15977
13819
13908
15978
13820
13909
15979
13821
13910
15980
13822
13911
15981
13823
13912
15982
13824
13913
15983
13825
13914
15984
13826
13915
15985
13827
13916
15986
13828
13917
15987
13829
13918
15988
13830
13919
15989
13831
13920
15990
13832
13921
15991
13833
13922
15992
13834
13923
15993
13835
13924
15994
13836
13925
15995
13837
13926
15996
13838
13927
15997
13839
13928
15998
13840
13929
15999
13841
13930
16000
13842
13931
16001
13843
13932
16002
13844
13933
16003
13845
13934
16004
13846
13935
16005
13847
13936
16006
13848
13937
16007
13849
13938
16008
13850
13939
16009
13851
13940
16010
13852
13941
16011
13853
13942
16012
13854
13943
16013
13855
13944
16014
13856
13945
16015
13857
13946
16016
13858
13947
16017
13859
13948
16018
13949
16019
13861
13950
16020
13862
13951
16021
13863
13952
16022
13864
13953
16023
13865
13954
16024
13866
13955
16025
13867
13956
16026
13868
13957
16027
13869
13958
16028
13870
13959
16029
13871
13960
16030
13872
13961
16031
13873
13962
16032
13874
13963
16033
13875
13964
16034
13876
13965
16035
13877
13966
16036
13878
13967
16037
13879
13968
16038
13880
13969
16039
13881
13970
16040
13882
13971
16041
13883
13972
16042
13884
13973
16043
13885
13974
16044
13886
13975
16045
13887
13976
16046
13888
13977
16047
13889
13978
16048
13890
13979
16049
13891
13980
16050
13892
13981
16051
13893
13982
16052
13894
13983
16053
13895
13984
16054
13896
13985
16055
13897
13986
16056
13898
13987
16057
13899
13988
16058
13900
13989
16059
13901
13990
16060
13902
13991
16061
13903
13992
16062
13904
13993
16063
13905
13994
16064
13906
13995
16065
13907
13996
16066
13908
13997
16067
13909
13998
16068
13910
13999
16069
13911
14000
16070
13912
14001
16071
13913
14002
16072
13914
14003
16073
13915
14004
16074
13916
14005
16075
13917
14006
16076
13918
14007
16077
13919
14008
16078
13920
14009
16079
13921
14010
16080
13922
14011
16081
13923
14012
16082
13924
14013
16083
13925
14014
16084
13926
14015
16085
13927
14016
16086
13928
14017
16087
13929
14018
16088
13930
14019
16089
13931
14020
16090
13932
14021
16091
13933
14022
16092
13934
14023
16093
13935
14024
16094
13936
14025
16095
13937
14026
16096
13938
14027
16097
13939
14028
16098
13940
14029
16099
13941
14030
16100
13942
14031
16101
13943
14032
16102
13944
14033
16103
13945
14034
16104
13946
14035
16105
13947
14036
16106
13948
14037
16107
13949
14038
16108
14039
16109
13951
14040
16110
13952
14041
16111
13953
14042
16112
13954
14043
16113
13955
14044
16114
13956
14045
16115
13957
14046
16116
13958
14047
16117
13959
14048
16118
13960
14049
16119
13961
14050
16120
13962
14051
16121
13963
14052
16122
13964
14053
16123
13965
14054
16124
13966
14055
16125
13967
14056
16126
13968
14057
16127
13969
14058
16128
13970
14059
16129
13971
14060
16130
13972
14061
16131
13973
14062
16132
13974
14063
16133
13975
14064
16134
13976
14065
16135
13977
14066
16136
13978
14067
16137
13979
14068
16138
13980
14069
16139
13981
14070
16140
13982
14071
16141
13983
14072
16142
13984
14073
16143
13985
14074
16144
13986
14075
16145
13987
14076
16146
13988
14077
16147
13989
14078
16148
13990
14079
16149
13991
14080
16150
13992
14081
16151
13993
14082
16152
13994
14083
16153
13995
14084
16154
13996
14085
16155
13997
14086
16156
13998
14087
16157
13999
14088
16158
14000
14089
16159
14001
14090
16160
14002
14091
16161
14003
14092
16162
14004
14093
16163
14005
14094
16164
14006
14095
16165
14007
14096
16166
14008
14097
16167
14009
14098
16168
14010
14099
16169
14011
14100
16170
14012
14101
16171
14013
14102
16172
14014
14103
16173
14015
14104
16174
14016
14105
16175
14017
14106
16176
14018
14107
16177
14019
14108
16178
14020
14109
16179
14021
14110
16180
14022
14111
16181
14023
14112
16182
14024
14113
16183
14025
14114
16184
14026
14115
16185
14027
14116
16186
14028
14117
16187
14029
14118
16188
14030
14119
16189
14031
14120
16190
14032
14121
16191
14033
14122
16192
14034
14123
16193
14035
14124
16194
14036
14125
16195
14037
14126
16196
14038
14127
16197
14039
14128
16198
14129
16199
14041
14130
16200
14042
14131
16201
14043
14132
16202
14044
14133
16203
14045
14134
16204
14046
14135
16205
14047
14136
16206
14048
14137
16207
14049
14138
16208
14050
14139
16209
14051
14140
16210
14052
14141
16211
14053
14142
16212
14054
14143
16213
14055
14144
16214
14056
14145
16215
14057
14146
16216
14058
14147
16217
14059
14148
16218
14060
14149
16219
14061
14150
16220
14062
14151
16221
14063
14152
16222
14064
14153
16223
14065
14154
16224
14066
14155
16225
14067
14156
16226
14068
14157
16227
14069
14158
16228
14070
14159
16229
14071
14160
16230
14072
14161
16231
14073
14162
16232
14074
14163
16233
14075
14164
16234
14076
14165
16235
14077
14166
16236
14078
14167
16237
14079
14168
16238
14080
14169
16239
14081
14170
16240
14082
14171
16241
14083
14172
16242
14084
14173
16243
14085
14174
16244
14086
14175
16245
14087
14176
16246
14088
14177
16247
14089
14178
16248
14090
14179
16249
14091
14180
16250
14092
14181
16251
14093
14182
16252
14094
14183
16253
14095
14184
16254
14096
14185
16255
14097
14186
16256
14098
14187
16257
14099
14188
16258
14100
14189
16259
14101
14190
16260
14102
14191
16261
14103
14192
16262
14104
14193
16263
14105
14194
16264
14106
14195
16265
14107
14196
16266
14108
14197
16267
14109
14198
16268
14110
14199
16269
14111
14200
16270
14112
14201
16271
14113
14202
16272
14114
14203
16273
14115
14204
16274
14116
14205
16275
14117
14206
16276
14118
14207
16277
14119
14208
16278
14120
14209
16279
14121
14210
16280
14122
14211
16281
14123
14212
16282
14124
14213
16283
14125
14214
16284
14126
14215
16285
14127
14216
16286
14128
14217
16287
14129
14218
16288
14219
16289
14131
14220
16290
14132
14221
16291
14133
14222
16292
14134
14223
16293
14135
14224
16294
14136
14225
16295
14137
14226
16296
14138
14227
16297
14139
14228
16298
14140
14229
16299
14141
14230
16300
14142
14231
16301
14143
14232
16302
14144
14233
16303
14145
14234
16304
14146
14235
16305
14147
14236
16306
14148
14237
16307
14149
14238
16308
14150
14239
16309
14151
14240
16310
14152
14241
16311
14153
14242
16312
14154
14243
16313
14155
14244
16314
14156
14245
16315
14157
14246
16316
14158
14247
16317
14159
14248
16318
14160
14249
16319
14161
14250
16320
14162
14251
16321
14163
14252
16322
14164
14253
16323
14165
14254
16324
14166
14255
16325
14167
14256
16326
14168
14257
16327
14169
14258
16328
14170
14259
16329
14171
14260
16330
14172
14261
16331
14173
14262
16332
14174
14263
16333
14175
14264
16334
14176
14265
16335
14177
14266
16336
14178
14267
16337
14179
14268
16338
14180
14269
16339
14181
14270
16340
14182
14271
16341
14183
14272
16342
14184
14273
16343
14185
14274
16344
14186
14275
16345
14187
14276
16346
14188
14277
16347
14189
14278
16348
14190
14279
16349
14191
14280
16350
14192
14281
16351
14193
14282
16352
14194
14283
16353
14195
14284
16354
14196
14285
16355
14197
14286
16356
14198
14287
16357
14199
14288
16358
14200
14289
16359
14201
14290
16360
14202
14291
16361
14203
14292
16362
14204
14293
16363
14205
14294
16364
14206
14295
16365
14207
14296
16366
14208
14297
16367
14209
14298
16368
14210
14299
16369
14211
14300
16370
14212
14301
16371
14213
14302
16372
14214
14303
16373
14215
14304
16374
14216
14305
16375
14217
14306
16376
14218
14307
16377
14219
14308
16378
14309
16379
14221
14310
16380
14222
14311
16381
14223
14312
16382
14224
14313
16383
14225
14314
16384
14226
14315
16385
14227
14316
16386
14228
14317
16387
14229
14318
16388
14230
14319
16389
14231
14320
16390
14232
14321
16391
14233
14322
16392
14234
14323
16393
14235
14324
16394
14236
14325
16395
14237
14326
16396
14238
14327
16397
14239
14328
16398
14240
14329
16399
14241
14330
16400
14242
14331
16401
14243
14332
16402
14244
14333
16403
14245
14334
16404
14246
14335
16405
14247
14336
16406
14248
14337
16407
14249
14338
16408
14250
14339
16409
14251
14340
16410
14252
14341
16411
14253
14342
16412
14254
14343
16413
14255
14344
16414
14256
14345
16415
14257
14346
16416
14258
14347
16417
14259
14348
16418
14260
14349
16419
14261
14350
16420
14262
14351
16421
14263
14352
16422
14264
14353
16423
14265
14354
16424
14266
14355
16425
14267
14356
16426
14268
14357
16427
14269
14358
16428
14270
14359
16429
14271
14360
16430
14272
14361
16431
14273
14362
16432
14274
14363
16433
14275
14364
16434
14276
14365
16435
14277
14366
16436
14278
14367
16437
14279
14368
16438
14280
14369
16439
14281
14370
16440
14282
14371
16441
14283
14372
16442
14284
14373
16443
14285
14374
16444
14286
14375
16445
14287
14376
16446
14288
14377
16447
14289
14378
16448
14290
14379
16449
14291
14380
16450
14292
14381
16451
14293
14382
16452
14294
14383
16453
14295
14384
16454
14296
14385
16455
14297
14386
16456
14298
14387
16457
14299
14388
16458
14300
14389
16459
14301
14390
16460
14302
14391
16461
14303
14392
16462
14304
14393
16463
14305
14394
16464
14306
14395
16465
14307
14396
16466
14308
14397
16467
14309
14398
16468
14399
16469
14311
14400
16470
14312
14401
16471
14313
14402
16472
14314
14403
16473
14315
14404
16474
14316
14405
16475
14317
14406
16476
14318
14407
16477
14319
14408
16478
14320
14409
16479
14321
14410
16480
14322
14411
16481
14323
14412
16482
14324
14413
16483
14325
14414
16484
14326
14415
16485
14327
14416
16486
14328
14417
16487
14329
14418
16488
14330
14419
16489
14331
14420
16490
14332
14421
16491
14333
14422
16492
14334
14423
16493
14335
14424
16494
14336
14425
16495
14337
14426
16496
14338
14427
16497
14339
14428
16498
14340
14429
16499
14341
14430
16500
14342
14431
16501
14343
14432
16502
14344
14433
16503
14345
14434
16504
14346
14435
16505
14347
14436
16506
14348
14437
16507
14349
14438
16508
14350
14439
16509
14351
14440
16510
14352
14441
16511
14353
14442
16512
14354
14443
16513
14355
14444
16514
14356
14445
16515
14357
14446
16516
14358
14447
16517
14359
14448
16518
14360
14449
16519
14361
14450
16520
14362
14451
16521
14363
14452
16522
14364
14453
16523
14365
14454
16524
14366
14455
16525
14367
14456
16526
14368
14457
16527
14369
14458
16528
14370
14459
16529
14371
14460
16530
14372
14461
16531
14373
14462
16532
14374
14463
16533
14375
14464
16534
14376
14465
16535
14377
14466
16536
14378
14467
16537
14379
14468
16538
14380
14469
16539
14381
14470
16540
14382
14471
16541
14383
14472
16542
14384
14473
16543
14385
14474
16544
14386
14475
16545
14387
14476
16546
14388
14477
16547
14389
14478
16548
14390
14479
16549
14391
14480
16550
14392
14481
16551
14393
14482
16552
14394
14483
16553
14395
14484
16554
14396
14485
16555
14397
14486
16556
14398
14487
16557
14399
14488
16558
14489
16559
14401
14490
16560
14402
14491
16561
14403
14492
16562
14404
14493
16563
14405
14494
16564
14406
14495
16565
14407
14496
16566
14408
14497
16567
14409
14498
16568
14410
14499
16569
14411
14500
16570
14412
14501
16571
14413
14502
16572
14414
14503
16573
14415
14504
16574
14416
14505
16575
14417
14506
16576
14418
14507
16577
14419
14508
16578
14420
14509
16579
14421
14510
16580
14422
14511
16581
14423
14512
16582
14424
14513
16583
14425
14514
16584
14426
14515
16585
14427
14516
16586
14428
14517
16587
14429
14518
16588
14430
14519
16589
14431
14520
16590
14432
14521
16591
14433
14522
16592
14434
14523
16593
14435
14524
16594
14436
14525
16595
14437
14526
16596
14438
14527
16597
14439
14528
16598
14440
14529
16599
14441
14530
16600
14442
14531
16601
14443
14532
16602
14444
14533
16603
14445
14534
16604
14446
14535
16605
14447
14536
16606
14448
14537
16607
14449
14538
16608
14450
14539
16609
14451
14540
16610
14452
14541
16611
14453
14542
16612
14454
14543
16613
14455
14544
16614
14456
14545
16615
14457
14546
16616
14458
14547
16617
14459
14548
16618
14460
14549
16619
14461
14550
16620
14462
14551
16621
14463
14552
16622
14464
14553
16623
14465
14554
16624
14466
14555
16625
14467
14556
16626
14468
14557
16627
14469
14558
16628
14470
14559
16629
14471
14560
16630
14472
14561
16631
14473
14562
16632
14474
14563
16633
14475
14564
16634
14476
14565
16635
14477
14566
16636
14478
14567
16637
14479
14568
16638
14480
14569
16639
14481
14570
16640
14482
14571
16641
14483
14572
16642
14484
14573
16643
14485
14574
16644
14486
14575
16645
14487
14576
16646
14488
14577
16647
14489
14578
16648
14579
16649
14491
14580
16650
14492
14581
16651
14493
14582
16652
14494
14583
16653
14495
14584
16654
14496
14585
16655
14497
14586
16656
14498
14587
16657
14499
14588
16658
14500
14589
16659
14501
14590
16660
14502
14591
16661
14503
14592
16662
14504
14593
16663
14505
14594
16664
14506
14595
16665
14507
14596
16666
14508
14597
16667
14509
14598
16668
14510
14599
16669
14511
14600
16670
14512
14601
16671
14513
14602
16672
14514
14603
16673
14515
14604
16674
14516
14605
16675
14517
14606
16676
14518
14607
16677
14519
14608
16678
14520
14609
16679
14521
14610
16680
14522
14611
16681
14523
14612
16682
14524
14613
16683
14525
14614
16684
14526
14615
16685
14527
14616
16686
14528
14617
16687
14529
14618
16688
14530
14619
16689
14531
14620
16690
14532
14621
16691
14533
14622
16692
14534
14623
16693
14535
14624
16694
14536
14625
16695
14537
14626
16696
14538
14627
16697
14539
14628
16698
14540
14629
16699
14541
14630
16700
14542
14631
16701
14543
14632
16702
14544
14633
16703
14545
14634
16704
14546
14635
16705
14547
14636
16706
14548
14637
16707
14549
14638
16708
14550
14639
16709
14551
14640
16710
14552
14641
16711
14553
14642
16712
14554
14643
16713
14555
14644
16714
14556
14645
16715
14557
14646
16716
14558
14647
16717
14559
14648
16718
14560
14649
16719
14561
14650
16720
14562
14651
16721
14563
14652
16722
14564
14653
16723
14565
14654
16724
14566
14655
16725
14567
14656
16726
14568
14657
16727
14569
14658
16728
14570
14659
16729
14571
14660
16730
14572
14661
16731
14573
14662
16732
14574
14663
16733
14575
14664
16734
14576
14665
16735
14577
14666
16736
14578
14667
16737
14579
14668
16738
14669
16739
14581
14670
16740
14582
14671
16741
14583
14672
16742
14584
14673
16743
14585
14674
16744
14586
14675
16745
14587
14676
16746
14588
14677
16747
14589
14678
16748
14590
14679
16749
14591
14680
16750
14592
14681
16751
14593
14682
16752
14594
14683
16753
14595
14684
16754
14596
14685
16755
14597
14686
16756
14598
14687
16757
14599
14688
16758
14600
14689
16759
14601
14690
16760
14602
14691
16761
14603
14692
16762
14604
14693
16763
14605
14694
16764
14606
14695
16765
14607
14696
16766
14608
14697
16767
14609
14698
16768
14610
14699
16769
14611
14700
16770
14612
14701
16771
14613
14702
16772
14614
14703
16773
14615
14704
16774
14616
14705
16775
14617
14706
16776
14618
14707
16777
14619
14708
16778
14620
14709
16779
14621
14710
16780
14622
14711
16781
14623
14712
16782
14624
14713
16783
14625
14714
16784
14626
14715
16785
14627
14716
16786
14628
14717
16787
14629
14718
16788
14630
14719
16789
14631
14720
16790
14632
14721
16791
14633
14722
16792
14634
14723
16793
14635
14724
16794
14636
14725
16795
14637
14726
16796
14638
14727
16797
14639
14728
16798
14640
14729
16799
14641
14730
16800
14642
14731
16801
14643
14732
16802
14644
14733
16803
14645
14734
16804
14646
14735
16805
14647
14736
16806
14648
14737
16807
14649
14738
16808
14650
14739
16809
14651
14740
16810
14652
14741
16811
14653
14742
16812
14654
14743
16813
14655
14744
16814
14656
14745
16815
14657
14746
16816
14658
14747
16817
14659
14748
16818
14660
14749
16819
14661
14750
16820
14662
14751
16821
14663
14752
16822
14664
14753
16823
14665
14754
16824
14666
14755
16825
14667
14756
16826
14668
14757
16827
14669
14758
16828
14759
16829
14671
14760
16830
14672
14761
16831
14673
14762
16832
14674
14763
16833
14675
14764
16834
14676
14765
16835
14677
14766
16836
14678
14767
16837
14679
14768
16838
14680
14769
16839
14681
14770
16840
14682
14771
16841
14683
14772
16842
14684
14773
16843
14685
14774
16844
14686
14775
16845
14687
14776
16846
14688
14777
16847
14689
14778
16848
14690
14779
16849
14691
14780
16850
14692
14781
16851
14693
14782
16852
14694
14783
16853
14695
14784
16854
14696
14785
16855
14697
14786
16856
14698
14787
16857
14699
14788
16858
14700
14789
16859
14701
14790
16860
14702
14791
16861
14703
14792
16862
14704
14793
16863
14705
14794
16864
14706
14795
16865
14707
14796
16866
14708
14797
16867
14709
14798
16868
14710
14799
16869
14711
14800
16870
14712
14801
16871
14713
14802
16872
14714
14803
16873
14715
14804
16874
14716
14805
16875
14717
14806
16876
14718
14807
16877
14719
14808
16878
14720
14809
16879
14721
14810
16880
14722
14811
16881
14723
14812
16882
14724
14813
16883
14725
14814
16884
14726
14815
16885
14727
14816
16886
14728
14817
16887
14729
14818
16888
14730
14819
16889
14731
14820
16890
14732
14821
16891
14733
14822
16892
14734
14823
16893
14735
14824
16894
14736
14825
16895
14737
14826
16896
14738
14827
16897
14739
14828
16898
14740
14829
16899
14741
14830
16900
14742
14831
16901
14743
14832
16902
14744
14833
16903
14745
14834
16904
14746
14835
16905
14747
14836
16906
14748
14837
16907
14749
14838
16908
14750
14839
16909
14751
14840
16910
14752
14841
16911
14753
14842
16912
14754
14843
16913
14755
14844
16914
14756
14845
16915
14757
14846
16916
14758
14847
16917
14759
14848
16918
14849
16919
14761
14850
16920
14762
14851
16921
14763
14852
16922
14764
14853
16923
14765
14854
16924
14766
14855
16925
14767
14856
16926
14768
14857
16927
14769
14858
16928
14770
14859
16929
14771
14860
16930
14772
14861
16931
14773
14862
16932
14774
14863
16933
14775
14864
16934
14776
14865
16935
14777
14866
16936
14778
14867
16937
14779
14868
16938
14780
14869
16939
14781
14870
16940
14782
14871
16941
14783
14872
16942
14784
14873
16943
14785
14874
16944
14786
14875
16945
14787
14876
16946
14788
14877
16947
14789
14878
16948
14790
14879
16949
14791
14880
16950
14792
14881
16951
14793
14882
16952
14794
14883
16953
14795
14884
16954
14796
14885
16955
14797
14886
16956
14798
14887
16957
14799
14888
16958
14800
14889
16959
14801
14890
16960
14802
14891
16961
14803
14892
16962
14804
14893
16963
14805
14894
16964
14806
14895
16965
14807
14896
16966
14808
14897
16967
14809
14898
16968
14810
14899
16969
14811
14900
16970
14812
14901
16971
14813
14902
16972
14814
14903
16973
14815
14904
16974
14816
14905
16975
14817
14906
16976
14818
14907
16977
14819
14908
16978
14820
14909
16979
14821
14910
16980
14822
14911
16981
14823
14912
16982
14824
14913
16983
14825
14914
16984
14826
14915
16985
14827
14916
16986
14828
14917
16987
14829
14918
16988
14830
14919
16989
14831
14920
16990
14832
14921
16991
14833
14922
16992
14834
14923
16993
14835
14924
16994
14836
14925
16995
14837
14926
16996
14838
14927
16997
14839
14928
16998
14840
14929
16999
14841
14930
17000
14842
14931
17001
14843
14932
17002
14844
14933
17003
14845
14934
17004
14846
14935
17005
14847
14936
17006
14848
14937
17007
14849
14938
17008
14939
17009
14851
14940
17010
14852
14941
17011
14853
14942
17012
14854
14943
17013
14855
14944
17014
14856
14945
17015
14857
14946
17016
14858
14947
17017
14859
14948
17018
14860
14949
17019
14861
14950
17020
14862
14951
17021
14863
14952
17022
14864
14953
17023
14865
14954
17024
14866
14955
17025
14867
14956
17026
14868
14957
17027
14869
14958
17028
14870
14959
17029
14871
14960
17030
14872
14961
17031
14873
14962
17032
14874
14963
17033
14875
14964
17034
14876
14965
17035
14877
14966
17036
14878
14967
17037
14879
14968
17038
14880
14969
17039
14881
14970
17040
14882
14971
17041
14883
14972
17042
14884
14973
17043
14885
14974
17044
14886
14975
17045
14887
14976
17046
14888
14977
17047
14889
14978
17048
14890
14979
17049
14891
14980
17050
14892
14981
17051
14893
14982
17052
14894
14983
17053
14895
14984
17054
14896
14985
17055
14897
14986
17056
14898
14987
17057
14899
14988
17058
14900
14989
17059
14901
14990
17060
14902
14991
17061
14903
14992
17062
14904
14993
17063
14905
14994
17064
14906
14995
17065
14907
14996
17066
14908
14997
17067
14909
14998
17068
14910
14999
17069
14911
15000
17070
14912
15001
17071
14913
15002
17072
14914
15003
17073
14915
15004
17074
14916
15005
17075
14917
15006
17076
14918
15007
17077
14919
15008
17078
14920
15009
17079
14921
15010
17080
14922
15011
17081
14923
15012
17082
14924
15013
17083
14925
15014
17084
14926
15015
17085
14927
15016
17086
14928
15017
17087
14929
15018
17088
14930
15019
17089
14931
15020
17090
14932
15021
17091
14933
15022
17092
14934
15023
17093
14935
15024
17094
14936
15025
17095
14937
15026
17096
14938
15027
17097
14939
15028
17098
15029
17099
14941
15030
17100
14942
15031
17101
14943
15032
17102
14944
15033
17103
14945
15034
17104
14946
15035
17105
14947
15036
17106
14948
15037
17107
14949
15038
17108
14950
15039
17109
14951
15040
17110
14952
15041
17111
14953
15042
17112
14954
15043
17113
14955
15044
17114
14956
15045
17115
14957
15046
17116
14958
15047
17117
14959
15048
17118
14960
15049
17119
14961
15050
17120
14962
15051
17121
14963
15052
17122
14964
15053
17123
14965
15054
17124
14966
15055
17125
14967
15056
17126
14968
15057
17127
14969
15058
17128
14970
15059
17129
14971
15060
17130
14972
15061
17131
14973
15062
17132
14974
15063
17133
14975
15064
17134
14976
15065
17135
14977
15066
17136
14978
15067
17137
14979
15068
17138
14980
15069
17139
14981
15070
17140
14982
15071
17141
14983
15072
17142
14984
15073
17143
14985
15074
17144
14986
15075
17145
14987
15076
17146
14988
15077
17147
14989
15078
17148
14990
15079
17149
14991
15080
17150
14992
15081
17151
14993
15082
17152
14994
15083
17153
14995
15084
17154
14996
15085
17155
14997
15086
17156
14998
15087
17157
14999
15088
17158
15000
15089
17159
15001
15090
17160
15002
15091
17161
15003
15092
17162
15004
15093
17163
15005
15094
17164
15006
15095
17165
15007
15096
17166
15008
15097
17167
15009
15098
17168
15010
15099
17169
15011
15100
17170
15012
15101
17171
15013
15102
17172
15014
15103
17173
15015
15104
17174
15016
15105
17175
15017
15106
17176
15018
15107
17177
15019
15108
17178
15020
15109
17179
15021
15110
17180
15022
15111
17181
15023
15112
17182
15024
15113
17183
15025
15114
17184
15026
15115
17185
15027
15116
17186
15028
15117
17187
15029
15118
17188
15119
17189
15031
17190
15032
17191
15033
17192
15034
17193
15035
17194
15036
17195
15037
17196
15038
17197
15039
17198
15040
17199
15041
17200
15042
17201
15043
17202
15044
17203
15045
17204
15046
17205
15047
17206
15048
17207
15049
17208
15050
17209
15051
17210
15052
17211
15053
17212
15054
17213
15055
17214
15056
17215
15057
17216
15058
17217
15059
17218
15060
17219
15061
17220
15062
17221
15063
17222
15064
17223
15065
17224
15066
17225
15067
17226
15068
17227
15069
17228
15070
17229
15071
17230
15072
17231
15073
17232
15074
17233
15075
17234
15076
17235
15077
17236
15078
17237
15079
17238
15080
17239
15081
17240
15082
17241
15083
17242
15084
17243
15085
17244
15086
17245
15087
17246
15088
17247
15089
17248
15090
17249
15091
17250
15092
17251
15093
17252
15094
17253
15095
17254
15096
17255
15097
17256
15098
17257
15099
17258
15100
17259
15101
17260
15102
17261
15103
17262
15104
17263
15105
17264
15106
17265
15107
17266
15108
17267
15109
17268
15110
17269
15111
17270
15112
17271
15113
17272
15114
17273
15115
17274
15116
17275
15117
17276
15118
17277
15119
17278
17279
15121
15210
17280
15122
15211
17281
15123
15212
17282
15124
15213
17283
15125
15214
17284
15126
15215
17285
15127
15216
17286
15128
15217
17287
15129
15218
17288
15130
15219
17289
15131
15220
17290
15132
15221
17291
15133
15222
17292
15134
15223
17293
15135
15224
17294
15136
15225
17295
15137
15226
17296
15138
15227
17297
15139
15228
17298
15140
15229
17299
15141
15230
17300
15142
15231
17301
15143
15232
17302
15144
15233
17303
15145
15234
17304
15146
15235
17305
15147
15236
17306
15148
15237
17307
15149
15238
17308
15150
15239
17309
15151
15240
17310
15152
15241
17311
15153
15242
17312
15154
15243
17313
15155
15244
17314
15156
15245
17315
15157
15246
17316
15158
15247
17317
15159
15248
17318
15160
15249
17319
15161
15250
17320
15162
15251
17321
15163
15252
17322
15164
15253
17323
15165
15254
17324
15166
15255
17325
15167
15256
17326
15168
15257
17327
15169
15258
17328
15170
15259
17329
15171
15260
17330
15172
15261
17331
15173
15262
17332
15174
15263
17333
15175
15264
17334
15176
15265
17335
15177
15266
17336
15178
15267
17337
15179
15268
17338
15180
15269
17339
15181
15270
17340
15182
15271
17341
15183
15272
17342
15184
15273
17343
15185
15274
17344
15186
15275
17345
15187
15276
17346
15188
15277
17347
15189
15278
17348
15190
15279
17349
15191
15280
17350
15192
15281
17351
15193
15282
17352
15194
15283
17353
15195
15284
17354
15196
15285
17355
15197
15286
17356
15198
15287
17357
15199
15288
17358
15200
15289
17359
15201
15290
17360
15202
15291
17361
15203
15292
17362
15204
15293
17363
15205
15294
17364
15206
15295
17365
15207
15296
17366
15208
15297
17367
15209
15298
17368
15299
17369
15211
15300
17370
15212
15301
17371
15213
15302
17372
15214
15303
17373
15215
15304
17374
15216
15305
17375
15217
15306
17376
15218
15307
17377
15219
15308
17378
15220
15309
17379
15221
15310
17380
15222
15311
17381
15223
15312
17382
15224
15313
17383
15225
15314
17384
15226
15315
17385
15227
15316
17386
15228
15317
17387
15229
15318
17388
15230
15319
17389
15231
15320
17390
15232
15321
17391
15233
15322
17392
15234
15323
17393
15235
15324
17394
15236
15325
17395
15237
15326
17396
15238
15327
17397
15239
15328
17398
15240
15329
17399
15241
15330
17400
15242
15331
17401
15243
15332
17402
15244
15333
17403
15245
15334
17404
15246
15335
17405
15247
15336
17406
15248
15337
17407
15249
15338
17408
15250
15339
17409
15251
15340
17410
15252
15341
17411
15253
15342
17412
15254
15343
17413
15255
15344
17414
15256
15345
17415
15257
15346
17416
15258
15347
17417
15259
15348
17418
15260
15349
17419
15261
15350
17420
15262
15351
17421
15263
15352
17422
15264
15353
17423
15265
15354
17424
15266
15355
17425
15267
15356
17426
15268
15357
17427
15269
15358
17428
15270
15359
17429
15271
15360
17430
15272
15361
17431
15273
15362
17432
15274
15363
17433
15275
15364
17434
15276
15365
17435
15277
15366
17436
15278
15367
17437
15279
15368
17438
15280
15369
17439
15281
15370
17440
15282
15371
17441
15283
15372
17442
15284
15373
17443
15285
15374
17444
15286
15375
17445
15287
15376
17446
15288
15377
17447
15289
15378
17448
15290
15379
17449
15291
15380
17450
15292
15381
17451
15293
15382
17452
15294
15383
17453
15295
15384
17454
15296
15385
17455
15297
15386
17456
15298
15387
17457
15299
15388
17458
15389
17459
15301
15390
17460
15302
15391
17461
15303
15392
17462
15304
15393
17463
15305
15394
17464
15306
15395
17465
15307
15396
17466
15308
15397
17467
15309
15398
17468
15310
15399
17469
15311
15400
17470
15312
15401
17471
15313
15402
17472
15314
15403
17473
15315
15404
17474
15316
15405
17475
15317
15406
17476
15318
15407
17477
15319
15408
17478
15320
15409
17479
15321
15410
17480
15322
15411
17481
15323
15412
17482
15324
15413
17483
15325
15414
17484
15326
15415
17485
15327
15416
17486
15328
15417
17487
15329
15418
17488
15330
15419
17489
15331
15420
17490
15332
15421
17491
15333
15422
17492
15334
15423
17493
15335
15424
17494
15336
15425
17495
15337
15426
17496
15338
15427
17497
15339
15428
17498
15340
15429
17499
15341
15430
17500
15342
15431
17501
15343
15432
17502
15344
15433
17503
15345
15434
17504
15346
15435
17505
15347
15436
17506
15348
15437
17507
15349
15438
17508
15350
15439
17509
15351
15440
17510
15352
15441
17511
15353
15442
17512
15354
15443
17513
15355
15444
17514
15356
15445
17515
15357
15446
17516
15358
15447
17517
15359
15448
17518
15360
15449
17519
15361
15450
17520
15362
15451
17521
15363
15452
17522
15364
15453
17523
15365
15454
17524
15366
15455
17525
15367
15456
17526
15368
15457
17527
15369
15458
17528
15370
15459
17529
15371
15460
17530
15372
15461
17531
15373
15462
17532
15374
15463
17533
15375
15464
17534
15376
15465
17535
15377
15466
17536
15378
15467
17537
15379
15468
17538
15380
15469
17539
15381
15470
17540
15382
15471
17541
15383
15472
17542
15384
15473
17543
15385
15474
17544
15386
15475
17545
15387
15476
17546
15388
15477
17547
15389
15478
17548
15479
17549
15391
15480
17550
15392
15481
17551
15393
15482
17552
15394
15483
17553
15395
15484
17554
15396
15485
17555
15397
15486
17556
15398
15487
17557
15399
15488
17558
15400
15489
17559
15401
15490
17560
15402
15491
17561
15403
15492
17562
15404
15493
17563
15405
15494
17564
15406
15495
17565
15407
15496
17566
15408
15497
17567
15409
15498
17568
15410
15499
17569
15411
15500
17570
15412
15501
17571
15413
15502
17572
15414
15503
17573
15415
15504
17574
15416
15505
17575
15417
15506
17576
15418
15507
17577
15419
15508
17578
15420
15509
17579
15421
15510
17580
15422
15511
17581
15423
15512
17582
15424
15513
17583
15425
15514
17584
15426
15515
17585
15427
15516
17586
15428
15517
17587
15429
15518
17588
15430
15519
17589
15431
15520
17590
15432
15521
17591
15433
15522
17592
15434
15523
17593
15435
15524
17594
15436
15525
17595
15437
15526
17596
15438
15527
17597
15439
15528
17598
15440
15529
17599
15441
15530
17600
15442
15531
17601
15443
15532
17602
15444
15533
17603
15445
15534
17604
15446
15535
17605
15447
15536
17606
15448
15537
17607
15449
15538
17608
15450
15539
17609
15451
15540
17610
15452
15541
17611
15453
15542
17612
15454
15543
17613
15455
15544
17614
15456
15545
17615
15457
15546
17616
15458
15547
17617
15459
15548
17618
15460
15549
17619
15461
15550
17620
15462
15551
17621
15463
15552
17622
15464
15553
17623
15465
15554
17624
15466
15555
17625
15467
15556
17626
15468
15557
17627
15469
15558
17628
15470
15559
17629
15471
15560
17630
15472
15561
17631
15473
15562
17632
15474
15563
17633
15475
15564
17634
15476
15565
17635
15477
15566
17636
15478
15567
17637
15479
15568
17638
15569
17639
15481
15570
17640
15482
15571
17641
15483
15572
17642
15484
15573
17643
15485
15574
17644
15486
15575
17645
15487
15576
17646
15488
15577
17647
15489
15578
17648
15490
15579
17649
15491
15580
17650
15492
15581
17651
15493
15582
17652
15494
15583
17653
15495
15584
17654
15496
15585
17655
15497
15586
17656
15498
15587
17657
15499
15588
17658
15500
15589
17659
15501
15590
17660
15502
15591
17661
15503
15592
17662
15504
15593
17663
15505
15594
17664
15506
15595
17665
15507
15596
17666
15508
15597
17667
15509
15598
17668
15510
15599
17669
15511
15600
17670
15512
15601
17671
15513
15602
17672
15514
15603
17673
15515
15604
17674
15516
15605
17675
15517
15606
17676
15518
15607
17677
15519
15608
17678
15520
15609
17679
15521
15610
17680
15522
15611
17681
15523
15612
17682
15524
15613
17683
15525
15614
17684
15526
15615
17685
15527
15616
17686
15528
15617
17687
15529
15618
17688
15530
15619
17689
15531
15620
17690
15532
15621
17691
15533
15622
17692
15534
15623
17693
15535
15624
17694
15536
15625
17695
15537
15626
17696
15538
15627
17697
15539
15628
17698
15540
15629
17699
15541
15630
17700
15542
15631
17701
15543
15632
17702
15544
15633
17703
15545
15634
17704
15546
15635
17705
15547
15636
17706
15548
15637
17707
15549
15638
17708
15550
15639
17709
15551
15640
17710
15552
15641
17711
15553
15642
17712
15554
15643
17713
15555
15644
17714
15556
15645
17715
15557
15646
17716
15558
15647
17717
15559
15648
17718
15560
15649
17719
15561
15650
17720
15562
15651
17721
15563
15652
17722
15564
15653
17723
15565
15654
17724
15566
15655
17725
15567
15656
17726
15568
15657
17727
15569
15658
17728
15659
17729
15571
15660
17730
15572
15661
17731
15573
15662
17732
15574
15663
17733
15575
15664
17734
15576
15665
17735
15577
15666
17736
15578
15667
17737
15579
15668
17738
15580
15669
17739
15581
15670
17740
15582
15671
17741
15583
15672
17742
15584
15673
17743
15585
15674
17744
15586
15675
17745
15587
15676
17746
15588
15677
17747
15589
15678
17748
15590
15679
17749
15591
15680
17750
15592
15681
17751
15593
15682
17752
15594
15683
17753
15595
15684
17754
15596
15685
17755
15597
15686
17756
15598
15687
17757
15599
15688
17758
15600
15689
17759
15601
15690
17760
15602
15691
17761
15603
15692
17762
15604
15693
17763
15605
15694
17764
15606
15695
17765
15607
15696
17766
15608
15697
17767
15609
15698
17768
15610
15699
17769
15611
15700
17770
15612
15701
17771
15613
15702
17772
15614
15703
17773
15615
15704
17774
15616
15705
17775
15617
15706
17776
15618
15707
17777
15619
15708
17778
15620
15709
17779
15621
15710
17780
15622
15711
17781
15623
15712
17782
15624
15713
17783
15625
15714
17784
15626
15715
17785
15627
15716
17786
15628
15717
17787
15629
15718
17788
15630
15719
17789
15631
15720
17790
15632
15721
17791
15633
15722
17792
15634
15723
17793
15635
15724
17794
15636
15725
17795
15637
15726
17796
15638
15727
17797
15639
15728
17798
15640
15729
17799
15641
15730
17800
15642
15731
17801
15643
15732
17802
15644
15733
17803
15645
15734
17804
15646
15735
17805
15647
15736
17806
15648
15737
17807
15649
15738
17808
15650
15739
17809
15651
15740
17810
15652
15741
17811
15653
15742
17812
15654
15743
17813
15655
15744
17814
15656
15745
17815
15657
15746
17816
15658
15747
17817
15659
15748
17818
15749
17819
15661
15750
17820
15662
15751
17821
15663
15752
17822
15664
15753
17823
15665
15754
17824
15666
15755
17825
15667
15756
17826
15668
15757
17827
15669
15758
17828
15670
15759
17829
15671
15760
17830
15672
15761
17831
15673
15762
17832
15674
15763
17833
15675
15764
17834
15676
15765
17835
15677
15766
17836
15678
15767
17837
15679
15768
17838
15680
15769
17839
15681
15770
17840
15682
15771
17841
15683
15772
17842
15684
15773
17843
15685
15774
17844
15686
15775
17845
15687
15776
17846
15688
15777
17847
15689
15778
17848
15690
15779
17849
15691
15780
17850
15692
15781
17851
15693
15782
17852
15694
15783
17853
15695
15784
17854
15696
15785
17855
15697
15786
17856
15698
15787
17857
15699
15788
17858
15700
15789
17859
15701
15790
17860
15702
15791
17861
15703
15792
17862
15704
15793
17863
15705
15794
17864
15706
15795
17865
15707
15796
17866
15708
15797
17867
15709
15798
17868
15710
15799
17869
15711
15800
17870
15712
15801
17871
15713
15802
17872
15714
15803
17873
15715
15804
17874
15716
15805
17875
15717
15806
17876
15718
15807
17877
15719
15808
17878
15720
15809
17879
15721
15810
17880
15722
15811
17881
15723
15812
17882
15724
15813
17883
15725
15814
17884
15726
15815
17885
15727
15816
17886
15728
15817
17887
15729
15818
17888
15730
15819
17889
15731
15820
17890
15732
15821
17891
15733
15822
17892
15734
15823
17893
15735
15824
17894
15736
15825
17895
15737
15826
17896
15738
15827
17897
15739
15828
17898
15740
15829
17899
15741
15830
17900
15742
15831
17901
15743
15832
17902
15744
15833
17903
15745
15834
17904
15746
15835
17905
15747
15836
17906
15748
15837
17907
15749
15838
17908
15839
17909
15751
15840
17910
15752
15841
17911
15753
15842
17912
15754
15843
17913
15755
15844
17914
15756
15845
17915
15757
15846
17916
15758
15847
17917
15759
15848
17918
15760
15849
17919
15761
15850
17920
15762
15851
17921
15763
15852
17922
15764
15853
17923
15765
15854
17924
15766
15855
17925
15767
15856
17926
15768
15857
17927
15769
15858
17928
15770
15859
17929
15771
15860
17930
15772
15861
17931
15773
15862
17932
15774
15863
17933
15775
15864
17934
15776
15865
17935
15777
15866
17936
15778
15867
17937
15779
15868
17938
15780
15869
17939
15781
15870
17940
15782
15871
17941
15783
15872
17942
15784
15873
17943
15785
15874
17944
15786
15875
17945
15787
15876
17946
15788
15877
17947
15789
15878
17948
15790
15879
17949
15791
15880
17950
15792
15881
17951
15793
15882
17952
15794
15883
17953
15795
15884
17954
15796
15885
17955
15797
15886
17956
15798
15887
17957
15799
15888
17958
15800
15889
17959
15801
15890
17960
15802
15891
17961
15803
15892
17962
15804
15893
17963
15805
15894
17964
15806
15895
17965
15807
15896
17966
15808
15897
17967
15809
15898
17968
15810
15899
17969
15811
15900
17970
15812
15901
17971
15813
15902
17972
15814
15903
17973
15815
15904
17974
15816
15905
17975
15817
15906
17976
15818
15907
17977
15819
15908
17978
15820
15909
17979
15821
15910
17980
15822
15911
17981
15823
15912
17982
15824
15913
17983
15825
15914
17984
15826
15915
17985
15827
15916
17986
15828
15917
17987
15829
15918
17988
15830
15919
17989
15831
15920
17990
15832
15921
17991
15833
15922
17992
15834
15923
17993
15835
15924
17994
15836
15925
17995
15837
15926
17996
15838
15927
17997
15839
15928
17998
15929
17999
15841
15930
18000
15842
15931
18001
15843
15932
18002
15844
15933
18003
15845
15934
18004
15846
15935
18005
15847
15936
18006
15848
15937
18007
15849
15938
18008
15850
15939
18009
15851
15940
18010
15852
15941
18011
15853
15942
18012
15854
15943
18013
15855
15944
18014
15856
15945
18015
15857
15946
18016
15858
15947
18017
15859
15948
18018
15860
15949
18019
15861
15950
18020
15862
15951
18021
15863
15952
18022
15864
15953
18023
15865
15954
18024
15866
15955
18025
15867
15956
18026
15868
15957
18027
15869
15958
18028
15870
15959
18029
15871
15960
18030
15872
15961
18031
15873
15962
18032
15874
15963
18033
15875
15964
18034
15876
15965
18035
15877
15966
18036
15878
15967
18037
15879
15968
18038
15880
15969
18039
15881
15970
18040
15882
15971
18041
15883
15972
18042
15884
15973
18043
15885
15974
18044
15886
15975
18045
15887
15976
18046
15888
15977
18047
15889
15978
18048
15890
15979
18049
15891
15980
18050
15892
15981
18051
15893
15982
18052
15894
15983
18053
15895
15984
18054
15896
15985
18055
15897
15986
18056
15898
15987
18057
15899
15988
18058
15900
15989
18059
15901
15990
18060
15902
15991
18061
15903
15992
18062
15904
15993
18063
15905
15994
18064
15906
15995
18065
15907
15996
18066
15908
15997
18067
15909
15998
18068
15910
15999
18069
15911
16000
18070
15912
16001
18071
15913
16002
18072
15914
16003
18073
15915
16004
18074
15916
16005
18075
15917
16006
18076
15918
16007
18077
15919
16008
18078
15920
16009
18079
15921
16010
18080
15922
16011
18081
15923
16012
18082
15924
16013
18083
15925
16014
18084
15926
16015
18085
15927
16016
18086
15928
16017
18087
15929
16018
18088
16019
18089
15931
16020
18090
15932
16021
18091
15933
16022
18092
15934
16023
18093
15935
16024
18094
15936
16025
18095
15937
16026
18096
15938
16027
18097
15939
16028
18098
15940
16029
18099
15941
16030
18100
15942
16031
18101
15943
16032
18102
15944
16033
18103
15945
16034
18104
15946
16035
18105
15947
16036
18106
15948
16037
18107
15949
16038
18108
15950
16039
18109
15951
16040
18110
15952
16041
18111
15953
16042
18112
15954
16043
18113
15955
16044
18114
15956
16045
18115
15957
16046
18116
15958
16047
18117
15959
16048
18118
15960
16049
18119
15961
16050
18120
15962
16051
18121
15963
16052
18122
15964
16053
18123
15965
16054
18124
15966
16055
18125
15967
16056
18126
15968
16057
18127
15969
16058
18128
15970
16059
18129
15971
16060
18130
15972
16061
18131
15973
16062
18132
15974
16063
18133
15975
16064
18134
15976
16065
18135
15977
16066
18136
15978
16067
18137
15979
16068
18138
15980
16069
18139
15981
16070
18140
15982
16071
18141
15983
16072
18142
15984
16073
18143
15985
16074
18144
15986
16075
18145
15987
16076
18146
15988
16077
18147
15989
16078
18148
15990
16079
18149
15991
16080
18150
15992
16081
18151
15993
16082
18152
15994
16083
18153
15995
16084
18154
15996
16085
18155
15997
16086
18156
15998
16087
18157
15999
16088
18158
16000
16089
18159
16001
16090
18160
16002
16091
18161
16003
16092
18162
16004
16093
18163
16005
16094
18164
16006
16095
18165
16007
16096
18166
16008
16097
18167
16009
16098
18168
16010
16099
18169
16011
16100
18170
16012
16101
18171
16013
16102
18172
16014
16103
18173
16015
16104
18174
16016
16105
18175
16017
16106
18176
16018
16107
18177
16019
16108
18178
16109
18179
16021
16110
18180
16022
16111
18181
16023
16112
18182
16024
16113
18183
16025
16114
18184
16026
16115
18185
16027
16116
18186
16028
16117
18187
16029
16118
18188
16030
16119
18189
16031
16120
18190
16032
16121
18191
16033
16122
18192
16034
16123
18193
16035
16124
18194
16036
16125
18195
16037
16126
18196
16038
16127
18197
16039
16128
18198
16040
16129
18199
16041
16130
18200
16042
16131
18201
16043
16132
18202
16044
16133
18203
16045
16134
18204
16046
16135
18205
16047
16136
18206
16048
16137
18207
16049
16138
18208
16050
16139
18209
16051
16140
18210
16052
16141
18211
16053
16142
18212
16054
16143
18213
16055
16144
18214
16056
16145
18215
16057
16146
18216
16058
16147
18217
16059
16148
18218
16060
16149
18219
16061
16150
18220
16062
16151
18221
16063
16152
18222
16064
16153
18223
16065
16154
18224
16066
16155
18225
16067
16156
18226
16068
16157
18227
16069
16158
18228
16070
16159
18229
16071
16160
18230
16072
16161
18231
16073
16162
18232
16074
16163
18233
16075
16164
18234
16076
16165
18235
16077
16166
18236
16078
16167
18237
16079
16168
18238
16080
16169
18239
16081
16170
18240
16082
16171
18241
16083
16172
18242
16084
16173
18243
16085
16174
18244
16086
16175
18245
16087
16176
18246
16088
16177
18247
16089
16178
18248
16090
16179
18249
16091
16180
18250
16092
16181
18251
16093
16182
18252
16094
16183
18253
16095
16184
18254
16096
16185
18255
16097
16186
18256
16098
16187
18257
16099
16188
18258
16100
16189
18259
16101
16190
18260
16102
16191
18261
16103
16192
18262
16104
16193
18263
16105
16194
18264
16106
16195
18265
16107
16196
18266
16108
16197
18267
16109
16198
18268
16199
18269
16111
16200
18270
16112
16201
18271
16113
16202
18272
16114
16203
18273
16115
16204
18274
16116
16205
18275
16117
16206
18276
16118
16207
18277
16119
16208
18278
16120
16209
18279
16121
16210
18280
16122
16211
18281
16123
16212
18282
16124
16213
18283
16125
16214
18284
16126
16215
18285
16127
16216
18286
16128
16217
18287
16129
16218
18288
16130
16219
18289
16131
16220
18290
16132
16221
18291
16133
16222
18292
16134
16223
18293
16135
16224
18294
16136
16225
18295
16137
16226
18296
16138
16227
18297
16139
16228
18298
16140
16229
18299
16141
16230
18300
16142
16231
18301
16143
16232
18302
16144
16233
18303
16145
16234
18304
16146
16235
18305
16147
16236
18306
16148
16237
18307
16149
16238
18308
16150
16239
18309
16151
16240
18310
16152
16241
18311
16153
16242
18312
16154
16243
18313
16155
16244
18314
16156
16245
18315
16157
16246
18316
16158
16247
18317
16159
16248
18318
16160
16249
18319
16161
16250
18320
16162
16251
18321
16163
16252
18322
16164
16253
18323
16165
16254
18324
16166
16255
18325
16167
16256
18326
16168
16257
18327
16169
16258
18328
16170
16259
18329
16171
16260
18330
16172
16261
18331
16173
16262
18332
16174
16263
18333
16175
16264
18334
16176
16265
18335
16177
16266
18336
16178
16267
18337
16179
16268
18338
16180
16269
18339
16181
16270
18340
16182
16271
18341
16183
16272
18342
16184
16273
18343
16185
16274
18344
16186
16275
18345
16187
16276
18346
16188
16277
18347
16189
16278
18348
16190
16279
18349
16191
16280
18350
16192
16281
18351
16193
16282
18352
16194
16283
18353
16195
16284
18354
16196
16285
18355
16197
16286
18356
16198
16287
18357
16199
16288
18358
16289
18359
16201
16290
18360
16202
16291
18361
16203
16292
18362
16204
16293
18363
16205
16294
18364
16206
16295
18365
16207
16296
18366
16208
16297
18367
16209
16298
18368
16210
16299
18369
16211
16300
18370
16212
16301
18371
16213
16302
18372
16214
16303
18373
16215
16304
18374
16216
16305
18375
16217
16306
18376
16218
16307
18377
16219
16308
18378
16220
16309
18379
16221
16310
18380
16222
16311
18381
16223
16312
18382
16224
16313
18383
16225
16314
18384
16226
16315
18385
16227
16316
18386
16228
16317
18387
16229
16318
18388
16230
16319
18389
16231
16320
18390
16232
16321
18391
16233
16322
18392
16234
16323
18393
16235
16324
18394
16236
16325
18395
16237
16326
18396
16238
16327
18397
16239
16328
18398
16240
16329
18399
16241
16330
18400
16242
16331
18401
16243
16332
18402
16244
16333
18403
16245
16334
18404
16246
16335
18405
16247
16336
18406
16248
16337
18407
16249
16338
18408
16250
16339
18409
16251
16340
18410
16252
16341
18411
16253
16342
18412
16254
16343
18413
16255
16344
18414
16256
16345
18415
16257
16346
18416
16258
16347
18417
16259
16348
18418
16260
16349
18419
16261
16350
18420
16262
16351
18421
16263
16352
18422
16264
16353
18423
16265
16354
18424
16266
16355
18425
16267
16356
18426
16268
16357
18427
16269
16358
18428
16270
16359
18429
16271
16360
18430
16272
16361
18431
16273
16362
18432
16274
16363
18433
16275
16364
18434
16276
16365
18435
16277
16366
18436
16278
16367
18437
16279
16368
18438
16280
16369
18439
16281
16370
18440
16282
16371
18441
16283
16372
18442
16284
16373
18443
16285
16374
18444
16286
16375
18445
16287
16376
18446
16288
16377
18447
16289
16378
18448
16379
18449
16291
16380
18450
16292
16381
18451
16293
16382
18452
16294
16383
18453
16295
16384
18454
16296
16385
18455
16297
16386
18456
16298
16387
18457
16299
16388
18458
16300
16389
18459
16301
16390
18460
16302
16391
18461
16303
16392
18462
16304
16393
18463
16305
16394
18464
16306
16395
18465
16307
16396
18466
16308
16397
18467
16309
16398
18468
16310
16399
18469
16311
16400
18470
16312
16401
18471
16313
16402
18472
16314
16403
18473
16315
16404
18474
16316
16405
18475
16317
16406
18476
16318
16407
18477
16319
16408
18478
16320
16409
18479
16321
16410
18480
16322
16411
18481
16323
16412
18482
16324
16413
18483
16325
16414
18484
16326
16415
18485
16327
16416
18486
16328
16417
18487
16329
16418
18488
16330
16419
18489
16331
16420
18490
16332
16421
18491
16333
16422
18492
16334
16423
18493
16335
16424
18494
16336
16425
18495
16337
16426
18496
16338
16427
18497
16339
16428
18498
16340
16429
18499
16341
16430
18500
16342
16431
18501
16343
16432
18502
16344
16433
18503
16345
16434
18504
16346
16435
18505
16347
16436
18506
16348
16437
18507
16349
16438
18508
16350
16439
18509
16351
16440
18510
16352
16441
18511
16353
16442
18512
16354
16443
18513
16355
16444
18514
16356
16445
18515
16357
16446
18516
16358
16447
18517
16359
16448
18518
16360
16449
18519
16361
16450
18520
16362
16451
18521
16363
16452
18522
16364
16453
18523
16365
16454
18524
16366
16455
18525
16367
16456
18526
16368
16457
18527
16369
16458
18528
16370
16459
18529
16371
16460
18530
16372
16461
18531
16373
16462
18532
16374
16463
18533
16375
16464
18534
16376
16465
18535
16377
16466
18536
16378
16467
18537
16379
16468
18538
16469
18539
16381
16470
18540
16382
16471
18541
16383
16472
18542
16384
16473
18543
16385
16474
18544
16386
16475
18545
16387
16476
18546
16388
16477
18547
16389
16478
18548
16390
16479
18549
16391
16480
18550
16392
16481
18551
16393
16482
18552
16394
16483
18553
16395
16484
18554
16396
16485
18555
16397
16486
18556
16398
16487
18557
16399
16488
18558
16400
16489
18559
16401
16490
18560
16402
16491
18561
16403
16492
18562
16404
16493
18563
16405
16494
18564
16406
16495
18565
16407
16496
18566
16408
16497
18567
16409
16498
18568
16410
16499
18569
16411
16500
18570
16412
16501
18571
16413
16502
18572
16414
16503
18573
16415
16504
18574
16416
16505
18575
16417
16506
18576
16418
16507
18577
16419
16508
18578
16420
16509
18579
16421
16510
18580
16422
16511
18581
16423
16512
18582
16424
16513
18583
16425
16514
18584
16426
16515
18585
16427
16516
18586
16428
16517
18587
16429
16518
18588
16430
16519
18589
16431
16520
18590
16432
16521
18591
16433
16522
18592
16434
16523
18593
16435
16524
18594
16436
16525
18595
16437
16526
18596
16438
16527
18597
16439
16528
18598
16440
16529
18599
16441
16530
18600
16442
16531
18601
16443
16532
18602
16444
16533
18603
16445
16534
18604
16446
16535
18605
16447
16536
18606
16448
16537
18607
16449
16538
18608
16450
16539
18609
16451
16540
18610
16452
16541
18611
16453
16542
18612
16454
16543
18613
16455
16544
18614
16456
16545
18615
16457
16546
18616
16458
16547
18617
16459
16548
18618
16460
16549
18619
16461
16550
18620
16462
16551
18621
16463
16552
18622
16464
16553
18623
16465
16554
18624
16466
16555
18625
16467
16556
18626
16468
16557
18627
16469
16558
18628
16559
18629
16471
16560
18630
16472
16561
18631
16473
16562
18632
16474
16563
18633
16475
16564
18634
16476
16565
18635
16477
16566
18636
16478
16567
18637
16479
16568
18638
16480
16569
18639
16481
16570
18640
16482
16571
18641
16483
16572
18642
16484
16573
18643
16485
16574
18644
16486
16575
18645
16487
16576
18646
16488
16577
18647
16489
16578
18648
16490
16579
18649
16491
16580
18650
16492
16581
18651
16493
16582
18652
16494
16583
18653
16495
16584
18654
16496
16585
18655
16497
16586
18656
16498
16587
18657
16499
16588
18658
16500
16589
18659
16501
16590
18660
16502
16591
18661
16503
16592
18662
16504
16593
18663
16505
16594
18664
16506
16595
18665
16507
16596
18666
16508
16597
18667
16509
16598
18668
16510
16599
18669
16511
16600
18670
16512
16601
18671
16513
16602
18672
16514
16603
18673
16515
16604
18674
16516
16605
18675
16517
16606
18676
16518
16607
18677
16519
16608
18678
16520
16609
18679
16521
16610
18680
16522
16611
18681
16523
16612
18682
16524
16613
18683
16525
16614
18684
16526
16615
18685
16527
16616
18686
16528
16617
18687
16529
16618
18688
16530
16619
18689
16531
16620
18690
16532
16621
18691
16533
16622
18692
16534
16623
18693
16535
16624
18694
16536
16625
18695
16537
16626
18696
16538
16627
18697
16539
16628
18698
16540
16629
18699
16541
16630
18700
16542
16631
18701
16543
16632
18702
16544
16633
18703
16545
16634
18704
16546
16635
18705
16547
16636
18706
16548
16637
18707
16549
16638
18708
16550
16639
18709
16551
16640
18710
16552
16641
18711
16553
16642
18712
16554
16643
18713
16555
16644
18714
16556
16645
18715
16557
16646
18716
16558
16647
18717
16559
16648
18718
16649
18719
16561
16650
18720
16562
16651
18721
16563
16652
18722
16564
16653
18723
16565
16654
18724
16566
16655
18725
16567
16656
18726
16568
16657
18727
16569
16658
18728
16570
16659
18729
16571
16660
18730
16572
16661
18731
16573
16662
18732
16574
16663
18733
16575
16664
18734
16576
16665
18735
16577
16666
18736
16578
16667
18737
16579
16668
18738
16580
16669
18739
16581
16670
18740
16582
16671
18741
16583
16672
18742
16584
16673
18743
16585
16674
18744
16586
16675
18745
16587
16676
18746
16588
16677
18747
16589
16678
18748
16590
16679
18749
16591
16680
18750
16592
16681
18751
16593
16682
18752
16594
16683
18753
16595
16684
18754
16596
16685
18755
16597
16686
18756
16598
16687
18757
16599
16688
18758
16600
16689
18759
16601
16690
18760
16602
16691
18761
16603
16692
18762
16604
16693
18763
16605
16694
18764
16606
16695
18765
16607
16696
18766
16608
16697
18767
16609
16698
18768
16610
16699
18769
16611
16700
18770
16612
16701
18771
16613
16702
18772
16614
16703
18773
16615
16704
18774
16616
16705
18775
16617
16706
18776
16618
16707
18777
16619
16708
18778
16620
16709
18779
16621
16710
18780
16622
16711
18781
16623
16712
18782
16624
16713
18783
16625
16714
18784
16626
16715
18785
16627
16716
18786
16628
16717
18787
16629
16718
18788
16630
16719
18789
16631
16720
18790
16632
16721
18791
16633
16722
18792
16634
16723
18793
16635
16724
18794
16636
16725
18795
16637
16726
18796
16638
16727
18797
16639
16728
18798
16640
16729
18799
16641
16730
18800
16642
16731
18801
16643
16732
18802
16644
16733
18803
16645
16734
18804
16646
16735
18805
16647
16736
18806
16648
16737
18807
16649
16738
18808
16739
18809
16651
16740
18810
16652
16741
18811
16653
16742
18812
16654
16743
18813
16655
16744
18814
16656
16745
18815
16657
16746
18816
16658
16747
18817
16659
16748
18818
16660
16749
18819
16661
16750
18820
16662
16751
18821
16663
16752
18822
16664
16753
18823
16665
16754
18824
16666
16755
18825
16667
16756
18826
16668
16757
18827
16669
16758
18828
16670
16759
18829
16671
16760
18830
16672
16761
18831
16673
16762
18832
16674
16763
18833
16675
16764
18834
16676
16765
18835
16677
16766
18836
16678
16767
18837
16679
16768
18838
16680
16769
18839
16681
16770
18840
16682
16771
18841
16683
16772
18842
16684
16773
18843
16685
16774
18844
16686
16775
18845
16687
16776
18846
16688
16777
18847
16689
16778
18848
16690
16779
18849
16691
16780
18850
16692
16781
18851
16693
16782
18852
16694
16783
18853
16695
16784
18854
16696
16785
18855
16697
16786
18856
16698
16787
18857
16699
16788
18858
16700
16789
18859
16701
16790
18860
16702
16791
18861
16703
16792
18862
16704
16793
18863
16705
16794
18864
16706
16795
18865
16707
16796
18866
16708
16797
18867
16709
16798
18868
16710
16799
18869
16711
16800
18870
16712
16801
18871
16713
16802
18872
16714
16803
18873
16715
16804
18874
16716
16805
18875
16717
16806
18876
16718
16807
18877
16719
16808
18878
16720
16809
18879
16721
16810
18880
16722
16811
18881
16723
16812
18882
16724
16813
18883
16725
16814
18884
16726
16815
18885
16727
16816
18886
16728
16817
18887
16729
16818
18888
16730
16819
18889
16731
16820
18890
16732
16821
18891
16733
16822
18892
16734
16823
18893
16735
16824
18894
16736
16825
18895
16737
16826
18896
16738
16827
18897
16739
16828
18898
16829
18899
16741
16830
18900
16742
16831
18901
16743
16832
18902
16744
16833
18903
16745
16834
18904
16746
16835
18905
16747
16836
18906
16748
16837
18907
16749
16838
18908
16750
16839
18909
16751
16840
18910
16752
16841
18911
16753
16842
18912
16754
16843
18913
16755
16844
18914
16756
16845
18915
16757
16846
18916
16758
16847
18917
16759
16848
18918
16760
16849
18919
16761
16850
18920
16762
16851
18921
16763
16852
18922
16764
16853
18923
16765
16854
18924
16766
16855
18925
16767
16856
18926
16768
16857
18927
16769
16858
18928
16770
16859
18929
16771
16860
18930
16772
16861
18931
16773
16862
18932
16774
16863
18933
16775
16864
18934
16776
16865
18935
16777
16866
18936
16778
16867
18937
16779
16868
18938
16780
16869
18939
16781
16870
18940
16782
16871
18941
16783
16872
18942
16784
16873
18943
16785
16874
18944
16786
16875
18945
16787
16876
18946
16788
16877
18947
16789
16878
18948
16790
16879
18949
16791
16880
18950
16792
16881
18951
16793
16882
18952
16794
16883
18953
16795
16884
18954
16796
16885
18955
16797
16886
18956
16798
16887
18957
16799
16888
18958
16800
16889
18959
16801
16890
18960
16802
16891
18961
16803
16892
18962
16804
16893
18963
16805
16894
18964
16806
16895
18965
16807
16896
18966
16808
16897
18967
16809
16898
18968
16810
16899
18969
16811
16900
18970
16812
16901
18971
16813
16902
18972
16814
16903
18973
16815
16904
18974
16816
16905
18975
16817
16906
18976
16818
16907
18977
16819
16908
18978
16820
16909
18979
16821
16910
18980
16822
16911
18981
16823
16912
18982
16824
16913
18983
16825
16914
18984
16826
16915
18985
16827
16916
18986
16828
16917
18987
16829
16918
18988
16919
18989
16831
16920
18990
16832
16921
18991
16833
16922
18992
16834
16923
18993
16835
16924
18994
16836
16925
18995
16837
16926
18996
16838
16927
18997
16839
16928
18998
16840
16929
18999
16841
16930
19000
16842
16931
19001
16843
16932
19002
16844
16933
19003
16845
16934
19004
16846
16935
19005
16847
16936
19006
16848
16937
19007
16849
16938
19008
16850
16939
19009
16851
16940
19010
16852
16941
19011
16853
16942
19012
16854
16943
19013
16855
16944
19014
16856
16945
19015
16857
16946
19016
16858
16947
19017
16859
16948
19018
16860
16949
19019
16861
16950
19020
16862
16951
19021
16863
16952
19022
16864
16953
19023
16865
16954
19024
16866
16955
19025
16867
16956
19026
16868
16957
19027
16869
16958
19028
16870
16959
19029
16871
16960
19030
16872
16961
19031
16873
16962
19032
16874
16963
19033
16875
16964
19034
16876
16965
19035
16877
16966
19036
16878
16967
19037
16879
16968
19038
16880
16969
19039
16881
16970
19040
16882
16971
19041
16883
16972
19042
16884
16973
19043
16885
16974
19044
16886
16975
19045
16887
16976
19046
16888
16977
19047
16889
16978
19048
16890
16979
19049
16891
16980
19050
16892
16981
19051
16893
16982
19052
16894
16983
19053
16895
16984
19054
16896
16985
19055
16897
16986
19056
16898
16987
19057
16899
16988
19058
16900
16989
19059
16901
16990
19060
16902
16991
19061
16903
16992
19062
16904
16993
19063
16905
16994
19064
16906
16995
19065
16907
16996
19066
16908
16997
19067
16909
16998
19068
16910
16999
19069
16911
17000
19070
16912
17001
19071
16913
17002
19072
16914
17003
19073
16915
17004
19074
16916
17005
19075
16917
17006
19076
16918
17007
19077
16919
17008
19078
17009
19079
16921
17010
19080
16922
17011
19081
16923
17012
19082
16924
17013
19083
16925
17014
19084
16926
17015
19085
16927
17016
19086
16928
17017
19087
16929
17018
19088
16930
17019
19089
16931
17020
19090
16932
17021
19091
16933
17022
19092
16934
17023
19093
16935
17024
19094
16936
17025
19095
16937
17026
19096
16938
17027
19097
16939
17028
19098
16940
17029
19099
16941
17030
19100
16942
17031
19101
16943
17032
19102
16944
17033
19103
16945
17034
19104
16946
17035
19105
16947
17036
19106
16948
17037
19107
16949
17038
19108
16950
17039
19109
16951
17040
19110
16952
17041
19111
16953
17042
19112
16954
17043
19113
16955
17044
19114
16956
17045
19115
16957
17046
19116
16958
17047
19117
16959
17048
19118
16960
17049
19119
16961
17050
19120
16962
17051
19121
16963
17052
19122
16964
17053
19123
16965
17054
19124
16966
17055
19125
16967
17056
19126
16968
17057
19127
16969
17058
19128
16970
17059
19129
16971
17060
19130
16972
17061
19131
16973
17062
19132
16974
17063
19133
16975
17064
19134
16976
17065
19135
16977
17066
19136
16978
17067
19137
16979
17068
19138
16980
17069
19139
16981
17070
19140
16982
17071
19141
16983
17072
19142
16984
17073
19143
16985
17074
19144
16986
17075
19145
16987
17076
19146
16988
17077
19147
16989
17078
19148
16990
17079
19149
16991
17080
19150
16992
17081
19151
16993
17082
19152
16994
17083
19153
16995
17084
19154
16996
17085
19155
16997
17086
19156
16998
17087
19157
16999
17088
19158
17000
17089
19159
17001
17090
19160
17002
17091
19161
17003
17092
19162
17004
17093
19163
17005
17094
19164
17006
17095
19165
17007
17096
19166
17008
17097
19167
17009
17098
19168
17099
19169
17011
17100
19170
17012
17101
19171
17013
17102
19172
17014
17103
19173
17015
17104
19174
17016
17105
19175
17017
17106
19176
17018
17107
19177
17019
17108
19178
17020
17109
19179
17021
17110
19180
17022
17111
19181
17023
17112
19182
17024
17113
19183
17025
17114
19184
17026
17115
19185
17027
17116
19186
17028
17117
19187
17029
17118
19188
17030
17119
19189
17031
17120
19190
17032
17121
19191
17033
17122
19192
17034
17123
19193
17035
17124
19194
17036
17125
19195
17037
17126
19196
17038
17127
19197
17039
17128
19198
17040
17129
19199
17041
17130
19200
17042
17131
19201
17043
17132
19202
17044
17133
19203
17045
17134
19204
17046
17135
19205
17047
17136
19206
17048
17137
19207
17049
17138
19208
17050
17139
19209
17051
17140
19210
17052
17141
19211
17053
17142
19212
17054
17143
19213
17055
17144
19214
17056
17145
19215
17057
17146
19216
17058
17147
19217
17059
17148
19218
17060
17149
19219
17061
17150
19220
17062
17151
19221
17063
17152
19222
17064
17153
19223
17065
17154
19224
17066
17155
19225
17067
17156
19226
17068
17157
19227
17069
17158
19228
17070
17159
19229
17071
17160
19230
17072
17161
19231
17073
17162
19232
17074
17163
19233
17075
17164
19234
17076
17165
19235
17077
17166
19236
17078
17167
19237
17079
17168
19238
17080
17169
19239
17081
17170
19240
17082
17171
19241
17083
17172
19242
17084
17173
19243
17085
17174
19244
17086
17175
19245
17087
17176
19246
17088
17177
19247
17089
17178
19248
17090
17179
19249
17091
17180
19250
17092
17181
19251
17093
17182
19252
17094
17183
19253
17095
17184
19254
17096
17185
19255
17097
17186
19256
17098
17187
19257
17099
17188
19258
17189
19259
17101
17190
19260
17102
17191
19261
17103
17192
19262
17104
17193
19263
17105
17194
19264
17106
17195
19265
17107
17196
19266
17108
17197
19267
17109
17198
19268
17110
17199
19269
17111
17200
19270
17112
17201
19271
17113
17202
19272
17114
17203
19273
17115
17204
19274
17116
17205
19275
17117
17206
19276
17118
17207
19277
17119
17208
19278
17120
17209
19279
17121
17210
19280
17122
17211
19281
17123
17212
19282
17124
17213
19283
17125
17214
19284
17126
17215
19285
17127
17216
19286
17128
17217
19287
17129
17218
19288
17130
17219
19289
17131
17220
19290
17132
17221
19291
17133
17222
19292
17134
17223
19293
17135
17224
19294
17136
17225
19295
17137
17226
19296
17138
17227
19297
17139
17228
19298
17140
17229
19299
17141
17230
19300
17142
17231
19301
17143
17232
19302
17144
17233
19303
17145
17234
19304
17146
17235
19305
17147
17236
19306
17148
17237
19307
17149
17238
19308
17150
17239
19309
17151
17240
19310
17152
17241
19311
17153
17242
19312
17154
17243
19313
17155
17244
19314
17156
17245
19315
17157
17246
19316
17158
17247
19317
17159
17248
19318
17160
17249
19319
17161
17250
19320
17162
17251
19321
17163
17252
19322
17164
17253
19323
17165
17254
19324
17166
17255
19325
17167
17256
19326
17168
17257
19327
17169
17258
19328
17170
17259
19329
17171
17260
19330
17172
17261
19331
17173
17262
19332
17174
17263
19333
17175
17264
19334
17176
17265
19335
17177
17266
19336
17178
17267
19337
17179
17268
19338
17180
17269
19339
17181
17270
19340
17182
17271
19341
17183
17272
19342
17184
17273
19343
17185
17274
19344
17186
17275
19345
17187
17276
19346
17188
17277
19347
17189
17278
19348
17279
19349
17191
19350
17192
19351
17193
19352
17194
19353
17195
19354
17196
19355
17197
19356
17198
19357
17199
19358
17200
19359
17201
19360
17202
19361
17203
19362
17204
19363
17205
19364
17206
19365
17207
19366
17208
19367
17209
19368
17210
19369
17211
19370
17212
19371
17213
19372
17214
19373
17215
19374
17216
19375
17217
19376
17218
19377
17219
19378
17220
19379
17221
19380
17222
19381
17223
19382
17224
19383
17225
19384
17226
19385
17227
19386
17228
19387
17229
19388
17230
19389
17231
19390
17232
19391
17233
19392
17234
19393
17235
19394
17236
19395
17237
19396
17238
19397
17239
19398
17240
19399
17241
19400
17242
19401
17243
19402
17244
19403
17245
19404
17246
19405
17247
19406
17248
19407
17249
19408
17250
19409
17251
19410
17252
19411
17253
19412
17254
19413
17255
19414
17256
19415
17257
19416
17258
19417
17259
19418
17260
19419
17261
19420
17262
19421
17263
19422
17264
19423
17265
19424
17266
19425
17267
19426
17268
19427
17269
19428
17270
19429
17271
19430
17272
19431
17273
19432
17274
19433
17275
19434
17276
19435
17277
19436
17278
19437
17279
19438
19439
17281
17370
19440
17282
17371
19441
17283
17372
19442
17284
17373
19443
17285
17374
19444
17286
17375
19445
17287
17376
19446
17288
17377
19447
17289
17378
19448
17290
17379
19449
17291
17380
19450
17292
17381
19451
17293
17382
19452
17294
17383
19453
17295
17384
19454
17296
17385
19455
17297
17386
19456
17298
17387
19457
17299
17388
19458
17300
17389
19459
17301
17390
19460
17302
17391
19461
17303
17392
19462
17304
17393
19463
17305
17394
19464
17306
17395
19465
17307
17396
19466
17308
17397
19467
17309
17398
19468
17310
17399
19469
17311
17400
19470
17312
17401
19471
17313
17402
19472
17314
17403
19473
17315
17404
19474
17316
17405
19475
17317
17406
19476
17318
17407
19477
17319
17408
19478
17320
17409
19479
17321
17410
19480
17322
17411
19481
17323
17412
19482
17324
17413
19483
17325
17414
19484
17326
17415
19485
17327
17416
19486
17328
17417
19487
17329
17418
19488
17330
17419
19489
17331
17420
19490
17332
17421
19491
17333
17422
19492
17334
17423
19493
17335
17424
19494
17336
17425
19495
17337
17426
19496
17338
17427
19497
17339
17428
19498
17340
17429
19499
17341
17430
19500
17342
17431
19501
17343
17432
19502
17344
17433
19503
17345
17434
19504
17346
17435
19505
17347
17436
19506
17348
17437
19507
17349
17438
19508
17350
17439
19509
17351
17440
19510
17352
17441
19511
17353
17442
19512
17354
17443
19513
17355
17444
19514
17356
17445
19515
17357
17446
19516
17358
17447
19517
17359
17448
19518
17360
17449
19519
17361
17450
19520
17362
17451
19521
17363
17452
19522
17364
17453
19523
17365
17454
19524
17366
17455
19525
17367
17456
19526
17368
17457
19527
17369
17458
19528
17459
19529
17371
17460
19530
17372
17461
19531
17373
17462
19532
17374
17463
19533
17375
17464
19534
17376
17465
19535
17377
17466
19536
17378
17467
19537
17379
17468
19538
17380
17469
19539
17381
17470
19540
17382
17471
19541
17383
17472
19542
17384
17473
19543
17385
17474
19544
17386
17475
19545
17387
17476
19546
17388
17477
19547
17389
17478
19548
17390
17479
19549
17391
17480
19550
17392
17481
19551
17393
17482
19552
17394
17483
19553
17395
17484
19554
17396
17485
19555
17397
17486
19556
17398
17487
19557
17399
17488
19558
17400
17489
19559
17401
17490
19560
17402
17491
19561
17403
17492
19562
17404
17493
19563
17405
17494
19564
17406
17495
19565
17407
17496
19566
17408
17497
19567
17409
17498
19568
17410
17499
19569
17411
17500
19570
17412
17501
19571
17413
17502
19572
17414
17503
19573
17415
17504
19574
17416
17505
19575
17417
17506
19576
17418
17507
19577
17419
17508
19578
17420
17509
19579
17421
17510
19580
17422
17511
19581
17423
17512
19582
17424
17513
19583
17425
17514
19584
17426
17515
19585
17427
17516
19586
17428
17517
19587
17429
17518
19588
17430
17519
19589
17431
17520
19590
17432
17521
19591
17433
17522
19592
17434
17523
19593
17435
17524
19594
17436
17525
19595
17437
17526
19596
17438
17527
19597
17439
17528
19598
17440
17529
19599
17441
17530
19600
17442
17531
19601
17443
17532
19602
17444
17533
19603
17445
17534
19604
17446
17535
19605
17447
17536
19606
17448
17537
19607
17449
17538
19608
17450
17539
19609
17451
17540
19610
17452
17541
19611
17453
17542
19612
17454
17543
19613
17455
17544
19614
17456
17545
19615
17457
17546
19616
17458
17547
19617
17459
17548
19618
17549
19619
17461
17550
19620
17462
17551
19621
17463
17552
19622
17464
17553
19623
17465
17554
19624
17466
17555
19625
17467
17556
19626
17468
17557
19627
17469
17558
19628
17470
17559
19629
17471
17560
19630
17472
17561
19631
17473
17562
19632
17474
17563
19633
17475
17564
19634
17476
17565
19635
17477
17566
19636
17478
17567
19637
17479
17568
19638
17480
17569
19639
17481
17570
19640
17482
17571
19641
17483
17572
19642
17484
17573
19643
17485
17574
19644
17486
17575
19645
17487
17576
19646
17488
17577
19647
17489
17578
19648
17490
17579
19649
17491
17580
19650
17492
17581
19651
17493
17582
19652
17494
17583
19653
17495
17584
19654
17496
17585
19655
17497
17586
19656
17498
17587
19657
17499
17588
19658
17500
17589
19659
17501
17590
19660
17502
17591
19661
17503
17592
19662
17504
17593
19663
17505
17594
19664
17506
17595
19665
17507
17596
19666
17508
17597
19667
17509
17598
19668
17510
17599
19669
17511
17600
19670
17512
17601
19671
17513
17602
19672
17514
17603
19673
17515
17604
19674
17516
17605
19675
17517
17606
19676
17518
17607
19677
17519
17608
19678
17520
17609
19679
17521
17610
19680
17522
17611
19681
17523
17612
19682
17524
17613
19683
17525
17614
19684
17526
17615
19685
17527
17616
19686
17528
17617
19687
17529
17618
19688
17530
17619
19689
17531
17620
19690
17532
17621
19691
17533
17622
19692
17534
17623
19693
17535
17624
19694
17536
17625
19695
17537
17626
19696
17538
17627
19697
17539
17628
19698
17540
17629
19699
17541
17630
19700
17542
17631
19701
17543
17632
19702
17544
17633
19703
17545
17634
19704
17546
17635
19705
17547
17636
19706
17548
17637
19707
17549
17638
19708
17639
19709
17551
17640
19710
17552
17641
19711
17553
17642
19712
17554
17643
19713
17555
17644
19714
17556
17645
19715
17557
17646
19716
17558
17647
19717
17559
17648
19718
17560
17649
19719
17561
17650
19720
17562
17651
19721
17563
17652
19722
17564
17653
19723
17565
17654
19724
17566
17655
19725
17567
17656
19726
17568
17657
19727
17569
17658
19728
17570
17659
19729
17571
17660
19730
17572
17661
19731
17573
17662
19732
17574
17663
19733
17575
17664
19734
17576
17665
19735
17577
17666
19736
17578
17667
19737
17579
17668
19738
17580
17669
19739
17581
17670
19740
17582
17671
19741
17583
17672
19742
17584
17673
19743
17585
17674
19744
17586
17675
19745
17587
17676
19746
17588
17677
19747
17589
17678
19748
17590
17679
19749
17591
17680
19750
17592
17681
19751
17593
17682
19752
17594
17683
19753
17595
17684
19754
17596
17685
19755
17597
17686
19756
17598
17687
19757
17599
17688
19758
17600
17689
19759
17601
17690
19760
17602
17691
19761
17603
17692
19762
17604
17693
19763
17605
17694
19764
17606
17695
19765
17607
17696
19766
17608
17697
19767
17609
17698
19768
17610
17699
19769
17611
17700
19770
17612
17701
19771
17613
17702
19772
17614
17703
19773
17615
17704
19774
17616
17705
19775
17617
17706
19776
17618
17707
19777
17619
17708
19778
17620
17709
19779
17621
17710
19780
17622
17711
19781
17623
17712
19782
17624
17713
19783
17625
17714
19784
17626
17715
19785
17627
17716
19786
17628
17717
19787
17629
17718
19788
17630
17719
19789
17631
17720
19790
17632
17721
19791
17633
17722
19792
17634
17723
19793
17635
17724
19794
17636
17725
19795
17637
17726
19796
17638
17727
19797
17639
17728
19798
17729
19799
17641
17730
19800
17642
17731
19801
17643
17732
19802
17644
17733
19803
17645
17734
19804
17646
17735
19805
17647
17736
19806
17648
17737
19807
17649
17738
19808
17650
17739
19809
17651
17740
19810
17652
17741
19811
17653
17742
19812
17654
17743
19813
17655
17744
19814
17656
17745
19815
17657
17746
19816
17658
17747
19817
17659
17748
19818
17660
17749
19819
17661
17750
19820
17662
17751
19821
17663
17752
19822
17664
17753
19823
17665
17754
19824
17666
17755
19825
17667
17756
19826
17668
17757
19827
17669
17758
19828
17670
17759
19829
17671
17760
19830
17672
17761
19831
17673
17762
19832
17674
17763
19833
17675
17764
19834
17676
17765
19835
17677
17766
19836
17678
17767
19837
17679
17768
19838
17680
17769
19839
17681
17770
19840
17682
17771
19841
17683
17772
19842
17684
17773
19843
17685
17774
19844
17686
17775
19845
17687
17776
19846
17688
17777
19847
17689
17778
19848
17690
17779
19849
17691
17780
19850
17692
17781
19851
17693
17782
19852
17694
17783
19853
17695
17784
19854
17696
17785
19855
17697
17786
19856
17698
17787
19857
17699
17788
19858
17700
17789
19859
17701
17790
19860
17702
17791
19861
17703
17792
19862
17704
17793
19863
17705
17794
19864
17706
17795
19865
17707
17796
19866
17708
17797
19867
17709
17798
19868
17710
17799
19869
17711
17800
19870
17712
17801
19871
17713
17802
19872
17714
17803
19873
17715
17804
19874
17716
17805
19875
17717
17806
19876
17718
17807
19877
17719
17808
19878
17720
17809
19879
17721
17810
19880
17722
17811
19881
17723
17812
19882
17724
17813
19883
17725
17814
19884
17726
17815
19885
17727
17816
19886
17728
17817
19887
17729
17818
19888
17819
19889
17731
17820
19890
17732
17821
19891
17733
17822
19892
17734
17823
19893
17735
17824
19894
17736
17825
19895
17737
17826
19896
17738
17827
19897
17739
17828
19898
17740
17829
19899
17741
17830
19900
17742
17831
19901
17743
17832
19902
17744
17833
19903
17745
17834
19904
17746
17835
19905
17747
17836
19906
17748
17837
19907
17749
17838
19908
17750
17839
19909
17751
17840
19910
17752
17841
19911
17753
17842
19912
17754
17843
19913
17755
17844
19914
17756
17845
19915
17757
17846
19916
17758
17847
19917
17759
17848
19918
17760
17849
19919
17761
17850
19920
17762
17851
19921
17763
17852
19922
17764
17853
19923
17765
17854
19924
17766
17855
19925
17767
17856
19926
17768
17857
19927
17769
17858
19928
17770
17859
19929
17771
17860
19930
17772
17861
19931
17773
17862
19932
17774
17863
19933
17775
17864
19934
17776
17865
19935
17777
17866
19936
17778
17867
19937
17779
17868
19938
17780
17869
19939
17781
17870
19940
17782
17871
19941
17783
17872
19942
17784
17873
19943
17785
17874
19944
17786
17875
19945
17787
17876
19946
17788
17877
19947
17789
17878
19948
17790
17879
19949
17791
17880
19950
17792
17881
19951
17793
17882
19952
17794
17883
19953
17795
17884
19954
17796
17885
19955
17797
17886
19956
17798
17887
19957
17799
17888
19958
17800
17889
19959
17801
17890
19960
17802
17891
19961
17803
17892
19962
17804
17893
19963
17805
17894
19964
17806
17895
19965
17807
17896
19966
17808
17897
19967
17809
17898
19968
17810
17899
19969
17811
17900
19970
17812
17901
19971
17813
17902
19972
17814
17903
19973
17815
17904
19974
17816
17905
19975
17817
17906
19976
17818
17907
19977
17819
17908
19978
17909
19979
17821
17910
19980
17822
17911
19981
17823
17912
19982
17824
17913
19983
17825
17914
19984
17826
17915
19985
17827
17916
19986
17828
17917
19987
17829
17918
19988
17830
17919
19989
17831
17920
19990
17832
17921
19991
17833
17922
19992
17834
17923
19993
17835
17924
19994
17836
17925
19995
17837
17926
19996
17838
17927
19997
17839
17928
19998
17840
17929
19999
17841
17930
20000
17842
17931
20001
17843
17932
20002
17844
17933
20003
17845
17934
20004
17846
17935
20005
17847
17936
20006
17848
17937
20007
17849
17938
20008
17850
17939
20009
17851
17940
20010
17852
17941
20011
17853
17942
20012
17854
17943
20013
17855
17944
20014
17856
17945
20015
17857
17946
20016
17858
17947
20017
17859
17948
20018
17860
17949
20019
17861
17950
20020
17862
17951
20021
17863
17952
20022
17864
17953
20023
17865
17954
20024
17866
17955
20025
17867
17956
20026
17868
17957
20027
17869
17958
20028
17870
17959
20029
17871
17960
20030
17872
17961
20031
17873
17962
20032
17874
17963
20033
17875
17964
20034
17876
17965
20035
17877
17966
20036
17878
17967
20037
17879
17968
20038
17880
17969
20039
17881
17970
20040
17882
17971
20041
17883
17972
20042
17884
17973
20043
17885
17974
20044
17886
17975
20045
17887
17976
20046
17888
17977
20047
17889
17978
20048
17890
17979
20049
17891
17980
20050
17892
17981
20051
17893
17982
20052
17894
17983
20053
17895
17984
20054
17896
17985
20055
17897
17986
20056
17898
17987
20057
17899
17988
20058
17900
17989
20059
17901
17990
20060
17902
17991
20061
17903
17992
20062
17904
17993
20063
17905
17994
20064
17906
17995
20065
17907
17996
20066
17908
17997
20067
17909
17998
20068
17999
20069
17911
18000
20070
17912
18001
20071
17913
18002
20072
17914
18003
20073
17915
18004
20074
17916
18005
20075
17917
18006
20076
17918
18007
20077
17919
18008
20078
17920
18009
20079
17921
18010
20080
17922
18011
20081
17923
18012
20082
17924
18013
20083
17925
18014
20084
17926
18015
20085
17927
18016
20086
17928
18017
20087
17929
18018
20088
17930
18019
20089
17931
18020
20090
17932
18021
20091
17933
18022
20092
17934
18023
20093
17935
18024
20094
17936
18025
20095
17937
18026
20096
17938
18027
20097
17939
18028
20098
17940
18029
20099
17941
18030
20100
17942
18031
20101
17943
18032
20102
17944
18033
20103
17945
18034
20104
17946
18035
20105
17947
18036
20106
17948
18037
20107
17949
18038
20108
17950
18039
20109
17951
18040
20110
17952
18041
20111
17953
18042
20112
17954
18043
20113
17955
18044
20114
17956
18045
20115
17957
18046
20116
17958
18047
20117
17959
18048
20118
17960
18049
20119
17961
18050
20120
17962
18051
20121
17963
18052
20122
17964
18053
20123
17965
18054
20124
17966
18055
20125
17967
18056
20126
17968
18057
20127
17969
18058
20128
17970
18059
20129
17971
18060
20130
17972
18061
20131
17973
18062
20132
17974
18063
20133
17975
18064
20134
17976
18065
20135
17977
18066
20136
17978
18067
20137
17979
18068
20138
17980
18069
20139
17981
18070
20140
17982
18071
20141
17983
18072
20142
17984
18073
20143
17985
18074
20144
17986
18075
20145
17987
18076
20146
17988
18077
20147
17989
18078
20148
17990
18079
20149
17991
18080
20150
17992
18081
20151
17993
18082
20152
17994
18083
20153
17995
18084
20154
17996
18085
20155
17997
18086
20156
17998
18087
20157
17999
18088
20158
18089
20159
18001
18090
20160
18002
18091
20161
18003
18092
20162
18004
18093
20163
18005
18094
20164
18006
18095
20165
18007
18096
20166
18008
18097
20167
18009
18098
20168
18010
18099
20169
18011
18100
20170
18012
18101
20171
18013
18102
20172
18014
18103
20173
18015
18104
20174
18016
18105
20175
18017
18106
20176
18018
18107
20177
18019
18108
20178
18020
18109
20179
18021
18110
20180
18022
18111
20181
18023
18112
20182
18024
18113
20183
18025
18114
20184
18026
18115
20185
18027
18116
20186
18028
18117
20187
18029
18118
20188
18030
18119
20189
18031
18120
20190
18032
18121
20191
18033
18122
20192
18034
18123
20193
18035
18124
20194
18036
18125
20195
18037
18126
20196
18038
18127
20197
18039
18128
20198
18040
18129
20199
18041
18130
20200
18042
18131
20201
18043
18132
20202
18044
18133
20203
18045
18134
20204
18046
18135
20205
18047
18136
20206
18048
18137
20207
18049
18138
20208
18050
18139
20209
18051
18140
20210
18052
18141
20211
18053
18142
20212
18054
18143
20213
18055
18144
20214
18056
18145
20215
18057
18146
20216
18058
18147
20217
18059
18148
20218
18060
18149
20219
18061
18150
20220
18062
18151
20221
18063
18152
20222
18064
18153
20223
18065
18154
20224
18066
18155
20225
18067
18156
20226
18068
18157
20227
18069
18158
20228
18070
18159
20229
18071
18160
20230
18072
18161
20231
18073
18162
20232
18074
18163
20233
18075
18164
20234
18076
18165
20235
18077
18166
20236
18078
18167
20237
18079
18168
20238
18080
18169
20239
18081
18170
20240
18082
18171
20241
18083
18172
20242
18084
18173
20243
18085
18174
20244
18086
18175
20245
18087
18176
20246
18088
18177
20247
18089
18178
20248
18179
20249
18091
18180
20250
18092
18181
20251
18093
18182
20252
18094
18183
20253
18095
18184
20254
18096
18185
20255
18097
18186
20256
18098
18187
20257
18099
18188
20258
18100
18189
20259
18101
18190
20260
18102
18191
20261
18103
18192
20262
18104
18193
20263
18105
18194
20264
18106
18195
20265
18107
18196
20266
18108
18197
20267
18109
18198
20268
18110
18199
20269
18111
18200
20270
18112
18201
20271
18113
18202
20272
18114
18203
20273
18115
18204
20274
18116
18205
20275
18117
18206
20276
18118
18207
20277
18119
18208
20278
18120
18209
20279
18121
18210
20280
18122
18211
20281
18123
18212
20282
18124
18213
20283
18125
18214
20284
18126
18215
20285
18127
18216
20286
18128
18217
20287
18129
18218
20288
18130
18219
20289
18131
18220
20290
18132
18221
20291
18133
18222
20292
18134
18223
20293
18135
18224
20294
18136
18225
20295
18137
18226
20296
18138
18227
20297
18139
18228
20298
18140
18229
20299
18141
18230
20300
18142
18231
20301
18143
18232
20302
18144
18233
20303
18145
18234
20304
18146
18235
20305
18147
18236
20306
18148
18237
20307
18149
18238
20308
18150
18239
20309
18151
18240
20310
18152
18241
20311
18153
18242
20312
18154
18243
20313
18155
18244
20314
18156
18245
20315
18157
18246
20316
18158
18247
20317
18159
18248
20318
18160
18249
20319
18161
18250
20320
18162
18251
20321
18163
18252
20322
18164
18253
20323
18165
18254
20324
18166
18255
20325
18167
18256
20326
18168
18257
20327
18169
18258
20328
18170
18259
20329
18171
18260
20330
18172
18261
20331
18173
18262
20332
18174
18263
20333
18175
18264
20334
18176
18265
20335
18177
18266
20336
18178
18267
20337
18179
18268
20338
18269
20339
18181
18270
20340
18182
18271
20341
18183
18272
20342
18184
18273
20343
18185
18274
20344
18186
18275
20345
18187
18276
20346
18188
18277
20347
18189
18278
20348
18190
18279
20349
18191
18280
20350
18192
18281
20351
18193
18282
20352
18194
18283
20353
18195
18284
20354
18196
18285
20355
18197
18286
20356
18198
18287
20357
18199
18288
20358
18200
18289
20359
18201
18290
20360
18202
18291
20361
18203
18292
20362
18204
18293
20363
18205
18294
20364
18206
18295
20365
18207
18296
20366
18208
18297
20367
18209
18298
20368
18210
18299
20369
18211
18300
20370
18212
18301
20371
18213
18302
20372
18214
18303
20373
18215
18304
20374
18216
18305
20375
18217
18306
20376
18218
18307
20377
18219
18308
20378
18220
18309
20379
18221
18310
20380
18222
18311
20381
18223
18312
20382
18224
18313
20383
18225
18314
20384
18226
18315
20385
18227
18316
20386
18228
18317
20387
18229
18318
20388
18230
18319
20389
18231
18320
20390
18232
18321
20391
18233
18322
20392
18234
18323
20393
18235
18324
20394
18236
18325
20395
18237
18326
20396
18238
18327
20397
18239
18328
20398
18240
18329
20399
18241
18330
20400
18242
18331
20401
18243
18332
20402
18244
18333
20403
18245
18334
20404
18246
18335
20405
18247
18336
20406
18248
18337
20407
18249
18338
20408
18250
18339
20409
18251
18340
20410
18252
18341
20411
18253
18342
20412
18254
18343
20413
18255
18344
20414
18256
18345
20415
18257
18346
20416
18258
18347
20417
18259
18348
20418
18260
18349
20419
18261
18350
20420
18262
18351
20421
18263
18352
20422
18264
18353
20423
18265
18354
20424
18266
18355
20425
18267
18356
20426
18268
18357
20427
18269
18358
20428
18359
20429
18271
18360
20430
18272
18361
20431
18273
18362
20432
18274
18363
20433
18275
18364
20434
18276
18365
20435
18277
18366
20436
18278
18367
20437
18279
18368
20438
18280
18369
20439
18281
18370
20440
18282
18371
20441
18283
18372
20442
18284
18373
20443
18285
18374
20444
18286
18375
20445
18287
18376
20446
18288
18377
20447
18289
18378
20448
18290
18379
20449
18291
18380
20450
18292
18381
20451
18293
18382
20452
18294
18383
20453
18295
18384
20454
18296
18385
20455
18297
18386
20456
18298
18387
20457
18299
18388
20458
18300
18389
20459
18301
18390
20460
18302
18391
20461
18303
18392
20462
18304
18393
20463
18305
18394
20464
18306
18395
20465
18307
18396
20466
18308
18397
20467
18309
18398
20468
18310
18399
20469
18311
18400
20470
18312
18401
20471
18313
18402
20472
18314
18403
20473
18315
18404
20474
18316
18405
20475
18317
18406
20476
18318
18407
20477
18319
18408
20478
18320
18409
20479
18321
18410
20480
18322
18411
20481
18323
18412
20482
18324
18413
20483
18325
18414
20484
18326
18415
20485
18327
18416
20486
18328
18417
20487
18329
18418
20488
18330
18419
20489
18331
18420
20490
18332
18421
20491
18333
18422
20492
18334
18423
20493
18335
18424
20494
18336
18425
20495
18337
18426
20496
18338
18427
20497
18339
18428
20498
18340
18429
20499
18341
18430
20500
18342
18431
20501
18343
18432
20502
18344
18433
20503
18345
18434
20504
18346
18435
20505
18347
18436
20506
18348
18437
20507
18349
18438
20508
18350
18439
20509
18351
18440
20510
18352
18441
20511
18353
18442
20512
18354
18443
20513
18355
18444
20514
18356
18445
20515
18357
18446
20516
18358
18447
20517
18359
18448
20518
18449
20519
18361
18450
20520
18362
18451
20521
18363
18452
20522
18364
18453
20523
18365
18454
20524
18366
18455
20525
18367
18456
20526
18368
18457
20527
18369
18458
20528
18370
18459
20529
18371
18460
20530
18372
18461
20531
18373
18462
20532
18374
18463
20533
18375
18464
20534
18376
18465
20535
18377
18466
20536
18378
18467
20537
18379
18468
20538
18380
18469
20539
18381
18470
20540
18382
18471
20541
18383
18472
20542
18384
18473
20543
18385
18474
20544
18386
18475
20545
18387
18476
20546
18388
18477
20547
18389
18478
20548
18390
18479
20549
18391
18480
20550
18392
18481
20551
18393
18482
20552
18394
18483
20553
18395
18484
20554
18396
18485
20555
18397
18486
20556
18398
18487
20557
18399
18488
20558
18400
18489
20559
18401
18490
20560
18402
18491
20561
18403
18492
20562
18404
18493
20563
18405
18494
20564
18406
18495
20565
18407
18496
20566
18408
18497
20567
18409
18498
20568
18410
18499
20569
18411
18500
20570
18412
18501
20571
18413
18502
20572
18414
18503
20573
18415
18504
20574
18416
18505
20575
18417
18506
20576
18418
18507
20577
18419
18508
20578
18420
18509
20579
18421
18510
20580
18422
18511
20581
18423
18512
20582
18424
18513
20583
18425
18514
20584
18426
18515
20585
18427
18516
20586
18428
18517
20587
18429
18518
20588
18430
18519
20589
18431
18520
20590
18432
18521
20591
18433
18522
20592
18434
18523
20593
18435
18524
20594
18436
18525
20595
18437
18526
20596
18438
18527
20597
18439
18528
20598
18440
18529
20599
18441
18530
20600
18442
18531
20601
18443
18532
20602
18444
18533
20603
18445
18534
20604
18446
18535
20605
18447
18536
20606
18448
18537
20607
18449
18538
20608
18539
20609
18451
18540
20610
18452
18541
20611
18453
18542
20612
18454
18543
20613
18455
18544
20614
18456
18545
20615
18457
18546
20616
18458
18547
20617
18459
18548
20618
18460
18549
20619
18461
18550
20620
18462
18551
20621
18463
18552
20622
18464
18553
20623
18465
18554
20624
18466
18555
20625
18467
18556
20626
18468
18557
20627
18469
18558
20628
18470
18559
20629
18471
18560
20630
18472
18561
20631
18473
18562
20632
18474
18563
20633
18475
18564
20634
18476
18565
20635
18477
18566
20636
18478
18567
20637
18479
18568
20638
18480
18569
20639
18481
18570
20640
18482
18571
20641
18483
18572
20642
18484
18573
20643
18485
18574
20644
18486
18575
20645
18487
18576
20646
18488
18577
20647
18489
18578
20648
18490
18579
20649
18491
18580
20650
18492
18581
20651
18493
18582
20652
18494
18583
20653
18495
18584
20654
18496
18585
20655
18497
18586
20656
18498
18587
20657
18499
18588
20658
18500
18589
20659
18501
18590
20660
18502
18591
20661
18503
18592
20662
18504
18593
20663
18505
18594
20664
18506
18595
20665
18507
18596
20666
18508
18597
20667
18509
18598
20668
18510
18599
20669
18511
18600
20670
18512
18601
20671
18513
18602
20672
18514
18603
20673
18515
18604
20674
18516
18605
20675
18517
18606
20676
18518
18607
20677
18519
18608
20678
18520
18609
20679
18521
18610
20680
18522
18611
20681
18523
18612
20682
18524
18613
20683
18525
18614
20684
18526
18615
20685
18527
18616
20686
18528
18617
20687
18529
18618
20688
18530
18619
20689
18531
18620
20690
18532
18621
20691
18533
18622
20692
18534
18623
20693
18535
18624
20694
18536
18625
20695
18537
18626
20696
18538
18627
20697
18539
18628
20698
18629
20699
18541
18630
20700
18542
18631
20701
18543
18632
20702
18544
18633
20703
18545
18634
20704
18546
18635
20705
18547
18636
20706
18548
18637
20707
18549
18638
20708
18550
18639
20709
18551
18640
20710
18552
18641
20711
18553
18642
20712
18554
18643
20713
18555
18644
20714
18556
18645
20715
18557
18646
20716
18558
18647
20717
18559
18648
20718
18560
18649
20719
18561
18650
20720
18562
18651
20721
18563
18652
20722
18564
18653
20723
18565
18654
20724
18566
18655
20725
18567
18656
20726
18568
18657
20727
18569
18658
20728
18570
18659
20729
18571
18660
20730
18572
18661
20731
18573
18662
20732
18574
18663
20733
18575
18664
20734
18576
18665
20735
18577
18666
20736
18578
18667
20737
18579
18668
20738
18580
18669
20739
18581
18670
20740
18582
18671
20741
18583
18672
20742
18584
18673
20743
18585
18674
20744
18586
18675
20745
18587
18676
20746
18588
18677
20747
18589
18678
20748
18590
18679
20749
18591
18680
20750
18592
18681
20751
18593
18682
20752
18594
18683
20753
18595
18684
20754
18596
18685
20755
18597
18686
20756
18598
18687
20757
18599
18688
20758
18600
18689
20759
18601
18690
20760
18602
18691
20761
18603
18692
20762
18604
18693
20763
18605
18694
20764
18606
18695
20765
18607
18696
20766
18608
18697
20767
18609
18698
20768
18610
18699
20769
18611
18700
20770
18612
18701
20771
18613
18702
20772
18614
18703
20773
18615
18704
20774
18616
18705
20775
18617
18706
20776
18618
18707
20777
18619
18708
20778
18620
18709
20779
18621
18710
20780
18622
18711
20781
18623
18712
20782
18624
18713
20783
18625
18714
20784
18626
18715
20785
18627
18716
20786
18628
18717
20787
18629
18718
20788
18719
20789
18631
18720
20790
18632
18721
20791
18633
18722
20792
18634
18723
20793
18635
18724
20794
18636
18725
20795
18637
18726
20796
18638
18727
20797
18639
18728
20798
18640
18729
20799
18641
18730
20800
18642
18731
20801
18643
18732
20802
18644
18733
20803
18645
18734
20804
18646
18735
20805
18647
18736
20806
18648
18737
20807
18649
18738
20808
18650
18739
20809
18651
18740
20810
18652
18741
20811
18653
18742
20812
18654
18743
20813
18655
18744
20814
18656
18745
20815
18657
18746
20816
18658
18747
20817
18659
18748
20818
18660
18749
20819
18661
18750
20820
18662
18751
20821
18663
18752
20822
18664
18753
20823
18665
18754
20824
18666
18755
20825
18667
18756
20826
18668
18757
20827
18669
18758
20828
18670
18759
20829
18671
18760
20830
18672
18761
20831
18673
18762
20832
18674
18763
20833
18675
18764
20834
18676
18765
20835
18677
18766
20836
18678
18767
20837
18679
18768
20838
18680
18769
20839
18681
18770
20840
18682
18771
20841
18683
18772
20842
18684
18773
20843
18685
18774
20844
18686
18775
20845
18687
18776
20846
18688
18777
20847
18689
18778
20848
18690
18779
20849
18691
18780
20850
18692
18781
20851
18693
18782
20852
18694
18783
20853
18695
18784
20854
18696
18785
20855
18697
18786
20856
18698
18787
20857
18699
18788
20858
18700
18789
20859
18701
18790
20860
18702
18791
20861
18703
18792
20862
18704
18793
20863
18705
18794
20864
18706
18795
20865
18707
18796
20866
18708
18797
20867
18709
18798
20868
18710
18799
20869
18711
18800
20870
18712
18801
20871
18713
18802
20872
18714
18803
20873
18715
18804
20874
18716
18805
20875
18717
18806
20876
18718
18807
20877
18719
18808
20878
18809
20879
18721
18810
20880
18722
18811
20881
18723
18812
20882
18724
18813
20883
18725
18814
20884
18726
18815
20885
18727
18816
20886
18728
18817
20887
18729
18818
20888
18730
18819
20889
18731
18820
20890
18732
18821
20891
18733
18822
20892
18734
18823
20893
18735
18824
20894
18736
18825
20895
18737
18826
20896
18738
18827
20897
18739
18828
20898
18740
18829
20899
18741
18830
20900
18742
18831
20901
18743
18832
20902
18744
18833
20903
18745
18834
20904
18746
18835
20905
18747
18836
20906
18748
18837
20907
18749
18838
20908
18750
18839
20909
18751
18840
20910
18752
18841
20911
18753
18842
20912
18754
18843
20913
18755
18844
20914
18756
18845
20915
18757
18846
20916
18758
18847
20917
18759
18848
20918
18760
18849
20919
18761
18850
20920
18762
18851
20921
18763
18852
20922
18764
18853
20923
18765
18854
20924
18766
18855
20925
18767
18856
20926
18768
18857
20927
18769
18858
20928
18770
18859
20929
18771
18860
20930
18772
18861
20931
18773
18862
20932
18774
18863
20933
18775
18864
20934
18776
18865
20935
18777
18866
20936
18778
18867
20937
18779
18868
20938
18780
18869
20939
18781
18870
20940
18782
18871
20941
18783
18872
20942
18784
18873
20943
18785
18874
20944
18786
18875
20945
18787
18876
20946
18788
18877
20947
18789
18878
20948
18790
18879
20949
18791
18880
20950
18792
18881
20951
18793
18882
20952
18794
18883
20953
18795
18884
20954
18796
18885
20955
18797
18886
20956
18798
18887
20957
18799
18888
20958
18800
18889
20959
18801
18890
20960
18802
18891
20961
18803
18892
20962
18804
18893
20963
18805
18894
20964
18806
18895
20965
18807
18896
20966
18808
18897
20967
18809
18898
20968
18899
20969
18811
18900
20970
18812
18901
20971
18813
18902
20972
18814
18903
20973
18815
18904
20974
18816
18905
20975
18817
18906
20976
18818
18907
20977
18819
18908
20978
18820
18909
20979
18821
18910
20980
18822
18911
20981
18823
18912
20982
18824
18913
20983
18825
18914
20984
18826
18915
20985
18827
18916
20986
18828
18917
20987
18829
18918
20988
18830
18919
20989
18831
18920
20990
18832
18921
20991
18833
18922
20992
18834
18923
20993
18835
18924
20994
18836
18925
20995
18837
18926
20996
18838
18927
20997
18839
18928
20998
18840
18929
20999
18841
18930
21000
18842
18931
21001
18843
18932
21002
18844
18933
21003
18845
18934
21004
18846
18935
21005
18847
18936
21006
18848
18937
21007
18849
18938
21008
18850
18939
21009
18851
18940
21010
18852
18941
21011
18853
18942
21012
18854
18943
21013
18855
18944
21014
18856
18945
21015
18857
18946
21016
18858
18947
21017
18859
18948
21018
18860
18949
21019
18861
18950
21020
18862
18951
21021
18863
18952
21022
18864
18953
21023
18865
18954
21024
18866
18955
21025
18867
18956
21026
18868
18957
21027
18869
18958
21028
18870
18959
21029
18871
18960
21030
18872
18961
21031
18873
18962
21032
18874
18963
21033
18875
18964
21034
18876
18965
21035
18877
18966
21036
18878
18967
21037
18879
18968
21038
18880
18969
21039
18881
18970
21040
18882
18971
21041
18883
18972
21042
18884
18973
21043
18885
18974
21044
18886
18975
21045
18887
18976
21046
18888
18977
21047
18889
18978
21048
18890
18979
21049
18891
18980
21050
18892
18981
21051
18893
18982
21052
18894
18983
21053
18895
18984
21054
18896
18985
21055
18897
18986
21056
18898
18987
21057
18899
18988
21058
18989
21059
18901
18990
21060
18902
18991
21061
18903
18992
21062
18904
18993
21063
18905
18994
21064
18906
18995
21065
18907
18996
21066
18908
18997
21067
18909
18998
21068
18910
18999
21069
18911
19000
21070
18912
19001
21071
18913
19002
21072
18914
19003
21073
18915
19004
21074
18916
19005
21075
18917
19006
21076
18918
19007
21077
18919
19008
21078
18920
19009
21079
18921
19010
21080
18922
19011
21081
18923
19012
21082
18924
19013
21083
18925
19014
21084
18926
19015
21085
18927
19016
21086
18928
19017
21087
18929
19018
21088
18930
19019
21089
18931
19020
21090
18932
19021
21091
18933
19022
21092
18934
19023
21093
18935
19024
21094
18936
19025
21095
18937
19026
21096
18938
19027
21097
18939
19028
21098
18940
19029
21099
18941
19030
21100
18942
19031
21101
18943
19032
21102
18944
19033
21103
18945
19034
21104
18946
19035
21105
18947
19036
21106
18948
19037
21107
18949
19038
21108
18950
19039
21109
18951
19040
21110
18952
19041
21111
18953
19042
21112
18954
19043
21113
18955
19044
21114
18956
19045
21115
18957
19046
21116
18958
19047
21117
18959
19048
21118
18960
19049
21119
18961
19050
21120
18962
19051
21121
18963
19052
21122
18964
19053
21123
18965
19054
21124
18966
19055
21125
18967
19056
21126
18968
19057
21127
18969
19058
21128
18970
19059
21129
18971
19060
21130
18972
19061
21131
18973
19062
21132
18974
19063
21133
18975
19064
21134
18976
19065
21135
18977
19066
21136
18978
19067
21137
18979
19068
21138
18980
19069
21139
18981
19070
21140
18982
19071
21141
18983
19072
21142
18984
19073
21143
18985
19074
21144
18986
19075
21145
18987
19076
21146
18988
19077
21147
18989
19078
21148
19079
21149
18991
19080
21150
18992
19081
21151
18993
19082
21152
18994
19083
21153
18995
19084
21154
18996
19085
21155
18997
19086
21156
18998
19087
21157
18999
19088
21158
19000
19089
21159
19001
19090
21160
19002
19091
21161
19003
19092
21162
19004
19093
21163
19005
19094
21164
19006
19095
21165
19007
19096
21166
19008
19097
21167
19009
19098
21168
19010
19099
21169
19011
19100
21170
19012
19101
21171
19013
19102
21172
19014
19103
21173
19015
19104
21174
19016
19105
21175
19017
19106
21176
19018
19107
21177
19019
19108
21178
19020
19109
21179
19021
19110
21180
19022
19111
21181
19023
19112
21182
19024
19113
21183
19025
19114
21184
19026
19115
21185
19027
19116
21186
19028
19117
21187
19029
19118
21188
19030
19119
21189
19031
19120
21190
19032
19121
21191
19033
19122
21192
19034
19123
21193
19035
19124
21194
19036
19125
21195
19037
19126
21196
19038
19127
21197
19039
19128
21198
19040
19129
21199
19041
19130
21200
19042
19131
21201
19043
19132
21202
19044
19133
21203
19045
19134
21204
19046
19135
21205
19047
19136
21206
19048
19137
21207
19049
19138
21208
19050
19139
21209
19051
19140
21210
19052
19141
21211
19053
19142
21212
19054
19143
21213
19055
19144
21214
19056
19145
21215
19057
19146
21216
19058
19147
21217
19059
19148
21218
19060
19149
21219
19061
19150
21220
19062
19151
21221
19063
19152
21222
19064
19153
21223
19065
19154
21224
19066
19155
21225
19067
19156
21226
19068
19157
21227
19069
19158
21228
19070
19159
21229
19071
19160
21230
19072
19161
21231
19073
19162
21232
19074
19163
21233
19075
19164
21234
19076
19165
21235
19077
19166
21236
19078
19167
21237
19079
19168
21238
19169
21239
19081
19170
21240
19082
19171
21241
19083
19172
21242
19084
19173
21243
19085
19174
21244
19086
19175
21245
19087
19176
21246
19088
19177
21247
19089
19178
21248
19090
19179
21249
19091
19180
21250
19092
19181
21251
19093
19182
21252
19094
19183
21253
19095
19184
21254
19096
19185
21255
19097
19186
21256
19098
19187
21257
19099
19188
21258
19100
19189
21259
19101
19190
21260
19102
19191
21261
19103
19192
21262
19104
19193
21263
19105
19194
21264
19106
19195
21265
19107
19196
21266
19108
19197
21267
19109
19198
21268
19110
19199
21269
19111
19200
21270
19112
19201
21271
19113
19202
21272
19114
19203
21273
19115
19204
21274
19116
19205
21275
19117
19206
21276
19118
19207
21277
19119
19208
21278
19120
19209
21279
19121
19210
21280
19122
19211
21281
19123
19212
21282
19124
19213
21283
19125
19214
21284
19126
19215
21285
19127
19216
21286
19128
19217
21287
19129
19218
21288
19130
19219
21289
19131
19220
21290
19132
19221
21291
19133
19222
21292
19134
19223
21293
19135
19224
21294
19136
19225
21295
19137
19226
21296
19138
19227
21297
19139
19228
21298
19140
19229
21299
19141
19230
21300
19142
19231
21301
19143
19232
21302
19144
19233
21303
19145
19234
21304
19146
19235
21305
19147
19236
21306
19148
19237
21307
19149
19238
21308
19150
19239
21309
19151
19240
21310
19152
19241
21311
19153
19242
21312
19154
19243
21313
19155
19244
21314
19156
19245
21315
19157
19246
21316
19158
19247
21317
19159
19248
21318
19160
19249
21319
19161
19250
21320
19162
19251
21321
19163
19252
21322
19164
19253
21323
19165
19254
21324
19166
19255
21325
19167
19256
21326
19168
19257
21327
19169
19258
21328
19259
21329
19171
19260
21330
19172
19261
21331
19173
19262
21332
19174
19263
21333
19175
19264
21334
19176
19265
21335
19177
19266
21336
19178
19267
21337
19179
19268
21338
19180
19269
21339
19181
19270
21340
19182
19271
21341
19183
19272
21342
19184
19273
21343
19185
19274
21344
19186
19275
21345
19187
19276
21346
19188
19277
21347
19189
19278
21348
19190
19279
21349
19191
19280
21350
19192
19281
21351
19193
19282
21352
19194
19283
21353
19195
19284
21354
19196
19285
21355
19197
19286
21356
19198
19287
21357
19199
19288
21358
19200
19289
21359
19201
19290
21360
19202
19291
21361
19203
19292
21362
19204
19293
21363
19205
19294
21364
19206
19295
21365
19207
19296
21366
19208
19297
21367
19209
19298
21368
19210
19299
21369
19211
19300
21370
19212
19301
21371
19213
19302
21372
19214
19303
21373
19215
19304
21374
19216
19305
21375
19217
19306
21376
19218
19307
21377
19219
19308
21378
19220
19309
21379
19221
19310
21380
19222
19311
21381
19223
19312
21382
19224
19313
21383
19225
19314
21384
19226
19315
21385
19227
19316
21386
19228
19317
21387
19229
19318
21388
19230
19319
21389
19231
19320
21390
19232
19321
21391
19233
19322
21392
19234
19323
21393
19235
19324
21394
19236
19325
21395
19237
19326
21396
19238
19327
21397
19239
19328
21398
19240
19329
21399
19241
19330
21400
19242
19331
21401
19243
19332
21402
19244
19333
21403
19245
19334
21404
19246
19335
21405
19247
19336
21406
19248
19337
21407
19249
19338
21408
19250
19339
21409
19251
19340
21410
19252
19341
21411
19253
19342
21412
19254
19343
21413
19255
19344
21414
19256
19345
21415
19257
19346
21416
19258
19347
21417
19259
19348
21418
19349
21419
19261
19350
21420
19262
19351
21421
19263
19352
21422
19264
19353
21423
19265
19354
21424
19266
19355
21425
19267
19356
21426
19268
19357
21427
19269
19358
21428
19270
19359
21429
19271
19360
21430
19272
19361
21431
19273
19362
21432
19274
19363
21433
19275
19364
21434
19276
19365
21435
19277
19366
21436
19278
19367
21437
19279
19368
21438
19280
19369
21439
19281
19370
21440
19282
19371
21441
19283
19372
21442
19284
19373
21443
19285
19374
21444
19286
19375
21445
19287
19376
21446
19288
19377
21447
19289
19378
21448
19290
19379
21449
19291
19380
21450
19292
19381
21451
19293
19382
21452
19294
19383
21453
19295
19384
21454
19296
19385
21455
19297
19386
21456
19298
19387
21457
19299
19388
21458
19300
19389
21459
19301
19390
21460
19302
19391
21461
19303
19392
21462
19304
19393
21463
19305
19394
21464
19306
19395
21465
19307
19396
21466
19308
19397
21467
19309
19398
21468
19310
19399
21469
19311
19400
21470
19312
19401
21471
19313
19402
21472
19314
19403
21473
19315
19404
21474
19316
19405
21475
19317
19406
21476
19318
19407
21477
19319
19408
21478
19320
19409
21479
19321
19410
21480
19322
19411
21481
19323
19412
21482
19324
19413
21483
19325
19414
21484
19326
19415
21485
19327
19416
21486
19328
19417
21487
19329
19418
21488
19330
19419
21489
19331
19420
21490
19332
19421
21491
19333
19422
21492
19334
19423
21493
19335
19424
21494
19336
19425
21495
19337
19426
21496
19338
19427
21497
19339
19428
21498
19340
19429
21499
19341
19430
21500
19342
19431
21501
19343
19432
21502
19344
19433
21503
19345
19434
21504
19346
19435
21505
19347
19436
21506
19348
19437
21507
19349
19438
21508
19439
21509
19351
21510
19352
21511
19353
21512
19354
21513
19355
21514
19356
21515
19357
21516
19358
21517
19359
21518
19360
21519
19361
21520
19362
21521
19363
21522
19364
21523
19365
21524
19366
21525
19367
21526
19368
21527
19369
21528
19370
21529
19371
21530
19372
21531
19373
21532
19374
21533
19375
21534
19376
21535
19377
21536
19378
21537
19379
21538
19380
21539
19381
21540
19382
21541
19383
21542
19384
21543
19385
21544
19386
21545
19387
21546
19388
21547
19389
21548
19390
21549
19391
21550
19392
21551
19393
21552
19394
21553
19395
21554
19396
21555
19397
21556
19398
21557
19399
21558
19400
21559
19401
21560
19402
21561
19403
21562
19404
21563
19405
21564
19406
21565
19407
21566
19408
21567
19409
21568
19410
21569
19411
21570
19412
21571
19413
21572
19414
21573
19415
21574
19416
21575
19417
21576
19418
21577
19419
21578
19420
21579
19421
21580
19422
21581
19423
21582
19424
21583
19425
21584
19426
21585
19427
21586
19428
21587
19429
21588
19430
21589
19431
21590
19432
21591
19433
21592
19434
21593
19435
21594
19436
21595
19437
21596
19438
21597
19439
21598
21599
19441
19530
21600
19442
19531
21601
19443
19532
21602
19444
19533
21603
19445
19534
21604
19446
19535
21605
19447
19536
21606
19448
19537
21607
19449
19538
21608
19450
19539
21609
19451
19540
21610
19452
19541
21611
19453
19542
21612
19454
19543
21613
19455
19544
21614
19456
19545
21615
19457
19546
21616
19458
19547
21617
19459
19548
21618
19460
19549
21619
19461
19550
21620
19462
19551
21621
19463
19552
21622
19464
19553
21623
19465
19554
21624
19466
19555
21625
19467
19556
21626
19468
19557
21627
19469
19558
21628
19470
19559
21629
19471
19560
21630
19472
19561
21631
19473
19562
21632
19474
19563
21633
19475
19564
21634
19476
19565
21635
19477
19566
21636
19478
19567
21637
19479
19568
21638
19480
19569
21639
19481
19570
21640
19482
19571
21641
19483
19572
21642
19484
19573
21643
19485
19574
21644
19486
19575
21645
19487
19576
21646
19488
19577
21647
19489
19578
21648
19490
19579
21649
19491
19580
21650
19492
19581
21651
19493
19582
21652
19494
19583
21653
19495
19584
21654
19496
19585
21655
19497
19586
21656
19498
19587
21657
19499
19588
21658
19500
19589
21659
19501
19590
21660
19502
19591
21661
19503
19592
21662
19504
19593
21663
19505
19594
21664
19506
19595
21665
19507
19596
21666
19508
19597
21667
19509
19598
21668
19510
19599
21669
19511
19600
21670
19512
19601
21671
19513
19602
21672
19514
19603
21673
19515
19604
21674
19516
19605
21675
19517
19606
21676
19518
19607
21677
19519
19608
21678
19520
19609
21679
19521
19610
21680
19522
19611
21681
19523
19612
21682
19524
19613
21683
19525
19614
21684
19526
19615
21685
19527
19616
21686
19528
19617
21687
19529
19618
21688
19619
21689
19531
19620
21690
19532
19621
21691
19533
19622
21692
19534
19623
21693
19535
19624
21694
19536
19625
21695
19537
19626
21696
19538
19627
21697
19539
19628
21698
19540
19629
21699
19541
19630
21700
19542
19631
21701
19543
19632
21702
19544
19633
21703
19545
19634
21704
19546
19635
21705
19547
19636
21706
19548
19637
21707
19549
19638
21708
19550
19639
21709
19551
19640
21710
19552
19641
21711
19553
19642
21712
19554
19643
21713
19555
19644
21714
19556
19645
21715
19557
19646
21716
19558
19647
21717
19559
19648
21718
19560
19649
21719
19561
19650
21720
19562
19651
21721
19563
19652
21722
19564
19653
21723
19565
19654
21724
19566
19655
21725
19567
19656
21726
19568
19657
21727
19569
19658
21728
19570
19659
21729
19571
19660
21730
19572
19661
21731
19573
19662
21732
19574
19663
21733
19575
19664
21734
19576
19665
21735
19577
19666
21736
19578
19667
21737
19579
19668
21738
19580
19669
21739
19581
19670
21740
19582
19671
21741
19583
19672
21742
19584
19673
21743
19585
19674
21744
19586
19675
21745
19587
19676
21746
19588
19677
21747
19589
19678
21748
19590
19679
21749
19591
19680
21750
19592
19681
21751
19593
19682
21752
19594
19683
21753
19595
19684
21754
19596
19685
21755
19597
19686
21756
19598
19687
21757
19599
19688
21758
19600
19689
21759
19601
19690
21760
19602
19691
21761
19603
19692
21762
19604
19693
21763
19605
19694
21764
19606
19695
21765
19607
19696
21766
19608
19697
21767
19609
19698
21768
19610
19699
21769
19611
19700
21770
19612
19701
21771
19613
19702
21772
19614
19703
21773
19615
19704
21774
19616
19705
21775
19617
19706
21776
19618
19707
21777
19619
19708
21778
19709
21779
19621
19710
21780
19622
19711
21781
19623
19712
21782
19624
19713
21783
19625
19714
21784
19626
19715
21785
19627
19716
21786
19628
19717
21787
19629
19718
21788
19630
19719
21789
19631
19720
21790
19632
19721
21791
19633
19722
21792
19634
19723
21793
19635
19724
21794
19636
19725
21795
19637
19726
21796
19638
19727
21797
19639
19728
21798
19640
19729
21799
19641
19730
21800
19642
19731
21801
19643
19732
21802
19644
19733
21803
19645
19734
21804
19646
19735
21805
19647
19736
21806
19648
19737
21807
19649
19738
21808
19650
19739
21809
19651
19740
21810
19652
19741
21811
19653
19742
21812
19654
19743
21813
19655
19744
21814
19656
19745
21815
19657
19746
21816
19658
19747
21817
19659
19748
21818
19660
19749
21819
19661
19750
21820
19662
19751
21821
19663
19752
21822
19664
19753
21823
19665
19754
21824
19666
19755
21825
19667
19756
21826
19668
19757
21827
19669
19758
21828
19670
19759
21829
19671
19760
21830
19672
19761
21831
19673
19762
21832
19674
19763
21833
19675
19764
21834
19676
19765
21835
19677
19766
21836
19678
19767
21837
19679
19768
21838
19680
19769
21839
19681
19770
21840
19682
19771
21841
19683
19772
21842
19684
19773
21843
19685
19774
21844
19686
19775
21845
19687
19776
21846
19688
19777
21847
19689
19778
21848
19690
19779
21849
19691
19780
21850
19692
19781
21851
19693
19782
21852
19694
19783
21853
19695
19784
21854
19696
19785
21855
19697
19786
21856
19698
19787
21857
19699
19788
21858
19700
19789
21859
19701
19790
21860
19702
19791
21861
19703
19792
21862
19704
19793
21863
19705
19794
21864
19706
19795
21865
19707
19796
21866
19708
19797
21867
19709
19798
21868
19799
21869
19711
19800
21870
19712
19801
21871
19713
19802
21872
19714
19803
21873
19715
19804
21874
19716
19805
21875
19717
19806
21876
19718
19807
21877
19719
19808
21878
19720
19809
21879
19721
19810
21880
19722
19811
21881
19723
19812
21882
19724
19813
21883
19725
19814
21884
19726
19815
21885
19727
19816
21886
19728
19817
21887
19729
19818
21888
19730
19819
21889
19731
19820
21890
19732
19821
21891
19733
19822
21892
19734
19823
21893
19735
19824
21894
19736
19825
21895
19737
19826
21896
19738
19827
21897
19739
19828
21898
19740
19829
21899
19741
19830
21900
19742
19831
21901
19743
19832
21902
19744
19833
21903
19745
19834
21904
19746
19835
21905
19747
19836
21906
19748
19837
21907
19749
19838
21908
19750
19839
21909
19751
19840
21910
19752
19841
21911
19753
19842
21912
19754
19843
21913
19755
19844
21914
19756
19845
21915
19757
19846
21916
19758
19847
21917
19759
19848
21918
19760
19849
21919
19761
19850
21920
19762
19851
21921
19763
19852
21922
19764
19853
21923
19765
19854
21924
19766
19855
21925
19767
19856
21926
19768
19857
21927
19769
19858
21928
19770
19859
21929
19771
19860
21930
19772
19861
21931
19773
19862
21932
19774
19863
21933
19775
19864
21934
19776
19865
21935
19777
19866
21936
19778
19867
21937
19779
19868
21938
19780
19869
21939
19781
19870
21940
19782
19871
21941
19783
19872
21942
19784
19873
21943
19785
19874
21944
19786
19875
21945
19787
19876
21946
19788
19877
21947
19789
19878
21948
19790
19879
21949
19791
19880
21950
19792
19881
21951
19793
19882
21952
19794
19883
21953
19795
19884
21954
19796
19885
21955
19797
19886
21956
19798
19887
21957
19799
19888
21958
19889
21959
19801
19890
21960
19802
19891
21961
19803
19892
21962
19804
19893
21963
19805
19894
21964
19806
19895
21965
19807
19896
21966
19808
19897
21967
19809
19898
21968
19810
19899
21969
19811
19900
21970
19812
19901
21971
19813
19902
21972
19814
19903
21973
19815
19904
21974
19816
19905
21975
19817
19906
21976
19818
19907
21977
19819
19908
21978
19820
19909
21979
19821
19910
21980
19822
19911
21981
19823
19912
21982
19824
19913
21983
19825
19914
21984
19826
19915
21985
19827
19916
21986
19828
19917
21987
19829
19918
21988
19830
19919
21989
19831
19920
21990
19832
19921
21991
19833
19922
21992
19834
19923
21993
19835
19924
21994
19836
19925
21995
19837
19926
21996
19838
19927
21997
19839
19928
21998
19840
19929
21999
19841
19930
22000
19842
19931
22001
19843
19932
22002
19844
19933
22003
19845
19934
22004
19846
19935
22005
19847
19936
22006
19848
19937
22007
19849
19938
22008
19850
19939
22009
19851
19940
22010
19852
19941
22011
19853
19942
22012
19854
19943
22013
19855
19944
22014
19856
19945
22015
19857
19946
22016
19858
19947
22017
19859
19948
22018
19860
19949
22019
19861
19950
22020
19862
19951
22021
19863
19952
22022
19864
19953
22023
19865
19954
22024
19866
19955
22025
19867
19956
22026
19868
19957
22027
19869
19958
22028
19870
19959
22029
19871
19960
22030
19872
19961
22031
19873
19962
22032
19874
19963
22033
19875
19964
22034
19876
19965
22035
19877
19966
22036
19878
19967
22037
19879
19968
22038
19880
19969
22039
19881
19970
22040
19882
19971
22041
19883
19972
22042
19884
19973
22043
19885
19974
22044
19886
19975
22045
19887
19976
22046
19888
19977
22047
19889
19978
22048
19979
22049
19891
19980
22050
19892
19981
22051
19893
19982
22052
19894
19983
22053
19895
19984
22054
19896
19985
22055
19897
19986
22056
19898
19987
22057
19899
19988
22058
19900
19989
22059
19901
19990
22060
19902
19991
22061
19903
19992
22062
19904
19993
22063
19905
19994
22064
19906
19995
22065
19907
19996
22066
19908
19997
22067
19909
19998
22068
19910
19999
22069
19911
20000
22070
19912
20001
22071
19913
20002
22072
19914
20003
22073
19915
20004
22074
19916
20005
22075
19917
20006
22076
19918
20007
22077
19919
20008
22078
19920
20009
22079
19921
20010
22080
19922
20011
22081
19923
20012
22082
19924
20013
22083
19925
20014
22084
19926
20015
22085
19927
20016
22086
19928
20017
22087
19929
20018
22088
19930
20019
22089
19931
20020
22090
19932
20021
22091
19933
20022
22092
19934
20023
22093
19935
20024
22094
19936
20025
22095
19937
20026
22096
19938
20027
22097
19939
20028
22098
19940
20029
22099
19941
20030
22100
19942
20031
22101
19943
20032
22102
19944
20033
22103
19945
20034
22104
19946
20035
22105
19947
20036
22106
19948
20037
22107
19949
20038
22108
19950
20039
22109
19951
20040
22110
19952
20041
22111
19953
20042
22112
19954
20043
22113
19955
20044
22114
19956
20045
22115
19957
20046
22116
19958
20047
22117
19959
20048
22118
19960
20049
22119
19961
20050
22120
19962
20051
22121
19963
20052
22122
19964
20053
22123
19965
20054
22124
19966
20055
22125
19967
20056
22126
19968
20057
22127
19969
20058
22128
19970
20059
22129
19971
20060
22130
19972
20061
22131
19973
20062
22132
19974
20063
22133
19975
20064
22134
19976
20065
22135
19977
20066
22136
19978
20067
22137
19979
20068
22138
20069
22139
19981
20070
22140
19982
20071
22141
19983
20072
22142
19984
20073
22143
19985
20074
22144
19986
20075
22145
19987
20076
22146
19988
20077
22147
19989
20078
22148
19990
20079
22149
19991
20080
22150
19992
20081
22151
19993
20082
22152
19994
20083
22153
19995
20084
22154
19996
20085
22155
19997
20086
22156
19998
20087
22157
19999
20088
22158
20000
20089
22159
20001
20090
22160
20002
20091
22161
20003
20092
22162
20004
20093
22163
20005
20094
22164
20006
20095
22165
20007
20096
22166
20008
20097
22167
20009
20098
22168
20010
20099
22169
20011
20100
22170
20012
20101
22171
20013
20102
22172
20014
20103
22173
20015
20104
22174
20016
20105
22175
20017
20106
22176
20018
20107
22177
20019
20108
22178
20020
20109
22179
20021
20110
22180
20022
20111
22181
20023
20112
22182
20024
20113
22183
20025
20114
22184
20026
20115
22185
20027
20116
22186
20028
20117
22187
20029
20118
22188
20030
20119
22189
20031
20120
22190
20032
20121
22191
20033
20122
22192
20034
20123
22193
20035
20124
22194
20036
20125
22195
20037
20126
22196
20038
20127
22197
20039
20128
22198
20040
20129
22199
20041
20130
22200
20042
20131
22201
20043
20132
22202
20044
20133
22203
20045
20134
22204
20046
20135
22205
20047
20136
22206
20048
20137
22207
20049
20138
22208
20050
20139
22209
20051
20140
22210
20052
20141
22211
20053
20142
22212
20054
20143
22213
20055
20144
22214
20056
20145
22215
20057
20146
22216
20058
20147
22217
20059
20148
22218
20060
20149
22219
20061
20150
22220
20062
20151
22221
20063
20152
22222
20064
20153
22223
20065
20154
22224
20066
20155
22225
20067
20156
22226
20068
20157
22227
20069
20158
22228
20159
22229
20071
20160
22230
20072
20161
22231
20073
20162
22232
20074
20163
22233
20075
20164
22234
20076
20165
22235
20077
20166
22236
20078
20167
22237
20079
20168
22238
20080
20169
22239
20081
20170
22240
20082
20171
22241
20083
20172
22242
20084
20173
22243
20085
20174
22244
20086
20175
22245
20087
20176
22246
20088
20177
22247
20089
20178
22248
20090
20179
22249
20091
20180
22250
20092
20181
22251
20093
20182
22252
20094
20183
22253
20095
20184
22254
20096
20185
22255
20097
20186
22256
20098
20187
22257
20099
20188
22258
20100
20189
22259
20101
20190
22260
20102
20191
22261
20103
20192
22262
20104
20193
22263
20105
20194
22264
20106
20195
22265
20107
20196
22266
20108
20197
22267
20109
20198
22268
20110
20199
22269
20111
20200
22270
20112
20201
22271
20113
20202
22272
20114
20203
22273
20115
20204
22274
20116
20205
22275
20117
20206
22276
20118
20207
22277
20119
20208
22278
20120
20209
22279
20121
20210
22280
20122
20211
22281
20123
20212
22282
20124
20213
22283
20125
20214
22284
20126
20215
22285
20127
20216
22286
20128
20217
22287
20129
20218
22288
20130
20219
22289
20131
20220
22290
20132
20221
22291
20133
20222
22292
20134
20223
22293
20135
20224
22294
20136
20225
22295
20137
20226
22296
20138
20227
22297
20139
20228
22298
20140
20229
22299
20141
20230
22300
20142
20231
22301
20143
20232
22302
20144
20233
22303
20145
20234
22304
20146
20235
22305
20147
20236
22306
20148
20237
22307
20149
20238
22308
20150
20239
22309
20151
20240
22310
20152
20241
22311
20153
20242
22312
20154
20243
22313
20155
20244
22314
20156
20245
22315
20157
20246
22316
20158
20247
22317
20159
20248
22318
20249
22319
20161
20250
22320
20162
20251
22321
20163
20252
22322
20164
20253
22323
20165
20254
22324
20166
20255
22325
20167
20256
22326
20168
20257
22327
20169
20258
22328
20170
20259
22329
20171
20260
22330
20172
20261
22331
20173
20262
22332
20174
20263
22333
20175
20264
22334
20176
20265
22335
20177
20266
22336
20178
20267
22337
20179
20268
22338
20180
20269
22339
20181
20270
22340
20182
20271
22341
20183
20272
22342
20184
20273
22343
20185
20274
22344
20186
20275
22345
20187
20276
22346
20188
20277
22347
20189
20278
22348
20190
20279
22349
20191
20280
22350
20192
20281
22351
20193
20282
22352
20194
20283
22353
20195
20284
22354
20196
20285
22355
20197
20286
22356
20198
20287
22357
20199
20288
22358
20200
20289
22359
20201
20290
22360
20202
20291
22361
20203
20292
22362
20204
20293
22363
20205
20294
22364
20206
20295
22365
20207
20296
22366
20208
20297
22367
20209
20298
22368
20210
20299
22369
20211
20300
22370
20212
20301
22371
20213
20302
22372
20214
20303
22373
20215
20304
22374
20216
20305
22375
20217
20306
22376
20218
20307
22377
20219
20308
22378
20220
20309
22379
20221
20310
22380
20222
20311
22381
20223
20312
22382
20224
20313
22383
20225
20314
22384
20226
20315
22385
20227
20316
22386
20228
20317
22387
20229
20318
22388
20230
20319
22389
20231
20320
22390
20232
20321
22391
20233
20322
22392
20234
20323
22393
20235
20324
22394
20236
20325
22395
20237
20326
22396
20238
20327
22397
20239
20328
22398
20240
20329
22399
20241
20330
22400
20242
20331
22401
20243
20332
22402
20244
20333
22403
20245
20334
22404
20246
20335
22405
20247
20336
22406
20248
20337
22407
20249
20338
22408
20339
22409
20251
20340
22410
20252
20341
22411
20253
20342
22412
20254
20343
22413
20255
20344
22414
20256
20345
22415
20257
20346
22416
20258
20347
22417
20259
20348
22418
20260
20349
22419
20261
20350
22420
20262
20351
22421
20263
20352
22422
20264
20353
22423
20265
20354
22424
20266
20355
22425
20267
20356
22426
20268
20357
22427
20269
20358
22428
20270
20359
22429
20271
20360
22430
20272
20361
22431
20273
20362
22432
20274
20363
22433
20275
20364
22434
20276
20365
22435
20277
20366
22436
20278
20367
22437
20279
20368
22438
20280
20369
22439
20281
20370
22440
20282
20371
22441
20283
20372
22442
20284
20373
22443
20285
20374
22444
20286
20375
22445
20287
20376
22446
20288
20377
22447
20289
20378
22448
20290
20379
22449
20291
20380
22450
20292
20381
22451
20293
20382
22452
20294
20383
22453
20295
20384
22454
20296
20385
22455
20297
20386
22456
20298
20387
22457
20299
20388
22458
20300
20389
22459
20301
20390
22460
20302
20391
22461
20303
20392
22462
20304
20393
22463
20305
20394
22464
20306
20395
22465
20307
20396
22466
20308
20397
22467
20309
20398
22468
20310
20399
22469
20311
20400
22470
20312
20401
22471
20313
20402
22472
20314
20403
22473
20315
20404
22474
20316
20405
22475
20317
20406
22476
20318
20407
22477
20319
20408
22478
20320
20409
22479
20321
20410
22480
20322
20411
22481
20323
20412
22482
20324
20413
22483
20325
20414
22484
20326
20415
22485
20327
20416
22486
20328
20417
22487
20329
20418
22488
20330
20419
22489
20331
20420
22490
20332
20421
22491
20333
20422
22492
20334
20423
22493
20335
20424
22494
20336
20425
22495
20337
20426
22496
20338
20427
22497
20339
20428
22498
20429
22499
20341
20430
22500
20342
20431
22501
20343
20432
22502
20344
20433
22503
20345
20434
22504
20346
20435
22505
20347
20436
22506
20348
20437
22507
20349
20438
22508
20350
20439
22509
20351
20440
22510
20352
20441
22511
20353
20442
22512
20354
20443
22513
20355
20444
22514
20356
20445
22515
20357
20446
22516
20358
20447
22517
20359
20448
22518
20360
20449
22519
20361
20450
22520
20362
20451
22521
20363
20452
22522
20364
20453
22523
20365
20454
22524
20366
20455
22525
20367
20456
22526
20368
20457
22527
20369
20458
22528
20370
20459
22529
20371
20460
22530
20372
20461
22531
20373
20462
22532
20374
20463
22533
20375
20464
22534
20376
20465
22535
20377
20466
22536
20378
20467
22537
20379
20468
22538
20380
20469
22539
20381
20470
22540
20382
20471
22541
20383
20472
22542
20384
20473
22543
20385
20474
22544
20386
20475
22545
20387
20476
22546
20388
20477
22547
20389
20478
22548
20390
20479
22549
20391
20480
22550
20392
20481
22551
20393
20482
22552
20394
20483
22553
20395
20484
22554
20396
20485
22555
20397
20486
22556
20398
20487
22557
20399
20488
22558
20400
20489
22559
20401
20490
22560
20402
20491
22561
20403
20492
22562
20404
20493
22563
20405
20494
22564
20406
20495
22565
20407
20496
22566
20408
20497
22567
20409
20498
22568
20410
20499
22569
20411
20500
22570
20412
20501
22571
20413
20502
22572
20414
20503
22573
20415
20504
22574
20416
20505
22575
20417
20506
22576
20418
20507
22577
20419
20508
22578
20420
20509
22579
20421
20510
22580
20422
20511
22581
20423
20512
22582
20424
20513
22583
20425
20514
22584
20426
20515
22585
20427
20516
22586
20428
20517
22587
20429
20518
22588
20519
22589
20431
20520
22590
20432
20521
22591
20433
20522
22592
20434
20523
22593
20435
20524
22594
20436
20525
22595
20437
20526
22596
20438
20527
22597
20439
20528
22598
20440
20529
22599
20441
20530
22600
20442
20531
22601
20443
20532
22602
20444
20533
22603
20445
20534
22604
20446
20535
22605
20447
20536
22606
20448
20537
22607
20449
20538
22608
20450
20539
22609
20451
20540
22610
20452
20541
22611
20453
20542
22612
20454
20543
22613
20455
20544
22614
20456
20545
22615
20457
20546
22616
20458
20547
22617
20459
20548
22618
20460
20549
22619
20461
20550
22620
20462
20551
22621
20463
20552
22622
20464
20553
22623
20465
20554
22624
20466
20555
22625
20467
20556
22626
20468
20557
22627
20469
20558
22628
20470
20559
22629
20471
20560
22630
20472
20561
22631
20473
20562
22632
20474
20563
22633
20475
20564
22634
20476
20565
22635
20477
20566
22636
20478
20567
22637
20479
20568
22638
20480
20569
22639
20481
20570
22640
20482
20571
22641
20483
20572
22642
20484
20573
22643
20485
20574
22644
20486
20575
22645
20487
20576
22646
20488
20577
22647
20489
20578
22648
20490
20579
22649
20491
20580
22650
20492
20581
22651
20493
20582
22652
20494
20583
22653
20495
20584
22654
20496
20585
22655
20497
20586
22656
20498
20587
22657
20499
20588
22658
20500
20589
22659
20501
20590
22660
20502
20591
22661
20503
20592
22662
20504
20593
22663
20505
20594
22664
20506
20595
22665
20507
20596
22666
20508
20597
22667
20509
20598
22668
20510
20599
22669
20511
20600
22670
20512
20601
22671
20513
20602
22672
20514
20603
22673
20515
20604
22674
20516
20605
22675
20517
20606
22676
20518
20607
22677
20519
20608
22678
20609
22679
20521
20610
22680
20522
20611
22681
20523
20612
22682
20524
20613
22683
20525
20614
22684
20526
20615
22685
20527
20616
22686
20528
20617
22687
20529
20618
22688
20530
20619
22689
20531
20620
22690
20532
20621
22691
20533
20622
22692
20534
20623
22693
20535
20624
22694
20536
20625
22695
20537
20626
22696
20538
20627
22697
20539
20628
22698
20540
20629
22699
20541
20630
22700
20542
20631
22701
20543
20632
22702
20544
20633
22703
20545
20634
22704
20546
20635
22705
20547
20636
22706
20548
20637
22707
20549
20638
22708
20550
20639
22709
20551
20640
22710
20552
20641
22711
20553
20642
22712
20554
20643
22713
20555
20644
22714
20556
20645
22715
20557
20646
22716
20558
20647
22717
20559
20648
22718
20560
20649
22719
20561
20650
22720
20562
20651
22721
20563
20652
22722
20564
20653
22723
20565
20654
22724
20566
20655
22725
20567
20656
22726
20568
20657
22727
20569
20658
22728
20570
20659
22729
20571
20660
22730
20572
20661
22731
20573
20662
22732
20574
20663
22733
20575
20664
22734
20576
20665
22735
20577
20666
22736
20578
20667
22737
20579
20668
22738
20580
20669
22739
20581
20670
22740
20582
20671
22741
20583
20672
22742
20584
20673
22743
20585
20674
22744
20586
20675
22745
20587
20676
22746
20588
20677
22747
20589
20678
22748
20590
20679
22749
20591
20680
22750
20592
20681
22751
20593
20682
22752
20594
20683
22753
20595
20684
22754
20596
20685
22755
20597
20686
22756
20598
20687
22757
20599
20688
22758
20600
20689
22759
20601
20690
22760
20602
20691
22761
20603
20692
22762
20604
20693
22763
20605
20694
22764
20606
20695
22765
20607
20696
22766
20608
20697
22767
20609
20698
22768
20699
22769
20611
20700
22770
20612
20701
22771
20613
20702
22772
20614
20703
22773
20615
20704
22774
20616
20705
22775
20617
20706
22776
20618
20707
22777
20619
20708
22778
20620
20709
22779
20621
20710
22780
20622
20711
22781
20623
20712
22782
20624
20713
22783
20625
20714
22784
20626
20715
22785
20627
20716
22786
20628
20717
22787
20629
20718
22788
20630
20719
22789
20631
20720
22790
20632
20721
22791
20633
20722
22792
20634
20723
22793
20635
20724
22794
20636
20725
22795
20637
20726
22796
20638
20727
22797
20639
20728
22798
20640
20729
22799
20641
20730
22800
20642
20731
22801
20643
20732
22802
20644
20733
22803
20645
20734
22804
20646
20735
22805
20647
20736
22806
20648
20737
22807
20649
20738
22808
20650
20739
22809
20651
20740
22810
20652
20741
22811
20653
20742
22812
20654
20743
22813
20655
20744
22814
20656
20745
22815
20657
20746
22816
20658
20747
22817
20659
20748
22818
20660
20749
22819
20661
20750
22820
20662
20751
22821
20663
20752
22822
20664
20753
22823
20665
20754
22824
20666
20755
22825
20667
20756
22826
20668
20757
22827
20669
20758
22828
20670
20759
22829
20671
20760
22830
20672
20761
22831
20673
20762
22832
20674
20763
22833
20675
20764
22834
20676
20765
22835
20677
20766
22836
20678
20767
22837
20679
20768
22838
20680
20769
22839
20681
20770
22840
20682
20771
22841
20683
20772
22842
20684
20773
22843
20685
20774
22844
20686
20775
22845
20687
20776
22846
20688
20777
22847
20689
20778
22848
20690
20779
22849
20691
20780
22850
20692
20781
22851
20693
20782
22852
20694
20783
22853
20695
20784
22854
20696
20785
22855
20697
20786
22856
20698
20787
22857
20699
20788
22858
20789
22859
20701
20790
22860
20702
20791
22861
20703
20792
22862
20704
20793
22863
20705
20794
22864
20706
20795
22865
20707
20796
22866
20708
20797
22867
20709
20798
22868
20710
20799
22869
20711
20800
22870
20712
20801
22871
20713
20802
22872
20714
20803
22873
20715
20804
22874
20716
20805
22875
20717
20806
22876
20718
20807
22877
20719
20808
22878
20720
20809
22879
20721
20810
22880
20722
20811
22881
20723
20812
22882
20724
20813
22883
20725
20814
22884
20726
20815
22885
20727
20816
22886
20728
20817
22887
20729
20818
22888
20730
20819
22889
20731
20820
22890
20732
20821
22891
20733
20822
22892
20734
20823
22893
20735
20824
22894
20736
20825
22895
20737
20826
22896
20738
20827
22897
20739
20828
22898
20740
20829
22899
20741
20830
22900
20742
20831
22901
20743
20832
22902
20744
20833
22903
20745
20834
22904
20746
20835
22905
20747
20836
22906
20748
20837
22907
20749
20838
22908
20750
20839
22909
20751
20840
22910
20752
20841
22911
20753
20842
22912
20754
20843
22913
20755
20844
22914
20756
20845
22915
20757
20846
22916
20758
20847
22917
20759
20848
22918
20760
20849
22919
20761
20850
22920
20762
20851
22921
20763
20852
22922
20764
20853
22923
20765
20854
22924
20766
20855
22925
20767
20856
22926
20768
20857
22927
20769
20858
22928
20770
20859
22929
20771
20860
22930
20772
20861
22931
20773
20862
22932
20774
20863
22933
20775
20864
22934
20776
20865
22935
20777
20866
22936
20778
20867
22937
20779
20868
22938
20780
20869
22939
20781
20870
22940
20782
20871
22941
20783
20872
22942
20784
20873
22943
20785
20874
22944
20786
20875
22945
20787
20876
22946
20788
20877
22947
20789
20878
22948
20879
22949
20791
20880
22950
20792
20881
22951
20793
20882
22952
20794
20883
22953
20795
20884
22954
20796
20885
22955
20797
20886
22956
20798
20887
22957
20799
20888
22958
20800
20889
22959
20801
20890
22960
20802
20891
22961
20803
20892
22962
20804
20893
22963
20805
20894
22964
20806
20895
22965
20807
20896
22966
20808
20897
22967
20809
20898
22968
20810
20899
22969
20811
20900
22970
20812
20901
22971
20813
20902
22972
20814
20903
22973
20815
20904
22974
20816
20905
22975
20817
20906
22976
20818
20907
22977
20819
20908
22978
20820
20909
22979
20821
20910
22980
20822
20911
22981
20823
20912
22982
20824
20913
22983
20825
20914
22984
20826
20915
22985
20827
20916
22986
20828
20917
22987
20829
20918
22988
20830
20919
22989
20831
20920
22990
20832
20921
22991
20833
20922
22992
20834
20923
22993
20835
20924
22994
20836
20925
22995
20837
20926
22996
20838
20927
22997
20839
20928
22998
20840
20929
22999
20841
20930
23000
20842
20931
23001
20843
20932
23002
20844
20933
23003
20845
20934
23004
20846
20935
23005
20847
20936
23006
20848
20937
23007
20849
20938
23008
20850
20939
23009
20851
20940
23010
20852
20941
23011
20853
20942
23012
20854
20943
23013
20855
20944
23014
20856
20945
23015
20857
20946
23016
20858
20947
23017
20859
20948
23018
20860
20949
23019
20861
20950
23020
20862
20951
23021
20863
20952
23022
20864
20953
23023
20865
20954
23024
20866
20955
23025
20867
20956
23026
20868
20957
23027
20869
20958
23028
20870
20959
23029
20871
20960
23030
20872
20961
23031
20873
20962
23032
20874
20963
23033
20875
20964
23034
20876
20965
23035
20877
20966
23036
20878
20967
23037
20879
20968
23038
20969
23039
20881
20970
23040
20882
20971
23041
20883
20972
23042
20884
20973
23043
20885
20974
23044
20886
20975
23045
20887
20976
23046
20888
20977
23047
20889
20978
23048
20890
20979
23049
20891
20980
23050
20892
20981
23051
20893
20982
23052
20894
20983
23053
20895
20984
23054
20896
20985
23055
20897
20986
23056
20898
20987
23057
20899
20988
23058
20900
20989
23059
20901
20990
23060
20902
20991
23061
20903
20992
23062
20904
20993
23063
20905
20994
23064
20906
20995
23065
20907
20996
23066
20908
20997
23067
20909
20998
23068
20910
20999
23069
20911
21000
23070
20912
21001
23071
20913
21002
23072
20914
21003
23073
20915
21004
23074
20916
21005
23075
20917
21006
23076
20918
21007
23077
20919
21008
23078
20920
21009
23079
20921
21010
23080
20922
21011
23081
20923
21012
23082
20924
21013
23083
20925
21014
23084
20926
21015
23085
20927
21016
23086
20928
21017
23087
20929
21018
23088
20930
21019
23089
20931
21020
23090
20932
21021
23091
20933
21022
23092
20934
21023
23093
20935
21024
23094
20936
21025
23095
20937
21026
23096
20938
21027
23097
20939
21028
23098
20940
21029
23099
20941
21030
23100
20942
21031
23101
20943
21032
23102
20944
21033
23103
20945
21034
23104
20946
21035
23105
20947
21036
23106
20948
21037
23107
20949
21038
23108
20950
21039
23109
20951
21040
23110
20952
21041
23111
20953
21042
23112
20954
21043
23113
20955
21044
23114
20956
21045
23115
20957
21046
23116
20958
21047
23117
20959
21048
23118
20960
21049
23119
20961
21050
23120
20962
21051
23121
20963
21052
23122
20964
21053
23123
20965
21054
23124
20966
21055
23125
20967
21056
23126
20968
21057
23127
20969
21058
23128
21059
23129
20971
21060
23130
20972
21061
23131
20973
21062
23132
20974
21063
23133
20975
21064
23134
20976
21065
23135
20977
21066
23136
20978
21067
23137
20979
21068
23138
20980
21069
23139
20981
21070
23140
20982
21071
23141
20983
21072
23142
20984
21073
23143
20985
21074
23144
20986
21075
23145
20987
21076
23146
20988
21077
23147
20989
21078
23148
20990
21079
23149
20991
21080
23150
20992
21081
23151
20993
21082
23152
20994
21083
23153
20995
21084
23154
20996
21085
23155
20997
21086
23156
20998
21087
23157
20999
21088
23158
21000
21089
23159
21001
21090
23160
21002
21091
23161
21003
21092
23162
21004
21093
23163
21005
21094
23164
21006
21095
23165
21007
21096
23166
21008
21097
23167
21009
21098
23168
21010
21099
23169
21011
21100
23170
21012
21101
23171
21013
21102
23172
21014
21103
23173
21015
21104
23174
21016
21105
23175
21017
21106
23176
21018
21107
23177
21019
21108
23178
21020
21109
23179
21021
21110
23180
21022
21111
23181
21023
21112
23182
21024
21113
23183
21025
21114
23184
21026
21115
23185
21027
21116
23186
21028
21117
23187
21029
21118
23188
21030
21119
23189
21031
21120
23190
21032
21121
23191
21033
21122
23192
21034
21123
23193
21035
21124
23194
21036
21125
23195
21037
21126
23196
21038
21127
23197
21039
21128
23198
21040
21129
23199
21041
21130
23200
21042
21131
23201
21043
21132
23202
21044
21133
23203
21045
21134
23204
21046
21135
23205
21047
21136
23206
21048
21137
23207
21049
21138
23208
21050
21139
23209
21051
21140
23210
21052
21141
23211
21053
21142
23212
21054
21143
23213
21055
21144
23214
21056
21145
23215
21057
21146
23216
21058
21147
23217
21059
21148
23218
21149
23219
21061
21150
23220
21062
21151
23221
21063
21152
23222
21064
21153
23223
21065
21154
23224
21066
21155
23225
21067
21156
23226
21068
21157
23227
21069
21158
23228
21070
21159
23229
21071
21160
23230
21072
21161
23231
21073
21162
23232
21074
21163
23233
21075
21164
23234
21076
21165
23235
21077
21166
23236
21078
21167
23237
21079
21168
23238
21080
21169
23239
21081
21170
23240
21082
21171
23241
21083
21172
23242
21084
21173
23243
21085
21174
23244
21086
21175
23245
21087
21176
23246
21088
21177
23247
21089
21178
23248
21090
21179
23249
21091
21180
23250
21092
21181
23251
21093
21182
23252
21094
21183
23253
21095
21184
23254
21096
21185
23255
21097
21186
23256
21098
21187
23257
21099
21188
23258
21100
21189
23259
21101
21190
23260
21102
21191
23261
21103
21192
23262
21104
21193
23263
21105
21194
23264
21106
21195
23265
21107
21196
23266
21108
21197
23267
21109
21198
23268
21110
21199
23269
21111
21200
23270
21112
21201
23271
21113
21202
23272
21114
21203
23273
21115
21204
23274
21116
21205
23275
21117
21206
23276
21118
21207
23277
21119
21208
23278
21120
21209
23279
21121
21210
23280
21122
21211
23281
21123
21212
23282
21124
21213
23283
21125
21214
23284
21126
21215
23285
21127
21216
23286
21128
21217
23287
21129
21218
23288
21130
21219
23289
21131
21220
23290
21132
21221
23291
21133
21222
23292
21134
21223
23293
21135
21224
23294
21136
21225
23295
21137
21226
23296
21138
21227
23297
21139
21228
23298
21140
21229
23299
21141
21230
23300
21142
21231
23301
21143
21232
23302
21144
21233
23303
21145
21234
23304
21146
21235
23305
21147
21236
23306
21148
21237
23307
21149
21238
23308
21239
23309
21151
21240
23310
21152
21241
23311
21153
21242
23312
21154
21243
23313
21155
21244
23314
21156
21245
23315
21157
21246
23316
21158
21247
23317
21159
21248
23318
21160
21249
23319
21161
21250
23320
21162
21251
23321
21163
21252
23322
21164
21253
23323
21165
21254
23324
21166
21255
23325
21167
21256
23326
21168
21257
23327
21169
21258
23328
21170
21259
23329
21171
21260
23330
21172
21261
23331
21173
21262
23332
21174
21263
23333
21175
21264
23334
21176
21265
23335
21177
21266
23336
21178
21267
23337
21179
21268
23338
21180
21269
23339
21181
21270
23340
21182
21271
23341
21183
21272
23342
21184
21273
23343
21185
21274
23344
21186
21275
23345
21187
21276
23346
21188
21277
23347
21189
21278
23348
21190
21279
23349
21191
21280
23350
21192
21281
23351
21193
21282
23352
21194
21283
23353
21195
21284
23354
21196
21285
23355
21197
21286
23356
21198
21287
23357
21199
21288
23358
21200
21289
23359
21201
21290
23360
21202
21291
23361
21203
21292
23362
21204
21293
23363
21205
21294
23364
21206
21295
23365
21207
21296
23366
21208
21297
23367
21209
21298
23368
21210
21299
23369
21211
21300
23370
21212
21301
23371
21213
21302
23372
21214
21303
23373
21215
21304
23374
21216
21305
23375
21217
21306
23376
21218
21307
23377
21219
21308
23378
21220
21309
23379
21221
21310
23380
21222
21311
23381
21223
21312
23382
21224
21313
23383
21225
21314
23384
21226
21315
23385
21227
21316
23386
21228
21317
23387
21229
21318
23388
21230
21319
23389
21231
21320
23390
21232
21321
23391
21233
21322
23392
21234
21323
23393
21235
21324
23394
21236
21325
23395
21237
21326
23396
21238
21327
23397
21239
21328
23398
21329
23399
21241
21330
23400
21242
21331
23401
21243
21332
23402
21244
21333
23403
21245
21334
23404
21246
21335
23405
21247
21336
23406
21248
21337
23407
21249
21338
23408
21250
21339
23409
21251
21340
23410
21252
21341
23411
21253
21342
23412
21254
21343
23413
21255
21344
23414
21256
21345
23415
21257
21346
23416
21258
21347
23417
21259
21348
23418
21260
21349
23419
21261
21350
23420
21262
21351
23421
21263
21352
23422
21264
21353
23423
21265
21354
23424
21266
21355
23425
21267
21356
23426
21268
21357
23427
21269
21358
23428
21270
21359
23429
21271
21360
23430
21272
21361
23431
21273
21362
23432
21274
21363
23433
21275
21364
23434
21276
21365
23435
21277
21366
23436
21278
21367
23437
21279
21368
23438
21280
21369
23439
21281
21370
23440
21282
21371
23441
21283
21372
23442
21284
21373
23443
21285
21374
23444
21286
21375
23445
21287
21376
23446
21288
21377
23447
21289
21378
23448
21290
21379
23449
21291
21380
23450
21292
21381
23451
21293
21382
23452
21294
21383
23453
21295
21384
23454
21296
21385
23455
21297
21386
23456
21298
21387
23457
21299
21388
23458
21300
21389
23459
21301
21390
23460
21302
21391
23461
21303
21392
23462
21304
21393
23463
21305
21394
23464
21306
21395
23465
21307
21396
23466
21308
21397
23467
21309
21398
23468
21310
21399
23469
21311
21400
23470
21312
21401
23471
21313
21402
23472
21314
21403
23473
21315
21404
23474
21316
21405
23475
21317
21406
23476
21318
21407
23477
21319
21408
23478
21320
21409
23479
21321
21410
23480
21322
21411
23481
21323
21412
23482
21324
21413
23483
21325
21414
23484
21326
21415
23485
21327
21416
23486
21328
21417
23487
21329
21418
23488
21419
23489
21331
21420
23490
21332
21421
23491
21333
21422
23492
21334
21423
23493
21335
21424
23494
21336
21425
23495
21337
21426
23496
21338
21427
23497
21339
21428
23498
21340
21429
23499
21341
21430
23500
21342
21431
23501
21343
21432
23502
21344
21433
23503
21345
21434
23504
21346
21435
23505
21347
21436
23506
21348
21437
23507
21349
21438
23508
21350
21439
23509
21351
21440
23510
21352
21441
23511
21353
21442
23512
21354
21443
23513
21355
21444
23514
21356
21445
23515
21357
21446
23516
21358
21447
23517
21359
21448
23518
21360
21449
23519
21361
21450
23520
21362
21451
23521
21363
21452
23522
21364
21453
23523
21365
21454
23524
21366
21455
23525
21367
21456
23526
21368
21457
23527
21369
21458
23528
21370
21459
23529
21371
21460
23530
21372
21461
23531
21373
21462
23532
21374
21463
23533
21375
21464
23534
21376
21465
23535
21377
21466
23536
21378
21467
23537
21379
21468
23538
21380
21469
23539
21381
21470
23540
21382
21471
23541
21383
21472
23542
21384
21473
23543
21385
21474
23544
21386
21475
23545
21387
21476
23546
21388
21477
23547
21389
21478
23548
21390
21479
23549
21391
21480
23550
21392
21481
23551
21393
21482
23552
21394
21483
23553
21395
21484
23554
21396
21485
23555
21397
21486
23556
21398
21487
23557
21399
21488
23558
21400
21489
23559
21401
21490
23560
21402
21491
23561
21403
21492
23562
21404
21493
23563
21405
21494
23564
21406
21495
23565
21407
21496
23566
21408
21497
23567
21409
21498
23568
21410
21499
23569
21411
21500
23570
21412
21501
23571
21413
21502
23572
21414
21503
23573
21415
21504
23574
21416
21505
23575
21417
21506
23576
21418
21507
23577
21419
21508
23578
21509
23579
21421
21510
23580
21422
21511
23581
21423
21512
23582
21424
21513
23583
21425
21514
23584
21426
21515
23585
21427
21516
23586
21428
21517
23587
21429
21518
23588
21430
21519
23589
21431
21520
23590
21432
21521
23591
21433
21522
23592
21434
21523
23593
21435
21524
23594
21436
21525
23595
21437
21526
23596
21438
21527
23597
21439
21528
23598
21440
21529
23599
21441
21530
23600
21442
21531
23601
21443
21532
23602
21444
21533
23603
21445
21534
23604
21446
21535
23605
21447
21536
23606
21448
21537
23607
21449
21538
23608
21450
21539
23609
21451
21540
23610
21452
21541
23611
21453
21542
23612
21454
21543
23613
21455
21544
23614
21456
21545
23615
21457
21546
23616
21458
21547
23617
21459
21548
23618
21460
21549
23619
21461
21550
23620
21462
21551
23621
21463
21552
23622
21464
21553
23623
21465
21554
23624
21466
21555
23625
21467
21556
23626
21468
21557
23627
21469
21558
23628
21470
21559
23629
21471
21560
23630
21472
21561
23631
21473
21562
23632
21474
21563
23633
21475
21564
23634
21476
21565
23635
21477
21566
23636
21478
21567
23637
21479
21568
23638
21480
21569
23639
21481
21570
23640
21482
21571
23641
21483
21572
23642
21484
21573
23643
21485
21574
23644
21486
21575
23645
21487
21576
23646
21488
21577
23647
21489
21578
23648
21490
21579
23649
21491
21580
23650
21492
21581
23651
21493
21582
23652
21494
21583
23653
21495
21584
23654
21496
21585
23655
21497
21586
23656
21498
21587
23657
21499
21588
23658
21500
21589
23659
21501
21590
23660
21502
21591
23661
21503
21592
23662
21504
21593
23663
21505
21594
23664
21506
21595
23665
21507
21596
23666
21508
21597
23667
21509
21598
23668
21599
23669
21511
23670
21512
23671
21513
23672
21514
23673
21515
23674
21516
23675
21517
23676
21518
23677
21519
23678
21520
23679
21521
23680
21522
23681
21523
23682
21524
23683
21525
23684
21526
23685
21527
23686
21528
23687
21529
23688
21530
23689
21531
23690
21532
23691
21533
23692
21534
23693
21535
23694
21536
23695
21537
23696
21538
23697
21539
23698
21540
23699
21541
23700
21542
23701
21543
23702
21544
23703
21545
23704
21546
23705
21547
23706
21548
23707
21549
23708
21550
23709
21551
23710
21552
23711
21553
23712
21554
23713
21555
23714
21556
23715
21557
23716
21558
23717
21559
23718
21560
23719
21561
23720
21562
23721
21563
23722
21564
23723
21565
23724
21566
23725
21567
23726
21568
23727
21569
23728
21570
23729
21571
23730
21572
23731
21573
23732
21574
23733
21575
23734
21576
23735
21577
23736
21578
23737
21579
23738
21580
23739
21581
23740
21582
23741
21583
23742
21584
23743
21585
23744
21586
23745
21587
23746
21588
23747
21589
23748
21590
23749
21591
23750
21592
23751
21593
23752
21594
23753
21595
23754
21596
23755
21597
23756
21598
23757
21599
23758
23759
21601
21690
23760
21602
21691
23761
21603
21692
23762
21604
21693
23763
21605
21694
23764
21606
21695
23765
21607
21696
23766
21608
21697
23767
21609
21698
23768
21610
21699
23769
21611
21700
23770
21612
21701
23771
21613
21702
23772
21614
21703
23773
21615
21704
23774
21616
21705
23775
21617
21706
23776
21618
21707
23777
21619
21708
23778
21620
21709
23779
21621
21710
23780
21622
21711
23781
21623
21712
23782
21624
21713
23783
21625
21714
23784
21626
21715
23785
21627
21716
23786
21628
21717
23787
21629
21718
23788
21630
21719
23789
21631
21720
23790
21632
21721
23791
21633
21722
23792
21634
21723
23793
21635
21724
23794
21636
21725
23795
21637
21726
23796
21638
21727
23797
21639
21728
23798
21640
21729
23799
21641
21730
23800
21642
21731
23801
21643
21732
23802
21644
21733
23803
21645
21734
23804
21646
21735
23805
21647
21736
23806
21648
21737
23807
21649
21738
23808
21650
21739
23809
21651
21740
23810
21652
21741
23811
21653
21742
23812
21654
21743
23813
21655
21744
23814
21656
21745
23815
21657
21746
23816
21658
21747
23817
21659
21748
23818
21660
21749
23819
21661
21750
23820
21662
21751
23821
21663
21752
23822
21664
21753
23823
21665
21754
23824
21666
21755
23825
21667
21756
23826
21668
21757
23827
21669
21758
23828
21670
21759
23829
21671
21760
23830
21672
21761
23831
21673
21762
23832
21674
21763
23833
21675
21764
23834
21676
21765
23835
21677
21766
23836
21678
21767
23837
21679
21768
23838
21680
21769
23839
21681
21770
23840
21682
21771
23841
21683
21772
23842
21684
21773
23843
21685
21774
23844
21686
21775
23845
21687
21776
23846
21688
21777
23847
21689
21778
23848
21779
23849
21691
21780
23850
21692
21781
23851
21693
21782
23852
21694
21783
23853
21695
21784
23854
21696
21785
23855
21697
21786
23856
21698
21787
23857
21699
21788
23858
21700
21789
23859
21701
21790
23860
21702
21791
23861
21703
21792
23862
21704
21793
23863
21705
21794
23864
21706
21795
23865
21707
21796
23866
21708
21797
23867
21709
21798
23868
21710
21799
23869
21711
21800
23870
21712
21801
23871
21713
21802
23872
21714
21803
23873
21715
21804
23874
21716
21805
23875
21717
21806
23876
21718
21807
23877
21719
21808
23878
21720
21809
23879
21721
21810
23880
21722
21811
23881
21723
21812
23882
21724
21813
23883
21725
21814
23884
21726
21815
23885
21727
21816
23886
21728
21817
23887
21729
21818
23888
21730
21819
23889
21731
21820
23890
21732
21821
23891
21733
21822
23892
21734
21823
23893
21735
21824
23894
21736
21825
23895
21737
21826
23896
21738
21827
23897
21739
21828
23898
21740
21829
23899
21741
21830
23900
21742
21831
23901
21743
21832
23902
21744
21833
23903
21745
21834
23904
21746
21835
23905
21747
21836
23906
21748
21837
23907
21749
21838
23908
21750
21839
23909
21751
21840
23910
21752
21841
23911
21753
21842
23912
21754
21843
23913
21755
21844
23914
21756
21845
23915
21757
21846
23916
21758
21847
23917
21759
21848
23918
21760
21849
23919
21761
21850
23920
21762
21851
23921
21763
21852
23922
21764
21853
23923
21765
21854
23924
21766
21855
23925
21767
21856
23926
21768
21857
23927
21769
21858
23928
21770
21859
23929
21771
21860
23930
21772
21861
23931
21773
21862
23932
21774
21863
23933
21775
21864
23934
21776
21865
23935
21777
21866
23936
21778
21867
23937
21779
21868
23938
21869
23939
21781
21870
23940
21782
21871
23941
21783
21872
23942
21784
21873
23943
21785
21874
23944
21786
21875
23945
21787
21876
23946
21788
21877
23947
21789
21878
23948
21790
21879
23949
21791
21880
23950
21792
21881
23951
21793
21882
23952
21794
21883
23953
21795
21884
23954
21796
21885
23955
21797
21886
23956
21798
21887
23957
21799
21888
23958
21800
21889
23959
21801
21890
23960
21802
21891
23961
21803
21892
23962
21804
21893
23963
21805
21894
23964
21806
21895
23965
21807
21896
23966
21808
21897
23967
21809
21898
23968
21810
21899
23969
21811
21900
23970
21812
21901
23971
21813
21902
23972
21814
21903
23973
21815
21904
23974
21816
21905
23975
21817
21906
23976
21818
21907
23977
21819
21908
23978
21820
21909
23979
21821
21910
23980
21822
21911
23981
21823
21912
23982
21824
21913
23983
21825
21914
23984
21826
21915
23985
21827
21916
23986
21828
21917
23987
21829
21918
23988
21830
21919
23989
21831
21920
23990
21832
21921
23991
21833
21922
23992
21834
21923
23993
21835
21924
23994
21836
21925
23995
21837
21926
23996
21838
21927
23997
21839
21928
23998
21840
21929
23999
21841
21930
24000
21842
21931
24001
21843
21932
24002
21844
21933
24003
21845
21934
24004
21846
21935
24005
21847
21936
24006
21848
21937
24007
21849
21938
24008
21850
21939
24009
21851
21940
24010
21852
21941
24011
21853
21942
24012
21854
21943
24013
21855
21944
24014
21856
21945
24015
21857
21946
24016
21858
21947
24017
21859
21948
24018
21860
21949
24019
21861
21950
24020
21862
21951
24021
21863
21952
24022
21864
21953
24023
21865
21954
24024
21866
21955
24025
21867
21956
24026
21868
21957
24027
21869
21958
24028
21959
24029
21871
21960
24030
21872
21961
24031
21873
21962
24032
21874
21963
24033
21875
21964
24034
21876
21965
24035
21877
21966
24036
21878
21967
24037
21879
21968
24038
21880
21969
24039
21881
21970
24040
21882
21971
24041
21883
21972
24042
21884
21973
24043
21885
21974
24044
21886
21975
24045
21887
21976
24046
21888
21977
24047
21889
21978
24048
21890
21979
24049
21891
21980
24050
21892
21981
24051
21893
21982
24052
21894
21983
24053
21895
21984
24054
21896
21985
24055
21897
21986
24056
21898
21987
24057
21899
21988
24058
21900
21989
24059
21901
21990
24060
21902
21991
24061
21903
21992
24062
21904
21993
24063
21905
21994
24064
21906
21995
24065
21907
21996
24066
21908
21997
24067
21909
21998
24068
21910
21999
24069
21911
22000
24070
21912
22001
24071
21913
22002
24072
21914
22003
24073
21915
22004
24074
21916
22005
24075
21917
22006
24076
21918
22007
24077
21919
22008
24078
21920
22009
24079
21921
22010
24080
21922
22011
24081
21923
22012
24082
21924
22013
24083
21925
22014
24084
21926
22015
24085
21927
22016
24086
21928
22017
24087
21929
22018
24088
21930
22019
24089
21931
22020
24090
21932
22021
24091
21933
22022
24092
21934
22023
24093
21935
22024
24094
21936
22025
24095
21937
22026
24096
21938
22027
24097
21939
22028
24098
21940
22029
24099
21941
22030
24100
21942
22031
24101
21943
22032
24102
21944
22033
24103
21945
22034
24104
21946
22035
24105
21947
22036
24106
21948
22037
24107
21949
22038
24108
21950
22039
24109
21951
22040
24110
21952
22041
24111
21953
22042
24112
21954
22043
24113
21955
22044
24114
21956
22045
24115
21957
22046
24116
21958
22047
24117
21959
22048
24118
22049
24119
21961
22050
24120
21962
22051
24121
21963
22052
24122
21964
22053
24123
21965
22054
24124
21966
22055
24125
21967
22056
24126
21968
22057
24127
21969
22058
24128
21970
22059
24129
21971
22060
24130
21972
22061
24131
21973
22062
24132
21974
22063
24133
21975
22064
24134
21976
22065
24135
21977
22066
24136
21978
22067
24137
21979
22068
24138
21980
22069
24139
21981
22070
24140
21982
22071
24141
21983
22072
24142
21984
22073
24143
21985
22074
24144
21986
22075
24145
21987
22076
24146
21988
22077
24147
21989
22078
24148
21990
22079
24149
21991
22080
24150
21992
22081
24151
21993
22082
24152
21994
22083
24153
21995
22084
24154
21996
22085
24155
21997
22086
24156
21998
22087
24157
21999
22088
24158
22000
22089
24159
22001
22090
24160
22002
22091
24161
22003
22092
24162
22004
22093
24163
22005
22094
24164
22006
22095
24165
22007
22096
24166
22008
22097
24167
22009
22098
24168
22010
22099
24169
22011
22100
24170
22012
22101
24171
22013
22102
24172
22014
22103
24173
22015
22104
24174
22016
22105
24175
22017
22106
24176
22018
22107
24177
22019
22108
24178
22020
22109
24179
22021
22110
24180
22022
22111
24181
22023
22112
24182
22024
22113
24183
22025
22114
24184
22026
22115
24185
22027
22116
24186
22028
22117
24187
22029
22118
24188
22030
22119
24189
22031
22120
24190
22032
22121
24191
22033
22122
24192
22034
22123
24193
22035
22124
24194
22036
22125
24195
22037
22126
24196
22038
22127
24197
22039
22128
24198
22040
22129
24199
22041
22130
24200
22042
22131
24201
22043
22132
24202
22044
22133
24203
22045
22134
24204
22046
22135
24205
22047
22136
24206
22048
22137
24207
22049
22138
24208
22139
24209
22051
22140
24210
22052
22141
24211
22053
22142
24212
22054
22143
24213
22055
22144
24214
22056
22145
24215
22057
22146
24216
22058
22147
24217
22059
22148
24218
22060
22149
24219
22061
22150
24220
22062
22151
24221
22063
22152
24222
22064
22153
24223
22065
22154
24224
22066
22155
24225
22067
22156
24226
22068
22157
24227
22069
22158
24228
22070
22159
24229
22071
22160
24230
22072
22161
24231
22073
22162
24232
22074
22163
24233
22075
22164
24234
22076
22165
24235
22077
22166
24236
22078
22167
24237
22079
22168
24238
22080
22169
24239
22081
22170
24240
22082
22171
24241
22083
22172
24242
22084
22173
24243
22085
22174
24244
22086
22175
24245
22087
22176
24246
22088
22177
24247
22089
22178
24248
22090
22179
24249
22091
22180
24250
22092
22181
24251
22093
22182
24252
22094
22183
24253
22095
22184
24254
22096
22185
24255
22097
22186
24256
22098
22187
24257
22099
22188
24258
22100
22189
24259
22101
22190
24260
22102
22191
24261
22103
22192
24262
22104
22193
24263
22105
22194
24264
22106
22195
24265
22107
22196
24266
22108
22197
24267
22109
22198
24268
22110
22199
24269
22111
22200
24270
22112
22201
24271
22113
22202
24272
22114
22203
24273
22115
22204
24274
22116
22205
24275
22117
22206
24276
22118
22207
24277
22119
22208
24278
22120
22209
24279
22121
22210
24280
22122
22211
24281
22123
22212
24282
22124
22213
24283
22125
22214
24284
22126
22215
24285
22127
22216
24286
22128
22217
24287
22129
22218
24288
22130
22219
24289
22131
22220
24290
22132
22221
24291
22133
22222
24292
22134
22223
24293
22135
22224
24294
22136
22225
24295
22137
22226
24296
22138
22227
24297
22139
22228
24298
22229
24299
22141
22230
24300
22142
22231
24301
22143
22232
24302
22144
22233
24303
22145
22234
24304
22146
22235
24305
22147
22236
24306
22148
22237
24307
22149
22238
24308
22150
22239
24309
22151
22240
24310
22152
22241
24311
22153
22242
24312
22154
22243
24313
22155
22244
24314
22156
22245
24315
22157
22246
24316
22158
22247
24317
22159
22248
24318
22160
22249
24319
22161
22250
24320
22162
22251
24321
22163
22252
24322
22164
22253
24323
22165
22254
24324
22166
22255
24325
22167
22256
24326
22168
22257
24327
22169
22258
24328
22170
22259
24329
22171
22260
24330
22172
22261
24331
22173
22262
24332
22174
22263
24333
22175
22264
24334
22176
22265
24335
22177
22266
24336
22178
22267
24337
22179
22268
24338
22180
22269
24339
22181
22270
24340
22182
22271
24341
22183
22272
24342
22184
22273
24343
22185
22274
24344
22186
22275
24345
22187
22276
24346
22188
22277
24347
22189
22278
24348
22190
22279
24349
22191
22280
24350
22192
22281
24351
22193
22282
24352
22194
22283
24353
22195
22284
24354
22196
22285
24355
22197
22286
24356
22198
22287
24357
22199
22288
24358
22200
22289
24359
22201
22290
24360
22202
22291
24361
22203
22292
24362
22204
22293
24363
22205
22294
24364
22206
22295
24365
22207
22296
24366
22208
22297
24367
22209
22298
24368
22210
22299
24369
22211
22300
24370
22212
22301
24371
22213
22302
24372
22214
22303
24373
22215
22304
24374
22216
22305
24375
22217
22306
24376
22218
22307
24377
22219
22308
24378
22220
22309
24379
22221
22310
24380
22222
22311
24381
22223
22312
24382
22224
22313
24383
22225
22314
24384
22226
22315
24385
22227
22316
24386
22228
22317
24387
22229
22318
24388
22319
24389
22231
22320
24390
22232
22321
24391
22233
22322
24392
22234
22323
24393
22235
22324
24394
22236
22325
24395
22237
22326
24396
22238
22327
24397
22239
22328
24398
22240
22329
24399
22241
22330
24400
22242
22331
24401
22243
22332
24402
22244
22333
24403
22245
22334
24404
22246
22335
24405
22247
22336
24406
22248
22337
24407
22249
22338
24408
22250
22339
24409
22251
22340
24410
22252
22341
24411
22253
22342
24412
22254
22343
24413
22255
22344
24414
22256
22345
24415
22257
22346
24416
22258
22347
24417
22259
22348
24418
22260
22349
24419
22261
22350
24420
22262
22351
24421
22263
22352
24422
22264
22353
24423
22265
22354
24424
22266
22355
24425
22267
22356
24426
22268
22357
24427
22269
22358
24428
22270
22359
24429
22271
22360
24430
22272
22361
24431
22273
22362
24432
22274
22363
24433
22275
22364
24434
22276
22365
24435
22277
22366
24436
22278
22367
24437
22279
22368
24438
22280
22369
24439
22281
22370
24440
22282
22371
24441
22283
22372
24442
22284
22373
24443
22285
22374
24444
22286
22375
24445
22287
22376
24446
22288
22377
24447
22289
22378
24448
22290
22379
24449
22291
22380
24450
22292
22381
24451
22293
22382
24452
22294
22383
24453
22295
22384
24454
22296
22385
24455
22297
22386
24456
22298
22387
24457
22299
22388
24458
22300
22389
24459
22301
22390
24460
22302
22391
24461
22303
22392
24462
22304
22393
24463
22305
22394
24464
22306
22395
24465
22307
22396
24466
22308
22397
24467
22309
22398
24468
22310
22399
24469
22311
22400
24470
22312
22401
24471
22313
22402
24472
22314
22403
24473
22315
22404
24474
22316
22405
24475
22317
22406
24476
22318
22407
24477
22319
22408
24478
22409
24479
22321
22410
24480
22322
22411
24481
22323
22412
24482
22324
22413
24483
22325
22414
24484
22326
22415
24485
22327
22416
24486
22328
22417
24487
22329
22418
24488
22330
22419
24489
22331
22420
24490
22332
22421
24491
22333
22422
24492
22334
22423
24493
22335
22424
24494
22336
22425
24495
22337
22426
24496
22338
22427
24497
22339
22428
24498
22340
22429
24499
22341
22430
24500
22342
22431
24501
22343
22432
24502
22344
22433
24503
22345
22434
24504
22346
22435
24505
22347
22436
24506
22348
22437
24507
22349
22438
24508
22350
22439
24509
22351
22440
24510
22352
22441
24511
22353
22442
24512
22354
22443
24513
22355
22444
24514
22356
22445
24515
22357
22446
24516
22358
22447
24517
22359
22448
24518
22360
22449
24519
22361
22450
24520
22362
22451
24521
22363
22452
24522
22364
22453
24523
22365
22454
24524
22366
22455
24525
22367
22456
24526
22368
22457
24527
22369
22458
24528
22370
22459
24529
22371
22460
24530
22372
22461
24531
22373
22462
24532
22374
22463
24533
22375
22464
24534
22376
22465
24535
22377
22466
24536
22378
22467
24537
22379
22468
24538
22380
22469
24539
22381
22470
24540
22382
22471
24541
22383
22472
24542
22384
22473
24543
22385
22474
24544
22386
22475
24545
22387
22476
24546
22388
22477
24547
22389
22478
24548
22390
22479
24549
22391
22480
24550
22392
22481
24551
22393
22482
24552
22394
22483
24553
22395
22484
24554
22396
22485
24555
22397
22486
24556
22398
22487
24557
22399
22488
24558
22400
22489
24559
22401
22490
24560
22402
22491
24561
22403
22492
24562
22404
22493
24563
22405
22494
24564
22406
22495
24565
22407
22496
24566
22408
22497
24567
22409
22498
24568
22499
24569
22411
22500
24570
22412
22501
24571
22413
22502
24572
22414
22503
24573
22415
22504
24574
22416
22505
24575
22417
22506
24576
22418
22507
24577
22419
22508
24578
22420
22509
24579
22421
22510
24580
22422
22511
24581
22423
22512
24582
22424
22513
24583
22425
22514
24584
22426
22515
24585
22427
22516
24586
22428
22517
24587
22429
22518
24588
22430
22519
24589
22431
22520
24590
22432
22521
24591
22433
22522
24592
22434
22523
24593
22435
22524
24594
22436
22525
24595
22437
22526
24596
22438
22527
24597
22439
22528
24598
22440
22529
24599
22441
22530
24600
22442
22531
24601
22443
22532
24602
22444
22533
24603
22445
22534
24604
22446
22535
24605
22447
22536
24606
22448
22537
24607
22449
22538
24608
22450
22539
24609
22451
22540
24610
22452
22541
24611
22453
22542
24612
22454
22543
24613
22455
22544
24614
22456
22545
24615
22457
22546
24616
22458
22547
24617
22459
22548
24618
22460
22549
24619
22461
22550
24620
22462
22551
24621
22463
22552
24622
22464
22553
24623
22465
22554
24624
22466
22555
24625
22467
22556
24626
22468
22557
24627
22469
22558
24628
22470
22559
24629
22471
22560
24630
22472
22561
24631
22473
22562
24632
22474
22563
24633
22475
22564
24634
22476
22565
24635
22477
22566
24636
22478
22567
24637
22479
22568
24638
22480
22569
24639
22481
22570
24640
22482
22571
24641
22483
22572
24642
22484
22573
24643
22485
22574
24644
22486
22575
24645
22487
22576
24646
22488
22577
24647
22489
22578
24648
22490
22579
24649
22491
22580
24650
22492
22581
24651
22493
22582
24652
22494
22583
24653
22495
22584
24654
22496
22585
24655
22497
22586
24656
22498
22587
24657
22499
22588
24658
22589
24659
22501
22590
24660
22502
22591
24661
22503
22592
24662
22504
22593
24663
22505
22594
24664
22506
22595
24665
22507
22596
24666
22508
22597
24667
22509
22598
24668
22510
22599
24669
22511
22600
24670
22512
22601
24671
22513
22602
24672
22514
22603
24673
22515
22604
24674
22516
22605
24675
22517
22606
24676
22518
22607
24677
22519
22608
24678
22520
22609
24679
22521
22610
24680
22522
22611
24681
22523
22612
24682
22524
22613
24683
22525
22614
24684
22526
22615
24685
22527
22616
24686
22528
22617
24687
22529
22618
24688
22530
22619
24689
22531
22620
24690
22532
22621
24691
22533
22622
24692
22534
22623
24693
22535
22624
24694
22536
22625
24695
22537
22626
24696
22538
22627
24697
22539
22628
24698
22540
22629
24699
22541
22630
24700
22542
22631
24701
22543
22632
24702
22544
22633
24703
22545
22634
24704
22546
22635
24705
22547
22636
24706
22548
22637
24707
22549
22638
24708
22550
22639
24709
22551
22640
24710
22552
22641
24711
22553
22642
24712
22554
22643
24713
22555
22644
24714
22556
22645
24715
22557
22646
24716
22558
22647
24717
22559
22648
24718
22560
22649
24719
22561
22650
24720
22562
22651
24721
22563
22652
24722
22564
22653
24723
22565
22654
24724
22566
22655
24725
22567
22656
24726
22568
22657
24727
22569
22658
24728
22570
22659
24729
22571
22660
24730
22572
22661
24731
22573
22662
24732
22574
22663
24733
22575
22664
24734
22576
22665
24735
22577
22666
24736
22578
22667
24737
22579
22668
24738
22580
22669
24739
22581
22670
24740
22582
22671
24741
22583
22672
24742
22584
22673
24743
22585
22674
24744
22586
22675
24745
22587
22676
24746
22588
22677
24747
22589
22678
24748
22679
24749
22591
22680
24750
22592
22681
24751
22593
22682
24752
22594
22683
24753
22595
22684
24754
22596
22685
24755
22597
22686
24756
22598
22687
24757
22599
22688
24758
22600
22689
24759
22601
22690
24760
22602
22691
24761
22603
22692
24762
22604
22693
24763
22605
22694
24764
22606
22695
24765
22607
22696
24766
22608
22697
24767
22609
22698
24768
22610
22699
24769
22611
22700
24770
22612
22701
24771
22613
22702
24772
22614
22703
24773
22615
22704
24774
22616
22705
24775
22617
22706
24776
22618
22707
24777
22619
22708
24778
22620
22709
24779
22621
22710
24780
22622
22711
24781
22623
22712
24782
22624
22713
24783
22625
22714
24784
22626
22715
24785
22627
22716
24786
22628
22717
24787
22629
22718
24788
22630
22719
24789
22631
22720
24790
22632
22721
24791
22633
22722
24792
22634
22723
24793
22635
22724
24794
22636
22725
24795
22637
22726
24796
22638
22727
24797
22639
22728
24798
22640
22729
24799
22641
22730
24800
22642
22731
24801
22643
22732
24802
22644
22733
24803
22645
22734
24804
22646
22735
24805
22647
22736
24806
22648
22737
24807
22649
22738
24808
22650
22739
24809
22651
22740
24810
22652
22741
24811
22653
22742
24812
22654
22743
24813
22655
22744
24814
22656
22745
24815
22657
22746
24816
22658
22747
24817
22659
22748
24818
22660
22749
24819
22661
22750
24820
22662
22751
24821
22663
22752
24822
22664
22753
24823
22665
22754
24824
22666
22755
24825
22667
22756
24826
22668
22757
24827
22669
22758
24828
22670
22759
24829
22671
22760
24830
22672
22761
24831
22673
22762
24832
22674
22763
24833
22675
22764
24834
22676
22765
24835
22677
22766
24836
22678
22767
24837
22679
22768
24838
22769
24839
22681
22770
24840
22682
22771
24841
22683
22772
24842
22684
22773
24843
22685
22774
24844
22686
22775
24845
22687
22776
24846
22688
22777
24847
22689
22778
24848
22690
22779
24849
22691
22780
24850
22692
22781
24851
22693
22782
24852
22694
22783
24853
22695
22784
24854
22696
22785
24855
22697
22786
24856
22698
22787
24857
22699
22788
24858
22700
22789
24859
22701
22790
24860
22702
22791
24861
22703
22792
24862
22704
22793
24863
22705
22794
24864
22706
22795
24865
22707
22796
24866
22708
22797
24867
22709
22798
24868
22710
22799
24869
22711
22800
24870
22712
22801
24871
22713
22802
24872
22714
22803
24873
22715
22804
24874
22716
22805
24875
22717
22806
24876
22718
22807
24877
22719
22808
24878
22720
22809
24879
22721
22810
24880
22722
22811
24881
22723
22812
24882
22724
22813
24883
22725
22814
24884
22726
22815
24885
22727
22816
24886
22728
22817
24887
22729
22818
24888
22730
22819
24889
22731
22820
24890
22732
22821
24891
22733
22822
24892
22734
22823
24893
22735
22824
24894
22736
22825
24895
22737
22826
24896
22738
22827
24897
22739
22828
24898
22740
22829
24899
22741
22830
24900
22742
22831
24901
22743
22832
24902
22744
22833
24903
22745
22834
24904
22746
22835
24905
22747
22836
24906
22748
22837
24907
22749
22838
24908
22750
22839
24909
22751
22840
24910
22752
22841
24911
22753
22842
24912
22754
22843
24913
22755
22844
24914
22756
22845
24915
22757
22846
24916
22758
22847
24917
22759
22848
24918
22760
22849
24919
22761
22850
24920
22762
22851
24921
22763
22852
24922
22764
22853
24923
22765
22854
24924
22766
22855
24925
22767
22856
24926
22768
22857
24927
22769
22858
24928
22859
24929
22771
22860
24930
22772
22861
24931
22773
22862
24932
22774
22863
24933
22775
22864
24934
22776
22865
24935
22777
22866
24936
22778
22867
24937
22779
22868
24938
22780
22869
24939
22781
22870
24940
22782
22871
24941
22783
22872
24942
22784
22873
24943
22785
22874
24944
22786
22875
24945
22787
22876
24946
22788
22877
24947
22789
22878
24948
22790
22879
24949
22791
22880
24950
22792
22881
24951
22793
22882
24952
22794
22883
24953
22795
22884
24954
22796
22885
24955
22797
22886
24956
22798
22887
24957
22799
22888
24958
22800
22889
24959
22801
22890
24960
22802
22891
24961
22803
22892
24962
22804
22893
24963
22805
22894
24964
22806
22895
24965
22807
22896
24966
22808
22897
24967
22809
22898
24968
22810
22899
24969
22811
22900
24970
22812
22901
24971
22813
22902
24972
22814
22903
24973
22815
22904
24974
22816
22905
24975
22817
22906
24976
22818
22907
24977
22819
22908
24978
22820
22909
24979
22821
22910
24980
22822
22911
24981
22823
22912
24982
22824
22913
24983
22825
22914
24984
22826
22915
24985
22827
22916
24986
22828
22917
24987
22829
22918
24988
22830
22919
24989
22831
22920
24990
22832
22921
24991
22833
22922
24992
22834
22923
24993
22835
22924
24994
22836
22925
24995
22837
22926
24996
22838
22927
24997
22839
22928
24998
22840
22929
24999
22841
22930
25000
22842
22931
25001
22843
22932
25002
22844
22933
25003
22845
22934
25004
22846
22935
25005
22847
22936
25006
22848
22937
25007
22849
22938
25008
22850
22939
25009
22851
22940
25010
22852
22941
25011
22853
22942
25012
22854
22943
25013
22855
22944
25014
22856
22945
25015
22857
22946
25016
22858
22947
25017
22859
22948
25018
22949
25019
22861
22950
25020
22862
22951
25021
22863
22952
25022
22864
22953
25023
22865
22954
25024
22866
22955
25025
22867
22956
25026
22868
22957
25027
22869
22958
25028
22870
22959
25029
22871
22960
25030
22872
22961
25031
22873
22962
25032
22874
22963
25033
22875
22964
25034
22876
22965
25035
22877
22966
25036
22878
22967
25037
22879
22968
25038
22880
22969
25039
22881
22970
25040
22882
22971
25041
22883
22972
25042
22884
22973
25043
22885
22974
25044
22886
22975
25045
22887
22976
25046
22888
22977
25047
22889
22978
25048
22890
22979
25049
22891
22980
25050
22892
22981
25051
22893
22982
25052
22894
22983
25053
22895
22984
25054
22896
22985
25055
22897
22986
25056
22898
22987
25057
22899
22988
25058
22900
22989
25059
22901
22990
25060
22902
22991
25061
22903
22992
25062
22904
22993
25063
22905
22994
25064
22906
22995
25065
22907
22996
25066
22908
22997
25067
22909
22998
25068
22910
22999
25069
22911
23000
25070
22912
23001
25071
22913
23002
25072
22914
23003
25073
22915
23004
25074
22916
23005
25075
22917
23006
25076
22918
23007
25077
22919
23008
25078
22920
23009
25079
22921
23010
25080
22922
23011
25081
22923
23012
25082
22924
23013
25083
22925
23014
25084
22926
23015
25085
22927
23016
25086
22928
23017
25087
22929
23018
25088
22930
23019
25089
22931
23020
25090
22932
23021
25091
22933
23022
25092
22934
23023
25093
22935
23024
25094
22936
23025
25095
22937
23026
25096
22938
23027
25097
22939
23028
25098
22940
23029
25099
22941
23030
25100
22942
23031
25101
22943
23032
25102
22944
23033
25103
22945
23034
25104
22946
23035
25105
22947
23036
25106
22948
23037
25107
22949
23038
25108
23039
25109
22951
23040
25110
22952
23041
25111
22953
23042
25112
22954
23043
25113
22955
23044
25114
22956
23045
25115
22957
23046
25116
22958
23047
25117
22959
23048
25118
22960
23049
25119
22961
23050
25120
22962
23051
25121
22963
23052
25122
22964
23053
25123
22965
23054
25124
22966
23055
25125
22967
23056
25126
22968
23057
25127
22969
23058
25128
22970
23059
25129
22971
23060
25130
22972
23061
25131
22973
23062
25132
22974
23063
25133
22975
23064
25134
22976
23065
25135
22977
23066
25136
22978
23067
25137
22979
23068
25138
22980
23069
25139
22981
23070
25140
22982
23071
25141
22983
23072
25142
22984
23073
25143
22985
23074
25144
22986
23075
25145
22987
23076
25146
22988
23077
25147
22989
23078
25148
22990
23079
25149
22991
23080
25150
22992
23081
25151
22993
23082
25152
22994
23083
25153
22995
23084
25154
22996
23085
25155
22997
23086
25156
22998
23087
25157
22999
23088
25158
23000
23089
25159
23001
23090
25160
23002
23091
25161
23003
23092
25162
23004
23093
25163
23005
23094
25164
23006
23095
25165
23007
23096
25166
23008
23097
25167
23009
23098
25168
23010
23099
25169
23011
23100
25170
23012
23101
25171
23013
23102
25172
23014
23103
25173
23015
23104
25174
23016
23105
25175
23017
23106
25176
23018
23107
25177
23019
23108
25178
23020
23109
25179
23021
23110
25180
23022
23111
25181
23023
23112
25182
23024
23113
25183
23025
23114
25184
23026
23115
25185
23027
23116
25186
23028
23117
25187
23029
23118
25188
23030
23119
25189
23031
23120
25190
23032
23121
25191
23033
23122
25192
23034
23123
25193
23035
23124
25194
23036
23125
25195
23037
23126
25196
23038
23127
25197
23039
23128
25198
23129
25199
23041
23130
25200
23042
23131
25201
23043
23132
25202
23044
23133
25203
23045
23134
25204
23046
23135
25205
23047
23136
25206
23048
23137
25207
23049
23138
25208
23050
23139
25209
23051
23140
25210
23052
23141
25211
23053
23142
25212
23054
23143
25213
23055
23144
25214
23056
23145
25215
23057
23146
25216
23058
23147
25217
23059
23148
25218
23060
23149
25219
23061
23150
25220
23062
23151
25221
23063
23152
25222
23064
23153
25223
23065
23154
25224
23066
23155
25225
23067
23156
25226
23068
23157
25227
23069
23158
25228
23070
23159
25229
23071
23160
25230
23072
23161
25231
23073
23162
25232
23074
23163
25233
23075
23164
25234
23076
23165
25235
23077
23166
25236
23078
23167
25237
23079
23168
25238
23080
23169
25239
23081
23170
25240
23082
23171
25241
23083
23172
25242
23084
23173
25243
23085
23174
25244
23086
23175
25245
23087
23176
25246
23088
23177
25247
23089
23178
25248
23090
23179
25249
23091
23180
25250
23092
23181
25251
23093
23182
25252
23094
23183
25253
23095
23184
25254
23096
23185
25255
23097
23186
25256
23098
23187
25257
23099
23188
25258
23100
23189
25259
23101
23190
25260
23102
23191
25261
23103
23192
25262
23104
23193
25263
23105
23194
25264
23106
23195
25265
23107
23196
25266
23108
23197
25267
23109
23198
25268
23110
23199
25269
23111
23200
25270
23112
23201
25271
23113
23202
25272
23114
23203
25273
23115
23204
25274
23116
23205
25275
23117
23206
25276
23118
23207
25277
23119
23208
25278
23120
23209
25279
23121
23210
25280
23122
23211
25281
23123
23212
25282
23124
23213
25283
23125
23214
25284
23126
23215
25285
23127
23216
25286
23128
23217
25287
23129
23218
25288
23219
25289
23131
23220
25290
23132
23221
25291
23133
23222
25292
23134
23223
25293
23135
23224
25294
23136
23225
25295
23137
23226
25296
23138
23227
25297
23139
23228
25298
23140
23229
25299
23141
23230
25300
23142
23231
25301
23143
23232
25302
23144
23233
25303
23145
23234
25304
23146
23235
25305
23147
23236
25306
23148
23237
25307
23149
23238
25308
23150
23239
25309
23151
23240
25310
23152
23241
25311
23153
23242
25312
23154
23243
25313
23155
23244
25314
23156
23245
25315
23157
23246
25316
23158
23247
25317
23159
23248
25318
23160
23249
25319
23161
23250
25320
23162
23251
25321
23163
23252
25322
23164
23253
25323
23165
23254
25324
23166
23255
25325
23167
23256
25326
23168
23257
25327
23169
23258
25328
23170
23259
25329
23171
23260
25330
23172
23261
25331
23173
23262
25332
23174
23263
25333
23175
23264
25334
23176
23265
25335
23177
23266
25336
23178
23267
25337
23179
23268
25338
23180
23269
25339
23181
23270
25340
23182
23271
25341
23183
23272
25342
23184
23273
25343
23185
23274
25344
23186
23275
25345
23187
23276
25346
23188
23277
25347
23189
23278
25348
23190
23279
25349
23191
23280
25350
23192
23281
25351
23193
23282
25352
23194
23283
25353
23195
23284
25354
23196
23285
25355
23197
23286
25356
23198
23287
25357
23199
23288
25358
23200
23289
25359
23201
23290
25360
23202
23291
25361
23203
23292
25362
23204
23293
25363
23205
23294
25364
23206
23295
25365
23207
23296
25366
23208
23297
25367
23209
23298
25368
23210
23299
25369
23211
23300
25370
23212
23301
25371
23213
23302
25372
23214
23303
25373
23215
23304
25374
23216
23305
25375
23217
23306
25376
23218
23307
25377
23219
23308
25378
23309
25379
23221
23310
25380
23222
23311
25381
23223
23312
25382
23224
23313
25383
23225
23314
25384
23226
23315
25385
23227
23316
25386
23228
23317
25387
23229
23318
25388
23230
23319
25389
23231
23320
25390
23232
23321
25391
23233
23322
25392
23234
23323
25393
23235
23324
25394
23236
23325
25395
23237
23326
25396
23238
23327
25397
23239
23328
25398
23240
23329
25399
23241
23330
25400
23242
23331
25401
23243
23332
25402
23244
23333
25403
23245
23334
25404
23246
23335
25405
23247
23336
25406
23248
23337
25407
23249
23338
25408
23250
23339
25409
23251
23340
25410
23252
23341
25411
23253
23342
25412
23254
23343
25413
23255
23344
25414
23256
23345
25415
23257
23346
25416
23258
23347
25417
23259
23348
25418
23260
23349
25419
23261
23350
25420
23262
23351
25421
23263
23352
25422
23264
23353
25423
23265
23354
25424
23266
23355
25425
23267
23356
25426
23268
23357
25427
23269
23358
25428
23270
23359
25429
23271
23360
25430
23272
23361
25431
23273
23362
25432
23274
23363
25433
23275
23364
25434
23276
23365
25435
23277
23366
25436
23278
23367
25437
23279
23368
25438
23280
23369
25439
23281
23370
25440
23282
23371
25441
23283
23372
25442
23284
23373
25443
23285
23374
25444
23286
23375
25445
23287
23376
25446
23288
23377
25447
23289
23378
25448
23290
23379
25449
23291
23380
25450
23292
23381
25451
23293
23382
25452
23294
23383
25453
23295
23384
25454
23296
23385
25455
23297
23386
25456
23298
23387
25457
23299
23388
25458
23300
23389
25459
23301
23390
25460
23302
23391
25461
23303
23392
25462
23304
23393
25463
23305
23394
25464
23306
23395
25465
23307
23396
25466
23308
23397
25467
23309
23398
25468
23399
25469
23311
23400
25470
23312
23401
25471
23313
23402
25472
23314
23403
25473
23315
23404
25474
23316
23405
25475
23317
23406
25476
23318
23407
25477
23319
23408
25478
23320
23409
25479
23321
23410
25480
23322
23411
25481
23323
23412
25482
23324
23413
25483
23325
23414
25484
23326
23415
25485
23327
23416
25486
23328
23417
25487
23329
23418
25488
23330
23419
25489
23331
23420
25490
23332
23421
25491
23333
23422
25492
23334
23423
25493
23335
23424
25494
23336
23425
25495
23337
23426
25496
23338
23427
25497
23339
23428
25498
23340
23429
25499
23341
23430
25500
23342
23431
25501
23343
23432
25502
23344
23433
25503
23345
23434
25504
23346
23435
25505
23347
23436
25506
23348
23437
25507
23349
23438
25508
23350
23439
25509
23351
23440
25510
23352
23441
25511
23353
23442
25512
23354
23443
25513
23355
23444
25514
23356
23445
25515
23357
23446
25516
23358
23447
25517
23359
23448
25518
23360
23449
25519
23361
23450
25520
23362
23451
25521
23363
23452
25522
23364
23453
25523
23365
23454
25524
23366
23455
25525
23367
23456
25526
23368
23457
25527
23369
23458
25528
23370
23459
25529
23371
23460
25530
23372
23461
25531
23373
23462
25532
23374
23463
25533
23375
23464
25534
23376
23465
25535
23377
23466
25536
23378
23467
25537
23379
23468
25538
23380
23469
25539
23381
23470
25540
23382
23471
25541
23383
23472
25542
23384
23473
25543
23385
23474
25544
23386
23475
25545
23387
23476
25546
23388
23477
25547
23389
23478
25548
23390
23479
25549
23391
23480
25550
23392
23481
25551
23393
23482
25552
23394
23483
25553
23395
23484
25554
23396
23485
25555
23397
23486
25556
23398
23487
25557
23399
23488
25558
23489
25559
23401
23490
25560
23402
23491
25561
23403
23492
25562
23404
23493
25563
23405
23494
25564
23406
23495
25565
23407
23496
25566
23408
23497
25567
23409
23498
25568
23410
23499
25569
23411
23500
25570
23412
23501
25571
23413
23502
25572
23414
23503
25573
23415
23504
25574
23416
23505
25575
23417
23506
25576
23418
23507
25577
23419
23508
25578
23420
23509
25579
23421
23510
25580
23422
23511
25581
23423
23512
25582
23424
23513
25583
23425
23514
25584
23426
23515
25585
23427
23516
25586
23428
23517
25587
23429
23518
25588
23430
23519
25589
23431
23520
25590
23432
23521
25591
23433
23522
25592
23434
23523
25593
23435
23524
25594
23436
23525
25595
23437
23526
25596
23438
23527
25597
23439
23528
25598
23440
23529
25599
23441
23530
25600
23442
23531
25601
23443
23532
25602
23444
23533
25603
23445
23534
25604
23446
23535
25605
23447
23536
25606
23448
23537
25607
23449
23538
25608
23450
23539
25609
23451
23540
25610
23452
23541
25611
23453
23542
25612
23454
23543
25613
23455
23544
25614
23456
23545
25615
23457
23546
25616
23458
23547
25617
23459
23548
25618
23460
23549
25619
23461
23550
25620
23462
23551
25621
23463
23552
25622
23464
23553
25623
23465
23554
25624
23466
23555
25625
23467
23556
25626
23468
23557
25627
23469
23558
25628
23470
23559
25629
23471
23560
25630
23472
23561
25631
23473
23562
25632
23474
23563
25633
23475
23564
25634
23476
23565
25635
23477
23566
25636
23478
23567
25637
23479
23568
25638
23480
23569
25639
23481
23570
25640
23482
23571
25641
23483
23572
25642
23484
23573
25643
23485
23574
25644
23486
23575
25645
23487
23576
25646
23488
23577
25647
23489
23578
25648
23579
25649
23491
23580
25650
23492
23581
25651
23493
23582
25652
23494
23583
25653
23495
23584
25654
23496
23585
25655
23497
23586
25656
23498
23587
25657
23499
23588
25658
23500
23589
25659
23501
23590
25660
23502
23591
25661
23503
23592
25662
23504
23593
25663
23505
23594
25664
23506
23595
25665
23507
23596
25666
23508
23597
25667
23509
23598
25668
23510
23599
25669
23511
23600
25670
23512
23601
25671
23513
23602
25672
23514
23603
25673
23515
23604
25674
23516
23605
25675
23517
23606
25676
23518
23607
25677
23519
23608
25678
23520
23609
25679
23521
23610
25680
23522
23611
25681
23523
23612
25682
23524
23613
25683
23525
23614
25684
23526
23615
25685
23527
23616
25686
23528
23617
25687
23529
23618
25688
23530
23619
25689
23531
23620
25690
23532
23621
25691
23533
23622
25692
23534
23623
25693
23535
23624
25694
23536
23625
25695
23537
23626
25696
23538
23627
25697
23539
23628
25698
23540
23629
25699
23541
23630
25700
23542
23631
25701
23543
23632
25702
23544
23633
25703
23545
23634
25704
23546
23635
25705
23547
23636
25706
23548
23637
25707
23549
23638
25708
23550
23639
25709
23551
23640
25710
23552
23641
25711
23553
23642
25712
23554
23643
25713
23555
23644
25714
23556
23645
25715
23557
23646
25716
23558
23647
25717
23559
23648
25718
23560
23649
25719
23561
23650
25720
23562
23651
25721
23563
23652
25722
23564
23653
25723
23565
23654
25724
23566
23655
25725
23567
23656
25726
23568
23657
25727
23569
23658
25728
23570
23659
25729
23571
23660
25730
23572
23661
25731
23573
23662
25732
23574
23663
25733
23575
23664
25734
23576
23665
25735
23577
23666
25736
23578
23667
25737
23579
23668
25738
23669
25739
23581
23670
25740
23582
23671
25741
23583
23672
25742
23584
23673
25743
23585
23674
25744
23586
23675
25745
23587
23676
25746
23588
23677
25747
23589
23678
25748
23590
23679
25749
23591
23680
25750
23592
23681
25751
23593
23682
25752
23594
23683
25753
23595
23684
25754
23596
23685
25755
23597
23686
25756
23598
23687
25757
23599
23688
25758
23600
23689
25759
23601
23690
25760
23602
23691
25761
23603
23692
25762
23604
23693
25763
23605
23694
25764
23606
23695
25765
23607
23696
25766
23608
23697
25767
23609
23698
25768
23610
23699
25769
23611
23700
25770
23612
23701
25771
23613
23702
25772
23614
23703
25773
23615
23704
25774
23616
23705
25775
23617
23706
25776
23618
23707
25777
23619
23708
25778
23620
23709
25779
23621
23710
25780
23622
23711
25781
23623
23712
25782
23624
23713
25783
23625
23714
25784
23626
23715
25785
23627
23716
25786
23628
23717
25787
23629
23718
25788
23630
23719
25789
23631
23720
25790
23632
23721
25791
23633
23722
25792
23634
23723
25793
23635
23724
25794
23636
23725
25795
23637
23726
25796
23638
23727
25797
23639
23728
25798
23640
23729
25799
23641
23730
25800
23642
23731
25801
23643
23732
25802
23644
23733
25803
23645
23734
25804
23646
23735
25805
23647
23736
25806
23648
23737
25807
23649
23738
25808
23650
23739
25809
23651
23740
25810
23652
23741
25811
23653
23742
25812
23654
23743
25813
23655
23744
25814
23656
23745
25815
23657
23746
25816
23658
23747
25817
23659
23748
25818
23660
23749
25819
23661
23750
25820
23662
23751
25821
23663
23752
25822
23664
23753
25823
23665
23754
25824
23666
23755
25825
23667
23756
25826
23668
23757
25827
23669
23758
25828
23759
25829
23671
25830
23672
25831
23673
25832
23674
25833
23675
25834
23676
25835
23677
25836
23678
25837
23679
25838
23680
25839
23681
25840
23682
25841
23683
25842
23684
25843
23685
25844
23686
25845
23687
25846
23688
25847
23689
25848
23690
25849
23691
25850
23692
25851
23693
25852
23694
25853
23695
25854
23696
25855
23697
25856
23698
25857
23699
25858
23700
25859
23701
25860
23702
25861
23703
25862
23704
25863
23705
25864
23706
25865
23707
25866
23708
25867
23709
25868
23710
25869
23711
25870
23712
25871
23713
25872
23714
25873
23715
25874
23716
25875
23717
25876
23718
25877
23719
25878
23720
25879
23721
25880
23722
25881
23723
25882
23724
25883
23725
25884
23726
25885
23727
25886
23728
25887
23729
25888
23730
25889
23731
25890
23732
25891
23733
25892
23734
25893
23735
25894
23736
25895
23737
25896
23738
25897
23739
25898
23740
25899
23741
25900
23742
25901
23743
25902
23744
25903
23745
25904
23746
25905
23747
25906
23748
25907
23749
25908
23750
25909
23751
25910
23752
25911
23753
25912
23754
25913
23755
25914
23756
25915
23757
25916
23758
25917
23759
25918
25919
23761
23850
25920
23762
23851
25921
23763
23852
25922
23764
23853
25923
23765
23854
25924
23766
23855
25925
23767
23856
25926
23768
23857
25927
23769
23858
25928
23770
23859
25929
23771
23860
25930
23772
23861
25931
23773
23862
25932
23774
23863
25933
23775
23864
25934
23776
23865
25935
23777
23866
25936
23778
23867
25937
23779
23868
25938
23780
23869
25939
23781
23870
25940
23782
23871
25941
23783
23872
25942
23784
23873
25943
23785
23874
25944
23786
23875
25945
23787
23876
25946
23788
23877
25947
23789
23878
25948
23790
23879
25949
23791
23880
25950
23792
23881
25951
23793
23882
25952
23794
23883
25953
23795
23884
25954
23796
23885
25955
23797
23886
25956
23798
23887
25957
23799
23888
25958
23800
23889
25959
23801
23890
25960
23802
23891
25961
23803
23892
25962
23804
23893
25963
23805
23894
25964
23806
23895
25965
23807
23896
25966
23808
23897
25967
23809
23898
25968
23810
23899
25969
23811
23900
25970
23812
23901
25971
23813
23902
25972
23814
23903
25973
23815
23904
25974
23816
23905
25975
23817
23906
25976
23818
23907
25977
23819
23908
25978
23820
23909
25979
23821
23910
25980
23822
23911
25981
23823
23912
25982
23824
23913
25983
23825
23914
25984
23826
23915
25985
23827
23916
25986
23828
23917
25987
23829
23918
25988
23830
23919
25989
23831
23920
25990
23832
23921
25991
23833
23922
25992
23834
23923
25993
23835
23924
25994
23836
23925
25995
23837
23926
25996
23838
23927
25997
23839
23928
25998
23840
23929
25999
23841
23930
26000
23842
23931
26001
23843
23932
26002
23844
23933
26003
23845
23934
26004
23846
23935
26005
23847
23936
26006
23848
23937
26007
23849
23938
26008
23939
26009
23851
23940
26010
23852
23941
26011
23853
23942
26012
23854
23943
26013
23855
23944
26014
23856
23945
26015
23857
23946
26016
23858
23947
26017
23859
23948
26018
23860
23949
26019
23861
23950
26020
23862
23951
26021
23863
23952
26022
23864
23953
26023
23865
23954
26024
23866
23955
26025
23867
23956
26026
23868
23957
26027
23869
23958
26028
23870
23959
26029
23871
23960
26030
23872
23961
26031
23873
23962
26032
23874
23963
26033
23875
23964
26034
23876
23965
26035
23877
23966
26036
23878
23967
26037
23879
23968
26038
23880
23969
26039
23881
23970
26040
23882
23971
26041
23883
23972
26042
23884
23973
26043
23885
23974
26044
23886
23975
26045
23887
23976
26046
23888
23977
26047
23889
23978
26048
23890
23979
26049
23891
23980
26050
23892
23981
26051
23893
23982
26052
23894
23983
26053
23895
23984
26054
23896
23985
26055
23897
23986
26056
23898
23987
26057
23899
23988
26058
23900
23989
26059
23901
23990
26060
23902
23991
26061
23903
23992
26062
23904
23993
26063
23905
23994
26064
23906
23995
26065
23907
23996
26066
23908
23997
26067
23909
23998
26068
23910
23999
26069
23911
24000
26070
23912
24001
26071
23913
24002
26072
23914
24003
26073
23915
24004
26074
23916
24005
26075
23917
24006
26076
23918
24007
26077
23919
24008
26078
23920
24009
26079
23921
24010
26080
23922
24011
26081
23923
24012
26082
23924
24013
26083
23925
24014
26084
23926
24015
26085
23927
24016
26086
23928
24017
26087
23929
24018
26088
23930
24019
26089
23931
24020
26090
23932
24021
26091
23933
24022
26092
23934
24023
26093
23935
24024
26094
23936
24025
26095
23937
24026
26096
23938
24027
26097
23939
24028
26098
24029
26099
23941
24030
26100
23942
24031
26101
23943
24032
26102
23944
24033
26103
23945
24034
26104
23946
24035
26105
23947
24036
26106
23948
24037
26107
23949
24038
26108
23950
24039
26109
23951
24040
26110
23952
24041
26111
23953
24042
26112
23954
24043
26113
23955
24044
26114
23956
24045
26115
23957
24046
26116
23958
24047
26117
23959
24048
26118
23960
24049
26119
23961
24050
26120
23962
24051
26121
23963
24052
26122
23964
24053
26123
23965
24054
26124
23966
24055
26125
23967
24056
26126
23968
24057
26127
23969
24058
26128
23970
24059
26129
23971
24060
26130
23972
24061
26131
23973
24062
26132
23974
24063
26133
23975
24064
26134
23976
24065
26135
23977
24066
26136
23978
24067
26137
23979
24068
26138
23980
24069
26139
23981
24070
26140
23982
24071
26141
23983
24072
26142
23984
24073
26143
23985
24074
26144
23986
24075
26145
23987
24076
26146
23988
24077
26147
23989
24078
26148
23990
24079
26149
23991
24080
26150
23992
24081
26151
23993
24082
26152
23994
24083
26153
23995
24084
26154
23996
24085
26155
23997
24086
26156
23998
24087
26157
23999
24088
26158
24000
24089
26159
24001
24090
26160
24002
24091
26161
24003
24092
26162
24004
24093
26163
24005
24094
26164
24006
24095
26165
24007
24096
26166
24008
24097
26167
24009
24098
26168
24010
24099
26169
24011
24100
26170
24012
24101
26171
24013
24102
26172
24014
24103
26173
24015
24104
26174
24016
24105
26175
24017
24106
26176
24018
24107
26177
24019
24108
26178
24020
24109
26179
24021
24110
26180
24022
24111
26181
24023
24112
26182
24024
24113
26183
24025
24114
26184
24026
24115
26185
24027
24116
26186
24028
24117
26187
24029
24118
26188
24119
26189
24031
24120
26190
24032
24121
26191
24033
24122
26192
24034
24123
26193
24035
24124
26194
24036
24125
26195
24037
24126
26196
24038
24127
26197
24039
24128
26198
24040
24129
26199
24041
24130
26200
24042
24131
26201
24043
24132
26202
24044
24133
26203
24045
24134
26204
24046
24135
26205
24047
24136
26206
24048
24137
26207
24049
24138
26208
24050
24139
26209
24051
24140
26210
24052
24141
26211
24053
24142
26212
24054
24143
26213
24055
24144
26214
24056
24145
26215
24057
24146
26216
24058
24147
26217
24059
24148
26218
24060
24149
26219
24061
24150
26220
24062
24151
26221
24063
24152
26222
24064
24153
26223
24065
24154
26224
24066
24155
26225
24067
24156
26226
24068
24157
26227
24069
24158
26228
24070
24159
26229
24071
24160
26230
24072
24161
26231
24073
24162
26232
24074
24163
26233
24075
24164
26234
24076
24165
26235
24077
24166
26236
24078
24167
26237
24079
24168
26238
24080
24169
26239
24081
24170
26240
24082
24171
26241
24083
24172
26242
24084
24173
26243
24085
24174
26244
24086
24175
26245
24087
24176
26246
24088
24177
26247
24089
24178
26248
24090
24179
26249
24091
24180
26250
24092
24181
26251
24093
24182
26252
24094
24183
26253
24095
24184
26254
24096
24185
26255
24097
24186
26256
24098
24187
26257
24099
24188
26258
24100
24189
26259
24101
24190
26260
24102
24191
26261
24103
24192
26262
24104
24193
26263
24105
24194
26264
24106
24195
26265
24107
24196
26266
24108
24197
26267
24109
24198
26268
24110
24199
26269
24111
24200
26270
24112
24201
26271
24113
24202
26272
24114
24203
26273
24115
24204
26274
24116
24205
26275
24117
24206
26276
24118
24207
26277
24119
24208
26278
24209
26279
24121
24210
26280
24122
24211
26281
24123
24212
26282
24124
24213
26283
24125
24214
26284
24126
24215
26285
24127
24216
26286
24128
24217
26287
24129
24218
26288
24130
24219
26289
24131
24220
26290
24132
24221
26291
24133
24222
26292
24134
24223
26293
24135
24224
26294
24136
24225
26295
24137
24226
26296
24138
24227
26297
24139
24228
26298
24140
24229
26299
24141
24230
26300
24142
24231
26301
24143
24232
26302
24144
24233
26303
24145
24234
26304
24146
24235
26305
24147
24236
26306
24148
24237
26307
24149
24238
26308
24150
24239
26309
24151
24240
26310
24152
24241
26311
24153
24242
26312
24154
24243
26313
24155
24244
26314
24156
24245
26315
24157
24246
26316
24158
24247
26317
24159
24248
26318
24160
24249
26319
24161
24250
26320
24162
24251
26321
24163
24252
26322
24164
24253
26323
24165
24254
26324
24166
24255
26325
24167
24256
26326
24168
24257
26327
24169
24258
26328
24170
24259
26329
24171
24260
26330
24172
24261
26331
24173
24262
26332
24174
24263
26333
24175
24264
26334
24176
24265
26335
24177
24266
26336
24178
24267
26337
24179
24268
26338
24180
24269
26339
24181
24270
26340
24182
24271
26341
24183
24272
26342
24184
24273
26343
24185
24274
26344
24186
24275
26345
24187
24276
26346
24188
24277
26347
24189
24278
26348
24190
24279
26349
24191
24280
26350
24192
24281
26351
24193
24282
26352
24194
24283
26353
24195
24284
26354
24196
24285
26355
24197
24286
26356
24198
24287
26357
24199
24288
26358
24200
24289
26359
24201
24290
26360
24202
24291
26361
24203
24292
26362
24204
24293
26363
24205
24294
26364
24206
24295
26365
24207
24296
26366
24208
24297
26367
24209
24298
26368
24299
26369
24211
24300
26370
24212
24301
26371
24213
24302
26372
24214
24303
26373
24215
24304
26374
24216
24305
26375
24217
24306
26376
24218
24307
26377
24219
24308
26378
24220
24309
26379
24221
24310
26380
24222
24311
26381
24223
24312
26382
24224
24313
26383
24225
24314
26384
24226
24315
26385
24227
24316
26386
24228
24317
26387
24229
24318
26388
24230
24319
26389
24231
24320
26390
24232
24321
26391
24233
24322
26392
24234
24323
26393
24235
24324
26394
24236
24325
26395
24237
24326
26396
24238
24327
26397
24239
24328
26398
24240
24329
26399
24241
24330
26400
24242
24331
26401
24243
24332
26402
24244
24333
26403
24245
24334
26404
24246
24335
26405
24247
24336
26406
24248
24337
26407
24249
24338
26408
24250
24339
26409
24251
24340
26410
24252
24341
26411
24253
24342
26412
24254
24343
26413
24255
24344
26414
24256
24345
26415
24257
24346
26416
24258
24347
26417
24259
24348
26418
24260
24349
26419
24261
24350
26420
24262
24351
26421
24263
24352
26422
24264
24353
26423
24265
24354
26424
24266
24355
26425
24267
24356
26426
24268
24357
26427
24269
24358
26428
24270
24359
26429
24271
24360
26430
24272
24361
26431
24273
24362
26432
24274
24363
26433
24275
24364
26434
24276
24365
26435
24277
24366
26436
24278
24367
26437
24279
24368
26438
24280
24369
26439
24281
24370
26440
24282
24371
26441
24283
24372
26442
24284
24373
26443
24285
24374
26444
24286
24375
26445
24287
24376
26446
24288
24377
26447
24289
24378
26448
24290
24379
26449
24291
24380
26450
24292
24381
26451
24293
24382
26452
24294
24383
26453
24295
24384
26454
24296
24385
26455
24297
24386
26456
24298
24387
26457
24299
24388
26458
24389
26459
24301
24390
26460
24302
24391
26461
24303
24392
26462
24304
24393
26463
24305
24394
26464
24306
24395
26465
24307
24396
26466
24308
24397
26467
24309
24398
26468
24310
24399
26469
24311
24400
26470
24312
24401
26471
24313
24402
26472
24314
24403
26473
24315
24404
26474
24316
24405
26475
24317
24406
26476
24318
24407
26477
24319
24408
26478
24320
24409
26479
24321
24410
26480
24322
24411
26481
24323
24412
26482
24324
24413
26483
24325
24414
26484
24326
24415
26485
24327
24416
26486
24328
24417
26487
24329
24418
26488
24330
24419
26489
24331
24420
26490
24332
24421
26491
24333
24422
26492
24334
24423
26493
24335
24424
26494
24336
24425
26495
24337
24426
26496
24338
24427
26497
24339
24428
26498
24340
24429
26499
24341
24430
26500
24342
24431
26501
24343
24432
26502
24344
24433
26503
24345
24434
26504
24346
24435
26505
24347
24436
26506
24348
24437
26507
24349
24438
26508
24350
24439
26509
24351
24440
26510
24352
24441
26511
24353
24442
26512
24354
24443
26513
24355
24444
26514
24356
24445
26515
24357
24446
26516
24358
24447
26517
24359
24448
26518
24360
24449
26519
24361
24450
26520
24362
24451
26521
24363
24452
26522
24364
24453
26523
24365
24454
26524
24366
24455
26525
24367
24456
26526
24368
24457
26527
24369
24458
26528
24370
24459
26529
24371
24460
26530
24372
24461
26531
24373
24462
26532
24374
24463
26533
24375
24464
26534
24376
24465
26535
24377
24466
26536
24378
24467
26537
24379
24468
26538
24380
24469
26539
24381
24470
26540
24382
24471
26541
24383
24472
26542
24384
24473
26543
24385
24474
26544
24386
24475
26545
24387
24476
26546
24388
24477
26547
24389
24478
26548
24479
26549
24391
24480
26550
24392
24481
26551
24393
24482
26552
24394
24483
26553
24395
24484
26554
24396
24485
26555
24397
24486
26556
24398
24487
26557
24399
24488
26558
24400
24489
26559
24401
24490
26560
24402
24491
26561
24403
24492
26562
24404
24493
26563
24405
24494
26564
24406
24495
26565
24407
24496
26566
24408
24497
26567
24409
24498
26568
24410
24499
26569
24411
24500
26570
24412
24501
26571
24413
24502
26572
24414
24503
26573
24415
24504
26574
24416
24505
26575
24417
24506
26576
24418
24507
26577
24419
24508
26578
24420
24509
26579
24421
24510
26580
24422
24511
26581
24423
24512
26582
24424
24513
26583
24425
24514
26584
24426
24515
26585
24427
24516
26586
24428
24517
26587
24429
24518
26588
24430
24519
26589
24431
24520
26590
24432
24521
26591
24433
24522
26592
24434
24523
26593
24435
24524
26594
24436
24525
26595
24437
24526
26596
24438
24527
26597
24439
24528
26598
24440
24529
26599
24441
24530
26600
24442
24531
26601
24443
24532
26602
24444
24533
26603
24445
24534
26604
24446
24535
26605
24447
24536
26606
24448
24537
26607
24449
24538
26608
24450
24539
26609
24451
24540
26610
24452
24541
26611
24453
24542
26612
24454
24543
26613
24455
24544
26614
24456
24545
26615
24457
24546
26616
24458
24547
26617
24459
24548
26618
24460
24549
26619
24461
24550
26620
24462
24551
26621
24463
24552
26622
24464
24553
26623
24465
24554
26624
24466
24555
26625
24467
24556
26626
24468
24557
26627
24469
24558
26628
24470
24559
26629
24471
24560
26630
24472
24561
26631
24473
24562
26632
24474
24563
26633
24475
24564
26634
24476
24565
26635
24477
24566
26636
24478
24567
26637
24479
24568
26638
24569
26639
24481
24570
26640
24482
24571
26641
24483
24572
26642
24484
24573
26643
24485
24574
26644
24486
24575
26645
24487
24576
26646
24488
24577
26647
24489
24578
26648
24490
24579
26649
24491
24580
26650
24492
24581
26651
24493
24582
26652
24494
24583
26653
24495
24584
26654
24496
24585
26655
24497
24586
26656
24498
24587
26657
24499
24588
26658
24500
24589
26659
24501
24590
26660
24502
24591
26661
24503
24592
26662
24504
24593
26663
24505
24594
26664
24506
24595
26665
24507
24596
26666
24508
24597
26667
24509
24598
26668
24510
24599
26669
24511
24600
26670
24512
24601
26671
24513
24602
26672
24514
24603
26673
24515
24604
26674
24516
24605
26675
24517
24606
26676
24518
24607
26677
24519
24608
26678
24520
24609
26679
24521
24610
26680
24522
24611
26681
24523
24612
26682
24524
24613
26683
24525
24614
26684
24526
24615
26685
24527
24616
26686
24528
24617
26687
24529
24618
26688
24530
24619
26689
24531
24620
26690
24532
24621
26691
24533
24622
26692
24534
24623
26693
24535
24624
26694
24536
24625
26695
24537
24626
26696
24538
24627
26697
24539
24628
26698
24540
24629
26699
24541
24630
26700
24542
24631
26701
24543
24632
26702
24544
24633
26703
24545
24634
26704
24546
24635
26705
24547
24636
26706
24548
24637
26707
24549
24638
26708
24550
24639
26709
24551
24640
26710
24552
24641
26711
24553
24642
26712
24554
24643
26713
24555
24644
26714
24556
24645
26715
24557
24646
26716
24558
24647
26717
24559
24648
26718
24560
24649
26719
24561
24650
26720
24562
24651
26721
24563
24652
26722
24564
24653
26723
24565
24654
26724
24566
24655
26725
24567
24656
26726
24568
24657
26727
24569
24658
26728
24659
26729
24571
24660
26730
24572
24661
26731
24573
24662
26732
24574
24663
26733
24575
24664
26734
24576
24665
26735
24577
24666
26736
24578
24667
26737
24579
24668
26738
24580
24669
26739
24581
24670
26740
24582
24671
26741
24583
24672
26742
24584
24673
26743
24585
24674
26744
24586
24675
26745
24587
24676
26746
24588
24677
26747
24589
24678
26748
24590
24679
26749
24591
24680
26750
24592
24681
26751
24593
24682
26752
24594
24683
26753
24595
24684
26754
24596
24685
26755
24597
24686
26756
24598
24687
26757
24599
24688
26758
24600
24689
26759
24601
24690
26760
24602
24691
26761
24603
24692
26762
24604
24693
26763
24605
24694
26764
24606
24695
26765
24607
24696
26766
24608
24697
26767
24609
24698
26768
24610
24699
26769
24611
24700
26770
24612
24701
26771
24613
24702
26772
24614
24703
26773
24615
24704
26774
24616
24705
26775
24617
24706
26776
24618
24707
26777
24619
24708
26778
24620
24709
26779
24621
24710
26780
24622
24711
26781
24623
24712
26782
24624
24713
26783
24625
24714
26784
24626
24715
26785
24627
24716
26786
24628
24717
26787
24629
24718
26788
24630
24719
26789
24631
24720
26790
24632
24721
26791
24633
24722
26792
24634
24723
26793
24635
24724
26794
24636
24725
26795
24637
24726
26796
24638
24727
26797
24639
24728
26798
24640
24729
26799
24641
24730
26800
24642
24731
26801
24643
24732
26802
24644
24733
26803
24645
24734
26804
24646
24735
26805
24647
24736
26806
24648
24737
26807
24649
24738
26808
24650
24739
26809
24651
24740
26810
24652
24741
26811
24653
24742
26812
24654
24743
26813
24655
24744
26814
24656
24745
26815
24657
24746
26816
24658
24747
26817
24659
24748
26818
24749
26819
24661
24750
26820
24662
24751
26821
24663
24752
26822
24664
24753
26823
24665
24754
26824
24666
24755
26825
24667
24756
26826
24668
24757
26827
24669
24758
26828
24670
24759
26829
24671
24760
26830
24672
24761
26831
24673
24762
26832
24674
24763
26833
24675
24764
26834
24676
24765
26835
24677
24766
26836
24678
24767
26837
24679
24768
26838
24680
24769
26839
24681
24770
26840
24682
24771
26841
24683
24772
26842
24684
24773
26843
24685
24774
26844
24686
24775
26845
24687
24776
26846
24688
24777
26847
24689
24778
26848
24690
24779
26849
24691
24780
26850
24692
24781
26851
24693
24782
26852
24694
24783
26853
24695
24784
26854
24696
24785
26855
24697
24786
26856
24698
24787
26857
24699
24788
26858
24700
24789
26859
24701
24790
26860
24702
24791
26861
24703
24792
26862
24704
24793
26863
24705
24794
26864
24706
24795
26865
24707
24796
26866
24708
24797
26867
24709
24798
26868
24710
24799
26869
24711
24800
26870
24712
24801
26871
24713
24802
26872
24714
24803
26873
24715
24804
26874
24716
24805
26875
24717
24806
26876
24718
24807
26877
24719
24808
26878
24720
24809
26879
24721
24810
26880
24722
24811
26881
24723
24812
26882
24724
24813
26883
24725
24814
26884
24726
24815
26885
24727
24816
26886
24728
24817
26887
24729
24818
26888
24730
24819
26889
24731
24820
26890
24732
24821
26891
24733
24822
26892
24734
24823
26893
24735
24824
26894
24736
24825
26895
24737
24826
26896
24738
24827
26897
24739
24828
26898
24740
24829
26899
24741
24830
26900
24742
24831
26901
24743
24832
26902
24744
24833
26903
24745
24834
26904
24746
24835
26905
24747
24836
26906
24748
24837
26907
24749
24838
26908
24839
26909
24751
24840
26910
24752
24841
26911
24753
24842
26912
24754
24843
26913
24755
24844
26914
24756
24845
26915
24757
24846
26916
24758
24847
26917
24759
24848
26918
24760
24849
26919
24761
24850
26920
24762
24851
26921
24763
24852
26922
24764
24853
26923
24765
24854
26924
24766
24855
26925
24767
24856
26926
24768
24857
26927
24769
24858
26928
24770
24859
26929
24771
24860
26930
24772
24861
26931
24773
24862
26932
24774
24863
26933
24775
24864
26934
24776
24865
26935
24777
24866
26936
24778
24867
26937
24779
24868
26938
24780
24869
26939
24781
24870
26940
24782
24871
26941
24783
24872
26942
24784
24873
26943
24785
24874
26944
24786
24875
26945
24787
24876
26946
24788
24877
26947
24789
24878
26948
24790
24879
26949
24791
24880
26950
24792
24881
26951
24793
24882
26952
24794
24883
26953
24795
24884
26954
24796
24885
26955
24797
24886
26956
24798
24887
26957
24799
24888
26958
24800
24889
26959
24801
24890
26960
24802
24891
26961
24803
24892
26962
24804
24893
26963
24805
24894
26964
24806
24895
26965
24807
24896
26966
24808
24897
26967
24809
24898
26968
24810
24899
26969
24811
24900
26970
24812
24901
26971
24813
24902
26972
24814
24903
26973
24815
24904
26974
24816
24905
26975
24817
24906
26976
24818
24907
26977
24819
24908
26978
24820
24909
26979
24821
24910
26980
24822
24911
26981
24823
24912
26982
24824
24913
26983
24825
24914
26984
24826
24915
26985
24827
24916
26986
24828
24917
26987
24829
24918
26988
24830
24919
26989
24831
24920
26990
24832
24921
26991
24833
24922
26992
24834
24923
26993
24835
24924
26994
24836
24925
26995
24837
24926
26996
24838
24927
26997
24839
24928
26998
24929
26999
24841
24930
27000
24842
24931
27001
24843
24932
27002
24844
24933
27003
24845
24934
27004
24846
24935
27005
24847
24936
27006
24848
24937
27007
24849
24938
27008
24850
24939
27009
24851
24940
27010
24852
24941
27011
24853
24942
27012
24854
24943
27013
24855
24944
27014
24856
24945
27015
24857
24946
27016
24858
24947
27017
24859
24948
27018
24860
24949
27019
24861
24950
27020
24862
24951
27021
24863
24952
27022
24864
24953
27023
24865
24954
27024
24866
24955
27025
24867
24956
27026
24868
24957
27027
24869
24958
27028
24870
24959
27029
24871
24960
27030
24872
24961
27031
24873
24962
27032
24874
24963
27033
24875
24964
27034
24876
24965
27035
24877
24966
27036
24878
24967
27037
24879
24968
27038
24880
24969
27039
24881
24970
27040
24882
24971
27041
24883
24972
27042
24884
24973
27043
24885
24974
27044
24886
24975
27045
24887
24976
27046
24888
24977
27047
24889
24978
27048
24890
24979
27049
24891
24980
27050
24892
24981
27051
24893
24982
27052
24894
24983
27053
24895
24984
27054
24896
24985
27055
24897
24986
27056
24898
24987
27057
24899
24988
27058
24900
24989
27059
24901
24990
27060
24902
24991
27061
24903
24992
27062
24904
24993
27063
24905
24994
27064
24906
24995
27065
24907
24996
27066
24908
24997
27067
24909
24998
27068
24910
24999
27069
24911
25000
27070
24912
25001
27071
24913
25002
27072
24914
25003
27073
24915
25004
27074
24916
25005
27075
24917
25006
27076
24918
25007
27077
24919
25008
27078
24920
25009
27079
24921
25010
27080
24922
25011
27081
24923
25012
27082
24924
25013
27083
24925
25014
27084
24926
25015
27085
24927
25016
27086
24928
25017
27087
24929
25018
27088
25019
27089
24931
25020
27090
24932
25021
27091
24933
25022
27092
24934
25023
27093
24935
25024
27094
24936
25025
27095
24937
25026
27096
24938
25027
27097
24939
25028
27098
24940
25029
27099
24941
25030
27100
24942
25031
27101
24943
25032
27102
24944
25033
27103
24945
25034
27104
24946
25035
27105
24947
25036
27106
24948
25037
27107
24949
25038
27108
24950
25039
27109
24951
25040
27110
24952
25041
27111
24953
25042
27112
24954
25043
27113
24955
25044
27114
24956
25045
27115
24957
25046
27116
24958
25047
27117
24959
25048
27118
24960
25049
27119
24961
25050
27120
24962
25051
27121
24963
25052
27122
24964
25053
27123
24965
25054
27124
24966
25055
27125
24967
25056
27126
24968
25057
27127
24969
25058
27128
24970
25059
27129
24971
25060
27130
24972
25061
27131
24973
25062
27132
24974
25063
27133
24975
25064
27134
24976
25065
27135
24977
25066
27136
24978
25067
27137
24979
25068
27138
24980
25069
27139
24981
25070
27140
24982
25071
27141
24983
25072
27142
24984
25073
27143
24985
25074
27144
24986
25075
27145
24987
25076
27146
24988
25077
27147
24989
25078
27148
24990
25079
27149
24991
25080
27150
24992
25081
27151
24993
25082
27152
24994
25083
27153
24995
25084
27154
24996
25085
27155
24997
25086
27156
24998
25087
27157
24999
25088
27158
25000
25089
27159
25001
25090
27160
25002
25091
27161
25003
25092
27162
25004
25093
27163
25005
25094
27164
25006
25095
27165
25007
25096
27166
25008
25097
27167
25009
25098
27168
25010
25099
27169
25011
25100
27170
25012
25101
27171
25013
25102
27172
25014
25103
27173
25015
25104
27174
25016
25105
27175
25017
25106
27176
25018
25107
27177
25019
25108
27178
25109
27179
25021
25110
27180
25022
25111
27181
25023
25112
27182
25024
25113
27183
25025
25114
27184
25026
25115
27185
25027
25116
27186
25028
25117
27187
25029
25118
27188
25030
25119
27189
25031
25120
27190
25032
25121
27191
25033
25122
27192
25034
25123
27193
25035
25124
27194
25036
25125
27195
25037
25126
27196
25038
25127
27197
25039
25128
27198
25040
25129
27199
25041
25130
27200
25042
25131
27201
25043
25132
27202
25044
25133
27203
25045
25134
27204
25046
25135
27205
25047
25136
27206
25048
25137
27207
25049
25138
27208
25050
25139
27209
25051
25140
27210
25052
25141
27211
25053
25142
27212
25054
25143
27213
25055
25144
27214
25056
25145
27215
25057
25146
27216
25058
25147
27217
25059
25148
27218
25060
25149
27219
25061
25150
27220
25062
25151
27221
25063
25152
27222
25064
25153
27223
25065
25154
27224
25066
25155
27225
25067
25156
27226
25068
25157
27227
25069
25158
27228
25070
25159
27229
25071
25160
27230
25072
25161
27231
25073
25162
27232
25074
25163
27233
25075
25164
27234
25076
25165
27235
25077
25166
27236
25078
25167
27237
25079
25168
27238
25080
25169
27239
25081
25170
27240
25082
25171
27241
25083
25172
27242
25084
25173
27243
25085
25174
27244
25086
25175
27245
25087
25176
27246
25088
25177
27247
25089
25178
27248
25090
25179
27249
25091
25180
27250
25092
25181
27251
25093
25182
27252
25094
25183
27253
25095
25184
27254
25096
25185
27255
25097
25186
27256
25098
25187
27257
25099
25188
27258
25100
25189
27259
25101
25190
27260
25102
25191
27261
25103
25192
27262
25104
25193
27263
25105
25194
27264
25106
25195
27265
25107
25196
27266
25108
25197
27267
25109
25198
27268
25199
27269
25111
25200
27270
25112
25201
27271
25113
25202
27272
25114
25203
27273
25115
25204
27274
25116
25205
27275
25117
25206
27276
25118
25207
27277
25119
25208
27278
25120
25209
27279
25121
25210
27280
25122
25211
27281
25123
25212
27282
25124
25213
27283
25125
25214
27284
25126
25215
27285
25127
25216
27286
25128
25217
27287
25129
25218
27288
25130
25219
27289
25131
25220
27290
25132
25221
27291
25133
25222
27292
25134
25223
27293
25135
25224
27294
25136
25225
27295
25137
25226
27296
25138
25227
27297
25139
25228
27298
25140
25229
27299
25141
25230
27300
25142
25231
27301
25143
25232
27302
25144
25233
27303
25145
25234
27304
25146
25235
27305
25147
25236
27306
25148
25237
27307
25149
25238
27308
25150
25239
27309
25151
25240
27310
25152
25241
27311
25153
25242
27312
25154
25243
27313
25155
25244
27314
25156
25245
27315
25157
25246
27316
25158
25247
27317
25159
25248
27318
25160
25249
27319
25161
25250
27320
25162
25251
27321
25163
25252
27322
25164
25253
27323
25165
25254
27324
25166
25255
27325
25167
25256
27326
25168
25257
27327
25169
25258
27328
25170
25259
27329
25171
25260
27330
25172
25261
27331
25173
25262
27332
25174
25263
27333
25175
25264
27334
25176
25265
27335
25177
25266
27336
25178
25267
27337
25179
25268
27338
25180
25269
27339
25181
25270
27340
25182
25271
27341
25183
25272
27342
25184
25273
27343
25185
25274
27344
25186
25275
27345
25187
25276
27346
25188
25277
27347
25189
25278
27348
25190
25279
27349
25191
25280
27350
25192
25281
27351
25193
25282
27352
25194
25283
27353
25195
25284
27354
25196
25285
27355
25197
25286
27356
25198
25287
27357
25199
25288
27358
25289
27359
25201
25290
27360
25202
25291
27361
25203
25292
27362
25204
25293
27363
25205
25294
27364
25206
25295
27365
25207
25296
27366
25208
25297
27367
25209
25298
27368
25210
25299
27369
25211
25300
27370
25212
25301
27371
25213
25302
27372
25214
25303
27373
25215
25304
27374
25216
25305
27375
25217
25306
27376
25218
25307
27377
25219
25308
27378
25220
25309
27379
25221
25310
27380
25222
25311
27381
25223
25312
27382
25224
25313
27383
25225
25314
27384
25226
25315
27385
25227
25316
27386
25228
25317
27387
25229
25318
27388
25230
25319
27389
25231
25320
27390
25232
25321
27391
25233
25322
27392
25234
25323
27393
25235
25324
27394
25236
25325
27395
25237
25326
27396
25238
25327
27397
25239
25328
27398
25240
25329
27399
25241
25330
27400
25242
25331
27401
25243
25332
27402
25244
25333
27403
25245
25334
27404
25246
25335
27405
25247
25336
27406
25248
25337
27407
25249
25338
27408
25250
25339
27409
25251
25340
27410
25252
25341
27411
25253
25342
27412
25254
25343
27413
25255
25344
27414
25256
25345
27415
25257
25346
27416
25258
25347
27417
25259
25348
27418
25260
25349
27419
25261
25350
27420
25262
25351
27421
25263
25352
27422
25264
25353
27423
25265
25354
27424
25266
25355
27425
25267
25356
27426
25268
25357
27427
25269
25358
27428
25270
25359
27429
25271
25360
27430
25272
25361
27431
25273
25362
27432
25274
25363
27433
25275
25364
27434
25276
25365
27435
25277
25366
27436
25278
25367
27437
25279
25368
27438
25280
25369
27439
25281
25370
27440
25282
25371
27441
25283
25372
27442
25284
25373
27443
25285
25374
27444
25286
25375
27445
25287
25376
27446
25288
25377
27447
25289
25378
27448
25379
27449
25291
25380
27450
25292
25381
27451
25293
25382
27452
25294
25383
27453
25295
25384
27454
25296
25385
27455
25297
25386
27456
25298
25387
27457
25299
25388
27458
25300
25389
27459
25301
25390
27460
25302
25391
27461
25303
25392
27462
25304
25393
27463
25305
25394
27464
25306
25395
27465
25307
25396
27466
25308
25397
27467
25309
25398
27468
25310
25399
27469
25311
25400
27470
25312
25401
27471
25313
25402
27472
25314
25403
27473
25315
25404
27474
25316
25405
27475
25317
25406
27476
25318
25407
27477
25319
25408
27478
25320
25409
27479
25321
25410
27480
25322
25411
27481
25323
25412
27482
25324
25413
27483
25325
25414
27484
25326
25415
27485
25327
25416
27486
25328
25417
27487
25329
25418
27488
25330
25419
27489
25331
25420
27490
25332
25421
27491
25333
25422
27492
25334
25423
27493
25335
25424
27494
25336
25425
27495
25337
25426
27496
25338
25427
27497
25339
25428
27498
25340
25429
27499
25341
25430
27500
25342
25431
27501
25343
25432
27502
25344
25433
27503
25345
25434
27504
25346
25435
27505
25347
25436
27506
25348
25437
27507
25349
25438
27508
25350
25439
27509
25351
25440
27510
25352
25441
27511
25353
25442
27512
25354
25443
27513
25355
25444
27514
25356
25445
27515
25357
25446
27516
25358
25447
27517
25359
25448
27518
25360
25449
27519
25361
25450
27520
25362
25451
27521
25363
25452
27522
25364
25453
27523
25365
25454
27524
25366
25455
27525
25367
25456
27526
25368
25457
27527
25369
25458
27528
25370
25459
27529
25371
25460
27530
25372
25461
27531
25373
25462
27532
25374
25463
27533
25375
25464
27534
25376
25465
27535
25377
25466
27536
25378
25467
27537
25379
25468
27538
25469
27539
25381
25470
27540
25382
25471
27541
25383
25472
27542
25384
25473
27543
25385
25474
27544
25386
25475
27545
25387
25476
27546
25388
25477
27547
25389
25478
27548
25390
25479
27549
25391
25480
27550
25392
25481
27551
25393
25482
27552
25394
25483
27553
25395
25484
27554
25396
25485
27555
25397
25486
27556
25398
25487
27557
25399
25488
27558
25400
25489
27559
25401
25490
27560
25402
25491
27561
25403
25492
27562
25404
25493
27563
25405
25494
27564
25406
25495
27565
25407
25496
27566
25408
25497
27567
25409
25498
27568
25410
25499
27569
25411
25500
27570
25412
25501
27571
25413
25502
27572
25414
25503
27573
25415
25504
27574
25416
25505
27575
25417
25506
27576
25418
25507
27577
25419
25508
27578
25420
25509
27579
25421
25510
27580
25422
25511
27581
25423
25512
27582
25424
25513
27583
25425
25514
27584
25426
25515
27585
25427
25516
27586
25428
25517
27587
25429
25518
27588
25430
25519
27589
25431
25520
27590
25432
25521
27591
25433
25522
27592
25434
25523
27593
25435
25524
27594
25436
25525
27595
25437
25526
27596
25438
25527
27597
25439
25528
27598
25440
25529
27599
25441
25530
27600
25442
25531
27601
25443
25532
27602
25444
25533
27603
25445
25534
27604
25446
25535
27605
25447
25536
27606
25448
25537
27607
25449
25538
27608
25450
25539
27609
25451
25540
27610
25452
25541
27611
25453
25542
27612
25454
25543
27613
25455
25544
27614
25456
25545
27615
25457
25546
27616
25458
25547
27617
25459
25548
27618
25460
25549
27619
25461
25550
27620
25462
25551
27621
25463
25552
27622
25464
25553
27623
25465
25554
27624
25466
25555
27625
25467
25556
27626
25468
25557
27627
25469
25558
27628
25559
27629
25471
25560
27630
25472
25561
27631
25473
25562
27632
25474
25563
27633
25475
25564
27634
25476
25565
27635
25477
25566
27636
25478
25567
27637
25479
25568
27638
25480
25569
27639
25481
25570
27640
25482
25571
27641
25483
25572
27642
25484
25573
27643
25485
25574
27644
25486
25575
27645
25487
25576
27646
25488
25577
27647
25489
25578
27648
25490
25579
27649
25491
25580
27650
25492
25581
27651
25493
25582
27652
25494
25583
27653
25495
25584
27654
25496
25585
27655
25497
25586
27656
25498
25587
27657
25499
25588
27658
25500
25589
27659
25501
25590
27660
25502
25591
27661
25503
25592
27662
25504
25593
27663
25505
25594
27664
25506
25595
27665
25507
25596
27666
25508
25597
27667
25509
25598
27668
25510
25599
27669
25511
25600
27670
25512
25601
27671
25513
25602
27672
25514
25603
27673
25515
25604
27674
25516
25605
27675
25517
25606
27676
25518
25607
27677
25519
25608
27678
25520
25609
27679
25521
25610
27680
25522
25611
27681
25523
25612
27682
25524
25613
27683
25525
25614
27684
25526
25615
27685
25527
25616
27686
25528
25617
27687
25529
25618
27688
25530
25619
27689
25531
25620
27690
25532
25621
27691
25533
25622
27692
25534
25623
27693
25535
25624
27694
25536
25625
27695
25537
25626
27696
25538
25627
27697
25539
25628
27698
25540
25629
27699
25541
25630
27700
25542
25631
27701
25543
25632
27702
25544
25633
27703
25545
25634
27704
25546
25635
27705
25547
25636
27706
25548
25637
27707
25549
25638
27708
25550
25639
27709
25551
25640
27710
25552
25641
27711
25553
25642
27712
25554
25643
27713
25555
25644
27714
25556
25645
27715
25557
25646
27716
25558
25647
27717
25559
25648
27718
25649
27719
25561
25650
27720
25562
25651
27721
25563
25652
27722
25564
25653
27723
25565
25654
27724
25566
25655
27725
25567
25656
27726
25568
25657
27727
25569
25658
27728
25570
25659
27729
25571
25660
27730
25572
25661
27731
25573
25662
27732
25574
25663
27733
25575
25664
27734
25576
25665
27735
25577
25666
27736
25578
25667
27737
25579
25668
27738
25580
25669
27739
25581
25670
27740
25582
25671
27741
25583
25672
27742
25584
25673
27743
25585
25674
27744
25586
25675
27745
25587
25676
27746
25588
25677
27747
25589
25678
27748
25590
25679
27749
25591
25680
27750
25592
25681
27751
25593
25682
27752
25594
25683
27753
25595
25684
27754
25596
25685
27755
25597
25686
27756
25598
25687
27757
25599
25688
27758
25600
25689
27759
25601
25690
27760
25602
25691
27761
25603
25692
27762
25604
25693
27763
25605
25694
27764
25606
25695
27765
25607
25696
27766
25608
25697
27767
25609
25698
27768
25610
25699
27769
25611
25700
27770
25612
25701
27771
25613
25702
27772
25614
25703
27773
25615
25704
27774
25616
25705
27775
25617
25706
27776
25618
25707
27777
25619
25708
27778
25620
25709
27779
25621
25710
27780
25622
25711
27781
25623
25712
27782
25624
25713
27783
25625
25714
27784
25626
25715
27785
25627
25716
27786
25628
25717
27787
25629
25718
27788
25630
25719
27789
25631
25720
27790
25632
25721
27791
25633
25722
27792
25634
25723
27793
25635
25724
27794
25636
25725
27795
25637
25726
27796
25638
25727
27797
25639
25728
27798
25640
25729
27799
25641
25730
27800
25642
25731
27801
25643
25732
27802
25644
25733
27803
25645
25734
27804
25646
25735
27805
25647
25736
27806
25648
25737
27807
25649
25738
27808
25739
27809
25651
25740
27810
25652
25741
27811
25653
25742
27812
25654
25743
27813
25655
25744
27814
25656
25745
27815
25657
25746
27816
25658
25747
27817
25659
25748
27818
25660
25749
27819
25661
25750
27820
25662
25751
27821
25663
25752
27822
25664
25753
27823
25665
25754
27824
25666
25755
27825
25667
25756
27826
25668
25757
27827
25669
25758
27828
25670
25759
27829
25671
25760
27830
25672
25761
27831
25673
25762
27832
25674
25763
27833
25675
25764
27834
25676
25765
27835
25677
25766
27836
25678
25767
27837
25679
25768
27838
25680
25769
27839
25681
25770
27840
25682
25771
27841
25683
25772
27842
25684
25773
27843
25685
25774
27844
25686
25775
27845
25687
25776
27846
25688
25777
27847
25689
25778
27848
25690
25779
27849
25691
25780
27850
25692
25781
27851
25693
25782
27852
25694
25783
27853
25695
25784
27854
25696
25785
27855
25697
25786
27856
25698
25787
27857
25699
25788
27858
25700
25789
27859
25701
25790
27860
25702
25791
27861
25703
25792
27862
25704
25793
27863
25705
25794
27864
25706
25795
27865
25707
25796
27866
25708
25797
27867
25709
25798
27868
25710
25799
27869
25711
25800
27870
25712
25801
27871
25713
25802
27872
25714
25803
27873
25715
25804
27874
25716
25805
27875
25717
25806
27876
25718
25807
27877
25719
25808
27878
25720
25809
27879
25721
25810
27880
25722
25811
27881
25723
25812
27882
25724
25813
27883
25725
25814
27884
25726
25815
27885
25727
25816
27886
25728
25817
27887
25729
25818
27888
25730
25819
27889
25731
25820
27890
25732
25821
27891
25733
25822
27892
25734
25823
27893
25735
25824
27894
25736
25825
27895
25737
25826
27896
25738
25827
27897
25739
25828
27898
25829
27899
25741
25830
27900
25742
25831
27901
25743
25832
27902
25744
25833
27903
25745
25834
27904
25746
25835
27905
25747
25836
27906
25748
25837
27907
25749
25838
27908
25750
25839
27909
25751
25840
27910
25752
25841
27911
25753
25842
27912
25754
25843
27913
25755
25844
27914
25756
25845
27915
25757
25846
27916
25758
25847
27917
25759
25848
27918
25760
25849
27919
25761
25850
27920
25762
25851
27921
25763
25852
27922
25764
25853
27923
25765
25854
27924
25766
25855
27925
25767
25856
27926
25768
25857
27927
25769
25858
27928
25770
25859
27929
25771
25860
27930
25772
25861
27931
25773
25862
27932
25774
25863
27933
25775
25864
27934
25776
25865
27935
25777
25866
27936
25778
25867
27937
25779
25868
27938
25780
25869
27939
25781
25870
27940
25782
25871
27941
25783
25872
27942
25784
25873
27943
25785
25874
27944
25786
25875
27945
25787
25876
27946
25788
25877
27947
25789
25878
27948
25790
25879
27949
25791
25880
27950
25792
25881
27951
25793
25882
27952
25794
25883
27953
25795
25884
27954
25796
25885
27955
25797
25886
27956
25798
25887
27957
25799
25888
27958
25800
25889
27959
25801
25890
27960
25802
25891
27961
25803
25892
27962
25804
25893
27963
25805
25894
27964
25806
25895
27965
25807
25896
27966
25808
25897
27967
25809
25898
27968
25810
25899
27969
25811
25900
27970
25812
25901
27971
25813
25902
27972
25814
25903
27973
25815
25904
27974
25816
25905
27975
25817
25906
27976
25818
25907
27977
25819
25908
27978
25820
25909
27979
25821
25910
27980
25822
25911
27981
25823
25912
27982
25824
25913
27983
25825
25914
27984
25826
25915
27985
25827
25916
27986
25828
25917
27987
25829
25918
27988
25919
27989
25831
27990
25832
27991
25833
27992
25834
27993
25835
27994
25836
27995
25837
27996
25838
27997
25839
27998
25840
27999
25841
28000
25842
28001
25843
28002
25844
28003
25845
28004
25846
28005
25847
28006
25848
28007
25849
28008
25850
28009
25851
28010
25852
28011
25853
28012
25854
28013
25855
28014
25856
28015
25857
28016
25858
28017
25859
28018
25860
28019
25861
28020
25862
28021
25863
28022
25864
28023
25865
28024
25866
28025
25867
28026
25868
28027
25869
28028
25870
28029
25871
28030
25872
28031
25873
28032
25874
28033
25875
28034
25876
28035
25877
28036
25878
28037
25879
28038
25880
28039
25881
28040
25882
28041
25883
28042
25884
28043
25885
28044
25886
28045
25887
28046
25888
28047
25889
28048
25890
28049
25891
28050
25892
28051
25893
28052
25894
28053
25895
28054
25896
28055
25897
28056
25898
28057
25899
28058
25900
28059
25901
28060
25902
28061
25903
28062
25904
28063
25905
28064
25906
28065
25907
28066
25908
28067
25909
28068
25910
28069
25911
28070
25912
28071
25913
28072
25914
28073
25915
28074
25916
28075
25917
28076
25918
28077
25919
28078
28079
25921
26010
28080
25922
26011
28081
25923
26012
28082
25924
26013
28083
25925
26014
28084
25926
26015
28085
25927
26016
28086
25928
26017
28087
25929
26018
28088
25930
26019
28089
25931
26020
28090
25932
26021
28091
25933
26022
28092
25934
26023
28093
25935
26024
28094
25936
26025
28095
25937
26026
28096
25938
26027
28097
25939
26028
28098
25940
26029
28099
25941
26030
28100
25942
26031
28101
25943
26032
28102
25944
26033
28103
25945
26034
28104
25946
26035
28105
25947
26036
28106
25948
26037
28107
25949
26038
28108
25950
26039
28109
25951
26040
28110
25952
26041
28111
25953
26042
28112
25954
26043
28113
25955
26044
28114
25956
26045
28115
25957
26046
28116
25958
26047
28117
25959
26048
28118
25960
26049
28119
25961
26050
28120
25962
26051
28121
25963
26052
28122
25964
26053
28123
25965
26054
28124
25966
26055
28125
25967
26056
28126
25968
26057
28127
25969
26058
28128
25970
26059
28129
25971
26060
28130
25972
26061
28131
25973
26062
28132
25974
26063
28133
25975
26064
28134
25976
26065
28135
25977
26066
28136
25978
26067
28137
25979
26068
28138
25980
26069
28139
25981
26070
28140
25982
26071
28141
25983
26072
28142
25984
26073
28143
25985
26074
28144
25986
26075
28145
25987
26076
28146
25988
26077
28147
25989
26078
28148
25990
26079
28149
25991
26080
28150
25992
26081
28151
25993
26082
28152
25994
26083
28153
25995
26084
28154
25996
26085
28155
25997
26086
28156
25998
26087
28157
25999
26088
28158
26000
26089
28159
26001
26090
28160
26002
26091
28161
26003
26092
28162
26004
26093
28163
26005
26094
28164
26006
26095
28165
26007
26096
28166
26008
26097
28167
26009
26098
28168
26099
28169
26011
26100
28170
26012
26101
28171
26013
26102
28172
26014
26103
28173
26015
26104
28174
26016
26105
28175
26017
26106
28176
26018
26107
28177
26019
26108
28178
26020
26109
28179
26021
26110
28180
26022
26111
28181
26023
26112
28182
26024
26113
28183
26025
26114
28184
26026
26115
28185
26027
26116
28186
26028
26117
28187
26029
26118
28188
26030
26119
28189
26031
26120
28190
26032
26121
28191
26033
26122
28192
26034
26123
28193
26035
26124
28194
26036
26125
28195
26037
26126
28196
26038
26127
28197
26039
26128
28198
26040
26129
28199
26041
26130
28200
26042
26131
28201
26043
26132
28202
26044
26133
28203
26045
26134
28204
26046
26135
28205
26047
26136
28206
26048
26137
28207
26049
26138
28208
26050
26139
28209
26051
26140
28210
26052
26141
28211
26053
26142
28212
26054
26143
28213
26055
26144
28214
26056
26145
28215
26057
26146
28216
26058
26147
28217
26059
26148
28218
26060
26149
28219
26061
26150
28220
26062
26151
28221
26063
26152
28222
26064
26153
28223
26065
26154
28224
26066
26155
28225
26067
26156
28226
26068
26157
28227
26069
26158
28228
26070
26159
28229
26071
26160
28230
26072
26161
28231
26073
26162
28232
26074
26163
28233
26075
26164
28234
26076
26165
28235
26077
26166
28236
26078
26167
28237
26079
26168
28238
26080
26169
28239
26081
26170
28240
26082
26171
28241
26083
26172
28242
26084
26173
28243
26085
26174
28244
26086
26175
28245
26087
26176
28246
26088
26177
28247
26089
26178
28248
26090
26179
28249
26091
26180
28250
26092
26181
28251
26093
26182
28252
26094
26183
28253
26095
26184
28254
26096
26185
28255
26097
26186
28256
26098
26187
28257
26099
26188
28258
26189
28259
26101
26190
28260
26102
26191
28261
26103
26192
28262
26104
26193
28263
26105
26194
28264
26106
26195
28265
26107
26196
28266
26108
26197
28267
26109
26198
28268
26110
26199
28269
26111
26200
28270
26112
26201
28271
26113
26202
28272
26114
26203
28273
26115
26204
28274
26116
26205
28275
26117
26206
28276
26118
26207
28277
26119
26208
28278
26120
26209
28279
26121
26210
28280
26122
26211
28281
26123
26212
28282
26124
26213
28283
26125
26214
28284
26126
26215
28285
26127
26216
28286
26128
26217
28287
26129
26218
28288
26130
26219
28289
26131
26220
28290
26132
26221
28291
26133
26222
28292
26134
26223
28293
26135
26224
28294
26136
26225
28295
26137
26226
28296
26138
26227
28297
26139
26228
28298
26140
26229
28299
26141
26230
28300
26142
26231
28301
26143
26232
28302
26144
26233
28303
26145
26234
28304
26146
26235
28305
26147
26236
28306
26148
26237
28307
26149
26238
28308
26150
26239
28309
26151
26240
28310
26152
26241
28311
26153
26242
28312
26154
26243
28313
26155
26244
28314
26156
26245
28315
26157
26246
28316
26158
26247
28317
26159
26248
28318
26160
26249
28319
26161
26250
28320
26162
26251
28321
26163
26252
28322
26164
26253
28323
26165
26254
28324
26166
26255
28325
26167
26256
28326
26168
26257
28327
26169
26258
28328
26170
26259
28329
26171
26260
28330
26172
26261
28331
26173
26262
28332
26174
26263
28333
26175
26264
28334
26176
26265
28335
26177
26266
28336
26178
26267
28337
26179
26268
28338
26180
26269
28339
26181
26270
28340
26182
26271
28341
26183
26272
28342
26184
26273
28343
26185
26274
28344
26186
26275
28345
26187
26276
28346
26188
26277
28347
26189
26278
28348
26279
28349
26191
26280
28350
26192
26281
28351
26193
26282
28352
26194
26283
28353
26195
26284
28354
26196
26285
28355
26197
26286
28356
26198
26287
28357
26199
26288
28358
26200
26289
28359
26201
26290
28360
26202
26291
28361
26203
26292
28362
26204
26293
28363
26205
26294
28364
26206
26295
28365
26207
26296
28366
26208
26297
28367
26209
26298
28368
26210
26299
28369
26211
26300
28370
26212
26301
28371
26213
26302
28372
26214
26303
28373
26215
26304
28374
26216
26305
28375
26217
26306
28376
26218
26307
28377
26219
26308
28378
26220
26309
28379
26221
26310
28380
26222
26311
28381
26223
26312
28382
26224
26313
28383
26225
26314
28384
26226
26315
28385
26227
26316
28386
26228
26317
28387
26229
26318
28388
26230
26319
28389
26231
26320
28390
26232
26321
28391
26233
26322
28392
26234
26323
28393
26235
26324
28394
26236
26325
28395
26237
26326
28396
26238
26327
28397
26239
26328
28398
26240
26329
28399
26241
26330
28400
26242
26331
28401
26243
26332
28402
26244
26333
28403
26245
26334
28404
26246
26335
28405
26247
26336
28406
26248
26337
28407
26249
26338
28408
26250
26339
28409
26251
26340
28410
26252
26341
28411
26253
26342
28412
26254
26343
28413
26255
26344
28414
26256
26345
28415
26257
26346
28416
26258
26347
28417
26259
26348
28418
26260
26349
28419
26261
26350
28420
26262
26351
28421
26263
26352
28422
26264
26353
28423
26265
26354
28424
26266
26355
28425
26267
26356
28426
26268
26357
28427
26269
26358
28428
26270
26359
28429
26271
26360
28430
26272
26361
28431
26273
26362
28432
26274
26363
28433
26275
26364
28434
26276
26365
28435
26277
26366
28436
26278
26367
28437
26279
26368
28438
26369
28439
26281
26370
28440
26282
26371
28441
26283
26372
28442
26284
26373
28443
26285
26374
28444
26286
26375
28445
26287
26376
28446
26288
26377
28447
26289
26378
28448
26290
26379
28449
26291
26380
28450
26292
26381
28451
26293
26382
28452
26294
26383
28453
26295
26384
28454
26296
26385
28455
26297
26386
28456
26298
26387
28457
26299
26388
28458
26300
26389
28459
26301
26390
28460
26302
26391
28461
26303
26392
28462
26304
26393
28463
26305
26394
28464
26306
26395
28465
26307
26396
28466
26308
26397
28467
26309
26398
28468
26310
26399
28469
26311
26400
28470
26312
26401
28471
26313
26402
28472
26314
26403
28473
26315
26404
28474
26316
26405
28475
26317
26406
28476
26318
26407
28477
26319
26408
28478
26320
26409
28479
26321
26410
28480
26322
26411
28481
26323
26412
28482
26324
26413
28483
26325
26414
28484
26326
26415
28485
26327
26416
28486
26328
26417
28487
26329
26418
28488
26330
26419
28489
26331
26420
28490
26332
26421
28491
26333
26422
28492
26334
26423
28493
26335
26424
28494
26336
26425
28495
26337
26426
28496
26338
26427
28497
26339
26428
28498
26340
26429
28499
26341
26430
28500
26342
26431
28501
26343
26432
28502
26344
26433
28503
26345
26434
28504
26346
26435
28505
26347
26436
28506
26348
26437
28507
26349
26438
28508
26350
26439
28509
26351
26440
28510
26352
26441
28511
26353
26442
28512
26354
26443
28513
26355
26444
28514
26356
26445
28515
26357
26446
28516
26358
26447
28517
26359
26448
28518
26360
26449
28519
26361
26450
28520
26362
26451
28521
26363
26452
28522
26364
26453
28523
26365
26454
28524
26366
26455
28525
26367
26456
28526
26368
26457
28527
26369
26458
28528
26459
28529
26371
26460
28530
26372
26461
28531
26373
26462
28532
26374
26463
28533
26375
26464
28534
26376
26465
28535
26377
26466
28536
26378
26467
28537
26379
26468
28538
26380
26469
28539
26381
26470
28540
26382
26471
28541
26383
26472
28542
26384
26473
28543
26385
26474
28544
26386
26475
28545
26387
26476
28546
26388
26477
28547
26389
26478
28548
26390
26479
28549
26391
26480
28550
26392
26481
28551
26393
26482
28552
26394
26483
28553
26395
26484
28554
26396
26485
28555
26397
26486
28556
26398
26487
28557
26399
26488
28558
26400
26489
28559
26401
26490
28560
26402
26491
28561
26403
26492
28562
26404
26493
28563
26405
26494
28564
26406
26495
28565
26407
26496
28566
26408
26497
28567
26409
26498
28568
26410
26499
28569
26411
26500
28570
26412
26501
28571
26413
26502
28572
26414
26503
28573
26415
26504
28574
26416
26505
28575
26417
26506
28576
26418
26507
28577
26419
26508
28578
26420
26509
28579
26421
26510
28580
26422
26511
28581
26423
26512
28582
26424
26513
28583
26425
26514
28584
26426
26515
28585
26427
26516
28586
26428
26517
28587
26429
26518
28588
26430
26519
28589
26431
26520
28590
26432
26521
28591
26433
26522
28592
26434
26523
28593
26435
26524
28594
26436
26525
28595
26437
26526
28596
26438
26527
28597
26439
26528
28598
26440
26529
28599
26441
26530
28600
26442
26531
28601
26443
26532
28602
26444
26533
28603
26445
26534
28604
26446
26535
28605
26447
26536
28606
26448
26537
28607
26449
26538
28608
26450
26539
28609
26451
26540
28610
26452
26541
28611
26453
26542
28612
26454
26543
28613
26455
26544
28614
26456
26545
28615
26457
26546
28616
26458
26547
28617
26459
26548
28618
26549
28619
26461
26550
28620
26462
26551
28621
26463
26552
28622
26464
26553
28623
26465
26554
28624
26466
26555
28625
26467
26556
28626
26468
26557
28627
26469
26558
28628
26470
26559
28629
26471
26560
28630
26472
26561
28631
26473
26562
28632
26474
26563
28633
26475
26564
28634
26476
26565
28635
26477
26566
28636
26478
26567
28637
26479
26568
28638
26480
26569
28639
26481
26570
28640
26482
26571
28641
26483
26572
28642
26484
26573
28643
26485
26574
28644
26486
26575
28645
26487
26576
28646
26488
26577
28647
26489
26578
28648
26490
26579
28649
26491
26580
28650
26492
26581
28651
26493
26582
28652
26494
26583
28653
26495
26584
28654
26496
26585
28655
26497
26586
28656
26498
26587
28657
26499
26588
28658
26500
26589
28659
26501
26590
28660
26502
26591
28661
26503
26592
28662
26504
26593
28663
26505
26594
28664
26506
26595
28665
26507
26596
28666
26508
26597
28667
26509
26598
28668
26510
26599
28669
26511
26600
28670
26512
26601
28671
26513
26602
28672
26514
26603
28673
26515
26604
28674
26516
26605
28675
26517
26606
28676
26518
26607
28677
26519
26608
28678
26520
26609
28679
26521
26610
28680
26522
26611
28681
26523
26612
28682
26524
26613
28683
26525
26614
28684
26526
26615
28685
26527
26616
28686
26528
26617
28687
26529
26618
28688
26530
26619
28689
26531
26620
28690
26532
26621
28691
26533
26622
28692
26534
26623
28693
26535
26624
28694
26536
26625
28695
26537
26626
28696
26538
26627
28697
26539
26628
28698
26540
26629
28699
26541
26630
28700
26542
26631
28701
26543
26632
28702
26544
26633
28703
26545
26634
28704
26546
26635
28705
26547
26636
28706
26548
26637
28707
26549
26638
28708
26639
28709
26551
26640
28710
26552
26641
28711
26553
26642
28712
26554
26643
28713
26555
26644
28714
26556
26645
28715
26557
26646
28716
26558
26647
28717
26559
26648
28718
26560
26649
28719
26561
26650
28720
26562
26651
28721
26563
26652
28722
26564
26653
28723
26565
26654
28724
26566
26655
28725
26567
26656
28726
26568
26657
28727
26569
26658
28728
26570
26659
28729
26571
26660
28730
26572
26661
28731
26573
26662
28732
26574
26663
28733
26575
26664
28734
26576
26665
28735
26577
26666
28736
26578
26667
28737
26579
26668
28738
26580
26669
28739
26581
26670
28740
26582
26671
28741
26583
26672
28742
26584
26673
28743
26585
26674
28744
26586
26675
28745
26587
26676
28746
26588
26677
28747
26589
26678
28748
26590
26679
28749
26591
26680
28750
26592
26681
28751
26593
26682
28752
26594
26683
28753
26595
26684
28754
26596
26685
28755
26597
26686
28756
26598
26687
28757
26599
26688
28758
26600
26689
28759
26601
26690
28760
26602
26691
28761
26603
26692
28762
26604
26693
28763
26605
26694
28764
26606
26695
28765
26607
26696
28766
26608
26697
28767
26609
26698
28768
26610
26699
28769
26611
26700
28770
26612
26701
28771
26613
26702
28772
26614
26703
28773
26615
26704
28774
26616
26705
28775
26617
26706
28776
26618
26707
28777
26619
26708
28778
26620
26709
28779
26621
26710
28780
26622
26711
28781
26623
26712
28782
26624
26713
28783
26625
26714
28784
26626
26715
28785
26627
26716
28786
26628
26717
28787
26629
26718
28788
26630
26719
28789
26631
26720
28790
26632
26721
28791
26633
26722
28792
26634
26723
28793
26635
26724
28794
26636
26725
28795
26637
26726
28796
26638
26727
28797
26639
26728
28798
26729
28799
26641
26730
28800
26642
26731
28801
26643
26732
28802
26644
26733
28803
26645
26734
28804
26646
26735
28805
26647
26736
28806
26648
26737
28807
26649
26738
28808
26650
26739
28809
26651
26740
28810
26652
26741
28811
26653
26742
28812
26654
26743
28813
26655
26744
28814
26656
26745
28815
26657
26746
28816
26658
26747
28817
26659
26748
28818
26660
26749
28819
26661
26750
28820
26662
26751
28821
26663
26752
28822
26664
26753
28823
26665
26754
28824
26666
26755
28825
26667
26756
28826
26668
26757
28827
26669
26758
28828
26670
26759
28829
26671
26760
28830
26672
26761
28831
26673
26762
28832
26674
26763
28833
26675
26764
28834
26676
26765
28835
26677
26766
28836
26678
26767
28837
26679
26768
28838
26680
26769
28839
26681
26770
28840
26682
26771
28841
26683
26772
28842
26684
26773
28843
26685
26774
28844
26686
26775
28845
26687
26776
28846
26688
26777
28847
26689
26778
28848
26690
26779
28849
26691
26780
28850
26692
26781
28851
26693
26782
28852
26694
26783
28853
26695
26784
28854
26696
26785
28855
26697
26786
28856
26698
26787
28857
26699
26788
28858
26700
26789
28859
26701
26790
28860
26702
26791
28861
26703
26792
28862
26704
26793
28863
26705
26794
28864
26706
26795
28865
26707
26796
28866
26708
26797
28867
26709
26798
28868
26710
26799
28869
26711
26800
28870
26712
26801
28871
26713
26802
28872
26714
26803
28873
26715
26804
28874
26716
26805
28875
26717
26806
28876
26718
26807
28877
26719
26808
28878
26720
26809
28879
26721
26810
28880
26722
26811
28881
26723
26812
28882
26724
26813
28883
26725
26814
28884
26726
26815
28885
26727
26816
28886
26728
26817
28887
26729
26818
28888
26819
28889
26731
26820
28890
26732
26821
28891
26733
26822
28892
26734
26823
28893
26735
26824
28894
26736
26825
28895
26737
26826
28896
26738
26827
28897
26739
26828
28898
26740
26829
28899
26741
26830
28900
26742
26831
28901
26743
26832
28902
26744
26833
28903
26745
26834
28904
26746
26835
28905
26747
26836
28906
26748
26837
28907
26749
26838
28908
26750
26839
28909
26751
26840
28910
26752
26841
28911
26753
26842
28912
26754
26843
28913
26755
26844
28914
26756
26845
28915
26757
26846
28916
26758
26847
28917
26759
26848
28918
26760
26849
28919
26761
26850
28920
26762
26851
28921
26763
26852
28922
26764
26853
28923
26765
26854
28924
26766
26855
28925
26767
26856
28926
26768
26857
28927
26769
26858
28928
26770
26859
28929
26771
26860
28930
26772
26861
28931
26773
26862
28932
26774
26863
28933
26775
26864
28934
26776
26865
28935
26777
26866
28936
26778
26867
28937
26779
26868
28938
26780
26869
28939
26781
26870
28940
26782
26871
28941
26783
26872
28942
26784
26873
28943
26785
26874
28944
26786
26875
28945
26787
26876
28946
26788
26877
28947
26789
26878
28948
26790
26879
28949
26791
26880
28950
26792
26881
28951
26793
26882
28952
26794
26883
28953
26795
26884
28954
26796
26885
28955
26797
26886
28956
26798
26887
28957
26799
26888
28958
26800
26889
28959
26801
26890
28960
26802
26891
28961
26803
26892
28962
26804
26893
28963
26805
26894
28964
26806
26895
28965
26807
26896
28966
26808
26897
28967
26809
26898
28968
26810
26899
28969
26811
26900
28970
26812
26901
28971
26813
26902
28972
26814
26903
28973
26815
26904
28974
26816
26905
28975
26817
26906
28976
26818
26907
28977
26819
26908
28978
26909
28979
26821
26910
28980
26822
26911
28981
26823
26912
28982
26824
26913
28983
26825
26914
28984
26826
26915
28985
26827
26916
28986
26828
26917
28987
26829
26918
28988
26830
26919
28989
26831
26920
28990
26832
26921
28991
26833
26922
28992
26834
26923
28993
26835
26924
28994
26836
26925
28995
26837
26926
28996
26838
26927
28997
26839
26928
28998
26840
26929
28999
26841
26930
29000
26842
26931
29001
26843
26932
29002
26844
26933
29003
26845
26934
29004
26846
26935
29005
26847
26936
29006
26848
26937
29007
26849
26938
29008
26850
26939
29009
26851
26940
29010
26852
26941
29011
26853
26942
29012
26854
26943
29013
26855
26944
29014
26856
26945
29015
26857
26946
29016
26858
26947
29017
26859
26948
29018
26860
26949
29019
26861
26950
29020
26862
26951
29021
26863
26952
29022
26864
26953
29023
26865
26954
29024
26866
26955
29025
26867
26956
29026
26868
26957
29027
26869
26958
29028
26870
26959
29029
26871
26960
29030
26872
26961
29031
26873
26962
29032
26874
26963
29033
26875
26964
29034
26876
26965
29035
26877
26966
29036
26878
26967
29037
26879
26968
29038
26880
26969
29039
26881
26970
29040
26882
26971
29041
26883
26972
29042
26884
26973
29043
26885
26974
29044
26886
26975
29045
26887
26976
29046
26888
26977
29047
26889
26978
29048
26890
26979
29049
26891
26980
29050
26892
26981
29051
26893
26982
29052
26894
26983
29053
26895
26984
29054
26896
26985
29055
26897
26986
29056
26898
26987
29057
26899
26988
29058
26900
26989
29059
26901
26990
29060
26902
26991
29061
26903
26992
29062
26904
26993
29063
26905
26994
29064
26906
26995
29065
26907
26996
29066
26908
26997
29067
26909
26998
29068
26999
29069
26911
27000
29070
26912
27001
29071
26913
27002
29072
26914
27003
29073
26915
27004
29074
26916
27005
29075
26917
27006
29076
26918
27007
29077
26919
27008
29078
26920
27009
29079
26921
27010
29080
26922
27011
29081
26923
27012
29082
26924
27013
29083
26925
27014
29084
26926
27015
29085
26927
27016
29086
26928
27017
29087
26929
27018
29088
26930
27019
29089
26931
27020
29090
26932
27021
29091
26933
27022
29092
26934
27023
29093
26935
27024
29094
26936
27025
29095
26937
27026
29096
26938
27027
29097
26939
27028
29098
26940
27029
29099
26941
27030
29100
26942
27031
29101
26943
27032
29102
26944
27033
29103
26945
27034
29104
26946
27035
29105
26947
27036
29106
26948
27037
29107
26949
27038
29108
26950
27039
29109
26951
27040
29110
26952
27041
29111
26953
27042
29112
26954
27043
29113
26955
27044
29114
26956
27045
29115
26957
27046
29116
26958
27047
29117
26959
27048
29118
26960
27049
29119
26961
27050
29120
26962
27051
29121
26963
27052
29122
26964
27053
29123
26965
27054
29124
26966
27055
29125
26967
27056
29126
26968
27057
29127
26969
27058
29128
26970
27059
29129
26971
27060
29130
26972
27061
29131
26973
27062
29132
26974
27063
29133
26975
27064
29134
26976
27065
29135
26977
27066
29136
26978
27067
29137
26979
27068
29138
26980
27069
29139
26981
27070
29140
26982
27071
29141
26983
27072
29142
26984
27073
29143
26985
27074
29144
26986
27075
29145
26987
27076
29146
26988
27077
29147
26989
27078
29148
26990
27079
29149
26991
27080
29150
26992
27081
29151
26993
27082
29152
26994
27083
29153
26995
27084
29154
26996
27085
29155
26997
27086
29156
26998
27087
29157
26999
27088
29158
27089
29159
27001
27090
29160
27002
27091
29161
27003
27092
29162
27004
27093
29163
27005
27094
29164
27006
27095
29165
27007
27096
29166
27008
27097
29167
27009
27098
29168
27010
27099
29169
27011
27100
29170
27012
27101
29171
27013
27102
29172
27014
27103
29173
27015
27104
29174
27016
27105
29175
27017
27106
29176
27018
27107
29177
27019
27108
29178
27020
27109
29179
27021
27110
29180
27022
27111
29181
27023
27112
29182
27024
27113
29183
27025
27114
29184
27026
27115
29185
27027
27116
29186
27028
27117
29187
27029
27118
29188
27030
27119
29189
27031
27120
29190
27032
27121
29191
27033
27122
29192
27034
27123
29193
27035
27124
29194
27036
27125
29195
27037
27126
29196
27038
27127
29197
27039
27128
29198
27040
27129
29199
27041
27130
29200
27042
27131
29201
27043
27132
29202
27044
27133
29203
27045
27134
29204
27046
27135
29205
27047
27136
29206
27048
27137
29207
27049
27138
29208
27050
27139
29209
27051
27140
29210
27052
27141
29211
27053
27142
29212
27054
27143
29213
27055
27144
29214
27056
27145
29215
27057
27146
29216
27058
27147
29217
27059
27148
29218
27060
27149
29219
27061
27150
29220
27062
27151
29221
27063
27152
29222
27064
27153
29223
27065
27154
29224
27066
27155
29225
27067
27156
29226
27068
27157
29227
27069
27158
29228
27070
27159
29229
27071
27160
29230
27072
27161
29231
27073
27162
29232
27074
27163
29233
27075
27164
29234
27076
27165
29235
27077
27166
29236
27078
27167
29237
27079
27168
29238
27080
27169
29239
27081
27170
29240
27082
27171
29241
27083
27172
29242
27084
27173
29243
27085
27174
29244
27086
27175
29245
27087
27176
29246
27088
27177
29247
27089
27178
29248
27179
29249
27091
27180
29250
27092
27181
29251
27093
27182
29252
27094
27183
29253
27095
27184
29254
27096
27185
29255
27097
27186
29256
27098
27187
29257
27099
27188
29258
27100
27189
29259
27101
27190
29260
27102
27191
29261
27103
27192
29262
27104
27193
29263
27105
27194
29264
27106
27195
29265
27107
27196
29266
27108
27197
29267
27109
27198
29268
27110
27199
29269
27111
27200
29270
27112
27201
29271
27113
27202
29272
27114
27203
29273
27115
27204
29274
27116
27205
29275
27117
27206
29276
27118
27207
29277
27119
27208
29278
27120
27209
29279
27121
27210
29280
27122
27211
29281
27123
27212
29282
27124
27213
29283
27125
27214
29284
27126
27215
29285
27127
27216
29286
27128
27217
29287
27129
27218
29288
27130
27219
29289
27131
27220
29290
27132
27221
29291
27133
27222
29292
27134
27223
29293
27135
27224
29294
27136
27225
29295
27137
27226
29296
27138
27227
29297
27139
27228
29298
27140
27229
29299
27141
27230
29300
27142
27231
29301
27143
27232
29302
27144
27233
29303
27145
27234
29304
27146
27235
29305
27147
27236
29306
27148
27237
29307
27149
27238
29308
27150
27239
29309
27151
27240
29310
27152
27241
29311
27153
27242
29312
27154
27243
29313
27155
27244
29314
27156
27245
29315
27157
27246
29316
27158
27247
29317
27159
27248
29318
27160
27249
29319
27161
27250
29320
27162
27251
29321
27163
27252
29322
27164
27253
29323
27165
27254
29324
27166
27255
29325
27167
27256
29326
27168
27257
29327
27169
27258
29328
27170
27259
29329
27171
27260
29330
27172
27261
29331
27173
27262
29332
27174
27263
29333
27175
27264
29334
27176
27265
29335
27177
27266
29336
27178
27267
29337
27179
27268
29338
27269
29339
27181
27270
29340
27182
27271
29341
27183
27272
29342
27184
27273
29343
27185
27274
29344
27186
27275
29345
27187
27276
29346
27188
27277
29347
27189
27278
29348
27190
27279
29349
27191
27280
29350
27192
27281
29351
27193
27282
29352
27194
27283
29353
27195
27284
29354
27196
27285
29355
27197
27286
29356
27198
27287
29357
27199
27288
29358
27200
27289
29359
27201
27290
29360
27202
27291
29361
27203
27292
29362
27204
27293
29363
27205
27294
29364
27206
27295
29365
27207
27296
29366
27208
27297
29367
27209
27298
29368
27210
27299
29369
27211
27300
29370
27212
27301
29371
27213
27302
29372
27214
27303
29373
27215
27304
29374
27216
27305
29375
27217
27306
29376
27218
27307
29377
27219
27308
29378
27220
27309
29379
27221
27310
29380
27222
27311
29381
27223
27312
29382
27224
27313
29383
27225
27314
29384
27226
27315
29385
27227
27316
29386
27228
27317
29387
27229
27318
29388
27230
27319
29389
27231
27320
29390
27232
27321
29391
27233
27322
29392
27234
27323
29393
27235
27324
29394
27236
27325
29395
27237
27326
29396
27238
27327
29397
27239
27328
29398
27240
27329
29399
27241
27330
29400
27242
27331
29401
27243
27332
29402
27244
27333
29403
27245
27334
29404
27246
27335
29405
27247
27336
29406
27248
27337
29407
27249
27338
29408
27250
27339
29409
27251
27340
29410
27252
27341
29411
27253
27342
29412
27254
27343
29413
27255
27344
29414
27256
27345
29415
27257
27346
29416
27258
27347
29417
27259
27348
29418
27260
27349
29419
27261
27350
29420
27262
27351
29421
27263
27352
29422
27264
27353
29423
27265
27354
29424
27266
27355
29425
27267
27356
29426
27268
27357
29427
27269
27358
29428
27359
29429
27271
27360
29430
27272
27361
29431
27273
27362
29432
27274
27363
29433
27275
27364
29434
27276
27365
29435
27277
27366
29436
27278
27367
29437
27279
27368
29438
27280
27369
29439
27281
27370
29440
27282
27371
29441
27283
27372
29442
27284
27373
29443
27285
27374
29444
27286
27375
29445
27287
27376
29446
27288
27377
29447
27289
27378
29448
27290
27379
29449
27291
27380
29450
27292
27381
29451
27293
27382
29452
27294
27383
29453
27295
27384
29454
27296
27385
29455
27297
27386
29456
27298
27387
29457
27299
27388
29458
27300
27389
29459
27301
27390
29460
27302
27391
29461
27303
27392
29462
27304
27393
29463
27305
27394
29464
27306
27395
29465
27307
27396
29466
27308
27397
29467
27309
27398
29468
27310
27399
29469
27311
27400
29470
27312
27401
29471
27313
27402
29472
27314
27403
29473
27315
27404
29474
27316
27405
29475
27317
27406
29476
27318
27407
29477
27319
27408
29478
27320
27409
29479
27321
27410
29480
27322
27411
29481
27323
27412
29482
27324
27413
29483
27325
27414
29484
27326
27415
29485
27327
27416
29486
27328
27417
29487
27329
27418
29488
27330
27419
29489
27331
27420
29490
27332
27421
29491
27333
27422
29492
27334
27423
29493
27335
27424
29494
27336
27425
29495
27337
27426
29496
27338
27427
29497
27339
27428
29498
27340
27429
29499
27341
27430
29500
27342
27431
29501
27343
27432
29502
27344
27433
29503
27345
27434
29504
27346
27435
29505
27347
27436
29506
27348
27437
29507
27349
27438
29508
27350
27439
29509
27351
27440
29510
27352
27441
29511
27353
27442
29512
27354
27443
29513
27355
27444
29514
27356
27445
29515
27357
27446
29516
27358
27447
29517
27359
27448
29518
27449
29519
27361
27450
29520
27362
27451
29521
27363
27452
29522
27364
27453
29523
27365
27454
29524
27366
27455
29525
27367
27456
29526
27368
27457
29527
27369
27458
29528
27370
27459
29529
27371
27460
29530
27372
27461
29531
27373
27462
29532
27374
27463
29533
27375
27464
29534
27376
27465
29535
27377
27466
29536
27378
27467
29537
27379
27468
29538
27380
27469
29539
27381
27470
29540
27382
27471
29541
27383
27472
29542
27384
27473
29543
27385
27474
29544
27386
27475
29545
27387
27476
29546
27388
27477
29547
27389
27478
29548
27390
27479
29549
27391
27480
29550
27392
27481
29551
27393
27482
29552
27394
27483
29553
27395
27484
29554
27396
27485
29555
27397
27486
29556
27398
27487
29557
27399
27488
29558
27400
27489
29559
27401
27490
29560
27402
27491
29561
27403
27492
29562
27404
27493
29563
27405
27494
29564
27406
27495
29565
27407
27496
29566
27408
27497
29567
27409
27498
29568
27410
27499
29569
27411
27500
29570
27412
27501
29571
27413
27502
29572
27414
27503
29573
27415
27504
29574
27416
27505
29575
27417
27506
29576
27418
27507
29577
27419
27508
29578
27420
27509
29579
27421
27510
29580
27422
27511
29581
27423
27512
29582
27424
27513
29583
27425
27514
29584
27426
27515
29585
27427
27516
29586
27428
27517
29587
27429
27518
29588
27430
27519
29589
27431
27520
29590
27432
27521
29591
27433
27522
29592
27434
27523
29593
27435
27524
29594
27436
27525
29595
27437
27526
29596
27438
27527
29597
27439
27528
29598
27440
27529
29599
27441
27530
29600
27442
27531
29601
27443
27532
29602
27444
27533
29603
27445
27534
29604
27446
27535
29605
27447
27536
29606
27448
27537
29607
27449
27538
29608
27539
29609
27451
27540
29610
27452
27541
29611
27453
27542
29612
27454
27543
29613
27455
27544
29614
27456
27545
29615
27457
27546
29616
27458
27547
29617
27459
27548
29618
27460
27549
29619
27461
27550
29620
27462
27551
29621
27463
27552
29622
27464
27553
29623
27465
27554
29624
27466
27555
29625
27467
27556
29626
27468
27557
29627
27469
27558
29628
27470
27559
29629
27471
27560
29630
27472
27561
29631
27473
27562
29632
27474
27563
29633
27475
27564
29634
27476
27565
29635
27477
27566
29636
27478
27567
29637
27479
27568
29638
27480
27569
29639
27481
27570
29640
27482
27571
29641
27483
27572
29642
27484
27573
29643
27485
27574
29644
27486
27575
29645
27487
27576
29646
27488
27577
29647
27489
27578
29648
27490
27579
29649
27491
27580
29650
27492
27581
29651
27493
27582
29652
27494
27583
29653
27495
27584
29654
27496
27585
29655
27497
27586
29656
27498
27587
29657
27499
27588
29658
27500
27589
29659
27501
27590
29660
27502
27591
29661
27503
27592
29662
27504
27593
29663
27505
27594
29664
27506
27595
29665
27507
27596
29666
27508
27597
29667
27509
27598
29668
27510
27599
29669
27511
27600
29670
27512
27601
29671
27513
27602
29672
27514
27603
29673
27515
27604
29674
27516
27605
29675
27517
27606
29676
27518
27607
29677
27519
27608
29678
27520
27609
29679
27521
27610
29680
27522
27611
29681
27523
27612
29682
27524
27613
29683
27525
27614
29684
27526
27615
29685
27527
27616
29686
27528
27617
29687
27529
27618
29688
27530
27619
29689
27531
27620
29690
27532
27621
29691
27533
27622
29692
27534
27623
29693
27535
27624
29694
27536
27625
29695
27537
27626
29696
27538
27627
29697
27539
27628
29698
27629
29699
27541
27630
29700
27542
27631
29701
27543
27632
29702
27544
27633
29703
27545
27634
29704
27546
27635
29705
27547
27636
29706
27548
27637
29707
27549
27638
29708
27550
27639
29709
27551
27640
29710
27552
27641
29711
27553
27642
29712
27554
27643
29713
27555
27644
29714
27556
27645
29715
27557
27646
29716
27558
27647
29717
27559
27648
29718
27560
27649
29719
27561
27650
29720
27562
27651
29721
27563
27652
29722
27564
27653
29723
27565
27654
29724
27566
27655
29725
27567
27656
29726
27568
27657
29727
27569
27658
29728
27570
27659
29729
27571
27660
29730
27572
27661
29731
27573
27662
29732
27574
27663
29733
27575
27664
29734
27576
27665
29735
27577
27666
29736
27578
27667
29737
27579
27668
29738
27580
27669
29739
27581
27670
29740
27582
27671
29741
27583
27672
29742
27584
27673
29743
27585
27674
29744
27586
27675
29745
27587
27676
29746
27588
27677
29747
27589
27678
29748
27590
27679
29749
27591
27680
29750
27592
27681
29751
27593
27682
29752
27594
27683
29753
27595
27684
29754
27596
27685
29755
27597
27686
29756
27598
27687
29757
27599
27688
29758
27600
27689
29759
27601
27690
29760
27602
27691
29761
27603
27692
29762
27604
27693
29763
27605
27694
29764
27606
27695
29765
27607
27696
29766
27608
27697
29767
27609
27698
29768
27610
27699
29769
27611
27700
29770
27612
27701
29771
27613
27702
29772
27614
27703
29773
27615
27704
29774
27616
27705
29775
27617
27706
29776
27618
27707
29777
27619
27708
29778
27620
27709
29779
27621
27710
29780
27622
27711
29781
27623
27712
29782
27624
27713
29783
27625
27714
29784
27626
27715
29785
27627
27716
29786
27628
27717
29787
27629
27718
29788
27719
29789
27631
27720
29790
27632
27721
29791
27633
27722
29792
27634
27723
29793
27635
27724
29794
27636
27725
29795
27637
27726
29796
27638
27727
29797
27639
27728
29798
27640
27729
29799
27641
27730
29800
27642
27731
29801
27643
27732
29802
27644
27733
29803
27645
27734
29804
27646
27735
29805
27647
27736
29806
27648
27737
29807
27649
27738
29808
27650
27739
29809
27651
27740
29810
27652
27741
29811
27653
27742
29812
27654
27743
29813
27655
27744
29814
27656
27745
29815
27657
27746
29816
27658
27747
29817
27659
27748
29818
27660
27749
29819
27661
27750
29820
27662
27751
29821
27663
27752
29822
27664
27753
29823
27665
27754
29824
27666
27755
29825
27667
27756
29826
27668
27757
29827
27669
27758
29828
27670
27759
29829
27671
27760
29830
27672
27761
29831
27673
27762
29832
27674
27763
29833
27675
27764
29834
27676
27765
29835
27677
27766
29836
27678
27767
29837
27679
27768
29838
27680
27769
29839
27681
27770
29840
27682
27771
29841
27683
27772
29842
27684
27773
29843
27685
27774
29844
27686
27775
29845
27687
27776
29846
27688
27777
29847
27689
27778
29848
27690
27779
29849
27691
27780
29850
27692
27781
29851
27693
27782
29852
27694
27783
29853
27695
27784
29854
27696
27785
29855
27697
27786
29856
27698
27787
29857
27699
27788
29858
27700
27789
29859
27701
27790
29860
27702
27791
29861
27703
27792
29862
27704
27793
29863
27705
27794
29864
27706
27795
29865
27707
27796
29866
27708
27797
29867
27709
27798
29868
27710
27799
29869
27711
27800
29870
27712
27801
29871
27713
27802
29872
27714
27803
29873
27715
27804
29874
27716
27805
29875
27717
27806
29876
27718
27807
29877
27719
27808
29878
27809
29879
27721
27810
29880
27722
27811
29881
27723
27812
29882
27724
27813
29883
27725
27814
29884
27726
27815
29885
27727
27816
29886
27728
27817
29887
27729
27818
29888
27730
27819
29889
27731
27820
29890
27732
27821
29891
27733
27822
29892
27734
27823
29893
27735
27824
29894
27736
27825
29895
27737
27826
29896
27738
27827
29897
27739
27828
29898
27740
27829
29899
27741
27830
29900
27742
27831
29901
27743
27832
29902
27744
27833
29903
27745
27834
29904
27746
27835
29905
27747
27836
29906
27748
27837
29907
27749
27838
29908
27750
27839
29909
27751
27840
29910
27752
27841
29911
27753
27842
29912
27754
27843
29913
27755
27844
29914
27756
27845
29915
27757
27846
29916
27758
27847
29917
27759
27848
29918
27760
27849
29919
27761
27850
29920
27762
27851
29921
27763
27852
29922
27764
27853
29923
27765
27854
29924
27766
27855
29925
27767
27856
29926
27768
27857
29927
27769
27858
29928
27770
27859
29929
27771
27860
29930
27772
27861
29931
27773
27862
29932
27774
27863
29933
27775
27864
29934
27776
27865
29935
27777
27866
29936
27778
27867
29937
27779
27868
29938
27780
27869
29939
27781
27870
29940
27782
27871
29941
27783
27872
29942
27784
27873
29943
27785
27874
29944
27786
27875
29945
27787
27876
29946
27788
27877
29947
27789
27878
29948
27790
27879
29949
27791
27880
29950
27792
27881
29951
27793
27882
29952
27794
27883
29953
27795
27884
29954
27796
27885
29955
27797
27886
29956
27798
27887
29957
27799
27888
29958
27800
27889
29959
27801
27890
29960
27802
27891
29961
27803
27892
29962
27804
27893
29963
27805
27894
29964
27806
27895
29965
27807
27896
29966
27808
27897
29967
27809
27898
29968
27899
29969
27811
27900
29970
27812
27901
29971
27813
27902
29972
27814
27903
29973
27815
27904
29974
27816
27905
29975
27817
27906
29976
27818
27907
29977
27819
27908
29978
27820
27909
29979
27821
27910
29980
27822
27911
29981
27823
27912
29982
27824
27913
29983
27825
27914
29984
27826
27915
29985
27827
27916
29986
27828
27917
29987
27829
27918
29988
27830
27919
29989
27831
27920
29990
27832
27921
29991
27833
27922
29992
27834
27923
29993
27835
27924
29994
27836
27925
29995
27837
27926
29996
27838
27927
29997
27839
27928
29998
27840
27929
29999
27841
27930
30000
27842
27931
30001
27843
27932
30002
27844
27933
30003
27845
27934
30004
27846
27935
30005
27847
27936
30006
27848
27937
30007
27849
27938
30008
27850
27939
30009
27851
27940
30010
27852
27941
30011
27853
27942
30012
27854
27943
30013
27855
27944
30014
27856
27945
30015
27857
27946
30016
27858
27947
30017
27859
27948
30018
27860
27949
30019
27861
27950
30020
27862
27951
30021
27863
27952
30022
27864
27953
30023
27865
27954
30024
27866
27955
30025
27867
27956
30026
27868
27957
30027
27869
27958
30028
27870
27959
30029
27871
27960
30030
27872
27961
30031
27873
27962
30032
27874
27963
30033
27875
27964
30034
27876
27965
30035
27877
27966
30036
27878
27967
30037
27879
27968
30038
27880
27969
30039
27881
27970
30040
27882
27971
30041
27883
27972
30042
27884
27973
30043
27885
27974
30044
27886
27975
30045
27887
27976
30046
27888
27977
30047
27889
27978
30048
27890
27979
30049
27891
27980
30050
27892
27981
30051
27893
27982
30052
27894
27983
30053
27895
27984
30054
27896
27985
30055
27897
27986
30056
27898
27987
30057
27899
27988
30058
27989
30059
27901
27990
30060
27902
27991
30061
27903
27992
30062
27904
27993
30063
27905
27994
30064
27906
27995
30065
27907
27996
30066
27908
27997
30067
27909
27998
30068
27910
27999
30069
27911
28000
30070
27912
28001
30071
27913
28002
30072
27914
28003
30073
27915
28004
30074
27916
28005
30075
27917
28006
30076
27918
28007
30077
27919
28008
30078
27920
28009
30079
27921
28010
30080
27922
28011
30081
27923
28012
30082
27924
28013
30083
27925
28014
30084
27926
28015
30085
27927
28016
30086
27928
28017
30087
27929
28018
30088
27930
28019
30089
27931
28020
30090
27932
28021
30091
27933
28022
30092
27934
28023
30093
27935
28024
30094
27936
28025
30095
27937
28026
30096
27938
28027
30097
27939
28028
30098
27940
28029
30099
27941
28030
30100
27942
28031
30101
27943
28032
30102
27944
28033
30103
27945
28034
30104
27946
28035
30105
27947
28036
30106
27948
28037
30107
27949
28038
30108
27950
28039
30109
27951
28040
30110
27952
28041
30111
27953
28042
30112
27954
28043
30113
27955
28044
30114
27956
28045
30115
27957
28046
30116
27958
28047
30117
27959
28048
30118
27960
28049
30119
27961
28050
30120
27962
28051
30121
27963
28052
30122
27964
28053
30123
27965
28054
30124
27966
28055
30125
27967
28056
30126
27968
28057
30127
27969
28058
30128
27970
28059
30129
27971
28060
30130
27972
28061
30131
27973
28062
30132
27974
28063
30133
27975
28064
30134
27976
28065
30135
27977
28066
30136
27978
28067
30137
27979
28068
30138
27980
28069
30139
27981
28070
30140
27982
28071
30141
27983
28072
30142
27984
28073
30143
27985
28074
30144
27986
28075
30145
27987
28076
30146
27988
28077
30147
27989
28078
30148
28079
30149
27991
30150
27992
30151
27993
30152
27994
30153
27995
30154
27996
30155
27997
30156
27998
30157
27999
30158
28000
30159
28001
30160
28002
30161
28003
30162
28004
30163
28005
30164
28006
30165
28007
30166
28008
30167
28009
30168
28010
30169
28011
30170
28012
30171
28013
30172
28014
30173
28015
30174
28016
30175
28017
30176
28018
30177
28019
30178
28020
30179
28021
30180
28022
30181
28023
30182
28024
30183
28025
30184
28026
30185
28027
30186
28028
30187
28029
30188
28030
30189
28031
30190
28032
30191
28033
30192
28034
30193
28035
30194
28036
30195
28037
30196
28038
30197
28039
30198
28040
30199
28041
30200
28042
30201
28043
30202
28044
30203
28045
30204
28046
30205
28047
30206
28048
30207
28049
30208
28050
30209
28051
30210
28052
30211
28053
30212
28054
30213
28055
30214
28056
30215
28057
30216
28058
30217
28059
30218
28060
30219
28061
30220
28062
30221
28063
30222
28064
30223
28065
30224
28066
30225
28067
30226
28068
30227
28069
30228
28070
30229
28071
30230
28072
30231
28073
30232
28074
30233
28075
30234
28076
30235
28077
30236
28078
30237
28079
30238
30239
28081
28170
30240
28082
28171
30241
28083
28172
30242
28084
28173
30243
28085
28174
30244
28086
28175
30245
28087
28176
30246
28088
28177
30247
28089
28178
30248
28090
28179
30249
28091
28180
30250
28092
28181
30251
28093
28182
30252
28094
28183
30253
28095
28184
30254
28096
28185
30255
28097
28186
30256
28098
28187
30257
28099
28188
30258
28100
28189
30259
28101
28190
30260
28102
28191
30261
28103
28192
30262
28104
28193
30263
28105
28194
30264
28106
28195
30265
28107
28196
30266
28108
28197
30267
28109
28198
30268
28110
28199
30269
28111
28200
30270
28112
28201
30271
28113
28202
30272
28114
28203
30273
28115
28204
30274
28116
28205
30275
28117
28206
30276
28118
28207
30277
28119
28208
30278
28120
28209
30279
28121
28210
30280
28122
28211
30281
28123
28212
30282
28124
28213
30283
28125
28214
30284
28126
28215
30285
28127
28216
30286
28128
28217
30287
28129
28218
30288
28130
28219
30289
28131
28220
30290
28132
28221
30291
28133
28222
30292
28134
28223
30293
28135
28224
30294
28136
28225
30295
28137
28226
30296
28138
28227
30297
28139
28228
30298
28140
28229
30299
28141
28230
30300
28142
28231
30301
28143
28232
30302
28144
28233
30303
28145
28234
30304
28146
28235
30305
28147
28236
30306
28148
28237
30307
28149
28238
30308
28150
28239
30309
28151
28240
30310
28152
28241
30311
28153
28242
30312
28154
28243
30313
28155
28244
30314
28156
28245
30315
28157
28246
30316
28158
28247
30317
28159
28248
30318
28160
28249
30319
28161
28250
30320
28162
28251
30321
28163
28252
30322
28164
28253
30323
28165
28254
30324
28166
28255
30325
28167
28256
30326
28168
28257
30327
28169
28258
30328
28259
30329
28171
28260
30330
28172
28261
30331
28173
28262
30332
28174
28263
30333
28175
28264
30334
28176
28265
30335
28177
28266
30336
28178
28267
30337
28179
28268
30338
28180
28269
30339
28181
28270
30340
28182
28271
30341
28183
28272
30342
28184
28273
30343
28185
28274
30344
28186
28275
30345
28187
28276
30346
28188
28277
30347
28189
28278
30348
28190
28279
30349
28191
28280
30350
28192
28281
30351
28193
28282
30352
28194
28283
30353
28195
28284
30354
28196
28285
30355
28197
28286
30356
28198
28287
30357
28199
28288
30358
28200
28289
30359
28201
28290
30360
28202
28291
30361
28203
28292
30362
28204
28293
30363
28205
28294
30364
28206
28295
30365
28207
28296
30366
28208
28297
30367
28209
28298
30368
28210
28299
30369
28211
28300
30370
28212
28301
30371
28213
28302
30372
28214
28303
30373
28215
28304
30374
28216
28305
30375
28217
28306
30376
28218
28307
30377
28219
28308
30378
28220
28309
30379
28221
28310
30380
28222
28311
30381
28223
28312
30382
28224
28313
30383
28225
28314
30384
28226
28315
30385
28227
28316
30386
28228
28317
30387
28229
28318
30388
28230
28319
30389
28231
28320
30390
28232
28321
30391
28233
28322
30392
28234
28323
30393
28235
28324
30394
28236
28325
30395
28237
28326
30396
28238
28327
30397
28239
28328
30398
28240
28329
30399
28241
28330
30400
28242
28331
30401
28243
28332
30402
28244
28333
30403
28245
28334
30404
28246
28335
30405
28247
28336
30406
28248
28337
30407
28249
28338
30408
28250
28339
30409
28251
28340
30410
28252
28341
30411
28253
28342
30412
28254
28343
30413
28255
28344
30414
28256
28345
30415
28257
28346
30416
28258
28347
30417
28259
28348
30418
28349
30419
28261
28350
30420
28262
28351
30421
28263
28352
30422
28264
28353
30423
28265
28354
30424
28266
28355
30425
28267
28356
30426
28268
28357
30427
28269
28358
30428
28270
28359
30429
28271
28360
30430
28272
28361
30431
28273
28362
30432
28274
28363
30433
28275
28364
30434
28276
28365
30435
28277
28366
30436
28278
28367
30437
28279
28368
30438
28280
28369
30439
28281
28370
30440
28282
28371
30441
28283
28372
30442
28284
28373
30443
28285
28374
30444
28286
28375
30445
28287
28376
30446
28288
28377
30447
28289
28378
30448
28290
28379
30449
28291
28380
30450
28292
28381
30451
28293
28382
30452
28294
28383
30453
28295
28384
30454
28296
28385
30455
28297
28386
30456
28298
28387
30457
28299
28388
30458
28300
28389
30459
28301
28390
30460
28302
28391
30461
28303
28392
30462
28304
28393
30463
28305
28394
30464
28306
28395
30465
28307
28396
30466
28308
28397
30467
28309
28398
30468
28310
28399
30469
28311
28400
30470
28312
28401
30471
28313
28402
30472
28314
28403
30473
28315
28404
30474
28316
28405
30475
28317
28406
30476
28318
28407
30477
28319
28408
30478
28320
28409
30479
28321
28410
30480
28322
28411
30481
28323
28412
30482
28324
28413
30483
28325
28414
30484
28326
28415
30485
28327
28416
30486
28328
28417
30487
28329
28418
30488
28330
28419
30489
28331
28420
30490
28332
28421
30491
28333
28422
30492
28334
28423
30493
28335
28424
30494
28336
28425
30495
28337
28426
30496
28338
28427
30497
28339
28428
30498
28340
28429
30499
28341
28430
30500
28342
28431
30501
28343
28432
30502
28344
28433
30503
28345
28434
30504
28346
28435
30505
28347
28436
30506
28348
28437
30507
28349
28438
30508
28439
30509
28351
28440
30510
28352
28441
30511
28353
28442
30512
28354
28443
30513
28355
28444
30514
28356
28445
30515
28357
28446
30516
28358
28447
30517
28359
28448
30518
28360
28449
30519
28361
28450
30520
28362
28451
30521
28363
28452
30522
28364
28453
30523
28365
28454
30524
28366
28455
30525
28367
28456
30526
28368
28457
30527
28369
28458
30528
28370
28459
30529
28371
28460
30530
28372
28461
30531
28373
28462
30532
28374
28463
30533
28375
28464
30534
28376
28465
30535
28377
28466
30536
28378
28467
30537
28379
28468
30538
28380
28469
30539
28381
28470
30540
28382
28471
30541
28383
28472
30542
28384
28473
30543
28385
28474
30544
28386
28475
30545
28387
28476
30546
28388
28477
30547
28389
28478
30548
28390
28479
30549
28391
28480
30550
28392
28481
30551
28393
28482
30552
28394
28483
30553
28395
28484
30554
28396
28485
30555
28397
28486
30556
28398
28487
30557
28399
28488
30558
28400
28489
30559
28401
28490
30560
28402
28491
30561
28403
28492
30562
28404
28493
30563
28405
28494
30564
28406
28495
30565
28407
28496
30566
28408
28497
30567
28409
28498
30568
28410
28499
30569
28411
28500
30570
28412
28501
30571
28413
28502
30572
28414
28503
30573
28415
28504
30574
28416
28505
30575
28417
28506
30576
28418
28507
30577
28419
28508
30578
28420
28509
30579
28421
28510
30580
28422
28511
30581
28423
28512
30582
28424
28513
30583
28425
28514
30584
28426
28515
30585
28427
28516
30586
28428
28517
30587
28429
28518
30588
28430
28519
30589
28431
28520
30590
28432
28521
30591
28433
28522
30592
28434
28523
30593
28435
28524
30594
28436
28525
30595
28437
28526
30596
28438
28527
30597
28439
28528
30598
28529
30599
28441
28530
30600
28442
28531
30601
28443
28532
30602
28444
28533
30603
28445
28534
30604
28446
28535
30605
28447
28536
30606
28448
28537
30607
28449
28538
30608
28450
28539
30609
28451
28540
30610
28452
28541
30611
28453
28542
30612
28454
28543
30613
28455
28544
30614
28456
28545
30615
28457
28546
30616
28458
28547
30617
28459
28548
30618
28460
28549
30619
28461
28550
30620
28462
28551
30621
28463
28552
30622
28464
28553
30623
28465
28554
30624
28466
28555
30625
28467
28556
30626
28468
28557
30627
28469
28558
30628
28470
28559
30629
28471
28560
30630
28472
28561
30631
28473
28562
30632
28474
28563
30633
28475
28564
30634
28476
28565
30635
28477
28566
30636
28478
28567
30637
28479
28568
30638
28480
28569
30639
28481
28570
30640
28482
28571
30641
28483
28572
30642
28484
28573
30643
28485
28574
30644
28486
28575
30645
28487
28576
30646
28488
28577
30647
28489
28578
30648
28490
28579
30649
28491
28580
30650
28492
28581
30651
28493
28582
30652
28494
28583
30653
28495
28584
30654
28496
28585
30655
28497
28586
30656
28498
28587
30657
28499
28588
30658
28500
28589
30659
28501
28590
30660
28502
28591
30661
28503
28592
30662
28504
28593
30663
28505
28594
30664
28506
28595
30665
28507
28596
30666
28508
28597
30667
28509
28598
30668
28510
28599
30669
28511
28600
30670
28512
28601
30671
28513
28602
30672
28514
28603
30673
28515
28604
30674
28516
28605
30675
28517
28606
30676
28518
28607
30677
28519
28608
30678
28520
28609
30679
28521
28610
30680
28522
28611
30681
28523
28612
30682
28524
28613
30683
28525
28614
30684
28526
28615
30685
28527
28616
30686
28528
28617
30687
28529
28618
30688
28619
30689
28531
28620
30690
28532
28621
30691
28533
28622
30692
28534
28623
30693
28535
28624
30694
28536
28625
30695
28537
28626
30696
28538
28627
30697
28539
28628
30698
28540
28629
30699
28541
28630
30700
28542
28631
30701
28543
28632
30702
28544
28633
30703
28545
28634
30704
28546
28635
30705
28547
28636
30706
28548
28637
30707
28549
28638
30708
28550
28639
30709
28551
28640
30710
28552
28641
30711
28553
28642
30712
28554
28643
30713
28555
28644
30714
28556
28645
30715
28557
28646
30716
28558
28647
30717
28559
28648
30718
28560
28649
30719
28561
28650
30720
28562
28651
30721
28563
28652
30722
28564
28653
30723
28565
28654
30724
28566
28655
30725
28567
28656
30726
28568
28657
30727
28569
28658
30728
28570
28659
30729
28571
28660
30730
28572
28661
30731
28573
28662
30732
28574
28663
30733
28575
28664
30734
28576
28665
30735
28577
28666
30736
28578
28667
30737
28579
28668
30738
28580
28669
30739
28581
28670
30740
28582
28671
30741
28583
28672
30742
28584
28673
30743
28585
28674
30744
28586
28675
30745
28587
28676
30746
28588
28677
30747
28589
28678
30748
28590
28679
30749
28591
28680
30750
28592
28681
30751
28593
28682
30752
28594
28683
30753
28595
28684
30754
28596
28685
30755
28597
28686
30756
28598
28687
30757
28599
28688
30758
28600
28689
30759
28601
28690
30760
28602
28691
30761
28603
28692
30762
28604
28693
30763
28605
28694
30764
28606
28695
30765
28607
28696
30766
28608
28697
30767
28609
28698
30768
28610
28699
30769
28611
28700
30770
28612
28701
30771
28613
28702
30772
28614
28703
30773
28615
28704
30774
28616
28705
30775
28617
28706
30776
28618
28707
30777
28619
28708
30778
28709
30779
28621
28710
30780
28622
28711
30781
28623
28712
30782
28624
28713
30783
28625
28714
30784
28626
28715
30785
28627
28716
30786
28628
28717
30787
28629
28718
30788
28630
28719
30789
28631
28720
30790
28632
28721
30791
28633
28722
30792
28634
28723
30793
28635
28724
30794
28636
28725
30795
28637
28726
30796
28638
28727
30797
28639
28728
30798
28640
28729
30799
28641
28730
30800
28642
28731
30801
28643
28732
30802
28644
28733
30803
28645
28734
30804
28646
28735
30805
28647
28736
30806
28648
28737
30807
28649
28738
30808
28650
28739
30809
28651
28740
30810
28652
28741
30811
28653
28742
30812
28654
28743
30813
28655
28744
30814
28656
28745
30815
28657
28746
30816
28658
28747
30817
28659
28748
30818
28660
28749
30819
28661
28750
30820
28662
28751
30821
28663
28752
30822
28664
28753
30823
28665
28754
30824
28666
28755
30825
28667
28756
30826
28668
28757
30827
28669
28758
30828
28670
28759
30829
28671
28760
30830
28672
28761
30831
28673
28762
30832
28674
28763
30833
28675
28764
30834
28676
28765
30835
28677
28766
30836
28678
28767
30837
28679
28768
30838
28680
28769
30839
28681
28770
30840
28682
28771
30841
28683
28772
30842
28684
28773
30843
28685
28774
30844
28686
28775
30845
28687
28776
30846
28688
28777
30847
28689
28778
30848
28690
28779
30849
28691
28780
30850
28692
28781
30851
28693
28782
30852
28694
28783
30853
28695
28784
30854
28696
28785
30855
28697
28786
30856
28698
28787
30857
28699
28788
30858
28700
28789
30859
28701
28790
30860
28702
28791
30861
28703
28792
30862
28704
28793
30863
28705
28794
30864
28706
28795
30865
28707
28796
30866
28708
28797
30867
28709
28798
30868
28799
30869
28711
28800
30870
28712
28801
30871
28713
28802
30872
28714
28803
30873
28715
28804
30874
28716
28805
30875
28717
28806
30876
28718
28807
30877
28719
28808
30878
28720
28809
30879
28721
28810
30880
28722
28811
30881
28723
28812
30882
28724
28813
30883
28725
28814
30884
28726
28815
30885
28727
28816
30886
28728
28817
30887
28729
28818
30888
28730
28819
30889
28731
28820
30890
28732
28821
30891
28733
28822
30892
28734
28823
30893
28735
28824
30894
28736
28825
30895
28737
28826
30896
28738
28827
30897
28739
28828
30898
28740
28829
30899
28741
28830
30900
28742
28831
30901
28743
28832
30902
28744
28833
30903
28745
28834
30904
28746
28835
30905
28747
28836
30906
28748
28837
30907
28749
28838
30908
28750
28839
30909
28751
28840
30910
28752
28841
30911
28753
28842
30912
28754
28843
30913
28755
28844
30914
28756
28845
30915
28757
28846
30916
28758
28847
30917
28759
28848
30918
28760
28849
30919
28761
28850
30920
28762
28851
30921
28763
28852
30922
28764
28853
30923
28765
28854
30924
28766
28855
30925
28767
28856
30926
28768
28857
30927
28769
28858
30928
28770
28859
30929
28771
28860
30930
28772
28861
30931
28773
28862
30932
28774
28863
30933
28775
28864
30934
28776
28865
30935
28777
28866
30936
28778
28867
30937
28779
28868
30938
28780
28869
30939
28781
28870
30940
28782
28871
30941
28783
28872
30942
28784
28873
30943
28785
28874
30944
28786
28875
30945
28787
28876
30946
28788
28877
30947
28789
28878
30948
28790
28879
30949
28791
28880
30950
28792
28881
30951
28793
28882
30952
28794
28883
30953
28795
28884
30954
28796
28885
30955
28797
28886
30956
28798
28887
30957
28799
28888
30958
28889
30959
28801
28890
30960
28802
28891
30961
28803
28892
30962
28804
28893
30963
28805
28894
30964
28806
28895
30965
28807
28896
30966
28808
28897
30967
28809
28898
30968
28810
28899
30969
28811
28900
30970
28812
28901
30971
28813
28902
30972
28814
28903
30973
28815
28904
30974
28816
28905
30975
28817
28906
30976
28818
28907
30977
28819
28908
30978
28820
28909
30979
28821
28910
30980
28822
28911
30981
28823
28912
30982
28824
28913
30983
28825
28914
30984
28826
28915
30985
28827
28916
30986
28828
28917
30987
28829
28918
30988
28830
28919
30989
28831
28920
30990
28832
28921
30991
28833
28922
30992
28834
28923
30993
28835
28924
30994
28836
28925
30995
28837
28926
30996
28838
28927
30997
28839
28928
30998
28840
28929
30999
28841
28930
31000
28842
28931
31001
28843
28932
31002
28844
28933
31003
28845
28934
31004
28846
28935
31005
28847
28936
31006
28848
28937
31007
28849
28938
31008
28850
28939
31009
28851
28940
31010
28852
28941
31011
28853
28942
31012
28854
28943
31013
28855
28944
31014
28856
28945
31015
28857
28946
31016
28858
28947
31017
28859
28948
31018
28860
28949
31019
28861
28950
31020
28862
28951
31021
28863
28952
31022
28864
28953
31023
28865
28954
31024
28866
28955
31025
28867
28956
31026
28868
28957
31027
28869
28958
31028
28870
28959
31029
28871
28960
31030
28872
28961
31031
28873
28962
31032
28874
28963
31033
28875
28964
31034
28876
28965
31035
28877
28966
31036
28878
28967
31037
28879
28968
31038
28880
28969
31039
28881
28970
31040
28882
28971
31041
28883
28972
31042
28884
28973
31043
28885
28974
31044
28886
28975
31045
28887
28976
31046
28888
28977
31047
28889
28978
31048
28979
31049
28891
28980
31050
28892
28981
31051
28893
28982
31052
28894
28983
31053
28895
28984
31054
28896
28985
31055
28897
28986
31056
28898
28987
31057
28899
28988
31058
28900
28989
31059
28901
28990
31060
28902
28991
31061
28903
28992
31062
28904
28993
31063
28905
28994
31064
28906
28995
31065
28907
28996
31066
28908
28997
31067
28909
28998
31068
28910
28999
31069
28911
29000
31070
28912
29001
31071
28913
29002
31072
28914
29003
31073
28915
29004
31074
28916
29005
31075
28917
29006
31076
28918
29007
31077
28919
29008
31078
28920
29009
31079
28921
29010
31080
28922
29011
31081
28923
29012
31082
28924
29013
31083
28925
29014
31084
28926
29015
31085
28927
29016
31086
28928
29017
31087
28929
29018
31088
28930
29019
31089
28931
29020
31090
28932
29021
31091
28933
29022
31092
28934
29023
31093
28935
29024
31094
28936
29025
31095
28937
29026
31096
28938
29027
31097
28939
29028
31098
28940
29029
31099
28941
29030
31100
28942
29031
31101
28943
29032
31102
28944
29033
31103
28945
29034
31104
28946
29035
31105
28947
29036
31106
28948
29037
31107
28949
29038
31108
28950
29039
31109
28951
29040
31110
28952
29041
31111
28953
29042
31112
28954
29043
31113
28955
29044
31114
28956
29045
31115
28957
29046
31116
28958
29047
31117
28959
29048
31118
28960
29049
31119
28961
29050
31120
28962
29051
31121
28963
29052
31122
28964
29053
31123
28965
29054
31124
28966
29055
31125
28967
29056
31126
28968
29057
31127
28969
29058
31128
28970
29059
31129
28971
29060
31130
28972
29061
31131
28973
29062
31132
28974
29063
31133
28975
29064
31134
28976
29065
31135
28977
29066
31136
28978
29067
31137
28979
29068
31138
29069
31139
28981
29070
31140
28982
29071
31141
28983
29072
31142
28984
29073
31143
28985
29074
31144
28986
29075
31145
28987
29076
31146
28988
29077
31147
28989
29078
31148
28990
29079
31149
28991
29080
31150
28992
29081
31151
28993
29082
31152
28994
29083
31153
28995
29084
31154
28996
29085
31155
28997
29086
31156
28998
29087
31157
28999
29088
31158
29000
29089
31159
29001
29090
31160
29002
29091
31161
29003
29092
31162
29004
29093
31163
29005
29094
31164
29006
29095
31165
29007
29096
31166
29008
29097
31167
29009
29098
31168
29010
29099
31169
29011
29100
31170
29012
29101
31171
29013
29102
31172
29014
29103
31173
29015
29104
31174
29016
29105
31175
29017
29106
31176
29018
29107
31177
29019
29108
31178
29020
29109
31179
29021
29110
31180
29022
29111
31181
29023
29112
31182
29024
29113
31183
29025
29114
31184
29026
29115
31185
29027
29116
31186
29028
29117
31187
29029
29118
31188
29030
29119
31189
29031
29120
31190
29032
29121
31191
29033
29122
31192
29034
29123
31193
29035
29124
31194
29036
29125
31195
29037
29126
31196
29038
29127
31197
29039
29128
31198
29040
29129
31199
29041
29130
31200
29042
29131
31201
29043
29132
31202
29044
29133
31203
29045
29134
31204
29046
29135
31205
29047
29136
31206
29048
29137
31207
29049
29138
31208
29050
29139
31209
29051
29140
31210
29052
29141
31211
29053
29142
31212
29054
29143
31213
29055
29144
31214
29056
29145
31215
29057
29146
31216
29058
29147
31217
29059
29148
31218
29060
29149
31219
29061
29150
31220
29062
29151
31221
29063
29152
31222
29064
29153
31223
29065
29154
31224
29066
29155
31225
29067
29156
31226
29068
29157
31227
29069
29158
31228
29159
31229
29071
29160
31230
29072
29161
31231
29073
29162
31232
29074
29163
31233
29075
29164
31234
29076
29165
31235
29077
29166
31236
29078
29167
31237
29079
29168
31238
29080
29169
31239
29081
29170
31240
29082
29171
31241
29083
29172
31242
29084
29173
31243
29085
29174
31244
29086
29175
31245
29087
29176
31246
29088
29177
31247
29089
29178
31248
29090
29179
31249
29091
29180
31250
29092
29181
31251
29093
29182
31252
29094
29183
31253
29095
29184
31254
29096
29185
31255
29097
29186
31256
29098
29187
31257
29099
29188
31258
29100
29189
31259
29101
29190
31260
29102
29191
31261
29103
29192
31262
29104
29193
31263
29105
29194
31264
29106
29195
31265
29107
29196
31266
29108
29197
31267
29109
29198
31268
29110
29199
31269
29111
29200
31270
29112
29201
31271
29113
29202
31272
29114
29203
31273
29115
29204
31274
29116
29205
31275
29117
29206
31276
29118
29207
31277
29119
29208
31278
29120
29209
31279
29121
29210
31280
29122
29211
31281
29123
29212
31282
29124
29213
31283
29125
29214
31284
29126
29215
31285
29127
29216
31286
29128
29217
31287
29129
29218
31288
29130
29219
31289
29131
29220
31290
29132
29221
31291
29133
29222
31292
29134
29223
31293
29135
29224
31294
29136
29225
31295
29137
29226
31296
29138
29227
31297
29139
29228
31298
29140
29229
31299
29141
29230
31300
29142
29231
31301
29143
29232
31302
29144
29233
31303
29145
29234
31304
29146
29235
31305
29147
29236
31306
29148
29237
31307
29149
29238
31308
29150
29239
31309
29151
29240
31310
29152
29241
31311
29153
29242
31312
29154
29243
31313
29155
29244
31314
29156
29245
31315
29157
29246
31316
29158
29247
31317
29159
29248
31318
29249
31319
29161
29250
31320
29162
29251
31321
29163
29252
31322
29164
29253
31323
29165
29254
31324
29166
29255
31325
29167
29256
31326
29168
29257
31327
29169
29258
31328
29170
29259
31329
29171
29260
31330
29172
29261
31331
29173
29262
31332
29174
29263
31333
29175
29264
31334
29176
29265
31335
29177
29266
31336
29178
29267
31337
29179
29268
31338
29180
29269
31339
29181
29270
31340
29182
29271
31341
29183
29272
31342
29184
29273
31343
29185
29274
31344
29186
29275
31345
29187
29276
31346
29188
29277
31347
29189
29278
31348
29190
29279
31349
29191
29280
31350
29192
29281
31351
29193
29282
31352
29194
29283
31353
29195
29284
31354
29196
29285
31355
29197
29286
31356
29198
29287
31357
29199
29288
31358
29200
29289
31359
29201
29290
31360
29202
29291
31361
29203
29292
31362
29204
29293
31363
29205
29294
31364
29206
29295
31365
29207
29296
31366
29208
29297
31367
29209
29298
31368
29210
29299
31369
29211
29300
31370
29212
29301
31371
29213
29302
31372
29214
29303
31373
29215
29304
31374
29216
29305
31375
29217
29306
31376
29218
29307
31377
29219
29308
31378
29220
29309
31379
29221
29310
31380
29222
29311
31381
29223
29312
31382
29224
29313
31383
29225
29314
31384
29226
29315
31385
29227
29316
31386
29228
29317
31387
29229
29318
31388
29230
29319
31389
29231
29320
31390
29232
29321
31391
29233
29322
31392
29234
29323
31393
29235
29324
31394
29236
29325
31395
29237
29326
31396
29238
29327
31397
29239
29328
31398
29240
29329
31399
29241
29330
31400
29242
29331
31401
29243
29332
31402
29244
29333
31403
29245
29334
31404
29246
29335
31405
29247
29336
31406
29248
29337
31407
29249
29338
31408
29339
31409
29251
29340
31410
29252
29341
31411
29253
29342
31412
29254
29343
31413
29255
29344
31414
29256
29345
31415
29257
29346
31416
29258
29347
31417
29259
29348
31418
29260
29349
31419
29261
29350
31420
29262
29351
31421
29263
29352
31422
29264
29353
31423
29265
29354
31424
29266
29355
31425
29267
29356
31426
29268
29357
31427
29269
29358
31428
29270
29359
31429
29271
29360
31430
29272
29361
31431
29273
29362
31432
29274
29363
31433
29275
29364
31434
29276
29365
31435
29277
29366
31436
29278
29367
31437
29279
29368
31438
29280
29369
31439
29281
29370
31440
29282
29371
31441
29283
29372
31442
29284
29373
31443
29285
29374
31444
29286
29375
31445
29287
29376
31446
29288
29377
31447
29289
29378
31448
29290
29379
31449
29291
29380
31450
29292
29381
31451
29293
29382
31452
29294
29383
31453
29295
29384
31454
29296
29385
31455
29297
29386
31456
29298
29387
31457
29299
29388
31458
29300
29389
31459
29301
29390
31460
29302
29391
31461
29303
29392
31462
29304
29393
31463
29305
29394
31464
29306
29395
31465
29307
29396
31466
29308
29397
31467
29309
29398
31468
29310
29399
31469
29311
29400
31470
29312
29401
31471
29313
29402
31472
29314
29403
31473
29315
29404
31474
29316
29405
31475
29317
29406
31476
29318
29407
31477
29319
29408
31478
29320
29409
31479
29321
29410
31480
29322
29411
31481
29323
29412
31482
29324
29413
31483
29325
29414
31484
29326
29415
31485
29327
29416
31486
29328
29417
31487
29329
29418
31488
29330
29419
31489
29331
29420
31490
29332
29421
31491
29333
29422
31492
29334
29423
31493
29335
29424
31494
29336
29425
31495
29337
29426
31496
29338
29427
31497
29339
29428
31498
29429
31499
29341
29430
31500
29342
29431
31501
29343
29432
31502
29344
29433
31503
29345
29434
31504
29346
29435
31505
29347
29436
31506
29348
29437
31507
29349
29438
31508
29350
29439
31509
29351
29440
31510
29352
29441
31511
29353
29442
31512
29354
29443
31513
29355
29444
31514
29356
29445
31515
29357
29446
31516
29358
29447
31517
29359
29448
31518
29360
29449
31519
29361
29450
31520
29362
29451
31521
29363
29452
31522
29364
29453
31523
29365
29454
31524
29366
29455
31525
29367
29456
31526
29368
29457
31527
29369
29458
31528
29370
29459
31529
29371
29460
31530
29372
29461
31531
29373
29462
31532
29374
29463
31533
29375
29464
31534
29376
29465
31535
29377
29466
31536
29378
29467
31537
29379
29468
31538
29380
29469
31539
29381
29470
31540
29382
29471
31541
29383
29472
31542
29384
29473
31543
29385
29474
31544
29386
29475
31545
29387
29476
31546
29388
29477
31547
29389
29478
31548
29390
29479
31549
29391
29480
31550
29392
29481
31551
29393
29482
31552
29394
29483
31553
29395
29484
31554
29396
29485
31555
29397
29486
31556
29398
29487
31557
29399
29488
31558
29400
29489
31559
29401
29490
31560
29402
29491
31561
29403
29492
31562
29404
29493
31563
29405
29494
31564
29406
29495
31565
29407
29496
31566
29408
29497
31567
29409
29498
31568
29410
29499
31569
29411
29500
31570
29412
29501
31571
29413
29502
31572
29414
29503
31573
29415
29504
31574
29416
29505
31575
29417
29506
31576
29418
29507
31577
29419
29508
31578
29420
29509
31579
29421
29510
31580
29422
29511
31581
29423
29512
31582
29424
29513
31583
29425
29514
31584
29426
29515
31585
29427
29516
31586
29428
29517
31587
29429
29518
31588
29519
31589
29431
29520
31590
29432
29521
31591
29433
29522
31592
29434
29523
31593
29435
29524
31594
29436
29525
31595
29437
29526
31596
29438
29527
31597
29439
29528
31598
29440
29529
31599
29441
29530
31600
29442
29531
31601
29443
29532
31602
29444
29533
31603
29445
29534
31604
29446
29535
31605
29447
29536
31606
29448
29537
31607
29449
29538
31608
29450
29539
31609
29451
29540
31610
29452
29541
31611
29453
29542
31612
29454
29543
31613
29455
29544
31614
29456
29545
31615
29457
29546
31616
29458
29547
31617
29459
29548
31618
29460
29549
31619
29461
29550
31620
29462
29551
31621
29463
29552
31622
29464
29553
31623
29465
29554
31624
29466
29555
31625
29467
29556
31626
29468
29557
31627
29469
29558
31628
29470
29559
31629
29471
29560
31630
29472
29561
31631
29473
29562
31632
29474
29563
31633
29475
29564
31634
29476
29565
31635
29477
29566
31636
29478
29567
31637
29479
29568
31638
29480
29569
31639
29481
29570
31640
29482
29571
31641
29483
29572
31642
29484
29573
31643
29485
29574
31644
29486
29575
31645
29487
29576
31646
29488
29577
31647
29489
29578
31648
29490
29579
31649
29491
29580
31650
29492
29581
31651
29493
29582
31652
29494
29583
31653
29495
29584
31654
29496
29585
31655
29497
29586
31656
29498
29587
31657
29499
29588
31658
29500
29589
31659
29501
29590
31660
29502
29591
31661
29503
29592
31662
29504
29593
31663
29505
29594
31664
29506
29595
31665
29507
29596
31666
29508
29597
31667
29509
29598
31668
29510
29599
31669
29511
29600
31670
29512
29601
31671
29513
29602
31672
29514
29603
31673
29515
29604
31674
29516
29605
31675
29517
29606
31676
29518
29607
31677
29519
29608
31678
29609
31679
29521
29610
31680
29522
29611
31681
29523
29612
31682
29524
29613
31683
29525
29614
31684
29526
29615
31685
29527
29616
31686
29528
29617
31687
29529
29618
31688
29530
29619
31689
29531
29620
31690
29532
29621
31691
29533
29622
31692
29534
29623
31693
29535
29624
31694
29536
29625
31695
29537
29626
31696
29538
29627
31697
29539
29628
31698
29540
29629
31699
29541
29630
31700
29542
29631
31701
29543
29632
31702
29544
29633
31703
29545
29634
31704
29546
29635
31705
29547
29636
31706
29548
29637
31707
29549
29638
31708
29550
29639
31709
29551
29640
31710
29552
29641
31711
29553
29642
31712
29554
29643
31713
29555
29644
31714
29556
29645
31715
29557
29646
31716
29558
29647
31717
29559
29648
31718
29560
29649
31719
29561
29650
31720
29562
29651
31721
29563
29652
31722
29564
29653
31723
29565
29654
31724
29566
29655
31725
29567
29656
31726
29568
29657
31727
29569
29658
31728
29570
29659
31729
29571
29660
31730
29572
29661
31731
29573
29662
31732
29574
29663
31733
29575
29664
31734
29576
29665
31735
29577
29666
31736
29578
29667
31737
29579
29668
31738
29580
29669
31739
29581
29670
31740
29582
29671
31741
29583
29672
31742
29584
29673
31743
29585
29674
31744
29586
29675
31745
29587
29676
31746
29588
29677
31747
29589
29678
31748
29590
29679
31749
29591
29680
31750
29592
29681
31751
29593
29682
31752
29594
29683
31753
29595
29684
31754
29596
29685
31755
29597
29686
31756
29598
29687
31757
29599
29688
31758
29600
29689
31759
29601
29690
31760
29602
29691
31761
29603
29692
31762
29604
29693
31763
29605
29694
31764
29606
29695
31765
29607
29696
31766
29608
29697
31767
29609
29698
31768
29699
31769
29611
29700
31770
29612
29701
31771
29613
29702
31772
29614
29703
31773
29615
29704
31774
29616
29705
31775
29617
29706
31776
29618
29707
31777
29619
29708
31778
29620
29709
31779
29621
29710
31780
29622
29711
31781
29623
29712
31782
29624
29713
31783
29625
29714
31784
29626
29715
31785
29627
29716
31786
29628
29717
31787
29629
29718
31788
29630
29719
31789
29631
29720
31790
29632
29721
31791
29633
29722
31792
29634
29723
31793
29635
29724
31794
29636
29725
31795
29637
29726
31796
29638
29727
31797
29639
29728
31798
29640
29729
31799
29641
29730
31800
29642
29731
31801
29643
29732
31802
29644
29733
31803
29645
29734
31804
29646
29735
31805
29647
29736
31806
29648
29737
31807
29649
29738
31808
29650
29739
31809
29651
29740
31810
29652
29741
31811
29653
29742
31812
29654
29743
31813
29655
29744
31814
29656
29745
31815
29657
29746
31816
29658
29747
31817
29659
29748
31818
29660
29749
31819
29661
29750
31820
29662
29751
31821
29663
29752
31822
29664
29753
31823
29665
29754
31824
29666
29755
31825
29667
29756
31826
29668
29757
31827
29669
29758
31828
29670
29759
31829
29671
29760
31830
29672
29761
31831
29673
29762
31832
29674
29763
31833
29675
29764
31834
29676
29765
31835
29677
29766
31836
29678
29767
31837
29679
29768
31838
29680
29769
31839
29681
29770
31840
29682
29771
31841
29683
29772
31842
29684
29773
31843
29685
29774
31844
29686
29775
31845
29687
29776
31846
29688
29777
31847
29689
29778
31848
29690
29779
31849
29691
29780
31850
29692
29781
31851
29693
29782
31852
29694
29783
31853
29695
29784
31854
29696
29785
31855
29697
29786
31856
29698
29787
31857
29699
29788
31858
29789
31859
29701
29790
31860
29702
29791
31861
29703
29792
31862
29704
29793
31863
29705
29794
31864
29706
29795
31865
29707
29796
31866
29708
29797
31867
29709
29798
31868
29710
29799
31869
29711
29800
31870
29712
29801
31871
29713
29802
31872
29714
29803
31873
29715
29804
31874
29716
29805
31875
29717
29806
31876
29718
29807
31877
29719
29808
31878
29720
29809
31879
29721
29810
31880
29722
29811
31881
29723
29812
31882
29724
29813
31883
29725
29814
31884
29726
29815
31885
29727
29816
31886
29728
29817
31887
29729
29818
31888
29730
29819
31889
29731
29820
31890
29732
29821
31891
29733
29822
31892
29734
29823
31893
29735
29824
31894
29736
29825
31895
29737
29826
31896
29738
29827
31897
29739
29828
31898
29740
29829
31899
29741
29830
31900
29742
29831
31901
29743
29832
31902
29744
29833
31903
29745
29834
31904
29746
29835
31905
29747
29836
31906
29748
29837
31907
29749
29838
31908
29750
29839
31909
29751
29840
31910
29752
29841
31911
29753
29842
31912
29754
29843
31913
29755
29844
31914
29756
29845
31915
29757
29846
31916
29758
29847
31917
29759
29848
31918
29760
29849
31919
29761
29850
31920
29762
29851
31921
29763
29852
31922
29764
29853
31923
29765
29854
31924
29766
29855
31925
29767
29856
31926
29768
29857
31927
29769
29858
31928
29770
29859
31929
29771
29860
31930
29772
29861
31931
29773
29862
31932
29774
29863
31933
29775
29864
31934
29776
29865
31935
29777
29866
31936
29778
29867
31937
29779
29868
31938
29780
29869
31939
29781
29870
31940
29782
29871
31941
29783
29872
31942
29784
29873
31943
29785
29874
31944
29786
29875
31945
29787
29876
31946
29788
29877
31947
29789
29878
31948
29879
31949
29791
29880
31950
29792
29881
31951
29793
29882
31952
29794
29883
31953
29795
29884
31954
29796
29885
31955
29797
29886
31956
29798
29887
31957
29799
29888
31958
29800
29889
31959
29801
29890
31960
29802
29891
31961
29803
29892
31962
29804
29893
31963
29805
29894
31964
29806
29895
31965
29807
29896
31966
29808
29897
31967
29809
29898
31968
29810
29899
31969
29811
29900
31970
29812
29901
31971
29813
29902
31972
29814
29903
31973
29815
29904
31974
29816
29905
31975
29817
29906
31976
29818
29907
31977
29819
29908
31978
29820
29909
31979
29821
29910
31980
29822
29911
31981
29823
29912
31982
29824
29913
31983
29825
29914
31984
29826
29915
31985
29827
29916
31986
29828
29917
31987
29829
29918
31988
29830
29919
31989
29831
29920
31990
29832
29921
31991
29833
29922
31992
29834
29923
31993
29835
29924
31994
29836
29925
31995
29837
29926
31996
29838
29927
31997
29839
29928
31998
29840
29929
31999
29841
29930
32000
29842
29931
32001
29843
29932
32002
29844
29933
32003
29845
29934
32004
29846
29935
32005
29847
29936
32006
29848
29937
32007
29849
29938
32008
29850
29939
32009
29851
29940
32010
29852
29941
32011
29853
29942
32012
29854
29943
32013
29855
29944
32014
29856
29945
32015
29857
29946
32016
29858
29947
32017
29859
29948
32018
29860
29949
32019
29861
29950
32020
29862
29951
32021
29863
29952
32022
29864
29953
32023
29865
29954
32024
29866
29955
32025
29867
29956
32026
29868
29957
32027
29869
29958
32028
29870
29959
32029
29871
29960
32030
29872
29961
32031
29873
29962
32032
29874
29963
32033
29875
29964
32034
29876
29965
32035
29877
29966
32036
29878
29967
32037
29879
29968
32038
29969
32039
29881
29970
32040
29882
29971
32041
29883
29972
32042
29884
29973
32043
29885
29974
32044
29886
29975
32045
29887
29976
32046
29888
29977
32047
29889
29978
32048
29890
29979
32049
29891
29980
32050
29892
29981
32051
29893
29982
32052
29894
29983
32053
29895
29984
32054
29896
29985
32055
29897
29986
32056
29898
29987
32057
29899
29988
32058
29900
29989
32059
29901
29990
32060
29902
29991
32061
29903
29992
32062
29904
29993
32063
29905
29994
32064
29906
29995
32065
29907
29996
32066
29908
29997
32067
29909
29998
32068
29910
29999
32069
29911
30000
32070
29912
30001
32071
29913
30002
32072
29914
30003
32073
29915
30004
32074
29916
30005
32075
29917
30006
32076
29918
30007
32077
29919
30008
32078
29920
30009
32079
29921
30010
32080
29922
30011
32081
29923
30012
32082
29924
30013
32083
29925
30014
32084
29926
30015
32085
29927
30016
32086
29928
30017
32087
29929
30018
32088
29930
30019
32089
29931
30020
32090
29932
30021
32091
29933
30022
32092
29934
30023
32093
29935
30024
32094
29936
30025
32095
29937
30026
32096
29938
30027
32097
29939
30028
32098
29940
30029
32099
29941
30030
32100
29942
30031
32101
29943
30032
32102
29944
30033
32103
29945
30034
32104
29946
30035
32105
29947
30036
32106
29948
30037
32107
29949
30038
32108
29950
30039
32109
29951
30040
32110
29952
30041
32111
29953
30042
32112
29954
30043
32113
29955
30044
32114
29956
30045
32115
29957
30046
32116
29958
30047
32117
29959
30048
32118
29960
30049
32119
29961
30050
32120
29962
30051
32121
29963
30052
32122
29964
30053
32123
29965
30054
32124
29966
30055
32125
29967
30056
32126
29968
30057
32127
29969
30058
32128
30059
32129
29971
30060
32130
29972
30061
32131
29973
30062
32132
29974
30063
32133
29975
30064
32134
29976
30065
32135
29977
30066
32136
29978
30067
32137
29979
30068
32138
29980
30069
32139
29981
30070
32140
29982
30071
32141
29983
30072
32142
29984
30073
32143
29985
30074
32144
29986
30075
32145
29987
30076
32146
29988
30077
32147
29989
30078
32148
29990
30079
32149
29991
30080
32150
29992
30081
32151
29993
30082
32152
29994
30083
32153
29995
30084
32154
29996
30085
32155
29997
30086
32156
29998
30087
32157
29999
30088
32158
30000
30089
32159
30001
30090
32160
30002
30091
32161
30003
30092
32162
30004
30093
32163
30005
30094
32164
30006
30095
32165
30007
30096
32166
30008
30097
32167
30009
30098
32168
30010
30099
32169
30011
30100
32170
30012
30101
32171
30013
30102
32172
30014
30103
32173
30015
30104
32174
30016
30105
32175
30017
30106
32176
30018
30107
32177
30019
30108
32178
30020
30109
32179
30021
30110
32180
30022
30111
32181
30023
30112
32182
30024
30113
32183
30025
30114
32184
30026
30115
32185
30027
30116
32186
30028
30117
32187
30029
30118
32188
30030
30119
32189
30031
30120
32190
30032
30121
32191
30033
30122
32192
30034
30123
32193
30035
30124
32194
30036
30125
32195
30037
30126
32196
30038
30127
32197
30039
30128
32198
30040
30129
32199
30041
30130
32200
30042
30131
32201
30043
30132
32202
30044
30133
32203
30045
30134
32204
30046
30135
32205
30047
30136
32206
30048
30137
32207
30049
30138
32208
30050
30139
32209
30051
30140
32210
30052
30141
32211
30053
30142
32212
30054
30143
32213
30055
30144
32214
30056
30145
32215
30057
30146
32216
30058
30147
32217
30059
30148
32218
30149
32219
30061
30150
32220
30062
30151
32221
30063
30152
32222
30064
30153
32223
30065
30154
32224
30066
30155
32225
30067
30156
32226
30068
30157
32227
30069
30158
32228
30070
30159
32229
30071
30160
32230
30072
30161
32231
30073
30162
32232
30074
30163
32233
30075
30164
32234
30076
30165
32235
30077
30166
32236
30078
30167
32237
30079
30168
32238
30080
30169
32239
30081
30170
32240
30082
30171
32241
30083
30172
32242
30084
30173
32243
30085
30174
32244
30086
30175
32245
30087
30176
32246
30088
30177
32247
30089
30178
32248
30090
30179
32249
30091
30180
32250
30092
30181
32251
30093
30182
32252
30094
30183
32253
30095
30184
32254
30096
30185
32255
30097
30186
32256
30098
30187
32257
30099
30188
32258
30100
30189
32259
30101
30190
32260
30102
30191
32261
30103
30192
32262
30104
30193
32263
30105
30194
32264
30106
30195
32265
30107
30196
32266
30108
30197
32267
30109
30198
32268
30110
30199
32269
30111
30200
32270
30112
30201
32271
30113
30202
32272
30114
30203
32273
30115
30204
32274
30116
30205
32275
30117
30206
32276
30118
30207
32277
30119
30208
32278
30120
30209
32279
30121
30210
32280
30122
30211
32281
30123
30212
32282
30124
30213
32283
30125
30214
32284
30126
30215
32285
30127
30216
32286
30128
30217
32287
30129
30218
32288
30130
30219
32289
30131
30220
32290
30132
30221
32291
30133
30222
32292
30134
30223
32293
30135
30224
32294
30136
30225
32295
30137
30226
32296
30138
30227
32297
30139
30228
32298
30140
30229
32299
30141
30230
32300
30142
30231
32301
30143
30232
32302
30144
30233
32303
30145
30234
32304
30146
30235
32305
30147
30236
32306
30148
30237
32307
30149
30238
32308
30239
32309
30151
32310
30152
32311
30153
32312
30154
32313
30155
32314
30156
32315
30157
32316
30158
32317
30159
32318
30160
32319
30161
32320
30162
32321
30163
32322
30164
32323
30165
32324
30166
32325
30167
32326
30168
32327
30169
32328
30170
32329
30171
32330
30172
32331
30173
32332
30174
32333
30175
32334
30176
32335
30177
32336
30178
32337
30179
32338
30180
32339
30181
32340
30182
32341
30183
32342
30184
32343
30185
32344
30186
32345
30187
32346
30188
32347
30189
32348
30190
32349
30191
32350
30192
32351
30193
32352
30194
32353
30195
32354
30196
32355
30197
32356
30198
32357
30199
32358
30200
32359
30201
32360
30202
32361
30203
32362
30204
32363
30205
32364
30206
32365
30207
32366
30208
32367
30209
32368
30210
32369
30211
32370
30212
32371
30213
32372
30214
32373
30215
32374
30216
32375
30217
32376
30218
32377
30219
32378
30220
32379
30221
32380
30222
32381
30223
32382
30224
32383
30225
32384
30226
32385
30227
32386
30228
32387
30229
32388
30230
32389
30231
32390
30232
32391
30233
32392
30234
32393
30235
32394
30236
32395
30237
32396
30238
32397
30239
32398
32399
30241
30330
32400
30242
30331
32401
30243
30332
32402
30244
30333
32403
30245
30334
32404
30246
30335
32405
30247
30336
32406
30248
30337
32407
30249
30338
32408
30250
30339
32409
30251
30340
32410
30252
30341
32411
30253
30342
32412
30254
30343
32413
30255
30344
32414
30256
30345
32415
30257
30346
32416
30258
30347
32417
30259
30348
32418
30260
30349
32419
30261
30350
32420
30262
30351
32421
30263
30352
32422
30264
30353
32423
30265
30354
32424
30266
30355
32425
30267
30356
32426
30268
30357
32427
30269
30358
32428
30270
30359
32429
30271
30360
32430
30272
30361
32431
30273
30362
32432
30274
30363
32433
30275
30364
32434
30276
30365
32435
30277
30366
32436
30278
30367
32437
30279
30368
32438
30280
30369
32439
30281
30370
32440
30282
30371
32441
30283
30372
32442
30284
30373
32443
30285
30374
32444
30286
30375
32445
30287
30376
32446
30288
30377
32447
30289
30378
32448
30290
30379
32449
30291
30380
32450
30292
30381
32451
30293
30382
32452
30294
30383
32453
30295
30384
32454
30296
30385
32455
30297
30386
32456
30298
30387
32457
30299
30388
32458
30300
30389
32459
30301
30390
32460
30302
30391
32461
30303
30392
32462
30304
30393
32463
30305
30394
32464
30306
30395
32465
30307
30396
32466
30308
30397
32467
30309
30398
32468
30310
30399
32469
30311
30400
32470
30312
30401
32471
30313
30402
32472
30314
30403
32473
30315
30404
32474
30316
30405
32475
30317
30406
32476
30318
30407
32477
30319
30408
32478
30320
30409
32479
30321
30410
32480
30322
30411
32481
30323
30412
32482
30324
30413
32483
30325
30414
32484
30326
30415
32485
30327
30416
32486
30328
30417
32487
30329
30418
32488
30419
32489
30331
30420
32490
30332
30421
32491
30333
30422
32492
30334
30423
32493
30335
30424
32494
30336
30425
32495
30337
30426
32496
30338
30427
32497
30339
30428
32498
30340
30429
32499
30341
30430
32500
30342
30431
32501
30343
30432
32502
30344
30433
32503
30345
30434
32504
30346
30435
32505
30347
30436
32506
30348
30437
32507
30349
30438
32508
30350
30439
32509
30351
30440
32510
30352
30441
32511
30353
30442
32512
30354
30443
32513
30355
30444
32514
30356
30445
32515
30357
30446
32516
30358
30447
32517
30359
30448
32518
30360
30449
32519
30361
30450
32520
30362
30451
32521
30363
30452
32522
30364
30453
32523
30365
30454
32524
30366
30455
32525
30367
30456
32526
30368
30457
32527
30369
30458
32528
30370
30459
32529
30371
30460
32530
30372
30461
32531
30373
30462
32532
30374
30463
32533
30375
30464
32534
30376
30465
32535
30377
30466
32536
30378
30467
32537
30379
30468
32538
30380
30469
32539
30381
30470
32540
30382
30471
32541
30383
30472
32542
30384
30473
32543
30385
30474
32544
30386
30475
32545
30387
30476
32546
30388
30477
32547
30389
30478
32548
30390
30479
32549
30391
30480
32550
30392
30481
32551
30393
30482
32552
30394
30483
32553
30395
30484
32554
30396
30485
32555
30397
30486
32556
30398
30487
32557
30399
30488
32558
30400
30489
32559
30401
30490
32560
30402
30491
32561
30403
30492
32562
30404
30493
32563
30405
30494
32564
30406
30495
32565
30407
30496
32566
30408
30497
32567
30409
30498
32568
30410
30499
32569
30411
30500
32570
30412
30501
32571
30413
30502
32572
30414
30503
32573
30415
30504
32574
30416
30505
32575
30417
30506
32576
30418
30507
32577
30419
30508
32578
30509
32579
30421
30510
32580
30422
30511
32581
30423
30512
32582
30424
30513
32583
30425
30514
32584
30426
30515
32585
30427
30516
32586
30428
30517
32587
30429
30518
32588
30430
30519
32589
30431
30520
32590
30432
30521
32591
30433
30522
32592
30434
30523
32593
30435
30524
32594
30436
30525
32595
30437
30526
32596
30438
30527
32597
30439
30528
32598
30440
30529
32599
30441
30530
32600
30442
30531
32601
30443
30532
32602
30444
30533
32603
30445
30534
32604
30446
30535
32605
30447
30536
32606
30448
30537
32607
30449
30538
32608
30450
30539
32609
30451
30540
32610
30452
30541
32611
30453
30542
32612
30454
30543
32613
30455
30544
32614
30456
30545
32615
30457
30546
32616
30458
30547
32617
30459
30548
32618
30460
30549
32619
30461
30550
32620
30462
30551
32621
30463
30552
32622
30464
30553
32623
30465
30554
32624
30466
30555
32625
30467
30556
32626
30468
30557
32627
30469
30558
32628
30470
30559
32629
30471
30560
32630
30472
30561
32631
30473
30562
32632
30474
30563
32633
30475
30564
32634
30476
30565
32635
30477
30566
32636
30478
30567
32637
30479
30568
32638
30480
30569
32639
30481
30570
32640
30482
30571
32641
30483
30572
32642
30484
30573
32643
30485
30574
32644
30486
30575
32645
30487
30576
32646
30488
30577
32647
30489
30578
32648
30490
30579
32649
30491
30580
32650
30492
30581
32651
30493
30582
32652
30494
30583
32653
30495
30584
32654
30496
30585
32655
30497
30586
32656
30498
30587
32657
30499
30588
32658
30500
30589
32659
30501
30590
32660
30502
30591
32661
30503
30592
32662
30504
30593
32663
30505
30594
32664
30506
30595
32665
30507
30596
32666
30508
30597
32667
30509
30598
32668
30599
32669
30511
30600
32670
30512
30601
32671
30513
30602
32672
30514
30603
32673
30515
30604
32674
30516
30605
32675
30517
30606
32676
30518
30607
32677
30519
30608
32678
30520
30609
32679
30521
30610
32680
30522
30611
32681
30523
30612
32682
30524
30613
32683
30525
30614
32684
30526
30615
32685
30527
30616
32686
30528
30617
32687
30529
30618
32688
30530
30619
32689
30531
30620
32690
30532
30621
32691
30533
30622
32692
30534
30623
32693
30535
30624
32694
30536
30625
32695
30537
30626
32696
30538
30627
32697
30539
30628
32698
30540
30629
32699
30541
30630
32700
30542
30631
32701
30543
30632
32702
30544
30633
32703
30545
30634
32704
30546
30635
32705
30547
30636
32706
30548
30637
32707
30549
30638
32708
30550
30639
32709
30551
30640
32710
30552
30641
32711
30553
30642
32712
30554
30643
32713
30555
30644
32714
30556
30645
32715
30557
30646
32716
30558
30647
32717
30559
30648
32718
30560
30649
32719
30561
30650
32720
30562
30651
32721
30563
30652
32722
30564
30653
32723
30565
30654
32724
30566
30655
32725
30567
30656
32726
30568
30657
32727
30569
30658
32728
30570
30659
32729
30571
30660
32730
30572
30661
32731
30573
30662
32732
30574
30663
32733
30575
30664
32734
30576
30665
32735
30577
30666
32736
30578
30667
32737
30579
30668
32738
30580
30669
32739
30581
30670
32740
30582
30671
32741
30583
30672
32742
30584
30673
32743
30585
30674
32744
30586
30675
32745
30587
30676
32746
30588
30677
32747
30589
30678
32748
30590
30679
32749
30591
30680
32750
30592
30681
32751
30593
30682
32752
30594
30683
32753
30595
30684
32754
30596
30685
32755
30597
30686
32756
30598
30687
32757
30599
30688
32758
30689
32759
30601
30690
32760
30602
30691
32761
30603
30692
32762
30604
30693
32763
30605
30694
32764
30606
30695
32765
30607
30696
32766
30608
30697
32767
30609
30698
32768
30610
30699
32769
30611
30700
32770
30612
30701
32771
30613
30702
32772
30614
30703
32773
30615
30704
32774
30616
30705
32775
30617
30706
32776
30618
30707
32777
30619
30708
32778
30620
30709
32779
30621
30710
32780
30622
30711
32781
30623
30712
32782
30624
30713
32783
30625
30714
32784
30626
30715
32785
30627
30716
32786
30628
30717
32787
30629
30718
32788
30630
30719
32789
30631
30720
32790
30632
30721
32791
30633
30722
32792
30634
30723
32793
30635
30724
32794
30636
30725
32795
30637
30726
32796
30638
30727
32797
30639
30728
32798
30640
30729
32799
30641
30730
32800
30642
30731
32801
30643
30732
32802
30644
30733
32803
30645
30734
32804
30646
30735
32805
30647
30736
32806
30648
30737
32807
30649
30738
32808
30650
30739
32809
30651
30740
32810
30652
30741
32811
30653
30742
32812
30654
30743
32813
30655
30744
32814
30656
30745
32815
30657
30746
32816
30658
30747
32817
30659
30748
32818
30660
30749
32819
30661
30750
32820
30662
30751
32821
30663
30752
32822
30664
30753
32823
30665
30754
32824
30666
30755
32825
30667
30756
32826
30668
30757
32827
30669
30758
32828
30670
30759
32829
30671
30760
32830
30672
30761
32831
30673
30762
32832
30674
30763
32833
30675
30764
32834
30676
30765
32835
30677
30766
32836
30678
30767
32837
30679
30768
32838
30680
30769
32839
30681
30770
32840
30682
30771
32841
30683
30772
32842
30684
30773
32843
30685
30774
32844
30686
30775
32845
30687
30776
32846
30688
30777
32847
30689
30778
32848
30779
32849
30691
30780
32850
30692
30781
32851
30693
30782
32852
30694
30783
32853
30695
30784
32854
30696
30785
32855
30697
30786
32856
30698
30787
32857
30699
30788
32858
30700
30789
32859
30701
30790
32860
30702
30791
32861
30703
30792
32862
30704
30793
32863
30705
30794
32864
30706
30795
32865
30707
30796
32866
30708
30797
32867
30709
30798
32868
30710
30799
32869
30711
30800
32870
30712
30801
32871
30713
30802
32872
30714
30803
32873
30715
30804
32874
30716
30805
32875
30717
30806
32876
30718
30807
32877
30719
30808
32878
30720
30809
32879
30721
30810
32880
30722
30811
32881
30723
30812
32882
30724
30813
32883
30725
30814
32884
30726
30815
32885
30727
30816
32886
30728
30817
32887
30729
30818
32888
30730
30819
32889
30731
30820
32890
30732
30821
32891
30733
30822
32892
30734
30823
32893
30735
30824
32894
30736
30825
32895
30737
30826
32896
30738
30827
32897
30739
30828
32898
30740
30829
32899
30741
30830
32900
30742
30831
32901
30743
30832
32902
30744
30833
32903
30745
30834
32904
30746
30835
32905
30747
30836
32906
30748
30837
32907
30749
30838
32908
30750
30839
32909
30751
30840
32910
30752
30841
32911
30753
30842
32912
30754
30843
32913
30755
30844
32914
30756
30845
32915
30757
30846
32916
30758
30847
32917
30759
30848
32918
30760
30849
32919
30761
30850
32920
30762
30851
32921
30763
30852
32922
30764
30853
32923
30765
30854
32924
30766
30855
32925
30767
30856
32926
30768
30857
32927
30769
30858
32928
30770
30859
32929
30771
30860
32930
30772
30861
32931
30773
30862
32932
30774
30863
32933
30775
30864
32934
30776
30865
32935
30777
30866
32936
30778
30867
32937
30779
30868
32938
30869
32939
30781
30870
32940
30782
30871
32941
30783
30872
32942
30784
30873
32943
30785
30874
32944
30786
30875
32945
30787
30876
32946
30788
30877
32947
30789
30878
32948
30790
30879
32949
30791
30880
32950
30792
30881
32951
30793
30882
32952
30794
30883
32953
30795
30884
32954
30796
30885
32955
30797
30886
32956
30798
30887
32957
30799
30888
32958
30800
30889
32959
30801
30890
32960
30802
30891
32961
30803
30892
32962
30804
30893
32963
30805
30894
32964
30806
30895
32965
30807
30896
32966
30808
30897
32967
30809
30898
32968
30810
30899
32969
30811
30900
32970
30812
30901
32971
30813
30902
32972
30814
30903
32973
30815
30904
32974
30816
30905
32975
30817
30906
32976
30818
30907
32977
30819
30908
32978
30820
30909
32979
30821
30910
32980
30822
30911
32981
30823
30912
32982
30824
30913
32983
30825
30914
32984
30826
30915
32985
30827
30916
32986
30828
30917
32987
30829
30918
32988
30830
30919
32989
30831
30920
32990
30832
30921
32991
30833
30922
32992
30834
30923
32993
30835
30924
32994
30836
30925
32995
30837
30926
32996
30838
30927
32997
30839
30928
32998
30840
30929
32999
30841
30930
33000
30842
30931
33001
30843
30932
33002
30844
30933
33003
30845
30934
33004
30846
30935
33005
30847
30936
33006
30848
30937
33007
30849
30938
33008
30850
30939
33009
30851
30940
33010
30852
30941
33011
30853
30942
33012
30854
30943
33013
30855
30944
33014
30856
30945
33015
30857
30946
33016
30858
30947
33017
30859
30948
33018
30860
30949
33019
30861
30950
33020
30862
30951
33021
30863
30952
33022
30864
30953
33023
30865
30954
33024
30866
30955
33025
30867
30956
33026
30868
30957
33027
30869
30958
33028
30959
33029
30871
30960
33030
30872
30961
33031
30873
30962
33032
30874
30963
33033
30875
30964
33034
30876
30965
33035
30877
30966
33036
30878
30967
33037
30879
30968
33038
30880
30969
33039
30881
30970
33040
30882
30971
33041
30883
30972
33042
30884
30973
33043
30885
30974
33044
30886
30975
33045
30887
30976
33046
30888
30977
33047
30889
30978
33048
30890
30979
33049
30891
30980
33050
30892
30981
33051
30893
30982
33052
30894
30983
33053
30895
30984
33054
30896
30985
33055
30897
30986
33056
30898
30987
33057
30899
30988
33058
30900
30989
33059
30901
30990
33060
30902
30991
33061
30903
30992
33062
30904
30993
33063
30905
30994
33064
30906
30995
33065
30907
30996
33066
30908
30997
33067
30909
30998
33068
30910
30999
33069
30911
31000
33070
30912
31001
33071
30913
31002
33072
30914
31003
33073
30915
31004
33074
30916
31005
33075
30917
31006
33076
30918
31007
33077
30919
31008
33078
30920
31009
33079
30921
31010
33080
30922
31011
33081
30923
31012
33082
30924
31013
33083
30925
31014
33084
30926
31015
33085
30927
31016
33086
30928
31017
33087
30929
31018
33088
30930
31019
33089
30931
31020
33090
30932
31021
33091
30933
31022
33092
30934
31023
33093
30935
31024
33094
30936
31025
33095
30937
31026
33096
30938
31027
33097
30939
31028
33098
30940
31029
33099
30941
31030
33100
30942
31031
33101
30943
31032
33102
30944
31033
33103
30945
31034
33104
30946
31035
33105
30947
31036
33106
30948
31037
33107
30949
31038
33108
30950
31039
33109
30951
31040
33110
30952
31041
33111
30953
31042
33112
30954
31043
33113
30955
31044
33114
30956
31045
33115
30957
31046
33116
30958
31047
33117
30959
31048
33118
31049
33119
30961
31050
33120
30962
31051
33121
30963
31052
33122
30964
31053
33123
30965
31054
33124
30966
31055
33125
30967
31056
33126
30968
31057
33127
30969
31058
33128
30970
31059
33129
30971
31060
33130
30972
31061
33131
30973
31062
33132
30974
31063
33133
30975
31064
33134
30976
31065
33135
30977
31066
33136
30978
31067
33137
30979
31068
33138
30980
31069
33139
30981
31070
33140
30982
31071
33141
30983
31072
33142
30984
31073
33143
30985
31074
33144
30986
31075
33145
30987
31076
33146
30988
31077
33147
30989
31078
33148
30990
31079
33149
30991
31080
33150
30992
31081
33151
30993
31082
33152
30994
31083
33153
30995
31084
33154
30996
31085
33155
30997
31086
33156
30998
31087
33157
30999
31088
33158
31000
31089
33159
31001
31090
33160
31002
31091
33161
31003
31092
33162
31004
31093
33163
31005
31094
33164
31006
31095
33165
31007
31096
33166
31008
31097
33167
31009
31098
33168
31010
31099
33169
31011
31100
33170
31012
31101
33171
31013
31102
33172
31014
31103
33173
31015
31104
33174
31016
31105
33175
31017
31106
33176
31018
31107
33177
31019
31108
33178
31020
31109
33179
31021
31110
33180
31022
31111
33181
31023
31112
33182
31024
31113
33183
31025
31114
33184
31026
31115
33185
31027
31116
33186
31028
31117
33187
31029
31118
33188
31030
31119
33189
31031
31120
33190
31032
31121
33191
31033
31122
33192
31034
31123
33193
31035
31124
33194
31036
31125
33195
31037
31126
33196
31038
31127
33197
31039
31128
33198
31040
31129
33199
31041
31130
33200
31042
31131
33201
31043
31132
33202
31044
31133
33203
31045
31134
33204
31046
31135
33205
31047
31136
33206
31048
31137
33207
31049
31138
33208
31139
33209
31051
31140
33210
31052
31141
33211
31053
31142
33212
31054
31143
33213
31055
31144
33214
31056
31145
33215
31057
31146
33216
31058
31147
33217
31059
31148
33218
31060
31149
33219
31061
31150
33220
31062
31151
33221
31063
31152
33222
31064
31153
33223
31065
31154
33224
31066
31155
33225
31067
31156
33226
31068
31157
33227
31069
31158
33228
31070
31159
33229
31071
31160
33230
31072
31161
33231
31073
31162
33232
31074
31163
33233
31075
31164
33234
31076
31165
33235
31077
31166
33236
31078
31167
33237
31079
31168
33238
31080
31169
33239
31081
31170
33240
31082
31171
33241
31083
31172
33242
31084
31173
33243
31085
31174
33244
31086
31175
33245
31087
31176
33246
31088
31177
33247
31089
31178
33248
31090
31179
33249
31091
31180
33250
31092
31181
33251
31093
31182
33252
31094
31183
33253
31095
31184
33254
31096
31185
33255
31097
31186
33256
31098
31187
33257
31099
31188
33258
31100
31189
33259
31101
31190
33260
31102
31191
33261
31103
31192
33262
31104
31193
33263
31105
31194
33264
31106
31195
33265
31107
31196
33266
31108
31197
33267
31109
31198
33268
31110
31199
33269
31111
31200
33270
31112
31201
33271
31113
31202
33272
31114
31203
33273
31115
31204
33274
31116
31205
33275
31117
31206
33276
31118
31207
33277
31119
31208
33278
31120
31209
33279
31121
31210
33280
31122
31211
33281
31123
31212
33282
31124
31213
33283
31125
31214
33284
31126
31215
33285
31127
31216
33286
31128
31217
33287
31129
31218
33288
31130
31219
33289
31131
31220
33290
31132
31221
33291
31133
31222
33292
31134
31223
33293
31135
31224
33294
31136
31225
33295
31137
31226
33296
31138
31227
33297
31139
31228
33298
31229
33299
31141
31230
33300
31142
31231
33301
31143
31232
33302
31144
31233
33303
31145
31234
33304
31146
31235
33305
31147
31236
33306
31148
31237
33307
31149
31238
33308
31150
31239
33309
31151
31240
33310
31152
31241
33311
31153
31242
33312
31154
31243
33313
31155
31244
33314
31156
31245
33315
31157
31246
33316
31158
31247
33317
31159
31248
33318
31160
31249
33319
31161
31250
33320
31162
31251
33321
31163
31252
33322
31164
31253
33323
31165
31254
33324
31166
31255
33325
31167
31256
33326
31168
31257
33327
31169
31258
33328
31170
31259
33329
31171
31260
33330
31172
31261
33331
31173
31262
33332
31174
31263
33333
31175
31264
33334
31176
31265
33335
31177
31266
33336
31178
31267
33337
31179
31268
33338
31180
31269
33339
31181
31270
33340
31182
31271
33341
31183
31272
33342
31184
31273
33343
31185
31274
33344
31186
31275
33345
31187
31276
33346
31188
31277
33347
31189
31278
33348
31190
31279
33349
31191
31280
33350
31192
31281
33351
31193
31282
33352
31194
31283
33353
31195
31284
33354
31196
31285
33355
31197
31286
33356
31198
31287
33357
31199
31288
33358
31200
31289
33359
31201
31290
33360
31202
31291
33361
31203
31292
33362
31204
31293
33363
31205
31294
33364
31206
31295
33365
31207
31296
33366
31208
31297
33367
31209
31298
33368
31210
31299
33369
31211
31300
33370
31212
31301
33371
31213
31302
33372
31214
31303
33373
31215
31304
33374
31216
31305
33375
31217
31306
33376
31218
31307
33377
31219
31308
33378
31220
31309
33379
31221
31310
33380
31222
31311
33381
31223
31312
33382
31224
31313
33383
31225
31314
33384
31226
31315
33385
31227
31316
33386
31228
31317
33387
31229
31318
33388
31319
33389
31231
31320
33390
31232
31321
33391
31233
31322
33392
31234
31323
33393
31235
31324
33394
31236
31325
33395
31237
31326
33396
31238
31327
33397
31239
31328
33398
31240
31329
33399
31241
31330
33400
31242
31331
33401
31243
31332
33402
31244
31333
33403
31245
31334
33404
31246
31335
33405
31247
31336
33406
31248
31337
33407
31249
31338
33408
31250
31339
33409
31251
31340
33410
31252
31341
33411
31253
31342
33412
31254
31343
33413
31255
31344
33414
31256
31345
33415
31257
31346
33416
31258
31347
33417
31259
31348
33418
31260
31349
33419
31261
31350
33420
31262
31351
33421
31263
31352
33422
31264
31353
33423
31265
31354
33424
31266
31355
33425
31267
31356
33426
31268
31357
33427
31269
31358
33428
31270
31359
33429
31271
31360
33430
31272
31361
33431
31273
31362
33432
31274
31363
33433
31275
31364
33434
31276
31365
33435
31277
31366
33436
31278
31367
33437
31279
31368
33438
31280
31369
33439
31281
31370
33440
31282
31371
33441
31283
31372
33442
31284
31373
33443
31285
31374
33444
31286
31375
33445
31287
31376
33446
31288
31377
33447
31289
31378
33448
31290
31379
33449
31291
31380
33450
31292
31381
33451
31293
31382
33452
31294
31383
33453
31295
31384
33454
31296
31385
33455
31297
31386
33456
31298
31387
33457
31299
31388
33458
31300
31389
33459
31301
31390
33460
31302
31391
33461
31303
31392
33462
31304
31393
33463
31305
31394
33464
31306
31395
33465
31307
31396
33466
31308
31397
33467
31309
31398
33468
31310
31399
33469
31311
31400
33470
31312
31401
33471
31313
31402
33472
31314
31403
33473
31315
31404
33474
31316
31405
33475
31317
31406
33476
31318
31407
33477
31319
31408
33478
31409
33479
31321
31410
33480
31322
31411
33481
31323
31412
33482
31324
31413
33483
31325
31414
33484
31326
31415
33485
31327
31416
33486
31328
31417
33487
31329
31418
33488
31330
31419
33489
31331
31420
33490
31332
31421
33491
31333
31422
33492
31334
31423
33493
31335
31424
33494
31336
31425
33495
31337
31426
33496
31338
31427
33497
31339
31428
33498
31340
31429
33499
31341
31430
33500
31342
31431
33501
31343
31432
33502
31344
31433
33503
31345
31434
33504
31346
31435
33505
31347
31436
33506
31348
31437
33507
31349
31438
33508
31350
31439
33509
31351
31440
33510
31352
31441
33511
31353
31442
33512
31354
31443
33513
31355
31444
33514
31356
31445
33515
31357
31446
33516
31358
31447
33517
31359
31448
33518
31360
31449
33519
31361
31450
33520
31362
31451
33521
31363
31452
33522
31364
31453
33523
31365
31454
33524
31366
31455
33525
31367
31456
33526
31368
31457
33527
31369
31458
33528
31370
31459
33529
31371
31460
33530
31372
31461
33531
31373
31462
33532
31374
31463
33533
31375
31464
33534
31376
31465
33535
31377
31466
33536
31378
31467
33537
31379
31468
33538
31380
31469
33539
31381
31470
33540
31382
31471
33541
31383
31472
33542
31384
31473
33543
31385
31474
33544
31386
31475
33545
31387
31476
33546
31388
31477
33547
31389
31478
33548
31390
31479
33549
31391
31480
33550
31392
31481
33551
31393
31482
33552
31394
31483
33553
31395
31484
33554
31396
31485
33555
31397
31486
33556
31398
31487
33557
31399
31488
33558
31400
31489
33559
31401
31490
33560
31402
31491
33561
31403
31492
33562
31404
31493
33563
31405
31494
33564
31406
31495
33565
31407
31496
33566
31408
31497
33567
31409
31498
33568
31499
33569
31411
31500
33570
31412
31501
33571
31413
31502
33572
31414
31503
33573
31415
31504
33574
31416
31505
33575
31417
31506
33576
31418
31507
33577
31419
31508
33578
31420
31509
33579
31421
31510
33580
31422
31511
33581
31423
31512
33582
31424
31513
33583
31425
31514
33584
31426
31515
33585
31427
31516
33586
31428
31517
33587
31429
31518
33588
31430
31519
33589
31431
31520
33590
31432
31521
33591
31433
31522
33592
31434
31523
33593
31435
31524
33594
31436
31525
33595
31437
31526
33596
31438
31527
33597
31439
31528
33598
31440
31529
33599
31441
31530
33600
31442
31531
33601
31443
31532
33602
31444
31533
33603
31445
31534
33604
31446
31535
33605
31447
31536
33606
31448
31537
33607
31449
31538
33608
31450
31539
33609
31451
31540
33610
31452
31541
33611
31453
31542
33612
31454
31543
33613
31455
31544
33614
31456
31545
33615
31457
31546
33616
31458
31547
33617
31459
31548
33618
31460
31549
33619
31461
31550
33620
31462
31551
33621
31463
31552
33622
31464
31553
33623
31465
31554
33624
31466
31555
33625
31467
31556
33626
31468
31557
33627
31469
31558
33628
31470
31559
33629
31471
31560
33630
31472
31561
33631
31473
31562
33632
31474
31563
33633
31475
31564
33634
31476
31565
33635
31477
31566
33636
31478
31567
33637
31479
31568
33638
31480
31569
33639
31481
31570
33640
31482
31571
33641
31483
31572
33642
31484
31573
33643
31485
31574
33644
31486
31575
33645
31487
31576
33646
31488
31577
33647
31489
31578
33648
31490
31579
33649
31491
31580
33650
31492
31581
33651
31493
31582
33652
31494
31583
33653
31495
31584
33654
31496
31585
33655
31497
31586
33656
31498
31587
33657
31499
31588
33658
31589
33659
31501
31590
33660
31502
31591
33661
31503
31592
33662
31504
31593
33663
31505
31594
33664
31506
31595
33665
31507
31596
33666
31508
31597
33667
31509
31598
33668
31510
31599
33669
31511
31600
33670
31512
31601
33671
31513
31602
33672
31514
31603
33673
31515
31604
33674
31516
31605
33675
31517
31606
33676
31518
31607
33677
31519
31608
33678
31520
31609
33679
31521
31610
33680
31522
31611
33681
31523
31612
33682
31524
31613
33683
31525
31614
33684
31526
31615
33685
31527
31616
33686
31528
31617
33687
31529
31618
33688
31530
31619
33689
31531
31620
33690
31532
31621
33691
31533
31622
33692
31534
31623
33693
31535
31624
33694
31536
31625
33695
31537
31626
33696
31538
31627
33697
31539
31628
33698
31540
31629
33699
31541
31630
33700
31542
31631
33701
31543
31632
33702
31544
31633
33703
31545
31634
33704
31546
31635
33705
31547
31636
33706
31548
31637
33707
31549
31638
33708
31550
31639
33709
31551
31640
33710
31552
31641
33711
31553
31642
33712
31554
31643
33713
31555
31644
33714
31556
31645
33715
31557
31646
33716
31558
31647
33717
31559
31648
33718
31560
31649
33719
31561
31650
33720
31562
31651
33721
31563
31652
33722
31564
31653
33723
31565
31654
33724
31566
31655
33725
31567
31656
33726
31568
31657
33727
31569
31658
33728
31570
31659
33729
31571
31660
33730
31572
31661
33731
31573
31662
33732
31574
31663
33733
31575
31664
33734
31576
31665
33735
31577
31666
33736
31578
31667
33737
31579
31668
33738
31580
31669
33739
31581
31670
33740
31582
31671
33741
31583
31672
33742
31584
31673
33743
31585
31674
33744
31586
31675
33745
31587
31676
33746
31588
31677
33747
31589
31678
33748
31679
33749
31591
31680
33750
31592
31681
33751
31593
31682
33752
31594
31683
33753
31595
31684
33754
31596
31685
33755
31597
31686
33756
31598
31687
33757
31599
31688
33758
31600
31689
33759
31601
31690
33760
31602
31691
33761
31603
31692
33762
31604
31693
33763
31605
31694
33764
31606
31695
33765
31607
31696
33766
31608
31697
33767
31609
31698
33768
31610
31699
33769
31611
31700
33770
31612
31701
33771
31613
31702
33772
31614
31703
33773
31615
31704
33774
31616
31705
33775
31617
31706
33776
31618
31707
33777
31619
31708
33778
31620
31709
33779
31621
31710
33780
31622
31711
33781
31623
31712
33782
31624
31713
33783
31625
31714
33784
31626
31715
33785
31627
31716
33786
31628
31717
33787
31629
31718
33788
31630
31719
33789
31631
31720
33790
31632
31721
33791
31633
31722
33792
31634
31723
33793
31635
31724
33794
31636
31725
33795
31637
31726
33796
31638
31727
33797
31639
31728
33798
31640
31729
33799
31641
31730
33800
31642
31731
33801
31643
31732
33802
31644
31733
33803
31645
31734
33804
31646
31735
33805
31647
31736
33806
31648
31737
33807
31649
31738
33808
31650
31739
33809
31651
31740
33810
31652
31741
33811
31653
31742
33812
31654
31743
33813
31655
31744
33814
31656
31745
33815
31657
31746
33816
31658
31747
33817
31659
31748
33818
31660
31749
33819
31661
31750
33820
31662
31751
33821
31663
31752
33822
31664
31753
33823
31665
31754
33824
31666
31755
33825
31667
31756
33826
31668
31757
33827
31669
31758
33828
31670
31759
33829
31671
31760
33830
31672
31761
33831
31673
31762
33832
31674
31763
33833
31675
31764
33834
31676
31765
33835
31677
31766
33836
31678
31767
33837
31679
31768
33838
31769
33839
31681
31770
33840
31682
31771
33841
31683
31772
33842
31684
31773
33843
31685
31774
33844
31686
31775
33845
31687
31776
33846
31688
31777
33847
31689
31778
33848
31690
31779
33849
31691
31780
33850
31692
31781
33851
31693
31782
33852
31694
31783
33853
31695
31784
33854
31696
31785
33855
31697
31786
33856
31698
31787
33857
31699
31788
33858
31700
31789
33859
31701
31790
33860
31702
31791
33861
31703
31792
33862
31704
31793
33863
31705
31794
33864
31706
31795
33865
31707
31796
33866
31708
31797
33867
31709
31798
33868
31710
31799
33869
31711
31800
33870
31712
31801
33871
31713
31802
33872
31714
31803
33873
31715
31804
33874
31716
31805
33875
31717
31806
33876
31718
31807
33877
31719
31808
33878
31720
31809
33879
31721
31810
33880
31722
31811
33881
31723
31812
33882
31724
31813
33883
31725
31814
33884
31726
31815
33885
31727
31816
33886
31728
31817
33887
31729
31818
33888
31730
31819
33889
31731
31820
33890
31732
31821
33891
31733
31822
33892
31734
31823
33893
31735
31824
33894
31736
31825
33895
31737
31826
33896
31738
31827
33897
31739
31828
33898
31740
31829
33899
31741
31830
33900
31742
31831
33901
31743
31832
33902
31744
31833
33903
31745
31834
33904
31746
31835
33905
31747
31836
33906
31748
31837
33907
31749
31838
33908
31750
31839
33909
31751
31840
33910
31752
31841
33911
31753
31842
33912
31754
31843
33913
31755
31844
33914
31756
31845
33915
31757
31846
33916
31758
31847
33917
31759
31848
33918
31760
31849
33919
31761
31850
33920
31762
31851
33921
31763
31852
33922
31764
31853
33923
31765
31854
33924
31766
31855
33925
31767
31856
33926
31768
31857
33927
31769
31858
33928
31859
33929
31771
31860
33930
31772
31861
33931
31773
31862
33932
31774
31863
33933
31775
31864
33934
31776
31865
33935
31777
31866
33936
31778
31867
33937
31779
31868
33938
31780
31869
33939
31781
31870
33940
31782
31871
33941
31783
31872
33942
31784
31873
33943
31785
31874
33944
31786
31875
33945
31787
31876
33946
31788
31877
33947
31789
31878
33948
31790
31879
33949
31791
31880
33950
31792
31881
33951
31793
31882
33952
31794
31883
33953
31795
31884
33954
31796
31885
33955
31797
31886
33956
31798
31887
33957
31799
31888
33958
31800
31889
33959
31801
31890
33960
31802
31891
33961
31803
31892
33962
31804
31893
33963
31805
31894
33964
31806
31895
33965
31807
31896
33966
31808
31897
33967
31809
31898
33968
31810
31899
33969
31811
31900
33970
31812
31901
33971
31813
31902
33972
31814
31903
33973
31815
31904
33974
31816
31905
33975
31817
31906
33976
31818
31907
33977
31819
31908
33978
31820
31909
33979
31821
31910
33980
31822
31911
33981
31823
31912
33982
31824
31913
33983
31825
31914
33984
31826
31915
33985
31827
31916
33986
31828
31917
33987
31829
31918
33988
31830
31919
33989
31831
31920
33990
31832
31921
33991
31833
31922
33992
31834
31923
33993
31835
31924
33994
31836
31925
33995
31837
31926
33996
31838
31927
33997
31839
31928
33998
31840
31929
33999
31841
31930
34000
31842
31931
34001
31843
31932
34002
31844
31933
34003
31845
31934
34004
31846
31935
34005
31847
31936
34006
31848
31937
34007
31849
31938
34008
31850
31939
34009
31851
31940
34010
31852
31941
34011
31853
31942
34012
31854
31943
34013
31855
31944
34014
31856
31945
34015
31857
31946
34016
31858
31947
34017
31859
31948
34018
31949
34019
31861
31950
34020
31862
31951
34021
31863
31952
34022
31864
31953
34023
31865
31954
34024
31866
31955
34025
31867
31956
34026
31868
31957
34027
31869
31958
34028
31870
31959
34029
31871
31960
34030
31872
31961
34031
31873
31962
34032
31874
31963
34033
31875
31964
34034
31876
31965
34035
31877
31966
34036
31878
31967
34037
31879
31968
34038
31880
31969
34039
31881
31970
34040
31882
31971
34041
31883
31972
34042
31884
31973
34043
31885
31974
34044
31886
31975
34045
31887
31976
34046
31888
31977
34047
31889
31978
34048
31890
31979
34049
31891
31980
34050
31892
31981
34051
31893
31982
34052
31894
31983
34053
31895
31984
34054
31896
31985
34055
31897
31986
34056
31898
31987
34057
31899
31988
34058
31900
31989
34059
31901
31990
34060
31902
31991
34061
31903
31992
34062
31904
31993
34063
31905
31994
34064
31906
31995
34065
31907
31996
34066
31908
31997
34067
31909
31998
34068
31910
31999
34069
31911
32000
34070
31912
32001
34071
31913
32002
34072
31914
32003
34073
31915
32004
34074
31916
32005
34075
31917
32006
34076
31918
32007
34077
31919
32008
34078
31920
32009
34079
31921
32010
34080
31922
32011
34081
31923
32012
34082
31924
32013
34083
31925
32014
34084
31926
32015
34085
31927
32016
34086
31928
32017
34087
31929
32018
34088
31930
32019
34089
31931
32020
34090
31932
32021
34091
31933
32022
34092
31934
32023
34093
31935
32024
34094
31936
32025
34095
31937
32026
34096
31938
32027
34097
31939
32028
34098
31940
32029
34099
31941
32030
34100
31942
32031
34101
31943
32032
34102
31944
32033
34103
31945
32034
34104
31946
32035
34105
31947
32036
34106
31948
32037
34107
31949
32038
34108
32039
34109
31951
32040
34110
31952
32041
34111
31953
32042
34112
31954
32043
34113
31955
32044
34114
31956
32045
34115
31957
32046
34116
31958
32047
34117
31959
32048
34118
31960
32049
34119
31961
32050
34120
31962
32051
34121
31963
32052
34122
31964
32053
34123
31965
32054
34124
31966
32055
34125
31967
32056
34126
31968
32057
34127
31969
32058
34128
31970
32059
34129
31971
32060
34130
31972
32061
34131
31973
32062
34132
31974
32063
34133
31975
32064
34134
31976
32065
34135
31977
32066
34136
31978
32067
34137
31979
32068
34138
31980
32069
34139
31981
32070
34140
31982
32071
34141
31983
32072
34142
31984
32073
34143
31985
32074
34144
31986
32075
34145
31987
32076
34146
31988
32077
34147
31989
32078
34148
31990
32079
34149
31991
32080
34150
31992
32081
34151
31993
32082
34152
31994
32083
34153
31995
32084
34154
31996
32085
34155
31997
32086
34156
31998
32087
34157
31999
32088
34158
32000
32089
34159
32001
32090
34160
32002
32091
34161
32003
32092
34162
32004
32093
34163
32005
32094
34164
32006
32095
34165
32007
32096
34166
32008
32097
34167
32009
32098
34168
32010
32099
34169
32011
32100
34170
32012
32101
34171
32013
32102
34172
32014
32103
34173
32015
32104
34174
32016
32105
34175
32017
32106
34176
32018
32107
34177
32019
32108
34178
32020
32109
34179
32021
32110
34180
32022
32111
34181
32023
32112
34182
32024
32113
34183
32025
32114
34184
32026
32115
34185
32027
32116
34186
32028
32117
34187
32029
32118
34188
32030
32119
34189
32031
32120
34190
32032
32121
34191
32033
32122
34192
32034
32123
34193
32035
32124
34194
32036
32125
34195
32037
32126
34196
32038
32127
34197
32039
32128
34198
32129
34199
32041
32130
34200
32042
32131
34201
32043
32132
34202
32044
32133
34203
32045
32134
34204
32046
32135
34205
32047
32136
34206
32048
32137
34207
32049
32138
34208
32050
32139
34209
32051
32140
34210
32052
32141
34211
32053
32142
34212
32054
32143
34213
32055
32144
34214
32056
32145
34215
32057
32146
34216
32058
32147
34217
32059
32148
34218
32060
32149
34219
32061
32150
34220
32062
32151
34221
32063
32152
34222
32064
32153
34223
32065
32154
34224
32066
32155
34225
32067
32156
34226
32068
32157
34227
32069
32158
34228
32070
32159
34229
32071
32160
34230
32072
32161
34231
32073
32162
34232
32074
32163
34233
32075
32164
34234
32076
32165
34235
32077
32166
34236
32078
32167
34237
32079
32168
34238
32080
32169
34239
32081
32170
34240
32082
32171
34241
32083
32172
34242
32084
32173
34243
32085
32174
34244
32086
32175
34245
32087
32176
34246
32088
32177
34247
32089
32178
34248
32090
32179
34249
32091
32180
34250
32092
32181
34251
32093
32182
34252
32094
32183
34253
32095
32184
34254
32096
32185
34255
32097
32186
34256
32098
32187
34257
32099
32188
34258
32100
32189
34259
32101
32190
34260
32102
32191
34261
32103
32192
34262
32104
32193
34263
32105
32194
34264
32106
32195
34265
32107
32196
34266
32108
32197
34267
32109
32198
34268
32110
32199
34269
32111
32200
34270
32112
32201
34271
32113
32202
34272
32114
32203
34273
32115
32204
34274
32116
32205
34275
32117
32206
34276
32118
32207
34277
32119
32208
34278
32120
32209
34279
32121
32210
34280
32122
32211
34281
32123
32212
34282
32124
32213
34283
32125
32214
34284
32126
32215
34285
32127
32216
34286
32128
32217
34287
32129
32218
34288
32219
34289
32131
32220
34290
32132
32221
34291
32133
32222
34292
32134
32223
34293
32135
32224
34294
32136
32225
34295
32137
32226
34296
32138
32227
34297
32139
32228
34298
32140
32229
34299
32141
32230
34300
32142
32231
34301
32143
32232
34302
32144
32233
34303
32145
32234
34304
32146
32235
34305
32147
32236
34306
32148
32237
34307
32149
32238
34308
32150
32239
34309
32151
32240
34310
32152
32241
34311
32153
32242
34312
32154
32243
34313
32155
32244
34314
32156
32245
34315
32157
32246
34316
32158
32247
34317
32159
32248
34318
32160
32249
34319
32161
32250
34320
32162
32251
34321
32163
32252
34322
32164
32253
34323
32165
32254
34324
32166
32255
34325
32167
32256
34326
32168
32257
34327
32169
32258
34328
32170
32259
34329
32171
32260
34330
32172
32261
34331
32173
32262
34332
32174
32263
34333
32175
32264
34334
32176
32265
34335
32177
32266
34336
32178
32267
34337
32179
32268
34338
32180
32269
34339
32181
32270
34340
32182
32271
34341
32183
32272
34342
32184
32273
34343
32185
32274
34344
32186
32275
34345
32187
32276
34346
32188
32277
34347
32189
32278
34348
32190
32279
34349
32191
32280
34350
32192
32281
34351
32193
32282
34352
32194
32283
34353
32195
32284
34354
32196
32285
34355
32197
32286
34356
32198
32287
34357
32199
32288
34358
32200
32289
34359
32201
32290
34360
32202
32291
34361
32203
32292
34362
32204
32293
34363
32205
32294
34364
32206
32295
34365
32207
32296
34366
32208
32297
34367
32209
32298
34368
32210
32299
34369
32211
32300
34370
32212
32301
34371
32213
32302
34372
32214
32303
34373
32215
32304
34374
32216
32305
34375
32217
32306
34376
32218
32307
34377
32219
32308
34378
32309
34379
32221
32310
34380
32222
32311
34381
32223
32312
34382
32224
32313
34383
32225
32314
34384
32226
32315
34385
32227
32316
34386
32228
32317
34387
32229
32318
34388
32230
32319
34389
32231
32320
34390
32232
32321
34391
32233
32322
34392
32234
32323
34393
32235
32324
34394
32236
32325
34395
32237
32326
34396
32238
32327
34397
32239
32328
34398
32240
32329
34399
32241
32330
34400
32242
32331
34401
32243
32332
34402
32244
32333
34403
32245
32334
34404
32246
32335
34405
32247
32336
34406
32248
32337
34407
32249
32338
34408
32250
32339
34409
32251
32340
34410
32252
32341
34411
32253
32342
34412
32254
32343
34413
32255
32344
34414
32256
32345
34415
32257
32346
34416
32258
32347
34417
32259
32348
34418
32260
32349
34419
32261
32350
34420
32262
32351
34421
32263
32352
34422
32264
32353
34423
32265
32354
34424
32266
32355
34425
32267
32356
34426
32268
32357
34427
32269
32358
34428
32270
32359
34429
32271
32360
34430
32272
32361
34431
32273
32362
34432
32274
32363
34433
32275
32364
34434
32276
32365
34435
32277
32366
34436
32278
32367
34437
32279
32368
34438
32280
32369
34439
32281
32370
34440
32282
32371
34441
32283
32372
34442
32284
32373
34443
32285
32374
34444
32286
32375
34445
32287
32376
34446
32288
32377
34447
32289
32378
34448
32290
32379
34449
32291
32380
34450
32292
32381
34451
32293
32382
34452
32294
32383
34453
32295
32384
34454
32296
32385
34455
32297
32386
34456
32298
32387
34457
32299
32388
34458
32300
32389
34459
32301
32390
34460
32302
32391
34461
32303
32392
34462
32304
32393
34463
32305
32394
34464
32306
32395
34465
32307
32396
34466
32308
32397
34467
32309
32398
34468
32399
34469
32311
34470
32312
34471
32313
34472
32314
34473
32315
34474
32316
34475
32317
34476
32318
34477
32319
34478
32320
34479
32321
34480
32322
34481
32323
34482
32324
34483
32325
34484
32326
34485
32327
34486
32328
34487
32329
34488
32330
34489
32331
34490
32332
34491
32333
34492
32334
34493
32335
34494
32336
34495
32337
34496
32338
34497
32339
34498
32340
34499
32341
34500
32342
34501
32343
34502
32344
34503
32345
34504
32346
34505
32347
34506
32348
34507
32349
34508
32350
34509
32351
34510
32352
34511
32353
34512
32354
34513
32355
34514
32356
34515
32357
34516
32358
34517
32359
34518
32360
34519
32361
34520
32362
34521
32363
34522
32364
34523
32365
34524
32366
34525
32367
34526
32368
34527
32369
34528
32370
34529
32371
34530
32372
34531
32373
34532
32374
34533
32375
34534
32376
34535
32377
34536
32378
34537
32379
34538
32380
34539
32381
34540
32382
34541
32383
34542
32384
34543
32385
34544
32386
34545
32387
34546
32388
34547
32389
34548
32390
34549
32391
34550
32392
34551
32393
34552
32394
34553
32395
34554
32396
34555
32397
34556
32398
34557
32399
34558
34559
32401
32490
34560
32402
32491
34561
32403
32492
34562
32404
32493
34563
32405
32494
34564
32406
32495
34565
32407
32496
34566
32408
32497
34567
32409
32498
34568
32410
32499
34569
32411
32500
34570
32412
32501
34571
32413
32502
34572
32414
32503
34573
32415
32504
34574
32416
32505
34575
32417
32506
34576
32418
32507
34577
32419
32508
34578
32420
32509
34579
32421
32510
34580
32422
32511
34581
32423
32512
34582
32424
32513
34583
32425
32514
34584
32426
32515
34585
32427
32516
34586
32428
32517
34587
32429
32518
34588
32430
32519
34589
32431
32520
34590
32432
32521
34591
32433
32522
34592
32434
32523
34593
32435
32524
34594
32436
32525
34595
32437
32526
34596
32438
32527
34597
32439
32528
34598
32440
32529
34599
32441
32530
34600
32442
32531
34601
32443
32532
34602
32444
32533
34603
32445
32534
34604
32446
32535
34605
32447
32536
34606
32448
32537
34607
32449
32538
34608
32450
32539
34609
32451
32540
34610
32452
32541
34611
32453
32542
34612
32454
32543
34613
32455
32544
34614
32456
32545
34615
32457
32546
34616
32458
32547
34617
32459
32548
34618
32460
32549
34619
32461
32550
34620
32462
32551
34621
32463
32552
34622
32464
32553
34623
32465
32554
34624
32466
32555
34625
32467
32556
34626
32468
32557
34627
32469
32558
34628
32470
32559
34629
32471
32560
34630
32472
32561
34631
32473
32562
34632
32474
32563
34633
32475
32564
34634
32476
32565
34635
32477
32566
34636
32478
32567
34637
32479
32568
34638
32480
32569
34639
32481
32570
34640
32482
32571
34641
32483
32572
34642
32484
32573
34643
32485
32574
34644
32486
32575
34645
32487
32576
34646
32488
32577
34647
32489
32578
34648
32579
34649
32491
32580
34650
32492
32581
34651
32493
32582
34652
32494
32583
34653
32495
32584
34654
32496
32585
34655
32497
32586
34656
32498
32587
34657
32499
32588
34658
32500
32589
34659
32501
32590
34660
32502
32591
34661
32503
32592
34662
32504
32593
34663
32505
32594
34664
32506
32595
34665
32507
32596
34666
32508
32597
34667
32509
32598
34668
32510
32599
34669
32511
32600
34670
32512
32601
34671
32513
32602
34672
32514
32603
34673
32515
32604
34674
32516
32605
34675
32517
32606
34676
32518
32607
34677
32519
32608
34678
32520
32609
34679
32521
32610
34680
32522
32611
34681
32523
32612
34682
32524
32613
34683
32525
32614
34684
32526
32615
34685
32527
32616
34686
32528
32617
34687
32529
32618
34688
32530
32619
34689
32531
32620
34690
32532
32621
34691
32533
32622
34692
32534
32623
34693
32535
32624
34694
32536
32625
34695
32537
32626
34696
32538
32627
34697
32539
32628
34698
32540
32629
34699
32541
32630
34700
32542
32631
34701
32543
32632
34702
32544
32633
34703
32545
32634
34704
32546
32635
34705
32547
32636
34706
32548
32637
34707
32549
32638
34708
32550
32639
34709
32551
32640
34710
32552
32641
34711
32553
32642
34712
32554
32643
34713
32555
32644
34714
32556
32645
34715
32557
32646
34716
32558
32647
34717
32559
32648
34718
32560
32649
34719
32561
32650
34720
32562
32651
34721
32563
32652
34722
32564
32653
34723
32565
32654
34724
32566
32655
34725
32567
32656
34726
32568
32657
34727
32569
32658
34728
32570
32659
34729
32571
32660
34730
32572
32661
34731
32573
32662
34732
32574
32663
34733
32575
32664
34734
32576
32665
34735
32577
32666
34736
32578
32667
34737
32579
32668
34738
32669
34739
32581
32670
34740
32582
32671
34741
32583
32672
34742
32584
32673
34743
32585
32674
34744
32586
32675
34745
32587
32676
34746
32588
32677
34747
32589
32678
34748
32590
32679
34749
32591
32680
34750
32592
32681
34751
32593
32682
34752
32594
32683
34753
32595
32684
34754
32596
32685
34755
32597
32686
34756
32598
32687
34757
32599
32688
34758
32600
32689
34759
32601
32690
34760
32602
32691
34761
32603
32692
34762
32604
32693
34763
32605
32694
34764
32606
32695
34765
32607
32696
34766
32608
32697
34767
32609
32698
34768
32610
32699
34769
32611
32700
34770
32612
32701
34771
32613
32702
34772
32614
32703
34773
32615
32704
34774
32616
32705
34775
32617
32706
34776
32618
32707
34777
32619
32708
34778
32620
32709
34779
32621
32710
34780
32622
32711
34781
32623
32712
34782
32624
32713
34783
32625
32714
34784
32626
32715
34785
32627
32716
34786
32628
32717
34787
32629
32718
34788
32630
32719
34789
32631
32720
34790
32632
32721
34791
32633
32722
34792
32634
32723
34793
32635
32724
34794
32636
32725
34795
32637
32726
34796
32638
32727
34797
32639
32728
34798
32640
32729
34799
32641
32730
34800
32642
32731
34801
32643
32732
34802
32644
32733
34803
32645
32734
34804
32646
32735
34805
32647
32736
34806
32648
32737
34807
32649
32738
34808
32650
32739
34809
32651
32740
34810
32652
32741
34811
32653
32742
34812
32654
32743
34813
32655
32744
34814
32656
32745
34815
32657
32746
34816
32658
32747
34817
32659
32748
34818
32660
32749
34819
32661
32750
34820
32662
32751
34821
32663
32752
34822
32664
32753
34823
32665
32754
34824
32666
32755
34825
32667
32756
34826
32668
32757
34827
32669
32758
34828
32759
34829
32671
32760
34830
32672
32761
34831
32673
32762
34832
32674
32763
34833
32675
32764
34834
32676
32765
34835
32677
32766
34836
32678
32767
34837
32679
32768
34838
32680
32769
34839
32681
32770
34840
32682
32771
34841
32683
32772
34842
32684
32773
34843
32685
32774
34844
32686
32775
34845
32687
32776
34846
32688
32777
34847
32689
32778
34848
32690
32779
34849
32691
32780
34850
32692
32781
34851
32693
32782
34852
32694
32783
34853
32695
32784
34854
32696
32785
34855
32697
32786
34856
32698
32787
34857
32699
32788
34858
32700
32789
34859
32701
32790
34860
32702
32791
34861
32703
32792
34862
32704
32793
34863
32705
32794
34864
32706
32795
34865
32707
32796
34866
32708
32797
34867
32709
32798
34868
32710
32799
34869
32711
32800
34870
32712
32801
34871
32713
32802
34872
32714
32803
34873
32715
32804
34874
32716
32805
34875
32717
32806
34876
32718
32807
34877
32719
32808
34878
32720
32809
34879
32721
32810
34880
32722
32811
34881
32723
32812
34882
32724
32813
34883
32725
32814
34884
32726
32815
34885
32727
32816
34886
32728
32817
34887
32729
32818
34888
32730
32819
34889
32731
32820
34890
32732
32821
34891
32733
32822
34892
32734
32823
34893
32735
32824
34894
32736
32825
34895
32737
32826
34896
32738
32827
34897
32739
32828
34898
32740
32829
34899
32741
32830
34900
32742
32831
34901
32743
32832
34902
32744
32833
34903
32745
32834
34904
32746
32835
34905
32747
32836
34906
32748
32837
34907
32749
32838
34908
32750
32839
34909
32751
32840
34910
32752
32841
34911
32753
32842
34912
32754
32843
34913
32755
32844
34914
32756
32845
34915
32757
32846
34916
32758
32847
34917
32759
32848
34918
32849
34919
32761
32850
34920
32762
32851
34921
32763
32852
34922
32764
32853
34923
32765
32854
34924
32766
32855
34925
32767
32856
34926
32768
32857
34927
32769
32858
34928
32770
32859
34929
32771
32860
34930
32772
32861
34931
32773
32862
34932
32774
32863
34933
32775
32864
34934
32776
32865
34935
32777
32866
34936
32778
32867
34937
32779
32868
34938
32780
32869
34939
32781
32870
34940
32782
32871
34941
32783
32872
34942
32784
32873
34943
32785
32874
34944
32786
32875
34945
32787
32876
34946
32788
32877
34947
32789
32878
34948
32790
32879
34949
32791
32880
34950
32792
32881
34951
32793
32882
34952
32794
32883
34953
32795
32884
34954
32796
32885
34955
32797
32886
34956
32798
32887
34957
32799
32888
34958
32800
32889
34959
32801
32890
34960
32802
32891
34961
32803
32892
34962
32804
32893
34963
32805
32894
34964
32806
32895
34965
32807
32896
34966
32808
32897
34967
32809
32898
34968
32810
32899
34969
32811
32900
34970
32812
32901
34971
32813
32902
34972
32814
32903
34973
32815
32904
34974
32816
32905
34975
32817
32906
34976
32818
32907
34977
32819
32908
34978
32820
32909
34979
32821
32910
34980
32822
32911
34981
32823
32912
34982
32824
32913
34983
32825
32914
34984
32826
32915
34985
32827
32916
34986
32828
32917
34987
32829
32918
34988
32830
32919
34989
32831
32920
34990
32832
32921
34991
32833
32922
34992
32834
32923
34993
32835
32924
34994
32836
32925
34995
32837
32926
34996
32838
32927
34997
32839
32928
34998
32840
32929
34999
32841
32930
35000
32842
32931
35001
32843
32932
35002
32844
32933
35003
32845
32934
35004
32846
32935
35005
32847
32936
35006
32848
32937
35007
32849
32938
35008
32939
35009
32851
32940
35010
32852
32941
35011
32853
32942
35012
32854
32943
35013
32855
32944
35014
32856
32945
35015
32857
32946
35016
32858
32947
35017
32859
32948
35018
32860
32949
35019
32861
32950
35020
32862
32951
35021
32863
32952
35022
32864
32953
35023
32865
32954
35024
32866
32955
35025
32867
32956
35026
32868
32957
35027
32869
32958
35028
32870
32959
35029
32871
32960
35030
32872
32961
35031
32873
32962
35032
32874
32963
35033
32875
32964
35034
32876
32965
35035
32877
32966
35036
32878
32967
35037
32879
32968
35038
32880
32969
35039
32881
32970
35040
32882
32971
35041
32883
32972
35042
32884
32973
35043
32885
32974
35044
32886
32975
35045
32887
32976
35046
32888
32977
35047
32889
32978
35048
32890
32979
35049
32891
32980
35050
32892
32981
35051
32893
32982
35052
32894
32983
35053
32895
32984
35054
32896
32985
35055
32897
32986
35056
32898
32987
35057
32899
32988
35058
32900
32989
35059
32901
32990
35060
32902
32991
35061
32903
32992
35062
32904
32993
35063
32905
32994
35064
32906
32995
35065
32907
32996
35066
32908
32997
35067
32909
32998
35068
32910
32999
35069
32911
33000
35070
32912
33001
35071
32913
33002
35072
32914
33003
35073
32915
33004
35074
32916
33005
35075
32917
33006
35076
32918
33007
35077
32919
33008
35078
32920
33009
35079
32921
33010
35080
32922
33011
35081
32923
33012
35082
32924
33013
35083
32925
33014
35084
32926
33015
35085
32927
33016
35086
32928
33017
35087
32929
33018
35088
32930
33019
35089
32931
33020
35090
32932
33021
35091
32933
33022
35092
32934
33023
35093
32935
33024
35094
32936
33025
35095
32937
33026
35096
32938
33027
35097
32939
33028
35098
33029
35099
32941
33030
35100
32942
33031
35101
32943
33032
35102
32944
33033
35103
32945
33034
35104
32946
33035
35105
32947
33036
35106
32948
33037
35107
32949
33038
35108
32950
33039
35109
32951
33040
35110
32952
33041
35111
32953
33042
35112
32954
33043
35113
32955
33044
35114
32956
33045
35115
32957
33046
35116
32958
33047
35117
32959
33048
35118
32960
33049
35119
32961
33050
35120
32962
33051
35121
32963
33052
35122
32964
33053
35123
32965
33054
35124
32966
33055
35125
32967
33056
35126
32968
33057
35127
32969
33058
35128
32970
33059
35129
32971
33060
35130
32972
33061
35131
32973
33062
35132
32974
33063
35133
32975
33064
35134
32976
33065
35135
32977
33066
35136
32978
33067
35137
32979
33068
35138
32980
33069
35139
32981
33070
35140
32982
33071
35141
32983
33072
35142
32984
33073
35143
32985
33074
35144
32986
33075
35145
32987
33076
35146
32988
33077
35147
32989
33078
35148
32990
33079
35149
32991
33080
35150
32992
33081
35151
32993
33082
35152
32994
33083
35153
32995
33084
35154
32996
33085
35155
32997
33086
35156
32998
33087
35157
32999
33088
35158
33000
33089
35159
33001
33090
35160
33002
33091
35161
33003
33092
35162
33004
33093
35163
33005
33094
35164
33006
33095
35165
33007
33096
35166
33008
33097
35167
33009
33098
35168
33010
33099
35169
33011
33100
35170
33012
33101
35171
33013
33102
35172
33014
33103
35173
33015
33104
35174
33016
33105
35175
33017
33106
35176
33018
33107
35177
33019
33108
35178
33020
33109
35179
33021
33110
35180
33022
33111
35181
33023
33112
35182
33024
33113
35183
33025
33114
35184
33026
33115
35185
33027
33116
35186
33028
33117
35187
33029
33118
35188
33119
35189
33031
33120
35190
33032
33121
35191
33033
33122
35192
33034
33123
35193
33035
33124
35194
33036
33125
35195
33037
33126
35196
33038
33127
35197
33039
33128
35198
33040
33129
35199
33041
33130
35200
33042
33131
35201
33043
33132
35202
33044
33133
35203
33045
33134
35204
33046
33135
35205
33047
33136
35206
33048
33137
35207
33049
33138
35208
33050
33139
35209
33051
33140
35210
33052
33141
35211
33053
33142
35212
33054
33143
35213
33055
33144
35214
33056
33145
35215
33057
33146
35216
33058
33147
35217
33059
33148
35218
33060
33149
35219
33061
33150
35220
33062
33151
35221
33063
33152
35222
33064
33153
35223
33065
33154
35224
33066
33155
35225
33067
33156
35226
33068
33157
35227
33069
33158
35228
33070
33159
35229
33071
33160
35230
33072
33161
35231
33073
33162
35232
33074
33163
35233
33075
33164
35234
33076
33165
35235
33077
33166
35236
33078
33167
35237
33079
33168
35238
33080
33169
35239
33081
33170
35240
33082
33171
35241
33083
33172
35242
33084
33173
35243
33085
33174
35244
33086
33175
35245
33087
33176
35246
33088
33177
35247
33089
33178
35248
33090
33179
35249
33091
33180
35250
33092
33181
35251
33093
33182
35252
33094
33183
35253
33095
33184
35254
33096
33185
35255
33097
33186
35256
33098
33187
35257
33099
33188
35258
33100
33189
35259
33101
33190
35260
33102
33191
35261
33103
33192
35262
33104
33193
35263
33105
33194
35264
33106
33195
35265
33107
33196
35266
33108
33197
35267
33109
33198
35268
33110
33199
35269
33111
33200
35270
33112
33201
35271
33113
33202
35272
33114
33203
35273
33115
33204
35274
33116
33205
35275
33117
33206
35276
33118
33207
35277
33119
33208
35278
33209
35279
33121
33210
35280
33122
33211
35281
33123
33212
35282
33124
33213
35283
33125
33214
35284
33126
33215
35285
33127
33216
35286
33128
33217
35287
33129
33218
35288
33130
33219
35289
33131
33220
35290
33132
33221
35291
33133
33222
35292
33134
33223
35293
33135
33224
35294
33136
33225
35295
33137
33226
35296
33138
33227
35297
33139
33228
35298
33140
33229
35299
33141
33230
35300
33142
33231
35301
33143
33232
35302
33144
33233
35303
33145
33234
35304
33146
33235
35305
33147
33236
35306
33148
33237
35307
33149
33238
35308
33150
33239
35309
33151
33240
35310
33152
33241
35311
33153
33242
35312
33154
33243
35313
33155
33244
35314
33156
33245
35315
33157
33246
35316
33158
33247
35317
33159
33248
35318
33160
33249
35319
33161
33250
35320
33162
33251
35321
33163
33252
35322
33164
33253
35323
33165
33254
35324
33166
33255
35325
33167
33256
35326
33168
33257
35327
33169
33258
35328
33170
33259
35329
33171
33260
35330
33172
33261
35331
33173
33262
35332
33174
33263
35333
33175
33264
35334
33176
33265
35335
33177
33266
35336
33178
33267
35337
33179
33268
35338
33180
33269
35339
33181
33270
35340
33182
33271
35341
33183
33272
35342
33184
33273
35343
33185
33274
35344
33186
33275
35345
33187
33276
35346
33188
33277
35347
33189
33278
35348
33190
33279
35349
33191
33280
35350
33192
33281
35351
33193
33282
35352
33194
33283
35353
33195
33284
35354
33196
33285
35355
33197
33286
35356
33198
33287
35357
33199
33288
35358
33200
33289
35359
33201
33290
35360
33202
33291
35361
33203
33292
35362
33204
33293
35363
33205
33294
35364
33206
33295
35365
33207
33296
35366
33208
33297
35367
33209
33298
35368
33299
35369
33211
33300
35370
33212
33301
35371
33213
33302
35372
33214
33303
35373
33215
33304
35374
33216
33305
35375
33217
33306
35376
33218
33307
35377
33219
33308
35378
33220
33309
35379
33221
33310
35380
33222
33311
35381
33223
33312
35382
33224
33313
35383
33225
33314
35384
33226
33315
35385
33227
33316
35386
33228
33317
35387
33229
33318
35388
33230
33319
35389
33231
33320
35390
33232
33321
35391
33233
33322
35392
33234
33323
35393
33235
33324
35394
33236
33325
35395
33237
33326
35396
33238
33327
35397
33239
33328
35398
33240
33329
35399
33241
33330
35400
33242
33331
35401
33243
33332
35402
33244
33333
35403
33245
33334
35404
33246
33335
35405
33247
33336
35406
33248
33337
35407
33249
33338
35408
33250
33339
35409
33251
33340
35410
33252
33341
35411
33253
33342
35412
33254
33343
35413
33255
33344
35414
33256
33345
35415
33257
33346
35416
33258
33347
35417
33259
33348
35418
33260
33349
35419
33261
33350
35420
33262
33351
35421
33263
33352
35422
33264
33353
35423
33265
33354
35424
33266
33355
35425
33267
33356
35426
33268
33357
35427
33269
33358
35428
33270
33359
35429
33271
33360
35430
33272
33361
35431
33273
33362
35432
33274
33363
35433
33275
33364
35434
33276
33365
35435
33277
33366
35436
33278
33367
35437
33279
33368
35438
33280
33369
35439
33281
33370
35440
33282
33371
35441
33283
33372
35442
33284
33373
35443
33285
33374
35444
33286
33375
35445
33287
33376
35446
33288
33377
35447
33289
33378
35448
33290
33379
35449
33291
33380
35450
33292
33381
35451
33293
33382
35452
33294
33383
35453
33295
33384
35454
33296
33385
35455
33297
33386
35456
33298
33387
35457
33299
33388
35458
33389
35459
33301
33390
35460
33302
33391
35461
33303
33392
35462
33304
33393
35463
33305
33394
35464
33306
33395
35465
33307
33396
35466
33308
33397
35467
33309
33398
35468
33310
33399
35469
33311
33400
35470
33312
33401
35471
33313
33402
35472
33314
33403
35473
33315
33404
35474
33316
33405
35475
33317
33406
35476
33318
33407
35477
33319
33408
35478
33320
33409
35479
33321
33410
35480
33322
33411
35481
33323
33412
35482
33324
33413
35483
33325
33414
35484
33326
33415
35485
33327
33416
35486
33328
33417
35487
33329
33418
35488
33330
33419
35489
33331
33420
35490
33332
33421
35491
33333
33422
35492
33334
33423
35493
33335
33424
35494
33336
33425
35495
33337
33426
35496
33338
33427
35497
33339
33428
35498
33340
33429
35499
33341
33430
35500
33342
33431
35501
33343
33432
35502
33344
33433
35503
33345
33434
35504
33346
33435
35505
33347
33436
35506
33348
33437
35507
33349
33438
35508
33350
33439
35509
33351
33440
35510
33352
33441
35511
33353
33442
35512
33354
33443
35513
33355
33444
35514
33356
33445
35515
33357
33446
35516
33358
33447
35517
33359
33448
35518
33360
33449
35519
33361
33450
35520
33362
33451
35521
33363
33452
35522
33364
33453
35523
33365
33454
35524
33366
33455
35525
33367
33456
35526
33368
33457
35527
33369
33458
35528
33370
33459
35529
33371
33460
35530
33372
33461
35531
33373
33462
35532
33374
33463
35533
33375
33464
35534
33376
33465
35535
33377
33466
35536
33378
33467
35537
33379
33468
35538
33380
33469
35539
33381
33470
35540
33382
33471
35541
33383
33472
35542
33384
33473
35543
33385
33474
35544
33386
33475
35545
33387
33476
35546
33388
33477
35547
33389
33478
35548
33479
35549
33391
33480
35550
33392
33481
35551
33393
33482
35552
33394
33483
35553
33395
33484
35554
33396
33485
35555
33397
33486
35556
33398
33487
35557
33399
33488
35558
33400
33489
35559
33401
33490
35560
33402
33491
35561
33403
33492
35562
33404
33493
35563
33405
33494
35564
33406
33495
35565
33407
33496
35566
33408
33497
35567
33409
33498
35568
33410
33499
35569
33411
33500
35570
33412
33501
35571
33413
33502
35572
33414
33503
35573
33415
33504
35574
33416
33505
35575
33417
33506
35576
33418
33507
35577
33419
33508
35578
33420
33509
35579
33421
33510
35580
33422
33511
35581
33423
33512
35582
33424
33513
35583
33425
33514
35584
33426
33515
35585
33427
33516
35586
33428
33517
35587
33429
33518
35588
33430
33519
35589
33431
33520
35590
33432
33521
35591
33433
33522
35592
33434
33523
35593
33435
33524
35594
33436
33525
35595
33437
33526
35596
33438
33527
35597
33439
33528
35598
33440
33529
35599
33441
33530
35600
33442
33531
35601
33443
33532
35602
33444
33533
35603
33445
33534
35604
33446
33535
35605
33447
33536
35606
33448
33537
35607
33449
33538
35608
33450
33539
35609
33451
33540
35610
33452
33541
35611
33453
33542
35612
33454
33543
35613
33455
33544
35614
33456
33545
35615
33457
33546
35616
33458
33547
35617
33459
33548
35618
33460
33549
35619
33461
33550
35620
33462
33551
35621
33463
33552
35622
33464
33553
35623
33465
33554
35624
33466
33555
35625
33467
33556
35626
33468
33557
35627
33469
33558
35628
33470
33559
35629
33471
33560
35630
33472
33561
35631
33473
33562
35632
33474
33563
35633
33475
33564
35634
33476
33565
35635
33477
33566
35636
33478
33567
35637
33479
33568
35638
33569
35639
33481
33570
35640
33482
33571
35641
33483
33572
35642
33484
33573
35643
33485
33574
35644
33486
33575
35645
33487
33576
35646
33488
33577
35647
33489
33578
35648
33490
33579
35649
33491
33580
35650
33492
33581
35651
33493
33582
35652
33494
33583
35653
33495
33584
35654
33496
33585
35655
33497
33586
35656
33498
33587
35657
33499
33588
35658
33500
33589
35659
33501
33590
35660
33502
33591
35661
33503
33592
35662
33504
33593
35663
33505
33594
35664
33506
33595
35665
33507
33596
35666
33508
33597
35667
33509
33598
35668
33510
33599
35669
33511
33600
35670
33512
33601
35671
33513
33602
35672
33514
33603
35673
33515
33604
35674
33516
33605
35675
33517
33606
35676
33518
33607
35677
33519
33608
35678
33520
33609
35679
33521
33610
35680
33522
33611
35681
33523
33612
35682
33524
33613
35683
33525
33614
35684
33526
33615
35685
33527
33616
35686
33528
33617
35687
33529
33618
35688
33530
33619
35689
33531
33620
35690
33532
33621
35691
33533
33622
35692
33534
33623
35693
33535
33624
35694
33536
33625
35695
33537
33626
35696
33538
33627
35697
33539
33628
35698
33540
33629
35699
33541
33630
35700
33542
33631
35701
33543
33632
35702
33544
33633
35703
33545
33634
35704
33546
33635
35705
33547
33636
35706
33548
33637
35707
33549
33638
35708
33550
33639
35709
33551
33640
35710
33552
33641
35711
33553
33642
35712
33554
33643
35713
33555
33644
35714
33556
33645
35715
33557
33646
35716
33558
33647
35717
33559
33648
35718
33560
33649
35719
33561
33650
35720
33562
33651
35721
33563
33652
35722
33564
33653
35723
33565
33654
35724
33566
33655
35725
33567
33656
35726
33568
33657
35727
33569
33658
35728
33659
35729
33571
33660
35730
33572
33661
35731
33573
33662
35732
33574
33663
35733
33575
33664
35734
33576
33665
35735
33577
33666
35736
33578
33667
35737
33579
33668
35738
33580
33669
35739
33581
33670
35740
33582
33671
35741
33583
33672
35742
33584
33673
35743
33585
33674
35744
33586
33675
35745
33587
33676
35746
33588
33677
35747
33589
33678
35748
33590
33679
35749
33591
33680
35750
33592
33681
35751
33593
33682
35752
33594
33683
35753
33595
33684
35754
33596
33685
35755
33597
33686
35756
33598
33687
35757
33599
33688
35758
33600
33689
35759
33601
33690
35760
33602
33691
35761
33603
33692
35762
33604
33693
35763
33605
33694
35764
33606
33695
35765
33607
33696
35766
33608
33697
35767
33609
33698
35768
33610
33699
35769
33611
33700
35770
33612
33701
35771
33613
33702
35772
33614
33703
35773
33615
33704
35774
33616
33705
35775
33617
33706
35776
33618
33707
35777
33619
33708
35778
33620
33709
35779
33621
33710
35780
33622
33711
35781
33623
33712
35782
33624
33713
35783
33625
33714
35784
33626
33715
35785
33627
33716
35786
33628
33717
35787
33629
33718
35788
33630
33719
35789
33631
33720
35790
33632
33721
35791
33633
33722
35792
33634
33723
35793
33635
33724
35794
33636
33725
35795
33637
33726
35796
33638
33727
35797
33639
33728
35798
33640
33729
35799
33641
33730
35800
33642
33731
35801
33643
33732
35802
33644
33733
35803
33645
33734
35804
33646
33735
35805
33647
33736
35806
33648
33737
35807
33649
33738
35808
33650
33739
35809
33651
33740
35810
33652
33741
35811
33653
33742
35812
33654
33743
35813
33655
33744
35814
33656
33745
35815
33657
33746
35816
33658
33747
35817
33659
33748
35818
33749
35819
33661
33750
35820
33662
33751
35821
33663
33752
35822
33664
33753
35823
33665
33754
35824
33666
33755
35825
33667
33756
35826
33668
33757
35827
33669
33758
35828
33670
33759
35829
33671
33760
35830
33672
33761
35831
33673
33762
35832
33674
33763
35833
33675
33764
35834
33676
33765
35835
33677
33766
35836
33678
33767
35837
33679
33768
35838
33680
33769
35839
33681
33770
35840
33682
33771
35841
33683
33772
35842
33684
33773
35843
33685
33774
35844
33686
33775
35845
33687
33776
35846
33688
33777
35847
33689
33778
35848
33690
33779
35849
33691
33780
35850
33692
33781
35851
33693
33782
35852
33694
33783
35853
33695
33784
35854
33696
33785
35855
33697
33786
35856
33698
33787
35857
33699
33788
35858
33700
33789
35859
33701
33790
35860
33702
33791
35861
33703
33792
35862
33704
33793
35863
33705
33794
35864
33706
33795
35865
33707
33796
35866
33708
33797
35867
33709
33798
35868
33710
33799
35869
33711
33800
35870
33712
33801
35871
33713
33802
35872
33714
33803
35873
33715
33804
35874
33716
33805
35875
33717
33806
35876
33718
33807
35877
33719
33808
35878
33720
33809
35879
33721
33810
35880
33722
33811
35881
33723
33812
35882
33724
33813
35883
33725
33814
35884
33726
33815
35885
33727
33816
35886
33728
33817
35887
33729
33818
35888
33730
33819
35889
33731
33820
35890
33732
33821
35891
33733
33822
35892
33734
33823
35893
33735
33824
35894
33736
33825
35895
33737
33826
35896
33738
33827
35897
33739
33828
35898
33740
33829
35899
33741
33830
35900
33742
33831
35901
33743
33832
35902
33744
33833
35903
33745
33834
35904
33746
33835
35905
33747
33836
35906
33748
33837
35907
33749
33838
35908
33839
35909
33751
33840
35910
33752
33841
35911
33753
33842
35912
33754
33843
35913
33755
33844
35914
33756
33845
35915
33757
33846
35916
33758
33847
35917
33759
33848
35918
33760
33849
35919
33761
33850
35920
33762
33851
35921
33763
33852
35922
33764
33853
35923
33765
33854
35924
33766
33855
35925
33767
33856
35926
33768
33857
35927
33769
33858
35928
33770
33859
35929
33771
33860
35930
33772
33861
35931
33773
33862
35932
33774
33863
35933
33775
33864
35934
33776
33865
35935
33777
33866
35936
33778
33867
35937
33779
33868
35938
33780
33869
35939
33781
33870
35940
33782
33871
35941
33783
33872
35942
33784
33873
35943
33785
33874
35944
33786
33875
35945
33787
33876
35946
33788
33877
35947
33789
33878
35948
33790
33879
35949
33791
33880
35950
33792
33881
35951
33793
33882
35952
33794
33883
35953
33795
33884
35954
33796
33885
35955
33797
33886
35956
33798
33887
35957
33799
33888
35958
33800
33889
35959
33801
33890
35960
33802
33891
35961
33803
33892
35962
33804
33893
35963
33805
33894
35964
33806
33895
35965
33807
33896
35966
33808
33897
35967
33809
33898
35968
33810
33899
35969
33811
33900
35970
33812
33901
35971
33813
33902
35972
33814
33903
35973
33815
33904
35974
33816
33905
35975
33817
33906
35976
33818
33907
35977
33819
33908
35978
33820
33909
35979
33821
33910
35980
33822
33911
35981
33823
33912
35982
33824
33913
35983
33825
33914
35984
33826
33915
35985
33827
33916
35986
33828
33917
35987
33829
33918
35988
33830
33919
35989
33831
33920
35990
33832
33921
35991
33833
33922
35992
33834
33923
35993
33835
33924
35994
33836
33925
35995
33837
33926
35996
33838
33927
35997
33839
33928
35998
33929
35999
33841
33930
36000
33842
33931
36001
33843
33932
36002
33844
33933
36003
33845
33934
36004
33846
33935
36005
33847
33936
36006
33848
33937
36007
33849
33938
36008
33850
33939
36009
33851
33940
36010
33852
33941
36011
33853
33942
36012
33854
33943
36013
33855
33944
36014
33856
33945
36015
33857
33946
36016
33858
33947
36017
33859
33948
36018
33860
33949
36019
33861
33950
36020
33862
33951
36021
33863
33952
36022
33864
33953
36023
33865
33954
36024
33866
33955
36025
33867
33956
36026
33868
33957
36027
33869
33958
36028
33870
33959
36029
33871
33960
36030
33872
33961
36031
33873
33962
36032
33874
33963
36033
33875
33964
36034
33876
33965
36035
33877
33966
36036
33878
33967
36037
33879
33968
36038
33880
33969
36039
33881
33970
36040
33882
33971
36041
33883
33972
36042
33884
33973
36043
33885
33974
36044
33886
33975
36045
33887
33976
36046
33888
33977
36047
33889
33978
36048
33890
33979
36049
33891
33980
36050
33892
33981
36051
33893
33982
36052
33894
33983
36053
33895
33984
36054
33896
33985
36055
33897
33986
36056
33898
33987
36057
33899
33988
36058
33900
33989
36059
33901
33990
36060
33902
33991
36061
33903
33992
36062
33904
33993
36063
33905
33994
36064
33906
33995
36065
33907
33996
36066
33908
33997
36067
33909
33998
36068
33910
33999
36069
33911
34000
36070
33912
34001
36071
33913
34002
36072
33914
34003
36073
33915
34004
36074
33916
34005
36075
33917
34006
36076
33918
34007
36077
33919
34008
36078
33920
34009
36079
33921
34010
36080
33922
34011
36081
33923
34012
36082
33924
34013
36083
33925
34014
36084
33926
34015
36085
33927
34016
36086
33928
34017
36087
33929
34018
36088
34019
36089
33931
34020
36090
33932
34021
36091
33933
34022
36092
33934
34023
36093
33935
34024
36094
33936
34025
36095
33937
34026
36096
33938
34027
36097
33939
34028
36098
33940
34029
36099
33941
34030
36100
33942
34031
36101
33943
34032
36102
33944
34033
36103
33945
34034
36104
33946
34035
36105
33947
34036
36106
33948
34037
36107
33949
34038
36108
33950
34039
36109
33951
34040
36110
33952
34041
36111
33953
34042
36112
33954
34043
36113
33955
34044
36114
33956
34045
36115
33957
34046
36116
33958
34047
36117
33959
34048
36118
33960
34049
36119
33961
34050
36120
33962
34051
36121
33963
34052
36122
33964
34053
36123
33965
34054
36124
33966
34055
36125
33967
34056
36126
33968
34057
36127
33969
34058
36128
33970
34059
36129
33971
34060
36130
33972
34061
36131
33973
34062
36132
33974
34063
36133
33975
34064
36134
33976
34065
36135
33977
34066
36136
33978
34067
36137
33979
34068
36138
33980
34069
36139
33981
34070
36140
33982
34071
36141
33983
34072
36142
33984
34073
36143
33985
34074
36144
33986
34075
36145
33987
34076
36146
33988
34077
36147
33989
34078
36148
33990
34079
36149
33991
34080
36150
33992
34081
36151
33993
34082
36152
33994
34083
36153
33995
34084
36154
33996
34085
36155
33997
34086
36156
33998
34087
36157
33999
34088
36158
34000
34089
36159
34001
34090
36160
34002
34091
36161
34003
34092
36162
34004
34093
36163
34005
34094
36164
34006
34095
36165
34007
34096
36166
34008
34097
36167
34009
34098
36168
34010
34099
36169
34011
34100
36170
34012
34101
36171
34013
34102
36172
34014
34103
36173
34015
34104
36174
34016
34105
36175
34017
34106
36176
34018
34107
36177
34019
34108
36178
34109
36179
34021
34110
36180
34022
34111
36181
34023
34112
36182
34024
34113
36183
34025
34114
36184
34026
34115
36185
34027
34116
36186
34028
34117
36187
34029
34118
36188
34030
34119
36189
34031
34120
36190
34032
34121
36191
34033
34122
36192
34034
34123
36193
34035
34124
36194
34036
34125
36195
34037
34126
36196
34038
34127
36197
34039
34128
36198
34040
34129
36199
34041
34130
36200
34042
34131
36201
34043
34132
36202
34044
34133
36203
34045
34134
36204
34046
34135
36205
34047
34136
36206
34048
34137
36207
34049
34138
36208
34050
34139
36209
34051
34140
36210
34052
34141
36211
34053
34142
36212
34054
34143
36213
34055
34144
36214
34056
34145
36215
34057
34146
36216
34058
34147
36217
34059
34148
36218
34060
34149
36219
34061
34150
36220
34062
34151
36221
34063
34152
36222
34064
34153
36223
34065
34154
36224
34066
34155
36225
34067
34156
36226
34068
34157
36227
34069
34158
36228
34070
34159
36229
34071
34160
36230
34072
34161
36231
34073
34162
36232
34074
34163
36233
34075
34164
36234
34076
34165
36235
34077
34166
36236
34078
34167
36237
34079
34168
36238
34080
34169
36239
34081
34170
36240
34082
34171
36241
34083
34172
36242
34084
34173
36243
34085
34174
36244
34086
34175
36245
34087
34176
36246
34088
34177
36247
34089
34178
36248
34090
34179
36249
34091
34180
36250
34092
34181
36251
34093
34182
36252
34094
34183
36253
34095
34184
36254
34096
34185
36255
34097
34186
36256
34098
34187
36257
34099
34188
36258
34100
34189
36259
34101
34190
36260
34102
34191
36261
34103
34192
36262
34104
34193
36263
34105
34194
36264
34106
34195
36265
34107
34196
36266
34108
34197
36267
34109
34198
36268
34199
36269
34111
34200
36270
34112
34201
36271
34113
34202
36272
34114
34203
36273
34115
34204
36274
34116
34205
36275
34117
34206
36276
34118
34207
36277
34119
34208
36278
34120
34209
36279
34121
34210
36280
34122
34211
36281
34123
34212
36282
34124
34213
36283
34125
34214
36284
34126
34215
36285
34127
34216
36286
34128
34217
36287
34129
34218
36288
34130
34219
36289
34131
34220
36290
34132
34221
36291
34133
34222
36292
34134
34223
36293
34135
34224
36294
34136
34225
36295
34137
34226
36296
34138
34227
36297
34139
34228
36298
34140
34229
36299
34141
34230
36300
34142
34231
36301
34143
34232
36302
34144
34233
36303
34145
34234
36304
34146
34235
36305
34147
34236
36306
34148
34237
36307
34149
34238
36308
34150
34239
36309
34151
34240
36310
34152
34241
36311
34153
34242
36312
34154
34243
36313
34155
34244
36314
34156
34245
36315
34157
34246
36316
34158
34247
36317
34159
34248
36318
34160
34249
36319
34161
34250
36320
34162
34251
36321
34163
34252
36322
34164
34253
36323
34165
34254
36324
34166
34255
36325
34167
34256
36326
34168
34257
36327
34169
34258
36328
34170
34259
36329
34171
34260
36330
34172
34261
36331
34173
34262
36332
34174
34263
36333
34175
34264
36334
34176
34265
36335
34177
34266
36336
34178
34267
36337
34179
34268
36338
34180
34269
36339
34181
34270
36340
34182
34271
36341
34183
34272
36342
34184
34273
36343
34185
34274
36344
34186
34275
36345
34187
34276
36346
34188
34277
36347
34189
34278
36348
34190
34279
36349
34191
34280
36350
34192
34281
36351
34193
34282
36352
34194
34283
36353
34195
34284
36354
34196
34285
36355
34197
34286
36356
34198
34287
36357
34199
34288
36358
34289
36359
34201
34290
36360
34202
34291
36361
34203
34292
36362
34204
34293
36363
34205
34294
36364
34206
34295
36365
34207
34296
36366
34208
34297
36367
34209
34298
36368
34210
34299
36369
34211
34300
36370
34212
34301
36371
34213
34302
36372
34214
34303
36373
34215
34304
36374
34216
34305
36375
34217
34306
36376
34218
34307
36377
34219
34308
36378
34220
34309
36379
34221
34310
36380
34222
34311
36381
34223
34312
36382
34224
34313
36383
34225
34314
36384
34226
34315
36385
34227
34316
36386
34228
34317
36387
34229
34318
36388
34230
34319
36389
34231
34320
36390
34232
34321
36391
34233
34322
36392
34234
34323
36393
34235
34324
36394
34236
34325
36395
34237
34326
36396
34238
34327
36397
34239
34328
36398
34240
34329
36399
34241
34330
36400
34242
34331
36401
34243
34332
36402
34244
34333
36403
34245
34334
36404
34246
34335
36405
34247
34336
36406
34248
34337
36407
34249
34338
36408
34250
34339
36409
34251
34340
36410
34252
34341
36411
34253
34342
36412
34254
34343
36413
34255
34344
36414
34256
34345
36415
34257
34346
36416
34258
34347
36417
34259
34348
36418
34260
34349
36419
34261
34350
36420
34262
34351
36421
34263
34352
36422
34264
34353
36423
34265
34354
36424
34266
34355
36425
34267
34356
36426
34268
34357
36427
34269
34358
36428
34270
34359
36429
34271
34360
36430
34272
34361
36431
34273
34362
36432
34274
34363
36433
34275
34364
36434
34276
34365
36435
34277
34366
36436
34278
34367
36437
34279
34368
36438
34280
34369
36439
34281
34370
36440
34282
34371
36441
34283
34372
36442
34284
34373
36443
34285
34374
36444
34286
34375
36445
34287
34376
36446
34288
34377
36447
34289
34378
36448
34379
36449
34291
34380
36450
34292
34381
36451
34293
34382
36452
34294
34383
36453
34295
34384
36454
34296
34385
36455
34297
34386
36456
34298
34387
36457
34299
34388
36458
34300
34389
36459
34301
34390
36460
34302
34391
36461
34303
34392
36462
34304
34393
36463
34305
34394
36464
34306
34395
36465
34307
34396
36466
34308
34397
36467
34309
34398
36468
34310
34399
36469
34311
34400
36470
34312
34401
36471
34313
34402
36472
34314
34403
36473
34315
34404
36474
34316
34405
36475
34317
34406
36476
34318
34407
36477
34319
34408
36478
34320
34409
36479
34321
34410
36480
34322
34411
36481
34323
34412
36482
34324
34413
36483
34325
34414
36484
34326
34415
36485
34327
34416
36486
34328
34417
36487
34329
34418
36488
34330
34419
36489
34331
34420
36490
34332
34421
36491
34333
34422
36492
34334
34423
36493
34335
34424
36494
34336
34425
36495
34337
34426
36496
34338
34427
36497
34339
34428
36498
34340
34429
36499
34341
34430
36500
34342
34431
36501
34343
34432
36502
34344
34433
36503
34345
34434
36504
34346
34435
36505
34347
34436
36506
34348
34437
36507
34349
34438
36508
34350
34439
36509
34351
34440
36510
34352
34441
36511
34353
34442
36512
34354
34443
36513
34355
34444
36514
34356
34445
36515
34357
34446
36516
34358
34447
36517
34359
34448
36518
34360
34449
36519
34361
34450
36520
34362
34451
36521
34363
34452
36522
34364
34453
36523
34365
34454
36524
34366
34455
36525
34367
34456
36526
34368
34457
36527
34369
34458
36528
34370
34459
36529
34371
34460
36530
34372
34461
36531
34373
34462
36532
34374
34463
36533
34375
34464
36534
34376
34465
36535
34377
34466
36536
34378
34467
36537
34379
34468
36538
34469
36539
34381
34470
36540
34382
34471
36541
34383
34472
36542
34384
34473
36543
34385
34474
36544
34386
34475
36545
34387
34476
36546
34388
34477
36547
34389
34478
36548
34390
34479
36549
34391
34480
36550
34392
34481
36551
34393
34482
36552
34394
34483
36553
34395
34484
36554
34396
34485
36555
34397
34486
36556
34398
34487
36557
34399
34488
36558
34400
34489
36559
34401
34490
36560
34402
34491
36561
34403
34492
36562
34404
34493
36563
34405
34494
36564
34406
34495
36565
34407
34496
36566
34408
34497
36567
34409
34498
36568
34410
34499
36569
34411
34500
36570
34412
34501
36571
34413
34502
36572
34414
34503
36573
34415
34504
36574
34416
34505
36575
34417
34506
36576
34418
34507
36577
34419
34508
36578
34420
34509
36579
34421
34510
36580
34422
34511
36581
34423
34512
36582
34424
34513
36583
34425
34514
36584
34426
34515
36585
34427
34516
36586
34428
34517
36587
34429
34518
36588
34430
34519
36589
34431
34520
36590
34432
34521
36591
34433
34522
36592
34434
34523
36593
34435
34524
36594
34436
34525
36595
34437
34526
36596
34438
34527
36597
34439
34528
36598
34440
34529
36599
34441
34530
36600
34442
34531
36601
34443
34532
36602
34444
34533
36603
34445
34534
36604
34446
34535
36605
34447
34536
36606
34448
34537
36607
34449
34538
36608
34450
34539
36609
34451
34540
36610
34452
34541
36611
34453
34542
36612
34454
34543
36613
34455
34544
36614
34456
34545
36615
34457
34546
36616
34458
34547
36617
34459
34548
36618
34460
34549
36619
34461
34550
36620
34462
34551
36621
34463
34552
36622
34464
34553
36623
34465
34554
36624
34466
34555
36625
34467
34556
36626
34468
34557
36627
34469
34558
36628
34559
36629
34471
36630
34472
36631
34473
36632
34474
36633
34475
36634
34476
36635
34477
36636
34478
36637
34479
36638
34480
36639
34481
36640
34482
36641
34483
36642
34484
36643
34485
36644
34486
36645
34487
36646
34488
36647
34489
36648
34490
36649
34491
36650
34492
36651
34493
36652
34494
36653
34495
36654
34496
36655
34497
36656
34498
36657
34499
36658
34500
36659
34501
36660
34502
36661
34503
36662
34504
36663
34505
36664
34506
36665
34507
36666
34508
36667
34509
36668
34510
36669
34511
36670
34512
36671
34513
36672
34514
36673
34515
36674
34516
36675
34517
36676
34518
36677
34519
36678
34520
36679
34521
36680
34522
36681
34523
36682
34524
36683
34525
36684
34526
36685
34527
36686
34528
36687
34529
36688
34530
36689
34531
36690
34532
36691
34533
36692
34534
36693
34535
36694
34536
36695
34537
36696
34538
36697
34539
36698
34540
36699
34541
36700
34542
36701
34543
36702
34544
36703
34545
36704
34546
36705
34547
36706
34548
36707
34549
36708
34550
36709
34551
36710
34552
36711
34553
36712
34554
36713
34555
36714
34556
36715
34557
36716
34558
36717
34559
36718
36719
34561
34650
36720
34562
34651
36721
34563
34652
36722
34564
34653
36723
34565
34654
36724
34566
34655
36725
34567
34656
36726
34568
34657
36727
34569
34658
36728
34570
34659
36729
34571
34660
36730
34572
34661
36731
34573
34662
36732
34574
34663
36733
34575
34664
36734
34576
34665
36735
34577
34666
36736
34578
34667
36737
34579
34668
36738
34580
34669
36739
34581
34670
36740
34582
34671
36741
34583
34672
36742
34584
34673
36743
34585
34674
36744
34586
34675
36745
34587
34676
36746
34588
34677
36747
34589
34678
36748
34590
34679
36749
34591
34680
36750
34592
34681
36751
34593
34682
36752
34594
34683
36753
34595
34684
36754
34596
34685
36755
34597
34686
36756
34598
34687
36757
34599
34688
36758
34600
34689
36759
34601
34690
36760
34602
34691
36761
34603
34692
36762
34604
34693
36763
34605
34694
36764
34606
34695
36765
34607
34696
36766
34608
34697
36767
34609
34698
36768
34610
34699
36769
34611
34700
36770
34612
34701
36771
34613
34702
36772
34614
34703
36773
34615
34704
36774
34616
34705
36775
34617
34706
36776
34618
34707
36777
34619
34708
36778
34620
34709
36779
34621
34710
36780
34622
34711
36781
34623
34712
36782
34624
34713
36783
34625
34714
36784
34626
34715
36785
34627
34716
36786
34628
34717
36787
34629
34718
36788
34630
34719
36789
34631
34720
36790
34632
34721
36791
34633
34722
36792
34634
34723
36793
34635
34724
36794
34636
34725
36795
34637
34726
36796
34638
34727
36797
34639
34728
36798
34640
34729
36799
34641
34730
36800
34642
34731
36801
34643
34732
36802
34644
34733
36803
34645
34734
36804
34646
34735
36805
34647
34736
36806
34648
34737
36807
34649
34738
36808
34739
36809
34651
34740
36810
34652
34741
36811
34653
34742
36812
34654
34743
36813
34655
34744
36814
34656
34745
36815
34657
34746
36816
34658
34747
36817
34659
34748
36818
34660
34749
36819
34661
34750
36820
34662
34751
36821
34663
34752
36822
34664
34753
36823
34665
34754
36824
34666
34755
36825
34667
34756
36826
34668
34757
36827
34669
34758
36828
34670
34759
36829
34671
34760
36830
34672
34761
36831
34673
34762
36832
34674
34763
36833
34675
34764
36834
34676
34765
36835
34677
34766
36836
34678
34767
36837
34679
34768
36838
34680
34769
36839
34681
34770
36840
34682
34771
36841
34683
34772
36842
34684
34773
36843
34685
34774
36844
34686
34775
36845
34687
34776
36846
34688
34777
36847
34689
34778
36848
34690
34779
36849
34691
34780
36850
34692
34781
36851
34693
34782
36852
34694
34783
36853
34695
34784
36854
34696
34785
36855
34697
34786
36856
34698
34787
36857
34699
34788
36858
34700
34789
36859
34701
34790
36860
34702
34791
36861
34703
34792
36862
34704
34793
36863
34705
34794
36864
34706
34795
36865
34707
34796
36866
34708
34797
36867
34709
34798
36868
34710
34799
36869
34711
34800
36870
34712
34801
36871
34713
34802
36872
34714
34803
36873
34715
34804
36874
34716
34805
36875
34717
34806
36876
34718
34807
36877
34719
34808
36878
34720
34809
36879
34721
34810
36880
34722
34811
36881
34723
34812
36882
34724
34813
36883
34725
34814
36884
34726
34815
36885
34727
34816
36886
34728
34817
36887
34729
34818
36888
34730
34819
36889
34731
34820
36890
34732
34821
36891
34733
34822
36892
34734
34823
36893
34735
34824
36894
34736
34825
36895
34737
34826
36896
34738
34827
36897
34739
34828
36898
34829
36899
34741
34830
36900
34742
34831
36901
34743
34832
36902
34744
34833
36903
34745
34834
36904
34746
34835
36905
34747
34836
36906
34748
34837
36907
34749
34838
36908
34750
34839
36909
34751
34840
36910
34752
34841
36911
34753
34842
36912
34754
34843
36913
34755
34844
36914
34756
34845
36915
34757
34846
36916
34758
34847
36917
34759
34848
36918
34760
34849
36919
34761
34850
36920
34762
34851
36921
34763
34852
36922
34764
34853
36923
34765
34854
36924
34766
34855
36925
34767
34856
36926
34768
34857
36927
34769
34858
36928
34770
34859
36929
34771
34860
36930
34772
34861
36931
34773
34862
36932
34774
34863
36933
34775
34864
36934
34776
34865
36935
34777
34866
36936
34778
34867
36937
34779
34868
36938
34780
34869
36939
34781
34870
36940
34782
34871
36941
34783
34872
36942
34784
34873
36943
34785
34874
36944
34786
34875
36945
34787
34876
36946
34788
34877
36947
34789
34878
36948
34790
34879
36949
34791
34880
36950
34792
34881
36951
34793
34882
36952
34794
34883
36953
34795
34884
36954
34796
34885
36955
34797
34886
36956
34798
34887
36957
34799
34888
36958
34800
34889
36959
34801
34890
36960
34802
34891
36961
34803
34892
36962
34804
34893
36963
34805
34894
36964
34806
34895
36965
34807
34896
36966
34808
34897
36967
34809
34898
36968
34810
34899
36969
34811
34900
36970
34812
34901
36971
34813
34902
36972
34814
34903
36973
34815
34904
36974
34816
34905
36975
34817
34906
36976
34818
34907
36977
34819
34908
36978
34820
34909
36979
34821
34910
36980
34822
34911
36981
34823
34912
36982
34824
34913
36983
34825
34914
36984
34826
34915
36985
34827
34916
36986
34828
34917
36987
34829
34918
36988
34919
36989
34831
34920
36990
34832
34921
36991
34833
34922
36992
34834
34923
36993
34835
34924
36994
34836
34925
36995
34837
34926
36996
34838
34927
36997
34839
34928
36998
34840
34929
36999
34841
34930
37000
34842
34931
37001
34843
34932
37002
34844
34933
37003
34845
34934
37004
34846
34935
37005
34847
34936
37006
34848
34937
37007
34849
34938
37008
34850
34939
37009
34851
34940
37010
34852
34941
37011
34853
34942
37012
34854
34943
37013
34855
34944
37014
34856
34945
37015
34857
34946
37016
34858
34947
37017
34859
34948
37018
34860
34949
37019
34861
34950
37020
34862
34951
37021
34863
34952
37022
34864
34953
37023
34865
34954
37024
34866
34955
37025
34867
34956
37026
34868
34957
37027
34869
34958
37028
34870
34959
37029
34871
34960
37030
34872
34961
37031
34873
34962
37032
34874
34963
37033
34875
34964
37034
34876
34965
37035
34877
34966
37036
34878
34967
37037
34879
34968
37038
34880
34969
37039
34881
34970
37040
34882
34971
37041
34883
34972
37042
34884
34973
37043
34885
34974
37044
34886
34975
37045
34887
34976
37046
34888
34977
37047
34889
34978
37048
34890
34979
37049
34891
34980
37050
34892
34981
37051
34893
34982
37052
34894
34983
37053
34895
34984
37054
34896
34985
37055
34897
34986
37056
34898
34987
37057
34899
34988
37058
34900
34989
37059
34901
34990
37060
34902
34991
37061
34903
34992
37062
34904
34993
37063
34905
34994
37064
34906
34995
37065
34907
34996
37066
34908
34997
37067
34909
34998
37068
34910
34999
37069
34911
35000
37070
34912
35001
37071
34913
35002
37072
34914
35003
37073
34915
35004
37074
34916
35005
37075
34917
35006
37076
34918
35007
37077
34919
35008
37078
35009
37079
34921
35010
37080
34922
35011
37081
34923
35012
37082
34924
35013
37083
34925
35014
37084
34926
35015
37085
34927
35016
37086
34928
35017
37087
34929
35018
37088
34930
35019
37089
34931
35020
37090
34932
35021
37091
34933
35022
37092
34934
35023
37093
34935
35024
37094
34936
35025
37095
34937
35026
37096
34938
35027
37097
34939
35028
37098
34940
35029
37099
34941
35030
37100
34942
35031
37101
34943
35032
37102
34944
35033
37103
34945
35034
37104
34946
35035
37105
34947
35036
37106
34948
35037
37107
34949
35038
37108
34950
35039
37109
34951
35040
37110
34952
35041
37111
34953
35042
37112
34954
35043
37113
34955
35044
37114
34956
35045
37115
34957
35046
37116
34958
35047
37117
34959
35048
37118
34960
35049
37119
34961
35050
37120
34962
35051
37121
34963
35052
37122
34964
35053
37123
34965
35054
37124
34966
35055
37125
34967
35056
37126
34968
35057
37127
34969
35058
37128
34970
35059
37129
34971
35060
37130
34972
35061
37131
34973
35062
37132
34974
35063
37133
34975
35064
37134
34976
35065
37135
34977
35066
37136
34978
35067
37137
34979
35068
37138
34980
35069
37139
34981
35070
37140
34982
35071
37141
34983
35072
37142
34984
35073
37143
34985
35074
37144
34986
35075
37145
34987
35076
37146
34988
35077
37147
34989
35078
37148
34990
35079
37149
34991
35080
37150
34992
35081
37151
34993
35082
37152
34994
35083
37153
34995
35084
37154
34996
35085
37155
34997
35086
37156
34998
35087
37157
34999
35088
37158
35000
35089
37159
35001
35090
37160
35002
35091
37161
35003
35092
37162
35004
35093
37163
35005
35094
37164
35006
35095
37165
35007
35096
37166
35008
35097
37167
35009
35098
37168
35099
37169
35011
35100
37170
35012
35101
37171
35013
35102
37172
35014
35103
37173
35015
35104
37174
35016
35105
37175
35017
35106
37176
35018
35107
37177
35019
35108
37178
35020
35109
37179
35021
35110
37180
35022
35111
37181
35023
35112
37182
35024
35113
37183
35025
35114
37184
35026
35115
37185
35027
35116
37186
35028
35117
37187
35029
35118
37188
35030
35119
37189
35031
35120
37190
35032
35121
37191
35033
35122
37192
35034
35123
37193
35035
35124
37194
35036
35125
37195
35037
35126
37196
35038
35127
37197
35039
35128
37198
35040
35129
37199
35041
35130
37200
35042
35131
37201
35043
35132
37202
35044
35133
37203
35045
35134
37204
35046
35135
37205
35047
35136
37206
35048
35137
37207
35049
35138
37208
35050
35139
37209
35051
35140
37210
35052
35141
37211
35053
35142
37212
35054
35143
37213
35055
35144
37214
35056
35145
37215
35057
35146
37216
35058
35147
37217
35059
35148
37218
35060
35149
37219
35061
35150
37220
35062
35151
37221
35063
35152
37222
35064
35153
37223
35065
35154
37224
35066
35155
37225
35067
35156
37226
35068
35157
37227
35069
35158
37228
35070
35159
37229
35071
35160
37230
35072
35161
37231
35073
35162
37232
35074
35163
37233
35075
35164
37234
35076
35165
37235
35077
35166
37236
35078
35167
37237
35079
35168
37238
35080
35169
37239
35081
35170
37240
35082
35171
37241
35083
35172
37242
35084
35173
37243
35085
35174
37244
35086
35175
37245
35087
35176
37246
35088
35177
37247
35089
35178
37248
35090
35179
37249
35091
35180
37250
35092
35181
37251
35093
35182
37252
35094
35183
37253
35095
35184
37254
35096
35185
37255
35097
35186
37256
35098
35187
37257
35099
35188
37258
35189
37259
35101
35190
37260
35102
35191
37261
35103
35192
37262
35104
35193
37263
35105
35194
37264
35106
35195
37265
35107
35196
37266
35108
35197
37267
35109
35198
37268
35110
35199
37269
35111
35200
37270
35112
35201
37271
35113
35202
37272
35114
35203
37273
35115
35204
37274
35116
35205
37275
35117
35206
37276
35118
35207
37277
35119
35208
37278
35120
35209
37279
35121
35210
37280
35122
35211
37281
35123
35212
37282
35124
35213
37283
35125
35214
37284
35126
35215
37285
35127
35216
37286
35128
35217
37287
35129
35218
37288
35130
35219
37289
35131
35220
37290
35132
35221
37291
35133
35222
37292
35134
35223
37293
35135
35224
37294
35136
35225
37295
35137
35226
37296
35138
35227
37297
35139
35228
37298
35140
35229
37299
35141
35230
37300
35142
35231
37301
35143
35232
37302
35144
35233
37303
35145
35234
37304
35146
35235
37305
35147
35236
37306
35148
35237
37307
35149
35238
37308
35150
35239
37309
35151
35240
37310
35152
35241
37311
35153
35242
37312
35154
35243
37313
35155
35244
37314
35156
35245
37315
35157
35246
37316
35158
35247
37317
35159
35248
37318
35160
35249
37319
35161
35250
37320
35162
35251
37321
35163
35252
37322
35164
35253
37323
35165
35254
37324
35166
35255
37325
35167
35256
37326
35168
35257
37327
35169
35258
37328
35170
35259
37329
35171
35260
37330
35172
35261
37331
35173
35262
37332
35174
35263
37333
35175
35264
37334
35176
35265
37335
35177
35266
37336
35178
35267
37337
35179
35268
37338
35180
35269
37339
35181
35270
37340
35182
35271
37341
35183
35272
37342
35184
35273
37343
35185
35274
37344
35186
35275
37345
35187
35276
37346
35188
35277
37347
35189
35278
37348
35279
37349
35191
35280
37350
35192
35281
37351
35193
35282
37352
35194
35283
37353
35195
35284
37354
35196
35285
37355
35197
35286
37356
35198
35287
37357
35199
35288
37358
35200
35289
37359
35201
35290
37360
35202
35291
37361
35203
35292
37362
35204
35293
37363
35205
35294
37364
35206
35295
37365
35207
35296
37366
35208
35297
37367
35209
35298
37368
35210
35299
37369
35211
35300
37370
35212
35301
37371
35213
35302
37372
35214
35303
37373
35215
35304
37374
35216
35305
37375
35217
35306
37376
35218
35307
37377
35219
35308
37378
35220
35309
37379
35221
35310
37380
35222
35311
37381
35223
35312
37382
35224
35313
37383
35225
35314
37384
35226
35315
37385
35227
35316
37386
35228
35317
37387
35229
35318
37388
35230
35319
37389
35231
35320
37390
35232
35321
37391
35233
35322
37392
35234
35323
37393
35235
35324
37394
35236
35325
37395
35237
35326
37396
35238
35327
37397
35239
35328
37398
35240
35329
37399
35241
35330
37400
35242
35331
37401
35243
35332
37402
35244
35333
37403
35245
35334
37404
35246
35335
37405
35247
35336
37406
35248
35337
37407
35249
35338
37408
35250
35339
37409
35251
35340
37410
35252
35341
37411
35253
35342
37412
35254
35343
37413
35255
35344
37414
35256
35345
37415
35257
35346
37416
35258
35347
37417
35259
35348
37418
35260
35349
37419
35261
35350
37420
35262
35351
37421
35263
35352
37422
35264
35353
37423
35265
35354
37424
35266
35355
37425
35267
35356
37426
35268
35357
37427
35269
35358
37428
35270
35359
37429
35271
35360
37430
35272
35361
37431
35273
35362
37432
35274
35363
37433
35275
35364
37434
35276
35365
37435
35277
35366
37436
35278
35367
37437
35279
35368
37438
35369
37439
35281
35370
37440
35282
35371
37441
35283
35372
37442
35284
35373
37443
35285
35374
37444
35286
35375
37445
35287
35376
37446
35288
35377
37447
35289
35378
37448
35290
35379
37449
35291
35380
37450
35292
35381
37451
35293
35382
37452
35294
35383
37453
35295
35384
37454
35296
35385
37455
35297
35386
37456
35298
35387
37457
35299
35388
37458
35300
35389
37459
35301
35390
37460
35302
35391
37461
35303
35392
37462
35304
35393
37463
35305
35394
37464
35306
35395
37465
35307
35396
37466
35308
35397
37467
35309
35398
37468
35310
35399
37469
35311
35400
37470
35312
35401
37471
35313
35402
37472
35314
35403
37473
35315
35404
37474
35316
35405
37475
35317
35406
37476
35318
35407
37477
35319
35408
37478
35320
35409
37479
35321
35410
37480
35322
35411
37481
35323
35412
37482
35324
35413
37483
35325
35414
37484
35326
35415
37485
35327
35416
37486
35328
35417
37487
35329
35418
37488
35330
35419
37489
35331
35420
37490
35332
35421
37491
35333
35422
37492
35334
35423
37493
35335
35424
37494
35336
35425
37495
35337
35426
37496
35338
35427
37497
35339
35428
37498
35340
35429
37499
35341
35430
37500
35342
35431
37501
35343
35432
37502
35344
35433
37503
35345
35434
37504
35346
35435
37505
35347
35436
37506
35348
35437
37507
35349
35438
37508
35350
35439
37509
35351
35440
37510
35352
35441
37511
35353
35442
37512
35354
35443
37513
35355
35444
37514
35356
35445
37515
35357
35446
37516
35358
35447
37517
35359
35448
37518
35360
35449
37519
35361
35450
37520
35362
35451
37521
35363
35452
37522
35364
35453
37523
35365
35454
37524
35366
35455
37525
35367
35456
37526
35368
35457
37527
35369
35458
37528
35459
37529
35371
35460
37530
35372
35461
37531
35373
35462
37532
35374
35463
37533
35375
35464
37534
35376
35465
37535
35377
35466
37536
35378
35467
37537
35379
35468
37538
35380
35469
37539
35381
35470
37540
35382
35471
37541
35383
35472
37542
35384
35473
37543
35385
35474
37544
35386
35475
37545
35387
35476
37546
35388
35477
37547
35389
35478
37548
35390
35479
37549
35391
35480
37550
35392
35481
37551
35393
35482
37552
35394
35483
37553
35395
35484
37554
35396
35485
37555
35397
35486
37556
35398
35487
37557
35399
35488
37558
35400
35489
37559
35401
35490
37560
35402
35491
37561
35403
35492
37562
35404
35493
37563
35405
35494
37564
35406
35495
37565
35407
35496
37566
35408
35497
37567
35409
35498
37568
35410
35499
37569
35411
35500
37570
35412
35501
37571
35413
35502
37572
35414
35503
37573
35415
35504
37574
35416
35505
37575
35417
35506
37576
35418
35507
37577
35419
35508
37578
35420
35509
37579
35421
35510
37580
35422
35511
37581
35423
35512
37582
35424
35513
37583
35425
35514
37584
35426
35515
37585
35427
35516
37586
35428
35517
37587
35429
35518
37588
35430
35519
37589
35431
35520
37590
35432
35521
37591
35433
35522
37592
35434
35523
37593
35435
35524
37594
35436
35525
37595
35437
35526
37596
35438
35527
37597
35439
35528
37598
35440
35529
37599
35441
35530
37600
35442
35531
37601
35443
35532
37602
35444
35533
37603
35445
35534
37604
35446
35535
37605
35447
35536
37606
35448
35537
37607
35449
35538
37608
35450
35539
37609
35451
35540
37610
35452
35541
37611
35453
35542
37612
35454
35543
37613
35455
35544
37614
35456
35545
37615
35457
35546
37616
35458
35547
37617
35459
35548
37618
35549
37619
35461
35550
37620
35462
35551
37621
35463
35552
37622
35464
35553
37623
35465
35554
37624
35466
35555
37625
35467
35556
37626
35468
35557
37627
35469
35558
37628
35470
35559
37629
35471
35560
37630
35472
35561
37631
35473
35562
37632
35474
35563
37633
35475
35564
37634
35476
35565
37635
35477
35566
37636
35478
35567
37637
35479
35568
37638
35480
35569
37639
35481
35570
37640
35482
35571
37641
35483
35572
37642
35484
35573
37643
35485
35574
37644
35486
35575
37645
35487
35576
37646
35488
35577
37647
35489
35578
37648
35490
35579
37649
35491
35580
37650
35492
35581
37651
35493
35582
37652
35494
35583
37653
35495
35584
37654
35496
35585
37655
35497
35586
37656
35498
35587
37657
35499
35588
37658
35500
35589
37659
35501
35590
37660
35502
35591
37661
35503
35592
37662
35504
35593
37663
35505
35594
37664
35506
35595
37665
35507
35596
37666
35508
35597
37667
35509
35598
37668
35510
35599
37669
35511
35600
37670
35512
35601
37671
35513
35602
37672
35514
35603
37673
35515
35604
37674
35516
35605
37675
35517
35606
37676
35518
35607
37677
35519
35608
37678
35520
35609
37679
35521
35610
37680
35522
35611
37681
35523
35612
37682
35524
35613
37683
35525
35614
37684
35526
35615
37685
35527
35616
37686
35528
35617
37687
35529
35618
37688
35530
35619
37689
35531
35620
37690
35532
35621
37691
35533
35622
37692
35534
35623
37693
35535
35624
37694
35536
35625
37695
35537
35626
37696
35538
35627
37697
35539
35628
37698
35540
35629
37699
35541
35630
37700
35542
35631
37701
35543
35632
37702
35544
35633
37703
35545
35634
37704
35546
35635
37705
35547
35636
37706
35548
35637
37707
35549
35638
37708
35639
37709
35551
35640
37710
35552
35641
37711
35553
35642
37712
35554
35643
37713
35555
35644
37714
35556
35645
37715
35557
35646
37716
35558
35647
37717
35559
35648
37718
35560
35649
37719
35561
35650
37720
35562
35651
37721
35563
35652
37722
35564
35653
37723
35565
35654
37724
35566
35655
37725
35567
35656
37726
35568
35657
37727
35569
35658
37728
35570
35659
37729
35571
35660
37730
35572
35661
37731
35573
35662
37732
35574
35663
37733
35575
35664
37734
35576
35665
37735
35577
35666
37736
35578
35667
37737
35579
35668
37738
35580
35669
37739
35581
35670
37740
35582
35671
37741
35583
35672
37742
35584
35673
37743
35585
35674
37744
35586
35675
37745
35587
35676
37746
35588
35677
37747
35589
35678
37748
35590
35679
37749
35591
35680
37750
35592
35681
37751
35593
35682
37752
35594
35683
37753
35595
35684
37754
35596
35685
37755
35597
35686
37756
35598
35687
37757
35599
35688
37758
35600
35689
37759
35601
35690
37760
35602
35691
37761
35603
35692
37762
35604
35693
37763
35605
35694
37764
35606
35695
37765
35607
35696
37766
35608
35697
37767
35609
35698
37768
35610
35699
37769
35611
35700
37770
35612
35701
37771
35613
35702
37772
35614
35703
37773
35615
35704
37774
35616
35705
37775
35617
35706
37776
35618
35707
37777
35619
35708
37778
35620
35709
37779
35621
35710
37780
35622
35711
37781
35623
35712
37782
35624
35713
37783
35625
35714
37784
35626
35715
37785
35627
35716
37786
35628
35717
37787
35629
35718
37788
35630
35719
37789
35631
35720
37790
35632
35721
37791
35633
35722
37792
35634
35723
37793
35635
35724
37794
35636
35725
37795
35637
35726
37796
35638
35727
37797
35639
35728
37798
35729
37799
35641
35730
37800
35642
35731
37801
35643
35732
37802
35644
35733
37803
35645
35734
37804
35646
35735
37805
35647
35736
37806
35648
35737
37807
35649
35738
37808
35650
35739
37809
35651
35740
37810
35652
35741
37811
35653
35742
37812
35654
35743
37813
35655
35744
37814
35656
35745
37815
35657
35746
37816
35658
35747
37817
35659
35748
37818
35660
35749
37819
35661
35750
37820
35662
35751
37821
35663
35752
37822
35664
35753
37823
35665
35754
37824
35666
35755
37825
35667
35756
37826
35668
35757
37827
35669
35758
37828
35670
35759
37829
35671
35760
37830
35672
35761
37831
35673
35762
37832
35674
35763
37833
35675
35764
37834
35676
35765
37835
35677
35766
37836
35678
35767
37837
35679
35768
37838
35680
35769
37839
35681
35770
37840
35682
35771
37841
35683
35772
37842
35684
35773
37843
35685
35774
37844
35686
35775
37845
35687
35776
37846
35688
35777
37847
35689
35778
37848
35690
35779
37849
35691
35780
37850
35692
35781
37851
35693
35782
37852
35694
35783
37853
35695
35784
37854
35696
35785
37855
35697
35786
37856
35698
35787
37857
35699
35788
37858
35700
35789
37859
35701
35790
37860
35702
35791
37861
35703
35792
37862
35704
35793
37863
35705
35794
37864
35706
35795
37865
35707
35796
37866
35708
35797
37867
35709
35798
37868
35710
35799
37869
35711
35800
37870
35712
35801
37871
35713
35802
37872
35714
35803
37873
35715
35804
37874
35716
35805
37875
35717
35806
37876
35718
35807
37877
35719
35808
37878
35720
35809
37879
35721
35810
37880
35722
35811
37881
35723
35812
37882
35724
35813
37883
35725
35814
37884
35726
35815
37885
35727
35816
37886
35728
35817
37887
35729
35818
37888
35819
37889
35731
35820
37890
35732
35821
37891
35733
35822
37892
35734
35823
37893
35735
35824
37894
35736
35825
37895
35737
35826
37896
35738
35827
37897
35739
35828
37898
35740
35829
37899
35741
35830
37900
35742
35831
37901
35743
35832
37902
35744
35833
37903
35745
35834
37904
35746
35835
37905
35747
35836
37906
35748
35837
37907
35749
35838
37908
35750
35839
37909
35751
35840
37910
35752
35841
37911
35753
35842
37912
35754
35843
37913
35755
35844
37914
35756
35845
37915
35757
35846
37916
35758
35847
37917
35759
35848
37918
35760
35849
37919
35761
35850
37920
35762
35851
37921
35763
35852
37922
35764
35853
37923
35765
35854
37924
35766
35855
37925
35767
35856
37926
35768
35857
37927
35769
35858
37928
35770
35859
37929
35771
35860
37930
35772
35861
37931
35773
35862
37932
35774
35863
37933
35775
35864
37934
35776
35865
37935
35777
35866
37936
35778
35867
37937
35779
35868
37938
35780
35869
37939
35781
35870
37940
35782
35871
37941
35783
35872
37942
35784
35873
37943
35785
35874
37944
35786
35875
37945
35787
35876
37946
35788
35877
37947
35789
35878
37948
35790
35879
37949
35791
35880
37950
35792
35881
37951
35793
35882
37952
35794
35883
37953
35795
35884
37954
35796
35885
37955
35797
35886
37956
35798
35887
37957
35799
35888
37958
35800
35889
37959
35801
35890
37960
35802
35891
37961
35803
35892
37962
35804
35893
37963
35805
35894
37964
35806
35895
37965
35807
35896
37966
35808
35897
37967
35809
35898
37968
35810
35899
37969
35811
35900
37970
35812
35901
37971
35813
35902
37972
35814
35903
37973
35815
35904
37974
35816
35905
37975
35817
35906
37976
35818
35907
37977
35819
35908
37978
35909
37979
35821
35910
37980
35822
35911
37981
35823
35912
37982
35824
35913
37983
35825
35914
37984
35826
35915
37985
35827
35916
37986
35828
35917
37987
35829
35918
37988
35830
35919
37989
35831
35920
37990
35832
35921
37991
35833
35922
37992
35834
35923
37993
35835
35924
37994
35836
35925
37995
35837
35926
37996
35838
35927
37997
35839
35928
37998
35840
35929
37999
35841
35930
38000
35842
35931
38001
35843
35932
38002
35844
35933
38003
35845
35934
38004
35846
35935
38005
35847
35936
38006
35848
35937
38007
35849
35938
38008
35850
35939
38009
35851
35940
38010
35852
35941
38011
35853
35942
38012
35854
35943
38013
35855
35944
38014
35856
35945
38015
35857
35946
38016
35858
35947
38017
35859
35948
38018
35860
35949
38019
35861
35950
38020
35862
35951
38021
35863
35952
38022
35864
35953
38023
35865
35954
38024
35866
35955
38025
35867
35956
38026
35868
35957
38027
35869
35958
38028
35870
35959
38029
35871
35960
38030
35872
35961
38031
35873
35962
38032
35874
35963
38033
35875
35964
38034
35876
35965
38035
35877
35966
38036
35878
35967
38037
35879
35968
38038
35880
35969
38039
35881
35970
38040
35882
35971
38041
35883
35972
38042
35884
35973
38043
35885
35974
38044
35886
35975
38045
35887
35976
38046
35888
35977
38047
35889
35978
38048
35890
35979
38049
35891
35980
38050
35892
35981
38051
35893
35982
38052
35894
35983
38053
35895
35984
38054
35896
35985
38055
35897
35986
38056
35898
35987
38057
35899
35988
38058
35900
35989
38059
35901
35990
38060
35902
35991
38061
35903
35992
38062
35904
35993
38063
35905
35994
38064
35906
35995
38065
35907
35996
38066
35908
35997
38067
35909
35998
38068
35999
38069
35911
36000
38070
35912
36001
38071
35913
36002
38072
35914
36003
38073
35915
36004
38074
35916
36005
38075
35917
36006
38076
35918
36007
38077
35919
36008
38078
35920
36009
38079
35921
36010
38080
35922
36011
38081
35923
36012
38082
35924
36013
38083
35925
36014
38084
35926
36015
38085
35927
36016
38086
35928
36017
38087
35929
36018
38088
35930
36019
38089
35931
36020
38090
35932
36021
38091
35933
36022
38092
35934
36023
38093
35935
36024
38094
35936
36025
38095
35937
36026
38096
35938
36027
38097
35939
36028
38098
35940
36029
38099
35941
36030
38100
35942
36031
38101
35943
36032
38102
35944
36033
38103
35945
36034
38104
35946
36035
38105
35947
36036
38106
35948
36037
38107
35949
36038
38108
35950
36039
38109
35951
36040
38110
35952
36041
38111
35953
36042
38112
35954
36043
38113
35955
36044
38114
35956
36045
38115
35957
36046
38116
35958
36047
38117
35959
36048
38118
35960
36049
38119
35961
36050
38120
35962
36051
38121
35963
36052
38122
35964
36053
38123
35965
36054
38124
35966
36055
38125
35967
36056
38126
35968
36057
38127
35969
36058
38128
35970
36059
38129
35971
36060
38130
35972
36061
38131
35973
36062
38132
35974
36063
38133
35975
36064
38134
35976
36065
38135
35977
36066
38136
35978
36067
38137
35979
36068
38138
35980
36069
38139
35981
36070
38140
35982
36071
38141
35983
36072
38142
35984
36073
38143
35985
36074
38144
35986
36075
38145
35987
36076
38146
35988
36077
38147
35989
36078
38148
35990
36079
38149
35991
36080
38150
35992
36081
38151
35993
36082
38152
35994
36083
38153
35995
36084
38154
35996
36085
38155
35997
36086
38156
35998
36087
38157
35999
36088
38158
36089
38159
36001
36090
38160
36002
36091
38161
36003
36092
38162
36004
36093
38163
36005
36094
38164
36006
36095
38165
36007
36096
38166
36008
36097
38167
36009
36098
38168
36010
36099
38169
36011
36100
38170
36012
36101
38171
36013
36102
38172
36014
36103
38173
36015
36104
38174
36016
36105
38175
36017
36106
38176
36018
36107
38177
36019
36108
38178
36020
36109
38179
36021
36110
38180
36022
36111
38181
36023
36112
38182
36024
36113
38183
36025
36114
38184
36026
36115
38185
36027
36116
38186
36028
36117
38187
36029
36118
38188
36030
36119
38189
36031
36120
38190
36032
36121
38191
36033
36122
38192
36034
36123
38193
36035
36124
38194
36036
36125
38195
36037
36126
38196
36038
36127
38197
36039
36128
38198
36040
36129
38199
36041
36130
38200
36042
36131
38201
36043
36132
38202
36044
36133
38203
36045
36134
38204
36046
36135
38205
36047
36136
38206
36048
36137
38207
36049
36138
38208
36050
36139
38209
36051
36140
38210
36052
36141
38211
36053
36142
38212
36054
36143
38213
36055
36144
38214
36056
36145
38215
36057
36146
38216
36058
36147
38217
36059
36148
38218
36060
36149
38219
36061
36150
38220
36062
36151
38221
36063
36152
38222
36064
36153
38223
36065
36154
38224
36066
36155
38225
36067
36156
38226
36068
36157
38227
36069
36158
38228
36070
36159
38229
36071
36160
38230
36072
36161
38231
36073
36162
38232
36074
36163
38233
36075
36164
38234
36076
36165
38235
36077
36166
38236
36078
36167
38237
36079
36168
38238
36080
36169
38239
36081
36170
38240
36082
36171
38241
36083
36172
38242
36084
36173
38243
36085
36174
38244
36086
36175
38245
36087
36176
38246
36088
36177
38247
36089
36178
38248
36179
38249
36091
36180
38250
36092
36181
38251
36093
36182
38252
36094
36183
38253
36095
36184
38254
36096
36185
38255
36097
36186
38256
36098
36187
38257
36099
36188
38258
36100
36189
38259
36101
36190
38260
36102
36191
38261
36103
36192
38262
36104
36193
38263
36105
36194
38264
36106
36195
38265
36107
36196
38266
36108
36197
38267
36109
36198
38268
36110
36199
38269
36111
36200
38270
36112
36201
38271
36113
36202
38272
36114
36203
38273
36115
36204
38274
36116
36205
38275
36117
36206
38276
36118
36207
38277
36119
36208
38278
36120
36209
38279
36121
36210
38280
36122
36211
38281
36123
36212
38282
36124
36213
38283
36125
36214
38284
36126
36215
38285
36127
36216
38286
36128
36217
38287
36129
36218
38288
36130
36219
38289
36131
36220
38290
36132
36221
38291
36133
36222
38292
36134
36223
38293
36135
36224
38294
36136
36225
38295
36137
36226
38296
36138
36227
38297
36139
36228
38298
36140
36229
38299
36141
36230
38300
36142
36231
38301
36143
36232
38302
36144
36233
38303
36145
36234
38304
36146
36235
38305
36147
36236
38306
36148
36237
38307
36149
36238
38308
36150
36239
38309
36151
36240
38310
36152
36241
38311
36153
36242
38312
36154
36243
38313
36155
36244
38314
36156
36245
38315
36157
36246
38316
36158
36247
38317
36159
36248
38318
36160
36249
38319
36161
36250
38320
36162
36251
38321
36163
36252
38322
36164
36253
38323
36165
36254
38324
36166
36255
38325
36167
36256
38326
36168
36257
38327
36169
36258
38328
36170
36259
38329
36171
36260
38330
36172
36261
38331
36173
36262
38332
36174
36263
38333
36175
36264
38334
36176
36265
38335
36177
36266
38336
36178
36267
38337
36179
36268
38338
36269
38339
36181
36270
38340
36182
36271
38341
36183
36272
38342
36184
36273
38343
36185
36274
38344
36186
36275
38345
36187
36276
38346
36188
36277
38347
36189
36278
38348
36190
36279
38349
36191
36280
38350
36192
36281
38351
36193
36282
38352
36194
36283
38353
36195
36284
38354
36196
36285
38355
36197
36286
38356
36198
36287
38357
36199
36288
38358
36200
36289
38359
36201
36290
38360
36202
36291
38361
36203
36292
38362
36204
36293
38363
36205
36294
38364
36206
36295
38365
36207
36296
38366
36208
36297
38367
36209
36298
38368
36210
36299
38369
36211
36300
38370
36212
36301
38371
36213
36302
38372
36214
36303
38373
36215
36304
38374
36216
36305
38375
36217
36306
38376
36218
36307
38377
36219
36308
38378
36220
36309
38379
36221
36310
38380
36222
36311
38381
36223
36312
38382
36224
36313
38383
36225
36314
38384
36226
36315
38385
36227
36316
38386
36228
36317
38387
36229
36318
38388
36230
36319
38389
36231
36320
38390
36232
36321
38391
36233
36322
38392
36234
36323
38393
36235
36324
38394
36236
36325
38395
36237
36326
38396
36238
36327
38397
36239
36328
38398
36240
36329
38399
36241
36330
38400
36242
36331
38401
36243
36332
38402
36244
36333
38403
36245
36334
38404
36246
36335
38405
36247
36336
38406
36248
36337
38407
36249
36338
38408
36250
36339
38409
36251
36340
38410
36252
36341
38411
36253
36342
38412
36254
36343
38413
36255
36344
38414
36256
36345
38415
36257
36346
38416
36258
36347
38417
36259
36348
38418
36260
36349
38419
36261
36350
38420
36262
36351
38421
36263
36352
38422
36264
36353
38423
36265
36354
38424
36266
36355
38425
36267
36356
38426
36268
36357
38427
36269
36358
38428
36359
38429
36271
36360
38430
36272
36361
38431
36273
36362
38432
36274
36363
38433
36275
36364
38434
36276
36365
38435
36277
36366
38436
36278
36367
38437
36279
36368
38438
36280
36369
38439
36281
36370
38440
36282
36371
38441
36283
36372
38442
36284
36373
38443
36285
36374
38444
36286
36375
38445
36287
36376
38446
36288
36377
38447
36289
36378
38448
36290
36379
38449
36291
36380
38450
36292
36381
38451
36293
36382
38452
36294
36383
38453
36295
36384
38454
36296
36385
38455
36297
36386
38456
36298
36387
38457
36299
36388
38458
36300
36389
38459
36301
36390
38460
36302
36391
38461
36303
36392
38462
36304
36393
38463
36305
36394
38464
36306
36395
38465
36307
36396
38466
36308
36397
38467
36309
36398
38468
36310
36399
38469
36311
36400
38470
36312
36401
38471
36313
36402
38472
36314
36403
38473
36315
36404
38474
36316
36405
38475
36317
36406
38476
36318
36407
38477
36319
36408
38478
36320
36409
38479
36321
36410
38480
36322
36411
38481
36323
36412
38482
36324
36413
38483
36325
36414
38484
36326
36415
38485
36327
36416
38486
36328
36417
38487
36329
36418
38488
36330
36419
38489
36331
36420
38490
36332
36421
38491
36333
36422
38492
36334
36423
38493
36335
36424
38494
36336
36425
38495
36337
36426
38496
36338
36427
38497
36339
36428
38498
36340
36429
38499
36341
36430
38500
36342
36431
38501
36343
36432
38502
36344
36433
38503
36345
36434
38504
36346
36435
38505
36347
36436
38506
36348
36437
38507
36349
36438
38508
36350
36439
38509
36351
36440
38510
36352
36441
38511
36353
36442
38512
36354
36443
38513
36355
36444
38514
36356
36445
38515
36357
36446
38516
36358
36447
38517
36359
36448
38518
36449
38519
36361
36450
38520
36362
36451
38521
36363
36452
38522
36364
36453
38523
36365
36454
38524
36366
36455
38525
36367
36456
38526
36368
36457
38527
36369
36458
38528
36370
36459
38529
36371
36460
38530
36372
36461
38531
36373
36462
38532
36374
36463
38533
36375
36464
38534
36376
36465
38535
36377
36466
38536
36378
36467
38537
36379
36468
38538
36380
36469
38539
36381
36470
38540
36382
36471
38541
36383
36472
38542
36384
36473
38543
36385
36474
38544
36386
36475
38545
36387
36476
38546
36388
36477
38547
36389
36478
38548
36390
36479
38549
36391
36480
38550
36392
36481
38551
36393
36482
38552
36394
36483
38553
36395
36484
38554
36396
36485
38555
36397
36486
38556
36398
36487
38557
36399
36488
38558
36400
36489
38559
36401
36490
38560
36402
36491
38561
36403
36492
38562
36404
36493
38563
36405
36494
38564
36406
36495
38565
36407
36496
38566
36408
36497
38567
36409
36498
38568
36410
36499
38569
36411
36500
38570
36412
36501
38571
36413
36502
38572
36414
36503
38573
36415
36504
38574
36416
36505
38575
36417
36506
38576
36418
36507
38577
36419
36508
38578
36420
36509
38579
36421
36510
38580
36422
36511
38581
36423
36512
38582
36424
36513
38583
36425
36514
38584
36426
36515
38585
36427
36516
38586
36428
36517
38587
36429
36518
38588
36430
36519
38589
36431
36520
38590
36432
36521
38591
36433
36522
38592
36434
36523
38593
36435
36524
38594
36436
36525
38595
36437
36526
38596
36438
36527
38597
36439
36528
38598
36440
36529
38599
36441
36530
38600
36442
36531
38601
36443
36532
38602
36444
36533
38603
36445
36534
38604
36446
36535
38605
36447
36536
38606
36448
36537
38607
36449
36538
38608
36539
38609
36451
36540
38610
36452
36541
38611
36453
36542
38612
36454
36543
38613
36455
36544
38614
36456
36545
38615
36457
36546
38616
36458
36547
38617
36459
36548
38618
36460
36549
38619
36461
36550
38620
36462
36551
38621
36463
36552
38622
36464
36553
38623
36465
36554
38624
36466
36555
38625
36467
36556
38626
36468
36557
38627
36469
36558
38628
36470
36559
38629
36471
36560
38630
36472
36561
38631
36473
36562
38632
36474
36563
38633
36475
36564
38634
36476
36565
38635
36477
36566
38636
36478
36567
38637
36479
36568
38638
36480
36569
38639
36481
36570
38640
36482
36571
38641
36483
36572
38642
36484
36573
38643
36485
36574
38644
36486
36575
38645
36487
36576
38646
36488
36577
38647
36489
36578
38648
36490
36579
38649
36491
36580
38650
36492
36581
38651
36493
36582
38652
36494
36583
38653
36495
36584
38654
36496
36585
38655
36497
36586
38656
36498
36587
38657
36499
36588
38658
36500
36589
38659
36501
36590
38660
36502
36591
38661
36503
36592
38662
36504
36593
38663
36505
36594
38664
36506
36595
38665
36507
36596
38666
36508
36597
38667
36509
36598
38668
36510
36599
38669
36511
36600
38670
36512
36601
38671
36513
36602
38672
36514
36603
38673
36515
36604
38674
36516
36605
38675
36517
36606
38676
36518
36607
38677
36519
36608
38678
36520
36609
38679
36521
36610
38680
36522
36611
38681
36523
36612
38682
36524
36613
38683
36525
36614
38684
36526
36615
38685
36527
36616
38686
36528
36617
38687
36529
36618
38688
36530
36619
38689
36531
36620
38690
36532
36621
38691
36533
36622
38692
36534
36623
38693
36535
36624
38694
36536
36625
38695
36537
36626
38696
36538
36627
38697
36539
36628
38698
36629
38699
36541
36630
38700
36542
36631
38701
36543
36632
38702
36544
36633
38703
36545
36634
38704
36546
36635
38705
36547
36636
38706
36548
36637
38707
36549
36638
38708
36550
36639
38709
36551
36640
38710
36552
36641
38711
36553
36642
38712
36554
36643
38713
36555
36644
38714
36556
36645
38715
36557
36646
38716
36558
36647
38717
36559
36648
38718
36560
36649
38719
36561
36650
38720
36562
36651
38721
36563
36652
38722
36564
36653
38723
36565
36654
38724
36566
36655
38725
36567
36656
38726
36568
36657
38727
36569
36658
38728
36570
36659
38729
36571
36660
38730
36572
36661
38731
36573
36662
38732
36574
36663
38733
36575
36664
38734
36576
36665
38735
36577
36666
38736
36578
36667
38737
36579
36668
38738
36580
36669
38739
36581
36670
38740
36582
36671
38741
36583
36672
38742
36584
36673
38743
36585
36674
38744
36586
36675
38745
36587
36676
38746
36588
36677
38747
36589
36678
38748
36590
36679
38749
36591
36680
38750
36592
36681
38751
36593
36682
38752
36594
36683
38753
36595
36684
38754
36596
36685
38755
36597
36686
38756
36598
36687
38757
36599
36688
38758
36600
36689
38759
36601
36690
38760
36602
36691
38761
36603
36692
38762
36604
36693
38763
36605
36694
38764
36606
36695
38765
36607
36696
38766
36608
36697
38767
36609
36698
38768
36610
36699
38769
36611
36700
38770
36612
36701
38771
36613
36702
38772
36614
36703
38773
36615
36704
38774
36616
36705
38775
36617
36706
38776
36618
36707
38777
36619
36708
38778
36620
36709
38779
36621
36710
38780
36622
36711
38781
36623
36712
38782
36624
36713
38783
36625
36714
38784
36626
36715
38785
36627
36716
38786
36628
36717
38787
36629
36718
38788
36719
38789
36631
38790
36632
38791
36633
38792
36634
38793
36635
38794
36636
38795
36637
38796
36638
38797
36639
38798
36640
38799
36641
38800
36642
38801
36643
38802
36644
38803
36645
38804
36646
38805
36647
38806
36648
38807
36649
38808
36650
38809
36651
38810
36652
38811
36653
38812
36654
38813
36655
38814
36656
38815
36657
38816
36658
38817
36659
38818
36660
38819
36661
38820
36662
38821
36663
38822
36664
38823
36665
38824
36666
38825
36667
38826
36668
38827
36669
38828
36670
38829
36671
38830
36672
38831
36673
38832
36674
38833
36675
38834
36676
38835
36677
38836
36678
38837
36679
38838
36680
38839
36681
38840
36682
38841
36683
38842
36684
38843
36685
38844
36686
38845
36687
38846
36688
38847
36689
38848
36690
38849
36691
38850
36692
38851
36693
38852
36694
38853
36695
38854
36696
38855
36697
38856
36698
38857
36699
38858
36700
38859
36701
38860
36702
38861
36703
38862
36704
38863
36705
38864
36706
38865
36707
38866
36708
38867
36709
38868
36710
38869
36711
38870
36712
38871
36713
38872
36714
38873
36715
38874
36716
38875
36717
38876
36718
38877
36719
38878
38879
36721
36810
38880
36722
36811
38881
36723
36812
38882
36724
36813
38883
36725
36814
38884
36726
36815
38885
36727
36816
38886
36728
36817
38887
36729
36818
38888
36730
36819
38889
36731
36820
38890
36732
36821
38891
36733
36822
38892
36734
36823
38893
36735
36824
38894
36736
36825
38895
36737
36826
38896
36738
36827
38897
36739
36828
38898
36740
36829
38899
36741
36830
38900
36742
36831
38901
36743
36832
38902
36744
36833
38903
36745
36834
38904
36746
36835
38905
36747
36836
38906
36748
36837
38907
36749
36838
38908
36750
36839
38909
36751
36840
38910
36752
36841
38911
36753
36842
38912
36754
36843
38913
36755
36844
38914
36756
36845
38915
36757
36846
38916
36758
36847
38917
36759
36848
38918
36760
36849
38919
36761
36850
38920
36762
36851
38921
36763
36852
38922
36764
36853
38923
36765
36854
38924
36766
36855
38925
36767
36856
38926
36768
36857
38927
36769
36858
38928
36770
36859
38929
36771
36860
38930
36772
36861
38931
36773
36862
38932
36774
36863
38933
36775
36864
38934
36776
36865
38935
36777
36866
38936
36778
36867
38937
36779
36868
38938
36780
36869
38939
36781
36870
38940
36782
36871
38941
36783
36872
38942
36784
36873
38943
36785
36874
38944
36786
36875
38945
36787
36876
38946
36788
36877
38947
36789
36878
38948
36790
36879
38949
36791
36880
38950
36792
36881
38951
36793
36882
38952
36794
36883
38953
36795
36884
38954
36796
36885
38955
36797
36886
38956
36798
36887
38957
36799
36888
38958
36800
36889
38959
36801
36890
38960
36802
36891
38961
36803
36892
38962
36804
36893
38963
36805
36894
38964
36806
36895
38965
36807
36896
38966
36808
36897
38967
36809
36898
38968
36899
38969
36811
36900
38970
36812
36901
38971
36813
36902
38972
36814
36903
38973
36815
36904
38974
36816
36905
38975
36817
36906
38976
36818
36907
38977
36819
36908
38978
36820
36909
38979
36821
36910
38980
36822
36911
38981
36823
36912
38982
36824
36913
38983
36825
36914
38984
36826
36915
38985
36827
36916
38986
36828
36917
38987
36829
36918
38988
36830
36919
38989
36831
36920
38990
36832
36921
38991
36833
36922
38992
36834
36923
38993
36835
36924
38994
36836
36925
38995
36837
36926
38996
36838
36927
38997
36839
36928
38998
36840
36929
38999
36841
36930
39000
36842
36931
39001
36843
36932
39002
36844
36933
39003
36845
36934
39004
36846
36935
39005
36847
36936
39006
36848
36937
39007
36849
36938
39008
36850
36939
39009
36851
36940
39010
36852
36941
39011
36853
36942
39012
36854
36943
39013
36855
36944
39014
36856
36945
39015
36857
36946
39016
36858
36947
39017
36859
36948
39018
36860
36949
39019
36861
36950
39020
36862
36951
39021
36863
36952
39022
36864
36953
39023
36865
36954
39024
36866
36955
39025
36867
36956
39026
36868
36957
39027
36869
36958
39028
36870
36959
39029
36871
36960
39030
36872
36961
39031
36873
36962
39032
36874
36963
39033
36875
36964
39034
36876
36965
39035
36877
36966
39036
36878
36967
39037
36879
36968
39038
36880
36969
39039
36881
36970
39040
36882
36971
39041
36883
36972
39042
36884
36973
39043
36885
36974
39044
36886
36975
39045
36887
36976
39046
36888
36977
39047
36889
36978
39048
36890
36979
39049
36891
36980
39050
36892
36981
39051
36893
36982
39052
36894
36983
39053
36895
36984
39054
36896
36985
39055
36897
36986
39056
36898
36987
39057
36899
36988
39058
36989
39059
36901
36990
39060
36902
36991
39061
36903
36992
39062
36904
36993
39063
36905
36994
39064
36906
36995
39065
36907
36996
39066
36908
36997
39067
36909
36998
39068
36910
36999
39069
36911
37000
39070
36912
37001
39071
36913
37002
39072
36914
37003
39073
36915
37004
39074
36916
37005
39075
36917
37006
39076
36918
37007
39077
36919
37008
39078
36920
37009
39079
36921
37010
39080
36922
37011
39081
36923
37012
39082
36924
37013
39083
36925
37014
39084
36926
37015
39085
36927
37016
39086
36928
37017
39087
36929
37018
39088
36930
37019
39089
36931
37020
39090
36932
37021
39091
36933
37022
39092
36934
37023
39093
36935
37024
39094
36936
37025
39095
36937
37026
39096
36938
37027
39097
36939
37028
39098
36940
37029
39099
36941
37030
39100
36942
37031
39101
36943
37032
39102
36944
37033
39103
36945
37034
39104
36946
37035
39105
36947
37036
39106
36948
37037
39107
36949
37038
39108
36950
37039
39109
36951
37040
39110
36952
37041
39111
36953
37042
39112
36954
37043
39113
36955
37044
39114
36956
37045
39115
36957
37046
39116
36958
37047
39117
36959
37048
39118
36960
37049
39119
36961
37050
39120
36962
37051
39121
36963
37052
39122
36964
37053
39123
36965
37054
39124
36966
37055
39125
36967
37056
39126
36968
37057
39127
36969
37058
39128
36970
37059
39129
36971
37060
39130
36972
37061
39131
36973
37062
39132
36974
37063
39133
36975
37064
39134
36976
37065
39135
36977
37066
39136
36978
37067
39137
36979
37068
39138
36980
37069
39139
36981
37070
39140
36982
37071
39141
36983
37072
39142
36984
37073
39143
36985
37074
39144
36986
37075
39145
36987
37076
39146
36988
37077
39147
36989
37078
39148
37079
39149
36991
37080
39150
36992
37081
39151
36993
37082
39152
36994
37083
39153
36995
37084
39154
36996
37085
39155
36997
37086
39156
36998
37087
39157
36999
37088
39158
37000
37089
39159
37001
37090
39160
37002
37091
39161
37003
37092
39162
37004
37093
39163
37005
37094
39164
37006
37095
39165
37007
37096
39166
37008
37097
39167
37009
37098
39168
37010
37099
39169
37011
37100
39170
37012
37101
39171
37013
37102
39172
37014
37103
39173
37015
37104
39174
37016
37105
39175
37017
37106
39176
37018
37107
39177
37019
37108
39178
37020
37109
39179
37021
37110
39180
37022
37111
39181
37023
37112
39182
37024
37113
39183
37025
37114
39184
37026
37115
39185
37027
37116
39186
37028
37117
39187
37029
37118
39188
37030
37119
39189
37031
37120
39190
37032
37121
39191
37033
37122
39192
37034
37123
39193
37035
37124
39194
37036
37125
39195
37037
37126
39196
37038
37127
39197
37039
37128
39198
37040
37129
39199
37041
37130
39200
37042
37131
39201
37043
37132
39202
37044
37133
39203
37045
37134
39204
37046
37135
39205
37047
37136
39206
37048
37137
39207
37049
37138
39208
37050
37139
39209
37051
37140
39210
37052
37141
39211
37053
37142
39212
37054
37143
39213
37055
37144
39214
37056
37145
39215
37057
37146
39216
37058
37147
39217
37059
37148
39218
37060
37149
39219
37061
37150
39220
37062
37151
39221
37063
37152
39222
37064
37153
39223
37065
37154
39224
37066
37155
39225
37067
37156
39226
37068
37157
39227
37069
37158
39228
37070
37159
39229
37071
37160
39230
37072
37161
39231
37073
37162
39232
37074
37163
39233
37075
37164
39234
37076
37165
39235
37077
37166
39236
37078
37167
39237
37079
37168
39238
37169
39239
37081
37170
39240
37082
37171
39241
37083
37172
39242
37084
37173
39243
37085
37174
39244
37086
37175
39245
37087
37176
39246
37088
37177
39247
37089
37178
39248
37090
37179
39249
37091
37180
39250
37092
37181
39251
37093
37182
39252
37094
37183
39253
37095
37184
39254
37096
37185
39255
37097
37186
39256
37098
37187
39257
37099
37188
39258
37100
37189
39259
37101
37190
39260
37102
37191
39261
37103
37192
39262
37104
37193
39263
37105
37194
39264
37106
37195
39265
37107
37196
39266
37108
37197
39267
37109
37198
39268
37110
37199
39269
37111
37200
39270
37112
37201
39271
37113
37202
39272
37114
37203
39273
37115
37204
39274
37116
37205
39275
37117
37206
39276
37118
37207
39277
37119
37208
39278
37120
37209
39279
37121
37210
39280
37122
37211
39281
37123
37212
39282
37124
37213
39283
37125
37214
39284
37126
37215
39285
37127
37216
39286
37128
37217
39287
37129
37218
39288
37130
37219
39289
37131
37220
39290
37132
37221
39291
37133
37222
39292
37134
37223
39293
37135
37224
39294
37136
37225
39295
37137
37226
39296
37138
37227
39297
37139
37228
39298
37140
37229
39299
37141
37230
39300
37142
37231
39301
37143
37232
39302
37144
37233
39303
37145
37234
39304
37146
37235
39305
37147
37236
39306
37148
37237
39307
37149
37238
39308
37150
37239
39309
37151
37240
39310
37152
37241
39311
37153
37242
39312
37154
37243
39313
37155
37244
39314
37156
37245
39315
37157
37246
39316
37158
37247
39317
37159
37248
39318
37160
37249
39319
37161
37250
39320
37162
37251
39321
37163
37252
39322
37164
37253
39323
37165
37254
39324
37166
37255
39325
37167
37256
39326
37168
37257
39327
37169
37258
39328
37259
39329
37171
37260
39330
37172
37261
39331
37173
37262
39332
37174
37263
39333
37175
37264
39334
37176
37265
39335
37177
37266
39336
37178
37267
39337
37179
37268
39338
37180
37269
39339
37181
37270
39340
37182
37271
39341
37183
37272
39342
37184
37273
39343
37185
37274
39344
37186
37275
39345
37187
37276
39346
37188
37277
39347
37189
37278
39348
37190
37279
39349
37191
37280
39350
37192
37281
39351
37193
37282
39352
37194
37283
39353
37195
37284
39354
37196
37285
39355
37197
37286
39356
37198
37287
39357
37199
37288
39358
37200
37289
39359
37201
37290
39360
37202
37291
39361
37203
37292
39362
37204
37293
39363
37205
37294
39364
37206
37295
39365
37207
37296
39366
37208
37297
39367
37209
37298
39368
37210
37299
39369
37211
37300
39370
37212
37301
39371
37213
37302
39372
37214
37303
39373
37215
37304
39374
37216
37305
39375
37217
37306
39376
37218
37307
39377
37219
37308
39378
37220
37309
39379
37221
37310
39380
37222
37311
39381
37223
37312
39382
37224
37313
39383
37225
37314
39384
37226
37315
39385
37227
37316
39386
37228
37317
39387
37229
37318
39388
37230
37319
39389
37231
37320
39390
37232
37321
39391
37233
37322
39392
37234
37323
39393
37235
37324
39394
37236
37325
39395
37237
37326
39396
37238
37327
39397
37239
37328
39398
37240
37329
39399
37241
37330
39400
37242
37331
39401
37243
37332
39402
37244
37333
39403
37245
37334
39404
37246
37335
39405
37247
37336
39406
37248
37337
39407
37249
37338
39408
37250
37339
39409
37251
37340
39410
37252
37341
39411
37253
37342
39412
37254
37343
39413
37255
37344
39414
37256
37345
39415
37257
37346
39416
37258
37347
39417
37259
37348
39418
37349
39419
37261
37350
39420
37262
37351
39421
37263
37352
39422
37264
37353
39423
37265
37354
39424
37266
37355
39425
37267
37356
39426
37268
37357
39427
37269
37358
39428
37270
37359
39429
37271
37360
39430
37272
37361
39431
37273
37362
39432
37274
37363
39433
37275
37364
39434
37276
37365
39435
37277
37366
39436
37278
37367
39437
37279
37368
39438
37280
37369
39439
37281
37370
39440
37282
37371
39441
37283
37372
39442
37284
37373
39443
37285
37374
39444
37286
37375
39445
37287
37376
39446
37288
37377
39447
37289
37378
39448
37290
37379
39449
37291
37380
39450
37292
37381
39451
37293
37382
39452
37294
37383
39453
37295
37384
39454
37296
37385
39455
37297
37386
39456
37298
37387
39457
37299
37388
39458
37300
37389
39459
37301
37390
39460
37302
37391
39461
37303
37392
39462
37304
37393
39463
37305
37394
39464
37306
37395
39465
37307
37396
39466
37308
37397
39467
37309
37398
39468
37310
37399
39469
37311
37400
39470
37312
37401
39471
37313
37402
39472
37314
37403
39473
37315
37404
39474
37316
37405
39475
37317
37406
39476
37318
37407
39477
37319
37408
39478
37320
37409
39479
37321
37410
39480
37322
37411
39481
37323
37412
39482
37324
37413
39483
37325
37414
39484
37326
37415
39485
37327
37416
39486
37328
37417
39487
37329
37418
39488
37330
37419
39489
37331
37420
39490
37332
37421
39491
37333
37422
39492
37334
37423
39493
37335
37424
39494
37336
37425
39495
37337
37426
39496
37338
37427
39497
37339
37428
39498
37340
37429
39499
37341
37430
39500
37342
37431
39501
37343
37432
39502
37344
37433
39503
37345
37434
39504
37346
37435
39505
37347
37436
39506
37348
37437
39507
37349
37438
39508
37439
39509
37351
37440
39510
37352
37441
39511
37353
37442
39512
37354
37443
39513
37355
37444
39514
37356
37445
39515
37357
37446
39516
37358
37447
39517
37359
37448
39518
37360
37449
39519
37361
37450
39520
37362
37451
39521
37363
37452
39522
37364
37453
39523
37365
37454
39524
37366
37455
39525
37367
37456
39526
37368
37457
39527
37369
37458
39528
37370
37459
39529
37371
37460
39530
37372
37461
39531
37373
37462
39532
37374
37463
39533
37375
37464
39534
37376
37465
39535
37377
37466
39536
37378
37467
39537
37379
37468
39538
37380
37469
39539
37381
37470
39540
37382
37471
39541
37383
37472
39542
37384
37473
39543
37385
37474
39544
37386
37475
39545
37387
37476
39546
37388
37477
39547
37389
37478
39548
37390
37479
39549
37391
37480
39550
37392
37481
39551
37393
37482
39552
37394
37483
39553
37395
37484
39554
37396
37485
39555
37397
37486
39556
37398
37487
39557
37399
37488
39558
37400
37489
39559
37401
37490
39560
37402
37491
39561
37403
37492
39562
37404
37493
39563
37405
37494
39564
37406
37495
39565
37407
37496
39566
37408
37497
39567
37409
37498
39568
37410
37499
39569
37411
37500
39570
37412
37501
39571
37413
37502
39572
37414
37503
39573
37415
37504
39574
37416
37505
39575
37417
37506
39576
37418
37507
39577
37419
37508
39578
37420
37509
39579
37421
37510
39580
37422
37511
39581
37423
37512
39582
37424
37513
39583
37425
37514
39584
37426
37515
39585
37427
37516
39586
37428
37517
39587
37429
37518
39588
37430
37519
39589
37431
37520
39590
37432
37521
39591
37433
37522
39592
37434
37523
39593
37435
37524
39594
37436
37525
39595
37437
37526
39596
37438
37527
39597
37439
37528
39598
37529
39599
37441
37530
39600
37442
37531
39601
37443
37532
39602
37444
37533
39603
37445
37534
39604
37446
37535
39605
37447
37536
39606
37448
37537
39607
37449
37538
39608
37450
37539
39609
37451
37540
39610
37452
37541
39611
37453
37542
39612
37454
37543
39613
37455
37544
39614
37456
37545
39615
37457
37546
39616
37458
37547
39617
37459
37548
39618
37460
37549
39619
37461
37550
39620
37462
37551
39621
37463
37552
39622
37464
37553
39623
37465
37554
39624
37466
37555
39625
37467
37556
39626
37468
37557
39627
37469
37558
39628
37470
37559
39629
37471
37560
39630
37472
37561
39631
37473
37562
39632
37474
37563
39633
37475
37564
39634
37476
37565
39635
37477
37566
39636
37478
37567
39637
37479
37568
39638
37480
37569
39639
37481
37570
39640
37482
37571
39641
37483
37572
39642
37484
37573
39643
37485
37574
39644
37486
37575
39645
37487
37576
39646
37488
37577
39647
37489
37578
39648
37490
37579
39649
37491
37580
39650
37492
37581
39651
37493
37582
39652
37494
37583
39653
37495
37584
39654
37496
37585
39655
37497
37586
39656
37498
37587
39657
37499
37588
39658
37500
37589
39659
37501
37590
39660
37502
37591
39661
37503
37592
39662
37504
37593
39663
37505
37594
39664
37506
37595
39665
37507
37596
39666
37508
37597
39667
37509
37598
39668
37510
37599
39669
37511
37600
39670
37512
37601
39671
37513
37602
39672
37514
37603
39673
37515
37604
39674
37516
37605
39675
37517
37606
39676
37518
37607
39677
37519
37608
39678
37520
37609
39679
37521
37610
39680
37522
37611
39681
37523
37612
39682
37524
37613
39683
37525
37614
39684
37526
37615
39685
37527
37616
39686
37528
37617
39687
37529
37618
39688
37619
39689
37531
37620
39690
37532
37621
39691
37533
37622
39692
37534
37623
39693
37535
37624
39694
37536
37625
39695
37537
37626
39696
37538
37627
39697
37539
37628
39698
37540
37629
39699
37541
37630
39700
37542
37631
39701
37543
37632
39702
37544
37633
39703
37545
37634
39704
37546
37635
39705
37547
37636
39706
37548
37637
39707
37549
37638
39708
37550
37639
39709
37551
37640
39710
37552
37641
39711
37553
37642
39712
37554
37643
39713
37555
37644
39714
37556
37645
39715
37557
37646
39716
37558
37647
39717
37559
37648
39718
37560
37649
39719
37561
37650
39720
37562
37651
39721
37563
37652
39722
37564
37653
39723
37565
37654
39724
37566
37655
39725
37567
37656
39726
37568
37657
39727
37569
37658
39728
37570
37659
39729
37571
37660
39730
37572
37661
39731
37573
37662
39732
37574
37663
39733
37575
37664
39734
37576
37665
39735
37577
37666
39736
37578
37667
39737
37579
37668
39738
37580
37669
39739
37581
37670
39740
37582
37671
39741
37583
37672
39742
37584
37673
39743
37585
37674
39744
37586
37675
39745
37587
37676
39746
37588
37677
39747
37589
37678
39748
37590
37679
39749
37591
37680
39750
37592
37681
39751
37593
37682
39752
37594
37683
39753
37595
37684
39754
37596
37685
39755
37597
37686
39756
37598
37687
39757
37599
37688
39758
37600
37689
39759
37601
37690
39760
37602
37691
39761
37603
37692
39762
37604
37693
39763
37605
37694
39764
37606
37695
39765
37607
37696
39766
37608
37697
39767
37609
37698
39768
37610
37699
39769
37611
37700
39770
37612
37701
39771
37613
37702
39772
37614
37703
39773
37615
37704
39774
37616
37705
39775
37617
37706
39776
37618
37707
39777
37619
37708
39778
37709
39779
37621
37710
39780
37622
37711
39781
37623
37712
39782
37624
37713
39783
37625
37714
39784
37626
37715
39785
37627
37716
39786
37628
37717
39787
37629
37718
39788
37630
37719
39789
37631
37720
39790
37632
37721
39791
37633
37722
39792
37634
37723
39793
37635
37724
39794
37636
37725
39795
37637
37726
39796
37638
37727
39797
37639
37728
39798
37640
37729
39799
37641
37730
39800
37642
37731
39801
37643
37732
39802
37644
37733
39803
37645
37734
39804
37646
37735
39805
37647
37736
39806
37648
37737
39807
37649
37738
39808
37650
37739
39809
37651
37740
39810
37652
37741
39811
37653
37742
39812
37654
37743
39813
37655
37744
39814
37656
37745
39815
37657
37746
39816
37658
37747
39817
37659
37748
39818
37660
37749
39819
37661
37750
39820
37662
37751
39821
37663
37752
39822
37664
37753
39823
37665
37754
39824
37666
37755
39825
37667
37756
39826
37668
37757
39827
37669
37758
39828
37670
37759
39829
37671
37760
39830
37672
37761
39831
37673
37762
39832
37674
37763
39833
37675
37764
39834
37676
37765
39835
37677
37766
39836
37678
37767
39837
37679
37768
39838
37680
37769
39839
37681
37770
39840
37682
37771
39841
37683
37772
39842
37684
37773
39843
37685
37774
39844
37686
37775
39845
37687
37776
39846
37688
37777
39847
37689
37778
39848
37690
37779
39849
37691
37780
39850
37692
37781
39851
37693
37782
39852
37694
37783
39853
37695
37784
39854
37696
37785
39855
37697
37786
39856
37698
37787
39857
37699
37788
39858
37700
37789
39859
37701
37790
39860
37702
37791
39861
37703
37792
39862
37704
37793
39863
37705
37794
39864
37706
37795
39865
37707
37796
39866
37708
37797
39867
37709
37798
39868
37799
39869
37711
37800
39870
37712
37801
39871
37713
37802
39872
37714
37803
39873
37715
37804
39874
37716
37805
39875
37717
37806
39876
37718
37807
39877
37719
37808
39878
37720
37809
39879
37721
37810
39880
37722
37811
39881
37723
37812
39882
37724
37813
39883
37725
37814
39884
37726
37815
39885
37727
37816
39886
37728
37817
39887
37729
37818
39888
37730
37819
39889
37731
37820
39890
37732
37821
39891
37733
37822
39892
37734
37823
39893
37735
37824
39894
37736
37825
39895
37737
37826
39896
37738
37827
39897
37739
37828
39898
37740
37829
39899
37741
37830
39900
37742
37831
39901
37743
37832
39902
37744
37833
39903
37745
37834
39904
37746
37835
39905
37747
37836
39906
37748
37837
39907
37749
37838
39908
37750
37839
39909
37751
37840
39910
37752
37841
39911
37753
37842
39912
37754
37843
39913
37755
37844
39914
37756
37845
39915
37757
37846
39916
37758
37847
39917
37759
37848
39918
37760
37849
39919
37761
37850
39920
37762
37851
39921
37763
37852
39922
37764
37853
39923
37765
37854
39924
37766
37855
39925
37767
37856
39926
37768
37857
39927
37769
37858
39928
37770
37859
39929
37771
37860
39930
37772
37861
39931
37773
37862
39932
37774
37863
39933
37775
37864
39934
37776
37865
39935
37777
37866
39936
37778
37867
39937
37779
37868
39938
37780
37869
39939
37781
37870
39940
37782
37871
39941
37783
37872
39942
37784
37873
39943
37785
37874
39944
37786
37875
39945
37787
37876
39946
37788
37877
39947
37789
37878
39948
37790
37879
39949
37791
37880
39950
37792
37881
39951
37793
37882
39952
37794
37883
39953
37795
37884
39954
37796
37885
39955
37797
37886
39956
37798
37887
39957
37799
37888
39958
37889
39959
37801
37890
39960
37802
37891
39961
37803
37892
39962
37804
37893
39963
37805
37894
39964
37806
37895
39965
37807
37896
39966
37808
37897
39967
37809
37898
39968
37810
37899
39969
37811
37900
39970
37812
37901
39971
37813
37902
39972
37814
37903
39973
37815
37904
39974
37816
37905
39975
37817
37906
39976
37818
37907
39977
37819
37908
39978
37820
37909
39979
37821
37910
39980
37822
37911
39981
37823
37912
39982
37824
37913
39983
37825
37914
39984
37826
37915
39985
37827
37916
39986
37828
37917
39987
37829
37918
39988
37830
37919
39989
37831
37920
39990
37832
37921
39991
37833
37922
39992
37834
37923
39993
37835
37924
39994
37836
37925
39995
37837
37926
39996
37838
37927
39997
37839
37928
39998
37840
37929
39999
37841
37930
40000
37842
37931
40001
37843
37932
40002
37844
37933
40003
37845
37934
40004
37846
37935
40005
37847
37936
40006
37848
37937
40007
37849
37938
40008
37850
37939
40009
37851
37940
40010
37852
37941
40011
37853
37942
40012
37854
37943
40013
37855
37944
40014
37856
37945
40015
37857
37946
40016
37858
37947
40017
37859
37948
40018
37860
37949
40019
37861
37950
40020
37862
37951
40021
37863
37952
40022
37864
37953
40023
37865
37954
40024
37866
37955
40025
37867
37956
40026
37868
37957
40027
37869
37958
40028
37870
37959
40029
37871
37960
40030
37872
37961
40031
37873
37962
40032
37874
37963
40033
37875
37964
40034
37876
37965
40035
37877
37966
40036
37878
37967
40037
37879
37968
40038
37880
37969
40039
37881
37970
40040
37882
37971
40041
37883
37972
40042
37884
37973
40043
37885
37974
40044
37886
37975
40045
37887
37976
40046
37888
37977
40047
37889
37978
40048
37979
40049
37891
37980
40050
37892
37981
40051
37893
37982
40052
37894
37983
40053
37895
37984
40054
37896
37985
40055
37897
37986
40056
37898
37987
40057
37899
37988
40058
37900
37989
40059
37901
37990
40060
37902
37991
40061
37903
37992
40062
37904
37993
40063
37905
37994
40064
37906
37995
40065
37907
37996
40066
37908
37997
40067
37909
37998
40068
37910
37999
40069
37911
38000
40070
37912
38001
40071
37913
38002
40072
37914
38003
40073
37915
38004
40074
37916
38005
40075
37917
38006
40076
37918
38007
40077
37919
38008
40078
37920
38009
40079
37921
38010
40080
37922
38011
40081
37923
38012
40082
37924
38013
40083
37925
38014
40084
37926
38015
40085
37927
38016
40086
37928
38017
40087
37929
38018
40088
37930
38019
40089
37931
38020
40090
37932
38021
40091
37933
38022
40092
37934
38023
40093
37935
38024
40094
37936
38025
40095
37937
38026
40096
37938
38027
40097
37939
38028
40098
37940
38029
40099
37941
38030
40100
37942
38031
40101
37943
38032
40102
37944
38033
40103
37945
38034
40104
37946
38035
40105
37947
38036
40106
37948
38037
40107
37949
38038
40108
37950
38039
40109
37951
38040
40110
37952
38041
40111
37953
38042
40112
37954
38043
40113
37955
38044
40114
37956
38045
40115
37957
38046
40116
37958
38047
40117
37959
38048
40118
37960
38049
40119
37961
38050
40120
37962
38051
40121
37963
38052
40122
37964
38053
40123
37965
38054
40124
37966
38055
40125
37967
38056
40126
37968
38057
40127
37969
38058
40128
37970
38059
40129
37971
38060
40130
37972
38061
40131
37973
38062
40132
37974
38063
40133
37975
38064
40134
37976
38065
40135
37977
38066
40136
37978
38067
40137
37979
38068
40138
38069
40139
37981
38070
40140
37982
38071
40141
37983
38072
40142
37984
38073
40143
37985
38074
40144
37986
38075
40145
37987
38076
40146
37988
38077
40147
37989
38078
40148
37990
38079
40149
37991
38080
40150
37992
38081
40151
37993
38082
40152
37994
38083
40153
37995
38084
40154
37996
38085
40155
37997
38086
40156
37998
38087
40157
37999
38088
40158
38000
38089
40159
38001
38090
40160
38002
38091
40161
38003
38092
40162
38004
38093
40163
38005
38094
40164
38006
38095
40165
38007
38096
40166
38008
38097
40167
38009
38098
40168
38010
38099
40169
38011
38100
40170
38012
38101
40171
38013
38102
40172
38014
38103
40173
38015
38104
40174
38016
38105
40175
38017
38106
40176
38018
38107
40177
38019
38108
40178
38020
38109
40179
38021
38110
40180
38022
38111
40181
38023
38112
40182
38024
38113
40183
38025
38114
40184
38026
38115
40185
38027
38116
40186
38028
38117
40187
38029
38118
40188
38030
38119
40189
38031
38120
40190
38032
38121
40191
38033
38122
40192
38034
38123
40193
38035
38124
40194
38036
38125
40195
38037
38126
40196
38038
38127
40197
38039
38128
40198
38040
38129
40199
38041
38130
40200
38042
38131
40201
38043
38132
40202
38044
38133
40203
38045
38134
40204
38046
38135
40205
38047
38136
40206
38048
38137
40207
38049
38138
40208
38050
38139
40209
38051
38140
40210
38052
38141
40211
38053
38142
40212
38054
38143
40213
38055
38144
40214
38056
38145
40215
38057
38146
40216
38058
38147
40217
38059
38148
40218
38060
38149
40219
38061
38150
40220
38062
38151
40221
38063
38152
40222
38064
38153
40223
38065
38154
40224
38066
38155
40225
38067
38156
40226
38068
38157
40227
38069
38158
40228
38159
40229
38071
38160
40230
38072
38161
40231
38073
38162
40232
38074
38163
40233
38075
38164
40234
38076
38165
40235
38077
38166
40236
38078
38167
40237
38079
38168
40238
38080
38169
40239
38081
38170
40240
38082
38171
40241
38083
38172
40242
38084
38173
40243
38085
38174
40244
38086
38175
40245
38087
38176
40246
38088
38177
40247
38089
38178
40248
38090
38179
40249
38091
38180
40250
38092
38181
40251
38093
38182
40252
38094
38183
40253
38095
38184
40254
38096
38185
40255
38097
38186
40256
38098
38187
40257
38099
38188
40258
38100
38189
40259
38101
38190
40260
38102
38191
40261
38103
38192
40262
38104
38193
40263
38105
38194
40264
38106
38195
40265
38107
38196
40266
38108
38197
40267
38109
38198
40268
38110
38199
40269
38111
38200
40270
38112
38201
40271
38113
38202
40272
38114
38203
40273
38115
38204
40274
38116
38205
40275
38117
38206
40276
38118
38207
40277
38119
38208
40278
38120
38209
40279
38121
38210
40280
38122
38211
40281
38123
38212
40282
38124
38213
40283
38125
38214
40284
38126
38215
40285
38127
38216
40286
38128
38217
40287
38129
38218
40288
38130
38219
40289
38131
38220
40290
38132
38221
40291
38133
38222
40292
38134
38223
40293
38135
38224
40294
38136
38225
40295
38137
38226
40296
38138
38227
40297
38139
38228
40298
38140
38229
40299
38141
38230
40300
38142
38231
40301
38143
38232
40302
38144
38233
40303
38145
38234
40304
38146
38235
40305
38147
38236
40306
38148
38237
40307
38149
38238
40308
38150
38239
40309
38151
38240
40310
38152
38241
40311
38153
38242
40312
38154
38243
40313
38155
38244
40314
38156
38245
40315
38157
38246
40316
38158
38247
40317
38159
38248
40318
38249
40319
38161
38250
40320
38162
38251
40321
38163
38252
40322
38164
38253
40323
38165
38254
40324
38166
38255
40325
38167
38256
40326
38168
38257
40327
38169
38258
40328
38170
38259
40329
38171
38260
40330
38172
38261
40331
38173
38262
40332
38174
38263
40333
38175
38264
40334
38176
38265
40335
38177
38266
40336
38178
38267
40337
38179
38268
40338
38180
38269
40339
38181
38270
40340
38182
38271
40341
38183
38272
40342
38184
38273
40343
38185
38274
40344
38186
38275
40345
38187
38276
40346
38188
38277
40347
38189
38278
40348
38190
38279
40349
38191
38280
40350
38192
38281
40351
38193
38282
40352
38194
38283
40353
38195
38284
40354
38196
38285
40355
38197
38286
40356
38198
38287
40357
38199
38288
40358
38200
38289
40359
38201
38290
40360
38202
38291
40361
38203
38292
40362
38204
38293
40363
38205
38294
40364
38206
38295
40365
38207
38296
40366
38208
38297
40367
38209
38298
40368
38210
38299
40369
38211
38300
40370
38212
38301
40371
38213
38302
40372
38214
38303
40373
38215
38304
40374
38216
38305
40375
38217
38306
40376
38218
38307
40377
38219
38308
40378
38220
38309
40379
38221
38310
40380
38222
38311
40381
38223
38312
40382
38224
38313
40383
38225
38314
40384
38226
38315
40385
38227
38316
40386
38228
38317
40387
38229
38318
40388
38230
38319
40389
38231
38320
40390
38232
38321
40391
38233
38322
40392
38234
38323
40393
38235
38324
40394
38236
38325
40395
38237
38326
40396
38238
38327
40397
38239
38328
40398
38240
38329
40399
38241
38330
40400
38242
38331
40401
38243
38332
40402
38244
38333
40403
38245
38334
40404
38246
38335
40405
38247
38336
40406
38248
38337
40407
38249
38338
40408
38339
40409
38251
38340
40410
38252
38341
40411
38253
38342
40412
38254
38343
40413
38255
38344
40414
38256
38345
40415
38257
38346
40416
38258
38347
40417
38259
38348
40418
38260
38349
40419
38261
38350
40420
38262
38351
40421
38263
38352
40422
38264
38353
40423
38265
38354
40424
38266
38355
40425
38267
38356
40426
38268
38357
40427
38269
38358
40428
38270
38359
40429
38271
38360
40430
38272
38361
40431
38273
38362
40432
38274
38363
40433
38275
38364
40434
38276
38365
40435
38277
38366
40436
38278
38367
40437
38279
38368
40438
38280
38369
40439
38281
38370
40440
38282
38371
40441
38283
38372
40442
38284
38373
40443
38285
38374
40444
38286
38375
40445
38287
38376
40446
38288
38377
40447
38289
38378
40448
38290
38379
40449
38291
38380
40450
38292
38381
40451
38293
38382
40452
38294
38383
40453
38295
38384
40454
38296
38385
40455
38297
38386
40456
38298
38387
40457
38299
38388
40458
38300
38389
40459
38301
38390
40460
38302
38391
40461
38303
38392
40462
38304
38393
40463
38305
38394
40464
38306
38395
40465
38307
38396
40466
38308
38397
40467
38309
38398
40468
38310
38399
40469
38311
38400
40470
38312
38401
40471
38313
38402
40472
38314
38403
40473
38315
38404
40474
38316
38405
40475
38317
38406
40476
38318
38407
40477
38319
38408
40478
38320
38409
40479
38321
38410
40480
38322
38411
40481
38323
38412
40482
38324
38413
40483
38325
38414
40484
38326
38415
40485
38327
38416
40486
38328
38417
40487
38329
38418
40488
38330
38419
40489
38331
38420
40490
38332
38421
40491
38333
38422
40492
38334
38423
40493
38335
38424
40494
38336
38425
40495
38337
38426
40496
38338
38427
40497
38339
38428
40498
38429
40499
38341
38430
40500
38342
38431
40501
38343
38432
40502
38344
38433
40503
38345
38434
40504
38346
38435
40505
38347
38436
40506
38348
38437
40507
38349
38438
40508
38350
38439
40509
38351
38440
40510
38352
38441
40511
38353
38442
40512
38354
38443
40513
38355
38444
40514
38356
38445
40515
38357
38446
40516
38358
38447
40517
38359
38448
40518
38360
38449
40519
38361
38450
40520
38362
38451
40521
38363
38452
40522
38364
38453
40523
38365
38454
40524
38366
38455
40525
38367
38456
40526
38368
38457
40527
38369
38458
40528
38370
38459
40529
38371
38460
40530
38372
38461
40531
38373
38462
40532
38374
38463
40533
38375
38464
40534
38376
38465
40535
38377
38466
40536
38378
38467
40537
38379
38468
40538
38380
38469
40539
38381
38470
40540
38382
38471
40541
38383
38472
40542
38384
38473
40543
38385
38474
40544
38386
38475
40545
38387
38476
40546
38388
38477
40547
38389
38478
40548
38390
38479
40549
38391
38480
40550
38392
38481
40551
38393
38482
40552
38394
38483
40553
38395
38484
40554
38396
38485
40555
38397
38486
40556
38398
38487
40557
38399
38488
40558
38400
38489
40559
38401
38490
40560
38402
38491
40561
38403
38492
40562
38404
38493
40563
38405
38494
40564
38406
38495
40565
38407
38496
40566
38408
38497
40567
38409
38498
40568
38410
38499
40569
38411
38500
40570
38412
38501
40571
38413
38502
40572
38414
38503
40573
38415
38504
40574
38416
38505
40575
38417
38506
40576
38418
38507
40577
38419
38508
40578
38420
38509
40579
38421
38510
40580
38422
38511
40581
38423
38512
40582
38424
38513
40583
38425
38514
40584
38426
38515
40585
38427
38516
40586
38428
38517
40587
38429
38518
40588
38519
40589
38431
38520
40590
38432
38521
40591
38433
38522
40592
38434
38523
40593
38435
38524
40594
38436
38525
40595
38437
38526
40596
38438
38527
40597
38439
38528
40598
38440
38529
40599
38441
38530
40600
38442
38531
40601
38443
38532
40602
38444
38533
40603
38445
38534
40604
38446
38535
40605
38447
38536
40606
38448
38537
40607
38449
38538
40608
38450
38539
40609
38451
38540
40610
38452
38541
40611
38453
38542
40612
38454
38543
40613
38455
38544
40614
38456
38545
40615
38457
38546
40616
38458
38547
40617
38459
38548
40618
38460
38549
40619
38461
38550
40620
38462
38551
40621
38463
38552
40622
38464
38553
40623
38465
38554
40624
38466
38555
40625
38467
38556
40626
38468
38557
40627
38469
38558
40628
38470
38559
40629
38471
38560
40630
38472
38561
40631
38473
38562
40632
38474
38563
40633
38475
38564
40634
38476
38565
40635
38477
38566
40636
38478
38567
40637
38479
38568
40638
38480
38569
40639
38481
38570
40640
38482
38571
40641
38483
38572
40642
38484
38573
40643
38485
38574
40644
38486
38575
40645
38487
38576
40646
38488
38577
40647
38489
38578
40648
38490
38579
40649
38491
38580
40650
38492
38581
40651
38493
38582
40652
38494
38583
40653
38495
38584
40654
38496
38585
40655
38497
38586
40656
38498
38587
40657
38499
38588
40658
38500
38589
40659
38501
38590
40660
38502
38591
40661
38503
38592
40662
38504
38593
40663
38505
38594
40664
38506
38595
40665
38507
38596
40666
38508
38597
40667
38509
38598
40668
38510
38599
40669
38511
38600
40670
38512
38601
40671
38513
38602
40672
38514
38603
40673
38515
38604
40674
38516
38605
40675
38517
38606
40676
38518
38607
40677
38519
38608
40678
38609
40679
38521
38610
40680
38522
38611
40681
38523
38612
40682
38524
38613
40683
38525
38614
40684
38526
38615
40685
38527
38616
40686
38528
38617
40687
38529
38618
40688
38530
38619
40689
38531
38620
40690
38532
38621
40691
38533
38622
40692
38534
38623
40693
38535
38624
40694
38536
38625
40695
38537
38626
40696
38538
38627
40697
38539
38628
40698
38540
38629
40699
38541
38630
40700
38542
38631
40701
38543
38632
40702
38544
38633
40703
38545
38634
40704
38546
38635
40705
38547
38636
40706
38548
38637
40707
38549
38638
40708
38550
38639
40709
38551
38640
40710
38552
38641
40711
38553
38642
40712
38554
38643
40713
38555
38644
40714
38556
38645
40715
38557
38646
40716
38558
38647
40717
38559
38648
40718
38560
38649
40719
38561
38650
40720
38562
38651
40721
38563
38652
40722
38564
38653
40723
38565
38654
40724
38566
38655
40725
38567
38656
40726
38568
38657
40727
38569
38658
40728
38570
38659
40729
38571
38660
40730
38572
38661
40731
38573
38662
40732
38574
38663
40733
38575
38664
40734
38576
38665
40735
38577
38666
40736
38578
38667
40737
38579
38668
40738
38580
38669
40739
38581
38670
40740
38582
38671
40741
38583
38672
40742
38584
38673
40743
38585
38674
40744
38586
38675
40745
38587
38676
40746
38588
38677
40747
38589
38678
40748
38590
38679
40749
38591
38680
40750
38592
38681
40751
38593
38682
40752
38594
38683
40753
38595
38684
40754
38596
38685
40755
38597
38686
40756
38598
38687
40757
38599
38688
40758
38600
38689
40759
38601
38690
40760
38602
38691
40761
38603
38692
40762
38604
38693
40763
38605
38694
40764
38606
38695
40765
38607
38696
40766
38608
38697
40767
38609
38698
40768
38699
40769
38611
38700
40770
38612
38701
40771
38613
38702
40772
38614
38703
40773
38615
38704
40774
38616
38705
40775
38617
38706
40776
38618
38707
40777
38619
38708
40778
38620
38709
40779
38621
38710
40780
38622
38711
40781
38623
38712
40782
38624
38713
40783
38625
38714
40784
38626
38715
40785
38627
38716
40786
38628
38717
40787
38629
38718
40788
38630
38719
40789
38631
38720
40790
38632
38721
40791
38633
38722
40792
38634
38723
40793
38635
38724
40794
38636
38725
40795
38637
38726
40796
38638
38727
40797
38639
38728
40798
38640
38729
40799
38641
38730
40800
38642
38731
40801
38643
38732
40802
38644
38733
40803
38645
38734
40804
38646
38735
40805
38647
38736
40806
38648
38737
40807
38649
38738
40808
38650
38739
40809
38651
38740
40810
38652
38741
40811
38653
38742
40812
38654
38743
40813
38655
38744
40814
38656
38745
40815
38657
38746
40816
38658
38747
40817
38659
38748
40818
38660
38749
40819
38661
38750
40820
38662
38751
40821
38663
38752
40822
38664
38753
40823
38665
38754
40824
38666
38755
40825
38667
38756
40826
38668
38757
40827
38669
38758
40828
38670
38759
40829
38671
38760
40830
38672
38761
40831
38673
38762
40832
38674
38763
40833
38675
38764
40834
38676
38765
40835
38677
38766
40836
38678
38767
40837
38679
38768
40838
38680
38769
40839
38681
38770
40840
38682
38771
40841
38683
38772
40842
38684
38773
40843
38685
38774
40844
38686
38775
40845
38687
38776
40846
38688
38777
40847
38689
38778
40848
38690
38779
40849
38691
38780
40850
38692
38781
40851
38693
38782
40852
38694
38783
40853
38695
38784
40854
38696
38785
40855
38697
38786
40856
38698
38787
40857
38699
38788
40858
38789
40859
38701
38790
40860
38702
38791
40861
38703
38792
40862
38704
38793
40863
38705
38794
40864
38706
38795
40865
38707
38796
40866
38708
38797
40867
38709
38798
40868
38710
38799
40869
38711
38800
40870
38712
38801
40871
38713
38802
40872
38714
38803
40873
38715
38804
40874
38716
38805
40875
38717
38806
40876
38718
38807
40877
38719
38808
40878
38720
38809
40879
38721
38810
40880
38722
38811
40881
38723
38812
40882
38724
38813
40883
38725
38814
40884
38726
38815
40885
38727
38816
40886
38728
38817
40887
38729
38818
40888
38730
38819
40889
38731
38820
40890
38732
38821
40891
38733
38822
40892
38734
38823
40893
38735
38824
40894
38736
38825
40895
38737
38826
40896
38738
38827
40897
38739
38828
40898
38740
38829
40899
38741
38830
40900
38742
38831
40901
38743
38832
40902
38744
38833
40903
38745
38834
40904
38746
38835
40905
38747
38836
40906
38748
38837
40907
38749
38838
40908
38750
38839
40909
38751
38840
40910
38752
38841
40911
38753
38842
40912
38754
38843
40913
38755
38844
40914
38756
38845
40915
38757
38846
40916
38758
38847
40917
38759
38848
40918
38760
38849
40919
38761
38850
40920
38762
38851
40921
38763
38852
40922
38764
38853
40923
38765
38854
40924
38766
38855
40925
38767
38856
40926
38768
38857
40927
38769
38858
40928
38770
38859
40929
38771
38860
40930
38772
38861
40931
38773
38862
40932
38774
38863
40933
38775
38864
40934
38776
38865
40935
38777
38866
40936
38778
38867
40937
38779
38868
40938
38780
38869
40939
38781
38870
40940
38782
38871
40941
38783
38872
40942
38784
38873
40943
38785
38874
40944
38786
38875
40945
38787
38876
40946
38788
38877
40947
38789
38878
40948
38879
40949
38791
40950
38792
40951
38793
40952
38794
40953
38795
40954
38796
40955
38797
40956
38798
40957
38799
40958
38800
40959
38801
40960
38802
40961
38803
40962
38804
40963
38805
40964
38806
40965
38807
40966
38808
40967
38809
40968
38810
40969
38811
40970
38812
40971
38813
40972
38814
40973
38815
40974
38816
40975
38817
40976
38818
40977
38819
40978
38820
40979
38821
40980
38822
40981
38823
40982
38824
40983
38825
40984
38826
40985
38827
40986
38828
40987
38829
40988
38830
40989
38831
40990
38832
40991
38833
40992
38834
40993
38835
40994
38836
40995
38837
40996
38838
40997
38839
40998
38840
40999
38841
41000
38842
41001
38843
41002
38844
41003
38845
41004
38846
41005
38847
41006
38848
41007
38849
41008
38850
41009
38851
41010
38852
41011
38853
41012
38854
41013
38855
41014
38856
41015
38857
41016
38858
41017
38859
41018
38860
41019
38861
41020
38862
41021
38863
41022
38864
41023
38865
41024
38866
41025
38867
41026
38868
41027
38869
41028
38870
41029
38871
41030
38872
41031
38873
41032
38874
41033
38875
41034
38876
41035
38877
41036
38878
41037
38879
41038
41039
38881
38970
41040
38882
38971
41041
38883
38972
41042
38884
38973
41043
38885
38974
41044
38886
38975
41045
38887
38976
41046
38888
38977
41047
38889
38978
41048
38890
38979
41049
38891
38980
41050
38892
38981
41051
38893
38982
41052
38894
38983
41053
38895
38984
41054
38896
38985
41055
38897
38986
41056
38898
38987
41057
38899
38988
41058
38900
38989
41059
38901
38990
41060
38902
38991
41061
38903
38992
41062
38904
38993
41063
38905
38994
41064
38906
38995
41065
38907
38996
41066
38908
38997
41067
38909
38998
41068
38910
38999
41069
38911
39000
41070
38912
39001
41071
38913
39002
41072
38914
39003
41073
38915
39004
41074
38916
39005
41075
38917
39006
41076
38918
39007
41077
38919
39008
41078
38920
39009
41079
38921
39010
41080
38922
39011
41081
38923
39012
41082
38924
39013
41083
38925
39014
41084
38926
39015
41085
38927
39016
41086
38928
39017
41087
38929
39018
41088
38930
39019
41089
38931
39020
41090
38932
39021
41091
38933
39022
41092
38934
39023
41093
38935
39024
41094
38936
39025
41095
38937
39026
41096
38938
39027
41097
38939
39028
41098
38940
39029
41099
38941
39030
41100
38942
39031
41101
38943
39032
41102
38944
39033
41103
38945
39034
41104
38946
39035
41105
38947
39036
41106
38948
39037
41107
38949
39038
41108
38950
39039
41109
38951
39040
41110
38952
39041
41111
38953
39042
41112
38954
39043
41113
38955
39044
41114
38956
39045
41115
38957
39046
41116
38958
39047
41117
38959
39048
41118
38960
39049
41119
38961
39050
41120
38962
39051
41121
38963
39052
41122
38964
39053
41123
38965
39054
41124
38966
39055
41125
38967
39056
41126
38968
39057
41127
38969
39058
41128
39059
41129
38971
39060
41130
38972
39061
41131
38973
39062
41132
38974
39063
41133
38975
39064
41134
38976
39065
41135
38977
39066
41136
38978
39067
41137
38979
39068
41138
38980
39069
41139
38981
39070
41140
38982
39071
41141
38983
39072
41142
38984
39073
41143
38985
39074
41144
38986
39075
41145
38987
39076
41146
38988
39077
41147
38989
39078
41148
38990
39079
41149
38991
39080
41150
38992
39081
41151
38993
39082
41152
38994
39083
41153
38995
39084
41154
38996
39085
41155
38997
39086
41156
38998
39087
41157
38999
39088
41158
39000
39089
41159
39001
39090
41160
39002
39091
41161
39003
39092
41162
39004
39093
41163
39005
39094
41164
39006
39095
41165
39007
39096
41166
39008
39097
41167
39009
39098
41168
39010
39099
41169
39011
39100
41170
39012
39101
41171
39013
39102
41172
39014
39103
41173
39015
39104
41174
39016
39105
41175
39017
39106
41176
39018
39107
41177
39019
39108
41178
39020
39109
41179
39021
39110
41180
39022
39111
41181
39023
39112
41182
39024
39113
41183
39025
39114
41184
39026
39115
41185
39027
39116
41186
39028
39117
41187
39029
39118
41188
39030
39119
41189
39031
39120
41190
39032
39121
41191
39033
39122
41192
39034
39123
41193
39035
39124
41194
39036
39125
41195
39037
39126
41196
39038
39127
41197
39039
39128
41198
39040
39129
41199
39041
39130
41200
39042
39131
41201
39043
39132
41202
39044
39133
41203
39045
39134
41204
39046
39135
41205
39047
39136
41206
39048
39137
41207
39049
39138
41208
39050
39139
41209
39051
39140
41210
39052
39141
41211
39053
39142
41212
39054
39143
41213
39055
39144
41214
39056
39145
41215
39057
39146
41216
39058
39147
41217
39059
39148
41218
39149
41219
39061
39150
41220
39062
39151
41221
39063
39152
41222
39064
39153
41223
39065
39154
41224
39066
39155
41225
39067
39156
41226
39068
39157
41227
39069
39158
41228
39070
39159
41229
39071
39160
41230
39072
39161
41231
39073
39162
41232
39074
39163
41233
39075
39164
41234
39076
39165
41235
39077
39166
41236
39078
39167
41237
39079
39168
41238
39080
39169
41239
39081
39170
41240
39082
39171
41241
39083
39172
41242
39084
39173
41243
39085
39174
41244
39086
39175
41245
39087
39176
41246
39088
39177
41247
39089
39178
41248
39090
39179
41249
39091
39180
41250
39092
39181
41251
39093
39182
41252
39094
39183
41253
39095
39184
41254
39096
39185
41255
39097
39186
41256
39098
39187
41257
39099
39188
41258
39100
39189
41259
39101
39190
41260
39102
39191
41261
39103
39192
41262
39104
39193
41263
39105
39194
41264
39106
39195
41265
39107
39196
41266
39108
39197
41267
39109
39198
41268
39110
39199
41269
39111
39200
41270
39112
39201
41271
39113
39202
41272
39114
39203
41273
39115
39204
41274
39116
39205
41275
39117
39206
41276
39118
39207
41277
39119
39208
41278
39120
39209
41279
39121
39210
41280
39122
39211
41281
39123
39212
41282
39124
39213
41283
39125
39214
41284
39126
39215
41285
39127
39216
41286
39128
39217
41287
39129
39218
41288
39130
39219
41289
39131
39220
41290
39132
39221
41291
39133
39222
41292
39134
39223
41293
39135
39224
41294
39136
39225
41295
39137
39226
41296
39138
39227
41297
39139
39228
41298
39140
39229
41299
39141
39230
41300
39142
39231
41301
39143
39232
41302
39144
39233
41303
39145
39234
41304
39146
39235
41305
39147
39236
41306
39148
39237
41307
39149
39238
41308
39239
41309
39151
39240
41310
39152
39241
41311
39153
39242
41312
39154
39243
41313
39155
39244
41314
39156
39245
41315
39157
39246
41316
39158
39247
41317
39159
39248
41318
39160
39249
41319
39161
39250
41320
39162
39251
41321
39163
39252
41322
39164
39253
41323
39165
39254
41324
39166
39255
41325
39167
39256
41326
39168
39257
41327
39169
39258
41328
39170
39259
41329
39171
39260
41330
39172
39261
41331
39173
39262
41332
39174
39263
41333
39175
39264
41334
39176
39265
41335
39177
39266
41336
39178
39267
41337
39179
39268
41338
39180
39269
41339
39181
39270
41340
39182
39271
41341
39183
39272
41342
39184
39273
41343
39185
39274
41344
39186
39275
41345
39187
39276
41346
39188
39277
41347
39189
39278
41348
39190
39279
41349
39191
39280
41350
39192
39281
41351
39193
39282
41352
39194
39283
41353
39195
39284
41354
39196
39285
41355
39197
39286
41356
39198
39287
41357
39199
39288
41358
39200
39289
41359
39201
39290
41360
39202
39291
41361
39203
39292
41362
39204
39293
41363
39205
39294
41364
39206
39295
41365
39207
39296
41366
39208
39297
41367
39209
39298
41368
39210
39299
41369
39211
39300
41370
39212
39301
41371
39213
39302
41372
39214
39303
41373
39215
39304
41374
39216
39305
41375
39217
39306
41376
39218
39307
41377
39219
39308
41378
39220
39309
41379
39221
39310
41380
39222
39311
41381
39223
39312
41382
39224
39313
41383
39225
39314
41384
39226
39315
41385
39227
39316
41386
39228
39317
41387
39229
39318
41388
39230
39319
41389
39231
39320
41390
39232
39321
41391
39233
39322
41392
39234
39323
41393
39235
39324
41394
39236
39325
41395
39237
39326
41396
39238
39327
41397
39239
39328
41398
39329
41399
39241
39330
41400
39242
39331
41401
39243
39332
41402
39244
39333
41403
39245
39334
41404
39246
39335
41405
39247
39336
41406
39248
39337
41407
39249
39338
41408
39250
39339
41409
39251
39340
41410
39252
39341
41411
39253
39342
41412
39254
39343
41413
39255
39344
41414
39256
39345
41415
39257
39346
41416
39258
39347
41417
39259
39348
41418
39260
39349
41419
39261
39350
41420
39262
39351
41421
39263
39352
41422
39264
39353
41423
39265
39354
41424
39266
39355
41425
39267
39356
41426
39268
39357
41427
39269
39358
41428
39270
39359
41429
39271
39360
41430
39272
39361
41431
39273
39362
41432
39274
39363
41433
39275
39364
41434
39276
39365
41435
39277
39366
41436
39278
39367
41437
39279
39368
41438
39280
39369
41439
39281
39370
41440
39282
39371
41441
39283
39372
41442
39284
39373
41443
39285
39374
41444
39286
39375
41445
39287
39376
41446
39288
39377
41447
39289
39378
41448
39290
39379
41449
39291
39380
41450
39292
39381
41451
39293
39382
41452
39294
39383
41453
39295
39384
41454
39296
39385
41455
39297
39386
41456
39298
39387
41457
39299
39388
41458
39300
39389
41459
39301
39390
41460
39302
39391
41461
39303
39392
41462
39304
39393
41463
39305
39394
41464
39306
39395
41465
39307
39396
41466
39308
39397
41467
39309
39398
41468
39310
39399
41469
39311
39400
41470
39312
39401
41471
39313
39402
41472
39314
39403
41473
39315
39404
41474
39316
39405
41475
39317
39406
41476
39318
39407
41477
39319
39408
41478
39320
39409
41479
39321
39410
41480
39322
39411
41481
39323
39412
41482
39324
39413
41483
39325
39414
41484
39326
39415
41485
39327
39416
41486
39328
39417
41487
39329
39418
41488
39419
41489
39331
39420
41490
39332
39421
41491
39333
39422
41492
39334
39423
41493
39335
39424
41494
39336
39425
41495
39337
39426
41496
39338
39427
41497
39339
39428
41498
39340
39429
41499
39341
39430
41500
39342
39431
41501
39343
39432
41502
39344
39433
41503
39345
39434
41504
39346
39435
41505
39347
39436
41506
39348
39437
41507
39349
39438
41508
39350
39439
41509
39351
39440
41510
39352
39441
41511
39353
39442
41512
39354
39443
41513
39355
39444
41514
39356
39445
41515
39357
39446
41516
39358
39447
41517
39359
39448
41518
39360
39449
41519
39361
39450
41520
39362
39451
41521
39363
39452
41522
39364
39453
41523
39365
39454
41524
39366
39455
41525
39367
39456
41526
39368
39457
41527
39369
39458
41528
39370
39459
41529
39371
39460
41530
39372
39461
41531
39373
39462
41532
39374
39463
41533
39375
39464
41534
39376
39465
41535
39377
39466
41536
39378
39467
41537
39379
39468
41538
39380
39469
41539
39381
39470
41540
39382
39471
41541
39383
39472
41542
39384
39473
41543
39385
39474
41544
39386
39475
41545
39387
39476
41546
39388
39477
41547
39389
39478
41548
39390
39479
41549
39391
39480
41550
39392
39481
41551
39393
39482
41552
39394
39483
41553
39395
39484
41554
39396
39485
41555
39397
39486
41556
39398
39487
41557
39399
39488
41558
39400
39489
41559
39401
39490
41560
39402
39491
41561
39403
39492
41562
39404
39493
41563
39405
39494
41564
39406
39495
41565
39407
39496
41566
39408
39497
41567
39409
39498
41568
39410
39499
41569
39411
39500
41570
39412
39501
41571
39413
39502
41572
39414
39503
41573
39415
39504
41574
39416
39505
41575
39417
39506
41576
39418
39507
41577
39419
39508
41578
39509
41579
39421
39510
41580
39422
39511
41581
39423
39512
41582
39424
39513
41583
39425
39514
41584
39426
39515
41585
39427
39516
41586
39428
39517
41587
39429
39518
41588
39430
39519
41589
39431
39520
41590
39432
39521
41591
39433
39522
41592
39434
39523
41593
39435
39524
41594
39436
39525
41595
39437
39526
41596
39438
39527
41597
39439
39528
41598
39440
39529
41599
39441
39530
41600
39442
39531
41601
39443
39532
41602
39444
39533
41603
39445
39534
41604
39446
39535
41605
39447
39536
41606
39448
39537
41607
39449
39538
41608
39450
39539
41609
39451
39540
41610
39452
39541
41611
39453
39542
41612
39454
39543
41613
39455
39544
41614
39456
39545
41615
39457
39546
41616
39458
39547
41617
39459
39548
41618
39460
39549
41619
39461
39550
41620
39462
39551
41621
39463
39552
41622
39464
39553
41623
39465
39554
41624
39466
39555
41625
39467
39556
41626
39468
39557
41627
39469
39558
41628
39470
39559
41629
39471
39560
41630
39472
39561
41631
39473
39562
41632
39474
39563
41633
39475
39564
41634
39476
39565
41635
39477
39566
41636
39478
39567
41637
39479
39568
41638
39480
39569
41639
39481
39570
41640
39482
39571
41641
39483
39572
41642
39484
39573
41643
39485
39574
41644
39486
39575
41645
39487
39576
41646
39488
39577
41647
39489
39578
41648
39490
39579
41649
39491
39580
41650
39492
39581
41651
39493
39582
41652
39494
39583
41653
39495
39584
41654
39496
39585
41655
39497
39586
41656
39498
39587
41657
39499
39588
41658
39500
39589
41659
39501
39590
41660
39502
39591
41661
39503
39592
41662
39504
39593
41663
39505
39594
41664
39506
39595
41665
39507
39596
41666
39508
39597
41667
39509
39598
41668
39599
41669
39511
39600
41670
39512
39601
41671
39513
39602
41672
39514
39603
41673
39515
39604
41674
39516
39605
41675
39517
39606
41676
39518
39607
41677
39519
39608
41678
39520
39609
41679
39521
39610
41680
39522
39611
41681
39523
39612
41682
39524
39613
41683
39525
39614
41684
39526
39615
41685
39527
39616
41686
39528
39617
41687
39529
39618
41688
39530
39619
41689
39531
39620
41690
39532
39621
41691
39533
39622
41692
39534
39623
41693
39535
39624
41694
39536
39625
41695
39537
39626
41696
39538
39627
41697
39539
39628
41698
39540
39629
41699
39541
39630
41700
39542
39631
41701
39543
39632
41702
39544
39633
41703
39545
39634
41704
39546
39635
41705
39547
39636
41706
39548
39637
41707
39549
39638
41708
39550
39639
41709
39551
39640
41710
39552
39641
41711
39553
39642
41712
39554
39643
41713
39555
39644
41714
39556
39645
41715
39557
39646
41716
39558
39647
41717
39559
39648
41718
39560
39649
41719
39561
39650
41720
39562
39651
41721
39563
39652
41722
39564
39653
41723
39565
39654
41724
39566
39655
41725
39567
39656
41726
39568
39657
41727
39569
39658
41728
39570
39659
41729
39571
39660
41730
39572
39661
41731
39573
39662
41732
39574
39663
41733
39575
39664
41734
39576
39665
41735
39577
39666
41736
39578
39667
41737
39579
39668
41738
39580
39669
41739
39581
39670
41740
39582
39671
41741
39583
39672
41742
39584
39673
41743
39585
39674
41744
39586
39675
41745
39587
39676
41746
39588
39677
41747
39589
39678
41748
39590
39679
41749
39591
39680
41750
39592
39681
41751
39593
39682
41752
39594
39683
41753
39595
39684
41754
39596
39685
41755
39597
39686
41756
39598
39687
41757
39599
39688
41758
39689
41759
39601
39690
41760
39602
39691
41761
39603
39692
41762
39604
39693
41763
39605
39694
41764
39606
39695
41765
39607
39696
41766
39608
39697
41767
39609
39698
41768
39610
39699
41769
39611
39700
41770
39612
39701
41771
39613
39702
41772
39614
39703
41773
39615
39704
41774
39616
39705
41775
39617
39706
41776
39618
39707
41777
39619
39708
41778
39620
39709
41779
39621
39710
41780
39622
39711
41781
39623
39712
41782
39624
39713
41783
39625
39714
41784
39626
39715
41785
39627
39716
41786
39628
39717
41787
39629
39718
41788
39630
39719
41789
39631
39720
41790
39632
39721
41791
39633
39722
41792
39634
39723
41793
39635
39724
41794
39636
39725
41795
39637
39726
41796
39638
39727
41797
39639
39728
41798
39640
39729
41799
39641
39730
41800
39642
39731
41801
39643
39732
41802
39644
39733
41803
39645
39734
41804
39646
39735
41805
39647
39736
41806
39648
39737
41807
39649
39738
41808
39650
39739
41809
39651
39740
41810
39652
39741
41811
39653
39742
41812
39654
39743
41813
39655
39744
41814
39656
39745
41815
39657
39746
41816
39658
39747
41817
39659
39748
41818
39660
39749
41819
39661
39750
41820
39662
39751
41821
39663
39752
41822
39664
39753
41823
39665
39754
41824
39666
39755
41825
39667
39756
41826
39668
39757
41827
39669
39758
41828
39670
39759
41829
39671
39760
41830
39672
39761
41831
39673
39762
41832
39674
39763
41833
39675
39764
41834
39676
39765
41835
39677
39766
41836
39678
39767
41837
39679
39768
41838
39680
39769
41839
39681
39770
41840
39682
39771
41841
39683
39772
41842
39684
39773
41843
39685
39774
41844
39686
39775
41845
39687
39776
41846
39688
39777
41847
39689
39778
41848
39779
41849
39691
39780
41850
39692
39781
41851
39693
39782
41852
39694
39783
41853
39695
39784
41854
39696
39785
41855
39697
39786
41856
39698
39787
41857
39699
39788
41858
39700
39789
41859
39701
39790
41860
39702
39791
41861
39703
39792
41862
39704
39793
41863
39705
39794
41864
39706
39795
41865
39707
39796
41866
39708
39797
41867
39709
39798
41868
39710
39799
41869
39711
39800
41870
39712
39801
41871
39713
39802
41872
39714
39803
41873
39715
39804
41874
39716
39805
41875
39717
39806
41876
39718
39807
41877
39719
39808
41878
39720
39809
41879
39721
39810
41880
39722
39811
41881
39723
39812
41882
39724
39813
41883
39725
39814
41884
39726
39815
41885
39727
39816
41886
39728
39817
41887
39729
39818
41888
39730
39819
41889
39731
39820
41890
39732
39821
41891
39733
39822
41892
39734
39823
41893
39735
39824
41894
39736
39825
41895
39737
39826
41896
39738
39827
41897
39739
39828
41898
39740
39829
41899
39741
39830
41900
39742
39831
41901
39743
39832
41902
39744
39833
41903
39745
39834
41904
39746
39835
41905
39747
39836
41906
39748
39837
41907
39749
39838
41908
39750
39839
41909
39751
39840
41910
39752
39841
41911
39753
39842
41912
39754
39843
41913
39755
39844
41914
39756
39845
41915
39757
39846
41916
39758
39847
41917
39759
39848
41918
39760
39849
41919
39761
39850
41920
39762
39851
41921
39763
39852
41922
39764
39853
41923
39765
39854
41924
39766
39855
41925
39767
39856
41926
39768
39857
41927
39769
39858
41928
39770
39859
41929
39771
39860
41930
39772
39861
41931
39773
39862
41932
39774
39863
41933
39775
39864
41934
39776
39865
41935
39777
39866
41936
39778
39867
41937
39779
39868
41938
39869
41939
39781
39870
41940
39782
39871
41941
39783
39872
41942
39784
39873
41943
39785
39874
41944
39786
39875
41945
39787
39876
41946
39788
39877
41947
39789
39878
41948
39790
39879
41949
39791
39880
41950
39792
39881
41951
39793
39882
41952
39794
39883
41953
39795
39884
41954
39796
39885
41955
39797
39886
41956
39798
39887
41957
39799
39888
41958
39800
39889
41959
39801
39890
41960
39802
39891
41961
39803
39892
41962
39804
39893
41963
39805
39894
41964
39806
39895
41965
39807
39896
41966
39808
39897
41967
39809
39898
41968
39810
39899
41969
39811
39900
41970
39812
39901
41971
39813
39902
41972
39814
39903
41973
39815
39904
41974
39816
39905
41975
39817
39906
41976
39818
39907
41977
39819
39908
41978
39820
39909
41979
39821
39910
41980
39822
39911
41981
39823
39912
41982
39824
39913
41983
39825
39914
41984
39826
39915
41985
39827
39916
41986
39828
39917
41987
39829
39918
41988
39830
39919
41989
39831
39920
41990
39832
39921
41991
39833
39922
41992
39834
39923
41993
39835
39924
41994
39836
39925
41995
39837
39926
41996
39838
39927
41997
39839
39928
41998
39840
39929
41999
39841
39930
42000
39842
39931
42001
39843
39932
42002
39844
39933
42003
39845
39934
42004
39846
39935
42005
39847
39936
42006
39848
39937
42007
39849
39938
42008
39850
39939
42009
39851
39940
42010
39852
39941
42011
39853
39942
42012
39854
39943
42013
39855
39944
42014
39856
39945
42015
39857
39946
42016
39858
39947
42017
39859
39948
42018
39860
39949
42019
39861
39950
42020
39862
39951
42021
39863
39952
42022
39864
39953
42023
39865
39954
42024
39866
39955
42025
39867
39956
42026
39868
39957
42027
39869
39958
42028
39959
42029
39871
39960
42030
39872
39961
42031
39873
39962
42032
39874
39963
42033
39875
39964
42034
39876
39965
42035
39877
39966
42036
39878
39967
42037
39879
39968
42038
39880
39969
42039
39881
39970
42040
39882
39971
42041
39883
39972
42042
39884
39973
42043
39885
39974
42044
39886
39975
42045
39887
39976
42046
39888
39977
42047
39889
39978
42048
39890
39979
42049
39891
39980
42050
39892
39981
42051
39893
39982
42052
39894
39983
42053
39895
39984
42054
39896
39985
42055
39897
39986
42056
39898
39987
42057
39899
39988
42058
39900
39989
42059
39901
39990
42060
39902
39991
42061
39903
39992
42062
39904
39993
42063
39905
39994
42064
39906
39995
42065
39907
39996
42066
39908
39997
42067
39909
39998
42068
39910
39999
42069
39911
40000
42070
39912
40001
42071
39913
40002
42072
39914
40003
42073
39915
40004
42074
39916
40005
42075
39917
40006
42076
39918
40007
42077
39919
40008
42078
39920
40009
42079
39921
40010
42080
39922
40011
42081
39923
40012
42082
39924
40013
42083
39925
40014
42084
39926
40015
42085
39927
40016
42086
39928
40017
42087
39929
40018
42088
39930
40019
42089
39931
40020
42090
39932
40021
42091
39933
40022
42092
39934
40023
42093
39935
40024
42094
39936
40025
42095
39937
40026
42096
39938
40027
42097
39939
40028
42098
39940
40029
42099
39941
40030
42100
39942
40031
42101
39943
40032
42102
39944
40033
42103
39945
40034
42104
39946
40035
42105
39947
40036
42106
39948
40037
42107
39949
40038
42108
39950
40039
42109
39951
40040
42110
39952
40041
42111
39953
40042
42112
39954
40043
42113
39955
40044
42114
39956
40045
42115
39957
40046
42116
39958
40047
42117
39959
40048
42118
40049
42119
39961
40050
42120
39962
40051
42121
39963
40052
42122
39964
40053
42123
39965
40054
42124
39966
40055
42125
39967
40056
42126
39968
40057
42127
39969
40058
42128
39970
40059
42129
39971
40060
42130
39972
40061
42131
39973
40062
42132
39974
40063
42133
39975
40064
42134
39976
40065
42135
39977
40066
42136
39978
40067
42137
39979
40068
42138
39980
40069
42139
39981
40070
42140
39982
40071
42141
39983
40072
42142
39984
40073
42143
39985
40074
42144
39986
40075
42145
39987
40076
42146
39988
40077
42147
39989
40078
42148
39990
40079
42149
39991
40080
42150
39992
40081
42151
39993
40082
42152
39994
40083
42153
39995
40084
42154
39996
40085
42155
39997
40086
42156
39998
40087
42157
39999
40088
42158
40000
40089
42159
40001
40090
42160
40002
40091
42161
40003
40092
42162
40004
40093
42163
40005
40094
42164
40006
40095
42165
40007
40096
42166
40008
40097
42167
40009
40098
42168
40010
40099
42169
40011
40100
42170
40012
40101
42171
40013
40102
42172
40014
40103
42173
40015
40104
42174
40016
40105
42175
40017
40106
42176
40018
40107
42177
40019
40108
42178
40020
40109
42179
40021
40110
42180
40022
40111
42181
40023
40112
42182
40024
40113
42183
40025
40114
42184
40026
40115
42185
40027
40116
42186
40028
40117
42187
40029
40118
42188
40030
40119
42189
40031
40120
42190
40032
40121
42191
40033
40122
42192
40034
40123
42193
40035
40124
42194
40036
40125
42195
40037
40126
42196
40038
40127
42197
40039
40128
42198
40040
40129
42199
40041
40130
42200
40042
40131
42201
40043
40132
42202
40044
40133
42203
40045
40134
42204
40046
40135
42205
40047
40136
42206
40048
40137
42207
40049
40138
42208
40139
42209
40051
40140
42210
40052
40141
42211
40053
40142
42212
40054
40143
42213
40055
40144
42214
40056
40145
42215
40057
40146
42216
40058
40147
42217
40059
40148
42218
40060
40149
42219
40061
40150
42220
40062
40151
42221
40063
40152
42222
40064
40153
42223
40065
40154
42224
40066
40155
42225
40067
40156
42226
40068
40157
42227
40069
40158
42228
40070
40159
42229
40071
40160
42230
40072
40161
42231
40073
40162
42232
40074
40163
42233
40075
40164
42234
40076
40165
42235
40077
40166
42236
40078
40167
42237
40079
40168
42238
40080
40169
42239
40081
40170
42240
40082
40171
42241
40083
40172
42242
40084
40173
42243
40085
40174
42244
40086
40175
42245
40087
40176
42246
40088
40177
42247
40089
40178
42248
40090
40179
42249
40091
40180
42250
40092
40181
42251
40093
40182
42252
40094
40183
42253
40095
40184
42254
40096
40185
42255
40097
40186
42256
40098
40187
42257
40099
40188
42258
40100
40189
42259
40101
40190
42260
40102
40191
42261
40103
40192
42262
40104
40193
42263
40105
40194
42264
40106
40195
42265
40107
40196
42266
40108
40197
42267
40109
40198
42268
40110
40199
42269
40111
40200
42270
40112
40201
42271
40113
40202
42272
40114
40203
42273
40115
40204
42274
40116
40205
42275
40117
40206
42276
40118
40207
42277
40119
40208
42278
40120
40209
42279
40121
40210
42280
40122
40211
42281
40123
40212
42282
40124
40213
42283
40125
40214
42284
40126
40215
42285
40127
40216
42286
40128
40217
42287
40129
40218
42288
40130
40219
42289
40131
40220
42290
40132
40221
42291
40133
40222
42292
40134
40223
42293
40135
40224
42294
40136
40225
42295
40137
40226
42296
40138
40227
42297
40139
40228
42298
40229
42299
40141
40230
42300
40142
40231
42301
40143
40232
42302
40144
40233
42303
40145
40234
42304
40146
40235
42305
40147
40236
42306
40148
40237
42307
40149
40238
42308
40150
40239
42309
40151
40240
42310
40152
40241
42311
40153
40242
42312
40154
40243
42313
40155
40244
42314
40156
40245
42315
40157
40246
42316
40158
40247
42317
40159
40248
42318
40160
40249
42319
40161
40250
42320
40162
40251
42321
40163
40252
42322
40164
40253
42323
40165
40254
42324
40166
40255
42325
40167
40256
42326
40168
40257
42327
40169
40258
42328
40170
40259
42329
40171
40260
42330
40172
40261
42331
40173
40262
42332
40174
40263
42333
40175
40264
42334
40176
40265
42335
40177
40266
42336
40178
40267
42337
40179
40268
42338
40180
40269
42339
40181
40270
42340
40182
40271
42341
40183
40272
42342
40184
40273
42343
40185
40274
42344
40186
40275
42345
40187
40276
42346
40188
40277
42347
40189
40278
42348
40190
40279
42349
40191
40280
42350
40192
40281
42351
40193
40282
42352
40194
40283
42353
40195
40284
42354
40196
40285
42355
40197
40286
42356
40198
40287
42357
40199
40288
42358
40200
40289
42359
40201
40290
42360
40202
40291
42361
40203
40292
42362
40204
40293
42363
40205
40294
42364
40206
40295
42365
40207
40296
42366
40208
40297
42367
40209
40298
42368
40210
40299
42369
40211
40300
42370
40212
40301
42371
40213
40302
42372
40214
40303
42373
40215
40304
42374
40216
40305
42375
40217
40306
42376
40218
40307
42377
40219
40308
42378
40220
40309
42379
40221
40310
42380
40222
40311
42381
40223
40312
42382
40224
40313
42383
40225
40314
42384
40226
40315
42385
40227
40316
42386
40228
40317
42387
40229
40318
42388
40319
42389
40231
40320
42390
40232
40321
42391
40233
40322
42392
40234
40323
42393
40235
40324
42394
40236
40325
42395
40237
40326
42396
40238
40327
42397
40239
40328
42398
40240
40329
42399
40241
40330
42400
40242
40331
42401
40243
40332
42402
40244
40333
42403
40245
40334
42404
40246
40335
42405
40247
40336
42406
40248
40337
42407
40249
40338
42408
40250
40339
42409
40251
40340
42410
40252
40341
42411
40253
40342
42412
40254
40343
42413
40255
40344
42414
40256
40345
42415
40257
40346
42416
40258
40347
42417
40259
40348
42418
40260
40349
42419
40261
40350
42420
40262
40351
42421
40263
40352
42422
40264
40353
42423
40265
40354
42424
40266
40355
42425
40267
40356
42426
40268
40357
42427
40269
40358
42428
40270
40359
42429
40271
40360
42430
40272
40361
42431
40273
40362
42432
40274
40363
42433
40275
40364
42434
40276
40365
42435
40277
40366
42436
40278
40367
42437
40279
40368
42438
40280
40369
42439
40281
40370
42440
40282
40371
42441
40283
40372
42442
40284
40373
42443
40285
40374
42444
40286
40375
42445
40287
40376
42446
40288
40377
42447
40289
40378
42448
40290
40379
42449
40291
40380
42450
40292
40381
42451
40293
40382
42452
40294
40383
42453
40295
40384
42454
40296
40385
42455
40297
40386
42456
40298
40387
42457
40299
40388
42458
40300
40389
42459
40301
40390
42460
40302
40391
42461
40303
40392
42462
40304
40393
42463
40305
40394
42464
40306
40395
42465
40307
40396
42466
40308
40397
42467
40309
40398
42468
40310
40399
42469
40311
40400
42470
40312
40401
42471
40313
40402
42472
40314
40403
42473
40315
40404
42474
40316
40405
42475
40317
40406
42476
40318
40407
42477
40319
40408
42478
40409
42479
40321
40410
42480
40322
40411
42481
40323
40412
42482
40324
40413
42483
40325
40414
42484
40326
40415
42485
40327
40416
42486
40328
40417
42487
40329
40418
42488
40330
40419
42489
40331
40420
42490
40332
40421
42491
40333
40422
42492
40334
40423
42493
40335
40424
42494
40336
40425
42495
40337
40426
42496
40338
40427
42497
40339
40428
42498
40340
40429
42499
40341
40430
42500
40342
40431
42501
40343
40432
42502
40344
40433
42503
40345
40434
42504
40346
40435
42505
40347
40436
42506
40348
40437
42507
40349
40438
42508
40350
40439
42509
40351
40440
42510
40352
40441
42511
40353
40442
42512
40354
40443
42513
40355
40444
42514
40356
40445
42515
40357
40446
42516
40358
40447
42517
40359
40448
42518
40360
40449
42519
40361
40450
42520
40362
40451
42521
40363
40452
42522
40364
40453
42523
40365
40454
42524
40366
40455
42525
40367
40456
42526
40368
40457
42527
40369
40458
42528
40370
40459
42529
40371
40460
42530
40372
40461
42531
40373
40462
42532
40374
40463
42533
40375
40464
42534
40376
40465
42535
40377
40466
42536
40378
40467
42537
40379
40468
42538
40380
40469
42539
40381
40470
42540
40382
40471
42541
40383
40472
42542
40384
40473
42543
40385
40474
42544
40386
40475
42545
40387
40476
42546
40388
40477
42547
40389
40478
42548
40390
40479
42549
40391
40480
42550
40392
40481
42551
40393
40482
42552
40394
40483
42553
40395
40484
42554
40396
40485
42555
40397
40486
42556
40398
40487
42557
40399
40488
42558
40400
40489
42559
40401
40490
42560
40402
40491
42561
40403
40492
42562
40404
40493
42563
40405
40494
42564
40406
40495
42565
40407
40496
42566
40408
40497
42567
40409
40498
42568
40499
42569
40411
40500
42570
40412
40501
42571
40413
40502
42572
40414
40503
42573
40415
40504
42574
40416
40505
42575
40417
40506
42576
40418
40507
42577
40419
40508
42578
40420
40509
42579
40421
40510
42580
40422
40511
42581
40423
40512
42582
40424
40513
42583
40425
40514
42584
40426
40515
42585
40427
40516
42586
40428
40517
42587
40429
40518
42588
40430
40519
42589
40431
40520
42590
40432
40521
42591
40433
40522
42592
40434
40523
42593
40435
40524
42594
40436
40525
42595
40437
40526
42596
40438
40527
42597
40439
40528
42598
40440
40529
42599
40441
40530
42600
40442
40531
42601
40443
40532
42602
40444
40533
42603
40445
40534
42604
40446
40535
42605
40447
40536
42606
40448
40537
42607
40449
40538
42608
40450
40539
42609
40451
40540
42610
40452
40541
42611
40453
40542
42612
40454
40543
42613
40455
40544
42614
40456
40545
42615
40457
40546
42616
40458
40547
42617
40459
40548
42618
40460
40549
42619
40461
40550
42620
40462
40551
42621
40463
40552
42622
40464
40553
42623
40465
40554
42624
40466
40555
42625
40467
40556
42626
40468
40557
42627
40469
40558
42628
40470
40559
42629
40471
40560
42630
40472
40561
42631
40473
40562
42632
40474
40563
42633
40475
40564
42634
40476
40565
42635
40477
40566
42636
40478
40567
42637
40479
40568
42638
40480
40569
42639
40481
40570
42640
40482
40571
42641
40483
40572
42642
40484
40573
42643
40485
40574
42644
40486
40575
42645
40487
40576
42646
40488
40577
42647
40489
40578
42648
40490
40579
42649
40491
40580
42650
40492
40581
42651
40493
40582
42652
40494
40583
42653
40495
40584
42654
40496
40585
42655
40497
40586
42656
40498
40587
42657
40499
40588
42658
40589
42659
40501
40590
42660
40502
40591
42661
40503
40592
42662
40504
40593
42663
40505
40594
42664
40506
40595
42665
40507
40596
42666
40508
40597
42667
40509
40598
42668
40510
40599
42669
40511
40600
42670
40512
40601
42671
40513
40602
42672
40514
40603
42673
40515
40604
42674
40516
40605
42675
40517
40606
42676
40518
40607
42677
40519
40608
42678
40520
40609
42679
40521
40610
42680
40522
40611
42681
40523
40612
42682
40524
40613
42683
40525
40614
42684
40526
40615
42685
40527
40616
42686
40528
40617
42687
40529
40618
42688
40530
40619
42689
40531
40620
42690
40532
40621
42691
40533
40622
42692
40534
40623
42693
40535
40624
42694
40536
40625
42695
40537
40626
42696
40538
40627
42697
40539
40628
42698
40540
40629
42699
40541
40630
42700
40542
40631
42701
40543
40632
42702
40544
40633
42703
40545
40634
42704
40546
40635
42705
40547
40636
42706
40548
40637
42707
40549
40638
42708
40550
40639
42709
40551
40640
42710
40552
40641
42711
40553
40642
42712
40554
40643
42713
40555
40644
42714
40556
40645
42715
40557
40646
42716
40558
40647
42717
40559
40648
42718
40560
40649
42719
40561
40650
42720
40562
40651
42721
40563
40652
42722
40564
40653
42723
40565
40654
42724
40566
40655
42725
40567
40656
42726
40568
40657
42727
40569
40658
42728
40570
40659
42729
40571
40660
42730
40572
40661
42731
40573
40662
42732
40574
40663
42733
40575
40664
42734
40576
40665
42735
40577
40666
42736
40578
40667
42737
40579
40668
42738
40580
40669
42739
40581
40670
42740
40582
40671
42741
40583
40672
42742
40584
40673
42743
40585
40674
42744
40586
40675
42745
40587
40676
42746
40588
40677
42747
40589
40678
42748
40679
42749
40591
40680
42750
40592
40681
42751
40593
40682
42752
40594
40683
42753
40595
40684
42754
40596
40685
42755
40597
40686
42756
40598
40687
42757
40599
40688
42758
40600
40689
42759
40601
40690
42760
40602
40691
42761
40603
40692
42762
40604
40693
42763
40605
40694
42764
40606
40695
42765
40607
40696
42766
40608
40697
42767
40609
40698
42768
40610
40699
42769
40611
40700
42770
40612
40701
42771
40613
40702
42772
40614
40703
42773
40615
40704
42774
40616
40705
42775
40617
40706
42776
40618
40707
42777
40619
40708
42778
40620
40709
42779
40621
40710
42780
40622
40711
42781
40623
40712
42782
40624
40713
42783
40625
40714
42784
40626
40715
42785
40627
40716
42786
40628
40717
42787
40629
40718
42788
40630
40719
42789
40631
40720
42790
40632
40721
42791
40633
40722
42792
40634
40723
42793
40635
40724
42794
40636
40725
42795
40637
40726
42796
40638
40727
42797
40639
40728
42798
40640
40729
42799
40641
40730
42800
40642
40731
42801
40643
40732
42802
40644
40733
42803
40645
40734
42804
40646
40735
42805
40647
40736
42806
40648
40737
42807
40649
40738
42808
40650
40739
42809
40651
40740
42810
40652
40741
42811
40653
40742
42812
40654
40743
42813
40655
40744
42814
40656
40745
42815
40657
40746
42816
40658
40747
42817
40659
40748
42818
40660
40749
42819
40661
40750
42820
40662
40751
42821
40663
40752
42822
40664
40753
42823
40665
40754
42824
40666
40755
42825
40667
40756
42826
40668
40757
42827
40669
40758
42828
40670
40759
42829
40671
40760
42830
40672
40761
42831
40673
40762
42832
40674
40763
42833
40675
40764
42834
40676
40765
42835
40677
40766
42836
40678
40767
42837
40679
40768
42838
40769
42839
40681
40770
42840
40682
40771
42841
40683
40772
42842
40684
40773
42843
40685
40774
42844
40686
40775
42845
40687
40776
42846
40688
40777
42847
40689
40778
42848
40690
40779
42849
40691
40780
42850
40692
40781
42851
40693
40782
42852
40694
40783
42853
40695
40784
42854
40696
40785
42855
40697
40786
42856
40698
40787
42857
40699
40788
42858
40700
40789
42859
40701
40790
42860
40702
40791
42861
40703
40792
42862
40704
40793
42863
40705
40794
42864
40706
40795
42865
40707
40796
42866
40708
40797
42867
40709
40798
42868
40710
40799
42869
40711
40800
42870
40712
40801
42871
40713
40802
42872
40714
40803
42873
40715
40804
42874
40716
40805
42875
40717
40806
42876
40718
40807
42877
40719
40808
42878
40720
40809
42879
40721
40810
42880
40722
40811
42881
40723
40812
42882
40724
40813
42883
40725
40814
42884
40726
40815
42885
40727
40816
42886
40728
40817
42887
40729
40818
42888
40730
40819
42889
40731
40820
42890
40732
40821
42891
40733
40822
42892
40734
40823
42893
40735
40824
42894
40736
40825
42895
40737
40826
42896
40738
40827
42897
40739
40828
42898
40740
40829
42899
40741
40830
42900
40742
40831
42901
40743
40832
42902
40744
40833
42903
40745
40834
42904
40746
40835
42905
40747
40836
42906
40748
40837
42907
40749
40838
42908
40750
40839
42909
40751
40840
42910
40752
40841
42911
40753
40842
42912
40754
40843
42913
40755
40844
42914
40756
40845
42915
40757
40846
42916
40758
40847
42917
40759
40848
42918
40760
40849
42919
40761
40850
42920
40762
40851
42921
40763
40852
42922
40764
40853
42923
40765
40854
42924
40766
40855
42925
40767
40856
42926
40768
40857
42927
40769
40858
42928
40859
42929
40771
40860
42930
40772
40861
42931
40773
40862
42932
40774
40863
42933
40775
40864
42934
40776
40865
42935
40777
40866
42936
40778
40867
42937
40779
40868
42938
40780
40869
42939
40781
40870
42940
40782
40871
42941
40783
40872
42942
40784
40873
42943
40785
40874
42944
40786
40875
42945
40787
40876
42946
40788
40877
42947
40789
40878
42948
40790
40879
42949
40791
40880
42950
40792
40881
42951
40793
40882
42952
40794
40883
42953
40795
40884
42954
40796
40885
42955
40797
40886
42956
40798
40887
42957
40799
40888
42958
40800
40889
42959
40801
40890
42960
40802
40891
42961
40803
40892
42962
40804
40893
42963
40805
40894
42964
40806
40895
42965
40807
40896
42966
40808
40897
42967
40809
40898
42968
40810
40899
42969
40811
40900
42970
40812
40901
42971
40813
40902
42972
40814
40903
42973
40815
40904
42974
40816
40905
42975
40817
40906
42976
40818
40907
42977
40819
40908
42978
40820
40909
42979
40821
40910
42980
40822
40911
42981
40823
40912
42982
40824
40913
42983
40825
40914
42984
40826
40915
42985
40827
40916
42986
40828
40917
42987
40829
40918
42988
40830
40919
42989
40831
40920
42990
40832
40921
42991
40833
40922
42992
40834
40923
42993
40835
40924
42994
40836
40925
42995
40837
40926
42996
40838
40927
42997
40839
40928
42998
40840
40929
42999
40841
40930
43000
40842
40931
43001
40843
40932
43002
40844
40933
43003
40845
40934
43004
40846
40935
43005
40847
40936
43006
40848
40937
43007
40849
40938
43008
40850
40939
43009
40851
40940
43010
40852
40941
43011
40853
40942
43012
40854
40943
43013
40855
40944
43014
40856
40945
43015
40857
40946
43016
40858
40947
43017
40859
40948
43018
40949
43019
40861
40950
43020
40862
40951
43021
40863
40952
43022
40864
40953
43023
40865
40954
43024
40866
40955
43025
40867
40956
43026
40868
40957
43027
40869
40958
43028
40870
40959
43029
40871
40960
43030
40872
40961
43031
40873
40962
43032
40874
40963
43033
40875
40964
43034
40876
40965
43035
40877
40966
43036
40878
40967
43037
40879
40968
43038
40880
40969
43039
40881
40970
43040
40882
40971
43041
40883
40972
43042
40884
40973
43043
40885
40974
43044
40886
40975
43045
40887
40976
43046
40888
40977
43047
40889
40978
43048
40890
40979
43049
40891
40980
43050
40892
40981
43051
40893
40982
43052
40894
40983
43053
40895
40984
43054
40896
40985
43055
40897
40986
43056
40898
40987
43057
40899
40988
43058
40900
40989
43059
40901
40990
43060
40902
40991
43061
40903
40992
43062
40904
40993
43063
40905
40994
43064
40906
40995
43065
40907
40996
43066
40908
40997
43067
40909
40998
43068
40910
40999
43069
40911
41000
43070
40912
41001
43071
40913
41002
43072
40914
41003
43073
40915
41004
43074
40916
41005
43075
40917
41006
43076
40918
41007
43077
40919
41008
43078
40920
41009
43079
40921
41010
43080
40922
41011
43081
40923
41012
43082
40924
41013
43083
40925
41014
43084
40926
41015
43085
40927
41016
43086
40928
41017
43087
40929
41018
43088
40930
41019
43089
40931
41020
43090
40932
41021
43091
40933
41022
43092
40934
41023
43093
40935
41024
43094
40936
41025
43095
40937
41026
43096
40938
41027
43097
40939
41028
43098
40940
41029
43099
40941
41030
43100
40942
41031
43101
40943
41032
43102
40944
41033
43103
40945
41034
43104
40946
41035
43105
40947
41036
43106
40948
41037
43107
40949
41038
43108
41039
43109
40951
43110
40952
43111
40953
43112
40954
43113
40955
43114
40956
43115
40957
43116
40958
43117
40959
43118
40960
43119
40961
43120
40962
43121
40963
43122
40964
43123
40965
43124
40966
43125
40967
43126
40968
43127
40969
43128
40970
43129
40971
43130
40972
43131
40973
43132
40974
43133
40975
43134
40976
43135
40977
43136
40978
43137
40979
43138
40980
43139
40981
43140
40982
43141
40983
43142
40984
43143
40985
43144
40986
43145
40987
43146
40988
43147
40989
43148
40990
43149
40991
43150
40992
43151
40993
43152
40994
43153
40995
43154
40996
43155
40997
43156
40998
43157
40999
43158
41000
43159
41001
43160
41002
43161
41003
43162
41004
43163
41005
43164
41006
43165
41007
43166
41008
43167
41009
43168
41010
43169
41011
43170
41012
43171
41013
43172
41014
43173
41015
43174
41016
43175
41017
43176
41018
43177
41019
43178
41020
43179
41021
43180
41022
43181
41023
43182
41024
43183
41025
43184
41026
43185
41027
43186
41028
43187
41029
43188
41030
43189
41031
43190
41032
43191
41033
43192
41034
43193
41035
43194
41036
43195
41037
43196
41038
43197
41039
43198
43199
41041
41130
43200
41042
41131
43201
41043
41132
43202
41044
41133
43203
41045
41134
43204
41046
41135
43205
41047
41136
43206
41048
41137
43207
41049
41138
43208
41050
41139
43209
41051
41140
43210
41052
41141
43211
41053
41142
43212
41054
41143
43213
41055
41144
43214
41056
41145
43215
41057
41146
43216
41058
41147
43217
41059
41148
43218
41060
41149
43219
41061
41150
43220
41062
41151
43221
41063
41152
43222
41064
41153
43223
41065
41154
43224
41066
41155
43225
41067
41156
43226
41068
41157
43227
41069
41158
43228
41070
41159
43229
41071
41160
43230
41072
41161
43231
41073
41162
43232
41074
41163
43233
41075
41164
43234
41076
41165
43235
41077
41166
43236
41078
41167
43237
41079
41168
43238
41080
41169
43239
41081
41170
43240
41082
41171
43241
41083
41172
43242
41084
41173
43243
41085
41174
43244
41086
41175
43245
41087
41176
43246
41088
41177
43247
41089
41178
43248
41090
41179
43249
41091
41180
43250
41092
41181
43251
41093
41182
43252
41094
41183
43253
41095
41184
43254
41096
41185
43255
41097
41186
43256
41098
41187
43257
41099
41188
43258
41100
41189
43259
41101
41190
43260
41102
41191
43261
41103
41192
43262
41104
41193
43263
41105
41194
43264
41106
41195
43265
41107
41196
43266
41108
41197
43267
41109
41198
43268
41110
41199
43269
41111
41200
43270
41112
41201
43271
41113
41202
43272
41114
41203
43273
41115
41204
43274
41116
41205
43275
41117
41206
43276
41118
41207
43277
41119
41208
43278
41120
41209
43279
41121
41210
43280
41122
41211
43281
41123
41212
43282
41124
41213
43283
41125
41214
43284
41126
41215
43285
41127
41216
43286
41128
41217
43287
41129
41218
43288
41219
43289
41131
41220
43290
41132
41221
43291
41133
41222
43292
41134
41223
43293
41135
41224
43294
41136
41225
43295
41137
41226
43296
41138
41227
43297
41139
41228
43298
41140
41229
43299
41141
41230
43300
41142
41231
43301
41143
41232
43302
41144
41233
43303
41145
41234
43304
41146
41235
43305
41147
41236
43306
41148
41237
43307
41149
41238
43308
41150
41239
43309
41151
41240
43310
41152
41241
43311
41153
41242
43312
41154
41243
43313
41155
41244
43314
41156
41245
43315
41157
41246
43316
41158
41247
43317
41159
41248
43318
41160
41249
43319
41161
41250
43320
41162
41251
43321
41163
41252
43322
41164
41253
43323
41165
41254
43324
41166
41255
43325
41167
41256
43326
41168
41257
43327
41169
41258
43328
41170
41259
43329
41171
41260
43330
41172
41261
43331
41173
41262
43332
41174
41263
43333
41175
41264
43334
41176
41265
43335
41177
41266
43336
41178
41267
43337
41179
41268
43338
41180
41269
43339
41181
41270
43340
41182
41271
43341
41183
41272
43342
41184
41273
43343
41185
41274
43344
41186
41275
43345
41187
41276
43346
41188
41277
43347
41189
41278
43348
41190
41279
43349
41191
41280
43350
41192
41281
43351
41193
41282
43352
41194
41283
43353
41195
41284
43354
41196
41285
43355
41197
41286
43356
41198
41287
43357
41199
41288
43358
41200
41289
43359
41201
41290
43360
41202
41291
43361
41203
41292
43362
41204
41293
43363
41205
41294
43364
41206
41295
43365
41207
41296
43366
41208
41297
43367
41209
41298
43368
41210
41299
43369
41211
41300
43370
41212
41301
43371
41213
41302
43372
41214
41303
43373
41215
41304
43374
41216
41305
43375
41217
41306
43376
41218
41307
43377
41219
41308
43378
41309
43379
41221
41310
43380
41222
41311
43381
41223
41312
43382
41224
41313
43383
41225
41314
43384
41226
41315
43385
41227
41316
43386
41228
41317
43387
41229
41318
43388
41230
41319
43389
41231
41320
43390
41232
41321
43391
41233
41322
43392
41234
41323
43393
41235
41324
43394
41236
41325
43395
41237
41326
43396
41238
41327
43397
41239
41328
43398
41240
41329
43399
41241
41330
43400
41242
41331
43401
41243
41332
43402
41244
41333
43403
41245
41334
43404
41246
41335
43405
41247
41336
43406
41248
41337
43407
41249
41338
43408
41250
41339
43409
41251
41340
43410
41252
41341
43411
41253
41342
43412
41254
41343
43413
41255
41344
43414
41256
41345
43415
41257
41346
43416
41258
41347
43417
41259
41348
43418
41260
41349
43419
41261
41350
43420
41262
41351
43421
41263
41352
43422
41264
41353
43423
41265
41354
43424
41266
41355
43425
41267
41356
43426
41268
41357
43427
41269
41358
43428
41270
41359
43429
41271
41360
43430
41272
41361
43431
41273
41362
43432
41274
41363
43433
41275
41364
43434
41276
41365
43435
41277
41366
43436
41278
41367
43437
41279
41368
43438
41280
41369
43439
41281
41370
43440
41282
41371
43441
41283
41372
43442
41284
41373
43443
41285
41374
43444
41286
41375
43445
41287
41376
43446
41288
41377
43447
41289
41378
43448
41290
41379
43449
41291
41380
43450
41292
41381
43451
41293
41382
43452
41294
41383
43453
41295
41384
43454
41296
41385
43455
41297
41386
43456
41298
41387
43457
41299
41388
43458
41300
41389
43459
41301
41390
43460
41302
41391
43461
41303
41392
43462
41304
41393
43463
41305
41394
43464
41306
41395
43465
41307
41396
43466
41308
41397
43467
41309
41398
43468
41399
43469
41311
41400
43470
41312
41401
43471
41313
41402
43472
41314
41403
43473
41315
41404
43474
41316
41405
43475
41317
41406
43476
41318
41407
43477
41319
41408
43478
41320
41409
43479
41321
41410
43480
41322
41411
43481
41323
41412
43482
41324
41413
43483
41325
41414
43484
41326
41415
43485
41327
41416
43486
41328
41417
43487
41329
41418
43488
41330
41419
43489
41331
41420
43490
41332
41421
43491
41333
41422
43492
41334
41423
43493
41335
41424
43494
41336
41425
43495
41337
41426
43496
41338
41427
43497
41339
41428
43498
41340
41429
43499
41341
41430
43500
41342
41431
43501
41343
41432
43502
41344
41433
43503
41345
41434
43504
41346
41435
43505
41347
41436
43506
41348
41437
43507
41349
41438
43508
41350
41439
43509
41351
41440
43510
41352
41441
43511
41353
41442
43512
41354
41443
43513
41355
41444
43514
41356
41445
43515
41357
41446
43516
41358
41447
43517
41359
41448
43518
41360
41449
43519
41361
41450
43520
41362
41451
43521
41363
41452
43522
41364
41453
43523
41365
41454
43524
41366
41455
43525
41367
41456
43526
41368
41457
43527
41369
41458
43528
41370
41459
43529
41371
41460
43530
41372
41461
43531
41373
41462
43532
41374
41463
43533
41375
41464
43534
41376
41465
43535
41377
41466
43536
41378
41467
43537
41379
41468
43538
41380
41469
43539
41381
41470
43540
41382
41471
43541
41383
41472
43542
41384
41473
43543
41385
41474
43544
41386
41475
43545
41387
41476
43546
41388
41477
43547
41389
41478
43548
41390
41479
43549
41391
41480
43550
41392
41481
43551
41393
41482
43552
41394
41483
43553
41395
41484
43554
41396
41485
43555
41397
41486
43556
41398
41487
43557
41399
41488
43558
41489
43559
41401
41490
43560
41402
41491
43561
41403
41492
43562
41404
41493
43563
41405
41494
43564
41406
41495
43565
41407
41496
43566
41408
41497
43567
41409
41498
43568
41410
41499
43569
41411
41500
43570
41412
41501
43571
41413
41502
43572
41414
41503
43573
41415
41504
43574
41416
41505
43575
41417
41506
43576
41418
41507
43577
41419
41508
43578
41420
41509
43579
41421
41510
43580
41422
41511
43581
41423
41512
43582
41424
41513
43583
41425
41514
43584
41426
41515
43585
41427
41516
43586
41428
41517
43587
41429
41518
43588
41430
41519
43589
41431
41520
43590
41432
41521
43591
41433
41522
43592
41434
41523
43593
41435
41524
43594
41436
41525
43595
41437
41526
43596
41438
41527
43597
41439
41528
43598
41440
41529
43599
41441
41530
43600
41442
41531
43601
41443
41532
43602
41444
41533
43603
41445
41534
43604
41446
41535
43605
41447
41536
43606
41448
41537
43607
41449
41538
43608
41450
41539
43609
41451
41540
43610
41452
41541
43611
41453
41542
43612
41454
41543
43613
41455
41544
43614
41456
41545
43615
41457
41546
43616
41458
41547
43617
41459
41548
43618
41460
41549
43619
41461
41550
43620
41462
41551
43621
41463
41552
43622
41464
41553
43623
41465
41554
43624
41466
41555
43625
41467
41556
43626
41468
41557
43627
41469
41558
43628
41470
41559
43629
41471
41560
43630
41472
41561
43631
41473
41562
43632
41474
41563
43633
41475
41564
43634
41476
41565
43635
41477
41566
43636
41478
41567
43637
41479
41568
43638
41480
41569
43639
41481
41570
43640
41482
41571
43641
41483
41572
43642
41484
41573
43643
41485
41574
43644
41486
41575
43645
41487
41576
43646
41488
41577
43647
41489
41578
43648
41579
43649
41491
41580
43650
41492
41581
43651
41493
41582
43652
41494
41583
43653
41495
41584
43654
41496
41585
43655
41497
41586
43656
41498
41587
43657
41499
41588
43658
41500
41589
43659
41501
41590
43660
41502
41591
43661
41503
41592
43662
41504
41593
43663
41505
41594
43664
41506
41595
43665
41507
41596
43666
41508
41597
43667
41509
41598
43668
41510
41599
43669
41511
41600
43670
41512
41601
43671
41513
41602
43672
41514
41603
43673
41515
41604
43674
41516
41605
43675
41517
41606
43676
41518
41607
43677
41519
41608
43678
41520
41609
43679
41521
41610
43680
41522
41611
43681
41523
41612
43682
41524
41613
43683
41525
41614
43684
41526
41615
43685
41527
41616
43686
41528
41617
43687
41529
41618
43688
41530
41619
43689
41531
41620
43690
41532
41621
43691
41533
41622
43692
41534
41623
43693
41535
41624
43694
41536
41625
43695
41537
41626
43696
41538
41627
43697
41539
41628
43698
41540
41629
43699
41541
41630
43700
41542
41631
43701
41543
41632
43702
41544
41633
43703
41545
41634
43704
41546
41635
43705
41547
41636
43706
41548
41637
43707
41549
41638
43708
41550
41639
43709
41551
41640
43710
41552
41641
43711
41553
41642
43712
41554
41643
43713
41555
41644
43714
41556
41645
43715
41557
41646
43716
41558
41647
43717
41559
41648
43718
41560
41649
43719
41561
41650
43720
41562
41651
43721
41563
41652
43722
41564
41653
43723
41565
41654
43724
41566
41655
43725
41567
41656
43726
41568
41657
43727
41569
41658
43728
41570
41659
43729
41571
41660
43730
41572
41661
43731
41573
41662
43732
41574
41663
43733
41575
41664
43734
41576
41665
43735
41577
41666
43736
41578
41667
43737
41579
41668
43738
41669
43739
41581
41670
43740
41582
41671
43741
41583
41672
43742
41584
41673
43743
41585
41674
43744
41586
41675
43745
41587
41676
43746
41588
41677
43747
41589
41678
43748
41590
41679
43749
41591
41680
43750
41592
41681
43751
41593
41682
43752
41594
41683
43753
41595
41684
43754
41596
41685
43755
41597
41686
43756
41598
41687
43757
41599
41688
43758
41600
41689
43759
41601
41690
43760
41602
41691
43761
41603
41692
43762
41604
41693
43763
41605
41694
43764
41606
41695
43765
41607
41696
43766
41608
41697
43767
41609
41698
43768
41610
41699
43769
41611
41700
43770
41612
41701
43771
41613
41702
43772
41614
41703
43773
41615
41704
43774
41616
41705
43775
41617
41706
43776
41618
41707
43777
41619
41708
43778
41620
41709
43779
41621
41710
43780
41622
41711
43781
41623
41712
43782
41624
41713
43783
41625
41714
43784
41626
41715
43785
41627
41716
43786
41628
41717
43787
41629
41718
43788
41630
41719
43789
41631
41720
43790
41632
41721
43791
41633
41722
43792
41634
41723
43793
41635
41724
43794
41636
41725
43795
41637
41726
43796
41638
41727
43797
41639
41728
43798
41640
41729
43799
41641
41730
43800
41642
41731
43801
41643
41732
43802
41644
41733
43803
41645
41734
43804
41646
41735
43805
41647
41736
43806
41648
41737
43807
41649
41738
43808
41650
41739
43809
41651
41740
43810
41652
41741
43811
41653
41742
43812
41654
41743
43813
41655
41744
43814
41656
41745
43815
41657
41746
43816
41658
41747
43817
41659
41748
43818
41660
41749
43819
41661
41750
43820
41662
41751
43821
41663
41752
43822
41664
41753
43823
41665
41754
43824
41666
41755
43825
41667
41756
43826
41668
41757
43827
41669
41758
43828
41759
43829
41671
41760
43830
41672
41761
43831
41673
41762
43832
41674
41763
43833
41675
41764
43834
41676
41765
43835
41677
41766
43836
41678
41767
43837
41679
41768
43838
41680
41769
43839
41681
41770
43840
41682
41771
43841
41683
41772
43842
41684
41773
43843
41685
41774
43844
41686
41775
43845
41687
41776
43846
41688
41777
43847
41689
41778
43848
41690
41779
43849
41691
41780
43850
41692
41781
43851
41693
41782
43852
41694
41783
43853
41695
41784
43854
41696
41785
43855
41697
41786
43856
41698
41787
43857
41699
41788
43858
41700
41789
43859
41701
41790
43860
41702
41791
43861
41703
41792
43862
41704
41793
43863
41705
41794
43864
41706
41795
43865
41707
41796
43866
41708
41797
43867
41709
41798
43868
41710
41799
43869
41711
41800
43870
41712
41801
43871
41713
41802
43872
41714
41803
43873
41715
41804
43874
41716
41805
43875
41717
41806
43876
41718
41807
43877
41719
41808
43878
41720
41809
43879
41721
41810
43880
41722
41811
43881
41723
41812
43882
41724
41813
43883
41725
41814
43884
41726
41815
43885
41727
41816
43886
41728
41817
43887
41729
41818
43888
41730
41819
43889
41731
41820
43890
41732
41821
43891
41733
41822
43892
41734
41823
43893
41735
41824
43894
41736
41825
43895
41737
41826
43896
41738
41827
43897
41739
41828
43898
41740
41829
43899
41741
41830
43900
41742
41831
43901
41743
41832
43902
41744
41833
43903
41745
41834
43904
41746
41835
43905
41747
41836
43906
41748
41837
43907
41749
41838
43908
41750
41839
43909
41751
41840
43910
41752
41841
43911
41753
41842
43912
41754
41843
43913
41755
41844
43914
41756
41845
43915
41757
41846
43916
41758
41847
43917
41759
41848
43918
41849
43919
41761
41850
43920
41762
41851
43921
41763
41852
43922
41764
41853
43923
41765
41854
43924
41766
41855
43925
41767
41856
43926
41768
41857
43927
41769
41858
43928
41770
41859
43929
41771
41860
43930
41772
41861
43931
41773
41862
43932
41774
41863
43933
41775
41864
43934
41776
41865
43935
41777
41866
43936
41778
41867
43937
41779
41868
43938
41780
41869
43939
41781
41870
43940
41782
41871
43941
41783
41872
43942
41784
41873
43943
41785
41874
43944
41786
41875
43945
41787
41876
43946
41788
41877
43947
41789
41878
43948
41790
41879
43949
41791
41880
43950
41792
41881
43951
41793
41882
43952
41794
41883
43953
41795
41884
43954
41796
41885
43955
41797
41886
43956
41798
41887
43957
41799
41888
43958
41800
41889
43959
41801
41890
43960
41802
41891
43961
41803
41892
43962
41804
41893
43963
41805
41894
43964
41806
41895
43965
41807
41896
43966
41808
41897
43967
41809
41898
43968
41810
41899
43969
41811
41900
43970
41812
41901
43971
41813
41902
43972
41814
41903
43973
41815
41904
43974
41816
41905
43975
41817
41906
43976
41818
41907
43977
41819
41908
43978
41820
41909
43979
41821
41910
43980
41822
41911
43981
41823
41912
43982
41824
41913
43983
41825
41914
43984
41826
41915
43985
41827
41916
43986
41828
41917
43987
41829
41918
43988
41830
41919
43989
41831
41920
43990
41832
41921
43991
41833
41922
43992
41834
41923
43993
41835
41924
43994
41836
41925
43995
41837
41926
43996
41838
41927
43997
41839
41928
43998
41840
41929
43999
41841
41930
44000
41842
41931
44001
41843
41932
44002
41844
41933
44003
41845
41934
44004
41846
41935
44005
41847
41936
44006
41848
41937
44007
41849
41938
44008
41939
44009
41851
41940
44010
41852
41941
44011
41853
41942
44012
41854
41943
44013
41855
41944
44014
41856
41945
44015
41857
41946
44016
41858
41947
44017
41859
41948
44018
41860
41949
44019
41861
41950
44020
41862
41951
44021
41863
41952
44022
41864
41953
44023
41865
41954
44024
41866
41955
44025
41867
41956
44026
41868
41957
44027
41869
41958
44028
41870
41959
44029
41871
41960
44030
41872
41961
44031
41873
41962
44032
41874
41963
44033
41875
41964
44034
41876
41965
44035
41877
41966
44036
41878
41967
44037
41879
41968
44038
41880
41969
44039
41881
41970
44040
41882
41971
44041
41883
41972
44042
41884
41973
44043
41885
41974
44044
41886
41975
44045
41887
41976
44046
41888
41977
44047
41889
41978
44048
41890
41979
44049
41891
41980
44050
41892
41981
44051
41893
41982
44052
41894
41983
44053
41895
41984
44054
41896
41985
44055
41897
41986
44056
41898
41987
44057
41899
41988
44058
41900
41989
44059
41901
41990
44060
41902
41991
44061
41903
41992
44062
41904
41993
44063
41905
41994
44064
41906
41995
44065
41907
41996
44066
41908
41997
44067
41909
41998
44068
41910
41999
44069
41911
42000
44070
41912
42001
44071
41913
42002
44072
41914
42003
44073
41915
42004
44074
41916
42005
44075
41917
42006
44076
41918
42007
44077
41919
42008
44078
41920
42009
44079
41921
42010
44080
41922
42011
44081
41923
42012
44082
41924
42013
44083
41925
42014
44084
41926
42015
44085
41927
42016
44086
41928
42017
44087
41929
42018
44088
41930
42019
44089
41931
42020
44090
41932
42021
44091
41933
42022
44092
41934
42023
44093
41935
42024
44094
41936
42025
44095
41937
42026
44096
41938
42027
44097
41939
42028
44098
42029
44099
41941
42030
44100
41942
42031
44101
41943
42032
44102
41944
42033
44103
41945
42034
44104
41946
42035
44105
41947
42036
44106
41948
42037
44107
41949
42038
44108
41950
42039
44109
41951
42040
44110
41952
42041
44111
41953
42042
44112
41954
42043
44113
41955
42044
44114
41956
42045
44115
41957
42046
44116
41958
42047
44117
41959
42048
44118
41960
42049
44119
41961
42050
44120
41962
42051
44121
41963
42052
44122
41964
42053
44123
41965
42054
44124
41966
42055
44125
41967
42056
44126
41968
42057
44127
41969
42058
44128
41970
42059
44129
41971
42060
44130
41972
42061
44131
41973
42062
44132
41974
42063
44133
41975
42064
44134
41976
42065
44135
41977
42066
44136
41978
42067
44137
41979
42068
44138
41980
42069
44139
41981
42070
44140
41982
42071
44141
41983
42072
44142
41984
42073
44143
41985
42074
44144
41986
42075
44145
41987
42076
44146
41988
42077
44147
41989
42078
44148
41990
42079
44149
41991
42080
44150
41992
42081
44151
41993
42082
44152
41994
42083
44153
41995
42084
44154
41996
42085
44155
41997
42086
44156
41998
42087
44157
41999
42088
44158
42000
42089
44159
42001
42090
44160
42002
42091
44161
42003
42092
44162
42004
42093
44163
42005
42094
44164
42006
42095
44165
42007
42096
44166
42008
42097
44167
42009
42098
44168
42010
42099
44169
42011
42100
44170
42012
42101
44171
42013
42102
44172
42014
42103
44173
42015
42104
44174
42016
42105
44175
42017
42106
44176
42018
42107
44177
42019
42108
44178
42020
42109
44179
42021
42110
44180
42022
42111
44181
42023
42112
44182
42024
42113
44183
42025
42114
44184
42026
42115
44185
42027
42116
44186
42028
42117
44187
42029
42118
44188
42119
44189
42031
42120
44190
42032
42121
44191
42033
42122
44192
42034
42123
44193
42035
42124
44194
42036
42125
44195
42037
42126
44196
42038
42127
44197
42039
42128
44198
42040
42129
44199
42041
42130
44200
42042
42131
44201
42043
42132
44202
42044
42133
44203
42045
42134
44204
42046
42135
44205
42047
42136
44206
42048
42137
44207
42049
42138
44208
42050
42139
44209
42051
42140
44210
42052
42141
44211
42053
42142
44212
42054
42143
44213
42055
42144
44214
42056
42145
44215
42057
42146
44216
42058
42147
44217
42059
42148
44218
42060
42149
44219
42061
42150
44220
42062
42151
44221
42063
42152
44222
42064
42153
44223
42065
42154
44224
42066
42155
44225
42067
42156
44226
42068
42157
44227
42069
42158
44228
42070
42159
44229
42071
42160
44230
42072
42161
44231
42073
42162
44232
42074
42163
44233
42075
42164
44234
42076
42165
44235
42077
42166
44236
42078
42167
44237
42079
42168
44238
42080
42169
44239
42081
42170
44240
42082
42171
44241
42083
42172
44242
42084
42173
44243
42085
42174
44244
42086
42175
44245
42087
42176
44246
42088
42177
44247
42089
42178
44248
42090
42179
44249
42091
42180
44250
42092
42181
44251
42093
42182
44252
42094
42183
44253
42095
42184
44254
42096
42185
44255
42097
42186
44256
42098
42187
44257
42099
42188
44258
42100
42189
44259
42101
42190
44260
42102
42191
44261
42103
42192
44262
42104
42193
44263
42105
42194
44264
42106
42195
44265
42107
42196
44266
42108
42197
44267
42109
42198
44268
42110
42199
44269
42111
42200
44270
42112
42201
44271
42113
42202
44272
42114
42203
44273
42115
42204
44274
42116
42205
44275
42117
42206
44276
42118
42207
44277
42119
42208
44278
42209
44279
42121
42210
44280
42122
42211
44281
42123
42212
44282
42124
42213
44283
42125
42214
44284
42126
42215
44285
42127
42216
44286
42128
42217
44287
42129
42218
44288
42130
42219
44289
42131
42220
44290
42132
42221
44291
42133
42222
44292
42134
42223
44293
42135
42224
44294
42136
42225
44295
42137
42226
44296
42138
42227
44297
42139
42228
44298
42140
42229
44299
42141
42230
44300
42142
42231
44301
42143
42232
44302
42144
42233
44303
42145
42234
44304
42146
42235
44305
42147
42236
44306
42148
42237
44307
42149
42238
44308
42150
42239
44309
42151
42240
44310
42152
42241
44311
42153
42242
44312
42154
42243
44313
42155
42244
44314
42156
42245
44315
42157
42246
44316
42158
42247
44317
42159
42248
44318
42160
42249
44319
42161
42250
44320
42162
42251
44321
42163
42252
44322
42164
42253
44323
42165
42254
44324
42166
42255
44325
42167
42256
44326
42168
42257
44327
42169
42258
44328
42170
42259
44329
42171
42260
44330
42172
42261
44331
42173
42262
44332
42174
42263
44333
42175
42264
44334
42176
42265
44335
42177
42266
44336
42178
42267
44337
42179
42268
44338
42180
42269
44339
42181
42270
44340
42182
42271
44341
42183
42272
44342
42184
42273
44343
42185
42274
44344
42186
42275
44345
42187
42276
44346
42188
42277
44347
42189
42278
44348
42190
42279
44349
42191
42280
44350
42192
42281
44351
42193
42282
44352
42194
42283
44353
42195
42284
44354
42196
42285
44355
42197
42286
44356
42198
42287
44357
42199
42288
44358
42200
42289
44359
42201
42290
44360
42202
42291
44361
42203
42292
44362
42204
42293
44363
42205
42294
44364
42206
42295
44365
42207
42296
44366
42208
42297
44367
42209
42298
44368
42299
44369
42211
42300
44370
42212
42301
44371
42213
42302
44372
42214
42303
44373
42215
42304
44374
42216
42305
44375
42217
42306
44376
42218
42307
44377
42219
42308
44378
42220
42309
44379
42221
42310
44380
42222
42311
44381
42223
42312
44382
42224
42313
44383
42225
42314
44384
42226
42315
44385
42227
42316
44386
42228
42317
44387
42229
42318
44388
42230
42319
44389
42231
42320
44390
42232
42321
44391
42233
42322
44392
42234
42323
44393
42235
42324
44394
42236
42325
44395
42237
42326
44396
42238
42327
44397
42239
42328
44398
42240
42329
44399
42241
42330
44400
42242
42331
44401
42243
42332
44402
42244
42333
44403
42245
42334
44404
42246
42335
44405
42247
42336
44406
42248
42337
44407
42249
42338
44408
42250
42339
44409
42251
42340
44410
42252
42341
44411
42253
42342
44412
42254
42343
44413
42255
42344
44414
42256
42345
44415
42257
42346
44416
42258
42347
44417
42259
42348
44418
42260
42349
44419
42261
42350
44420
42262
42351
44421
42263
42352
44422
42264
42353
44423
42265
42354
44424
42266
42355
44425
42267
42356
44426
42268
42357
44427
42269
42358
44428
42270
42359
44429
42271
42360
44430
42272
42361
44431
42273
42362
44432
42274
42363
44433
42275
42364
44434
42276
42365
44435
42277
42366
44436
42278
42367
44437
42279
42368
44438
42280
42369
44439
42281
42370
44440
42282
42371
44441
42283
42372
44442
42284
42373
44443
42285
42374
44444
42286
42375
44445
42287
42376
44446
42288
42377
44447
42289
42378
44448
42290
42379
44449
42291
42380
44450
42292
42381
44451
42293
42382
44452
42294
42383
44453
42295
42384
44454
42296
42385
44455
42297
42386
44456
42298
42387
44457
42299
42388
44458
42389
44459
42301
42390
44460
42302
42391
44461
42303
42392
44462
42304
42393
44463
42305
42394
44464
42306
42395
44465
42307
42396
44466
42308
42397
44467
42309
42398
44468
42310
42399
44469
42311
42400
44470
42312
42401
44471
42313
42402
44472
42314
42403
44473
42315
42404
44474
42316
42405
44475
42317
42406
44476
42318
42407
44477
42319
42408
44478
42320
42409
44479
42321
42410
44480
42322
42411
44481
42323
42412
44482
42324
42413
44483
42325
42414
44484
42326
42415
44485
42327
42416
44486
42328
42417
44487
42329
42418
44488
42330
42419
44489
42331
42420
44490
42332
42421
44491
42333
42422
44492
42334
42423
44493
42335
42424
44494
42336
42425
44495
42337
42426
44496
42338
42427
44497
42339
42428
44498
42340
42429
44499
42341
42430
44500
42342
42431
44501
42343
42432
44502
42344
42433
44503
42345
42434
44504
42346
42435
44505
42347
42436
44506
42348
42437
44507
42349
42438
44508
42350
42439
44509
42351
42440
44510
42352
42441
44511
42353
42442
44512
42354
42443
44513
42355
42444
44514
42356
42445
44515
42357
42446
44516
42358
42447
44517
42359
42448
44518
42360
42449
44519
42361
42450
44520
42362
42451
44521
42363
42452
44522
42364
42453
44523
42365
42454
44524
42366
42455
44525
42367
42456
44526
42368
42457
44527
42369
42458
44528
42370
42459
44529
42371
42460
44530
42372
42461
44531
42373
42462
44532
42374
42463
44533
42375
42464
44534
42376
42465
44535
42377
42466
44536
42378
42467
44537
42379
42468
44538
42380
42469
44539
42381
42470
44540
42382
42471
44541
42383
42472
44542
42384
42473
44543
42385
42474
44544
42386
42475
44545
42387
42476
44546
42388
42477
44547
42389
42478
44548
42479
44549
42391
42480
44550
42392
42481
44551
42393
42482
44552
42394
42483
44553
42395
42484
44554
42396
42485
44555
42397
42486
44556
42398
42487
44557
42399
42488
44558
42400
42489
44559
42401
42490
44560
42402
42491
44561
42403
42492
44562
42404
42493
44563
42405
42494
44564
42406
42495
44565
42407
42496
44566
42408
42497
44567
42409
42498
44568
42410
42499
44569
42411
42500
44570
42412
42501
44571
42413
42502
44572
42414
42503
44573
42415
42504
44574
42416
42505
44575
42417
42506
44576
42418
42507
44577
42419
42508
44578
42420
42509
44579
42421
42510
44580
42422
42511
44581
42423
42512
44582
42424
42513
44583
42425
42514
44584
42426
42515
44585
42427
42516
44586
42428
42517
44587
42429
42518
44588
42430
42519
44589
42431
42520
44590
42432
42521
44591
42433
42522
44592
42434
42523
44593
42435
42524
44594
42436
42525
44595
42437
42526
44596
42438
42527
44597
42439
42528
44598
42440
42529
44599
42441
42530
44600
42442
42531
44601
42443
42532
44602
42444
42533
44603
42445
42534
44604
42446
42535
44605
42447
42536
44606
42448
42537
44607
42449
42538
44608
42450
42539
44609
42451
42540
44610
42452
42541
44611
42453
42542
44612
42454
42543
44613
42455
42544
44614
42456
42545
44615
42457
42546
44616
42458
42547
44617
42459
42548
44618
42460
42549
44619
42461
42550
44620
42462
42551
44621
42463
42552
44622
42464
42553
44623
42465
42554
44624
42466
42555
44625
42467
42556
44626
42468
42557
44627
42469
42558
44628
42470
42559
44629
42471
42560
44630
42472
42561
44631
42473
42562
44632
42474
42563
44633
42475
42564
44634
42476
42565
44635
42477
42566
44636
42478
42567
44637
42479
42568
44638
42569
44639
42481
42570
44640
42482
42571
44641
42483
42572
44642
42484
42573
44643
42485
42574
44644
42486
42575
44645
42487
42576
44646
42488
42577
44647
42489
42578
44648
42490
42579
44649
42491
42580
44650
42492
42581
44651
42493
42582
44652
42494
42583
44653
42495
42584
44654
42496
42585
44655
42497
42586
44656
42498
42587
44657
42499
42588
44658
42500
42589
44659
42501
42590
44660
42502
42591
44661
42503
42592
44662
42504
42593
44663
42505
42594
44664
42506
42595
44665
42507
42596
44666
42508
42597
44667
42509
42598
44668
42510
42599
44669
42511
42600
44670
42512
42601
44671
42513
42602
44672
42514
42603
44673
42515
42604
44674
42516
42605
44675
42517
42606
44676
42518
42607
44677
42519
42608
44678
42520
42609
44679
42521
42610
44680
42522
42611
44681
42523
42612
44682
42524
42613
44683
42525
42614
44684
42526
42615
44685
42527
42616
44686
42528
42617
44687
42529
42618
44688
42530
42619
44689
42531
42620
44690
42532
42621
44691
42533
42622
44692
42534
42623
44693
42535
42624
44694
42536
42625
44695
42537
42626
44696
42538
42627
44697
42539
42628
44698
42540
42629
44699
42541
42630
44700
42542
42631
44701
42543
42632
44702
42544
42633
44703
42545
42634
44704
42546
42635
44705
42547
42636
44706
42548
42637
44707
42549
42638
44708
42550
42639
44709
42551
42640
44710
42552
42641
44711
42553
42642
44712
42554
42643
44713
42555
42644
44714
42556
42645
44715
42557
42646
44716
42558
42647
44717
42559
42648
44718
42560
42649
44719
42561
42650
44720
42562
42651
44721
42563
42652
44722
42564
42653
44723
42565
42654
44724
42566
42655
44725
42567
42656
44726
42568
42657
44727
42569
42658
44728
42659
44729
42571
42660
44730
42572
42661
44731
42573
42662
44732
42574
42663
44733
42575
42664
44734
42576
42665
44735
42577
42666
44736
42578
42667
44737
42579
42668
44738
42580
42669
44739
42581
42670
44740
42582
42671
44741
42583
42672
44742
42584
42673
44743
42585
42674
44744
42586
42675
44745
42587
42676
44746
42588
42677
44747
42589
42678
44748
42590
42679
44749
42591
42680
44750
42592
42681
44751
42593
42682
44752
42594
42683
44753
42595
42684
44754
42596
42685
44755
42597
42686
44756
42598
42687
44757
42599
42688
44758
42600
42689
44759
42601
42690
44760
42602
42691
44761
42603
42692
44762
42604
42693
44763
42605
42694
44764
42606
42695
44765
42607
42696
44766
42608
42697
44767
42609
42698
44768
42610
42699
44769
42611
42700
44770
42612
42701
44771
42613
42702
44772
42614
42703
44773
42615
42704
44774
42616
42705
44775
42617
42706
44776
42618
42707
44777
42619
42708
44778
42620
42709
44779
42621
42710
44780
42622
42711
44781
42623
42712
44782
42624
42713
44783
42625
42714
44784
42626
42715
44785
42627
42716
44786
42628
42717
44787
42629
42718
44788
42630
42719
44789
42631
42720
44790
42632
42721
44791
42633
42722
44792
42634
42723
44793
42635
42724
44794
42636
42725
44795
42637
42726
44796
42638
42727
44797
42639
42728
44798
42640
42729
44799
42641
42730
44800
42642
42731
44801
42643
42732
44802
42644
42733
44803
42645
42734
44804
42646
42735
44805
42647
42736
44806
42648
42737
44807
42649
42738
44808
42650
42739
44809
42651
42740
44810
42652
42741
44811
42653
42742
44812
42654
42743
44813
42655
42744
44814
42656
42745
44815
42657
42746
44816
42658
42747
44817
42659
42748
44818
42749
44819
42661
42750
44820
42662
42751
44821
42663
42752
44822
42664
42753
44823
42665
42754
44824
42666
42755
44825
42667
42756
44826
42668
42757
44827
42669
42758
44828
42670
42759
44829
42671
42760
44830
42672
42761
44831
42673
42762
44832
42674
42763
44833
42675
42764
44834
42676
42765
44835
42677
42766
44836
42678
42767
44837
42679
42768
44838
42680
42769
44839
42681
42770
44840
42682
42771
44841
42683
42772
44842
42684
42773
44843
42685
42774
44844
42686
42775
44845
42687
42776
44846
42688
42777
44847
42689
42778
44848
42690
42779
44849
42691
42780
44850
42692
42781
44851
42693
42782
44852
42694
42783
44853
42695
42784
44854
42696
42785
44855
42697
42786
44856
42698
42787
44857
42699
42788
44858
42700
42789
44859
42701
42790
44860
42702
42791
44861
42703
42792
44862
42704
42793
44863
42705
42794
44864
42706
42795
44865
42707
42796
44866
42708
42797
44867
42709
42798
44868
42710
42799
44869
42711
42800
44870
42712
42801
44871
42713
42802
44872
42714
42803
44873
42715
42804
44874
42716
42805
44875
42717
42806
44876
42718
42807
44877
42719
42808
44878
42720
42809
44879
42721
42810
44880
42722
42811
44881
42723
42812
44882
42724
42813
44883
42725
42814
44884
42726
42815
44885
42727
42816
44886
42728
42817
44887
42729
42818
44888
42730
42819
44889
42731
42820
44890
42732
42821
44891
42733
42822
44892
42734
42823
44893
42735
42824
44894
42736
42825
44895
42737
42826
44896
42738
42827
44897
42739
42828
44898
42740
42829
44899
42741
42830
44900
42742
42831
44901
42743
42832
44902
42744
42833
44903
42745
42834
44904
42746
42835
44905
42747
42836
44906
42748
42837
44907
42749
42838
44908
42839
44909
42751
42840
44910
42752
42841
44911
42753
42842
44912
42754
42843
44913
42755
42844
44914
42756
42845
44915
42757
42846
44916
42758
42847
44917
42759
42848
44918
42760
42849
44919
42761
42850
44920
42762
42851
44921
42763
42852
44922
42764
42853
44923
42765
42854
44924
42766
42855
44925
42767
42856
44926
42768
42857
44927
42769
42858
44928
42770
42859
44929
42771
42860
44930
42772
42861
44931
42773
42862
44932
42774
42863
44933
42775
42864
44934
42776
42865
44935
42777
42866
44936
42778
42867
44937
42779
42868
44938
42780
42869
44939
42781
42870
44940
42782
42871
44941
42783
42872
44942
42784
42873
44943
42785
42874
44944
42786
42875
44945
42787
42876
44946
42788
42877
44947
42789
42878
44948
42790
42879
44949
42791
42880
44950
42792
42881
44951
42793
42882
44952
42794
42883
44953
42795
42884
44954
42796
42885
44955
42797
42886
44956
42798
42887
44957
42799
42888
44958
42800
42889
44959
42801
42890
44960
42802
42891
44961
42803
42892
44962
42804
42893
44963
42805
42894
44964
42806
42895
44965
42807
42896
44966
42808
42897
44967
42809
42898
44968
42810
42899
44969
42811
42900
44970
42812
42901
44971
42813
42902
44972
42814
42903
44973
42815
42904
44974
42816
42905
44975
42817
42906
44976
42818
42907
44977
42819
42908
44978
42820
42909
44979
42821
42910
44980
42822
42911
44981
42823
42912
44982
42824
42913
44983
42825
42914
44984
42826
42915
44985
42827
42916
44986
42828
42917
44987
42829
42918
44988
42830
42919
44989
42831
42920
44990
42832
42921
44991
42833
42922
44992
42834
42923
44993
42835
42924
44994
42836
42925
44995
42837
42926
44996
42838
42927
44997
42839
42928
44998
42929
44999
42841
42930
45000
42842
42931
45001
42843
42932
45002
42844
42933
45003
42845
42934
45004
42846
42935
45005
42847
42936
45006
42848
42937
45007
42849
42938
45008
42850
42939
45009
42851
42940
45010
42852
42941
45011
42853
42942
45012
42854
42943
45013
42855
42944
45014
42856
42945
45015
42857
42946
45016
42858
42947
45017
42859
42948
45018
42860
42949
45019
42861
42950
45020
42862
42951
45021
42863
42952
45022
42864
42953
45023
42865
42954
45024
42866
42955
45025
42867
42956
45026
42868
42957
45027
42869
42958
45028
42870
42959
45029
42871
42960
45030
42872
42961
45031
42873
42962
45032
42874
42963
45033
42875
42964
45034
42876
42965
45035
42877
42966
45036
42878
42967
45037
42879
42968
45038
42880
42969
45039
42881
42970
45040
42882
42971
45041
42883
42972
45042
42884
42973
45043
42885
42974
45044
42886
42975
45045
42887
42976
45046
42888
42977
45047
42889
42978
45048
42890
42979
45049
42891
42980
45050
42892
42981
45051
42893
42982
45052
42894
42983
45053
42895
42984
45054
42896
42985
45055
42897
42986
45056
42898
42987
45057
42899
42988
45058
42900
42989
45059
42901
42990
45060
42902
42991
45061
42903
42992
45062
42904
42993
45063
42905
42994
45064
42906
42995
45065
42907
42996
45066
42908
42997
45067
42909
42998
45068
42910
42999
45069
42911
43000
45070
42912
43001
45071
42913
43002
45072
42914
43003
45073
42915
43004
45074
42916
43005
45075
42917
43006
45076
42918
43007
45077
42919
43008
45078
42920
43009
45079
42921
43010
45080
42922
43011
45081
42923
43012
45082
42924
43013
45083
42925
43014
45084
42926
43015
45085
42927
43016
45086
42928
43017
45087
42929
43018
45088
43019
45089
42931
43020
45090
42932
43021
45091
42933
43022
45092
42934
43023
45093
42935
43024
45094
42936
43025
45095
42937
43026
45096
42938
43027
45097
42939
43028
45098
42940
43029
45099
42941
43030
45100
42942
43031
45101
42943
43032
45102
42944
43033
45103
42945
43034
45104
42946
43035
45105
42947
43036
45106
42948
43037
45107
42949
43038
45108
42950
43039
45109
42951
43040
45110
42952
43041
45111
42953
43042
45112
42954
43043
45113
42955
43044
45114
42956
43045
45115
42957
43046
45116
42958
43047
45117
42959
43048
45118
42960
43049
45119
42961
43050
45120
42962
43051
45121
42963
43052
45122
42964
43053
45123
42965
43054
45124
42966
43055
45125
42967
43056
45126
42968
43057
45127
42969
43058
45128
42970
43059
45129
42971
43060
45130
42972
43061
45131
42973
43062
45132
42974
43063
45133
42975
43064
45134
42976
43065
45135
42977
43066
45136
42978
43067
45137
42979
43068
45138
42980
43069
45139
42981
43070
45140
42982
43071
45141
42983
43072
45142
42984
43073
45143
42985
43074
45144
42986
43075
45145
42987
43076
45146
42988
43077
45147
42989
43078
45148
42990
43079
45149
42991
43080
45150
42992
43081
45151
42993
43082
45152
42994
43083
45153
42995
43084
45154
42996
43085
45155
42997
43086
45156
42998
43087
45157
42999
43088
45158
43000
43089
45159
43001
43090
45160
43002
43091
45161
43003
43092
45162
43004
43093
45163
43005
43094
45164
43006
43095
45165
43007
43096
45166
43008
43097
45167
43009
43098
45168
43010
43099
45169
43011
43100
45170
43012
43101
45171
43013
43102
45172
43014
43103
45173
43015
43104
45174
43016
43105
45175
43017
43106
45176
43018
43107
45177
43019
43108
45178
43109
45179
43021
43110
45180
43022
43111
45181
43023
43112
45182
43024
43113
45183
43025
43114
45184
43026
43115
45185
43027
43116
45186
43028
43117
45187
43029
43118
45188
43030
43119
45189
43031
43120
45190
43032
43121
45191
43033
43122
45192
43034
43123
45193
43035
43124
45194
43036
43125
45195
43037
43126
45196
43038
43127
45197
43039
43128
45198
43040
43129
45199
43041
43130
45200
43042
43131
45201
43043
43132
45202
43044
43133
45203
43045
43134
45204
43046
43135
45205
43047
43136
45206
43048
43137
45207
43049
43138
45208
43050
43139
45209
43051
43140
45210
43052
43141
45211
43053
43142
45212
43054
43143
45213
43055
43144
45214
43056
43145
45215
43057
43146
45216
43058
43147
45217
43059
43148
45218
43060
43149
45219
43061
43150
45220
43062
43151
45221
43063
43152
45222
43064
43153
45223
43065
43154
45224
43066
43155
45225
43067
43156
45226
43068
43157
45227
43069
43158
45228
43070
43159
45229
43071
43160
45230
43072
43161
45231
43073
43162
45232
43074
43163
45233
43075
43164
45234
43076
43165
45235
43077
43166
45236
43078
43167
45237
43079
43168
45238
43080
43169
45239
43081
43170
45240
43082
43171
45241
43083
43172
45242
43084
43173
45243
43085
43174
45244
43086
43175
45245
43087
43176
45246
43088
43177
45247
43089
43178
45248
43090
43179
45249
43091
43180
45250
43092
43181
45251
43093
43182
45252
43094
43183
45253
43095
43184
45254
43096
43185
45255
43097
43186
45256
43098
43187
45257
43099
43188
45258
43100
43189
45259
43101
43190
45260
43102
43191
45261
43103
43192
45262
43104
43193
45263
43105
43194
45264
43106
43195
45265
43107
43196
45266
43108
43197
45267
43109
43198
45268
43199
45269
43111
45270
43112
45271
43113
45272
43114
45273
43115
45274
43116
45275
43117
45276
43118
45277
43119
45278
43120
45279
43121
45280
43122
45281
43123
45282
43124
45283
43125
45284
43126
45285
43127
45286
43128
45287
43129
45288
43130
45289
43131
45290
43132
45291
43133
45292
43134
45293
43135
45294
43136
45295
43137
45296
43138
45297
43139
45298
43140
45299
43141
45300
43142
45301
43143
45302
43144
45303
43145
45304
43146
45305
43147
45306
43148
45307
43149
45308
43150
45309
43151
45310
43152
45311
43153
45312
43154
45313
43155
45314
43156
45315
43157
45316
43158
45317
43159
45318
43160
45319
43161
45320
43162
45321
43163
45322
43164
45323
43165
45324
43166
45325
43167
45326
43168
45327
43169
45328
43170
45329
43171
45330
43172
45331
43173
45332
43174
45333
43175
45334
43176
45335
43177
45336
43178
45337
43179
45338
43180
45339
43181
45340
43182
45341
43183
45342
43184
45343
43185
45344
43186
45345
43187
45346
43188
45347
43189
45348
43190
45349
43191
45350
43192
45351
43193
45352
43194
45353
43195
45354
43196
45355
43197
45356
43198
45357
43199
45358
45359
43201
43290
45360
43202
43291
45361
43203
43292
45362
43204
43293
45363
43205
43294
45364
43206
43295
45365
43207
43296
45366
43208
43297
45367
43209
43298
45368
43210
43299
45369
43211
43300
45370
43212
43301
45371
43213
43302
45372
43214
43303
45373
43215
43304
45374
43216
43305
45375
43217
43306
45376
43218
43307
45377
43219
43308
45378
43220
43309
45379
43221
43310
45380
43222
43311
45381
43223
43312
45382
43224
43313
45383
43225
43314
45384
43226
43315
45385
43227
43316
45386
43228
43317
45387
43229
43318
45388
43230
43319
45389
43231
43320
45390
43232
43321
45391
43233
43322
45392
43234
43323
45393
43235
43324
45394
43236
43325
45395
43237
43326
45396
43238
43327
45397
43239
43328
45398
43240
43329
45399
43241
43330
45400
43242
43331
45401
43243
43332
45402
43244
43333
45403
43245
43334
45404
43246
43335
45405
43247
43336
45406
43248
43337
45407
43249
43338
45408
43250
43339
45409
43251
43340
45410
43252
43341
45411
43253
43342
45412
43254
43343
45413
43255
43344
45414
43256
43345
45415
43257
43346
45416
43258
43347
45417
43259
43348
45418
43260
43349
45419
43261
43350
45420
43262
43351
45421
43263
43352
45422
43264
43353
45423
43265
43354
45424
43266
43355
45425
43267
43356
45426
43268
43357
45427
43269
43358
45428
43270
43359
45429
43271
43360
45430
43272
43361
45431
43273
43362
45432
43274
43363
45433
43275
43364
45434
43276
43365
45435
43277
43366
45436
43278
43367
45437
43279
43368
45438
43280
43369
45439
43281
43370
45440
43282
43371
45441
43283
43372
45442
43284
43373
45443
43285
43374
45444
43286
43375
45445
43287
43376
45446
43288
43377
45447
43289
43378
45448
43379
45449
43291
43380
45450
43292
43381
45451
43293
43382
45452
43294
43383
45453
43295
43384
45454
43296
43385
45455
43297
43386
45456
43298
43387
45457
43299
43388
45458
43300
43389
45459
43301
43390
45460
43302
43391
45461
43303
43392
45462
43304
43393
45463
43305
43394
45464
43306
43395
45465
43307
43396
45466
43308
43397
45467
43309
43398
45468
43310
43399
45469
43311
43400
45470
43312
43401
45471
43313
43402
45472
43314
43403
45473
43315
43404
45474
43316
43405
45475
43317
43406
45476
43318
43407
45477
43319
43408
45478
43320
43409
45479
43321
43410
45480
43322
43411
45481
43323
43412
45482
43324
43413
45483
43325
43414
45484
43326
43415
45485
43327
43416
45486
43328
43417
45487
43329
43418
45488
43330
43419
45489
43331
43420
45490
43332
43421
45491
43333
43422
45492
43334
43423
45493
43335
43424
45494
43336
43425
45495
43337
43426
45496
43338
43427
45497
43339
43428
45498
43340
43429
45499
43341
43430
45500
43342
43431
45501
43343
43432
45502
43344
43433
45503
43345
43434
45504
43346
43435
45505
43347
43436
45506
43348
43437
45507
43349
43438
45508
43350
43439
45509
43351
43440
45510
43352
43441
45511
43353
43442
45512
43354
43443
45513
43355
43444
45514
43356
43445
45515
43357
43446
45516
43358
43447
45517
43359
43448
45518
43360
43449
45519
43361
43450
45520
43362
43451
45521
43363
43452
45522
43364
43453
45523
43365
43454
45524
43366
43455
45525
43367
43456
45526
43368
43457
45527
43369
43458
45528
43370
43459
45529
43371
43460
45530
43372
43461
45531
43373
43462
45532
43374
43463
45533
43375
43464
45534
43376
43465
45535
43377
43466
45536
43378
43467
45537
43379
43468
45538
43469
45539
43381
43470
45540
43382
43471
45541
43383
43472
45542
43384
43473
45543
43385
43474
45544
43386
43475
45545
43387
43476
45546
43388
43477
45547
43389
43478
45548
43390
43479
45549
43391
43480
45550
43392
43481
45551
43393
43482
45552
43394
43483
45553
43395
43484
45554
43396
43485
45555
43397
43486
45556
43398
43487
45557
43399
43488
45558
43400
43489
45559
43401
43490
45560
43402
43491
45561
43403
43492
45562
43404
43493
45563
43405
43494
45564
43406
43495
45565
43407
43496
45566
43408
43497
45567
43409
43498
45568
43410
43499
45569
43411
43500
45570
43412
43501
45571
43413
43502
45572
43414
43503
45573
43415
43504
45574
43416
43505
45575
43417
43506
45576
43418
43507
45577
43419
43508
45578
43420
43509
45579
43421
43510
45580
43422
43511
45581
43423
43512
45582
43424
43513
45583
43425
43514
45584
43426
43515
45585
43427
43516
45586
43428
43517
45587
43429
43518
45588
43430
43519
45589
43431
43520
45590
43432
43521
45591
43433
43522
45592
43434
43523
45593
43435
43524
45594
43436
43525
45595
43437
43526
45596
43438
43527
45597
43439
43528
45598
43440
43529
45599
43441
43530
45600
43442
43531
45601
43443
43532
45602
43444
43533
45603
43445
43534
45604
43446
43535
45605
43447
43536
45606
43448
43537
45607
43449
43538
45608
43450
43539
45609
43451
43540
45610
43452
43541
45611
43453
43542
45612
43454
43543
45613
43455
43544
45614
43456
43545
45615
43457
43546
45616
43458
43547
45617
43459
43548
45618
43460
43549
45619
43461
43550
45620
43462
43551
45621
43463
43552
45622
43464
43553
45623
43465
43554
45624
43466
43555
45625
43467
43556
45626
43468
43557
45627
43469
43558
45628
43559
45629
43471
43560
45630
43472
43561
45631
43473
43562
45632
43474
43563
45633
43475
43564
45634
43476
43565
45635
43477
43566
45636
43478
43567
45637
43479
43568
45638
43480
43569
45639
43481
43570
45640
43482
43571
45641
43483
43572
45642
43484
43573
45643
43485
43574
45644
43486
43575
45645
43487
43576
45646
43488
43577
45647
43489
43578
45648
43490
43579
45649
43491
43580
45650
43492
43581
45651
43493
43582
45652
43494
43583
45653
43495
43584
45654
43496
43585
45655
43497
43586
45656
43498
43587
45657
43499
43588
45658
43500
43589
45659
43501
43590
45660
43502
43591
45661
43503
43592
45662
43504
43593
45663
43505
43594
45664
43506
43595
45665
43507
43596
45666
43508
43597
45667
43509
43598
45668
43510
43599
45669
43511
43600
45670
43512
43601
45671
43513
43602
45672
43514
43603
45673
43515
43604
45674
43516
43605
45675
43517
43606
45676
43518
43607
45677
43519
43608
45678
43520
43609
45679
43521
43610
45680
43522
43611
45681
43523
43612
45682
43524
43613
45683
43525
43614
45684
43526
43615
45685
43527
43616
45686
43528
43617
45687
43529
43618
45688
43530
43619
45689
43531
43620
45690
43532
43621
45691
43533
43622
45692
43534
43623
45693
43535
43624
45694
43536
43625
45695
43537
43626
45696
43538
43627
45697
43539
43628
45698
43540
43629
45699
43541
43630
45700
43542
43631
45701
43543
43632
45702
43544
43633
45703
43545
43634
45704
43546
43635
45705
43547
43636
45706
43548
43637
45707
43549
43638
45708
43550
43639
45709
43551
43640
45710
43552
43641
45711
43553
43642
45712
43554
43643
45713
43555
43644
45714
43556
43645
45715
43557
43646
45716
43558
43647
45717
43559
43648
45718
43649
45719
43561
43650
45720
43562
43651
45721
43563
43652
45722
43564
43653
45723
43565
43654
45724
43566
43655
45725
43567
43656
45726
43568
43657
45727
43569
43658
45728
43570
43659
45729
43571
43660
45730
43572
43661
45731
43573
43662
45732
43574
43663
45733
43575
43664
45734
43576
43665
45735
43577
43666
45736
43578
43667
45737
43579
43668
45738
43580
43669
45739
43581
43670
45740
43582
43671
45741
43583
43672
45742
43584
43673
45743
43585
43674
45744
43586
43675
45745
43587
43676
45746
43588
43677
45747
43589
43678
45748
43590
43679
45749
43591
43680
45750
43592
43681
45751
43593
43682
45752
43594
43683
45753
43595
43684
45754
43596
43685
45755
43597
43686
45756
43598
43687
45757
43599
43688
45758
43600
43689
45759
43601
43690
45760
43602
43691
45761
43603
43692
45762
43604
43693
45763
43605
43694
45764
43606
43695
45765
43607
43696
45766
43608
43697
45767
43609
43698
45768
43610
43699
45769
43611
43700
45770
43612
43701
45771
43613
43702
45772
43614
43703
45773
43615
43704
45774
43616
43705
45775
43617
43706
45776
43618
43707
45777
43619
43708
45778
43620
43709
45779
43621
43710
45780
43622
43711
45781
43623
43712
45782
43624
43713
45783
43625
43714
45784
43626
43715
45785
43627
43716
45786
43628
43717
45787
43629
43718
45788
43630
43719
45789
43631
43720
45790
43632
43721
45791
43633
43722
45792
43634
43723
45793
43635
43724
45794
43636
43725
45795
43637
43726
45796
43638
43727
45797
43639
43728
45798
43640
43729
45799
43641
43730
45800
43642
43731
45801
43643
43732
45802
43644
43733
45803
43645
43734
45804
43646
43735
45805
43647
43736
45806
43648
43737
45807
43649
43738
45808
43739
45809
43651
43740
45810
43652
43741
45811
43653
43742
45812
43654
43743
45813
43655
43744
45814
43656
43745
45815
43657
43746
45816
43658
43747
45817
43659
43748
45818
43660
43749
45819
43661
43750
45820
43662
43751
45821
43663
43752
45822
43664
43753
45823
43665
43754
45824
43666
43755
45825
43667
43756
45826
43668
43757
45827
43669
43758
45828
43670
43759
45829
43671
43760
45830
43672
43761
45831
43673
43762
45832
43674
43763
45833
43675
43764
45834
43676
43765
45835
43677
43766
45836
43678
43767
45837
43679
43768
45838
43680
43769
45839
43681
43770
45840
43682
43771
45841
43683
43772
45842
43684
43773
45843
43685
43774
45844
43686
43775
45845
43687
43776
45846
43688
43777
45847
43689
43778
45848
43690
43779
45849
43691
43780
45850
43692
43781
45851
43693
43782
45852
43694
43783
45853
43695
43784
45854
43696
43785
45855
43697
43786
45856
43698
43787
45857
43699
43788
45858
43700
43789
45859
43701
43790
45860
43702
43791
45861
43703
43792
45862
43704
43793
45863
43705
43794
45864
43706
43795
45865
43707
43796
45866
43708
43797
45867
43709
43798
45868
43710
43799
45869
43711
43800
45870
43712
43801
45871
43713
43802
45872
43714
43803
45873
43715
43804
45874
43716
43805
45875
43717
43806
45876
43718
43807
45877
43719
43808
45878
43720
43809
45879
43721
43810
45880
43722
43811
45881
43723
43812
45882
43724
43813
45883
43725
43814
45884
43726
43815
45885
43727
43816
45886
43728
43817
45887
43729
43818
45888
43730
43819
45889
43731
43820
45890
43732
43821
45891
43733
43822
45892
43734
43823
45893
43735
43824
45894
43736
43825
45895
43737
43826
45896
43738
43827
45897
43739
43828
45898
43829
45899
43741
43830
45900
43742
43831
45901
43743
43832
45902
43744
43833
45903
43745
43834
45904
43746
43835
45905
43747
43836
45906
43748
43837
45907
43749
43838
45908
43750
43839
45909
43751
43840
45910
43752
43841
45911
43753
43842
45912
43754
43843
45913
43755
43844
45914
43756
43845
45915
43757
43846
45916
43758
43847
45917
43759
43848
45918
43760
43849
45919
43761
43850
45920
43762
43851
45921
43763
43852
45922
43764
43853
45923
43765
43854
45924
43766
43855
45925
43767
43856
45926
43768
43857
45927
43769
43858
45928
43770
43859
45929
43771
43860
45930
43772
43861
45931
43773
43862
45932
43774
43863
45933
43775
43864
45934
43776
43865
45935
43777
43866
45936
43778
43867
45937
43779
43868
45938
43780
43869
45939
43781
43870
45940
43782
43871
45941
43783
43872
45942
43784
43873
45943
43785
43874
45944
43786
43875
45945
43787
43876
45946
43788
43877
45947
43789
43878
45948
43790
43879
45949
43791
43880
45950
43792
43881
45951
43793
43882
45952
43794
43883
45953
43795
43884
45954
43796
43885
45955
43797
43886
45956
43798
43887
45957
43799
43888
45958
43800
43889
45959
43801
43890
45960
43802
43891
45961
43803
43892
45962
43804
43893
45963
43805
43894
45964
43806
43895
45965
43807
43896
45966
43808
43897
45967
43809
43898
45968
43810
43899
45969
43811
43900
45970
43812
43901
45971
43813
43902
45972
43814
43903
45973
43815
43904
45974
43816
43905
45975
43817
43906
45976
43818
43907
45977
43819
43908
45978
43820
43909
45979
43821
43910
45980
43822
43911
45981
43823
43912
45982
43824
43913
45983
43825
43914
45984
43826
43915
45985
43827
43916
45986
43828
43917
45987
43829
43918
45988
43919
45989
43831
43920
45990
43832
43921
45991
43833
43922
45992
43834
43923
45993
43835
43924
45994
43836
43925
45995
43837
43926
45996
43838
43927
45997
43839
43928
45998
43840
43929
45999
43841
43930
46000
43842
43931
46001
43843
43932
46002
43844
43933
46003
43845
43934
46004
43846
43935
46005
43847
43936
46006
43848
43937
46007
43849
43938
46008
43850
43939
46009
43851
43940
46010
43852
43941
46011
43853
43942
46012
43854
43943
46013
43855
43944
46014
43856
43945
46015
43857
43946
46016
43858
43947
46017
43859
43948
46018
43860
43949
46019
43861
43950
46020
43862
43951
46021
43863
43952
46022
43864
43953
46023
43865
43954
46024
43866
43955
46025
43867
43956
46026
43868
43957
46027
43869
43958
46028
43870
43959
46029
43871
43960
46030
43872
43961
46031
43873
43962
46032
43874
43963
46033
43875
43964
46034
43876
43965
46035
43877
43966
46036
43878
43967
46037
43879
43968
46038
43880
43969
46039
43881
43970
46040
43882
43971
46041
43883
43972
46042
43884
43973
46043
43885
43974
46044
43886
43975
46045
43887
43976
46046
43888
43977
46047
43889
43978
46048
43890
43979
46049
43891
43980
46050
43892
43981
46051
43893
43982
46052
43894
43983
46053
43895
43984
46054
43896
43985
46055
43897
43986
46056
43898
43987
46057
43899
43988
46058
43900
43989
46059
43901
43990
46060
43902
43991
46061
43903
43992
46062
43904
43993
46063
43905
43994
46064
43906
43995
46065
43907
43996
46066
43908
43997
46067
43909
43998
46068
43910
43999
46069
43911
44000
46070
43912
44001
46071
43913
44002
46072
43914
44003
46073
43915
44004
46074
43916
44005
46075
43917
44006
46076
43918
44007
46077
43919
44008
46078
44009
46079
43921
44010
46080
43922
44011
46081
43923
44012
46082
43924
44013
46083
43925
44014
46084
43926
44015
46085
43927
44016
46086
43928
44017
46087
43929
44018
46088
43930
44019
46089
43931
44020
46090
43932
44021
46091
43933
44022
46092
43934
44023
46093
43935
44024
46094
43936
44025
46095
43937
44026
46096
43938
44027
46097
43939
44028
46098
43940
44029
46099
43941
44030
46100
43942
44031
46101
43943
44032
46102
43944
44033
46103
43945
44034
46104
43946
44035
46105
43947
44036
46106
43948
44037
46107
43949
44038
46108
43950
44039
46109
43951
44040
46110
43952
44041
46111
43953
44042
46112
43954
44043
46113
43955
44044
46114
43956
44045
46115
43957
44046
46116
43958
44047
46117
43959
44048
46118
43960
44049
46119
43961
44050
46120
43962
44051
46121
43963
44052
46122
43964
44053
46123
43965
44054
46124
43966
44055
46125
43967
44056
46126
43968
44057
46127
43969
44058
46128
43970
44059
46129
43971
44060
46130
43972
44061
46131
43973
44062
46132
43974
44063
46133
43975
44064
46134
43976
44065
46135
43977
44066
46136
43978
44067
46137
43979
44068
46138
43980
44069
46139
43981
44070
46140
43982
44071
46141
43983
44072
46142
43984
44073
46143
43985
44074
46144
43986
44075
46145
43987
44076
46146
43988
44077
46147
43989
44078
46148
43990
44079
46149
43991
44080
46150
43992
44081
46151
43993
44082
46152
43994
44083
46153
43995
44084
46154
43996
44085
46155
43997
44086
46156
43998
44087
46157
43999
44088
46158
44000
44089
46159
44001
44090
46160
44002
44091
46161
44003
44092
46162
44004
44093
46163
44005
44094
46164
44006
44095
46165
44007
44096
46166
44008
44097
46167
44009
44098
46168
44099
46169
44011
44100
46170
44012
44101
46171
44013
44102
46172
44014
44103
46173
44015
44104
46174
44016
44105
46175
44017
44106
46176
44018
44107
46177
44019
44108
46178
44020
44109
46179
44021
44110
46180
44022
44111
46181
44023
44112
46182
44024
44113
46183
44025
44114
46184
44026
44115
46185
44027
44116
46186
44028
44117
46187
44029
44118
46188
44030
44119
46189
44031
44120
46190
44032
44121
46191
44033
44122
46192
44034
44123
46193
44035
44124
46194
44036
44125
46195
44037
44126
46196
44038
44127
46197
44039
44128
46198
44040
44129
46199
44041
44130
46200
44042
44131
46201
44043
44132
46202
44044
44133
46203
44045
44134
46204
44046
44135
46205
44047
44136
46206
44048
44137
46207
44049
44138
46208
44050
44139
46209
44051
44140
46210
44052
44141
46211
44053
44142
46212
44054
44143
46213
44055
44144
46214
44056
44145
46215
44057
44146
46216
44058
44147
46217
44059
44148
46218
44060
44149
46219
44061
44150
46220
44062
44151
46221
44063
44152
46222
44064
44153
46223
44065
44154
46224
44066
44155
46225
44067
44156
46226
44068
44157
46227
44069
44158
46228
44070
44159
46229
44071
44160
46230
44072
44161
46231
44073
44162
46232
44074
44163
46233
44075
44164
46234
44076
44165
46235
44077
44166
46236
44078
44167
46237
44079
44168
46238
44080
44169
46239
44081
44170
46240
44082
44171
46241
44083
44172
46242
44084
44173
46243
44085
44174
46244
44086
44175
46245
44087
44176
46246
44088
44177
46247
44089
44178
46248
44090
44179
46249
44091
44180
46250
44092
44181
46251
44093
44182
46252
44094
44183
46253
44095
44184
46254
44096
44185
46255
44097
44186
46256
44098
44187
46257
44099
44188
46258
44189
46259
44101
44190
46260
44102
44191
46261
44103
44192
46262
44104
44193
46263
44105
44194
46264
44106
44195
46265
44107
44196
46266
44108
44197
46267
44109
44198
46268
44110
44199
46269
44111
44200
46270
44112
44201
46271
44113
44202
46272
44114
44203
46273
44115
44204
46274
44116
44205
46275
44117
44206
46276
44118
44207
46277
44119
44208
46278
44120
44209
46279
44121
44210
46280
44122
44211
46281
44123
44212
46282
44124
44213
46283
44125
44214
46284
44126
44215
46285
44127
44216
46286
44128
44217
46287
44129
44218
46288
44130
44219
46289
44131
44220
46290
44132
44221
46291
44133
44222
46292
44134
44223
46293
44135
44224
46294
44136
44225
46295
44137
44226
46296
44138
44227
46297
44139
44228
46298
44140
44229
46299
44141
44230
46300
44142
44231
46301
44143
44232
46302
44144
44233
46303
44145
44234
46304
44146
44235
46305
44147
44236
46306
44148
44237
46307
44149
44238
46308
44150
44239
46309
44151
44240
46310
44152
44241
46311
44153
44242
46312
44154
44243
46313
44155
44244
46314
44156
44245
46315
44157
44246
46316
44158
44247
46317
44159
44248
46318
44160
44249
46319
44161
44250
46320
44162
44251
46321
44163
44252
46322
44164
44253
46323
44165
44254
46324
44166
44255
46325
44167
44256
46326
44168
44257
46327
44169
44258
46328
44170
44259
46329
44171
44260
46330
44172
44261
46331
44173
44262
46332
44174
44263
46333
44175
44264
46334
44176
44265
46335
44177
44266
46336
44178
44267
46337
44179
44268
46338
44180
44269
46339
44181
44270
46340
44182
44271
46341
44183
44272
46342
44184
44273
46343
44185
44274
46344
44186
44275
46345
44187
44276
46346
44188
44277
46347
44189
44278
46348
44279
46349
44191
44280
46350
44192
44281
46351
44193
44282
46352
44194
44283
46353
44195
44284
46354
44196
44285
46355
44197
44286
46356
44198
44287
46357
44199
44288
46358
44200
44289
46359
44201
44290
46360
44202
44291
46361
44203
44292
46362
44204
44293
46363
44205
44294
46364
44206
44295
46365
44207
44296
46366
44208
44297
46367
44209
44298
46368
44210
44299
46369
44211
44300
46370
44212
44301
46371
44213
44302
46372
44214
44303
46373
44215
44304
46374
44216
44305
46375
44217
44306
46376
44218
44307
46377
44219
44308
46378
44220
44309
46379
44221
44310
46380
44222
44311
46381
44223
44312
46382
44224
44313
46383
44225
44314
46384
44226
44315
46385
44227
44316
46386
44228
44317
46387
44229
44318
46388
44230
44319
46389
44231
44320
46390
44232
44321
46391
44233
44322
46392
44234
44323
46393
44235
44324
46394
44236
44325
46395
44237
44326
46396
44238
44327
46397
44239
44328
46398
44240
44329
46399
44241
44330
46400
44242
44331
46401
44243
44332
46402
44244
44333
46403
44245
44334
46404
44246
44335
46405
44247
44336
46406
44248
44337
46407
44249
44338
46408
44250
44339
46409
44251
44340
46410
44252
44341
46411
44253
44342
46412
44254
44343
46413
44255
44344
46414
44256
44345
46415
44257
44346
46416
44258
44347
46417
44259
44348
46418
44260
44349
46419
44261
44350
46420
44262
44351
46421
44263
44352
46422
44264
44353
46423
44265
44354
46424
44266
44355
46425
44267
44356
46426
44268
44357
46427
44269
44358
46428
44270
44359
46429
44271
44360
46430
44272
44361
46431
44273
44362
46432
44274
44363
46433
44275
44364
46434
44276
44365
46435
44277
44366
46436
44278
44367
46437
44279
44368
46438
44369
46439
44281
44370
46440
44282
44371
46441
44283
44372
46442
44284
44373
46443
44285
44374
46444
44286
44375
46445
44287
44376
46446
44288
44377
46447
44289
44378
46448
44290
44379
46449
44291
44380
46450
44292
44381
46451
44293
44382
46452
44294
44383
46453
44295
44384
46454
44296
44385
46455
44297
44386
46456
44298
44387
46457
44299
44388
46458
44300
44389
46459
44301
44390
46460
44302
44391
46461
44303
44392
46462
44304
44393
46463
44305
44394
46464
44306
44395
46465
44307
44396
46466
44308
44397
46467
44309
44398
46468
44310
44399
46469
44311
44400
46470
44312
44401
46471
44313
44402
46472
44314
44403
46473
44315
44404
46474
44316
44405
46475
44317
44406
46476
44318
44407
46477
44319
44408
46478
44320
44409
46479
44321
44410
46480
44322
44411
46481
44323
44412
46482
44324
44413
46483
44325
44414
46484
44326
44415
46485
44327
44416
46486
44328
44417
46487
44329
44418
46488
44330
44419
46489
44331
44420
46490
44332
44421
46491
44333
44422
46492
44334
44423
46493
44335
44424
46494
44336
44425
46495
44337
44426
46496
44338
44427
46497
44339
44428
46498
44340
44429
46499
44341
44430
46500
44342
44431
46501
44343
44432
46502
44344
44433
46503
44345
44434
46504
44346
44435
46505
44347
44436
46506
44348
44437
46507
44349
44438
46508
44350
44439
46509
44351
44440
46510
44352
44441
46511
44353
44442
46512
44354
44443
46513
44355
44444
46514
44356
44445
46515
44357
44446
46516
44358
44447
46517
44359
44448
46518
44360
44449
46519
44361
44450
46520
44362
44451
46521
44363
44452
46522
44364
44453
46523
44365
44454
46524
44366
44455
46525
44367
44456
46526
44368
44457
46527
44369
44458
46528
44459
46529
44371
44460
46530
44372
44461
46531
44373
44462
46532
44374
44463
46533
44375
44464
46534
44376
44465
46535
44377
44466
46536
44378
44467
46537
44379
44468
46538
44380
44469
46539
44381
44470
46540
44382
44471
46541
44383
44472
46542
44384
44473
46543
44385
44474
46544
44386
44475
46545
44387
44476
46546
44388
44477
46547
44389
44478
46548
44390
44479
46549
44391
44480
46550
44392
44481
46551
44393
44482
46552
44394
44483
46553
44395
44484
46554
44396
44485
46555
44397
44486
46556
44398
44487
46557
44399
44488
46558
44400
44489
46559
44401
44490
46560
44402
44491
46561
44403
44492
46562
44404
44493
46563
44405
44494
46564
44406
44495
46565
44407
44496
46566
44408
44497
46567
44409
44498
46568
44410
44499
46569
44411
44500
46570
44412
44501
46571
44413
44502
46572
44414
44503
46573
44415
44504
46574
44416
44505
46575
44417
44506
46576
44418
44507
46577
44419
44508
46578
44420
44509
46579
44421
44510
46580
44422
44511
46581
44423
44512
46582
44424
44513
46583
44425
44514
46584
44426
44515
46585
44427
44516
46586
44428
44517
46587
44429
44518
46588
44430
44519
46589
44431
44520
46590
44432
44521
46591
44433
44522
46592
44434
44523
46593
44435
44524
46594
44436
44525
46595
44437
44526
46596
44438
44527
46597
44439
44528
46598
44440
44529
46599
44441
44530
46600
44442
44531
46601
44443
44532
46602
44444
44533
46603
44445
44534
46604
44446
44535
46605
44447
44536
46606
44448
44537
46607
44449
44538
46608
44450
44539
46609
44451
44540
46610
44452
44541
46611
44453
44542
46612
44454
44543
46613
44455
44544
46614
44456
44545
46615
44457
44546
46616
44458
44547
46617
44459
44548
46618
44549
46619
44461
44550
46620
44462
44551
46621
44463
44552
46622
44464
44553
46623
44465
44554
46624
44466
44555
46625
44467
44556
46626
44468
44557
46627
44469
44558
46628
44470
44559
46629
44471
44560
46630
44472
44561
46631
44473
44562
46632
44474
44563
46633
44475
44564
46634
44476
44565
46635
44477
44566
46636
44478
44567
46637
44479
44568
46638
44480
44569
46639
44481
44570
46640
44482
44571
46641
44483
44572
46642
44484
44573
46643
44485
44574
46644
44486
44575
46645
44487
44576
46646
44488
44577
46647
44489
44578
46648
44490
44579
46649
44491
44580
46650
44492
44581
46651
44493
44582
46652
44494
44583
46653
44495
44584
46654
44496
44585
46655
44497
44586
46656
44498
44587
46657
44499
44588
46658
44500
44589
46659
44501
44590
46660
44502
44591
46661
44503
44592
46662
44504
44593
46663
44505
44594
46664
44506
44595
46665
44507
44596
46666
44508
44597
46667
44509
44598
46668
44510
44599
46669
44511
44600
46670
44512
44601
46671
44513
44602
46672
44514
44603
46673
44515
44604
46674
44516
44605
46675
44517
44606
46676
44518
44607
46677
44519
44608
46678
44520
44609
46679
44521
44610
46680
44522
44611
46681
44523
44612
46682
44524
44613
46683
44525
44614
46684
44526
44615
46685
44527
44616
46686
44528
44617
46687
44529
44618
46688
44530
44619
46689
44531
44620
46690
44532
44621
46691
44533
44622
46692
44534
44623
46693
44535
44624
46694
44536
44625
46695
44537
44626
46696
44538
44627
46697
44539
44628
46698
44540
44629
46699
44541
44630
46700
44542
44631
46701
44543
44632
46702
44544
44633
46703
44545
44634
46704
44546
44635
46705
44547
44636
46706
44548
44637
46707
44549
44638
46708
44639
46709
44551
44640
46710
44552
44641
46711
44553
44642
46712
44554
44643
46713
44555
44644
46714
44556
44645
46715
44557
44646
46716
44558
44647
46717
44559
44648
46718
44560
44649
46719
44561
44650
46720
44562
44651
46721
44563
44652
46722
44564
44653
46723
44565
44654
46724
44566
44655
46725
44567
44656
46726
44568
44657
46727
44569
44658
46728
44570
44659
46729
44571
44660
46730
44572
44661
46731
44573
44662
46732
44574
44663
46733
44575
44664
46734
44576
44665
46735
44577
44666
46736
44578
44667
46737
44579
44668
46738
44580
44669
46739
44581
44670
46740
44582
44671
46741
44583
44672
46742
44584
44673
46743
44585
44674
46744
44586
44675
46745
44587
44676
46746
44588
44677
46747
44589
44678
46748
44590
44679
46749
44591
44680
46750
44592
44681
46751
44593
44682
46752
44594
44683
46753
44595
44684
46754
44596
44685
46755
44597
44686
46756
44598
44687
46757
44599
44688
46758
44600
44689
46759
44601
44690
46760
44602
44691
46761
44603
44692
46762
44604
44693
46763
44605
44694
46764
44606
44695
46765
44607
44696
46766
44608
44697
46767
44609
44698
46768
44610
44699
46769
44611
44700
46770
44612
44701
46771
44613
44702
46772
44614
44703
46773
44615
44704
46774
44616
44705
46775
44617
44706
46776
44618
44707
46777
44619
44708
46778
44620
44709
46779
44621
44710
46780
44622
44711
46781
44623
44712
46782
44624
44713
46783
44625
44714
46784
44626
44715
46785
44627
44716
46786
44628
44717
46787
44629
44718
46788
44630
44719
46789
44631
44720
46790
44632
44721
46791
44633
44722
46792
44634
44723
46793
44635
44724
46794
44636
44725
46795
44637
44726
46796
44638
44727
46797
44639
44728
46798
44729
46799
44641
44730
46800
44642
44731
46801
44643
44732
46802
44644
44733
46803
44645
44734
46804
44646
44735
46805
44647
44736
46806
44648
44737
46807
44649
44738
46808
44650
44739
46809
44651
44740
46810
44652
44741
46811
44653
44742
46812
44654
44743
46813
44655
44744
46814
44656
44745
46815
44657
44746
46816
44658
44747
46817
44659
44748
46818
44660
44749
46819
44661
44750
46820
44662
44751
46821
44663
44752
46822
44664
44753
46823
44665
44754
46824
44666
44755
46825
44667
44756
46826
44668
44757
46827
44669
44758
46828
44670
44759
46829
44671
44760
46830
44672
44761
46831
44673
44762
46832
44674
44763
46833
44675
44764
46834
44676
44765
46835
44677
44766
46836
44678
44767
46837
44679
44768
46838
44680
44769
46839
44681
44770
46840
44682
44771
46841
44683
44772
46842
44684
44773
46843
44685
44774
46844
44686
44775
46845
44687
44776
46846
44688
44777
46847
44689
44778
46848
44690
44779
46849
44691
44780
46850
44692
44781
46851
44693
44782
46852
44694
44783
46853
44695
44784
46854
44696
44785
46855
44697
44786
46856
44698
44787
46857
44699
44788
46858
44700
44789
46859
44701
44790
46860
44702
44791
46861
44703
44792
46862
44704
44793
46863
44705
44794
46864
44706
44795
46865
44707
44796
46866
44708
44797
46867
44709
44798
46868
44710
44799
46869
44711
44800
46870
44712
44801
46871
44713
44802
46872
44714
44803
46873
44715
44804
46874
44716
44805
46875
44717
44806
46876
44718
44807
46877
44719
44808
46878
44720
44809
46879
44721
44810
46880
44722
44811
46881
44723
44812
46882
44724
44813
46883
44725
44814
46884
44726
44815
46885
44727
44816
46886
44728
44817
46887
44729
44818
46888
44819
46889
44731
44820
46890
44732
44821
46891
44733
44822
46892
44734
44823
46893
44735
44824
46894
44736
44825
46895
44737
44826
46896
44738
44827
46897
44739
44828
46898
44740
44829
46899
44741
44830
46900
44742
44831
46901
44743
44832
46902
44744
44833
46903
44745
44834
46904
44746
44835
46905
44747
44836
46906
44748
44837
46907
44749
44838
46908
44750
44839
46909
44751
44840
46910
44752
44841
46911
44753
44842
46912
44754
44843
46913
44755
44844
46914
44756
44845
46915
44757
44846
46916
44758
44847
46917
44759
44848
46918
44760
44849
46919
44761
44850
46920
44762
44851
46921
44763
44852
46922
44764
44853
46923
44765
44854
46924
44766
44855
46925
44767
44856
46926
44768
44857
46927
44769
44858
46928
44770
44859
46929
44771
44860
46930
44772
44861
46931
44773
44862
46932
44774
44863
46933
44775
44864
46934
44776
44865
46935
44777
44866
46936
44778
44867
46937
44779
44868
46938
44780
44869
46939
44781
44870
46940
44782
44871
46941
44783
44872
46942
44784
44873
46943
44785
44874
46944
44786
44875
46945
44787
44876
46946
44788
44877
46947
44789
44878
46948
44790
44879
46949
44791
44880
46950
44792
44881
46951
44793
44882
46952
44794
44883
46953
44795
44884
46954
44796
44885
46955
44797
44886
46956
44798
44887
46957
44799
44888
46958
44800
44889
46959
44801
44890
46960
44802
44891
46961
44803
44892
46962
44804
44893
46963
44805
44894
46964
44806
44895
46965
44807
44896
46966
44808
44897
46967
44809
44898
46968
44810
44899
46969
44811
44900
46970
44812
44901
46971
44813
44902
46972
44814
44903
46973
44815
44904
46974
44816
44905
46975
44817
44906
46976
44818
44907
46977
44819
44908
46978
44909
46979
44821
44910
46980
44822
44911
46981
44823
44912
46982
44824
44913
46983
44825
44914
46984
44826
44915
46985
44827
44916
46986
44828
44917
46987
44829
44918
46988
44830
44919
46989
44831
44920
46990
44832
44921
46991
44833
44922
46992
44834
44923
46993
44835
44924
46994
44836
44925
46995
44837
44926
46996
44838
44927
46997
44839
44928
46998
44840
44929
46999
44841
44930
47000
44842
44931
47001
44843
44932
47002
44844
44933
47003
44845
44934
47004
44846
44935
47005
44847
44936
47006
44848
44937
47007
44849
44938
47008
44850
44939
47009
44851
44940
47010
44852
44941
47011
44853
44942
47012
44854
44943
47013
44855
44944
47014
44856
44945
47015
44857
44946
47016
44858
44947
47017
44859
44948
47018
44860
44949
47019
44861
44950
47020
44862
44951
47021
44863
44952
47022
44864
44953
47023
44865
44954
47024
44866
44955
47025
44867
44956
47026
44868
44957
47027
44869
44958
47028
44870
44959
47029
44871
44960
47030
44872
44961
47031
44873
44962
47032
44874
44963
47033
44875
44964
47034
44876
44965
47035
44877
44966
47036
44878
44967
47037
44879
44968
47038
44880
44969
47039
44881
44970
47040
44882
44971
47041
44883
44972
47042
44884
44973
47043
44885
44974
47044
44886
44975
47045
44887
44976
47046
44888
44977
47047
44889
44978
47048
44890
44979
47049
44891
44980
47050
44892
44981
47051
44893
44982
47052
44894
44983
47053
44895
44984
47054
44896
44985
47055
44897
44986
47056
44898
44987
47057
44899
44988
47058
44900
44989
47059
44901
44990
47060
44902
44991
47061
44903
44992
47062
44904
44993
47063
44905
44994
47064
44906
44995
47065
44907
44996
47066
44908
44997
47067
44909
44998
47068
44999
47069
44911
45000
47070
44912
45001
47071
44913
45002
47072
44914
45003
47073
44915
45004
47074
44916
45005
47075
44917
45006
47076
44918
45007
47077
44919
45008
47078
44920
45009
47079
44921
45010
47080
44922
45011
47081
44923
45012
47082
44924
45013
47083
44925
45014
47084
44926
45015
47085
44927
45016
47086
44928
45017
47087
44929
45018
47088
44930
45019
47089
44931
45020
47090
44932
45021
47091
44933
45022
47092
44934
45023
47093
44935
45024
47094
44936
45025
47095
44937
45026
47096
44938
45027
47097
44939
45028
47098
44940
45029
47099
44941
45030
47100
44942
45031
47101
44943
45032
47102
44944
45033
47103
44945
45034
47104
44946
45035
47105
44947
45036
47106
44948
45037
47107
44949
45038
47108
44950
45039
47109
44951
45040
47110
44952
45041
47111
44953
45042
47112
44954
45043
47113
44955
45044
47114
44956
45045
47115
44957
45046
47116
44958
45047
47117
44959
45048
47118
44960
45049
47119
44961
45050
47120
44962
45051
47121
44963
45052
47122
44964
45053
47123
44965
45054
47124
44966
45055
47125
44967
45056
47126
44968
45057
47127
44969
45058
47128
44970
45059
47129
44971
45060
47130
44972
45061
47131
44973
45062
47132
44974
45063
47133
44975
45064
47134
44976
45065
47135
44977
45066
47136
44978
45067
47137
44979
45068
47138
44980
45069
47139
44981
45070
47140
44982
45071
47141
44983
45072
47142
44984
45073
47143
44985
45074
47144
44986
45075
47145
44987
45076
47146
44988
45077
47147
44989
45078
47148
44990
45079
47149
44991
45080
47150
44992
45081
47151
44993
45082
47152
44994
45083
47153
44995
45084
47154
44996
45085
47155
44997
45086
47156
44998
45087
47157
44999
45088
47158
45089
47159
45001
45090
47160
45002
45091
47161
45003
45092
47162
45004
45093
47163
45005
45094
47164
45006
45095
47165
45007
45096
47166
45008
45097
47167
45009
45098
47168
45010
45099
47169
45011
45100
47170
45012
45101
47171
45013
45102
47172
45014
45103
47173
45015
45104
47174
45016
45105
47175
45017
45106
47176
45018
45107
47177
45019
45108
47178
45020
45109
47179
45021
45110
47180
45022
45111
47181
45023
45112
47182
45024
45113
47183
45025
45114
47184
45026
45115
47185
45027
45116
47186
45028
45117
47187
45029
45118
47188
45030
45119
47189
45031
45120
47190
45032
45121
47191
45033
45122
47192
45034
45123
47193
45035
45124
47194
45036
45125
47195
45037
45126
47196
45038
45127
47197
45039
45128
47198
45040
45129
47199
45041
45130
47200
45042
45131
47201
45043
45132
47202
45044
45133
47203
45045
45134
47204
45046
45135
47205
45047
45136
47206
45048
45137
47207
45049
45138
47208
45050
45139
47209
45051
45140
47210
45052
45141
47211
45053
45142
47212
45054
45143
47213
45055
45144
47214
45056
45145
47215
45057
45146
47216
45058
45147
47217
45059
45148
47218
45060
45149
47219
45061
45150
47220
45062
45151
47221
45063
45152
47222
45064
45153
47223
45065
45154
47224
45066
45155
47225
45067
45156
47226
45068
45157
47227
45069
45158
47228
45070
45159
47229
45071
45160
47230
45072
45161
47231
45073
45162
47232
45074
45163
47233
45075
45164
47234
45076
45165
47235
45077
45166
47236
45078
45167
47237
45079
45168
47238
45080
45169
47239
45081
45170
47240
45082
45171
47241
45083
45172
47242
45084
45173
47243
45085
45174
47244
45086
45175
47245
45087
45176
47246
45088
45177
47247
45089
45178
47248
45179
47249
45091
45180
47250
45092
45181
47251
45093
45182
47252
45094
45183
47253
45095
45184
47254
45096
45185
47255
45097
45186
47256
45098
45187
47257
45099
45188
47258
45100
45189
47259
45101
45190
47260
45102
45191
47261
45103
45192
47262
45104
45193
47263
45105
45194
47264
45106
45195
47265
45107
45196
47266
45108
45197
47267
45109
45198
47268
45110
45199
47269
45111
45200
47270
45112
45201
47271
45113
45202
47272
45114
45203
47273
45115
45204
47274
45116
45205
47275
45117
45206
47276
45118
45207
47277
45119
45208
47278
45120
45209
47279
45121
45210
47280
45122
45211
47281
45123
45212
47282
45124
45213
47283
45125
45214
47284
45126
45215
47285
45127
45216
47286
45128
45217
47287
45129
45218
47288
45130
45219
47289
45131
45220
47290
45132
45221
47291
45133
45222
47292
45134
45223
47293
45135
45224
47294
45136
45225
47295
45137
45226
47296
45138
45227
47297
45139
45228
47298
45140
45229
47299
45141
45230
47300
45142
45231
47301
45143
45232
47302
45144
45233
47303
45145
45234
47304
45146
45235
47305
45147
45236
47306
45148
45237
47307
45149
45238
47308
45150
45239
47309
45151
45240
47310
45152
45241
47311
45153
45242
47312
45154
45243
47313
45155
45244
47314
45156
45245
47315
45157
45246
47316
45158
45247
47317
45159
45248
47318
45160
45249
47319
45161
45250
47320
45162
45251
47321
45163
45252
47322
45164
45253
47323
45165
45254
47324
45166
45255
47325
45167
45256
47326
45168
45257
47327
45169
45258
47328
45170
45259
47329
45171
45260
47330
45172
45261
47331
45173
45262
47332
45174
45263
47333
45175
45264
47334
45176
45265
47335
45177
45266
47336
45178
45267
47337
45179
45268
47338
45269
47339
45181
45270
47340
45182
45271
47341
45183
45272
47342
45184
45273
47343
45185
45274
47344
45186
45275
47345
45187
45276
47346
45188
45277
47347
45189
45278
47348
45190
45279
47349
45191
45280
47350
45192
45281
47351
45193
45282
47352
45194
45283
47353
45195
45284
47354
45196
45285
47355
45197
45286
47356
45198
45287
47357
45199
45288
47358
45200
45289
47359
45201
45290
47360
45202
45291
47361
45203
45292
47362
45204
45293
47363
45205
45294
47364
45206
45295
47365
45207
45296
47366
45208
45297
47367
45209
45298
47368
45210
45299
47369
45211
45300
47370
45212
45301
47371
45213
45302
47372
45214
45303
47373
45215
45304
47374
45216
45305
47375
45217
45306
47376
45218
45307
47377
45219
45308
47378
45220
45309
47379
45221
45310
47380
45222
45311
47381
45223
45312
47382
45224
45313
47383
45225
45314
47384
45226
45315
47385
45227
45316
47386
45228
45317
47387
45229
45318
47388
45230
45319
47389
45231
45320
47390
45232
45321
47391
45233
45322
47392
45234
45323
47393
45235
45324
47394
45236
45325
47395
45237
45326
47396
45238
45327
47397
45239
45328
47398
45240
45329
47399
45241
45330
47400
45242
45331
47401
45243
45332
47402
45244
45333
47403
45245
45334
47404
45246
45335
47405
45247
45336
47406
45248
45337
47407
45249
45338
47408
45250
45339
47409
45251
45340
47410
45252
45341
47411
45253
45342
47412
45254
45343
47413
45255
45344
47414
45256
45345
47415
45257
45346
47416
45258
45347
47417
45259
45348
47418
45260
45349
47419
45261
45350
47420
45262
45351
47421
45263
45352
47422
45264
45353
47423
45265
45354
47424
45266
45355
47425
45267
45356
47426
45268
45357
47427
45269
45358
47428
45359
47429
45271
47430
45272
47431
45273
47432
45274
47433
45275
47434
45276
47435
45277
47436
45278
47437
45279
47438
45280
47439
45281
47440
45282
47441
45283
47442
45284
47443
45285
47444
45286
47445
45287
47446
45288
47447
45289
47448
45290
47449
45291
47450
45292
47451
45293
47452
45294
47453
45295
47454
45296
47455
45297
47456
45298
47457
45299
47458
45300
47459
45301
47460
45302
47461
45303
47462
45304
47463
45305
47464
45306
47465
45307
47466
45308
47467
45309
47468
45310
47469
45311
47470
45312
47471
45313
47472
45314
47473
45315
47474
45316
47475
45317
47476
45318
47477
45319
47478
45320
47479
45321
47480
45322
47481
45323
47482
45324
47483
45325
47484
45326
47485
45327
47486
45328
47487
45329
47488
45330
47489
45331
47490
45332
47491
45333
47492
45334
47493
45335
47494
45336
47495
45337
47496
45338
47497
45339
47498
45340
47499
45341
47500
45342
47501
45343
47502
45344
47503
45345
47504
45346
47505
45347
47506
45348
47507
45349
47508
45350
47509
45351
47510
45352
47511
45353
47512
45354
47513
45355
47514
45356
47515
45357
47516
45358
47517
45359
47518
47519
45361
45450
47520
45362
45451
47521
45363
45452
47522
45364
45453
47523
45365
45454
47524
45366
45455
47525
45367
45456
47526
45368
45457
47527
45369
45458
47528
45370
45459
47529
45371
45460
47530
45372
45461
47531
45373
45462
47532
45374
45463
47533
45375
45464
47534
45376
45465
47535
45377
45466
47536
45378
45467
47537
45379
45468
47538
45380
45469
47539
45381
45470
47540
45382
45471
47541
45383
45472
47542
45384
45473
47543
45385
45474
47544
45386
45475
47545
45387
45476
47546
45388
45477
47547
45389
45478
47548
45390
45479
47549
45391
45480
47550
45392
45481
47551
45393
45482
47552
45394
45483
47553
45395
45484
47554
45396
45485
47555
45397
45486
47556
45398
45487
47557
45399
45488
47558
45400
45489
47559
45401
45490
47560
45402
45491
47561
45403
45492
47562
45404
45493
47563
45405
45494
47564
45406
45495
47565
45407
45496
47566
45408
45497
47567
45409
45498
47568
45410
45499
47569
45411
45500
47570
45412
45501
47571
45413
45502
47572
45414
45503
47573
45415
45504
47574
45416
45505
47575
45417
45506
47576
45418
45507
47577
45419
45508
47578
45420
45509
47579
45421
45510
47580
45422
45511
47581
45423
45512
47582
45424
45513
47583
45425
45514
47584
45426
45515
47585
45427
45516
47586
45428
45517
47587
45429
45518
47588
45430
45519
47589
45431
45520
47590
45432
45521
47591
45433
45522
47592
45434
45523
47593
45435
45524
47594
45436
45525
47595
45437
45526
47596
45438
45527
47597
45439
45528
47598
45440
45529
47599
45441
45530
47600
45442
45531
47601
45443
45532
47602
45444
45533
47603
45445
45534
47604
45446
45535
47605
45447
45536
47606
45448
45537
47607
45449
45538
47608
45539
47609
45451
45540
47610
45452
45541
47611
45453
45542
47612
45454
45543
47613
45455
45544
47614
45456
45545
47615
45457
45546
47616
45458
45547
47617
45459
45548
47618
45460
45549
47619
45461
45550
47620
45462
45551
47621
45463
45552
47622
45464
45553
47623
45465
45554
47624
45466
45555
47625
45467
45556
47626
45468
45557
47627
45469
45558
47628
45470
45559
47629
45471
45560
47630
45472
45561
47631
45473
45562
47632
45474
45563
47633
45475
45564
47634
45476
45565
47635
45477
45566
47636
45478
45567
47637
45479
45568
47638
45480
45569
47639
45481
45570
47640
45482
45571
47641
45483
45572
47642
45484
45573
47643
45485
45574
47644
45486
45575
47645
45487
45576
47646
45488
45577
47647
45489
45578
47648
45490
45579
47649
45491
45580
47650
45492
45581
47651
45493
45582
47652
45494
45583
47653
45495
45584
47654
45496
45585
47655
45497
45586
47656
45498
45587
47657
45499
45588
47658
45500
45589
47659
45501
45590
47660
45502
45591
47661
45503
45592
47662
45504
45593
47663
45505
45594
47664
45506
45595
47665
45507
45596
47666
45508
45597
47667
45509
45598
47668
45510
45599
47669
45511
45600
47670
45512
45601
47671
45513
45602
47672
45514
45603
47673
45515
45604
47674
45516
45605
47675
45517
45606
47676
45518
45607
47677
45519
45608
47678
45520
45609
47679
45521
45610
47680
45522
45611
47681
45523
45612
47682
45524
45613
47683
45525
45614
47684
45526
45615
47685
45527
45616
47686
45528
45617
47687
45529
45618
47688
45530
45619
47689
45531
45620
47690
45532
45621
47691
45533
45622
47692
45534
45623
47693
45535
45624
47694
45536
45625
47695
45537
45626
47696
45538
45627
47697
45539
45628
47698
45629
47699
45541
45630
47700
45542
45631
47701
45543
45632
47702
45544
45633
47703
45545
45634
47704
45546
45635
47705
45547
45636
47706
45548
45637
47707
45549
45638
47708
45550
45639
47709
45551
45640
47710
45552
45641
47711
45553
45642
47712
45554
45643
47713
45555
45644
47714
45556
45645
47715
45557
45646
47716
45558
45647
47717
45559
45648
47718
45560
45649
47719
45561
45650
47720
45562
45651
47721
45563
45652
47722
45564
45653
47723
45565
45654
47724
45566
45655
47725
45567
45656
47726
45568
45657
47727
45569
45658
47728
45570
45659
47729
45571
45660
47730
45572
45661
47731
45573
45662
47732
45574
45663
47733
45575
45664
47734
45576
45665
47735
45577
45666
47736
45578
45667
47737
45579
45668
47738
45580
45669
47739
45581
45670
47740
45582
45671
47741
45583
45672
47742
45584
45673
47743
45585
45674
47744
45586
45675
47745
45587
45676
47746
45588
45677
47747
45589
45678
47748
45590
45679
47749
45591
45680
47750
45592
45681
47751
45593
45682
47752
45594
45683
47753
45595
45684
47754
45596
45685
47755
45597
45686
47756
45598
45687
47757
45599
45688
47758
45600
45689
47759
45601
45690
47760
45602
45691
47761
45603
45692
47762
45604
45693
47763
45605
45694
47764
45606
45695
47765
45607
45696
47766
45608
45697
47767
45609
45698
47768
45610
45699
47769
45611
45700
47770
45612
45701
47771
45613
45702
47772
45614
45703
47773
45615
45704
47774
45616
45705
47775
45617
45706
47776
45618
45707
47777
45619
45708
47778
45620
45709
47779
45621
45710
47780
45622
45711
47781
45623
45712
47782
45624
45713
47783
45625
45714
47784
45626
45715
47785
45627
45716
47786
45628
45717
47787
45629
45718
47788
45719
47789
45631
45720
47790
45632
45721
47791
45633
45722
47792
45634
45723
47793
45635
45724
47794
45636
45725
47795
45637
45726
47796
45638
45727
47797
45639
45728
47798
45640
45729
47799
45641
45730
47800
45642
45731
47801
45643
45732
47802
45644
45733
47803
45645
45734
47804
45646
45735
47805
45647
45736
47806
45648
45737
47807
45649
45738
47808
45650
45739
47809
45651
45740
47810
45652
45741
47811
45653
45742
47812
45654
45743
47813
45655
45744
47814
45656
45745
47815
45657
45746
47816
45658
45747
47817
45659
45748
47818
45660
45749
47819
45661
45750
47820
45662
45751
47821
45663
45752
47822
45664
45753
47823
45665
45754
47824
45666
45755
47825
45667
45756
47826
45668
45757
47827
45669
45758
47828
45670
45759
47829
45671
45760
47830
45672
45761
47831
45673
45762
47832
45674
45763
47833
45675
45764
47834
45676
45765
47835
45677
45766
47836
45678
45767
47837
45679
45768
47838
45680
45769
47839
45681
45770
47840
45682
45771
47841
45683
45772
47842
45684
45773
47843
45685
45774
47844
45686
45775
47845
45687
45776
47846
45688
45777
47847
45689
45778
47848
45690
45779
47849
45691
45780
47850
45692
45781
47851
45693
45782
47852
45694
45783
47853
45695
45784
47854
45696
45785
47855
45697
45786
47856
45698
45787
47857
45699
45788
47858
45700
45789
47859
45701
45790
47860
45702
45791
47861
45703
45792
47862
45704
45793
47863
45705
45794
47864
45706
45795
47865
45707
45796
47866
45708
45797
47867
45709
45798
47868
45710
45799
47869
45711
45800
47870
45712
45801
47871
45713
45802
47872
45714
45803
47873
45715
45804
47874
45716
45805
47875
45717
45806
47876
45718
45807
47877
45719
45808
47878
45809
47879
45721
45810
47880
45722
45811
47881
45723
45812
47882
45724
45813
47883
45725
45814
47884
45726
45815
47885
45727
45816
47886
45728
45817
47887
45729
45818
47888
45730
45819
47889
45731
45820
47890
45732
45821
47891
45733
45822
47892
45734
45823
47893
45735
45824
47894
45736
45825
47895
45737
45826
47896
45738
45827
47897
45739
45828
47898
45740
45829
47899
45741
45830
47900
45742
45831
47901
45743
45832
47902
45744
45833
47903
45745
45834
47904
45746
45835
47905
45747
45836
47906
45748
45837
47907
45749
45838
47908
45750
45839
47909
45751
45840
47910
45752
45841
47911
45753
45842
47912
45754
45843
47913
45755
45844
47914
45756
45845
47915
45757
45846
47916
45758
45847
47917
45759
45848
47918
45760
45849
47919
45761
45850
47920
45762
45851
47921
45763
45852
47922
45764
45853
47923
45765
45854
47924
45766
45855
47925
45767
45856
47926
45768
45857
47927
45769
45858
47928
45770
45859
47929
45771
45860
47930
45772
45861
47931
45773
45862
47932
45774
45863
47933
45775
45864
47934
45776
45865
47935
45777
45866
47936
45778
45867
47937
45779
45868
47938
45780
45869
47939
45781
45870
47940
45782
45871
47941
45783
45872
47942
45784
45873
47943
45785
45874
47944
45786
45875
47945
45787
45876
47946
45788
45877
47947
45789
45878
47948
45790
45879
47949
45791
45880
47950
45792
45881
47951
45793
45882
47952
45794
45883
47953
45795
45884
47954
45796
45885
47955
45797
45886
47956
45798
45887
47957
45799
45888
47958
45800
45889
47959
45801
45890
47960
45802
45891
47961
45803
45892
47962
45804
45893
47963
45805
45894
47964
45806
45895
47965
45807
45896
47966
45808
45897
47967
45809
45898
47968
45899
47969
45811
45900
47970
45812
45901
47971
45813
45902
47972
45814
45903
47973
45815
45904
47974
45816
45905
47975
45817
45906
47976
45818
45907
47977
45819
45908
47978
45820
45909
47979
45821
45910
47980
45822
45911
47981
45823
45912
47982
45824
45913
47983
45825
45914
47984
45826
45915
47985
45827
45916
47986
45828
45917
47987
45829
45918
47988
45830
45919
47989
45831
45920
47990
45832
45921
47991
45833
45922
47992
45834
45923
47993
45835
45924
47994
45836
45925
47995
45837
45926
47996
45838
45927
47997
45839
45928
47998
45840
45929
47999
45841
45930
48000
45842
45931
48001
45843
45932
48002
45844
45933
48003
45845
45934
48004
45846
45935
48005
45847
45936
48006
45848
45937
48007
45849
45938
48008
45850
45939
48009
45851
45940
48010
45852
45941
48011
45853
45942
48012
45854
45943
48013
45855
45944
48014
45856
45945
48015
45857
45946
48016
45858
45947
48017
45859
45948
48018
45860
45949
48019
45861
45950
48020
45862
45951
48021
45863
45952
48022
45864
45953
48023
45865
45954
48024
45866
45955
48025
45867
45956
48026
45868
45957
48027
45869
45958
48028
45870
45959
48029
45871
45960
48030
45872
45961
48031
45873
45962
48032
45874
45963
48033
45875
45964
48034
45876
45965
48035
45877
45966
48036
45878
45967
48037
45879
45968
48038
45880
45969
48039
45881
45970
48040
45882
45971
48041
45883
45972
48042
45884
45973
48043
45885
45974
48044
45886
45975
48045
45887
45976
48046
45888
45977
48047
45889
45978
48048
45890
45979
48049
45891
45980
48050
45892
45981
48051
45893
45982
48052
45894
45983
48053
45895
45984
48054
45896
45985
48055
45897
45986
48056
45898
45987
48057
45899
45988
48058
45989
48059
45901
45990
48060
45902
45991
48061
45903
45992
48062
45904
45993
48063
45905
45994
48064
45906
45995
48065
45907
45996
48066
45908
45997
48067
45909
45998
48068
45910
45999
48069
45911
46000
48070
45912
46001
48071
45913
46002
48072
45914
46003
48073
45915
46004
48074
45916
46005
48075
45917
46006
48076
45918
46007
48077
45919
46008
48078
45920
46009
48079
45921
46010
48080
45922
46011
48081
45923
46012
48082
45924
46013
48083
45925
46014
48084
45926
46015
48085
45927
46016
48086
45928
46017
48087
45929
46018
48088
45930
46019
48089
45931
46020
48090
45932
46021
48091
45933
46022
48092
45934
46023
48093
45935
46024
48094
45936
46025
48095
45937
46026
48096
45938
46027
48097
45939
46028
48098
45940
46029
48099
45941
46030
48100
45942
46031
48101
45943
46032
48102
45944
46033
48103
45945
46034
48104
45946
46035
48105
45947
46036
48106
45948
46037
48107
45949
46038
48108
45950
46039
48109
45951
46040
48110
45952
46041
48111
45953
46042
48112
45954
46043
48113
45955
46044
48114
45956
46045
48115
45957
46046
48116
45958
46047
48117
45959
46048
48118
45960
46049
48119
45961
46050
48120
45962
46051
48121
45963
46052
48122
45964
46053
48123
45965
46054
48124
45966
46055
48125
45967
46056
48126
45968
46057
48127
45969
46058
48128
45970
46059
48129
45971
46060
48130
45972
46061
48131
45973
46062
48132
45974
46063
48133
45975
46064
48134
45976
46065
48135
45977
46066
48136
45978
46067
48137
45979
46068
48138
45980
46069
48139
45981
46070
48140
45982
46071
48141
45983
46072
48142
45984
46073
48143
45985
46074
48144
45986
46075
48145
45987
46076
48146
45988
46077
48147
45989
46078
48148
46079
48149
45991
46080
48150
45992
46081
48151
45993
46082
48152
45994
46083
48153
45995
46084
48154
45996
46085
48155
45997
46086
48156
45998
46087
48157
45999
46088
48158
46000
46089
48159
46001
46090
48160
46002
46091
48161
46003
46092
48162
46004
46093
48163
46005
46094
48164
46006
46095
48165
46007
46096
48166
46008
46097
48167
46009
46098
48168
46010
46099
48169
46011
46100
48170
46012
46101
48171
46013
46102
48172
46014
46103
48173
46015
46104
48174
46016
46105
48175
46017
46106
48176
46018
46107
48177
46019
46108
48178
46020
46109
48179
46021
46110
48180
46022
46111
48181
46023
46112
48182
46024
46113
48183
46025
46114
48184
46026
46115
48185
46027
46116
48186
46028
46117
48187
46029
46118
48188
46030
46119
48189
46031
46120
48190
46032
46121
48191
46033
46122
48192
46034
46123
48193
46035
46124
48194
46036
46125
48195
46037
46126
48196
46038
46127
48197
46039
46128
48198
46040
46129
48199
46041
46130
48200
46042
46131
48201
46043
46132
48202
46044
46133
48203
46045
46134
48204
46046
46135
48205
46047
46136
48206
46048
46137
48207
46049
46138
48208
46050
46139
48209
46051
46140
48210
46052
46141
48211
46053
46142
48212
46054
46143
48213
46055
46144
48214
46056
46145
48215
46057
46146
48216
46058
46147
48217
46059
46148
48218
46060
46149
48219
46061
46150
48220
46062
46151
48221
46063
46152
48222
46064
46153
48223
46065
46154
48224
46066
46155
48225
46067
46156
48226
46068
46157
48227
46069
46158
48228
46070
46159
48229
46071
46160
48230
46072
46161
48231
46073
46162
48232
46074
46163
48233
46075
46164
48234
46076
46165
48235
46077
46166
48236
46078
46167
48237
46079
46168
48238
46169
48239
46081
46170
48240
46082
46171
48241
46083
46172
48242
46084
46173
48243
46085
46174
48244
46086
46175
48245
46087
46176
48246
46088
46177
48247
46089
46178
48248
46090
46179
48249
46091
46180
48250
46092
46181
48251
46093
46182
48252
46094
46183
48253
46095
46184
48254
46096
46185
48255
46097
46186
48256
46098
46187
48257
46099
46188
48258
46100
46189
48259
46101
46190
48260
46102
46191
48261
46103
46192
48262
46104
46193
48263
46105
46194
48264
46106
46195
48265
46107
46196
48266
46108
46197
48267
46109
46198
48268
46110
46199
48269
46111
46200
48270
46112
46201
48271
46113
46202
48272
46114
46203
48273
46115
46204
48274
46116
46205
48275
46117
46206
48276
46118
46207
48277
46119
46208
48278
46120
46209
48279
46121
46210
48280
46122
46211
48281
46123
46212
48282
46124
46213
48283
46125
46214
48284
46126
46215
48285
46127
46216
48286
46128
46217
48287
46129
46218
48288
46130
46219
48289
46131
46220
48290
46132
46221
48291
46133
46222
48292
46134
46223
48293
46135
46224
48294
46136
46225
48295
46137
46226
48296
46138
46227
48297
46139
46228
48298
46140
46229
48299
46141
46230
48300
46142
46231
48301
46143
46232
48302
46144
46233
48303
46145
46234
48304
46146
46235
48305
46147
46236
48306
46148
46237
48307
46149
46238
48308
46150
46239
48309
46151
46240
48310
46152
46241
48311
46153
46242
48312
46154
46243
48313
46155
46244
48314
46156
46245
48315
46157
46246
48316
46158
46247
48317
46159
46248
48318
46160
46249
48319
46161
46250
48320
46162
46251
48321
46163
46252
48322
46164
46253
48323
46165
46254
48324
46166
46255
48325
46167
46256
48326
46168
46257
48327
46169
46258
48328
46259
48329
46171
46260
48330
46172
46261
48331
46173
46262
48332
46174
46263
48333
46175
46264
48334
46176
46265
48335
46177
46266
48336
46178
46267
48337
46179
46268
48338
46180
46269
48339
46181
46270
48340
46182
46271
48341
46183
46272
48342
46184
46273
48343
46185
46274
48344
46186
46275
48345
46187
46276
48346
46188
46277
48347
46189
46278
48348
46190
46279
48349
46191
46280
48350
46192
46281
48351
46193
46282
48352
46194
46283
48353
46195
46284
48354
46196
46285
48355
46197
46286
48356
46198
46287
48357
46199
46288
48358
46200
46289
48359
46201
46290
48360
46202
46291
48361
46203
46292
48362
46204
46293
48363
46205
46294
48364
46206
46295
48365
46207
46296
48366
46208
46297
48367
46209
46298
48368
46210
46299
48369
46211
46300
48370
46212
46301
48371
46213
46302
48372
46214
46303
48373
46215
46304
48374
46216
46305
48375
46217
46306
48376
46218
46307
48377
46219
46308
48378
46220
46309
48379
46221
46310
48380
46222
46311
48381
46223
46312
48382
46224
46313
48383
46225
46314
48384
46226
46315
48385
46227
46316
48386
46228
46317
48387
46229
46318
48388
46230
46319
48389
46231
46320
48390
46232
46321
48391
46233
46322
48392
46234
46323
48393
46235
46324
48394
46236
46325
48395
46237
46326
48396
46238
46327
48397
46239
46328
48398
46240
46329
48399
46241
46330
48400
46242
46331
48401
46243
46332
48402
46244
46333
48403
46245
46334
48404
46246
46335
48405
46247
46336
48406
46248
46337
48407
46249
46338
48408
46250
46339
48409
46251
46340
48410
46252
46341
48411
46253
46342
48412
46254
46343
48413
46255
46344
48414
46256
46345
48415
46257
46346
48416
46258
46347
48417
46259
46348
48418
46349
48419
46261
46350
48420
46262
46351
48421
46263
46352
48422
46264
46353
48423
46265
46354
48424
46266
46355
48425
46267
46356
48426
46268
46357
48427
46269
46358
48428
46270
46359
48429
46271
46360
48430
46272
46361
48431
46273
46362
48432
46274
46363
48433
46275
46364
48434
46276
46365
48435
46277
46366
48436
46278
46367
48437
46279
46368
48438
46280
46369
48439
46281
46370
48440
46282
46371
48441
46283
46372
48442
46284
46373
48443
46285
46374
48444
46286
46375
48445
46287
46376
48446
46288
46377
48447
46289
46378
48448
46290
46379
48449
46291
46380
48450
46292
46381
48451
46293
46382
48452
46294
46383
48453
46295
46384
48454
46296
46385
48455
46297
46386
48456
46298
46387
48457
46299
46388
48458
46300
46389
48459
46301
46390
48460
46302
46391
48461
46303
46392
48462
46304
46393
48463
46305
46394
48464
46306
46395
48465
46307
46396
48466
46308
46397
48467
46309
46398
48468
46310
46399
48469
46311
46400
48470
46312
46401
48471
46313
46402
48472
46314
46403
48473
46315
46404
48474
46316
46405
48475
46317
46406
48476
46318
46407
48477
46319
46408
48478
46320
46409
48479
46321
46410
48480
46322
46411
48481
46323
46412
48482
46324
46413
48483
46325
46414
48484
46326
46415
48485
46327
46416
48486
46328
46417
48487
46329
46418
48488
46330
46419
48489
46331
46420
48490
46332
46421
48491
46333
46422
48492
46334
46423
48493
46335
46424
48494
46336
46425
48495
46337
46426
48496
46338
46427
48497
46339
46428
48498
46340
46429
48499
46341
46430
48500
46342
46431
48501
46343
46432
48502
46344
46433
48503
46345
46434
48504
46346
46435
48505
46347
46436
48506
46348
46437
48507
46349
46438
48508
46439
48509
46351
46440
48510
46352
46441
48511
46353
46442
48512
46354
46443
48513
46355
46444
48514
46356
46445
48515
46357
46446
48516
46358
46447
48517
46359
46448
48518
46360
46449
48519
46361
46450
48520
46362
46451
48521
46363
46452
48522
46364
46453
48523
46365
46454
48524
46366
46455
48525
46367
46456
48526
46368
46457
48527
46369
46458
48528
46370
46459
48529
46371
46460
48530
46372
46461
48531
46373
46462
48532
46374
46463
48533
46375
46464
48534
46376
46465
48535
46377
46466
48536
46378
46467
48537
46379
46468
48538
46380
46469
48539
46381
46470
48540
46382
46471
48541
46383
46472
48542
46384
46473
48543
46385
46474
48544
46386
46475
48545
46387
46476
48546
46388
46477
48547
46389
46478
48548
46390
46479
48549
46391
46480
48550
46392
46481
48551
46393
46482
48552
46394
46483
48553
46395
46484
48554
46396
46485
48555
46397
46486
48556
46398
46487
48557
46399
46488
48558
46400
46489
48559
46401
46490
48560
46402
46491
48561
46403
46492
48562
46404
46493
48563
46405
46494
48564
46406
46495
48565
46407
46496
48566
46408
46497
48567
46409
46498
48568
46410
46499
48569
46411
46500
48570
46412
46501
48571
46413
46502
48572
46414
46503
48573
46415
46504
48574
46416
46505
48575
46417
46506
48576
46418
46507
48577
46419
46508
48578
46420
46509
48579
46421
46510
48580
46422
46511
48581
46423
46512
48582
46424
46513
48583
46425
46514
48584
46426
46515
48585
46427
46516
48586
46428
46517
48587
46429
46518
48588
46430
46519
48589
46431
46520
48590
46432
46521
48591
46433
46522
48592
46434
46523
48593
46435
46524
48594
46436
46525
48595
46437
46526
48596
46438
46527
48597
46439
46528
48598
46529
48599
46441
46530
48600
46442
46531
48601
46443
46532
48602
46444
46533
48603
46445
46534
48604
46446
46535
48605
46447
46536
48606
46448
46537
48607
46449
46538
48608
46450
46539
48609
46451
46540
48610
46452
46541
48611
46453
46542
48612
46454
46543
48613
46455
46544
48614
46456
46545
48615
46457
46546
48616
46458
46547
48617
46459
46548
48618
46460
46549
48619
46461
46550
48620
46462
46551
48621
46463
46552
48622
46464
46553
48623
46465
46554
48624
46466
46555
48625
46467
46556
48626
46468
46557
48627
46469
46558
48628
46470
46559
48629
46471
46560
48630
46472
46561
48631
46473
46562
48632
46474
46563
48633
46475
46564
48634
46476
46565
48635
46477
46566
48636
46478
46567
48637
46479
46568
48638
46480
46569
48639
46481
46570
48640
46482
46571
48641
46483
46572
48642
46484
46573
48643
46485
46574
48644
46486
46575
48645
46487
46576
48646
46488
46577
48647
46489
46578
48648
46490
46579
48649
46491
46580
48650
46492
46581
48651
46493
46582
48652
46494
46583
48653
46495
46584
48654
46496
46585
48655
46497
46586
48656
46498
46587
48657
46499
46588
48658
46500
46589
48659
46501
46590
48660
46502
46591
48661
46503
46592
48662
46504
46593
48663
46505
46594
48664
46506
46595
48665
46507
46596
48666
46508
46597
48667
46509
46598
48668
46510
46599
48669
46511
46600
48670
46512
46601
48671
46513
46602
48672
46514
46603
48673
46515
46604
48674
46516
46605
48675
46517
46606
48676
46518
46607
48677
46519
46608
48678
46520
46609
48679
46521
46610
48680
46522
46611
48681
46523
46612
48682
46524
46613
48683
46525
46614
48684
46526
46615
48685
46527
46616
48686
46528
46617
48687
46529
46618
48688
46619
48689
46531
46620
48690
46532
46621
48691
46533
46622
48692
46534
46623
48693
46535
46624
48694
46536
46625
48695
46537
46626
48696
46538
46627
48697
46539
46628
48698
46540
46629
48699
46541
46630
48700
46542
46631
48701
46543
46632
48702
46544
46633
48703
46545
46634
48704
46546
46635
48705
46547
46636
48706
46548
46637
48707
46549
46638
48708
46550
46639
48709
46551
46640
48710
46552
46641
48711
46553
46642
48712
46554
46643
48713
46555
46644
48714
46556
46645
48715
46557
46646
48716
46558
46647
48717
46559
46648
48718
46560
46649
48719
46561
46650
48720
46562
46651
48721
46563
46652
48722
46564
46653
48723
46565
46654
48724
46566
46655
48725
46567
46656
48726
46568
46657
48727
46569
46658
48728
46570
46659
48729
46571
46660
48730
46572
46661
48731
46573
46662
48732
46574
46663
48733
46575
46664
48734
46576
46665
48735
46577
46666
48736
46578
46667
48737
46579
46668
48738
46580
46669
48739
46581
46670
48740
46582
46671
48741
46583
46672
48742
46584
46673
48743
46585
46674
48744
46586
46675
48745
46587
46676
48746
46588
46677
48747
46589
46678
48748
46590
46679
48749
46591
46680
48750
46592
46681
48751
46593
46682
48752
46594
46683
48753
46595
46684
48754
46596
46685
48755
46597
46686
48756
46598
46687
48757
46599
46688
48758
46600
46689
48759
46601
46690
48760
46602
46691
48761
46603
46692
48762
46604
46693
48763
46605
46694
48764
46606
46695
48765
46607
46696
48766
46608
46697
48767
46609
46698
48768
46610
46699
48769
46611
46700
48770
46612
46701
48771
46613
46702
48772
46614
46703
48773
46615
46704
48774
46616
46705
48775
46617
46706
48776
46618
46707
48777
46619
46708
48778
46709
48779
46621
46710
48780
46622
46711
48781
46623
46712
48782
46624
46713
48783
46625
46714
48784
46626
46715
48785
46627
46716
48786
46628
46717
48787
46629
46718
48788
46630
46719
48789
46631
46720
48790
46632
46721
48791
46633
46722
48792
46634
46723
48793
46635
46724
48794
46636
46725
48795
46637
46726
48796
46638
46727
48797
46639
46728
48798
46640
46729
48799
46641
46730
48800
46642
46731
48801
46643
46732
48802
46644
46733
48803
46645
46734
48804
46646
46735
48805
46647
46736
48806
46648
46737
48807
46649
46738
48808
46650
46739
48809
46651
46740
48810
46652
46741
48811
46653
46742
48812
46654
46743
48813
46655
46744
48814
46656
46745
48815
46657
46746
48816
46658
46747
48817
46659
46748
48818
46660
46749
48819
46661
46750
48820
46662
46751
48821
46663
46752
48822
46664
46753
48823
46665
46754
48824
46666
46755
48825
46667
46756
48826
46668
46757
48827
46669
46758
48828
46670
46759
48829
46671
46760
48830
46672
46761
48831
46673
46762
48832
46674
46763
48833
46675
46764
48834
46676
46765
48835
46677
46766
48836
46678
46767
48837
46679
46768
48838
46680
46769
48839
46681
46770
48840
46682
46771
48841
46683
46772
48842
46684
46773
48843
46685
46774
48844
46686
46775
48845
46687
46776
48846
46688
46777
48847
46689
46778
48848
46690
46779
48849
46691
46780
48850
46692
46781
48851
46693
46782
48852
46694
46783
48853
46695
46784
48854
46696
46785
48855
46697
46786
48856
46698
46787
48857
46699
46788
48858
46700
46789
48859
46701
46790
48860
46702
46791
48861
46703
46792
48862
46704
46793
48863
46705
46794
48864
46706
46795
48865
46707
46796
48866
46708
46797
48867
46709
46798
48868
46799
48869
46711
46800
48870
46712
46801
48871
46713
46802
48872
46714
46803
48873
46715
46804
48874
46716
46805
48875
46717
46806
48876
46718
46807
48877
46719
46808
48878
46720
46809
48879
46721
46810
48880
46722
46811
48881
46723
46812
48882
46724
46813
48883
46725
46814
48884
46726
46815
48885
46727
46816
48886
46728
46817
48887
46729
46818
48888
46730
46819
48889
46731
46820
48890
46732
46821
48891
46733
46822
48892
46734
46823
48893
46735
46824
48894
46736
46825
48895
46737
46826
48896
46738
46827
48897
46739
46828
48898
46740
46829
48899
46741
46830
48900
46742
46831
48901
46743
46832
48902
46744
46833
48903
46745
46834
48904
46746
46835
48905
46747
46836
48906
46748
46837
48907
46749
46838
48908
46750
46839
48909
46751
46840
48910
46752
46841
48911
46753
46842
48912
46754
46843
48913
46755
46844
48914
46756
46845
48915
46757
46846
48916
46758
46847
48917
46759
46848
48918
46760
46849
48919
46761
46850
48920
46762
46851
48921
46763
46852
48922
46764
46853
48923
46765
46854
48924
46766
46855
48925
46767
46856
48926
46768
46857
48927
46769
46858
48928
46770
46859
48929
46771
46860
48930
46772
46861
48931
46773
46862
48932
46774
46863
48933
46775
46864
48934
46776
46865
48935
46777
46866
48936
46778
46867
48937
46779
46868
48938
46780
46869
48939
46781
46870
48940
46782
46871
48941
46783
46872
48942
46784
46873
48943
46785
46874
48944
46786
46875
48945
46787
46876
48946
46788
46877
48947
46789
46878
48948
46790
46879
48949
46791
46880
48950
46792
46881
48951
46793
46882
48952
46794
46883
48953
46795
46884
48954
46796
46885
48955
46797
46886
48956
46798
46887
48957
46799
46888
48958
46889
48959
46801
46890
48960
46802
46891
48961
46803
46892
48962
46804
46893
48963
46805
46894
48964
46806
46895
48965
46807
46896
48966
46808
46897
48967
46809
46898
48968
46810
46899
48969
46811
46900
48970
46812
46901
48971
46813
46902
48972
46814
46903
48973
46815
46904
48974
46816
46905
48975
46817
46906
48976
46818
46907
48977
46819
46908
48978
46820
46909
48979
46821
46910
48980
46822
46911
48981
46823
46912
48982
46824
46913
48983
46825
46914
48984
46826
46915
48985
46827
46916
48986
46828
46917
48987
46829
46918
48988
46830
46919
48989
46831
46920
48990
46832
46921
48991
46833
46922
48992
46834
46923
48993
46835
46924
48994
46836
46925
48995
46837
46926
48996
46838
46927
48997
46839
46928
48998
46840
46929
48999
46841
46930
49000
46842
46931
49001
46843
46932
49002
46844
46933
49003
46845
46934
49004
46846
46935
49005
46847
46936
49006
46848
46937
49007
46849
46938
49008
46850
46939
49009
46851
46940
49010
46852
46941
49011
46853
46942
49012
46854
46943
49013
46855
46944
49014
46856
46945
49015
46857
46946
49016
46858
46947
49017
46859
46948
49018
46860
46949
49019
46861
46950
49020
46862
46951
49021
46863
46952
49022
46864
46953
49023
46865
46954
49024
46866
46955
49025
46867
46956
49026
46868
46957
49027
46869
46958
49028
46870
46959
49029
46871
46960
49030
46872
46961
49031
46873
46962
49032
46874
46963
49033
46875
46964
49034
46876
46965
49035
46877
46966
49036
46878
46967
49037
46879
46968
49038
46880
46969
49039
46881
46970
49040
46882
46971
49041
46883
46972
49042
46884
46973
49043
46885
46974
49044
46886
46975
49045
46887
46976
49046
46888
46977
49047
46889
46978
49048
46979
49049
46891
46980
49050
46892
46981
49051
46893
46982
49052
46894
46983
49053
46895
46984
49054
46896
46985
49055
46897
46986
49056
46898
46987
49057
46899
46988
49058
46900
46989
49059
46901
46990
49060
46902
46991
49061
46903
46992
49062
46904
46993
49063
46905
46994
49064
46906
46995
49065
46907
46996
49066
46908
46997
49067
46909
46998
49068
46910
46999
49069
46911
47000
49070
46912
47001
49071
46913
47002
49072
46914
47003
49073
46915
47004
49074
46916
47005
49075
46917
47006
49076
46918
47007
49077
46919
47008
49078
46920
47009
49079
46921
47010
49080
46922
47011
49081
46923
47012
49082
46924
47013
49083
46925
47014
49084
46926
47015
49085
46927
47016
49086
46928
47017
49087
46929
47018
49088
46930
47019
49089
46931
47020
49090
46932
47021
49091
46933
47022
49092
46934
47023
49093
46935
47024
49094
46936
47025
49095
46937
47026
49096
46938
47027
49097
46939
47028
49098
46940
47029
49099
46941
47030
49100
46942
47031
49101
46943
47032
49102
46944
47033
49103
46945
47034
49104
46946
47035
49105
46947
47036
49106
46948
47037
49107
46949
47038
49108
46950
47039
49109
46951
47040
49110
46952
47041
49111
46953
47042
49112
46954
47043
49113
46955
47044
49114
46956
47045
49115
46957
47046
49116
46958
47047
49117
46959
47048
49118
46960
47049
49119
46961
47050
49120
46962
47051
49121
46963
47052
49122
46964
47053
49123
46965
47054
49124
46966
47055
49125
46967
47056
49126
46968
47057
49127
46969
47058
49128
46970
47059
49129
46971
47060
49130
46972
47061
49131
46973
47062
49132
46974
47063
49133
46975
47064
49134
46976
47065
49135
46977
47066
49136
46978
47067
49137
46979
47068
49138
47069
49139
46981
47070
49140
46982
47071
49141
46983
47072
49142
46984
47073
49143
46985
47074
49144
46986
47075
49145
46987
47076
49146
46988
47077
49147
46989
47078
49148
46990
47079
49149
46991
47080
49150
46992
47081
49151
46993
47082
49152
46994
47083
49153
46995
47084
49154
46996
47085
49155
46997
47086
49156
46998
47087
49157
46999
47088
49158
47000
47089
49159
47001
47090
49160
47002
47091
49161
47003
47092
49162
47004
47093
49163
47005
47094
49164
47006
47095
49165
47007
47096
49166
47008
47097
49167
47009
47098
49168
47010
47099
49169
47011
47100
49170
47012
47101
49171
47013
47102
49172
47014
47103
49173
47015
47104
49174
47016
47105
49175
47017
47106
49176
47018
47107
49177
47019
47108
49178
47020
47109
49179
47021
47110
49180
47022
47111
49181
47023
47112
49182
47024
47113
49183
47025
47114
49184
47026
47115
49185
47027
47116
49186
47028
47117
49187
47029
47118
49188
47030
47119
49189
47031
47120
49190
47032
47121
49191
47033
47122
49192
47034
47123
49193
47035
47124
49194
47036
47125
49195
47037
47126
49196
47038
47127
49197
47039
47128
49198
47040
47129
49199
47041
47130
49200
47042
47131
49201
47043
47132
49202
47044
47133
49203
47045
47134
49204
47046
47135
49205
47047
47136
49206
47048
47137
49207
47049
47138
49208
47050
47139
49209
47051
47140
49210
47052
47141
49211
47053
47142
49212
47054
47143
49213
47055
47144
49214
47056
47145
49215
47057
47146
49216
47058
47147
49217
47059
47148
49218
47060
47149
49219
47061
47150
49220
47062
47151
49221
47063
47152
49222
47064
47153
49223
47065
47154
49224
47066
47155
49225
47067
47156
49226
47068
47157
49227
47069
47158
49228
47159
49229
47071
47160
49230
47072
47161
49231
47073
47162
49232
47074
47163
49233
47075
47164
49234
47076
47165
49235
47077
47166
49236
47078
47167
49237
47079
47168
49238
47080
47169
49239
47081
47170
49240
47082
47171
49241
47083
47172
49242
47084
47173
49243
47085
47174
49244
47086
47175
49245
47087
47176
49246
47088
47177
49247
47089
47178
49248
47090
47179
49249
47091
47180
49250
47092
47181
49251
47093
47182
49252
47094
47183
49253
47095
47184
49254
47096
47185
49255
47097
47186
49256
47098
47187
49257
47099
47188
49258
47100
47189
49259
47101
47190
49260
47102
47191
49261
47103
47192
49262
47104
47193
49263
47105
47194
49264
47106
47195
49265
47107
47196
49266
47108
47197
49267
47109
47198
49268
47110
47199
49269
47111
47200
49270
47112
47201
49271
47113
47202
49272
47114
47203
49273
47115
47204
49274
47116
47205
49275
47117
47206
49276
47118
47207
49277
47119
47208
49278
47120
47209
49279
47121
47210
49280
47122
47211
49281
47123
47212
49282
47124
47213
49283
47125
47214
49284
47126
47215
49285
47127
47216
49286
47128
47217
49287
47129
47218
49288
47130
47219
49289
47131
47220
49290
47132
47221
49291
47133
47222
49292
47134
47223
49293
47135
47224
49294
47136
47225
49295
47137
47226
49296
47138
47227
49297
47139
47228
49298
47140
47229
49299
47141
47230
49300
47142
47231
49301
47143
47232
49302
47144
47233
49303
47145
47234
49304
47146
47235
49305
47147
47236
49306
47148
47237
49307
47149
47238
49308
47150
47239
49309
47151
47240
49310
47152
47241
49311
47153
47242
49312
47154
47243
49313
47155
47244
49314
47156
47245
49315
47157
47246
49316
47158
47247
49317
47159
47248
49318
47249
49319
47161
47250
49320
47162
47251
49321
47163
47252
49322
47164
47253
49323
47165
47254
49324
47166
47255
49325
47167
47256
49326
47168
47257
49327
47169
47258
49328
47170
47259
49329
47171
47260
49330
47172
47261
49331
47173
47262
49332
47174
47263
49333
47175
47264
49334
47176
47265
49335
47177
47266
49336
47178
47267
49337
47179
47268
49338
47180
47269
49339
47181
47270
49340
47182
47271
49341
47183
47272
49342
47184
47273
49343
47185
47274
49344
47186
47275
49345
47187
47276
49346
47188
47277
49347
47189
47278
49348
47190
47279
49349
47191
47280
49350
47192
47281
49351
47193
47282
49352
47194
47283
49353
47195
47284
49354
47196
47285
49355
47197
47286
49356
47198
47287
49357
47199
47288
49358
47200
47289
49359
47201
47290
49360
47202
47291
49361
47203
47292
49362
47204
47293
49363
47205
47294
49364
47206
47295
49365
47207
47296
49366
47208
47297
49367
47209
47298
49368
47210
47299
49369
47211
47300
49370
47212
47301
49371
47213
47302
49372
47214
47303
49373
47215
47304
49374
47216
47305
49375
47217
47306
49376
47218
47307
49377
47219
47308
49378
47220
47309
49379
47221
47310
49380
47222
47311
49381
47223
47312
49382
47224
47313
49383
47225
47314
49384
47226
47315
49385
47227
47316
49386
47228
47317
49387
47229
47318
49388
47230
47319
49389
47231
47320
49390
47232
47321
49391
47233
47322
49392
47234
47323
49393
47235
47324
49394
47236
47325
49395
47237
47326
49396
47238
47327
49397
47239
47328
49398
47240
47329
49399
47241
47330
49400
47242
47331
49401
47243
47332
49402
47244
47333
49403
47245
47334
49404
47246
47335
49405
47247
47336
49406
47248
47337
49407
47249
47338
49408
47339
49409
47251
47340
49410
47252
47341
49411
47253
47342
49412
47254
47343
49413
47255
47344
49414
47256
47345
49415
47257
47346
49416
47258
47347
49417
47259
47348
49418
47260
47349
49419
47261
47350
49420
47262
47351
49421
47263
47352
49422
47264
47353
49423
47265
47354
49424
47266
47355
49425
47267
47356
49426
47268
47357
49427
47269
47358
49428
47270
47359
49429
47271
47360
49430
47272
47361
49431
47273
47362
49432
47274
47363
49433
47275
47364
49434
47276
47365
49435
47277
47366
49436
47278
47367
49437
47279
47368
49438
47280
47369
49439
47281
47370
49440
47282
47371
49441
47283
47372
49442
47284
47373
49443
47285
47374
49444
47286
47375
49445
47287
47376
49446
47288
47377
49447
47289
47378
49448
47290
47379
49449
47291
47380
49450
47292
47381
49451
47293
47382
49452
47294
47383
49453
47295
47384
49454
47296
47385
49455
47297
47386
49456
47298
47387
49457
47299
47388
49458
47300
47389
49459
47301
47390
49460
47302
47391
49461
47303
47392
49462
47304
47393
49463
47305
47394
49464
47306
47395
49465
47307
47396
49466
47308
47397
49467
47309
47398
49468
47310
47399
49469
47311
47400
49470
47312
47401
49471
47313
47402
49472
47314
47403
49473
47315
47404
49474
47316
47405
49475
47317
47406
49476
47318
47407
49477
47319
47408
49478
47320
47409
49479
47321
47410
49480
47322
47411
49481
47323
47412
49482
47324
47413
49483
47325
47414
49484
47326
47415
49485
47327
47416
49486
47328
47417
49487
47329
47418
49488
47330
47419
49489
47331
47420
49490
47332
47421
49491
47333
47422
49492
47334
47423
49493
47335
47424
49494
47336
47425
49495
47337
47426
49496
47338
47427
49497
47339
47428
49498
47429
49499
47341
47430
49500
47342
47431
49501
47343
47432
49502
47344
47433
49503
47345
47434
49504
47346
47435
49505
47347
47436
49506
47348
47437
49507
47349
47438
49508
47350
47439
49509
47351
47440
49510
47352
47441
49511
47353
47442
49512
47354
47443
49513
47355
47444
49514
47356
47445
49515
47357
47446
49516
47358
47447
49517
47359
47448
49518
47360
47449
49519
47361
47450
49520
47362
47451
49521
47363
47452
49522
47364
47453
49523
47365
47454
49524
47366
47455
49525
47367
47456
49526
47368
47457
49527
47369
47458
49528
47370
47459
49529
47371
47460
49530
47372
47461
49531
47373
47462
49532
47374
47463
49533
47375
47464
49534
47376
47465
49535
47377
47466
49536
47378
47467
49537
47379
47468
49538
47380
47469
49539
47381
47470
49540
47382
47471
49541
47383
47472
49542
47384
47473
49543
47385
47474
49544
47386
47475
49545
47387
47476
49546
47388
47477
49547
47389
47478
49548
47390
47479
49549
47391
47480
49550
47392
47481
49551
47393
47482
49552
47394
47483
49553
47395
47484
49554
47396
47485
49555
47397
47486
49556
47398
47487
49557
47399
47488
49558
47400
47489
49559
47401
47490
49560
47402
47491
49561
47403
47492
49562
47404
47493
49563
47405
47494
49564
47406
47495
49565
47407
47496
49566
47408
47497
49567
47409
47498
49568
47410
47499
49569
47411
47500
49570
47412
47501
49571
47413
47502
49572
47414
47503
49573
47415
47504
49574
47416
47505
49575
47417
47506
49576
47418
47507
49577
47419
47508
49578
47420
47509
49579
47421
47510
49580
47422
47511
49581
47423
47512
49582
47424
47513
49583
47425
47514
49584
47426
47515
49585
47427
47516
49586
47428
47517
49587
47429
47518
49588
47519
49589
47431
49590
47432
49591
47433
49592
47434
49593
47435
49594
47436
49595
47437
49596
47438
49597
47439
49598
47440
49599
47441
49600
47442
49601
47443
49602
47444
49603
47445
49604
47446
49605
47447
49606
47448
49607
47449
49608
47450
49609
47451
49610
47452
49611
47453
49612
47454
49613
47455
49614
47456
49615
47457
49616
47458
49617
47459
49618
47460
49619
47461
49620
47462
49621
47463
49622
47464
49623
47465
49624
47466
49625
47467
49626
47468
49627
47469
49628
47470
49629
47471
49630
47472
49631
47473
49632
47474
49633
47475
49634
47476
49635
47477
49636
47478
49637
47479
49638
47480
49639
47481
49640
47482
49641
47483
49642
47484
49643
47485
49644
47486
49645
47487
49646
47488
49647
47489
49648
47490
49649
47491
49650
47492
49651
47493
49652
47494
49653
47495
49654
47496
49655
47497
49656
47498
49657
47499
49658
47500
49659
47501
49660
47502
49661
47503
49662
47504
49663
47505
49664
47506
49665
47507
49666
47508
49667
47509
49668
47510
49669
47511
49670
47512
49671
47513
49672
47514
49673
47515
49674
47516
49675
47517
49676
47518
49677
47519
49678
49679
47521
47610
49680
47522
47611
49681
47523
47612
49682
47524
47613
49683
47525
47614
49684
47526
47615
49685
47527
47616
49686
47528
47617
49687
47529
47618
49688
47530
47619
49689
47531
47620
49690
47532
47621
49691
47533
47622
49692
47534
47623
49693
47535
47624
49694
47536
47625
49695
47537
47626
49696
47538
47627
49697
47539
47628
49698
47540
47629
49699
47541
47630
49700
47542
47631
49701
47543
47632
49702
47544
47633
49703
47545
47634
49704
47546
47635
49705
47547
47636
49706
47548
47637
49707
47549
47638
49708
47550
47639
49709
47551
47640
49710
47552
47641
49711
47553
47642
49712
47554
47643
49713
47555
47644
49714
47556
47645
49715
47557
47646
49716
47558
47647
49717
47559
47648
49718
47560
47649
49719
47561
47650
49720
47562
47651
49721
47563
47652
49722
47564
47653
49723
47565
47654
49724
47566
47655
49725
47567
47656
49726
47568
47657
49727
47569
47658
49728
47570
47659
49729
47571
47660
49730
47572
47661
49731
47573
47662
49732
47574
47663
49733
47575
47664
49734
47576
47665
49735
47577
47666
49736
47578
47667
49737
47579
47668
49738
47580
47669
49739
47581
47670
49740
47582
47671
49741
47583
47672
49742
47584
47673
49743
47585
47674
49744
47586
47675
49745
47587
47676
49746
47588
47677
49747
47589
47678
49748
47590
47679
49749
47591
47680
49750
47592
47681
49751
47593
47682
49752
47594
47683
49753
47595
47684
49754
47596
47685
49755
47597
47686
49756
47598
47687
49757
47599
47688
49758
47600
47689
49759
47601
47690
49760
47602
47691
49761
47603
47692
49762
47604
47693
49763
47605
47694
49764
47606
47695
49765
47607
47696
49766
47608
47697
49767
47609
47698
49768
47699
49769
47611
47700
49770
47612
47701
49771
47613
47702
49772
47614
47703
49773
47615
47704
49774
47616
47705
49775
47617
47706
49776
47618
47707
49777
47619
47708
49778
47620
47709
49779
47621
47710
49780
47622
47711
49781
47623
47712
49782
47624
47713
49783
47625
47714
49784
47626
47715
49785
47627
47716
49786
47628
47717
49787
47629
47718
49788
47630
47719
49789
47631
47720
49790
47632
47721
49791
47633
47722
49792
47634
47723
49793
47635
47724
49794
47636
47725
49795
47637
47726
49796
47638
47727
49797
47639
47728
49798
47640
47729
49799
47641
47730
49800
47642
47731
49801
47643
47732
49802
47644
47733
49803
47645
47734
49804
47646
47735
49805
47647
47736
49806
47648
47737
49807
47649
47738
49808
47650
47739
49809
47651
47740
49810
47652
47741
49811
47653
47742
49812
47654
47743
49813
47655
47744
49814
47656
47745
49815
47657
47746
49816
47658
47747
49817
47659
47748
49818
47660
47749
49819
47661
47750
49820
47662
47751
49821
47663
47752
49822
47664
47753
49823
47665
47754
49824
47666
47755
49825
47667
47756
49826
47668
47757
49827
47669
47758
49828
47670
47759
49829
47671
47760
49830
47672
47761
49831
47673
47762
49832
47674
47763
49833
47675
47764
49834
47676
47765
49835
47677
47766
49836
47678
47767
49837
47679
47768
49838
47680
47769
49839
47681
47770
49840
47682
47771
49841
47683
47772
49842
47684
47773
49843
47685
47774
49844
47686
47775
49845
47687
47776
49846
47688
47777
49847
47689
47778
49848
47690
47779
49849
47691
47780
49850
47692
47781
49851
47693
47782
49852
47694
47783
49853
47695
47784
49854
47696
47785
49855
47697
47786
49856
47698
47787
49857
47699
47788
49858
47789
49859
47701
47790
49860
47702
47791
49861
47703
47792
49862
47704
47793
49863
47705
47794
49864
47706
47795
49865
47707
47796
49866
47708
47797
49867
47709
47798
49868
47710
47799
49869
47711
47800
49870
47712
47801
49871
47713
47802
49872
47714
47803
49873
47715
47804
49874
47716
47805
49875
47717
47806
49876
47718
47807
49877
47719
47808
49878
47720
47809
49879
47721
47810
49880
47722
47811
49881
47723
47812
49882
47724
47813
49883
47725
47814
49884
47726
47815
49885
47727
47816
49886
47728
47817
49887
47729
47818
49888
47730
47819
49889
47731
47820
49890
47732
47821
49891
47733
47822
49892
47734
47823
49893
47735
47824
49894
47736
47825
49895
47737
47826
49896
47738
47827
49897
47739
47828
49898
47740
47829
49899
47741
47830
49900
47742
47831
49901
47743
47832
49902
47744
47833
49903
47745
47834
49904
47746
47835
49905
47747
47836
49906
47748
47837
49907
47749
47838
49908
47750
47839
49909
47751
47840
49910
47752
47841
49911
47753
47842
49912
47754
47843
49913
47755
47844
49914
47756
47845
49915
47757
47846
49916
47758
47847
49917
47759
47848
49918
47760
47849
49919
47761
47850
49920
47762
47851
49921
47763
47852
49922
47764
47853
49923
47765
47854
49924
47766
47855
49925
47767
47856
49926
47768
47857
49927
47769
47858
49928
47770
47859
49929
47771
47860
49930
47772
47861
49931
47773
47862
49932
47774
47863
49933
47775
47864
49934
47776
47865
49935
47777
47866
49936
47778
47867
49937
47779
47868
49938
47780
47869
49939
47781
47870
49940
47782
47871
49941
47783
47872
49942
47784
47873
49943
47785
47874
49944
47786
47875
49945
47787
47876
49946
47788
47877
49947
47789
47878
49948
47879
49949
47791
47880
49950
47792
47881
49951
47793
47882
49952
47794
47883
49953
47795
47884
49954
47796
47885
49955
47797
47886
49956
47798
47887
49957
47799
47888
49958
47800
47889
49959
47801
47890
49960
47802
47891
49961
47803
47892
49962
47804
47893
49963
47805
47894
49964
47806
47895
49965
47807
47896
49966
47808
47897
49967
47809
47898
49968
47810
47899
49969
47811
47900
49970
47812
47901
49971
47813
47902
49972
47814
47903
49973
47815
47904
49974
47816
47905
49975
47817
47906
49976
47818
47907
49977
47819
47908
49978
47820
47909
49979
47821
47910
49980
47822
47911
49981
47823
47912
49982
47824
47913
49983
47825
47914
49984
47826
47915
49985
47827
47916
49986
47828
47917
49987
47829
47918
49988
47830
47919
49989
47831
47920
49990
47832
47921
49991
47833
47922
49992
47834
47923
49993
47835
47924
49994
47836
47925
49995
47837
47926
49996
47838
47927
49997
47839
47928
49998
47840
47929
49999
47841
47930
50000
47842
47931
50001
47843
47932
50002
47844
47933
50003
47845
47934
50004
47846
47935
50005
47847
47936
50006
47848
47937
50007
47849
47938
50008
47850
47939
50009
47851
47940
50010
47852
47941
50011
47853
47942
50012
47854
47943
50013
47855
47944
50014
47856
47945
50015
47857
47946
50016
47858
47947
50017
47859
47948
50018
47860
47949
50019
47861
47950
50020
47862
47951
50021
47863
47952
50022
47864
47953
50023
47865
47954
50024
47866
47955
50025
47867
47956
50026
47868
47957
50027
47869
47958
50028
47870
47959
50029
47871
47960
50030
47872
47961
50031
47873
47962
50032
47874
47963
50033
47875
47964
50034
47876
47965
50035
47877
47966
50036
47878
47967
50037
47879
47968
50038
47969
50039
47881
47970
50040
47882
47971
50041
47883
47972
50042
47884
47973
50043
47885
47974
50044
47886
47975
50045
47887
47976
50046
47888
47977
50047
47889
47978
50048
47890
47979
50049
47891
47980
50050
47892
47981
50051
47893
47982
50052
47894
47983
50053
47895
47984
50054
47896
47985
50055
47897
47986
50056
47898
47987
50057
47899
47988
50058
47900
47989
50059
47901
47990
50060
47902
47991
50061
47903
47992
50062
47904
47993
50063
47905
47994
50064
47906
47995
50065
47907
47996
50066
47908
47997
50067
47909
47998
50068
47910
47999
50069
47911
48000
50070
47912
48001
50071
47913
48002
50072
47914
48003
50073
47915
48004
50074
47916
48005
50075
47917
48006
50076
47918
48007
50077
47919
48008
50078
47920
48009
50079
47921
48010
50080
47922
48011
50081
47923
48012
50082
47924
48013
50083
47925
48014
50084
47926
48015
50085
47927
48016
50086
47928
48017
50087
47929
48018
50088
47930
48019
50089
47931
48020
50090
47932
48021
50091
47933
48022
50092
47934
48023
50093
47935
48024
50094
47936
48025
50095
47937
48026
50096
47938
48027
50097
47939
48028
50098
47940
48029
50099
47941
48030
50100
47942
48031
50101
47943
48032
50102
47944
48033
50103
47945
48034
50104
47946
48035
50105
47947
48036
50106
47948
48037
50107
47949
48038
50108
47950
48039
50109
47951
48040
50110
47952
48041
50111
47953
48042
50112
47954
48043
50113
47955
48044
50114
47956
48045
50115
47957
48046
50116
47958
48047
50117
47959
48048
50118
47960
48049
50119
47961
48050
50120
47962
48051
50121
47963
48052
50122
47964
48053
50123
47965
48054
50124
47966
48055
50125
47967
48056
50126
47968
48057
50127
47969
48058
50128
48059
50129
47971
48060
50130
47972
48061
50131
47973
48062
50132
47974
48063
50133
47975
48064
50134
47976
48065
50135
47977
48066
50136
47978
48067
50137
47979
48068
50138
47980
48069
50139
47981
48070
50140
47982
48071
50141
47983
48072
50142
47984
48073
50143
47985
48074
50144
47986
48075
50145
47987
48076
50146
47988
48077
50147
47989
48078
50148
47990
48079
50149
47991
48080
50150
47992
48081
50151
47993
48082
50152
47994
48083
50153
47995
48084
50154
47996
48085
50155
47997
48086
50156
47998
48087
50157
47999
48088
50158
48000
48089
50159
48001
48090
50160
48002
48091
50161
48003
48092
50162
48004
48093
50163
48005
48094
50164
48006
48095
50165
48007
48096
50166
48008
48097
50167
48009
48098
50168
48010
48099
50169
48011
48100
50170
48012
48101
50171
48013
48102
50172
48014
48103
50173
48015
48104
50174
48016
48105
50175
48017
48106
50176
48018
48107
50177
48019
48108
50178
48020
48109
50179
48021
48110
50180
48022
48111
50181
48023
48112
50182
48024
48113
50183
48025
48114
50184
48026
48115
50185
48027
48116
50186
48028
48117
50187
48029
48118
50188
48030
48119
50189
48031
48120
50190
48032
48121
50191
48033
48122
50192
48034
48123
50193
48035
48124
50194
48036
48125
50195
48037
48126
50196
48038
48127
50197
48039
48128
50198
48040
48129
50199
48041
48130
50200
48042
48131
50201
48043
48132
50202
48044
48133
50203
48045
48134
50204
48046
48135
50205
48047
48136
50206
48048
48137
50207
48049
48138
50208
48050
48139
50209
48051
48140
50210
48052
48141
50211
48053
48142
50212
48054
48143
50213
48055
48144
50214
48056
48145
50215
48057
48146
50216
48058
48147
50217
48059
48148
50218
48149
50219
48061
48150
50220
48062
48151
50221
48063
48152
50222
48064
48153
50223
48065
48154
50224
48066
48155
50225
48067
48156
50226
48068
48157
50227
48069
48158
50228
48070
48159
50229
48071
48160
50230
48072
48161
50231
48073
48162
50232
48074
48163
50233
48075
48164
50234
48076
48165
50235
48077
48166
50236
48078
48167
50237
48079
48168
50238
48080
48169
50239
48081
48170
50240
48082
48171
50241
48083
48172
50242
48084
48173
50243
48085
48174
50244
48086
48175
50245
48087
48176
50246
48088
48177
50247
48089
48178
50248
48090
48179
50249
48091
48180
50250
48092
48181
50251
48093
48182
50252
48094
48183
50253
48095
48184
50254
48096
48185
50255
48097
48186
50256
48098
48187
50257
48099
48188
50258
48100
48189
50259
48101
48190
50260
48102
48191
50261
48103
48192
50262
48104
48193
50263
48105
48194
50264
48106
48195
50265
48107
48196
50266
48108
48197
50267
48109
48198
50268
48110
48199
50269
48111
48200
50270
48112
48201
50271
48113
48202
50272
48114
48203
50273
48115
48204
50274
48116
48205
50275
48117
48206
50276
48118
48207
50277
48119
48208
50278
48120
48209
50279
48121
48210
50280
48122
48211
50281
48123
48212
50282
48124
48213
50283
48125
48214
50284
48126
48215
50285
48127
48216
50286
48128
48217
50287
48129
48218
50288
48130
48219
50289
48131
48220
50290
48132
48221
50291
48133
48222
50292
48134
48223
50293
48135
48224
50294
48136
48225
50295
48137
48226
50296
48138
48227
50297
48139
48228
50298
48140
48229
50299
48141
48230
50300
48142
48231
50301
48143
48232
50302
48144
48233
50303
48145
48234
50304
48146
48235
50305
48147
48236
50306
48148
48237
50307
48149
48238
50308
48239
50309
48151
48240
50310
48152
48241
50311
48153
48242
50312
48154
48243
50313
48155
48244
50314
48156
48245
50315
48157
48246
50316
48158
48247
50317
48159
48248
50318
48160
48249
50319
48161
48250
50320
48162
48251
50321
48163
48252
50322
48164
48253
50323
48165
48254
50324
48166
48255
50325
48167
48256
50326
48168
48257
50327
48169
48258
50328
48170
48259
50329
48171
48260
50330
48172
48261
50331
48173
48262
50332
48174
48263
50333
48175
48264
50334
48176
48265
50335
48177
48266
50336
48178
48267
50337
48179
48268
50338
48180
48269
50339
48181
48270
50340
48182
48271
50341
48183
48272
50342
48184
48273
50343
48185
48274
50344
48186
48275
50345
48187
48276
50346
48188
48277
50347
48189
48278
50348
48190
48279
50349
48191
48280
50350
48192
48281
50351
48193
48282
50352
48194
48283
50353
48195
48284
50354
48196
48285
50355
48197
48286
50356
48198
48287
50357
48199
48288
50358
48200
48289
50359
48201
48290
50360
48202
48291
50361
48203
48292
50362
48204
48293
50363
48205
48294
50364
48206
48295
50365
48207
48296
50366
48208
48297
50367
48209
48298
50368
48210
48299
50369
48211
48300
50370
48212
48301
50371
48213
48302
50372
48214
48303
50373
48215
48304
50374
48216
48305
50375
48217
48306
50376
48218
48307
50377
48219
48308
50378
48220
48309
50379
48221
48310
50380
48222
48311
50381
48223
48312
50382
48224
48313
50383
48225
48314
50384
48226
48315
50385
48227
48316
50386
48228
48317
50387
48229
48318
50388
48230
48319
50389
48231
48320
50390
48232
48321
50391
48233
48322
50392
48234
48323
50393
48235
48324
50394
48236
48325
50395
48237
48326
50396
48238
48327
50397
48239
48328
50398
48329
50399
48241
48330
50400
48242
48331
50401
48243
48332
50402
48244
48333
50403
48245
48334
50404
48246
48335
50405
48247
48336
50406
48248
48337
50407
48249
48338
50408
48250
48339
50409
48251
48340
50410
48252
48341
50411
48253
48342
50412
48254
48343
50413
48255
48344
50414
48256
48345
50415
48257
48346
50416
48258
48347
50417
48259
48348
50418
48260
48349
50419
48261
48350
50420
48262
48351
50421
48263
48352
50422
48264
48353
50423
48265
48354
50424
48266
48355
50425
48267
48356
50426
48268
48357
50427
48269
48358
50428
48270
48359
50429
48271
48360
50430
48272
48361
50431
48273
48362
50432
48274
48363
50433
48275
48364
50434
48276
48365
50435
48277
48366
50436
48278
48367
50437
48279
48368
50438
48280
48369
50439
48281
48370
50440
48282
48371
50441
48283
48372
50442
48284
48373
50443
48285
48374
50444
48286
48375
50445
48287
48376
50446
48288
48377
50447
48289
48378
50448
48290
48379
50449
48291
48380
50450
48292
48381
50451
48293
48382
50452
48294
48383
50453
48295
48384
50454
48296
48385
50455
48297
48386
50456
48298
48387
50457
48299
48388
50458
48300
48389
50459
48301
48390
50460
48302
48391
50461
48303
48392
50462
48304
48393
50463
48305
48394
50464
48306
48395
50465
48307
48396
50466
48308
48397
50467
48309
48398
50468
48310
48399
50469
48311
48400
50470
48312
48401
50471
48313
48402
50472
48314
48403
50473
48315
48404
50474
48316
48405
50475
48317
48406
50476
48318
48407
50477
48319
48408
50478
48320
48409
50479
48321
48410
50480
48322
48411
50481
48323
48412
50482
48324
48413
50483
48325
48414
50484
48326
48415
50485
48327
48416
50486
48328
48417
50487
48329
48418
50488
48419
50489
48331
48420
50490
48332
48421
50491
48333
48422
50492
48334
48423
50493
48335
48424
50494
48336
48425
50495
48337
48426
50496
48338
48427
50497
48339
48428
50498
48340
48429
50499
48341
48430
50500
48342
48431
50501
48343
48432
50502
48344
48433
50503
48345
48434
50504
48346
48435
50505
48347
48436
50506
48348
48437
50507
48349
48438
50508
48350
48439
50509
48351
48440
50510
48352
48441
50511
48353
48442
50512
48354
48443
50513
48355
48444
50514
48356
48445
50515
48357
48446
50516
48358
48447
50517
48359
48448
50518
48360
48449
50519
48361
48450
50520
48362
48451
50521
48363
48452
50522
48364
48453
50523
48365
48454
50524
48366
48455
50525
48367
48456
50526
48368
48457
50527
48369
48458
50528
48370
48459
50529
48371
48460
50530
48372
48461
50531
48373
48462
50532
48374
48463
50533
48375
48464
50534
48376
48465
50535
48377
48466
50536
48378
48467
50537
48379
48468
50538
48380
48469
50539
48381
48470
50540
48382
48471
50541
48383
48472
50542
48384
48473
50543
48385
48474
50544
48386
48475
50545
48387
48476
50546
48388
48477
50547
48389
48478
50548
48390
48479
50549
48391
48480
50550
48392
48481
50551
48393
48482
50552
48394
48483
50553
48395
48484
50554
48396
48485
50555
48397
48486
50556
48398
48487
50557
48399
48488
50558
48400
48489
50559
48401
48490
50560
48402
48491
50561
48403
48492
50562
48404
48493
50563
48405
48494
50564
48406
48495
50565
48407
48496
50566
48408
48497
50567
48409
48498
50568
48410
48499
50569
48411
48500
50570
48412
48501
50571
48413
48502
50572
48414
48503
50573
48415
48504
50574
48416
48505
50575
48417
48506
50576
48418
48507
50577
48419
48508
50578
48509
50579
48421
48510
50580
48422
48511
50581
48423
48512
50582
48424
48513
50583
48425
48514
50584
48426
48515
50585
48427
48516
50586
48428
48517
50587
48429
48518
50588
48430
48519
50589
48431
48520
50590
48432
48521
50591
48433
48522
50592
48434
48523
50593
48435
48524
50594
48436
48525
50595
48437
48526
50596
48438
48527
50597
48439
48528
50598
48440
48529
50599
48441
48530
50600
48442
48531
50601
48443
48532
50602
48444
48533
50603
48445
48534
50604
48446
48535
50605
48447
48536
50606
48448
48537
50607
48449
48538
50608
48450
48539
50609
48451
48540
50610
48452
48541
50611
48453
48542
50612
48454
48543
50613
48455
48544
50614
48456
48545
50615
48457
48546
50616
48458
48547
50617
48459
48548
50618
48460
48549
50619
48461
48550
50620
48462
48551
50621
48463
48552
50622
48464
48553
50623
48465
48554
50624
48466
48555
50625
48467
48556
50626
48468
48557
50627
48469
48558
50628
48470
48559
50629
48471
48560
50630
48472
48561
50631
48473
48562
50632
48474
48563
50633
48475
48564
50634
48476
48565
50635
48477
48566
50636
48478
48567
50637
48479
48568
50638
48480
48569
50639
48481
48570
50640
48482
48571
50641
48483
48572
50642
48484
48573
50643
48485
48574
50644
48486
48575
50645
48487
48576
50646
48488
48577
50647
48489
48578
50648
48490
48579
50649
48491
48580
50650
48492
48581
50651
48493
48582
50652
48494
48583
50653
48495
48584
50654
48496
48585
50655
48497
48586
50656
48498
48587
50657
48499
48588
50658
48500
48589
50659
48501
48590
50660
48502
48591
50661
48503
48592
50662
48504
48593
50663
48505
48594
50664
48506
48595
50665
48507
48596
50666
48508
48597
50667
48509
48598
50668
48599
50669
48511
48600
50670
48512
48601
50671
48513
48602
50672
48514
48603
50673
48515
48604
50674
48516
48605
50675
48517
48606
50676
48518
48607
50677
48519
48608
50678
48520
48609
50679
48521
48610
50680
48522
48611
50681
48523
48612
50682
48524
48613
50683
48525
48614
50684
48526
48615
50685
48527
48616
50686
48528
48617
50687
48529
48618
50688
48530
48619
50689
48531
48620
50690
48532
48621
50691
48533
48622
50692
48534
48623
50693
48535
48624
50694
48536
48625
50695
48537
48626
50696
48538
48627
50697
48539
48628
50698
48540
48629
50699
48541
48630
50700
48542
48631
50701
48543
48632
50702
48544
48633
50703
48545
48634
50704
48546
48635
50705
48547
48636
50706
48548
48637
50707
48549
48638
50708
48550
48639
50709
48551
48640
50710
48552
48641
50711
48553
48642
50712
48554
48643
50713
48555
48644
50714
48556
48645
50715
48557
48646
50716
48558
48647
50717
48559
48648
50718
48560
48649
50719
48561
48650
50720
48562
48651
50721
48563
48652
50722
48564
48653
50723
48565
48654
50724
48566
48655
50725
48567
48656
50726
48568
48657
50727
48569
48658
50728
48570
48659
50729
48571
48660
50730
48572
48661
50731
48573
48662
50732
48574
48663
50733
48575
48664
50734
48576
48665
50735
48577
48666
50736
48578
48667
50737
48579
48668
50738
48580
48669
50739
48581
48670
50740
48582
48671
50741
48583
48672
50742
48584
48673
50743
48585
48674
50744
48586
48675
50745
48587
48676
50746
48588
48677
50747
48589
48678
50748
48590
48679
50749
48591
48680
50750
48592
48681
50751
48593
48682
50752
48594
48683
50753
48595
48684
50754
48596
48685
50755
48597
48686
50756
48598
48687
50757
48599
48688
50758
48689
50759
48601
48690
50760
48602
48691
50761
48603
48692
50762
48604
48693
50763
48605
48694
50764
48606
48695
50765
48607
48696
50766
48608
48697
50767
48609
48698
50768
48610
48699
50769
48611
48700
50770
48612
48701
50771
48613
48702
50772
48614
48703
50773
48615
48704
50774
48616
48705
50775
48617
48706
50776
48618
48707
50777
48619
48708
50778
48620
48709
50779
48621
48710
50780
48622
48711
50781
48623
48712
50782
48624
48713
50783
48625
48714
50784
48626
48715
50785
48627
48716
50786
48628
48717
50787
48629
48718
50788
48630
48719
50789
48631
48720
50790
48632
48721
50791
48633
48722
50792
48634
48723
50793
48635
48724
50794
48636
48725
50795
48637
48726
50796
48638
48727
50797
48639
48728
50798
48640
48729
50799
48641
48730
50800
48642
48731
50801
48643
48732
50802
48644
48733
50803
48645
48734
50804
48646
48735
50805
48647
48736
50806
48648
48737
50807
48649
48738
50808
48650
48739
50809
48651
48740
50810
48652
48741
50811
48653
48742
50812
48654
48743
50813
48655
48744
50814
48656
48745
50815
48657
48746
50816
48658
48747
50817
48659
48748
50818
48660
48749
50819
48661
48750
50820
48662
48751
50821
48663
48752
50822
48664
48753
50823
48665
48754
50824
48666
48755
50825
48667
48756
50826
48668
48757
50827
48669
48758
50828
48670
48759
50829
48671
48760
50830
48672
48761
50831
48673
48762
50832
48674
48763
50833
48675
48764
50834
48676
48765
50835
48677
48766
50836
48678
48767
50837
48679
48768
50838
48680
48769
50839
48681
48770
50840
48682
48771
50841
48683
48772
50842
48684
48773
50843
48685
48774
50844
48686
48775
50845
48687
48776
50846
48688
48777
50847
48689
48778
50848
48779
50849
48691
48780
50850
48692
48781
50851
48693
48782
50852
48694
48783
50853
48695
48784
50854
48696
48785
50855
48697
48786
50856
48698
48787
50857
48699
48788
50858
48700
48789
50859
48701
48790
50860
48702
48791
50861
48703
48792
50862
48704
48793
50863
48705
48794
50864
48706
48795
50865
48707
48796
50866
48708
48797
50867
48709
48798
50868
48710
48799
50869
48711
48800
50870
48712
48801
50871
48713
48802
50872
48714
48803
50873
48715
48804
50874
48716
48805
50875
48717
48806
50876
48718
48807
50877
48719
48808
50878
48720
48809
50879
48721
48810
50880
48722
48811
50881
48723
48812
50882
48724
48813
50883
48725
48814
50884
48726
48815
50885
48727
48816
50886
48728
48817
50887
48729
48818
50888
48730
48819
50889
48731
48820
50890
48732
48821
50891
48733
48822
50892
48734
48823
50893
48735
48824
50894
48736
48825
50895
48737
48826
50896
48738
48827
50897
48739
48828
50898
48740
48829
50899
48741
48830
50900
48742
48831
50901
48743
48832
50902
48744
48833
50903
48745
48834
50904
48746
48835
50905
48747
48836
50906
48748
48837
50907
48749
48838
50908
48750
48839
50909
48751
48840
50910
48752
48841
50911
48753
48842
50912
48754
48843
50913
48755
48844
50914
48756
48845
50915
48757
48846
50916
48758
48847
50917
48759
48848
50918
48760
48849
50919
48761
48850
50920
48762
48851
50921
48763
48852
50922
48764
48853
50923
48765
48854
50924
48766
48855
50925
48767
48856
50926
48768
48857
50927
48769
48858
50928
48770
48859
50929
48771
48860
50930
48772
48861
50931
48773
48862
50932
48774
48863
50933
48775
48864
50934
48776
48865
50935
48777
48866
50936
48778
48867
50937
48779
48868
50938
48869
50939
48781
48870
50940
48782
48871
50941
48783
48872
50942
48784
48873
50943
48785
48874
50944
48786
48875
50945
48787
48876
50946
48788
48877
50947
48789
48878
50948
48790
48879
50949
48791
48880
50950
48792
48881
50951
48793
48882
50952
48794
48883
50953
48795
48884
50954
48796
48885
50955
48797
48886
50956
48798
48887
50957
48799
48888
50958
48800
48889
50959
48801
48890
50960
48802
48891
50961
48803
48892
50962
48804
48893
50963
48805
48894
50964
48806
48895
50965
48807
48896
50966
48808
48897
50967
48809
48898
50968
48810
48899
50969
48811
48900
50970
48812
48901
50971
48813
48902
50972
48814
48903
50973
48815
48904
50974
48816
48905
50975
48817
48906
50976
48818
48907
50977
48819
48908
50978
48820
48909
50979
48821
48910
50980
48822
48911
50981
48823
48912
50982
48824
48913
50983
48825
48914
50984
48826
48915
50985
48827
48916
50986
48828
48917
50987
48829
48918
50988
48830
48919
50989
48831
48920
50990
48832
48921
50991
48833
48922
50992
48834
48923
50993
48835
48924
50994
48836
48925
50995
48837
48926
50996
48838
48927
50997
48839
48928
50998
48840
48929
50999
48841
48930
51000
48842
48931
51001
48843
48932
51002
48844
48933
51003
48845
48934
51004
48846
48935
51005
48847
48936
51006
48848
48937
51007
48849
48938
51008
48850
48939
51009
48851
48940
51010
48852
48941
51011
48853
48942
51012
48854
48943
51013
48855
48944
51014
48856
48945
51015
48857
48946
51016
48858
48947
51017
48859
48948
51018
48860
48949
51019
48861
48950
51020
48862
48951
51021
48863
48952
51022
48864
48953
51023
48865
48954
51024
48866
48955
51025
48867
48956
51026
48868
48957
51027
48869
48958
51028
48959
51029
48871
48960
51030
48872
48961
51031
48873
48962
51032
48874
48963
51033
48875
48964
51034
48876
48965
51035
48877
48966
51036
48878
48967
51037
48879
48968
51038
48880
48969
51039
48881
48970
51040
48882
48971
51041
48883
48972
51042
48884
48973
51043
48885
48974
51044
48886
48975
51045
48887
48976
51046
48888
48977
51047
48889
48978
51048
48890
48979
51049
48891
48980
51050
48892
48981
51051
48893
48982
51052
48894
48983
51053
48895
48984
51054
48896
48985
51055
48897
48986
51056
48898
48987
51057
48899
48988
51058
48900
48989
51059
48901
48990
51060
48902
48991
51061
48903
48992
51062
48904
48993
51063
48905
48994
51064
48906
48995
51065
48907
48996
51066
48908
48997
51067
48909
48998
51068
48910
48999
51069
48911
49000
51070
48912
49001
51071
48913
49002
51072
48914
49003
51073
48915
49004
51074
48916
49005
51075
48917
49006
51076
48918
49007
51077
48919
49008
51078
48920
49009
51079
48921
49010
51080
48922
49011
51081
48923
49012
51082
48924
49013
51083
48925
49014
51084
48926
49015
51085
48927
49016
51086
48928
49017
51087
48929
49018
51088
48930
49019
51089
48931
49020
51090
48932
49021
51091
48933
49022
51092
48934
49023
51093
48935
49024
51094
48936
49025
51095
48937
49026
51096
48938
49027
51097
48939
49028
51098
48940
49029
51099
48941
49030
51100
48942
49031
51101
48943
49032
51102
48944
49033
51103
48945
49034
51104
48946
49035
51105
48947
49036
51106
48948
49037
51107
48949
49038
51108
48950
49039
51109
48951
49040
51110
48952
49041
51111
48953
49042
51112
48954
49043
51113
48955
49044
51114
48956
49045
51115
48957
49046
51116
48958
49047
51117
48959
49048
51118
49049
51119
48961
49050
51120
48962
49051
51121
48963
49052
51122
48964
49053
51123
48965
49054
51124
48966
49055
51125
48967
49056
51126
48968
49057
51127
48969
49058
51128
48970
49059
51129
48971
49060
51130
48972
49061
51131
48973
49062
51132
48974
49063
51133
48975
49064
51134
48976
49065
51135
48977
49066
51136
48978
49067
51137
48979
49068
51138
48980
49069
51139
48981
49070
51140
48982
49071
51141
48983
49072
51142
48984
49073
51143
48985
49074
51144
48986
49075
51145
48987
49076
51146
48988
49077
51147
48989
49078
51148
48990
49079
51149
48991
49080
51150
48992
49081
51151
48993
49082
51152
48994
49083
51153
48995
49084
51154
48996
49085
51155
48997
49086
51156
48998
49087
51157
48999
49088
51158
49000
49089
51159
49001
49090
51160
49002
49091
51161
49003
49092
51162
49004
49093
51163
49005
49094
51164
49006
49095
51165
49007
49096
51166
49008
49097
51167
49009
49098
51168
49010
49099
51169
49011
49100
51170
49012
49101
51171
49013
49102
51172
49014
49103
51173
49015
49104
51174
49016
49105
51175
49017
49106
51176
49018
49107
51177
49019
49108
51178
49020
49109
51179
49021
49110
51180
49022
49111
51181
49023
49112
51182
49024
49113
51183
49025
49114
51184
49026
49115
51185
49027
49116
51186
49028
49117
51187
49029
49118
51188
49030
49119
51189
49031
49120
51190
49032
49121
51191
49033
49122
51192
49034
49123
51193
49035
49124
51194
49036
49125
51195
49037
49126
51196
49038
49127
51197
49039
49128
51198
49040
49129
51199
49041
49130
51200
49042
49131
51201
49043
49132
51202
49044
49133
51203
49045
49134
51204
49046
49135
51205
49047
49136
51206
49048
49137
51207
49049
49138
51208
49139
51209
49051
49140
51210
49052
49141
51211
49053
49142
51212
49054
49143
51213
49055
49144
51214
49056
49145
51215
49057
49146
51216
49058
49147
51217
49059
49148
51218
49060
49149
51219
49061
49150
51220
49062
49151
51221
49063
49152
51222
49064
49153
51223
49065
49154
51224
49066
49155
51225
49067
49156
51226
49068
49157
51227
49069
49158
51228
49070
49159
51229
49071
49160
51230
49072
49161
51231
49073
49162
51232
49074
49163
51233
49075
49164
51234
49076
49165
51235
49077
49166
51236
49078
49167
51237
49079
49168
51238
49080
49169
51239
49081
49170
51240
49082
49171
51241
49083
49172
51242
49084
49173
51243
49085
49174
51244
49086
49175
51245
49087
49176
51246
49088
49177
51247
49089
49178
51248
49090
49179
51249
49091
49180
51250
49092
49181
51251
49093
49182
51252
49094
49183
51253
49095
49184
51254
49096
49185
51255
49097
49186
51256
49098
49187
51257
49099
49188
51258
49100
49189
51259
49101
49190
51260
49102
49191
51261
49103
49192
51262
49104
49193
51263
49105
49194
51264
49106
49195
51265
49107
49196
51266
49108
49197
51267
49109
49198
51268
49110
49199
51269
49111
49200
51270
49112
49201
51271
49113
49202
51272
49114
49203
51273
49115
49204
51274
49116
49205
51275
49117
49206
51276
49118
49207
51277
49119
49208
51278
49120
49209
51279
49121
49210
51280
49122
49211
51281
49123
49212
51282
49124
49213
51283
49125
49214
51284
49126
49215
51285
49127
49216
51286
49128
49217
51287
49129
49218
51288
49130
49219
51289
49131
49220
51290
49132
49221
51291
49133
49222
51292
49134
49223
51293
49135
49224
51294
49136
49225
51295
49137
49226
51296
49138
49227
51297
49139
49228
51298
49229
51299
49141
49230
51300
49142
49231
51301
49143
49232
51302
49144
49233
51303
49145
49234
51304
49146
49235
51305
49147
49236
51306
49148
49237
51307
49149
49238
51308
49150
49239
51309
49151
49240
51310
49152
49241
51311
49153
49242
51312
49154
49243
51313
49155
49244
51314
49156
49245
51315
49157
49246
51316
49158
49247
51317
49159
49248
51318
49160
49249
51319
49161
49250
51320
49162
49251
51321
49163
49252
51322
49164
49253
51323
49165
49254
51324
49166
49255
51325
49167
49256
51326
49168
49257
51327
49169
49258
51328
49170
49259
51329
49171
49260
51330
49172
49261
51331
49173
49262
51332
49174
49263
51333
49175
49264
51334
49176
49265
51335
49177
49266
51336
49178
49267
51337
49179
49268
51338
49180
49269
51339
49181
49270
51340
49182
49271
51341
49183
49272
51342
49184
49273
51343
49185
49274
51344
49186
49275
51345
49187
49276
51346
49188
49277
51347
49189
49278
51348
49190
49279
51349
49191
49280
51350
49192
49281
51351
49193
49282
51352
49194
49283
51353
49195
49284
51354
49196
49285
51355
49197
49286
51356
49198
49287
51357
49199
49288
51358
49200
49289
51359
49201
49290
51360
49202
49291
51361
49203
49292
51362
49204
49293
51363
49205
49294
51364
49206
49295
51365
49207
49296
51366
49208
49297
51367
49209
49298
51368
49210
49299
51369
49211
49300
51370
49212
49301
51371
49213
49302
51372
49214
49303
51373
49215
49304
51374
49216
49305
51375
49217
49306
51376
49218
49307
51377
49219
49308
51378
49220
49309
51379
49221
49310
51380
49222
49311
51381
49223
49312
51382
49224
49313
51383
49225
49314
51384
49226
49315
51385
49227
49316
51386
49228
49317
51387
49229
49318
51388
49319
51389
49231
49320
51390
49232
49321
51391
49233
49322
51392
49234
49323
51393
49235
49324
51394
49236
49325
51395
49237
49326
51396
49238
49327
51397
49239
49328
51398
49240
49329
51399
49241
49330
51400
49242
49331
51401
49243
49332
51402
49244
49333
51403
49245
49334
51404
49246
49335
51405
49247
49336
51406
49248
49337
51407
49249
49338
51408
49250
49339
51409
49251
49340
51410
49252
49341
51411
49253
49342
51412
49254
49343
51413
49255
49344
51414
49256
49345
51415
49257
49346
51416
49258
49347
51417
49259
49348
51418
49260
49349
51419
49261
49350
51420
49262
49351
51421
49263
49352
51422
49264
49353
51423
49265
49354
51424
49266
49355
51425
49267
49356
51426
49268
49357
51427
49269
49358
51428
49270
49359
51429
49271
49360
51430
49272
49361
51431
49273
49362
51432
49274
49363
51433
49275
49364
51434
49276
49365
51435
49277
49366
51436
49278
49367
51437
49279
49368
51438
49280
49369
51439
49281
49370
51440
49282
49371
51441
49283
49372
51442
49284
49373
51443
49285
49374
51444
49286
49375
51445
49287
49376
51446
49288
49377
51447
49289
49378
51448
49290
49379
51449
49291
49380
51450
49292
49381
51451
49293
49382
51452
49294
49383
51453
49295
49384
51454
49296
49385
51455
49297
49386
51456
49298
49387
51457
49299
49388
51458
49300
49389
51459
49301
49390
51460
49302
49391
51461
49303
49392
51462
49304
49393
51463
49305
49394
51464
49306
49395
51465
49307
49396
51466
49308
49397
51467
49309
49398
51468
49310
49399
51469
49311
49400
51470
49312
49401
51471
49313
49402
51472
49314
49403
51473
49315
49404
51474
49316
49405
51475
49317
49406
51476
49318
49407
51477
49319
49408
51478
49409
51479
49321
49410
51480
49322
49411
51481
49323
49412
51482
49324
49413
51483
49325
49414
51484
49326
49415
51485
49327
49416
51486
49328
49417
51487
49329
49418
51488
49330
49419
51489
49331
49420
51490
49332
49421
51491
49333
49422
51492
49334
49423
51493
49335
49424
51494
49336
49425
51495
49337
49426
51496
49338
49427
51497
49339
49428
51498
49340
49429
51499
49341
49430
51500
49342
49431
51501
49343
49432
51502
49344
49433
51503
49345
49434
51504
49346
49435
51505
49347
49436
51506
49348
49437
51507
49349
49438
51508
49350
49439
51509
49351
49440
51510
49352
49441
51511
49353
49442
51512
49354
49443
51513
49355
49444
51514
49356
49445
51515
49357
49446
51516
49358
49447
51517
49359
49448
51518
49360
49449
51519
49361
49450
51520
49362
49451
51521
49363
49452
51522
49364
49453
51523
49365
49454
51524
49366
49455
51525
49367
49456
51526
49368
49457
51527
49369
49458
51528
49370
49459
51529
49371
49460
51530
49372
49461
51531
49373
49462
51532
49374
49463
51533
49375
49464
51534
49376
49465
51535
49377
49466
51536
49378
49467
51537
49379
49468
51538
49380
49469
51539
49381
49470
51540
49382
49471
51541
49383
49472
51542
49384
49473
51543
49385
49474
51544
49386
49475
51545
49387
49476
51546
49388
49477
51547
49389
49478
51548
49390
49479
51549
49391
49480
51550
49392
49481
51551
49393
49482
51552
49394
49483
51553
49395
49484
51554
49396
49485
51555
49397
49486
51556
49398
49487
51557
49399
49488
51558
49400
49489
51559
49401
49490
51560
49402
49491
51561
49403
49492
51562
49404
49493
51563
49405
49494
51564
49406
49495
51565
49407
49496
51566
49408
49497
51567
49409
49498
51568
49499
51569
49411
49500
51570
49412
49501
51571
49413
49502
51572
49414
49503
51573
49415
49504
51574
49416
49505
51575
49417
49506
51576
49418
49507
51577
49419
49508
51578
49420
49509
51579
49421
49510
51580
49422
49511
51581
49423
49512
51582
49424
49513
51583
49425
49514
51584
49426
49515
51585
49427
49516
51586
49428
49517
51587
49429
49518
51588
49430
49519
51589
49431
49520
51590
49432
49521
51591
49433
49522
51592
49434
49523
51593
49435
49524
51594
49436
49525
51595
49437
49526
51596
49438
49527
51597
49439
49528
51598
49440
49529
51599
49441
49530
51600
49442
49531
51601
49443
49532
51602
49444
49533
51603
49445
49534
51604
49446
49535
51605
49447
49536
51606
49448
49537
51607
49449
49538
51608
49450
49539
51609
49451
49540
51610
49452
49541
51611
49453
49542
51612
49454
49543
51613
49455
49544
51614
49456
49545
51615
49457
49546
51616
49458
49547
51617
49459
49548
51618
49460
49549
51619
49461
49550
51620
49462
49551
51621
49463
49552
51622
49464
49553
51623
49465
49554
51624
49466
49555
51625
49467
49556
51626
49468
49557
51627
49469
49558
51628
49470
49559
51629
49471
49560
51630
49472
49561
51631
49473
49562
51632
49474
49563
51633
49475
49564
51634
49476
49565
51635
49477
49566
51636
49478
49567
51637
49479
49568
51638
49480
49569
51639
49481
49570
51640
49482
49571
51641
49483
49572
51642
49484
49573
51643
49485
49574
51644
49486
49575
51645
49487
49576
51646
49488
49577
51647
49489
49578
51648
49490
49579
51649
49491
49580
51650
49492
49581
51651
49493
49582
51652
49494
49583
51653
49495
49584
51654
49496
49585
51655
49497
49586
51656
49498
49587
51657
49499
49588
51658
49589
51659
49501
49590
51660
49502
49591
51661
49503
49592
51662
49504
49593
51663
49505
49594
51664
49506
49595
51665
49507
49596
51666
49508
49597
51667
49509
49598
51668
49510
49599
51669
49511
49600
51670
49512
49601
51671
49513
49602
51672
49514
49603
51673
49515
49604
51674
49516
49605
51675
49517
49606
51676
49518
49607
51677
49519
49608
51678
49520
49609
51679
49521
49610
51680
49522
49611
51681
49523
49612
51682
49524
49613
51683
49525
49614
51684
49526
49615
51685
49527
49616
51686
49528
49617
51687
49529
49618
51688
49530
49619
51689
49531
49620
51690
49532
49621
51691
49533
49622
51692
49534
49623
51693
49535
49624
51694
49536
49625
51695
49537
49626
51696
49538
49627
51697
49539
49628
51698
49540
49629
51699
49541
49630
51700
49542
49631
51701
49543
49632
51702
49544
49633
51703
49545
49634
51704
49546
49635
51705
49547
49636
51706
49548
49637
51707
49549
49638
51708
49550
49639
51709
49551
49640
51710
49552
49641
51711
49553
49642
51712
49554
49643
51713
49555
49644
51714
49556
49645
51715
49557
49646
51716
49558
49647
51717
49559
49648
51718
49560
49649
51719
49561
49650
51720
49562
49651
51721
49563
49652
51722
49564
49653
51723
49565
49654
51724
49566
49655
51725
49567
49656
51726
49568
49657
51727
49569
49658
51728
49570
49659
51729
49571
49660
51730
49572
49661
51731
49573
49662
51732
49574
49663
51733
49575
49664
51734
49576
49665
51735
49577
49666
51736
49578
49667
51737
49579
49668
51738
49580
49669
51739
49581
49670
51740
49582
49671
51741
49583
49672
51742
49584
49673
51743
49585
49674
51744
49586
49675
51745
49587
49676
51746
49588
49677
51747
49589
49678
51748
49679
51749
49591
51750
49592
51751
49593
51752
49594
51753
49595
51754
49596
51755
49597
51756
49598
51757
49599
51758
49600
51759
49601
51760
49602
51761
49603
51762
49604
51763
49605
51764
49606
51765
49607
51766
49608
51767
49609
51768
49610
51769
49611
51770
49612
51771
49613
51772
49614
51773
49615
51774
49616
51775
49617
51776
49618
51777
49619
51778
49620
51779
49621
51780
49622
51781
49623
51782
49624
51783
49625
51784
49626
51785
49627
51786
49628
51787
49629
51788
49630
51789
49631
51790
49632
51791
49633
51792
49634
51793
49635
51794
49636
51795
49637
51796
49638
51797
49639
51798
49640
51799
49641
51800
49642
51801
49643
51802
49644
51803
49645
51804
49646
51805
49647
51806
49648
51807
49649
51808
49650
51809
49651
51810
49652
51811
49653
51812
49654
51813
49655
51814
49656
51815
49657
51816
49658
51817
49659
51818
49660
51819
49661
51820
49662
51821
49663
51822
49664
51823
49665
51824
49666
51825
49667
51826
49668
51827
49669
51828
49670
51829
49671
51830
49672
51831
49673
51832
49674
51833
49675
51834
49676
51835
49677
51836
49678
51837
49679
51838
51839
49681
49770
49682
49771
49683
49772
49684
49773
49685
49774
49686
49775
49687
49776
49688
49777
49689
49778
49690
49779
49691
49780
49692
49781
49693
49782
49694
49783
49695
49784
49696
49785
49697
49786
49698
49787
49699
49788
49700
49789
49701
49790
49702
49791
49703
49792
49704
49793
49705
49794
49706
49795
49707
49796
49708
49797
49709
49798
49710
49799
49711
49800
49712
49801
49713
49802
49714
49803
49715
49804
49716
49805
49717
49806
49718
49807
49719
49808
49720
49809
49721
49810
49722
49811
49723
49812
49724
49813
49725
49814
49726
49815
49727
49816
49728
49817
49729
49818
49730
49819
49731
49820
49732
49821
49733
49822
49734
49823
49735
49824
49736
49825
49737
49826
49738
49827
49739
49828
49740
49829
49741
49830
49742
49831
49743
49832
49744
49833
49745
49834
49746
49835
49747
49836
49748
49837
49749
49838
49750
49839
49751
49840
49752
49841
49753
49842
49754
49843
49755
49844
49756
49845
49757
49846
49758
49847
49759
49848
49760
49849
49761
49850
49762
49851
49763
49852
49764
49853
49765
49854
49766
49855
49767
49856
49768
49857
49769
49858
49859
49771
49860
49772
49861
49773
49862
49774
49863
49775
49864
49776
49865
49777
49866
49778
49867
49779
49868
49780
49869
49781
49870
49782
49871
49783
49872
49784
49873
49785
49874
49786
49875
49787
49876
49788
49877
49789
49878
49790
49879
49791
49880
49792
49881
49793
49882
49794
49883
49795
49884
49796
49885
49797
49886
49798
49887
49799
49888
49800
49889
49801
49890
49802
49891
49803
49892
49804
49893
49805
49894
49806
49895
49807
49896
49808
49897
49809
49898
49810
49899
49811
49900
49812
49901
49813
49902
49814
49903
49815
49904
49816
49905
49817
49906
49818
49907
49819
49908
49820
49909
49821
49910
49822
49911
49823
49912
49824
49913
49825
49914
49826
49915
49827
49916
49828
49917
49829
49918
49830
49919
49831
49920
49832
49921
49833
49922
49834
49923
49835
49924
49836
49925
49837
49926
49838
49927
49839
49928
49840
49929
49841
49930
49842
49931
49843
49932
49844
49933
49845
49934
49846
49935
49847
49936
49848
49937
49849
49938
49850
49939
49851
49940
49852
49941
49853
49942
49854
49943
49855
49944
49856
49945
49857
49946
49858
49947
49859
49948
49949
49861
49950
49862
49951
49863
49952
49864
49953
49865
49954
49866
49955
49867
49956
49868
49957
49869
49958
49870
49959
49871
49960
49872
49961
49873
49962
49874
49963
49875
49964
49876
49965
49877
49966
49878
49967
49879
49968
49880
49969
49881
49970
49882
49971
49883
49972
49884
49973
49885
49974
49886
49975
49887
49976
49888
49977
49889
49978
49890
49979
49891
49980
49892
49981
49893
49982
49894
49983
49895
49984
49896
49985
49897
49986
49898
49987
49899
49988
49900
49989
49901
49990
49902
49991
49903
49992
49904
49993
49905
49994
49906
49995
49907
49996
49908
49997
49909
49998
49910
49999
49911
50000
49912
50001
49913
50002
49914
50003
49915
50004
49916
50005
49917
50006
49918
50007
49919
50008
49920
50009
49921
50010
49922
50011
49923
50012
49924
50013
49925
50014
49926
50015
49927
50016
49928
50017
49929
50018
49930
50019
49931
50020
49932
50021
49933
50022
49934
50023
49935
50024
49936
50025
49937
50026
49938
50027
49939
50028
49940
50029
49941
50030
49942
50031
49943
50032
49944
50033
49945
50034
49946
50035
49947
50036
49948
50037
49949
50038
50039
49951
50040
49952
50041
49953
50042
49954
50043
49955
50044
49956
50045
49957
50046
49958
50047
49959
50048
49960
50049
49961
50050
49962
50051
49963
50052
49964
50053
49965
50054
49966
50055
49967
50056
49968
50057
49969
50058
49970
50059
49971
50060
49972
50061
49973
50062
49974
50063
49975
50064
49976
50065
49977
50066
49978
50067
49979
50068
49980
50069
49981
50070
49982
50071
49983
50072
49984
50073
49985
50074
49986
50075
49987
50076
49988
50077
49989
50078
49990
50079
49991
50080
49992
50081
49993
50082
49994
50083
49995
50084
49996
50085
49997
50086
49998
50087
49999
50088
50000
50089
50001
50090
50002
50091
50003
50092
50004
50093
50005
50094
50006
50095
50007
50096
50008
50097
50009
50098
50010
50099
50011
50100
50012
50101
50013
50102
50014
50103
50015
50104
50016
50105
50017
50106
50018
50107
50019
50108
50020
50109
50021
50110
50022
50111
50023
50112
50024
50113
50025
50114
50026
50115
50027
50116
50028
50117
50029
50118
50030
50119
50031
50120
50032
50121
50033
50122
50034
50123
50035
50124
50036
50125
50037
50126
50038
50127
50039
50128
50129
50041
50130
50042
50131
50043
50132
50044
50133
50045
50134
50046
50135
50047
50136
50048
50137
50049
50138
50050
50139
50051
50140
50052
50141
50053
50142
50054
50143
50055
50144
50056
50145
50057
50146
50058
50147
50059
50148
50060
50149
50061
50150
50062
50151
50063
50152
50064
50153
50065
50154
50066
50155
50067
50156
50068
50157
50069
50158
50070
50159
50071
50160
50072
50161
50073
50162
50074
50163
50075
50164
50076
50165
50077
50166
50078
50167
50079
50168
50080
50169
50081
50170
50082
50171
50083
50172
50084
50173
50085
50174
50086
50175
50087
50176
50088
50177
50089
50178
50090
50179
50091
50180
50092
50181
50093
50182
50094
50183
50095
50184
50096
50185
50097
50186
50098
50187
50099
50188
50100
50189
50101
50190
50102
50191
50103
50192
50104
50193
50105
50194
50106
50195
50107
50196
50108
50197
50109
50198
50110
50199
50111
50200
50112
50201
50113
50202
50114
50203
50115
50204
50116
50205
50117
50206
50118
50207
50119
50208
50120
50209
50121
50210
50122
50211
50123
50212
50124
50213
50125
50214
50126
50215
50127
50216
50128
50217
50129
50218
50219
50131
50220
50132
50221
50133
50222
50134
50223
50135
50224
50136
50225
50137
50226
50138
50227
50139
50228
50140
50229
50141
50230
50142
50231
50143
50232
50144
50233
50145
50234
50146
50235
50147
50236
50148
50237
50149
50238
50150
50239
50151
50240
50152
50241
50153
50242
50154
50243
50155
50244
50156
50245
50157
50246
50158
50247
50159
50248
50160
50249
50161
50250
50162
50251
50163
50252
50164
50253
50165
50254
50166
50255
50167
50256
50168
50257
50169
50258
50170
50259
50171
50260
50172
50261
50173
50262
50174
50263
50175
50264
50176
50265
50177
50266
50178
50267
50179
50268
50180
50269
50181
50270
50182
50271
50183
50272
50184
50273
50185
50274
50186
50275
50187
50276
50188
50277
50189
50278
50190
50279
50191
50280
50192
50281
50193
50282
50194
50283
50195
50284
50196
50285
50197
50286
50198
50287
50199
50288
50200
50289
50201
50290
50202
50291
50203
50292
50204
50293
50205
50294
50206
50295
50207
50296
50208
50297
50209
50298
50210
50299
50211
50300
50212
50301
50213
50302
50214
50303
50215
50304
50216
50305
50217
50306
50218
50307
50219
50308
50309
50221
50310
50222
50311
50223
50312
50224
50313
50225
50314
50226
50315
50227
50316
50228
50317
50229
50318
50230
50319
50231
50320
50232
50321
50233
50322
50234
50323
50235
50324
50236
50325
50237
50326
50238
50327
50239
50328
50240
50329
50241
50330
50242
50331
50243
50332
50244
50333
50245
50334
50246
50335
50247
50336
50248
50337
50249
50338
50250
50339
50251
50340
50252
50341
50253
50342
50254
50343
50255
50344
50256
50345
50257
50346
50258
50347
50259
50348
50260
50349
50261
50350
50262
50351
50263
50352
50264
50353
50265
50354
50266
50355
50267
50356
50268
50357
50269
50358
50270
50359
50271
50360
50272
50361
50273
50362
50274
50363
50275
50364
50276
50365
50277
50366
50278
50367
50279
50368
50280
50369
50281
50370
50282
50371
50283
50372
50284
50373
50285
50374
50286
50375
50287
50376
50288
50377
50289
50378
50290
50379
50291
50380
50292
50381
50293
50382
50294
50383
50295
50384
50296
50385
50297
50386
50298
50387
50299
50388
50300
50389
50301
50390
50302
50391
50303
50392
50304
50393
50305
50394
50306
50395
50307
50396
50308
50397
50309
50398
50399
50311
50400
50312
50401
50313
50402
50314
50403
50315
50404
50316
50405
50317
50406
50318
50407
50319
50408
50320
50409
50321
50410
50322
50411
50323
50412
50324
50413
50325
50414
50326
50415
50327
50416
50328
50417
50329
50418
50330
50419
50331
50420
50332
50421
50333
50422
50334
50423
50335
50424
50336
50425
50337
50426
50338
50427
50339
50428
50340
50429
50341
50430
50342
50431
50343
50432
50344
50433
50345
50434
50346
50435
50347
50436
50348
50437
50349
50438
50350
50439
50351
50440
50352
50441
50353
50442
50354
50443
50355
50444
50356
50445
50357
50446
50358
50447
50359
50448
50360
50449
50361
50450
50362
50451
50363
50452
50364
50453
50365
50454
50366
50455
50367
50456
50368
50457
50369
50458
50370
50459
50371
50460
50372
50461
50373
50462
50374
50463
50375
50464
50376
50465
50377
50466
50378
50467
50379
50468
50380
50469
50381
50470
50382
50471
50383
50472
50384
50473
50385
50474
50386
50475
50387
50476
50388
50477
50389
50478
50390
50479
50391
50480
50392
50481
50393
50482
50394
50483
50395
50484
50396
50485
50397
50486
50398
50487
50399
50488
50489
50401
50490
50402
50491
50403
50492
50404
50493
50405
50494
50406
50495
50407
50496
50408
50497
50409
50498
50410
50499
50411
50500
50412
50501
50413
50502
50414
50503
50415
50504
50416
50505
50417
50506
50418
50507
50419
50508
50420
50509
50421
50510
50422
50511
50423
50512
50424
50513
50425
50514
50426
50515
50427
50516
50428
50517
50429
50518
50430
50519
50431
50520
50432
50521
50433
50522
50434
50523
50435
50524
50436
50525
50437
50526
50438
50527
50439
50528
50440
50529
50441
50530
50442
50531
50443
50532
50444
50533
50445
50534
50446
50535
50447
50536
50448
50537
50449
50538
50450
50539
50451
50540
50452
50541
50453
50542
50454
50543
50455
50544
50456
50545
50457
50546
50458
50547
50459
50548
50460
50549
50461
50550
50462
50551
50463
50552
50464
50553
50465
50554
50466
50555
50467
50556
50468
50557
50469
50558
50470
50559
50471
50560
50472
50561
50473
50562
50474
50563
50475
50564
50476
50565
50477
50566
50478
50567
50479
50568
50480
50569
50481
50570
50482
50571
50483
50572
50484
50573
50485
50574
50486
50575
50487
50576
50488
50577
50489
50578
50579
50491
50580
50492
50581
50493
50582
50494
50583
50495
50584
50496
50585
50497
50586
50498
50587
50499
50588
50500
50589
50501
50590
50502
50591
50503
50592
50504
50593
50505
50594
50506
50595
50507
50596
50508
50597
50509
50598
50510
50599
50511
50600
50512
50601
50513
50602
50514
50603
50515
50604
50516
50605
50517
50606
50518
50607
50519
50608
50520
50609
50521
50610
50522
50611
50523
50612
50524
50613
50525
50614
50526
50615
50527
50616
50528
50617
50529
50618
50530
50619
50531
50620
50532
50621
50533
50622
50534
50623
50535
50624
50536
50625
50537
50626
50538
50627
50539
50628
50540
50629
50541
50630
50542
50631
50543
50632
50544
50633
50545
50634
50546
50635
50547
50636
50548
50637
50549
50638
50550
50639
50551
50640
50552
50641
50553
50642
50554
50643
50555
50644
50556
50645
50557
50646
50558
50647
50559
50648
50560
50649
50561
50650
50562
50651
50563
50652
50564
50653
50565
50654
50566
50655
50567
50656
50568
50657
50569
50658
50570
50659
50571
50660
50572
50661
50573
50662
50574
50663
50575
50664
50576
50665
50577
50666
50578
50667
50579
50668
50669
50581
50670
50582
50671
50583
50672
50584
50673
50585
50674
50586
50675
50587
50676
50588
50677
50589
50678
50590
50679
50591
50680
50592
50681
50593
50682
50594
50683
50595
50684
50596
50685
50597
50686
50598
50687
50599
50688
50600
50689
50601
50690
50602
50691
50603
50692
50604
50693
50605
50694
50606
50695
50607
50696
50608
50697
50609
50698
50610
50699
50611
50700
50612
50701
50613
50702
50614
50703
50615
50704
50616
50705
50617
50706
50618
50707
50619
50708
50620
50709
50621
50710
50622
50711
50623
50712
50624
50713
50625
50714
50626
50715
50627
50716
50628
50717
50629
50718
50630
50719
50631
50720
50632
50721
50633
50722
50634
50723
50635
50724
50636
50725
50637
50726
50638
50727
50639
50728
50640
50729
50641
50730
50642
50731
50643
50732
50644
50733
50645
50734
50646
50735
50647
50736
50648
50737
50649
50738
50650
50739
50651
50740
50652
50741
50653
50742
50654
50743
50655
50744
50656
50745
50657
50746
50658
50747
50659
50748
50660
50749
50661
50750
50662
50751
50663
50752
50664
50753
50665
50754
50666
50755
50667
50756
50668
50757
50669
50758
50759
50671
50760
50672
50761
50673
50762
50674
50763
50675
50764
50676
50765
50677
50766
50678
50767
50679
50768
50680
50769
50681
50770
50682
50771
50683
50772
50684
50773
50685
50774
50686
50775
50687
50776
50688
50777
50689
50778
50690
50779
50691
50780
50692
50781
50693
50782
50694
50783
50695
50784
50696
50785
50697
50786
50698
50787
50699
50788
50700
50789
50701
50790
50702
50791
50703
50792
50704
50793
50705
50794
50706
50795
50707
50796
50708
50797
50709
50798
50710
50799
50711
50800
50712
50801
50713
50802
50714
50803
50715
50804
50716
50805
50717
50806
50718
50807
50719
50808
50720
50809
50721
50810
50722
50811
50723
50812
50724
50813
50725
50814
50726
50815
50727
50816
50728
50817
50729
50818
50730
50819
50731
50820
50732
50821
50733
50822
50734
50823
50735
50824
50736
50825
50737
50826
50738
50827
50739
50828
50740
50829
50741
50830
50742
50831
50743
50832
50744
50833
50745
50834
50746
50835
50747
50836
50748
50837
50749
50838
50750
50839
50751
50840
50752
50841
50753
50842
50754
50843
50755
50844
50756
50845
50757
50846
50758
50847
50759
50848
50849
50761
50850
50762
50851
50763
50852
50764
50853
50765
50854
50766
50855
50767
50856
50768
50857
50769
50858
50770
50859
50771
50860
50772
50861
50773
50862
50774
50863
50775
50864
50776
50865
50777
50866
50778
50867
50779
50868
50780
50869
50781
50870
50782
50871
50783
50872
50784
50873
50785
50874
50786
50875
50787
50876
50788
50877
50789
50878
50790
50879
50791
50880
50792
50881
50793
50882
50794
50883
50795
50884
50796
50885
50797
50886
50798
50887
50799
50888
50800
50889
50801
50890
50802
50891
50803
50892
50804
50893
50805
50894
50806
50895
50807
50896
50808
50897
50809
50898
50810
50899
50811
50900
50812
50901
50813
50902
50814
50903
50815
50904
50816
50905
50817
50906
50818
50907
50819
50908
50820
50909
50821
50910
50822
50911
50823
50912
50824
50913
50825
50914
50826
50915
50827
50916
50828
50917
50829
50918
50830
50919
50831
50920
50832
50921
50833
50922
50834
50923
50835
50924
50836
50925
50837
50926
50838
50927
50839
50928
50840
50929
50841
50930
50842
50931
50843
50932
50844
50933
50845
50934
50846
50935
50847
50936
50848
50937
50849
50938
50939
50851
50940
50852
50941
50853
50942
50854
50943
50855
50944
50856
50945
50857
50946
50858
50947
50859
50948
50860
50949
50861
50950
50862
50951
50863
50952
50864
50953
50865
50954
50866
50955
50867
50956
50868
50957
50869
50958
50870
50959
50871
50960
50872
50961
50873
50962
50874
50963
50875
50964
50876
50965
50877
50966
50878
50967
50879
50968
50880
50969
50881
50970
50882
50971
50883
50972
50884
50973
50885
50974
50886
50975
50887
50976
50888
50977
50889
50978
50890
50979
50891
50980
50892
50981
50893
50982
50894
50983
50895
50984
50896
50985
50897
50986
50898
50987
50899
50988
50900
50989
50901
50990
50902
50991
50903
50992
50904
50993
50905
50994
50906
50995
50907
50996
50908
50997
50909
50998
50910
50999
50911
51000
50912
51001
50913
51002
50914
51003
50915
51004
50916
51005
50917
51006
50918
51007
50919
51008
50920
51009
50921
51010
50922
51011
50923
51012
50924
51013
50925
51014
50926
51015
50927
51016
50928
51017
50929
51018
50930
51019
50931
51020
50932
51021
50933
51022
50934
51023
50935
51024
50936
51025
50937
51026
50938
51027
50939
51028
51029
50941
51030
50942
51031
50943
51032
50944
51033
50945
51034
50946
51035
50947
51036
50948
51037
50949
51038
50950
51039
50951
51040
50952
51041
50953
51042
50954
51043
50955
51044
50956
51045
50957
51046
50958
51047
50959
51048
50960
51049
50961
51050
50962
51051
50963
51052
50964
51053
50965
51054
50966
51055
50967
51056
50968
51057
50969
51058
50970
51059
50971
51060
50972
51061
50973
51062
50974
51063
50975
51064
50976
51065
50977
51066
50978
51067
50979
51068
50980
51069
50981
51070
50982
51071
50983
51072
50984
51073
50985
51074
50986
51075
50987
51076
50988
51077
50989
51078
50990
51079
50991
51080
50992
51081
50993
51082
50994
51083
50995
51084
50996
51085
50997
51086
50998
51087
50999
51088
51000
51089
51001
51090
51002
51091
51003
51092
51004
51093
51005
51094
51006
51095
51007
51096
51008
51097
51009
51098
51010
51099
51011
51100
51012
51101
51013
51102
51014
51103
51015
51104
51016
51105
51017
51106
51018
51107
51019
51108
51020
51109
51021
51110
51022
51111
51023
51112
51024
51113
51025
51114
51026
51115
51027
51116
51028
51117
51029
51118
51119
51031
51120
51032
51121
51033
51122
51034
51123
51035
51124
51036
51125
51037
51126
51038
51127
51039
51128
51040
51129
51041
51130
51042
51131
51043
51132
51044
51133
51045
51134
51046
51135
51047
51136
51048
51137
51049
51138
51050
51139
51051
51140
51052
51141
51053
51142
51054
51143
51055
51144
51056
51145
51057
51146
51058
51147
51059
51148
51060
51149
51061
51150
51062
51151
51063
51152
51064
51153
51065
51154
51066
51155
51067
51156
51068
51157
51069
51158
51070
51159
51071
51160
51072
51161
51073
51162
51074
51163
51075
51164
51076
51165
51077
51166
51078
51167
51079
51168
51080
51169
51081
51170
51082
51171
51083
51172
51084
51173
51085
51174
51086
51175
51087
51176
51088
51177
51089
51178
51090
51179
51091
51180
51092
51181
51093
51182
51094
51183
51095
51184
51096
51185
51097
51186
51098
51187
51099
51188
51100
51189
51101
51190
51102
51191
51103
51192
51104
51193
51105
51194
51106
51195
51107
51196
51108
51197
51109
51198
51110
51199
51111
51200
51112
51201
51113
51202
51114
51203
51115
51204
51116
51205
51117
51206
51118
51207
51119
51208
51209
51121
51210
51122
51211
51123
51212
51124
51213
51125
51214
51126
51215
51127
51216
51128
51217
51129
51218
51130
51219
51131
51220
51132
51221
51133
51222
51134
51223
51135
51224
51136
51225
51137
51226
51138
51227
51139
51228
51140
51229
51141
51230
51142
51231
51143
51232
51144
51233
51145
51234
51146
51235
51147
51236
51148
51237
51149
51238
51150
51239
51151
51240
51152
51241
51153
51242
51154
51243
51155
51244
51156
51245
51157
51246
51158
51247
51159
51248
51160
51249
51161
51250
51162
51251
51163
51252
51164
51253
51165
51254
51166
51255
51167
51256
51168
51257
51169
51258
51170
51259
51171
51260
51172
51261
51173
51262
51174
51263
51175
51264
51176
51265
51177
51266
51178
51267
51179
51268
51180
51269
51181
51270
51182
51271
51183
51272
51184
51273
51185
51274
51186
51275
51187
51276
51188
51277
51189
51278
51190
51279
51191
51280
51192
51281
51193
51282
51194
51283
51195
51284
51196
51285
51197
51286
51198
51287
51199
51288
51200
51289
51201
51290
51202
51291
51203
51292
51204
51293
51205
51294
51206
51295
51207
51296
51208
51297
51209
51298
51299
51211
51300
51212
51301
51213
51302
51214
51303
51215
51304
51216
51305
51217
51306
51218
51307
51219
51308
51220
51309
51221
51310
51222
51311
51223
51312
51224
51313
51225
51314
51226
51315
51227
51316
51228
51317
51229
51318
51230
51319
51231
51320
51232
51321
51233
51322
51234
51323
51235
51324
51236
51325
51237
51326
51238
51327
51239
51328
51240
51329
51241
51330
51242
51331
51243
51332
51244
51333
51245
51334
51246
51335
51247
51336
51248
51337
51249
51338
51250
51339
51251
51340
51252
51341
51253
51342
51254
51343
51255
51344
51256
51345
51257
51346
51258
51347
51259
51348
51260
51349
51261
51350
51262
51351
51263
51352
51264
51353
51265
51354
51266
51355
51267
51356
51268
51357
51269
51358
51270
51359
51271
51360
51272
51361
51273
51362
51274
51363
51275
51364
51276
51365
51277
51366
51278
51367
51279
51368
51280
51369
51281
51370
51282
51371
51283
51372
51284
51373
51285
51374
51286
51375
51287
51376
51288
51377
51289
51378
51290
51379
51291
51380
51292
51381
51293
51382
51294
51383
51295
51384
51296
51385
51297
51386
51298
51387
51299
51388
51389
51301
51390
51302
51391
51303
51392
51304
51393
51305
51394
51306
51395
51307
51396
51308
51397
51309
51398
51310
51399
51311
51400
51312
51401
51313
51402
51314
51403
51315
51404
51316
51405
51317
51406
51318
51407
51319
51408
51320
51409
51321
51410
51322
51411
51323
51412
51324
51413
51325
51414
51326
51415
51327
51416
51328
51417
51329
51418
51330
51419
51331
51420
51332
51421
51333
51422
51334
51423
51335
51424
51336
51425
51337
51426
51338
51427
51339
51428
51340
51429
51341
51430
51342
51431
51343
51432
51344
51433
51345
51434
51346
51435
51347
51436
51348
51437
51349
51438
51350
51439
51351
51440
51352
51441
51353
51442
51354
51443
51355
51444
51356
51445
51357
51446
51358
51447
51359
51448
51360
51449
51361
51450
51362
51451
51363
51452
51364
51453
51365
51454
51366
51455
51367
51456
51368
51457
51369
51458
51370
51459
51371
51460
51372
51461
51373
51462
51374
51463
51375
51464
51376
51465
51377
51466
51378
51467
51379
51468
51380
51469
51381
51470
51382
51471
51383
51472
51384
51473
51385
51474
51386
51475
51387
51476
51388
51477
51389
51478
51479
51391
51480
51392
51481
51393
51482
51394
51483
51395
51484
51396
51485
51397
51486
51398
51487
51399
51488
51400
51489
51401
51490
51402
51491
51403
51492
51404
51493
51405
51494
51406
51495
51407
51496
51408
51497
51409
51498
51410
51499
51411
51500
51412
51501
51413
51502
51414
51503
51415
51504
51416
51505
51417
51506
51418
51507
51419
51508
51420
51509
51421
51510
51422
51511
51423
51512
51424
51513
51425
51514
51426
51515
51427
51516
51428
51517
51429
51518
51430
51519
51431
51520
51432
51521
51433
51522
51434
51523
51435
51524
51436
51525
51437
51526
51438
51527
51439
51528
51440
51529
51441
51530
51442
51531
51443
51532
51444
51533
51445
51534
51446
51535
51447
51536
51448
51537
51449
51538
51450
51539
51451
51540
51452
51541
51453
51542
51454
51543
51455
51544
51456
51545
51457
51546
51458
51547
51459
51548
51460
51549
51461
51550
51462
51551
51463
51552
51464
51553
51465
51554
51466
51555
51467
51556
51468
51557
51469
51558
51470
51559
51471
51560
51472
51561
51473
51562
51474
51563
51475
51564
51476
51565
51477
51566
51478
51567
51479
51568
51569
51481
51570
51482
51571
51483
51572
51484
51573
51485
51574
51486
51575
51487
51576
51488
51577
51489
51578
51490
51579
51491
51580
51492
51581
51493
51582
51494
51583
51495
51584
51496
51585
51497
51586
51498
51587
51499
51588
51500
51589
51501
51590
51502
51591
51503
51592
51504
51593
51505
51594
51506
51595
51507
51596
51508
51597
51509
51598
51510
51599
51511
51600
51512
51601
51513
51602
51514
51603
51515
51604
51516
51605
51517
51606
51518
51607
51519
51608
51520
51609
51521
51610
51522
51611
51523
51612
51524
51613
51525
51614
51526
51615
51527
51616
51528
51617
51529
51618
51530
51619
51531
51620
51532
51621
51533
51622
51534
51623
51535
51624
51536
51625
51537
51626
51538
51627
51539
51628
51540
51629
51541
51630
51542
51631
51543
51632
51544
51633
51545
51634
51546
51635
51547
51636
51548
51637
51549
51638
51550
51639
51551
51640
51552
51641
51553
51642
51554
51643
51555
51644
51556
51645
51557
51646
51558
51647
51559
51648
51560
51649
51561
51650
51562
51651
51563
51652
51564
51653
51565
51654
51566
51655
51567
51656
51568
51657
51569
51658
51659
51571
51660
51572
51661
51573
51662
51574
51663
51575
51664
51576
51665
51577
51666
51578
51667
51579
51668
51580
51669
51581
51670
51582
51671
51583
51672
51584
51673
51585
51674
51586
51675
51587
51676
51588
51677
51589
51678
51590
51679
51591
51680
51592
51681
51593
51682
51594
51683
51595
51684
51596
51685
51597
51686
51598
51687
51599
51688
51600
51689
51601
51690
51602
51691
51603
51692
51604
51693
51605
51694
51606
51695
51607
51696
51608
51697
51609
51698
51610
51699
51611
51700
51612
51701
51613
51702
51614
51703
51615
51704
51616
51705
51617
51706
51618
51707
51619
51708
51620
51709
51621
51710
51622
51711
51623
51712
51624
51713
51625
51714
51626
51715
51627
51716
51628
51717
51629
51718
51630
51719
51631
51720
51632
51721
51633
51722
51634
51723
51635
51724
51636
51725
51637
51726
51638
51727
51639
51728
51640
51729
51641
51730
51642
51731
51643
51732
51644
51733
51645
51734
51646
51735
51647
51736
51648
51737
51649
51738
51650
51739
51651
51740
51652
51741
51653
51742
51654
51743
51655
51744
51656
51745
51657
51746
51658
51747
51659
51748
51749
51661
51750
51662
51751
51663
51752
51664
51753
51665
51754
51666
51755
51667
51756
51668
51757
51669
51758
51670
51759
51671
51760
51672
51761
51673
51762
51674
51763
51675
51764
51676
51765
51677
51766
51678
51767
51679
51768
51680
51769
51681
51770
51682
51771
51683
51772
51684
51773
51685
51774
51686
51775
51687
51776
51688
51777
51689
51778
51690
51779
51691
51780
51692
51781
51693
51782
51694
51783
51695
51784
51696
51785
51697
51786
51698
51787
51699
51788
51700
51789
51701
51790
51702
51791
51703
51792
51704
51793
51705
51794
51706
51795
51707
51796
51708
51797
51709
51798
51710
51799
51711
51800
51712
51801
51713
51802
51714
51803
51715
51804
51716
51805
51717
51806
51718
51807
51719
51808
51720
51809
51721
51810
51722
51811
51723
51812
51724
51813
51725
51814
51726
51815
51727
51816
51728
51817
51729
51818
51730
51819
51731
51820
51732
51821
51733
51822
51734
51823
51735
51824
51736
51825
51737
51826
51738
51827
51739
51828
51740
51829
51741
51830
51742
51831
51743
51832
51744
51833
51745
51834
51746
51835
51747
51836
51748
51837
51749
51838
51839
51751
51752
51753
51754
51755
51756
51757
51758
51759
51760
51761
51762
51763
51764
51765
51766
51767
51768
51769
51770
51771
51772
51773
51774
51775
51776
51777
51778
51779
51780
51781
51782
51783
51784
51785
51786
51787
51788
51789
51790
51791
51792
51793
51794
51795
51796
51797
51798
51799
51800
51801
51802
51803
51804
51805
51806
51807
51808
51809
51810
51811
51812
51813
51814
51815
51816
51817
51818
51819
51820
51821
51822
51823
51824
51825
51826
51827
51828
51829
51830
51831
51832
51833
51834
51835
51836
51837
51838
51839
)


// ************************************************************************* //
