/*--------------------------------*- C++ -*----------------------------------*\
  =========                 |
  \\      /  F ield         | OpenFOAM: The Open Source CFD Toolbox
   \\    /   O peration     | Website:  https://openfoam.org
    \\  /    A nd           | Version:  12
     \\/     M anipulation  |
\*---------------------------------------------------------------------------*/
FoamFile
{
    format      ascii;
    class       volVectorField;
    location    "0.5";
    object      U;
}
// * * * * * * * * * * * * * * * * * * * * * * * * * * * * * * * * * * * * * //

dimensions      [0 1 -1 0 0 0 0];

internalField   nonuniform List<vector> 
10488
(
(0.072149644 -0.00035023021 -1.1379229e-16)
(0.073819159 -0.00086506902 7.3179356e-18)
(0.076932624 -0.0013818206 -2.5310988e-15)
(0.081265197 -0.0018505172 -6.1213539e-15)
(0.086967423 -0.0023208961 -1.338978e-14)
(0.094043424 -0.0028066612 -1.946218e-14)
(0.10250879 -0.0033149981 -3.185572e-14)
(0.11239914 -0.0038457934 -4.1661842e-14)
(0.12374569 -0.0043910056 -5.4311952e-14)
(0.13655463 -0.0049336017 -6.5658372e-14)
(0.15079112 -0.0054493995 -7.7983155e-14)
(0.16636497 -0.0059075599 -9.0457e-14)
(0.18311869 -0.0062724157 -1.0036241e-13)
(0.20081944 -0.0065059536 -1.0927361e-13)
(0.21915704 -0.0065712999 -1.1224693e-13)
(0.23774814 -0.0064367685 -1.0813478e-13)
(0.25614879 -0.006080925 -9.946465e-14)
(0.27387448 -0.0054966462 -8.9941407e-14)
(0.29042848 -0.0046941606 -7.9475107e-14)
(0.3053363 -0.0037018735 -6.2829374e-14)
(0.3181753 -0.0025629953 -3.3343677e-14)
(0.32861848 -0.0013331041 1.1788253e-14)
(0.33644869 -6.80037e-05 6.8393369e-14)
(0.34170989 0.0010957022 1.2595742e-13)
(0.3438164 0.0023189757 1.8224232e-13)
(0.34325835 0.0029936621 2.1293584e-13)
(0.34063055 0.0037990327 2.3749889e-13)
(0.33505893 0.0046747541 2.6162817e-13)
(0.32739928 0.005334827 2.8497684e-13)
(0.31767921 0.0058289564 3.0259808e-13)
(0.30603943 0.00619368 3.0231191e-13)
(0.29271778 0.0064213739 2.6889221e-13)
(0.27796597 0.0065028882 1.8962451e-13)
(0.26205089 0.0064414147 5.9592048e-14)
(0.24526116 0.0062503767 -1.111416e-13)
(0.22790258 0.0059520732 -2.8696627e-13)
(0.21028651 0.0055770368 -4.0028505e-13)
(0.19271452 0.0051613291 -3.6666884e-13)
(0.17546179 0.0047417536 -1.2471461e-13)
(0.15876089 0.0043505491 3.2239359e-13)
(0.14278857 0.0040116153 8.9433279e-13)
(0.12765745 0.0037396177 1.4576262e-12)
(0.1134151 0.0035409325 1.8714786e-12)
(0.10005243 0.0034142618 2.0353238e-12)
(0.087522249 0.0033497139 1.9226354e-12)
(0.075766222 0.003326828 1.5868313e-12)
(0.064746639 0.0033131149 1.1363283e-12)
(0.054477751 0.0032682369 6.9429258e-13)
(0.045043864 0.0031618467 3.6368323e-13)
(0.036613312 0.0029926843 2.1214718e-13)
(0.029258231 0.00273202 2.6853592e-13)
(0.023170795 0.0023459659 5.3647936e-13)
(0.018586267 0.0018524413 9.9356405e-13)
(0.015761165 0.0012690033 1.6018256e-12)
(0.014902214 0.00064309648 2.3030385e-12)
(0.015953774 -8.9619263e-05 3.032193e-12)
(0.018794104 -0.00082867521 3.7236193e-12)
(0.023314874 -0.001515143 4.2889043e-12)
(0.029340726 -0.0021237415 4.6641881e-12)
(0.036636647 -0.0026326526 4.8033192e-12)
(0.044939474 -0.0030300737 4.6960702e-12)
(0.053972875 -0.0033116262 4.3710835e-12)
(0.063458544 -0.0034779501 3.8844643e-12)
(0.073126662 -0.0035344316 3.3036697e-12)
(0.082726642 -0.0034912565 2.6940538e-12)
(0.092036858 -0.003362375 2.1100567e-12)
(0.10087135 -0.0031638831 1.5904308e-12)
(0.10908381 -0.0029129487 1.1567725e-12)
(0.11657001 -0.0026273006 8.1503373e-13)
(0.12326858 -0.0023242711 5.5929201e-13)
(0.12915834 -0.002019292 3.7647031e-13)
(0.13425262 -0.0017248065 2.5114258e-13)
(0.13859153 -0.0014499156 1.6785218e-13)
(0.14223401 -0.0012005006 1.1390652e-13)
(0.14525037 -0.00097962891 7.9298144e-14)
(0.14771595 -0.00078811778 5.7181476e-14)
(0.14970622 -0.00062512925 4.2486998e-14)
(0.15129318 -0.00048871332 3.2342406e-14)
(0.15254308 -0.00037626177 2.4851443e-14)
(0.15351518 -0.00028486119 1.9243695e-14)
(0.15426116 -0.00021154963 1.4669828e-14)
(0.15482527 -0.00015349012 1.0971943e-14)
(0.15524471 -0.00010807683 7.979122e-15)
(0.1555503 -7.2991047e-05 5.5844337e-15)
(0.15576724 -4.6225138e-05 3.7043639e-15)
(0.15591598 -2.6103022e-05 2.2624641e-15)
(0.15601282 -1.1373782e-05 1.184662e-15)
(0.1560705 -1.0137501e-06 4.0097082e-16)
(0.15609915 5.9579918e-06 -1.5313667e-16)
(0.15610509 1.0665875e-05 -5.4661296e-16)
(0.1560974 1.3624838e-05 -7.7300316e-16)
(0.15607882 1.5986126e-05 -9.4139753e-16)
(0.15605295 1.7156021e-05 -1.0468566e-15)
(0.15602286 1.7513278e-05 -1.0996132e-15)
(0.15599051 1.7199276e-05 -1.1329038e-15)
(0.15595715 1.6602616e-05 -1.2100417e-15)
(0.15592379 1.5896642e-05 -1.1321703e-15)
(0.15589111 1.4992395e-05 -1.1667354e-15)
(0.15585972 1.3993022e-05 -1.1790811e-15)
(0.15582995 1.2959816e-05 -1.2508159e-15)
(0.15580199 1.1937591e-05 -1.1832374e-15)
(0.15577595 1.094564e-05 -1.2651882e-15)
(0.15575182 1.0001716e-05 -1.2439888e-15)
(0.1557296 9.1041289e-06 -1.303612e-15)
(0.15570924 8.2544408e-06 -1.2021376e-15)
(0.15569066 7.4611607e-06 -1.2754862e-15)
(0.1556738 6.7281364e-06 -1.2356136e-15)
(0.15565853 6.053688e-06 -1.2647009e-15)
(0.15564476 5.4344887e-06 -1.1650346e-15)
(0.1556324 4.8673212e-06 -1.2119117e-15)
(0.15562133 4.3490023e-06 -1.1622028e-15)
(0.15561147 3.876271e-06 -1.1733152e-15)
(0.15560273 3.4459131e-06 -1.1124848e-15)
(0.15559501 3.0548967e-06 -1.0164531e-15)
(0.15558823 2.7004423e-06 -1.0596793e-15)
(0.15558232 2.3799302e-06 -1.0018534e-15)
(0.1555772 2.0907955e-06 -1.0202749e-15)
(0.15557279 1.8303427e-06 -9.0589863e-16)
(0.15556903 1.5954018e-06 -9.4879757e-16)
(0.15556585 1.3822255e-06 -9.051751e-16)
(0.15556321 1.1866899e-06 -9.2532628e-16)
(0.15556104 1.0046525e-06 -8.5292506e-16)
(0.15555932 8.3301065e-07 -9.1024151e-16)
(0.15555801 6.7036471e-07 -8.8501473e-16)
(0.15555709 5.1740777e-07 -9.2223229e-16)
(0.15555652 3.7561701e-07 -8.6038304e-16)
(0.15555624 2.4519767e-07 -9.3104819e-16)
(0.15555621 1.3068119e-07 -9.1025918e-16)
(0.15555633 3.4787943e-08 -9.4426687e-16)
(0.15555651 -3.6025356e-08 -8.8128323e-16)
(0.15555661 -7.4839605e-08 -9.2813691e-16)
(0.15555655 -5.9054637e-08 -9.0776484e-16)
(0.15555621 1.0982012e-08 -9.2814731e-16)
(0.15555547 1.1821224e-07 -8.5003372e-16)
(0.15555429 2.4863156e-07 -8.8835321e-16)
(0.15555263 3.9755563e-07 -8.5020561e-16)
(0.15555052 5.4659708e-07 -8.2759419e-16)
(0.15554803 6.8354725e-07 -7.9969652e-16)
(0.15554526 7.9765766e-07 -7.3635029e-16)
(0.15554232 8.7940735e-07 -7.2995913e-16)
(0.15553935 9.2137997e-07 -7.0825369e-16)
(0.15553647 9.1830942e-07 -7.2353387e-16)
(0.15553381 8.6706072e-07 -6.4312386e-16)
(0.15553147 7.7010834e-07 -6.6671795e-16)
(0.15552954 6.3832496e-07 -6.2514081e-16)
(0.15552806 4.8396872e-07 -5.9942718e-16)
(0.15552703 3.1319791e-07 -5.4217501e-16)
(0.15552642 1.3306789e-07 -5.4051107e-16)
(0.15552614 -4.5036009e-08 -5.2890381e-16)
(0.15552608 -1.9625719e-07 -5.4391471e-16)
(0.15552613 -2.9859599e-07 -4.9381348e-16)
(0.15552614 -3.3038736e-07 -5.2104746e-16)
(0.15552596 -2.9318162e-07 -5.0046187e-16)
(0.15552545 -1.7835716e-07 -4.8894977e-16)
(0.15552457 -1.4427539e-08 -4.5100992e-16)
(0.15552329 1.6940073e-07 -4.5845328e-16)
(0.15552163 3.5411832e-07 -4.5546332e-16)
(0.15551969 5.1588342e-07 -4.8622151e-16)
(0.15551755 6.3299711e-07 -4.3554793e-16)
(0.15551537 6.9175392e-07 -4.6856484e-16)
(0.15551328 6.8910071e-07 -4.4965815e-16)
(0.15551143 6.3260356e-07 -4.4286587e-16)
(0.15550992 5.3455683e-07 -4.3352907e-16)
(0.15550884 4.062192e-07 -4.0368798e-16)
(0.15550822 2.5747059e-07 -4.1053159e-16)
(0.15550805 1.0148632e-07 -4.095766e-16)
(0.15550825 -6.8405258e-08 -4.2967615e-16)
(0.15550876 -2.2235406e-07 -3.8997959e-16)
(0.15550945 -3.3176689e-07 -4.2331698e-16)
(0.15551021 -4.0904212e-07 -4.0631594e-16)
(0.15551093 -4.6047214e-07 -4.0111037e-16)
(0.1555115 -4.7366223e-07 -3.7662563e-16)
(0.15551181 -4.5639338e-07 -3.830351e-16)
(0.1555118 -3.9605481e-07 -3.8209885e-16)
(0.15551139 -2.5726582e-07 -4.002544e-16)
(0.15551049 -6.3361542e-08 -3.6657691e-16)
(0.15550914 1.5139177e-07 -3.9273691e-16)
(0.15550732 3.7844751e-07 -3.7708625e-16)
(0.15550509 5.9752264e-07 -3.713322e-16)
(0.15550252 7.8600521e-07 -3.4688834e-16)
(0.15549975 9.241129e-07 -3.5082691e-16)
(0.15549693 9.9922648e-07 -3.4730753e-16)
(0.15549421 1.0085222e-06 -3.6142988e-16)
(0.15549175 9.5875011e-07 -3.2882059e-16)
(0.15548968 8.6455647e-07 -3.4739696e-16)
(0.15548811 7.4005928e-07 -3.3135311e-16)
(0.15548715 5.9704315e-07 -3.2287881e-16)
(0.15548683 4.6782888e-07 -3.1269445e-16)
(0.15548711 2.9634398e-07 -2.9114298e-16)
(0.15548803 9.5923688e-08 -2.8988038e-16)
(0.15548954 -9.2993795e-08 -2.8422984e-16)
(0.15549161 -2.8626656e-07 -2.9164676e-16)
(0.15549421 -4.947826e-07 -2.6498222e-16)
(0.15549732 -7.1812717e-07 -2.7772576e-16)
(0.15550088 -9.4769735e-07 -2.6500027e-16)
(0.15550483 -1.1668052e-06 -2.5806209e-16)
(0.15550904 -1.352832e-06 -2.4077347e-16)
(0.15551337 -1.4813686e-06 -2.4044028e-16)
(0.15551764 -1.5320934e-06 -2.3606823e-16)
(0.15552165 -1.4943486e-06 -2.4105589e-16)
(0.15552522 -1.3702049e-06 -2.2965643e-16)
(0.15552814 -1.1716727e-06 -2.1402361e-16)
(0.15553027 -9.1123522e-07 -2.1142579e-16)
(0.1555315 -6.04397e-07 -2.0832696e-16)
(0.15553181 -2.9740622e-07 -2.0306687e-16)
(0.15553129 4.9063961e-08 -1.9163026e-16)
(0.15552996 3.9038458e-07 -1.9012478e-16)
(0.15552803 6.5326482e-07 -1.8817555e-16)
(0.15552564 8.4365329e-07 -1.8471858e-16)
(0.15552296 9.6275523e-07 -1.767402e-16)
(0.15552017 1.0120981e-06 -1.7571707e-16)
(0.15551743 1.0035731e-06 -1.7394685e-16)
(0.15551486 9.4378159e-07 -1.7087385e-16)
(0.15551255 8.5382882e-07 -1.6508287e-16)
(0.15551058 7.3968726e-07 -1.6240417e-16)
(0.15550896 6.2620637e-07 -1.5925769e-16)
(0.15550774 4.9544822e-07 -1.5508961e-16)
(0.15550688 3.5711373e-07 -1.4952261e-16)
(0.15550662 9.8604595e-08 -1.4497191e-16)
(0.15550761 -3.3896027e-07 -1.4057546e-16)
(0.21119576 -0.0015110598 -4.3450484e-16)
(0.21402517 -0.0040937671 2.2070929e-15)
(0.21953827 -0.0066556468 -4.3887964e-16)
(0.22747158 -0.0090837233 -2.2640978e-15)
(0.23802805 -0.01148564 -2.4252051e-14)
(0.25125538 -0.013908701 -3.423895e-14)
(0.26715987 -0.016375966 -7.4765311e-14)
(0.28575281 -0.018886994 -1.0760998e-13)
(0.30703845 -0.021417553 -1.6574408e-13)
(0.33098691 -0.023912881 -2.1322331e-13)
(0.35751442 -0.026294938 -2.734998e-13)
(0.38646531 -0.028463341 -3.3842408e-13)
(0.41759735 -0.030302091 -3.9588231e-13)
(0.45057101 -0.03168678 -4.7431166e-13)
(0.4849468 -0.032494685 -5.5140788e-13)
(0.52018745 -0.032615404 -5.9988182e-13)
(0.55567155 -0.031965077 -6.0287262e-13)
(0.59071464 -0.03049779 -5.7807348e-13)
(0.6245984 -0.028217378 -5.5978568e-13)
(0.65661677 -0.025181137 -5.6238568e-13)
(0.68609276 -0.021497385 -5.647361e-13)
(0.71247121 -0.01731471 -5.2056567e-13)
(0.73521683 -0.012797408 -3.8994701e-13)
(0.7540965 -0.0081301937 -1.7157929e-13)
(0.76865584 -0.0034495428 9.5260388e-14)
(0.77904045 0.0010256727 3.4603737e-13)
(0.78506336 0.0053925742 5.3309738e-13)
(0.78653215 0.0097535125 6.515766e-13)
(0.78365047 0.013870625 7.3585411e-13)
(0.77644502 0.017668602 8.3156881e-13)
(0.76489506 0.021157398 9.5942608e-13)
(0.74905099 0.024308512 1.0955349e-12)
(0.7290429 0.027067673 1.1791702e-12)
(0.70506828 0.029371372 1.1335129e-12)
(0.67740299 0.031155997 8.8253257e-13)
(0.64642052 0.032368084 3.7898216e-13)
(0.61260448 0.032975162 -3.304598e-13)
(0.5765482 0.032975172 -1.0443533e-12)
(0.53893794 0.032403531 -1.441998e-12)
(0.50051958 0.031336115 -1.2276964e-12)
(0.46205324 0.029884888 -2.7796944e-13)
(0.42426205 0.028184064 1.2951964e-12)
(0.38778474 0.026368554 3.1613826e-12)
(0.35314321 0.024549928 4.8544584e-12)
(0.32073341 0.022794782 5.9278174e-12)
(0.29083954 0.021111834 6.1311135e-12)
(0.26366753 0.01945064 5.4983808e-12)
(0.23939418 0.017717051 4.3026288e-12)
(0.21816139 0.015810364 2.9216889e-12)
(0.20010421 0.013660752 1.7262234e-12)
(0.18555411 0.011220239 1.0008651e-12)
(0.17473086 0.0084587198 9.5127577e-13)
(0.16775766 0.0054221704 1.6855139e-12)
(0.1646482 0.0021959832 3.2473712e-12)
(0.16512494 -0.0010902537 5.5979246e-12)
(0.16903681 -0.0043310416 8.6056882e-12)
(0.17620875 -0.0073533626 1.2010141e-11)
(0.18628732 -0.010047211 1.5485274e-11)
(0.19886293 -0.012342428 1.8634165e-11)
(0.21347602 -0.014193614 2.1025752e-11)
(0.22964817 -0.015575792 2.2316803e-11)
(0.24690181 -0.016482667 2.2362539e-11)
(0.26476993 -0.01692406 2.1238817e-11)
(0.28280641 -0.01692609 1.9186927e-11)
(0.3006002 -0.016532117 1.6533127e-11)
(0.31778951 -0.015799372 1.3617775e-11)
(0.33407121 -0.014793123 1.0742791e-11)
(0.34920607 -0.013582947 8.1361624e-12)
(0.3630229 -0.012241041 5.9348664e-12)
(0.37542094 -0.010838335 4.1878285e-12)
(0.38636668 -0.0094381445 2.8752789e-12)
(0.39588445 -0.0080916782 1.9359678e-12)
(0.40404393 -0.006836563 1.2913786e-12)
(0.41094698 -0.0056972011 8.6425626e-13)
(0.41671541 -0.0046862948 5.8832395e-13)
(0.42148036 -0.0038070804 4.1251548e-13)
(0.42537386 -0.0030557508 2.9987535e-13)
(0.4285227 -0.0024237096 2.2571577e-13)
(0.43104429 -0.0018994877 1.7427703e-13)
(0.43304426 -0.001470258 1.3649844e-13)
(0.43461545 -0.0011229531 1.0704695e-13)
(0.43583782 -0.00084503048 8.3223133e-14)
(0.4367791 -0.00062494963 6.3624542e-14)
(0.43749581 -0.0004524283 4.7533466e-14)
(0.43803456 -0.00031853968 3.4504517e-14)
(0.43843329 -0.00021570012 2.4173486e-14)
(0.43872263 -0.00013765373 1.6180008e-14)
(0.43892718 -7.9268006e-05 1.015717e-14)
(0.43906671 -3.6255466e-05 5.739643e-15)
(0.43915666 -5.3661107e-06 2.5894417e-15)
(0.43920939 1.6816115e-05 4.0556102e-16)
(0.43923349 3.249809e-05 -1.0561208e-15)
(0.43923602 4.4048601e-05 -2.0696972e-15)
(0.4392259 4.9779797e-05 -2.585887e-15)
(0.43920413 5.3519922e-05 -2.9510725e-15)
(0.43917554 5.4736104e-05 -3.232955e-15)
(0.43914222 5.4536033e-05 -3.3311863e-15)
(0.43910619 5.3203618e-05 -3.382245e-15)
(0.43906918 5.0943124e-05 -3.3894071e-15)
(0.43903216 4.8212729e-05 -3.4950628e-15)
(0.43899587 4.5222954e-05 -3.4758845e-15)
(0.43896086 4.2088402e-05 -3.5654185e-15)
(0.43892752 3.8961151e-05 -3.5470835e-15)
(0.43889605 3.5851765e-05 -3.6328344e-15)
(0.43886663 3.2809484e-05 -3.5891844e-15)
(0.43883936 2.9889532e-05 -3.6545966e-15)
(0.43881424 2.7118782e-05 -3.6020262e-15)
(0.43879124 2.450711e-05 -3.6383892e-15)
(0.43877032 2.2056267e-05 -3.5528391e-15)
(0.4387514 1.9765495e-05 -3.561464e-15)
(0.4387344 1.7631983e-05 -3.4706201e-15)
(0.43871924 1.5651148e-05 -3.4432268e-15)
(0.43870582 1.3817521e-05 -3.3574384e-15)
(0.43869403 1.2125433e-05 -3.2271292e-15)
(0.43868379 1.0569766e-05 -3.18938e-15)
(0.43867498 9.14544e-06 -3.0493686e-15)
(0.43866751 7.8471616e-06 -3.0069152e-15)
(0.43866128 6.6691508e-06 -2.8547482e-15)
(0.43865619 5.6039465e-06 -2.799307e-15)
(0.43865213 4.6410566e-06 -2.6830459e-15)
(0.43864902 3.7676206e-06 -2.6662332e-15)
(0.43864678 2.9704564e-06 -2.5564822e-15)
(0.43864533 2.2397769e-06 -2.554924e-15)
(0.43864459 1.5714658e-06 -2.4942358e-15)
(0.43864448 9.7154367e-07 -2.5375727e-15)
(0.4386449 4.5439734e-07 -2.4972748e-15)
(0.43864573 4.7360779e-08 -2.5602686e-15)
(0.43864685 -2.2238604e-07 -2.5477717e-15)
(0.43864806 -3.2466376e-07 -2.61731e-15)
(0.43864918 -2.4053082e-07 -2.5923657e-15)
(0.43864999 4.8794402e-08 -2.6394433e-15)
(0.43865028 5.6315244e-07 -2.6139268e-15)
(0.43864991 1.1929089e-06 -2.6460648e-15)
(0.43864858 2.0306695e-06 -2.5899637e-15)
(0.43864618 2.9324174e-06 -2.5987251e-15)
(0.43864271 3.7752725e-06 -2.5327601e-15)
(0.43863819 4.4973566e-06 -2.512357e-15)
(0.43863276 5.0408164e-06 -2.4431778e-15)
(0.43862664 5.3639735e-06 -2.3600616e-15)
(0.4386201 5.4443635e-06 -2.2865367e-15)
(0.43861346 5.2799082e-06 -2.1927092e-15)
(0.43860704 4.8884279e-06 -2.162192e-15)
(0.43860117 4.3028822e-06 -2.053326e-15)
(0.43859612 3.5752232e-06 -2.0094997e-15)
(0.43859209 2.7836307e-06 -1.9036182e-15)
(0.43858916 2.0175001e-06 -1.8497743e-15)
(0.43858728 1.3332617e-06 -1.7495734e-15)
(0.43858629 7.6716685e-07 -1.6669297e-15)
(0.43858594 3.7134411e-07 -1.5865218e-15)
(0.43858586 2.0525089e-07 -1.5579043e-15)
(0.43858582 2.4143452e-07 -1.5069847e-15)
(0.43858545 5.0940409e-07 -1.4927752e-15)
(0.43858419 1.0594337e-06 -1.4303264e-15)
(0.43858186 1.746399e-06 -1.4189674e-15)
(0.4385785 2.4206565e-06 -1.3697779e-15)
(0.43857413 3.0375211e-06 -1.339455e-15)
(0.43856893 3.5381815e-06 -1.3010641e-15)
(0.4385632 3.8570464e-06 -1.3210164e-15)
(0.43855728 3.9415922e-06 -1.2795264e-15)
(0.43855155 3.770454e-06 -1.2931169e-15)
(0.43854636 3.3583544e-06 -1.2594412e-15)
(0.43854199 2.7531864e-06 -1.266732e-15)
(0.43853863 2.0244544e-06 -1.2404599e-15)
(0.43853636 1.247845e-06 -1.2129803e-15)
(0.43853517 4.9194297e-07 -1.1948206e-15)
(0.43853494 -1.8531329e-07 -1.1677024e-15)
(0.4385355 -7.2322209e-07 -1.1852233e-15)
(0.43853665 -1.0783947e-06 -1.1501116e-15)
(0.43853804 -1.1801539e-06 -1.167343e-15)
(0.43853938 -1.0623548e-06 -1.1377581e-15)
(0.43854039 -7.7600178e-07 -1.1469039e-15)
(0.4385408 -3.3712933e-07 -1.1207347e-15)
(0.43854051 1.7384209e-07 -1.1075812e-15)
(0.43853918 9.078476e-07 -1.0848341e-15)
(0.43853664 1.7466479e-06 -1.0997242e-15)
(0.43853297 2.5635381e-06 -1.0719752e-15)
(0.43852816 3.3386545e-06 -1.0843276e-15)
(0.43852239 4.0307178e-06 -1.06004e-15)
(0.4385159 4.5790444e-06 -1.0657938e-15)
(0.43850903 4.9216655e-06 -1.041967e-15)
(0.43850214 5.009422e-06 -1.0252113e-15)
(0.43849564 4.8178992e-06 -1.0009171e-15)
(0.43848987 4.35488e-06 -1.0075185e-15)
(0.43848514 3.6539296e-06 -9.7788879e-16)
(0.43848169 2.7593585e-06 -9.8043386e-16)
(0.43847966 1.7188406e-06 -9.5216183e-16)
(0.43847912 5.9811224e-07 -9.4390064e-16)
(0.43847996 -5.0681199e-07 -9.2050209e-16)
(0.43848232 -1.7298309e-06 -8.9096065e-16)
(0.43848605 -2.8676597e-06 -8.6760863e-16)
(0.43849113 -3.9144737e-06 -8.3829726e-16)
(0.43849748 -4.8775805e-06 -8.3313112e-16)
(0.43850505 -5.7529617e-06 -8.0169343e-16)
(0.43851373 -6.5186889e-06 -7.9295831e-16)
(0.43852331 -7.1366363e-06 -7.6585302e-16)
(0.43853352 -7.5562279e-06 -7.5668125e-16)
(0.43854396 -7.7216954e-06 -7.3206014e-16)
(0.43855418 -7.5826982e-06 -7.1283848e-16)
(0.43856369 -7.1097934e-06 -6.9179875e-16)
(0.43857199 -6.3057334e-06 -6.8615869e-16)
(0.4385787 -5.2060922e-06 -6.6785446e-16)
(0.43858351 -3.8712063e-06 -6.4856411e-16)
(0.43858626 -2.3776172e-06 -6.2849337e-16)
(0.43858692 -8.3837053e-07 -6.1910039e-16)
(0.43858576 6.1964955e-07 -6.008942e-16)
(0.43858285 2.0497718e-06 -5.8139838e-16)
(0.43857863 3.2177463e-06 -5.6252393e-16)
(0.43857347 4.0917356e-06 -5.527848e-16)
(0.43856777 4.6532738e-06 -5.378667e-16)
(0.43856188 4.9146696e-06 -5.240822e-16)
(0.43855613 4.8906993e-06 -5.1116384e-16)
(0.43855074 4.6349332e-06 -5.0436052e-16)
(0.43854596 4.1723826e-06 -4.9426194e-16)
(0.43854185 3.5895892e-06 -4.8417543e-16)
(0.43853856 2.901058e-06 -4.7392266e-16)
(0.43853604 2.2198983e-06 -4.6623037e-16)
(0.43853438 1.4577484e-06 -4.5517331e-16)
(0.43853351 7.9423898e-07 -4.4383495e-16)
(0.43853344 -2.3532293e-07 -4.2907935e-16)
(0.43853561 -1.4861933e-06 -4.1505129e-16)
(0.3432092 -0.0029461724 -1.2850262e-15)
(0.34634307 -0.0086702444 3.276945e-15)
(0.35239072 -0.014263036 -7.0645757e-16)
(0.36128349 -0.019755214 2.7997812e-14)
(0.37320492 -0.025236997 -8.428201e-15)
(0.38824282 -0.030757452 6.3028306e-15)
(0.40642211 -0.036338672 -6.4297655e-14)
(0.42774714 -0.041960017 -7.3266843e-14)
(0.45221245 -0.04757247 -2.296943e-13)
(0.47977449 -0.053072897 -3.0669063e-13)
(0.51033591 -0.058321708 -4.9064479e-13)
(0.54372928 -0.063136361 -6.8292904e-13)
(0.57970375 -0.067307012 -7.9946435e-13)
(0.61791288 -0.070607218 -9.9189879e-13)
(0.65791324 -0.072812332 -1.270294e-12)
(0.69916154 -0.073718973 -1.6099523e-12)
(0.74102794 -0.073169392 -1.8505548e-12)
(0.78281374 -0.071068228 -1.9061854e-12)
(0.82378011 -0.067406328 -1.8400456e-12)
(0.86319621 -0.06226944 -1.7870141e-12)
(0.90036442 -0.055834878 -1.8453021e-12)
(0.93469727 -0.048352101 -1.9936948e-12)
(0.96568222 -0.040097256 -2.1003834e-12)
(0.99299517 -0.031347797 -2.006782e-12)
(1.0163651 -0.022279315 -1.6261523e-12)
(1.035654 -0.01314872 -1.0012607e-12)
(1.0507568 -0.0040798113 -2.8613809e-13)
(1.0614846 0.0049755275 3.3563504e-13)
(1.0676908 0.013981854 7.5037249e-13)
(1.0693532 0.022788797 9.8043521e-13)
(1.0663751 0.031343224 1.1680365e-12)
(1.0586124 0.039584236 1.471939e-12)
(1.0459582 0.047422137 1.9330811e-12)
(1.0283503 0.054728363 2.4088355e-12)
(1.005786 0.061341825 2.6412068e-12)
(0.97834645 0.067082437 2.4240876e-12)
(0.94622105 0.071766513 1.7546591e-12)
(0.90973118 0.07522468 8.3831658e-13)
(0.86935123 0.077322736 -9.2594856e-14)
(0.82572354 0.077982308 -9.6149922e-13)
(0.77965947 0.077203444 -1.740122e-12)
(0.73211844 0.075083498 -2.1213941e-12)
(0.68416385 0.071812642 -1.4856327e-12)
(0.63689679 0.067640421 6.0833327e-13)
(0.5913767 0.06282391 3.8966526e-12)
(0.54854419 0.057570806 7.4402174e-12)
(0.50916936 0.051999471 1.0140916e-11)
(0.47384475 0.046139493 1.1287172e-11)
(0.44298408 0.039960954 1.0733646e-11)
(0.41687341 0.033398012 8.8602856e-12)
(0.39569747 0.026411828 6.287384e-12)
(0.37952414 0.019049779 3.8033773e-12)
(0.36832525 0.011429312 2.1737576e-12)
(0.36197367 0.0037252222 2.1110259e-12)
(0.36020321 -0.0039189504 4.334842e-12)
(0.3627565 -0.011120108 9.3177201e-12)
(0.36918023 -0.017663445 1.7100404e-11)
(0.37904684 -0.023394241 2.7345833e-11)
(0.39188139 -0.028209033 3.9231581e-11)
(0.40718367 -0.032050081 5.128034e-11)
(0.42444938 -0.034894054 6.161093e-11)
(0.44317233 -0.036744154 6.8569588e-11)
(0.46284788 -0.037625786 7.1246719e-11)
(0.48297956 -0.037592247 6.9597483e-11)
(0.50309564 -0.03673141 6.426403e-11)
(0.52276979 -0.035159257 5.6305215e-11)
(0.54163335 -0.033006195 4.6943882e-11)
(0.55938006 -0.030410868 3.7346283e-11)
(0.57577331 -0.027520807 2.844224e-11)
(0.59065575 -0.024485543 2.0820706e-11)
(0.60395074 -0.021440534 1.4725601e-11)
(0.61565259 -0.018496467 1.0128509e-11)
(0.62581221 -0.015736192 6.8332231e-12)
(0.63452239 -0.013215107 4.5723888e-12)
(0.64190383 -0.010963876 3.0766401e-12)
(0.64809274 -0.0089927835 2.1133116e-12)
(0.6532309 -0.0072966151 1.5010644e-12)
(0.65745806 -0.0058592994 1.1093995e-12)
(0.66090657 -0.0046579542 8.5062052e-13)
(0.66369794 -0.0036661653 6.6963825e-13)
(0.66594088 -0.0028564727 5.3395426e-13)
(0.66773067 -0.0022021289 4.2598143e-13)
(0.66914931 -0.0016782404 3.3658289e-13)
(0.67026633 -0.0012624202 2.6162225e-13)
(0.67113987 -0.00093507135 1.991131e-13)
(0.67181805 -0.0006794071 1.4787882e-13)
(0.67234033 -0.00048125395 1.068637e-13)
(0.67273881 -0.00032885212 7.4893007e-14)
(0.67303948 -0.00021261725 5.064417e-14)
(0.67326317 -0.00012486076 3.2764147e-14)
(0.67342661 -5.9663048e-05 1.9923095e-14)
(0.67354289 -1.1669812e-05 1.0973303e-14)
(0.67362296 2.3127851e-05 4.8454385e-15)
(0.67367432 4.7550877e-05 8.7742664e-16)
(0.67370399 6.4380068e-05 -1.7024075e-15)
(0.67371805 7.4952096e-05 -3.3001623e-15)
(0.67371864 8.1765009e-05 -4.3551457e-15)
(0.67371258 8.3531411e-05 -4.7655461e-15)
(0.67369922 8.3864174e-05 -5.066366e-15)
(0.67368124 8.2254595e-05 -5.2513495e-15)
(0.67366052 7.9332972e-05 -5.3184221e-15)
(0.67363816 7.5549105e-05 -5.3850791e-15)
(0.673615 7.1199931e-05 -5.413621e-15)
(0.67359171 6.6561567e-05 -5.4744431e-15)
(0.67356886 6.1743963e-05 -5.5059896e-15)
(0.67354682 5.6902993e-05 -5.568427e-15)
(0.67352585 5.2134026e-05 -5.5897505e-15)
(0.67350612 4.7493903e-05 -5.6231491e-15)
(0.67348775 4.3019993e-05 -5.6055592e-15)
(0.67347083 3.8738972e-05 -5.5878175e-15)
(0.67345539 3.4668358e-05 -5.5355608e-15)
(0.67344143 3.0817882e-05 -5.4644464e-15)
(0.67342895 2.7191778e-05 -5.3937883e-15)
(0.67341791 2.3791138e-05 -5.2781193e-15)
(0.67340828 2.0616228e-05 -5.1781939e-15)
(0.6734 1.7666647e-05 -5.0354599e-15)
(0.67339302 1.4940415e-05 -4.9105879e-15)
(0.67338728 1.2433616e-05 -4.7435332e-15)
(0.6733827 1.0140178e-05 -4.5936256e-15)
(0.6733792 8.0496971e-06 -4.4117745e-15)
(0.67337671 6.1473905e-06 -4.2592506e-15)
(0.67337515 4.4155246e-06 -4.0876499e-15)
(0.67337445 2.843275e-06 -3.9620127e-15)
(0.67337454 1.4270961e-06 -3.8357134e-15)
(0.67337532 1.7911401e-07 -3.7680117e-15)
(0.6733767 -8.6655711e-07 -3.7105068e-15)
(0.67337855 -1.6591e-06 -3.7138765e-15)
(0.67338072 -2.1401866e-06 -3.7233758e-15)
(0.67338305 -2.2532115e-06 -3.7808733e-15)
(0.67338535 -1.9482306e-06 -3.8268041e-15)
(0.67338745 -1.2047317e-06 -3.8984947e-15)
(0.67338919 -3.9668027e-08 -3.943382e-15)
(0.67339033 1.5588063e-06 -3.9962988e-15)
(0.6733907 3.5521636e-06 -4.0104028e-15)
(0.6733902 5.7563609e-06 -4.0207639e-15)
(0.6733887 7.9686381e-06 -4.0016241e-15)
(0.67338608 1.0010116e-05 -3.968735e-15)
(0.67338231 1.1708781e-05 -3.9233017e-15)
(0.67337738 1.2914404e-05 -3.8491297e-15)
(0.6733714 1.3519768e-05 -3.7643482e-15)
(0.67336458 1.3476038e-05 -3.648655e-15)
(0.67335723 1.278196e-05 -3.5484471e-15)
(0.67334972 1.144988e-05 -3.423317e-15)
(0.67334245 9.5663641e-06 -3.308341e-15)
(0.67333589 7.3612852e-06 -3.1691232e-15)
(0.67333045 5.1261009e-06 -3.0334215e-15)
(0.67332639 3.069506e-06 -2.8813788e-15)
(0.67332387 1.3851263e-06 -2.7242525e-15)
(0.67332289 2.8965815e-07 -2.5638478e-15)
(0.67332298 -1.2050748e-07 -2.4674691e-15)
(0.67332377 4.8971951e-08 -2.3721908e-15)
(0.67332495 1.2763734e-06 -2.2690431e-15)
(0.6733255 3.2187481e-06 -2.1691421e-15)
(0.67332487 5.3873231e-06 -2.0965548e-15)
(0.67332261 7.5304339e-06 -2.0279532e-15)
(0.67331847 9.4416656e-06 -1.9748536e-15)
(0.67331248 1.0911115e-05 -1.9173878e-15)
(0.67330492 1.1757292e-05 -1.8857289e-15)
(0.67329625 1.1869033e-05 -1.8471167e-15)
(0.67328711 1.1234637e-05 -1.8255315e-15)
(0.67327811 9.936104e-06 -1.8018668e-15)
(0.67326984 8.1273461e-06 -1.7837934e-15)
(0.67326275 6.0091173e-06 -1.7706763e-15)
(0.6732571 3.7932778e-06 -1.7526198e-15)
(0.673253 1.6650364e-06 -1.7374484e-15)
(0.67325045 -2.2251323e-07 -1.7096949e-15)
(0.67324933 -1.718136e-06 -1.6940134e-15)
(0.67324938 -2.672665e-06 -1.6653433e-15)
(0.6732502 -2.9983452e-06 -1.650353e-15)
(0.67325149 -2.7572594e-06 -1.6287022e-15)
(0.6732529 -1.9483624e-06 -1.6168521e-15)
(0.67325417 -5.7965096e-07 -1.5987792e-15)
(0.67325486 1.2422844e-06 -1.5855568e-15)
(0.67325453 3.4219942e-06 -1.5634563e-15)
(0.6732529 5.8056308e-06 -1.5561434e-15)
(0.67324966 8.1676256e-06 -1.5394261e-15)
(0.67324461 1.0340349e-05 -1.5342202e-15)
(0.67323775 1.2136365e-05 -1.5199788e-15)
(0.67322931 1.3372366e-05 -1.5128861e-15)
(0.67321972 1.3907425e-05 -1.499448e-15)
(0.67320961 1.3669675e-05 -1.4875904e-15)
(0.67319967 1.2664807e-05 -1.4665043e-15)
(0.67319058 1.0974425e-05 -1.4540116e-15)
(0.67318292 8.7349424e-06 -1.4323219e-15)
(0.67317716 6.1013925e-06 -1.4168402e-15)
(0.67317355 3.2267783e-06 -1.3962337e-15)
(0.67317216 2.4071521e-07 -1.3757774e-15)
(0.67317293 -2.8025057e-06 -1.3557221e-15)
(0.67317566 -5.7325875e-06 -1.3298165e-15)
(0.67318004 -8.5140624e-06 -1.3047645e-15)
(0.67318592 -1.1174223e-05 -1.2717936e-15)
(0.67319323 -1.3722854e-05 -1.2452056e-15)
(0.67320199 -1.6112109e-05 -1.2107341e-15)
(0.67321228 -1.8223742e-05 -1.1820369e-15)
(0.67322411 -1.9882465e-05 -1.1488122e-15)
(0.67323737 -2.0889784e-05 -1.1202018e-15)
(0.67325168 -2.1064291e-05 -1.0907203e-15)
(0.67326647 -2.0278448e-05 -1.0636993e-15)
(0.67328096 -1.8498611e-05 -1.0369203e-15)
(0.67329428 -1.580466e-05 -1.0142807e-15)
(0.6733056 -1.2369174e-05 -9.9409257e-16)
(0.67331424 -8.4222026e-06 -9.7300742e-16)
(0.6733197 -4.2371372e-06 -9.512009e-16)
(0.67332179 -1.0188561e-07 -9.2964217e-16)
(0.67332063 3.7417557e-06 -9.0717433e-16)
(0.67331663 6.945747e-06 -8.8218925e-16)
(0.67331043 9.373311e-06 -8.558155e-16)
(0.6733027 1.1003301e-05 -8.3009229e-16)
(0.6732942 1.1845855e-05 -8.0533654e-16)
(0.67328554 1.1995496e-05 -7.8118359e-16)
(0.67327734 1.1533407e-05 -7.5885207e-16)
(0.67326989 1.0629423e-05 -7.3957403e-16)
(0.67326357 9.3326554e-06 -7.2315211e-16)
(0.67325837 7.884782e-06 -7.0831365e-16)
(0.6732544 6.2176028e-06 -6.9512141e-16)
(0.67325153 4.6809379e-06 -6.8351765e-16)
(0.67324949 2.8496037e-06 -6.7182574e-16)
(0.67324856 1.2992907e-06 -6.6119461e-16)
(0.67324787 -9.8570518e-07 -6.444577e-16)
(0.67325017 -3.4273613e-06 -6.2399187e-16)
(0.46817303 -0.0043790762 -4.306456e-17)
(0.47126636 -0.013069605 7.2715077e-15)
(0.47727917 -0.021703139 -3.193008e-14)
(0.48616699 -0.030314692 4.3605614e-14)
(0.49811374 -0.038988363 6.0362001e-15)
(0.5132405 -0.047755802 1.0788426e-13)
(0.53161966 -0.056634343 -5.8955552e-14)
(0.55328178 -0.065563809 1.7435375e-13)
(0.57824946 -0.074470555 -2.2665825e-13)
(0.60650406 -0.083192575 -4.4158991e-14)
(0.63797459 -0.09153525 -4.6999856e-13)
(0.67251874 -0.099230991 -9.3092544e-13)
(0.70990749 -0.10597851 -1.1899615e-12)
(0.74980726 -0.11144653 -1.4466138e-12)
(0.79178042 -0.11530463 -1.7487361e-12)
(0.83527025 -0.11725019 -2.5204387e-12)
(0.87962545 -0.11704638 -3.4155463e-12)
(0.92410675 -0.11454679 -4.0198226e-12)
(0.96792519 -0.1097318 -4.1875865e-12)
(1.0102959 -0.10272613 -4.0667002e-12)
(1.0504936 -0.093792506 -3.9696516e-12)
(1.0879197 -0.0833038 -4.1148712e-12)
(1.1221252 -0.071670588 -4.4904367e-12)
(1.152841 -0.059292682 -4.8774676e-12)
(1.1799172 -0.046469706 -4.982342e-12)
(1.2032979 -0.033445244 -4.5987894e-12)
(1.2229433 -0.020332101 -3.7082816e-12)
(1.2387845 -0.0072094186 -2.4877674e-12)
(1.2507092 0.0059393401 -1.2353189e-12)
(1.2585895 0.01915012 -2.409877e-13)
(1.2623392 0.032290047 3.6740288e-13)
(1.2617906 0.045269514 7.2901037e-13)
(1.2567652 0.057989183 1.1991986e-12)
(1.2470876 0.070296458 2.0941394e-12)
(1.2326105 0.081984291 3.3662241e-12)
(1.2132363 0.092802821 4.5090453e-12)
(1.1889354 0.10247503 4.8825607e-12)
(1.159767 0.11071202 4.2246353e-12)
(1.1259023 0.11723508 2.83841e-12)
(1.087651 0.1217983 1.2882209e-12)
(1.0454935 0.12420702 -4.763286e-14)
(1.0001013 0.12434412 -1.1773918e-12)
(0.95233864 0.12220006 -2.3030241e-12)
(0.90324893 0.11789018 -3.2913991e-12)
(0.85401526 0.11164281 -3.3296825e-12)
(0.80588278 0.1037536 -1.3194112e-12)
(0.76005803 0.094524149 3.0920677e-12)
(0.71760725 0.084219454 9.0195206e-12)
(0.67937748 0.073049758 1.4608015e-11)
(0.64597389 0.061171217 1.8193603e-11)
(0.61776483 0.048730525 1.8723426e-11)
(0.59490734 0.03591781 1.6236562e-11)
(0.5773953 0.022985767 1.1678709e-11)
(0.56503196 0.010242392 6.4590619e-12)
(0.55758073 -0.0020372438 2.8826415e-12)
(0.55484777 -0.01362188 3.7845648e-12)
(0.55637865 -0.024142328 1.1503448e-11)
(0.56173011 -0.033386851 2.7667246e-11)
(0.57046443 -0.041225245 5.2949492e-11)
(0.58212822 -0.047580179 8.5759199e-11)
(0.59626209 -0.052424078 1.2151821e-10)
(0.61240207 -0.055761442 1.5400446e-10)
(0.63006434 -0.057613548 1.7770463e-10)
(0.64873514 -0.058035737 1.8938966e-10)
(0.66789387 -0.05714365 1.8839489e-10)
(0.68705463 -0.055105442 1.7615022e-10)
(0.70578683 -0.052112018 1.555264e-10)
(0.72371309 -0.048364839 1.3014439e-10)
(0.74051824 -0.044085502 1.0361198e-10)
(0.75597519 -0.039510803 7.8829909e-11)
(0.76995538 -0.034859813 5.7616106e-11)
(0.7824145 -0.030312878 4.0709242e-11)
(0.79337289 -0.02600729 2.802454e-11)
(0.80289869 -0.022037797 1.8987441e-11)
(0.81109227 -0.018460491 1.2826903e-11)
(0.81807297 -0.015299383 8.7750596e-12)
(0.82396886 -0.012553708 6.1754505e-12)
(0.82890919 -0.010204847 4.5209504e-12)
(0.83301899 -0.0082224324 3.4505936e-12)
(0.83641545 -0.0065693758 2.7252291e-12)
(0.83920565 -0.0052057803 2.1975447e-12)
(0.84148543 -0.0040918116 1.7838376e-12)
(0.84333902 -0.0031896603 1.4404957e-12)
(0.84483934 -0.0024647561 1.1476685e-12)
(0.84604865 -0.0018863974 8.9728695e-13)
(0.84701953 -0.0014279494 6.8617508e-13)
(0.84779596 -0.0010667418 5.1224926e-13)
(0.84841443 -0.00078379758 3.7283999e-13)
(0.84890499 -0.0005634645 2.642669e-13)
(0.84929227 -0.00039295503 1.8214225e-13)
(0.84959637 -0.00026195383 1.2176267e-13)
(0.84983357 -0.00016209129 7.860784e-14)
(0.85001712 -8.6789231e-05 4.8501834e-14)
(0.85015775 -3.0811017e-05 2.8150016e-14)
(0.85026429 1.0596995e-05 1.4654956e-14)
(0.85034348 4.0527418e-05 5.97563e-15)
(0.85040118 6.1338288e-05 5.1227328e-16)
(0.85044192 7.5118072e-05 -2.7360109e-15)
(0.85046932 8.3777596e-05 -4.6475083e-15)
(0.8504865 8.8344114e-05 -5.7495105e-15)
(0.85049577 8.9894381e-05 -6.2569369e-15)
(0.85049889 8.8730964e-05 -6.579388e-15)
(0.85049755 8.6705324e-05 -6.6649738e-15)
(0.85049322 8.333208e-05 -6.7722405e-15)
(0.85048628 7.895931e-05 -6.8008379e-15)
(0.8504778 7.4070374e-05 -6.9282042e-15)
(0.85046835 6.8885525e-05 -6.9593724e-15)
(0.85045842 6.3566487e-05 -7.0770655e-15)
(0.85044836 5.8221254e-05 -7.0886349e-15)
(0.85043846 5.2930492e-05 -7.1391167e-15)
(0.85042894 4.7755284e-05 -7.1075408e-15)
(0.85041994 4.2740885e-05 -7.0544122e-15)
(0.85041158 3.7918501e-05 -7.0140751e-15)
(0.85040396 3.330973e-05 -6.8746602e-15)
(0.85039711 2.893052e-05 -6.7901777e-15)
(0.85039108 2.4793967e-05 -6.6119282e-15)
(0.85038589 2.0911502e-05 -6.4943537e-15)
(0.85038155 1.7290812e-05 -6.2883618e-15)
(0.85037804 1.393484e-05 -6.1283663e-15)
(0.85037534 1.0838908e-05 -5.8752439e-15)
(0.85037341 7.9902589e-06 -5.6808661e-15)
(0.85037221 5.3718988e-06 -5.3972973e-15)
(0.8503717 2.9677961e-06 -5.1903984e-15)
(0.85037185 7.8271624e-07 -4.9195165e-15)
(0.85037264 -1.1537589e-06 -4.7416945e-15)
(0.85037402 -2.7781068e-06 -4.5420317e-15)
(0.85037592 -4.0210816e-06 -4.4633199e-15)
(0.85037823 -4.8039948e-06 -4.3729417e-15)
(0.85038082 -5.0587115e-06 -4.4087358e-15)
(0.85038354 -4.7435982e-06 -4.4302845e-15)
(0.85038627 -3.8486013e-06 -4.553213e-15)
(0.85038886 -2.3824846e-06 -4.6374241e-15)
(0.85039122 -3.6621407e-07 -4.7884791e-15)
(0.85039326 2.1117394e-06 -4.8632104e-15)
(0.85039495 4.936903e-06 -4.9670637e-15)
(0.85039627 7.9656934e-06 -5.0003176e-15)
(0.85039715 1.1036641e-05 -5.0258934e-15)
(0.85039748 1.397813e-05 -5.0421828e-15)
(0.85039703 1.6582747e-05 -4.9903604e-15)
(0.85039553 1.8600963e-05 -4.9200029e-15)
(0.85039275 1.9808711e-05 -4.7832082e-15)
(0.85038867 2.0130299e-05 -4.6849347e-15)
(0.85038343 1.9529438e-05 -4.5273733e-15)
(0.8503772 1.7813263e-05 -4.4154311e-15)
(0.85037029 1.5061828e-05 -4.2343898e-15)
(0.85036316 1.1702328e-05 -4.0788115e-15)
(0.8503564 8.0094147e-06 -3.8655387e-15)
(0.85035078 4.3319672e-06 -3.6376235e-15)
(0.85034701 1.2392561e-06 -3.3744104e-15)
(0.85034555 -8.2962624e-07 -3.1419925e-15)
(0.85034585 -1.6045168e-06 -2.9634176e-15)
(0.85034739 -1.3240392e-06 -2.8501412e-15)
(0.85035075 9.2985861e-07 -2.655191e-15)
(0.85035421 4.6375951e-06 -2.5206036e-15)
(0.85035668 8.961204e-06 -2.3791239e-15)
(0.8503573 1.3391483e-05 -2.2731886e-15)
(0.85035537 1.7408544e-05 -2.1607166e-15)
(0.85035059 2.0466984e-05 -2.1101171e-15)
(0.85034311 2.215742e-05 -2.0270702e-15)
(0.85033347 2.2304918e-05 -1.9906176e-15)
(0.85032245 2.0966502e-05 -1.9417193e-15)
(0.85031092 1.8388362e-05 -1.9129151e-15)
(0.8502997 1.4954174e-05 -1.9075292e-15)
(0.85028946 1.109192e-05 -1.8825446e-15)
(0.85028063 7.1632493e-06 -1.8699823e-15)
(0.8502735 3.4601452e-06 -1.8414278e-15)
(0.85026819 2.5718282e-07 -1.8376087e-15)
(0.85026463 -2.1254846e-06 -1.8032516e-15)
(0.85026262 -3.4631529e-06 -1.7883073e-15)
(0.85026187 -3.8022728e-06 -1.7560627e-15)
(0.85026191 -3.5834916e-06 -1.7500455e-15)
(0.85026263 -2.5583071e-06 -1.7230624e-15)
(0.85026405 -2.7901314e-07 -1.6997397e-15)
(0.85026554 2.825553e-06 -1.6639345e-15)
(0.8502667 6.6611117e-06 -1.6645303e-15)
(0.85026682 1.0964745e-05 -1.6355461e-15)
(0.85026525 1.5438252e-05 -1.6400122e-15)
(0.85026142 1.9604122e-05 -1.619304e-15)
(0.85025504 2.2934381e-05 -1.6244928e-15)
(0.85024624 2.4968848e-05 -1.6098663e-15)
(0.85023551 2.541238e-05 -1.6023394e-15)
(0.85022369 2.4180587e-05 -1.5806594e-15)
(0.85021177 2.1392174e-05 -1.5820891e-15)
(0.85020075 1.7320093e-05 -1.5550793e-15)
(0.85019157 1.2329493e-05 -1.5484356e-15)
(0.85018494 6.8327773e-06 -1.5237321e-15)
(0.85018121 1.2493402e-06 -1.5070464e-15)
(0.85018043 -4.054019e-06 -1.4952833e-15)
(0.85018224 -8.875685e-06 -1.4659758e-15)
(0.85018604 -1.3197636e-05 -1.4423646e-15)
(0.85019124 -1.7188294e-05 -1.4077585e-15)
(0.85019747 -2.1076158e-05 -1.3906737e-15)
(0.85020461 -2.5005622e-05 -1.3500457e-15)
(0.85021286 -2.8932904e-05 -1.3283279e-15)
(0.8502226 -3.2596759e-05 -1.2866081e-15)
(0.85023423 -3.5562229e-05 -1.2577338e-15)
(0.85024797 -3.7315031e-05 -1.2181609e-15)
(0.85026367 -3.7369546e-05 -1.1821006e-15)
(0.85028072 -3.5408835e-05 -1.1463268e-15)
(0.85029814 -3.1390156e-05 -1.1188228e-15)
(0.85031474 -2.5529823e-05 -1.0996474e-15)
(0.85032924 -1.8242049e-05 -1.0725241e-15)
(0.85034045 -1.0102173e-05 -1.0543048e-15)
(0.85034749 -1.8082126e-06 -1.0337114e-15)
(0.8503499 5.9162399e-06 -1.0163035e-15)
(0.85034779 1.244551e-05 -9.8815229e-16)
(0.85034182 1.7369878e-05 -9.6271112e-16)
(0.85033285 2.0557195e-05 -9.331569e-16)
(0.85032204 2.2013471e-05 -9.0353099e-16)
(0.85031036 2.1986937e-05 -8.6709167e-16)
(0.85029896 2.0692341e-05 -8.3558693e-16)
(0.85028847 1.859659e-05 -8.0540482e-16)
(0.85027957 1.579078e-05 -7.8000006e-16)
(0.85027253 1.2914281e-05 -7.5501797e-16)
(0.85026735 9.7962633e-06 -7.363505e-16)
(0.85026414 7.2556848e-06 -7.2140544e-16)
(0.8502618 4.4655905e-06 -7.0950933e-16)
(0.85026127 2.2442539e-06 -6.9979473e-16)
(0.85025986 -5.5495092e-07 -6.9199961e-16)
(0.85026164 -4.8710629e-06 -6.7341603e-16)
(0.58599535 -0.0057871392 7.4645272e-15)
(0.58896742 -0.017342873 1.4876909e-14)
(0.59478017 -0.028917166 -3.392932e-14)
(0.60336857 -0.040547002 -3.8056661e-14)
(0.61492309 -0.052340074 -6.0998037e-14)
(0.62958718 -0.064305044 2.3160083e-13)
(0.64749906 -0.076481328 -2.8849095e-13)
(0.66873167 -0.088754701 7.7602811e-13)
(0.69336946 -0.10105385 -6.6637455e-13)
(0.72145091 -0.11313411 8.3053564e-13)
(0.75296379 -0.12476435 -1.2850981e-13)
(0.78782463 -0.13557036 -3.9653175e-13)
(0.8258478 -0.145158 -1.2676565e-12)
(0.86672192 -0.15306869 -1.7384549e-12)
(0.91001678 -0.15884493 -1.5742026e-12)
(0.95513246 -0.16205831 -2.5513406e-12)
(1.0013612 -0.16237145 -4.0496528e-12)
(1.0478554 -0.15956845 -5.4216936e-12)
(1.0937019 -0.15361792 -6.2452822e-12)
(1.1379782 -0.14469462 -6.491206e-12)
(1.1798497 -0.13318372 -6.4880313e-12)
(1.2186616 -0.11963349 -6.6000335e-12)
(1.2539979 -0.10465495 -6.9849866e-12)
(1.2856868 -0.088799747 -7.5757747e-12)
(1.3137299 -0.07248328 -8.1285727e-12)
(1.3382189 -0.055942037 -8.3823332e-12)
(1.3592449 -0.039301701 -8.179278e-12)
(1.3768275 -0.022556713 -7.5126829e-12)
(1.3909673 -0.0057382248 -6.4586531e-12)
(1.4015654 0.011244883 -5.1605697e-12)
(1.4084484 0.028329477 -3.8606591e-12)
(1.411539 0.045421408 -2.835409e-12)
(1.4106863 0.0624141 -2.1606766e-12)
(1.4057065 0.079146211 -1.4889874e-12)
(1.3964351 0.095390542 -1.7733755e-13)
(1.3827492 0.11086044 2.1315526e-12)
(1.3645758 0.1252252 4.9092372e-12)
(1.3419022 0.138125 6.8799755e-12)
(1.314788 0.14918788 7.0185216e-12)
(1.2833756 0.15805322 5.4099049e-12)
(1.2479119 0.16439731 3.0265394e-12)
(1.208779 0.16794719 8.3964353e-13)
(1.1665206 0.16849642 -8.1618921e-13)
(1.1218511 0.1659445 -2.2415538e-12)
(1.0756465 0.16033095 -3.9565315e-12)
(1.028919 0.15183653 -5.7773659e-12)
(0.98277328 0.14075294 -6.5264891e-12)
(0.93833123 0.12744444 -4.2938913e-12)
(0.89663412 0.11231305 1.6393626e-12)
(0.8585549 0.095768035 1.0538992e-11)
(0.82474333 0.078221008 1.9762489e-11)
(0.79560482 0.060096521 2.6124438e-11)
(0.77134068 0.041826976 2.7643733e-11)
(0.75196704 0.023854484 2.309329e-11)
(0.73731819 0.0066541062 1.3694732e-11)
(0.72730366 -0.009470778 4.3354584e-12)
(0.72171721 -0.024191078 1.575604e-12)
(0.72017214 -0.037259586 1.2309654e-11)
(0.72235332 -0.048521386 4.3897668e-11)
(0.7279319 -0.05788574 1.00811e-10)
(0.73655311 -0.065311497 1.7925642e-10)
(0.74784776 -0.070780885 2.6659373e-10)
(0.76139995 -0.074270433 3.466393e-10)
(0.77669757 -0.07578969 4.0576727e-10)
(0.79315504 -0.075452055 4.3598343e-10)
(0.81020028 -0.07346863 4.3525442e-10)
(0.82732179 -0.070081332 4.0669489e-10)
(0.84405082 -0.065542385 3.574423e-10)
(0.85996456 -0.060152746 2.968974e-10)
(0.87474499 -0.054260464 2.3429667e-10)
(0.88821057 -0.048185207 1.767123e-10)
(0.90028921 -0.042185947 1.2824495e-10)
(0.91098545 -0.036459822 9.0277628e-11)
(0.9203575 -0.031143275 6.2271092e-11)
(0.92849688 -0.026318439 4.2641438e-11)
(0.9355122 -0.022023529 2.9456945e-11)
(0.9415183 -0.018263409 2.0882191e-11)
(0.94662944 -0.015019024 1.5396754e-11)
(0.95095507 -0.01225539 1.1859728e-11)
(0.95459741 -0.0099280457 9.4828654e-12)
(0.95765017 -0.0079880208 7.7642265e-12)
(0.96019795 -0.0063855143 6.41136e-12)
(0.96231615 -0.0050724871 5.2716734e-12)
(0.96407113 -0.004004352 4.2773294e-12)
(0.96552068 -0.003140947 3.4052438e-12)
(0.9667146 -0.0024469586 2.6512088e-12)
(0.96769549 -0.0018919497 2.0151813e-12)
(0.96849945 -0.0014501176 1.4942379e-12)
(0.96915691 -0.0010998947 1.0804948e-12)
(0.96969337 -0.00082344356 7.618888e-13)
(0.97013009 -0.00060616867 5.2374555e-13)
(0.97048472 -0.00043618495 3.5084035e-13)
(0.97077189 -0.00030391259 2.2862992e-13)
(0.97100376 -0.00020153652 1.4463246e-13)
(0.97119029 -0.00012300993 8.8207217e-14)
(0.97133966 -6.3281522e-05 5.1337801e-14)
(0.97145874 -1.8380432e-05 2.7716053e-14)
(0.97155312 1.4741562e-05 1.304819e-14)
(0.97162738 3.875559e-05 4.108945e-15)
(0.97168537 5.558751e-05 -1.130481e-15)
(0.9717302 6.679742e-05 -4.0920209e-15)
(0.97176435 7.3666262e-05 -5.7124971e-15)
(0.97178994 7.7160451e-05 -6.5437788e-15)
(0.97180878 7.8188242e-05 -6.9718607e-15)
(0.97182218 7.7339009e-05 -7.1870318e-15)
(0.97183134 7.5072785e-05 -7.3404649e-15)
(0.97183717 7.1784388e-05 -7.4566938e-15)
(0.97184042 6.7775753e-05 -7.5840162e-15)
(0.97184172 6.3279462e-05 -7.6888045e-15)
(0.97184159 5.847696e-05 -7.7789235e-15)
(0.97184041 5.3507017e-05 -7.8292825e-15)
(0.97183853 4.8478669e-05 -7.8292151e-15)
(0.97183619 4.3474059e-05 -7.791747e-15)
(0.97183362 3.8553518e-05 -7.6973452e-15)
(0.97183095 3.3761507e-05 -7.5829212e-15)
(0.97182833 2.9133725e-05 -7.4277288e-15)
(0.97182587 2.4701426e-05 -7.2648326e-15)
(0.97182365 2.0493784e-05 -7.0736627e-15)
(0.97182172 1.6535157e-05 -6.8731269e-15)
(0.97182014 1.284216e-05 -6.6344448e-15)
(0.97181891 9.4136936e-06 -6.3801235e-15)
(0.97181804 6.2391314e-06 -6.080756e-15)
(0.97181751 3.2943578e-06 -5.773556e-15)
(0.97181733 5.6275997e-07 -5.4454919e-15)
(0.97181751 -1.9265161e-06 -5.1360792e-15)
(0.97181811 -4.1069201e-06 -4.8433112e-15)
(0.97181914 -5.8644759e-06 -4.6113621e-15)
(0.97182062 -7.0762247e-06 -4.4350649e-15)
(0.97182248 -7.6456675e-06 -4.3491735e-15)
(0.97182464 -7.5165872e-06 -4.3351742e-15)
(0.97182704 -6.6892587e-06 -4.4093588e-15)
(0.9718296 -5.179857e-06 -4.536531e-15)
(0.97183215 -3.02257e-06 -4.7137914e-15)
(0.97183463 -4.0056323e-07 -4.896647e-15)
(0.97183711 2.4626834e-06 -5.077041e-15)
(0.97183966 5.4568162e-06 -5.2244637e-15)
(0.97184236 8.515039e-06 -5.3354759e-15)
(0.97184528 1.1615654e-05 -5.4117422e-15)
(0.97184829 1.475369e-05 -5.4495671e-15)
(0.97185107 1.7823427e-05 -5.4454793e-15)
(0.97185309 2.0505483e-05 -5.3615506e-15)
(0.97185383 2.2329272e-05 -5.2120649e-15)
(0.97185337 2.3011148e-05 -5.0692282e-15)
(0.97185192 2.2897926e-05 -4.9537604e-15)
(0.97184845 2.1787543e-05 -4.7888346e-15)
(0.97184333 1.9430284e-05 -4.5999589e-15)
(0.97183695 1.5674406e-05 -4.3791503e-15)
(0.97182994 1.082887e-05 -4.1173393e-15)
(0.97182358 5.6616975e-06 -3.808895e-15)
(0.9718191 1.0067711e-06 -3.4764526e-15)
(0.97181737 -2.2888462e-06 -3.1321686e-15)
(0.97181809 -3.7883736e-06 -2.8635227e-15)
(0.97182039 -3.6533395e-06 -2.6725009e-15)
(0.97182537 -9.9347171e-07 -2.4573883e-15)
(0.97183169 4.0901959e-06 -2.2525306e-15)
(0.97183766 1.0535268e-05 -2.085822e-15)
(0.97184197 1.757142e-05 -1.9345717e-15)
(0.97184339 2.4146785e-05 -1.8135401e-15)
(0.97184128 2.9255633e-05 -1.7049865e-15)
(0.97183563 3.2251659e-05 -1.6192223e-15)
(0.97182692 3.288619e-05 -1.5487786e-15)
(0.97181593 3.1267765e-05 -1.4966554e-15)
(0.9718036 2.7826008e-05 -1.4619221e-15)
(0.97179085 2.3159157e-05 -1.4387741e-15)
(0.97177854 1.7833266e-05 -1.4312017e-15)
(0.97176734 1.2352854e-05 -1.4251108e-15)
(0.97175767 7.2358389e-06 -1.4235774e-15)
(0.97174971 2.9306665e-06 -1.414393e-15)
(0.97174355 -2.4864532e-07 -1.4016966e-15)
(0.97173921 -2.1792779e-06 -1.3805849e-15)
(0.97173654 -2.9454361e-06 -1.3583374e-15)
(0.97173523 -2.692169e-06 -1.3328683e-15)
(0.97173502 -1.7490497e-06 -1.3152371e-15)
(0.97173583 2.8405205e-07 -1.2931044e-15)
(0.9717379 4.1649354e-06 -1.2726257e-15)
(0.97174043 9.3141818e-06 -1.2513814e-15)
(0.97174255 1.5525837e-05 -1.2403216e-15)
(0.97174312 2.2273357e-05 -1.2317764e-15)
(0.97174119 2.8655013e-05 -1.2315968e-15)
(0.97173619 3.3686322e-05 -1.2321968e-15)
(0.97172813 3.6563371e-05 -1.2358792e-15)
(0.97171752 3.681171e-05 -1.2344405e-15)
(0.97170527 3.4323635e-05 -1.2339432e-15)
(0.97169255 2.9312587e-05 -1.2263551e-15)
(0.9716807 2.2244915e-05 -1.2181218e-15)
(0.97167099 1.3809461e-05 -1.205284e-15)
(0.9716644 4.9035502e-06 -1.1906559e-15)
(0.97166137 -3.5740884e-06 -1.1753306e-15)
(0.97166171 -1.1018358e-05 -1.1568296e-15)
(0.9716647 -1.718591e-05 -1.1387706e-15)
(0.97166942 -2.2267012e-05 -1.1175841e-15)
(0.97167499 -2.6755879e-05 -1.097928e-15)
(0.97168082 -3.1212406e-05 -1.0735825e-15)
(0.97168676 -3.6015692e-05 -1.0508992e-15)
(0.97169317 -4.1193624e-05 -1.0244932e-15)
(0.97170074 -4.6367817e-05 -9.9760312e-16)
(0.97171033 -5.0796366e-05 -9.6844792e-16)
(0.97172259 -5.3491875e-05 -9.3915761e-16)
(0.9717376 -5.3545786e-05 -9.0974937e-16)
(0.97175485 -5.0445259e-05 -8.8236596e-16)
(0.97177338 -4.4086663e-05 -8.5868258e-16)
(0.97179177 -3.4696345e-05 -8.3782835e-16)
(0.97180832 -2.2864261e-05 -8.1992587e-16)
(0.97182124 -9.7287498e-06 -8.0507195e-16)
(0.97182929 3.2717324e-06 -7.9128435e-16)
(0.97183184 1.4947322e-05 -7.7545603e-16)
(0.9718291 2.4346283e-05 -7.5631561e-16)
(0.97182164 3.0952617e-05 -7.3312807e-16)
(0.97181068 3.4513348e-05 -7.0549206e-16)
(0.97179741 3.5319574e-05 -6.7357953e-16)
(0.97178329 3.3608208e-05 -6.3915173e-16)
(0.97176951 3.0252656e-05 -6.0507522e-16)
(0.97175701 2.5408898e-05 -5.7321319e-16)
(0.97174683 2.0246886e-05 -5.449991e-16)
(0.97173887 1.4714229e-05 -5.2112495e-16)
(0.97173416 1.0222079e-05 -5.0312654e-16)
(0.97173064 5.9756419e-06 -4.9170914e-16)
(0.97173017 2.7536241e-06 -4.8374391e-16)
(0.97172878 -9.6244908e-08 -4.8426486e-16)
(0.97173021 -5.6447055e-06 -4.811271e-16)
(0.69666872 -0.0071360629 8.3825262e-14)
(0.69946797 -0.021412313 -1.5053903e-13)
(0.70498249 -0.035792487 2.2373911e-13)
(0.71311755 -0.050310468 -3.296842e-13)
(0.72409128 -0.065135749 -5.7527301e-14)
(0.7380549 -0.080232265 1.9232552e-13)
(0.75523675 -0.095718943 -1.106259e-12)
(0.7757535 -0.11138356 2.1043751e-12)
(0.79978039 -0.12722919 -2.5939156e-12)
(0.82743834 -0.14286402 2.6340322e-12)
(0.85879195 -0.15808284 -1.1610368e-12)
(0.89386236 -0.17234116 1.9759589e-12)
(0.93251688 -0.18517031 -1.5319496e-12)
(0.97449247 -0.19593035 -1.2881601e-12)
(1.0193751 -0.20400184 -4.3073342e-13)
(1.066483 -0.2087787 -1.8193801e-12)
(1.1150427 -0.20977909 -3.6313191e-12)
(1.1640149 -0.20667604 -5.1538117e-12)
(1.2122992 -0.19942759 -6.0586804e-12)
(1.2587365 -0.18828003 -6.6590139e-12)
(1.3022952 -0.17380433 -7.1655045e-12)
(1.3422079 -0.15681411 -7.8801949e-12)
(1.3780914 -0.13819554 -8.6108173e-12)
(1.4099197 -0.11871142 -9.3518412e-12)
(1.437909 -0.098875263 -1.0141614e-11)
(1.4623441 -0.078931731 -1.0984676e-11)
(1.4834596 -0.058936197 -1.1758731e-11)
(1.5013581 -0.038867072 -1.2607261e-11)
(1.5160788 -0.018628328 -1.3675695e-11)
(1.5275203 0.0017659568 -1.4841632e-11)
(1.5355487 0.022408533 -1.5684846e-11)
(1.5400368 0.043252827 -1.5846083e-11)
(1.5408509 0.064161251 -1.5383881e-11)
(1.5378149 0.08494239 -1.4604541e-11)
(1.5307715 0.10533858 -1.3494259e-11)
(1.519616 0.12502841 -1.1385301e-11)
(1.5043053 0.14363482 -7.461819e-12)
(1.4848613 0.16073903 -1.9512115e-12)
(1.4613732 0.17590688 3.298682e-12)
(1.4340028 0.18868939 6.0592141e-12)
(1.4029805 0.19867169 5.6307423e-12)
(1.3685994 0.20551184 3.2122627e-12)
(1.3312416 0.20891966 4.4511286e-13)
(1.2914068 0.20866555 -1.7167295e-12)
(1.2497043 0.20462871 -3.4683375e-12)
(1.2068324 0.19683495 -5.3536474e-12)
(1.1635654 0.18546778 -8.1899298e-12)
(1.1207363 0.17085697 -1.1014417e-11)
(1.079195 0.15345387 -1.2154812e-11)
(1.0397526 0.13379399 -8.831541e-12)
(1.0031201 0.11246606 2.1760591e-13)
(0.96985592 0.090096385 1.2756805e-11)
(0.94036185 0.067314026 2.553722e-11)
(0.91487945 0.044724078 3.2830186e-11)
(0.89350939 0.022898088 2.9184494e-11)
(0.87630167 0.0023475016 1.5344038e-11)
(0.86321613 -0.016616307 -1.2761084e-12)
(0.85411817 -0.033711497 -9.0451085e-12)
(0.84887394 -0.048748478 9.8835499e-12)
(0.84732896 -0.061610277 7.6545089e-11)
(0.84928634 -0.072236006 2.0072979e-10)
(0.85452635 -0.080567208 3.6975097e-10)
(0.86277062 -0.086476673 5.532863e-10)
(0.87356886 -0.089841947 7.1734601e-10)
(0.88628586 -0.090718585 8.3462535e-10)
(0.90026018 -0.089364958 8.8932417e-10)
(0.91491042 -0.086086288 8.7801661e-10)
(0.92966479 -0.081145813 8.0857419e-10)
(0.9439399 -0.074895545 6.9853306e-10)
(0.95728669 -0.067856498 5.697807e-10)
(0.96946288 -0.060495022 4.4196541e-10)
(0.98036887 -0.05317017 3.2857864e-10)
(0.99000007 -0.04615086 2.3626425e-10)
(0.99841974 -0.039618738 1.6616363e-10)
(1.0057289 -0.033679362 1.15955e-10)
(1.012043 -0.028379773 8.1712091e-11)
(1.0174782 -0.023724757 5.9225361e-11)
(1.0221438 -0.01969025 4.4762671e-11)
(1.026139 -0.01623391 3.5394004e-11)
(1.029552 -0.013303009 2.9033999e-11)
(1.0324605 -0.010840139 2.433236e-11)
(1.0349333 -0.0087872166 2.0503784e-11)
(1.0370302 -0.0070882362 1.7152665e-11)
(1.0388043 -0.0056910459 1.4123594e-11)
(1.0403016 -0.0045483988 1.1387595e-11)
(1.0415625 -0.0036184444 8.9657121e-12)
(1.0426221 -0.0028648031 6.884178e-12)
(1.0435107 -0.0022563382 5.1530638e-12)
(1.0442544 -0.0017667351 3.760751e-12)
(1.0448759 -0.0013739846 2.6769201e-12)
(1.0453943 -0.0010598596 1.8592437e-12)
(1.0458259 -0.00080935882 1.2605597e-12)
(1.0461848 -0.00061021804 8.344162e-13)
(1.0464826 -0.00045245802 5.3923093e-13)
(1.0467293 -0.00032804469 3.3986647e-13)
(1.0469334 -0.00023038423 2.0849929e-13)
(1.0471017 -0.00015417099 1.2394476e-13)
(1.0472404 -9.517471e-05 7.0761307e-14)
(1.0473543 -4.991106e-05 3.8057231e-14)
(1.0474477 -1.56174e-05 1.8416579e-14)
(1.0475239 9.9290305e-06 6.9186959e-15)
(1.047586 2.8520881e-05 3.6676647e-16)
(1.0476364 4.1666078e-05 -3.2512733e-15)
(1.0476771 5.0475386e-05 -5.188452e-15)
(1.0477099 5.5911508e-05 -6.1993945e-15)
(1.047736 5.8717912e-05 -6.7505551e-15)
(1.0477568 5.9512931e-05 -7.0703807e-15)
(1.0477732 5.8766112e-05 -7.2969857e-15)
(1.047786 5.6855134e-05 -7.4685147e-15)
(1.0477958 5.4086893e-05 -7.6358607e-15)
(1.0478034 5.0695758e-05 -7.7366909e-15)
(1.047809 4.6874851e-05 -7.8217535e-15)
(1.0478131 4.2778399e-05 -7.7951259e-15)
(1.0478161 3.8524108e-05 -7.7441575e-15)
(1.0478181 3.4200784e-05 -7.642167e-15)
(1.0478193 2.9877196e-05 -7.4920712e-15)
(1.0478201 2.5611463e-05 -7.3183103e-15)
(1.0478204 2.1456909e-05 -7.119242e-15)
(1.0478205 1.7464327e-05 -6.8797526e-15)
(1.0478204 1.3674875e-05 -6.6286198e-15)
(1.0478202 1.0117633e-05 -6.3394347e-15)
(1.0478199 6.8048485e-06 -6.0115083e-15)
(1.0478196 3.715787e-06 -5.6548259e-15)
(1.0478193 8.1834657e-07 -5.2799782e-15)
(1.0478191 -1.8922712e-06 -4.8949498e-15)
(1.0478189 -4.378988e-06 -4.5208576e-15)
(1.0478189 -6.5207749e-06 -4.1917465e-15)
(1.0478192 -8.1352752e-06 -3.9275299e-15)
(1.0478199 -9.0870095e-06 -3.753428e-15)
(1.0478208 -9.3398504e-06 -3.6718521e-15)
(1.0478221 -8.8466212e-06 -3.6923809e-15)
(1.0478239 -7.5211366e-06 -3.7971004e-15)
(1.0478259 -5.444586e-06 -3.987167e-15)
(1.047828 -2.8590978e-06 -4.2231317e-15)
(1.0478302 -7.7314296e-08 -4.4852138e-15)
(1.0478326 2.6596168e-06 -4.7241515e-15)
(1.0478353 5.2754025e-06 -4.9459121e-15)
(1.0478385 7.8326936e-06 -5.0898353e-15)
(1.0478423 1.0515663e-05 -5.212381e-15)
(1.0478466 1.3482508e-05 -5.2850628e-15)
(1.0478511 1.6644459e-05 -5.2993169e-15)
(1.0478555 1.9561714e-05 -5.2550486e-15)
(1.047859 2.1755961e-05 -5.1094329e-15)
(1.0478608 2.3032239e-05 -4.8451169e-15)
(1.047861 2.3341545e-05 -4.6570041e-15)
(1.0478603 2.3097895e-05 -4.532764e-15)
(1.047858 2.1758962e-05 -4.3539693e-15)
(1.0478532 1.7939667e-05 -4.0723773e-15)
(1.0478472 1.2144674e-05 -3.7142831e-15)
(1.0478415 5.5052098e-06 -3.3119515e-15)
(1.0478377 -4.6344112e-07 -2.8824694e-15)
(1.0478365 -4.6553976e-06 -2.464716e-15)
(1.0478378 -6.7114693e-06 -2.1085281e-15)
(1.0478408 -6.6458163e-06 -1.8608557e-15)
(1.0478464 -3.6293688e-06 -1.6278856e-15)
(1.0478543 2.7245214e-06 -1.4144749e-15)
(1.0478624 1.1349963e-05 -1.2110626e-15)
(1.047869 2.0955652e-05 -1.0438819e-15)
(1.0478727 2.9836147e-05 -8.9605552e-16)
(1.0478728 3.6693022e-05 -7.7347568e-16)
(1.0478693 4.079273e-05 -6.6877221e-16)
(1.0478625 4.1894227e-05 -6.0215764e-16)
(1.0478532 4.0232946e-05 -5.2862802e-16)
(1.0478419 3.6356221e-05 -4.9577807e-16)
(1.0478297 3.0899757e-05 -4.8484893e-16)
(1.0478174 2.4512494e-05 -4.8656864e-16)
(1.0478058 1.8004619e-05 -4.995285e-16)
(1.0477954 1.2063644e-05 -5.1577093e-16)
(1.0477864 7.1066951e-06 -5.2273645e-16)
(1.047779 3.2676184e-06 -5.202836e-16)
(1.0477733 5.5306311e-07 -5.1039906e-16)
(1.0477693 -9.1897583e-07 -4.9291328e-16)
(1.0477671 -1.0513118e-06 -4.7293588e-16)
(1.0477663 -6.5651895e-08 -4.5042249e-16)
(1.0477666 1.8590975e-06 -4.3393305e-16)
(1.0477686 5.9374888e-06 -4.1421084e-16)
(1.0477718 1.243889e-05 -3.975347e-16)
(1.0477748 2.0673203e-05 -3.9091894e-16)
(1.0477762 2.9687823e-05 -3.9193508e-16)
(1.047775 3.7982895e-05 -4.0163463e-16)
(1.0477706 4.4164259e-05 -4.1631834e-16)
(1.0477631 4.7224176e-05 -4.3315985e-16)
(1.0477529 4.6614676e-05 -4.47292e-16)
(1.0477411 4.2211441e-05 -4.5499331e-16)
(1.0477287 3.4248561e-05 -4.6282898e-16)
(1.0477174 2.3399247e-05 -4.5828133e-16)
(1.0477089 1.1002153e-05 -4.562263e-16)
(1.0477042 -1.2645577e-06 -4.3854793e-16)
(1.0477033 -1.2108463e-05 -4.294848e-16)
(1.0477057 -2.0812938e-05 -4.1659947e-16)
(1.0477104 -2.733863e-05 -4.0591303e-16)
(1.0477162 -3.2264007e-05 -3.9080901e-16)
(1.047722 -3.6511576e-05 -3.7591246e-16)
(1.0477273 -4.0990267e-05 -3.6132117e-16)
(1.0477318 -4.6285103e-05 -3.4909857e-16)
(1.047736 -5.2475927e-05 -3.3577404e-16)
(1.047741 -5.9036432e-05 -3.2170132e-16)
(1.0477482 -6.4699163e-05 -3.1053371e-16)
(1.0477581 -6.7887821e-05 -2.988651e-16)
(1.047771 -6.7477858e-05 -2.9011035e-16)
(1.0477865 -6.2832037e-05 -2.7465522e-16)
(1.047804 -5.3679062e-05 -2.6368867e-16)
(1.0478218 -4.0085649e-05 -2.5147097e-16)
(1.0478376 -2.314142e-05 -2.5116759e-16)
(1.0478495 -4.9992613e-06 -2.4511296e-16)
(1.0478564 1.2413492e-05 -2.3988986e-16)
(1.0478578 2.7457063e-05 -2.3011094e-16)
(1.0478538 3.9028916e-05 -2.2083824e-16)
(1.0478453 4.6355072e-05 -2.018991e-16)
(1.0478332 4.9583162e-05 -1.7933665e-16)
(1.047819 4.8797467e-05 -1.5061236e-16)
(1.047804 4.5131749e-05 -1.2325515e-16)
(1.0477892 3.8724756e-05 -9.3435876e-17)
(1.0477765 3.1134373e-05 -6.6899827e-17)
(1.0477655 2.2641124e-05 -4.3985966e-17)
(1.0477585 1.5274776e-05 -2.7924028e-17)
(1.0477528 8.7207596e-06 -1.9853875e-17)
(1.0477511 3.5849301e-06 -1.5572546e-17)
(1.0477491 1.6885727e-07 -2.2832946e-17)
(1.0477502 -6.4984485e-06 -3.9207774e-17)
(0.80019564 -0.0083922521 5.0796943e-13)
(0.80276669 -0.02519219 -1.0563803e-12)
(0.80788165 -0.042202419 1.2143097e-12)
(0.81540564 -0.059435466 -1.5852002e-12)
(0.82561954 -0.077183689 1.0503703e-12)
(0.83865844 -0.095312778 -7.667327e-13)
(0.85488046 -0.11412964 -1.951698e-12)
(0.87443169 -0.1332175 3.7511928e-12)
(0.89761574 -0.15281965 -6.3566487e-12)
(0.92466318 -0.17223074 6.5528554e-12)
(0.9557128 -0.19145429 -7.370267e-12)
(0.99098608 -0.20959723 9.365674e-12)
(1.0303599 -0.22622814 -7.7169201e-12)
(1.0737299 -0.24039762 2.8710103e-12)
(1.120668 -0.25130644 4.6298316e-13)
(1.1703952 -0.25808408 -6.4072212e-13)
(1.2220945 -0.26001743 -3.5951799e-12)
(1.274368 -0.25657941 -4.2448191e-12)
(1.3258962 -0.24771738 -3.2165215e-12)
(1.3751112 -0.23377816 -3.4636196e-12)
(1.4206959 -0.21566062 -4.6253406e-12)
(1.4617212 -0.1946024 -7.6143419e-12)
(1.4978817 -0.17186906 -9.6717994e-12)
(1.5294088 -0.14848652 -1.0615342e-11)
(1.5568581 -0.1250481 -1.1867968e-11)
(1.5807708 -0.10174663 -1.5275462e-11)
(1.60153 -0.07853349 -2.0614351e-11)
(1.6193071 -0.055300714 -2.780414e-11)
(1.6341344 -0.0319033 -3.6295378e-11)
(1.6458985 -0.0082532408 -4.5848552e-11)
(1.6544878 0.015749359 -5.5452293e-11)
(1.6596589 0.040170178 -6.3529817e-11)
(1.6611977 0.064875298 -6.8642153e-11)
(1.6589038 0.089609104 -7.0269134e-11)
(1.6526053 0.11405278 -6.8814949e-11)
(1.6421914 0.13782609 -6.4820565e-11)
(1.6276271 0.16050247 -5.820439e-11)
(1.6089727 0.18158446 -4.8316435e-11)
(1.5863685 0.20056958 -3.5371401e-11)
(1.5600477 0.21693581 -2.1881596e-11)
(1.5303543 0.23016005 -1.1641915e-11)
(1.4976765 0.23981516 -6.5667258e-12)
(1.462415 0.24559941 -5.6908008e-12)
(1.425026 0.24729874 -6.5402403e-12)
(1.3860295 0.24476769 -7.8843115e-12)
(1.3459785 0.23795752 -8.9987935e-12)
(1.3054351 0.22696213 -1.0978038e-11)
(1.264967 0.21203629 -1.3878922e-11)
(1.225134 0.19359471 -1.8209758e-11)
(1.1864867 0.17219812 -2.220792e-11)
(1.1495472 0.14850819 -2.1748166e-11)
(1.1147864 0.12325931 -1.522064e-11)
(1.0826133 0.09719727 -1.2936805e-12)
(1.0533559 0.07104166 1.58612e-11)
(1.027261 0.045464791 2.5921511e-11)
(1.0045259 0.021039852 1.9731756e-11)
(0.98528077 -0.0018101181 -2.5432849e-12)
(0.96958751 -0.022773361 -3.1780193e-11)
(0.95749596 -0.041630256 -4.5105548e-11)
(0.94904346 -0.05821877 3.0502964e-13)
(0.94421879 -0.072452971 1.4723303e-10)
(0.94298174 -0.084245674 4.0343923e-10)
(0.94525336 -0.093330333 7.3251993e-10)
(0.95075997 -0.099340324 1.0749792e-09)
(0.95888401 -0.10217061 1.3671348e-09)
(0.96885479 -0.10208822 1.5576823e-09)
(0.98009693 -0.099454095 1.6238411e-09)
(0.99207539 -0.094559173 1.5649673e-09)
(1.0040126 -0.087746516 1.4029662e-09)
(1.0152514 -0.079749892 1.1792216e-09)
(1.025499 -0.071230078 9.3767447e-10)
(1.0346278 -0.062681133 7.1222144e-10)
(1.04261 -0.054469584 5.2244747e-10)
(1.0495064 -0.046835205 3.7512824e-10)
(1.0554267 -0.039910157 2.6818149e-10)
(1.0604968 -0.033747119 1.947736e-10)
(1.0648406 -0.028344211 1.4650867e-10)
(1.0685695 -0.023664945 1.1545286e-10)
(1.0717788 -0.01965307 9.5154417e-11)
(1.0745474 -0.016242788 8.0949471e-11)
(1.0769397 -0.013365414 6.9835884e-11)
(1.0790085 -0.010953535 6.0136303e-11)
(1.0807974 -0.0089435199 5.1102581e-11)
(1.0823431 -0.0072769376 4.2553122e-11)
(1.0836768 -0.0059012563 3.4587792e-11)
(1.0848256 -0.0047700708 2.7392563e-11)
(1.0858131 -0.0038430176 2.1125747e-11)
(1.0866601 -0.0030854791 1.586767e-11)
(1.087385 -0.0024680849 1.1613031e-11)
(1.0880039 -0.0019660933 8.2870054e-12)
(1.0885312 -0.00155882 5.7701462e-12)
(1.0889795 -0.0012290944 3.9231218e-12)
(1.0893599 -0.00096274044 2.6062929e-12)
(1.0896822 -0.00074808573 1.6927853e-12)
(1.0899546 -0.00057555471 1.0752474e-12)
(1.0901847 -0.00043729378 6.6792607e-13)
(1.0903787 -0.00032688189 4.0548052e-13)
(1.0905419 -0.00023909364 2.4013787e-13)
(1.0906792 -0.00016964851 1.3821947e-13)
(1.0907943 -0.0001150586 7.6705495e-14)
(1.0908908 -7.2476902e-05 4.0379856e-14)
(1.0909715 -3.9592443e-05 1.9375716e-14)
(1.0910389 -1.4514784e-05 7.5227139e-15)
(1.0910951 4.2698598e-06 9.755077e-16)
(1.0911419 1.8020075e-05 -2.5473153e-15)
(1.0911807 2.7763209e-05 -4.4297999e-15)
(1.0912129 3.4293904e-05 -5.429009e-15)
(1.0912394 3.8299612e-05 -6.0042205e-15)
(1.0912613 4.032135e-05 -6.3577551e-15)
(1.0912792 4.0813005e-05 -6.6100886e-15)
(1.0912939 4.010796e-05 -6.7913894e-15)
(1.0913058 3.8493356e-05 -6.9066495e-15)
(1.0913154 3.6208921e-05 -6.9696168e-15)
(1.0913231 3.3439793e-05 -6.9522787e-15)
(1.0913292 3.0332414e-05 -6.882049e-15)
(1.091334 2.6997672e-05 -6.7417444e-15)
(1.0913377 2.3528018e-05 -6.5618573e-15)
(1.0913405 2.0003135e-05 -6.3334325e-15)
(1.0913426 1.6499568e-05 -6.0841065e-15)
(1.091344 1.3082712e-05 -5.793861e-15)
(1.091345 9.8100754e-06 -5.4799106e-15)
(1.0913456 6.7292816e-06 -5.1145081e-15)
(1.0913459 3.8444182e-06 -4.7231867e-15)
(1.0913459 1.1189662e-06 -4.2931362e-15)
(1.0913456 -1.4818161e-06 -3.8591497e-15)
(1.0913451 -3.9325921e-06 -3.4285724e-15)
(1.0913445 -6.1661554e-06 -3.0470829e-15)
(1.091344 -8.0232271e-06 -2.7301779e-15)
(1.0913436 -9.2439619e-06 -2.5129067e-15)
(1.0913434 -9.6682431e-06 -2.4072076e-15)
(1.0913435 -9.5868365e-06 -2.3936917e-15)
(1.0913439 -8.9537846e-06 -2.4321164e-15)
(1.0913449 -7.1560537e-06 -2.6168328e-15)
(1.0913462 -4.7039371e-06 -2.8904749e-15)
(1.0913477 -2.0753256e-06 -3.2064813e-15)
(1.0913494 4.3421129e-07 -3.5244905e-15)
(1.0913514 2.6510918e-06 -3.8195628e-15)
(1.0913538 4.6392568e-06 -4.0744917e-15)
(1.0913568 6.6403474e-06 -4.274422e-15)
(1.0913604 8.8963878e-06 -4.4233033e-15)
(1.0913647 1.1480405e-05 -4.5046708e-15)
(1.0913696 1.4327849e-05 -4.5291723e-15)
(1.0913745 1.7360056e-05 -4.4775e-15)
(1.0913788 2.0252146e-05 -4.331127e-15)
(1.0913819 2.222133e-05 -4.0442814e-15)
(1.0913833 2.2840527e-05 -3.6792425e-15)
(1.0913834 2.2681799e-05 -3.5089972e-15)
(1.0913826 2.1549187e-05 -3.3137058e-15)
(1.09138 1.7776816e-05 -3.0021999e-15)
(1.0913755 1.0505186e-05 -2.5225084e-15)
(1.0913716 2.7768296e-06 -2.0070609e-15)
(1.0913694 -3.7389302e-06 -1.4903545e-15)
(1.0913692 -7.9929814e-06 -1.0113689e-15)
(1.0913708 -9.790002e-06 -6.3694482e-16)
(1.0913737 -9.3302545e-06 -3.9197449e-16)
(1.0913787 -5.6944197e-06 -1.8815834e-16)
(1.0913868 2.6022054e-06 4.0079594e-17)
(1.091395 1.3665206e-05 2.4281002e-16)
(1.0914018 2.5285605e-05 4.2492772e-16)
(1.091406 3.5502023e-05 5.7768537e-16)
(1.0914072 4.30295e-05 7.0515783e-16)
(1.0914055 4.7299304e-05 8.017034e-16)
(1.0914011 4.8434629e-05 8.6855975e-16)
(1.0913944 4.6733437e-05 9.123731e-16)
(1.0913856 4.2417582e-05 9.2556845e-16)
(1.0913754 3.6247161e-05 9.2277435e-16)
(1.0913651 2.9280095e-05 8.9909974e-16)
(1.0913551 2.2427595e-05 8.7033836e-16)
(1.0913458 1.6253172e-05 8.3685403e-16)
(1.0913376 1.0993135e-05 8.1451607e-16)
(1.0913305 6.7167973e-06 7.9884812e-16)
(1.0913249 3.4791111e-06 7.9673953e-16)
(1.0913209 1.4448005e-06 8.0235786e-16)
(1.0913185 9.2514155e-07 8.1844027e-16)
(1.0913176 1.8480402e-06 8.3158124e-16)
(1.0913177 4.0630661e-06 8.4647941e-16)
(1.0913194 9.0630566e-06 8.5822497e-16)
(1.0913225 1.7639198e-05 8.6728273e-16)
(1.0913252 2.8301897e-05 8.6136372e-16)
(1.0913258 3.9200915e-05 8.4427798e-16)
(1.0913239 4.8380826e-05 8.1386958e-16)
(1.0913193 5.4386607e-05 7.8172226e-16)
(1.0913123 5.6321342e-05 7.4678706e-16)
(1.091303 5.3632981e-05 7.1958538e-16)
(1.0912921 4.6030024e-05 6.9573996e-16)
(1.0912811 3.3754863e-05 6.8012601e-16)
(1.0912722 1.8226088e-05 6.7051116e-16)
(1.0912669 2.0444822e-06 6.6584534e-16)
(1.0912655 -1.2606231e-05 6.6668361e-16)
(1.0912677 -2.4372025e-05 6.6890327e-16)
(1.0912726 -3.2808676e-05 6.7355909e-16)
(1.0912788 -3.8393901e-05 6.7521357e-16)
(1.0912852 -4.2237091e-05 6.7951544e-16)
(1.0912909 -4.5639688e-05 6.8199186e-16)
(1.091295 -4.9755646e-05 6.8571492e-16)
(1.0912975 -5.5454222e-05 6.8600483e-16)
(1.091299 -6.2810898e-05 6.7979809e-16)
(1.0913013 -7.0474217e-05 6.6533155e-16)
(1.0913058 -7.6290341e-05 6.4529933e-16)
(1.0913125 -7.891712e-05 6.27537e-16)
(1.0913215 -7.7342689e-05 6.131949e-16)
(1.0913334 -7.0141824e-05 6.031662e-16)
(1.0913477 -5.6505374e-05 5.8675392e-16)
(1.0913618 -3.7502802e-05 5.7682513e-16)
(1.0913736 -1.5670195e-05 5.6049271e-16)
(1.0913818 6.5314524e-06 5.4981137e-16)
(1.0913857 2.6818547e-05 5.4057987e-16)
(1.091385 4.3480377e-05 5.4201684e-16)
(1.09138 5.5147173e-05 5.4543558e-16)
(1.0913715 6.1660417e-05 5.5644604e-16)
(1.0913603 6.287376e-05 5.7015555e-16)
(1.0913477 6.0004724e-05 5.9168835e-16)
(1.0913338 5.3210739e-05 6.1031633e-16)
(1.0913213 4.3974584e-05 6.2779694e-16)
(1.0913093 3.3009987e-05 6.4001693e-16)
(1.0913011 2.2687838e-05 6.4938752e-16)
(1.0912936 1.364525e-05 6.4710113e-16)
(1.0912902 5.9284804e-06 6.4018861e-16)
(1.0912868 1.5384769e-06 6.2515994e-16)
(1.0912866 -7.2154978e-06 5.8326166e-16)
(0.89657769 -0.0095236148 1.8998187e-12)
(0.89885409 -0.028588978 -3.8277325e-12)
(0.90344808 -0.048003031 4.2262758e-12)
(0.91017162 -0.06772493 -6.1696134e-12)
(0.91940523 -0.088255887 5.9443283e-12)
(0.93123491 -0.10927284 -6.2088961e-12)
(0.94620317 -0.13144688 2.0786249e-12)
(0.96444606 -0.15395144 2.6541428e-13)
(0.98646282 -0.17759765 -6.4100953e-12)
(1.0126087 -0.20099472 9.4233038e-12)
(1.0430849 -0.22481382 -1.9471143e-11)
(1.0784966 -0.24733246 2.9494718e-11)
(1.1185549 -0.26855917 -3.5887975e-11)
(1.1636723 -0.28685971 2.6719916e-11)
(1.2131274 -0.30136959 -1.1725529e-11)
(1.2662783 -0.31079813 6.1741246e-12)
(1.3221953 -0.31405462 -9.3154373e-12)
(1.3788528 -0.31026731 -4.765337e-12)
(1.4347815 -0.29932847 3.2682611e-12)
(1.4875377 -0.28167032 3.4340798e-12)
(1.5355037 -0.25882143 -2.6881234e-13)
(1.5775215 -0.2327455 -1.2996014e-11)
(1.6135106 -0.20526191 -1.991987e-11)
(1.6442239 -0.17767923 -2.3628621e-11)
(1.6706923 -0.15059312 -3.0254945e-11)
(1.693777 -0.12402905 -4.8173e-11)
(1.7140172 -0.097791466 -7.6870481e-11)
(1.7315935 -0.071591984 -1.163481e-10)
(1.746463 -0.045233226 -1.5971675e-10)
(1.7585301 -0.018450527 -2.0410533e-10)
(1.7675912 0.0087403766 -2.4376548e-10)
(1.7733581 0.036595152 -2.7559227e-10)
(1.7754554 0.065072489 -2.9693156e-10)
(1.7735944 0.093848785 -3.0589127e-10)
(1.7675773 0.12248534 -3.0234283e-10)
(1.7572672 0.15049891 -2.8766339e-10)
(1.7425921 0.17736309 -2.6389549e-10)
(1.7235919 0.20252531 -2.3298387e-10)
(1.700426 0.22536074 -1.9630474e-10)
(1.6733542 0.24527378 -1.5583084e-10)
(1.6428018 0.26169894 -1.1597474e-10)
(1.609344 0.27400324 -8.2334037e-11)
(1.573578 0.2817505 -5.8324131e-11)
(1.5360637 0.28478542 -4.2432719e-11)
(1.4973417 0.28309783 -3.2125296e-11)
(1.4579527 0.27673575 -2.4627513e-11)
(1.4184057 0.26584597 -2.0283124e-11)
(1.3791604 0.25069393 -1.8626641e-11)
(1.3406116 0.23165684 -2.0564942e-11)
(1.3031132 0.20925805 -2.6728071e-11)
(1.2669684 0.18414885 -3.3980045e-11)
(1.2324398 0.1570805 -3.9711594e-11)
(1.1997741 0.12883686 -3.7710922e-11)
(1.1692037 0.10018647 -2.552896e-11)
(1.1409448 0.071840327 -7.9712246e-12)
(1.1152083 0.044419984 -1.0049723e-12)
(1.092183 0.018411881 -1.7763804e-11)
(1.0720209 -0.0058558857 -6.0485301e-11)
(1.0548709 -0.028160204 -1.1621325e-10)
(1.0408991 -0.048298523 -1.311261e-10)
(1.030258 -0.066136662 -1.5987021e-11)
(1.0230549 -0.0815755 2.901277e-10)
(1.0193511 -0.094266095 7.7226757e-10)
(1.0191437 -0.1035066 1.3622034e-09)
(1.0221122 -0.1088392 1.9524591e-09)
(1.027359 -0.11065451 2.3996108e-09)
(1.0340838 -0.1093778 2.6348247e-09)
(1.042096 -0.10495668 2.6607352e-09)
(1.0506885 -0.097881999 2.4756284e-09)
(1.0589204 -0.089213735 2.1410112e-09)
(1.0664575 -0.079764509 1.7418859e-09)
(1.0731465 -0.07017521 1.3500213e-09)
(1.0789195 -0.060932328 1.0108219e-09)
(1.0838166 -0.052348975 7.4384618e-10)
(1.0879367 -0.04459342 5.4949843e-10)
(1.0913995 -0.03772741 4.1696136e-10)
(1.0943243 -0.031740974 3.3087306e-10)
(1.0968171 -0.026581045 2.7590838e-10)
(1.098965 -0.022172424 2.393351e-10)
(1.1008353 -0.018431596 2.119894e-10)
(1.1024784 -0.015275069 1.8820216e-10)
(1.1039312 -0.012623957 1.6514867e-10)
(1.1052206 -0.010406194 1.4198782e-10)
(1.1063664 -0.0085573624 1.190325e-10)
(1.1073842 -0.0070207571 9.7085409e-11)
(1.1082865 -0.0057470294 7.6987252e-11)
(1.1090843 -0.004693616 5.9366082e-11)
(1.1097875 -0.0038240886 4.4544292e-11)
(1.110405 -0.0031075714 3.2549094e-11)
(1.110945 -0.0025181479 2.3182974e-11)
(1.1114157 -0.0020341078 1.6109616e-11)
(1.1118248 -0.0016372735 1.093155e-11)
(1.1121791 -0.0013124875 7.249856e-12)
(1.1124851 -0.0010471401 4.7029084e-12)
(1.1127487 -0.00083076864 2.9859347e-12)
(1.1129754 -0.00065470851 1.8565257e-12)
(1.1131698 -0.00051179543 1.1306819e-12)
(1.1133362 -0.00039611818 6.7453038e-13)
(1.1134785 -0.00030279514 3.9387799e-13)
(1.1135998 -0.00022779958 2.2468875e-13)
(1.1137033 -0.00016781312 1.2482109e-13)
(1.1137913 -0.00012010439 6.6925021e-14)
(1.1138661 -8.2422331e-05 3.4110429e-14)
(1.1139295 -5.2896895e-05 1.5798283e-14)
(1.1139833 -3.0013821e-05 5.8623737e-15)
(1.1140287 -1.25271e-05 4.7496871e-16)
(1.1140671 5.6542634e-07 -2.3176648e-15)
(1.1140995 1.012918e-05 -3.8643981e-15)
(1.1141268 1.6871329e-05 -4.6670498e-15)
(1.1141496 2.1323389e-05 -5.1737591e-15)
(1.1141688 2.3965251e-05 -5.4637994e-15)
(1.1141848 2.5171955e-05 -5.6316817e-15)
(1.114198 2.5275176e-05 -5.7720347e-15)
(1.114209 2.4522092e-05 -5.7613346e-15)
(1.114218 2.3119987e-05 -5.7435081e-15)
(1.1142254 2.1229233e-05 -5.5910021e-15)
(1.1142313 1.8981888e-05 -5.4425711e-15)
(1.114236 1.648684e-05 -5.1721139e-15)
(1.1142396 1.3845353e-05 -4.9316017e-15)
(1.1142424 1.1147264e-05 -4.5911677e-15)
(1.1142444 8.4670092e-06 -4.271094e-15)
(1.1142458 5.8838921e-06 -3.8467355e-15)
(1.1142467 3.4433422e-06 -3.451347e-15)
(1.1142471 1.1130846e-06 -2.9594927e-15)
(1.1142471 -1.1471153e-06 -2.5137763e-15)
(1.1142467 -3.3243787e-06 -2.0206701e-15)
(1.114246 -5.3637271e-06 -1.6350103e-15)
(1.114245 -7.1503887e-06 -1.2765128e-15)
(1.114244 -8.4891932e-06 -1.0750367e-15)
(1.114243 -9.2225836e-06 -9.2065572e-16)
(1.1142423 -9.3351176e-06 -9.1512559e-16)
(1.1142419 -8.8980529e-06 -9.3611144e-16)
(1.1142418 -7.7188884e-06 -1.1132006e-15)
(1.1142421 -5.6214653e-06 -1.3795602e-15)
(1.1142427 -3.263019e-06 -1.7444848e-15)
(1.1142436 -9.9544894e-07 -2.0967872e-15)
(1.1142448 9.4188264e-07 -2.4470896e-15)
(1.1142462 2.5410559e-06 -2.7807783e-15)
(1.114248 3.9888738e-06 -3.0307742e-15)
(1.1142503 5.5429217e-06 -3.2427542e-15)
(1.1142533 7.4223216e-06 -3.3662668e-15)
(1.1142569 9.7655839e-06 -3.4714418e-15)
(1.1142609 1.2593882e-05 -3.4543475e-15)
(1.1142652 1.5733432e-05 -3.3910057e-15)
(1.1142692 1.8804648e-05 -3.1756006e-15)
(1.1142723 2.1207188e-05 -2.8735654e-15)
(1.1142743 2.2123991e-05 -2.4531134e-15)
(1.114275 2.1578947e-05 -2.1397642e-15)
(1.1142749 1.952255e-05 -1.8510075e-15)
(1.1142735 1.3852559e-05 -1.4173569e-15)
(1.1142709 5.6782613e-06 -8.32737e-16)
(1.1142687 -2.1168292e-06 -2.6945945e-16)
(1.1142676 -7.9929839e-06 3.2208967e-16)
(1.1142679 -1.1056032e-05 7.986905e-16)
(1.114269 -1.1608009e-05 1.0797583e-15)
(1.1142708 -1.0298158e-05 1.2412185e-15)
(1.1142748 -5.1757835e-06 1.4509919e-15)
(1.1142817 5.9043691e-06 1.6818683e-15)
(1.1142883 1.8754846e-05 1.9078596e-15)
(1.1142939 3.1096838e-05 2.0718426e-15)
(1.1142977 4.1182866e-05 2.2290676e-15)
(1.1142994 4.7913285e-05 2.3347958e-15)
(1.114299 5.1131186e-05 2.4007113e-15)
(1.1142973 5.1640803e-05 2.4483477e-15)
(1.1142941 4.9987266e-05 2.459248e-15)
(1.1142879 4.4951662e-05 2.4676345e-15)
(1.1142808 3.8291056e-05 2.4187684e-15)
(1.1142734 3.1310854e-05 2.3874733e-15)
(1.114266 2.4660983e-05 2.3134629e-15)
(1.114259 1.8633168e-05 2.280846e-15)
(1.1142525 1.3316529e-05 2.2277981e-15)
(1.114247 8.7799199e-06 2.2078393e-15)
(1.1142425 5.253328e-06 2.1919474e-15)
(1.1142394 3.1670768e-06 2.2024571e-15)
(1.1142375 2.8987364e-06 2.1958507e-15)
(1.1142366 4.1967192e-06 2.2136412e-15)
(1.1142367 7.4049957e-06 2.2104313e-15)
(1.1142387 1.4888363e-05 2.2258378e-15)
(1.1142414 2.6446383e-05 2.2072741e-15)
(1.1142429 3.9202412e-05 2.1880528e-15)
(1.1142423 5.0633505e-05 2.1430434e-15)
(1.1142398 5.880918e-05 2.1016808e-15)
(1.1142355 6.2826454e-05 2.0367626e-15)
(1.11423 6.235636e-05 2.00316e-15)
(1.1142225 5.621586e-05 1.9573458e-15)
(1.114213 4.3226134e-05 1.9284604e-15)
(1.1142047 2.5131567e-05 1.9007598e-15)
(1.1141997 5.3420451e-06 1.873072e-15)
(1.1141983 -1.3077149e-05 1.8622771e-15)
(1.1142004 -2.8022135e-05 1.8527561e-15)
(1.1142052 -3.855892e-05 1.8524282e-15)
(1.1142113 -4.4996752e-05 1.8328538e-15)
(1.1142176 -4.8556928e-05 1.8292009e-15)
(1.114223 -5.0726318e-05 1.811883e-15)
(1.1142268 -5.2698866e-05 1.8094348e-15)
(1.1142283 -5.601015e-05 1.7966683e-15)
(1.1142272 -6.2737781e-05 1.7794585e-15)
(1.1142252 -7.1582891e-05 1.7425179e-15)
(1.1142243 -7.9010086e-05 1.688788e-15)
(1.1142253 -8.2824758e-05 1.6243626e-15)
(1.1142272 -8.301318e-05 1.5840935e-15)
(1.1142305 -7.9821614e-05 1.5585659e-15)
(1.1142369 -6.9020609e-05 1.5180173e-15)
(1.1142456 -4.9041661e-05 1.4734836e-15)
(1.1142535 -2.5111922e-05 1.4306474e-15)
(1.1142598 2.0450485e-07 1.4042114e-15)
(1.1142638 2.419472e-05 1.3812351e-15)
(1.1142651 4.4687235e-05 1.3688354e-15)
(1.1142636 5.9857982e-05 1.3610187e-15)
(1.1142596 6.9284179e-05 1.3650158e-15)
(1.1142537 7.2923215e-05 1.3696242e-15)
(1.1142466 7.1679801e-05 1.3786103e-15)
(1.1142375 6.5226955e-05 1.3862271e-15)
(1.1142284 5.5155144e-05 1.393526e-15)
(1.1142187 4.2982479e-05 1.395175e-15)
(1.1142118 3.0573176e-05 1.3897056e-15)
(1.1142042 1.9918036e-05 1.3751539e-15)
(1.1141998 9.8212809e-06 1.3516052e-15)
(1.1141952 4.644009e-06 1.3293014e-15)
(1.1141926 -6.7918788e-06 1.2577292e-15)
(0.9858144 -0.010496031 5.0679453e-12)
(0.98772276 -0.031505349 -9.9909217e-12)
(0.99164292 -0.053029503 1.1441655e-11)
(0.99734475 -0.074949145 -1.7693729e-11)
(1.0053122 -0.098059297 1.9753659e-11)
(1.0155749 -0.12175996 -2.4908859e-11)
(1.0288967 -0.14729434 2.4009453e-11)
(1.0453499 -0.17315104 -2.6803531e-11)
(1.0657472 -0.20120576 2.2007625e-11)
(1.0904971 -0.22872906 -1.6799428e-11)
(1.1199655 -0.2580017 -1.0941252e-11)
(1.1553192 -0.28536437 5.234969e-11)
(1.1958454 -0.3124031 -1.0022267e-10)
(1.2431733 -0.33564448 1.1102542e-10)
(1.2953903 -0.35485373 -8.7323494e-11)
(1.3531348 -0.36782801 6.1337296e-11)
(1.4144917 -0.37293002 -5.1752482e-11)
(1.4770229 -0.36885365 2.3909976e-12)
(1.539113 -0.35520416 2.1423332e-11)
(1.5962836 -0.33238561 1.0326925e-11)
(1.6470673 -0.30315906 -1.2056121e-11)
(1.6895838 -0.27067797 -5.5655195e-11)
(1.7247618 -0.23777219 -7.2678639e-11)
(1.7543172 -0.20595295 -1.081102e-10)
(1.7794404 -0.17540363 -1.7009334e-10)
(1.8015832 -0.14595354 -2.7461499e-10)
(1.8214282 -0.11716118 -4.14577e-10)
(1.8387799 -0.088438954 -5.8739414e-10)
(1.8533558 -0.059355855 -7.6006231e-10)
(1.8651796 -0.029659851 -9.2480658e-10)
(1.8737743 0.00093133744 -1.0469683e-09)
(1.879585 0.032268461 -1.1346372e-09)
(1.8820103 0.064404492 -1.18687e-09)
(1.8804935 0.097254821 -1.2009391e-09)
(1.8747361 0.13025762 -1.1766648e-09)
(1.8645276 0.16284942 -1.1171505e-09)
(1.8497474 0.19427927 -1.0276068e-09)
(1.8303308 0.22385778 -9.1543049e-10)
(1.8063376 0.25095155 -7.8951307e-10)
(1.7780544 0.27464146 -6.5719026e-10)
(1.7457987 0.29457433 -5.2969218e-10)
(1.7101465 0.31002154 -4.1739669e-10)
(1.6720303 0.32021076 -3.2929511e-10)
(1.632377 0.32473749 -2.6720575e-10)
(1.5919133 0.32360903 -2.2684717e-10)
(1.5512696 0.31705679 -1.9937723e-10)
(1.5110074 0.30544289 -1.7942631e-10)
(1.4715677 0.28923724 -1.628782e-10)
(1.4332641 0.26897718 -1.4879626e-10)
(1.3963438 0.24526527 -1.3785952e-10)
(1.360973 0.2187647 -1.3027675e-10)
(1.3272445 0.1901909 -1.2660023e-10)
(1.2952279 0.16028565 -1.2130806e-10)
(1.2649907 0.12980435 -1.102046e-10)
(1.236614 0.099442854 -8.6579522e-11)
(1.2101909 0.069821355 -6.2105411e-11)
(1.185842 0.041441305 -6.0944881e-11)
(1.1636794 0.014637732 -1.0249174e-10)
(1.1438193 -0.010392154 -1.9830204e-10)
(1.1264284 -0.033497734 -3.066609e-10)
(1.1117345 -0.054522073 -3.0006587e-10)
(1.0999475 -0.073251031 -3.4488915e-11)
(1.0911537 -0.089351486 5.4434089e-10)
(1.0854236 -0.10210353 1.4002023e-09)
(1.0829532 -0.11038567 2.4380835e-09)
(1.0834448 -0.11376564 3.3824369e-09)
(1.0847746 -0.11382553 3.7909542e-09)
(1.0873607 -0.11143486 4.02935e-09)
(1.0914977 -0.10459007 3.9173181e-09)
(1.0956764 -0.095516802 3.4858826e-09)
(1.0996076 -0.085411558 2.9002858e-09)
(1.1031112 -0.075058069 2.2954767e-09)
(1.1060758 -0.065049913 1.7610089e-09)
(1.1085102 -0.05576708 1.3396118e-09)
(1.1104802 -0.047414651 1.0372607e-09)
(1.1120745 -0.040065176 8.369988e-10)
(1.1133845 -0.033701516 7.1165145e-10)
(1.1144906 -0.028253908 6.3319758e-10)
(1.1154562 -0.023627315 5.7837058e-10)
(1.1163266 -0.019719321 5.3101108e-10)
(1.117131 -0.016430612 4.820902e-10)
(1.1178862 -0.013670272 4.2836266e-10)
(1.1186 -0.011357836 3.7047309e-10)
(1.1192748 -0.009423514 3.1110217e-10)
(1.1199097 -0.0078075078 2.5349322e-10)
(1.1205028 -0.0064589574 2.0048513e-10)
(1.1210523 -0.0053347912 1.5402745e-10)
(1.121557 -0.0043986229 1.1506998e-10)
(1.122017 -0.0036198036 8.3689846e-11)
(1.1224331 -0.002972573 5.9323269e-11)
(1.1228068 -0.0024353129 4.1027002e-11)
(1.1231402 -0.0019899018 2.7710314e-11)
(1.1234359 -0.0016211499 1.8295638e-11)
(1.1236969 -0.00131633 1.1818506e-11)
(1.1239262 -0.0010647753 7.4751382e-12)
(1.1241268 -0.00085755178 4.6325384e-12)
(1.1243019 -0.00068718591 2.8144396e-12)
(1.1244542 -0.00054743462 1.6770026e-12)
(1.1245863 -0.00043308405 9.8014921e-13)
(1.1247007 -0.00033978447 5.6181724e-13)
(1.1247995 -0.00026391133 3.1556637e-13)
(1.1248848 -0.00020244414 1.7333398e-13)
(1.1249582 -0.00015286874 9.2703573e-14)
(1.1250213 -0.00011309171 4.7817646e-14)
(1.1250754 -8.1385267e-05 2.3297396e-14)
(1.1251219 -5.6320284e-05 1.0105601e-14)
(1.1251616 -3.6680498e-05 3.1299724e-15)
(1.1251956 -2.1485459e-05 -5.2482881e-16)
(1.1252245 -9.9118584e-06 -2.4453664e-15)
(1.1252492 -1.312555e-06 -3.4564073e-15)
(1.1252701 4.892251e-06 -4.0191401e-15)
(1.1252878 9.1697722e-06 -4.3161099e-15)
(1.1253028 1.1888121e-05 -4.4845981e-15)
(1.1253153 1.3381657e-05 -4.5418858e-15)
(1.1253258 1.3906285e-05 -4.5290261e-15)
(1.1253345 1.3673014e-05 -4.4173371e-15)
(1.1253416 1.2857238e-05 -4.2434819e-15)
(1.1253474 1.1595422e-05 -4.0058355e-15)
(1.125352 1.0016392e-05 -3.7144506e-15)
(1.1253556 8.2280142e-06 -3.37465e-15)
(1.1253584 6.3229232e-06 -3.0118943e-15)
(1.1253604 4.4014093e-06 -2.6010065e-15)
(1.1253617 2.533243e-06 -2.1712776e-15)
(1.1253625 7.0990676e-07 -1.6913175e-15)
(1.1253628 -1.1009633e-06 -1.2049679e-15)
(1.1253627 -2.8672205e-06 -7.2468945e-16)
(1.1253621 -4.5373773e-06 -3.0944868e-16)
(1.1253612 -6.0492228e-06 1.9635411e-17)
(1.12536 -7.2868611e-06 2.4999845e-16)
(1.1253587 -8.1260195e-06 3.946171e-16)
(1.1253576 -8.4932678e-06 4.3278848e-16)
(1.1253565 -8.2491472e-06 3.7155989e-16)
(1.1253557 -7.2268441e-06 1.8312839e-16)
(1.1253551 -5.562801e-06 -9.0399549e-17)
(1.125355 -3.5892357e-06 -4.3519429e-16)
(1.1253552 -1.6361162e-06 -8.1144848e-16)
(1.1253557 5.9146201e-08 -1.1784343e-15)
(1.1253563 1.4215486e-06 -1.5225515e-15)
(1.1253572 2.5578795e-06 -1.8195437e-15)
(1.1253583 3.6759982e-06 -2.0691029e-15)
(1.1253599 5.0030564e-06 -2.2545232e-15)
(1.1253619 6.7482629e-06 -2.3778297e-15)
(1.1253644 9.0662668e-06 -2.419438e-15)
(1.1253674 1.1952682e-05 -2.3769141e-15)
(1.1253707 1.5130034e-05 -2.2234006e-15)
(1.1253739 1.8070203e-05 -1.9561932e-15)
(1.1253767 2.0107383e-05 -1.5711022e-15)
(1.1253787 2.0501635e-05 -1.1296851e-15)
(1.12538 1.9030639e-05 -7.3187169e-16)
(1.1253805 1.4727411e-05 -2.8271264e-16)
(1.1253797 7.4528961e-06 2.9514595e-16)
(1.125378 -3.1709806e-07 8.7688735e-16)
(1.1253761 -6.9467539e-06 1.479202e-15)
(1.1253749 -1.1005176e-05 2.0452671e-15)
(1.1253747 -1.2135947e-05 2.3896095e-15)
(1.125375 -1.1625664e-05 2.5350742e-15)
(1.1253758 -8.5782376e-06 2.7135606e-15)
(1.1253786 3.7621974e-07 2.9614747e-15)
(1.1253829 1.3087784e-05 3.2032079e-15)
(1.1253875 2.5933728e-05 3.3956083e-15)
(1.1253922 3.7257314e-05 3.5537627e-15)
(1.1253961 4.5689719e-05 3.6699048e-15)
(1.1253988 5.0487257e-05 3.7478911e-15)
(1.1253997 5.1941053e-05 3.787881e-15)
(1.1253996 5.1647196e-05 3.7957293e-15)
(1.1253986 4.948226e-05 3.7909974e-15)
(1.1253957 4.3823578e-05 3.7457709e-15)
(1.1253918 3.7215809e-05 3.6837771e-15)
(1.1253874 3.0681693e-05 3.6040082e-15)
(1.1253827 2.4482696e-05 3.536352e-15)
(1.1253781 1.8716065e-05 3.4754222e-15)
(1.1253738 1.3465469e-05 3.4259357e-15)
(1.1253701 9.0013457e-06 3.3898555e-15)
(1.1253672 5.8609642e-06 3.3760975e-15)
(1.1253651 4.5705008e-06 3.3674498e-15)
(1.1253638 5.0793462e-06 3.3701373e-15)
(1.1253634 7.1464714e-06 3.3721674e-15)
(1.1253645 1.2587521e-05 3.3760755e-15)
(1.1253674 2.4338965e-05 3.3649638e-15)
(1.1253699 3.8314728e-05 3.3343725e-15)
(1.1253711 5.1476265e-05 3.278552e-15)
(1.1253707 6.1220315e-05 3.208458e-15)
(1.1253688 6.5981387e-05 3.1347581e-15)
(1.1253665 6.6298291e-05 3.0887709e-15)
(1.1253636 6.2977808e-05 3.0564827e-15)
(1.1253577 5.1794393e-05 3.0131552e-15)
(1.1253506 3.1297375e-05 2.9657327e-15)
(1.1253464 8.3534081e-06 2.9244177e-15)
(1.1253451 -1.3453741e-05 2.894182e-15)
(1.1253466 -3.1362497e-05 2.8675945e-15)
(1.1253503 -4.3860348e-05 2.8489623e-15)
(1.1253554 -5.0955401e-05 2.8276308e-15)
(1.1253603 -5.409798e-05 2.8037372e-15)
(1.125364 -5.5155123e-05 2.7758397e-15)
(1.1253656 -5.5488208e-05 2.7541119e-15)
(1.1253653 -5.603013e-05 2.7426474e-15)
(1.1253627 -5.8969671e-05 2.7224013e-15)
(1.1253564 -6.7050711e-05 2.6662689e-15)
(1.1253493 -7.5555148e-05 2.5900131e-15)
(1.1253428 -8.1307056e-05 2.5052217e-15)
(1.1253382 -8.2747845e-05 2.4223565e-15)
(1.1253356 -8.0125902e-05 2.3602455e-15)
(1.125334 -7.2118639e-05 2.3053778e-15)
(1.1253335 -5.3713349e-05 2.2380108e-15)
(1.1253347 -2.983253e-05 2.1767101e-15)
(1.1253368 -3.8112482e-06 2.1332775e-15)
(1.1253392 2.1492489e-05 2.1018695e-15)
(1.1253414 4.3639976e-05 2.0833254e-15)
(1.125343 6.0622034e-05 2.0739587e-15)
(1.1253438 7.1276501e-05 2.0722356e-15)
(1.1253437 7.5461348e-05 2.0734859e-15)
(1.1253432 7.5467628e-05 2.0748784e-15)
(1.1253416 7.2343267e-05 2.075965e-15)
(1.125339 6.2665351e-05 2.0725401e-15)
(1.1253345 5.0156344e-05 2.0652177e-15)
(1.1253308 3.6827199e-05 2.0443941e-15)
(1.1253252 2.595804e-05 2.0197338e-15)
(1.1253207 1.4537172e-05 1.9776438e-15)
(1.1253161 8.9119224e-06 1.9444278e-15)
(1.1253107 -4.4566602e-06 1.8489318e-15)
(1.0679014 -0.011268101 1.0050803e-11)
(1.0693699 -0.033832536 -1.9599225e-11)
(1.0724249 -0.057080363 2.3408014e-11)
(1.0768722 -0.080843905 -3.7231226e-11)
(1.0831921 -0.10621405 4.5899705e-11)
(1.0914783 -0.13234486 -6.4278855e-11)
(1.1026024 -0.16112462 7.8663736e-11)
(1.116654 -0.19024894 -1.0521112e-10)
(1.1348059 -0.22305725 1.2684664e-10)
(1.1573421 -0.25478538 -1.4694481e-10)
(1.18526 -0.29067358 1.2057297e-10)
(1.2200583 -0.32327191 -3.211631e-11)
(1.2608058 -0.35812897 -1.1648555e-10)
(1.3107109 -0.38695277 2.4348675e-10)
(1.3655914 -0.41274903 -3.0047756e-10)
(1.4298255 -0.43028117 2.9682357e-10)
(1.4973873 -0.43778304 -2.7505746e-10)
(1.5684794 -0.43354829 1.3150882e-10)
(1.6390727 -0.41600006 4.4266728e-11)
(1.7017765 -0.38575107 -5.3511372e-11)
(1.7564951 -0.34837378 -1.5226536e-10)
(1.7984639 -0.3080908 -2.2348778e-10)
(1.8336691 -0.27015965 -2.9471299e-10)
(1.8625484 -0.23495869 -6.0940979e-10)
(1.8852919 -0.20147616 -1.0028504e-09)
(1.9027772 -0.16903209 -1.4456479e-09)
(1.9167892 -0.13714738 -1.9135425e-09)
(1.9285106 -0.10551981 -2.4072495e-09)
(1.9386916 -0.073616034 -2.8682307e-09)
(1.9473679 -0.041173254 -3.2793694e-09)
(1.9548243 -0.0076972371 -3.5827628e-09)
(1.9601906 0.026844155 -3.7789645e-09)
(1.9631528 0.062450314 -3.8889525e-09)
(1.962882 0.099097167 -3.9012802e-09)
(1.9586838 0.13638777 -3.8228697e-09)
(1.9502258 0.17350528 -3.636096e-09)
(1.937111 0.20974372 -3.3709691e-09)
(1.9193834 0.24394874 -3.0166852e-09)
(1.8967045 0.27534555 -2.5974388e-09)
(1.8693218 0.30304882 -2.147783e-09)
(1.8376616 0.32598634 -1.648038e-09)
(1.8015589 0.34422609 -1.1738014e-09)
(1.7618099 0.35710871 -7.602639e-10)
(1.7197045 0.36387816 -4.338396e-10)
(1.6764751 0.36416652 -2.0313573e-10)
(1.6331267 0.35812033 -5.917009e-11)
(1.5905055 0.34617525 1.5752165e-11)
(1.5492768 0.32888121 4.2140409e-11)
(1.5098691 0.30699381 3.70966e-11)
(1.4725232 0.28140419 1.4651802e-11)
(1.437311 0.25299107 -1.5728246e-11)
(1.4041848 0.2225582 -4.9670763e-11)
(1.3730631 0.19086268 -8.2272792e-11)
(1.3438621 0.15862862 -1.0952252e-10)
(1.316501 0.126506 -1.2062215e-10)
(1.2909023 0.095097936 -1.1574916e-10)
(1.2670349 0.064886087 -1.159323e-10)
(1.2448817 0.036186613 -1.6246022e-10)
(1.2244198 0.0091857474 -3.0330619e-10)
(1.2056777 -0.016029806 -5.2914526e-10)
(1.1888414 -0.039466179 -7.0646715e-10)
(1.1741282 -0.060836595 -6.0899802e-10)
(1.161655 -0.079609098 -3.0675243e-11)
(1.1514205 -0.095123929 1.0819688e-09)
(1.1434189 -0.106436 2.5488494e-09)
(1.1378227 -0.11258845 4.0291814e-09)
(1.1344394 -0.11379855 5.1825496e-09)
(1.132538 -0.11175783 5.7214105e-09)
(1.1308794 -0.10594571 5.7033179e-09)
(1.1298291 -0.097189658 5.1919933e-09)
(1.1292553 -0.087078157 4.4126905e-09)
(1.1288159 -0.076524631 3.5766162e-09)
(1.1283856 -0.066235275 2.8347221e-09)
(1.1279311 -0.056672617 2.2630865e-09)
(1.1274599 -0.048088418 1.8737145e-09)
(1.1270016 -0.040572748 1.6366787e-09)
(1.126592 -0.034107191 1.5030164e-09)
(1.1262612 -0.028610616 1.4226693e-09)
(1.1260286 -0.023972788 1.35556e-09)
(1.125902 -0.020076322 1.2762241e-09)
(1.1258788 -0.016809368 1.1735841e-09)
(1.1259487 -0.014071771 1.0478169e-09)
(1.1260969 -0.011777101 9.060986e-10)
(1.1263059 -0.0098524016 7.5854497e-10)
(1.1265585 -0.0082368358 6.1510467e-10)
(1.1268386 -0.0068799603 4.8365996e-10)
(1.1271324 -0.0057400204 3.692376e-10)
(1.1274287 -0.0047824081 2.74044e-10)
(1.1277186 -0.0039782587 1.9799014e-10)
(1.127996 -0.0033033501 1.3941551e-10)
(1.1282567 -0.0027373786 9.5792473e-11)
(1.1284984 -0.0022633044 6.4294686e-11)
(1.1287198 -0.0018667364 4.2196456e-11)
(1.1289207 -0.0015354871 2.7102749e-11)
(1.1291015 -0.001259251 1.7050207e-11)
(1.1292632 -0.0010293029 1.0513185e-11)
(1.129407 -0.00083825177 6.3576782e-12)
(1.1295342 -0.00067984454 3.7727277e-12)
(1.1296463 -0.00054879533 2.1977778e-12)
(1.1297449 -0.00044064137 1.2571699e-12)
(1.1298312 -0.00035162027 7.0613689e-13)
(1.1299067 -0.00027856331 3.8929396e-13)
(1.1299725 -0.00021880793 2.1039415e-13)
(1.1300297 -0.00017011975 1.1115291e-13)
(1.1300795 -0.00013062667 5.7043923e-14)
(1.1301226 -9.8761869e-05 2.8028388e-14)
(1.1301599 -7.3207695e-05 1.271374e-14)
(1.1301922 -5.2871881e-05 4.7410654e-15)
(1.13022 -3.6846635e-05 6.3419679e-16)
(1.1302439 -2.4345998e-05 -1.4652567e-15)
(1.1302644 -1.4750259e-05 -2.54092e-15)
(1.1302819 -7.5249822e-06 -3.0936539e-15)
(1.1302969 -2.2461185e-06 -3.3694922e-15)
(1.1303096 1.4699462e-06 -3.4816218e-15)
(1.1303203 3.9306874e-06 -3.4835895e-15)
(1.1303293 5.3856015e-06 -3.3905669e-15)
(1.1303368 6.0364053e-06 -3.2209648e-15)
(1.1303429 6.0573404e-06 -2.9844653e-15)
(1.1303479 5.5937828e-06 -2.6913169e-15)
(1.1303519 4.7746819e-06 -2.3575127e-15)
(1.1303549 3.7107663e-06 -1.9817575e-15)
(1.1303572 2.5111919e-06 -1.5700419e-15)
(1.1303589 1.2635618e-06 -1.1434337e-15)
(1.1303599 -1.4359962e-08 -6.8704486e-16)
(1.1303605 -1.331867e-06 -2.1216667e-16)
(1.1303605 -2.6332727e-06 2.4283142e-16)
(1.1303602 -3.8709132e-06 6.3385398e-16)
(1.1303594 -5.0378716e-06 9.4615934e-16)
(1.1303583 -6.0643667e-06 1.1721537e-15)
(1.1303571 -6.8195465e-06 1.3094472e-15)
(1.1303558 -7.1771185e-06 1.3444235e-15)
(1.1303544 -7.0167049e-06 1.2730935e-15)
(1.1303531 -6.2496526e-06 1.0943689e-15)
(1.1303521 -4.9360415e-06 8.2940917e-16)
(1.1303515 -3.319666e-06 5.0443404e-16)
(1.1303512 -1.6702753e-06 1.4850249e-16)
(1.1303511 -1.9485188e-07 -2.0834866e-16)
(1.1303513 1.0161545e-06 -5.4587144e-16)
(1.1303515 2.0050132e-06 -8.4838006e-16)
(1.1303518 2.909856e-06 -1.1086098e-15)
(1.1303524 3.9199757e-06 -1.3165217e-15)
(1.1303532 5.2466258e-06 -1.4632713e-15)
(1.1303543 7.0777706e-06 -1.5360923e-15)
(1.130356 9.4770477e-06 -1.5207013e-15)
(1.1303581 1.2296211e-05 -1.3992685e-15)
(1.1303606 1.5151209e-05 -1.1655265e-15)
(1.1303633 1.7428405e-05 -8.2159009e-16)
(1.1303658 1.8424343e-05 -3.8795971e-16)
(1.1303679 1.7501039e-05 8.737436e-17)
(1.1303693 1.4031596e-05 5.9681244e-16)
(1.1303696 8.1736883e-06 1.1627253e-15)
(1.1303685 1.3769766e-06 1.724759e-15)
(1.1303665 -4.9888022e-06 2.2671449e-15)
(1.1303641 -9.5793486e-06 2.7671591e-15)
(1.1303622 -1.1547001e-05 3.1959997e-15)
(1.1303611 -1.126042e-05 3.4560826e-15)
(1.1303602 -8.7984515e-06 3.639159e-15)
(1.1303597 -1.307106e-06 3.8750442e-15)
(1.1303609 9.9720403e-06 4.1121544e-15)
(1.1303638 2.1848006e-05 4.3036046e-15)
(1.1303678 3.2774314e-05 4.4551503e-15)
(1.1303722 4.1522477e-05 4.5691739e-15)
(1.1303764 4.7499513e-05 4.6463677e-15)
(1.1303797 5.0606544e-05 4.6879478e-15)
(1.1303821 5.0998061e-05 4.6942993e-15)
(1.1303837 4.9045977e-05 4.6727827e-15)
(1.1303844 4.486849e-05 4.6187117e-15)
(1.1303839 3.9540296e-05 4.5452014e-15)
(1.1303823 3.3756602e-05 4.4599393e-15)
(1.1303801 2.7921288e-05 4.3760463e-15)
(1.1303775 2.2195345e-05 4.3001877e-15)
(1.130375 1.6715271e-05 4.2369596e-15)
(1.1303725 1.1814688e-05 4.188932e-15)
(1.1303704 8.1398636e-06 4.1573766e-15)
(1.1303687 6.3197002e-06 4.1391223e-15)
(1.130368 6.0855481e-06 4.132306e-15)
(1.1303681 6.8858723e-06 4.1314652e-15)
(1.130369 1.052062e-05 4.1319889e-15)
(1.1303722 2.0910006e-05 4.1228964e-15)
(1.1303766 3.5505424e-05 4.0907162e-15)
(1.1303806 4.9709385e-05 4.0322592e-15)
(1.1303838 6.0822131e-05 3.9492519e-15)
(1.1303856 6.6655566e-05 3.8604923e-15)
(1.1303859 6.7494995e-05 3.8147805e-15)
(1.1303855 6.544641e-05 3.7855164e-15)
(1.1303837 5.6878911e-05 3.742303e-15)
(1.1303801 3.5873137e-05 3.6779882e-15)
(1.1303771 1.0861694e-05 3.6198481e-15)
(1.1303758 -1.3299518e-05 3.5716773e-15)
(1.1303762 -3.3433889e-05 3.5317165e-15)
(1.130378 -4.7611107e-05 3.498259e-15)
(1.1303806 -5.5144552e-05 3.4650693e-15)
(1.1303828 -5.6973185e-05 3.4296505e-15)
(1.1303835 -5.6314617e-05 3.4112009e-15)
(1.1303827 -5.416378e-05 3.3880079e-15)
(1.130379 -5.2440949e-05 3.3620583e-15)
(1.1303718 -5.3837173e-05 3.3202751e-15)
(1.1303619 -5.8930232e-05 3.2570695e-15)
(1.1303499 -6.5938125e-05 3.1753585e-15)
(1.1303373 -7.2298401e-05 3.0830784e-15)
(1.1303256 -7.5887095e-05 2.9866383e-15)
(1.130315 -7.463994e-05 2.8958742e-15)
(1.1303051 -6.6123423e-05 2.8047017e-15)
(1.1302968 -4.9937194e-05 2.7286817e-15)
(1.1302915 -2.8332948e-05 2.6605001e-15)
(1.1302889 -4.1385806e-06 2.6117217e-15)
(1.130289 1.9744599e-05 2.5769511e-15)
(1.1302915 4.0873029e-05 2.5633318e-15)
(1.1302959 5.7370372e-05 2.5557865e-15)
(1.1303016 6.8386097e-05 2.5559132e-15)
(1.1303075 7.3668421e-05 2.556053e-15)
(1.1303132 7.4008244e-05 2.559036e-15)
(1.1303183 6.9741801e-05 2.5562716e-15)
(1.1303231 6.1623447e-05 2.5454514e-15)
(1.1303252 5.1475299e-05 2.5314864e-15)
(1.1303257 3.9416705e-05 2.5007458e-15)
(1.1303235 3.0062364e-05 2.4692964e-15)
(1.13032 1.9116522e-05 2.4157255e-15)
(1.130316 1.3456274e-05 2.3672437e-15)
(1.1303086 -2.9093252e-07 2.2606228e-15)
(1.1428357 -0.011792006 1.4629433e-11)
(1.1437952 -0.035446371 -2.8154059e-11)
(1.1457581 -0.059911796 3.4581813e-11)
(1.1487173 -0.085105515 -5.5786663e-11)
(1.1529029 -0.11223898 7.3256165e-11)
(1.158797 -0.14052747 -1.0920563e-10)
(1.1669116 -0.17215515 1.5035043e-10)
(1.1779412 -0.20457219 -2.2356372e-10)
(1.1928044 -0.24214917 3.1580866e-10)
(1.2120903 -0.2783938 -4.3562829e-10)
(1.2378851 -0.32216178 5.1643812e-10)
(1.271029 -0.36066909 -4.8281696e-10)
(1.3118236 -0.40625735 2.7070295e-10)
(1.3635705 -0.44087921 5.5624007e-11)
(1.4215735 -0.4772651 -4.2451155e-10)
(1.4944403 -0.49980421 7.2812149e-10)
(1.5684995 -0.51087137 -9.5928974e-10)
(1.6541162 -0.50656013 8.8860814e-10)
(1.7344807 -0.48185542 -3.2051162e-10)
(1.806039 -0.44175301 -5.4998119e-10)
(1.8675648 -0.3970693 -7.1409847e-10)
(1.911004 -0.35022135 -6.9096803e-10)
(1.9323314 -0.30213119 -1.4009765e-09)
(1.940422 -0.25729791 -2.6485973e-09)
(1.9443668 -0.21717059 -3.5399519e-09)
(1.9479054 -0.18090041 -4.5427351e-09)
(1.9517367 -0.1468736 -5.6595565e-09)
(1.9558146 -0.11401566 -6.7925866e-09)
(1.9605025 -0.081335082 -7.8626581e-09)
(1.9653586 -0.048096168 -8.7857354e-09)
(1.9707606 -0.013616368 -9.5140827e-09)
(1.975771 0.02266805 -1.0040757e-08)
(1.9791949 0.060728011 -1.0412142e-08)
(1.9802266 0.10051881 -1.0646683e-08)
(1.9783074 0.14143923 -1.066817e-08)
(1.9724886 0.18321027 -1.059192e-08)
(1.9630387 0.22433232 -1.0269641e-08)
(1.9488557 0.26440955 -9.900236e-09)
(1.9306587 0.30150035 -9.3487885e-09)
(1.9077582 0.33468436 -8.6702961e-09)
(1.8804569 0.36416167 -8.114345e-09)
(1.8513979 0.3843896 -6.8380384e-09)
(1.8176091 0.39837463 -5.5528107e-09)
(1.7798297 0.40580581 -4.3449782e-09)
(1.7394102 0.40630431 -3.2711045e-09)
(1.6976887 0.39993868 -2.3650482e-09)
(1.6556494 0.38728199 -1.6485524e-09)
(1.6142461 0.36889359 -1.1173515e-09)
(1.5744334 0.34541824 -7.4490559e-10)
(1.5368265 0.31784275 -5.0030671e-10)
(1.5016495 0.28726366 -3.5385844e-10)
(1.4688975 0.25464622 -2.8015753e-10)
(1.4384748 0.22086267 -2.5890643e-10)
(1.4102375 0.18670362 -2.7432068e-10)
(1.3840289 0.15277296 -3.0646296e-10)
(1.3596697 0.11963461 -3.3514401e-10)
(1.3369675 0.087777632 -3.5674189e-10)
(1.3157475 0.057529833 -4.1158068e-10)
(1.2958519 0.029020626 -5.8466074e-10)
(1.277088 0.0022664968 -9.2595412e-10)
(1.2594567 -0.022664977 -1.3255912e-09)
(1.2431107 -0.045736287 -1.4735003e-09)
(1.2281218 -0.066419276 -9.8839225e-10)
(1.214532 -0.083861584 3.3704078e-10)
(1.2023907 -0.096976493 2.3524165e-09)
(1.191815 -0.10503491 4.5821602e-09)
(1.1828254 -0.10825276 6.4498383e-09)
(1.1749466 -0.10709266 7.5377719e-09)
(1.1678318 -0.10193584 7.7312341e-09)
(1.1616234 -0.093920909 7.196092e-09)
(1.156272 -0.08430718 6.2505842e-09)
(1.1516078 -0.074112833 5.2189706e-09)
(1.1475469 -0.06410327 4.335638e-09)
(1.1440362 -0.05478583 3.7128625e-09)
(1.1410306 -0.046437004 3.3559015e-09)
(1.1384912 -0.039156738 3.2008439e-09)
(1.1363825 -0.032927073 3.1554495e-09)
(1.1346678 -0.027661955 3.1315196e-09)
(1.1333084 -0.023244091 3.0644431e-09)
(1.132263 -0.019549241 2.9202976e-09)
(1.1314892 -0.016460277 2.6935329e-09)
(1.1309445 -0.013873918 2.3992171e-09)
(1.130588 -0.011702788 2.0635579e-09)
(1.1303818 -0.009874847 1.715393e-09)
(1.130292 -0.0083315546 1.3801002e-09)
(1.1302893 -0.0070256134 1.0762863e-09)
(1.130349 -0.0059187561 8.1487439e-10)
(1.1304513 -0.0049798182 5.9985857e-10)
(1.1305804 -0.0041831841 4.2994448e-10)
(1.1307243 -0.0035075875 3.0043205e-10)
(1.1308741 -0.002935181 2.0491289e-10)
(1.1310234 -0.0024508364 1.3656877e-10)
(1.1311679 -0.0020416377 8.9025502e-11)
(1.1313049 -0.0016965259 5.6812655e-11)
(1.1314325 -0.0014060146 3.552121e-11)
(1.1315501 -0.0011619555 2.1774641e-11)
(1.1316573 -0.00095734795 1.3095084e-11)
(1.1317544 -0.00078617779 7.7304433e-12)
(1.1318417 -0.00064329186 4.4816704e-12)
(1.1319198 -0.00052428814 2.5526529e-12)
(1.1319893 -0.00042541349 1.428843e-12)
(1.132051 -0.00034347403 7.8606348e-13)
(1.1321056 -0.00027575888 4.2496477e-13)
(1.1321537 -0.00021997125 2.2559746e-13)
(1.1321961 -0.00017416857 1.1738673e-13)
(1.1322332 -0.00013671211 5.9589689e-14)
(1.1322657 -0.00010621927 2.9230754e-14)
(1.1322941 -8.1526462e-05 1.3501489e-14)
(1.1323189 -6.1655608e-05 5.4740307e-15)
(1.1323404 -4.577985e-05 1.4407904e-15)
(1.132359 -3.321659e-05 -5.7034409e-16)
(1.132375 -2.3393367e-05 -1.5802746e-15)
(1.1323889 -1.5811273e-05 -2.0608905e-15)
(1.1324007 -1.0074421e-05 -2.2583878e-15)
(1.1324108 -5.8346108e-06 -2.3100211e-15)
(1.1324193 -2.8156508e-06 -2.2381202e-15)
(1.1324265 -7.870651e-07 -2.0823315e-15)
(1.1324324 4.5011273e-07 -1.8753584e-15)
(1.1324373 1.0594018e-06 -1.5939968e-15)
(1.1324412 1.1796608e-06 -1.2716179e-15)
(1.1324443 9.4325961e-07 -9.145043e-16)
(1.1324466 4.5690233e-07 -5.2075293e-16)
(1.1324483 -1.7937512e-07 -1.4009209e-16)
(1.1324495 -9.1175234e-07 2.6078004e-16)
(1.1324501 -1.7310288e-06 6.9492832e-16)
(1.1324503 -2.5770577e-06 1.1101888e-15)
(1.1324502 -3.4043229e-06 1.444632e-15)
(1.1324496 -4.2254076e-06 1.7093178e-15)
(1.1324487 -4.9801609e-06 1.9074687e-15)
(1.1324476 -5.5399229e-06 2.0324635e-15)
(1.1324462 -5.7891054e-06 2.0649839e-15)
(1.1324448 -5.6282102e-06 1.9999566e-15)
(1.1324435 -4.9987862e-06 1.8387482e-15)
(1.1324423 -3.951959e-06 1.6047412e-15)
(1.1324414 -2.6494048e-06 1.3163933e-15)
(1.1324407 -1.2835873e-06 1.0020351e-15)
(1.1324403 -1.3310788e-08 6.7946953e-16)
(1.1324401 1.0778646e-06 3.6914184e-16)
(1.1324399 1.9959529e-06 8.4729652e-17)
(1.1324398 2.8222539e-06 -1.6726999e-16)
(1.1324397 3.6910872e-06 -3.7817341e-16)
(1.1324398 4.7717371e-06 -5.3603371e-16)
(1.1324401 6.2320715e-06 -6.2773262e-16)
(1.1324408 8.1613295e-06 -6.4010283e-16)
(1.132442 1.0489559e-05 -5.4926456e-16)
(1.1324437 1.2929997e-05 -3.5157525e-16)
(1.1324458 1.4975038e-05 -4.7991062e-17)
(1.1324481 1.6011561e-05 3.4777362e-16)
(1.1324503 1.5452904e-05 8.0885496e-16)
(1.1324521 1.2826908e-05 1.3165763e-15)
(1.1324528 8.2993815e-06 1.8420674e-15)
(1.1324521 2.7639844e-06 2.3626269e-15)
(1.1324502 -2.6827518e-06 2.856082e-15)
(1.1324475 -6.9844889e-06 3.297014e-15)
(1.1324447 -9.4250747e-06 3.6786802e-15)
(1.1324419 -9.5508982e-06 3.9861899e-15)
(1.1324392 -6.8117732e-06 4.2405656e-15)
(1.1324368 -1.8002942e-07 4.4861572e-15)
(1.1324361 8.9792682e-06 4.6888014e-15)
(1.1324375 1.913377e-05 4.8665158e-15)
(1.1324404 2.8888071e-05 5.0075459e-15)
(1.1324444 3.712471e-05 5.1127583e-15)
(1.1324489 4.3121507e-05 5.1862798e-15)
(1.1324533 4.6605181e-05 5.2250091e-15)
(1.1324573 4.7725886e-05 5.223953e-15)
(1.1324609 4.6655192e-05 5.1975134e-15)
(1.1324636 4.3632705e-05 5.1368399e-15)
(1.1324651 3.9354862e-05 5.0563521e-15)
(1.1324657 3.4436954e-05 4.9629126e-15)
(1.1324654 2.920831e-05 4.8664632e-15)
(1.1324646 2.3839228e-05 4.7854991e-15)
(1.1324634 1.8515542e-05 4.7117847e-15)
(1.1324621 1.3598021e-05 4.6541969e-15)
(1.1324608 9.6071119e-06 4.6111676e-15)
(1.1324601 6.998057e-06 4.5816313e-15)
(1.1324604 5.9451362e-06 4.5654654e-15)
(1.1324612 6.1259185e-06 4.5603811e-15)
(1.132463 8.4484391e-06 4.5575672e-15)
(1.1324667 1.6413664e-05 4.5464232e-15)
(1.132473 2.9991772e-05 4.5144907e-15)
(1.1324803 4.4138583e-05 4.4602432e-15)
(1.1324878 5.6219233e-05 4.3856857e-15)
(1.132494 6.3941516e-05 4.3027416e-15)
(1.132498 6.6359221e-05 4.2273431e-15)
(1.1324999 6.4770128e-05 4.1851184e-15)
(1.1325014 5.7586465e-05 4.1424492e-15)
(1.1325021 3.7974599e-05 4.0719691e-15)
(1.1325012 1.2564244e-05 4.002717e-15)
(1.1324999 -1.2408959e-05 3.9372197e-15)
(1.1324986 -3.3471124e-05 3.8817345e-15)
(1.1324977 -4.8137439e-05 3.8327151e-15)
(1.1324966 -5.5469467e-05 3.7872275e-15)
(1.1324954 -5.6927607e-05 3.7606984e-15)
(1.1324939 -5.5446525e-05 3.7448508e-15)
(1.1324888 -5.0382596e-05 3.712139e-15)
(1.1324802 -4.5043331e-05 3.6721327e-15)
(1.1324688 -4.2966167e-05 3.6229738e-15)
(1.1324544 -4.5285841e-05 3.5565685e-15)
(1.1324376 -5.0758978e-05 3.4754903e-15)
(1.1324194 -5.6802982e-05 3.3801779e-15)
(1.132401 -6.0724041e-05 3.2786288e-15)
(1.1323831 -6.0192368e-05 3.1748094e-15)
(1.1323663 -5.3475099e-05 3.0773066e-15)
(1.132352 -4.0107427e-05 2.9899548e-15)
(1.1323414 -2.1834331e-05 2.9194012e-15)
(1.1323349 -1.2420581e-06 2.8682985e-15)
(1.1323329 1.9053335e-05 2.8402367e-15)
(1.1323352 3.6906828e-05 2.82705e-15)
(1.1323414 5.0809259e-05 2.8250642e-15)
(1.1323505 6.0015566e-05 2.8278059e-15)
(1.1323612 6.4363678e-05 2.8320157e-15)
(1.1323729 6.4675004e-05 2.8319676e-15)
(1.1323843 6.1584928e-05 2.8267026e-15)
(1.1323944 5.5369428e-05 2.8096918e-15)
(1.1324018 4.7781678e-05 2.7897309e-15)
(1.1324061 3.8328322e-05 2.7492982e-15)
(1.1324072 3.1532038e-05 2.7115926e-15)
(1.1324054 2.2791172e-05 2.6537362e-15)
(1.1324024 1.7746694e-05 2.5897837e-15)
(1.1323944 4.9390204e-06 2.4804222e-15)
(1.2106271 -0.012021261 1.5456595e-11)
(1.2109842 -0.036212932 -2.8759636e-11)
(1.2116534 -0.061272355 3.5189098e-11)
(1.2128347 -0.087390723 -5.6266533e-11)
(1.2144047 -0.11559923 7.4787955e-11)
(1.217397 -0.1457079 -1.1476188e-10)
(1.2215224 -0.17939508 1.6785979e-10)
(1.2289027 -0.2153066 -2.7150247e-10)
(1.2385779 -0.25681822 4.30965e-10)
(1.2544788 -0.29904934 -6.8685841e-10)
(1.2768922 -0.35172851 1.0172959e-09)
(1.3059893 -0.39766356 -1.327186e-09)
(1.3455466 -0.45612292 1.3982564e-09)
(1.39694 -0.49782298 -1.2388083e-09)
(1.4609115 -0.55222598 6.6772208e-10)
(1.5421949 -0.57859953 2.4020731e-10)
(1.6276487 -0.59894573 -1.4873544e-09)
(1.7363482 -0.5936698 2.7036814e-09)
(1.8256213 -0.555813 -3.2891409e-09)
(1.9212283 -0.51252288 -1.5984831e-09)
(1.9590802 -0.44265081 -1.5610454e-09)
(1.9694557 -0.37414538 -2.1537704e-09)
(1.9624517 -0.31255153 -5.7857043e-09)
(1.9472812 -0.26099847 -8.6147628e-09)
(1.9283737 -0.21854235 -1.287921e-08)
(1.9107542 -0.18144447 -1.6064594e-08)
(1.8952045 -0.14785402 -1.913908e-08)
(1.8830603 -0.11603022 -2.1403234e-08)
(1.8744307 -0.084935723 -2.2972842e-08)
(1.8701862 -0.053249629 -2.3784776e-08)
(1.8698538 -0.01987316 -2.3985305e-08)
(1.8735368 0.016184673 -2.3635523e-08)
(1.8803193 0.054750555 -2.2796322e-08)
(1.8886962 0.095837856 -2.1653347e-08)
(1.8970747 0.13911015 -2.0353639e-08)
(1.9031626 0.18391591 -1.9000049e-08)
(1.9059859 0.22936294 -1.7667827e-08)
(1.903548 0.2738685 -1.6360761e-08)
(1.8956106 0.31575382 -1.5131983e-08)
(1.8818612 0.35351024 -1.3875437e-08)
(1.8622541 0.38534841 -1.2587654e-08)
(1.8375269 0.413145 -1.177197e-08)
(1.809669 0.4329948 -1.076424e-08)
(1.7786556 0.4444392 -9.5746667e-09)
(1.7453107 0.44730201 -8.2843532e-09)
(1.7107482 0.44192287 -6.9901044e-09)
(1.6758674 0.42885895 -5.7287019e-09)
(1.6409615 0.40886631 -4.5756085e-09)
(1.606527 0.38344491 -3.6348093e-09)
(1.5734913 0.35367275 -2.8994985e-09)
(1.542263 0.3206921 -2.3426021e-09)
(1.5129223 0.28562636 -1.9399524e-09)
(1.485507 0.24947833 -1.6621073e-09)
(1.4598903 0.21316606 -1.4913993e-09)
(1.435941 0.17740945 -1.4054017e-09)
(1.413596 0.14269201 -1.3616264e-09)
(1.3927075 0.10943249 -1.3171344e-09)
(1.373022 0.077953895 -1.2914099e-09)
(1.3542779 0.048390557 -1.4060429e-09)
(1.3363303 0.020662756 -1.7893329e-09)
(1.3189053 -0.0051952521 -2.3669824e-09)
(1.3019244 -0.029084543 -2.7334485e-09)
(1.2855342 -0.050693079 -2.2974476e-09)
(1.269655 -0.069141527 -6.6646391e-10)
(1.2542683 -0.083409251 2.0284565e-09)
(1.2395396 -0.09275709 5.1389753e-09)
(1.2256525 -0.097066236 7.8285322e-09)
(1.2125987 -0.096796442 9.4766168e-09)
(1.2004287 -0.09262627 9.9097171e-09)
(1.1893588 -0.085626902 9.3753e-09)
(1.1795105 -0.077002088 8.3428687e-09)
(1.1708844 -0.0677509 7.2794716e-09)
(1.1634416 -0.058624783 6.5014222e-09)
(1.1571113 -0.050121993 6.1280263e-09)
(1.1517974 -0.042514401 6.1123855e-09)
(1.1473924 -0.035900749 6.3088817e-09)
(1.143787 -0.030263955 6.5437777e-09)
(1.1408755 -0.025519933 6.6691064e-09)
(1.1385584 -0.021554039 6.5924089e-09)
(1.1367444 -0.018245337 6.283576e-09)
(1.1353502 -0.015480768 5.7650464e-09)
(1.1343014 -0.01316191 5.0933447e-09)
(1.1335322 -0.011206969 4.3391559e-09)
(1.1329857 -0.0095500032 3.5708672e-09)
(1.1326134 -0.0081387976 2.8438821e-09)
(1.1323745 -0.0069322935 2.1958448e-09)
(1.132236 -0.0058981132 1.6465728e-09)
(1.1321711 -0.0050104462 1.2009687e-09)
(1.1321588 -0.0042483742 8.5325565e-10)
(1.132183 -0.0035945986 5.9127871e-10)
(1.1322312 -0.0030345116 4.0011534e-10)
(1.1322945 -0.0025555732 2.6467932e-10)
(1.132366 -0.0021469173 1.7132047e-10)
(1.1324411 -0.0017990572 1.0859781e-10)
(1.1325164 -0.0015036672 6.7465529e-11)
(1.1325897 -0.0012534435 4.1104069e-11)
(1.1326595 -0.0010419899 2.4574629e-11)
(1.1327251 -0.00086372061 1.4425294e-11)
(1.1327859 -0.00071377723 8.3177815e-12)
(1.1328417 -0.000587952 4.7133368e-12)
(1.1328926 -0.00048261341 2.6257565e-12)
(1.1329388 -0.00039463829 1.4385449e-12)
(1.1329804 -0.00032134884 7.7523105e-13)
(1.1330177 -0.00026045575 4.1094814e-13)
(1.1330511 -0.00021000779 2.142108e-13)
(1.1330808 -0.00016834645 1.0967175e-13)
(1.1331072 -0.00013406359 5.5000288e-14)
(1.1331305 -0.00010596555 2.6839697e-14)
(1.1331511 -8.304288e-05 1.2559059e-14)
(1.1331692 -6.4442107e-05 5.4128132e-15)
(1.133185 -4.9445817e-05 1.9044984e-15)
(1.1331988 -3.7448955e-05 1.7683285e-16)
(1.1332108 -2.7936628e-05 -6.1310308e-16)
(1.1332212 -2.0480584e-05 -9.7842404e-16)
(1.1332301 -1.4716279e-05 -1.1002459e-15)
(1.1332377 -1.0344502e-05 -1.0774287e-15)
(1.1332441 -7.1057862e-06 -9.5578782e-16)
(1.1332495 -4.7914334e-06 -7.6394161e-16)
(1.1332539 -3.2207739e-06 -5.1626478e-16)
(1.1332575 -2.2425039e-06 -2.3093549e-16)
(1.1332604 -1.7273133e-06 6.7799974e-17)
(1.1332626 -1.5349239e-06 4.1213245e-16)
(1.1332641 -1.6160527e-06 7.3696043e-16)
(1.1332653 -1.8309436e-06 1.0429174e-15)
(1.1332659 -2.1866777e-06 1.4347961e-15)
(1.1332661 -2.6233858e-06 1.7857485e-15)
(1.133266 -3.0942075e-06 2.0334576e-15)
(1.1332656 -3.597926e-06 2.2282562e-15)
(1.1332649 -4.0576828e-06 2.3901713e-15)
(1.1332638 -4.3675832e-06 2.4980002e-15)
(1.1332626 -4.4554026e-06 2.5286368e-15)
(1.1332613 -4.2458539e-06 2.4815443e-15)
(1.13326 -3.69816e-06 2.3550532e-15)
(1.1332588 -2.8446746e-06 2.1710035e-15)
(1.1332578 -1.7874264e-06 1.9333363e-15)
(1.133257 -6.5621647e-07 1.6817743e-15)
(1.1332564 4.3595817e-07 1.3983623e-15)
(1.1332559 1.4225254e-06 1.155586e-15)
(1.1332555 2.2940537e-06 9.0204912e-16)
(1.1332552 3.0927762e-06 6.7036484e-16)
(1.1332548 3.9051013e-06 4.6889438e-16)
(1.1332545 4.8524966e-06 3.0905682e-16)
(1.1332544 6.0627557e-06 2.0505534e-16)
(1.1332546 7.6116406e-06 1.730482e-16)
(1.1332551 9.4571644e-06 2.2892852e-16)
(1.1332561 1.139237e-05 3.8236371e-16)
(1.1332577 1.3036689e-05 6.3282316e-16)
(1.1332595 1.3903828e-05 9.69962e-16)
(1.1332614 1.352779e-05 1.3738382e-15)
(1.1332629 1.1597542e-05 1.8197529e-15)
(1.1332636 8.2046356e-06 2.2817259e-15)
(1.1332631 3.9294407e-06 2.7356015e-15)
(1.1332614 -4.2293685e-07 3.1627015e-15)
(1.1332587 -3.9888629e-06 3.5483028e-15)
(1.1332553 -6.0284634e-06 3.8882555e-15)
(1.1332517 -6.0291643e-06 4.181702e-15)
(1.1332479 -3.5170525e-06 4.4387709e-15)
(1.1332448 1.7921614e-06 4.6620446e-15)
(1.1332432 9.2321113e-06 4.858146e-15)
(1.1332435 1.7624771e-05 5.0178158e-15)
(1.1332454 2.5869852e-05 5.1554905e-15)
(1.1332487 3.3048635e-05 5.2424104e-15)
(1.1332529 3.8527759e-05 5.3222905e-15)
(1.1332575 4.1997371e-05 5.349423e-15)
(1.1332621 4.3419534e-05 5.3416937e-15)
(1.1332664 4.2918575e-05 5.3044893e-15)
(1.13327 4.077041e-05 5.2428884e-15)
(1.1332727 3.7474612e-05 5.1627778e-15)
(1.1332746 3.3451774e-05 5.0715004e-15)
(1.1332756 2.8957624e-05 4.9791204e-15)
(1.1332759 2.4164659e-05 4.8926541e-15)
(1.1332757 1.9255124e-05 4.8163285e-15)
(1.1332751 1.4483973e-05 4.7532609e-15)
(1.1332744 1.0190519e-05 4.7041197e-15)
(1.1332742 6.7826724e-06 4.6689013e-15)
(1.1332751 4.5870463e-06 4.647027e-15)
(1.1332773 3.8397131e-06 4.6356745e-15)
(1.1332804 5.325043e-06 4.6294572e-15)
(1.1332852 1.1165677e-05 4.6182054e-15)
(1.1332929 2.2137324e-05 4.5906804e-15)
(1.1333028 3.5020771e-05 4.5449693e-15)
(1.1333138 4.7317564e-05 4.483153e-15)
(1.1333241 5.6788453e-05 4.4110491e-15)
(1.1333324 6.1901848e-05 4.3392027e-15)
(1.1333389 6.1442752e-05 4.2705867e-15)
(1.133344 5.4297466e-05 4.2160267e-15)
(1.1333484 3.6352385e-05 4.1382253e-15)
(1.1333497 1.3068797e-05 4.0707204e-15)
(1.1333484 -1.071518e-05 4.0007444e-15)
(1.1333456 -3.1179448e-05 3.9365542e-15)
(1.1333419 -4.5631421e-05 3.8793348e-15)
(1.1333378 -5.3058006e-05 3.8322032e-15)
(1.1333333 -5.4122178e-05 3.7990951e-15)
(1.133327 -4.9697444e-05 3.7710539e-15)
(1.1333167 -4.0879864e-05 3.7363071e-15)
(1.133304 -3.2577507e-05 3.6970179e-15)
(1.1332883 -2.7690989e-05 3.6510389e-15)
(1.1332698 -2.7369671e-05 3.5893687e-15)
(1.1332487 -3.076322e-05 3.5175603e-15)
(1.1332259 -3.5690375e-05 3.4252653e-15)
(1.1332024 -3.9526554e-05 3.336175e-15)
(1.1331793 -3.9882946e-05 3.2332806e-15)
(1.1331577 -3.5159862e-05 3.1463377e-15)
(1.1331391 -2.5153301e-05 3.0602538e-15)
(1.1331248 -1.1253558e-05 3.0015007e-15)
(1.1331154 4.3492651e-06 2.9538341e-15)
(1.1331116 1.9407639e-05 2.9345089e-15)
(1.1331134 3.2268742e-05 2.9233323e-15)
(1.1331203 4.2102153e-05 2.9293485e-15)
(1.1331311 4.8404977e-05 2.9328777e-15)
(1.1331446 5.1083403e-05 2.9405535e-15)
(1.1331595 5.0868325e-05 2.9375091e-15)
(1.1331745 4.850905e-05 2.9303683e-15)
(1.1331879 4.4415502e-05 2.9060428e-15)
(1.1331985 3.989528e-05 2.8766074e-15)
(1.1332054 3.4243504e-05 2.8294944e-15)
(1.1332089 3.0327194e-05 2.7804161e-15)
(1.1332091 2.5047364e-05 2.7264204e-15)
(1.1332073 2.1217071e-05 2.6540408e-15)
(1.1332003 1.0268822e-05 2.5518457e-15)
(1.2712984 -0.011917068 1.3977607e-11)
(1.2709068 -0.035987717 -2.4179296e-11)
(1.2701895 -0.060946161 2.7562328e-11)
(1.2691622 -0.087309845 -4.125601e-11)
(1.2678806 -0.11582004 4.8875831e-11)
(1.2670503 -0.14709587 -7.0201973e-11)
(1.2667347 -0.18192188 9.4633651e-11)
(1.2686793 -0.22108581 -1.5693519e-10)
(1.2723205 -0.26529012 2.6431122e-10)
(1.2825133 -0.31526681 -4.8045831e-10)
(1.2948878 -0.37233926 8.8534301e-10)
(1.3195128 -0.430978 -1.6115952e-09)
(1.3549337 -0.50208004 2.2965431e-09)
(1.4063334 -0.5597643 -3.1237004e-09)
(1.4780996 -0.63921965 3.6711769e-09)
(1.5663305 -0.6707709 -3.4425845e-09)
(1.6795184 -0.71864161 1.4936246e-09)
(1.8125944 -0.70739808 6.3728771e-10)
(1.9273799 -0.66132844 -1.0041241e-08)
(1.9789249 -0.55952267 2.4170981e-11)
(1.9726404 -0.45542186 -4.1912095e-09)
(1.9395513 -0.36786621 -1.7253972e-08)
(1.8668684 -0.2912691 -3.1717835e-08)
(1.7882715 -0.23391565 -3.9170677e-08)
(1.715334 -0.18951397 -4.5971777e-08)
(1.6571849 -0.15267467 -4.6573054e-08)
(1.6091839 -0.12216748 -4.8375657e-08)
(1.5743758 -0.094924937 -4.4889263e-08)
(1.551476 -0.069865867 -4.0385518e-08)
(1.5403969 -0.044735415 -3.5007968e-08)
(1.5406677 -0.017576062 -2.904018e-08)
(1.5507574 0.012330255 -2.3253446e-08)
(1.5698487 0.046020976 -1.8248543e-08)
(1.5959747 0.083585851 -1.4446321e-08)
(1.6275846 0.12497975 -1.2331642e-08)
(1.6610396 0.16966336 -1.1518559e-08)
(1.6958039 0.21711225 -1.2465063e-08)
(1.7268701 0.26579903 -1.4151213e-08)
(1.7496669 0.31405498 -1.5797757e-08)
(1.7635368 0.35938101 -1.6919398e-08)
(1.7675844 0.39909427 -1.7220456e-08)
(1.7614021 0.43181478 -1.7015891e-08)
(1.7476596 0.45607345 -1.6313933e-08)
(1.7280648 0.47063883 -1.5171765e-08)
(1.7039242 0.47560413 -1.3629908e-08)
(1.6773857 0.47178759 -1.1946824e-08)
(1.6496669 0.45954163 -1.0229609e-08)
(1.6213732 0.43997705 -8.6352931e-09)
(1.5936626 0.41420634 -7.2299936e-09)
(1.5671996 0.38363272 -6.073567e-09)
(1.5422755 0.34956287 -5.1952161e-09)
(1.5190559 0.31309053 -4.5285491e-09)
(1.4975282 0.27543845 -4.0527471e-09)
(1.4777623 0.23743345 -3.7063506e-09)
(1.4594542 0.1996054 -3.3706937e-09)
(1.4418773 0.16320778 -3.1550808e-09)
(1.4249431 0.12864586 -2.9811941e-09)
(1.4084868 0.096176105 -2.8510964e-09)
(1.3922843 0.065951356 -2.9222857e-09)
(1.3761995 0.037901433 -3.3682281e-09)
(1.3600678 0.011741282 -4.0799381e-09)
(1.34372 -0.012229805 -4.5042659e-09)
(1.327094 -0.033750226 -3.8264022e-09)
(1.3101462 -0.052188799 -1.5461871e-09)
(1.2927905 -0.066621546 2.0830749e-09)
(1.275179 -0.076373224 6.1423252e-09)
(1.2576927 -0.081293817 9.5457202e-09)
(1.2407153 -0.081802961 1.15681e-08)
(1.2246219 -0.078696404 1.2106784e-08)
(1.2098023 -0.073008087 1.1600898e-08)
(1.1965239 -0.065813788 1.0726416e-08)
(1.1848956 -0.058022822 1.0082035e-08)
(1.174911 -0.050312458 1.000005e-08)
(1.1664824 -0.043126386 1.0510396e-08)
(1.1594693 -0.036705303 1.1414333e-08)
(1.1537064 -0.031135761 1.2403698e-08)
(1.1490236 -0.026401278 1.3174371e-08)
(1.1452591 -0.022425828 1.3505236e-08)
(1.1422646 -0.019106451 1.3293723e-08)
(1.1399088 -0.016335207 1.2552883e-08)
(1.1380766 -0.014012117 1.1382716e-08)
(1.1366692 -0.012051368 9.9306509e-09)
(1.1356027 -0.010383065 8.3537552e-09)
(1.1348064 -0.0089523382 6.7904898e-09)
(1.1342218 -0.007717105 5.3447528e-09)
(1.133801 -0.0066454025 4.0811574e-09)
(1.1335055 -0.0057128487 3.0284264e-09)
(1.1333046 -0.0049005021 2.1872916e-09)
(1.1331743 -0.0041932083 1.5397986e-09)
(1.1330959 -0.003578404 1.0578842e-09)
(1.1330552 -0.0030453076 7.1010186e-10)
(1.1330412 -0.0025844191 4.6617483e-10)
(1.133046 -0.0021872307 2.9957836e-10)
(1.1330635 -0.0018460539 1.8860318e-10)
(1.1330893 -0.0015539258 1.1640437e-10)
(1.1331201 -0.0013045597 7.0476387e-11)
(1.1331536 -0.0010923118 4.1881034e-11)
(1.1331881 -0.0009121515 2.4440781e-11)
(1.1332224 -0.00075962438 1.401344e-11)
(1.1332558 -0.00063081076 7.8977301e-12)
(1.1332877 -0.00052228356 4.3769789e-12)
(1.1333178 -0.00043106261 2.3863845e-12)
(1.1333458 -0.00035456871 1.2804847e-12)
(1.1333718 -0.00029057903 6.7646438e-13)
(1.1333955 -0.00023718503 3.5197616e-13)
(1.1334172 -0.00019275321 1.804378e-13)
(1.1334368 -0.00015588855 9.1167424e-14)
(1.1334545 -0.00012540209 4.541613e-14)
(1.1334704 -0.00010028266 2.2325354e-14)
(1.1334845 -7.9671499e-05 1.0843528e-14)
(1.1334971 -6.2841186e-05 5.2250404e-15)
(1.1335082 -4.9175409e-05 2.5108181e-15)
(1.133518 -3.8150974e-05 1.2262955e-15)
(1.1335265 -2.9326624e-05 6.4005006e-16)
(1.1335339 -2.2327804e-05 4.052594e-16)
(1.1335402 -1.6840341e-05 3.6039977e-16)
(1.1335456 -1.2597963e-05 4.3109274e-16)
(1.1335502 -9.3781739e-06 5.7716732e-16)
(1.133554 -6.9922408e-06 7.7389881e-16)
(1.1335571 -5.2812111e-06 1.002924e-15)
(1.1335596 -4.1074548e-06 1.2452342e-15)
(1.1335615 -3.3404879e-06 1.5024693e-15)
(1.1335629 -2.8944596e-06 1.7649968e-15)
(1.1335638 -2.6879712e-06 1.9864526e-15)
(1.1335644 -2.6006805e-06 2.2873048e-15)
(1.1335646 -2.7217096e-06 2.5748732e-15)
(1.1335645 -2.8663367e-06 2.6948606e-15)
(1.1335642 -3.0565179e-06 2.8283937e-15)
(1.1335635 -3.2279114e-06 2.9721384e-15)
(1.1335626 -3.3111862e-06 3.0589285e-15)
(1.1335615 -3.2509828e-06 3.0829718e-15)
(1.1335603 -2.981741e-06 3.0493971e-15)
(1.1335591 -2.4730512e-06 2.9600788e-15)
(1.1335579 -1.7453448e-06 2.8261715e-15)
(1.1335569 -8.6359719e-07 2.6530966e-15)
(1.1335561 8.8005464e-08 2.4585572e-15)
(1.1335554 1.0341577e-06 2.2464378e-15)
(1.1335548 1.9270883e-06 2.0333056e-15)
(1.1335543 2.7530037e-06 1.823028e-15)
(1.1335538 3.5314426e-06 1.6224117e-15)
(1.1335534 4.3146235e-06 1.4398224e-15)
(1.1335529 5.182672e-06 1.2863743e-15)
(1.1335526 6.2213664e-06 1.1761685e-15)
(1.1335525 7.4797064e-06 1.1249068e-15)
(1.1335527 8.9228282e-06 1.147048e-15)
(1.1335533 1.0399072e-05 1.2517965e-15)
(1.1335543 1.1635208e-05 1.4393524e-15)
(1.1335556 1.2284144e-05 1.7009235e-15)
(1.133557 1.2016119e-05 2.0194189e-15)
(1.1335581 1.0623563e-05 2.3740543e-15)
(1.1335586 8.1584473e-06 2.7434691e-15)
(1.1335581 5.0034048e-06 3.1082258e-15)
(1.1335564 1.7575976e-06 3.4537029e-15)
(1.1335538 -9.0465068e-07 3.7704358e-15)
(1.1335504 -2.363933e-06 4.0555865e-15)
(1.1335466 -2.1453691e-06 4.3089822e-15)
(1.1335428 7.6711172e-08 4.5345288e-15)
(1.1335396 4.3792948e-06 4.7321048e-15)
(1.1335377 1.0277895e-05 4.9044622e-15)
(1.1335373 1.6978596e-05 5.0469797e-15)
(1.1335385 2.3666392e-05 5.1623026e-15)
(1.1335411 2.9622852e-05 5.2427811e-15)
(1.1335447 3.4310936e-05 5.2932151e-15)
(1.133549 3.742191e-05 5.3112689e-15)
(1.1335534 3.8872458e-05 5.2989177e-15)
(1.1335577 3.8755108e-05 5.2599511e-15)
(1.1335615 3.7297168e-05 5.1996042e-15)
(1.1335647 3.482205e-05 5.123458e-15)
(1.133567 3.1616889e-05 5.0378747e-15)
(1.1335686 2.7874081e-05 4.9500084e-15)
(1.1335695 2.3727519e-05 4.8656907e-15)
(1.1335698 1.9305941e-05 4.7894722e-15)
(1.1335696 1.4775129e-05 4.724222e-15)
(1.1335694 1.0348458e-05 4.6715785e-15)
(1.1335695 6.2817062e-06 4.6320603e-15)
(1.1335707 2.8749959e-06 4.605302e-15)
(1.1335732 6.2427005e-07 4.5890612e-15)
(1.1335772 5.7600914e-07 4.5783936e-15)
(1.1335832 4.3175364e-06 4.5650682e-15)
(1.1335921 1.2360408e-05 4.5415429e-15)
(1.1336037 2.3276384e-05 4.5038661e-15)
(1.1336172 3.5013939e-05 4.4521775e-15)
(1.1336309 4.5348612e-05 4.3893366e-15)
(1.1336438 5.216448e-05 4.3210556e-15)
(1.1336552 5.3454512e-05 4.2489739e-15)
(1.1336653 4.7053449e-05 4.1757056e-15)
(1.1336728 3.2391917e-05 4.0983031e-15)
(1.1336762 1.2537213e-05 4.02198e-15)
(1.1336756 -8.4890447e-06 3.9482535e-15)
(1.1336721 -2.7137987e-05 3.8797732e-15)
(1.1336665 -4.0593152e-05 3.8192206e-15)
(1.1336594 -4.7061059e-05 3.7683818e-15)
(1.1336503 -4.603867e-05 3.7269405e-15)
(1.1336384 -3.8484464e-05 3.6914032e-15)
(1.1336241 -2.7290625e-05 3.6589476e-15)
(1.1336074 -1.6378719e-05 3.6250283e-15)
(1.1335882 -8.7221148e-06 3.5854794e-15)
(1.1335663 -5.6972617e-06 3.5347063e-15)
(1.1335422 -6.9063855e-06 3.4717461e-15)
(1.1335164 -1.0547475e-05 3.3963848e-15)
(1.1334899 -1.4195805e-05 3.3126266e-15)
(1.1334639 -1.5605117e-05 3.2291658e-15)
(1.1334399 -1.333735e-05 3.1465773e-15)
(1.1334191 -7.1774429e-06 3.0840215e-15)
(1.1334028 1.8515864e-06 3.0317808e-15)
(1.1333918 1.1940104e-05 2.9982558e-15)
(1.1333865 2.1096657e-05 2.9784634e-15)
(1.1333871 2.8066367e-05 2.9777506e-15)
(1.1333932 3.2980866e-05 2.980564e-15)
(1.1334036 3.5723744e-05 2.9858235e-15)
(1.133417 3.6104132e-05 2.9855337e-15)
(1.1334324 3.4930563e-05 2.982977e-15)
(1.1334482 3.3212322e-05 2.9673618e-15)
(1.1334625 3.1474122e-05 2.9378542e-15)
(1.1334742 2.9991284e-05 2.8893259e-15)
(1.1334823 2.8418321e-05 2.8332932e-15)
(1.1334868 2.7218558e-05 2.7629826e-15)
(1.1334887 2.5557367e-05 2.7130402e-15)
(1.1334885 2.317999e-05 2.641119e-15)
(1.1334841 1.4651423e-05 2.5554368e-15)
(1.3248441 -0.011451445 1.7960813e-11)
(1.3235932 -0.034638437 -3.0319096e-11)
(1.3214042 -0.05876804 3.3245247e-11)
(1.3178327 -0.084482395 -4.7644921e-11)
(1.313464 -0.11252902 5.0759093e-11)
(1.3080123 -0.14378885 -6.3404651e-11)
(1.3027628 -0.17905097 6.2603272e-11)
(1.2973607 -0.21979928 -7.5260159e-11)
(1.2941442 -0.26642611 8.6678765e-11)
(1.2924593 -0.32186865 -1.4119499e-10)
(1.2964211 -0.38220857 1.7266027e-10)
(1.3128994 -0.45765268 -2.7122577e-10)
(1.3382897 -0.53908093 9.3472939e-10)
(1.3899039 -0.63020451 -2.1047658e-09)
(1.4597189 -0.72957369 4.6007613e-09)
(1.5648627 -0.79132441 -7.5454681e-09)
(1.7160399 -0.89557685 5.1717052e-09)
(1.8696355 -0.8249875 -1.4143991e-08)
(1.9285331 -0.76539412 1.020038e-05)
(1.9476262 -0.60944476 3.2661675e-06)
(1.8506417 -0.44556809 -3.3716296e-05)
(1.6753334 -0.30915049 -3.6845483e-05)
(1.2991216 -0.15175002 -1.162774e-07)
(1.1564441 -0.10360554 -9.0759165e-08)
(1.0577977 -0.073746931 -7.5258692e-08)
(0.99408395 -0.054968816 -5.1569497e-08)
(0.94995282 -0.047389888 -3.8651611e-08)
(0.93886796 -0.042022331 3.1282776e-09)
(0.94510213 -0.039306607 1.992094e-08)
(0.96299892 -0.03382004 3.8074465e-08)
(0.9971539 -0.022365945 5.5785023e-08)
(1.0387163 -0.0054090878 6.8882599e-08)
(1.0863797 0.018553048 7.7240697e-08)
(1.1372357 0.049112193 8.1411289e-08)
(1.1902664 0.086202582 8.1697373e-08)
(1.2462384 0.12906952 7.7930682e-08)
(1.3016767 0.17603641 7.0886274e-08)
(1.3591867 0.22653324 6.0181482e-08)
(1.4172485 0.27956095 4.647255e-08)
(1.4724535 0.33240385 3.1069165e-08)
(1.5212271 0.38186502 1.6049915e-08)
(1.558536 0.42506838 3.095777e-09)
(1.5845949 0.45882545 -7.4167509e-09)
(1.5964752 0.48265469 -1.3726902e-08)
(1.5935931 0.49377222 -1.7568915e-08)
(1.5867036 0.49295408 -1.8276466e-08)
(1.5746156 0.48403345 -1.7917522e-08)
(1.5583362 0.46426991 -1.6554765e-08)
(1.5415199 0.43733865 -1.4706339e-08)
(1.5248336 0.40515248 -1.2768091e-08)
(1.5086818 0.36926087 -1.1004162e-08)
(1.4933206 0.33108898 -9.5459317e-09)
(1.4787376 0.29192542 -8.4316091e-09)
(1.4649174 0.25287647 -7.6781223e-09)
(1.4517621 0.2149968 -7.302526e-09)
(1.4391967 0.17847768 -7.0566527e-09)
(1.4269212 0.14384383 -6.8094312e-09)
(1.4147366 0.11141284 -6.5778369e-09)
(1.4024175 0.081278171 -6.5440833e-09)
(1.3897304 0.053379512 -6.8301079e-09)
(1.3764802 0.02756152 -7.2020695e-09)
(1.3621304 0.0038120905 -6.932229e-09)
(1.3463749 -0.017211573 -5.1760962e-09)
(1.3294345 -0.034939251 -1.6167654e-09)
(1.3114605 -0.048635145 3.1841482e-09)
(1.2926486 -0.057858614 8.024634e-09)
(1.2734363 -0.062737924 1.172187e-08)
(1.2544581 -0.063791064 1.3719114e-08)
(1.2363632 -0.061766285 1.4250907e-08)
(1.2196736 -0.057575124 1.4083336e-08)
(1.2047332 -0.052118601 1.4085766e-08)
(1.1916924 -0.046148555 1.486123e-08)
(1.1805467 -0.040217362 1.6572906e-08)
(1.1711854 -0.034683112 1.8975342e-08)
(1.1634342 -0.029739247 2.1572695e-08)
(1.1570915 -0.025454906 2.3810105e-08)
(1.1519528 -0.021815909 2.5231827e-08)
(1.147826 -0.018759746 2.5574843e-08)
(1.1445382 -0.016202192 2.4793431e-08)
(1.1419389 -0.014055517 2.3027726e-08)
(1.139899 -0.012239385 2.0539107e-08)
(1.1383097 -0.01068613 1.7637046e-08)
(1.1370803 -0.0093421977 1.4616712e-08)
(1.1361361 -0.0081671837 1.1717687e-08)
(1.1354162 -0.0071316209 9.1053982e-09)
(1.1348713 -0.0062143833 6.8710749e-09)
(1.134462 -0.0054002538 5.0435519e-09)
(1.1341574 -0.0046779186 3.6063973e-09)
(1.133933 -0.0040384693 2.515388e-09)
(1.1337699 -0.00347438 1.7133136e-09)
(1.1336532 -0.0029788773 1.140824e-09)
(1.1335718 -0.0025456051 7.4327398e-10)
(1.133517 -0.0021684864 4.742215e-10)
(1.1334821 -0.0018416976 2.9650371e-10)
(1.133462 -0.0015596976 1.8179305e-10)
(1.133453 -0.0013172775 1.0936483e-10)
(1.133452 -0.0011096071 6.4590031e-11)
(1.1334568 -0.00093226826 3.7467891e-11)
(1.1334656 -0.00078126736 2.1358297e-11)
(1.1334772 -0.00065303274 1.1969855e-11)
(1.1334904 -0.00054440022 6.5981947e-12)
(1.1335045 -0.00045258846 3.5791394e-12)
(1.133519 -0.000375169 1.9114652e-12)
(1.1335334 -0.00031003314 1.0056297e-12)
(1.1335474 -0.00025535801 5.215678e-13)
(1.1335609 -0.00020957385 2.6696264e-13)
(1.1335735 -0.00017133293 1.3510032e-13)
(1.1335854 -0.00013948092 6.7833307e-14)
(1.1335963 -0.00011303142 3.4033504e-14)
(1.1336063 -9.1142856e-05 1.7305119e-14)
(1.1336154 -7.3098558e-05 9.1521632e-15)
(1.1336236 -5.8288679e-05 5.2352887e-15)
(1.1336309 -4.619422e-05 3.3813575e-15)
(1.1336374 -3.6374538e-05 2.5215173e-15)
(1.1336431 -2.8454764e-05 2.1442666e-15)
(1.1336481 -2.2117785e-05 2.0108458e-15)
(1.1336524 -1.7095011e-05 2.01412e-15)
(1.133656 -1.3159525e-05 2.0961459e-15)
(1.133659 -1.0119317e-05 2.2255049e-15)
(1.1336615 -7.8110658e-06 2.3854554e-15)
(1.1336635 -6.0952579e-06 2.5570519e-15)
(1.133665 -4.8449303e-06 2.733977e-15)
(1.1336661 -3.963781e-06 2.9113832e-15)
(1.1336669 -3.3648532e-06 3.0786076e-15)
(1.1336673 -2.9637086e-06 3.2476231e-15)
(1.1336674 -2.7300776e-06 3.4107278e-15)
(1.1336673 -2.6403292e-06 3.5211879e-15)
(1.1336669 -2.5570386e-06 3.6237155e-15)
(1.1336662 -2.4763415e-06 3.7019756e-15)
(1.1336654 -2.3795016e-06 3.7477533e-15)
(1.1336645 -2.1901173e-06 3.7602394e-15)
(1.1336634 -1.855106e-06 3.7394853e-15)
(1.1336623 -1.3564096e-06 3.6856798e-15)
(1.1336613 -7.0694293e-07 3.6020673e-15)
(1.1336603 5.352728e-08 3.490335e-15)
(1.1336595 8.7293122e-07 3.3569283e-15)
(1.1336588 1.7038473e-06 3.2049599e-15)
(1.1336581 2.5142914e-06 3.0398987e-15)
(1.1336575 3.2913496e-06 2.8673056e-15)
(1.133657 4.0418107e-06 2.6931594e-15)
(1.1336565 4.7945469e-06 2.5264676e-15)
(1.133656 5.5995333e-06 2.3781137e-15)
(1.1336556 6.5112743e-06 2.2616391e-15)
(1.1336554 7.5553106e-06 2.1910544e-15)
(1.1336554 8.694555e-06 2.1798962e-15)
(1.1336557 9.811535e-06 2.2358264e-15)
(1.1336563 1.0714194e-05 2.3591691e-15)
(1.1336571 1.1172091e-05 2.541943e-15)
(1.1336581 1.0982194e-05 2.7666644e-15)
(1.1336588 1.0017707e-05 3.0193877e-15)
(1.1336589 8.2981868e-06 3.2853274e-15)
(1.1336583 6.0812378e-06 3.5515914e-15)
(1.1336567 3.8127982e-06 3.8076442e-15)
(1.1336543 1.9982151e-06 4.0476428e-15)
(1.1336513 1.1182703e-06 4.2694916e-15)
(1.1336478 1.5441917e-06 4.4719902e-15)
(1.1336444 3.4888468e-06 4.6549788e-15)
(1.1336414 6.9369885e-06 4.8182729e-15)
(1.1336395 1.155641e-05 4.9597607e-15)
(1.1336389 1.6804187e-05 5.0761336e-15)
(1.1336397 2.2085176e-05 5.1670023e-15)
(1.1336416 2.6853982e-05 5.2275795e-15)
(1.1336446 3.068646e-05 5.2598659e-15)
(1.1336482 3.3323651e-05 5.264436e-15)
(1.1336521 3.467578e-05 5.2440298e-15)
(1.133656 3.479487e-05 5.202079e-15)
(1.1336596 3.3838982e-05 5.1432687e-15)
(1.1336626 3.2019865e-05 5.0717168e-15)
(1.133665 2.9524778e-05 4.9917784e-15)
(1.1336667 2.6479971e-05 4.9094368e-15)
(1.1336677 2.2969986e-05 4.8284019e-15)
(1.1336682 1.9060881e-05 4.7533079e-15)
(1.1336683 1.4815836e-05 4.686745e-15)
(1.1336682 1.0292596e-05 4.6308362e-15)
(1.1336685 5.5930608e-06 4.5869794e-15)
(1.1336696 1.0091591e-06 4.555152e-15)
(1.133672 -2.8086974e-06 4.5334109e-15)
(1.1336761 -4.7885109e-06 4.5175528e-15)
(1.1336826 -3.608459e-06 4.5017039e-15)
(1.133692 1.4647284e-06 4.4798718e-15)
(1.1337046 9.8486175e-06 4.4476759e-15)
(1.1337198 2.0066508e-05 4.4028669e-15)
(1.1337365 3.0073424e-05 4.3469475e-15)
(1.1337536 3.7529506e-05 4.2817101e-15)
(1.1337698 4.0191725e-05 4.2094763e-15)
(1.1337842 3.639027e-05 4.1336678e-15)
(1.1337951 2.5726286e-05 4.0550394e-15)
(1.1338011 1.0308033e-05 3.9768771e-15)
(1.1338021 -6.6498166e-06 3.9017196e-15)
(1.1337984 -2.200932e-05 3.8304257e-15)
(1.133791 -3.2884299e-05 3.7657017e-15)
(1.1337805 -3.684453e-05 3.7097265e-15)
(1.1337672 -3.3216135e-05 3.6638503e-15)
(1.1337513 -2.3306541e-05 3.6277962e-15)
(1.1337332 -9.9238342e-06 3.5981223e-15)
(1.1337132 3.2830398e-06 3.5703899e-15)
(1.1336912 1.3315951e-05 3.5388943e-15)
(1.1336672 1.8589119e-05 3.4992973e-15)
(1.1336416 1.9181723e-05 3.4487023e-15)
(1.1336148 1.6555636e-05 3.3889896e-15)
(1.1335878 1.2860078e-05 3.321033e-15)
(1.1335615 1.0144791e-05 3.2555603e-15)
(1.1335372 9.735704e-06 3.1901672e-15)
(1.1335162 1.1901802e-05 3.1443434e-15)
(1.1334995 1.5928297e-05 3.1067498e-15)
(1.1334881 2.0497095e-05 3.0831033e-15)
(1.1334823 2.4160301e-05 3.069128e-15)
(1.1334815 2.5786106e-05 3.0673879e-15)
(1.1334836 2.5993985e-05 3.0658263e-15)
(1.1334912 2.4634434e-05 3.0646438e-15)
(1.1335031 2.1995062e-05 3.0546645e-15)
(1.1335167 1.9595563e-05 3.0425653e-15)
(1.1335309 1.8284026e-05 3.0165755e-15)
(1.1335443 1.8450784e-05 2.9774794e-15)
(1.1335556 1.9881269e-05 2.9164075e-15)
(1.1335639 2.1822688e-05 2.8437447e-15)
(1.1335693 2.3515463e-05 2.7547295e-15)
(1.1335719 2.4159476e-05 2.6807551e-15)
(1.133573 2.3172013e-05 2.6169368e-15)
(1.1335718 1.7072845e-05 2.5517365e-15)
(1.3712387 -0.010601834 2.8166923e-11)
(1.3691207 -0.032102542 -4.9433569e-11)
(1.3653259 -0.054594372 5.7253858e-11)
(1.3591465 -0.078699505 -8.6022236e-11)
(1.3513097 -0.10532548 1.030984e-10)
(1.3410203 -0.13524543 -1.3904186e-10)
(1.329845 -0.16980142 1.6008389e-10)
(1.316518 -0.2100641 -1.8895374e-10)
(1.3041004 -0.2580275 1.7970834e-10)
(1.2911319 -0.31542435 -1.2693359e-10)
(1.2836175 -0.38425819 -5.8833858e-11)
(1.2819724 -0.46980517 4.6610144e-10)
(1.2936448 -0.56586199 -1.226839e-09)
(1.3311211 -0.69454857 1.9427405e-09)
(1.3901052 -0.80901199 -7.2019865e-10)
(1.5241036 -0.97539695 -6.1754896e-09)
(1.6596089 -1.0365959 -5.6004005e-05)
(1.7793331 -0.94796519 -0.00015067197)
(1.7150785 -0.73910927 -0.00022098676)
(1.3825735 -0.41387628 -0.0002520333)
(0.97899169 -0.15292151 -0.00028848349)
(0.70631822 -0.045940179 -0.00020926649)
(0.53186178 -0.035178886 -0.00011570484)
(0.45722312 -0.031611609 -4.4775731e-05)
(0.29482359 -0.025026185 9.9995622e-08)
(0.30793994 -0.040067903 1.0830213e-07)
(0.34718421 -0.064074059 1.4376456e-07)
(0.40164072 -0.084247656 1.8029353e-07)
(0.45909288 -0.093834829 2.001267e-07)
(0.51799046 -0.094633276 2.0687114e-07)
(0.57641836 -0.087487427 2.0688705e-07)
(0.63334379 -0.072029399 2.0468816e-07)
(0.69013897 -0.04853349 2.0229814e-07)
(0.74635422 -0.017504392 2.0067681e-07)
(0.80234757 0.02047334 1.9904615e-07)
(0.85924755 0.064361181 1.956036e-07)
(0.91691371 0.1126777 1.8888358e-07)
(0.97608136 0.1639421 1.7745226e-07)
(1.0370652 0.21760549 1.605547e-07)
(1.0988639 0.27232679 1.3842464e-07)
(1.1612075 0.32651458 1.1246068e-07)
(1.2210723 0.37743532 8.4822441e-08)
(1.2737474 0.42094666 5.8545555e-08)
(1.3240827 0.45651473 3.4552912e-08)
(1.3615731 0.47958735 1.5172602e-08)
(1.3898468 0.48886479 1.0178384e-09)
(1.4087293 0.48574311 -8.409961e-09)
(1.4193594 0.47116124 -1.3938937e-08)
(1.4250437 0.44730433 -1.6640418e-08)
(1.4272484 0.41651055 -1.7448882e-08)
(1.4275584 0.38103436 -1.7118465e-08)
(1.4258051 0.34281423 -1.6151249e-08)
(1.4229167 0.30334555 -1.4942662e-08)
(1.4191257 0.26385913 -1.3792673e-08)
(1.4145207 0.22531838 -1.2842533e-08)
(1.4091978 0.18838365 -1.1999629e-08)
(1.4030022 0.15361503 -1.1178125e-08)
(1.3957797 0.1213581 -1.046735e-08)
(1.3874067 0.09172731 -1.005702e-08)
(1.3778048 0.064669493 -9.9081555e-09)
(1.3668845 0.040107856 -9.4392186e-09)
(1.3545871 0.017966542 -7.7443401e-09)
(1.3405728 -0.0014664291 -4.2565884e-09)
(1.3245549 -0.017527023 7.9466314e-10)
(1.3069699 -0.029881648 6.369276e-09)
(1.2883344 -0.038380587 1.1194644e-08)
(1.2693188 -0.043188069 1.4476326e-08)
(1.2506597 -0.044818699 1.626834e-08)
(1.2330087 -0.043982479 1.7331988e-08)
(1.2168583 -0.041433749 1.8693204e-08)
(1.2025038 -0.037869868 2.1166171e-08)
(1.1900518 -0.033860491 2.5034278e-08)
(1.1794628 -0.029821994 2.9989597e-08)
(1.1706018 -0.026025278 3.529919e-08)
(1.1632818 -0.022619115 4.0073342e-08)
(1.1572962 -0.019659515 4.3517404e-08)
(1.1524415 -0.017139195 4.5104423e-08)
(1.1485297 -0.015013456 4.4650863e-08)
(1.1453943 -0.013220641 4.2302242e-08)
(1.1428921 -0.011696519 3.8451175e-08)
(1.1409026 -0.010382997 3.3621362e-08)
(1.1393254 -0.0092324642 2.8352924e-08)
(1.138078 -0.0082090263 2.3115258e-08)
(1.1370934 -0.0072875289 1.825832e-08)
(1.1363175 -0.0064514335 1.39998e-08)
(1.1357068 -0.0056904188 1.0438021e-08)
(1.1352268 -0.0049981835 7.5787006e-09)
(1.13485 -0.0043706819 5.3655851e-09)
(1.1345548 -0.0038048605 3.7083694e-09)
(1.134324 -0.0032978592 2.5045698e-09)
(1.1341442 -0.0028465867 1.6544738e-09)
(1.1340049 -0.0024475669 1.0698299e-09)
(1.1338976 -0.0020969585 6.776643e-10)
(1.1338158 -0.0017906639 4.207728e-10)
(1.1337541 -0.0015244718 2.5625866e-10)
(1.1337085 -0.0012941981 1.5316271e-10)
(1.1336754 -0.0010958045 8.9888124e-11)
(1.1336524 -0.00092548693 5.182587e-11)
(1.1336371 -0.00077973196 2.9369645e-11)
(1.1336278 -0.00065534618 1.6366965e-11)
(1.1336231 -0.0005494649 8.9735576e-12)
(1.1336219 -0.00045954518 4.8429168e-12)
(1.1336233 -0.00038334886 2.5741625e-12)
(1.1336265 -0.00031891926 1.3484918e-12)
(1.133631 -0.00026455504 6.9686062e-13)
(1.1336363 -0.00021878339 3.5575886e-13)
(1.1336421 -0.00018033378 1.7989741e-13)
(1.1336481 -0.00014811322 9.0563105e-14)
(1.1336541 -0.00012118361 4.5857926e-14)
(1.1336599 -9.8741177e-05 2.3819686e-14)
(1.1336655 -8.009835e-05 1.3108081e-14)
(1.1336707 -6.4667609e-05 7.9794938e-15)
(1.1336755 -5.1947177e-05 5.5567518e-15)
(1.1336799 -4.150901e-05 4.4285767e-15)
(1.1336838 -3.298788e-05 3.8968018e-15)
(1.1336873 -2.6073038e-05 3.6750824e-15)
(1.1336904 -2.0500351e-05 3.6076248e-15)
(1.133693 -1.6045508e-05 3.6192925e-15)
(1.1336952 -1.2518063e-05 3.6724966e-15)
(1.1336971 -9.7555601e-06 3.7650114e-15)
(1.1336985 -7.6190174e-06 3.8633895e-15)
(1.1336996 -5.9858242e-06 3.9644632e-15)
(1.1337004 -4.7550678e-06 4.0732147e-15)
(1.1337009 -3.8416158e-06 4.1692471e-15)
(1.1337011 -3.1662841e-06 4.2587653e-15)
(1.1337011 -2.6820268e-06 4.3404619e-15)
(1.1337009 -2.3261442e-06 4.4109188e-15)
(1.1337004 -2.039855e-06 4.4495043e-15)
(1.1336998 -1.792e-06 4.4796357e-15)
(1.133699 -1.5411574e-06 4.4946666e-15)
(1.1336982 -1.2360024e-06 4.498623e-15)
(1.1336972 -8.4119634e-07 4.4921124e-15)
(1.1336962 -3.4147416e-07 4.4660556e-15)
(1.1336953 2.5798561e-07 4.4291426e-15)
(1.1336943 9.3490975e-07 4.3687356e-15)
(1.1336935 1.6584385e-06 4.2907597e-15)
(1.1336928 2.3998586e-06 4.1895837e-15)
(1.1336921 3.1389248e-06 4.0658572e-15)
(1.1336915 3.8653524e-06 3.9244795e-15)
(1.133691 4.5791885e-06 3.7675895e-15)
(1.1336904 5.2939634e-06 3.6122325e-15)
(1.13369 6.0386247e-06 3.4628649e-15)
(1.1336896 6.8471256e-06 3.3404181e-15)
(1.1336893 7.731858e-06 3.2512214e-15)
(1.1336892 8.6553078e-06 3.2112653e-15)
(1.1336892 9.5197259e-06 3.2201154e-15)
(1.1336895 1.0186856e-05 3.288506e-15)
(1.13369 1.0513667e-05 3.4075407e-15)
(1.1336905 1.0397104e-05 3.5483786e-15)
(1.1336908 9.7907967e-06 3.7012938e-15)
(1.1336907 8.6351798e-06 3.8686127e-15)
(1.13369 7.1539355e-06 4.0441975e-15)
(1.1336886 5.6798808e-06 4.2177553e-15)
(1.1336865 4.5680011e-06 4.3830585e-15)
(1.1336838 4.1655848e-06 4.546218e-15)
(1.1336809 4.7412245e-06 4.6963651e-15)
(1.133678 6.4313217e-06 4.8337192e-15)
(1.1336755 9.1982279e-06 4.964642e-15)
(1.1336738 1.2803587e-05 5.0687732e-15)
(1.1336731 1.6867168e-05 5.158585e-15)
(1.1336736 2.0963006e-05 5.225297e-15)
(1.133675 2.4692156e-05 5.2619622e-15)
(1.1336774 2.7735575e-05 5.274827e-15)
(1.1336803 2.988913e-05 5.2673744e-15)
(1.1336836 3.1072954e-05 5.2351533e-15)
(1.1336869 3.1317096e-05 5.1939011e-15)
(1.13369 3.0727764e-05 5.1335086e-15)
(1.1336926 2.9436792e-05 5.0659054e-15)
(1.1336948 2.7549918e-05 4.9916267e-15)
(1.1336963 2.512787e-05 4.920136e-15)
(1.1336973 2.2197472e-05 4.8393486e-15)
(1.1336977 1.8753282e-05 4.7647376e-15)
(1.1336978 1.4754514e-05 4.6962747e-15)
(1.1336978 1.0148768e-05 4.6349095e-15)
(1.1336979 4.9458801e-06 4.5863453e-15)
(1.1336987 -6.2461529e-07 4.5490745e-15)
(1.1337007 -5.9594962e-06 4.5208045e-15)
(1.1337044 -1.0035058e-05 4.4987835e-15)
(1.1337106 -1.1605061e-05 4.4791356e-15)
(1.1337201 -9.7896385e-06 4.4565205e-15)
(1.1337331 -4.597459e-06 4.4273872e-15)
(1.1337496 3.0796197e-06 4.386297e-15)
(1.1337686 1.1598984e-05 4.3354244e-15)
(1.133789 1.886321e-05 4.2757081e-15)
(1.1338092 2.278674e-05 4.2061934e-15)
(1.1338274 2.1832946e-05 4.1330909e-15)
(1.1338416 1.5657301e-05 4.0542073e-15)
(1.1338504 5.6931847e-06 3.9777685e-15)
(1.1338531 -5.5493532e-06 3.9059608e-15)
(1.1338497 -1.5868213e-05 3.8341602e-15)
(1.1338409 -2.2843138e-05 3.7707099e-15)
(1.1338279 -2.3449967e-05 3.7107789e-15)
(1.1338114 -1.6810574e-05 3.6650982e-15)
(1.1337922 -4.478399e-06 3.6305387e-15)
(1.1337711 1.0769375e-05 3.6034449e-15)
(1.1337487 2.5616094e-05 3.5815943e-15)
(1.1337253 3.7197474e-05 3.5582948e-15)
(1.1337008 4.3867564e-05 3.5288771e-15)
(1.1336756 4.5502084e-05 3.4908567e-15)
(1.1336501 4.3290097e-05 3.4460656e-15)
(1.1336248 3.9144855e-05 3.3958921e-15)
(1.1336005 3.4959885e-05 3.3464089e-15)
(1.1335782 3.1979023e-05 3.301887e-15)
(1.1335587 3.0504033e-05 3.2699273e-15)
(1.1335429 2.9977552e-05 3.2462218e-15)
(1.1335311 2.9424737e-05 3.2317461e-15)
(1.1335238 2.8090308e-05 3.2214412e-15)
(1.1335208 2.5752491e-05 3.2143066e-15)
(1.1335214 2.2530717e-05 3.2067458e-15)
(1.1335263 1.6825297e-05 3.1925435e-15)
(1.1335343 1.1041465e-05 3.1698078e-15)
(1.1335441 7.1470319e-06 3.1396398e-15)
(1.133555 5.6786658e-06 3.1002682e-15)
(1.1335659 6.9008914e-06 3.047641e-15)
(1.133576 1.0318479e-05 2.9745786e-15)
(1.133584 1.4768202e-05 2.8911598e-15)
(1.1335903 1.9078335e-05 2.7931534e-15)
(1.1335941 2.1936957e-05 2.7052644e-15)
(1.1335965 2.210253e-05 2.6195401e-15)
(1.1335979 1.706842e-05 2.5569044e-15)
(1.4104818 -0.009361611 3.0679427e-11)
(1.4075353 -0.028386971 -5.5833523e-11)
(1.4020985 -0.048364535 6.8439401e-11)
(1.3933665 -0.069921928 -1.0777279e-10)
(1.3819293 -0.093956904 1.444809e-10)
(1.3667523 -0.12124951 -2.1522352e-10)
(1.3491884 -0.15333949 3.0146252e-10)
(1.327395 -0.1911707 -4.4117118e-10)
(1.3044195 -0.23787731 6.2733695e-10)
(1.2771088 -0.29407512 -8.8925682e-10)
(1.2530478 -0.36707629 1.1846597e-09)
(1.2267867 -0.45465751 -1.3589221e-09)
(1.2171518 -0.57462216 8.2996589e-10)
(1.2158631 -0.715025 1.8505185e-09)
(1.2659939 -0.90302164 -8.174426e-09)
(1.3727568 -1.0877778 4.1938781e-05)
(1.4599701 -1.1041285 -0.0004122811)
(1.3652504 -0.90992717 -0.0006214423)
(0.43675596 -0.18860164 -0.00074636859)
(0.016979268 -0.0012814167 2.256156e-06)
(0.00070129999 -0.0090851406 -8.4791137e-05)
(-0.014301419 -0.046495338 -7.51916e-05)
(0.0057827712 -0.053589373 -1.3901964e-05)
(0.02674075 -0.10537194 1.7977508e-07)
(0.097108703 -0.14523973 2.5742311e-07)
(0.15860163 -0.16394197 2.6192397e-07)
(0.21607967 -0.1672675 2.3406891e-07)
(0.26699352 -0.16173347 2.0385322e-07)
(0.31265257 -0.14881747 1.829297e-07)
(0.35496982 -0.12875855 1.744137e-07)
(0.39579072 -0.10191864 1.7739901e-07)
(0.43623283 -0.069236546 1.8899253e-07)
(0.47727304 -0.031703179 2.0524826e-07)
(0.52039388 0.010469701 2.218899e-07)
(0.56640461 0.056418984 2.349417e-07)
(0.61575119 0.10503527 2.4117734e-07)
(0.66919362 0.15616639 2.3849134e-07)
(0.72634712 0.20906506 2.261472e-07)
(0.78798649 0.26267066 2.0460493e-07)
(0.85219221 0.31493005 1.7606029e-07)
(0.91639036 0.36201446 1.4394173e-07)
(0.9807441 0.40208796 1.1083618e-07)
(1.0404651 0.43207024 7.983052e-08)
(1.0945892 0.44946903 5.3062497e-08)
(1.1418354 0.45446146 3.1500795e-08)
(1.1819567 0.44754717 1.5212053e-08)
(1.2155935 0.4300412 3.6035216e-09)
(1.2435178 0.40410493 -4.2011835e-09)
(1.2663895 0.37225279 -9.1143149e-09)
(1.2858645 0.33691111 -1.2004225e-08)
(1.3019694 0.29983992 -1.350908e-08)
(1.3147946 0.26241885 -1.4129041e-08)
(1.3245028 0.22572587 -1.4158647e-08)
(1.3312455 0.19056434 -1.3742627e-08)
(1.3350697 0.1575497 -1.3016561e-08)
(1.3360436 0.12705085 -1.2176745e-08)
(1.3343057 0.099170006 -1.1276013e-08)
(1.3299895 0.073822828 -1.0011493e-08)
(1.3232421 0.050950211 -7.7597016e-09)
(1.314145 0.030621168 -4.014249e-09)
(1.3028727 0.013035585 1.0973658e-09)
(1.2897384 -0.0013755179 6.7658853e-09)
(1.2750718 -0.012469707 1.2000285e-08)
(1.259544 -0.020321023 1.6166988e-08)
(1.2438589 -0.025206022 1.9358161e-08)
(1.2286424 -0.027594076 2.2339565e-08)
(1.2144058 -0.02804651 2.6114393e-08)
(1.2015024 -0.027128745 3.1471443e-08)
(1.1901173 -0.025351813 3.8661322e-08)
(1.1802919 -0.023133777 4.7251822e-08)
(1.1719625 -0.020785383 5.6245872e-08)
(1.1649993 -0.018514888 6.4397666e-08)
(1.1592399 -0.016442836 7.0550012e-08)
(1.1545125 -0.014621383 7.387638e-08)
(1.1506519 -0.013054424 7.4005215e-08)
(1.1475083 -0.01171622 7.1037913e-08)
(1.1449516 -0.010567209 6.5475295e-08)
(1.1428716 -0.0095655116 5.8076709e-08)
(1.1411778 -0.00867371 4.9691162e-08)
(1.139796 -0.0078622333 4.1106113e-08)
(1.1386667 -0.0071106303 3.2946956e-08)
(1.137742 -0.0064067827 2.5635498e-08)
(1.1369835 -0.0057449113 1.939612e-08)
(1.1363606 -0.0051234366 1.4290916e-08)
(1.1358489 -0.0045430964 1.0266261e-08)
(1.1354286 -0.0040054776 7.1983511e-09)
(1.1350836 -0.00351201 4.9309116e-09)
(1.1348009 -0.0030633861 3.3026118e-09)
(1.1345698 -0.0026593202 2.1644875e-09)
(1.1343816 -0.0022985465 1.3890792e-09)
(1.1342288 -0.0019789636 8.7349696e-10)
(1.1341055 -0.0016978462 5.3855563e-10)
(1.1340066 -0.0014520713 3.2575677e-10)
(1.1339279 -0.0012383247 1.9341816e-10)
(1.1338656 -0.0010532691 1.1279216e-10)
(1.133817 -0.00089367043 6.4634849e-11)
(1.1337794 -0.00075648242 3.6415135e-11)
(1.1337508 -0.00063889714 2.0180944e-11)
(1.1337294 -0.00053836912 1.1006835e-11)
(1.1337138 -0.00045262038 5.9111337e-12)
(1.1337028 -0.00037963274 3.1276461e-12)
(1.1336954 -0.00031763201 1.6315982e-12)
(1.1336908 -0.00026506797 8.4002931e-13)
(1.1336883 -0.00022059266 4.2753554e-13)
(1.1336875 -0.00018303841 2.1574673e-13)
(1.1336878 -0.00015139672 1.0857853e-13)
(1.133689 -0.00012479852 5.5131246e-14)
(1.1336907 -0.00010249626 2.8863926e-14)
(1.1336928 -8.3847858e-05 1.614391e-14)
(1.1336951 -6.8302451e-05 1.0070055e-14)
(1.1336975 -5.5387773e-05 7.202501e-15)
(1.1336998 -4.4699298e-05 5.8553041e-15)
(1.133702 -3.5890645e-05 5.2203836e-15)
(1.133704 -2.8665692e-05 4.9207271e-15)
(1.1337058 -2.2771629e-05 4.7860502e-15)
(1.1337074 -1.7992765e-05 4.7337106e-15)
(1.1337088 -1.4145159e-05 4.7258787e-15)
(1.1337099 -1.1071424e-05 4.7465459e-15)
(1.1337108 -8.6364713e-06 4.7815555e-15)
(1.1337114 -6.7227384e-06 4.8254018e-15)
(1.1337118 -5.2305554e-06 4.8745635e-15)
(1.133712 -4.0752707e-06 4.9230643e-15)
(1.133712 -3.1815506e-06 4.9653714e-15)
(1.1337119 -2.4908002e-06 4.997362e-15)
(1.1337115 -1.9497577e-06 5.0157636e-15)
(1.133711 -1.5052244e-06 5.0189635e-15)
(1.1337104 -1.115832e-06 5.0138773e-15)
(1.1337096 -7.4437836e-07 5.0061178e-15)
(1.1337088 -3.5264087e-07 5.0012824e-15)
(1.1337079 8.7531128e-08 5.0011024e-15)
(1.133707 5.9062188e-07 5.0034476e-15)
(1.1337061 1.1566097e-06 5.0024144e-15)
(1.1337052 1.7745615e-06 4.988842e-15)
(1.1337045 2.4275456e-06 4.9552206e-15)
(1.1337037 3.0990551e-06 4.8938075e-15)
(1.1337031 3.7767363e-06 4.8014339e-15)
(1.1337024 4.452993e-06 4.6800671e-15)
(1.1337019 5.1251255e-06 4.5358791e-15)
(1.1337014 5.7976256e-06 4.3808674e-15)
(1.1337009 6.4841289e-06 4.2291719e-15)
(1.1337005 7.2038395e-06 4.0949765e-15)
(1.1337001 7.9653554e-06 3.9890071e-15)
(1.1337 8.7421048e-06 3.921478e-15)
(1.1336999 9.4506587e-06 3.9013016e-15)
(1.1336999 9.961733e-06 3.9377025e-15)
(1.1337001 1.0168905e-05 4.0217154e-15)
(1.1337003 1.0109709e-05 4.0948548e-15)
(1.1337003 9.8260864e-06 4.1600742e-15)
(1.1337001 9.1823648e-06 4.245496e-15)
(1.1336993 8.2292883e-06 4.3577249e-15)
(1.133698 7.3459512e-06 4.4700164e-15)
(1.1336961 6.760025e-06 4.5824439e-15)
(1.1336939 6.7105139e-06 4.6942712e-15)
(1.1336915 7.3808522e-06 4.8037034e-15)
(1.1336891 8.8544708e-06 4.9070467e-15)
(1.1336871 1.1087888e-05 5.0014314e-15)
(1.1336857 1.3905058e-05 5.0816638e-15)
(1.1336851 1.7036371e-05 5.1438279e-15)
(1.1336853 2.0179697e-05 5.1868796e-15)
(1.1336864 2.3049249e-05 5.2077153e-15)
(1.1336882 2.5413225e-05 5.2088732e-15)
(1.1336905 2.7120867e-05 5.1915282e-15)
(1.1336932 2.8113184e-05 5.1589444e-15)
(1.1336959 2.8414287e-05 5.1138262e-15)
(1.1336984 2.8097276e-05 5.0594054e-15)
(1.1337006 2.7235621e-05 4.9971836e-15)
(1.1337024 2.5865962e-05 4.928234e-15)
(1.1337037 2.3983193e-05 4.8553035e-15)
(1.1337045 2.1554096e-05 4.7801852e-15)
(1.1337048 1.8515258e-05 4.7068483e-15)
(1.1337048 1.4760741e-05 4.638215e-15)
(1.1337046 1.0155917e-05 4.5771205e-15)
(1.1337045 4.6084833e-06 4.5256269e-15)
(1.1337048 -1.7731853e-06 4.484289e-15)
(1.1337061 -8.5119951e-06 4.45209e-15)
(1.1337092 -1.4712911e-05 4.4265547e-15)
(1.1337148 -1.9222783e-05 4.4042891e-15)
(1.1337238 -2.102554e-05 4.3810126e-15)
(1.1337369 -1.9658724e-05 4.3529362e-15)
(1.1337542 -1.5410982e-05 4.3167066e-15)
(1.1337748 -9.3245892e-06 4.2719961e-15)
(1.1337975 -2.9878552e-06 4.2182865e-15)
(1.1338205 1.895516e-06 4.1564245e-15)
(1.1338416 3.9692465e-06 4.089033e-15)
(1.1338586 2.6639741e-06 4.016824e-15)
(1.1338696 -1.4051824e-06 3.9421005e-15)
(1.1338732 -6.3068493e-06 3.872037e-15)
(1.1338708 -9.4718573e-06 3.8243806e-15)
(1.1338625 -1.0879082e-05 3.7709226e-15)
(1.1338477 -7.2158339e-06 3.7113907e-15)
(1.1338292 2.6097614e-06 3.6650489e-15)
(1.1338078 1.707518e-05 3.6327482e-15)
(1.1337851 3.357726e-05 3.6106262e-15)
(1.1337619 4.916103e-05 3.594775e-15)
(1.1337387 6.123118e-05 3.5788218e-15)
(1.1337158 6.822836e-05 3.5598151e-15)
(1.1336931 6.9945677e-05 3.5337654e-15)
(1.1336709 6.7400513e-05 3.5044828e-15)
(1.1336496 6.2379344e-05 3.470511e-15)
(1.1336294 5.6687154e-05 3.442781e-15)
(1.1336109 5.1521697e-05 3.4152129e-15)
(1.1335944 4.7231329e-05 3.4034015e-15)
(1.1335804 4.3442539e-05 3.3929803e-15)
(1.1335691 3.9432018e-05 3.3887781e-15)
(1.1335608 3.4533739e-05 3.3789089e-15)
(1.1335557 2.8321118e-05 3.3716903e-15)
(1.1335541 2.0556414e-05 3.3506774e-15)
(1.1335556 1.1966757e-05 3.3215039e-15)
(1.1335593 4.1835946e-06 3.2809932e-15)
(1.1335647 -1.2670947e-06 3.237603e-15)
(1.1335718 -3.5937031e-06 3.1832489e-15)
(1.1335796 -2.449768e-06 3.1171729e-15)
(1.1335883 1.8272001e-06 3.0353373e-15)
(1.1335958 7.4508563e-06 2.9448231e-15)
(1.1336032 1.3702385e-05 2.8444246e-15)
(1.1336082 1.7951457e-05 2.7564479e-15)
(1.1336129 1.9902256e-05 2.6535991e-15)
(1.1336179 1.4744268e-05 2.5723972e-15)
(1.4425816 -0.0077505229 1.0221121e-11)
(1.4388882 -0.023558271 -1.9971369e-11)
(1.4319024 -0.040158146 2.6513684e-11)
(1.4208263 -0.058275642 -4.3844591e-11)
(1.4059292 -0.078479205 6.6228803e-11)
(1.3861781 -0.10190966 -1.0726541e-10)
(1.3621761 -0.12938886 1.7562479e-10)
(1.3321951 -0.16303213 -2.966402e-10)
(1.2975059 -0.20423735 5.1723315e-10)
(1.2556451 -0.25722742 -9.1895177e-10)
(1.2097723 -0.32492282 1.6686121e-09)
(1.1576303 -0.4153941 -3.0165946e-09)
(1.1070835 -0.5379988 5.2050495e-09)
(1.0608716 -0.6990815 -7.1176332e-09)
(1.0826819 -0.88816851 -7.4194148e-06)
(1.0875876 -1.1254182 -0.00023752761)
(0.91246594 -0.89895663 -0.00060270489)
(-0.060419176 -0.069501614 -5.9902651e-05)
(-0.049177523 -0.13027841 -5.0742059e-06)
(-0.0047150911 -0.20312236 2.4257625e-07)
(0.025450781 -0.21095643 1.8422022e-07)
(0.047088897 -0.20502549 1.2153049e-07)
(0.063741723 -0.1933937 8.672429e-08)
(0.078147797 -0.17703396 7.7147262e-08)
(0.092800999 -0.15567796 8.6162459e-08)
(0.10932049 -0.12935413 1.0805554e-07)
(0.12881305 -0.098551669 1.3795686e-07)
(0.15206021 -0.06384415 1.7136327e-07)
(0.17996287 -0.02561256 2.0406263e-07)
(0.21287517 0.015633992 2.3218528e-07)
(0.25140793 0.059710362 2.5259707e-07)
(0.2963545 0.10597611 2.6317019e-07)
(0.34748916 0.15415097 2.6277202e-07)
(0.40496462 0.20312935 2.5136018e-07)
(0.46809422 0.25141678 2.3049383e-07)
(0.53578106 0.29612028 2.0276269e-07)
(0.60686683 0.33531092 1.7098927e-07)
(0.67884065 0.36659389 1.3831826e-07)
(0.74978295 0.38758111 1.0741782e-07)
(0.81777669 0.39767849 8.0070003e-08)
(0.88136725 0.39670413 5.7173115e-08)
(0.93958308 0.38532409 3.8869428e-08)
(0.992089 0.36531558 2.4790465e-08)
(1.0386372 0.3389418 1.4310491e-08)
(1.079571 0.3084603 6.7129272e-09)
(1.1150919 0.27581024 1.3729817e-09)
(1.1454113 0.2425551 -2.2041441e-09)
(1.1707807 0.20988061 -4.3788372e-09)
(1.1914489 0.17862237 -5.4480716e-09)
(1.207677 0.1493516 -5.6343138e-09)
(1.219798 0.12237926 -5.0817329e-09)
(1.2281931 0.097768067 -3.7144698e-09)
(1.2332219 0.075465032 -1.3383714e-09)
(1.2351758 0.055437692 2.2017681e-09)
(1.234316 0.037739616 6.7948329e-09)
(1.2309406 0.022518266 1.2012506e-08)
(1.225414 0.0098578267 1.7380326e-08)
(1.2182258 -0.00010880264 2.2702873e-08)
(1.2100025 -0.0074578344 2.8193442e-08)
(1.2013449 -0.012454249 3.4459719e-08)
(1.1927505 -0.015463986 4.224509e-08)
(1.1846024 -0.016900589 5.1971998e-08)
(1.1771583 -0.017179159 6.3559826e-08)
(1.1705561 -0.016679135 7.6372817e-08)
(1.1648357 -0.015717593 8.9222281e-08)
(1.1599655 -0.014537438 1.0061267e-07)
(1.1558697 -0.013308851 1.0913699e-07)
(1.1524506 -0.012137424 1.1377549e-07)
(1.149604 -0.011076114 1.1403186e-07)
(1.1472305 -0.010139396 1.0996308e-07)
(1.1452419 -0.0093172791 1.0213106e-07)
(1.1435638 -0.0085876797 9.1477268e-08)
(1.1421364 -0.0079257863 7.9139733e-08)
(1.1409131 -0.0073096279 6.6251641e-08)
(1.1398585 -0.0067229177 5.3771535e-08)
(1.1389456 -0.0061559308 4.2387711e-08)
(1.1381535 -0.005604896 3.2504632e-08)
(1.1374662 -0.0050704944 2.4280152e-08)
(1.136871 -0.00455609 1.7686584e-08)
(1.1363571 -0.0040661881 1.2575599e-08)
(1.1359152 -0.0036052664 8.7348226e-09)
(1.1355371 -0.0031770016 5.9310649e-09)
(1.1352154 -0.0027838617 3.9396433e-09)
(1.1349431 -0.0024269906 2.5615881e-09)
(1.134714 -0.0021062969 1.6314258e-09)
(1.1345223 -0.0018206635 1.0183676e-09)
(1.134363 -0.0015682055 6.2343325e-10)
(1.1342313 -0.0013465278 3.745294e-10)
(1.1341231 -0.0011529528 2.2092596e-10)
(1.1340347 -0.00098470293 1.2803169e-10)
(1.1339631 -0.00083903569 7.2934566e-11)
(1.1339053 -0.00071333577 4.0862116e-11)
(1.1338591 -0.00060517144 2.25268e-11)
(1.1338225 -0.00051232388 1.2226081e-11)
(1.1337937 -0.0004327971 6.5359735e-12)
(1.1337713 -0.00036481495 3.4436735e-12)
(1.1337541 -0.00030680981 1.7895391e-12)
(1.1337411 -0.00025740686 9.1818517e-13)
(1.1337314 -0.00021540631 4.6597426e-13)
(1.1337244 -0.00017976515 2.3467119e-13)
(1.1337194 -0.00014957928 1.18043e-13)
(1.1337161 -0.00012406674 6.0063836e-14)
(1.133714 -0.00010255237 3.1655196e-14)
(1.1337128 -8.445399e-05 1.7933797e-14)
(1.1337123 -6.9270099e-05 1.1401535e-14)
(1.1337123 -5.6569055e-05 8.323689e-15)
(1.1337125 -4.5979606e-05 6.8753486e-15)
(1.133713 -3.7182583e-05 6.1829203e-15)
(1.1337136 -2.9903837e-05 5.8417711e-15)
(1.1337142 -2.390815e-05 5.6610021e-15)
(1.1337148 -1.8993837e-05 5.5588866e-15)
(1.1337153 -1.4988006e-05 5.4979109e-15)
(1.1337157 -1.1742123e-05 5.4610067e-15)
(1.133716 -9.1282337e-06 5.4414839e-15)
(1.1337162 -7.0353777e-06 5.4360024e-15)
(1.1337162 -5.3682129e-06 5.4422047e-15)
(1.1337161 -4.0449639e-06 5.4534523e-15)
(1.1337159 -2.994201e-06 5.4625373e-15)
(1.1337155 -2.1561577e-06 5.4632757e-15)
(1.1337151 -1.4786579e-06 5.4519841e-15)
(1.1337145 -9.1361345e-07 5.4275047e-15)
(1.1337138 -4.1949103e-07 5.3981688e-15)
(1.1337131 3.8397741e-08 5.3741375e-15)
(1.1337122 4.8993755e-07 5.3643899e-15)
(1.1337114 9.5991808e-07 5.3722979e-15)
(1.1337105 1.4631785e-06 5.3947809e-15)
(1.1337097 2.0038433e-06 5.4222491e-15)
(1.1337089 2.5776236e-06 5.4414525e-15)
(1.1337081 3.1763513e-06 5.4391519e-15)
(1.1337074 3.7916595e-06 5.4035228e-15)
(1.1337067 4.4160789e-06 5.3282113e-15)
(1.1337061 5.044109e-06 5.2137954e-15)
(1.1337055 5.6727891e-06 5.0677031e-15)
(1.133705 6.3022559e-06 4.9035269e-15)
(1.1337045 6.9354316e-06 4.7388824e-15)
(1.1337041 7.5803718e-06 4.5904051e-15)
(1.1337038 8.2461607e-06 4.4677742e-15)
(1.1337035 8.9210009e-06 4.3808245e-15)
(1.1337033 9.5338518e-06 4.3425381e-15)
(1.1337032 9.9645131e-06 4.3601732e-15)
(1.1337032 1.0147409e-05 4.4070648e-15)
(1.1337031 1.0154837e-05 4.435585e-15)
(1.133703 1.0044081e-05 4.4644506e-15)
(1.1337025 9.7242791e-06 4.513024e-15)
(1.1337017 9.2379519e-06 4.5811864e-15)
(1.1337005 8.8033412e-06 4.6514959e-15)
(1.133699 8.5987101e-06 4.7262246e-15)
(1.1336972 8.7941078e-06 4.8031032e-15)
(1.1336952 9.5121002e-06 4.881101e-15)
(1.1336933 1.0802096e-05 4.9569263e-15)
(1.1336917 1.2622045e-05 5.0254497e-15)
(1.1336905 1.4837742e-05 5.0827226e-15)
(1.13369 1.7252097e-05 5.1253796e-15)
(1.1336901 1.964932e-05 5.1504712e-15)
(1.1336909 2.1828442e-05 5.1592181e-15)
(1.1336922 2.3629749e-05 5.1517154e-15)
(1.133694 2.495085e-05 5.128743e-15)
(1.133696 2.5754774e-05 5.0936672e-15)
(1.1336982 2.6068075e-05 5.0490403e-15)
(1.1337002 2.594795e-05 4.9970584e-15)
(1.1337021 2.5429805e-05 4.9395743e-15)
(1.1337035 2.4494818e-05 4.8762249e-15)
(1.1337046 2.3078115e-05 4.8075184e-15)
(1.1337052 2.1094332e-05 4.7356423e-15)
(1.1337054 1.8438457e-05 4.6643467e-15)
(1.1337052 1.4959107e-05 4.5967005e-15)
(1.1337048 1.0451055e-05 4.5354822e-15)
(1.1337043 4.7129979e-06 4.4820487e-15)
(1.1337041 -2.3053287e-06 4.4374582e-15)
(1.1337047 -1.0329017e-05 4.4015171e-15)
(1.133707 -1.8661999e-05 4.3723006e-15)
(1.1337119 -2.6257268e-05 4.346994e-15)
(1.1337203 -3.1974706e-05 4.3221295e-15)
(1.1337331 -3.4929001e-05 4.2944063e-15)
(1.1337504 -3.476117e-05 4.2614359e-15)
(1.1337716 -3.1773247e-05 4.22218e-15)
(1.1337954 -2.68897e-05 4.1767271e-15)
(1.1338199 -2.1312256e-05 4.1236673e-15)
(1.1338425 -1.6186354e-05 4.0634181e-15)
(1.1338607 -1.2116962e-05 3.9962692e-15)
(1.1338727 -8.9344717e-06 3.9243131e-15)
(1.1338774 -6.4231633e-06 3.8632766e-15)
(1.1338766 -4.9200184e-06 3.8353951e-15)
(1.1338699 -7.7011694e-07 3.7947756e-15)
(1.133854 9.5800624e-06 3.7366448e-15)
(1.1338349 2.3361094e-05 3.6899308e-15)
(1.1338135 3.9665707e-05 3.6582048e-15)
(1.1337914 5.6659454e-05 3.6375484e-15)
(1.1337699 7.1926174e-05 3.624304e-15)
(1.1337495 8.3299168e-05 3.612997e-15)
(1.1337303 8.947982e-05 3.6011212e-15)
(1.1337123 9.0349302e-05 3.584765e-15)
(1.1336955 8.6830247e-05 3.5683792e-15)
(1.1336798 8.0654293e-05 3.5496389e-15)
(1.1336652 7.3639891e-05 3.5387866e-15)
(1.1336518 6.697858e-05 3.5276805e-15)
(1.1336394 6.1009741e-05 3.5318637e-15)
(1.1336282 5.533024e-05 3.5320576e-15)
(1.1336182 4.9118964e-05 3.5345649e-15)
(1.1336097 4.1631329e-05 3.5250698e-15)
(1.1336032 3.2577163e-05 3.5119544e-15)
(1.1335988 2.2255811e-05 3.4775777e-15)
(1.1335964 1.1569813e-05 3.4304823e-15)
(1.133596 1.8742191e-06 3.3694417e-15)
(1.1335971 -5.3168024e-06 3.3074352e-15)
(1.1336004 -9.3081338e-06 3.2414471e-15)
(1.133605 -9.6173223e-06 3.1668474e-15)
(1.1336122 -5.7352956e-06 3.0845389e-15)
(1.1336195 -2.9623466e-07 2.9827262e-15)
(1.1336278 7.277509e-06 2.885879e-15)
(1.1336351 1.1373801e-05 2.7898365e-15)
(1.1336425 1.5212122e-05 2.6890432e-15)
(1.1336528 9.4621009e-06 2.5815664e-15)
(1.4675493 -0.0058283435 -2.3188036e-11)
(1.4632238 -0.017723692 3.8665859e-11)
(1.4549459 -0.03024524 -4.3956612e-11)
(1.4418415 -0.044008761 6.6704931e-11)
(1.4240481 -0.059430511 -8.0846195e-11)
(1.400212 -0.07749924 1.1516962e-10)
(1.3707439 -0.098847451 -1.4082221e-10)
(1.3329495 -0.12544212 1.845961e-10)
(1.2880382 -0.15836991 -2.0463699e-10)
(1.2306376 -0.20217243 1.997494e-10)
(1.1648635 -0.25856842 -3.307492e-11)
(1.0790916 -0.34001052 -5.7350906e-10)
(0.98749579 -0.44706648 2.7056833e-09)
(0.86101865 -0.62441599 -9.7127067e-09)
(0.8335716 -0.86440879 -1.2546776e-05)
(0.70263839 -0.97818924 -6.6518321e-05)
(-0.0068776667 -0.011873348 4.1467456e-06)
(-0.056265215 -0.14319363 -2.2665942e-05)
(-0.073284253 -0.20965216 2.1247805e-07)
(-0.093264537 -0.20863903 1.1788808e-07)
(-0.11847277 -0.19761916 6.3994124e-08)
(-0.14293484 -0.18562726 5.1554089e-08)
(-0.16454737 -0.1715484 5.8697086e-08)
(-0.18083587 -0.15411815 7.6166223e-08)
(-0.19064832 -0.13271331 9.995096e-08)
(-0.19325045 -0.10748056 1.2753481e-07)
(-0.18831589 -0.078797153 1.5637601e-07)
(-0.17560464 -0.047144597 1.8391457e-07)
(-0.15483609 -0.012745949 2.0774042e-07)
(-0.12647763 0.024328236 2.2574707e-07)
(-0.089887519 0.063628927 2.3650142e-07)
(-0.044696715 0.10468418 2.3914015e-07)
(0.009117768 0.14666635 2.3347159e-07)
(0.071392689 0.18817474 2.201825e-07)
(0.14107031 0.22721357 2.007203e-07)
(0.21697985 0.26213818 1.7699161e-07)
(0.29735155 0.29096708 1.5116108e-07)
(0.3801264 0.31115947 1.2526583e-07)
(0.46358048 0.32264491 1.009547e-07)
(0.54536234 0.32478182 7.9266714e-08)
(0.62371642 0.31791666 6.072778e-08)
(0.69742075 0.30341144 4.5439079e-08)
(0.76545056 0.28307273 3.3225539e-08)
(0.82725321 0.25878042 2.3769976e-08)
(0.88260868 0.23228436 1.6728865e-08)
(0.93155997 0.20503981 1.1776958e-08)
(0.97433029 0.17812723 8.6359253e-09)
(1.0112616 0.15228512 7.0620556e-09)
(1.0427839 0.12798931 6.914642e-09)
(1.0693809 0.10549945 8.100797e-09)
(1.091535 0.084895929 1.0645028e-08)
(1.1096706 0.066195781 1.453558e-08)
(1.1241396 0.049426773 1.9718291e-08)
(1.1352494 0.034639803 2.6067739e-08)
(1.1433125 0.021917293 3.3486936e-08)
(1.1487047 0.011325209 4.2007579e-08)
(1.1518765 0.0028992185 5.1826253e-08)
(1.153317 -0.0034497866 6.3176738e-08)
(1.1535136 -0.0079297495 7.624149e-08)
(1.1528989 -0.010817934 9.1019597e-08)
(1.151821 -0.012422977 1.0698712e-07)
(1.1505379 -0.013056958 1.2323352e-07)
(1.1492228 -0.013009977 1.3857568e-07)
(1.1479767 -0.012529812 1.5155597e-07)
(1.1468439 -0.011811173 1.6072902e-07)
(1.1458311 -0.010995392 1.6505011e-07)
(1.1449231 -0.01017503 1.6403999e-07)
(1.1440946 -0.009400981 1.5777671e-07)
(1.1433186 -0.0086928628 1.4685523e-07)
(1.1425738 -0.0080504187 1.3230517e-07)
(1.1418472 -0.0074630864 1.1542809e-07)
(1.1411323 -0.0069168548 9.7599785e-08)
(1.1404277 -0.006398384 8.0083595e-08)
(1.1397373 -0.0058967769 6.3877905e-08)
(1.1390695 -0.005407035 4.9599123e-08)
(1.1384331 -0.0049285211 3.7531116e-08)
(1.1378358 -0.0044632275 2.7702714e-08)
(1.1372836 -0.004014842 1.9962763e-08)
(1.1367804 -0.0035876613 1.4053618e-08)
(1.1363281 -0.0031857229 9.6714936e-09)
(1.1359266 -0.002812236 6.5101477e-09)
(1.1355742 -0.0024692945 4.2887656e-09)
(1.1352681 -0.0021578205 2.7667832e-09)
(1.1350048 -0.001877668 1.7489709e-09)
(1.13478 -0.0016278194 1.0839814e-09)
(1.1345897 -0.0014066143 6.5911298e-10)
(1.1344296 -0.0012119722 3.9342262e-10)
(1.1342958 -0.0010415856 2.3066132e-10)
(1.1341847 -0.00089307282 1.3290776e-10)
(1.1340928 -0.00076408936 7.5304123e-11)
(1.1340174 -0.00065240338 4.1976069e-11)
(1.1339557 -0.00055594141 2.3031023e-11)
(1.1339056 -0.00047281146 1.2444129e-11)
(1.133865 -0.00040131032 6.6248629e-12)
(1.1338325 -0.00033992032 3.4769714e-12)
(1.1338065 -0.0002872995 1.8003862e-12)
(1.1337859 -0.0002422683 9.2077853e-13)
(1.1337697 -0.00020379457 4.6602941e-13)
(1.1337571 -0.00017097831 2.3425361e-13)
(1.1337473 -0.00014303682 1.1779833e-13)
(1.1337398 -0.00011929072 6.0075342e-14)
(1.1337341 -9.9151097e-05 3.1881576e-14)
(1.1337299 -8.2108087e-05 1.8297778e-14)
(1.1337268 -6.7720596e-05 1.1864424e-14)
(1.1337246 -5.5607305e-05 8.8423414e-15)
(1.133723 -4.5438736e-05 7.4145704e-15)
(1.1337218 -3.693026e-05 6.7250185e-15)
(1.133721 -2.9836074e-05 6.3776646e-15)
(1.1337205 -2.3944068e-05 6.1818449e-15)
(1.1337201 -1.9071276e-05 6.0542032e-15)
(1.1337198 -1.5059868e-05 5.9478132e-15)
(1.1337195 -1.1773506e-05 5.8718806e-15)
(1.1337192 -9.0941808e-06 5.8092586e-15)
(1.1337189 -6.9194118e-06 5.7592657e-15)
(1.1337186 -5.1604874e-06 5.7355403e-15)
(1.1337182 -3.7407597e-06 5.7163597e-15)
(1.1337177 -2.5935137e-06 5.7000987e-15)
(1.1337172 -1.6614577e-06 5.6825028e-15)
(1.1337166 -8.9460023e-07 5.65667e-15)
(1.1337159 -2.4850655e-07 5.6143032e-15)
(1.1337152 3.140654e-07 5.5741089e-15)
(1.1337144 8.2636858e-07 5.5405718e-15)
(1.1337136 1.314329e-06 5.5298976e-15)
(1.1337127 1.7998568e-06 5.5464904e-15)
(1.1337119 2.2980334e-06 5.5829188e-15)
(1.1337111 2.8157164e-06 5.6304589e-15)
(1.1337103 3.352916e-06 5.6692728e-15)
(1.1337095 3.9070537e-06 5.6852552e-15)
(1.1337088 4.4747651e-06 5.6618419e-15)
(1.1337082 5.0518375e-06 5.5906734e-15)
(1.1337076 5.6346413e-06 5.4697227e-15)
(1.133707 6.2207027e-06 5.3127862e-15)
(1.1337065 6.8075448e-06 5.1303003e-15)
(1.133706 7.3927945e-06 4.9474701e-15)
(1.1337056 7.9795663e-06 4.7814483e-15)
(1.1337052 8.5756145e-06 4.6440999e-15)
(1.1337049 9.1719961e-06 4.5473357e-15)
(1.1337046 9.7139872e-06 4.4988372e-15)
(1.1337044 1.0113878e-05 4.4941325e-15)
(1.1337042 1.0325356e-05 4.5118022e-15)
(1.133704 1.0402598e-05 4.5371064e-15)
(1.1337036 1.0414035e-05 4.5682364e-15)
(1.133703 1.0340698e-05 4.6098382e-15)
(1.1337023 1.0188703e-05 4.6554965e-15)
(1.1337012 1.0071799e-05 4.7025069e-15)
(1.1336999 1.013205e-05 4.7571734e-15)
(1.1336984 1.048722e-05 4.8121193e-15)
(1.1336968 1.1219004e-05 4.8725606e-15)
(1.1336953 1.2356039e-05 4.9311912e-15)
(1.133694 1.3859869e-05 4.9777207e-15)
(1.1336931 1.5623251e-05 5.0173546e-15)
(1.1336926 1.7495064e-05 5.0487158e-15)
(1.1336926 1.9317354e-05 5.0591964e-15)
(1.1336931 2.0950392e-05 5.0617746e-15)
(1.133694 2.2293811e-05 5.0530013e-15)
(1.1336954 2.3287395e-05 5.0252219e-15)
(1.1336969 2.3914374e-05 4.9841268e-15)
(1.1336986 2.4205856e-05 4.9490343e-15)
(1.1337003 2.4213284e-05 4.8964972e-15)
(1.1337018 2.3951984e-05 4.8465412e-15)
(1.133703 2.3365379e-05 4.7888651e-15)
(1.1337039 2.2342535e-05 4.7222243e-15)
(1.1337045 2.0759316e-05 4.6542725e-15)
(1.1337046 1.8484557e-05 4.5895419e-15)
(1.1337044 1.5336293e-05 4.5278312e-15)
(1.1337038 1.1042766e-05 4.4685845e-15)
(1.133703 5.274044e-06 4.4145015e-15)
(1.1337024 -2.2215269e-06 4.3680866e-15)
(1.1337024 -1.141491e-05 4.3297576e-15)
(1.1337039 -2.1833324e-05 4.2977681e-15)
(1.133708 -3.2534744e-05 4.2699062e-15)
(1.1337155 -4.2262223e-05 4.2438155e-15)
(1.1337273 -4.9730824e-05 4.2164796e-15)
(1.1337436 -5.3940514e-05 4.1857642e-15)
(1.133764 -5.4415078e-05 4.1514357e-15)
(1.1337872 -5.1297102e-05 4.1139542e-15)
(1.1338112 -4.519332e-05 4.0702961e-15)
(1.1338337 -3.7011436e-05 4.0179202e-15)
(1.1338524 -2.7827909e-05 3.9645713e-15)
(1.1338654 -1.868917e-05 3.9142067e-15)
(1.1338717 -1.0085076e-05 3.8651322e-15)
(1.1338706 -6.4259777e-07 3.8151181e-15)
(1.1338621 1.172887e-05 3.7657736e-15)
(1.1338484 2.675721e-05 3.7207205e-15)
(1.1338316 4.3267375e-05 3.6790271e-15)
(1.1338133 6.0542695e-05 3.6505121e-15)
(1.1337952 7.7111786e-05 3.629013e-15)
(1.1337784 9.1073748e-05 3.6143381e-15)
(1.1337636 0.00010081199 3.6046311e-15)
(1.1337508 0.00010541795 3.5967637e-15)
(1.1337396 0.00010479528 3.5869238e-15)
(1.1337296 9.9883495e-05 3.5804603e-15)
(1.1337207 9.2575378e-05 3.5757135e-15)
(1.1337126 8.4664802e-05 3.5762124e-15)
(1.1337049 7.7304442e-05 3.5820521e-15)
(1.1336974 7.0792904e-05 3.5918958e-15)
(1.1336897 6.4635127e-05 3.603107e-15)
(1.1336818 5.7838728e-05 3.6079929e-15)
(1.1336737 4.9482089e-05 3.6002013e-15)
(1.133666 3.9185836e-05 3.5764058e-15)
(1.1336589 2.7320789e-05 3.5315722e-15)
(1.1336529 1.4944238e-05 3.4685841e-15)
(1.1336485 3.4345054e-06 3.391226e-15)
(1.133646 -5.6242942e-06 3.3055069e-15)
(1.133646 -1.1562851e-05 3.2219054e-15)
(1.1336481 -1.3791954e-05 3.1429232e-15)
(1.1336523 -1.2730401e-05 3.0825495e-15)
(1.1336598 -8.5124773e-06 2.972405e-15)
(1.1336693 -1.3676717e-06 2.8755906e-15)
(1.13368 1.5362782e-06 2.7625297e-15)
(1.1336897 6.6597335e-06 2.6761393e-15)
(1.133706 1.0014114e-06 2.549793e-15)
(1.4853603 -0.0036591747 -4.9376474e-11)
(1.4806289 -0.011094963 8.3711656e-11)
(1.4713406 -0.018979416 -9.5917736e-11)
(1.4568352 -0.027673729 1.4662743e-10)
(1.4367629 -0.037510983 -1.8427472e-10)
(1.4101157 -0.049023244 2.699205e-10)
(1.3761589 -0.062864184 -3.6028335e-10)
(1.332957 -0.07999129 5.2392549e-10)
(1.2789766 -0.10193587 -7.3706749e-10)
(1.2106384 -0.13063184 1.0981731e-09)
(1.1250468 -0.17022686 -1.6402798e-09)
(1.0151151 -0.22512018 2.5300739e-09)
(0.87453168 -0.30791609 -3.7239324e-09)
(0.76802689 -0.43982208 -1.0993322e-05)
(0.53039251 -0.66242269 9.8706989e-06)
(0.1658996 -0.33915855 0.00056714017)
(-0.035822919 -0.088939059 8.7312002e-05)
(-0.093680952 -0.17224633 -3.5590359e-06)
(-0.18704177 -0.15651276 1.1468822e-07)
(-0.25703072 -0.14739868 7.6429416e-08)
(-0.31992282 -0.1400298 7.3240584e-08)
(-0.37681813 -0.1320346 7.8990143e-08)
(-0.4245243 -0.12309997 8.8794701e-08)
(-0.46189472 -0.11155555 1.0073295e-07)
(-0.48806702 -0.096590511 1.1417561e-07)
(-0.50285635 -0.077974204 1.2811778e-07)
(-0.50625035 -0.056194877 1.4139058e-07)
(-0.49831884 -0.031427199 1.5282805e-07)
(-0.47984881 -0.0037354193 1.6131369e-07)
(-0.45222575 0.026596238 1.6572667e-07)
(-0.4137248 0.058722624 1.6584271e-07)
(-0.36410179 0.091546077 1.6167592e-07)
(-0.30386299 0.12397645 1.5338269e-07)
(-0.23360269 0.15486223 1.4165322e-07)
(-0.15444772 0.18269256 1.2737593e-07)
(-0.068226782 0.20586019 1.1163017e-07)
(0.023994072 0.22279841 9.5520929e-08)
(0.11995676 0.23287745 8.0050874e-08)
(0.21626016 0.23577638 6.5972586e-08)
(0.31122718 0.23184192 5.3776589e-08)
(0.40307902 0.22194485 4.372327e-08)
(0.49023567 0.20737732 3.5890691e-08)
(0.57159713 0.18956047 3.0232491e-08)
(0.64652189 0.16983957 2.663493e-08)
(0.71475061 0.14933666 2.4954375e-08)
(0.77631001 0.12889249 2.505487e-08)
(0.83142883 0.10909804 2.681374e-08)
(0.88045527 0.090355271 3.0171136e-08)
(0.92377286 0.072942272 3.5068756e-08)
(0.96177508 0.056965039 4.1506177e-08)
(0.99482349 0.042504828 4.9475104e-08)
(1.0232254 0.029643889 5.8950533e-08)
(1.0472973 0.018477873 6.9875795e-08)
(1.0672743 0.0089996745 8.2422992e-08)
(1.083532 0.0012388259 9.6625885e-08)
(1.0965485 -0.0048021713 1.123941e-07)
(1.1068361 -0.0092117486 1.2942137e-07)
(1.1148778 -0.012166032 1.4726877e-07)
(1.1211194 -0.013895124 1.6535964e-07)
(1.1259537 -0.01464816 1.8268617e-07)
(1.1297082 -0.014671428 1.9808498e-07)
(1.1326406 -0.014190038 2.1037207e-07)
(1.1349416 -0.013394466 2.1830109e-07)
(1.1367449 -0.01243463 2.2084738e-07)
(1.13814 -0.011420357 2.1753172e-07)
(1.1391866 -0.010424761 2.0845778e-07)
(1.1399259 -0.0094892064 1.9421428e-07)
(1.14039 -0.0086313431 1.7580943e-07)
(1.1406092 -0.007853705 1.5458369e-07)
(1.1406153 -0.0071496189 1.3204632e-07)
(1.140443 -0.006507647 1.0967745e-07)
(1.1401304 -0.0059157942 8.8664847e-08)
(1.1397149 -0.005366366 6.9799006e-08)
(1.139231 -0.0048533457 5.3549914e-08)
(1.1387094 -0.0043725405 4.0074592e-08)
(1.1381761 -0.0039220676 2.9276654e-08)
(1.1376518 -0.003501547 2.0893795e-08)
(1.1371518 -0.0031113252 1.4575675e-08)
(1.1366867 -0.0027518711 9.9450984e-09)
(1.1362628 -0.0024233803 6.640552e-09)
(1.1358829 -0.0021255663 4.341695e-09)
(1.1355473 -0.0018576008 2.7811436e-09)
(1.1352544 -0.0016181568 1.7464231e-09)
(1.1350013 -0.0014055126 1.075703e-09)
(1.1347846 -0.0012176771 6.5028794e-10)
(1.1346004 -0.0010525137 3.8604489e-10)
(1.1344448 -0.00090784642 2.2517955e-10)
(1.1343143 -0.00078154299 1.2912462e-10)
(1.1342053 -0.00067157264 7.282778e-11)
(1.1341148 -0.00057604379 4.0420515e-11)
(1.1340399 -0.00049322417 2.2086406e-11)
(1.1339782 -0.00042154766 1.1886872e-11)
(1.1339277 -0.00035961219 6.3043737e-12)
(1.1338864 -0.00030617205 3.2968224e-12)
(1.1338528 -0.00026012679 1.7012077e-12)
(1.1338256 -0.0002205086 8.6722541e-13)
(1.1338038 -0.00018646919 4.3762245e-13)
(1.1337862 -0.00015726694 2.1944076e-13)
(1.1337722 -0.00013225468 1.1017402e-13)
(1.133761 -0.00011086845 5.6205643e-14)
(1.1337522 -9.2617226e-05 2.9927531e-14)
(1.1337453 -7.7073818e-05 1.7314559e-14)
(1.1337398 -6.3866776e-05 1.1351321e-14)
(1.1337356 -5.2673245e-05 8.5646825e-15)
(1.1337323 -4.3212624e-05 7.2650608e-15)
(1.1337297 -3.5240974e-05 6.644534e-15)
(1.1337276 -2.8546189e-05 6.3279218e-15)
(1.133726 -2.2943889e-05 6.1360666e-15)
(1.1337247 -1.8273782e-05 5.9942352e-15)
(1.1337236 -1.4396471e-05 5.8716472e-15)
(1.1337227 -1.1190637e-05 5.7588327e-15)
(1.1337219 -8.5506144e-06 5.6598865e-15)
(1.1337211 -6.3842876e-06 5.580118e-15)
(1.1337204 -4.6114498e-06 5.5234894e-15)
(1.1337197 -3.1623998e-06 5.4860876e-15)
(1.133719 -1.9763797e-06 5.4600568e-15)
(1.1337183 -1.0008534e-06 5.4352335e-15)
(1.1337175 -1.8831125e-07 5.4038716e-15)
(1.1337168 5.0036585e-07 5.3630343e-15)
(1.1337159 1.0980263e-06 5.3211273e-15)
(1.1337151 1.6354663e-06 5.2906234e-15)
(1.1337143 2.1386576e-06 5.2835086e-15)
(1.1337135 2.6266657e-06 5.3055534e-15)
(1.1337126 3.1131739e-06 5.3529566e-15)
(1.1337118 3.6061897e-06 5.4124367e-15)
(1.1337111 4.1093177e-06 5.4648333e-15)
(1.1337103 4.6236785e-06 5.4899522e-15)
(1.1337096 5.1487204e-06 5.469941e-15)
(1.133709 5.6825868e-06 5.3951063e-15)
(1.1337084 6.2231877e-06 5.2659166e-15)
(1.1337078 6.7682466e-06 5.0931559e-15)
(1.1337073 7.3142464e-06 4.8950025e-15)
(1.1337068 7.8576751e-06 4.6942412e-15)
(1.1337064 8.3997832e-06 4.5128823e-15)
(1.1337059 8.9444055e-06 4.3671286e-15)
(1.1337056 9.4804257e-06 4.26756e-15)
(1.1337053 9.9660248e-06 4.2162579e-15)
(1.133705 1.0348761e-05 4.2064875e-15)
(1.1337047 1.0614901e-05 4.2258139e-15)
(1.1337043 1.0801587e-05 4.2609779e-15)
(1.1337039 1.0938672e-05 4.303584e-15)
(1.1337033 1.1020565e-05 4.348945e-15)
(1.1337025 1.1072164e-05 4.3960619e-15)
(1.1337016 1.117436e-05 4.4424879e-15)
(1.1337004 1.1415182e-05 4.4907863e-15)
(1.1336992 1.1871459e-05 4.5394699e-15)
(1.1336979 1.2597675e-05 4.5883121e-15)
(1.1336966 1.360969e-05 4.6353418e-15)
(1.1336956 1.4873273e-05 4.6759282e-15)
(1.1336948 1.6299635e-05 4.7074867e-15)
(1.1336943 1.7767798e-05 4.7281711e-15)
(1.1336942 1.9156809e-05 4.7363882e-15)
(1.1336945 2.0364595e-05 4.7348315e-15)
(1.1336951 2.1334485e-05 4.72329e-15)
(1.133696 2.2045469e-05 4.7017276e-15)
(1.1336972 2.2502178e-05 4.6715506e-15)
(1.1336985 2.2737429e-05 4.6338175e-15)
(1.1336999 2.2798815e-05 4.5905319e-15)
(1.1337011 2.2693664e-05 4.5443951e-15)
(1.1337023 2.2347136e-05 4.4951826e-15)
(1.1337032 2.1625264e-05 4.4420313e-15)
(1.1337038 2.0388098e-05 4.3853969e-15)
(1.1337042 1.8496331e-05 4.3277717e-15)
(1.1337041 1.5744633e-05 4.2715574e-15)
(1.1337036 1.1786183e-05 4.2190627e-15)
(1.1337027 6.1393593e-06 4.1715691e-15)
(1.1337018 -1.6735706e-06 4.1300888e-15)
(1.1337014 -1.1880919e-05 4.0947676e-15)
(1.1337023 -2.4222126e-05 4.0642852e-15)
(1.1337053 -3.7831511e-05 4.0371425e-15)
(1.1337115 -5.132047e-05 4.0119136e-15)
(1.1337215 -6.3033976e-05 3.987108e-15)
(1.1337355 -7.1401481e-05 3.9617349e-15)
(1.1337531 -7.5259548e-05 3.934646e-15)
(1.1337734 -7.4069635e-05 3.9049765e-15)
(1.1337948 -6.7903738e-05 3.8711965e-15)
(1.1338154 -5.7350298e-05 3.8333167e-15)
(1.1338327 -4.363774e-05 3.7922083e-15)
(1.1338449 -2.8296884e-05 3.7491673e-15)
(1.1338508 -1.2257613e-05 3.7043714e-15)
(1.1338501 4.3536382e-06 3.6572357e-15)
(1.1338437 2.1921506e-05 3.6103183e-15)
(1.1338335 4.0326554e-05 3.5665405e-15)
(1.1338215 5.8708753e-05 3.5276296e-15)
(1.1338093 7.6198607e-05 3.4966141e-15)
(1.1337982 9.1590752e-05 3.4729515e-15)
(1.1337891 0.00010349718 3.4563689e-15)
(1.1337824 0.00011083422 3.4451284e-15)
(1.1337778 0.00011327728 3.4391455e-15)
(1.1337751 0.00011164601 3.4361556e-15)
(1.1337732 0.00010587173 3.439632e-15)
(1.1337716 9.7700755e-05 3.4458092e-15)
(1.1337699 8.9458676e-05 3.4611123e-15)
(1.1337679 8.2217702e-05 3.4746519e-15)
(1.1337652 7.6243385e-05 3.4993946e-15)
(1.1337613 7.0937448e-05 3.5145657e-15)
(1.1337558 6.5077355e-05 3.5239158e-15)
(1.1337487 5.7441189e-05 3.5135681e-15)
(1.1337403 4.741398e-05 3.4894562e-15)
(1.1337312 3.5288288e-05 3.4375033e-15)
(1.1337221 2.1999435e-05 3.3674986e-15)
(1.1337139 8.8213298e-06 3.2803306e-15)
(1.1337076 -2.6313058e-06 3.1903448e-15)
(1.1337041 -1.1330315e-05 3.0981866e-15)
(1.1337041 -1.6280815e-05 3.0104775e-15)
(1.133707 -1.7921857e-05 2.942158e-15)
(1.1337135 -1.675348e-05 2.8521804e-15)
(1.1337241 -1.2623658e-05 2.7559478e-15)
(1.1337378 -1.084818e-05 2.6357373e-15)
(1.1337488 -5.9032764e-06 2.5727159e-15)
(1.1337702 -1.0418544e-05 2.4357623e-15)
(1.4958151 -0.0014385848 -5.534574e-11)
(1.4911533 -0.0039526359 1.0436544e-10)
(1.4812952 -0.0068172506 -1.2220259e-10)
(1.466015 -0.010012466 1.8061375e-10)
(1.444714 -0.013652129 -2.2683312e-10)
(1.4165036 -0.017943398 3.2581001e-10)
(1.3801365 -0.023100444 -4.3169209e-10)
(1.333825 -0.029531661 6.1990702e-10)
(1.2749423 -0.037711714 -8.6653982e-10)
(1.1999038 -0.048567494 1.2872577e-09)
(1.1030829 -0.063383093 -1.9495694e-09)
(0.97655132 -0.084647837 3.1949349e-09)
(0.80566297 -0.11673011 -5.8034611e-09)
(0.63483973 -0.21125263 -1.2056612e-05)
(0.29275109 -0.31449259 0.00015349808)
(-0.0076817619 -0.028723147 4.0751218e-05)
(-0.10424237 -0.091452018 5.571887e-06)
(-0.23950625 -0.068590591 1.3388504e-07)
(-0.33254064 -0.068541531 1.036267e-07)
(-0.41670922 -0.070144763 9.8196507e-08)
(-0.49085061 -0.07209667 9.6276184e-08)
(-0.55710826 -0.071732558 9.7333137e-08)
(-0.61385316 -0.069619299 9.8874847e-08)
(-0.66000652 -0.065452051 1.0068886e-07)
(-0.69489081 -0.058043561 1.0251814e-07)
(-0.71752163 -0.048150562 1.0390044e-07)
(-0.72756448 -0.035701041 1.0454259e-07)
(-0.72389136 -0.020236941 1.0452036e-07)
(-0.70534258 -0.0023970657 1.0379774e-07)
(-0.67457621 0.017169096 1.0162611e-07)
(-0.63067266 0.037920964 9.8295981e-08)
(-0.57371147 0.05869158 9.3630546e-08)
(-0.50439279 0.07866443 8.799721e-08)
(-0.42374491 0.096697993 8.1658977e-08)
(-0.33328889 0.11179774 7.501888e-08)
(-0.23464773 0.12324634 6.8513612e-08)
(-0.13043781 0.1297099 6.2521722e-08)
(-0.02323576 0.13166975 5.7395397e-08)
(0.084633175 0.12918747 5.3376794e-08)
(0.19086748 0.12276663 5.0622802e-08)
(0.29354821 0.11323619 4.920991e-08)
(0.39115413 0.10152156 4.9155319e-08)
(0.48260912 0.088499004 5.0441449e-08)
(0.56725726 0.074912293 5.3036397e-08)
(0.64480071 0.061338549 5.6913942e-08)
(0.71521987 0.048205459 6.206074e-08)
(0.77869981 0.035816404 6.8492453e-08)
(0.83545071 0.024353164 7.6237651e-08)
(0.88573809 0.014017551 8.5363303e-08)
(0.92991896 0.004928044 9.5897236e-08)
(0.9682996 -0.0028532179 1.0792288e-07)
(1.0011868 -0.0092687476 1.2150195e-07)
(1.0290344 -0.014257027 1.3641732e-07)
(1.0522302 -0.017891497 1.5251291e-07)
(1.0712031 -0.020304399 1.6963517e-07)
(1.0864826 -0.021643075 1.8743442e-07)
(1.0986502 -0.022069869 2.0530508e-07)
(1.10827 -0.021763337 2.2244822e-07)
(1.1158525 -0.020903308 2.3774206e-07)
(1.1218343 -0.019659316 2.4997159e-07)
(1.1265674 -0.018180433 2.5798716e-07)
(1.1303215 -0.016588712 2.6075078e-07)
(1.1332956 -0.014978121 2.5756023e-07)
(1.1356308 -0.013416318 2.482736e-07)
(1.1374273 -0.011947666 2.3332226e-07)
(1.1387588 -0.010596954 2.1360326e-07)
(1.1396844 -0.0093740184 1.903691e-07)
(1.1402567 -0.008278537 1.6511163e-07)
(1.1405271 -0.0073038201 1.3938399e-07)
(1.140547 -0.006439861 1.145546e-07)
(1.1403665 -0.0056761296 9.1697427e-08)
(1.1400348 -0.0050013203 7.153792e-08)
(1.1395975 -0.0044044126 5.4431148e-08)
(1.139095 -0.0038757803 4.0419252e-08)
(1.138561 -0.0034072215 2.9312177e-08)
(1.1380226 -0.002991774 2.0773295e-08)
(1.1375002 -0.0026235168 1.4395537e-08)
(1.1370081 -0.0022973593 9.7605587e-09)
(1.136555 -0.0020088545 6.4788679e-09)
(1.1361458 -0.0017540555 4.2126094e-09)
(1.1357819 -0.0015294122 2.6845954e-09)
(1.1354623 -0.0013317037 1.6777525e-09)
(1.1351847 -0.0011579979 1.0288238e-09)
(1.1349457 -0.0010056259 6.1937768e-10)
(1.1347415 -0.00087216382 3.6627056e-10)
(1.1345682 -0.00075542122 2.1286394e-10)
(1.1344218 -0.00065342801 1.2163761e-10)
(1.1342989 -0.00056441984 6.8375712e-11)
(1.1341961 -0.00048682413 3.7826676e-11)
(1.1341105 -0.00041924492 2.0603734e-11)
(1.1340395 -0.0003604467 1.1054413e-11)
(1.1339807 -0.00030933889 5.8448283e-12)
(1.1339322 -0.00026496091 3.047169e-12)
(1.1338924 -0.00022646801 1.5676099e-12)
(1.1338598 -0.00019311828 7.9672234e-13)
(1.1338332 -0.00016426075 4.008717e-13)
(1.1338116 -0.00013932468 2.0046539e-13)
(1.133794 -0.00011780987 1.0041299e-13)
(1.1337797 -9.9278104e-05 5.1150297e-14)
(1.1337682 -8.3345503e-05 2.7238379e-14)
(1.133759 -6.967583e-05 1.5801746e-14)
(1.1337515 -5.7974588e-05 1.04145e-14)
(1.1337455 -4.7983808e-05 7.9112169e-15)
(1.1337407 -3.9477373e-05 6.7557532e-15)
(1.1337368 -3.2256903e-05 6.2149261e-15)
(1.1337336 -2.6148208e-05 5.9395852e-15)
(1.133731 -2.0998262e-05 5.7697368e-15)
(1.1337289 -1.6672567e-05 5.6344062e-15)
(1.1337271 -1.3052868e-05 5.5072517e-15)
(1.1337256 -1.0035193e-05 5.3781842e-15)
(1.1337243 -7.5282148e-06 5.2577934e-15)
(1.1337231 -5.4518396e-06 5.1535048e-15)
(1.1337221 -3.7358817e-06 5.0735304e-15)
(1.1337211 -2.3189413e-06 5.0191682e-15)
(1.1337202 -1.1473435e-06 4.9845459e-15)
(1.1337192 -1.7137186e-07 4.9573111e-15)
(1.1337184 6.4510092e-07 4.9270793e-15)
(1.1337175 1.3386891e-06 4.8909666e-15)
(1.1337166 1.9417878e-06 4.8552012e-15)
(1.1337157 2.481285e-06 4.8311142e-15)
(1.1337149 2.9798669e-06 4.8288972e-15)
(1.133714 3.4556066e-06 4.8558721e-15)
(1.1337132 3.9212917e-06 4.907584e-15)
(1.1337124 4.3856316e-06 4.9707876e-15)
(1.1337116 4.8542942e-06 5.0256433e-15)
(1.1337109 5.330379e-06 5.0509703e-15)
(1.1337102 5.8150874e-06 5.0282974e-15)
(1.1337096 6.3082541e-06 4.9473521e-15)
(1.133709 6.8088404e-06 4.8095155e-15)
(1.1337084 7.3148416e-06 4.6266804e-15)
(1.1337079 7.8229821e-06 4.4186386e-15)
(1.1337074 8.3302224e-06 4.2091718e-15)
(1.1337069 8.8363037e-06 4.0213833e-15)
(1.1337065 9.3409546e-06 3.8729549e-15)
(1.1337061 9.8339496e-06 3.774021e-15)
(1.1337058 1.0290104e-05 3.7253525e-15)
(1.1337054 1.0682151e-05 3.7206402e-15)
(1.133705 1.1002078e-05 3.7481582e-15)
(1.1337046 1.1265395e-05 3.7954839e-15)
(1.1337041 1.1491561e-05 3.8509838e-15)
(1.1337035 1.169394e-05 3.9090874e-15)
(1.1337028 1.1898864e-05 3.9655129e-15)
(1.1337019 1.215446e-05 4.0183116e-15)
(1.1337009 1.2515347e-05 4.0686772e-15)
(1.1336998 1.303237e-05 4.1160297e-15)
(1.1336987 1.3741458e-05 4.1609298e-15)
(1.1336977 1.4650767e-05 4.2024172e-15)
(1.1336968 1.5731164e-05 4.2358801e-15)
(1.1336961 1.6907951e-05 4.261026e-15)
(1.1336956 1.8081413e-05 4.2764855e-15)
(1.1336954 1.9154499e-05 4.2821902e-15)
(1.1336955 2.0047509e-05 4.2804672e-15)
(1.1336958 2.0716845e-05 4.2701597e-15)
(1.1336964 2.1165675e-05 4.253318e-15)
(1.1336972 2.1437315e-05 4.2291566e-15)
(1.1336982 2.1573848e-05 4.1988583e-15)
(1.1336993 2.1610785e-05 4.1630574e-15)
(1.1337004 2.1547022e-05 4.1250734e-15)
(1.1337015 2.1305378e-05 4.0848706e-15)
(1.1337026 2.0756169e-05 4.0423412e-15)
(1.1337036 1.9772439e-05 3.9967755e-15)
(1.1337043 1.8228243e-05 3.9494798e-15)
(1.1337047 1.5904428e-05 3.903378e-15)
(1.1337046 1.2377806e-05 3.8601312e-15)
(1.133704 7.0074186e-06 3.8213427e-15)
(1.1337032 -9.15324e-07 3.7867797e-15)
(1.1337026 -1.187063e-05 3.756457e-15)
(1.1337028 -2.5786147e-05 3.7291165e-15)
(1.1337047 -4.1836742e-05 3.7040789e-15)
(1.133709 -5.8476312e-05 3.6809522e-15)
(1.1337162 -7.3712674e-05 3.6590745e-15)
(1.1337264 -8.5517061e-05 3.6383045e-15)
(1.1337392 -9.2213504e-05 3.6176835e-15)
(1.1337543 -9.2805808e-05 3.5956737e-15)
(1.1337708 -8.70572e-05 3.5710078e-15)
(1.1337873 -7.4941049e-05 3.5427817e-15)
(1.1338015 -5.7361465e-05 3.5096729e-15)
(1.1338114 -3.6754455e-05 3.4723054e-15)
(1.1338166 -1.498409e-05 3.4311731e-15)
(1.1338171 6.8821841e-06 3.3872149e-15)
(1.1338142 2.8271763e-05 3.3423299e-15)
(1.1338095 4.8654782e-05 3.2991631e-15)
(1.1338047 6.7384632e-05 3.2594678e-15)
(1.1338011 8.3833331e-05 3.224896e-15)
(1.1337997 9.7253371e-05 3.1963516e-15)
(1.1338008 0.00010685272 3.1751055e-15)
(1.1338042 0.00011206818 3.1607982e-15)
(1.1338093 0.00011279736 3.1551068e-15)
(1.1338154 0.00010954832 3.1561661e-15)
(1.1338216 0.00010336199 3.1664931e-15)
(1.1338271 9.5760135e-05 3.1808793e-15)
(1.1338314 8.8275441e-05 3.20475e-15)
(1.1338342 8.2018045e-05 3.2250579e-15)
(1.1338354 7.7422893e-05 3.2544477e-15)
(1.1338348 7.4124803e-05 3.2718796e-15)
(1.1338319 7.0603119e-05 3.2823946e-15)
(1.1338262 6.5019132e-05 3.2719748e-15)
(1.1338178 5.6572553e-05 3.2475105e-15)
(1.1338074 4.5483165e-05 3.1939558e-15)
(1.1337959 3.2238733e-05 3.1231924e-15)
(1.1337844 1.7920395e-05 3.0355909e-15)
(1.1337745 4.0571703e-06 2.9480062e-15)
(1.1337675 -7.9015826e-06 2.8568882e-15)
(1.1337643 -1.6835145e-05 2.7745155e-15)
(1.133766 -2.2546266e-05 2.6883143e-15)
(1.133772 -2.5227652e-05 2.6036366e-15)
(1.1337824 -2.5346051e-05 2.5116599e-15)
(1.1337966 -2.42942e-05 2.4103909e-15)
(1.133809 -2.2221928e-05 2.3564926e-15)
(1.1338319 -2.3492911e-05 2.2208207e-15)
(1.4993144 0.0012366183 -5.7686992e-11)
(1.4946765 0.0032771647 1.160378e-10)
(1.4848761 0.005562347 -1.4141005e-10)
(1.4695307 0.008066244 2.0770397e-10)
(1.4481528 0.010849181 -2.6460481e-10)
(1.4198431 0.014092789 3.8017023e-10)
(1.3833563 0.017978506 -5.1005658e-10)
(1.3368865 0.022869433 7.3602231e-10)
(1.2778059 0.029192427 -1.0417808e-09)
(1.2025036 0.037783157 1.5630104e-09)
(1.1053263 0.049845448 -2.4105711e-09)
(0.97830185 0.067649105 4.055404e-09)
(0.80666415 0.095393175 -7.7199767e-09)
(0.60174051 0.069749586 -8.9687661e-07)
(0.23906551 0.087645489 0.00019731939)
(-0.002735898 0.003257 5.2062628e-06)
(-0.105907 0.018340948 8.7199104e-06)
(-0.24528581 0.034968328 1.6444183e-07)
(-0.34106255 0.024376474 1.3597526e-07)
(-0.42843384 0.015038775 1.2681627e-07)
(-0.50740234 0.0057452446 1.1869874e-07)
(-0.57860023 -0.004303401 1.1167918e-07)
(-0.64046511 -0.013416121 1.0542816e-07)
(-0.69193098 -0.020617104 9.9763081e-08)
(-0.73118016 -0.026214229 9.4300503e-08)
(-0.75720438 -0.02878914 8.8989036e-08)
(-0.76983848 -0.028989391 8.4524421e-08)
(-0.7733135 -0.028052503 8.0793241e-08)
(-0.76021137 -0.024025368 7.4296922e-08)
(-0.73420609 -0.019313368 6.9852681e-08)
(-0.69346015 -0.013051771 6.5801564e-08)
(-0.63941613 -0.0062206627 6.1679647e-08)
(-0.57177541 0.00057010309 5.7871502e-08)
(-0.4915424 0.0067060778 5.4321882e-08)
(-0.40016125 0.011762681 5.1132612e-08)
(-0.29951289 0.015310437 4.8389649e-08)
(-0.19195389 0.016894951 4.617218e-08)
(-0.080144295 0.016702537 4.4568096e-08)
(0.033317368 0.014560296 4.3634035e-08)
(0.1459697 0.010762782 4.3428949e-08)
(0.25562559 0.0057368878 4.3998526e-08)
(0.36046092 -7.7033061e-05 4.537894e-08)
(0.45910104 -0.006272139 4.7604787e-08)
(0.55062399 -0.012508594 5.0715183e-08)
(0.63451629 -0.018526822 5.4760061e-08)
(0.71059007 -0.024126491 5.9807382e-08)
(0.77887137 -0.029152464 6.5950676e-08)
(0.83961486 -0.033508602 7.3312524e-08)
(0.89315244 -0.037039946 8.2053853e-08)
(0.93978594 -0.039654715 9.2343811e-08)
(0.97988373 -0.041299533 1.0436252e-07)
(1.0138399 -0.041970431 1.182252e-07)
(1.0420985 -0.041707236 1.3389727e-07)
(1.0651774 -0.040613041 1.5118472e-07)
(1.0836646 -0.038834133 1.6972084e-07)
(1.0981966 -0.036542131 1.8892573e-07)
(1.1094288 -0.033913462 2.0801159e-07)
(1.1179952 -0.031106807 2.2600956e-07)
(1.124472 -0.02824849 2.4175004e-07)
(1.1293515 -0.025432463 2.5399872e-07)
(1.133029 -0.022724044 2.6160642e-07)
(1.1358055 -0.020164691 2.6362985e-07)
(1.1378988 -0.017779153 2.5950769e-07)
(1.1394591 -0.015580961 2.492122e-07)
(1.1405877 -0.013575859 2.3327283e-07)
(1.1413537 -0.011764345 2.1269286e-07)
(1.1418078 -0.01014319 1.8881784e-07)
(1.1419919 -0.0087063963 1.631741e-07)
(1.1419457 -0.0074456352 1.3727994e-07)
(1.1417092 -0.0063500958 1.1246738e-07)
(1.1413227 -0.0054065905 8.9763315e-08)
(1.1408259 -0.0046004256 6.9833375e-08)
(1.1402562 -0.0039161204 5.2989052e-08)
(1.1396471 -0.0033381206 3.9241853e-08)
(1.139027 -0.002851454 2.8381765e-08)
(1.1384186 -0.0024421949 2.0060478e-08)
(1.1378387 -0.0020978275 1.3865519e-08)
(1.1372989 -0.0018074227 9.3777489e-09)
(1.1368061 -0.0015616622 6.2100654e-09)
(1.1363633 -0.0013527597 4.0289227e-09)
(1.1359708 -0.0011743114 2.5622971e-09)
(1.1356268 -0.0010211108 1.5983159e-09)
(1.1353282 -0.00088895601 9.7841922e-10)
(1.135071 -0.00077446482 5.8809063e-10)
(1.134851 -0.00067491169 3.4724735e-10)
(1.1346639 -0.00058808958 2.0151982e-10)
(1.1345055 -0.00051219619 1.1499527e-10)
(1.1343721 -0.00044574444 6.4552922e-11)
(1.13426 -0.00038749575 3.5662249e-11)
(1.1341663 -0.00033640682 1.9397144e-11)
(1.1340882 -0.00029158885 1.0391678e-11)
(1.1340232 -0.00025227829 5.4858916e-12)
(1.1339693 -0.00021781438 2.8553281e-12)
(1.1339247 -0.00018762158 1.4663074e-12)
(1.1338879 -0.00016119609 7.4377022e-13)
(1.1338576 -0.00013809528 3.734064e-13)
(1.1338327 -0.00011792909 1.8623724e-13)
(1.1338123 -0.00010035302 9.2969212e-14)
(1.1337956 -8.506233e-05 4.7132031e-14)
(1.1337819 -7.178712e-05 2.4925698e-14)
(1.1337707 -6.0288136e-05 1.4332166e-14)
(1.1337616 -5.0353136e-05 9.3476719e-15)
(1.1337541 -4.1793649e-05 7.0442172e-15)
(1.133748 -3.4442044e-05 5.9855041e-15)
(1.133743 -2.8148968e-05 5.5107764e-15)
(1.1337389 -2.2781138e-05 5.2718637e-15)
(1.1337355 -1.8219482e-05 5.1207044e-15)
(1.1337327 -1.4357573e-05 5.0053169e-15)
(1.1337303 -1.1100333e-05 4.8943168e-15)
(1.1337283 -8.3629502e-06 4.7595014e-15)
(1.1337265 -6.069931e-06 4.6354749e-15)
(1.133725 -4.1545471e-06 4.5206468e-15)
(1.1337236 -2.5575697e-06 4.4227657e-15)
(1.1337224 -1.2275854e-06 4.3588934e-15)
(1.1337212 -1.1562892e-07 4.3188078e-15)
(1.1337201 8.1441869e-07 4.2911833e-15)
(1.1337191 1.597309e-06 4.2654357e-15)
(1.1337181 2.2659524e-06 4.2363934e-15)
(1.1337172 2.8487858e-06 4.2081308e-15)
(1.1337163 3.3685378e-06 4.1966814e-15)
(1.1337154 3.8451544e-06 4.1958494e-15)
(1.1337145 4.29504e-06 4.2257844e-15)
(1.1337137 4.7306784e-06 4.2744878e-15)
(1.1337129 5.161242e-06 4.3330596e-15)
(1.1337121 5.5930505e-06 4.3817696e-15)
(1.1337114 6.0301976e-06 4.4005855e-15)
(1.1337107 6.475069e-06 4.3749251e-15)
(1.1337101 6.9286343e-06 4.2907356e-15)
(1.1337095 7.3906374e-06 4.1523315e-15)
(1.1337089 7.8595942e-06 3.9721223e-15)
(1.1337084 8.3329605e-06 3.7688836e-15)
(1.1337079 8.8083591e-06 3.5666025e-15)
(1.1337074 9.2847098e-06 3.384767e-15)
(1.133707 9.7601385e-06 3.2428461e-15)
(1.1337066 1.0226747e-05 3.1517542e-15)
(1.1337062 1.0668912e-05 3.1080982e-15)
(1.1337058 1.1071001e-05 3.1102676e-15)
(1.1337054 1.1429063e-05 3.1451432e-15)
(1.1337049 1.1753609e-05 3.1976049e-15)
(1.1337044 1.2059729e-05 3.2639641e-15)
(1.1337038 1.2361228e-05 3.3325424e-15)
(1.1337031 1.2677669e-05 3.3953946e-15)
(1.1337023 1.3039357e-05 3.4547468e-15)
(1.1337014 1.3480531e-05 3.5086953e-15)
(1.1337004 1.403398e-05 3.5525832e-15)
(1.1336995 1.4722064e-05 3.5928956e-15)
(1.1336986 1.5547924e-05 3.6346173e-15)
(1.1336978 1.6488181e-05 3.6543232e-15)
(1.1336971 1.7482592e-05 3.6736612e-15)
(1.1336966 1.8446444e-05 3.6870759e-15)
(1.1336963 1.9297494e-05 3.6899412e-15)
(1.1336962 1.9970351e-05 3.691869e-15)
(1.1336963 2.0419356e-05 3.6790835e-15)
(1.1336966 2.0640183e-05 3.6667517e-15)
(1.133697 2.0691971e-05 3.643113e-15)
(1.1336977 2.0658183e-05 3.6278343e-15)
(1.1336986 2.0580293e-05 3.5943188e-15)
(1.1336996 2.0433326e-05 3.5708283e-15)
(1.1337008 2.014112e-05 3.5431938e-15)
(1.133702 1.9599049e-05 3.5120867e-15)
(1.1337034 1.8719473e-05 3.4764202e-15)
(1.1337047 1.7415686e-05 3.4371199e-15)
(1.1337057 1.547641e-05 3.4003383e-15)
(1.1337064 1.2423837e-05 3.3682552e-15)
(1.1337065 7.482691e-06 3.340037e-15)
(1.1337062 -2.5572119e-07 3.3128567e-15)
(1.1337057 -1.1495847e-05 3.2888258e-15)
(1.1337053 -2.634805e-05 3.2657636e-15)
(1.1337057 -4.4043022e-05 3.2442672e-15)
(1.1337075 -6.2889285e-05 3.2243878e-15)
(1.1337111 -8.0548652e-05 3.2052404e-15)
(1.1337166 -9.4640534e-05 3.1874994e-15)
(1.1337236 -0.0001034387 3.1735228e-15)
(1.1337314 -0.00010588886 3.1549746e-15)
(1.1337405 -0.00010092121 3.1388692e-15)
(1.1337511 -8.7624489e-05 3.1178676e-15)
(1.133761 -6.7384012e-05 3.0907746e-15)
(1.133768 -4.334772e-05 3.0575647e-15)
(1.1337724 -1.8029501e-05 3.0197154e-15)
(1.1337748 6.6883399e-06 2.9788245e-15)
(1.1337762 2.9553867e-05 2.9351414e-15)
(1.1337781 4.9826817e-05 2.8952384e-15)
(1.1337819 6.7120867e-05 2.8547762e-15)
(1.1337884 8.1233612e-05 2.8180237e-15)
(1.133798 9.1952337e-05 2.7840648e-15)
(1.1338105 9.9040651e-05 2.7591592e-15)
(1.1338249 0.00010239452 2.7426204e-15)
(1.1338401 0.00010221918 2.7366615e-15)
(1.1338551 9.912675e-05 2.7405844e-15)
(1.1338687 9.3972702e-05 2.753807e-15)
(1.1338801 8.796914e-05 2.7731414e-15)
(1.133889 8.2428101e-05 2.7996447e-15)
(1.1338952 7.8208306e-05 2.8272426e-15)
(1.1338989 7.549973e-05 2.8531646e-15)
(1.1339 7.4078897e-05 2.8693168e-15)
(1.1338993 7.3473033e-05 2.8752208e-15)
(1.1338959 7.1739183e-05 2.8721173e-15)
(1.1338879 6.63205e-05 2.8465912e-15)
(1.1338769 5.7317164e-05 2.7961612e-15)
(1.1338639 4.5026333e-05 2.7302162e-15)
(1.1338501 3.0277897e-05 2.6507555e-15)
(1.133837 1.4274974e-05 2.5686836e-15)
(1.1338267 -1.0864582e-06 2.4845041e-15)
(1.1338203 -1.4785631e-05 2.4054297e-15)
(1.1338192 -2.54014e-05 2.3213925e-15)
(1.1338228 -3.3114083e-05 2.2436905e-15)
(1.1338315 -3.7087939e-05 2.1614356e-15)
(1.1338437 -3.8152892e-05 2.0782249e-15)
(1.1338558 -3.8911784e-05 2.0290385e-15)
(1.1338759 -3.5596949e-05 1.9106104e-15)
(1.4960664 0.0034841422 -6.8016993e-11)
(1.4912907 0.01048068 1.1848462e-10)
(1.4819173 0.017815915 -1.3797258e-10)
(1.4672497 0.025845195 2.1314085e-10)
(1.4469741 0.034862508 -2.7446638e-10)
(1.4200408 0.045376814 4.0672948e-10)
(1.3857455 0.057996053 -5.5891227e-10)
(1.342079 0.073654102 8.2710781e-10)
(1.2875384 0.093817952 -1.20021e-09)
(1.2184334 0.12038245 1.8328601e-09)
(1.1318471 0.1573876 -2.8469823e-09)
(1.0205541 0.20915987 4.6437551e-09)
(0.87796774 0.28809502 -7.7842666e-09)
(0.67893998 0.33656511 -8.816965e-06)
(0.38888406 0.47651768 8.1217362e-05)
(0.021817878 0.097530714 2.2361282e-05)
(-0.01071502 0.044485772 -3.5764378e-06)
(-0.10417034 0.12079223 9.4342046e-07)
(-0.20011472 0.12712356 2.0417491e-07)
(-0.27504051 0.1077851 1.7156644e-07)
(-0.34421034 0.089787814 1.5834839e-07)
(-0.40725136 0.072392944 1.4731754e-07)
(-0.46264143 0.05558162 1.3779136e-07)
(-0.50991218 0.038692191 1.2850126e-07)
(-0.54890723 0.021631714 1.1894824e-07)
(-0.57904652 0.0048081413 1.090388e-07)
(-0.59835 -0.010002486 9.9051286e-08)
(-0.60760147 -0.022632162 8.8958791e-08)
(-0.60537366 -0.034153487 7.9198693e-08)
(-0.59046731 -0.04449038 6.9804053e-08)
(-0.56311606 -0.05345295 6.0518854e-08)
(-0.52265931 -0.061760432 5.1780798e-08)
(-0.46936904 -0.069183277 4.3400569e-08)
(-0.40340297 -0.075969419 3.5549527e-08)
(-0.32533446 -0.08230226 2.8300924e-08)
(-0.2367269 -0.087642372 2.1736373e-08)
(-0.13947463 -0.092274066 1.592712e-08)
(-0.035623866 -0.096008446 1.0923743e-08)
(0.072213228 -0.098886021 6.7712511e-09)
(0.18122636 -0.10100457 3.4902817e-09)
(0.28910114 -0.10234815 1.1016832e-09)
(0.39374622 -0.10289672 -3.7937904e-10)
(0.49332147 -0.1026671 -9.4609645e-10)
(0.58643272 -0.10171124 -5.924783e-10)
(0.67214338 -0.10013158 6.9224455e-10)
(0.74993459 -0.098050278 2.9264241e-09)
(0.81963325 -0.095549582 6.1429387e-09)
(0.88132432 -0.092651185 1.0398656e-08)
(0.93528467 -0.089314081 1.5792112e-08)
(0.981888 -0.085541118 2.2498092e-08)
(1.0215445 -0.081278645 3.0794143e-08)
(1.054699 -0.076481056 4.1049749e-08)
(1.0818061 -0.071165551 5.3637669e-08)
(1.1033497 -0.065420637 6.879065e-08)
(1.1198835 -0.05941653 8.6469149e-08)
(1.1320428 -0.053372772 1.0630627e-07)
(1.1405261 -0.047504238 1.2762093e-07)
(1.1460561 -0.041983954 1.4948334e-07)
(1.1493328 -0.036922798 1.7078285e-07)
(1.1509842 -0.032365881 1.9026812e-07)
(1.1515334 -0.028307917 2.0663089e-07)
(1.1513858 -0.024710802 2.1862617e-07)
(1.1508334 -0.021520229 2.2521492e-07)
(1.1500706 -0.018680427 2.257296e-07)
(1.1492142 -0.01614309 2.200113e-07)
(1.1483251 -0.013870916 2.0845818e-07)
(1.1474291 -0.011837938 1.9197355e-07)
(1.1465322 -0.01002723 1.7183725e-07)
(1.1456329 -0.0084274416 1.4952922e-07)
(1.1447296 -0.0070294842 1.2653697e-07)
(1.1438239 -0.005823775 1.0418395e-07)
(1.1429216 -0.0047985778 8.3508765e-08)
(1.142032 -0.0039394257 6.5207715e-08)
(1.1411665 -0.0032292007 4.9637385e-08)
(1.1403366 -0.002649323 3.6861974e-08)
(1.139553 -0.0021808006 2.6725566e-08)
(1.1388241 -0.0018050898 1.8930812e-08)
(1.1381557 -0.0015050723 1.3110333e-08)
(1.1375506 -0.0012656249 8.8829773e-09)
(1.1370093 -0.0010738775 5.8923798e-09)
(1.1365301 -0.00091923308 3.8289985e-09)
(1.13611 -0.0007932182 2.4389598e-09)
(1.1357445 -0.00068922581 1.5237001e-09)
(1.1354289 -0.00060221633 9.3413176e-10)
(1.135158 -0.00052839869 5.6228584e-10)
(1.1349267 -0.00046496372 3.3247705e-10)
(1.1347301 -0.00040984523 1.9320839e-10)
(1.1345637 -0.00036151801 1.1039368e-10)
(1.1344234 -0.00031884578 6.2044248e-11)
(1.1343053 -0.00028097851 3.4314354e-11)
(1.1342064 -0.00024726409 1.8682746e-11)
(1.1341236 -0.00021718861 1.0017761e-11)
(1.1340545 -0.00019033708 5.2923707e-12)
(1.1339969 -0.00016636483 2.7560868e-12)
(1.1339491 -0.00014497823 1.4157175e-12)
(1.1339094 -0.0001259219 7.1798973e-13)
(1.1338765 -0.00010897 3.6010904e-13)
(1.1338493 -9.3920239e-05 1.7916619e-13)
(1.1338268 -8.0589634e-05 8.8964879e-14)
(1.1338083 -6.8811949e-05 4.4622107e-14)
(1.133793 -5.8435568e-05 2.3131286e-14)
(1.1337804 -4.9321924e-05 1.2869535e-14)
(1.13377 -4.1344204e-05 8.0476603e-15)
(1.1337614 -3.4386141e-05 5.8219682e-15)
(1.1337543 -2.8340901e-05 4.8140663e-15)
(1.1337484 -2.3110142e-05 4.364579e-15)
(1.1337435 -1.8603228e-05 4.1548608e-15)
(1.1337394 -1.4736613e-05 4.0368994e-15)
(1.133736 -1.1433375e-05 3.9421625e-15)
(1.1337331 -8.6229705e-06 3.8435078e-15)
(1.1337306 -6.2410138e-06 3.7307495e-15)
(1.1337285 -4.2286363e-06 3.6147298e-15)
(1.1337267 -2.5335903e-06 3.5052479e-15)
(1.133725 -1.1081727e-06 3.4144844e-15)
(1.1337235 9.0004171e-08 3.348815e-15)
(1.1337222 1.0966177e-06 3.3074659e-15)
(1.133721 1.942514e-06 3.2814553e-15)
(1.1337198 2.6619729e-06 3.2614345e-15)
(1.1337187 3.2797149e-06 3.242988e-15)
(1.1337177 3.8186091e-06 3.2278241e-15)
(1.1337167 4.2986957e-06 3.2217536e-15)
(1.1337158 4.737374e-06 3.2302051e-15)
(1.1337149 5.149206e-06 3.2581098e-15)
(1.1337141 5.5460076e-06 3.3014881e-15)
(1.1337133 5.9368223e-06 3.3501753e-15)
(1.1337125 6.3281117e-06 3.3887197e-15)
(1.1337118 6.7244358e-06 3.4007552e-15)
(1.1337111 7.1288411e-06 3.3720968e-15)
(1.1337105 7.5430143e-06 3.2951896e-15)
(1.1337099 7.9673411e-06 3.1721335e-15)
(1.1337094 8.4009738e-06 3.0136126e-15)
(1.1337089 8.8421231e-06 2.8365203e-15)
(1.1337084 9.2889443e-06 2.66075e-15)
(1.1337079 9.7400405e-06 2.5055359e-15)
(1.1337074 1.0193089e-05 2.3857668e-15)
(1.133707 1.0642243e-05 2.3097893e-15)
(1.1337066 1.1078048e-05 2.2783419e-15)
(1.1337062 1.1492356e-05 2.2865656e-15)
(1.1337057 1.1884113e-05 2.324866e-15)
(1.1337053 1.2260314e-05 2.3828921e-15)
(1.1337047 1.2631433e-05 2.4493811e-15)
(1.1337041 1.3009181e-05 2.5180216e-15)
(1.1337035 1.3408167e-05 2.5827589e-15)
(1.1337027 1.3846829e-05 2.6404556e-15)
(1.1337019 1.4345298e-05 2.6910651e-15)
(1.1337011 1.4923345e-05 2.7339202e-15)
(1.1337002 1.5593271e-05 2.7699067e-15)
(1.1336994 1.6354638e-05 2.7996973e-15)
(1.1336986 1.71895e-05 2.8208808e-15)
(1.133698 1.8052365e-05 2.8350954e-15)
(1.1336975 1.8874711e-05 2.8431891e-15)
(1.1336971 1.958192e-05 2.8459779e-15)
(1.1336968 2.0097242e-05 2.8425821e-15)
(1.1336967 2.0353562e-05 2.8326451e-15)
(1.1336967 2.0388038e-05 2.826449e-15)
(1.1336968 2.0313778e-05 2.8203338e-15)
(1.1336971 2.0075842e-05 2.8076544e-15)
(1.1336977 1.9746875e-05 2.7902762e-15)
(1.1336985 1.9361003e-05 2.7725377e-15)
(1.1336997 1.8843511e-05 2.7534286e-15)
(1.1337011 1.8113225e-05 2.7330869e-15)
(1.1337028 1.7133268e-05 2.710893e-15)
(1.1337047 1.5881621e-05 2.6876895e-15)
(1.1337066 1.4190652e-05 2.6654255e-15)
(1.1337082 1.1575587e-05 2.6445527e-15)
(1.1337092 7.1834986e-06 2.6257137e-15)
(1.1337097 -2.940241e-08 2.6080646e-15)
(1.1337094 -1.0926115e-05 2.5915816e-15)
(1.1337085 -2.5774476e-05 2.575653e-15)
(1.1337073 -4.3934044e-05 2.5604849e-15)
(1.133706 -6.3754777e-05 2.5462735e-15)
(1.1337052 -8.2724632e-05 2.5330374e-15)
(1.1337053 -9.7910524e-05 2.5199014e-15)
(1.1337063 -0.00010676176 2.5067257e-15)
(1.1337074 -0.00010886535 2.4976948e-15)
(1.1337086 -0.00010678656 2.4920733e-15)
(1.1337115 -9.6612465e-05 2.4805682e-15)
(1.1337158 -7.4142754e-05 2.4570235e-15)
(1.1337195 -4.8337778e-05 2.4291822e-15)
(1.1337233 -2.1838092e-05 2.3974792e-15)
(1.1337277 3.0978041e-06 2.3626529e-15)
(1.1337337 2.4935779e-05 2.3257493e-15)
(1.1337425 4.2949268e-05 2.2884116e-15)
(1.1337549 5.7088188e-05 2.251795e-15)
(1.1337713 6.7693629e-05 2.217513e-15)
(1.1337916 7.5196083e-05 2.187425e-15)
(1.1338148 7.9963285e-05 2.1644322e-15)
(1.1338395 8.2301917e-05 2.1499687e-15)
(1.1338639 8.2527017e-05 2.1466444e-15)
(1.1338866 8.1051174e-05 2.1530354e-15)
(1.1339062 7.8442683e-05 2.1702287e-15)
(1.1339221 7.5492909e-05 2.1925216e-15)
(1.1339342 7.3090715e-05 2.2223202e-15)
(1.1339427 7.1977942e-05 2.2482273e-15)
(1.1339479 7.2443011e-05 2.2793644e-15)
(1.1339499 7.3970033e-05 2.2970891e-15)
(1.1339493 7.5285784e-05 2.3051008e-15)
(1.133946 7.6440177e-05 2.3007774e-15)
(1.1339388 7.5082122e-05 2.2839137e-15)
(1.1339285 6.9433032e-05 2.2423464e-15)
(1.1339152 5.9081517e-05 2.1879481e-15)
(1.1339004 4.4788994e-05 2.1206564e-15)
(1.1338854 2.7330596e-05 2.0532239e-15)
(1.1338725 8.8989026e-06 1.9809076e-15)
(1.1338626 -9.3945686e-06 1.9114515e-15)
(1.133858 -2.504145e-05 1.8400489e-15)
(1.1338573 -3.7786064e-05 1.7744751e-15)
(1.1338624 -4.6111392e-05 1.7093325e-15)
(1.1338699 -4.9169185e-05 1.6417045e-15)
(1.1338794 -5.2724876e-05 1.6010272e-15)
(1.1338927 -4.5390831e-05 1.5157952e-15)
(1.4854054 0.0056749538 -3.0304986e-11)
(1.4809902 0.017191826 5.3862444e-11)
(1.4725638 0.029228805 -6.3331644e-11)
(1.459194 0.04240036 9.7872672e-11)
(1.4410784 0.057075687 -1.2337784e-10)
(1.416763 0.074244424 1.7655587e-10)
(1.3867622 0.09446274 -2.2329491e-10)
(1.3481871 0.11973623 2.9156828e-10)
(1.3024376 0.15101673 -3.2629239e-10)
(1.2437491 0.19296482 3.0137178e-10)
(1.1766243 0.24702434 -3.160074e-12)
(1.0885412 0.32595531 -1.035872e-09)
(0.99456637 0.42981795 4.4906264e-09)
(0.86325031 0.60410724 -1.5778448e-08)
(0.65723467 0.77517311 -8.4390503e-06)
(0.25842141 0.50458455 -0.00048963196)
(-0.051763372 0.1287227 -2.3463243e-06)
(-0.081674986 0.19629729 3.1819543e-07)
(-0.10841879 0.18489667 2.6327044e-07)
(-0.14051487 0.16451364 2.2683926e-07)
(-0.17362899 0.14320524 2.1005154e-07)
(-0.20547441 0.12060005 1.9951451e-07)
(-0.23421047 0.096610439 1.9111738e-07)
(-0.2586791 0.071819296 1.8299087e-07)
(-0.27797963 0.047146169 1.7431427e-07)
(-0.29104936 0.023313163 1.6478428e-07)
(-0.29634882 -0.00011550815 1.5425277e-07)
(-0.2940083 -0.023519414 1.4240579e-07)
(-0.28144435 -0.046254753 1.2981022e-07)
(-0.25900568 -0.068086415 1.1643652e-07)
(-0.22624755 -0.08913483 1.0231349e-07)
(-0.18279013 -0.1095211 8.7757398e-08)
(-0.1286425 -0.12919602 7.3039336e-08)
(-0.064384917 -0.14772381 5.8461954e-08)
(0.010062312 -0.16440885 4.4352296e-08)
(0.093475264 -0.17901456 3.1106866e-08)
(0.183034 -0.19078876 1.9016925e-08)
(0.27692185 -0.1990134 8.2773809e-09)
(0.37303434 -0.20386242 -1.001632e-09)
(0.4689565 -0.2054949 -8.787908e-09)
(0.56253291 -0.20407007 -1.5117692e-08)
(0.65204772 -0.19992202 -2.0063781e-08)
(0.73600196 -0.19349865 -2.3727307e-08)
(0.81330715 -0.1852961 -2.6216802e-08)
(0.88329066 -0.17584368 -2.7628787e-08)
(0.94562152 -0.16564332 -2.8043572e-08)
(1.0002567 -0.15506819 -2.7524883e-08)
(1.0473545 -0.14434126 -2.6133716e-08)
(1.0872236 -0.1335801 -2.3945496e-08)
(1.1202867 -0.12283288 -2.1016741e-08)
(1.1470222 -0.11206762 -1.7265082e-08)
(1.167915 -0.10124128 -1.2317498e-08)
(1.183427 -0.090373274 -5.4761071e-09)
(1.1940105 -0.079591489 4.08927e-09)
(1.2001736 -0.069143967 1.6991768e-08)
(1.2025326 -0.059335511 3.3334672e-08)
(1.2018061 -0.050439997 5.2631125e-08)
(1.1987642 -0.042637815 7.3926759e-08)
(1.1941649 -0.035983784 9.5994993e-08)
(1.188687 -0.030420227 1.1748618e-07)
(1.1828822 -0.025820489 1.3702075e-07)
(1.1771589 -0.022020838 1.5326985e-07)
(1.1717859 -0.018852811 1.650636e-07)
(1.1669137 -0.016166606 1.7153417e-07)
(1.1626008 -0.013843591 1.7225517e-07)
(1.1588424 -0.011799199 1.6732348e-07)
(1.1555955 -0.009979667 1.5735128e-07)
(1.1527982 -0.0083551917 1.4336947e-07)
(1.1503836 -0.0069118054 1.2666743e-07)
(1.1482889 -0.0056439126 1.0860722e-07)
(1.1464598 -0.004548247 9.0451701e-08)
(1.1448523 -0.0036196823 7.3236708e-08)
(1.1434321 -0.0028494446 5.7701829e-08)
(1.1421734 -0.0022242498 4.4278456e-08)
(1.1410562 -0.001727528 3.3122597e-08)
(1.1400656 -0.0013412315 2.4174728e-08)
(1.1391895 -0.0010465647 1.7229263e-08)
(1.1384175 -0.00082554878 1.2000145e-08)
(1.1377405 -0.00066197331 8.1743038e-09)
(1.1371494 -0.00054192167 5.4496912e-09)
(1.1366361 -0.00045395115 3.5583189e-09)
(1.1361924 -0.00038901894 2.2769204e-09)
(1.1358106 -0.00034023016 1.4287059e-09)
(1.1354835 -0.00030251904 8.7958257e-10)
(1.1352043 -0.00027226923 5.3159587e-10)
(1.1349669 -0.00024698841 3.1555636e-10)
(1.1347656 -0.00022502412 1.840643e-10)
(1.1345954 -0.00020532167 1.0554928e-10)
(1.134452 -0.00018722177 5.9527826e-11)
(1.1343313 -0.00017034831 3.303252e-11)
(1.1342299 -0.00015449633 1.8042319e-11)
(1.134145 -0.00013956319 9.7038073e-12)
(1.134074 -0.00012550725 5.1412182e-12)
(1.1340146 -0.00011231644 2.6844576e-12)
(1.1339651 -9.9989979e-05 1.3821302e-12)
(1.1339239 -8.852843e-05 7.0221811e-13)
(1.1338896 -7.7928038e-05 3.5249621e-13)
(1.1338611 -6.8178335e-05 1.7520504e-13)
(1.1338373 -5.9260473e-05 8.6594692e-14)
(1.1338177 -5.114888e-05 4.2921914e-14)
(1.1338013 -4.3811868e-05 2.1697012e-14)
(1.1337877 -3.7212807e-05 1.1531111e-14)
(1.1337765 -3.1311251e-05 6.7396308e-15)
(1.1337671 -2.6063846e-05 4.5240252e-15)
(1.1337592 -2.1425137e-05 3.5240022e-15)
(1.1337527 -1.734831e-05 3.0850892e-15)
(1.1337472 -1.3785874e-05 2.8935767e-15)
(1.1337427 -1.0690342e-05 2.7995086e-15)
(1.1337388 -8.0148403e-06 2.7319218e-15)
(1.1337355 -5.7139649e-06 2.6603112e-15)
(1.1337326 -3.7447438e-06 2.5760025e-15)
(1.1337302 -2.0644259e-06 2.484018e-15)
(1.1337281 -6.3595089e-07 2.3943642e-15)
(1.1337262 5.7440467e-07 2.3174651e-15)
(1.1337245 1.6001902e-06 2.2596058e-15)
(1.133723 2.4659752e-06 2.2217295e-15)
(1.1337216 3.2020514e-06 2.1993136e-15)
(1.1337204 3.8308103e-06 2.1861194e-15)
(1.1337192 4.3725675e-06 2.1779292e-15)
(1.1337181 4.8462886e-06 2.174002e-15)
(1.1337171 5.2690771e-06 2.1763937e-15)
(1.1337162 5.6555781e-06 2.1881259e-15)
(1.1337153 6.0183488e-06 2.2109047e-15)
(1.1337144 6.3680241e-06 2.2421252e-15)
(1.1337136 6.713044e-06 2.2746604e-15)
(1.1337129 7.0597437e-06 2.2979964e-15)
(1.1337122 7.4128051e-06 2.3007673e-15)
(1.1337115 7.7755311e-06 2.2734771e-15)
(1.1337109 8.1499954e-06 2.2115173e-15)
(1.1337103 8.5370718e-06 2.116584e-15)
(1.1337097 8.9365032e-06 1.996487e-15)
(1.1337092 9.3471115e-06 1.863671e-15)
(1.1337087 9.7674443e-06 1.732754e-15)
(1.1337083 1.0196228e-05 1.617978e-15)
(1.1337078 1.0631593e-05 1.5304325e-15)
(1.1337074 1.1069703e-05 1.4764819e-15)
(1.133707 1.1504939e-05 1.4571476e-15)
(1.1337065 1.1932815e-05 1.4686109e-15)
(1.1337061 1.2353092e-05 1.5039047e-15)
(1.1337056 1.277083e-05 1.5547715e-15)
(1.1337051 1.3194122e-05 1.612905e-15)
(1.1337045 1.3632446e-05 1.6719727e-15)
(1.1337039 1.409568e-05 1.7272986e-15)
(1.1337032 1.4593449e-05 1.7761385e-15)
(1.1337024 1.5136346e-05 1.8175242e-15)
(1.1337016 1.5735012e-05 1.8513232e-15)
(1.1337008 1.6394294e-05 1.8778259e-15)
(1.1337001 1.7110777e-05 1.8976313e-15)
(1.1336994 1.7871442e-05 1.9107973e-15)
(1.1336987 1.8646706e-05 1.9180651e-15)
(1.1336981 1.9380658e-05 1.9205035e-15)
(1.1336976 1.9986683e-05 1.9189604e-15)
(1.1336972 2.038404e-05 1.9144451e-15)
(1.1336969 2.0550074e-05 1.9089382e-15)
(1.1336966 2.0509858e-05 1.9044286e-15)
(1.1336964 2.0256672e-05 1.9001485e-15)
(1.1336963 1.9793779e-05 1.8951536e-15)
(1.1336966 1.9181378e-05 1.8893243e-15)
(1.1336971 1.8446031e-05 1.8826995e-15)
(1.133698 1.75444e-05 1.8751269e-15)
(1.1336995 1.6429888e-05 1.8664989e-15)
(1.1337013 1.5120764e-05 1.8567166e-15)
(1.1337036 1.3674927e-05 1.8462332e-15)
(1.1337061 1.2016258e-05 1.8356609e-15)
(1.1337085 9.724713e-06 1.8253135e-15)
(1.1337105 5.9485427e-06 1.8154343e-15)
(1.1337116 -4.1716632e-07 1.8058501e-15)
(1.1337117 -1.0335996e-05 1.7963885e-15)
(1.1337103 -2.4201464e-05 1.7869123e-15)
(1.1337075 -4.1510794e-05 1.7775991e-15)
(1.1337033 -6.0748124e-05 1.7687835e-15)
(1.1336979 -7.9556308e-05 1.7606987e-15)
(1.1336919 -9.5171942e-05 1.7533835e-15)
(1.133686 -0.00010508203 1.746824e-15)
(1.1336812 -0.00010811452 1.7412021e-15)
(1.1336782 -0.00010570429 1.7369135e-15)
(1.1336748 -9.571235e-05 1.7288853e-15)
(1.1336721 -7.5012667e-05 1.7122244e-15)
(1.1336724 -5.0830532e-05 1.6911663e-15)
(1.1336756 -2.6184036e-05 1.6663769e-15)
(1.1336818 -3.7197363e-06 1.6388216e-15)
(1.1336918 1.4787797e-05 1.6095199e-15)
(1.1337064 2.8668264e-05 1.579701e-15)
(1.1337259 3.8251435e-05 1.5503755e-15)
(1.1337504 4.4481618e-05 1.5233226e-15)
(1.1337791 4.8475948e-05 1.5000968e-15)
(1.1338106 5.1201279e-05 1.4835716e-15)
(1.1338431 5.3318049e-05 1.4748243e-15)
(1.1338745 5.5161814e-05 1.4765518e-15)
(1.1339029 5.6836208e-05 1.4867395e-15)
(1.1339269 5.8381152e-05 1.5071957e-15)
(1.1339458 5.9954686e-05 1.5309226e-15)
(1.1339596 6.189312e-05 1.5622618e-15)
(1.1339688 6.4600158e-05 1.5873205e-15)
(1.133974 6.8275833e-05 1.6189933e-15)
(1.133976 7.2741337e-05 1.6379342e-15)
(1.1339749 7.7593399e-05 1.6507348e-15)
(1.133971 8.1917546e-05 1.6471023e-15)
(1.1339644 8.3612737e-05 1.635763e-15)
(1.1339551 8.1017373e-05 1.605286e-15)
(1.1339427 7.3147614e-05 1.5647841e-15)
(1.1339283 6.0065868e-05 1.513387e-15)
(1.1339127 4.2258294e-05 1.4611978e-15)
(1.1338983 2.1565999e-05 1.4057781e-15)
(1.1338855 -4.9639082e-08 1.3494499e-15)
(1.133877 -2.0396798e-05 1.2964463e-15)
(1.1338716 -3.736925e-05 1.2429264e-15)
(1.1338715 -4.9927568e-05 1.1948735e-15)
(1.1338734 -5.657725e-05 1.146658e-15)
(1.1338781 -5.8010828e-05 1.1029801e-15)
(1.1338814 -5.1310931e-05 1.0663983e-15)
(1.4675718 0.0076382903 3.1502018e-11)
(1.4637589 0.023156744 -5.3466731e-11)
(1.4565631 0.039375654 6.3358962e-11)
(1.4451384 0.05700164 -9.8249764e-11)
(1.4297943 0.076579816 1.3028089e-10)
(1.4094158 0.099223758 -1.9749761e-10)
(1.3846718 0.12574121 2.8646992e-10)
(1.3536984 0.15820117 -4.4665422e-10)
(1.3178524 0.19804626 7.0455963e-10)
(1.2744539 0.24937888 -1.1589729e-09)
(1.2267131 0.31534322 1.9514868e-09)
(1.1722038 0.40363631 -3.3336197e-09)
(1.1183263 0.52414208 5.5495847e-09)
(1.068921 0.68323755 -8.2428847e-09)
(0.96945513 0.8723599 2.8576615e-05)
(0.8690302 1.0391466 -0.00019365685)
(-0.017440212 0.02225115 4.9090298e-05)
(-0.059297951 0.14761119 -1.0713412e-05)
(-0.011411715 0.19519558 3.5680013e-07)
(0.011949895 0.19405025 3.4949223e-07)
(0.02537799 0.18001868 3.204307e-07)
(0.032272386 0.16081852 2.981074e-07)
(0.035282553 0.1379549 2.8339202e-07)
(0.036820341 0.11210737 2.7361911e-07)
(0.038733645 0.084071062 2.6610065e-07)
(0.042471718 0.05473021 2.5882096e-07)
(0.049437918 0.024687986 2.5046228e-07)
(0.061141701 -0.0057050718 2.4020027e-07)
(0.078132764 -0.036516697 2.2727923e-07)
(0.10277509 -0.067483424 2.1188623e-07)
(0.1350767 -0.098115686 1.9410767e-07)
(0.17521314 -0.12829045 1.742467e-07)
(0.22333868 -0.15786008 1.5276582e-07)
(0.27967981 -0.18686226 1.3031838e-07)
(0.3433852 -0.21446319 1.0776197e-07)
(0.4135345 -0.23867836 8.580646e-08)
(0.48939924 -0.2597324 6.519582e-08)
(0.56840149 -0.27623792 4.6629137e-08)
(0.64846626 -0.28692262 3.0506227e-08)
(0.72806429 -0.29184402 1.6939827e-08)
(0.80537956 -0.29152715 5.8630301e-09)
(0.87872507 -0.28649772 -2.9449897e-09)
(0.94703308 -0.27732908 -9.7683426e-09)
(1.0093332 -0.26475032 -1.4916789e-08)
(1.0651558 -0.24968144 -1.8687821e-08)
(1.1143972 -0.23301343 -2.1332057e-08)
(1.1569854 -0.21547525 -2.3061769e-08)
(1.1930104 -0.19763091 -2.4021372e-08)
(1.2226832 -0.17987518 -2.4269529e-08)
(1.2462805 -0.16247101 -2.3873852e-08)
(1.2641726 -0.14555362 -2.3064654e-08)
(1.2767989 -0.1291074 -2.2244551e-08)
(1.2846016 -0.11305606 -2.1688495e-08)
(1.2880008 -0.097390523 -2.1084866e-08)
(1.2873372 -0.082266451 -1.9366769e-08)
(1.2829956 -0.06802441 -1.5077299e-08)
(1.2754726 -0.055076888 -7.0590079e-09)
(1.2654296 -0.043781593 5.0255486e-09)
(1.2536492 -0.034371019 2.0622696e-08)
(1.2409482 -0.026871153 3.8574366e-08)
(1.2280697 -0.021105672 5.7473481e-08)
(1.2156173 -0.016801323 7.5899434e-08)
(1.2040294 -0.013634875 9.2523753e-08)
(1.1935722 -0.011293812 1.0616739e-07)
(1.1843632 -0.0095123162 1.1587836e-07)
(1.1764063 -0.0080874041 1.2103586e-07)
(1.1696292 -0.0068799783 1.2144106e-07)
(1.1639157 -0.0058066004 1.1734969e-07)
(1.1591303 -0.0048265587 1.0942588e-07)
(1.1551354 -0.0039276787 9.8626797e-08)
(1.1518025 -0.003113533 8.6048489e-08)
(1.1490177 -0.0023934496 7.2770207e-08)
(1.146684 -0.0017757823 5.9728293e-08)
(1.144721 -0.0012638872 4.7637373e-08)
(1.1430638 -0.00085576543 3.6961947e-08)
(1.1416592 -0.00054384819 2.7930084e-08)
(1.140465 -0.00031604961 2.0575212e-08)
(1.1394478 -0.00015857926 1.4790703e-08)
(1.13858 -5.717334e-05 1.0384779e-08)
(1.1378395 1.692235e-06 7.1274745e-09)
(1.1372076 2.9943975e-05 4.7857051e-09)
(1.1366688 3.7479969e-05 3.1459144e-09)
(1.13621 3.2085636e-05 2.0259843e-09)
(1.1358198 1.9565775e-05 1.2790606e-09)
(1.1354884 4.041268e-06 7.920846e-10)
(1.1352076 -1.17645e-05 4.8141566e-10)
(1.13497 -2.6182677e-05 2.8731926e-10)
(1.1347692 -3.8303873e-05 1.6846864e-10)
(1.1345999 -4.7753128e-05 9.7092314e-11)
(1.1344573 -5.4519837e-05 5.5024065e-11)
(1.1343374 -5.8790914e-05 3.0676351e-11)
(1.1342367 -6.0865076e-05 1.6831058e-11)
(1.1341522 -6.1092568e-05 9.0916801e-12)
(1.1340814 -5.9829598e-05 4.8369227e-12)
(1.1340222 -5.7411488e-05 2.5354772e-12)
(1.1339726 -5.4139003e-05 1.3101129e-12)
(1.1339312 -5.0272841e-05 6.6765977e-13)
(1.1338966 -4.6032622e-05 3.3584406e-13)
(1.1338677 -4.1600958e-05 1.6695706e-13)
(1.1338436 -3.7121513e-05 8.2215002e-14)
(1.1338235 -3.2708639e-05 4.0283175e-14)
(1.1338066 -2.8449356e-05 1.9819095e-14)
(1.1337926 -2.4407602e-05 9.972363e-15)
(1.1337808 -2.0627914e-05 5.3080426e-15)
(1.133771 -1.7138553e-05 3.1416809e-15)
(1.1337627 -1.3954298e-05 2.1637167e-15)
(1.1337558 -1.1078933e-05 1.7411631e-15)
(1.1337499 -8.5073802e-06 1.5690992e-15)
(1.133745 -6.2277575e-06 1.5001482e-15)
(1.1337408 -4.2227107e-06 1.4633043e-15)
(1.1337372 -2.4718813e-06 1.4263041e-15)
(1.1337341 -9.514674e-07 1.3780248e-15)
(1.1337314 3.5927237e-07 1.3195195e-15)
(1.133729 1.4851609e-06 1.2577855e-15)
(1.133727 2.4483878e-06 1.201217e-15)
(1.1337252 3.2698974e-06 1.1561942e-15)
(1.1337235 3.9711798e-06 1.1256363e-15)
(1.1337221 4.5708198e-06 1.1088216e-15)
(1.1337207 5.0856349e-06 1.1028009e-15)
(1.1337195 5.5315924e-06 1.1042226e-15)
(1.1337183 5.9232363e-06 1.1105166e-15)
(1.1337173 6.2740041e-06 1.1202073e-15)
(1.1337163 6.5960071e-06 1.1326294e-15)
(1.1337154 6.8998758e-06 1.1470774e-15)
(1.1337145 7.1947965e-06 1.161791e-15)
(1.1337137 7.4883474e-06 1.1735501e-15)
(1.133713 7.7864668e-06 1.177964e-15)
(1.1337123 8.0936487e-06 1.1703581e-15)
(1.1337116 8.4131565e-06 1.1469322e-15)
(1.133711 8.7472104e-06 1.1060027e-15)
(1.1337105 9.0970175e-06 1.0487069e-15)
(1.1337099 9.4628015e-06 9.7908967e-16)
(1.1337094 9.8439e-06 9.0358346e-16)
(1.1337089 1.0239263e-05 8.2995337e-16)
(1.1337085 1.0648009e-05 7.6600333e-16)
(1.133708 1.1068987e-05 7.1815987e-16)
(1.1337076 1.1499824e-05 6.9039735e-16)
(1.1337072 1.1937037e-05 6.8368251e-16)
(1.1337068 1.2377898e-05 6.9603975e-16)
(1.1337063 1.2822552e-05 7.2333227e-16)
(1.1337058 1.327517e-05 7.6031156e-16)
(1.1337053 1.3742212e-05 8.0163181e-16)
(1.1337048 1.4230554e-05 8.4280249e-16)
(1.1337041 1.4745808e-05 8.8055227e-16)
(1.1337035 1.5291912e-05 9.1289097e-16)
(1.1337028 1.5873096e-05 9.3888996e-16)
(1.1337021 1.6493305e-05 9.5830688e-16)
(1.1337013 1.7152363e-05 9.7125756e-16)
(1.1337006 1.784621e-05 9.7820783e-16)
(1.1336998 1.8565037e-05 9.7977029e-16)
(1.1336992 1.9285147e-05 9.7693231e-16)
(1.1336985 1.9954862e-05 9.7096547e-16)
(1.1336979 2.0498205e-05 9.6331388e-16)
(1.1336974 2.0853956e-05 9.5570248e-16)
(1.1336968 2.0995213e-05 9.4978677e-16)
(1.1336963 2.0902998e-05 9.4656875e-16)
(1.1336958 2.0543917e-05 9.4606721e-16)
(1.1336954 1.9902153e-05 9.477643e-16)
(1.1336951 1.9004033e-05 9.5094804e-16)
(1.1336952 1.7866016e-05 9.5483693e-16)
(1.1336958 1.6476222e-05 9.5866559e-16)
(1.1336969 1.483236e-05 9.6180644e-16)
(1.1336985 1.3006654e-05 9.6387752e-16)
(1.1337007 1.1141776e-05 9.6482443e-16)
(1.1337033 9.2891059e-06 9.6475155e-16)
(1.1337061 7.1665778e-06 9.6376941e-16)
(1.1337085 4.0130441e-06 9.6197271e-16)
(1.13371 -1.2572153e-06 9.593872e-16)
(1.13371 -9.6539622e-06 9.5605156e-16)
(1.1337082 -2.1680331e-05 9.5209284e-16)
(1.133704 -3.7007895e-05 9.4780651e-16)
(1.1336974 -5.4358604e-05 9.4362329e-16)
(1.1336886 -7.1669277e-05 9.3997132e-16)
(1.1336784 -8.6547079e-05 9.3715719e-16)
(1.1336677 -9.6922519e-05 9.3514237e-16)
(1.1336575 -0.00010152659 9.33314e-16)
(1.133648 -9.930457e-05 9.301e-16)
(1.1336392 -8.9114658e-05 9.2348555e-16)
(1.1336329 -7.2108351e-05 9.125526e-16)
(1.1336312 -5.1722495e-05 8.976837e-16)
(1.133634 -3.116554e-05 8.7967985e-16)
(1.1336418 -1.3170093e-05 8.5980392e-16)
(1.1336547 3.68914e-07 8.3917555e-16)
(1.133673 8.8860925e-06 8.190046e-16)
(1.133697 1.3099692e-05 8.0009241e-16)
(1.1337262 1.4531625e-05 7.8395637e-16)
(1.1337597 1.49557e-05 7.7166138e-16)
(1.1337958 1.591718e-05 7.6548865e-16)
(1.1338325 1.8411193e-05 7.6604289e-16)
(1.1338677 2.2754039e-05 7.7534985e-16)
(1.1338991 2.8660876e-05 7.9159106e-16)
(1.1339254 3.5527326e-05 8.1585302e-16)
(1.1339456 4.2784442e-05 8.4309672e-16)
(1.1339598 5.012406e-05 8.7479398e-16)
(1.1339685 5.7531732e-05 9.0373439e-16)
(1.1339728 6.5116034e-05 9.3193838e-16)
(1.1339735 7.2863305e-05 9.533326e-16)
(1.1339715 8.0412039e-05 9.6812888e-16)
(1.1339674 8.6994482e-05 9.7087607e-16)
(1.1339615 9.1070768e-05 9.6416005e-16)
(1.1339537 9.1133336e-05 9.4573398e-16)
(1.1339433 8.5933648e-05 9.1876994e-16)
(1.1339305 7.4760844e-05 8.8439075e-16)
(1.133916 5.7549799e-05 8.4646689e-16)
(1.1339016 3.5954591e-05 8.0782002e-16)
(1.1338876 1.2191481e-05 7.6843572e-16)
(1.1338761 -1.1238464e-05 7.3186446e-16)
(1.1338666 -3.1752562e-05 6.946172e-16)
(1.1338606 -4.7391048e-05 6.6032883e-16)
(1.1338565 -5.6146639e-05 6.2669602e-16)
(1.1338548 -5.7866063e-05 6.0401756e-16)
(1.1338519 -5.1789061e-05 5.883422e-16)
(1.4426083 0.0093072802 6.3726768e-11)
(1.4395214 0.028160547 -1.110313e-10)
(1.4338129 0.047884282 1.3147285e-10)
(1.4246655 0.069083452 -2.0349119e-10)
(1.4126574 0.092639138 2.6315069e-10)
(1.3967408 0.11930897 -3.8844278e-10)
(1.3782301 0.15061358 5.3153691e-10)
(1.355312 0.18749556 -7.7903315e-10)
(1.3308839 0.23303048 1.1162459e-09)
(1.3019808 0.28802384 -1.6599842e-09)
(1.2756054 0.35942804 2.462594e-09)
(1.2470638 0.44614841 -3.6792667e-09)
(1.2336284 0.56362885 5.3352657e-09)
(1.229522 0.70461269 -7.0335264e-09)
(1.2742246 0.88916959 7.791287e-09)
(1.2832956 1.1036514 -7.8828706e-06)
(1.2031179 1.0265924 -0.00073483659)
(0.23953252 0.15824652 -0.00022288873)
(-0.022856205 0.017802473 -0.00010035236)
(-0.056517152 0.075086092 -3.8338064e-05)
(0.026791403 0.10953344 1.5333442e-07)
(0.094119477 0.14376433 2.8652011e-07)
(0.14980286 0.15513099 3.4847798e-07)
(0.19929263 0.15186625 3.65861e-07)
(0.24041621 0.14025288 3.6502423e-07)
(0.27495605 0.12226323 3.5746317e-07)
(0.30501115 0.09890141 3.4768322e-07)
(0.3327667 0.071136675 3.3678375e-07)
(0.35949452 0.040404832 3.2470573e-07)
(0.38679118 0.0073718279 3.1079537e-07)
(0.41623881 -0.027436806 2.9439782e-07)
(0.44911821 -0.063427745 2.7492947e-07)
(0.48654662 -0.10037889 2.5241729e-07)
(0.52901351 -0.13743139 2.2712385e-07)
(0.57681313 -0.17418509 1.9967052e-07)
(0.62960985 -0.21004408 1.7090588e-07)
(0.68794003 -0.2450476 1.4150068e-07)
(0.75048521 -0.27811273 1.1296126e-07)
(0.81538629 -0.30681325 8.6483307e-08)
(0.88191437 -0.33087708 6.2602695e-08)
(0.94767198 -0.34860643 4.2207857e-08)
(1.0101958 -0.35849326 2.5632084e-08)
(1.069105 -0.36079412 1.2675728e-08)
(1.1233591 -0.35625522 2.9873779e-09)
(1.1722614 -0.34602994 -3.9630555e-09)
(1.2156835 -0.33114298 -8.7570313e-09)
(1.2533141 -0.31248393 -1.1931085e-08)
(1.2855682 -0.29131569 -1.3923836e-08)
(1.3130937 -0.26877689 -1.5042283e-08)
(1.3356392 -0.24549302 -1.5586018e-08)
(1.3532188 -0.22198668 -1.5840179e-08)
(1.3660876 -0.1987005 -1.5893259e-08)
(1.3744914 -0.17600586 -1.559366e-08)
(1.3786855 -0.15414806 -1.479936e-08)
(1.3789991 -0.13315943 -1.3781149e-08)
(1.3757323 -0.1129534 -1.3315487e-08)
(1.3691864 -0.093444132 -1.4084941e-08)
(1.3596271 -0.074760433 -1.5859396e-08)
(1.3472228 -0.057353843 -1.7279847e-08)
(1.3323044 -0.041831215 -1.6461136e-08)
(1.3153656 -0.028697231 -1.1994202e-08)
(1.2970819 -0.018228325 -3.5611415e-09)
(1.2782613 -0.010451698 8.1397702e-09)
(1.2596848 -0.0051282629 2.1848797e-08)
(1.2420121 -0.001813492 3.6184582e-08)
(1.2257455 -1.6658979e-06 4.9891655e-08)
(1.2111844 0.00079425651 6.1914121e-08)
(1.1984478 0.00098485854 7.1407987e-08)
(1.187514 0.00087830909 7.7769002e-08)
(1.1782664 0.00068043659 8.0682898e-08)
(1.1705337 0.00050929668 8.0164096e-08)
(1.164122 0.00041627158 7.6549763e-08)
(1.1588362 0.00040825524 7.0438884e-08)
(1.1544939 0.00046712702 6.2589813e-08)
(1.1509324 0.00056461671 5.380282e-08)
(1.1480113 0.00067230812 4.4814577e-08)
(1.1456123 0.0007677129 3.6223194e-08)
(1.1436373 0.00083573532 2.8450995e-08)
(1.1420072 0.00086932484 2.1741875e-08)
(1.1406574 0.0008684537 1.6184177e-08)
(1.1395361 0.00083711361 1.1747519e-08)
(1.1386015 0.00078177069 8.3233187e-09)
(1.1378205 0.00070980011 5.7615868e-09)
(1.1371662 0.00062831148 3.8998979e-09)
(1.1366172 0.00054342449 2.5832866e-09)
(1.1361557 0.00045994342 1.6757821e-09)
(1.1357676 0.00038130178 1.0653259e-09)
(1.1354411 0.00030971219 6.6411161e-10)
(1.1351662 0.00024633847 4.0620765e-10)
(1.1349348 0.00019155991 2.4391668e-10)
(1.1347402 0.00014521052 1.4386131e-10)
(1.1345765 0.00010676104 8.3380526e-11)
(1.134439 7.5447314e-05 4.7511656e-11)
(1.1343234 5.0426595e-05 2.6627868e-11)
(1.1342263 3.0834185e-05 1.4684167e-11)
(1.1341449 1.5833904e-05 7.9708815e-12)
(1.1340766 4.6568476e-06 4.2605681e-12)
(1.1340193 -3.3862447e-06 2.2432975e-12)
(1.1339712 -8.9002298e-06 1.1638956e-12)
(1.1339309 -1.2405543e-05 5.9524397e-13)
(1.1338972 -1.4343371e-05 3.0017174e-13)
(1.1338689 -1.5080338e-05 1.4930012e-13)
(1.1338452 -1.4923796e-05 7.3254809e-14)
(1.1338252 -1.4122757e-05 3.5452585e-14)
(1.1338085 -1.2878356e-05 1.6913322e-14)
(1.1337945 -1.135099e-05 7.9445016e-15)
(1.1337826 -9.6664415e-06 3.6714488e-15)
(1.1337727 -7.9213e-06 1.677147e-15)
(1.1337642 -6.1877586e-06 7.7755437e-16)
(1.1337571 -4.5178203e-06 3.9718199e-16)
(1.1337511 -2.9468837e-06 2.5651412e-16)
(1.1337459 -1.4969204e-06 2.1876539e-16)
(1.1337415 -1.7961865e-07 2.1654803e-16)
(1.1337377 1.0020644e-06 2.1757602e-16)
(1.1337345 2.050549e-06 2.0849447e-16)
(1.1337316 2.9702279e-06 1.8677357e-16)
(1.1337291 3.771664e-06 1.5589124e-16)
(1.1337269 4.4668358e-06 1.2196774e-16)
(1.133725 5.0658496e-06 9.1369791e-17)
(1.1337233 5.5816752e-06 6.9256369e-17)
(1.1337217 6.0260563e-06 5.8593305e-17)
(1.1337203 6.40983e-06 5.9703213e-17)
(1.133719 6.7439769e-06 7.0346456e-17)
(1.1337178 7.0391344e-06 8.633054e-17)
(1.1337168 7.3055046e-06 1.025471e-16)
(1.1337158 7.5525851e-06 1.1433981e-16)
(1.1337148 7.7889911e-06 1.1861658e-16)
(1.133714 8.0224201e-06 1.1441434e-16)
(1.1337132 8.2594256e-06 1.0278272e-16)
(1.1337125 8.5052601e-06 8.6129734e-17)
(1.1337118 8.7639721e-06 6.7272084e-17)
(1.1337111 9.0385973e-06 4.8573254e-17)
(1.1337105 9.3313361e-06 3.1441547e-17)
(1.13371 9.6435866e-06 1.6264535e-17)
(1.1337095 9.9759287e-06 2.756038e-18)
(1.133709 1.0328123e-05 -9.4571869e-18)
(1.1337085 1.0699506e-05 -2.0275573e-17)
(1.1337081 1.1089628e-05 -2.8869336e-17)
(1.1337076 1.1498038e-05 -3.3840226e-17)
(1.1337072 1.1923451e-05 -3.3731386e-17)
(1.1337068 1.2363668e-05 -2.7624239e-17)
(1.1337064 1.2816797e-05 -1.5588288e-17)
(1.1337059 1.3283095e-05 1.240256e-18)
(1.1337055 1.3766144e-05 2.092303e-17)
(1.133705 1.4271158e-05 4.1204972e-17)
(1.1337045 1.4802616e-05 5.9995811e-17)
(1.1337039 1.5362596e-05 7.5689795e-17)
(1.1337032 1.5951184e-05 8.7240635e-17)
(1.1337026 1.6568763e-05 9.4036993e-17)
(1.1337019 1.7215359e-05 9.5770854e-17)
(1.1337012 1.7888153e-05 9.2361922e-17)
(1.1337004 1.8582113e-05 8.4084517e-17)
(1.1336997 1.9286333e-05 7.1635348e-17)
(1.133699 1.9976403e-05 5.624952e-17)
(1.1336982 2.0607829e-05 3.9637178e-17)
(1.1336976 2.112449e-05 2.3843589e-17)
(1.1336969 2.1481401e-05 1.0971009e-17)
(1.1336962 2.1644419e-05 2.7228286e-18)
(1.1336954 2.156717e-05 8.2337136e-20)
(1.1336946 2.1185105e-05 3.1349942e-18)
(1.1336938 2.0446407e-05 1.1197961e-17)
(1.1336931 1.9321446e-05 2.3093065e-17)
(1.1336926 1.7801044e-05 3.7394566e-17)
(1.1336926 1.590542e-05 5.2643985e-17)
(1.133693 1.3684567e-05 6.75548e-17)
(1.1336941 1.126393e-05 8.1169471e-17)
(1.1336957 8.8580433e-06 9.2931624e-17)
(1.1336977 6.6597682e-06 1.0260013e-16)
(1.1337 4.581645e-06 1.1011052e-16)
(1.133702 2.019339e-06 1.1555787e-16)
(1.1337032 -2.0249096e-06 1.1915845e-16)
(1.1337028 -8.555885e-06 1.2120353e-16)
(1.1337001 -1.8175058e-05 1.2203964e-16)
(1.1336948 -3.0774773e-05 1.2208694e-16)
(1.1336865 -4.5430043e-05 1.2184341e-16)
(1.1336756 -6.0522724e-05 1.218048e-16)
(1.1336626 -7.4051559e-05 1.2229285e-16)
(1.1336485 -8.4023198e-05 1.231777e-16)
(1.1336343 -8.8862147e-05 1.2373319e-16)
(1.1336207 -8.7687224e-05 1.2273971e-16)
(1.133609 -8.0177459e-05 1.1903288e-16)
(1.1336009 -6.7308782e-05 1.1199174e-16)
(1.133598 -5.1901324e-05 1.0189461e-16)
(1.1336009 -3.6737883e-05 8.9725918e-17)
(1.1336096 -2.4278393e-05 7.7079291e-17)
(1.1336239 -1.6467522e-05 6.5341088e-17)
(1.1336439 -1.3723047e-05 5.5792371e-17)
(1.1336693 -1.4946589e-05 4.8983537e-17)
(1.1336994 -1.8161477e-05 4.59431e-17)
(1.1337333 -2.1077451e-05 4.7010613e-17)
(1.1337696 -2.1653759e-05 5.3783144e-17)
(1.1338063 -1.8556553e-05 6.6050978e-17)
(1.1338414 -1.1416829e-05 8.560743e-17)
(1.1338728 -8.4558941e-07 1.0993442e-16)
(1.1338988 1.1908825e-05 1.4124517e-16)
(1.1339185 2.5510425e-05 1.7295058e-16)
(1.1339319 3.8925288e-05 2.1021537e-16)
(1.1339395 5.1586813e-05 2.4014479e-16)
(1.1339424 6.3322208e-05 2.7605993e-16)
(1.1339419 7.4128714e-05 2.9897299e-16)
(1.1339391 8.3838508e-05 3.1826034e-16)
(1.1339349 9.1913704e-05 3.2355679e-16)
(1.1339299 9.7343874e-05 3.2826237e-16)
(1.1339242 9.9204641e-05 3.1881308e-16)
(1.133917 9.6331786e-05 3.0428853e-16)
(1.1339075 8.7181157e-05 2.8197123e-16)
(1.1338959 7.1173752e-05 2.6064151e-16)
(1.1338838 4.9901571e-05 2.3536955e-16)
(1.1338708 2.5487707e-05 2.1113081e-16)
(1.1338588 5.7582621e-07 1.8812543e-16)
(1.1338471 -2.1776338e-05 1.6787047e-16)
(1.1338374 -3.9883071e-05 1.4989765e-16)
(1.1338289 -5.1021213e-05 1.353517e-16)
(1.1338225 -5.4625744e-05 1.2425685e-16)
(1.1338128 -4.6475094e-05 1.1595073e-16)
(1.4104976 0.010616597 5.4921019e-11)
(1.4082316 0.032091843 -9.7408094e-11)
(1.4040991 0.054471389 1.167916e-10)
(1.3974637 0.078393021 -1.8230355e-10)
(1.3889337 0.10468516 2.3738498e-10)
(1.3778289 0.1342228 -3.5229213e-10)
(1.3655236 0.16812733 4.8176697e-10)
(1.3509582 0.207825 -7.0348361e-10)
(1.3368749 0.25467167 9.8680969e-10)
(1.3222735 0.31141968 -1.4107189e-09)
(1.3123896 0.37861968 1.9269638e-09)
(1.3082349 0.46356854 -2.5179581e-09)
(1.3163655 0.55826047 2.7046382e-09)
(1.3503841 0.68633072 -1.59338e-09)
(1.4057908 0.80181317 -2.652882e-09)
(1.5353078 0.96543958 1.2540235e-08)
(1.6288428 1.0370444 -0.00013976754)
(1.624009 0.93462722 -0.00021434609)
(1.1047399 0.51542626 -0.0013870387)
(0.30731904 0.065708049 -0.00095069647)
(0.11894306 0.0038289579 -8.1343267e-05)
(0.083335408 0.0024951795 3.1366524e-05)
(0.14069027 0.00674032 -0.00023012511)
(0.14528479 0.03586116 -4.9480986e-05)
(0.29296295 0.02837301 -6.6639222e-08)
(0.30629261 0.043636187 -2.8755229e-08)
(0.34525813 0.065961282 4.5886155e-08)
(0.39557624 0.082265381 1.248624e-07)
(0.4471927 0.087838113 1.8366042e-07)
(0.49795903 0.084203675 2.2247532e-07)
(0.54682891 0.073114526 2.4580381e-07)
(0.59301049 0.055265095 2.5753266e-07)
(0.63862097 0.031454788 2.5968533e-07)
(0.68288154 0.0022782946 2.5493647e-07)
(0.72684007 -0.031320549 2.4431275e-07)
(0.77124138 -0.067944541 2.2877633e-07)
(0.81755921 -0.10675134 2.088836e-07)
(0.86592042 -0.14711864 1.8568317e-07)
(0.91627702 -0.18782804 1.6023533e-07)
(0.96959725 -0.22845133 1.3336082e-07)
(1.0245393 -0.26759502 1.0660986e-07)
(1.0812659 -0.30497236 8.0636385e-08)
(1.1380384 -0.33925968 5.6907138e-08)
(1.1915749 -0.36693694 3.6808401e-08)
(1.2414023 -0.38918145 2.0010911e-08)
(1.2872385 -0.40321243 7.2158557e-09)
(1.3258923 -0.40826565 -1.713665e-09)
(1.3588408 -0.40564398 -7.5920658e-09)
(1.3855132 -0.39546519 -1.0955534e-08)
(1.406544 -0.37928219 -1.2456346e-08)
(1.4228359 -0.35867377 -1.2754868e-08)
(1.4355155 -0.33486129 -1.2357452e-08)
(1.4447406 -0.30898694 -1.1611877e-08)
(1.4503262 -0.28200887 -1.0754374e-08)
(1.453111 -0.25457597 -9.9025037e-09)
(1.4532544 -0.22730783 -9.2765086e-09)
(1.4510578 -0.20057899 -8.9801523e-09)
(1.4467066 -0.17469524 -8.8388658e-09)
(1.4402023 -0.14990052 -8.4903904e-09)
(1.431646 -0.12621637 -7.7384715e-09)
(1.4211695 -0.10359764 -7.0079258e-09)
(1.4088311 -0.081969631 -7.1922745e-09)
(1.3946906 -0.061162573 -8.7796847e-09)
(1.3786273 -0.041547095 -1.1293614e-08)
(1.3606041 -0.02385333 -1.329613e-08)
(1.3408196 -0.0090059989 -1.3122733e-08)
(1.319745 0.0024168036 -9.7657934e-09)
(1.2981231 0.010330793 -3.2715218e-09)
(1.2767919 0.015016288 5.4915841e-09)
(1.2564895 0.017050798 1.5337616e-08)
(1.2377701 0.017136604 2.5154879e-08)
(1.2209898 0.015968151 3.4064957e-08)
(1.2063012 0.014134988 4.1426023e-08)
(1.193692 0.012078026 4.6797253e-08)
(1.1830366 0.010088128 4.9926256e-08)
(1.1741431 0.0083277491 5.0758805e-08)
(1.1667905 0.006862373 4.944363e-08)
(1.1607549 0.005692958 4.6310468e-08)
(1.1558254 0.0047838319 4.1817772e-08)
(1.1518127 0.0040836852 3.6481739e-08)
(1.1485526 0.0035397094 3.0804366e-08)
(1.1459052 0.0031054803 2.5215914e-08)
(1.1437542 0.0027450796 2.0040246e-08)
(1.142004 0.0024331565 1.5484073e-08)
(1.1405769 0.0021531561 1.1645632e-08)
(1.1394096 0.0018959688 8.535647e-09)
(1.1384519 0.0016574196 6.103322e-09)
(1.1376634 0.0014362822 4.2616477e-09)
(1.1370121 0.0012328041 2.9084528e-09)
(1.1364724 0.001047685 1.9416951e-09)
(1.136024 0.00088146538 1.2690195e-09)
(1.1356505 0.00073424204 8.1251689e-10)
(1.1353388 0.00060557441 5.0998724e-10)
(1.1350782 0.00049455564 3.1398918e-10)
(1.1348602 0.00039991914 1.897343e-10)
(1.1346775 0.00032016279 1.1258583e-10)
(1.1345244 0.00025366887 6.5636343e-11)
(1.134396 0.00019881055 3.7612332e-11)
(1.1342883 0.00015401223 2.1194896e-11)
(1.1341979 0.00011780117 1.1749658e-11)
(1.134122 8.8840323e-05 6.4102822e-12)
(1.1340582 6.5940395e-05 3.4430022e-12)
(1.1340047 4.805776e-05 1.8211075e-12)
(1.1339597 3.4288772e-05 9.4878631e-13)
(1.1339218 2.3861007e-05 4.8693192e-13)
(1.13389 1.6120838e-05 2.4611113e-13)
(1.1338632 1.0522146e-05 1.2239044e-13)
(1.1338406 6.6065951e-06 5.9731707e-14)
(1.1338216 3.9980356e-06 2.8428784e-14)
(1.1338055 2.3882263e-06 1.2993557e-14)
(1.1337919 1.5269086e-06 5.4811183e-15)
(1.1337804 1.2130115e-06 1.8795217e-15)
(1.1337706 1.2867947e-06 1.9159525e-16)
(1.1337623 1.623066e-06 -5.6565038e-16)
(1.1337552 2.1253687e-06 -8.7349595e-16)
(1.1337491 2.720863e-06 -9.6857144e-16)
(1.1337439 3.3561912e-06 -9.6884063e-16)
(1.1337395 3.99297e-06 -9.3427497e-16)
(1.1337356 4.6057744e-06 -8.953135e-16)
(1.1337322 5.1769329e-06 -8.6657134e-16)
(1.1337293 5.6995973e-06 -8.5346224e-16)
(1.1337267 6.16891e-06 -8.5553401e-16)
(1.1337245 6.5845625e-06 -8.6863916e-16)
(1.1337225 6.9491077e-06 -8.8636521e-16)
(1.1337207 7.2670578e-06 -9.0125934e-16)
(1.133719 7.5429443e-06 -9.0676793e-16)
(1.1337176 7.7825442e-06 -8.9944054e-16)
(1.1337163 7.9927162e-06 -8.8046603e-16)
(1.1337151 8.1804443e-06 -8.5560186e-16)
(1.133714 8.352763e-06 -8.335851e-16)
(1.133713 8.5166409e-06 -8.2298898e-16)
(1.1337121 8.6787239e-06 -8.2922037e-16)
(1.1337112 8.845153e-06 -8.5247767e-16)
(1.1337104 9.0213091e-06 -8.8750822e-16)
(1.1337097 9.2116088e-06 -9.2513291e-16)
(1.133709 9.419511e-06 -9.5510411e-16)
(1.1337084 9.6476766e-06 -9.6900488e-16)
(1.1337078 9.898153e-06 -9.6245058e-16)
(1.1337073 1.0172402e-05 -9.3593423e-16)
(1.1337068 1.047124e-05 -8.9419369e-16)
(1.1337063 1.0794763e-05 -8.4444384e-16)
(1.1337059 1.1142671e-05 -7.9414199e-16)
(1.1337055 1.151494e-05 -7.4918971e-16)
(1.1337051 1.1911749e-05 -7.129578e-16)
(1.1337047 1.233262e-05 -6.8631827e-16)
(1.1337043 1.2776081e-05 -6.6833257e-16)
(1.1337039 1.3240615e-05 -6.5725541e-16)
(1.1337034 1.3726537e-05 -6.5136513e-16)
(1.133703 1.4237074e-05 -6.494362e-16)
(1.1337025 1.4776466e-05 -6.5077363e-16)
(1.133702 1.5347081e-05 -6.5512351e-16)
(1.1337015 1.5948117e-05 -6.6239804e-16)
(1.1337009 1.6577134e-05 -6.726424e-16)
(1.1337003 1.7232557e-05 -6.8608762e-16)
(1.1336996 1.791298e-05 -7.0302737e-16)
(1.1336989 1.8614501e-05 -7.2375757e-16)
(1.1336981 1.9329673e-05 -7.4816888e-16)
(1.1336974 2.0043552e-05 -7.7559617e-16)
(1.1336966 2.0729689e-05 -8.0458316e-16)
(1.1336958 2.1350843e-05 -8.329571e-16)
(1.133695 2.1868501e-05 -8.580738e-16)
(1.1336942 2.2253462e-05 -8.7733396e-16)
(1.1336933 2.247458e-05 -8.8878389e-16)
(1.1336924 2.2473144e-05 -8.9128217e-16)
(1.1336913 2.2156057e-05 -8.848008e-16)
(1.1336901 2.1421023e-05 -8.703493e-16)
(1.133689 2.0180763e-05 -8.4964816e-16)
(1.1336879 1.8390266e-05 -8.2485201e-16)
(1.1336871 1.6071528e-05 -7.9819118e-16)
(1.1336867 1.3325543e-05 -7.7165869e-16)
(1.1336868 1.0361635e-05 -7.4685335e-16)
(1.1336873 7.4713693e-06 -7.2479537e-16)
(1.1336882 4.9311937e-06 -7.0595831e-16)
(1.1336892 2.8496804e-06 -6.9053634e-16)
(1.13369 8.2720561e-07 -6.7840537e-16)
(1.13369 -1.9960248e-06 -6.6914635e-16)
(1.1336884 -6.5965687e-06 -6.6219491e-16)
(1.1336847 -1.3677224e-05 -6.5699199e-16)
(1.1336782 -2.3368176e-05 -6.530202e-16)
(1.1336689 -3.5097509e-05 -6.4976195e-16)
(1.1336568 -4.7646876e-05 -6.4671778e-16)
(1.1336425 -5.9370746e-05 -6.4354767e-16)
(1.1336268 -6.8525093e-05 -6.4031821e-16)
(1.1336108 -7.3660104e-05 -6.3759934e-16)
(1.1335959 -7.3952219e-05 -6.3634209e-16)
(1.1335834 -6.9430023e-05 -6.3746572e-16)
(1.1335748 -6.1352382e-05 -6.4139417e-16)
(1.1335717 -5.1885023e-05 -6.4761933e-16)
(1.1335747 -4.2820072e-05 -6.548574e-16)
(1.1335837 -3.6091467e-05 -6.610237e-16)
(1.1335981 -3.3857822e-05 -6.6420811e-16)
(1.1336178 -3.6463066e-05 -6.6305426e-16)
(1.1336419 -4.2426824e-05 -6.5738236e-16)
(1.1336697 -4.9517819e-05 -6.4692374e-16)
(1.1337001 -5.5186867e-05 -6.320827e-16)
(1.1337323 -5.7058491e-05 -6.1198901e-16)
(1.1337649 -5.3434709e-05 -5.8723391e-16)
(1.1337961 -4.3710257e-05 -5.5637626e-16)
(1.1338241 -2.8677483e-05 -5.2205632e-16)
(1.1338472 -1.0189518e-05 -4.818802e-16)
(1.1338645 9.6696703e-06 -4.428426e-16)
(1.1338759 2.9117177e-05 -3.9855161e-16)
(1.1338819 4.6964731e-05 -3.6350967e-16)
(1.1338837 6.266572e-05 -3.2205646e-16)
(1.1338825 7.6140704e-05 -2.9370503e-16)
(1.1338795 8.7416182e-05 -2.695302e-16)
(1.133876 9.6259855e-05 -2.5794254e-16)
(1.1338725 0.00010199204 -2.4753167e-16)
(1.1338693 0.00010395084 -2.4924264e-16)
(1.1338665 0.0001023361 -2.5284699e-16)
(1.1338626 9.598567e-05 -2.6228206e-16)
(1.1338559 8.113859e-05 -2.718629e-16)
(1.1338484 6.0900451e-05 -2.8545724e-16)
(1.1338393 3.7244358e-05 -2.9691771e-16)
(1.1338297 1.2189454e-05 -3.0767242e-16)
(1.1338187 -1.005283e-05 -3.1395162e-16)
(1.1338085 -2.9890008e-05 -3.1869761e-16)
(1.1337979 -4.0927472e-05 -3.2093969e-16)
(1.1337883 -4.6254653e-05 -3.2021506e-16)
(1.1337736 -3.7466435e-05 -3.1872865e-16)
(1.3712301 0.011548334 3.4879173e-11)
(1.369846 0.034864831 -6.1438579e-11)
(1.3672254 0.059071018 7.2713275e-11)
(1.3632338 0.084751251 -1.1187555e-10)
(1.3579549 0.11271447 1.3937175e-10)
(1.3518306 0.14369988 -1.974005e-10)
(1.344981 0.17873834 2.4530238e-10)
(1.3387861 0.21884337 -3.164499e-10)
(1.3328456 0.26531204 3.4423638e-10)
(1.3302353 0.31936249 -3.5680955e-10)
(1.3321276 0.38092531 3.3979555e-10)
(1.3463443 0.45538947 4.9743802e-10)
(1.3681906 0.53637821 -2.2065273e-09)
(1.4169234 0.62634163 5.8171542e-09)
(1.4822362 0.72642625 -1.1065445e-08)
(1.5854366 0.78806517 1.6559201e-08)
(1.7301131 0.89150138 -1.6691517e-08)
(1.8849316 0.82486771 1.843069e-08)
(1.9198728 0.74767783 -1.8176653e-05)
(1.8161247 0.54923768 -7.9158236e-05)
(1.5782263 0.34145735 -0.00012544469)
(1.3401567 0.2023364 -0.00010250152)
(1.3099267 0.15762915 -2.0093507e-07)
(1.1627379 0.10901716 -1.8347341e-07)
(1.0601274 0.079097021 -1.7017252e-07)
(0.99191528 0.059567045 -1.4532719e-07)
(0.94662618 0.05135187 -1.3259382e-07)
(0.9304404 0.042827537 -7.7344718e-08)
(0.93372519 0.038379688 -5.2468816e-08)
(0.94636455 0.030784083 -2.415798e-08)
(0.97289992 0.017158176 6.1284036e-09)
(1.0060355 -0.0012093004 3.0600547e-08)
(1.0439944 -0.024620697 4.7694835e-08)
(1.0844679 -0.052991679 5.8078037e-08)
(1.127476 -0.085761774 6.2183098e-08)
(1.1721788 -0.12175115 6.1013816e-08)
(1.218857 -0.16039462 5.5347619e-08)
(1.2660283 -0.20053986 4.6503527e-08)
(1.3124942 -0.24094168 3.5861051e-08)
(1.3615767 -0.28180103 2.3773761e-08)
(1.4090789 -0.3206523 1.208707e-08)
(1.4528408 -0.35588072 1.7431415e-09)
(1.4905016 -0.3863714 -6.4705835e-09)
(1.5186562 -0.40757027 -1.167746e-08)
(1.5396739 -0.42358901 -1.5291476e-08)
(1.5514604 -0.42921724 -1.623691e-08)
(1.5549952 -0.42558645 -1.551421e-08)
(1.5551611 -0.41757336 -1.4296056e-08)
(1.5522401 -0.40272122 -1.2514735e-08)
(1.5468328 -0.38251587 -1.0534079e-08)
(1.5400212 -0.35879453 -8.6597718e-09)
(1.5326274 -0.33270247 -7.0224473e-09)
(1.5246722 -0.30504007 -5.6906036e-09)
(1.5159727 -0.27656237 -4.704825e-09)
(1.5065463 -0.2477495 -4.0175191e-09)
(1.4964071 -0.21938029 -3.6615957e-09)
(1.4855451 -0.19197009 -3.6610374e-09)
(1.473992 -0.16528948 -3.8112104e-09)
(1.46159 -0.13952341 -3.8673146e-09)
(1.4482826 -0.11470239 -3.5881149e-09)
(1.434016 -0.090603262 -3.0552902e-09)
(1.4185443 -0.067058568 -2.8568457e-09)
(1.4015672 -0.044389514 -3.775994e-09)
(1.3831831 -0.02301501 -5.8976347e-09)
(1.3634321 -0.0038014502 -8.3323761e-09)
(1.3424638 0.012245423 -9.677135e-09)
(1.32076 0.02438867 -8.8202299e-09)
(1.2988927 0.032356334 -5.4845362e-09)
(1.2774712 0.036390854 -1.9296566e-10)
(1.2571165 0.037128847 6.1345479e-09)
(1.2383421 0.035438737 1.2590878e-08)
(1.2214859 0.03222002 1.8492561e-08)
(1.2066978 0.028251454 2.3401336e-08)
(1.193972 0.024119555 2.7063261e-08)
(1.1831925 0.020211297 2.9352374e-08)
(1.1741764 0.016741184 3.0246932e-08)
(1.1667097 0.013793179 2.9826015e-08)
(1.1605738 0.011364316 2.82647e-08)
(1.1555613 0.0094019228 2.5815032e-08)
(1.1514849 0.0078314389 2.2772743e-08)
(1.1481801 0.0065748995 1.943783e-08)
(1.1455065 0.0055616001 1.6078857e-08)
(1.1433457 0.0047331361 1.290815e-08)
(1.1415993 0.0040441566 1.0070596e-08)
(1.1401865 0.0034612551 7.6448584e-09)
(1.1390416 0.0029609754 5.653406e-09)
(1.1381115 0.0025272445 4.0770376e-09)
(1.1373537 0.0021491267 2.8701603e-09)
(1.1367342 0.0018190333 1.9742182e-09)
(1.1362261 0.0015314113 1.3279513e-09)
(1.1358079 0.0012818577 8.7419756e-10)
(1.1354626 0.0010665769 5.6363047e-10)
(1.1351767 0.000882082 3.5614797e-10)
(1.1349393 0.00072508288 2.2069391e-10)
(1.1347417 0.00059243782 1.3419237e-10)
(1.134577 0.00048116238 8.0108649e-11)
(1.1344394 0.00038846351 4.6974903e-11)
(1.1343243 0.0003117729 2.7070317e-11)
(1.1342279 0.00024875492 1.5337462e-11)
(1.134147 0.00019732352 8.5471816e-12)
(1.1340791 0.00015563828 4.6866244e-12)
(1.1340219 0.00012209168 2.5292892e-12)
(1.1339739 9.5294933e-05 1.3437871e-12)
(1.1339333 7.40593e-05 7.0286817e-13)
(1.1338991 5.7375193e-05 3.6182233e-13)
(1.1338702 4.4391413e-05 1.8311929e-13)
(1.1338458 3.4392476e-05 9.0863623e-14)
(1.1338251 2.6785934e-05 4.3907429e-14)
(1.1338075 2.1079583e-05 2.0322937e-14)
(1.1337925 1.6868529e-05 8.6221973e-15)
(1.1337798 1.3822048e-05 2.8872657e-15)
(1.133769 1.1671932e-05 1.1870576e-16)
(1.1337597 1.0202345e-05 -1.1825892e-15)
(1.1337517 9.2411406e-06 -1.7580674e-15)
(1.1337449 8.6524203e-06 -1.9749674e-15)
(1.133739 8.3302325e-06 -2.0171328e-15)
(1.1337339 8.1930885e-06 -1.9786037e-15)
(1.1337295 8.1796023e-06 -1.9093988e-15)
(1.1337256 8.2438411e-06 -1.8368795e-15)
(1.1337223 8.3532837e-06 -1.77606e-15)
(1.1337193 8.4849744e-06 -1.7342026e-15)
(1.1337167 8.6231265e-06 -1.7129688e-15)
(1.1337144 8.7574683e-06 -1.7098245e-15)
(1.1337124 8.8824869e-06 -1.7183539e-15)
(1.1337106 8.9951616e-06 -1.7290545e-15)
(1.1337089 9.0945641e-06 -1.7320661e-15)
(1.1337074 9.1820958e-06 -1.7210715e-15)
(1.1337061 9.2604342e-06 -1.6964181e-15)
(1.1337049 9.3330312e-06 -1.6650337e-15)
(1.1337038 9.4041439e-06 -1.6389415e-15)
(1.1337028 9.4785299e-06 -1.6300264e-15)
(1.1337019 9.5609699e-06 -1.6455763e-15)
(1.1337011 9.6560291e-06 -1.6852192e-15)
(1.1337003 9.7678487e-06 -1.7401425e-15)
(1.1336996 9.8999211e-06 -1.795247e-15)
(1.133699 1.0055019e-05 -1.8339575e-15)
(1.1336984 1.0235319e-05 -1.8426364e-15)
(1.1336978 1.0442615e-05 -1.8144004e-15)
(1.1336973 1.0678316e-05 -1.7507242e-15)
(1.1336968 1.0943376e-05 -1.6604893e-15)
(1.1336964 1.1238188e-05 -1.557037e-15)
(1.133696 1.1562809e-05 -1.454335e-15)
(1.1336956 1.1917597e-05 -1.36398e-15)
(1.1336952 1.2303211e-05 -1.2933199e-15)
(1.1336948 1.2719735e-05 -1.2450657e-15)
(1.1336945 1.3166159e-05 -1.2181614e-15)
(1.1336941 1.3641241e-05 -1.209258e-15)
(1.1336937 1.4145438e-05 -1.214137e-15)
(1.1336933 1.4681737e-05 -1.228819e-15)
(1.1336928 1.5253497e-05 -1.2501447e-15)
(1.1336924 1.5861312e-05 -1.2759764e-15)
(1.1336918 1.6502303e-05 -1.304639e-15)
(1.1336913 1.7172627e-05 -1.3352714e-15)
(1.1336907 1.7870084e-05 -1.3677504e-15)
(1.13369 1.8593237e-05 -1.4022623e-15)
(1.1336893 1.9337532e-05 -1.4393676e-15)
(1.1336886 2.0092555e-05 -1.4788592e-15)
(1.1336878 2.0839116e-05 -1.5202353e-15)
(1.133687 2.1548677e-05 -1.5619391e-15)
(1.1336861 2.218887e-05 -1.6012824e-15)
(1.1336852 2.2734613e-05 -1.6351054e-15)
(1.1336843 2.317177e-05 -1.660284e-15)
(1.1336832 2.3478506e-05 -1.6747176e-15)
(1.1336821 2.3594528e-05 -1.6769993e-15)
(1.1336808 2.3408342e-05 -1.6671733e-15)
(1.1336793 2.2776797e-05 -1.6465688e-15)
(1.1336778 2.1559731e-05 -1.6174443e-15)
(1.1336761 1.9666639e-05 -1.5827623e-15)
(1.1336746 1.7103552e-05 -1.5456849e-15)
(1.1336732 1.4004621e-05 -1.5085734e-15)
(1.1336721 1.0649601e-05 -1.4736702e-15)
(1.1336713 7.4342011e-06 -1.442307e-15)
(1.1336706 4.7506408e-06 -1.4152074e-15)
(1.1336698 2.7876403e-06 -1.392541e-15)
(1.1336687 1.3009488e-06 -1.3741837e-15)
(1.1336667 -4.0896064e-07 -1.3596199e-15)
(1.1336634 -3.2576795e-06 -1.3480175e-15)
(1.1336582 -8.0181833e-06 -1.3386231e-15)
(1.1336507 -1.5022622e-05 -1.3308807e-15)
(1.1336406 -2.4004554e-05 -1.3242696e-15)
(1.1336281 -3.4108212e-05 -1.3183168e-15)
(1.1336136 -4.4062673e-05 -1.31261e-15)
(1.133598 -5.2454732e-05 -1.3071091e-15)
(1.1335823 -5.8073179e-05 -1.3022374e-15)
(1.1335679 -6.0225208e-05 -1.2987334e-15)
(1.1335563 -5.8979143e-05 -1.2974629e-15)
(1.1335489 -5.5419733e-05 -1.2986905e-15)
(1.1335469 -5.1463062e-05 -1.3014886e-15)
(1.1335493 -4.8833807e-05 -1.3038924e-15)
(1.133557 -4.783061e-05 -1.3044648e-15)
(1.1335712 -5.0737664e-05 -1.2996544e-15)
(1.1335891 -5.7604825e-05 -1.2882327e-15)
(1.1336103 -6.6859906e-05 -1.2707138e-15)
(1.1336334 -7.6360567e-05 -1.2479304e-15)
(1.1336576 -8.3668361e-05 -1.2210671e-15)
(1.1336825 -8.6364558e-05 -1.1898877e-15)
(1.1337077 -8.241957e-05 -1.1546109e-15)
(1.133732 -7.0702744e-05 -1.1138681e-15)
(1.1337538 -5.19072e-05 -1.0698534e-15)
(1.1337716 -2.849376e-05 -1.0206784e-15)
(1.1337847 -3.2109602e-06 -9.7320036e-16)
(1.1337931 2.1479464e-05 -9.2099051e-16)
(1.1337972 4.378377e-05 -8.7893434e-16)
(1.133798 6.274463e-05 -8.3218317e-16)
(1.1337968 7.8156019e-05 -7.9650538e-16)
(1.1337949 9.012856e-05 -7.6724435e-16)
(1.1337935 9.8664206e-05 -7.4886139e-16)
(1.1337932 0.00010347211 -7.3156675e-16)
(1.1337938 0.00010470314 -7.2628048e-16)
(1.1337946 0.00010371357 -7.2422096e-16)
(1.1337963 9.8665077e-05 -7.2588256e-16)
(1.1337978 8.5285746e-05 -7.255897e-16)
(1.1337976 6.6367858e-05 -7.2988764e-16)
(1.133795 4.4431164e-05 -7.3099623e-16)
(1.1337902 2.0862184e-05 -7.3252157e-16)
(1.1337829 2.341819e-08 -7.2720365e-16)
(1.1337743 -1.9488628e-05 -7.2286488e-16)
(1.1337638 -2.9626132e-05 -7.1469238e-16)
(1.1337534 -3.5472595e-05 -7.0476824e-16)
(1.1337371 -2.6793395e-05 -6.9339772e-16)
(1.3248381 0.012103865 2.0080132e-11)
(1.3242537 0.036482659 -3.1452393e-11)
(1.3231512 0.061711404 3.1657592e-11)
(1.321532 0.08823077 -4.252042e-11)
(1.3194999 0.11687391 3.3912803e-11)
(1.3175673 0.14809283 -2.5349106e-11)
(1.3161998 0.18292649 -2.3948199e-11)
(1.3162347 0.22177995 1.1054072e-10)
(1.3188207 0.26594423 -3.1320956e-10)
(1.3255942 0.31530946 7.3536093e-10)
(1.336014 0.37107716 -1.6967107e-09)
(1.3588044 0.42954046 3.0666727e-09)
(1.3911394 0.50147564 -5.344113e-09)
(1.4401427 0.55869238 8.1756772e-09)
(1.5080922 0.63922946 -1.0625742e-08)
(1.593556 0.67040101 1.1255615e-08)
(1.7033133 0.72013156 -9.4610274e-09)
(1.8314008 0.70661355 7.0970211e-09)
(1.9452244 0.66329091 -2.2360612e-09)
(1.9966963 0.5634885 -1.1180544e-08)
(1.9901008 0.46124268 -2.4905493e-08)
(1.9559003 0.37512906 -5.0934529e-08)
(1.8815094 0.29958227 -6.8487877e-08)
(1.8002966 0.24280953 -7.7919434e-08)
(1.7249067 0.19872223 -8.695838e-08)
(1.6635711 0.16154713 -8.8425547e-08)
(1.6128395 0.13009744 -9.1855327e-08)
(1.5743115 0.10124146 -8.8035216e-08)
(1.5473794 0.074075882 -8.2482236e-08)
(1.5308252 0.047239858 -7.5426198e-08)
(1.5252504 0.018955299 -6.6922597e-08)
(1.5282965 -0.011258407 -5.7903054e-08)
(1.5392667 -0.043768898 -4.9197886e-08)
(1.5570558 -0.07853299 -4.1647884e-08)
(1.5794863 -0.11538831 -3.5543953e-08)
(1.6054824 -0.15404232 -3.1116226e-08)
(1.6331329 -0.19404189 -2.8144225e-08)
(1.6599766 -0.23427995 -2.6235662e-08)
(1.6856065 -0.27376664 -2.5166006e-08)
(1.70441 -0.31131615 -2.3883683e-08)
(1.7161843 -0.3451455 -2.2223282e-08)
(1.7209761 -0.37391504 -2.016533e-08)
(1.718856 -0.39635147 -1.7772907e-08)
(1.7104267 -0.41167689 -1.5356525e-08)
(1.6981204 -0.41983385 -1.2893551e-08)
(1.6824749 -0.42098812 -1.0491273e-08)
(1.6648257 -0.41525463 -8.3005178e-09)
(1.6471347 -0.40361508 -6.3255215e-09)
(1.628874 -0.38734923 -4.6541506e-09)
(1.6101124 -0.36704228 -3.3174484e-09)
(1.5916568 -0.34397568 -2.3066432e-09)
(1.5739326 -0.31882554 -1.5713207e-09)
(1.5567815 -0.29199785 -1.0595194e-09)
(1.5400473 -0.26401611 -7.2875803e-10)
(1.5236519 -0.23564065 -6.0538947e-10)
(1.5078648 -0.20688477 -5.1242883e-10)
(1.4920298 -0.17815628 -4.1830172e-10)
(1.4755614 -0.15036321 -4.7019568e-10)
(1.4585642 -0.12357462 -5.4961011e-10)
(1.4409843 -0.097806739 -4.9341279e-10)
(1.42274 -0.072936671 -3.1158149e-10)
(1.4038731 -0.048781406 -3.5724108e-10)
(1.3845032 -0.025306595 -1.1385457e-09)
(1.3645803 -0.003081928 -2.8143805e-09)
(1.3441324 0.016854831 -4.8678054e-09)
(1.3234431 0.033458777 -6.3134203e-09)
(1.3028254 0.045811271 -6.2828871e-09)
(1.2826087 0.053484167 -4.4864597e-09)
(1.2631704 0.056685721 -1.2622543e-09)
(1.2449006 0.056101698 2.7095548e-09)
(1.2281455 0.052711515 6.7470677e-09)
(1.2131336 0.047574259 1.0362496e-08)
(1.1999504 0.041622336 1.3288944e-08)
(1.1885676 0.035563919 1.5417765e-08)
(1.1788789 0.029869235 1.6728432e-08)
(1.1707288 0.024799443 1.7248236e-08)
(1.1639382 0.020456156 1.7040393e-08)
(1.1583243 0.016834251 1.6203865e-08)
(1.1537133 0.013867118 1.4870681e-08)
(1.1499461 0.011460433 1.3195249e-08)
(1.1468818 0.0095145477 1.1337498e-08)
(1.1443982 0.0079374109 9.4449179e-09)
(1.1423906 0.0066506647 7.6382894e-09)
(1.1407705 0.0055911898 6.0037887e-09)
(1.1394642 0.0047100961 4.5917714e-09)
(1.1384108 0.0039705417 3.4208374e-09)
(1.1375604 0.0033451479 2.4850132e-09)
(1.1368726 0.0028135812 1.7619326e-09)
(1.136315 0.0023605405 1.2204142e-09)
(1.1358616 0.0019742224 8.2651171e-10)
(1.1354916 0.001645214 5.4771591e-10)
(1.1351887 0.0013657417 3.5542099e-10)
(1.1349398 0.0011291864 2.2599902e-10)
(1.1347346 0.00092979083 1.4090286e-10)
(1.1345649 0.00076248091 8.6186238e-11)
(1.1344241 0.00062275695 5.1748612e-11)
(1.1343069 0.00050663201 3.0515729e-11)
(1.1342091 0.00041059059 1.7681487e-11)
(1.1341273 0.00033154729 1.0071009e-11)
(1.1340587 0.00026681452 5.641003e-12)
(1.1340011 0.00021406557 3.1082246e-12)
(1.1339525 0.00017129902 1.6851685e-12)
(1.1339115 0.00013680645 8.9903817e-13)
(1.1338768 0.00010913764 4.7184993e-13)
(1.1338473 8.7067748e-05 2.433989e-13)
(1.1338223 6.956792e-05 1.2310438e-13)
(1.133801 5.5778165e-05 6.0693287e-14)
(1.1337828 4.4983865e-05 2.8760663e-14)
(1.1337672 3.6593242e-05 1.2625813e-14)
(1.1337539 3.0119102e-05 4.5622702e-15)
(1.1337424 2.5162446e-05 5.7602027e-16)
(1.1337326 2.1398304e-05 -1.36412e-15)
(1.133724 1.8563631e-05 -2.2778309e-15)
(1.1337167 1.6446862e-05 -2.6692874e-15)
(1.1337103 1.4879069e-05 -2.7959077e-15)
(1.1337047 1.3726594e-05 -2.7891569e-15)
(1.1336999 1.2884524e-05 -2.7196426e-15)
(1.1336956 1.2271737e-05 -2.623342e-15)
(1.1336919 1.1825854e-05 -2.5255368e-15)
(1.1336886 1.1500085e-05 -2.443305e-15)
(1.1336857 1.125934e-05 -2.3815229e-15)
(1.1336832 1.1077921e-05 -2.3438834e-15)
(1.1336809 1.0937451e-05 -2.3301656e-15)
(1.1336788 1.0825099e-05 -2.334217e-15)
(1.133677 1.0732082e-05 -2.3452247e-15)
(1.1336754 1.0653029e-05 -2.3503335e-15)
(1.1336739 1.058507e-05 -2.3401883e-15)
(1.1336726 1.0527219e-05 -2.3154969e-15)
(1.1336714 1.048012e-05 -2.2824164e-15)
(1.1336704 1.0445679e-05 -2.2557395e-15)
(1.1336694 1.0426578e-05 -2.2498422e-15)
(1.1336685 1.0425804e-05 -2.2719792e-15)
(1.1336677 1.0446436e-05 -2.3221873e-15)
(1.1336669 1.0491405e-05 -2.3891648e-15)
(1.1336663 1.0563231e-05 -2.4538097e-15)
(1.1336657 1.0663957e-05 -2.4958131e-15)
(1.1336651 1.0795233e-05 -2.4976747e-15)
(1.1336646 1.0958539e-05 -2.4505948e-15)
(1.1336641 1.1155119e-05 -2.3573459e-15)
(1.1336637 1.1386002e-05 -2.2303407e-15)
(1.1336632 1.1651907e-05 -2.0875933e-15)
(1.1336629 1.1953221e-05 -1.9475824e-15)
(1.1336625 1.2290592e-05 -1.8258829e-15)
(1.1336622 1.2665019e-05 -1.7326359e-15)
(1.1336618 1.3076976e-05 -1.6714299e-15)
(1.1336615 1.3525849e-05 -1.6411648e-15)
(1.1336611 1.4010751e-05 -1.6375538e-15)
(1.1336608 1.4532376e-05 -1.6538249e-15)
(1.1336604 1.5093498e-05 -1.683583e-15)
(1.13366 1.5696614e-05 -1.722677e-15)
(1.1336596 1.6340971e-05 -1.7675395e-15)
(1.1336591 1.702258e-05 -1.8148189e-15)
(1.1336586 1.7737265e-05 -1.8634354e-15)
(1.133658 1.8482915e-05 -1.9123047e-15)
(1.1336574 1.925809e-05 -1.9618721e-15)
(1.1336567 2.005743e-05 -2.0129226e-15)
(1.1336559 2.0868325e-05 -2.0641069e-15)
(1.1336551 2.1669074e-05 -2.1160602e-15)
(1.1336543 2.2430277e-05 -2.1678921e-15)
(1.1336533 2.3122532e-05 -2.2150798e-15)
(1.1336523 2.3728442e-05 -2.2547574e-15)
(1.1336512 2.4243424e-05 -2.2835765e-15)
(1.13365 2.4655285e-05 -2.2995556e-15)
(1.1336487 2.4911183e-05 -2.3011725e-15)
(1.1336472 2.4897544e-05 -2.2882283e-15)
(1.1336455 2.4449545e-05 -2.2623958e-15)
(1.1336436 2.3386446e-05 -2.2263645e-15)
(1.1336415 2.1572177e-05 -2.1832308e-15)
(1.1336393 1.8984938e-05 -2.1390939e-15)
(1.133637 1.5775333e-05 -2.0938137e-15)
(1.1336347 1.2286816e-05 -2.0513716e-15)
(1.1336324 9.0035367e-06 -2.0126046e-15)
(1.13363 6.402377e-06 -1.9786148e-15)
(1.1336273 4.7497972e-06 -1.9496411e-15)
(1.133624 3.8991486e-06 -1.9257623e-15)
(1.1336199 3.2401148e-06 -1.9065366e-15)
(1.1336146 1.9007685e-06 -1.8904453e-15)
(1.1336077 -9.3839289e-07 -1.8767587e-15)
(1.133599 -5.7602923e-06 -1.8652453e-15)
(1.1335884 -1.2529911e-05 -1.8551792e-15)
(1.133576 -2.0677552e-05 -1.8462457e-15)
(1.1335622 -2.9266939e-05 -1.8379195e-15)
(1.1335477 -3.722198e-05 -1.8300501e-15)
(1.1335335 -4.3632854e-05 -1.8229861e-15)
(1.1335209 -4.8041778e-05 -1.8168393e-15)
(1.1335112 -5.0579775e-05 -1.8125606e-15)
(1.1335057 -5.1870396e-05 -1.8099774e-15)
(1.1335046 -5.2444213e-05 -1.8087126e-15)
(1.1335065 -5.3298878e-05 -1.8079466e-15)
(1.133514 -5.7359726e-05 -1.8036595e-15)
(1.1335274 -6.574275e-05 -1.7906e-15)
(1.133543 -7.5841375e-05 -1.7692967e-15)
(1.1335601 -8.6745299e-05 -1.7412283e-15)
(1.1335774 -9.6845241e-05 -1.7085062e-15)
(1.1335939 -0.00010423293 -1.6730717e-15)
(1.1336098 -0.00010700262 -1.6357752e-15)
(1.1336256 -0.00010288288 -1.5956841e-15)
(1.1336412 -8.9783016e-05 -1.5495401e-15)
(1.1336552 -6.8194405e-05 -1.4991749e-15)
(1.1336661 -4.1118622e-05 -1.4432593e-15)
(1.1336738 -1.1831276e-05 -1.3886844e-15)
(1.1336784 1.6660888e-05 -1.3301627e-15)
(1.1336804 4.2072492e-05 -1.2812373e-15)
(1.1336805 6.3045287e-05 -1.2284018e-15)
(1.13368 7.9232792e-05 -1.1885266e-15)
(1.1336798 9.0837177e-05 -1.153485e-15)
(1.133681 9.8273703e-05 -1.1309308e-15)
(1.1336841 0.0001019931 -1.1090019e-15)
(1.1336893 0.00010250815 -1.0974291e-15)
(1.1336966 9.9562228e-05 -1.088072e-15)
(1.133706 9.2271711e-05 -1.0849118e-15)
(1.1337158 8.0033711e-05 -1.0781442e-15)
(1.1337236 6.373973e-05 -1.0755303e-15)
(1.1337287 4.4745632e-05 -1.0686277e-15)
(1.1337299 2.427221e-05 -1.063243e-15)
(1.1337279 6.1916077e-06 -1.0487594e-15)
(1.1337221 -1.0932752e-05 -1.0380386e-15)
(1.1337139 -1.9325924e-05 -1.0214309e-15)
(1.1337043 -2.4554635e-05 -1.0046727e-15)
(1.1336895 -1.6478156e-05 -9.8509094e-16)
(1.2713062 0.012305649 9.0055546e-12)
(1.2714592 0.037002284 -7.2144441e-12)
(1.2717132 0.062528073 -3.7081278e-12)
(1.272287 0.089025453 1.840543e-11)
(1.2730166 0.1175523 -6.0844146e-11)
(1.2749653 0.14790264 1.2786314e-10)
(1.2777553 0.18170466 -2.599448e-10)
(1.2836917 0.21781722 4.6534815e-10)
(1.2913311 0.25912087 -8.1868438e-10)
(1.3060774 0.30205087 1.3629192e-09)
(1.3249732 0.35416666 -2.2591478e-09)
(1.3519027 0.39958746 3.3244977e-09)
(1.3883636 0.45847976 -4.524933e-09)
(1.437231 0.49998168 5.3446307e-09)
(1.4978559 0.55507366 -5.3549315e-09)
(1.5762159 0.58155466 4.0574678e-09)
(1.6585009 0.60282261 -2.3002183e-09)
(1.7641564 0.59841688 5.4635894e-10)
(1.8496968 0.56033582 7.2530423e-10)
(1.9427653 0.51793983 -9.8895119e-10)
(1.9788174 0.44928836 -6.3223097e-09)
(1.988333 0.38237176 -1.0144908e-08)
(1.9801657 0.32212541 -1.6327496e-08)
(1.9637884 0.27163104 -2.0188866e-08)
(1.9433424 0.22982094 -2.6126107e-08)
(1.9238058 0.19279504 -3.0439963e-08)
(1.9062708 0.15871677 -3.4408486e-08)
(1.8914037 0.12591353 -3.7107993e-08)
(1.8797397 0.093585578 -3.8619106e-08)
(1.8713874 0.060993436 -3.9081566e-08)
(1.8668149 0.027182753 -3.8556642e-08)
(1.865344 -0.0084697326 -3.725029e-08)
(1.8668911 -0.045601704 -3.5079897e-08)
(1.8704775 -0.084039486 -3.2334033e-08)
(1.8746683 -0.12340635 -2.9267934e-08)
(1.8782564 -0.16332465 -2.6104103e-08)
(1.879827 -0.20299517 -2.2999157e-08)
(1.8783229 -0.24155922 -2.0040493e-08)
(1.8729112 -0.27786085 -1.7283472e-08)
(1.8633107 -0.31076832 -1.4750229e-08)
(1.849602 -0.33916206 -1.2412621e-08)
(1.8319453 -0.36239094 -1.0331233e-08)
(1.8107402 -0.38045665 -8.5304816e-09)
(1.7871042 -0.39254342 -6.9389769e-09)
(1.7620257 -0.39912818 -5.527899e-09)
(1.7359201 -0.39941102 -4.1954801e-09)
(1.709151 -0.39340617 -3.0225727e-09)
(1.6826773 -0.38216607 -2.0195545e-09)
(1.6566868 -0.3665815 -1.1903897e-09)
(1.6311676 -0.34715144 -5.4167439e-10)
(1.6067469 -0.32383345 2.3011497e-11)
(1.5829228 -0.29809139 4.4490967e-10)
(1.5595489 -0.27097602 6.9994898e-10)
(1.5367013 -0.24292223 8.2284708e-10)
(1.5143099 -0.2144489 8.4566765e-10)
(1.4922332 -0.18609459 7.9023611e-10)
(1.4705463 -0.15815342 6.7687893e-10)
(1.4493542 -0.13077783 5.3378992e-10)
(1.4285562 -0.10414796 4.2254626e-10)
(1.4079791 -0.078332762 4.0671437e-10)
(1.3874936 -0.053231842 4.3586388e-10)
(1.3671094 -0.028712483 2.6824838e-10)
(1.346827 -0.0050078651 -4.0087441e-10)
(1.3267075 0.01723839 -1.6398097e-09)
(1.3070339 0.037110294 -3.086911e-09)
(1.2880583 0.053407087 -4.0902772e-09)
(1.2699843 0.065141458 -4.087525e-09)
(1.2529842 0.071945068 -2.9148824e-09)
(1.2371542 0.07405461 -8.3639852e-10)
(1.2225861 0.0721247 1.6585768e-09)
(1.2094096 0.067179451 4.0998365e-09)
(1.1976942 0.060400063 6.1774931e-09)
(1.1874136 0.052811099 7.7561401e-09)
(1.1784947 0.045187721 8.8187798e-09)
(1.1708389 0.038048047 9.4034739e-09)
(1.1643288 0.031680392 9.5642215e-09)
(1.1588391 0.026196088 9.3577977e-09)
(1.1542451 0.02158765 8.8448027e-09)
(1.1504277 0.017778781 8.0931382e-09)
(1.1472766 0.014661707 7.1777117e-09)
(1.1446913 0.012121911 6.1755899e-09)
(1.1425822 0.010052442 5.1588051e-09)
(1.14087 0.0083607343 4.1876059e-09)
(1.1394858 0.0069705547 3.3060999e-09)
(1.1383702 0.0058211452 2.5409734e-09)
(1.1374731 0.0048650937 1.9029254e-09)
(1.1367524 0.0040657827 1.3898831e-09)
(1.1361733 0.0033949472 9.9095547e-10)
(1.1357076 0.002830592 6.9026597e-10)
(1.1353322 0.0023553505 4.7012425e-10)
(1.1350289 0.0019552594 3.1330649e-10)
(1.1347828 0.0016188719 2.0445276e-10)
(1.1345825 0.0013366292 1.3072831e-10)
(1.1344187 0.0011004367 8.195351e-11)
(1.1342842 0.00090338011 5.0400611e-11)
(1.1341733 0.00073951865 3.0423408e-11)
(1.1340814 0.00060373345 1.8034349e-11)
(1.1340049 0.00049161826 1.0503e-11)
(1.133941 0.00039938611 6.0120904e-12)
(1.1338874 0.00032379141 3.3836947e-12)
(1.1338422 0.00026206572 1.8729464e-12)
(1.133804 0.0002118571 1.0196924e-12)
(1.1337716 0.00017117549 5.459445e-13)
(1.1337439 0.00013834386 2.8722128e-13)
(1.1337203 0.00011195442 1.4818669e-13)
(1.1337 9.0830036e-05 7.4620203e-14)
(1.1336825 7.3990411e-05 3.6255931e-14)
(1.1336674 6.062242e-05 1.6516144e-14)
(1.1336544 5.0054195e-05 6.4723901e-15)
(1.1336431 4.1733033e-05 1.4057444e-15)
(1.1336332 3.5206198e-05 -1.1266721e-15)
(1.1336247 3.0104518e-05 -2.3741428e-15)
(1.1336172 2.6128356e-05 -2.957587e-15)
(1.1336106 2.3035726e-05 -3.1968573e-15)
(1.1336048 2.0632387e-05 -3.243368e-15)
(1.1335998 1.8763269e-05 -3.1880711e-15)
(1.1335953 1.7305611e-05 -3.1241468e-15)
(1.1335913 1.6162896e-05 -3.0082066e-15)
(1.1335878 1.5259856e-05 -2.8883356e-15)
(1.1335847 1.4538639e-05 -2.8125333e-15)
(1.133582 1.3954951e-05 -2.7377784e-15)
(1.1335795 1.347518e-05 -2.6894053e-15)
(1.1335773 1.3074483e-05 -2.6699033e-15)
(1.1335753 1.2734441e-05 -2.6757299e-15)
(1.1335736 1.2441756e-05 -2.6931007e-15)
(1.133572 1.2187203e-05 -2.7079727e-15)
(1.1335706 1.1964532e-05 -2.7016026e-15)
(1.1335693 1.1770043e-05 -2.6861148e-15)
(1.1335681 1.1602115e-05 -2.6585737e-15)
(1.1335671 1.146057e-05 -2.6361303e-15)
(1.1335662 1.1346236e-05 -2.6373075e-15)
(1.1335653 1.1260479e-05 -2.6610097e-15)
(1.1335645 1.120504e-05 -2.7151408e-15)
(1.1335639 1.1181708e-05 -2.7810996e-15)
(1.1335632 1.1192067e-05 -2.8425071e-15)
(1.1335626 1.1237466e-05 -2.8795312e-15)
(1.1335621 1.1318967e-05 -2.8721996e-15)
(1.1335616 1.1437734e-05 -2.8084134e-15)
(1.1335612 1.1594684e-05 -2.6945371e-15)
(1.1335608 1.1790948e-05 -2.5458279e-15)
(1.1335604 1.202772e-05 -2.3813017e-15)
(1.1335601 1.2305623e-05 -2.2240258e-15)
(1.1335598 1.2625458e-05 -2.0901855e-15)
(1.1335595 1.2988471e-05 -1.9893938e-15)
(1.1335592 1.3395444e-05 -1.9271762e-15)
(1.1335589 1.3846167e-05 -1.8988976e-15)
(1.1335586 1.4340248e-05 -1.9081037e-15)
(1.1335583 1.4878724e-05 -1.9385509e-15)
(1.133558 1.5464144e-05 -1.9811142e-15)
(1.1335576 1.6098179e-05 -2.0372965e-15)
(1.1335572 1.6779234e-05 -2.1021004e-15)
(1.1335568 1.7503216e-05 -2.1637813e-15)
(1.1335563 1.8266561e-05 -2.2317129e-15)
(1.1335558 1.9067471e-05 -2.2925919e-15)
(1.1335552 1.9903818e-05 -2.3529032e-15)
(1.1335545 2.0769087e-05 -2.4157878e-15)
(1.1335538 2.1649968e-05 -2.4727902e-15)
(1.133553 2.2525287e-05 -2.5245992e-15)
(1.1335521 2.336703e-05 -2.5880305e-15)
(1.1335511 2.4146964e-05 -2.6401365e-15)
(1.1335499 2.4848282e-05 -2.6801338e-15)
(1.1335487 2.5468292e-05 -2.7069397e-15)
(1.1335474 2.6002214e-05 -2.7212322e-15)
(1.1335459 2.6411384e-05 -2.7246758e-15)
(1.1335442 2.659524e-05 -2.7061407e-15)
(1.1335423 2.6386791e-05 -2.6777317e-15)
(1.1335401 2.5581256e-05 -2.6393359e-15)
(1.1335376 2.4004394e-05 -2.5853032e-15)
(1.1335348 2.1605469e-05 -2.5423861e-15)
(1.1335317 1.8540345e-05 -2.4931972e-15)
(1.1335285 1.5198982e-05 -2.4477067e-15)
(1.1335249 1.2134777e-05 -2.4040543e-15)
(1.1335209 9.8920067e-06 -2.3637303e-15)
(1.1335164 8.7764202e-06 -2.3308976e-15)
(1.1335112 8.6680848e-06 -2.3011375e-15)
(1.1335051 8.9931367e-06 -2.2791909e-15)
(1.1334979 8.8977238e-06 -2.2577022e-15)
(1.1334896 7.5209938e-06 -2.2388742e-15)
(1.1334799 4.2709164e-06 -2.2239772e-15)
(1.133469 -9.8090237e-07 -2.2104522e-15)
(1.1334571 -7.8709807e-06 -2.1970603e-15)
(1.1334445 -1.5709079e-05 -2.1876422e-15)
(1.1334317 -2.371074e-05 -2.1772015e-15)
(1.1334197 -3.1220968e-05 -2.1685782e-15)
(1.1334093 -3.786408e-05 -2.1585958e-15)
(1.1334016 -4.3550411e-05 -2.1510187e-15)
(1.1333973 -4.8386492e-05 -2.1441751e-15)
(1.1333972 -5.2951008e-05 -2.1376889e-15)
(1.1334018 -5.9130382e-05 -2.1304205e-15)
(1.1334107 -6.8276889e-05 -2.1189089e-15)
(1.133422 -7.9118438e-05 -2.0999959e-15)
(1.1334343 -9.0428669e-05 -2.0711733e-15)
(1.1334467 -0.00010128256 -2.0331111e-15)
(1.133458 -0.00011036282 -1.9942748e-15)
(1.1334672 -0.00011636445 -1.9530279e-15)
(1.1334744 -0.00011799674 -1.9161577e-15)
(1.1334805 -0.00011372613 -1.88094e-15)
(1.1334869 -0.00010015676 -1.8395275e-15)
(1.1334926 -7.645506e-05 -1.786783e-15)
(1.1334962 -4.7108621e-05 -1.7283923e-15)
(1.1334981 -1.5523294e-05 -1.6700625e-15)
(1.1334987 1.4945259e-05 -1.6098753e-15)
(1.1334986 4.1690127e-05 -1.5551355e-15)
(1.1334983 6.3135386e-05 -1.5022018e-15)
(1.1334986 7.8865417e-05 -1.4585888e-15)
(1.1335004 8.9122189e-05 -1.4210839e-15)
(1.1335047 9.4412555e-05 -1.3927154e-15)
(1.133512 9.5297004e-05 -1.3688549e-15)
(1.1335229 9.2679286e-05 -1.351674e-15)
(1.1335373 8.721053e-05 -1.3377373e-15)
(1.133554 7.8911714e-05 -1.3277061e-15)
(1.1335711 6.7507851e-05 -1.3184843e-15)
(1.1335863 5.3474423e-05 -1.3091075e-15)
(1.1335985 3.8024388e-05 -1.2959065e-15)
(1.1336057 2.1731091e-05 -1.2839714e-15)
(1.133609 7.732738e-06 -1.2636937e-15)
(1.1336066 -5.3429768e-06 -1.2477562e-15)
(1.1336015 -1.1337376e-05 -1.2248767e-15)
(1.1335936 -1.5208361e-05 -1.2029561e-15)
(1.1335821 -7.9728194e-06 -1.176981e-15)
(1.2106517 0.012180383 1.9441055e-13)
(1.2114044 0.036542516 1.0174047e-11)
(1.2129206 0.061693151 -2.6532056e-11)
(1.215267 0.08747339 5.4821937e-11)
(1.2185471 0.11516791 -1.0813899e-10)
(1.2234069 0.14389928 1.9189603e-10)
(1.2301004 0.17594874 -3.3336328e-10)
(1.2396934 0.20867353 5.3097075e-10)
(1.2525987 0.24658525 -8.2412279e-10)
(1.2700428 0.2829719 1.1907286e-09)
(1.2936837 0.32736919 -1.6584222e-09)
(1.3244314 0.36571784 2.0537147e-09)
(1.3620942 0.41153266 -2.3355869e-09)
(1.4110859 0.44624853 2.1665055e-09)
(1.4658066 0.48302697 -1.6776136e-09)
(1.5357226 0.50598357 8.768567e-10)
(1.6065662 0.51758381 -3.2715788e-10)
(1.6894124 0.51418319 -4.5105208e-11)
(1.7667688 0.49013872 -9.7661127e-11)
(1.835721 0.45077013 4.174129e-10)
(1.8946152 0.40674884 -7.5982746e-10)
(1.9354849 0.36055424 -2.4148834e-09)
(1.9547716 0.31320607 -4.421848e-09)
(1.9606695 0.26890011 -6.7015346e-09)
(1.9636158 0.22937054 -7.7578907e-09)
(1.9660385 0.19328705 -8.9172244e-09)
(1.9685083 0.1591487 -1.0130289e-08)
(1.9710319 0.12585806 -1.1230355e-08)
(1.9736096 0.092701838 -1.211079e-08)
(1.9761362 0.059123793 -1.2731993e-08)
(1.9784394 0.024677419 -1.3081078e-08)
(1.9805741 -0.010996057 -1.3124454e-08)
(1.9809853 -0.047769043 -1.2993567e-08)
(1.9791642 -0.085377187 -1.266067e-08)
(1.9747009 -0.12338309 -1.2123861e-08)
(1.9674748 -0.16122888 -1.1384335e-08)
(1.9571793 -0.19829221 -1.0498736e-08)
(1.943936 -0.23370069 -9.4669549e-09)
(1.9273227 -0.26678277 -8.4011946e-09)
(1.9078907 -0.29638039 -7.263467e-09)
(1.8852828 -0.32211013 -6.1887928e-09)
(1.8604029 -0.34299871 -5.0945501e-09)
(1.8339205 -0.35839415 -3.9386611e-09)
(1.8059205 -0.36779474 -2.7709385e-09)
(1.7764122 -0.3707861 -1.5968475e-09)
(1.7449606 -0.36878902 -6.5248392e-10)
(1.7124602 -0.36177199 6.6667472e-11)
(1.6797609 -0.35020547 5.7563213e-10)
(1.6474574 -0.33464946 9.040047e-10)
(1.615656 -0.31563212 1.0859037e-09)
(1.5845088 -0.29382369 1.1500304e-09)
(1.5545595 -0.26977207 1.1324095e-09)
(1.5260409 -0.24405761 1.0620955e-09)
(1.4988055 -0.21726864 9.6177924e-10)
(1.4727032 -0.18995531 8.507944e-10)
(1.4476562 -0.16251043 7.420443e-10)
(1.4236033 -0.13520844 6.4064619e-10)
(1.4004276 -0.10835673 5.5355305e-10)
(1.3779737 -0.082178296 4.9861561e-10)
(1.3561175 -0.05671925 4.782105e-10)
(1.3348165 -0.031930802 4.2264584e-10)
(1.3140699 -0.0078381274 1.7747616e-10)
(1.2940692 0.015232271 -3.9907051e-10)
(1.2751464 0.036712956 -1.2746936e-09)
(1.2575416 0.055585139 -2.1689442e-09)
(1.2414748 0.07063355 -2.6731014e-09)
(1.2271798 0.080942754 -2.4870426e-09)
(1.2146567 0.086276761 -1.5815413e-09)
(1.2035836 0.087058543 -1.8157119e-10)
(1.1937128 0.083868338 1.3759009e-09)
(1.1850412 0.077620606 2.7963138e-09)
(1.1774915 0.069591711 3.9098375e-09)
(1.1708843 0.060842833 4.6690195e-09)
(1.1650944 0.052154871 5.1024469e-09)
(1.1600371 0.044047467 5.266877e-09)
(1.1556418 0.036808299 5.218249e-09)
(1.1518472 0.030546267 5.0022815e-09)
(1.1485974 0.025250129 4.6564181e-09)
(1.1458393 0.020838861 4.2147425e-09)
(1.1435205 0.017199274 3.7110656e-09)
(1.1415899 0.014210909 3.1789776e-09)
(1.1399973 0.011760457 2.6497813e-09)
(1.138695 0.0097486702 2.1498433e-09)
(1.1376386 0.0080924381 1.6985928e-09)
(1.1367875 0.006724128 1.3077494e-09)
(1.1361055 0.0055896462 9.8178388e-10)
(1.1355613 0.0046460852 7.1925959e-10)
(1.1351282 0.0038594452 5.1459027e-10)
(1.134784 0.0032026427 3.5980524e-10)
(1.1345102 0.0026538902 2.4604647e-10)
(1.1342921 0.0021954766 1.6466848e-10)
(1.1341177 0.0018128565 1.0792761e-10)
(1.1339778 0.001493953 6.9319076e-11)
(1.1338648 0.0012286496 4.3653933e-11)
(1.1337731 0.0010084166 2.6969905e-11)
(1.1336981 0.00082603508 1.6354787e-11)
(1.1336364 0.00067539001 9.7392634e-12)
(1.1335852 0.00055129745 5.6978388e-12)
(1.1335424 0.00044936313 3.2761368e-12)
(1.1335063 0.00036586938 1.8518557e-12)
(1.1334758 0.00029767878 1.0292299e-12)
(1.1334496 0.00024215014 5.6238954e-13)
(1.1334272 0.00019706602 3.0195038e-13)
(1.1334078 0.00016057046 1.590521e-13)
(1.1333909 0.00013111473 8.1900602e-14)
(1.1333762 0.00010741011 4.0881238e-14)
(1.1333633 8.8387674e-05 1.9379728e-14)
(1.1333519 7.3163656e-05 8.2464951e-15)
(1.1333419 6.1009839e-05 2.5333207e-15)
(1.1333331 5.1328304e-05 -3.831308e-16)
(1.1333252 4.3629886e-05 -1.8638874e-15)
(1.1333182 3.7515861e-05 -2.6027179e-15)
(1.133312 3.2662392e-05 -2.9501526e-15)
(1.1333064 2.8807559e-05 -3.0802681e-15)
(1.1333015 2.5740494e-05 -3.089559e-15)
(1.1332971 2.3292186e-05 -3.0315992e-15)
(1.1332931 2.1328062e-05 -2.9393951e-15)
(1.1332896 1.9741435e-05 -2.8309839e-15)
(1.1332864 1.8448523e-05 -2.7237336e-15)
(1.1332836 1.738396e-05 -2.6323642e-15)
(1.133281 1.6497181e-05 -2.5626464e-15)
(1.1332788 1.5749391e-05 -2.520828e-15)
(1.1332767 1.5111121e-05 -2.5095017e-15)
(1.1332749 1.4560078e-05 -2.5243823e-15)
(1.1332732 1.407973e-05 -2.5547823e-15)
(1.1332717 1.3658038e-05 -2.5860464e-15)
(1.1332704 1.3286438e-05 -2.6055146e-15)
(1.1332692 1.2959241e-05 -2.6099717e-15)
(1.1332681 1.2672988e-05 -2.6020173e-15)
(1.1332672 1.2425812e-05 -2.5939854e-15)
(1.1332663 1.2217046e-05 -2.5991629e-15)
(1.1332655 1.204664e-05 -2.6248264e-15)
(1.1332648 1.1915211e-05 -2.6716201e-15)
(1.1332642 1.182347e-05 -2.7289047e-15)
(1.1332636 1.177222e-05 -2.7780626e-15)
(1.1332631 1.1762236e-05 -2.7992445e-15)
(1.1332626 1.1793895e-05 -2.7757579e-15)
(1.1332622 1.186815e-05 -2.7002983e-15)
(1.1332618 1.198507e-05 -2.5779705e-15)
(1.1332615 1.2146261e-05 -2.424087e-15)
(1.1332612 1.2353897e-05 -2.2596486e-15)
(1.1332609 1.2608415e-05 -2.1056246e-15)
(1.1332606 1.2910554e-05 -1.9791384e-15)
(1.1332604 1.3261815e-05 -1.8907806e-15)
(1.1332602 1.3663285e-05 -1.8436146e-15)
(1.1332599 1.4115217e-05 -1.8353267e-15)
(1.1332597 1.4617842e-05 -1.8600335e-15)
(1.1332594 1.5172619e-05 -1.909223e-15)
(1.1332592 1.5781888e-05 -1.9747662e-15)
(1.1332589 1.6446617e-05 -2.0508623e-15)
(1.1332585 1.7164898e-05 -2.1324126e-15)
(1.1332582 1.7933446e-05 -2.2146601e-15)
(1.1332578 1.8750068e-05 -2.2952685e-15)
(1.1332573 1.9613284e-05 -2.3721076e-15)
(1.1332567 2.05195e-05 -2.4448983e-15)
(1.1332561 2.1460726e-05 -2.5141202e-15)
(1.1332554 2.2424628e-05 -2.5785532e-15)
(1.1332546 2.3393817e-05 -2.6393149e-15)
(1.1332537 2.4343842e-05 -2.6962007e-15)
(1.1332526 2.5245809e-05 -2.745426e-15)
(1.1332514 2.6077432e-05 -2.7848325e-15)
(1.1332501 2.6831383e-05 -2.8117412e-15)
(1.1332486 2.7507661e-05 -2.824808e-15)
(1.133247 2.8085631e-05 -2.823104e-15)
(1.1332451 2.8487937e-05 -2.8069323e-15)
(1.133243 2.8559419e-05 -2.778317e-15)
(1.1332406 2.8084442e-05 -2.7401053e-15)
(1.1332377 2.6859861e-05 -2.6953397e-15)
(1.1332345 2.4809807e-05 -2.6498891e-15)
(1.1332309 2.2093269e-05 -2.6032485e-15)
(1.1332269 1.913714e-05 -2.5589828e-15)
(1.1332224 1.6545017e-05 -2.5175177e-15)
(1.1332173 1.4894865e-05 -2.4795891e-15)
(1.1332113 1.4497639e-05 -2.4452039e-15)
(1.1332046 1.5226374e-05 -2.4144385e-15)
(1.133197 1.6492779e-05 -2.3871711e-15)
(1.1331885 1.7405395e-05 -2.3624423e-15)
(1.1331792 1.7047825e-05 -2.3403236e-15)
(1.1331692 1.4750307e-05 -2.3213864e-15)
(1.1331585 1.0281348e-05 -2.3056123e-15)
(1.1331476 3.888266e-06 -2.2928828e-15)
(1.1331367 -3.8832659e-06 -2.2822794e-15)
(1.1331263 -1.2424669e-05 -2.2725657e-15)
(1.133117 -2.1227859e-05 -2.2628138e-15)
(1.1331094 -2.9987263e-05 -2.2519891e-15)
(1.1331045 -3.8622583e-05 -2.2409338e-15)
(1.1331028 -4.7279575e-05 -2.2299159e-15)
(1.133105 -5.6379405e-05 -2.2178815e-15)
(1.1331111 -6.6511966e-05 -2.2040954e-15)
(1.1331197 -7.7767022e-05 -2.1858206e-15)
(1.1331292 -8.9468441e-05 -2.1614629e-15)
(1.1331383 -0.00010063964 -2.1291492e-15)
(1.133146 -0.00011031215 -2.089514e-15)
(1.1331514 -0.000117155 -2.0457956e-15)
(1.1331543 -0.00012001873 -2.0050403e-15)
(1.1331549 -0.00011978496 -1.9880683e-15)
(1.1331546 -0.00011602603 -1.9689373e-15)
(1.1331529 -0.00010301466 -1.9367888e-15)
(1.1331496 -7.7252192e-05 -1.8887707e-15)
(1.1331461 -4.6684175e-05 -1.8356184e-15)
(1.1331427 -1.4448356e-05 -1.7829107e-15)
(1.1331397 1.6157796e-05 -1.7249581e-15)
(1.1331378 4.248482e-05 -1.6748338e-15)
(1.1331372 6.2928234e-05 -1.6186185e-15)
(1.1331386 7.6971621e-05 -1.5771886e-15)
(1.1331426 8.4708519e-05 -1.5399767e-15)
(1.13315 8.6598798e-05 -1.5127755e-15)
(1.1331617 8.3516191e-05 -1.4852115e-15)
(1.1331778 7.7008183e-05 -1.46721e-15)
(1.1331977 6.8457981e-05 -1.4509074e-15)
(1.13322 5.8647852e-05 -1.4404396e-15)
(1.1332426 4.7934521e-05 -1.4260428e-15)
(1.1332631 3.655024e-05 -1.4148207e-15)
(1.1332801 2.5290838e-05 -1.3983175e-15)
(1.1332917 1.4022334e-05 -1.3830464e-15)
(1.1332987 4.8952307e-06 -1.358544e-15)
(1.1332994 -3.0163694e-06 -1.3404464e-15)
(1.1332972 -6.1892292e-06 -1.3182829e-15)
(1.1332914 -8.1590274e-06 -1.2962187e-15)
(1.1332836 -1.754136e-06 -1.2671419e-15)
(1.1428581 0.011763304 -4.1793726e-12)
(1.1441089 0.035250162 1.6025869e-11)
(1.1467067 0.059405444 -3.0410455e-11)
(1.1505146 0.083976044 5.7363784e-11)
(1.1559139 0.11014426 -9.8415247e-11)
(1.1631191 0.13694129 1.6070174e-10)
(1.1728277 0.16639806 -2.5563042e-10)
(1.1853601 0.19604214 3.7307111e-10)
(1.2016172 0.22942424 -5.2557108e-10)
(1.2221856 0.26151885 6.6798904e-10)
(1.24776 0.29790099 -8.1713961e-10)
(1.2802598 0.33080357 8.7594992e-10)
(1.3181697 0.36602485 -8.4433838e-10)
(1.3653123 0.395208 5.9921692e-10)
(1.4171222 0.42142558 -3.4104461e-10)
(1.4783619 0.43945066 1.2259847e-10)
(1.5428857 0.44748024 -7.3811494e-11)
(1.6110411 0.4438914 -4.0654931e-12)
(1.6789532 0.42703248 -7.7431046e-11)
(1.7389344 0.39737739 9.0548472e-11)
(1.7913845 0.3606406 2.4156615e-11)
(1.8308407 0.32083727 -2.7812628e-10)
(1.8641713 0.28351003 -6.3986347e-10)
(1.8912833 0.24877635 -1.4637187e-09)
(1.9122514 0.21548856 -2.209593e-09)
(1.9278169 0.18296353 -2.8430388e-09)
(1.9401558 0.15089769 -3.3753706e-09)
(1.9503174 0.11895324 -3.7939736e-09)
(1.9588316 0.086780946 -4.0824944e-09)
(1.9658147 0.05417048 -4.235141e-09)
(1.9713583 0.020917871 -4.2592326e-09)
(1.9752864 -0.012982908 -4.1305294e-09)
(1.9768567 -0.047485807 -3.9077221e-09)
(1.9755581 -0.082368206 -3.5904895e-09)
(1.9710105 -0.11722593 -3.1822306e-09)
(1.9629795 -0.15151611 -2.6943897e-09)
(1.9513496 -0.18460428 -2.1443832e-09)
(1.9360386 -0.21583258 -1.5644703e-09)
(1.9170787 -0.24446368 -9.8253898e-10)
(1.894561 -0.26986786 -4.3710056e-10)
(1.8687223 -0.29144694 5.9072575e-11)
(1.8398609 -0.30880506 4.8743033e-10)
(1.8083926 -0.32167323 8.3566065e-10)
(1.7745333 -0.3299795 1.084405e-09)
(1.7388184 -0.3336758 1.2173877e-09)
(1.7022908 -0.33250365 1.2510816e-09)
(1.6658013 -0.3264544 1.2088936e-09)
(1.6299444 -0.31587538 1.1136882e-09)
(1.5950813 -0.30139227 9.86431e-10)
(1.5613926 -0.28360683 8.465404e-10)
(1.5290275 -0.26294474 7.0990445e-10)
(1.4981155 -0.23996844 5.8455364e-10)
(1.4686156 -0.21537334 4.7419503e-10)
(1.4403757 -0.18972861 3.8516879e-10)
(1.4132786 -0.16347087 3.2217439e-10)
(1.3872306 -0.1369863 2.8300814e-10)
(1.3621616 -0.11062258 2.5922654e-10)
(1.3380198 -0.084666888 2.4207032e-10)
(1.314772 -0.059309919 2.2764551e-10)
(1.2924341 -0.034632379 1.9846377e-10)
(1.2710936 -0.010696775 9.7865996e-11)
(1.250953 0.012318986 -1.5273417e-10)
(1.2323774 0.034121123 -5.874706e-10)
(1.2157491 0.054049785 -1.1289635e-09)
(1.2012961 0.071019096 -1.5753283e-09)
(1.1891341 0.083895109 -1.6877248e-09)
(1.179422 0.092110967 -1.3473588e-09)
(1.1721545 0.095772766 -6.3025932e-10)
(1.1665426 0.095081815 2.9107273e-10)
(1.161771 0.090553037 1.2242031e-09)
(1.1578439 0.083334129 2.0030247e-09)
(1.1547021 0.07457512 2.5461971e-09)
(1.1519908 0.065239924 2.8533958e-09)
(1.1495279 0.056061947 2.9668132e-09)
(1.1472502 0.047524009 2.9385763e-09)
(1.145139 0.039889501 2.8129127e-09)
(1.1431988 0.033255439 2.6214439e-09)
(1.1414428 0.027607066 2.3857549e-09)
(1.1398825 0.022864617 2.1218651e-09)
(1.1385228 0.018918231 1.8435573e-09)
(1.1373606 0.015650963 1.5637274e-09)
(1.1363852 0.012952079 1.2942032e-09)
(1.1355805 0.010723462 1.0448877e-09)
(1.1349271 0.0088816378 8.2294902e-10)
(1.1344038 0.0073573434 6.3244625e-10)
(1.1339899 0.0060939248 4.7446637e-10)
(1.1336661 0.00504535 3.476553e-10)
(1.1334148 0.0041742733 2.4894914e-10)
(1.133221 0.0034503423 1.7432487e-10)
(1.1330722 0.0028487466 1.1944397e-10)
(1.132958 0.0023490433 8.0128191e-11)
(1.1328703 0.0019343072 5.2659693e-11)
(1.1328027 0.0015904959 3.3922701e-11)
(1.1327502 0.00130591 2.1431689e-11)
(1.1327089 0.0010707527 1.3286129e-11)
(1.132676 0.00087680477 8.0856383e-12)
(1.1326493 0.00071716683 4.832665e-12)
(1.1326273 0.000586046 2.837779e-12)
(1.1326087 0.00047858133 1.6376574e-12)
(1.1325928 0.00039069941 9.2897208e-13)
(1.1325789 0.00031899216 5.1797611e-13)
(1.1325666 0.00026061343 2.8377003e-13)
(1.1325556 0.00021319131 1.5256699e-13)
(1.1325455 0.00017475361 8.0276341e-14)
(1.1325364 0.00014366403 4.1078666e-14)
(1.132528 0.00011856811 2.0143407e-14)
(1.1325204 9.8347382e-05 9.1108833e-15)
(1.1325133 8.2080781e-05 3.3567354e-15)
(1.1325068 6.9011913e-05 3.7161822e-16)
(1.1325008 5.8521432e-05 -1.1771145e-15)
(1.1324952 5.0103728e-05 -1.9807337e-15)
(1.1324902 4.3347244e-05 -2.3900681e-15)
(1.1324855 3.791803e-05 -2.5819754e-15)
(1.1324813 3.3546016e-05 -2.6469401e-15)
(1.1324774 3.0013546e-05 -2.635394e-15)
(1.1324738 2.714595e-05 -2.5779864e-15)
(1.1324705 2.4803627e-05 -2.4948279e-15)
(1.1324676 2.2875666e-05 -2.4007242e-15)
(1.1324649 2.1274457e-05 -2.3076645e-15)
(1.1324625 1.9931203e-05 -2.2264068e-15)
(1.1324603 1.8792414e-05 -2.1665365e-15)
(1.1324583 1.7816692e-05 -2.1353446e-15)
(1.1324565 1.6972135e-05 -2.1362759e-15)
(1.1324548 1.623444e-05 -2.1667467e-15)
(1.1324534 1.5585312e-05 -2.2173179e-15)
(1.1324521 1.5011156e-05 -2.2741744e-15)
(1.1324509 1.4502035e-05 -2.3239371e-15)
(1.1324498 1.4050955e-05 -2.3587689e-15)
(1.1324489 1.365319e-05 -2.3783362e-15)
(1.132448 1.3305663e-05 -2.3897606e-15)
(1.1324472 1.3006589e-05 -2.4029648e-15)
(1.1324466 1.2754628e-05 -2.4254043e-15)
(1.132446 1.2549675e-05 -2.4580134e-15)
(1.1324454 1.2391404e-05 -2.4931916e-15)
(1.1324449 1.228002e-05 -2.5165139e-15)
(1.1324445 1.221598e-05 -2.512081e-15)
(1.1324441 1.2198915e-05 -2.4678358e-15)
(1.1324438 1.2230006e-05 -2.379687e-15)
(1.1324435 1.2306849e-05 -2.254313e-15)
(1.1324433 1.2432224e-05 -2.1065414e-15)
(1.1324431 1.2611315e-05 -1.956125e-15)
(1.1324429 1.2843103e-05 -1.8224981e-15)
(1.1324427 1.3127547e-05 -1.7206824e-15)
(1.1324425 1.3466692e-05 -1.6590995e-15)
(1.1324424 1.3862073e-05 -1.6394404e-15)
(1.1324422 1.4314482e-05 -1.6581281e-15)
(1.1324421 1.4824854e-05 -1.7084226e-15)
(1.1324419 1.5395114e-05 -1.7823705e-15)
(1.1324417 1.6027465e-05 -1.8722409e-15)
(1.1324415 1.6722421e-05 -1.9712986e-15)
(1.1324413 1.7478294e-05 -2.0741006e-15)
(1.132441 1.8293325e-05 -2.175968e-15)
(1.1324407 1.9167207e-05 -2.2733922e-15)
(1.1324403 2.0098678e-05 -2.3640932e-15)
(1.1324398 2.1082172e-05 -2.4468009e-15)
(1.1324392 2.2108307e-05 -2.5215058e-15)
(1.1324386 2.3167359e-05 -2.5883246e-15)
(1.1324378 2.4248298e-05 -2.6477881e-15)
(1.132437 2.5331458e-05 -2.6997805e-15)
(1.1324359 2.6385446e-05 -2.7431441e-15)
(1.1324347 2.7378432e-05 -2.7761913e-15)
(1.1324333 2.829494e-05 -2.7972049e-15)
(1.1324318 2.9139089e-05 -2.8054203e-15)
(1.13243 2.9910451e-05 -2.8006756e-15)
(1.132428 3.0558744e-05 -2.7840469e-15)
(1.1324257 3.0944733e-05 -2.7575532e-15)
(1.1324231 3.0845502e-05 -2.7237324e-15)
(1.1324201 3.0032883e-05 -2.6854137e-15)
(1.1324166 2.8412466e-05 -2.6452911e-15)
(1.1324127 2.6156905e-05 -2.6049929e-15)
(1.1324083 2.3740238e-05 -2.5659146e-15)
(1.1324032 2.1813511e-05 -2.5285575e-15)
(1.1323973 2.0953769e-05 -2.4928905e-15)
(1.1323905 2.1407705e-05 -2.4585498e-15)
(1.1323829 2.2969104e-05 -2.4254494e-15)
(1.1323746 2.5016445e-05 -2.3938568e-15)
(1.1323657 2.6653643e-05 -2.3642057e-15)
(1.1323564 2.6910774e-05 -2.3373361e-15)
(1.1323469 2.4995816e-05 -2.314328e-15)
(1.1323375 2.0587961e-05 -2.2959922e-15)
(1.1323286 1.3940321e-05 -2.2822379e-15)
(1.1323204 5.5714734e-06 -2.2717498e-15)
(1.1323132 -4.0024819e-06 -2.2623481e-15)
(1.1323076 -1.4392703e-05 -2.2518424e-15)
(1.1323039 -2.5393879e-05 -2.2387955e-15)
(1.1323026 -3.6932684e-05 -2.2229806e-15)
(1.1323043 -4.896157e-05 -2.2046597e-15)
(1.1323089 -6.1376231e-05 -2.1838687e-15)
(1.1323159 -7.3968282e-05 -2.1606005e-15)
(1.1323241 -8.6268148e-05 -2.134166e-15)
(1.1323317 -9.750905e-05 -2.1041431e-15)
(1.1323376 -0.00010699368 -2.070208e-15)
(1.1323408 -0.00011418871 -2.0338328e-15)
(1.132341 -0.00011854635 -1.9996412e-15)
(1.1323393 -0.00011985975 -1.9766195e-15)
(1.1323362 -0.00011844548 -1.9631869e-15)
(1.1323304 -0.00011201207 -1.9494521e-15)
(1.1323206 -9.4899262e-05 -1.9258733e-15)
(1.1323102 -6.9817817e-05 -1.8967724e-15)
(1.1323011 -4.0179805e-05 -1.8594614e-15)
(1.1322935 -9.181675e-06 -1.8192217e-15)
(1.1322878 1.9820325e-05 -1.7703897e-15)
(1.1322846 4.4157454e-05 -1.7263759e-15)
(1.1322842 6.2218741e-05 -1.6742602e-15)
(1.132287 7.3399471e-05 -1.6358229e-15)
(1.132293 7.7711621e-05 -1.6003716e-15)
(1.1323031 7.5361717e-05 -1.5744457e-15)
(1.1323183 6.7495085e-05 -1.5442669e-15)
(1.1323379 5.6678213e-05 -1.5231903e-15)
(1.1323611 4.5066239e-05 -1.5041244e-15)
(1.132386 3.409714e-05 -1.4914494e-15)
(1.1324106 2.4398161e-05 -1.4748093e-15)
(1.1324329 1.6079206e-05 -1.4605747e-15)
(1.1324514 9.2848323e-06 -1.4422517e-15)
(1.1324645 3.5852134e-06 -1.4207631e-15)
(1.1324726 -4.8443421e-07 -1.3910283e-15)
(1.1324752 -3.1744066e-06 -1.365548e-15)
(1.1324751 -3.7116418e-06 -1.3515107e-15)
(1.1324724 -3.7771777e-06 -1.335934e-15)
(1.1324676 1.9015194e-06 -1.3010907e-15)
(1.0679126 0.011099877 -4.3390332e-12)
(1.0695922 0.033255765 1.2899079e-11)
(1.0730505 0.055909152 -2.1829732e-11)
(1.0780877 0.078871022 3.9932473e-11)
(1.0851267 0.10300725 -6.2683261e-11)
(1.0942658 0.1276199 9.5321714e-11)
(1.1061674 0.15405365 -1.4019925e-10)
(1.1210414 0.18068013 1.8868431e-10)
(1.139537 0.20949348 -2.4469411e-10)
(1.1622642 0.23764666 2.7383066e-10)
(1.1893722 0.2675362 -2.9693081e-10)
(1.2223182 0.29544318 2.7604515e-10)
(1.2601446 0.32299874 -2.315149e-10)
(1.30469 0.34674305 1.1813939e-10)
(1.3539873 0.36646062 -3.6097364e-11)
(1.4087549 0.37994639 1.478185e-11)
(1.4671737 0.3855706 -3.8589935e-11)
(1.5267847 0.38201824 -5.365807e-12)
(1.586148 0.36889158 1.6512812e-12)
(1.6407049 0.34653375 1.7210209e-11)
(1.6890496 0.3177033 2.1264245e-11)
(1.7293789 0.28557136 -4.2084939e-11)
(1.7623361 0.25288569 -6.9911094e-11)
(1.7902283 0.2213016 -1.6991526e-10)
(1.8135178 0.19077811 -3.0942078e-10)
(1.8345927 0.16137843 -4.9438175e-10)
(1.8534078 0.13246828 -6.8828999e-10)
(1.8697691 0.10353487 -8.5778908e-10)
(1.8834008 0.074210298 -9.7854385e-10)
(1.8942413 0.044367563 -1.0441053e-09)
(1.9020348 0.013882041 -1.0479918e-09)
(1.9067823 -0.017122711 -9.9135328e-10)
(1.9085469 -0.048518964 -8.9651085e-10)
(1.9069031 -0.080064912 -7.6719354e-10)
(1.9016101 -0.11138389 -6.0776143e-10)
(1.8925583 -0.14197779 -4.2588295e-10)
(1.8797106 -0.17132625 -2.3477921e-10)
(1.8631016 -0.19887135 -5.2106642e-11)
(1.8428497 -0.22406329 1.0587101e-10)
(1.8191498 -0.24637903 2.3063495e-10)
(1.7923016 -0.26537373 3.1978267e-10)
(1.7627187 -0.28064009 3.73011e-10)
(1.730851 -0.29191325 3.8893004e-10)
(1.6972557 -0.29894942 3.7127811e-10)
(1.6626669 -0.30135901 3.3165462e-10)
(1.627776 -0.29911013 2.8208777e-10)
(1.5930301 -0.2924954 2.3007245e-10)
(1.5587511 -0.28194462 1.7947842e-10)
(1.5252065 -0.26793531 1.3441931e-10)
(1.4925404 -0.25090875 9.6632852e-11)
(1.4607923 -0.23128574 6.5800014e-11)
(1.430022 -0.20953575 4.1157261e-11)
(1.4002668 -0.18616907 2.5039723e-11)
(1.371508 -0.16165941 2.3948278e-11)
(1.3437206 -0.13644593 3.7051374e-11)
(1.3169028 -0.110959 5.4302506e-11)
(1.2911116 -0.08557788 6.2913053e-11)
(1.2664403 -0.060602065 5.0614537e-11)
(1.2430014 -0.036275826 1.2958856e-11)
(1.2209647 -0.012772328 -5.7113645e-11)
(1.2006021 0.0097504007 -1.8584389e-10)
(1.1822707 0.03102433 -3.9693885e-10)
(1.1663523 0.050639422 -6.6775604e-10)
(1.1531518 0.068030778 -9.311376e-10)
(1.1428368 0.082410902 -1.0832962e-09)
(1.1354677 0.092679996 -9.6587083e-10)
(1.1309688 0.097867886 -4.6133752e-10)
(1.1290934 0.098712897 1.1873499e-10)
(1.1287334 0.09756614 4.4635864e-10)
(1.1288833 0.093021055 9.1262684e-10)
(1.1297384 0.084720923 1.3706984e-09)
(1.1307623 0.075534874 1.6259247e-09)
(1.1316626 0.066094439 1.7203779e-09)
(1.1323035 0.05694853 1.7030406e-09)
(1.1326511 0.048477779 1.6162733e-09)
(1.1327336 0.040892692 1.4907431e-09)
(1.1326117 0.034268477 1.345764e-09)
(1.1323552 0.028587042 1.1925002e-09)
(1.1320281 0.023775363 1.0375634e-09)
(1.1316814 0.019734649 8.8560566e-10)
(1.1313512 0.016359625 7.4059582e-10)
(1.1310596 0.013549717 6.0609513e-10)
(1.1308174 0.011214524 4.8503239e-10)
(1.130627 0.0092756865 3.7938976e-10)
(1.1304853 0.0076667474 2.9002856e-10)
(1.1303862 0.0063320417 2.1671984e-10)
(1.1303221 0.0052252467 1.5834176e-10)
(1.1302853 0.0043079095 1.1316494e-10)
(1.1302687 0.0035480869 7.9150381e-11)
(1.1302666 0.00291922 5.4206017e-11)
(1.1302741 0.002399228 3.6369366e-11)
(1.1302874 0.0019697376 2.3918786e-11)
(1.1303034 0.0016154449 1.5426272e-11)
(1.1303203 0.0013235907 9.7611456e-12)
(1.1303364 0.0010835308 6.0624636e-12)
(1.1303511 0.00088638306 3.6972805e-12)
(1.1303639 0.00072473718 2.2149231e-12)
(1.1303744 0.00059241706 1.3037955e-12)
(1.1303828 0.00048428218 7.542645e-13)
(1.1303892 0.00039605974 4.2885889e-13)
(1.1303937 0.00032420297 2.3958198e-13)
(1.1303966 0.00026577215 1.3138431e-13)
(1.1303982 0.00021833444 7.0572897e-14)
(1.1303985 0.00017987985 3.6952114e-14)
(1.130398 0.00014875048 1.865533e-14)
(1.1303967 0.00012358142 8.8419509e-15)
(1.1303949 0.00010325114 3.6414391e-15)
(1.1303926 8.6840101e-05 9.0524745e-16)
(1.1303901 7.3596126e-05 -5.3492304e-16)
(1.1303874 6.2905455e-05 -1.2991435e-15)
(1.1303846 5.4268493e-05 -1.70775e-15)
(1.1303818 4.7279585e-05 -1.9221996e-15)
(1.130379 4.1610238e-05 -2.0235278e-15)
(1.1303763 3.6995184e-05 -2.0540904e-15)
(1.1303737 3.3220813e-05 -2.038538e-15)
(1.1303713 3.011572e-05 -1.9929455e-15)
(1.130369 2.7542869e-05 -1.9288818e-15)
(1.1303668 2.5393305e-05 -1.8558727e-15)
(1.1303648 2.3580747e-05 -1.782705e-15)
(1.1303629 2.2037348e-05 -1.7187464e-15)
(1.1303612 2.0710084e-05 -1.6741142e-15)
(1.1303597 1.9557781e-05 -1.6579069e-15)
(1.1303583 1.8548605e-05 -1.6755237e-15)
(1.130357 1.7658131e-05 -1.7263317e-15)
(1.1303558 1.686786e-05 -1.8024211e-15)
(1.1303548 1.6163892e-05 -1.8906015e-15)
(1.1303538 1.5535856e-05 -1.9758661e-15)
(1.130353 1.497625e-05 -2.0466272e-15)
(1.1303523 1.447964e-05 -2.0977264e-15)
(1.1303516 1.404217e-05 -2.1306804e-15)
(1.130351 1.3661432e-05 -2.1520424e-15)
(1.1303505 1.3334973e-05 -2.167506e-15)
(1.1303501 1.306236e-05 -2.1797625e-15)
(1.1303497 1.2842313e-05 -2.1849857e-15)
(1.1303494 1.2675005e-05 -2.173909e-15)
(1.1303491 1.2560167e-05 -2.1366219e-15)
(1.1303488 1.2497104e-05 -2.0683286e-15)
(1.1303487 1.2487975e-05 -1.964096e-15)
(1.1303485 1.2527237e-05 -1.8403131e-15)
(1.1303484 1.2617874e-05 -1.7056391e-15)
(1.1303483 1.2767954e-05 -1.5777706e-15)
(1.1303482 1.2977966e-05 -1.4747012e-15)
(1.1303482 1.3245201e-05 -1.4081643e-15)
(1.1303481 1.3571916e-05 -1.3834455e-15)
(1.1303481 1.3960445e-05 -1.3999721e-15)
(1.1303481 1.4412276e-05 -1.4528697e-15)
(1.1303481 1.492908e-05 -1.5349108e-15)
(1.130348 1.5513234e-05 -1.6382651e-15)
(1.130348 1.6166926e-05 -1.7554837e-15)
(1.1303479 1.6890604e-05 -1.8799455e-15)
(1.1303478 1.7683343e-05 -2.0059265e-15)
(1.1303477 1.8545377e-05 -2.1284566e-15)
(1.1303475 1.9478445e-05 -2.2433692e-15)
(1.1303472 2.0481385e-05 -2.3476123e-15)
(1.1303469 2.1546732e-05 -2.4393317e-15)
(1.1303465 2.2664491e-05 -2.5181181e-15)
(1.1303459 2.3829066e-05 -2.584505e-15)
(1.1303453 2.503697e-05 -2.6394967e-15)
(1.1303445 2.6272807e-05 -2.6839405e-15)
(1.1303436 2.7500784e-05 -2.7179958e-15)
(1.1303424 2.8678371e-05 -2.7413308e-15)
(1.1303411 2.9783063e-05 -2.7535831e-15)
(1.1303396 3.0825119e-05 -2.7548917e-15)
(1.1303378 3.182377e-05 -2.7460857e-15)
(1.1303358 3.2750785e-05 -2.7287074e-15)
(1.1303335 3.3475623e-05 -2.7047348e-15)
(1.1303308 3.3764673e-05 -2.6762146e-15)
(1.1303277 3.3370994e-05 -2.645027e-15)
(1.1303242 3.2197164e-05 -2.6127168e-15)
(1.1303203 3.0447436e-05 -2.5801797e-15)
(1.1303157 2.8653563e-05 -2.5477253e-15)
(1.1303105 2.750591e-05 -2.515148e-15)
(1.1303044 2.7547373e-05 -2.4818276e-15)
(1.1302973 2.8904729e-05 -2.446941e-15)
(1.1302896 3.1210101e-05 -2.4103987e-15)
(1.1302816 3.3703152e-05 -2.3735944e-15)
(1.1302737 3.5485497e-05 -2.3384074e-15)
(1.1302659 3.573838e-05 -2.3064005e-15)
(1.1302585 3.3645212e-05 -2.2791662e-15)
(1.1302519 2.864637e-05 -2.2580061e-15)
(1.1302466 2.1042296e-05 -2.2429446e-15)
(1.1302426 1.1445271e-05 -2.2321486e-15)
(1.1302402 3.8163735e-07 -2.222422e-15)
(1.1302394 -1.1827613e-05 -2.2103452e-15)
(1.1302405 -2.5019259e-05 -2.1935549e-15)
(1.1302437 -3.9035202e-05 -2.1712033e-15)
(1.1302489 -5.355542e-05 -2.143657e-15)
(1.1302558 -6.8010332e-05 -2.1119315e-15)
(1.1302634 -8.1625971e-05 -2.077407e-15)
(1.1302705 -9.355741e-05 -2.0414619e-15)
(1.130276 -0.00010309542 -2.0057339e-15)
(1.1302788 -0.00010989174 -1.972012e-15)
(1.1302785 -0.00011413521 -1.9429465e-15)
(1.1302755 -0.00011611943 -1.9211257e-15)
(1.1302697 -0.00011542279 -1.9082575e-15)
(1.1302606 -0.00011070628 -1.9013906e-15)
(1.130248 -0.00010004407 -1.8982366e-15)
(1.1302331 -8.2164186e-05 -1.8927501e-15)
(1.1302184 -5.7870089e-05 -1.8836375e-15)
(1.1302054 -2.9800333e-05 -1.8643589e-15)
(1.1301949 -1.1262201e-06 -1.8388553e-15)
(1.1301876 2.4991109e-05 -1.8005506e-15)
(1.130184 4.6052858e-05 -1.7643562e-15)
(1.1301843 6.0569216e-05 -1.7167259e-15)
(1.1301888 6.8056512e-05 -1.6811803e-15)
(1.1301964 6.8516459e-05 -1.6490016e-15)
(1.1302092 6.1403497e-05 -1.6221314e-15)
(1.1302266 4.8739212e-05 -1.5887329e-15)
(1.1302476 3.4238155e-05 -1.5649922e-15)
(1.1302708 2.0446838e-05 -1.5431066e-15)
(1.1302947 9.1340332e-06 -1.5279965e-15)
(1.1303173 9.5274153e-07 -1.5083902e-15)
(1.1303374 -4.2014344e-06 -1.4911187e-15)
(1.1303538 -6.4788844e-06 -1.4704324e-15)
(1.1303655 -7.1403366e-06 -1.4466238e-15)
(1.1303729 -6.1732013e-06 -1.4187531e-15)
(1.1303759 -5.0890414e-06 -1.3911557e-15)
(1.1303764 -3.0310797e-06 -1.3669551e-15)
(1.1303742 -1.5400901e-06 -1.3473592e-15)
(1.1303718 4.2033945e-06 -1.3068168e-15)
(0.98581703 0.010237459 -2.7671544e-12)
(0.9878569 0.030678678 7.3173346e-12)
(0.99198543 0.051447357 -1.1438454e-11)
(0.998027 0.072455681 2.092642e-11)
(1.0063231 0.094243122 -3.0752771e-11)
(1.0169931 0.11642365 4.3760576e-11)
(1.0305248 0.13971902 -5.9163701e-11)
(1.0471335 0.16324164 7.2838681e-11)
(1.0672339 0.18785053 -8.8355007e-11)
(1.0912924 0.21211556 8.6353753e-11)
(1.1194206 0.23673966 -8.2267558e-11)
(1.1523396 0.25999253 6.5872856e-11)
(1.1897226 0.28189115 -5.1269216e-11)
(1.2320315 0.30080532 1.9475118e-11)
(1.2785971 0.31589698 6.7471815e-12)
(1.3287969 0.32585609 3.5136704e-12)
(1.381781 0.32960782 -1.5389742e-11)
(1.4355591 0.32626521 -2.2600062e-12)
(1.4887008 0.3157071 1.5503487e-11)
(1.5388605 0.29836536 1.1209426e-11)
(1.5843321 0.27572023 3.5428758e-12)
(1.624134 0.24977845 -1.3647008e-11)
(1.6579765 0.22230677 -1.3369386e-11)
(1.6868658 0.19467354 -1.6182716e-11)
(1.7116611 0.16743415 -3.2317234e-11)
(1.7333642 0.14061404 -6.5240632e-11)
(1.7524381 0.11402985 -1.046955e-10)
(1.7690443 0.087436538 -1.3948558e-10)
(1.7830901 0.060672543 -1.6179455e-10)
(1.7944739 0.033615654 -1.6995938e-10)
(1.8029798 0.0062541799 -1.6402914e-10)
(1.808491 -0.021408343 -1.4401567e-10)
(1.8107201 -0.049347019 -1.1121535e-10)
(1.8094053 -0.077295246 -6.6419224e-11)
(1.804418 -0.1048708 -1.1602186e-11)
(1.7957171 -0.1316526 4.7980585e-11)
(1.7833287 -0.15720119 1.0430781e-10)
(1.7673553 -0.18105692 1.500883e-10)
(1.7479545 -0.20277642 1.8213443e-10)
(1.7253662 -0.22192742 2.0086484e-10)
(1.6999179 -0.23809676 2.0673154e-10)
(1.6719928 -0.25093795 1.9945689e-10)
(1.6420697 -0.26014425 1.8146826e-10)
(1.6106826 -0.26544038 1.5890142e-10)
(1.5782975 -0.26670273 1.3702762e-10)
(1.5453034 -0.26404939 1.1692318e-10)
(1.5120456 -0.25769231 9.7619938e-11)
(1.4788454 -0.24783817 7.8639681e-11)
(1.4459645 -0.23473552 6.0551352e-11)
(1.4135752 -0.21869855 4.2690119e-11)
(1.3817842 -0.20007756 2.665296e-11)
(1.3507114 -0.17927682 1.6764152e-11)
(1.3204655 -0.15678925 1.7784002e-11)
(1.2911413 -0.13314355 3.1081007e-11)
(1.262845 -0.10884561 4.5412186e-11)
(1.2357204 -0.084372258 4.4306209e-11)
(1.2099734 -0.06014845 1.7601936e-11)
(1.1858239 -0.036526538 -3.9758204e-11)
(1.1635038 -0.013775473 -1.2285943e-10)
(1.1433066 0.007869584 -2.2205412e-10)
(1.1255784 0.028147399 -3.361644e-10)
(1.1106491 0.04678389 -4.6937561e-10)
(1.0987986 0.063448593 -6.0058126e-10)
(1.0902556 0.077646941 -6.7537935e-10)
(1.0852008 0.088619565 -6.1790472e-10)
(1.0835872 0.095577599 -3.7642411e-10)
(1.0847228 0.098449967 -2.8444801e-11)
(1.0869425 0.098367529 2.29324e-10)
(1.0906006 0.095528218 4.8269279e-10)
(1.0957022 0.089420832 7.4779257e-10)
(1.1008018 0.081506746 9.2724925e-10)
(1.1054043 0.072719873 1.0056096e-09)
(1.1093771 0.063760942 1.0025984e-09)
(1.112668 0.055130371 9.4664683e-10)
(1.1152911 0.047144974 8.6255641e-10)
(1.1173203 0.039972748 7.6744488e-10)
(1.1188593 0.03367075 6.7117307e-10)
(1.1200163 0.02822159 5.7855087e-10)
(1.1208889 0.023564239 4.9163222e-10)
(1.1215579 0.019616683 4.1133479e-10)
(1.122085 0.016290783 3.3826891e-10)
(1.1225147 0.013500989 2.7298341e-10)
(1.1228771 0.011168776 2.1591061e-10)
(1.1231919 0.0092243957 1.6723282e-10)
(1.123471 0.0076071135 1.2679367e-10)
(1.1237211 0.0062646836 9.4092989e-11)
(1.1239462 0.0051525003 6.8352561e-11)
(1.1241485 0.0042326551 4.8619889e-11)
(1.1243296 0.0034730717 3.3877205e-11)
(1.1244905 0.0028467802 2.3131982e-11)
(1.1246322 0.002331202 1.5485021e-11)
(1.1247559 0.0019074279 1.0166958e-11)
(1.1248628 0.0015596208 6.5498741e-12)
(1.1249544 0.0012745535 4.1420217e-12)
(1.125032 0.0010412197 2.5721329e-12)
(1.1250972 0.00085048029 1.5690028e-12)
(1.1251516 0.00069475927 9.4043415e-13)
(1.1251964 0.00056778764 5.5398061e-13)
(1.1252331 0.0004643862 3.2073466e-13)
(1.1252627 0.00038028204 1.8246866e-13)
(1.1252865 0.0003119544 1.019298e-13)
(1.1253053 0.00025650587 5.5811141e-14)
(1.1253199 0.00021155495 2.9838501e-14)
(1.1253312 0.0001751467 1.544584e-14)
(1.1253397 0.00014567845 7.5911643e-15)
(1.1253459 0.00012183827 3.3621901e-15)
(1.1253503 0.00010255388 1.1067367e-15)
(1.1253533 8.6950483e-05 -9.3691404e-17)
(1.1253551 7.4315799e-05 -7.3862764e-16)
(1.1253561 6.4071046e-05 -1.0921839e-15)
(1.1253564 5.5746905e-05 -1.2895127e-15)
(1.1253562 4.8963665e-05 -1.39826e-15)
(1.1253556 4.3414793e-05 -1.4519264e-15)
(1.1253548 3.8853454e-05 -1.468223e-15)
(1.1253538 3.5081374e-05 -1.4583827e-15)
(1.1253527 3.193979e-05 -1.4295893e-15)
(1.1253516 2.9301996e-05 -1.3871061e-15)
(1.1253505 2.7067334e-05 -1.3370904e-15)
(1.1253494 2.5156174e-05 -1.2858474e-15)
(1.1253484 2.3505987e-05 -1.2415506e-15)
(1.1253474 2.2067768e-05 -1.2150643e-15)
(1.1253465 2.0803555e-05 -1.217268e-15)
(1.1253456 1.9683954e-05 -1.2548528e-15)
(1.1253448 1.8686333e-05 -1.3286398e-15)
(1.1253442 1.7793562e-05 -1.4317194e-15)
(1.1253435 1.6992625e-05 -1.5515852e-15)
(1.125343 1.6273627e-05 -1.6709211e-15)
(1.1253425 1.5629364e-05 -1.7749364e-15)
(1.1253421 1.5054284e-05 -1.8541022e-15)
(1.1253418 1.4544291e-05 -1.9040526e-15)
(1.1253415 1.4096666e-05 -1.9299855e-15)
(1.1253413 1.3708133e-05 -1.9337862e-15)
(1.1253411 1.3379058e-05 -1.9226528e-15)
(1.1253409 1.3105886e-05 -1.8958723e-15)
(1.1253408 1.288997e-05 -1.8474634e-15)
(1.1253408 1.273297e-05 -1.7732543e-15)
(1.1253408 1.2625266e-05 -1.6904043e-15)
(1.1253408 1.2587135e-05 -1.536639e-15)
(1.1253408 1.2588077e-05 -1.4480143e-15)
(1.1253409 1.2642237e-05 -1.3414135e-15)
(1.125341 1.2772811e-05 -1.2308004e-15)
(1.1253411 1.2960745e-05 -1.1596122e-15)
(1.1253413 1.3210107e-05 -1.1319989e-15)
(1.1253414 1.3523989e-05 -1.1478783e-15)
(1.1253416 1.3904529e-05 -1.2036914e-15)
(1.1253418 1.4353883e-05 -1.2930981e-15)
(1.125342 1.4874473e-05 -1.4082827e-15)
(1.1253421 1.54691e-05 -1.5416979e-15)
(1.1253423 1.6140128e-05 -1.6861514e-15)
(1.1253424 1.6888441e-05 -1.8353552e-15)
(1.1253426 1.7714417e-05 -1.9833219e-15)
(1.1253426 1.8620453e-05 -2.124757e-15)
(1.1253427 1.9610085e-05 -2.254852e-15)
(1.1253427 2.0682154e-05 -2.370111e-15)
(1.1253426 2.1828106e-05 -2.468085e-15)
(1.1253424 2.3038992e-05 -2.5483639e-15)
(1.1253422 2.4314552e-05 -2.6118275e-15)
(1.1253418 2.5658006e-05 -2.6600023e-15)
(1.1253413 2.705566e-05 -2.6950717e-15)
(1.1253406 2.846603e-05 -2.7180787e-15)
(1.1253397 2.9838743e-05 -2.7302414e-15)
(1.1253386 3.1150194e-05 -2.7325456e-15)
(1.1253373 3.2420183e-05 -2.7261207e-15)
(1.1253358 3.3682347e-05 -2.712704e-15)
(1.125334 3.4915348e-05 -2.6942296e-15)
(1.1253318 3.5979997e-05 -2.6724334e-15)
(1.1253293 3.6626857e-05 -2.6487872e-15)
(1.1253265 3.6607959e-05 -2.6241582e-15)
(1.1253234 3.5853103e-05 -2.5992534e-15)
(1.1253198 3.4618073e-05 -2.5738814e-15)
(1.1253156 3.3492217e-05 -2.5473724e-15)
(1.1253107 3.3185035e-05 -2.5186808e-15)
(1.125305 3.412309e-05 -2.4867888e-15)
(1.1252985 3.6148885e-05 -2.4502888e-15)
(1.1252917 3.8715105e-05 -2.408107e-15)
(1.1252854 4.1195676e-05 -2.3639799e-15)
(1.12528 4.2659735e-05 -2.3244343e-15)
(1.1252758 4.2067738e-05 -2.2898783e-15)
(1.1252727 3.8748137e-05 -2.2600216e-15)
(1.1252709 3.2378951e-05 -2.2364833e-15)
(1.125271 2.3239625e-05 -2.2200566e-15)
(1.125273 1.1994267e-05 -2.2084146e-15)
(1.1252767 -7.5962773e-07 -2.1974238e-15)
(1.1252818 -1.4700512e-05 -2.1824898e-15)
(1.1252883 -2.9635539e-05 -2.1605168e-15)
(1.1252959 -4.5257244e-05 -2.1302963e-15)
(1.1253041 -6.0960154e-05 -2.0925303e-15)
(1.1253123 -7.5820435e-05 -2.0494709e-15)
(1.1253193 -8.8760631e-05 -2.0039811e-15)
(1.1253243 -9.8841459e-05 -1.9595133e-15)
(1.1253265 -0.00010567052 -1.9196483e-15)
(1.1253256 -0.00010955128 -1.8869569e-15)
(1.1253219 -0.00011087837 -1.8648353e-15)
(1.1253145 -0.00010955277 -1.8512792e-15)
(1.1253032 -0.00010511981 -1.8474714e-15)
(1.1252886 -9.7025937e-05 -1.8527119e-15)
(1.1252712 -8.415979e-05 -1.8648816e-15)
(1.1252526 -6.5649394e-05 -1.8772401e-15)
(1.1252347 -4.2387614e-05 -1.8860645e-15)
(1.1252192 -1.6682469e-05 -1.8829628e-15)
(1.1252071 8.6081052e-06 -1.8701198e-15)
(1.1251994 3.0679108e-05 -1.8409991e-15)
(1.1251964 4.7376998e-05 -1.810603e-15)
(1.1251983 5.7550783e-05 -1.7667888e-15)
(1.1252044 6.1018855e-05 -1.7349408e-15)
(1.125214 5.7355015e-05 -1.7040324e-15)
(1.1252295 4.5289359e-05 -1.6733896e-15)
(1.1252477 2.9074505e-05 -1.6367682e-15)
(1.1252677 1.2445125e-05 -1.6098651e-15)
(1.125288 -1.9129612e-06 -1.5849561e-15)
(1.1253072 -1.2297121e-05 -1.5673068e-15)
(1.1253242 -1.8238812e-05 -1.5454424e-15)
(1.1253387 -2.0362847e-05 -1.5261803e-15)
(1.1253499 -1.8837105e-05 -1.5020178e-15)
(1.1253577 -1.5520789e-05 -1.4762143e-15)
(1.1253622 -1.0883167e-05 -1.4463698e-15)
(1.125364 -6.6917751e-06 -1.4150439e-15)
(1.1253642 -2.2916936e-06 -1.3851991e-15)
(1.1253624 1.978183e-07 -1.3603614e-15)
(1.1253616 4.9313104e-06 -1.3167598e-15)
(0.89657633 0.0092182969 -1.3394288e-12)
(0.89890685 0.027628571 3.2379052e-12)
(0.90355649 0.046225925 -4.5989635e-12)
(0.91038808 0.064993653 8.7021259e-12)
(0.91965292 0.084235805 -1.2195125e-11)
(0.93149875 0.10377991 1.6302562e-11)
(0.94626063 0.12395067 -2.0181561e-11)
(0.96412537 0.14430143 2.1845577e-11)
(0.9853662 0.16508717 -2.5310852e-11)
(1.010263 0.18558852 2.1712467e-11)
(1.0389403 0.20581128 -1.7046979e-11)
(1.0716591 0.22486019 1.2220612e-11)
(1.1083241 0.24230699 -8.7451912e-12)
(1.1488507 0.25719719 5.9887683e-12)
(1.1928663 0.26874897 7.0559854e-12)
(1.2396283 0.2760797 1.6314378e-12)
(1.2883609 0.27847753 -3.9754189e-12)
(1.3377366 0.27541448 6.2876735e-13)
(1.3864429 0.26681859 7.7620435e-12)
(1.433008 0.25304603 3.4340862e-12)
(1.4760783 0.23496576 -3.5126203e-12)
(1.5148111 0.2138324 -9.0436466e-12)
(1.5488479 0.19090552 -8.2216205e-12)
(1.5784923 0.16722384 -6.1911998e-12)
(1.6042798 0.14339145 -7.1284401e-12)
(1.6267869 0.11959089 -1.1055869e-11)
(1.6463741 0.095813539 -1.4253988e-11)
(1.6632311 0.071965211 -1.3706771e-11)
(1.6773436 0.047990136 -8.5415739e-12)
(1.6886762 0.02381493 3.6018631e-13)
(1.6970666 -0.00051571549 1.2050605e-11)
(1.7023714 -0.025018541 2.6290776e-11)
(1.7044209 -0.049616028 4.3338471e-11)
(1.7030901 -0.074064127 6.2813304e-11)
(1.6982791 -0.098045431 8.2718502e-11)
(1.6899513 -0.12121978 9.9901563e-11)
(1.6781459 -0.14322196 1.1181483e-10)
(1.6629638 -0.16368352 1.1773534e-10)
(1.6445675 -0.18223333 1.179464e-10)
(1.6231881 -0.19849267 1.1211428e-10)
(1.5991122 -0.21211421 9.9858295e-11)
(1.572688 -0.22277566 8.3225894e-11)
(1.5443122 -0.23019369 6.6490701e-11)
(1.5143534 -0.23420512 5.2708806e-11)
(1.4831333 -0.2347534 4.1602316e-11)
(1.4509941 -0.23182871 3.153271e-11)
(1.4182959 -0.22545494 2.1544261e-11)
(1.3853628 -0.21572401 1.1383731e-11)
(1.3524631 -0.20283132 1.5791502e-12)
(1.3198221 -0.18708315 -5.9048193e-12)
(1.2876466 -0.16885988 -6.3703922e-12)
(1.2561651 -0.14861592 3.5076209e-12)
(1.2256246 -0.12687874 2.1111663e-11)
(1.196285 -0.10419974 3.6661428e-11)
(1.1684055 -0.081108975 3.4012546e-11)
(1.1422664 -0.058106425 1.8454357e-12)
(1.118158 -0.035639696 -5.9090913e-11)
(1.0963586 -0.014064733 -1.407066e-10)
(1.077149 0.0063420261 -2.2847851e-10)
(1.0607955 0.025298767 -3.0675783e-10)
(1.0475509 0.042561148 -3.690075e-10)
(1.0376264 0.057939658 -4.1586935e-10)
(1.0311647 0.071149016 -4.3425264e-10)
(1.0282394 0.081731002 -3.9386064e-10)
(1.0287517 0.089203868 -2.7163799e-10)
(1.0322166 0.093377202 -8.4407423e-11)
(1.0377652 0.094489962 1.1172273e-10)
(1.0447103 0.092845678 2.8035339e-10)
(1.0527463 0.088717708 4.2392058e-10)
(1.06117 0.082590744 5.2902118e-10)
(1.0691903 0.075108472 5.817137e-10)
(1.0764267 0.067022654 5.8503459e-10)
(1.0827415 0.058894634 5.5247107e-10)
(1.0881044 0.051103916 4.9947429e-10)
(1.092566 0.043890352 4.3850038e-10)
(1.0962292 0.037381708 3.7752149e-10)
(1.0992175 0.031622217 3.2060383e-10)
(1.101654 0.026600114 2.6923555e-10)
(1.103649 0.022270059 2.235833e-10)
(1.1052948 0.018569398 1.8334154e-10)
(1.1066647 0.015428941 1.4815657e-10)
(1.1078153 0.012779515 1.1775098e-10)
(1.1087895 0.010555604 9.189659e-11)
(1.1096192 0.0086971465 7.0346318e-11)
(1.1103288 0.0071502305 5.2784164e-11)
(1.1109368 0.0058671812 3.8811635e-11)
(1.111458 0.0048063221 2.7964991e-11)
(1.1119042 0.0039315814 1.9748992e-11)
(1.1122853 0.0032120643 1.3673333e-11)
(1.1126095 0.0026215541 9.2841102e-12)
(1.1128844 0.0021379069 6.1844847e-12)
(1.1131165 0.0017424923 4.0432607e-12)
(1.1133118 0.0014197228 2.5953259e-12)
(1.1134753 0.0011566187 1.6362027e-12)
(1.1136117 0.00094241578 1.0134737e-12)
(1.1137249 0.00076821963 6.1691928e-13)
(1.1138185 0.00062670316 3.6912857e-13)
(1.1138955 0.00051184489 2.1710679e-13)
(1.1139586 0.00041870574 1.2550281e-13)
(1.11401 0.0003432406 7.1258956e-14)
(1.1140518 0.00028214067 3.9678403e-14)
(1.1140854 0.00023270247 2.1595434e-14)
(1.1141124 0.00019271941 1.1407793e-14)
(1.114134 0.00016039226 5.757529e-15)
(1.1141511 0.00013425555 2.6669365e-15)
(1.1141646 0.00011311697 9.9639615e-16)
(1.1141751 9.6007877e-05 9.6910198e-17)
(1.1141832 8.2142525e-05 -3.9091697e-16)
(1.1141895 7.0884604e-05 -6.6206093e-16)
(1.1141942 6.1719746e-05 -8.1865066e-16)
(1.1141977 5.4232933e-05 -9.1170041e-16)
(1.1142003 4.8090005e-05 -9.6900317e-16)
(1.1142022 4.302244e-05 -1.0014478e-15)
(1.1142035 3.8814994e-05 -1.0141294e-15)
(1.1142044 3.5295517e-05 -1.0134907e-15)
(1.114205 3.2326754e-05 -1.0019406e-15)
(1.1142054 2.9799593e-05 -9.7722373e-16)
(1.1142056 2.762767e-05 -9.4852383e-16)
(1.1142057 2.5742922e-05 -9.1830129e-16)
(1.1142057 2.4092169e-05 -8.930385e-16)
(1.1142057 2.2633728e-05 -8.8554168e-16)
(1.1142056 2.1335564e-05 -9.0860063e-16)
(1.1142056 2.0172855e-05 -9.6738053e-16)
(1.1142055 1.9126476e-05 -1.0624482e-15)
(1.1142055 1.818207e-05 -1.1874966e-15)
(1.1142055 1.732859e-05 -1.3314967e-15)
(1.1142055 1.6557386e-05 -1.4737101e-15)
(1.1142056 1.5862409e-05 -1.5977637e-15)
(1.1142057 1.5238367e-05 -1.6918423e-15)
(1.1142058 1.4681624e-05 -1.745986e-15)
(1.1142059 1.4190122e-05 -1.7686339e-15)
(1.1142061 1.3758057e-05 -1.7540464e-15)
(1.1142063 1.3390164e-05 -1.7196167e-15)
(1.1142065 1.3079043e-05 -1.6637582e-15)
(1.1142068 1.2826642e-05 -1.57929e-15)
(1.1142071 1.2635252e-05 -1.4760416e-15)
(1.1142074 1.2498447e-05 -1.3663571e-15)
(1.1142077 1.2417327e-05 -1.2488308e-15)
(1.1142081 1.2397091e-05 -1.1379237e-15)
(1.1142084 1.2441095e-05 -1.0405211e-15)
(1.1142088 1.2544479e-05 -9.7015492e-16)
(1.1142093 1.270819e-05 -9.3967395e-16)
(1.1142097 1.2938953e-05 -9.5238011e-16)
(1.1142102 1.323844e-05 -1.0075319e-15)
(1.1142106 1.3608153e-05 -1.0998248e-15)
(1.1142111 1.4050804e-05 -1.2218329e-15)
(1.1142116 1.4569431e-05 -1.3648472e-15)
(1.1142121 1.5167211e-05 -1.5222447e-15)
(1.1142126 1.5846917e-05 -1.6873377e-15)
(1.1142131 1.6610408e-05 -1.8545554e-15)
(1.1142135 1.7459786e-05 -2.01712e-15)
(1.114214 1.8399418e-05 -2.1696564e-15)
(1.1142144 1.9433989e-05 -2.3069296e-15)
(1.1142148 2.0562332e-05 -2.4259722e-15)
(1.1142152 2.1776374e-05 -2.5231918e-15)
(1.1142155 2.307055e-05 -2.5992492e-15)
(1.1142157 2.4450353e-05 -2.6558551e-15)
(1.1142158 2.5922509e-05 -2.6939642e-15)
(1.1142158 2.7471182e-05 -2.7189199e-15)
(1.1142156 2.9050215e-05 -2.7301988e-15)
(1.1142153 3.0608969e-05 -2.7311672e-15)
(1.1142149 3.213151e-05 -2.723758e-15)
(1.1142142 3.3647764e-05 -2.7100335e-15)
(1.1142132 3.5192534e-05 -2.6922588e-15)
(1.114212 3.6728376e-05 -2.6727739e-15)
(1.1142105 3.8089907e-05 -2.6526143e-15)
(1.1142088 3.901617e-05 -2.632553e-15)
(1.1142069 3.9293367e-05 -2.6126799e-15)
(1.1142047 3.8920187e-05 -2.5934415e-15)
(1.114202 3.8208841e-05 -2.5725404e-15)
(1.1141988 3.7733642e-05 -2.5499823e-15)
(1.1141949 3.8129715e-05 -2.5233943e-15)
(1.1141905 3.9746187e-05 -2.4905147e-15)
(1.114186 4.2161346e-05 -2.4516607e-15)
(1.114182 4.4243171e-05 -2.4033276e-15)
(1.1141795 4.5015895e-05 -2.3441561e-15)
(1.1141787 4.46526e-05 -2.3035466e-15)
(1.1141793 4.3393911e-05 -2.2808517e-15)
(1.1141817 3.9344761e-05 -2.2540148e-15)
(1.1141873 3.0352692e-05 -2.2260534e-15)
(1.1141945 1.8950012e-05 -2.2071655e-15)
(1.1142033 5.9157449e-06 -2.193717e-15)
(1.1142133 -8.2735672e-06 -2.1802516e-15)
(1.1142238 -2.333497e-05 -2.1608566e-15)
(1.1142346 -3.8996628e-05 -2.1327544e-15)
(1.114245 -5.4786338e-05 -2.0945022e-15)
(1.1142541 -6.9878351e-05 -2.0472141e-15)
(1.1142612 -8.3183091e-05 -1.9952314e-15)
(1.1142654 -9.3687759e-05 -1.9421714e-15)
(1.1142663 -0.00010081705 -1.8927439e-15)
(1.1142639 -0.00010453891 -1.8527707e-15)
(1.1142581 -0.00010513268 -1.8241938e-15)
(1.1142481 -0.0001027488 -1.8054676e-15)
(1.1142347 -9.7536085e-05 -1.7990063e-15)
(1.114218 -8.9666548e-05 -1.8053427e-15)
(1.1141987 -7.8821045e-05 -1.8227107e-15)
(1.1141776 -6.4308871e-05 -1.8483082e-15)
(1.1141564 -4.5897641e-05 -1.8743261e-15)
(1.1141367 -2.4544221e-05 -1.8954136e-15)
(1.1141204 -2.2309614e-06 -1.9027656e-15)
(1.1141086 1.8595987e-05 -1.8969732e-15)
(1.1141021 3.5598693e-05 -1.873375e-15)
(1.1141012 4.7157045e-05 -1.8452756e-15)
(1.1141055 5.2716648e-05 -1.8056604e-15)
(1.1141133 5.2155048e-05 -1.776489e-15)
(1.1141266 4.3431929e-05 -1.7403065e-15)
(1.1141433 2.8076773e-05 -1.7065485e-15)
(1.1141606 1.0460837e-05 -1.6681416e-15)
(1.1141774 -6.0545958e-06 -1.6380475e-15)
(1.1141923 -1.906484e-05 -1.610097e-15)
(1.1142045 -2.7314367e-05 -1.5899964e-15)
(1.1142137 -3.065553e-05 -1.5672427e-15)
(1.1142204 -2.9737733e-05 -1.5474874e-15)
(1.1142251 -2.5318233e-05 -1.5208416e-15)
(1.1142277 -1.9360827e-05 -1.4918666e-15)
(1.1142285 -1.2642043e-05 -1.4591197e-15)
(1.1142282 -6.8650431e-06 -1.4243561e-15)
(1.1142274 -1.5508096e-06 -1.3912707e-15)
(1.1142264 9.8723284e-07 -1.3639681e-15)
(1.1142257 5.1637016e-06 -1.3181428e-15)
(0.80019228 0.0080759098 -5.4502944e-13)
(0.80275018 0.024199936 1.221965e-12)
(0.80780243 0.040406297 -1.4319097e-12)
(0.81524062 0.056709573 2.8941513e-12)
(0.82525426 0.073275143 -4.0801586e-12)
(0.83799629 0.090041933 5.0432851e-12)
(0.85368966 0.10712854 -5.7894686e-12)
(0.87247131 0.12430359 5.1392723e-12)
(0.89451222 0.14156458 -5.4537817e-12)
(0.91995615 0.15850848 4.8592034e-12)
(0.94888159 0.17492238 -1.8882538e-12)
(0.98133186 0.19025633 2.3432015e-12)
(1.0172121 0.20404022 -2.9216595e-13)
(1.0562846 0.21562667 3.1816964e-12)
(1.0981807 0.22440089 3.0546774e-12)
(1.1422647 0.22975125 -2.2334495e-13)
(1.1877988 0.23118982 -2.1684977e-12)
(1.2338079 0.22839217 -1.4758087e-12)
(1.2792174 0.22130255 -7.2299939e-13)
(1.3229299 0.21017211 -3.4063358e-12)
(1.3639282 0.19555967 -6.4303543e-12)
(1.4014835 0.17828804 -7.7179995e-12)
(1.4352219 0.15924775 -6.6815753e-12)
(1.4651432 0.13921734 -4.4759352e-12)
(1.4914817 0.11872265 -1.5525716e-12)
(1.514542 0.098027658 2.7164459e-12)
(1.5345645 0.077213574 9.1865643e-12)
(1.5516753 0.056286127 1.7895819e-11)
(1.5658933 0.035226537 2.8108795e-11)
(1.5771821 0.014021622 3.8864479e-11)
(1.5854372 -0.0072825678 4.9439306e-11)
(1.5905418 -0.028642757 5.9353495e-11)
(1.5924247 -0.049927347 6.8083813e-11)
(1.5910138 -0.070950702 7.4891448e-11)
(1.5862403 -0.091472913 7.9109578e-11)
(1.57808 -0.11121402 8.0550573e-11)
(1.5665658 -0.12987372 7.935682e-11)
(1.5517876 -0.14713836 7.5280049e-11)
(1.5338886 -0.16268063 6.7501029e-11)
(1.5130585 -0.17617595 5.5936107e-11)
(1.4895318 -0.1873141 4.2605695e-11)
(1.4635788 -0.19581026 3.0675958e-11)
(1.4354815 -0.20144343 2.183241e-11)
(1.4055296 -0.20406299 1.5434823e-11)
(1.3740455 -0.20354462 9.9123311e-12)
(1.3413958 -0.19979804 4.2733015e-12)
(1.3079621 -0.19282694 -1.7518407e-12)
(1.2741178 -0.18275476 -7.1263621e-12)
(1.2402401 -0.16981326 -8.9915317e-12)
(1.2067196 -0.15433352 -3.9469134e-12)
(1.1739626 -0.13671658 8.9622524e-12)
(1.1423854 -0.11742868 2.4661077e-11)
(1.1123948 -0.096990719 3.282172e-11)
(1.0843687 -0.07594432 2.2313941e-11)
(1.0586342 -0.054815714 -1.406651e-11)
(1.0354824 -0.034095682 -7.3901641e-11)
(1.0151719 -0.01420092 -1.4576846e-10)
(0.99790747 0.0045500824 -2.157753e-10)
(0.98385236 0.021880412 -2.7079141e-10)
(0.97313498 0.037540474 -3.0179867e-10)
(0.96583678 0.051365303 -3.0753301e-10)
(0.96198183 0.063216023 -2.9075406e-10)
(0.96153266 0.072877072 -2.4874722e-10)
(0.96432831 0.080071715 -1.7495396e-10)
(0.9699904 0.084613883 -7.1599126e-11)
(0.97791519 0.086527629 4.4069284e-11)
(0.98742725 0.086022542 1.5051354e-10)
(0.99794295 0.083400515 2.3580962e-10)
(1.0088901 0.078977477 2.9535511e-10)
(1.0196385 0.073117431 3.2624024e-10)
(1.0296865 0.066365194 3.2976259e-10)
(1.0387609 0.059247762 3.1198949e-10)
(1.0467538 0.052161275 2.81093e-10)
(1.0536657 0.045383218 2.4457819e-10)
(1.0595667 0.039092283 2.0781379e-10)
(1.0645646 0.033386537 1.7383585e-10)
(1.0687799 0.028303827 1.4386917e-10)
(1.0723304 0.023840617 1.1804483e-10)
(1.0753224 0.019967095 9.5999272e-11)
(1.0778472 0.016638294 7.7251141e-11)
(1.079981 0.013801771 6.1373146e-11)
(1.0817865 0.011402679 4.8031626e-11)
(1.083315 0.0093869808 3.6962171e-11)
(1.0846089 0.0077034249 2.7931665e-11)
(1.0857034 0.0063046975 2.0710397e-11)
(1.0866279 0.0051480361 1.5061045e-11)
(1.0874076 0.0041954751 1.0741256e-11)
(1.0880635 0.003413831 7.5134157e-12)
(1.0886142 0.0027744582 5.1559196e-12)
(1.0890751 0.0022528523 3.4721352e-12)
(1.0894601 0.0018282583 2.2954323e-12)
(1.0897807 0.0014832772 1.4902701e-12)
(1.090047 0.0012034285 9.5051897e-13)
(1.0902677 0.00097672425 5.9576062e-13)
(1.09045 0.00079328221 3.670912e-13)
(1.0906004 0.00064499034 2.2233223e-13)
(1.0907242 0.00052521253 1.3244113e-13)
(1.0908257 0.00042853452 7.751331e-14)
(1.0909089 0.000350548 4.4603597e-14)
(1.0909769 0.00028766938 2.5166996e-14)
(1.0910323 0.00023698921 1.3860085e-14)
(1.0910774 0.00019614786 7.4045365e-15)
(1.091114 0.00016323333 3.777649e-15)
(1.0911436 0.00013669772 1.7699647e-15)
(1.0911676 0.00011528904 6.6884201e-16)
(1.091187 9.7995796e-05 5.8967353e-17)
(1.0912026 8.4001824e-05 -2.6330955e-16)
(1.0912152 7.2649548e-05 -4.5176902e-16)
(1.0912253 6.3409967e-05 -5.7011225e-16)
(1.0912335 5.585826e-05 -6.344426e-16)
(1.0912401 4.9653912e-05 -6.7506084e-16)
(1.0912454 4.452458e-05 -7.157634e-16)
(1.0912498 4.025289e-05 -7.489823e-16)
(1.0912533 3.6665821e-05 -7.5099154e-16)
(1.0912562 3.3625911e-05 -7.6100856e-16)
(1.0912586 3.1024367e-05 -7.6759276e-16)
(1.0912606 2.8775312e-05 -7.4718817e-16)
(1.0912623 2.6811298e-05 -7.3920327e-16)
(1.0912638 2.5079551e-05 -7.3376667e-16)
(1.0912651 2.3539268e-05 -7.2414413e-16)
(1.0912663 2.2158497e-05 -7.3286457e-16)
(1.0912673 2.091315e-05 -7.7716162e-16)
(1.0912683 1.9784518e-05 -8.5262655e-16)
(1.0912692 1.8758204e-05 -9.592466e-16)
(1.09127 1.7823597e-05 -1.0932078e-15)
(1.0912709 1.6972517e-05 -1.2442195e-15)
(1.0912716 1.6197964e-05 -1.3919537e-15)
(1.0912724 1.5496044e-05 -1.5103248e-15)
(1.0912732 1.4861836e-05 -1.5964657e-15)
(1.0912739 1.4292753e-05 -1.6372307e-15)
(1.0912746 1.3786942e-05 -1.6438921e-15)
(1.0912754 1.334043e-05 -1.6086944e-15)
(1.0912761 1.2954509e-05 -1.5500842e-15)
(1.0912768 1.262718e-05 -1.4655095e-15)
(1.0912776 1.235679e-05 -1.3635026e-15)
(1.0912783 1.2143515e-05 -1.2509863e-15)
(1.0912791 1.1987296e-05 -1.1368271e-15)
(1.0912798 1.1890875e-05 -1.0285586e-15)
(1.0912806 1.1854117e-05 -9.3365598e-16)
(1.0912814 1.1875611e-05 -8.6584794e-16)
(1.0912822 1.1957535e-05 -8.3318733e-16)
(1.0912831 1.2103198e-05 -8.4441014e-16)
(1.0912839 1.2315705e-05 -8.9412879e-16)
(1.0912848 1.2596979e-05 -9.8359076e-16)
(1.0912857 1.2949556e-05 -1.104648e-15)
(1.0912866 1.3376743e-05 -1.2480186e-15)
(1.0912875 1.3881956e-05 -1.4069346e-15)
(1.0912885 1.4468691e-05 -1.5720273e-15)
(1.0912895 1.514035e-05 -1.7446739e-15)
(1.0912905 1.5900133e-05 -1.9157423e-15)
(1.0912915 1.6751948e-05 -2.0777396e-15)
(1.0912925 1.7701508e-05 -2.2262445e-15)
(1.0912936 1.8753759e-05 -2.3570204e-15)
(1.0912946 1.9907848e-05 -2.4704612e-15)
(1.0912957 2.1158358e-05 -2.5527327e-15)
(1.0912967 2.2505179e-05 -2.6158792e-15)
(1.0912977 2.3958053e-05 -2.6590028e-15)
(1.0912986 2.5522123e-05 -2.6813414e-15)
(1.0912995 2.717678e-05 -2.696589e-15)
(1.0913003 2.8876796e-05 -2.6974889e-15)
(1.0913011 3.0582401e-05 -2.6878286e-15)
(1.0913017 3.2291636e-05 -2.6711413e-15)
(1.0913021 3.4036493e-05 -2.6526328e-15)
(1.0913024 3.5830919e-05 -2.6296013e-15)
(1.0913025 3.759917e-05 -2.6131469e-15)
(1.0913025 3.9148085e-05 -2.5942885e-15)
(1.0913023 4.0236467e-05 -2.5765616e-15)
(1.0913021 4.0720505e-05 -2.5548389e-15)
(1.0913017 4.0697044e-05 -2.5469056e-15)
(1.0913009 4.0506836e-05 -2.5216186e-15)
(1.0912995 4.0635057e-05 -2.5016232e-15)
(1.0912979 4.1465524e-05 -2.4761133e-15)
(1.0912964 4.2990735e-05 -2.4379768e-15)
(1.091296 4.4601735e-05 -2.3875866e-15)
(1.0912969 4.5379168e-05 -2.3412948e-15)
(1.0912991 4.5112621e-05 -2.3004418e-15)
(1.0913036 4.3176881e-05 -2.2584205e-15)
(1.0913111 3.8596404e-05 -2.2223712e-15)
(1.0913214 3.0756738e-05 -2.1923443e-15)
(1.0913339 1.994216e-05 -2.1707176e-15)
(1.0913475 7.2441555e-06 -2.1542032e-15)
(1.0913614 -6.6070726e-06 -2.1409094e-15)
(1.0913753 -2.1135532e-05 -2.1240797e-15)
(1.0913882 -3.5965928e-05 -2.0992663e-15)
(1.0913997 -5.0702792e-05 -2.0647625e-15)
(1.0914088 -6.4748549e-05 -2.0211801e-15)
(1.0914149 -7.723638e-05 -1.9688474e-15)
(1.0914173 -8.7225478e-05 -1.9125471e-15)
(1.0914157 -9.4031118e-05 -1.8577442e-15)
(1.09141 -9.7396706e-05 -1.8099538e-15)
(1.0914003 -9.7347094e-05 -1.7764774e-15)
(1.091387 -9.4045582e-05 -1.7509689e-15)
(1.0913704 -8.7957625e-05 -1.7396767e-15)
(1.0913512 -7.9636508e-05 -1.7414247e-15)
(1.0913298 -6.9289753e-05 -1.7567772e-15)
(1.0913071 -5.6768875e-05 -1.7841211e-15)
(1.0912841 -4.1846645e-05 -1.8164259e-15)
(1.0912623 -2.4717565e-05 -1.846778e-15)
(1.0912434 -6.3788241e-06 -1.8704605e-15)
(1.0912289 1.1480198e-05 -1.8794359e-15)
(1.0912198 2.6873499e-05 -1.8723561e-15)
(1.0912167 3.8084873e-05 -1.8499308e-15)
(1.0912192 4.4355868e-05 -1.8205784e-15)
(1.091226 4.5407515e-05 -1.7877051e-15)
(1.0912379 3.9821588e-05 -1.7521545e-15)
(1.0912534 2.7482745e-05 -1.7130559e-15)
(1.0912692 1.145803e-05 -1.6762814e-15)
(1.0912835 -5.0014432e-06 -1.6403975e-15)
(1.0912948 -1.9130501e-05 -1.6085051e-15)
(1.0913026 -2.8858983e-05 -1.5777035e-15)
(1.091307 -3.336563e-05 -1.5499855e-15)
(1.0913084 -3.3858198e-05 -1.5310364e-15)
(1.0913082 -3.23467e-05 -1.5195564e-15)
(1.0913065 -2.6565782e-05 -1.4914782e-15)
(1.0913039 -1.8870914e-05 -1.4558275e-15)
(1.0913016 -1.1517073e-05 -1.4206385e-15)
(1.0912996 -5.6543595e-06 -1.3839418e-15)
(1.091298 -5.4623099e-07 -1.3501383e-15)
(1.0912973 1.8119718e-06 -1.3200051e-15)
(1.0912958 5.7680855e-06 -1.2760533e-15)
(0.69666385 0.0068379236 -1.9156736e-13)
(0.69939807 0.020476851 4.3840963e-13)
(0.70475887 0.034121308 -3.8760806e-13)
(0.71265635 0.047791727 7.0732967e-13)
(0.72324857 0.061582303 -1.1588562e-12)
(0.73667644 0.075481204 1.3805678e-12)
(0.7530808 0.089516881 -1.3717468e-12)
(0.77254561 0.10355613 1.0656729e-12)
(0.79515959 0.11751257 -5.0757216e-13)
(0.82097624 0.13112669 1.3288749e-12)
(0.85000343 0.14415438 3.8973221e-13)
(0.88217999 0.15621113 5.0671611e-13)
(0.91735582 0.16689542 1.5503336e-13)
(0.9552522 0.17573905 7.1792686e-13)
(0.99548148 0.18228029 -2.2614146e-14)
(1.0374918 0.18608556 -1.7757741e-12)
(1.0806183 0.18681078 -2.9062313e-12)
(1.1240694 0.18423993 -3.3419203e-12)
(1.1669754 0.1783343 -3.619965e-12)
(1.2084636 0.16927008 -4.0955225e-12)
(1.247738 0.15743111 -3.9079131e-12)
(1.2841776 0.1433754 -2.5950263e-12)
(1.3174 0.12772395 -1.241048e-13)
(1.3472592 0.11105042 3.4414247e-12)
(1.3737936 0.093782191 8.2761488e-12)
(1.3971231 0.076191673 1.4579476e-11)
(1.4173675 0.058401102 2.2253932e-11)
(1.4345914 0.040479061 3.0754884e-11)
(1.4487907 0.022430217 3.9227391e-11)
(1.4599328 0.0043152765 4.6736493e-11)
(1.467972 -0.013883354 5.251363e-11)
(1.4727683 -0.032044646 5.6136917e-11)
(1.4742859 -0.05003258 5.7640878e-11)
(1.4724733 -0.067695806 5.7452775e-11)
(1.4672746 -0.084838798 5.6053507e-11)
(1.458657 -0.10122855 5.3465545e-11)
(1.446632 -0.11660551 4.9043472e-11)
(1.4312592 -0.13069019 4.2079222e-11)
(1.4126384 -0.14319649 3.2935613e-11)
(1.3909086 -0.15384046 2.3401455e-11)
(1.366248 -0.16235277 1.5486677e-11)
(1.3388716 -0.16849786 9.9124778e-12)
(1.3090451 -0.17207856 5.9711608e-12)
(1.2771037 -0.1729309 2.5498507e-12)
(1.2434521 -0.17093857 -1.0531661e-12)
(1.2085551 -0.16607094 -4.5444248e-12)
(1.1729347 -0.1584075 -6.2601535e-12)
(1.1371657 -0.14812733 -3.5471268e-12)
(1.1018647 -0.13548947 4.9826696e-12)
(1.0676541 -0.12082789 1.6995011e-11)
(1.0351268 -0.10453454 2.6052905e-11)
(1.0048105 -0.087050843 2.3806343e-11)
(0.97714726 -0.068849732 4.1249596e-12)
(0.95248172 -0.05040839 -3.3943289e-11)
(0.93105052 -0.032184391 -8.560988e-11)
(0.91301767 -0.014616372 -1.4111548e-10)
(0.89849041 0.0019647982 -1.8923513e-10)
(0.88748533 0.017294182 -2.2137577e-10)
(0.87997476 0.031135895 -2.3282876e-10)
(0.87589629 0.04331217 -2.2307224e-10)
(0.87513087 0.053708457 -1.955079e-10)
(0.87751287 0.062235177 -1.5472882e-10)
(0.88281892 0.0687775 -1.0346451e-10)
(0.89071014 0.073225518 -4.3885334e-11)
(0.90070556 0.075560792 1.8977103e-11)
(0.91223423 0.075893899 7.731747e-11)
(0.92471855 0.074429413 1.2427038e-10)
(0.93761765 0.071413806 1.5631209e-10)
(0.95042484 0.067116667 1.7268242e-10)
(0.96268845 0.061870391 1.746619e-10)
(0.97407219 0.056059183 1.6530876e-10)
(0.98438578 0.050032086 1.4866247e-10)
(0.99356132 0.044066269 1.2865235e-10)
(1.0016145 0.038363766 1.083099e-10)
(1.0086123 0.033058749 8.9503349e-11)
(1.0146487 0.02822921 7.3079578e-11)
(1.0198283 0.023909837 5.9189774e-11)
(1.0242546 0.020103814 4.7618922e-11)
(1.0280249 0.016792678 3.8026812e-11)
(1.0312269 0.013944042 3.0083076e-11)
(1.0339388 0.011517404 2.3518465e-11)
(1.0362291 0.0094683957 1.8126935e-11)
(1.038158 0.0077518341 1.3747587e-11)
(1.039778 0.0063238443 1.0244882e-11)
(1.0411348 0.0051432776 7.4951888e-12)
(1.0422682 0.0041725771 5.3809336e-12)
(1.0432126 0.0033782159 3.7903409e-12)
(1.0439975 0.0027308107 2.6199208e-12)
(1.0446486 0.0022049974 1.7774371e-12)
(1.0451875 0.0017791635 1.1839639e-12)
(1.0456327 0.0014351118 7.7461133e-13)
(1.046 0.0011576745 4.9795322e-13)
(1.0463026 0.00093430679 3.1464185e-13)
(1.0465514 0.00075470087 1.9546911e-13)
(1.0467559 0.00061043507 1.1942912e-13)
(1.0469236 0.00049465615 7.1759796e-14)
(1.0470612 0.00040180434 4.2404444e-14)
(1.0471739 0.00032738048 2.4623047e-14)
(1.0472662 0.00026775079 1.4035635e-14)
(1.0473417 0.00021998496 7.8300254e-15)
(1.0474035 0.00018172288 4.2463748e-15)
(1.0474541 0.00015106561 2.2077799e-15)
(1.0474955 0.00012648661 1.0646471e-15)
(1.0475293 0.0001067599 4.3153519e-16)
(1.0475571 9.0901882e-05 8.159039e-17)
(1.04758 7.8124379e-05 -1.1217401e-16)
(1.0475988 6.7796657e-05 -2.2350856e-16)
(1.0476143 5.9414779e-05 -2.9135698e-16)
(1.0476272 5.2576812e-05 -3.3680243e-16)
(1.0476379 4.6962829e-05 -3.7058485e-16)
(1.0476469 4.2318742e-05 -3.9762692e-16)
(1.0476545 3.8443297e-05 -4.2284975e-16)
(1.047661 3.5177483e-05 -4.4509357e-16)
(1.0476665 3.2396096e-05 -4.6244188e-16)
(1.0476713 3.0000733e-05 -4.7619685e-16)
(1.0476755 2.7914482e-05 -4.8505453e-16)
(1.0476792 2.6077364e-05 -4.8532373e-16)
(1.0476825 2.4442926e-05 -4.8607297e-16)
(1.0476854 2.2975306e-05 -4.8949608e-16)
(1.0476881 2.1647329e-05 -5.0244001e-16)
(1.0476906 2.0437783e-05 -5.3573304e-16)
(1.0476929 1.9331274e-05 -5.9801333e-16)
(1.047695 1.8315824e-05 -6.8912837e-16)
(1.047697 1.7382186e-05 -8.0429984e-16)
(1.0476989 1.6523907e-05 -9.3431434e-16)
(1.0477006 1.5735917e-05 -1.0675324e-15)
(1.0477023 1.5013517e-05 -1.1848166e-15)
(1.0477039 1.4354486e-05 -1.2741269e-15)
(1.0477055 1.3755779e-05 -1.3272773e-15)
(1.047707 1.321505e-05 -1.3406257e-15)
(1.0477085 1.2731424e-05 -1.3186355e-15)
(1.0477099 1.2302671e-05 -1.2668653e-15)
(1.0477113 1.1928625e-05 -1.1921227e-15)
(1.0477126 1.1608734e-05 -1.100589e-15)
(1.047714 1.1341835e-05 -1.0001623e-15)
(1.0477153 1.1129089e-05 -8.9863182e-16)
(1.0477166 1.0971032e-05 -8.035135e-16)
(1.0477179 1.0867623e-05 -7.233145e-16)
(1.0477192 1.0818836e-05 -6.6712261e-16)
(1.0477206 1.0826098e-05 -6.4323546e-16)
(1.0477219 1.0891765e-05 -6.5599919e-16)
(1.0477233 1.1018133e-05 -7.0718278e-16)
(1.0477247 1.1207732e-05 -7.925853e-16)
(1.0477261 1.1463031e-05 -9.0720338e-16)
(1.0477275 1.1787068e-05 -1.044129e-15)
(1.047729 1.2183353e-05 -1.196256e-15)
(1.0477306 1.2655457e-05 -1.3563762e-15)
(1.0477321 1.3207178e-05 -1.5196229e-15)
(1.0477338 1.3842626e-05 -1.6808424e-15)
(1.0477355 1.4566248e-05 -1.8356934e-15)
(1.0477372 1.5383214e-05 -1.9784774e-15)
(1.047739 1.6299568e-05 -2.1050667e-15)
(1.0477409 1.731987e-05 -2.2118364e-15)
(1.0477429 1.8444454e-05 -2.2976818e-15)
(1.0477449 1.967254e-05 -2.360998e-15)
(1.047747 2.1009455e-05 -2.4042447e-15)
(1.0477491 2.2464994e-05 -2.4302572e-15)
(1.0477513 2.4038251e-05 -2.4408414e-15)
(1.0477536 2.5706221e-05 -2.4417139e-15)
(1.0477559 2.7434527e-05 -2.4327386e-15)
(1.0477582 2.9202988e-05 -2.4179436e-15)
(1.0477606 3.1020001e-05 -2.3996074e-15)
(1.0477629 3.2901344e-05 -2.3799162e-15)
(1.0477651 3.4818977e-05 -2.3607473e-15)
(1.0477674 3.6655874e-05 -2.3434063e-15)
(1.0477698 3.82193e-05 -2.3276832e-15)
(1.0477723 3.9332778e-05 -2.3130588e-15)
(1.0477748 3.9950708e-05 -2.2985292e-15)
(1.0477771 4.0226658e-05 -2.2836003e-15)
(1.0477792 4.0443904e-05 -2.2653278e-15)
(1.0477812 4.084714e-05 -2.2436657e-15)
(1.0477835 4.1462516e-05 -2.2160137e-15)
(1.0477866 4.2021902e-05 -2.179698e-15)
(1.0477912 4.2115991e-05 -2.1375862e-15)
(1.0477977 4.1197243e-05 -2.0954034e-15)
(1.0478066 3.8455207e-05 -2.0554126e-15)
(1.0478179 3.335924e-05 -2.018989e-15)
(1.0478316 2.5904399e-05 -1.9890742e-15)
(1.047847 1.610286e-05 -1.9665342e-15)
(1.047863 4.320504e-06 -1.9507334e-15)
(1.0478785 -8.5436813e-06 -1.9384606e-15)
(1.0478928 -2.1830189e-05 -1.9250554e-15)
(1.0479051 -3.5065221e-05 -1.9061191e-15)
(1.0479147 -4.7844311e-05 -1.8778763e-15)
(1.0479212 -5.9751803e-05 -1.8403179e-15)
(1.0479238 -7.0223867e-05 -1.7947326e-15)
(1.0479221 -7.8569166e-05 -1.7445446e-15)
(1.047916 -8.414979e-05 -1.6954825e-15)
(1.0479056 -8.6577188e-05 -1.6514516e-15)
(1.0478913 -8.5778247e-05 -1.6160376e-15)
(1.0478738 -8.194732e-05 -1.5919129e-15)
(1.0478536 -7.5510626e-05 -1.5789674e-15)
(1.0478317 -6.7044942e-05 -1.5784e-15)
(1.0478087 -5.7037852e-05 -1.5897807e-15)
(1.0477854 -4.5724373e-05 -1.6119015e-15)
(1.0477625 -3.3155643e-05 -1.6411707e-15)
(1.0477411 -1.9438308e-05 -1.6734543e-15)
(1.0477224 -5.0455031e-06 -1.7008531e-15)
(1.0477078 9.0572847e-06 -1.7192507e-15)
(1.0476983 2.1526039e-05 -1.7214634e-15)
(1.0476946 3.101513e-05 -1.7105865e-15)
(1.0476966 3.6599144e-05 -1.6845989e-15)
(1.0477027 3.7837305e-05 -1.6610027e-15)
(1.047714 3.3931731e-05 -1.6199727e-15)
(1.0477281 2.4821771e-05 -1.5848214e-15)
(1.0477425 1.203326e-05 -1.5481189e-15)
(1.047755 -2.0820424e-06 -1.5185174e-15)
(1.0477639 -1.5149021e-05 -1.4854364e-15)
(1.0477685 -2.5238004e-05 -1.4596112e-15)
(1.0477689 -3.1293422e-05 -1.4333215e-15)
(1.0477664 -3.3255394e-05 -1.4143504e-15)
(1.0477622 -3.1869529e-05 -1.3923953e-15)
(1.047756 -2.7518909e-05 -1.3703271e-15)
(1.04775 -2.119992e-05 -1.3423745e-15)
(1.0477446 -1.4592945e-05 -1.3141045e-15)
(1.0477409 -8.3377353e-06 -1.281072e-15)
(1.0477381 -3.4953007e-06 -1.2495789e-15)
(1.0477365 8.2112079e-07 -1.2201904e-15)
(1.0477356 2.9101694e-06 -1.1930791e-15)
(1.0477336 6.8741376e-06 -1.1593149e-15)
(0.5859889 0.0055303459 -5.225686e-14)
(0.58885909 0.016534842 1.397865e-13)
(0.59444984 0.027482064 -1.3598389e-13)
(0.60268755 0.038390794 1.2947675e-13)
(0.61372194 0.049325436 -2.1344645e-13)
(0.6276732 0.060296469 3.7959396e-13)
(0.64461952 0.07130259 -2.4139472e-13)
(0.66459591 0.082260905 2.8686252e-13)
(0.68762666 0.093076381 2.375269e-13)
(0.71370132 0.10356746 3.4471645e-13)
(0.74276417 0.11352156 1.1916473e-14)
(0.77469296 0.12265486 -2.959483e-13)
(0.80928957 0.13065177 -4.1722433e-13)
(0.84625692 0.13716673 -4.2887838e-13)
(0.88520308 0.14185797 -9.3805091e-13)
(0.92562589 0.14441284 -1.7319674e-12)
(0.96693024 0.14458463 -2.1674653e-12)
(1.0084399 0.14222409 -2.0370405e-12)
(1.0494296 0.13730878 -1.3308237e-12)
(1.0891779 0.12996518 -1.1629562e-13)
(1.1270237 0.12046222 1.6058594e-12)
(1.1624227 0.10918124 3.8019553e-12)
(1.1949875 0.096555003 6.5366764e-12)
(1.2244934 0.082996107 1.0000873e-11)
(1.2508495 0.068845687 1.4370174e-11)
(1.2740475 0.054338376 1.9581858e-11)
(1.2940987 0.039623616 2.5211291e-11)
(1.3110028 0.024788322 3.0539309e-11)
(1.3247303 0.0098717049 3.478576e-11)
(1.3351767 -0.0050642885 3.7413492e-11)
(1.342281 -0.020022313 3.8353961e-11)
(1.3459953 -0.034866832 3.7987891e-11)
(1.3462242 -0.049463756 3.6863352e-11)
(1.3428869 -0.063673156 3.5263618e-11)
(1.3359132 -0.077327082 3.2943126e-11)
(1.3252535 -0.090223236 2.9332891e-11)
(1.3108965 -0.10213169 2.417976e-11)
(1.2928761 -0.11280929 1.8071015e-11)
(1.2712741 -0.12201151 1.221537e-11)
(1.246227 -0.12950172 7.5944861e-12)
(1.2179365 -0.13506514 4.3548598e-12)
(1.1866888 -0.13851702 1.969824e-12)
(1.1528733 -0.13971019 -1.6906262e-13)
(1.116987 -0.13855796 -2.1315121e-12)
(1.0796288 -0.13505682 -2.9935414e-12)
(1.0414964 -0.12928921 -1.0498047e-12)
(1.0033697 -0.12141198 4.7282092e-12)
(0.96606821 -0.11164057 1.2922476e-11)
(0.93039116 -0.10023527 1.920303e-11)
(0.89705675 -0.087491549 1.8105753e-11)
(0.86666341 -0.073725399 5.6886683e-12)
(0.83966772 -0.059268746 -1.8680005e-11)
(0.81638098 -0.044462898 -5.1985659e-11)
(0.79697674 -0.029647343 -8.8727902e-11)
(0.7814815 -0.01516787 -1.2251354e-10)
(0.76986787 -0.0013928543 -1.4740808e-10)
(0.76209766 0.011460255 -1.5947128e-10)
(0.75797209 0.023162734 -1.575599e-10)
(0.75726224 0.033527422 -1.4287205e-10)
(0.75972966 0.042423611 -1.1823497e-10)
(0.76509536 0.049774116 -8.7353101e-11)
(0.7730512 0.055534026 -5.3692306e-11)
(0.7832489 0.059665588 -1.9774374e-11)
(0.79527159 0.062157152 1.2361666e-11)
(0.80863907 0.063061347 4.0511056e-11)
(0.82285076 0.062501028 6.2555625e-11)
(0.83742847 0.060647688 7.7201996e-11)
(0.85193729 0.05770341 8.4291946e-11)
(0.86599245 0.053894162 8.4635569e-11)
(0.87927423 0.049469121 7.9731596e-11)
(0.89155347 0.044687158 7.142615e-11)
(0.90270151 0.039786289 6.151805e-11)
(0.91267424 0.034962109 5.1442141e-11)
(0.92148819 0.03036147 4.2128555e-11)
(0.92919984 0.026085174 3.4030865e-11)
(0.93588958 0.022194326 2.7252134e-11)
(0.94164989 0.018717864 2.1692589e-11)
(0.94657726 0.015660043 1.7170098e-11)
(0.95076701 0.013007231 1.349591e-11)
(0.95431003 0.01073368 1.050977e-11)
(0.95729105 0.0088062137 8.0876265e-12)
(0.95978761 0.0071878998 6.1356211e-12)
(0.96186963 0.0058408115 4.5802437e-12)
(0.96359938 0.0047280161 3.3599741e-12)
(0.96503167 0.0038149098 2.4201884e-12)
(0.96621418 0.0030700248 1.7110403e-12)
(0.96718804 0.0024654255 1.1872408e-12)
(0.96798839 0.0019767983 8.0862984e-13)
(0.96864501 0.0015833281 5.4077896e-13)
(0.96918298 0.0012674384 3.552286e-13)
(0.96962327 0.0010144627 2.2929251e-13)
(0.96998332 0.00081228475 1.4548882e-13)
(0.9702776 0.00065097575 9.0778602e-14)
(0.97051803 0.00052245271 5.5711475e-14)
(0.97071446 0.00042016963 3.3633991e-14)
(0.97087495 0.00033884644 1.9970329e-14)
(0.97100613 0.0002742374 1.1655416e-14)
(0.97111342 0.00022293697 6.6760327e-15)
(0.97120126 0.00018221893 3.7410076e-15)
(0.97127326 0.00014990422 2.0369205e-15)
(0.97133238 0.00012425344 1.0609156e-15)
(0.97138104 0.00010387973 5.0875564e-16)
(0.97142119 8.7678555e-05 1.9918029e-16)
(0.97145445 7.4771293e-05 2.5704203e-17)
(0.97148209 6.4460027e-05 -7.339965e-17)
(0.97150518 5.6191239e-05 -1.3266803e-16)
(0.97152458 4.9526713e-05 -1.717377e-16)
(0.97154097 4.4120267e-05 -2.0072098e-16)
(0.97155492 3.9699074e-05 -2.2515815e-16)
(0.97156689 3.6048746e-05 -2.4793125e-16)
(0.97157723 3.3001342e-05 -2.7035711e-16)
(0.97158624 3.0425831e-05 -2.9286341e-16)
(0.97159416 2.8220343e-05 -3.1441601e-16)
(0.97160118 2.630609e-05 -3.3352212e-16)
(0.97160745 2.4622291e-05 -3.4918454e-16)
(0.97161311 2.312247e-05 -3.6082755e-16)
(0.97161824 2.1771199e-05 -3.6978015e-16)
(0.97162293 2.0541746e-05 -3.8058453e-16)
(0.97162724 1.9414106e-05 -3.982439e-16)
(0.97163123 1.8373623e-05 -4.2894783e-16)
(0.97163494 1.7409148e-05 -4.7801597e-16)
(0.97163841 1.6513032e-05 -5.4794839e-16)
(0.97164166 1.5679497e-05 -6.3594902e-16)
(0.97164471 1.4904049e-05 -7.3468394e-16)
(0.9716476 1.4183888e-05 -8.3399319e-16)
(0.97165034 1.3516862e-05 -9.2322128e-16)
(0.97165294 1.290066e-05 -9.9095611e-16)
(0.97165543 1.2334424e-05 -1.0308637e-15)
(0.97165781 1.1816861e-05 -1.0406114e-15)
(0.97166009 1.1346581e-05 -1.0215395e-15)
(0.9716623 1.0923334e-05 -9.7854946e-16)
(0.97166443 1.0546173e-05 -9.176637e-16)
(0.9716665 1.0215086e-05 -8.4518702e-16)
(0.97166853 9.9302033e-06 -7.6765305e-16)
(0.97167051 9.6912413e-06 -6.917998e-16)
(0.97167245 9.4985399e-06 -6.2432519e-16)
(0.97167438 9.3523866e-06 -5.7176295e-16)
(0.97167629 9.2533486e-06 -5.4061934e-16)
(0.9716782 9.2024389e-06 -5.3631034e-16)
(0.97168011 9.2009856e-06 -5.6198109e-16)
(0.97168203 9.2506835e-06 -6.1765788e-16)
(0.97168398 9.3536114e-06 -7.0081656e-16)
(0.97168595 9.5121098e-06 -8.0645057e-16)
(0.97168798 9.7287252e-06 -9.2879833e-16)
(0.97169005 1.0006503e-05 -1.0620616e-15)
(0.97169219 1.034875e-05 -1.2008538e-15)
(0.9716944 1.0758949e-05 -1.340287e-15)
(0.97169669 1.1241034e-05 -1.4763271e-15)
(0.97169909 1.1799473e-05 -1.6050521e-15)
(0.97170159 1.243919e-05 -1.7230495e-15)
(0.97170421 1.3165463e-05 -1.8269698e-15)
(0.97170697 1.3983692e-05 -1.9143222e-15)
(0.97170987 1.4898062e-05 -1.9835577e-15)
(0.97171293 1.5911017e-05 -2.0347033e-15)
(0.97171615 1.7026228e-05 -2.0687025e-15)
(0.97171955 1.8250876e-05 -2.0878633e-15)
(0.97172314 1.9590244e-05 -2.0947957e-15)
(0.97172693 2.1038509e-05 -2.0920939e-15)
(0.97173094 2.2578592e-05 -2.0826215e-15)
(0.97173516 2.4194234e-05 -2.0682145e-15)
(0.97173958 2.5881098e-05 -2.0511877e-15)
(0.97174418 2.7641621e-05 -2.0333006e-15)
(0.97174897 2.9458836e-05 -2.0158458e-15)
(0.97175399 3.1265055e-05 -1.9998039e-15)
(0.97175928 3.2934152e-05 -1.9853482e-15)
(0.97176486 3.4321173e-05 -1.9719853e-15)
(0.97177068 3.5334378e-05 -1.9589168e-15)
(0.97177663 3.5985562e-05 -1.9449847e-15)
(0.97178263 3.6375808e-05 -1.9292232e-15)
(0.97178874 3.6603837e-05 -1.910334e-15)
(0.9717952 3.6663163e-05 -1.8873322e-15)
(0.97180243 3.6392562e-05 -1.8594531e-15)
(0.97181088 3.5501137e-05 -1.8271628e-15)
(0.97182091 3.3617876e-05 -1.7928257e-15)
(0.97183272 3.0289388e-05 -1.7594111e-15)
(0.97184618 2.5140581e-05 -1.7291409e-15)
(0.97186085 1.8099307e-05 -1.7036458e-15)
(0.97187595 9.378528e-06 -1.6839035e-15)
(0.9718906 -6.6716862e-07 -1.6693835e-15)
(0.97190373 -1.1507609e-05 -1.6578531e-15)
(0.9719144 -2.255518e-05 -1.6458908e-15)
(0.97192203 -3.329922e-05 -1.6298396e-15)
(0.9719262 -4.3353484e-05 -1.6072054e-15)
(0.9719266 -5.2408974e-05 -1.5770973e-15)
(0.97192295 -6.0122003e-05 -1.5409194e-15)
(0.97191511 -6.6071071e-05 -1.5015031e-15)
(0.97190315 -6.9818176e-05 -1.462513e-15)
(0.97188741 -7.1036865e-05 -1.4277436e-15)
(0.97186852 -6.9624635e-05 -1.3999166e-15)
(0.97184727 -6.5729498e-05 -1.3806765e-15)
(0.97182457 -5.9698229e-05 -1.3708236e-15)
(0.97180134 -5.1989488e-05 -1.3702139e-15)
(0.97177839 -4.3075298e-05 -1.3786318e-15)
(0.97175638 -3.33265e-05 -1.3946188e-15)
(0.97173591 -2.2982971e-05 -1.4162978e-15)
(0.97171762 -1.2266004e-05 -1.4396007e-15)
(0.9717023 -1.4416004e-06 -1.4609447e-15)
(0.9716908 8.923614e-06 -1.4744315e-15)
(0.97168385 1.8022844e-05 -1.4787056e-15)
(0.97168191 2.4971988e-05 -1.4688935e-15)
(0.97168472 2.9018164e-05 -1.4521314e-15)
(0.97169172 2.9765822e-05 -1.4235455e-15)
(0.9717022 2.6816502e-05 -1.3976926e-15)
(0.97171452 2.0233208e-05 -1.3591348e-15)
(0.97172676 1.09513e-05 -1.3296977e-15)
(0.97173693 3.1637637e-07 -1.2995e-15)
(0.97174349 -1.0035594e-05 -1.2780978e-15)
(0.97174576 -1.8625797e-05 -1.2507828e-15)
(0.9717439 -2.4364708e-05 -1.2310072e-15)
(0.97173881 -2.6989906e-05 -1.2099127e-15)
(0.97173158 -2.6627381e-05 -1.193144e-15)
(0.97172352 -2.4000372e-05 -1.1694357e-15)
(0.97171531 -1.9810468e-05 -1.1477071e-15)
(0.97170843 -1.4816822e-05 -1.1227876e-15)
(0.97170274 -9.6428661e-06 -1.0988733e-15)
(0.9716993 -5.0161695e-06 -1.0714129e-15)
(0.97169657 -1.3043036e-06 -1.0474437e-15)
(0.97169541 2.1700812e-06 -1.0240175e-15)
(0.97169438 4.036597e-06 -1.0049719e-15)
(0.97169302 8.2156243e-06 -9.8104387e-16)
(0.46816477 0.0041803101 -1.0784241e-14)
(0.47113267 0.012439631 3.0448841e-14)
(0.47687607 0.020584292 -4.5693295e-14)
(0.48533464 0.028633871 4.826099e-14)
(0.49666136 0.036647739 -9.2376423e-17)
(0.51094912 0.044651655 8.7208222e-14)
(0.52822513 0.052644375 -2.7897927e-14)
(0.54848339 0.060577855 8.3841709e-14)
(0.57170261 0.068377823 6.976048e-14)
(0.59782821 0.075917139 -8.4625049e-14)
(0.62675982 0.083031125 -2.4290998e-13)
(0.65833711 0.089510941 -3.1281815e-13)
(0.69233125 0.095120074 -2.6862093e-13)
(0.72843311 0.099605554 -2.6934045e-13)
(0.76625196 0.10271862 -4.1858166e-13)
(0.80531338 0.10423566 -4.9181428e-13)
(0.84507028 0.10398243 -1.7825516e-13)
(0.88491864 0.10185618 6.1184399e-13)
(0.92421991 0.097844128 1.7816508e-12)
(0.9623414 0.092036628 3.1622444e-12)
(0.99869135 0.084618327 4.6597029e-12)
(1.0327623 0.075853063 6.3241995e-12)
(1.0641497 0.066036847 8.3205912e-12)
(1.0925712 0.055469522 1.0783882e-11)
(1.1178395 0.044403045 1.3659577e-11)
(1.1398464 0.033033225 1.6642543e-11)
(1.1585078 0.021519053 1.926368e-11)
(1.1737504 0.0099527307 2.1092551e-11)
(1.1854589 -0.0016233341 2.192959e-11)
(1.193529 -0.013188994 2.1888172e-11)
(1.1978877 -0.024618267 2.1281689e-11)
(1.198461 -0.035827734 2.0380105e-11)
(1.1951439 -0.046707689 1.9198063e-11)
(1.187845 -0.057129363 1.7492176e-11)
(1.1765018 -0.066943436 1.5012665e-11)
(1.1610903 -0.075975899 1.1824909e-11)
(1.1416382 -0.084036128 8.3971087e-12)
(1.1182391 -0.090930629 5.3327479e-12)
(1.0910641 -0.096475845 2.9862534e-12)
(1.0603768 -0.1005101 1.3173764e-12)
(1.0265509 -0.10290468 9.4567157e-14)
(0.99008225 -0.1035768 -6.9584694e-13)
(0.95159081 -0.1025076 -5.2014444e-13)
(0.91181416 -0.099752947 1.5100375e-12)
(0.8715889 -0.095435461 5.6927444e-12)
(0.83181131 -0.089722043 1.0691184e-11)
(0.7933785 -0.082800906 1.3530436e-11)
(0.75712434 -0.07486081 1.0982581e-11)
(0.72376649 -0.066074833 1.2804385e-12)
(0.69387365 -0.056598691 -1.5016136e-11)
(0.66785763 -0.046583341 -3.542425e-11)
(0.64598079 -0.036192705 -5.6570075e-11)
(0.62837544 -0.025613347 -7.514905e-11)
(0.61504592 -0.015067153 -8.8583068e-11)
(0.60581498 -0.0047936355 -9.5247065e-11)
(0.60055372 0.0050235792 -9.4543804e-11)
(0.59913941 0.014166169 -8.7009082e-11)
(0.60117615 0.022403528 -7.4044652e-11)
(0.60632384 0.029595026 -5.7491685e-11)
(0.61423408 0.035646198 -3.9281813e-11)
(0.62453187 0.040504649 -2.1175784e-11)
(0.63682866 0.044149925 -4.5145551e-12)
(0.65071827 0.046579977 9.8523886e-12)
(0.66577122 0.047819978 2.1408887e-11)
(0.6815473 0.047936659 2.9828722e-11)
(0.6976206 0.047036689 3.4995802e-11)
(0.71359977 0.045254951 3.7076832e-11)
(0.72913831 0.042744842 3.6518825e-11)
(0.74394146 0.039672606 3.39705e-11)
(0.75777619 0.036214442 3.016694e-11)
(0.7704812 0.032547789 2.5804154e-11)
(0.78196796 0.028834721 2.1437278e-11)
(0.79221094 0.02520947 1.7431303e-11)
(0.80123375 0.02177397 1.3967653e-11)
(0.80909534 0.018598552 1.1087635e-11)
(0.81587813 0.015725371 8.7475592e-12)
(0.82167834 0.013173166 6.8665722e-12)
(0.82659841 0.0109424 5.3587585e-12)
(0.83074148 0.0090201952 4.1494129e-12)
(0.83420726 0.0073847035 3.1797914e-12)
(0.83708934 0.0060087437 2.4054882e-12)
(0.83947348 0.0048626736 1.7925437e-12)
(0.84143668 0.003916538 1.3137092e-12)
(0.84304688 0.0031415768 9.4586293e-13)
(0.84436318 0.0025111965 6.6865018e-13)
(0.84543628 0.0020015142 4.6399853e-13)
(0.8463092 0.0015915789 3.1608646e-13)
(0.8470181 0.0012633618 2.1143256e-13)
(0.8475931 0.0010015946 1.3892149e-13)
(0.84805913 0.00079351746 8.9696155e-14)
(0.84843669 0.00062858782 5.6932992e-14)
(0.84874256 0.00049817733 3.5537588e-14)
(0.84899044 0.00039527932 2.1820245e-14)
(0.84919146 0.00031423997 1.3178765e-14)
(0.84935463 0.00025052052 7.8274518e-15)
(0.84948727 0.00020049223 4.5667558e-15)
(0.84959529 0.0001612634 2.6112628e-15)
(0.84968348 0.00013053574 1.4554012e-15)
(0.84975567 0.00010648666 7.8142659e-16)
(0.84981499 8.7673502e-05 3.9276171e-16)
(0.84986392 7.29563e-05 1.6987494e-16)
(0.84990449 6.1435794e-05 4.1602518e-17)
(0.84993833 5.2403821e-05 -3.4055449e-17)
(0.84996672 4.5303804e-05 -8.1283753e-17)
(0.84999072 3.9699278e-05 -1.1391754e-16)
(0.85001117 3.5248836e-05 -1.393377e-16)
(0.85002874 3.1686189e-05 -1.6177641e-16)
(0.85004396 2.8804356e-05 -1.8318366e-16)
(0.85005728 2.6443091e-05 -2.0459997e-16)
(0.85006902 2.4478953e-05 -2.2622417e-16)
(0.85007948 2.281737e-05 -2.4780802e-16)
(0.85008886 2.1386388e-05 -2.6866494e-16)
(0.85009734 2.0131628e-05 -2.8776742e-16)
(0.85010507 1.9012375e-05 -3.0442248e-16)
(0.85011215 1.7998354e-05 -3.1868335e-16)
(0.85011868 1.7067415e-05 -3.3179987e-16)
(0.85012473 1.6203516e-05 -3.4629463e-16)
(0.85013035 1.5395307e-05 -3.6566516e-16)
(0.85013561 1.4634966e-05 -3.9321415e-16)
(0.85014053 1.3917294e-05 -4.3150574e-16)
(0.85014515 1.3238691e-05 -4.8078334e-16)
(0.85014951 1.259718e-05 -5.388653e-16)
(0.85015362 1.19915e-05 -6.0098077e-16)
(0.85015751 1.1420711e-05 -6.6033537e-16)
(0.8501612 1.0884693e-05 -7.1023275e-16)
(0.8501647 1.0383375e-05 -7.4521369e-16)
(0.85016804 9.9163469e-06 -7.6157111e-16)
(0.85017123 9.4838443e-06 -7.5869766e-16)
(0.85017428 9.0857504e-06 -7.3847004e-16)
(0.85017721 8.7217591e-06 -7.0445339e-16)
(0.85018002 8.3921838e-06 -6.6133394e-16)
(0.85018275 8.0970038e-06 -6.140675e-16)
(0.85018539 7.8363353e-06 -5.6746374e-16)
(0.85018795 7.6103611e-06 -5.2627701e-16)
(0.85019046 7.4191453e-06 -4.9510426e-16)
(0.85019292 7.2631237e-06 -4.7813829e-16)
(0.85019535 7.1429531e-06 -4.7884774e-16)
(0.85019776 7.0592965e-06 -4.9962786e-16)
(0.85020015 7.0129065e-06 -5.4125962e-16)
(0.85020254 7.0048114e-06 -6.0267773e-16)
(0.85020495 7.0364273e-06 -6.8116103e-16)
(0.85020739 7.1094677e-06 -7.7290309e-16)
(0.85020987 7.2258523e-06 -8.7354992e-16)
(0.85021241 7.3877601e-06 -9.7886904e-16)
(0.85021502 7.5977002e-06 -1.0850621e-15)
(0.85021772 7.8583916e-06 -1.1888058e-15)
(0.85022052 8.172876e-06 -1.2872435e-15)
(0.85022344 8.544658e-06 -1.3779263e-15)
(0.8502265 8.9776591e-06 -1.4587043e-15)
(0.85022973 9.4760573e-06 -1.5278607e-15)
(0.85023313 1.0044144e-05 -1.5841895e-15)
(0.85023674 1.0686277e-05 -1.6271624e-15)
(0.85024058 1.1406417e-05 -1.6571301e-15)
(0.85024466 1.2208268e-05 -1.6751994e-15)
(0.85024902 1.3096315e-05 -1.6830802e-15)
(0.85025368 1.4075162e-05 -1.6827894e-15)
(0.85025866 1.5146236e-05 -1.676254e-15)
(0.850264 1.6306004e-05 -1.6652872e-15)
(0.85026971 1.7548722e-05 -1.6515666e-15)
(0.85027581 1.8870091e-05 -1.6363938e-15)
(0.8502823 2.0265327e-05 -1.6210067e-15)
(0.85028921 2.1719035e-05 -1.606186e-15)
(0.85029655 2.3191689e-05 -1.5923715e-15)
(0.85030435 2.4612271e-05 -1.5795932e-15)
(0.85031262 2.588847e-05 -1.5674551e-15)
(0.85032132 2.6934447e-05 -1.5552669e-15)
(0.85033037 2.7696651e-05 -1.5423841e-15)
(0.85033971 2.815436e-05 -1.5280529e-15)
(0.85034933 2.8289695e-05 -1.5116999e-15)
(0.85035931 2.8044146e-05 -1.4929022e-15)
(0.85036982 2.7295317e-05 -1.4716153e-15)
(0.85038101 2.5867388e-05 -1.448303e-15)
(0.85039291 2.3567529e-05 -1.4241772e-15)
(0.85040542 2.0223603e-05 -1.4008608e-15)
(0.85041822 1.5715398e-05 -1.3798868e-15)
(0.85043075 1.0027588e-05 -1.3621588e-15)
(0.85044227 3.315459e-06 -1.3478299e-15)
(0.85045196 -4.1781964e-06 -1.3362333e-15)
(0.8504591 -1.2019537e-05 -1.3258403e-15)
(0.85046309 -1.9868947e-05 -1.3145332e-15)
(0.85046354 -2.7358056e-05 -1.3002606e-15)
(0.85046029 -3.4189972e-05 -1.2817288e-15)
(0.85045333 -4.0147159e-05 -1.2588587e-15)
(0.85044276 -4.5025665e-05 -1.2327817e-15)
(0.85042876 -4.8599297e-05 -1.2055696e-15)
(0.85041167 -5.0633485e-05 -1.1796267e-15)
(0.85039201 -5.0941686e-05 -1.1571653e-15)
(0.8503705 -4.945329e-05 -1.1397833e-15)
(0.85034798 -4.6253274e-05 -1.1283773e-15)
(0.85032537 -4.1565211e-05 -1.1231009e-15)
(0.8503035 -3.5696983e-05 -1.1236865e-15)
(0.85028312 -2.8980581e-05 -1.1293718e-15)
(0.85026478 -2.1725649e-05 -1.1391341e-15)
(0.85024892 -1.4188938e-05 -1.1510748e-15)
(0.85023585 -6.5924053e-06 -1.163145e-15)
(0.85022599 8.5318836e-07 -1.1722712e-15)
(0.85021972 7.7989033e-06 -1.1765924e-15)
(0.85021724 1.3749926e-05 -1.1732738e-15)
(0.85021859 1.8200802e-05 -1.1634481e-15)
(0.85022346 2.0723302e-05 -1.1451953e-15)
(0.85023118 2.1033719e-05 -1.1250428e-15)
(0.85024077 1.9016626e-05 -1.0977083e-15)
(0.85025099 1.4812183e-05 -1.0775057e-15)
(0.85026041 8.8865916e-06 -1.0469551e-15)
(0.85026767 1.9887883e-06 -1.0265878e-15)
(0.85027167 -4.9985749e-06 -1.0049801e-15)
(0.85027197 -1.1118005e-05 -9.9104503e-16)
(0.85026876 -1.5641325e-05 -9.6881054e-16)
(0.85026273 -1.8179877e-05 -9.5369607e-16)
(0.85025491 -1.8778867e-05 -9.3607466e-16)
(0.85024635 -1.7656324e-05 -9.2163818e-16)
(0.8502381 -1.5357486e-05 -9.0013941e-16)
(0.85023071 -1.2214552e-05 -8.8177072e-16)
(0.85022494 -8.8171885e-06 -8.6211594e-16)
(0.85022051 -5.3446771e-06 -8.44617e-16)
(0.85021801 -2.3419837e-06 -8.2517368e-16)
(0.8502161 4.8999611e-07 -8.0890085e-16)
(0.85021595 2.9100684e-06 -7.9408516e-16)
(0.85021516 5.0455633e-06 -7.8208485e-16)
(0.85021648 8.7220694e-06 -7.6564116e-16)
(0.34319912 0.0028154869 -2.5219909e-15)
(0.34619734 0.0082501762 5.629378e-15)
(0.35195226 0.013513868 -5.7322853e-15)
(0.36037533 0.018628282 2.177186e-14)
(0.37162305 0.023669435 2.3017084e-15)
(0.38575302 0.028678908 6.7841896e-15)
(0.40275177 0.03366927 -6.7672189e-15)
(0.42258885 0.038624035 1.4161049e-16)
(0.44522292 0.043498647 -2.608819e-14)
(0.47058137 0.048210522 -7.2184652e-14)
(0.49854619 0.052645155 -5.3193794e-14)
(0.52894223 0.056658676 1.9820064e-14)
(0.56152804 0.060087266 1.1378005e-13)
(0.59598807 0.062757303 2.0108639e-13)
(0.63193128 0.064499194 3.3585466e-13)
(0.66889302 0.065162303 6.3370272e-13)
(0.70634265 0.064630851 1.1545612e-12)
(0.74370218 0.06283772 1.8474562e-12)
(0.78036328 0.05977647 2.6172816e-12)
(0.81572492 0.055509867 3.4109816e-12)
(0.84920971 0.050162126 4.2570551e-12)
(0.88031374 0.043915075 5.2357442e-12)
(0.90859523 0.036968007 6.3944101e-12)
(0.93372905 0.029538514 7.6768245e-12)
(0.95545284 0.021786067 8.915509e-12)
(0.97360665 0.013853976 9.8991978e-12)
(0.98805016 0.0059400748 1.0475942e-11)
(0.99866292 -0.0019512112 1.0623978e-11)
(1.0052786 -0.0097953943 1.043662e-11)
(1.0078519 -0.017483783 1.0039603e-11)
(1.0063488 -0.024905179 9.4887855e-12)
(1.0007077 -0.031996009 8.7287526e-12)
(0.99088072 -0.038682738 7.6515161e-12)
(0.97686502 -0.044869642 6.2156171e-12)
(0.95871281 -0.050444712 4.533604e-12)
(0.93654003 -0.055286445 2.8540956e-12)
(0.91053966 -0.059273514 1.4416907e-12)
(0.880996 -0.062297136 4.5256914e-13)
(0.84829596 -0.064273136 -5.0788681e-14)
(0.81293562 -0.065153051 7.952156e-14)
(0.77551833 -0.064936035 1.175545e-12)
(0.73674272 -0.063677544 3.4587905e-12)
(0.69737901 -0.061486089 6.466494e-12)
(0.6582329 -0.058506294 8.8049204e-12)
(0.62010017 -0.054894802 8.6583876e-12)
(0.58372161 -0.050793324 4.7484279e-12)
(0.54974729 -0.046306027 -2.9855e-12)
(0.51871653 -0.041489328 -1.3395213e-11)
(0.49105307 -0.036359351 -2.4675361e-11)
(0.46707139 -0.03091546 -3.5010407e-11)
(0.44698887 -0.025170836 -4.3026399e-11)
(0.4309312 -0.019169397 -4.7935358e-11)
(0.41894459 -0.012982449 -4.9486671e-11)
(0.41099154 -0.0067168421 -4.7843717e-11)
(0.40692459 -0.00050374622 -4.343836e-11)
(0.40655567 0.0055813988 -3.6907532e-11)
(0.40963965 0.011223966 -2.9043665e-11)
(0.41579293 0.016275306 -2.064315e-11)
(0.42467569 0.020650508 -1.240474e-11)
(0.43589765 0.024289205 -4.8856451e-12)
(0.449051 0.02715669 1.524034e-12)
(0.46372201 0.029238766 6.6179493e-12)
(0.47949254 0.030539192 1.0349084e-11)
(0.49594662 0.031083677 1.2772997e-11)
(0.51268251 0.030923605 1.4005495e-11)
(0.52932702 0.030133133 1.4210121e-11)
(0.5455469 0.028803 1.3594335e-11)
(0.56105644 0.027035472 1.2395811e-11)
(0.57562344 0.02494064 1.0857275e-11)
(0.58907444 0.022632448 9.1969724e-12)
(0.60129789 0.020221918 7.5842768e-12)
(0.61224229 0.017808595 6.1282282e-12)
(0.62190874 0.015474283 4.8806716e-12)
(0.6303405 0.013280434 3.8497298e-12)
(0.63761171 0.01126842 3.0167944e-12)
(0.64381703 0.0094616864 2.3515845e-12)
(0.64906261 0.0078688548 1.822444e-12)
(0.6534588 0.0064871251 1.4017403e-12)
(0.65711456 0.0053055464 1.0675007e-12)
(0.66013346 0.0043078949 8.0296017e-13)
(0.66261105 0.0034750371 5.9526337e-13)
(0.66463337 0.0027867552 4.3419853e-13)
(0.66627631 0.0022230717 3.1126581e-13)
(0.66760569 0.0017651409 2.1915083e-13)
(0.66867777 0.0013957901 1.514943e-13)
(0.66953998 0.0010997884 1.0282306e-13)
(0.67023193 0.00086392038 6.8535282e-14)
(0.67078638 0.0006769246 4.4875479e-14)
(0.67123017 0.00052934842 2.8876363e-14)
(0.6715852 0.000413358 1.8267212e-14)
(0.67186921 0.00032253133 1.136387e-14)
(0.6720965 0.0002516523 6.9521545e-15)
(0.67227859 0.00019651697 4.1818391e-15)
(0.67242468 0.0001537592 2.4696187e-15)
(0.67254216 0.00012069826 1.4297436e-15)
(0.67263689 9.5208917e-05 8.0385759e-16)
(0.67271357 7.561266e-05 4.3388968e-16)
(0.67277592 6.0588172e-05 2.1422489e-16)
(0.6728269 4.9098339e-05 8.514924e-17)
(0.67286886 4.0331312e-05 7.2593031e-18)
(0.67290366 3.3653255e-05 -4.2298292e-17)
(0.67293278 2.8570657e-05 -7.6337391e-17)
(0.67295738 2.4700424e-05 -1.0308882e-16)
(0.67297838 2.1746191e-05 -1.2600092e-16)
(0.6729965 1.9479574e-05 -1.4749749e-16)
(0.67301231 1.7725344e-05 -1.6788111e-16)
(0.67302626 1.634974e-05 -1.8813427e-16)
(0.67303869 1.5251305e-05 -2.0775528e-16)
(0.67304989 1.4353684e-05 -2.2684152e-16)
(0.67306006 1.3599985e-05 -2.4468937e-16)
(0.67306938 1.2948305e-05 -2.6101254e-16)
(0.67307797 1.2368249e-05 -2.7577979e-16)
(0.67308594 1.1838137e-05 -2.889516e-16)
(0.67309338 1.1342889e-05 -3.0094345e-16)
(0.67310033 1.0872308e-05 -3.12778e-16)
(0.67310686 1.0419859e-05 -3.2610254e-16)
(0.67311301 9.9816345e-06 -3.4229701e-16)
(0.6731188 9.5556477e-06 -3.6278081e-16)
(0.67312428 9.1412317e-06 -3.8745949e-16)
(0.67312946 8.7385675e-06 -4.1605227e-16)
(0.67313437 8.348278e-06 -4.4607899e-16)
(0.67313903 7.9714434e-06 -4.7487288e-16)
(0.67314344 7.6091599e-06 -4.9956074e-16)
(0.67314764 7.2624524e-06 -5.1679613e-16)
(0.67315163 6.932529e-06 -5.253258e-16)
(0.67315543 6.620356e-06 -5.2459832e-16)
(0.67315906 6.3266044e-06 -5.1510975e-16)
(0.67316253 6.0520751e-06 -4.9862287e-16)
(0.67316585 5.797284e-06 -4.7787483e-16)
(0.67316903 5.5625672e-06 -4.5598661e-16)
(0.67317209 5.3484031e-06 -4.3621657e-16)
(0.67317505 5.1550411e-06 -4.2141077e-16)
(0.67317791 4.9827244e-06 -4.1365892e-16)
(0.67318069 4.8318033e-06 -4.150665e-16)
(0.6731834 4.7025873e-06 -4.2743488e-16)
(0.67318606 4.5954535e-06 -4.5175968e-16)
(0.67318867 4.510805e-06 -4.8803699e-16)
(0.67319126 4.4490394e-06 -5.3546529e-16)
(0.67319383 4.4106782e-06 -5.9242927e-16)
(0.67319639 4.3964404e-06 -6.5662084e-16)
(0.67319897 4.4072401e-06 -7.2549081e-16)
(0.67320158 4.4441449e-06 -7.9635759e-16)
(0.67320424 4.5083673e-06 -8.6675203e-16)
(0.67320695 4.601299e-06 -9.3453458e-16)
(0.67320974 4.7245257e-06 -9.9790104e-16)
(0.67321263 4.8798035e-06 -1.0553765e-15)
(0.67321564 5.0691249e-06 -1.105922e-15)
(0.67321878 5.2947377e-06 -1.1486942e-15)
(0.67322209 5.5591014e-06 -1.1831945e-15)
(0.67322558 5.8648302e-06 -1.2092436e-15)
(0.67322928 6.214649e-06 -1.2271331e-15)
(0.67323323 6.6113491e-06 -1.2373431e-15)
(0.67323743 7.0575495e-06 -1.2410824e-15)
(0.67324194 7.555718e-06 -1.2392336e-15)
(0.67324678 8.1084273e-06 -1.2333733e-15)
(0.67325199 8.7180883e-06 -1.2247029e-15)
(0.67325759 9.3861773e-06 -1.2139998e-15)
(0.67326363 1.011292e-05 -1.2021514e-15)
(0.67327013 1.0897232e-05 -1.1900766e-15)
(0.67327713 1.1735892e-05 -1.1780777e-15)
(0.67328464 1.2620726e-05 -1.1667701e-15)
(0.6732927 1.3533906e-05 -1.1559014e-15)
(0.67330131 1.4443358e-05 -1.1456659e-15)
(0.67331047 1.5300701e-05 -1.1355537e-15)
(0.67332016 1.6045552e-05 -1.1251851e-15)
(0.67333032 1.6613752e-05 -1.1139536e-15)
(0.67334087 1.6943833e-05 -1.1021431e-15)
(0.67335172 1.6977639e-05 -1.0893083e-15)
(0.67336279 1.6656534e-05 -1.0756136e-15)
(0.673374 1.591845e-05 -1.061213e-15)
(0.67338521 1.4701378e-05 -1.0464859e-15)
(0.67339622 1.2953587e-05 -1.0318776e-15)
(0.67340673 1.0646418e-05 -1.0182367e-15)
(0.67341634 7.7876751e-06 -1.0059499e-15)
(0.67342457 4.4226571e-06 -9.9536428e-16)
(0.67343094 6.0774145e-07 -9.8616662e-16)
(0.6734348 -3.6379247e-06 -9.7758453e-16)
(0.67343577 -8.0839478e-06 -9.6866767e-16)
(0.67343373 -1.2424467e-05 -9.5864423e-16)
(0.67342851 -1.6503016e-05 -9.4682055e-16)
(0.67342012 -2.0198634e-05 -9.3294922e-16)
(0.67340877 -2.3388389e-05 -9.1746046e-16)
(0.67339473 -2.596181e-05 -9.0121221e-16)
(0.67337837 -2.7812972e-05 -8.8542834e-16)
(0.67336015 -2.8841045e-05 -8.7120858e-16)
(0.67334064 -2.8964502e-05 -8.5956085e-16)
(0.67332048 -2.8143976e-05 -8.5100771e-16)
(0.6733004 -2.6402463e-05 -8.456009e-16)
(0.67328111 -2.3829751e-05 -8.4331209e-16)
(0.67326329 -2.0566103e-05 -8.4353053e-16)
(0.67324748 -1.6777282e-05 -8.4563408e-16)
(0.67323409 -1.2635713e-05 -8.4866695e-16)
(0.67322341 -8.311203e-06 -8.5160176e-16)
(0.67321561 -3.9676845e-06 -8.5320627e-16)
(0.67321081 2.5407393e-07 -8.5237544e-16)
(0.67320907 4.1999227e-06 -8.4792911e-16)
(0.67321021 7.5646263e-06 -8.3984603e-16)
(0.67321396 1.010337e-05 -8.2776714e-16)
(0.67321991 1.1643113e-05 -8.1336717e-16)
(0.67322739 1.2054228e-05 -7.9612208e-16)
(0.67323557 1.1288635e-05 -7.8016924e-16)
(0.67324351 9.4054005e-06 -7.610184e-16)
(0.67325028 6.5831666e-06 -7.4998577e-16)
(0.67325506 3.1157814e-06 -7.2655678e-16)
(0.67325725 -6.2921105e-07 -7.1429108e-16)
(0.67325661 -4.2274159e-06 -7.0015679e-16)
(0.67325335 -7.19621e-06 -6.917942e-16)
(0.67324799 -9.2501647e-06 -6.7274185e-16)
(0.67324122 -1.0275656e-05 -6.6154206e-16)
(0.67323386 -1.0324175e-05 -6.4812316e-16)
(0.67322664 -9.5292971e-06 -6.3796313e-16)
(0.67322015 -8.1511168e-06 -6.2081526e-16)
(0.67321474 -6.3667454e-06 -6.0896025e-16)
(0.67321071 -4.4683748e-06 -5.9667164e-16)
(0.6732079 -2.4964221e-06 -5.8695514e-16)
(0.67320654 -7.200278e-07 -5.7493868e-16)
(0.67320592 1.0924069e-06 -5.6551632e-16)
(0.67320678 2.6737107e-06 -5.5733702e-16)
(0.67320759 4.4954004e-06 -5.482415e-16)
(0.67321165 6.7937728e-06 -5.3720428e-16)
(0.21118626 0.0014588733 -4.8415448e-16)
(0.21389202 0.0039051835 1.8238264e-15)
(0.21913597 0.0063103619 2.3304036e-16)
(0.22663251 0.0085600833 3.8504011e-15)
(0.23656048 0.010753576 -2.7252481e-15)
(0.24893754 0.012931554 6.8404192e-16)
(0.26373442 0.015111721 3.7334782e-15)
(0.2809275 0.017294455 9.3124032e-15)
(0.30048728 0.019458732 2.2926831e-14)
(0.32235636 0.021560255 5.2199408e-14)
(0.34643296 0.023535753 1.1077306e-13)
(0.37255737 0.025306186 1.867756e-13)
(0.4005014 0.026781684 2.7888952e-13)
(0.42996122 0.027867561 4.0217554e-13)
(0.46055573 0.028471995 5.816083e-13)
(0.49183058 0.028514053 8.2918454e-13)
(0.52326743 0.027933109 1.1295421e-12)
(0.55430332 0.026697476 1.454171e-12)
(0.58434908 0.024810395 1.790344e-12)
(0.61282625 0.02231458 2.1490347e-12)
(0.63917888 0.019286267 2.5471751e-12)
(0.6629312 0.015836682 2.986211e-12)
(0.68365026 0.012078581 3.4275505e-12)
(0.70104857 0.0081619121 3.8123082e-12)
(0.71485649 0.004173618 4.079526e-12)
(0.72490869 0.00027369679 4.1953115e-12)
(0.73127276 -0.0034642661 4.1767534e-12)
(0.73372529 -0.0071864452 4.0545581e-12)
(0.73229868 -0.010787815 3.847807e-12)
(0.72711763 -0.014127631 3.5509814e-12)
(0.71820832 -0.017171205 3.134491e-12)
(0.70562536 -0.019905883 2.5666314e-12)
(0.68949926 -0.022300718 1.8430295e-12)
(0.67002712 -0.024313381 1.0161856e-12)
(0.64746497 -0.025903205 2.252701e-13)
(0.62213336 -0.027037916 -2.9090255e-13)
(0.59442386 -0.02769859 -2.4373347e-13)
(0.56479797 -0.027885419 5.6686427e-13)
(0.53377605 -0.027622148 2.084876e-12)
(0.50191765 -0.026957394 3.9163816e-12)
(0.46979549 -0.025961875 5.3970573e-12)
(0.43796611 -0.024720726 5.7800572e-12)
(0.40694127 -0.02332208 4.480242e-12)
(0.37716638 -0.021844185 1.3058252e-12)
(0.34901042 -0.020342666 -3.4193967e-12)
(0.32276898 -0.0188412 -8.9314647e-12)
(0.29867774 -0.017328894 -1.4283207e-11)
(0.27693207 -0.015765392 -1.8646044e-11)
(0.25770574 -0.014093779 -2.1508776e-11)
(0.24116218 -0.01225768 -2.2714397e-11)
(0.22745986 -0.010218198 -2.2383728e-11)
(0.21672496 -0.0079714307 -2.0792751e-11)
(0.20907615 -0.0055556637 -1.8279783e-11)
(0.20457865 -0.0030237189 -1.5180203e-11)
(0.20319539 -0.00042758971 -1.1791056e-11)
(0.20467211 0.0021583396 -8.4269839e-12)
(0.20891565 0.0046711311 -5.2122312e-12)
(0.21569448 0.0069669716 -2.3752788e-12)
(0.22472526 0.0089869086 -4.0710499e-15)
(0.23566321 0.010689434 1.8579477e-12)
(0.2481367 0.01204596 3.2099723e-12)
(0.26176635 0.013040686 4.0888271e-12)
(0.27617461 0.013670344 4.5559654e-12)
(0.29099369 0.013944669 4.6830995e-12)
(0.30587623 0.013886796 4.5437255e-12)
(0.32050627 0.013531541 4.2102933e-12)
(0.33460802 0.012922528 3.7525772e-12)
(0.34795219 0.012109487 3.2344827e-12)
(0.3603604 0.011145732 2.7095938e-12)
(0.37170778 0.010085591 2.2173711e-12)
(0.38192282 0.0089811775 1.781708e-12)
(0.3909837 0.0078787879 1.4125052e-12)
(0.39891119 0.0068161819 1.109141e-12)
(0.40575949 0.005821404 8.6484079e-13)
(0.41160667 0.0049129721 6.7024283e-13)
(0.41654571 0.0041009691 5.1601244e-13)
(0.42067681 0.0033885869 3.9400816e-13)
(0.42410124 0.0027737903 2.9776064e-13)
(0.42691682 0.0022508907 2.2220017e-13)
(0.42921475 0.0018119066 1.6343085e-13)
(0.43107776 0.0014476601 1.1827756e-13)
(0.43257918 0.001148607 8.4147306e-14)
(0.43378281 0.00090542518 5.8810813e-14)
(0.4347432 0.00070940013 4.0366562e-14)
(0.4355064 0.00055264974 2.7209643e-14)
(0.43611078 0.00042822784 1.8014886e-14)
(0.43658797 0.00033014164 1.1718319e-14)
(0.43696384 0.00025331151 7.4911511e-15)
(0.43725935 0.00019349584 4.7072865e-15)
(0.43749137 0.00014719797 2.907416e-15)
(0.43767344 0.00011156731 1.7641231e-15)
(0.43781629 8.4302489e-05 1.0496433e-15)
(0.43792847 6.3561117e-05 6.1034513e-16)
(0.43801672 4.7879005e-05 3.4240638e-16)
(0.43808633 3.6099907e-05 1.8451813e-16)
(0.43814148 2.7315845e-05 7.6415763e-17)
(0.43818542 2.0817368e-05 1.8693759e-17)
(0.4382207 1.6052727e-05 -2.8976464e-17)
(0.43824928 1.259472e-05 -5.2512159e-17)
(0.43827271 1.0114039e-05 -7.7160253e-17)
(0.43829218 8.3579987e-06 -9.9437833e-17)
(0.43830858 7.1336527e-06 -1.1906879e-16)
(0.43832264 6.2944549e-06 -1.3940646e-16)
(0.43833488 5.7297688e-06 -1.5705641e-16)
(0.43834571 5.3566396e-06 -1.7373396e-16)
(0.43835544 5.1133876e-06 -1.8828528e-16)
(0.43836431 4.9546538e-06 -2.0299552e-16)
(0.43837247 4.8475753e-06 -2.152891e-16)
(0.43838008 4.7688092e-06 -2.2534055e-16)
(0.43838721 4.7022224e-06 -2.3416543e-16)
(0.43839394 4.6370682e-06 -2.4120419e-16)
(0.43840033 4.5665963e-06 -2.4836707e-16)
(0.4384064 4.4869528e-06 -2.5671439e-16)
(0.43841218 4.3963674e-06 -2.642824e-16)
(0.43841771 4.2945119e-06 -2.7164684e-16)
(0.43842298 4.1820475e-06 -2.8110745e-16)
(0.43842801 4.0602572e-06 -2.9125063e-16)
(0.43843282 3.9308028e-06 -3.0303454e-16)
(0.43843741 3.7955173e-06 -3.1337362e-16)
(0.43844179 3.6562569e-06 -3.2409953e-16)
(0.43844597 3.5148088e-06 -3.3107337e-16)
(0.43844995 3.3729134e-06 -3.3535822e-16)
(0.43845375 3.2321188e-06 -3.3682177e-16)
(0.43845737 3.0937832e-06 -3.3438149e-16)
(0.43846083 2.9591718e-06 -3.3029192e-16)
(0.43846412 2.8293229e-06 -3.2477236e-16)
(0.43846727 2.7050449e-06 -3.1758392e-16)
(0.43847028 2.5870767e-06 -3.1090749e-16)
(0.43847316 2.4759728e-06 -3.0617048e-16)
(0.43847593 2.3721439e-06 -3.0569709e-16)
(0.43847858 2.2759872e-06 -3.1060295e-16)
(0.43848114 2.1877851e-06 -3.2120776e-16)
(0.43848361 2.1077722e-06 -3.3633631e-16)
(0.438486 2.0361751e-06 -3.5687673e-16)
(0.43848832 1.973155e-06 -3.8348083e-16)
(0.43849059 1.9188572e-06 -4.1529104e-16)
(0.43849282 1.8734249e-06 -4.5062264e-16)
(0.43849501 1.8370001e-06 -4.8850985e-16)
(0.43849718 1.8097584e-06 -5.2779092e-16)
(0.43849934 1.7919259e-06 -5.6690009e-16)
(0.43850151 1.7837876e-06 -6.0511367e-16)
(0.43850369 1.785682e-06 -6.4086015e-16)
(0.43850589 1.7979906e-06 -6.7364169e-16)
(0.43850814 1.8211501e-06 -7.0277615e-16)
(0.43851045 1.85566e-06 -7.2731938e-16)
(0.43851282 1.9020689e-06 -7.4751206e-16)
(0.43851529 1.9609932e-06 -7.6315778e-16)
(0.43851787 2.0331306e-06 -7.7448367e-16)
(0.43852057 2.1192521e-06 -7.8141152e-16)
(0.43852342 2.2201894e-06 -7.8443073e-16)
(0.43852643 2.3367899e-06 -7.8425378e-16)
(0.43852964 2.4698794e-06 -7.8045783e-16)
(0.43853307 2.6202169e-06 -7.7550639e-16)
(0.43853673 2.7885896e-06 -7.6807248e-16)
(0.43854067 2.9760262e-06 -7.6088377e-16)
(0.4385449 3.1838359e-06 -7.5376572e-16)
(0.43854946 3.4133803e-06 -7.4567286e-16)
(0.43855438 3.6658196e-06 -7.3730947e-16)
(0.43855969 3.9418272e-06 -7.301934e-16)
(0.43856541 4.2410433e-06 -7.2253426e-16)
(0.43857156 4.5606017e-06 -7.1607951e-16)
(0.43857818 4.8927591e-06 -7.084958e-16)
(0.43858525 5.2223373e-06 -7.0196005e-16)
(0.43859277 5.5255331e-06 -6.9454113e-16)
(0.43860069 5.7719633e-06 -6.8698869e-16)
(0.43860892 5.9292669e-06 -6.7791584e-16)
(0.43861737 5.9685025e-06 -6.7030207e-16)
(0.43862589 5.8677912e-06 -6.6195743e-16)
(0.43863432 5.6131587e-06 -6.5421057e-16)
(0.43864246 5.1972822e-06 -6.4719445e-16)
(0.43865007 4.6194315e-06 -6.4029756e-16)
(0.4386569 3.8894444e-06 -6.3300112e-16)
(0.43866266 3.0224104e-06 -6.2655889e-16)
(0.43866707 2.0249223e-06 -6.2009643e-16)
(0.43866987 8.9444081e-07 -6.1416418e-16)
(0.43867079 -3.4232323e-07 -6.0828854e-16)
(0.43866992 -1.5956009e-06 -6.0280835e-16)
(0.43866669 -3.1262642e-06 -5.9553836e-16)
(0.4386613 -4.6097064e-06 -5.8762043e-16)
(0.43865387 -5.9727745e-06 -5.7916003e-16)
(0.4386445 -7.2108001e-06 -5.7048284e-16)
(0.43863343 -8.2867603e-06 -5.6227013e-16)
(0.43862095 -9.1627162e-06 -5.545234e-16)
(0.43860741 -9.8024027e-06 -5.4810987e-16)
(0.43859321 -1.0170869e-05 -5.4263795e-16)
(0.43857877 -1.0237215e-05 -5.3894579e-16)
(0.43856458 -9.9809702e-06 -5.3626719e-16)
(0.43855109 -9.4000688e-06 -5.3427525e-16)
(0.43853873 -8.5151573e-06 -5.3307602e-16)
(0.4385279 -7.369553e-06 -5.3171664e-16)
(0.43851889 -6.0251707e-06 -5.3032318e-16)
(0.43851191 -4.5528826e-06 -5.277332e-16)
(0.43850706 -3.01742e-06 -5.2392119e-16)
(0.4385044 -1.4740753e-06 -5.1891944e-16)
(0.43850382 8.498932e-09 -5.1254547e-16)
(0.43850512 1.3689911e-06 -5.0503298e-16)
(0.43850832 2.6778376e-06 -4.9571562e-16)
(0.43851287 3.6755796e-06 -4.8578192e-16)
(0.43851836 4.328422e-06 -4.7587607e-16)
(0.43852425 4.5882639e-06 -4.6565469e-16)
(0.43852995 4.4250062e-06 -4.5651265e-16)
(0.43853489 3.846944e-06 -4.4629151e-16)
(0.43853857 2.9020165e-06 -4.4082151e-16)
(0.43854061 1.6771916e-06 -4.2222565e-16)
(0.43854088 3.3668701e-07 -4.1675644e-16)
(0.43853943 -1.0058558e-06 -4.0937746e-16)
(0.43853631 -2.2795364e-06 -4.0416782e-16)
(0.43853205 -3.2091545e-06 -3.9030921e-16)
(0.4385271 -3.7458969e-06 -3.8403101e-16)
(0.43852196 -3.8937216e-06 -3.7642937e-16)
(0.43851708 -3.691221e-06 -3.7117912e-16)
(0.43851279 -3.2268889e-06 -3.5951109e-16)
(0.43850933 -2.5786174e-06 -3.5408988e-16)
(0.43850681 -1.8586918e-06 -3.484164e-16)
(0.43850526 -1.0970657e-06 -3.4384098e-16)
(0.43850467 -4.2942883e-07 -3.362236e-16)
(0.43850483 2.5917351e-07 -3.3122002e-16)
(0.43850594 8.7651085e-07 -3.2610077e-16)
(0.43850743 1.7088906e-06 -3.1914341e-16)
(0.43851222 3.2501801e-06 -3.112443e-16)
(0.072145117 0.0003462287 7.4513927e-17)
(0.073766776 0.00083507066 5.3920563e-16)
(0.076738766 0.0013156632 1.7317056e-16)
(0.080836199 0.0017455285 6.3079434e-16)
(0.086193583 0.0021698079 7.1987646e-16)
(0.092794833 0.0025990551 3.9473191e-15)
(0.1006307 0.0030386007 8.3955989e-15)
(0.1097105 0.0034884648 1.6143884e-14)
(0.12003994 0.0039417454 2.9676234e-14)
(0.13160392 0.0043846363 4.9085945e-14)
(0.14435391 0.004797821 7.5886827e-14)
(0.15819736 0.0051574344 1.0893649e-13)
(0.17298932 0.005436468 1.5111577e-13)
(0.18852734 0.0056067327 2.0581882e-13)
(0.20455083 0.0056414376 2.7399993e-13)
(0.22074541 0.0055181255 3.5268352e-13)
(0.23675248 0.0052219682 4.3743149e-13)
(0.25218546 0.0047486644 5.2592011e-13)
(0.26664918 0.0041060136 6.1929918e-13)
(0.27976621 0.0033147128 7.1820107e-13)
(0.29119596 0.0024054516 8.1863804e-13)
(0.30066516 0.001417824 9.1169609e-13)
(0.30797618 0.00039050416 9.8410372e-13)
(0.31306063 -0.00060710236 1.0296095e-12)
(0.31587533 -0.0015323525 1.0361959e-12)
(0.31593032 -0.0023875408 9.9973529e-13)
(0.31433822 -0.0029565498 9.6215759e-13)
(0.31043171 -0.0036610226 8.8854784e-13)
(0.30443523 -0.0042853699 7.7295196e-13)
(0.29671174 -0.0047526697 6.2143142e-13)
(0.28730366 -0.0051033558 4.4078546e-13)
(0.27639782 -0.0053463223 2.5047583e-13)
(0.26421577 -0.0054754448 8.6575085e-14)
(0.25098407 -0.0054908792 2.1848986e-15)
(0.23693986 -0.0054018661 5.951557e-14)
(0.22233035 -0.0052234788 3.0729292e-13)
(0.20740554 -0.004975302 7.4395298e-13)
(0.19240851 -0.0046805789 1.2836039e-12)
(0.17756452 -0.004364114 1.7527483e-12)
(0.16307031 -0.0040493879 1.9333509e-12)
(0.14908508 -0.0037561413 1.6381905e-12)
(0.13572468 -0.0034990531 7.8429464e-13)
(0.1230602 -0.0032871918 -5.6686222e-13)
(0.11112217 -0.0031235603 -2.2181786e-12)
(0.099910732 -0.003004532 -3.8928904e-12)
(0.08941111 -0.0029194554 -5.316933e-12)
(0.079612036 -0.0028507759 -6.2934387e-12)
(0.070523938 -0.0027751046 -6.7397625e-12)
(0.062192218 -0.0026658408 -6.6801576e-12)
(0.054700931 -0.002497157 -6.2096225e-12)
(0.048163752 -0.0022496888 -5.4527375e-12)
(0.042718321 -0.0019238945 -4.5325261e-12)
(0.038486548 -0.0015437793 -3.5506593e-12)
(0.035595363 -0.001126328 -2.5844582e-12)
(0.03421286 -0.00066301492 -1.69194e-12)
(0.034327594 -0.00017425195 -9.3844165e-13)
(0.035887313 0.00038770116 -2.8585046e-13)
(0.038830068 0.00094015972 2.2300433e-13)
(0.04303974 0.0014472679 5.9285706e-13)
(0.04837217 0.0018923173 8.4005925e-13)
(0.054640422 0.0022613424 9.8180932e-13)
(0.061641441 0.0025469861 1.0377366e-12)
(0.069163543 0.0027461767 1.0276611e-12)
(0.076994682 0.0028595739 9.6981887e-13)
(0.084930867 0.0028915758 8.8024337e-13)
(0.092784002 0.002849829 7.7277338e-13)
(0.10038828 0.002744419 6.5902369e-13)
(0.10760483 0.0025871047 5.4812713e-13)
(0.11432487 0.0023906382 4.4645767e-13)
(0.12047142 0.0021681097 3.5761797e-13)
(0.12599919 0.001932143 2.8275913e-13)
(0.13089229 0.0016940003 2.2151226e-13)
(0.13516013 0.0014629032 1.72151e-13)
(0.13883197 0.0012457326 1.3293732e-13)
(0.14195127 0.0010470714 1.0182378e-13)
(0.14457028 0.00086947217 7.7358662e-14)
(0.14674551 0.00071383452 5.8065241e-14)
(0.14853407 0.00057981009 4.3089862e-14)
(0.14999102 0.00046618089 3.1443037e-14)
(0.15116756 0.00037118374 2.2635887e-14)
(0.15210996 0.00029276928 1.5962303e-14)
(0.15285907 0.00022879665 1.1105632e-14)
(0.15345029 0.00017717075 7.5842787e-15)
(0.15391372 0.00013593184 5.085246e-15)
(0.15427465 0.00010330786 3.3485558e-15)
(0.154554 7.7738735e-05 2.1660432e-15)
(0.15476894 5.7880707e-05 1.3766206e-15)
(0.15493335 4.2597479e-05 8.5952326e-16)
(0.1550584 3.09432e-05 5.2687986e-16)
(0.155153 2.214131e-05 3.164824e-16)
(0.15522419 1.5561988e-05 1.8544835e-16)
(0.15527748 1.0699983e-05 1.0484503e-16)
(0.15531719 7.1539138e-06 5.5742538e-17)
(0.15534667 4.607714e-06 2.550654e-17)
(0.15536849 2.8144847e-06 5.2543679e-18)
(0.15538464 1.5828003e-06 -6.0063525e-17)
(0.15539662 7.6531528e-07 -3.7090727e-17)
(0.15540557 2.4943428e-07 -8.3293572e-17)
(0.15541235 -5.0238478e-08 -5.5414817e-17)
(0.15541761 -1.9794731e-07 -9.9832057e-17)
(0.1554218 -2.4159131e-07 -1.1870692e-16)
(0.15542528 -2.1653561e-07 -1.3014019e-16)
(0.15542829 -1.486237e-07 -1.4296903e-16)
(0.15543101 -5.6520332e-08 -1.4915458e-16)
(0.15543356 4.6498052e-08 -1.5187844e-16)
(0.15543601 1.5119042e-07 -1.5596021e-16)
(0.15543842 2.51338e-07 -1.6638009e-16)
(0.15544082 3.4297908e-07 -1.6938624e-16)
(0.15544322 4.2381499e-07 -1.5446589e-16)
(0.15544563 4.9275368e-07 -1.5954141e-16)
(0.15544804 5.4955198e-07 -1.5767749e-16)
(0.15545044 5.9455087e-07 -1.6527075e-16)
(0.15545283 6.2847167e-07 -1.7034854e-16)
(0.1554552 6.5226894e-07 -1.6982517e-16)
(0.15545754 6.6701833e-07 -1.7163938e-16)
(0.15545983 6.7384127e-07 -1.7950097e-16)
(0.15546207 6.738451e-07 -1.8417979e-16)
(0.15546425 6.6809584e-07 -1.843606e-16)
(0.15546637 6.5759131e-07 -1.8623926e-16)
(0.15546842 6.432429e-07 -1.8419541e-16)
(0.15547039 6.2587203e-07 -1.7970159e-16)
(0.15547229 6.0622703e-07 -1.7469604e-16)
(0.15547412 5.8495622e-07 -1.7315969e-16)
(0.15547587 5.6261423e-07 -1.714348e-16)
(0.15547754 5.3969069e-07 -1.7076931e-16)
(0.15547915 5.1658565e-07 -1.7378567e-16)
(0.15548068 4.9361869e-07 -1.7118948e-16)
(0.15548215 4.7107262e-07 -1.7144665e-16)
(0.15548355 4.4916254e-07 -1.7377321e-16)
(0.15548489 4.2804443e-07 -1.7596988e-16)
(0.15548617 4.0785402e-07 -1.8246266e-16)
(0.1554874 3.8868538e-07 -1.9250432e-16)
(0.15548859 3.7060104e-07 -1.9865841e-16)
(0.15548972 3.5364862e-07 -2.079673e-16)
(0.15549082 3.378567e-07 -2.1838397e-16)
(0.15549189 3.2324141e-07 -2.3126007e-16)
(0.15549292 3.098013e-07 -2.4455525e-16)
(0.15549392 2.9751464e-07 -2.5643159e-16)
(0.15549491 2.8635378e-07 -2.66564e-16)
(0.15549588 2.7629185e-07 -2.7645608e-16)
(0.15549684 2.6730327e-07 -2.8705396e-16)
(0.15549779 2.5936134e-07 -2.945944e-16)
(0.15549874 2.5243524e-07 -3.027474e-16)
(0.15549969 2.4649137e-07 -3.093016e-16)
(0.15550065 2.4149379e-07 -3.110477e-16)
(0.15550163 2.3739813e-07 -3.158402e-16)
(0.15550263 2.3416079e-07 -3.1701535e-16)
(0.15550366 2.3174877e-07 -3.1866219e-16)
(0.15550472 2.3013825e-07 -3.1426316e-16)
(0.15550583 2.2931736e-07 -3.1412749e-16)
(0.15550698 2.292898e-07 -3.1248891e-16)
(0.15550819 2.3008837e-07 -3.056786e-16)
(0.15550946 2.3179499e-07 -3.0262985e-16)
(0.15551081 2.3460329e-07 -2.9588898e-16)
(0.15551224 2.3890652e-07 -2.9474428e-16)
(0.15551376 2.4533416e-07 -2.9583261e-16)
(0.15551538 2.5473574e-07 -2.9139345e-16)
(0.15551712 2.68173e-07 -2.8499569e-16)
(0.15551899 2.8690787e-07 -2.8538752e-16)
(0.15552101 3.1230102e-07 -2.8215739e-16)
(0.15552318 3.4546064e-07 -2.8040343e-16)
(0.15552552 3.8668777e-07 -2.740805e-16)
(0.15552804 4.3489481e-07 -2.7509473e-16)
(0.15553074 4.8741717e-07 -2.6820956e-16)
(0.1555336 5.4056574e-07 -2.640255e-16)
(0.15553658 5.9066397e-07 -2.5731539e-16)
(0.15553965 6.3500261e-07 -2.6067367e-16)
(0.15554274 6.7203592e-07 -2.5317653e-16)
(0.15554579 7.0075111e-07 -2.4927499e-16)
(0.15554872 7.1981205e-07 -2.5088015e-16)
(0.15555146 7.2840476e-07 -2.4933726e-16)
(0.15555394 7.3027518e-07 -2.4562688e-16)
(0.15555608 7.3132754e-07 -2.4230763e-16)
(0.15555779 7.2585841e-07 -2.374678e-16)
(0.15555897 6.9926824e-07 -2.3434858e-16)
(0.1555595 6.3265479e-07 -2.3203934e-16)
(0.15555939 5.1740908e-07 -2.2963955e-16)
(0.15555857 3.3760166e-07 -2.2676435e-16)
(0.15555696 1.1146926e-07 -2.2410762e-16)
(0.15555459 -1.3734836e-07 -2.2019486e-16)
(0.15555148 -3.9591837e-07 -2.1634486e-16)
(0.15554769 -6.5675914e-07 -2.1472032e-16)
(0.1555433 -9.1040612e-07 -2.0992533e-16)
(0.15553841 -1.146171e-06 -2.1011493e-16)
(0.15553315 -1.3516395e-06 -2.0596066e-16)
(0.15552766 -1.5131644e-06 -2.064368e-16)
(0.15552212 -1.6181161e-06 -2.0611336e-16)
(0.15551671 -1.6577386e-06 -2.0365797e-16)
(0.1555116 -1.6293531e-06 -2.0182945e-16)
(0.15550696 -1.537728e-06 -1.9788668e-16)
(0.15550292 -1.3955805e-06 -1.9912061e-16)
(0.1554996 -1.2187393e-06 -1.9496928e-16)
(0.15549708 -1.0136591e-06 -1.906662e-16)
(0.15549544 -7.795319e-07 -1.8588214e-16)
(0.15549471 -5.1825483e-07 -1.8360598e-16)
(0.15549481 -2.17723e-07 -1.7997015e-16)
(0.15549572 1.4252546e-07 -1.7597421e-16)
(0.15549734 4.8183763e-07 -1.7179065e-16)
(0.15549951 7.6187344e-07 -1.6823795e-16)
(0.15550207 9.6389839e-07 -1.6456281e-16)
(0.15550477 1.0696113e-06 -1.6087225e-16)
(0.15550737 1.0732709e-06 -1.5720426e-16)
(0.15550962 9.7901067e-07 -1.5404727e-16)
(0.15551126 7.9274102e-07 -1.4987523e-16)
(0.15551214 5.3553956e-07 -1.4655557e-16)
(0.15551221 2.4111994e-07 -1.4316514e-16)
(0.15551149 -9.9489851e-08 -1.4097065e-16)
(0.15551009 -3.9909318e-07 -1.3670101e-16)
(0.15550822 -6.0644705e-07 -1.325025e-16)
(0.15550608 -7.243119e-07 -1.292184e-16)
(0.1555039 -7.5698496e-07 -1.2679717e-16)
(0.15550186 -7.228363e-07 -1.2309134e-16)
(0.15550009 -6.4261932e-07 -1.2003646e-16)
(0.15549868 -5.4557688e-07 -1.1819921e-16)
(0.15549767 -4.4309651e-07 -1.1586092e-16)
(0.15549705 -3.572766e-07 -1.1276811e-16)
(0.15549682 -2.7368561e-07 -1.100112e-16)
(0.15549692 -1.5045247e-07 -1.0722374e-16)
(0.15549746 1.4282706e-07 -1.0374447e-16)
(0.15549993 7.8847127e-07 -1.0046124e-16)
(1.5877231 -0.58025739 -0.00022023591)
(1.0889687 -0.50893093 -0.0014007642)
(0.47956319 -0.0988125 -0.00070878284)
(1.7150783 -0.7391092 0.00022097958)
(1.5877231 -0.58025739 0.00022019112)
(1.0889687 -0.50893084 0.0014007503)
(0.4795631 -0.098812523 0.00070867328)
(1.1787008 -0.26871125 -0.00027674927)
(0.30118877 -0.064419341 -0.00093355895)
(0.14682415 -0.013806585 7.6273805e-05)
(1.382573 -0.4138762 0.00025208288)
(1.1787011 -0.26871157 0.00027626975)
(0.30118863 -0.064419282 0.00093341874)
(0.14682807 -0.013806592 -7.665217e-05)
(0.81038292 -0.081365636 -0.00027718488)
(0.11676608 -0.0036879192 -7.6408821e-05)
(0.067247791 0.0022249146 0.00015141065)
(0.97899116 -0.15292177 0.00028806133)
(0.81038273 -0.081365589 0.00027675546)
(0.11674596 -0.0036849735 7.8999656e-05)
(0.067248129 0.0022245945 -0.00015181632)
(0.59675037 -0.048965536 -0.00016702309)
(0.082400491 -0.0024010612 4.1780963e-05)
(0.082713959 0.0069866724 0.00012073193)
(0.70631791 -0.045940159 0.0002088629)
(0.59674997 -0.048965484 0.00016675254)
(0.082400214 -0.0024011843 -4.202862e-05)
(0.082713578 0.0069865899 -0.00012064391)
(1.4038406 -1.029408 -0.00035415829)
(1.1976431 -1.0274691 -0.00074157807)
(0.46323684 -0.3814199 -0.0019346124)
(1.4599701 -1.1041285 0.00041225649)
(1.4038406 -1.029408 0.00035418106)
(1.1976431 -1.0274692 0.00074151107)
(0.46323676 -0.38141981 0.001934623)
(0.66974017 -0.30884852 9.9994663e-05)
(0.23637206 -0.15622769 -0.00022157147)
(1.3652504 -0.90992713 0.00062140959)
(0.66973997 -0.30884838 -0.00010001852)
(0.23637202 -0.15622766 0.00022155908)
(0.13536072 -0.020330169 -0.00020083968)
(0.43675609 -0.18860169 0.00074637884)
(0.1353607 -0.02033018 0.00020079409)
(0.00025439751 -0.0054820477 -2.7092555e-05)
(0.016979218 -0.0012814302 -2.3079938e-06)
(0.00025431256 -0.0054820748 2.7169136e-05)
(0.010117707 -0.03173019 -0.00030744111)
(-0.011917789 -0.0080348044 -1.8269375e-05)
(0.00070120981 -0.0090851786 8.4925126e-05)
(0.01011757 -0.031730236 0.00030767831)
(-0.011917797 -0.0080348081 1.829572e-05)
(-0.010684477 -0.059443207 -3.4908415e-05)
(-0.022707473 -0.017577403 -0.00010010239)
(-0.057248612 -0.058878446 -5.839331e-05)
(-0.014301443 -0.046495363 7.5438108e-05)
(-0.010684518 -0.059443223 3.5150981e-05)
(-0.022707481 -0.017577412 0.00010014829)
(-0.057248623 -0.05887846 5.855548e-05)
(1.0176319 -1.0509326 -0.00062117223)
(0.8716024 -1.0512578 -0.00019845847)
(0.31635304 -0.38975801 0.00088904455)
(1.0875876 -1.1254182 0.00023753251)
(1.0176319 -1.0509326 0.00062118677)
(0.87160241 -1.0512578 0.00019848727)
(0.31635304 -0.38975801 -0.00088904483)
(0.91246591 -0.89895663 0.00060266419)
(-0.050656656 -0.051244657 -6.5286776e-05)
(-0.050656672 -0.05124464 6.5384434e-05)
(-0.063062425 -0.1015328 -2.511687e-05)
(-0.01649448 -0.020695034 4.2662304e-05)
(-0.057919681 -0.099697485 -3.9109654e-05)
(-0.06041919 -0.069501646 6.001355e-05)
(-0.063062431 -0.1015328 2.5266918e-05)
(-0.016494483 -0.020695022 -4.2667077e-05)
(-0.057919683 -0.099697602 3.9194567e-05)
(0.14060997 -0.21587482 7.1365517e-05)
(0.26210361 -0.51502849 -0.00048667623)
(0.70263835 -0.9781892 6.6555729e-05)
(0.14060999 -0.21587484 -7.1363348e-05)
(0.26210359 -0.51502846 0.00048668324)
(-0.051488841 -0.10221211 -0.00010822904)
(-0.019904165 -0.05195957 -4.1668837e-05)
(-0.0068776709 -0.011873362 -4.1498747e-06)
(-0.051488823 -0.10221194 0.00010836139)
(-0.019904233 -0.051959704 4.1808506e-05)
(0.34800619 -0.63267756 3.5399039e-05)
(0.39118134 -0.50596411 7.865929e-05)
(0.088095585 -0.29326543 -0.00015568667)
(0.53039252 -0.6624227 -9.7470696e-06)
(0.34800619 -0.63267749 -3.532029e-05)
(0.39118137 -0.50596408 -7.8457599e-05)
(0.0880956 -0.29326542 0.00015582905)
(0.02253341 -0.10258826 2.0773058e-05)
(0.16589967 -0.33915869 -0.00056711176)
(0.022533415 -0.10258828 -2.0740979e-05)
(-0.014035543 -0.036402895 6.5455005e-05)
(-0.0023077573 -0.013718323 5.9215511e-06)
(-0.014035514 -0.036402676 -6.5378572e-05)
(-0.0023077518 -0.013718331 -5.9231749e-06)
(-0.064601621 -0.15660273 -9.0108017e-06)
(-0.010181798 -0.044992009 -1.2143478e-06)
(-0.058701149 -0.12373017 1.0099347e-05)
(-0.035822926 -0.088939099 -8.7164411e-05)
(-0.064601594 -0.15660272 9.4290947e-06)
(-0.010181783 -0.044991851 1.2978922e-06)
(-0.058701228 -0.12373036 -9.6072857e-06)
(0.061316604 -0.1836632 0.00016321203)
(0.2396281 -0.11914284 0.00019521483)
(0.017318505 -0.029068371 2.6896333e-05)
(0.29275118 -0.31449257 -0.0001531768)
(0.061316595 -0.18366317 -0.00016306761)
(0.23962831 -0.11914278 -0.00019470307)
(0.017318278 -0.029068577 -2.6243709e-05)
(-0.052284151 -0.080107101 2.7718304e-05)
(-0.0027328975 -0.0047835854 5.5433937e-06)
(-0.04722355 -0.031756122 3.8476125e-05)
(-0.0076817611 -0.028723081 -4.0671776e-05)
(-0.052284165 -0.080107068 -2.7102858e-05)
(-0.0027324761 -0.0047831112 -5.0631202e-06)
(-0.047223635 -0.031756261 -3.783159e-05)
(0.017103682 0.017486012 2.5677706e-05)
(0.29058529 0.28369303 0.00015859837)
(0.058915437 0.17115042 0.00015633448)
(0.23906552 0.087645479 -0.00019663154)
(0.017101005 0.017484387 -2.3710744e-05)
(0.29058556 0.28369309 -0.00015797463)
(0.05891565 0.17114997 -0.00015565528)
(-0.047812152 0.019445164 3.9125329e-05)
(-0.0079131491 0.028044548 3.6800914e-05)
(-0.053826171 0.069006117 2.9916142e-05)
(-0.002735834 0.0032569784 -5.068142e-06)
(-0.047812135 0.019445198 -3.8539561e-05)
(-0.0079131307 0.028044535 -3.6711558e-05)
(-0.053826247 0.069006036 -2.9368742e-05)
(0.085533391 0.2776449 -0.00013765726)
(0.52768787 0.63486757 1.0158681e-05)
(0.34249303 0.61463947 4.839113e-05)
(0.38888417 0.47651763 -8.0797404e-05)
(0.085533441 0.27764459 0.00013809548)
(0.52768792 0.63486757 -9.8887602e-06)
(0.34249309 0.61463964 -4.817288e-05)
(0.16295792 0.33144776 0.00055317112)
(0.021817878 0.097530627 -2.2257307e-05)
(0.16295795 0.3314478 -0.00055310322)
(-0.0024524522 0.01380505 5.8243976e-06)
(-0.015007886 0.038275519 6.9656067e-05)
(-0.002452456 0.01380504 -5.798149e-06)
(-0.015007916 0.038275574 -6.958225e-05)
(-0.061515641 0.11433258 1.2551578e-05)
(-0.03760749 0.090497197 8.6491485e-05)
(-0.068698449 0.14954552 -6.3023447e-06)
(-0.010715014 0.044485716 3.6697933e-06)
(-0.061515601 0.11433262 -1.2007512e-05)
(-0.037607486 0.090497216 -8.6299429e-05)
(-0.068698503 0.14954552 6.8452998e-06)
(0.69883555 0.96395587 -4.8280512e-05)
(0.14060144 0.21530579 7.0820069e-05)
(0.25842145 0.50458459 0.00048970967)
(0.69883557 0.96395601 4.8378728e-05)
(0.14060145 0.21530582 -7.0808152e-05)
(-0.021417825 0.054745194 -4.5160141e-05)
(-0.0074104464 0.012849612 5.1497984e-06)
(-0.054490802 0.10697444 -0.00010742792)
(-0.021417834 0.054745215 4.5252433e-05)
(-0.0074104492 0.012849633 -5.142329e-06)
(-0.0544908 0.10697446 0.00010759814)
(0.31646957 0.38919157 0.00089103463)
(1.0881711 1.1144353 -0.00021849603)
(1.0184561 1.0447443 -0.0006038046)
(0.86903018 1.0391466 0.0001937548)
(0.31646959 0.38919159 -0.00089100535)
(1.0881711 1.1144354 0.00021859061)
(1.0184561 1.0447443 0.00060387741)
(0.91543107 0.8983707 -0.00056330297)
(0.91543111 0.89837074 0.00056339866)
(-0.051763254 0.053289129 -7.0894293e-05)
(-0.051763247 0.053289129 7.088722e-05)
(-0.060462875 0.10497594 -3.8128548e-05)
(-0.061969095 0.073374727 -6.0832941e-05)
(-0.064516215 0.10684816 -2.4169161e-05)
(-0.017440217 0.022251162 -4.9073133e-05)
(-0.060462874 0.10497596 3.8286272e-05)
(-0.061969093 0.073374736 6.0861508e-05)
(-0.064516204 0.1068482 2.4324692e-05)
(0.46935266 0.38549848 -0.0019406645)
(1.4668707 1.1005162 -0.00040099023)
(1.4131649 1.0302793 -0.0003453402)
(1.2031179 1.0265924 0.00073494602)
(0.46935269 0.38549851 0.0019407044)
(1.4668707 1.1005163 0.00040107017)
(1.413165 1.0302794 0.00034541323)
(1.3771374 0.91438916 -0.00061383289)
(0.68125808 0.31436096 9.5407639e-05)
(0.23953253 0.15824654 0.0002229094)
(1.3771374 0.91438928 0.00061392323)
(0.68125809 0.31436098 -9.5372806e-05)
(0.44526764 0.19258746 -0.00076544619)
(0.13809837 0.020753492 -0.00020362249)
(0.44526763 0.19258747 0.00076545618)
(0.1380983 0.020753488 0.00020357012)
(0.017148323 0.0013122611 -8.8420175e-07)
(0.00014060524 0.0055224464 -2.9618706e-05)
(0.017148301 0.0013122691 8.5260226e-07)
(0.00014062741 0.0055224309 2.9608379e-05)
(-0.011972823 0.0080874694 -1.8717324e-05)
(0.0005698823 0.0091475328 -8.5717979e-05)
(0.0097986566 0.032127871 -0.00031183343)
(-0.011972813 0.0080874613 1.8717982e-05)
(0.00056987244 0.0091475268 8.5700814e-05)
(0.0097986553 0.032127869 0.00031178613)
(-0.05800705 0.060788003 -5.9530318e-05)
(-0.014875586 0.047366935 -7.6282189e-05)
(-0.011520629 0.061451488 -3.552075e-05)
(-0.0228562 0.017802466 0.00010034748)
(-0.058007047 0.060787999 5.9501697e-05)
(-0.014875586 0.047366934 7.623342e-05)
(-0.011520611 0.061451482 3.5462613e-05)
(0.48889571 0.10080982 -0.00071449344)
(1.7315669 0.74323551 -0.0002113325)
(1.6062688 0.585686 -0.0002179747)
(1.1047399 0.51542628 0.0013870453)
(0.48889529 0.10080979 0.00071428779)
(1.7315669 0.74323564 0.00021119046)
(1.6062685 0.58568597 0.00021802294)
(0.14979787 0.014140538 7.187394e-05)
(1.4014045 0.41952399 -0.00025408423)
(1.1964166 0.27376861 -0.00027983318)
(0.30731842 0.06570825 0.00095016805)
(0.1497804 0.014140261 -7.7448584e-05)
(1.4014051 0.41952429 0.00025346734)
(1.1964159 0.27376903 0.0002791385)
(0.06811583 -0.0022150899 0.00014870597)
(0.99413435 0.1567047 -0.00029295443)
(0.82244831 0.083950579 -0.00028271943)
(0.11894659 0.0038291544 7.9718047e-05)
(0.068115747 -0.0022150615 -0.00014888022)
(0.99413451 0.15670486 0.00029209695)
(0.82244821 0.083950657 0.00028200643)
(0.083267262 -0.0069979756 0.00011656328)
(0.71561981 0.047759207 -0.00021788927)
(0.60343843 0.050561437 -0.00017321027)
(0.083335379 0.0024951856 -3.1504013e-05)
(0.083267175 -0.0069979723 -0.0001166595)
(0.71561971 0.047759223 0.00021732151)
(0.60343838 0.05056143 0.00017276207)
(1.7846231 -0.850206 -0.00024746036)
(1.6118397 -0.93310593 -0.00022209859)
(1.4787237 -0.76020714 -0.0004361771)
(1.7793329 -0.94796518 0.00015062061)
(1.7846231 -0.85020597 0.00024743888)
(1.6118397 -0.93310592 0.00022201295)
(1.4787235 -0.76020708 0.0004361195)
(0.4898505 -0.045852163 -7.7990367e-05)
(0.13989889 -0.0065399908 -0.00022613089)
(0.13869655 -0.027970156 -0.00013467113)
(0.53186162 -0.035178842 0.00011566128)
(0.4898503 -0.045852135 7.8097177e-05)
(0.13989866 -0.0065400355 0.00022636513)
(0.13869645 -0.027970188 0.00013496838)
(0.43133445 -0.18623907 -0.00031657207)
(0.34812883 -0.13066157 -0.00018631556)
(0.34462999 -0.12890706 0.00011904942)
(0.016635493 -0.001177995 -1.1384393e-05)
(0.016021464 0.00081790634 -3.3008709e-05)
(0.015771451 0.00075653237 1.8662097e-05)
(-0.014605273 -0.01081086 -6.5931464e-05)
(0.0006310601 -0.0089909897 -2.329443e-05)
(0.0077768763 -0.01662304 -0.00019334108)
(-0.0050919478 -0.0046314681 -3.3277544e-05)
(0.007358943 -0.016669358 -6.0362282e-05)
(-0.0050191417 -0.0045202291 -1.8206051e-06)
(-0.014749087 -0.01094675 -0.00012312184)
(0.25373239 -0.25927776 -0.00017332089)
(0.91075855 -0.89768941 -1.9888942e-05)
(0.6393728 -0.58407009 -0.00043858531)
(0.61403341 -0.63330906 -0.00023207654)
(0.63599832 -0.58102661 7.5190622e-05)
(0.6116936 -0.63133533 -7.0557372e-05)
(0.25792488 -0.2628655 -0.00025706)
(-0.01395642 -0.011988101 5.6486147e-06)
(-0.013721822 -0.011784194 1.1251725e-05)
(0.73228351 -0.9790536 -6.2595725e-05)
(0.65854926 -0.7999881 -9.9844478e-06)
(0.52502337 -0.83048165 -1.968965e-05)
(0.8335716 -0.8644088 1.2587516e-05)
(0.7322835 -0.97905359 6.2660771e-05)
(0.65854926 -0.79998808 1.0058367e-05)
(0.52502338 -0.83048168 1.9762465e-05)
(-0.0081177001 -0.015510738 -1.2923265e-05)
(-0.0067334152 -0.01170517 -3.7078985e-06)
(-0.020476378 -0.035742316 -2.2344002e-05)
(-0.020222799 -0.03545984 -1.4141672e-05)
(-0.0082628762 -0.01578665 -1.8071542e-05)
(-0.05806359 -0.18327183 -3.5648976e-06)
(-0.048864562 -0.1269819 -8.5320705e-06)
(-0.061818064 -0.17647396 -4.185417e-06)
(-0.056265239 -0.14319374 2.2950288e-05)
(-0.058063592 -0.18327189 3.950504e-06)
(-0.048864592 -0.12698197 8.7981083e-06)
(-0.061818096 -0.17647406 4.5948118e-06)
(0.16445987 -0.33514159 0.0004318846)
(0.11262717 -0.27669098 0.00018349374)
(0.11147563 -0.27386808 -8.2129115e-06)
(-0.0185615 -0.045681085 1.9232929e-06)
(-0.007596718 -0.028420746 2.4409157e-05)
(-0.023959679 -0.062551394 3.8557322e-05)
(-0.0053727553 -0.020438949 -1.9946762e-06)
(-0.023853972 -0.062342804 1.0286556e-05)
(-0.0052821858 -0.020264084 -1.6758821e-05)
(-0.018733217 -0.045839477 4.2251541e-05)
(-0.015622766 0.023085464 1.4566724e-05)
(-0.0026502812 0.0032137301 -1.5520581e-05)
(-0.013759501 0.0064316432 7.8191702e-05)
(-0.003599866 0.011134266 -1.2341595e-06)
(-0.013572177 0.0064010069 2.1216755e-05)
(-0.0035055209 0.011010299 -2.0588113e-05)
(-0.015814134 0.023160344 6.5905483e-05)
(0.021170629 0.095805285 -8.4861664e-05)
(0.063740694 0.20655214 0.00038311597)
(0.062738953 0.20379738 0.00013074707)
(-0.038766815 0.097744608 1.0331616e-05)
(-0.010594595 0.044272545 -2.1050662e-05)
(-0.028695721 0.078799818 -1.27149e-06)
(-0.022649284 0.068520023 3.7602951e-05)
(-0.028565448 0.078638756 -2.4478795e-05)
(-0.022508804 0.068222227 1.6880495e-05)
(-0.03881529 0.097810709 2.4676788e-05)
(0.52047664 0.81078415 -4.8488567e-06)
(0.83286587 0.84142845 -1.5760901e-05)
(0.72975629 0.96038722 -5.7224666e-05)
(0.65723468 0.77517309 8.5961591e-06)
(0.52047665 0.8107842 5.0242504e-06)
(0.83286586 0.84142846 1.5812727e-05)
(0.72975631 0.96038717 5.7324051e-05)
(0.21231372 0.3723371 0.00092923652)
(0.25666375 0.50245316 -0.00047372062)
(0.090030579 0.19983677 -0.0001090689)
(0.43884161 0.69618434 0.00039082675)
(0.088051536 0.1972449 -0.00031137603)
(0.43834181 0.69440764 0.00048502315)
(0.21460346 0.37665391 0.0012478314)
(-0.066316258 0.17163133 -1.8700956e-06)
(-0.059638707 0.14610168 -1.8856435e-05)
(-0.063120918 0.18015722 -1.940127e-06)
(-0.051763392 0.12872277 2.6571262e-06)
(-0.066316246 0.17163134 2.4083003e-06)
(-0.059638704 0.14610169 1.9195373e-05)
(-0.063120917 0.18015724 2.4625637e-06)
(0.23717026 0.25228736 -0.00017566962)
(0.23373112 0.24798298 1.876215e-05)
(-0.051525412 0.068915981 -7.6398512e-05)
(-0.017236977 0.02191289 4.6590603e-05)
(-0.038666218 0.055476486 -5.989803e-05)
(-0.031350775 0.035359436 -3.1328941e-05)
(-0.038540255 0.055115327 -1.8955567e-05)
(-0.031187034 0.035014099 -1.0835823e-06)
(-0.05157568 0.069146706 -0.00014824719)
(0.26532756 0.15498768 0.00039993439)
(0.23659168 0.15530676 0.00011144739)
(0.65412884 0.43872911 0.00085970874)
(0.64923314 0.43459894 0.00088032886)
(0.26994264 0.15812497 0.00036758487)
(-0.0462672 0.046926008 -3.6692447e-05)
(-0.022503673 0.017599118 -6.4285393e-05)
(-0.035551378 0.031532889 -9.1174884e-06)
(-0.038344532 0.034310171 -4.4660292e-05)
(-0.035244398 0.031311292 7.1588467e-06)
(-0.038286502 0.034276109 -4.0589136e-06)
(-0.046239276 0.04701391 -9.2062916e-05)
(1.4949134 0.7656237 -0.00043304992)
(1.7917297 0.94750995 -0.00013834096)
(1.7986079 0.85211549 -0.00023283095)
(1.624009 0.93462721 0.00021435538)
(1.4949134 0.76562377 0.00043308692)
(1.7917297 0.94750997 0.00013829037)
(1.7986079 0.85211559 0.00023280002)
(0.69497537 0.16013319 0.00034456212)
(0.30369692 0.065565547 -0.00043525133)
(0.2369537 0.045739558 6.575511e-06)
(0.84269677 0.23125427 -0.00023186558)
(0.23468113 0.04537892 0.00014897704)
(0.83910974 0.23074878 0.00014158106)
(0.69845522 0.16118557 0.0001281225)
(0.38015233 0.020054405 0.00015429534)
(0.11751808 0.0037163007 2.6436829e-05)
(0.094422633 -0.00034105046 -2.3509766e-05)
(0.4433899 0.03478493 -0.00023136374)
(0.093261298 -0.0003117735 7.6957383e-05)
(0.44075015 0.034179801 2.3358939e-05)
(0.38266772 0.020538135 -4.9010593e-05)
(0.29336226 -0.00098651156 -4.846486e-05)
(0.082428358 0.002237714 -5.9346248e-05)
(0.10661867 -0.0045207832 1.5174748e-05)
(0.30242948 -0.0029109308 -0.00034930433)
(0.10555764 -0.004543152 5.7091824e-05)
(0.30100576 -0.0030212666 -0.00012981217)
(0.29399387 -0.00083334953 -0.00019194723)
(0.13879204 0.028579541 -0.00013652031)
(0.53631189 0.036796031 -0.00011858388)
(0.49230581 0.047712264 -7.9460778e-05)
(0.14069026 0.0067403067 0.00023000815)
(0.13879201 0.028579547 0.00013641737)
(0.5363118 0.036796035 0.0001182482)
(0.49230579 0.047712255 7.9210773e-05)
(1.1871537 -0.45776352 -0.00015119024)
(0.47670102 -0.098225473 3.5509649e-05)
(1.0018397 -0.30762493 0.00015184934)
(0.77406985 -0.267272 -0.00099003665)
(0.99962639 -0.30672341 0.00055976541)
(0.77025081 -0.26538457 -0.00037739364)
(1.1877373 -0.4576087 -0.0006429835)
(1.1871533 -0.45776335 0.00015117064)
(0.4767011 -0.098225522 -3.5656308e-05)
(1.0018398 -0.30762506 -0.00015202859)
(0.7740696 -0.26727201 0.00098992539)
(0.99962627 -0.30672341 -0.00055986427)
(0.7702509 -0.26538462 0.00037724481)
(1.1877373 -0.45760881 0.00064300533)
(0.68265062 -0.15703578 0.00034656265)
(0.29763922 -0.064286379 -0.00042677532)
(0.82819144 -0.2270245 -0.00021693716)
(0.23212962 -0.044827051 9.9544438e-06)
(0.82463681 -0.22652311 0.00014569922)
(0.22989622 -0.044478615 0.00014794855)
(0.68609982 -0.15807364 0.00013942117)
(0.58773194 -0.10179049 0.00013152363)
(0.14497731 -0.013626639 0.0001325579)
(0.50775894 -0.067343365 6.266862e-05)
(0.18469527 -0.025395602 4.8200788e-05)
(0.50476825 -0.066504181 0.00023045703)
(0.18250891 -0.024973044 0.00013042677)
(0.59090157 -0.10280432 -0.00012425043)
(0.68265058 -0.15703579 -0.00034693115)
(0.29763915 -0.064286378 0.00042657304)
(0.82819122 -0.22702451 0.00021668199)
(0.23212935 -0.04482704 -1.0110287e-05)
(0.82463696 -0.22652323 -0.0001459855)
(0.22989607 -0.044478574 -0.0001481668)
(0.68609933 -0.1580736 -0.00013962484)
(0.58773155 -0.10179047 -0.00013199649)
(0.1449778 -0.013626631 -0.00013304125)
(0.50776411 -0.067343748 -6.3373621e-05)
(0.18469481 -0.025395677 -4.8482684e-05)
(0.50476879 -0.06650423 -0.00023128689)
(0.18250873 -0.02497304 -0.00013077373)
(0.59090068 -0.10280444 0.00012390067)
(0.37405821 -0.019422406 0.00014921491)
(0.11534581 -0.0035769338 2.9635964e-05)
(0.43584909 -0.033809863 -0.0002207669)
(0.092867818 0.00039308111 -2.6340511e-05)
(0.43322252 -0.033213339 2.8318541e-05)
(0.091714922 0.00036260182 7.2724583e-05)
(0.37655117 -0.019894736 -5.0390068e-05)
(0.32470139 -0.0017650077 1.056691e-05)
(0.066040983 0.0023684102 8.6256658e-05)
(0.30651853 -0.0018974284 -0.00016009478)
(0.075592531 0.0039503943 -0.0001159365)
(0.30440357 -0.0015957216 2.7973129e-05)
(0.074650791 0.0039332263 -1.2125244e-05)
(0.3269913 -0.0020378652 -0.00025956937)
(0.37405774 -0.019422884 -0.00015306115)
(0.11534483 -0.0035765409 -2.5777522e-05)
(0.43582307 -0.033801104 0.00022346518)
(0.09285574 0.00039198488 2.2164306e-05)
(0.43322141 -0.033212537 -2.416442e-05)
(0.091714672 0.00036228261 -7.6823331e-05)
(0.37653267 -0.019893782 4.6090119e-05)
(0.32470162 -0.0017652397 -1.2492432e-05)
(0.066041162 0.0023683192 -8.6692157e-05)
(0.306518 -0.001897623 0.00015945844)
(0.075595194 0.003949871 0.00011465867)
(0.30440348 -0.0015958373 -2.8586518e-05)
(0.074651468 0.0039330737 1.0768856e-05)
(0.32699153 -0.002038175 0.0002576275)
(0.28990302 0.0012394591 -4.1919416e-05)
(0.081503919 -0.0021564585 -5.2530057e-05)
(0.29856649 0.0031376149 -0.00031852644)
(0.10558408 0.0045539133 2.4017317e-05)
(0.29715433 0.00324158 -0.00011261501)
(0.10452866 0.0045741877 6.095992e-05)
(0.29054238 0.0010888711 -0.00017650681)
(0.2899028 0.0012394418 4.1651682e-05)
(0.081503878 -0.0021564963 5.2241727e-05)
(0.29856565 0.0031375145 0.00031813349)
(0.1055837 0.0045538455 -2.4167624e-05)
(0.29715398 0.0032415291 0.00011223091)
(0.1045285 0.0045741649 -6.1141094e-05)
(0.29054156 0.001088813 0.00017623726)
(1.0859986 -0.88815127 0.00050974963)
(0.45631445 -0.37743734 -0.0014130279)
(0.91340222 -0.72125459 -4.1784902e-05)
(0.7282386 -0.61823378 -0.00016110313)
(0.90980749 -0.72135576 0.00014004449)
(0.7257209 -0.61750132 2.6427631e-05)
(1.0872164 -0.88823621 0.00029807189)
(1.0859986 -0.88815124 -0.00050976848)
(0.45631443 -0.37743731 0.0014130444)
(0.91340222 -0.72125457 4.1754615e-05)
(0.72823851 -0.61823368 0.00016108463)
(0.90980738 -0.72135564 -0.00014003304)
(0.72572085 -0.61750128 -2.6451751e-05)
(1.0872163 -0.88823617 -0.00029808008)
(0.44417554 -0.24484044 -0.0011842902)
(0.66536832 -0.30603682 0.00060847091)
(1.0127605 -0.59342152 -0.00097651713)
(0.22361105 -0.092339953 -0.00019796208)
(1.0083324 -0.59242249 -0.00034788355)
(0.22082414 -0.09038102 0.00021680074)
(0.45024564 -0.24773933 -0.0018910753)
(0.26125314 -0.15266674 0.00039366121)
(0.23347672 -0.15332626 0.00011169813)
(0.64553148 -0.43316743 0.0008464895)
(0.64069316 -0.42907707 0.00087669892)
(0.265805 -0.15575459 0.00035563726)
(0.44417552 -0.24484042 0.0011842016)
(0.66536835 -0.3060368 -0.00060847476)
(1.0127603 -0.59342143 0.00097638685)
(0.22361107 -0.092339982 0.00019793461)
(1.0083323 -0.59242244 0.00034771516)
(0.22082417 -0.090381024 -0.00021681377)
(0.45024557 -0.24773927 0.0018910147)
(0.2612531 -0.15266672 -0.00039370361)
(0.23347671 -0.15332623 -0.00011169803)
(0.64553138 -0.43316736 -0.00084653596)
(0.64069322 -0.42907712 -0.00087672349)
(0.26580496 -0.15575455 -0.00035565603)
(0.13294824 -0.019858407 8.8620479e-05)
(0.27755426 -0.080217609 -0.0003801599)
(0.27352852 -0.07861049 -3.229071e-05)
(0.43133445 -0.18623905 0.00031661647)
(0.34812875 -0.13066151 0.00018629243)
(0.34463011 -0.12890711 -0.0001190703)
(0.13294823 -0.0198584 -8.8667807e-05)
(0.27755436 -0.080217681 0.0003801182)
(0.27352853 -0.078610517 3.2231016e-05)
(0.00022495216 -0.0055859322 -9.9453153e-07)
(0.0074473188 -0.00095423791 -9.5369754e-05)
(0.0073565693 -0.0010069363 -2.1377518e-05)
(0.01663549 -0.0011779922 1.132633e-05)
(0.01602136 0.00081789698 3.2973696e-05)
(0.015771423 0.0007565391 -1.8701167e-05)
(0.00022489291 -0.0055859522 1.0864593e-06)
(0.0074472208 -0.00095425947 9.5385555e-05)
(0.0073565756 -0.0010069451 2.1396014e-05)
(-0.011445202 -0.0086287142 5.2035645e-06)
(-0.011759995 -0.0078636912 3.347166e-06)
(-0.029166575 -0.021917841 -1.0314579e-05)
(-0.029015176 -0.021742044 3.8425407e-06)
(-0.011630961 -0.0088015716 6.989294e-06)
(-0.014605287 -0.010810866 6.6028628e-05)
(0.00063103227 -0.0089910067 2.3444573e-05)
(0.0077767417 -0.01662309 0.00019353558)
(-0.005091983 -0.0046314787 3.3322179e-05)
(0.0073588978 -0.016669382 6.0569452e-05)
(-0.0050191601 -0.004520234 1.873274e-06)
(-0.01474912 -0.010946767 0.00012320489)
(-0.011445212 -0.0086287149 -5.150234e-06)
(-0.01176 -0.0078636951 -3.3188336e-06)
(-0.029166607 -0.021917851 1.0400977e-05)
(-0.029015167 -0.021742051 -3.7471417e-06)
(-0.011630977 -0.0088015803 -6.9429146e-06)
(-0.045743231 -0.046030382 -3.4618217e-05)
(-0.02235657 -0.017375909 -6.4166346e-05)
(-0.038015567 -0.03386608 -4.4345402e-05)
(-0.035203019 -0.030968356 -9.5400843e-06)
(-0.037958398 -0.033834219 -3.2145224e-06)
(-0.034896452 -0.030749251 6.4807836e-06)
(-0.04571496 -0.046114771 -9.0849363e-05)
(-0.045743236 -0.046030393 3.4781307e-05)
(-0.022356567 -0.017375912 6.4214483e-05)
(-0.038015582 -0.033866097 4.4472544e-05)
(-0.035203028 -0.030968376 9.6211607e-06)
(-0.037958414 -0.03383423 3.3460098e-06)
(-0.03489646 -0.030749254 -6.3996071e-06)
(-0.045714984 -0.046114791 9.1003533e-05)
(0.82523356 -0.95919032 -0.00030678726)
(0.31301239 -0.38463624 0.0008058845)
(0.57129731 -0.61611594 -0.00069098316)
(0.65901559 -0.80728733 -0.0003872656)
(0.5687097 -0.611094 -9.1270132e-05)
(0.65751093 -0.80433008 -1.9720395e-05)
(0.82617869 -0.9607587 -0.00095338377)
(0.82523358 -0.95919033 0.00030679457)
(0.31301243 -0.38463629 -0.000805892)
(0.57129733 -0.61611598 0.00069096602)
(0.65901561 -0.80728734 0.00038728198)
(0.56870968 -0.61109397 9.1251004e-05)
(0.65751093 -0.80433007 1.9726254e-05)
(0.82617868 -0.96075869 0.00095340193)
(0.28083411 -0.23241017 0.00022848916)
(0.27705399 -0.2285036 0.00039770977)
(0.23604857 -0.25130397 -0.0001706639)
(0.23263717 -0.24701574 2.6915653e-05)
(0.25373237 -0.25927774 0.00017328215)
(0.91075853 -0.89768941 1.9824099e-05)
(0.63937272 -0.58407003 0.00043853859)
(0.61403337 -0.63330905 0.00023205333)
(0.63599827 -0.58102658 -7.5266807e-05)
(0.61169359 -0.63133533 7.0510756e-05)
(0.25792484 -0.26286548 0.00025703706)
(0.28083406 -0.23241012 -0.00022850326)
(0.27705395 -0.22850356 -0.00039773483)
(0.23604855 -0.25130397 0.0001706427)
(0.2326372 -0.24701578 -2.6934139e-05)
(-0.012241319 -0.012082162 -7.7875666e-06)
(-0.050523934 -0.051081182 -2.2665374e-05)
(-0.033270212 -0.030014817 -3.1536567e-05)
(-0.030659747 -0.032113047 -4.3917442e-05)
(-0.033033066 -0.029775684 -2.3459698e-06)
(-0.030417354 -0.031877815 -2.1377537e-05)
(-0.012446869 -0.012269691 -1.6178351e-05)
(-0.011295027 -0.012539746 -1.6336721e-05)
(-0.011097707 -0.012323915 -8.1043287e-06)
(-0.01395642 -0.011988102 -5.6265101e-06)
(-0.013721824 -0.0117842 -1.122603e-05)
(-0.012241324 -0.012082177 7.8069953e-06)
(-0.050523944 -0.051081218 2.2769945e-05)
(-0.033270217 -0.030014852 3.159963e-05)
(-0.03065976 -0.032113075 4.3970806e-05)
(-0.03303307 -0.029775666 2.41077e-06)
(-0.03041736 -0.031877794 2.1429177e-05)
(-0.012446872 -0.01226969 1.6197632e-05)
(-0.011295032 -0.01253973 1.6348495e-05)
(-0.01109772 -0.012323933 8.1167957e-06)
(-0.049319816 -0.06489889 -7.0319176e-05)
(-0.016299163 -0.020380326 4.138228e-05)
(-0.029934552 -0.033182273 -3.0338573e-05)
(-0.036644295 -0.05189716 -5.9285139e-05)
(-0.029774189 -0.032860843 -1.5873159e-06)
(-0.036514934 -0.051552313 -1.9061297e-05)
(-0.049376152 -0.065118755 -0.00013889477)
(-0.04931983 -0.064898958 7.0339911e-05)
(-0.016299178 -0.02038037 -4.1406924e-05)
(-0.029934571 -0.033182279 3.0364109e-05)
(-0.0366443 -0.051897205 5.9284749e-05)
(-0.029774189 -0.032860789 1.5916161e-06)
(-0.036514926 -0.05155228 1.9023198e-05)
(-0.04937615 -0.065118724 0.00013892755)
(0.15025404 -0.24356146 -0.00027784812)
(0.13751029 -0.21284921 -5.2029845e-05)
(0.37023014 -0.55080999 -0.00031219755)
(0.36675061 -0.54843594 -3.2947631e-05)
(0.15294212 -0.24744127 -0.00047626551)
(0.21404087 -0.37713274 0.00094925922)
(0.26032472 -0.51285812 -0.00047057108)
(0.4431065 -0.708853 0.00039434167)
(0.091145335 -0.20338292 -0.00010733575)
(0.44260555 -0.70704098 0.00049636912)
(0.08913835 -0.20074255 -0.00031215326)
(0.21634665 -0.3815157 0.0012732903)
(0.15025405 -0.24356147 0.00027785454)
(0.1375103 -0.21284922 5.2028931e-05)
(0.37023015 -0.55081 0.00031219662)
(0.36675065 -0.54843602 3.295832e-05)
(0.15294214 -0.2474413 0.0004762584)
(0.21404088 -0.37713275 -0.00094927233)
(0.26032475 -0.5128582 0.00047057973)
(0.44310653 -0.70885311 -0.00039432472)
(0.091145364 -0.20338301 0.00010733375)
(0.44260554 -0.70704099 -0.00049637562)
(0.089138349 -0.20074257 0.00031213595)
(0.21634663 -0.38151567 -0.0012732947)
(-0.014155804 -0.02930794 7.5912292e-05)
(-0.019727957 -0.051608757 -4.2518911e-05)
(-0.034427718 -0.074780271 1.505536e-05)
(-0.0060279979 -0.016674615 -1.6794861e-06)
(-0.034365215 -0.074400031 2.939324e-05)
(-0.0059058005 -0.016446354 -1.6186624e-05)
(-0.014317625 -0.02974542 0.00010197152)
(-0.0081177161 -0.015510755 1.2949261e-05)
(-0.0067334157 -0.011705179 3.6879627e-06)
(-0.020476374 -0.035742335 2.2339587e-05)
(-0.020222851 -0.035460029 1.412282e-05)
(-0.0082628813 -0.015786712 1.8093584e-05)
(-0.014155868 -0.029308044 -7.5779664e-05)
(-0.019728024 -0.051608816 4.2672469e-05)
(-0.034427768 -0.07478023 -1.4846633e-05)
(-0.0060280061 -0.016674582 1.7140321e-06)
(-0.034365281 -0.074400184 -2.9163886e-05)
(-0.0059058067 -0.016446346 1.6250658e-05)
(-0.014317642 -0.029745487 -0.00010190613)
(0.28182281 -0.54157471 0.0001333722)
(0.087144654 -0.29205757 -0.00013960452)
(0.18085562 -0.44556844 0.00019362676)
(0.19784537 -0.43663668 -8.1540734e-05)
(0.17982542 -0.44421766 0.00011293545)
(0.1970759 -0.4360733 -0.00019224887)
(0.28217038 -0.54170998 0.00021368534)
(0.28182284 -0.54157478 -0.00013318176)
(0.087144661 -0.29205761 0.0001397544)
(0.18085564 -0.4455685 -0.00019350824)
(0.1978454 -0.43663667 8.1769e-05)
(0.17982543 -0.44421765 -0.00011280639)
(0.19707591 -0.43607334 0.00019251596)
(0.2821704 -0.54170998 -0.00021349637)
(0.021866416 -0.10076464 -8.69508e-05)
(0.065270896 -0.21424156 0.00039813635)
(0.064257848 -0.21139622 0.00014166416)
(0.16445985 -0.33514153 -0.00043186459)
(0.11262718 -0.27669095 -0.00018345332)
(0.11147565 -0.27386815 8.2391902e-06)
(0.021866417 -0.10076464 8.6989799e-05)
(0.065270907 -0.2142416 -0.00039811156)
(0.064257862 -0.21139627 -0.00014163058)
(-0.013861109 -0.035948106 4.3592631e-05)
(-0.010955651 -0.031898227 1.666485e-05)
(-0.010832901 -0.031559052 -1.6419944e-07)
(-0.0022458643 -0.013481895 -1.0873751e-05)
(-0.0071462614 -0.027063201 4.585215e-05)
(-0.0070301675 -0.026685163 1.8745974e-05)
(-0.013861115 -0.035948175 -4.3525971e-05)
(-0.010955674 -0.031898312 -1.6617048e-05)
(-0.010832908 -0.031559143 2.1141915e-07)
(-0.0022458828 -0.013481923 1.0868437e-05)
(-0.007146196 -0.027062994 -4.5819147e-05)
(-0.0070302059 -0.026685289 -1.8709506e-05)
(-0.037088482 -0.10072137 7.5325723e-06)
(-0.010072494 -0.044767298 -2.1249016e-05)
(-0.021688942 -0.068611831 3.8164948e-05)
(-0.027719065 -0.082515172 -7.4634425e-06)
(-0.021559233 -0.068304756 1.8602915e-05)
(-0.027596248 -0.082340514 -2.6563105e-05)
(-0.037128516 -0.10079327 1.8572194e-05)
(-0.037088518 -0.10072162 -7.2648509e-06)
(-0.010072519 -0.044767401 2.1285486e-05)
(-0.021688974 -0.068612016 -3.801666e-05)
(-0.027719096 -0.08251525 7.6457189e-06)
(-0.021559238 -0.068304812 -1.8491998e-05)
(-0.027596241 -0.08234061 2.6786168e-05)
(-0.037128493 -0.10079328 -1.8319939e-05)
(0.11434645 -0.23346078 -5.0896461e-05)
(0.060615179 -0.18190932 0.00016812976)
(0.1597868 -0.32258096 0.0002766747)
(0.0385883 -0.1266329 -3.2997988e-05)
(0.159205 -0.32177383 0.00012098568)
(0.038032708 -0.12561104 -0.00010297125)
(0.11526113 -0.23394703 0.00017010038)
(0.090855855 -0.14152056 6.5114041e-05)
(0.016844247 -0.028719831 -8.3791421e-05)
(0.023863635 -0.075152079 -1.0193679e-05)
(0.076754992 -0.058297302 0.00039945702)
(0.023317403 -0.074339281 -0.0001148703)
(0.075809617 -0.058106698 9.8859488e-05)
(0.09182724 -0.14193138 0.0003279605)
(0.11434649 -0.23346077 5.1422346e-05)
(0.06061519 -0.18190935 -0.00016795364)
(0.15978683 -0.32258093 -0.00027633867)
(0.038588271 -0.12663285 3.3194068e-05)
(0.15920502 -0.32177377 -0.00012062379)
(0.038032712 -0.12561099 0.00010320483)
(0.11526111 -0.23394684 -0.00016959349)
(0.090855891 -0.14152044 -6.4318334e-05)
(0.016844243 -0.028719758 8.4370352e-05)
(0.023863552 -0.075152044 1.0509107e-05)
(0.076754575 -0.058296974 -0.00039795159)
(0.023317404 -0.074339187 0.00011522281)
(0.075809641 -0.058106525 -9.757659e-05)
(0.091827162 -0.14193109 -0.0003271773)
(-0.015403473 -0.028299033 1.3155327e-05)
(-0.002646826 -0.0047247538 -1.5095048e-05)
(-0.0035818982 -0.012459843 -1.6544254e-06)
(-0.013735008 -0.011997826 7.843754e-05)
(-0.0034896246 -0.012320953 -2.016266e-05)
(-0.013548104 -0.011941878 2.1938817e-05)
(-0.015591333 -0.028402018 6.2963811e-05)
(-0.018561683 -0.04568159 -1.4308534e-06)
(-0.0075968168 -0.028421002 -2.4294763e-05)
(-0.023959782 -0.062551738 -3.8191293e-05)
(-0.0053728662 -0.020439238 2.2443249e-06)
(-0.023853975 -0.062342655 -9.9614379e-06)
(-0.0052822092 -0.020263989 1.705159e-05)
(-0.018733241 -0.045839533 -4.1699271e-05)
(-0.01540345 -0.028298907 -1.2839672e-05)
(-0.0026468647 -0.004724838 1.5345465e-05)
(-0.0035814665 -0.0124584 1.9771954e-06)
(-0.013733991 -0.011998066 -7.7548975e-05)
(-0.0034896439 -0.012320933 2.0246401e-05)
(-0.013548125 -0.011942011 -2.1387085e-05)
(-0.01559023 -0.028400864 -6.2372737e-05)
(0.089100765 0.11733521 6.7989645e-05)
(0.016626063 0.017258094 -8.528576e-05)
(0.076609258 0.033823868 0.00040098238)
(0.023017497 0.063608884 -7.0578949e-06)
(0.075655975 0.03369721 9.9583459e-05)
(0.022473923 0.062909491 -0.00011330868)
(0.090080064 0.11768562 0.00034054007)
(0.11202851 0.20942637 -4.2337745e-05)
(0.058220539 0.16954149 0.00015380972)
(0.037053498 0.11481694 -3.1309659e-05)
(0.15631017 0.29855248 0.00029175897)
(0.036501512 0.1139041 -0.00010410814)
(0.15570071 0.29779808 0.00012230139)
(0.11295229 0.20985358 0.00018808782)
(0.089100807 0.11733489 -6.7693491e-05)
(0.016626101 0.017258148 8.5990655e-05)
(0.07660411 0.033826728 -0.00039777662)
(0.023015068 0.063602286 8.5908054e-06)
(0.075656012 0.033697598 -9.8124885e-05)
(0.022474021 0.062909176 0.00011356688)
(0.090074774 0.11768118 -0.00033846428)
(0.11202871 0.20942638 4.3420897e-05)
(0.058220612 0.1695413 -0.00015307447)
(0.037054022 0.1148173 3.2428671e-05)
(0.15631051 0.29855237 -0.00029079786)
(0.036501663 0.11390408 0.00010518033)
(0.15570087 0.29779802 -0.00012134548)
(0.11295266 0.20985412 -0.00018670858)
(-0.018823007 0.041006584 2.4265594e-06)
(-0.007817913 0.027756759 2.2854327e-05)
(-0.0054444076 0.019424367 -1.7128746e-06)
(-0.024623924 0.058312045 4.5000362e-05)
(-0.0053505572 0.019259746 -1.7367931e-05)
(-0.024509151 0.058127365 1.3377834e-05)
(-0.019000348 0.041138115 4.6361085e-05)
(-0.01562285 0.02308517 -1.4180394e-05)
(-0.0026503208 0.0032135643 1.5668078e-05)
(-0.01375945 0.0064312958 -7.7685768e-05)
(-0.0035998679 0.011134126 1.3426653e-06)
(-0.013572194 0.0064010233 -2.078661e-05)
(-0.0035055186 0.01101033 2.0721903e-05)
(-0.015814093 0.023160346 -6.5522176e-05)
(-0.018822995 0.041006612 -2.0732674e-06)
(-0.0078179144 0.027756716 -2.2756553e-05)
(-0.0054444086 0.019424338 1.8215573e-06)
(-0.024623894 0.058312015 -4.4705827e-05)
(-0.0053505618 0.019259696 1.7492151e-05)
(-0.024509165 0.058127359 -1.3082822e-05)
(-0.019000352 0.041137987 -4.6052913e-05)
(0.27813944 0.51685718 0.00012916625)
(0.084606578 0.27653652 -0.00013342088)
(0.1949991 0.41183598 -6.9813704e-05)
(0.17707656 0.4272047 0.00019645598)
(0.1942268 0.41130214 -0.00018857401)
(0.17603731 0.42590503 0.00010740518)
(0.27849772 0.51698689 0.00021630366)
(0.27813949 0.51685711 -0.0001286402)
(0.0846066 0.2765364 0.00013391942)
(0.19499926 0.4118358 7.046844e-05)
(0.17707663 0.42720463 -0.00019608626)
(0.19422689 0.41130211 0.00018926382)
(0.17603733 0.42590503 -0.00010699539)
(0.27849783 0.51698691 -0.00021581992)
(0.16153391 0.32752419 0.00041722423)
(0.11029235 0.268852 0.00017940293)
(0.10915604 0.26611341 -1.2373921e-05)
(0.021170622 0.095805239 8.4976932e-05)
(0.063740704 0.20655215 -0.00038300439)
(0.062738948 0.20379737 -0.00013062858)
(0.16153393 0.32752424 -0.00041715589)
(0.11029236 0.26885204 -0.00017931423)
(0.10915604 0.26611339 1.2471684e-05)
(-0.0023845547 0.013566527 -1.1203794e-05)
(-0.0074777403 0.027795832 4.8212717e-05)
(-0.0073568514 0.027407984 1.840242e-05)
(-0.014827616 0.037798255 4.6120606e-05)
(-0.011574601 0.033206388 2.0442788e-05)
(-0.011446568 0.03285314 3.5299068e-07)
(-0.0023845387 0.013566525 1.1233562e-05)
(-0.0074777394 0.027795825 -4.8157774e-05)
(-0.0073568871 0.02740797 -1.8335458e-05)
(-0.014827604 0.037798257 -4.6044286e-05)
(-0.011574604 0.033206406 -2.0374162e-05)
(-0.011446586 0.032853182 -2.7351424e-07)
(-0.038766901 0.097744565 -9.9932954e-06)
(-0.010594635 0.044272505 2.1173013e-05)
(-0.028695771 0.078799783 1.5460099e-06)
(-0.022649333 0.068520023 -3.7423727e-05)
(-0.028565436 0.078638759 2.4778902e-05)
(-0.022508786 0.068222278 -1.6695771e-05)
(-0.038815301 0.097810758 -2.4368591e-05)
(0.14965787 0.24146758 -0.00027624056)
(0.13750192 0.21228886 -5.4714267e-05)
(0.36933968 0.54706517 -0.00031638888)
(0.36586616 0.54471545 -3.909359e-05)
(0.1523381 0.24530947 -0.00047533135)
(0.21231371 0.37233708 -0.00092917416)
(0.25666376 0.50245315 0.00047379588)
(0.090030601 0.19983681 0.00010909653)
(0.43884165 0.69618441 -0.00039071057)
(0.08805155 0.19724494 0.00031139668)
(0.43834185 0.6944077 -0.00048490923)
(0.21460349 0.37665395 -0.0012477779)
(0.14965787 0.2414676 0.00027626285)
(0.13750193 0.21228887 5.4727314e-05)
(0.36933971 0.54706525 0.00031642577)
(0.36586615 0.54471543 3.9131604e-05)
(0.15233811 0.2453095 0.00047535722)
(-0.015331701 0.031526602 8.119742e-05)
(-0.021229804 0.054383582 -4.6348259e-05)
(-0.0065565057 0.017805785 -2.2361568e-06)
(-0.036907792 0.078449562 1.668577e-05)
(-0.0064231574 0.017563771 -1.8236736e-05)
(-0.036846196 0.078068236 2.9621363e-05)
(-0.015505684 0.031990917 0.00010970273)
(-0.008847849 0.016798819 -1.373136e-05)
(-0.0072559812 0.012668491 -3.5359963e-06)
(-0.022083936 0.038602947 -2.3702559e-05)
(-0.021815776 0.038302679 -1.4666881e-05)
(-0.0090064687 0.017096685 -1.9896426e-05)
(-0.015331723 0.031526643 -8.1156932e-05)
(-0.021229839 0.054383655 4.6449226e-05)
(-0.0065565244 0.017805828 2.257905e-06)
(-0.036907824 0.078449652 -1.6552073e-05)
(-0.0064231598 0.017563774 1.8264092e-05)
(-0.036846206 0.078068269 -2.9492339e-05)
(-0.015505691 0.031990945 -0.00010966864)
(-0.0088478582 0.016798833 1.3746182e-05)
(-0.0072559839 0.012668495 3.5475453e-06)
(-0.022083958 0.038602976 2.3729899e-05)
(-0.021815784 0.038302727 1.4706627e-05)
(-0.0090064751 0.01709672 1.991008e-05)
(0.82415166 0.95289269 -0.00030228099)
(0.31313118 0.38408058 0.00080290355)
(0.65737725 0.80110936 -0.00038627877)
(0.57175367 0.61542005 -0.00068365705)
(0.65586505 0.79816859 -2.9896792e-05)
(0.56914878 0.61042589 -9.9470293e-05)
(0.82510863 0.9544379 -0.00090470279)
(0.82415166 0.95289271 0.00030236078)
(0.31313118 0.38408056 -0.00080286148)
(0.65737726 0.80110942 0.00038633748)
(0.57175369 0.61542007 0.00068371624)
(0.65586507 0.79816865 2.9956004e-05)
(0.5691488 0.61042593 9.9556356e-05)
(0.82510865 0.95443796 0.00090478016)
(0.25568642 0.26061009 -0.00017715501)
(0.91371097 0.89712647 -1.642871e-06)
(0.61622575 0.63358179 -0.00022997089)
(0.64352828 0.58665283 -0.00043384842)
(0.61387886 0.63161383 -7.5790547e-05)
(0.64012304 0.58361966 7.2168952e-05)
(0.25990858 0.26421918 -0.00025882952)
(0.28381321 0.23469045 0.00022790276)
(0.27998165 0.23075079 0.00039441272)
(0.23717028 0.25228739 0.00017570125)
(0.23373112 0.24798299 -1.8717791e-05)
(0.25568644 0.26061011 0.00017720827)
(0.913711 0.89712649 1.755994e-06)
(0.61622578 0.63358184 0.0002300372)
(0.64352834 0.58665292 0.00043392606)
(0.61387889 0.63161384 7.587607e-05)
(0.64012308 0.58361973 -7.207073e-05)
(0.2599086 0.26421921 0.00025886058)
(0.28381324 0.23469049 -0.0002278703)
(0.27998166 0.23075081 -0.00039436977)
(-0.011770085 0.013252518 -1.6585944e-05)
(-0.011565239 0.013023991 -7.9160608e-06)
(-0.014143716 0.012232127 6.4933945e-06)
(-0.01390679 0.012023699 1.2255876e-05)
(-0.012544634 0.01250541 -6.6353919e-06)
(-0.051632027 0.053113848 -2.5359151e-05)
(-0.031541894 0.033579656 -4.3327918e-05)
(-0.033891436 0.03089076 -3.0890399e-05)
(-0.031295009 0.033330853 -2.0198802e-05)
(-0.033654097 0.030641545 -8.2050119e-07)
(-0.012754109 0.012700775 -1.521031e-05)
(-0.011770079 0.013252515 1.6588836e-05)
(-0.01156523 0.01302399 7.9162845e-06)
(-0.014143712 0.012232123 -6.5000396e-06)
(-0.013906779 0.012023687 -1.2263196e-05)
(-0.012544628 0.012505404 6.6294631e-06)
(-0.051632011 0.053113837 2.5348926e-05)
(-0.031541873 0.033579638 4.3328253e-05)
(-0.033891411 0.030890734 3.087613e-05)
(-0.031295008 0.033330851 2.0193124e-05)
(-0.033654096 0.030641545 8.0675864e-07)
(-0.012754107 0.012700772 1.5207155e-05)
(-0.051525395 0.068916013 7.6447579e-05)
(-0.017236966 0.0219129 -4.6579951e-05)
(-0.038666212 0.055476542 5.995058e-05)
(-0.031350758 0.035359453 3.1348313e-05)
(-0.038540264 0.055115343 1.9004855e-05)
(-0.031187035 0.0350141 1.0972071e-06)
(-0.051575684 0.069146739 0.00014830013)
(1.0934695 0.89087386 0.00051300779)
(0.46234368 0.38146615 -0.0014214759)
(0.73444101 0.62170524 -0.00015099987)
(0.9226786 0.72692421 -2.8590927e-05)
(0.73190841 0.62097741 2.865145e-05)
(0.91907021 0.72706072 0.00013551197)
(1.0946782 0.89093626 0.00032311624)
(1.0934695 0.89087391 -0.00051290123)
(0.46234369 0.38146617 0.0014215258)
(0.73444104 0.62170531 0.00015106996)
(0.92267863 0.72692425 2.8666741e-05)
(0.73190843 0.62097747 -2.8568518e-05)
(0.91907023 0.72706077 -0.0001354111)
(1.0946782 0.89093632 -0.00032302971)
(0.45182698 0.24869113 -0.0012024473)
(0.67682042 0.31151206 0.0006100889)
(0.22759169 0.093980821 -0.00020279733)
(1.0269823 0.60118769 -0.0009828675)
(0.22475444 0.091982106 0.00021874138)
(1.0225258 0.60021058 -0.00035282358)
(0.45800338 0.25164128 -0.0019138283)
(0.26532757 0.15498768 -0.00039988135)
(0.23659169 0.15530676 -0.00011141622)
(0.65412887 0.43872914 -0.0008596393)
(0.64923315 0.43459895 -0.00088023914)
(0.26994265 0.15812498 -0.00036755331)
(0.45182699 0.24869115 0.0012025187)
(0.67682046 0.31151208 -0.00061004277)
(0.22759169 0.093980826 0.00020281273)
(1.0269823 0.60118777 0.00098294499)
(0.22475444 0.091982105 -0.00021871995)
(1.0225258 0.60021061 0.00035291723)
(0.45800338 0.25164129 0.0019138855)
(0.43974594 0.19019892 -0.00033006096)
(0.35510397 0.13343045 -0.00019110686)
(0.35153676 0.13165707 0.00011920133)
(0.13563607 0.020271988 9.0652832e-05)
(0.28318593 0.081863614 -0.00038397031)
(0.27907935 0.080233672 -3.0929585e-05)
(0.43974594 0.19019892 0.00033006562)
(0.35510394 0.13343045 0.00019108867)
(0.35153676 0.13165707 -0.00011922675)
(0.13563606 0.020271989 -9.0715503e-05)
(0.28318587 0.081863603 0.00038393348)
(0.27907934 0.080233671 3.0879122e-05)
(0.016801886 0.0012055378 -1.3384526e-05)
(0.01609524 -0.00080532586 -3.6507503e-05)
(0.015846368 -0.00074375459 1.7296441e-05)
(0.00011336162 0.0056270015 -2.1780915e-06)
(0.007406463 0.00097447066 -9.8898731e-05)
(0.0073169552 0.0010278483 -2.2816652e-05)
(0.016801867 0.0012055396 1.3360745e-05)
(0.016095208 -0.00080531607 3.6467592e-05)
(0.015846407 -0.00074376399 -1.7325715e-05)
(0.00011334761 0.005627005 2.1719084e-06)
(0.0074064248 0.00097446607 9.8877969e-05)
(0.007316972 0.0010278494 2.2792819e-05)
(-0.011501145 0.0086639178 5.1191839e-06)
(-0.011814173 0.0079151983 3.1470529e-06)
(-0.029313745 0.022034945 -1.2037522e-05)
(-0.029161035 0.021857826 2.9707498e-06)
(-0.01168757 0.0088371772 6.6439727e-06)
(-0.014721085 0.01085917 -6.6613695e-05)
(0.00050125612 0.0090524671 -2.3330633e-05)
(-0.0051576606 0.00466263 -3.355151e-05)
(0.0076741419 0.016731869 -0.000195249)
(-0.0050837424 0.0045509752 -1.7882523e-06)
(0.0072549818 0.016778111 -6.0834567e-05)
(-0.014866451 0.010995185 -0.00012454388)
(-0.011501143 0.0086639157 -5.1187671e-06)
(-0.011814168 0.0079151964 -3.1447547e-06)
(-0.02931374 0.022034943 1.2037425e-05)
(-0.029161002 0.021857803 -2.971762e-06)
(-0.011687553 0.0088371686 -6.6461243e-06)
(-0.014721063 0.010859159 6.6613177e-05)
(0.00050129537 0.0090524512 2.3325962e-05)
(-0.0051576405 0.0046626226 3.3548281e-05)
(0.0076741666 0.016731857 0.00019522241)
(-0.0050837419 0.0045509746 1.789857e-06)
(0.00725499 0.016778103 6.0812331e-05)
(-0.014866444 0.010995181 0.00012453532)
(-0.046267164 0.046925982 3.6663848e-05)
(-0.022503654 0.017599101 6.4284238e-05)
(-0.035551344 0.031532858 9.1022996e-06)
(-0.038344489 0.034310136 4.4645091e-05)
(-0.035244396 0.03131129 -7.1749484e-06)
(-0.038286498 0.03427611 4.0477871e-06)
(-0.046239262 0.047013904 9.2033126e-05)
(1.2052696 0.46486573 -0.0001591968)
(0.48597488 0.10020119 3.9452618e-05)
(0.78777929 0.27217497 -0.00098091934)
(1.0183377 0.31270966 0.00013714804)
(0.78389858 0.27025813 -0.00036902195)
(1.0161161 0.31179339 0.00055689286)
(1.2058519 0.46471513 -0.00065524207)
(1.2052694 0.46486571 0.00015909284)
(0.48597482 0.1002012 -3.9696462e-05)
(0.7877792 0.27217497 0.00098083535)
(1.0183377 0.31270968 -0.00013732309)
(0.78389858 0.27025812 0.00036890687)
(1.0161161 0.31179337 -0.00055708715)
(1.2058518 0.46471516 0.00065518347)
(0.59850697 0.10410115 0.0001362895)
(0.14789321 0.013952608 0.00013149915)
(0.18859478 0.025982412 5.2174557e-05)
(0.5168298 0.068918196 5.3444921e-05)
(0.18633731 0.025542162 0.00013828026)
(0.51377163 0.068056436 0.00022884598)
(0.60174598 0.10514777 -0.00012836467)
(0.69497677 0.16013351 -0.00034585271)
(0.30369682 0.065565631 0.00043466348)
(0.23695884 0.045740218 -7.5856203e-06)
(0.8426956 0.23125446 0.00023148875)
(0.23468192 0.045379052 -0.00015007981)
(0.83910956 0.23074882 -0.0001419143)
(0.69846285 0.16118726 -0.00012934537)
(0.59850594 0.10410025 -0.00013112769)
(0.14789292 0.013952951 -0.00013648378)
(0.18856533 0.025976492 -4.9641042e-05)
(0.51680988 0.068916455 -5.984615e-05)
(0.18633604 0.025541722 -0.00013373906)
(0.51377117 0.06805701 -0.00023411059)
(0.60171524 0.10513587 0.0001311563)
(0.32967642 0.0020674152 1.2021465e-05)
(0.066888084 -0.0023630372 8.5154811e-05)
(0.076722837 -0.0039671568 -0.00011852427)
(0.31087072 0.0021880747 -0.00017165286)
(0.075762735 -0.0039502136 -1.2072058e-05)
(0.30871035 0.0018780517 2.447004e-05)
(0.33200599 0.0023485019 -0.00026406827)
(0.38015274 0.02005455 -0.00015552473)
(0.11751896 0.0037164298 -2.8044925e-05)
(0.094423241 -0.00034089057 2.308079e-05)
(0.44339152 0.034784902 0.00022800845)
(0.093261518 -0.00031170907 -7.7423071e-05)
(0.44075073 0.034180067 -2.6468128e-05)
(0.38266822 0.020538186 4.7764895e-05)
(0.3296764 0.0020674843 -1.2767706e-05)
(0.066888086 -0.002363025 -8.5316445e-05)
(0.07672274 -0.0039670733 0.00011826438)
(0.31087052 0.0021881227 0.00017115901)
(0.075762791 -0.0039501843 1.1795783e-05)
(0.30871034 0.0018780844 -2.4954816e-05)
(0.33200583 0.0023486013 0.00026334145)
(0.29336235 -0.00098651252 4.8178197e-05)
(0.082428428 0.0022377172 5.9219718e-05)
(0.10661865 -0.0045207771 -1.5308926e-05)
(0.30242942 -0.0029109256 0.00034893012)
(0.10555759 -0.004543146 -5.722866e-05)
(0.30100567 -0.0030212446 0.00012947085)
(0.29399373 -0.00083334588 0.00019163639)
(1.9543935 -0.67163257 5.5642955e-06)
(1.904709 -0.74515341 -2.1463124e-05)
(1.8783821 -0.65684095 -4.3136897e-05)
(1.9285334 -0.76539415 -1.0215051e-05)
(1.9543935 -0.67163257 -5.6476744e-06)
(1.9047087 -0.74515349 2.1501045e-05)
(1.878382 -0.65684089 4.3210785e-05)
(1.9112716 -0.51451844 -1.7119016e-05)
(1.7980995 -0.54435045 -8.0738742e-05)
(1.684142 -0.43572135 -0.00011010872)
(1.9476259 -0.60944471 -3.2247806e-06)
(1.9112717 -0.51451846 1.7191642e-05)
(1.7980997 -0.54435048 8.0904721e-05)
(1.6841422 -0.43572153 0.00011003972)
(1.7873723 -0.36775616 -3.8549173e-05)
(1.5604589 -0.33619776 -0.00012471097)
(1.4114329 -0.25302984 -0.00012375728)
(1.8506418 -0.44556815 3.3636278e-05)
(1.7873722 -0.36775615 3.8391327e-05)
(1.5604588 -0.33619789 0.0001244994)
(1.4114328 -0.25302984 0.0001235083)
(1.6680555 -0.25826653 -3.8073644e-05)
(1.3254349 -0.19737057 -0.00010008124)
(1.1144965 -0.13575593 -8.3873971e-05)
(1.6753333 -0.3091505 3.6671614e-05)
(1.6680554 -0.25826649 3.7898731e-05)
(1.3254348 -0.19737053 9.9790563e-05)
(1.1144964 -0.13575588 8.3567314e-05)
(1.7409029 -0.97966813 -0.00010635706)
(1.6208641 -1.0406089 -0.00014568401)
(1.6457352 -1.0148577 -0.00022167225)
(1.6596089 -1.036596 5.6022411e-05)
(1.7409029 -0.97966814 0.0001063282)
(1.6208639 -1.0406089 0.00014572274)
(1.6457353 -1.0148577 0.00022171145)
(0.47165323 -0.023804304 -1.5709465e-05)
(0.14610976 -0.034472664 -4.9951501e-05)
(0.14415794 -0.027215179 -1.1302074e-05)
(0.45722309 -0.031611584 4.493018e-05)
(0.47165307 -0.023804292 1.5852942e-05)
(0.14610965 -0.034472675 5.024504e-05)
(0.14415792 -0.027215178 1.1590172e-05)
(1.453325 -1.1243459 -0.00019375431)
(1.2797177 -1.114364 -7.441333e-06)
(1.2715989 -1.1219485 -0.00045984628)
(1.3727568 -1.0877778 -4.1916079e-05)
(1.453325 -1.1243459 0.00019374573)
(1.2797177 -1.114364 7.4719544e-06)
(1.271599 -1.1219486 0.00045985086)
(0.72586521 -0.43498276 7.4024108e-05)
(1.3654395 -0.90969315 -0.00015577435)
(1.1970288 -0.72610269 0.0001381999)
(1.1479647 -0.76110448 -0.00044395626)
(1.1949667 -0.72505625 0.00066200321)
(1.1460486 -0.75890619 -8.4693103e-05)
(0.73030994 -0.43726926 -0.00029718357)
(0.033916047 -0.064854507 -2.8782753e-06)
(-0.055703498 -0.071125397 -3.8003958e-05)
(-0.043389615 -0.084971431 -1.1399084e-05)
(0.0057827554 -0.053589389 1.4141989e-05)
(0.033916028 -0.064854508 3.122972e-06)
(-0.055703517 -0.0711254 3.8192064e-05)
(-0.043389619 -0.084971491 1.1622667e-05)
(1.1058602 -1.04745 3.6547159e-05)
(0.96866191 -0.89208781 2.3794786e-05)
(0.94674409 -1.0449832 -4.914689e-05)
(1.0826819 -0.88816854 7.4162102e-06)
(1.1058602 -1.04745 -3.6541632e-05)
(0.96866192 -0.89208779 -2.3772275e-05)
(0.94674408 -1.0449832 4.919752e-05)
(-0.024246391 -0.15958195 3.3751549e-06)
(-0.056642124 -0.1441023 -1.2499747e-05)
(-0.045563245 -0.17748109 -9.8903263e-07)
(-0.04917751 -0.13027851 5.3465553e-06)
(-0.024246388 -0.159582 -2.9880645e-06)
(-0.056642112 -0.14410233 1.2762387e-05)
(-0.045563245 -0.17748112 1.3718779e-06)
(0.3764068 -0.58344956 -0.00035871575)
(0.70237392 -0.97816 0.00019555042)
(0.59805168 -0.84448395 -0.00011838163)
(0.583697 -0.86680529 -0.0003616453)
(0.59616804 -0.84293683 0.00013023191)
(0.58290006 -0.86532523 -0.00020833706)
(0.37834044 -0.58739014 -0.00058755164)
(0.64661229 -0.55463448 -3.6127185e-05)
(0.67716236 -0.36059154 -8.2815641e-06)
(0.55610922 -0.42420591 -1.7858902e-05)
(0.7680269 -0.43982208 1.0995228e-05)
(0.6466123 -0.55463445 3.6150765e-05)
(0.67716237 -0.36059153 8.2922276e-06)
(0.55610923 -0.42420591 1.7903628e-05)
(-0.043145593 -0.11397743 -1.575653e-05)
(-0.035832076 -0.088668317 6.40957e-05)
(-0.050356274 -0.12603125 -9.486445e-05)
(-0.029157438 -0.080043615 8.6552665e-06)
(-0.050445111 -0.1259516 -6.4177235e-05)
(-0.029054436 -0.079792069 -4.7045605e-07)
(-0.043170488 -0.11411403 -1.9587836e-05)
(-0.12704434 -0.17190148 -5.8224429e-07)
(-0.099080003 -0.1377716 7.4082962e-07)
(-0.13887345 -0.1398415 -6.309125e-07)
(-0.093681009 -0.17224649 4.0612062e-06)
(-0.12704434 -0.17190144 9.8374682e-07)
(-0.09907997 -0.13777149 -1.9146254e-07)
(-0.13887348 -0.13984157 1.0698331e-06)
(0.485967 -0.26512021 -1.746896e-06)
(0.60074074 -0.095673825 -5.3991503e-07)
(0.44560455 -0.10690282 1.3349178e-05)
(0.63483974 -0.21125264 1.2072417e-05)
(0.48596702 -0.26512019 1.8219248e-06)
(0.60074076 -0.095673815 5.5922802e-07)
(0.44560459 -0.10690283 -1.3249628e-05)
(-0.15651679 -0.092616493 2.5710944e-07)
(-0.1045462 -0.038483069 8.6311328e-06)
(-0.16078516 -0.042140579 2.1126885e-06)
(-0.10424249 -0.091452196 -4.9675341e-06)
(-0.15651679 -0.092616455 2.2707951e-07)
(-0.10454616 -0.038482977 -8.0039927e-06)
(-0.16078521 -0.042140634 -1.6320026e-06)
(0.44571377 0.077361601 1.3263723e-05)
(0.6344599 0.18580997 -1.2500689e-05)
(0.48493621 0.23625552 -1.9084226e-06)
(0.60174053 0.069749585 9.1937932e-07)
(0.44571381 0.077361626 -1.3147735e-05)
(0.63445992 0.18580998 1.2530063e-05)
(0.48493627 0.23625551 2.0385038e-06)
(-0.16276313 0.015941424 2.2080043e-06)
(-0.10756874 0.072522489 5.8215877e-06)
(-0.16168629 0.067537305 2.0553009e-07)
(-0.1059071 0.018340833 -8.1102308e-06)
(-0.16276312 0.015941452 -1.6871281e-06)
(-0.1075687 0.072522545 -5.201836e-06)
(-0.16168634 0.067537275 3.0971826e-07)
(0.55567479 0.39726929 -1.8660312e-05)
(0.769669 0.41685616 -1.1094493e-05)
(0.64649401 0.52936498 -3.7362026e-05)
(0.67894001 0.3365651 8.8424637e-06)
(0.55567483 0.39726928 1.8761432e-05)
(0.76966902 0.41685615 1.1103379e-05)
(0.64649404 0.52936493 3.7427099e-05)
(-0.14593913 0.11700742 -5.7616131e-07)
(-0.10004235 0.15807226 -3.5817936e-06)
(-0.13666646 0.15121003 -8.897924e-07)
(-0.10417043 0.12079219 -3.2784422e-07)
(-0.14593912 0.11700744 1.1354076e-06)
(-0.10004232 0.15807229 4.2097239e-06)
(-0.1366665 0.15121001 1.4454197e-06)
(0.94865103 1.0265168 -2.6318264e-05)
(1.0864522 0.8719417 4.224993e-06)
(1.1082303 1.0301027 6.8416537e-05)
(0.96945512 0.87235989 -2.8585474e-05)
(0.94865103 1.0265167 2.6388692e-05)
(1.0864522 0.87194164 -4.2503706e-06)
(1.1082303 1.0301027 -6.8365204e-05)
(-0.049263686 0.17612645 -8.5782855e-08)
(-0.05080245 0.13451817 -3.8063029e-06)
(-0.027207605 0.15969355 3.2798543e-06)
(-0.059297943 0.14761124 1.1063114e-05)
(-0.049263686 0.17612645 6.1849257e-07)
(-0.050802444 0.13451817 4.1348205e-06)
(-0.027207594 0.15969357 -2.7610685e-06)
(1.2758934 1.1170121 -0.00045936615)
(1.3789764 1.0754529 7.0036252e-05)
(1.4594918 1.1183933 -0.00018228555)
(1.2832956 1.1036516 7.8980506e-06)
(1.2758934 1.1170121 0.00045940996)
(1.3789764 1.0754529 -7.0093499e-05)
(1.4594917 1.1183932 0.00018230157)
(-0.043703967 0.090097498 -1.1581666e-05)
(0.0048581786 0.05733245 -1.4415157e-05)
(0.033404535 0.069210072 -1.5514019e-06)
(-0.056517141 0.0750861 3.8347954e-05)
(-0.043703964 0.090097506 1.1696283e-05)
(0.0048581743 0.057332459 1.4377389e-05)
(0.033404543 0.069210084 1.6045259e-06)
(1.656071 1.0127977 -0.00020875578)
(1.6698717 1.0324456 -5.3331632e-05)
(1.7521182 0.97722059 -9.1601036e-05)
(1.6288429 1.0370444 0.00013976526)
(1.656071 1.0127977 0.00020870393)
(1.6698718 1.0324456 5.3270394e-05)
(1.7521182 0.97722048 9.1547515e-05)
(1.3148285 0.56771696 0.00016295534)
(1.1028287 0.51542455 -0.00073966625)
(0.93775053 0.3919275 -0.00083703883)
(1.4270936 0.68365142 -0.00047074933)
(0.93542429 0.3910326 -0.00028143351)
(1.4274367 0.68477022 -8.9899364e-05)
(1.3149401 0.56684181 -0.00022642369)
(0.14307451 0.029504116 -1.3704629e-05)
(0.45791156 0.03395432 -4.2081276e-05)
(0.47143515 0.026601797 -1.3449866e-05)
(0.1452848 0.035861156 4.9371637e-05)
(0.14307449 0.029504124 1.358678e-05)
(0.45791154 0.03395432 4.1866742e-05)
(0.47143514 0.026601796 1.3240825e-05)
(1.8951917 0.6609785 -4.0009904e-05)
(1.9444156 0.76725621 1.1288891e-05)
(1.9708748 0.67480282 6.9293811e-06)
(1.9198729 0.74767782 1.8039845e-05)
(1.8951915 0.66097859 3.9981213e-05)
(1.9444156 0.76725624 -1.1350043e-05)
(1.9708747 0.67480282 -6.9649174e-06)
(1.7023371 0.44092616 -0.00010972074)
(1.9646078 0.61359278 4.5854991e-06)
(1.9286137 0.51946762 -1.6032023e-05)
(1.8161248 0.54923787 7.8933713e-05)
(1.7023371 0.4409263 0.00010937846)
(1.964608 0.61359269 -4.6707493e-06)
(1.9286138 0.5194676 1.5888996e-05)
(1.4275255 0.25805036 -0.0001253075)
(1.8678587 0.45108163 -3.2936421e-05)
(1.804333 0.37385335 -3.8371742e-05)
(1.5782263 0.34145737 0.00012501629)
(1.4275255 0.25805043 0.00012482953)
(1.8678588 0.4510817 3.2726663e-05)
(1.804333 0.37385343 3.8110114e-05)
(1.125946 0.13993751 -8.7349182e-05)
(1.6910863 0.31541084 -3.703414e-05)
(1.6831593 0.26503911 -3.9159227e-05)
(1.3401567 0.20233644 0.00010199269)
(1.1259459 0.13993754 8.6862997e-05)
(1.6910865 0.3154109 3.6719386e-05)
(1.6831594 0.26503917 3.8794798e-05)
(1.2964267 -0.56024983 0.00016605376)
(1.0870655 -0.50890597 -0.00074930906)
(1.4093726 -0.67657746 -0.00047727519)
(0.92282941 -0.38581589 -0.00085815511)
(1.4097117 -0.67769311 -9.06241e-05)
(0.92052803 -0.38492153 -0.00029746006)
(1.2965413 -0.55937711 -0.00022384148)
(1.2964267 -0.56024982 -0.00016618015)
(1.0870656 -0.50890599 0.00074929004)
(1.4093725 -0.67657726 0.00047719172)
(0.92282969 -0.38581603 0.0008580484)
(1.4097116 -0.67769304 9.0538589e-05)
(0.92052796 -0.38492148 0.00029732064)
(1.2965408 -0.5593769 0.00022382385)
(0.26005005 0.0023534115 -3.6491298e-05)
(0.081958319 0.0072453406 0.00017344822)
(0.24662401 -0.0016913802 -0.00058477334)
(0.096137881 0.0060642954 -3.99321e-05)
(0.24604898 -0.0012614244 -0.00033386296)
(0.095363887 0.0060378834 3.120507e-05)
(0.26076686 0.0022602258 -0.00018143166)
(0.26004978 0.002353407 3.6378057e-05)
(0.081958258 0.0072453263 -0.00017332582)
(0.24662352 -0.0016914098 0.00058480821)
(0.09613752 0.0060642275 3.9881692e-05)
(0.2460487 -0.0012614425 0.00033392786)
(0.095363694 0.0060378558 -3.1234606e-05)
(0.26076623 0.0022601723 0.00018132033)
(0.72586522 -0.43498276 -7.4117842e-05)
(1.3654395 -0.90969313 0.000155712)
(1.1970288 -0.72610266 -0.00013829182)
(1.1479647 -0.76110444 0.00044393263)
(1.1949666 -0.72505623 -0.00066215207)
(1.1460486 -0.75890616 8.4652261e-05)
(0.73030987 -0.4372692 0.00029712563)
(-0.021783737 -0.019537614 -9.451383e-06)
(0.0098943775 -0.03155654 -0.00016601001)
(0.0083679254 -0.02137567 -0.00020447334)
(-0.026534893 -0.027959953 -2.1200898e-05)
(0.0079529965 -0.021333522 -4.6137281e-05)
(-0.026662492 -0.027749844 3.2644889e-05)
(-0.021912492 -0.019675833 -4.3792861e-05)
(-0.021783735 -0.019537618 9.6012297e-06)
(0.0098943694 -0.031556549 0.00016626743)
(0.0083678292 -0.021375698 0.00020469878)
(-0.026534936 -0.027959969 2.1366492e-05)
(0.0079529176 -0.021333554 4.6382386e-05)
(-0.026662539 -0.027749863 -3.2458811e-05)
(-0.021912564 -0.019675854 4.3939958e-05)
(0.37640682 -0.58344958 0.00035872732)
(0.70237397 -0.97816009 -0.0001955158)
(0.59805171 -0.84448399 0.00011839566)
(0.58369699 -0.86680529 0.00036166118)
(0.596168 -0.84293675 -0.00013020543)
(0.58290005 -0.86532524 0.000208351)
(0.37834046 -0.58739019 0.00058757575)
(-0.023630667 -0.045370411 -1.6696631e-05)
(-0.051548085 -0.10213963 -5.6608296e-05)
(-0.038721785 -0.068622929 3.2180892e-05)
(-0.041578056 -0.088000544 -7.9396753e-05)
(-0.038604283 -0.06837203 3.5914636e-05)
(-0.041500499 -0.08767557 -3.9366136e-05)
(-0.023766266 -0.045740128 -2.4150432e-05)
(-0.023630704 -0.045370627 1.6811169e-05)
(-0.051548161 -0.10214008 5.6762956e-05)
(-0.038721854 -0.068623291 -3.2079901e-05)
(-0.04157816 -0.088000879 7.956332e-05)
(-0.038604236 -0.068371827 -3.586015e-05)
(-0.041500476 -0.087675436 3.9589555e-05)
(-0.02376631 -0.045740161 2.4282973e-05)
(0.35921001 -0.63930215 -0.0001255186)
(0.34730863 -0.63104286 4.8156466e-05)
(0.45128141 -0.72445999 -3.6238926e-05)
(0.2614015 -0.54477446 -0.00011980032)
(0.45107377 -0.72436588 2.4035348e-05)
(0.26045806 -0.54328917 -0.0001161999)
(0.35960447 -0.63960628 -0.00011841833)
(0.35921003 -0.63930213 0.00012565808)
(0.34730867 -0.63104299 -4.8084277e-05)
(0.45128143 -0.72446006 3.6341068e-05)
(0.26140154 -0.54477454 0.00011986895)
(0.45107376 -0.72436585 -2.392585e-05)
(0.26045806 -0.54328922 0.00011629414)
(0.35960447 -0.63960633 0.00011856523)
(-0.043145698 -0.11397776 1.6043855e-05)
(-0.035832163 -0.088668638 -6.3907014e-05)
(-0.05035633 -0.12603152 9.5176138e-05)
(-0.029157403 -0.080043647 -8.5202276e-06)
(-0.050445101 -0.1259515 6.4464035e-05)
(-0.029054427 -0.07979205 6.4710281e-07)
(-0.043170483 -0.11411413 1.9914054e-05)
(0.35505759 0.61504637 -0.00013011641)
(0.3417794 0.61307011 4.6882384e-05)
(0.25679842 0.52638761 -0.00011210916)
(0.44662941 0.70094552 -1.5127035e-05)
(0.25585458 0.52496226 -0.00011709567)
(0.44640797 0.7008723 3.0314142e-05)
(0.35545442 0.61532914 -0.00011834357)
(0.35505763 0.61504642 0.00013052345)
(0.34177941 0.61307009 -4.6650002e-05)
(0.25679848 0.52638766 0.00011241528)
(0.44662946 0.70094557 1.5399112e-05)
(0.25585461 0.52496229 0.00011742217)
(0.44640801 0.70087236 -3.002354e-05)
(0.35545451 0.61532917 0.00011870922)
(-0.045215997 0.11206922 -1.4472635e-05)
(-0.037606801 0.090231365 6.1009277e-05)
(-0.030532157 0.080758769 9.3274378e-06)
(-0.05309918 0.12505176 -8.0683612e-05)
(-0.030422344 0.080512923 -1.9842205e-06)
(-0.053176954 0.12497915 -5.5895165e-05)
(-0.045247683 0.11219912 -1.4312083e-05)
(-0.045216029 0.11206932 1.482237e-05)
(-0.037606873 0.09023148 -6.0792809e-05)
(-0.03053221 0.080758843 -9.1361157e-06)
(-0.053099226 0.12505188 8.1028883e-05)
(-0.030422347 0.08051289 2.1897627e-06)
(-0.053176938 0.12497911 5.6243992e-05)
(-0.045247712 0.11219912 1.4647771e-05)
(0.37366475 0.57620816 -0.00035609003)
(0.69856972 0.96395548 0.00020583315)
(0.57864223 0.85242329 -0.00036290216)
(0.59509601 0.83493638 -0.00010794473)
(0.57785333 0.85096892 -0.00021631433)
(0.59319886 0.83343032 0.00013427756)
(0.3755831 0.58008708 -0.00058625591)
(0.37366477 0.57620822 0.00035618516)
(0.69856971 0.96395549 -0.00020571717)
(0.57864223 0.85242333 0.00036302921)
(0.59509604 0.83493648 0.00010801687)
(0.57785335 0.85096893 0.00021644762)
(0.59319888 0.83343043 -0.00013420111)
(0.37558314 0.58008718 0.00058631225)
(-0.025529036 0.048677907 -1.7978006e-05)
(-0.054550357 0.10690528 -5.673916e-05)
(-0.044228523 0.092370682 -7.8235205e-05)
(-0.041157546 0.073016945 3.3161586e-05)
(-0.04414847 0.092044023 -4.1350096e-05)
(-0.041036362 0.07276153 3.624921e-05)
(-0.025674633 0.049070737 -2.6027224e-05)
(-0.025529045 0.048677963 1.8033972e-05)
(-0.054550365 0.10690537 5.6911772e-05)
(-0.044228541 0.092370773 7.8384626e-05)
(-0.041157564 0.07301704 -3.3070709e-05)
(-0.044148476 0.092044034 4.1501192e-05)
(-0.04103637 0.072761521 -3.6162482e-05)
(-0.025674654 0.049070783 2.6092232e-05)
(0.7365454 0.44074975 8.5293715e-05)
(1.3773156 0.91415966 -0.0001505014)
(1.1607593 0.76728155 -0.00043879882)
(1.2111377 0.73282455 0.00014180805)
(1.1588313 0.76506956 -8.0522103e-05)
(1.2090757 0.73177918 0.0006659449)
(0.74104058 0.4430705 -0.00027702865)
(0.73654542 0.44074978 -8.5174562e-05)
(1.3773156 0.91415973 0.00015059966)
(1.1607594 0.76728164 0.00043888843)
(1.2111378 0.73282469 -0.00014171207)
(1.1588313 0.76506959 8.0634649e-05)
(1.2090757 0.73177927 -0.00066583256)
(0.74104061 0.44307052 0.00027711382)
(-0.021958062 0.019634309 -9.5856052e-06)
(0.0095753341 0.031953075 -0.00016795531)
(-0.026819985 0.028205344 -2.4158998e-05)
(0.0081525929 0.021567336 -0.00020578516)
(-0.026946004 0.027991559 3.1870703e-05)
(0.0077359437 0.021524153 -4.5917047e-05)
(-0.022088195 0.019772761 -4.4751668e-05)
(-0.021958033 0.019634296 9.5768172e-06)
(0.0095753782 0.031953061 0.00016791026)
(-0.02681994 0.028205321 2.4143575e-05)
(0.0081526261 0.021567316 0.00020574144)
(-0.026946012 0.027991563 -3.1890516e-05)
(0.0077359385 0.021524157 4.5881933e-05)
(-0.022088178 0.019772752 4.4741902e-05)
(1.3148286 0.56771698 -0.0001630197)
(1.1028287 0.51542456 0.00073966375)
(0.93775045 0.39192751 0.00083701411)
(1.4270936 0.68365149 0.00047075506)
(0.93542427 0.39103261 0.00028138865)
(1.4274368 0.68477023 8.9899566e-05)
(1.3149401 0.56684189 0.00022641118)
(0.26284057 -0.002124684 -3.9692304e-05)
(0.082502501 -0.0072589401 0.00017258786)
(0.096941586 -0.0060515897 -4.6556887e-05)
(0.24901458 0.0019844883 -0.00059486818)
(0.096163341 -0.006024764 2.8707636e-05)
(0.2484344 0.0015512615 -0.00033848866)
(0.26355963 -0.0020305825 -0.00019069854)
(0.26284054 -0.0021246995 3.9438722e-05)
(0.082502582 -0.0072589627 -0.00017266761)
(0.096941561 -0.0060515934 4.642196e-05)
(0.24901454 0.0019844725 0.00059465099)
(0.09616332 -0.00602476 -2.8816182e-05)
(0.24843432 0.0015512727 0.00033828247)
(0.26355959 -0.0020305811 0.00019045297)
)
;

boundaryField
{
    inlet
    {
        type            codedFixedValue;
        value           nonuniform List<vector> 
41
(
(0.072278406 0 0)
(0.21148126 0 0)
(0.34354551 0 0)
(0.46847115 0 0)
(0.58625818 0 0)
(0.6969066 0 0)
(0.80041642 0 0)
(0.89678763 0 0)
(0.98602023 0 0)
(1.0681142 0 0)
(1.1430696 0 0)
(1.2108864 0 0)
(1.2715645 0 0)
(1.3251041 0 0)
(1.3715051 0 0)
(1.4107674 0 0)
(1.4428911 0 0)
(1.4678763 0 0)
(1.4857228 0 0)
(1.4964307 0 0)
(1.5 0 0)
(1.4964307 0 0)
(1.4857228 0 0)
(1.4678763 0 0)
(1.4428911 0 0)
(1.4107674 0 0)
(1.3715051 0 0)
(1.3251041 0 0)
(1.2715645 0 0)
(1.2108864 0 0)
(1.1430696 0 0)
(1.0681142 0 0)
(0.98602023 0 0)
(0.89678763 0 0)
(0.80041642 0 0)
(0.6969066 0 0)
(0.58625818 0 0)
(0.46847115 0 0)
(0.34354551 0 0)
(0.21148126 0 0)
(0.072278406 0 0)
)
;
        name            parabolicInlet;
        code            #{
            const scalar H = 0.41;
            const scalar Um = 1.5;

            const fvPatch& boundaryPatch = patch();
            vectorField& field = *this;

            forAll(field, i)
            {
                const scalar y = boundaryPatch.Cf()[i].y();
                const scalar ux = 4.0*Um*y*(H - y)/(H*H);
                field[i] = vector(ux, 0, 0);
            }
        #};
    }
    outlet
    {
        type            zeroGradient;
    }
    walls
    {
        type            noSlip;
    }
    frontAndBack
    {
        type            zeroGradient;
    }
    cylinder
    {
        type            noSlip;
    }
}


// ************************************************************************* //
