/*--------------------------------*- C++ -*----------------------------------*\
  =========                 |
  \\      /  F ield         | OpenFOAM: The Open Source CFD Toolbox
   \\    /   O peration     | Website:  https://openfoam.org
    \\  /    A nd           | Version:  12
     \\/     M anipulation  |
\*---------------------------------------------------------------------------*/
FoamFile
{
    format      ascii;
    class       volVectorField;
    location    "7";
    object      U;
}
// * * * * * * * * * * * * * * * * * * * * * * * * * * * * * * * * * * * * * //

dimensions      [0 1 -1 0 0 0 0];

internalField   nonuniform List<vector> 
10488
(
(0.072135028 -0.00033788567 -2.8889001e-16)
(0.073863201 -0.00091871581 4.9042594e-15)
(0.07723453 -0.0015239158 1.6114684e-16)
(0.082012121 -0.0020726279 6.3538463e-15)
(0.088329554 -0.0026130833 2.1598946e-15)
(0.096159761 -0.0031562385 -3.7019552e-15)
(0.10547986 -0.0037046009 4.9648998e-15)
(0.11627873 -0.0042531969 -2.0294959e-14)
(0.128532 -0.0047891355 -1.0001343e-14)
(0.14218262 -0.0052912767 -2.9539071e-14)
(0.15712569 -0.0057319061 -4.1062649e-14)
(0.17319613 -0.0060778615 -5.2495133e-14)
(0.19015772 -0.006291907 -7.1358998e-14)
(0.20769732 -0.0063358411 -8.930348e-14)
(0.22542425 -0.006173729 -1.0921734e-13)
(0.2428763 -0.0057766517 -1.3051987e-13)
(0.25953461 -0.0051276786 -1.5356074e-13)
(0.2748485 -0.004226148 -1.7782265e-13)
(0.28826587 -0.0030900974 -2.0107187e-13)
(0.29927844 -0.0017583871 -2.2060807e-13)
(0.30747084 -0.00029098799 -2.3618331e-13)
(0.31274503 0.0011583606 -2.494863e-13)
(0.31391172 0.0027088622 -2.5863456e-13)
(0.31237509 0.0036434836 -2.6329596e-13)
(0.30759414 0.0048171167 -2.619917e-13)
(0.29932426 0.0059220886 -2.5037398e-13)
(0.2884885 0.0067196607 -2.3194246e-13)
(0.27517678 0.0072860966 -2.0925183e-13)
(0.2597549 0.0076553365 -1.8295175e-13)
(0.24264647 0.0078412057 -1.5229205e-13)
(0.22426527 0.0078653534 -1.1731193e-13)
(0.20501898 0.0077565424 -8.0566017e-14)
(0.18530815 0.0075447211 -4.6506557e-14)
(0.16551736 0.0072565092 -1.9686486e-14)
(0.1460072 0.006911153 -3.6020135e-15)
(0.12711039 0.0065172263 -7.8497443e-16)
(0.109133 0.0060714491 -1.3610573e-14)
(0.092359669 0.0055601646 -4.4373895e-14)
(0.077054704 0.0049609287 -9.474023e-14)
(0.063470627 0.0042532762 -1.6484788e-13)
(0.051936894 0.0034728548 -2.5273902e-13)
(0.042430206 0.0026274197 -3.5345859e-13)
(0.035091046 0.0017178635 -4.5997568e-13)
(0.030098576 0.00078955526 -5.6354521e-13)
(0.027599007 -0.00016248667 -6.5369755e-13)
(0.027623178 -0.0012015564 -7.1972043e-13)
(0.030020086 -0.002250976 -7.5711786e-13)
(0.034586679 -0.0032453437 -7.6135211e-13)
(0.041123694 -0.0041393209 -7.3844948e-13)
(0.049384594 -0.0049116562 -7.0381691e-13)
(0.059049081 -0.0055369958 -6.8483425e-13)
(0.069766109 -0.00599709 -7.1587903e-13)
(0.08114888 -0.006270882 -8.4898756e-13)
(0.092769524 -0.0063380551 -1.145175e-12)
(0.10413396 -0.006155995 -1.6840169e-12)
(0.11468546 -0.0057057547 -2.5682631e-12)
(0.12386616 -0.0050094567 -3.9299894e-12)
(0.1311631 -0.0041063929 -5.9426287e-12)
(0.13611759 -0.003044462 -8.8324238e-12)
(0.13831043 -0.0018578553 -1.2874078e-11)
(0.13775562 -0.00054895478 -1.8047062e-11)
(0.1344253 0.00086849768 -2.562071e-11)
(0.12867212 0.0021186393 -3.5455398e-11)
(0.12095524 0.0031435619 -4.7999813e-11)
(0.11186663 0.0038893473 -6.3578057e-11)
(0.1021021 0.0043112391 -8.2192386e-11)
(0.092367399 0.0043952459 -1.0341526e-10)
(0.083320036 0.004160396 -1.2629556e-10)
(0.075509564 0.0036576625 -1.4939411e-10)
(0.069326525 0.0029685158 -1.7091754e-10)
(0.064960493 0.0021983674 -1.8898864e-10)
(0.062369574 0.0014636876 -2.0203734e-10)
(0.061288659 0.00085827131 -2.0918854e-10)
(0.061245198 0.00044801935 -2.1052439e-10)
(0.061684425 0.00028179307 -2.0688589e-10)
(0.062023589 0.00037324393 -1.9951937e-10)
(0.061823251 0.00063131417 -1.9145423e-10)
(0.060761735 0.0010367378 -1.8288189e-10)
(0.058697548 0.0014792043 -1.7544331e-10)
(0.055774542 0.0018598102 -1.7081753e-10)
(0.052193242 0.0021346547 -1.6904609e-10)
(0.048281921 0.0022458064 -1.7004754e-10)
(0.044480225 0.0021478941 -1.7384851e-10)
(0.041263768 0.0018537366 -1.8028223e-10)
(0.039064369 0.0013956905 -1.8895416e-10)
(0.038249047 0.00079584196 -1.9931224e-10)
(0.038973348 3.8133953e-05 -2.1083608e-10)
(0.041313931 -0.00075740934 -2.2313685e-10)
(0.045256222 -0.0015161846 -2.3529366e-10)
(0.050663006 -0.0021959346 -2.4673969e-10)
(0.057295705 -0.0027589683 -2.5689632e-10)
(0.064849675 -0.0031800071 -2.6527407e-10)
(0.072986318 -0.0034487933 -2.7153033e-10)
(0.081364043 -0.0035692405 -2.7550671e-10)
(0.089665182 -0.0035565434 -2.7724854e-10)
(0.097615961 -0.0034332129 -2.7700249e-10)
(0.10499823 -0.0032251948 -2.7519049e-10)
(0.1116536 -0.0029584624 -2.7235605e-10)
(0.11748121 -0.0026563083 -2.6909039e-10)
(0.12243054 -0.0023381781 -2.6595086e-10)
(0.12649119 -0.0020193745 -2.6338249e-10)
(0.12968072 -0.0017119501 -2.6166379e-10)
(0.13203286 -0.0014267049 -2.6088546e-10)
(0.13358638 -0.0011693673 -2.6096858e-10)
(0.13434964 -0.00092047315 -2.6171944e-10)
(0.13436714 -0.00065575683 -2.6280991e-10)
(0.13365194 -0.00034828463 -2.6413969e-10)
(0.13219185 -2.637435e-05 -2.6541051e-10)
(0.12998794 0.00031380498 -2.6647308e-10)
(0.12699998 0.00068673119 -2.6730403e-10)
(0.12319705 0.0010970595 -2.6792983e-10)
(0.11854695 0.0015450859 -2.6842387e-10)
(0.11302753 0.0020257537 -2.6888306e-10)
(0.10663758 0.0025273197 -2.6940468e-10)
(0.099409113 0.0030307609 -2.7006998e-10)
(0.091419239 0.0035095306 -2.7093057e-10)
(0.082801091 0.003931018 -2.7200387e-10)
(0.07375011 0.0042583931 -2.7326781e-10)
(0.064525285 0.0044547684 -2.7466347e-10)
(0.055441746 0.0044877026 -2.7609693e-10)
(0.046854694 0.0043343746 -2.7744609e-10)
(0.039136594 0.0039871339 -2.7856938e-10)
(0.032649896 0.0034596487 -2.7931103e-10)
(0.027731579 0.0027869181 -2.7951125e-10)
(0.024662132 0.0019968047 -2.7893414e-10)
(0.023659946 0.0011108354 -2.7751317e-10)
(0.024723335 0.00012510324 -2.7520903e-10)
(0.027774662 -0.00084009568 -2.7188939e-10)
(0.032671932 -0.0017212872 -2.675772e-10)
(0.039175201 -0.0024862473 -2.6231123e-10)
(0.046969041 -0.0031081205 -2.562019e-10)
(0.055700056 -0.0035720215 -2.4942151e-10)
(0.065003179 -0.0038754115 -2.421963e-10)
(0.07452532 -0.0040261676 -2.3479158e-10)
(0.083944519 -0.0040399906 -2.2749186e-10)
(0.092982955 -0.00393746 -2.2057324e-10)
(0.10141429 -0.0037409249 -2.142791e-10)
(0.10906457 -0.0034724912 -2.0879472e-10)
(0.11580954 -0.003151815 -2.0423418e-10)
(0.12156882 -0.0027959387 -2.0063442e-10)
(0.12629686 -0.0024197054 -1.979585e-10)
(0.1299749 -0.0020368838 -1.9611556e-10)
(0.13259739 -0.0016608076 -1.9497462e-10)
(0.13414875 -0.0012885874 -1.9438943e-10)
(0.13461151 -0.00090070332 -1.9422234e-10)
(0.13403919 -0.00045258277 -1.9431928e-10)
(0.13238588 3.8371552e-05 -1.9458354e-10)
(0.12970235 0.00053056713 -1.9490832e-10)
(0.12597986 0.0010367031 -1.9522233e-10)
(0.12124866 0.0015514456 -1.9547259e-10)
(0.11556243 0.0020620935 -1.9562125e-10)
(0.10900545 0.0025510131 -1.9564302e-10)
(0.10169972 0.0029965464 -1.9552169e-10)
(0.09380802 0.0033747717 -1.9524796e-10)
(0.085532777 0.0036618941 -1.9481745e-10)
(0.077110169 0.0038370109 -1.9423056e-10)
(0.06879993 0.0038847369 -1.9349272e-10)
(0.060870633 0.003797345 -1.9261276e-10)
(0.053583778 0.003576036 -1.9160505e-10)
(0.047176728 0.0032316224 -1.9048791e-10)
(0.041850051 0.0027846153 -1.8928492e-10)
(0.037760591 0.0022646779 -1.8802093e-10)
(0.035022633 0.0017040349 -1.867187e-10)
(0.033717749 0.0011167948 -1.853947e-10)
(0.033808117 0.00048994775 -1.8408714e-10)
(0.035216093 -0.00014078584 -1.8277595e-10)
(0.037846919 -0.00072614675 -1.8149701e-10)
(0.041568364 -0.0012522072 -1.8024659e-10)
(0.046221604 -0.0017095471 -1.7901447e-10)
(0.051625955 -0.0020904194 -1.7778701e-10)
(0.057592306 -0.0023906321 -1.765468e-10)
(0.063929875 -0.0026092148 -1.7527487e-10)
(0.070452512 -0.0027479024 -1.739542e-10)
(0.076984123 -0.0028105877 -1.7257375e-10)
(0.08336255 -0.0028027788 -1.7113156e-10)
(0.089442503 -0.0027310104 -1.6963704e-10)
(0.095097886 -0.0026025035 -1.6811251e-10)
(0.10022164 -0.0024246257 -1.6658928e-10)
(0.10472787 -0.0022051523 -1.6510891e-10)
(0.10854996 -0.0019522005 -1.6371387e-10)
(0.11163998 -0.0016752236 -1.6244655e-10)
(0.11396713 -0.001387191 -1.6134644e-10)
(0.11550646 -0.00109331 -1.6044445e-10)
(0.11622191 -0.00079052754 -1.5976698e-10)
(0.1161499 -0.00046240699 -1.5934394e-10)
(0.11529845 -9.888485e-05 -1.5913012e-10)
(0.11369698 0.00025600493 -1.5916366e-10)
(0.1113857 0.00060059973 -1.5942658e-10)
(0.1084064 0.00093394892 -1.5990089e-10)
(0.10482165 0.0012496871 -1.6056617e-10)
(0.10070561 0.0015405359 -1.6139821e-10)
(0.096145721 0.001798626 -1.6236979e-10)
(0.091242715 0.0020158639 -1.6345163e-10)
(0.086109351 0.0021843798 -1.6461224e-10)
(0.080868797 0.0022971135 -1.6581927e-10)
(0.075651564 0.0023484036 -1.6703964e-10)
(0.070591999 0.0023345093 -1.6824075e-10)
(0.065823281 0.002254119 -1.6939017e-10)
(0.061472632 0.0021086862 -1.7045805e-10)
(0.057656088 0.0019029538 -1.7141753e-10)
(0.054473527 0.0016457433 -1.7224525e-10)
(0.052006168 0.0013504631 -1.7292273e-10)
(0.050319112 0.0010317706 -1.734364e-10)
(0.049468846 0.00069532432 -1.7377723e-10)
(0.049451384 0.00033219438 -1.7394191e-10)
(0.050242018 -4.8449047e-05 -1.7395047e-10)
(0.051805536 -0.00041367454 -1.7381128e-10)
(0.054080715 -0.00075234847 -1.7354785e-10)
(0.056992264 -0.0010579028 -1.7318838e-10)
(0.060443492 -0.0013226708 -1.7276612e-10)
(0.064324605 -0.0015398891 -1.7231683e-10)
(0.068515859 -0.0017041948 -1.7187851e-10)
(0.072888675 -0.0018106827 -1.7148693e-10)
(0.077308956 -0.0018550934 -1.7117956e-10)
(0.081636577 -0.0018328802 -1.7098388e-10)
(0.085722742 -0.0017365642 -1.709382e-10)
(0.089418634 -0.001557516 -1.7105117e-10)
(0.092545762 -0.0012675964 -1.7138983e-10)
(0.094860296 -0.00081808445 -1.719464e-10)
(0.095890203 -0.0001804491 -1.7252637e-10)
(0.21119264 -0.0015461009 -6.2441203e-15)
(0.21419396 -0.004392235 2.3608633e-14)
(0.22016541 -0.007282053 1.822028e-15)
(0.22882685 -0.010009631 2.7164112e-14)
(0.24036448 -0.012663598 4.0284587e-14)
(0.25477147 -0.015277277 -2.047021e-14)
(0.27198361 -0.017861064 9.0945797e-14)
(0.29193369 -0.020401615 -6.4291082e-14)
(0.31454041 -0.022862072 4.2589574e-14)
(0.33968346 -0.025177612 -4.6453743e-14)
(0.36718323 -0.027261063 -7.0516504e-14)
(0.39678569 -0.029006268 -8.842847e-14)
(0.42814624 -0.030292235 -1.5934491e-13)
(0.46082173 -0.030993032 -2.1344433e-13)
(0.49426637 -0.030985768 -2.8040282e-13)
(0.52783555 -0.030163624 -3.4829366e-13)
(0.56079852 -0.028450224 -4.2021721e-13)
(0.59236641 -0.025812801 -5.0940868e-13)
(0.62171421 -0.022275994 -6.1638051e-13)
(0.64805223 -0.017921536 -7.1631192e-13)
(0.67057867 -0.012901934 -7.8967652e-13)
(0.6887542 -0.0074053044 -8.4363506e-13)
(0.70185331 -0.0017183179 -8.9573868e-13)
(0.7098567 0.0038839741 -9.5386644e-13)
(0.71230467 0.0095401268 -1.003006e-12)
(0.70918568 0.014964469 -1.0180578e-12)
(0.70075747 0.019859044 -9.8888969e-13)
(0.68714282 0.024157934 -9.2800108e-13)
(0.66856784 0.027828611 -8.5486522e-13)
(0.64542575 0.030821952 -7.759813e-13)
(0.61823945 0.033090146 -6.8145794e-13)
(0.58764395 0.034601365 -5.618729e-13)
(0.5543864 0.035345014 -4.2347805e-13)
(0.51931491 0.035334366 -2.8702901e-13)
(0.4833481 0.034606684 -1.7596275e-13)
(0.44743232 0.033217699 -1.0601844e-13)
(0.41249338 0.031231353 -8.6820387e-14)
(0.3793889 0.028711918 -1.2721519e-13)
(0.34886679 0.025718814 -2.3874087e-13)
(0.32155402 0.022309581 -4.3455451e-13)
(0.29779375 0.018573659 -7.231159e-13)
(0.2781108 0.014613235 -1.1053937e-12)
(0.26272187 0.010497688 -1.5731418e-12)
(0.25166105 0.0063560393 -2.1089174e-12)
(0.24463395 0.0022892357 -2.6693422e-12)
(0.24135294 -0.0017118082 -3.1994209e-12)
(0.24154863 -0.0055737189 -3.6341546e-12)
(0.24470669 -0.0090340886 -3.9034785e-12)
(0.25037812 -0.012038442 -3.9646417e-12)
(0.25800575 -0.014533615 -3.8063975e-12)
(0.26700712 -0.016436993 -3.4845951e-12)
(0.27680548 -0.017708273 -3.0715301e-12)
(0.28684941 -0.01830411 -2.7716348e-12)
(0.2965831 -0.018097883 -2.7500766e-12)
(0.3053824 -0.016971237 -3.2298436e-12)
(0.31252474 -0.014930389 -4.5121677e-12)
(0.31728839 -0.012002615 -6.9290969e-12)
(0.31903986 -0.008354934 -1.0904361e-11)
(0.31730033 -0.0041232628 -1.7002365e-11)
(0.31185976 0.00041837908 -2.597108e-11)
(0.30269773 0.0050229927 -3.8788255e-11)
(0.29016179 0.0092549777 -5.6663744e-11)
(0.27507507 0.012742433 -8.1015281e-11)
(0.25841828 0.015233706 -1.1345334e-10)
(0.24129283 0.016577184 -1.5552731e-10)
(0.22480201 0.016725812 -2.0847329e-10)
(0.20993964 0.015742679 -2.7268144e-10)
(0.19751572 0.013791085 -3.4705279e-10)
(0.18809888 0.011118912 -4.2868452e-10)
(0.1819733 0.0080461662 -5.1268434e-10)
(0.17910652 0.0049453651 -5.9236316e-10)
(0.17911136 0.0022167827 -6.60323e-10)
(0.18129216 0.00015049739 -7.1026132e-10)
(0.18476349 -0.0010329984 -7.3856717e-10)
(0.18855331 -0.0012553921 -7.4506457e-10)
(0.19174866 -0.00061824409 -7.3280392e-10)
(0.19365838 0.00065757091 -7.073941e-10)
(0.19393092 0.0022806108 -6.7518919e-10)
(0.19259794 0.0038436392 -6.4006225e-10)
(0.19000855 0.0050460034 -6.101953e-10)
(0.18664857 0.0057623295 -5.8756297e-10)
(0.18311698 0.0058204621 -5.7108673e-10)
(0.18016055 0.0050899434 -5.6152155e-10)
(0.17849089 0.0036456934 -5.5981115e-10)
(0.17862977 0.0016391445 -5.655274e-10)
(0.18091414 -0.00079320175 -5.7801924e-10)
(0.18555682 -0.0034891482 -5.9644723e-10)
(0.19257428 -0.0061924054 -6.1990798e-10)
(0.20175187 -0.008704897 -6.4728366e-10)
(0.21276596 -0.010862965 -6.7720072e-10)
(0.22518124 -0.012542076 -7.0804078e-10)
(0.23849261 -0.01366548 -7.3802175e-10)
(0.25216825 -0.01420883 -7.653354e-10)
(0.26569115 -0.014196247 -7.8833678e-10)
(0.27859217 -0.013690144 -8.0574959e-10)
(0.29047352 -0.012777913 -8.1685228e-10)
(0.30102128 -0.011558451 -8.2160949e-10)
(0.31000943 -0.010131132 -8.2070624e-10)
(0.31729608 -0.0085859492 -8.1546464e-10)
(0.32281399 -0.0069972474 -8.0764585e-10)
(0.32655664 -0.0054205169 -7.9915113e-10)
(0.32856142 -0.003894335 -7.9168835e-10)
(0.32889942 -0.0024574662 -7.864893e-10)
(0.32768773 -0.0010832919 -7.8412865e-10)
(0.32501378 0.00024011234 -7.8452823e-10)
(0.32095381 0.0015400369 -7.8715126e-10)
(0.3155485 0.0028357853 -7.9110618e-10)
(0.30887525 0.0041319352 -7.9549034e-10)
(0.30098951 0.0054444653 -7.9957579e-10)
(0.29193882 0.0067864577 -8.0291695e-10)
(0.28177911 0.0081574685 -8.0537381e-10)
(0.27058224 0.009543376 -8.0706043e-10)
(0.25844888 0.010913987 -8.082588e-10)
(0.24552011 0.012220896 -8.0931787e-10)
(0.23198965 0.013397351 -8.1057339e-10)
(0.21811157 0.014359992 -8.1228169e-10)
(0.20420645 0.01501439 -8.1459303e-10)
(0.19065746 0.015262548 -8.1752761e-10)
(0.17790316 0.015014587 -8.2098769e-10)
(0.16641711 0.014201315 -8.2476452e-10)
(0.15668036 0.012785317 -8.2855963e-10)
(0.1491571 0.01077716 -8.3202862e-10)
(0.14425094 0.0082357604 -8.3476511e-10)
(0.1422596 0.0052660669 -8.3635351e-10)
(0.14337078 0.0020205908 -8.3645644e-10)
(0.147577 -0.0013654793 -8.345626e-10)
(0.15479226 -0.0047554137 -8.303164e-10)
(0.16477272 -0.0079196029 -8.2345913e-10)
(0.17708229 -0.010698823 -8.1375933e-10)
(0.1912214 -0.01297529 -8.0108836e-10)
(0.2066255 -0.014671329 -7.8545464e-10)
(0.22270356 -0.015752758 -7.6703657e-10)
(0.23887512 -0.016226994 -7.462112e-10)
(0.25460135 -0.016135883 -7.2356433e-10)
(0.26940884 -0.015547017 -6.9987658e-10)
(0.28290376 -0.014543188 -6.7606864e-10)
(0.29477877 -0.013212862 -6.5312133e-10)
(0.30481073 -0.011642055 -6.319652e-10)
(0.31285357 -0.0099073184 -6.1337731e-10)
(0.31882844 -0.008073753 -5.9789845e-10)
(0.32270588 -0.0061953903 -5.8577425e-10)
(0.32449943 -0.0043142333 -5.7698082e-10)
(0.32426938 -0.0024750951 -5.7126215e-10)
(0.3220939 -0.00063835785 -5.6815462e-10)
(0.31806998 0.0011823288 -5.6719259e-10)
(0.31224315 0.0030142269 -5.6783432e-10)
(0.30471717 0.0048167519 -5.6958644e-10)
(0.29564046 0.0065675554 -5.7202117e-10)
(0.2851625 0.0082489722 -5.7478197e-10)
(0.27347046 0.0098266105 -5.7758304e-10)
(0.26079101 0.011252831 -5.8019844e-10)
(0.2473938 0.012470246 -5.8245013e-10)
(0.23359183 0.013415967 -5.8419701e-10)
(0.21973633 0.014027851 -5.85327e-10)
(0.20620612 0.014251784 -5.8575231e-10)
(0.19339212 0.014048999 -5.8541132e-10)
(0.18167967 0.013402167 -5.8427435e-10)
(0.17142577 0.012319211 -5.8233945e-10)
(0.16294144 0.010834039 -5.7964401e-10)
(0.15647344 0.0090054579 -5.7625946e-10)
(0.15219608 0.0069129859 -5.7229478e-10)
(0.15020124 0.0046504984 -5.6787778e-10)
(0.15048442 0.0023194358 -5.6314646e-10)
(0.15294387 6.3450158e-08 -5.5823771e-10)
(0.15744894 -0.0022622102 -5.532852e-10)
(0.1638166 -0.0043711803 -5.4841697e-10)
(0.1717707 -0.0062531872 -5.4371584e-10)
(0.18101382 -0.0078620891 -5.3923675e-10)
(0.19123238 -0.0091673539 -5.3500532e-10)
(0.20210245 -0.010151333 -5.3101555e-10)
(0.21330183 -0.010808956 -5.2723344e-10)
(0.22451953 -0.011146031 -5.2360079e-10)
(0.23546325 -0.011177602 -5.2004095e-10)
(0.24586659 -0.010925923 -5.1647122e-10)
(0.25549315 -0.010418674 -5.1281481e-10)
(0.26413974 -0.0096872331 -5.0901674e-10)
(0.2716404 -0.0087650647 -5.0506096e-10)
(0.27786234 -0.0076861421 -5.0096915e-10)
(0.28271253 -0.0064849694 -4.9681852e-10)
(0.2861295 -0.0051947654 -4.9271413e-10)
(0.28808171 -0.0038490725 -4.8878666e-10)
(0.28857976 -0.0024887721 -4.8518064e-10)
(0.28766428 -0.0011269474 -4.8202699e-10)
(0.28540058 0.00022355644 -4.7943411e-10)
(0.28185306 0.0015674403 -4.7749554e-10)
(0.27709929 0.0028675026 -4.762533e-10)
(0.27127321 0.0040924349 -4.7573347e-10)
(0.26451017 0.0052236228 -4.7592852e-10)
(0.25696007 0.0062430258 -4.7680756e-10)
(0.24878902 0.0071301392 -4.7832112e-10)
(0.2401761 0.0078642203 -4.8040432e-10)
(0.23131144 0.0084250006 -4.8298053e-10)
(0.22239411 0.0087939152 -4.85966e-10)
(0.21362752 0.0089553259 -4.8926971e-10)
(0.2052158 0.0088980032 -4.9279838e-10)
(0.1973577 0.0086164893 -4.9645668e-10)
(0.19024195 0.0081123728 -5.0015152e-10)
(0.18403962 0.0073950732 -5.0378907e-10)
(0.17889968 0.006481965 -5.0728177e-10)
(0.17494453 0.0053981642 -5.1054841e-10)
(0.17226564 0.0041772615 -5.1351271e-10)
(0.17091826 0.0028617007 -5.1610683e-10)
(0.17091432 0.0014973136 -5.1827358e-10)
(0.17221899 0.00011537998 -5.1996436e-10)
(0.17478367 -0.0012632515 -5.2114647e-10)
(0.17853686 -0.0025892413 -5.2181602e-10)
(0.18334964 -0.0038152551 -5.2197602e-10)
(0.18907313 -0.0049083781 -5.2165502e-10)
(0.1955406 -0.0058415334 -5.209039e-10)
(0.20256976 -0.0065925761 -5.1979821e-10)
(0.20996513 -0.007143216 -5.1843096e-10)
(0.21752644 -0.0074808202 -5.1691844e-10)
(0.22504694 -0.0075948337 -5.1537582e-10)
(0.23232165 -0.0074777689 -5.1394906e-10)
(0.23914848 -0.0071227636 -5.127311e-10)
(0.24531102 -0.0065155075 -5.1190746e-10)
(0.25064612 -0.0056469146 -5.1145961e-10)
(0.25486339 -0.0044647802 -5.1169243e-10)
(0.2580199 -0.0028532066 -5.125958e-10)
(0.25892582 -0.00053510794 -5.1444592e-10)
(0.34320529 -0.0030752244 -3.3528408e-14)
(0.34653969 -0.0093218619 6.8962577e-14)
(0.35304186 -0.015524043 2.0731661e-14)
(0.36264707 -0.021596972 2.1211841e-14)
(0.37553228 -0.027570148 2.4298285e-13)
(0.39174366 -0.033454249 -1.9184902e-13)
(0.41124141 -0.03924448 5.1955704e-13)
(0.43395574 -0.044900032 -2.8114124e-13)
(0.45979768 -0.050353942 4.1792123e-13)
(0.48863746 -0.055490314 -2.7747945e-14)
(0.5202849 -0.060156086 3.5425584e-14)
(0.55448039 -0.064161469 1.0725779e-13)
(0.59087357 -0.067287147 -9.9402467e-14)
(0.62901904 -0.069304042 -1.3930821e-13)
(0.66836822 -0.069984226 -3.1218082e-13)
(0.70827058 -0.069127209 -4.7285595e-13)
(0.74798257 -0.066580786 -5.4802088e-13)
(0.78669223 -0.06226366 -6.3756764e-13)
(0.8235427 -0.056193322 -8.8335664e-13)
(0.85769472 -0.04848811 -1.2324874e-12)
(0.8883333 -0.039378171 -1.5219314e-12)
(0.91480228 -0.029154561 -1.6692583e-12)
(0.93650994 -0.018113612 -1.7259951e-12)
(0.95310782 -0.0067682669 -1.8102545e-12)
(0.96421849 0.0046559172 -1.9901324e-12)
(0.96962808 0.015989856 -2.2146678e-12)
(0.96936832 0.026882454 -2.356001e-12)
(0.96349927 0.03708586 -2.3311341e-12)
(0.95205599 0.046440791 -2.1743176e-12)
(0.93516575 0.054780146 -1.9949063e-12)
(0.91309246 0.061910038 -1.8581576e-12)
(0.88625203 0.067631037 -1.7314379e-12)
(0.85522822 0.071759066 -1.5415904e-12)
(0.82078554 0.074147166 -1.2624946e-12)
(0.78386074 0.074709095 -9.4921272e-13)
(0.74552954 0.07343609 -6.8571022e-13)
(0.70695199 0.070402016 -5.3184169e-13)
(0.66929903 0.065760686 -5.116118e-13)
(0.6336743 0.059729464 -6.3598991e-13)
(0.60105085 0.05257764 -9.3706919e-13)
(0.57219564 0.044582404 -1.4679584e-12)
(0.54765948 0.036030122 -2.2892801e-12)
(0.52774858 0.027216915 -3.4529073e-12)
(0.5125394 0.018429352 -5.0358196e-12)
(0.50185114 0.0099815762 -7.0113977e-12)
(0.49527313 0.0021445425 -9.289966e-12)
(0.49234229 -0.0049660493 -1.1683704e-11)
(0.49240537 -0.011035887 -1.3838744e-11)
(0.49456464 -0.015972136 -1.5404932e-11)
(0.49794344 -0.019755125 -1.6001491e-11)
(0.50171868 -0.022377154 -1.5528892e-11)
(0.50499609 -0.023797022 -1.3796767e-11)
(0.50731023 -0.023919772 -1.157638e-11)
(0.50818291 -0.022981708 -9.2724968e-12)
(0.50718369 -0.020579672 -7.030143e-12)
(0.503898 -0.016465047 -5.8207451e-12)
(0.49834518 -0.010911093 -6.3394017e-12)
(0.4902933 -0.0039051894 -8.9910554e-12)
(0.47951612 0.0040770033 -1.437157e-11)
(0.46576747 0.012384142 -2.3318481e-11)
(0.44913548 0.020235162 -3.6970598e-11)
(0.43007357 0.026965361 -5.6773711e-11)
(0.4093824 0.031969569 -8.4612893e-11)
(0.38810305 0.034833883 -1.2301167e-10)
(0.3673798 0.035381577 -1.7506876e-10)
(0.34831551 0.033668081 -2.4475717e-10)
(0.33185986 0.02994767 -3.3672963e-10)
(0.3187489 0.024631923 -4.5475404e-10)
(0.30947533 0.01824811 -6.0052861e-10)
(0.30427091 0.011415726 -7.7194539e-10)
(0.3030892 0.0048342587 -9.602631e-10)
(0.30546227 -0.00076631523 -1.1495112e-09)
(0.31058047 -0.0047570422 -1.3203816e-09)
(0.31737266 -0.0067292447 -1.4559374e-09)
(0.32457032 -0.0066496359 -1.5452906e-09)
(0.33098186 -0.0048128225 -1.5851756e-09)
(0.33566351 -0.0017453128 -1.5800515e-09)
(0.33806044 0.0018369812 -1.5421153e-09)
(0.33820029 0.0051148071 -1.4749001e-09)
(0.33654453 0.0074356637 -1.4021343e-09)
(0.33382811 0.0086770642 -1.338242e-09)
(0.33074778 0.0085578899 -1.2754174e-09)
(0.32824059 0.0067484272 -1.2125569e-09)
(0.32719026 0.0035304517 -1.157167e-09)
(0.32823447 -0.00074772575 -1.1110916e-09)
(0.33174742 -0.0056937707 -1.0738953e-09)
(0.33789144 -0.010883166 -1.0459326e-09)
(0.34661596 -0.015950328 -1.0282059e-09)
(0.35764644 -0.020526063 -1.0218598e-09)
(0.37054978 -0.024308469 -1.0277372e-09)
(0.38477942 -0.027083006 -1.0459808e-09)
(0.39972863 -0.028724231 -1.0757231e-09)
(0.41478186 -0.029204089 -1.1148733e-09)
(0.42936369 -0.028584808 -1.1601588e-09)
(0.4429715 -0.026996466 -1.2074549e-09)
(0.45519315 -0.02461309 -1.2523364e-09)
(0.46570823 -0.021628536 -1.290738e-09)
(0.47428534 -0.018237346 -1.3196104e-09)
(0.48077311 -0.014618623 -1.337441e-09)
(0.48509348 -0.010928135 -1.3445356e-09)
(0.4872317 -0.0072858634 -1.3429465e-09)
(0.48721724 -0.0037724085 -1.3360069e-09)
(0.48518193 -0.00040842299 -1.3275265e-09)
(0.48125611 0.002788908 -1.3208743e-09)
(0.47556095 0.0057953268 -1.3183018e-09)
(0.46827012 0.0086209562 -1.3205594e-09)
(0.45953533 0.011309225 -1.3269792e-09)
(0.44950267 0.013894704 -1.3359578e-09)
(0.43830588 0.016398377 -1.3455733e-09)
(0.42606909 0.018827476 -1.3541345e-09)
(0.41291597 0.021168975 -1.360535e-09)
(0.3989784 0.023385602 -1.3643541e-09)
(0.38440877 0.025413178 -1.3657679e-09)
(0.36939136 0.027159486 -1.3653428e-09)
(0.35415417 0.028506192 -1.3638075e-09)
(0.33897825 0.029314422 -1.3618663e-09)
(0.324203 0.02943423 -1.3600718e-09)
(0.31022593 0.028719585 -1.3587711e-09)
(0.29749563 0.027046052 -1.3580954e-09)
(0.28649114 0.024333392 -1.3579879e-09)
(0.27770167 0.020558886 -1.3582597e-09)
(0.27159306 0.015778108 -1.3586461e-09)
(0.26855382 0.010127114 -1.3588183e-09)
(0.26889203 0.0037983211 -1.3584376e-09)
(0.27276226 -0.0028969043 -1.3571545e-09)
(0.28012264 -0.0096089706 -1.3545932e-09)
(0.29079272 -0.015981448 -1.3503804e-09)
(0.30441135 -0.021723946 -1.3440591e-09)
(0.32044693 -0.026558738 -1.3350771e-09)
(0.33825518 -0.030278692 -1.3227923e-09)
(0.35712204 -0.032761535 -1.3065232e-09)
(0.37631155 -0.033971024 -1.2856348e-09)
(0.39511596 -0.033950708 -1.2596779e-09)
(0.41289503 -0.03280841 -1.228543e-09)
(0.42910563 -0.030698914 -1.1926085e-09)
(0.44331869 -0.027802707 -1.1528365e-09)
(0.45521917 -0.02430831 -1.1107594e-09)
(0.46460603 -0.020396595 -1.06837e-09)
(0.47137167 -0.016226017 -1.0278551e-09)
(0.47549096 -0.011935853 -9.9131055e-10)
(0.47700326 -0.0076237018 -9.604207e-10)
(0.47599418 -0.0033854743 -9.3624866e-10)
(0.47263407 0.00079588175 -9.1915469e-10)
(0.46707254 0.0048471014 -9.0886936e-10)
(0.45944594 0.0087190175 -9.0466733e-10)
(0.44994474 0.012384557 -9.0551853e-10)
(0.43876551 0.015835002 -9.1028679e-10)
(0.42612755 0.019030601 -9.1786397e-10)
(0.41226854 0.02191884 -9.2724558e-10)
(0.39745413 0.024430128 -9.375582e-10)
(0.38198159 0.026479595 -9.4805378e-10)
(0.36618156 0.027973062 -9.5808864e-10)
(0.35041702 0.028815882 -9.6710298e-10)
(0.3350774 0.028923977 -9.7460605e-10)
(0.32056738 0.028235607 -9.8017229e-10)
(0.30729126 0.026722158 -9.8345364e-10)
(0.29563609 0.024396324 -9.8420698e-10)
(0.28594682 0.02131479 -9.8230417e-10)
(0.27851129 0.017577206 -9.7777185e-10)
(0.27354074 0.013321589 -9.7078927e-10)
(0.27116148 0.0087102294 -9.6169361e-10)
(0.27141025 0.0039156435 -9.5093808e-10)
(0.27422032 -0.00088523916 -9.390556e-10)
(0.2794303 -0.0055115815 -9.2661484e-10)
(0.28681926 -0.009795816 -9.1415705e-10)
(0.2961051 -0.013624513 -9.0215261e-10)
(0.30694493 -0.016901807 -8.9096135e-10)
(0.31896355 -0.019555305 -8.8082348e-10)
(0.33177012 -0.021541523 -8.718684e-10)
(0.34497079 -0.022843 -8.6412947e-10)
(0.3581828 -0.023466292 -8.5756593e-10)
(0.37104649 -0.023437779 -8.5208088e-10)
(0.38323309 -0.022801131 -8.4752506e-10)
(0.39445381 -0.021612934 -8.4370497e-10)
(0.40446229 -0.019939685 -8.4038234e-10)
(0.41305712 -0.017854781 -8.3729175e-10)
(0.42008705 -0.015434141 -8.3417959e-10)
(0.42543988 -0.012755372 -8.3082261e-10)
(0.42905694 -0.0098942991 -8.271053e-10)
(0.43091604 -0.0069239242 -8.2300385e-10)
(0.4310269 -0.0039107213 -8.1860958e-10)
(0.4294689 -0.00090713397 -8.1411366e-10)
(0.42633818 0.0020385654 -8.0974039e-10)
(0.42173687 0.0048648107 -8.0575238e-10)
(0.41579744 0.0075143662 -8.0238192e-10)
(0.40867402 0.009958939 -7.9980871e-10)
(0.40054399 0.012163505 -7.981556e-10)
(0.3915948 0.014093043 -7.9748259e-10)
(0.38202419 0.015714882 -7.9779249e-10)
(0.37203887 0.016997734 -7.9904136e-10)
(0.36185169 0.01791288 -8.0114757e-10)
(0.35167905 0.018435079 -8.0400225e-10)
(0.34173926 0.018544704 -8.0748216e-10)
(0.33224702 0.018229491 -8.1145244e-10)
(0.32341124 0.017486759 -8.157801e-10)
(0.31542798 0.016324983 -8.2033525e-10)
(0.30847839 0.014765643 -8.2500373e-10)
(0.3027185 0.012842843 -8.2967694e-10)
(0.29827741 0.010604362 -8.3426757e-10)
(0.29525296 0.0081092554 -8.3870512e-10)
(0.29370894 0.0054263501 -8.4292663e-10)
(0.29366857 0.0026255224 -8.4687423e-10)
(0.2951039 -0.00021716589 -8.5050155e-10)
(0.29795186 -0.0030133069 -8.5375577e-10)
(0.30212604 -0.0056757279 -8.5657632e-10)
(0.30750173 -0.0081394696 -8.5890144e-10)
(0.31391785 -0.010343657 -8.6066354e-10)
(0.32119197 -0.012233426 -8.6180209e-10)
(0.32912141 -0.013762882 -8.6226918e-10)
(0.33749463 -0.014898564 -8.6205494e-10)
(0.34608815 -0.015614292 -8.6117698e-10)
(0.3546823 -0.015896137 -8.5973749e-10)
(0.36305541 -0.015733845 -8.57832e-10)
(0.37098902 -0.015125937 -8.5573573e-10)
(0.37830099 -0.01407114 -8.5352484e-10)
(0.38472778 -0.012564272 -8.5174113e-10)
(0.39027051 -0.010602414 -8.5015999e-10)
(0.39432134 -0.0081465118 -8.4977337e-10)
(0.39781903 -0.0052261456 -8.4973809e-10)
(0.39847499 -0.00065858797 -8.5292593e-10)
(0.46817385 -0.0046040278 -1.0415348e-13)
(0.47147147 -0.014025233 1.1732838e-13)
(0.47791375 -0.023508734 1.8498285e-13)
(0.48745623 -0.032955401 -2.8613343e-13)
(0.50028487 -0.04235698 1.1400526e-12)
(0.51650213 -0.051680916 -1.2535215e-12)
(0.53613624 -0.060897259 2.300395e-12)
(0.55916012 -0.069914332 -1.6891205e-12)
(0.58552412 -0.078632385 2.1240617e-12)
(0.61513638 -0.086873764 -4.251026e-13)
(0.64783669 -0.094423645 4.7883109e-13)
(0.68340119 -0.10100689 7.9014175e-13)
(0.7214989 -0.10630368 5.1605682e-14)
(0.76170356 -0.1099804 6.3604744e-13)
(0.80346692 -0.11169515 1.4115227e-13)
(0.84612787 -0.11114677 -5.3526849e-13)
(0.88891695 -0.10810055 -6.0871031e-13)
(0.93097659 -0.10242298 -1.7486714e-13)
(0.97139646 -0.094119444 -1.9373043e-13)
(1.0092742 -0.083351719 -9.8412247e-13)
(1.0437791 -0.070439794 -2.0290407e-12)
(1.0742108 -0.055819444 -2.7210188e-12)
(1.1000437 -0.040005396 -2.8526645e-12)
(1.1209354 -0.023496847 -2.6702063e-12)
(1.1366503 -0.0067920695 -2.6366858e-12)
(1.1471096 0.0098885887 -3.0400291e-12)
(1.1522301 0.026252836 -3.7374383e-12)
(1.15206 0.041995585 -4.282325e-12)
(1.1466119 0.056875716 -4.308298e-12)
(1.1358894 0.07063161 -3.8756066e-12)
(1.1199802 0.082951334 -3.3652651e-12)
(1.0991031 0.093485626 -3.0842692e-12)
(1.0736318 0.10187555 -3.0154755e-12)
(1.0441242 0.10778608 -2.8894806e-12)
(1.0113343 0.11094884 -2.5259464e-12)
(0.97620179 0.1112011 -1.9927192e-12)
(0.93982106 0.10851141 -1.5204312e-12)
(0.9033787 0.10300191 -1.3287446e-12)
(0.86807597 0.094942774 -1.5124094e-12)
(0.83503824 0.084733957 -2.1212209e-12)
(0.80525926 0.072857342 -3.2411776e-12)
(0.77950445 0.059854824 -5.0273381e-12)
(0.7583189 0.046283364 -7.6100577e-12)
(0.74196631 0.032705901 -1.1463298e-11)
(0.73045552 0.019704655 -1.6878846e-11)
(0.72352132 0.0077308083 -2.4000089e-11)
(0.72070188 -0.002726011 -3.2771483e-11)
(0.72126797 -0.011292572 -4.2299419e-11)
(0.72427575 -0.017717957 -5.1416209e-11)
(0.72832292 -0.021841779 -5.8208654e-11)
(0.73238704 -0.023577225 -6.1233644e-11)
(0.73521105 -0.023283689 -5.9715162e-11)
(0.73575803 -0.021650581 -5.479794e-11)
(0.7328308 -0.018092413 -4.4896857e-11)
(0.72509058 -0.012706312 -3.2189012e-11)
(0.71350702 -0.0062446253 -2.136702e-11)
(0.69835718 0.0015591096 -1.3621731e-11)
(0.68010231 0.010757941 -9.740086e-12)
(0.6592252 0.02096355 -9.9693621e-12)
(0.63629171 0.031493734 -1.4455412e-11)
(0.61169227 0.041399507 -2.373525e-11)
(0.58584617 0.049638296 -3.8762598e-11)
(0.55938172 0.055300086 -6.0691527e-11)
(0.53315183 0.057782454 -9.1474385e-11)
(0.5081478 0.056864295 -1.3352181e-10)
(0.48535436 0.052689758 -1.9070428e-10)
(0.46563727 0.045693022 -2.7125934e-10)
(0.44966359 0.036501011 -3.8630989e-10)
(0.43791078 0.025865954 -5.491689e-10)
(0.43069147 0.014650434 -7.7470932e-10)
(0.4281364 0.0038490975 -1.0690884e-09)
(0.43002405 -0.0054354487 -1.4168361e-09)
(0.43566986 -0.012090487 -1.782418e-09)
(0.44390947 -0.015387118 -2.1266446e-09)
(0.45323175 -0.015214745 -2.4171683e-09)
(0.4621266 -0.012046988 -2.6321966e-09)
(0.4691705 -0.0066385326 -2.7605104e-09)
(0.4733509 -0.00031436842 -2.8104338e-09)
(0.47454698 0.0054217816 -2.7771894e-09)
(0.47316217 0.0094845186 -2.7000552e-09)
(0.47015042 0.011674697 -2.6176771e-09)
(0.46645709 0.011699549 -2.5255092e-09)
(0.46324702 0.0089225049 -2.4100021e-09)
(0.46163399 0.0038634296 -2.2862139e-09)
(0.46248072 -0.0028258672 -2.1622311e-09)
(0.46630853 -0.010491563 -2.0371745e-09)
(0.47329195 -0.018469478 -1.9115386e-09)
(0.48333179 -0.026140537 -1.7882655e-09)
(0.49605259 -0.032931134 -1.6721015e-09)
(0.51084097 -0.038366775 -1.5689807e-09)
(0.52691795 -0.042139 -1.4850068e-09)
(0.54344717 -0.044106587 -1.4260282e-09)
(0.55962432 -0.044276588 -1.3965331e-09)
(0.57475692 -0.042789568 -1.3982596e-09)
(0.58831827 -0.039875798 -1.4294305e-09)
(0.59995785 -0.035810264 -1.4847583e-09)
(0.60947572 -0.030880169 -1.5561524e-09)
(0.61678714 -0.02536177 -1.6339453e-09)
(0.62186785 -0.019500368 -1.7084232e-09)
(0.6247248 -0.013514895 -1.7714629e-09)
(0.62537879 -0.0075895715 -1.8180021e-09)
(0.62388933 -0.0018518153 -1.8469588e-09)
(0.62030711 0.0036371237 -1.86117e-09)
(0.61469181 0.0087586738 -1.8662663e-09)
(0.60719724 0.013500759 -1.8688099e-09)
(0.5980138 0.017876779 -1.8742033e-09)
(0.58733866 0.021924925 -1.8852687e-09)
(0.57537282 0.025691485 -1.901867e-09)
(0.56230629 0.029216191 -1.9215371e-09)
(0.54830804 0.032520422 -1.9407095e-09)
(0.53352836 0.035597556 -1.9559736e-09)
(0.51810558 0.038405587 -1.9649561e-09)
(0.50217951 0.04086231 -1.9666597e-09)
(0.48590916 0.042844688 -1.9613433e-09)
(0.46948656 0.044189037 -1.9500942e-09)
(0.45316005 0.044703153 -1.9344094e-09)
(0.43723969 0.044174458 -1.9157694e-09)
(0.42211465 0.04239641 -1.8954695e-09)
(0.40825078 0.039192931 -1.8744937e-09)
(0.39617007 0.034442477 -1.8535184e-09)
(0.38644047 0.028129173 -1.8330524e-09)
(0.37962677 0.020344123 -1.8134403e-09)
(0.37622277 0.011286802 -1.7949752e-09)
(0.37666535 0.0013243978 -1.7779627e-09)
(0.38123715 -0.00909606 -1.7626801e-09)
(0.38996245 -0.019449339 -1.7494523e-09)
(0.40264456 -0.029185922 -1.738538e-09)
(0.41887313 -0.037797628 -1.7299993e-09)
(0.43801426 -0.044848829 -1.7235584e-09)
(0.45925322 -0.050020953 -1.7184409e-09)
(0.48166263 -0.053138146 -1.7133044e-09)
(0.50426802 -0.054170684 -1.706251e-09)
(0.52613304 -0.053223319 -1.6950164e-09)
(0.54642003 -0.050506288 -1.6772522e-09)
(0.56445059 -0.046303266 -1.6509584e-09)
(0.57972799 -0.040931921 -1.6149265e-09)
(0.59193842 -0.034715608 -1.5691628e-09)
(0.60094307 -0.027953145 -1.5151723e-09)
(0.60672002 -0.020906664 -1.4558865e-09)
(0.60936941 -0.013789645 -1.3953799e-09)
(0.60903201 -0.0067667281 -1.3381085e-09)
(0.60597253 5.1494718e-05 -1.2881867e-09)
(0.60040389 0.006622857 -1.2486875e-09)
(0.59250417 0.012833371 -1.2213349e-09)
(0.58255646 0.018654348 -1.2064426e-09)
(0.5708062 0.024052971 -1.2031487e-09)
(0.55749281 0.028996587 -1.2098183e-09)
(0.54286183 0.033435173 -1.2244383e-09)
(0.52716686 0.037299029 -1.2449176e-09)
(0.51067695 0.040496225 -1.2692623e-09)
(0.49368473 0.042915063 -1.2956415e-09)
(0.47651284 0.04443206 -1.3223812e-09)
(0.45951778 0.044924761 -1.3479344e-09)
(0.44308815 0.044287539 -1.3708522e-09)
(0.42763688 0.042448393 -1.3897797e-09)
(0.41358692 0.039384654 -1.4034913e-09)
(0.4013525 0.035134947 -1.4109702e-09)
(0.39131226 0.029803748 -1.4114919e-09)
(0.38379241 0.023557693 -1.4047508e-09)
(0.37903615 0.016615371 -1.3909121e-09)
(0.37719027 0.0092430495 -1.3706734e-09)
(0.37830087 0.0017232754 -1.3452022e-09)
(0.38231038 -0.005677024 -1.3160481e-09)
(0.38904516 -0.012697273 -1.2850133e-09)
(0.39823554 -0.019100757 -1.2539311e-09)
(0.4095433 -0.024700122 -1.2244757e-09)
(0.42256177 -0.029351551 -1.1979946e-09)
(0.43683576 -0.032956854 -1.175396e-09)
(0.45188425 -0.035463867 -1.1571191e-09)
(0.4672191 -0.036862786 -1.1431792e-09)
(0.48236623 -0.037182594 -1.1332771e-09)
(0.49688527 -0.036483915 -1.1269428e-09)
(0.51038407 -0.034853718 -1.1236553e-09)
(0.52253377 -0.032397155 -1.1229236e-09)
(0.53307116 -0.029233274 -1.1242826e-09)
(0.54180354 -0.025488379 -1.1272589e-09)
(0.54860595 -0.021290155 -1.1313256e-09)
(0.55340638 -0.01676927 -1.1358743e-09)
(0.55619527 -0.012041894 -1.1403084e-09)
(0.5570039 -0.0072342504 -1.144089e-09)
(0.55591365 -0.0024531463 -1.146855e-09)
(0.55304563 0.0022518313 -1.1484714e-09)
(0.54852351 0.0067555211 -1.149023e-09)
(0.54250295 0.010981994 -1.148789e-09)
(0.53517026 0.014868251 -1.148134e-09)
(0.52671485 0.018363697 -1.1474289e-09)
(0.51733757 0.021421611 -1.1469935e-09)
(0.50724573 0.023999531 -1.147056e-09)
(0.49665075 0.026058896 -1.1477379e-09)
(0.48576753 0.027564325 -1.1490602e-09)
(0.47481291 0.028484776 -1.1509539e-09)
(0.46400451 0.028794766 -1.1532827e-09)
(0.45356006 0.028476945 -1.1558666e-09)
(0.44369347 0.02752455 -1.1585005e-09)
(0.43461278 0.025944564 -1.1609804e-09)
(0.4265148 0.023760284 -1.1631228e-09)
(0.41958136 0.021013338 -1.1647889e-09)
(0.41397039 0.017763041 -1.16589e-09)
(0.40981259 0.014088448 -1.1664096e-09)
(0.40720686 0.010083008 -1.1664131e-09)
(0.40620704 0.0058536751 -1.1660277e-09)
(0.40682551 0.0015148049 -1.165441e-09)
(0.40904338 -0.0028168938 -1.1648853e-09)
(0.41278709 -0.0070129396 -1.1646003e-09)
(0.41793234 -0.01095681 -1.1647957e-09)
(0.42432914 -0.014547089 -1.1656245e-09)
(0.43179016 -0.017692536 -1.1671461e-09)
(0.44010544 -0.020318778 -1.1693192e-09)
(0.44903965 -0.022364317 -1.1719788e-09)
(0.45835514 -0.023789364 -1.1749052e-09)
(0.46780195 -0.024563293 -1.1777631e-09)
(0.47713995 -0.024678564 -1.1803555e-09)
(0.4861459 -0.024127132 -1.1822962e-09)
(0.49456725 -0.02292643 -1.1837783e-09)
(0.5023029 -0.021075692 -1.1843404e-09)
(0.50894276 -0.018608238 -1.18499e-09)
(0.5148474 -0.015519289 -1.1848158e-09)
(0.51880736 -0.011745289 -1.1861056e-09)
(0.52284703 -0.0078100675 -1.1860296e-09)
(0.52368901 -0.00082640323 -1.1921448e-09)
(0.58599916 -0.0061173045 -1.9792764e-13)
(0.58918446 -0.018602766 -1.0037222e-13)
(0.5954258 -0.031236045 1.1000492e-12)
(0.60464859 -0.043921353 -2.0466153e-12)
(0.61704381 -0.056658531 4.684989e-12)
(0.63275109 -0.069373955 -6.036373e-12)
(0.65188247 -0.082041749 9.2803148e-12)
(0.6744731 -0.094501856 -8.6487113e-12)
(0.70054634 -0.10664325 9.3498372e-12)
(0.73008623 -0.11819903 -4.1751126e-12)
(0.7629886 -0.12890522 2.9168871e-12)
(0.7991086 -0.13838085 1.9119467e-12)
(0.83814157 -0.14619434 -9.9554887e-13)
(0.87970243 -0.15189126 3.4012934e-12)
(0.92322791 -0.15498325 2.1403094e-12)
(0.96802415 -0.15504741 -4.7262005e-13)
(1.0132462 -0.15173862 -1.6573304e-12)
(1.0579286 -0.1448568 4.276041e-13)
(1.1010215 -0.13439215 2.522884e-12)
(1.1414778 -0.12056605 2.0020216e-12)
(1.1783452 -0.10382624 -6.2594275e-13)
(1.2108571 -0.084817803 -3.2978828e-12)
(1.2385246 -0.064242449 -4.485657e-12)
(1.2610743 -0.04280546 -3.9289457e-12)
(1.2785038 -0.021016904 -2.6212595e-12)
(1.2907857 0.00068787314 -1.9301845e-12)
(1.2979818 0.022104495 -2.5652583e-12)
(1.3001444 0.042974342 -4.1070484e-12)
(1.2973109 0.063006916 -5.276455e-12)
(1.289455 0.081871165 -5.1391387e-12)
(1.2765919 0.099174641 -3.8831523e-12)
(1.2588478 0.11444765 -2.5132585e-12)
(1.236493 0.1271742 -1.9805604e-12)
(1.2099757 0.13684108 -2.2759352e-12)
(1.1799353 0.14299632 -2.7086361e-12)
(1.1472023 0.14530904 -2.6890757e-12)
(1.1127762 0.14361148 -2.2112861e-12)
(1.0777848 0.13794521 -1.8098964e-12)
(1.0434259 0.12856742 -2.0410474e-12)
(1.010861 0.11593102 -3.3270987e-12)
(0.98118994 0.10065249 -6.0168636e-12)
(0.95530371 0.083487201 -1.0516486e-11)
(0.93397347 0.065229554 -1.6843318e-11)
(0.91761251 0.046687389 -2.6215474e-11)
(0.90650139 0.028745293 -4.0053594e-11)
(0.90059746 0.0120768 -5.9579833e-11)
(0.89955167 -0.0025708444 -8.5827019e-11)
(0.90274198 -0.014437757 -1.1788337e-10)
(0.90929706 -0.022984474 -1.5298726e-10)
(0.91801785 -0.027918558 -1.8684546e-10)
(0.92767957 -0.029384306 -2.1435808e-10)
(0.93664951 -0.027211055 -2.2799881e-10)
(0.94305501 -0.021443848 -2.2160755e-10)
(0.94514343 -0.012601893 -1.949105e-10)
(0.94167454 -0.0016774113 -1.5408585e-10)
(0.93168583 0.010447257 -1.0894385e-10)
(0.91473574 0.0230512 -6.8785366e-11)
(0.89144377 0.035628464 -3.9185016e-11)
(0.86316951 0.048036441 -2.1392174e-11)
(0.83151946 0.059983172 -1.3713609e-11)
(0.79792017 0.070793475 -1.3809996e-11)
(0.76346059 0.079468909 -2.0641979e-11)
(0.72899761 0.084949868 -3.3454012e-11)
(0.69533635 0.086437551 -5.2973652e-11)
(0.66333417 0.083605493 -8.0149242e-11)
(0.63385832 0.076624689 -1.1310987e-10)
(0.60771755 0.066074 -1.5584517e-10)
(0.58553002 0.052752886 -2.1879469e-10)
(0.56776068 0.037549719 -3.1923022e-10)
(0.55479532 0.021443854 -4.9637754e-10)
(0.54700894 0.0056239081 -8.0180562e-10)
(0.5445863 -0.0084628386 -1.2528805e-09)
(0.54715026 -0.019072543 -1.8040135e-09)
(0.55363255 -0.024849914 -2.3855163e-09)
(0.5623 -0.02541803 -2.9338917e-09)
(0.57156778 -0.021310208 -3.4191932e-09)
(0.57950275 -0.013475023 -3.8126003e-09)
(0.58428827 -0.0037644853 -4.0811882e-09)
(0.58529978 0.0052296793 -4.2074185e-09)
(0.58299865 0.011839845 -4.2315176e-09)
(0.57836023 0.015524377 -4.202052e-09)
(0.57276296 0.015852606 -4.1373529e-09)
(0.56784547 0.011994529 -4.0290684e-09)
(0.56494815 0.0047341367 -3.8940958e-09)
(0.56527063 -0.004895835 -3.7418217e-09)
(0.56956795 -0.015931723 -3.5672569e-09)
(0.57806817 -0.027370885 -3.3675392e-09)
(0.59069224 -0.038225138 -3.1457781e-09)
(0.60701082 -0.047619378 -2.9070031e-09)
(0.62628841 -0.054878045 -2.6607805e-09)
(0.64736996 -0.059520132 -2.4169881e-09)
(0.66880778 -0.061336047 -2.1854001e-09)
(0.68928611 -0.060462092 -1.9802645e-09)
(0.70767621 -0.057255223 -1.8161084e-09)
(0.72316669 -0.052196246 -1.7047296e-09)
(0.73532877 -0.045789067 -1.652787e-09)
(0.74409326 -0.038493037 -1.6603154e-09)
(0.74968947 -0.03067289 -1.7203884e-09)
(0.75249467 -0.022600637 -1.8199784e-09)
(0.75291815 -0.014473289 -1.9419091e-09)
(0.75130693 -0.0064656193 -2.067795e-09)
(0.74789534 0.0013619443 -2.1815953e-09)
(0.74273257 0.0088616254 -2.2729469e-09)
(0.73581326 0.015921843 -2.3391354e-09)
(0.72717203 0.022476351 -2.3846816e-09)
(0.71686091 0.028487468 -2.4185012e-09)
(0.70498776 0.033962725 -2.4498038e-09)
(0.69171144 0.03894435 -2.4844505e-09)
(0.6772161 0.043488735 -2.5231991e-09)
(0.66168252 0.047644271 -2.5622247e-09)
(0.64526888 0.051429998 -2.5952225e-09)
(0.62810724 0.054820421 -2.6159508e-09)
(0.61031089 0.057732619 -2.6200994e-09)
(0.59199717 0.060022804 -2.6061219e-09)
(0.57331147 0.061484166 -2.5749784e-09)
(0.55446036 0.061858131 -2.5293816e-09)
(0.53573616 0.060850712 -2.4728695e-09)
(0.51754403 0.058157789 -2.4090922e-09)
(0.50040583 0.053512249 -2.341401e-09)
(0.48496363 0.046715616 -2.27261e-09)
(0.47195682 0.037698059 -2.2050177e-09)
(0.46212418 0.0265621 -2.1403745e-09)
(0.45621983 0.013614711 -2.0799993e-09)
(0.45491256 -0.0006504504 -2.0248813e-09)
(0.4586331 -0.01558651 -1.9758449e-09)
(0.46757641 -0.03046108 -1.9338523e-09)
(0.48165304 -0.044450695 -1.9000884e-09)
(0.50046168 -0.056761856 -1.8759093e-09)
(0.52329547 -0.066710768 -1.8625481e-09)
(0.54917176 -0.073788455 -1.8606099e-09)
(0.57690517 -0.077708034 -1.8695503e-09)
(0.6051799 -0.078422199 -1.8872895e-09)
(0.63266994 -0.07611351 -1.9101668e-09)
(0.65813609 -0.07115199 -1.9331966e-09)
(0.68055431 -0.064036901 -1.950664e-09)
(0.69918036 -0.055319782 -1.9568634e-09)
(0.71359801 -0.045548944 -1.947004e-09)
(0.72369687 -0.035202163 -1.9181809e-09)
(0.72959714 -0.024689041 -1.8701899e-09)
(0.73159855 -0.014295055 -1.8061122e-09)
(0.73007325 -0.0042687067 -1.7319224e-09)
(0.72545686 0.0053364433 -1.6555429e-09)
(0.71811284 0.014332316 -1.5852657e-09)
(0.70837508 0.022699159 -1.5282333e-09)
(0.69658506 0.030414655 -1.4892725e-09)
(0.68302959 0.037456071 -1.470524e-09)
(0.66796269 0.043796564 -1.4717257e-09)
(0.6516179 0.049389586 -1.4908741e-09)
(0.63421978 0.054159847 -1.5249588e-09)
(0.61599916 0.057999292 -1.5705487e-09)
(0.59720981 0.060769693 -1.6241421e-09)
(0.57814367 0.06231231 -1.6822953e-09)
(0.55914308 0.062464609 -1.7416192e-09)
(0.54060524 0.061082344 -1.7987252e-09)
(0.52297767 0.058063965 -1.8501987e-09)
(0.50674363 0.053374109 -1.8926549e-09)
(0.49239898 0.047062128 -1.9229114e-09)
(0.48041609 0.039270243 -1.9382323e-09)
(0.47121401 0.030235328 -1.9367006e-09)
(0.46513635 0.020272224 -1.9174732e-09)
(0.46242045 0.009752235 -1.881001e-09)
(0.46315977 -0.00091812589 -1.829123e-09)
(0.4673202 -0.011354743 -1.7649586e-09)
(0.47476019 -0.021196664 -1.6926673e-09)
(0.48522032 -0.030107802 -1.6170058e-09)
(0.49833585 -0.037811202 -1.5428424e-09)
(0.51365297 -0.044093791 -1.4746491e-09)
(0.53064401 -0.0488108 -1.4160349e-09)
(0.54872757 -0.051885289 -1.3693988e-09)
(0.56728634 -0.053308176 -1.3357512e-09)
(0.58569781 -0.053133294 -1.3147613e-09)
(0.60335848 -0.051471013 -1.3050284e-09)
(0.61972371 -0.048476255 -1.3045357e-09)
(0.6343286 -0.044335378 -1.3111609e-09)
(0.64681846 -0.039252022 -1.3230893e-09)
(0.65695446 -0.033434089 -1.3389951e-09)
(0.66461072 -0.027084627 -1.3579639e-09)
(0.66976666 -0.020397616 -1.3792366e-09)
(0.67247016 -0.013547955 -1.40198e-09)
(0.67283258 -0.0066959362 -1.425187e-09)
(0.67105402 1.7741694e-05 -1.4477457e-09)
(0.6672971 0.0064809174 -1.4686525e-09)
(0.66173086 0.012569081 -1.487229e-09)
(0.65459262 0.018199034 -1.5032085e-09)
(0.64609988 0.023295293 -1.5167064e-09)
(0.63646982 0.027796172 -1.5281037e-09)
(0.62592143 0.031650056 -1.5379016e-09)
(0.61467258 0.034811938 -1.5465823e-09)
(0.60293973 0.037241609 -1.5545089e-09)
(0.59093982 0.038902662 -1.5618811e-09)
(0.57889042 0.039762767 -1.56871e-09)
(0.56701233 0.039795678 -1.5748441e-09)
(0.55552874 0.038984483 -1.57999e-09)
(0.5446648 0.03732487 -1.5837594e-09)
(0.53464481 0.034829944 -1.5857125e-09)
(0.52568799 0.03153387 -1.5854111e-09)
(0.51800102 0.027495 -1.5824721e-09)
(0.51177299 0.022797238 -1.5766236e-09)
(0.50716172 0.017548464 -1.5677405e-09)
(0.50429286 0.01188473 -1.5559302e-09)
(0.50324887 0.0059529037 -1.5415063e-09)
(0.50406411 -7.9076374e-05 -1.525033e-09)
(0.50671753 -0.0060418244 -1.5073024e-09)
(0.5111366 -0.011775928 -1.4892948e-09)
(0.51719079 -0.017118723 -1.4721e-09)
(0.52470775 -0.021926365 -1.4568321e-09)
(0.53346362 -0.026072079 -1.4444985e-09)
(0.54320845 -0.029458898 -1.4359221e-09)
(0.55365436 -0.032007018 -1.4315483e-09)
(0.56451016 -0.033675159 -1.4315554e-09)
(0.57547683 -0.034429072 -1.4354716e-09)
(0.58624695 -0.034282095 -1.4428916e-09)
(0.59659962 -0.033227732 -1.4523881e-09)
(0.6061638 -0.031328718 -1.4636706e-09)
(0.61499645 -0.028577266 -1.4746148e-09)
(0.62237955 -0.025058938 -1.4861457e-09)
(0.62921953 -0.02082413 -1.4954576e-09)
(0.63352176 -0.01559386 -1.5065739e-09)
(0.63836974 -0.01088894 -1.5118368e-09)
(0.63984865 -0.0013468653 -1.5284279e-09)
(0.69667418 -0.0075791441 -1.81106e-14)
(0.69969924 -0.0229909 -1.7237541e-12)
(0.70565931 -0.038632581 4.7544421e-12)
(0.71444513 -0.054413466 -8.9200834e-12)
(0.72626907 -0.070389383 1.6783143e-11)
(0.74128447 -0.086431661 -2.3452094e-11)
(0.7597038 -0.10258014 3.3700836e-11)
(0.78162225 -0.1185626 -3.5875164e-11)
(0.8071619 -0.13432862 3.7514325e-11)
(0.83641271 -0.14945258 -2.5520462e-11)
(0.86933539 -0.16368054 1.7992786e-11)
(0.9059309 -0.17646272 -2.4158072e-13)
(0.94590244 -0.18725946 -6.5163713e-12)
(0.98897233 -0.19545635 1.062139e-11)
(1.0345262 -0.20035806 6.5634222e-12)
(1.081843 -0.20138964 1.8054284e-12)
(1.1299513 -0.19802633 -5.8173821e-12)
(1.1777227 -0.18997559 -1.911813e-12)
(1.223877 -0.17720711 7.1055101e-12)
(1.2671286 -0.16002267 1.0879493e-11)
(1.3062967 -0.13906942 6.2312882e-12)
(1.3405028 -0.11526339 -1.7617573e-12)
(1.3692575 -0.089605003 -7.1934273e-12)
(1.3924546 -0.063016216 -6.6488758e-12)
(1.4102657 -0.036128739 -1.4096059e-12)
(1.4228716 -0.0093974676 4.7269248e-12)
(1.4304973 0.016978471 8.3604669e-12)
(1.4331591 0.042831789 8.3682232e-12)
(1.4308449 0.067898142 6.6052206e-12)
(1.4234986 0.091801408 5.827045e-12)
(1.4110812 0.11406469 7.3585338e-12)
(1.3936516 0.13409872 1.0455501e-11)
(1.3714313 0.1512314 1.2664252e-11)
(1.3448521 0.16476227 1.2312021e-11)
(1.3145491 0.17404262 9.7828722e-12)
(1.2813685 0.17856417 6.7218427e-12)
(1.2463337 0.17802259 4.536087e-12)
(1.2105968 0.17237111 3.2511481e-12)
(1.1753864 0.16185747 1.8995129e-12)
(1.1419092 0.14697533 -9.8745951e-13)
(1.1113328 0.12843246 -7.1690721e-12)
(1.0846663 0.1071026 -1.8068974e-11)
(1.0627774 0.084006358 -3.4029921e-11)
(1.0462628 0.06019835 -5.7112223e-11)
(1.0355071 0.036742242 -9.1588166e-11)
(1.0307034 0.014672764 -1.4244753e-10)
(1.0316408 -0.0049489208 -2.1332992e-10)
(1.0378089 -0.021177192 -3.0581217e-10)
(1.0485097 -0.033190505 -4.1830422e-10)
(1.0627343 -0.040406546 -5.4289332e-10)
(1.0790912 -0.042445232 -6.6235532e-10)
(1.0957539 -0.039054585 -7.5109295e-10)
(1.1109082 -0.030315898 -7.8331051e-10)
(1.1227858 -0.016732598 -7.4482899e-10)
(1.1295838 0.0007904205 -6.4076055e-10)
(1.129508 0.020814324 -4.9455819e-10)
(1.121049 0.041768074 -3.4024938e-10)
(1.1033943 0.062169941 -2.078563e-10)
(1.0768067 0.080783881 -1.1297201e-10)
(1.0426766 0.096805273 -5.596064e-11)
(1.0031529 0.10970475 -2.714143e-11)
(0.9605306 0.1189586 -1.7075396e-11)
(0.91677511 0.12392988 -1.7811667e-11)
(0.87340779 0.12401405 -2.5047792e-11)
(0.83163285 0.11892511 -4.1735875e-11)
(0.79246474 0.10886062 -6.1931393e-11)
(0.75680366 0.094515528 -8.0349125e-11)
(0.72532165 0.076876122 -9.7110607e-11)
(0.69846822 0.056951781 -1.0669898e-10)
(0.67658489 0.035677405 -1.4445526e-10)
(0.66008227 0.014213252 -3.2191397e-10)
(0.64959058 -0.0056726965 -7.4877805e-10)
(0.64523327 -0.021615542 -1.4056356e-09)
(0.64630262 -0.031337746 -2.18791e-09)
(0.65076125 -0.033854996 -2.9316189e-09)
(0.65621128 -0.030082891 -3.5646428e-09)
(0.66210298 -0.019590519 -4.2770957e-09)
(0.66480235 -0.0061887621 -4.8481904e-09)
(0.66302594 0.0066425774 -5.2202055e-09)
(0.65720648 0.016513015 -5.4207438e-09)
(0.64845339 0.022251583 -5.5058442e-09)
(0.63866316 0.022639003 -5.5100313e-09)
(0.62989871 0.0172755 -5.4554602e-09)
(0.62383791 0.0070301569 -5.3637222e-09)
(0.6220866 -0.0066594528 -5.2462575e-09)
(0.62594015 -0.022463407 -5.0953639e-09)
(0.63605265 -0.038862284 -4.8988962e-09)
(0.65270735 -0.054559981 -4.6743715e-09)
(0.67526939 -0.068169724 -4.4190998e-09)
(0.70236117 -0.078361306 -4.1222605e-09)
(0.73235835 -0.084303335 -3.7886522e-09)
(0.76349257 -0.085735145 -3.4326929e-09)
(0.79377709 -0.082890821 -3.0701727e-09)
(0.82129754 -0.076423562 -2.7193729e-09)
(0.844441 -0.06727564 -2.4007789e-09)
(0.86210431 -0.056490314 -2.1355093e-09)
(0.8738378 -0.045032641 -1.9427239e-09)
(0.87987664 -0.033621627 -1.8362441e-09)
(0.88099226 -0.022661976 -1.8211818e-09)
(0.87825915 -0.012297674 -1.8915241e-09)
(0.87286966 -0.0025185826 -2.029802e-09)
(0.86575477 0.0068214005 -2.2097104e-09)
(0.85741137 0.015756111 -2.4016951e-09)
(0.84806523 0.024314818 -2.5802513e-09)
(0.83768875 0.032444565 -2.7302506e-09)
(0.82611737 0.040057163 -2.8493885e-09)
(0.81318619 0.047077905 -2.9454664e-09)
(0.79881134 0.053476411 -3.0298565e-09)
(0.78300861 0.059270039 -3.110441e-09)
(0.76587088 0.064506119 -3.1874799e-09)
(0.7475206 0.0692268 -3.2537567e-09)
(0.72807826 0.073435717 -3.2982322e-09)
(0.70764359 0.077067277 -3.3106594e-09)
(0.68631 0.079966476 -3.285144e-09)
(0.66419591 0.081885262 -3.2214333e-09)
(0.64148351 0.082480451 -3.1242215e-09)
(0.6184702 0.081344829 -3.0014921e-09)
(0.59560367 0.078038085 -2.8625676e-09)
(0.57350666 0.072135282 -2.7166754e-09)
(0.55297645 0.063318237 -2.5718747e-09)
(0.53495684 0.051416679 -2.4343458e-09)
(0.5204843 0.036495104 -2.307967e-09)
(0.51055035 0.018931384 -2.194204e-09)
(0.50603686 -0.00060820663 -2.0924595e-09)
(0.5076007 -0.021251925 -2.0010336e-09)
(0.51560854 -0.041991756 -1.9184732e-09)
(0.53012548 -0.061656653 -1.8448498e-09)
(0.55083579 -0.0790936 -1.7824898e-09)
(0.57706281 -0.093280441 -1.73575e-09)
(0.60778925 -0.10341347 -1.7098803e-09)
(0.64170989 -0.10898132 -1.7093003e-09)
(0.67727231 -0.10980992 -1.7359293e-09)
(0.7127791 -0.10608037 -1.7880369e-09)
(0.74648208 -0.098306978 -1.8600188e-09)
(0.77676867 -0.087269519 -1.9430309e-09)
(0.80230387 -0.073904003 -2.0262518e-09)
(0.82222114 -0.059162719 -2.0982715e-09)
(0.83615379 -0.043898856 -2.1484916e-09)
(0.84424536 -0.028770849 -2.168576e-09)
(0.84697676 -0.014240994 -2.1541702e-09)
(0.84510787 -0.00056500286 -2.1063521e-09)
(0.83937025 0.012134388 -2.0321437e-09)
(0.83039552 0.023775547 -1.9435456e-09)
(0.81881337 0.034389163 -1.8550097e-09)
(0.80509569 0.04401364 -1.7803482e-09)
(0.7896002 0.052683916 -1.7302244e-09)
(0.77259659 0.060416171 -1.7108923e-09)
(0.7542917 0.067190888 -1.7242393e-09)
(0.73485815 0.072940789 -1.7687014e-09)
(0.71446508 0.077544727 -1.8404591e-09)
(0.69330937 0.080829803 -1.9344472e-09)
(0.67164393 0.082583696 -2.0449533e-09)
(0.6497999 0.08257738 -2.1658301e-09)
(0.62819765 0.080597147 -2.290467e-09)
(0.60734353 0.076481431 -2.4117209e-09)
(0.58781147 0.070156551 -2.5219695e-09)
(0.57020864 0.061665941 -2.6134194e-09)
(0.55513207 0.051183744 -2.6786571e-09)
(0.54312835 0.039017211 -2.7114605e-09)
(0.53464217 0.025588591 -2.7075339e-09)
(0.52998949 0.011389812 -2.6651113e-09)
(0.52932775 -0.0030344386 -2.5853998e-09)
(0.53266965 -0.017158337 -2.4725809e-09)
(0.53991672 -0.030491884 -2.3334398e-09)
(0.55084341 -0.042583112 -2.1767737e-09)
(0.56511049 -0.053048767 -2.0125999e-09)
(0.58228008 -0.061581795 -1.8512773e-09)
(0.60182516 -0.067957999 -1.7025849e-09)
(0.62313659 -0.072036558 -1.5748411e-09)
(0.64552695 -0.073767897 -1.4740969e-09)
(0.66825159 -0.073194461 -1.4035364e-09)
(0.69052491 -0.070454996 -1.363191e-09)
(0.71157401 -0.065773903 -1.3501708e-09)
(0.73067304 -0.059450456 -1.3594424e-09)
(0.74721945 -0.051825213 -1.3850853e-09)
(0.76076191 -0.04325791 -1.4216297e-09)
(0.77104445 -0.034087774 -1.4650383e-09)
(0.77800142 -0.02462187 -1.5129546e-09)
(0.7817215 -0.015125538 -1.5642344e-09)
(0.78242897 -0.0058080005 -1.6181539e-09)
(0.78041957 0.0031594909 -1.6737058e-09)
(0.77599813 0.011614435 -1.729404e-09)
(0.76946649 0.019463358 -1.783526e-09)
(0.76113524 0.026615112 -1.8345207e-09)
(0.75129027 0.032996971 -1.8813654e-09)
(0.74019634 0.038552467 -1.9236936e-09)
(0.72810148 0.043235587 -1.9617042e-09)
(0.71524059 0.047006076 -1.9959411e-09)
(0.70183946 0.049826191 -2.027029e-09)
(0.6881216 0.051659335 -2.0554816e-09)
(0.67431084 0.052470249 -2.0815443e-09)
(0.66063866 0.052227696 -2.1051577e-09)
(0.6473437 0.050909237 -2.1259256e-09)
(0.63467452 0.048506422 -2.1431791e-09)
(0.62288582 0.045032284 -2.156022e-09)
(0.6122345 0.040525991 -2.1634339e-09)
(0.60297087 0.035058297 -2.1643565e-09)
(0.59532977 0.02873531 -2.1578332e-09)
(0.58952169 0.021696014 -2.1430947e-09)
(0.58571916 0.014115784 -2.119723e-09)
(0.58404294 0.0061990342 -2.0877291e-09)
(0.58456313 -0.0018355827 -2.0476229e-09)
(0.5872828 -0.0097654898 -2.0004919e-09)
(0.59215097 -0.01736728 -1.9479951e-09)
(0.59904329 -0.024418787 -1.8923033e-09)
(0.60778231 -0.030724652 -1.836036e-09)
(0.61811918 -0.036107808 -1.7820271e-09)
(0.62976815 -0.040438817 -1.7332664e-09)
(0.64238999 -0.043605005 -1.6923292e-09)
(0.65561322 -0.045563698 -1.6616902e-09)
(0.66908423 -0.04626653 -1.642397e-09)
(0.68234745 -0.045765728 -1.6356535e-09)
(0.69519612 -0.044054118 -1.639879e-09)
(0.70699065 -0.041265175 -1.6550467e-09)
(0.71802354 -0.037417759 -1.6767947e-09)
(0.7270558 -0.032615549 -1.705427e-09)
(0.73567884 -0.02712585 -1.7335902e-09)
(0.74098338 -0.020140287 -1.7683912e-09)
(0.74701209 -0.014739589 -1.7888458e-09)
(0.74961731 -0.0024485205 -1.834605e-09)
(0.80020215 -0.0089553228 1.5039515e-12)
(0.8030144 -0.027110866 -7.81198e-12)
(0.80860138 -0.045592664 1.5958425e-11)
(0.81681446 -0.064298602 -2.9686096e-11)
(0.82792332 -0.083406208 5.1389325e-11)
(0.84206686 -0.10268367 -7.508092e-11)
(0.85959472 -0.12234994 1.0562166e-10)
(0.88063921 -0.14191331 -1.2223549e-10)
(0.90546309 -0.16155724 1.3340087e-10)
(0.93428148 -0.18051888 -1.1655391e-10)
(0.96711997 -0.19874809 9.2664845e-11)
(1.0042361 -0.21533685 -3.4139915e-11)
(1.0452637 -0.22974251 -8.9894993e-12)
(1.09021 -0.24108094 2.3235523e-11)
(1.1382878 -0.24838687 7.4156155e-12)
(1.1888506 -0.25089544 1.7574878e-11)
(1.2406934 -0.24774833 -1.6083894e-11)
(1.2924743 -0.23852402 -1.4258261e-11)
(1.3425491 -0.22312846 1.113164e-11)
(1.3892853 -0.2020068 3.0822044e-11)
(1.4311442 -0.1761357 2.4509316e-11)
(1.4670877 -0.14686053 4.1149689e-12)
(1.4966748 -0.11561367 -1.2947421e-11)
(1.5200627 -0.083542979 -1.0359881e-11)
(1.5377109 -0.051407723 1.2172475e-11)
(1.5500906 -0.019556359 4.3800165e-11)
(1.5575053 0.011838273 7.1107545e-11)
(1.5600133 0.042722863 8.6352611e-11)
(1.557476 0.072934961 9.1198598e-11)
(1.5496916 0.10208817 9.1948453e-11)
(1.5365042 0.12959826 9.3025763e-11)
(1.5178723 0.15470826 9.5330225e-11)
(1.4939451 0.17656604 9.5857411e-11)
(1.4651414 0.19427633 9.0889219e-11)
(1.4321556 0.2069614 7.9854414e-11)
(1.3959538 0.21388311 6.5380461e-11)
(1.3577158 0.21457664 5.0994368e-11)
(1.3187618 0.20891168 3.9026846e-11)
(1.2804698 0.19712097 2.9644077e-11)
(1.2441618 0.17975937 2.0078902e-11)
(1.2110863 0.15764959 4.9191454e-12)
(1.1823594 0.1318126 -2.0307355e-11)
(1.1589504 0.10344009 -5.7636592e-11)
(1.1416242 0.07379036 -1.1235324e-10)
(1.1308513 0.044146684 -1.9421137e-10)
(1.1268796 0.01587892 -3.1613657e-10)
(1.1295739 -0.0097383887 -4.9163834e-10)
(1.1386046 -0.031394279 -7.3475409e-10)
(1.1533785 -0.047904704 -1.0559667e-09)
(1.1728378 -0.058387146 -1.4430485e-09)
(1.195458 -0.062176944 -1.8497137e-09)
(1.2194865 -0.058877972 -2.2043064e-09)
(1.2431599 -0.048504669 -2.4258486e-09)
(1.2647321 -0.031504892 -2.4526251e-09)
(1.2823203 -0.0086867989 -2.2662759e-09)
(1.2938799 0.018722517 -1.9001275e-09)
(1.2975553 0.048828315 -1.4322826e-09)
(1.2917555 0.079505916 -9.6273356e-10)
(1.2753601 0.10844248 -5.7391096e-10)
(1.248138 0.13349675 -3.0466311e-10)
(1.2110274 0.15308437 -1.4590296e-10)
(1.166115 0.16630911 -6.6413198e-11)
(1.1161307 0.17279035 -3.391308e-11)
(1.0637949 0.17243228 -1.9756867e-11)
(1.011418 0.1654113 -2.0093833e-11)
(0.96082403 0.15224892 -3.1729656e-11)
(0.91344939 0.1338857 -4.6851259e-11)
(0.870354 0.11162439 -6.1660972e-11)
(0.83217123 0.086767357 -3.564233e-11)
(0.79918435 0.060236078 5.2352025e-11)
(0.77166523 0.03288848 8.3849791e-11)
(0.75023525 0.0065226616 -1.6038345e-10)
(0.73551353 -0.015792094 -7.9864138e-10)
(0.72731271 -0.030311044 -1.7623878e-09)
(0.72426066 -0.035079901 -2.6651095e-09)
(0.72388006 -0.033375998 -3.1771856e-09)
(0.72331491 -0.023267846 -3.9838679e-09)
(0.71968665 -0.0047555065 -4.9444697e-09)
(0.71178727 0.012832998 -5.5931347e-09)
(0.69946264 0.026629939 -5.9918073e-09)
(0.68409707 0.034440337 -6.2170636e-09)
(0.66800471 0.034782247 -6.3327812e-09)
(0.65353849 0.027361618 -6.3866064e-09)
(0.64293681 0.01305007 -6.3979868e-09)
(0.63820994 -0.0063522263 -6.372062e-09)
(0.64097964 -0.029079219 -6.313554e-09)
(0.65224749 -0.053256484 -6.2177451e-09)
(0.67193338 -0.076439586 -6.0448781e-09)
(0.69945928 -0.096379657 -5.7865103e-09)
(0.7337257 -0.11139829 -5.4582248e-09)
(0.77307972 -0.12031527 -5.0771155e-09)
(0.81543357 -0.12254319 -4.6613946e-09)
(0.85841698 -0.1181414 -4.2284707e-09)
(0.89952876 -0.1078322 -3.7936365e-09)
(0.93633622 -0.092904153 -3.3701279e-09)
(0.96666352 -0.075040531 -2.9699479e-09)
(0.98889225 -0.056059679 -2.6066128e-09)
(1.0022455 -0.037601449 -2.2980411e-09)
(1.0069387 -0.02083171 -2.0673109e-09)
(1.0041359 -0.0062645767 -1.9383518e-09)
(0.99575835 0.0062168724 -1.9269973e-09)
(0.9838658 0.016987894 -2.0321013e-09)
(0.97018856 0.026635832 -2.2319115e-09)
(0.95594642 0.035686572 -2.488871e-09)
(0.94166256 0.044450534 -2.7613326e-09)
(0.92728926 0.053013264 -3.016777e-09)
(0.9124396 0.061296604 -3.2399559e-09)
(0.896636 0.06915717 -3.4319855e-09)
(0.87949034 0.076471308 -3.6014297e-09)
(0.86078632 0.083178139 -3.7532257e-09)
(0.84046341 0.089268393 -3.8818751e-09)
(0.81856197 0.094739247 -3.9722487e-09)
(0.79516207 0.09953638 -4.0062285e-09)
(0.77035932 0.10349961 -3.9707796e-09)
(0.74428098 0.10633701 -3.863248e-09)
(0.71712376 0.1076112 -3.6922378e-09)
(0.68922711 0.10676517 -3.4750849e-09)
(0.66111125 0.10317452 -3.2336064e-09)
(0.63352624 0.096210246 -2.9899726e-09)
(0.60745408 0.085363629 -2.7631564e-09)
(0.5840468 0.070342108 -2.5662042e-09)
(0.56455997 0.051154863 -2.4044421e-09)
(0.5502598 0.028203451 -2.2750083e-09)
(0.54219554 0.0023507971 -2.168097e-09)
(0.54105152 -0.025156754 -2.0701806e-09)
(0.54730705 -0.053053856 -1.9684525e-09)
(0.56114249 -0.079789939 -1.8551871e-09)
(0.58230363 -0.10382987 -1.7307127e-09)
(0.61019854 -0.12379443 -1.6037676e-09)
(0.64392814 -0.13854819 -1.489357e-09)
(0.68231718 -0.14727831 -1.4047857e-09)
(0.72391058 -0.14954954 -1.365317e-09)
(0.76699463 -0.14535601 -1.3803678e-09)
(0.80960901 -0.13514997 -1.4512267e-09)
(0.84966342 -0.11984323 -1.5705643e-09)
(0.88510291 -0.10073568 -1.7240042e-09)
(0.91420041 -0.079342046 -1.8929319e-09)
(0.9358036 -0.057168031 -2.057468e-09)
(0.94952505 -0.035454284 -2.1985952e-09)
(0.95571147 -0.015074893 -2.2998336e-09)
(0.95528883 0.0035417461 -2.349488e-09)
(0.94939658 0.020187763 -2.3435384e-09)
(0.93921933 0.034971174 -2.2879487e-09)
(0.92580533 0.048070644 -2.1984433e-09)
(0.90995517 0.059687397 -2.0972471e-09)
(0.89222914 0.070000776 -2.0080074e-09)
(0.87298592 0.079136291 -1.9509355e-09)
(0.85243723 0.087144832 -1.9397683e-09)
(0.83070822 0.093989177 -1.9810179e-09)
(0.80789711 0.099538127 -2.0749575e-09)
(0.78413108 0.10357103 -2.2173253e-09)
(0.75961415 0.10579607 -2.4008486e-09)
(0.73466303 0.10588318 -2.6161477e-09)
(0.70972466 0.10351115 -2.852031e-09)
(0.68537125 0.098423058 -3.0955119e-09)
(0.66227297 0.090481126 -3.3319192e-09)
(0.64114985 0.079709709 -3.5454648e-09)
(0.62271322 0.066317486 -3.7203758e-09)
(0.60760644 0.050691946 -3.8424442e-09)
(0.59635087 0.03336951 -3.9006047e-09)
(0.58932507 0.014991332 -3.8882033e-09)
(0.58671051 -0.0037434796 -3.8038176e-09)
(0.58851757 -0.0221283 -3.6514236e-09)
(0.59466633 -0.039567543 -3.439572e-09)
(0.60497207 -0.055494819 -3.1806664e-09)
(0.61914204 -0.069425606 -2.8898367e-09)
(0.63680432 -0.080962579 -2.5838435e-09)
(0.65751841 -0.089791931 -2.2799817e-09)
(0.68076376 -0.095681165 -1.995066e-09)
(0.70593186 -0.098488003 -1.7443378e-09)
(0.73231033 -0.098171509 -1.5402722e-09)
(0.75908222 -0.094812815 -1.3912756e-09)
(0.78533773 -0.088626747 -1.300535e-09)
(0.81011614 -0.079969721 -1.2653889e-09)
(0.83247136 -0.069318866 -1.2778104e-09)
(0.85156847 -0.057235384 -1.3261629e-09)
(0.86676761 -0.044302593 -1.3980664e-09)
(0.87770925 -0.031061843 -1.4832064e-09)
(0.88431434 -0.017962447 -1.5751132e-09)
(0.88678883 -0.0053555004 -1.6710265e-09)
(0.88552724 0.0065235862 -1.7704094e-09)
(0.88101359 0.017501281 -1.8730283e-09)
(0.87374472 0.027489649 -1.9777678e-09)
(0.8642009 0.03643119 -2.0824903e-09)
(0.85280777 0.044288917 -2.1846512e-09)
(0.8399313 0.051037709 -2.2820814e-09)
(0.82588618 0.056656427 -2.3734838e-09)
(0.8109491 0.061122322 -2.4585241e-09)
(0.79537098 0.064407375 -2.5375491e-09)
(0.77939228 0.0664768 -2.611215e-09)
(0.76325087 0.067290952 -2.680068e-09)
(0.74719465 0.06680865 -2.7443011e-09)
(0.73148323 0.06499533 -2.8035496e-09)
(0.71639401 0.061830439 -2.8569045e-09)
(0.70221646 0.057319286 -2.9029088e-09)
(0.68924939 0.05149918 -2.939721e-09)
(0.67778909 0.044449997 -2.9652242e-09)
(0.66812104 0.036297278 -2.9772756e-09)
(0.66050396 0.02721246 -2.973881e-09)
(0.65516204 0.017410875 -2.9534173e-09)
(0.65226377 0.0071513805 -2.9148691e-09)
(0.65190943 -0.0032794595 -2.8579411e-09)
(0.6541338 -0.013595251 -2.7832308e-09)
(0.65892464 -0.023507225 -2.6922902e-09)
(0.66618085 -0.03272008 -2.5876153e-09)
(0.67574563 -0.040976105 -2.4727628e-09)
(0.68738181 -0.048028499 -2.3519875e-09)
(0.70079818 -0.053702792 -2.2305985e-09)
(0.71565941 -0.057824401 -2.1137857e-09)
(0.73152213 -0.060338115 -2.0078678e-09)
(0.74804404 -0.061148862 -1.9173066e-09)
(0.76456059 -0.060341942 -1.8480678e-09)
(0.78094787 -0.057903885 -1.8014785e-09)
(0.79612362 -0.054025005 -1.781512e-09)
(0.81069594 -0.048824289 -1.7837998e-09)
(0.82263331 -0.042337955 -1.8112754e-09)
(0.83429992 -0.035333634 -1.8486179e-09)
(0.84171588 -0.026062731 -1.9132168e-09)
(0.84963832 -0.019842987 -1.9515548e-09)
(0.854285 -0.0044264675 -2.0535074e-09)
(0.89658487 -0.010213415 6.5597334e-12)
(0.89912026 -0.030871425 -2.3678713e-11)
(0.90421798 -0.051982342 4.2704788e-11)
(0.91168043 -0.073400326 -7.8806829e-11)
(0.92187392 -0.095511714 1.3114435e-10)
(0.93488805 -0.11789537 -1.961886e-10)
(0.95126872 -0.14112955 2.7603019e-10)
(0.97112931 -0.16429629 -3.4188962e-10)
(0.99496823 -0.18815455 4.015229e-10)
(1.0230935 -0.21120603 -4.1249365e-10)
(1.0556448 -0.23410355 3.7361075e-10)
(1.0932631 -0.25504737 -2.2875883e-10)
(1.1353742 -0.27393649 8.1604125e-11)
(1.1826432 -0.28922396 2.7306999e-12)
(1.233752 -0.29975698 -8.8142308e-12)
(1.2885365 -0.30449431 8.6782421e-11)
(1.3452362 -0.30197476 -5.318324e-11)
(1.4023285 -0.29162661 -4.012612e-11)
(1.4575309 -0.27309741 1.939849e-11)
(1.5087042 -0.24709588 6.7054811e-11)
(1.5536886 -0.21515071 5.0716006e-11)
(1.5913488 -0.17939355 1.7466461e-11)
(1.6214152 -0.14189179 -2.0521493e-12)
(1.6445276 -0.1040249 3.9710442e-11)
(1.6615975 -0.066543921 1.4706928e-10)
(1.673448 -0.029622459 2.939048e-10)
(1.6804885 0.0067640412 4.320158e-10)
(1.6827766 0.042813163 5.2494813e-10)
(1.6799717 0.0784621 5.6584339e-10)
(1.671607 0.11328259 5.7113475e-10)
(1.6572916 0.1466132 5.5856755e-10)
(1.6368233 0.17749101 5.3638514e-10)
(1.6102722 0.20474587 5.0312446e-10)
(1.5780166 0.22718954 4.5471352e-10)
(1.5407749 0.24370437 3.9304562e-10)
(1.4996809 0.25334094 3.2570854e-10)
(1.4562008 0.25544309 2.6075095e-10)
(1.4119533 0.24974893 2.0386558e-10)
(1.3685769 0.2364795 1.5783586e-10)
(1.3276195 0.21627487 1.2014229e-10)
(1.2905139 0.1900648 7.7709835e-11)
(1.2584991 0.15899885 1.8499622e-11)
(1.2326162 0.12449015 -6.3210407e-11)
(1.2137256 0.088074554 -1.8323101e-10)
(1.2023611 0.051344751 -3.6105787e-10)
(1.1987129 0.015881114 -6.2416747e-10)
(1.2028809 -0.016961564 -1.020671e-09)
(1.2146814 -0.045324831 -1.6136233e-09)
(1.2333512 -0.067594673 -2.468115e-09)
(1.2575719 -0.082491201 -3.5547768e-09)
(1.2857119 -0.089059338 -4.7240263e-09)
(1.3160789 -0.086729619 -5.8005763e-09)
(1.347035 -0.075419771 -6.5993326e-09)
(1.3770362 -0.055533372 -6.9475676e-09)
(1.4044124 -0.028078703 -6.7545098e-09)
(1.4271199 0.0055552603 -6.057552e-09)
(1.4428715 0.043672188 -4.9740039e-09)
(1.4495993 0.084041552 -3.6891705e-09)
(1.445572 0.12411568 -2.4442195e-09)
(1.4296917 0.161062 -1.4398244e-09)
(1.4016695 0.19191328 -7.5028994e-10)
(1.3621808 0.21428858 -3.3945758e-10)
(1.312995 0.22693349 -1.3203251e-10)
(1.2568298 0.22961712 -4.327567e-11)
(1.1968194 0.22288446 -1.2359887e-11)
(1.1359394 0.20780469 -5.7573515e-12)
(1.0767091 0.18584435 -1.7635409e-11)
(1.0210712 0.15885932 -5.3431206e-11)
(0.97032072 0.12873939 -5.4087109e-11)
(0.92504834 0.096772966 5.9428109e-11)
(0.88535131 0.063683392 2.227526e-10)
(0.85146587 0.030878777 2.1751286e-10)
(0.82413778 0.0014635908 -1.40993e-10)
(0.80413162 -0.020191938 -8.5800875e-10)
(0.7910207 -0.030586302 -1.7795531e-09)
(0.78225432 -0.029165084 -2.715909e-09)
(0.77266815 -0.016142608 -3.7261559e-09)
(0.75946305 0.0053615429 -4.7687249e-09)
(0.74276952 0.027212822 -5.5742604e-09)
(0.72182525 0.044605321 -6.1606956e-09)
(0.69828755 0.054062742 -6.5919267e-09)
(0.67478478 0.053588401 -6.9426255e-09)
(0.65405013 0.042798078 -7.2695548e-09)
(0.63874452 0.022822362 -7.5881151e-09)
(0.63107488 -0.0043979106 -7.8559267e-09)
(0.63266215 -0.036231934 -7.9719549e-09)
(0.64430105 -0.069733952 -7.9293534e-09)
(0.66607368 -0.10202771 -7.7414473e-09)
(0.697418 -0.13033683 -7.4046282e-09)
(0.73711207 -0.15233684 -6.9487772e-09)
(0.78342881 -0.16632218 -6.4118194e-09)
(0.83427243 -0.17133792 -5.8299783e-09)
(0.88732267 -0.16720755 -5.2352301e-09)
(0.9401378 -0.15451971 -4.6562524e-09)
(0.99025064 -0.13455158 -4.1187095e-09)
(1.0351882 -0.10917695 -3.6408905e-09)
(1.0725841 -0.080712364 -3.2275414e-09)
(1.1003414 -0.051663568 -2.8689106e-09)
(1.1170169 -0.024465139 -2.5516627e-09)
(1.1222978 -0.00094025638 -2.2767423e-09)
(1.117192 0.018102223 -2.0692446e-09)
(1.1039727 0.032713772 -1.9694912e-09)
(1.0856306 0.04389935 -2.0096074e-09)
(1.0650268 0.052985099 -2.1926741e-09)
(1.0442512 0.061184298 -2.4882952e-09)
(1.0243422 0.069321029 -2.8458977e-09)
(1.0053619 0.07774636 -3.2160902e-09)
(0.98672387 0.086423417 -3.5668918e-09)
(0.96759619 0.095102759 -3.8859742e-09)
(0.94723163 0.10349797 -4.169962e-09)
(0.92513464 0.11139182 -4.4102043e-09)
(0.90107762 0.11864517 -4.5859333e-09)
(0.87502886 0.12513676 -4.6691975e-09)
(0.84707217 0.13066949 -4.6373788e-09)
(0.81737522 0.13489169 -4.4850186e-09)
(0.78620067 0.13725916 -4.228617e-09)
(0.7539737 0.13704537 -3.9034265e-09)
(0.72132934 0.1333927 -3.5550026e-09)
(0.68917099 0.12543847 -3.2294398e-09)
(0.65865549 0.11244853 -2.9642015e-09)
(0.63111098 0.093979636 -2.7813038e-09)
(0.6079453 0.07001873 -2.6832349e-09)
(0.59052986 0.041083026 -2.6526189e-09)
(0.5800412 0.0082002296 -2.656137e-09)
(0.57703014 -0.027053768 -2.6529776e-09)
(0.5817979 -0.062937881 -2.6049872e-09)
(0.59455303 -0.097554492 -2.4862416e-09)
(0.61499168 -0.1290464 -2.2900771e-09)
(0.64254054 -0.15575199 -2.030184e-09)
(0.67643323 -0.17628617 -1.7365544e-09)
(0.71574952 -0.18959574 -1.4478611e-09)
(0.75939633 -0.19498117 -1.203303e-09)
(0.80607074 -0.19214094 -1.0356045e-09)
(0.85415878 -0.18122075 -9.6613275e-10)
(0.90169083 -0.16291438 -1.0016791e-09)
(0.94636978 -0.13851257 -1.133715e-09)
(0.98578277 -0.10987588 -1.3405982e-09)
(1.0177453 -0.079185413 -1.5928126e-09)
(1.0407146 -0.048605639 -1.8586617e-09)
(1.0541061 -0.019865228 -2.1078384e-09)
(1.0583486 0.0059366069 -2.3129871e-09)
(1.0546603 0.028337869 -2.4517831e-09)
(1.0446892 0.047465805 -2.5113004e-09)
(1.0300846 0.063729127 -2.4931779e-09)
(1.0122361 0.077638255 -2.4155641e-09)
(0.99215586 0.089670898 -2.3097639e-09)
(0.97048131 0.10019267 -2.2127307e-09)
(0.94754849 0.10941823 -2.1587011e-09)
(0.92349495 0.11739503 -2.1730907e-09)
(0.89836664 0.12400196 -2.2700251e-09)
(0.87221655 0.12896289 -2.4529611e-09)
(0.84518481 0.13187901 -2.7167875e-09)
(0.81755564 0.13228052 -3.0499098e-09)
(0.78978386 0.12969874 -3.4355469e-09)
(0.76248883 0.1237469 -3.8523994e-09)
(0.73641562 0.11420012 -4.2752307e-09)
(0.71236934 0.10105762 -4.6761165e-09)
(0.69113947 0.084570484 -5.0266746e-09)
(0.67342772 0.065230847 -5.3009349e-09)
(0.65978915 0.043725192 -5.4781814e-09)
(0.6506113 0.020861364 -5.545047e-09)
(0.64608635 -0.0025222517 -5.4965784e-09)
(0.64617445 -0.025485763 -5.3363679e-09)
(0.65074344 -0.047363314 -5.0745325e-09)
(0.65963361 -0.067486487 -4.7265295e-09)
(0.67257257 -0.08530139 -4.3114061e-09)
(0.68924433 -0.10035704 -3.8503847e-09)
(0.70930893 -0.11228225 -3.365744e-09)
(0.73238405 -0.12077195 -2.8801699e-09)
(0.75803453 -0.12558704 -2.4162393e-09)
(0.78572978 -0.1265652 -1.9958008e-09)
(0.81482688 -0.1236512 -1.638919e-09)
(0.84452849 -0.11692955 -1.3621465e-09)
(0.87388825 -0.10666441 -1.1761071e-09)
(0.90181581 -0.09332274 -1.083107e-09)
(0.92716344 -0.077569517 -1.0756564e-09)
(0.94881464 -0.060222371 -1.1375234e-09)
(0.96587381 -0.042155639 -1.2474289e-09)
(0.97773776 -0.024193816 -1.3848552e-09)
(0.98425005 -0.0069881504 -1.5348254e-09)
(0.98563443 0.0089991405 -1.6900547e-09)
(0.98242029 0.023477402 -1.8491954e-09)
(0.97530991 0.03635236 -2.0133141e-09)
(0.96503173 0.047622033 -2.1827586e-09)
(0.95225766 0.057328905 -2.3558229e-09)
(0.93755787 0.065526796 -2.5292046e-09)
(0.92139571 0.072259751 -2.6992889e-09)
(0.90414707 0.077551471 -2.8633103e-09)
(0.88612477 0.081401713 -3.019792e-09)
(0.86760849 0.083786998 -3.1684154e-09)
(0.84886213 0.084665282 -3.3094082e-09)
(0.8301571 0.083984122 -3.4430093e-09)
(0.81177512 0.081691421 -3.5688614e-09)
(0.79402312 0.077749595 -3.6858832e-09)
(0.77722029 0.072149121 -3.7920306e-09)
(0.76170424 0.064920895 -3.8845923e-09)
(0.74780987 0.056150056 -3.9602201e-09)
(0.73586058 0.045979029 -4.0153969e-09)
(0.72615445 0.034616427 -4.0467206e-09)
(0.71895097 0.022320271 -4.0511583e-09)
(0.71445191 0.0093974789 -4.0264843e-09)
(0.71278013 -0.0037905751 -3.9713809e-09)
(0.71397888 -0.016878448 -3.8856529e-09)
(0.71806689 -0.029518567 -3.7702405e-09)
(0.72497052 -0.041338659 -3.6271475e-09)
(0.7345579 -0.052022473 -3.4598548e-09)
(0.74663533 -0.061244446 -3.2725346e-09)
(0.76092742 -0.068787513 -3.0713434e-09)
(0.77718579 -0.074391484 -2.8621558e-09)
(0.79492443 -0.077975545 -2.653914e-09)
(0.81395415 -0.079362309 -2.4533128e-09)
(0.83340247 -0.078624489 -2.2716597e-09)
(0.85340586 -0.075724982 -2.1144719e-09)
(0.87234418 -0.070822244 -1.9941091e-09)
(0.89130596 -0.064219937 -1.9092876e-09)
(0.90723384 -0.055680334 -1.8760838e-09)
(0.92327239 -0.046903511 -1.8668097e-09)
(0.93435174 -0.034542935 -1.9330779e-09)
(0.94522616 -0.027289287 -1.956753e-09)
(0.95373144 -0.0079642879 -2.1228925e-09)
(0.98582187 -0.011319163 1.7363991e-11)
(0.9880076 -0.03417455 -5.370778e-11)
(0.99246438 -0.057638904 9.1222421e-11)
(0.99896024 -0.081496662 -1.666521e-10)
(1.0079601 -0.10642751 2.7080802e-10)
(1.0195021 -0.13173737 -4.0971779e-10)
(1.0343628 -0.15856972 5.8357238e-10)
(1.0525756 -0.18531297 -7.6904714e-10)
(1.0750273 -0.21380463 9.7508952e-10)
(1.1019651 -0.2411328 -1.1247015e-09)
(1.1338993 -0.26966069 1.1520752e-09)
(1.1718114 -0.29546358 -9.3591491e-10)
(1.2149241 -0.32017805 6.2301562e-10)
(1.2650002 -0.3402873 -3.1376702e-10)
(1.3195076 -0.35524155 5.6588383e-11)
(1.3798448 -0.36320983 2.6607258e-10)
(1.442697 -0.36187401 -2.399668e-10)
(1.5069475 -0.35059136 -4.7110373e-12)
(1.5690201 -0.32822331 7.2836932e-11)
(1.6259428 -0.2959337 8.7555237e-11)
(1.6743901 -0.25610756 3.6079745e-11)
(1.7135484 -0.21237791 1.1942778e-10)
(1.7433627 -0.16774841 2.9135161e-10)
(1.765558 -0.12379529 6.3718141e-10)
(1.7816124 -0.081090535 1.1258727e-09)
(1.7927611 -0.039323606 1.7173645e-09)
(1.7994908 0.0017721177 2.2584992e-09)
(1.8017864 0.042972336 2.638599e-09)
(1.798947 0.084368288 2.8110144e-09)
(1.7902017 0.12541347 2.8047083e-09)
(1.7748685 0.16531187 2.6825559e-09)
(1.7523878 0.20295627 2.4921677e-09)
(1.7226305 0.23685701 2.2527582e-09)
(1.6859956 0.26521645 1.970047e-09)
(1.6433332 0.28629025 1.6573719e-09)
(1.5959717 0.29886538 1.3403546e-09)
(1.5456382 0.30227939 1.0502969e-09)
(1.4943411 0.29630981 8.1094158e-10)
(1.4441715 0.28118975 6.3126813e-10)
(1.3969503 0.2576095 5.0280214e-10)
(1.3542553 0.22665431 3.7989267e-10)
(1.3175541 0.18970644 2.3543854e-10)
(1.2881693 0.14827985 6.4650403e-11)
(1.2669444 0.104142 -1.7220774e-10)
(1.2540106 0.059311236 -5.1265985e-10)
(1.2494434 0.015490373 -1.0200385e-09)
(1.2538957 -0.025897425 -1.8615433e-09)
(1.2669596 -0.062456327 -3.2385776e-09)
(1.2872949 -0.091978209 -5.2911859e-09)
(1.3132147 -0.11258452 -7.8579993e-09)
(1.3433678 -0.12256591 -1.0404916e-08)
(1.377177 -0.12201562 -1.2702594e-08)
(1.4138138 -0.11137283 -1.4625094e-08)
(1.4520566 -0.090773963 -1.5927003e-08)
(1.4900228 -0.060337414 -1.630344e-08)
(1.5248604 -0.020624054 -1.5493514e-08)
(1.5540987 0.026014332 -1.372633e-08)
(1.5752403 0.076674231 -1.1247419e-08)
(1.5855594 0.12797072 -8.3278957e-09)
(1.5828533 0.17675172 -5.4905711e-09)
(1.5660363 0.22012948 -3.2299059e-09)
(1.5354506 0.25499248 -1.7240171e-09)
(1.4923219 0.27862539 -8.5206015e-10)
(1.4385058 0.28941401 -3.8967133e-10)
(1.3766225 0.28728975 -1.5503897e-10)
(1.3098625 0.27341763 -3.4096618e-11)
(1.2415665 0.24975808 1.4800368e-11)
(1.1747454 0.21886799 -1.4693829e-11)
(1.1117852 0.18354812 -6.6706814e-11)
(1.0540852 0.14597008 -1.4910746e-11)
(1.0019799 0.10719525 1.7128779e-10)
(0.9555058 0.068180217 3.3586327e-10)
(0.91543851 0.031583225 2.6077306e-10)
(0.8829166 0.0023193439 -1.7342759e-10)
(0.85775705 -0.014163585 -9.5902158e-10)
(0.83695911 -0.014697999 -2.0156626e-09)
(0.81645217 0.00027016262 -3.2199927e-09)
(0.79383568 0.024927006 -4.3980774e-09)
(0.76766539 0.050872105 -5.4417561e-09)
(0.73800046 0.071300995 -6.3722806e-09)
(0.70686185 0.081484938 -7.2516732e-09)
(0.67713894 0.078941957 -8.1277804e-09)
(0.6518498 0.063312903 -9.0005801e-09)
(0.63372147 0.035964178 -9.7844532e-09)
(0.62473081 -0.00068131544 -1.0334001e-08)
(0.62624996 -0.04308916 -1.0638768e-08)
(0.63905277 -0.087660582 -1.0617473e-08)
(0.66312141 -0.13056789 -1.0272028e-08)
(0.6976076 -0.16842983 -9.69661e-09)
(0.74112029 -0.19839901 -8.9798085e-09)
(0.79179898 -0.21839693 -8.1924419e-09)
(0.84747895 -0.22723772 -7.3780514e-09)
(0.90586495 -0.22465575 -6.5552777e-09)
(0.96470481 -0.21124018 -5.7324876e-09)
(1.0219078 -0.18828247 -4.9283165e-09)
(1.0755704 -0.15759402 -4.1843643e-09)
(1.1238936 -0.12137761 -3.5557456e-09)
(1.1649071 -0.082171513 -3.0806492e-09)
(1.1964201 -0.042820095 -2.7510757e-09)
(1.2163681 -0.0062989981 -2.5141086e-09)
(1.2233083 0.024774325 -2.3107038e-09)
(1.2173907 0.048833947 -2.1234323e-09)
(1.2007635 0.065882759 -1.9913958e-09)
(1.1769357 0.077319919 -1.9800377e-09)
(1.1497788 0.085307036 -2.1339343e-09)
(1.1224264 0.091992213 -2.4497134e-09)
(1.0966245 0.098936259 -2.8825877e-09)
(1.0726861 0.10688824 -3.3732411e-09)
(1.0498951 0.11587944 -3.8717113e-09)
(1.027096 0.12550519 -4.3432257e-09)
(1.0031993 0.13523129 -4.7576931e-09)
(0.977462 0.14458849 -5.0776408e-09)
(0.94953776 0.15320865 -5.2587429e-09)
(0.9193921 0.16073861 -5.2648823e-09)
(0.88720933 0.1667089 -5.0875381e-09)
(0.85335058 0.17043701 -4.7565018e-09)
(0.81836167 0.17100005 -4.3359373e-09)
(0.78302092 0.16730105 -3.9089021e-09)
(0.74839204 0.15822458 -3.5574964e-09)
(0.71576129 0.14280481 -3.3440866e-09)
(0.68656151 0.1204717 -3.2984347e-09)
(0.6622469 0.091259332 -3.4116362e-09)
(0.64413235 0.055877377 -3.6379439e-09)
(0.63324422 0.015652559 -3.9042403e-09)
(0.63001851 -0.027671846 -4.1268714e-09)
(0.63455458 -0.071703866 -4.2295789e-09)
(0.64678238 -0.11420451 -4.159211e-09)
(0.66626114 -0.15308082 -3.898652e-09)
(0.69235158 -0.18649926 -3.4685873e-09)
(0.7243275 -0.21296497 -2.91998e-09)
(0.76144758 -0.23134171 -2.3199663e-09)
(0.80297348 -0.24082211 -1.7373285e-09)
(0.84813983 -0.24089408 -1.2321408e-09)
(0.89599542 -0.2313635 -8.5095004e-10)
(0.94524315 -0.21247453 -6.242478e-10)
(0.99408052 -0.18509386 -5.6404897e-10)
(1.0402272 -0.15085832 -6.6129227e-10)
(1.0810723 -0.11214168 -8.8747091e-10)
(1.1140696 -0.071790832 -1.2013473e-09)
(1.1372484 -0.03263917 -1.5580979e-09)
(1.1496595 0.0030480408 -1.914888e-09)
(1.1516536 0.033919701 -2.2319438e-09)
(1.144686 0.059615648 -2.473533e-09)
(1.1307547 0.080568249 -2.6141209e-09)
(1.1119201 0.097624409 -2.6475201e-09)
(1.0899051 0.11172053 -2.5926978e-09)
(1.0659199 0.12366085 -2.4912865e-09)
(1.0406678 0.13399889 -2.3972646e-09)
(1.0144596 0.14299103 -2.3636404e-09)
(0.98737144 0.15059534 -2.4315861e-09)
(0.9594054 0.15650135 -2.6249787e-09)
(0.93062279 0.16018973 -2.9499776e-09)
(0.90124122 0.16101791 -3.3974038e-09)
(0.87167932 0.1583294 -3.9455727e-09)
(0.84255453 0.15157414 -4.5627522e-09)
(0.81463456 0.14042095 -5.209306e-09)
(0.78875912 0.12484166 -5.8406475e-09)
(0.76574965 0.10514383 -6.4114971e-09)
(0.74632652 0.081949113 -6.880896e-09)
(0.7310431 0.056122952 -7.2167957e-09)
(0.72025118 0.028665172 -7.3990066e-09)
(0.71419339 0.00063542897 -7.420078e-09)
(0.71275754 -0.027021091 -7.2848662e-09)
(0.71570373 -0.053375869 -7.006684e-09)
(0.72291003 -0.07771141 -6.6049555e-09)
(0.73408332 -0.099449258 -6.1025558e-09)
(0.74892619 -0.11812756 -5.523777e-09)
(0.76715425 -0.13336525 -4.8929821e-09)
(0.7884828 -0.14483349 -4.2341844e-09)
(0.81261457 -0.15224072 -3.5711136e-09)
(0.83920237 -0.15533767 -2.9277269e-09)
(0.86783011 -0.15393812 -2.3286917e-09)
(0.89795641 -0.14795964 -1.7993991e-09)
(0.92889425 -0.13747039 -1.3646691e-09)
(0.95974758 -0.12275061 -1.0458351e-09)
(0.98943162 -0.10434217 -8.5594375e-10)
(1.0166735 -0.0830713 -7.9507837e-10)
(1.040155 -0.060002788 -8.4780782e-10)
(1.0586685 -0.036342541 -9.8623651e-10)
(1.0713562 -0.013226724 -1.1776785e-09)
(1.0777985 0.0084006796 -1.3946723e-09)
(1.078162 0.027883036 -1.6211184e-09)
(1.0730781 0.044938871 -1.8524135e-09)
(1.0634203 0.059537929 -2.0906336e-09)
(1.0501431 0.071805913 -2.3385715e-09)
(1.0341303 0.081927881 -2.5960794e-09)
(1.0161179 0.090078642 -2.8596309e-09)
(0.99668658 0.09638697 -3.124018e-09)
(0.97628646 0.10092226 -3.3842699e-09)
(0.95528443 0.10369995 -3.6368926e-09)
(0.93399678 0.10468844 -3.8798354e-09)
(0.9127322 0.10383038 -4.1120241e-09)
(0.89179715 0.10105497 -4.3322809e-09)
(0.87152719 0.096306444 -4.5389269e-09)
(0.85226266 0.089556023 -4.7290846e-09)
(0.83437294 0.080828192 -4.8990703e-09)
(0.81821452 0.070214089 -5.0442651e-09)
(0.8041436 0.057870149 -5.1599e-09)
(0.79247453 0.044047534 -5.241425e-09)
(0.78347376 0.029048905 -5.2849097e-09)
(0.7773677 0.013251942 -5.2876289e-09)
(0.77428815 -0.0029448382 -5.248028e-09)
(0.77425721 -0.019065666 -5.1660353e-09)
(0.77728925 -0.034706787 -5.0427425e-09)
(0.78332412 -0.049422697 -4.880093e-09)
(0.79222589 -0.062856381 -4.681643e-09)
(0.80384733 -0.074608848 -4.4508512e-09)
(0.81790412 -0.084442525 -4.193679e-09)
(0.83428793 -0.092016322 -3.9144212e-09)
(0.85246016 -0.097227375 -3.6219923e-09)
(0.8725198 -0.099815311 -3.3212639e-09)
(0.89339629 -0.099788503 -3.0253359e-09)
(0.91572407 -0.097091973 -2.7389001e-09)
(0.93734723 -0.091689515 -2.4825867e-09)
(0.96010905 -0.084184511 -2.2524756e-09)
(0.9799489 -0.07363305 -2.0922127e-09)
(1.0006722 -0.063289909 -1.9475618e-09)
(1.0167316 -0.047116435 -1.9449584e-09)
(1.0311727 -0.038663626 -1.8767553e-09)
(1.0461538 -0.014394497 -2.0443106e-09)
(1.0679089 -0.012231424 3.2875956e-11)
(1.0696727 -0.036910549 -9.3633642e-11)
(1.0732929 -0.062360709 1.5353936e-10)
(1.0785903 -0.088323537 -2.7571155e-10)
(1.0860071 -0.11577672 4.3856971e-10)
(1.0956807 -0.14378844 -6.6552331e-10)
(1.1084565 -0.17413026 9.6436139e-10)
(1.1244375 -0.20441897 -1.3417627e-09)
(1.1448704 -0.23793008 1.8189417e-09)
(1.1698135 -0.26969027 -2.2949816e-09)
(1.2006949 -0.30513937 2.6268675e-09)
(1.2383212 -0.33621434 -2.6038563e-09)
(1.2824168 -0.36896418 2.3204053e-09)
(1.3355181 -0.39454891 -1.7545898e-09)
(1.3936841 -0.41601842 9.0553093e-10)
(1.4614041 -0.42826909 2.5991715e-10)
(1.5315108 -0.42876379 -8.108593e-10)
(1.6058212 -0.41679268 5.2590867e-10)
(1.6772574 -0.38937082 5.9861498e-11)
(1.7416627 -0.34862594 -8.3086168e-11)
(1.7941571 -0.29861292 2.397042e-10)
(1.834897 -0.24549451 1.3537544e-09)
(1.8630552 -0.19280983 2.6370874e-09)
(1.8839856 -0.14281255 4.3407417e-09)
(1.8986186 -0.095286961 6.1500977e-09)
(1.9086041 -0.049265525 8.0848519e-09)
(1.9139865 -0.0035600097 9.5868156e-09)
(1.9159777 0.042572124 1.0646141e-08)
(1.9132492 0.089630717 1.1149412e-08)
(1.9044665 0.13733956 1.1072983e-08)
(1.8886052 0.1847493 1.0535449e-08)
(1.8646824 0.23023561 9.6926834e-09)
(1.8319158 0.27214068 8.638709e-09)
(1.7901827 0.30850854 7.4768367e-09)
(1.7406119 0.33642717 6.3254275e-09)
(1.6852395 0.35360003 5.2644275e-09)
(1.6263509 0.35901901 4.3157504e-09)
(1.5664182 0.3525112 3.4494189e-09)
(1.5079259 0.33467337 2.662829e-09)
(1.4530004 0.30671306 1.9897226e-09)
(1.403565 0.2698782 1.4323062e-09)
(1.3613699 0.22542049 9.9355585e-10)
(1.327294 0.17538343 6.5648511e-10)
(1.3013537 0.12275074 3.2224761e-10)
(1.2840479 0.069596229 -1.9156879e-10)
(1.2758523 0.016722463 -1.1675025e-09)
(1.2765337 -0.033259324 -2.8947011e-09)
(1.2860251 -0.077373874 -5.7417404e-09)
(1.3026142 -0.11271396 -9.6135205e-09)
(1.3247856 -0.13782111 -1.4039307e-08)
(1.3521464 -0.15292125 -1.8627839e-08)
(1.3845991 -0.15740649 -2.2747929e-08)
(1.4223343 -0.15056481 -2.5889545e-08)
(1.4652755 -0.13207208 -2.7895022e-08)
(1.5127489 -0.10177383 -2.8846361e-08)
(1.563005 -0.060359894 -2.8919491e-08)
(1.6117519 -0.0087471455 -2.7890175e-08)
(1.6534413 0.051262618 -2.547721e-08)
(1.6839179 0.11673805 -2.1530619e-08)
(1.7003406 0.18160516 -1.6306834e-08)
(1.7001455 0.23962892 -1.0805142e-08)
(1.6822463 0.28757879 -6.2225608e-09)
(1.647781 0.32349068 -3.1834895e-09)
(1.5992657 0.34532966 -1.5447598e-09)
(1.5396452 0.35193959 -7.8138423e-10)
(1.4718939 0.34355179 -4.1057905e-10)
(1.3991845 0.32179176 -1.9035828e-10)
(1.3248499 0.28944456 -9.4268638e-11)
(1.2521224 0.25013597 -1.1057662e-10)
(1.183451 0.20733607 -1.1046059e-10)
(1.1198962 0.16308139 3.2080193e-11)
(1.0616542 0.1181547 2.6628678e-10)
(1.0093599 0.074548934 3.9768619e-10)
(0.96417027 0.037617552 2.4030642e-10)
(0.92626543 0.014847085 -3.1242715e-10)
(0.89368354 0.011392034 -1.2768937e-09)
(0.86303372 0.026708291 -2.5618612e-09)
(0.83132858 0.053833498 -4.0100683e-09)
(0.79710923 0.082884958 -5.5169844e-09)
(0.76078826 0.1051471 -7.0744556e-09)
(0.72450432 0.11461859 -8.7185148e-09)
(0.69120319 0.10837116 -1.0405112e-08)
(0.6638142 0.086149703 -1.1951837e-08)
(0.64477068 0.049814876 -1.3119944e-08)
(0.63599262 0.00263443 -1.3760435e-08)
(0.63856785 -0.051229128 -1.379267e-08)
(0.6529083 -0.10741237 -1.3287763e-08)
(0.6789442 -0.16146175 -1.2405361e-08)
(0.71581261 -0.20929168 -1.1328155e-08)
(0.76202994 -0.24750637 -1.0215424e-08)
(0.81561441 -0.27363423 -9.178276e-09)
(0.87423498 -0.28627388 -8.2677352e-09)
(0.93538119 -0.28516121 -7.471548e-09)
(0.99660168 -0.2711148 -6.7245181e-09)
(1.0557802 -0.24580653 -5.9419332e-09)
(1.1113757 -0.21139852 -5.0748949e-09)
(1.1624213 -0.17014026 -4.158452e-09)
(1.2082349 -0.12424074 -3.3108525e-09)
(1.2478848 -0.075915865 -2.6682189e-09)
(1.2796418 -0.02776418 -2.2946237e-09)
(1.3009332 0.017035613 -2.1383637e-09)
(1.3092258 0.055252746 -2.0753308e-09)
(1.3033864 0.084477905 -2.0070074e-09)
(1.2846419 0.10416907 -1.9294362e-09)
(1.2565439 0.11589023 -1.9196008e-09)
(1.2237403 0.12261049 -2.0654778e-09)
(1.1903754 0.1275367 -2.4061591e-09)
(1.1589796 0.13311776 -2.919436e-09)
(1.1302093 0.14057791 -3.5451977e-09)
(1.1033071 0.15000098 -4.2123697e-09)
(1.0768815 0.16074993 -4.8489117e-09)
(1.0496027 0.17194193 -5.3791048e-09)
(1.0205918 0.18274798 -5.7260271e-09)
(0.98949674 0.19244315 -5.8299432e-09)
(0.95640164 0.20029495 -5.6753541e-09)
(0.92170903 0.20541146 -5.3082359e-09)
(0.88608456 0.20664768 -4.830522e-09)
(0.85044722 0.20266061 -4.3738752e-09)
(0.81595641 0.19209236 -4.0651326e-09)
(0.78394581 0.1738008 -3.9944372e-09)
(0.75586439 0.14716784 -4.1954522e-09)
(0.73309418 0.11231655 -4.6392539e-09)
(0.71674505 0.070189521 -5.241489e-09)
(0.70746829 0.02248965 -5.8798477e-09)
(0.70559894 -0.028577083 -6.4196637e-09)
(0.71109952 -0.080246672 -6.7394594e-09)
(0.72350375 -0.1299594 -6.7534017e-09)
(0.74222242 -0.17543519 -6.4314254e-09)
(0.76656752 -0.21474747 -5.8040737e-09)
(0.79580927 -0.24638643 -4.9519213e-09)
(0.82925255 -0.26927414 -3.9818027e-09)
(0.86633265 -0.28268157 -2.9995242e-09)
(0.90664848 -0.2860981 -2.0911196e-09)
(0.94982777 -0.27914261 -1.3183178e-09)
(0.99528695 -0.26166194 -7.2372917e-10)
(1.0420161 -0.23398733 -3.3606509e-10)
(1.0884936 -0.19718206 -1.6846001e-10)
(1.1326462 -0.15319187 -2.1258345e-10)
(1.1719252 -0.10481635 -4.3611394e-10)
(1.2036053 -0.055451236 -7.8969999e-10)
(1.2253379 -0.0085093702 -1.21869e-09)
(1.2358066 0.033290175 -1.6704858e-09)
(1.2351849 0.068363525 -2.0939749e-09)
(1.2249579 0.096480265 -2.4393041e-09)
(1.2073721 0.11844299 -2.6658584e-09)
(1.1848019 0.13558387 -2.7570437e-09)
(1.1592418 0.14929238 -2.7318188e-09)
(1.1320681 0.16068858 -2.6439425e-09)
(1.1040406 0.17045361 -2.5681429e-09)
(1.0754538 0.17878201 -2.580036e-09)
(1.046352 0.1854185 -2.7385716e-09)
(1.0167342 0.18975364 -3.0762014e-09)
(0.9867153 0.19096325 -3.597029e-09)
(0.95661062 0.18817563 -4.2797284e-09)
(0.92695962 0.18064736 -5.0825969e-09)
(0.89847667 0.16791783 -5.9490134e-09)
(0.87196794 0.14992043 -6.8138858e-09)
(0.84823315 0.12702045 -7.6114356e-09)
(0.82797897 0.099979232 -8.2834084e-09)
(0.81174218 0.069848374 -8.7858847e-09)
(0.79990606 0.037858404 -9.092995e-09)
(0.79257387 0.0052476681 -9.1967969e-09)
(0.78971188 -0.026975804 -9.1055671e-09)
(0.79116517 -0.057655285 -8.8377262e-09)
(0.79666578 -0.086030355 -8.4177951e-09)
(0.80593196 -0.11151687 -7.8728827e-09)
(0.81868476 -0.13366569 -7.230176e-09)
(0.83467011 -0.15211489 -6.5155014e-09)
(0.85365459 -0.16654399 -5.7528572e-09)
(0.87540348 -0.17664822 -4.964392e-09)
(0.89966013 -0.18214044 -4.1710039e-09)
(0.92612795 -0.18276573 -3.3934092e-09)
(0.95444467 -0.1783364 -2.6538209e-09)
(0.98416479 -0.16876375 -1.9775914e-09)
(1.0147032 -0.15412027 -1.3939943e-09)
(1.0453104 -0.13469725 -9.341884e-10)
(1.0749976 -0.11109181 -6.2555881e-10)
(1.1025512 -0.084240086 -4.8267932e-10)
(1.1265664 -0.055414878 -4.9954564e-10)
(1.1456441 -0.026110937 -6.4789153e-10)
(1.1585722 0.0021728795 -8.8549478e-10)
(1.1647053 0.028195264 -1.1705405e-09)
(1.1640728 0.051111211 -1.4744467e-09)
(1.1572582 0.070573601 -1.7862728e-09)
(1.1452634 0.086625543 -2.1078259e-09)
(1.12924 0.099543518 -2.4447031e-09)
(1.1102746 0.10967687 -2.799236e-09)
(1.0892774 0.11733751 -3.1683091e-09)
(1.0669548 0.12274082 -3.544867e-09)
(1.0438496 0.12599865 -3.920889e-09)
(1.0203872 0.12712808 -4.2893333e-09)
(0.99694162 0.12608684 -4.6449141e-09)
(0.97385826 0.12279687 -4.9833497e-09)
(0.95149829 0.117186 -5.3006899e-09)
(0.93022001 0.10920766 -5.5922773e-09)
(0.91041452 0.098880914 -5.8528362e-09)
(0.89244265 0.086299795 -6.0763283e-09)
(0.87668088 0.071655306 -6.2569271e-09)
(0.86344383 0.055233527 -6.3893864e-09)
(0.85301019 0.037383768 -6.4698676e-09)
(0.84557799 0.018579586 -6.4963508e-09)
(0.84128815 -0.00074781091 -6.4685805e-09)
(0.8401603 -0.020025088 -6.3882498e-09)
(0.8421515 -0.038775823 -6.2583105e-09)
(0.84719979 -0.056482696 -6.0821827e-09)
(0.85512594 -0.072766212 -5.8648824e-09)
(0.86581984 -0.087165231 -5.6101561e-09)
(0.87892864 -0.099447147 -5.3245503e-09)
(0.89449379 -0.10921945 -5.0108261e-09)
(0.91185304 -0.11637147 -4.6775174e-09)
(0.9314543 -0.12061193 -4.3252932e-09)
(0.95196523 -0.12184782 -3.9669677e-09)
(0.97467755 -0.12009748 -3.5979968e-09)
(0.99691698 -0.11492609 -3.2464239e-09)
(1.0214508 -0.10751164 -2.8857248e-09)
(1.0436389 -0.095491681 -2.5989159e-09)
(1.0674217 -0.084588797 -2.277787e-09)
(1.0885001 -0.06454119 -2.138809e-09)
(1.105695 -0.055115768 -1.9177252e-09)
(1.1289535 -0.025397392 -1.9431366e-09)
(1.1428423 -0.012901807 4.6928607e-11)
(1.1441135 -0.038952241 -1.2680067e-10)
(1.1466619 -0.065900524 2.0092817e-10)
(1.1505227 -0.093570588 -3.5067769e-10)
(1.155851 -0.12307296 5.4272842e-10)
(1.1632463 -0.15354181 -8.1828422e-10)
(1.1730788 -0.18701918 1.2005418e-09)
(1.1862658 -0.22095338 -1.7362963e-09)
(1.2035004 -0.25948729 2.4687283e-09)
(1.2255683 -0.29616064 -3.3322465e-09)
(1.2547187 -0.33986776 4.1943783e-09)
(1.2909536 -0.37695582 -4.8610463e-09)
(1.3360209 -0.4209084 5.3018883e-09)
(1.3912327 -0.4521928 -5.2417858e-09)
(1.4541187 -0.4845783 4.1771352e-09)
(1.5309824 -0.50148287 -1.6863286e-09)
(1.6094843 -0.50523185 -9.6506892e-10)
(1.6993751 -0.49254526 2.1961929e-09)
(1.7825429 -0.45685989 -1.44695e-09)
(1.857128 -0.40494584 5.9162353e-10)
(1.9175059 -0.34438661 4.7133468e-09)
(1.960277 -0.28238143 9.5580692e-09)
(1.9842608 -0.22070587 1.3756143e-08)
(1.9943017 -0.16257947 1.7573552e-08)
(1.9986602 -0.10904364 2.1194839e-08)
(2.0008519 -0.058628681 2.4985136e-08)
(2.0035634 -0.0093257239 2.8369319e-08)
(2.0050755 0.040608312 3.104935e-08)
(2.0036067 0.092572079 3.2701587e-08)
(1.9970352 0.14671162 3.3053375e-08)
(1.9833662 0.20220083 3.196313e-08)
(1.9609656 0.25676733 2.9696227e-08)
(1.9290474 0.30746899 2.6263742e-08)
(1.8862997 0.35184604 2.1694291e-08)
(1.8321845 0.38755098 1.6835679e-08)
(1.7692085 0.41135478 1.2377892e-08)
(1.7010392 0.42076245 8.8336334e-09)
(1.631089 0.41519306 6.4087333e-09)
(1.5623518 0.39561258 4.9896168e-09)
(1.4975053 0.36348487 4.240881e-09)
(1.4388047 0.32037441 3.826019e-09)
(1.3874897 0.26855585 3.5728193e-09)
(1.3437733 0.21114417 3.3494419e-09)
(1.3084141 0.15016132 2.9185124e-09)
(1.2835608 0.086301034 1.8822647e-09)
(1.2688943 0.023135611 -2.4633677e-10)
(1.2619341 -0.035265672 -4.4603725e-09)
(1.2612251 -0.086579984 -1.1084253e-08)
(1.2649249 -0.12842858 -1.8994818e-08)
(1.2725822 -0.15968899 -2.6395084e-08)
(1.2860168 -0.18062293 -3.195467e-08)
(1.3080718 -0.19160776 -3.5361891e-08)
(1.3410943 -0.19250154 -3.706858e-08)
(1.3862056 -0.18239119 -3.7814793e-08)
(1.4430346 -0.15935425 -3.8225306e-08)
(1.5095366 -0.1208754 -3.8648311e-08)
(1.5816933 -0.066062721 -3.9102856e-08)
(1.6526344 0.0011958118 -3.9295749e-08)
(1.7134925 0.075273443 -3.8461515e-08)
(1.7592603 0.15578559 -3.5117166e-08)
(1.7857829 0.23746756 -2.8274124e-08)
(1.7907331 0.30843994 -1.9673067e-08)
(1.7733814 0.36231377 -1.1601234e-08)
(1.7354791 0.39768296 -5.7722164e-09)
(1.6812592 0.41470294 -2.4948259e-09)
(1.6153092 0.41406185 -1.0274266e-09)
(1.5416195 0.39716251 -4.461246e-10)
(1.4636439 0.36636775 -2.2275842e-10)
(1.3847546 0.32537683 -1.8517282e-10)
(1.3080101 0.27867839 -2.0483356e-10)
(1.2352819 0.22962086 -1.2309877e-10)
(1.1672034 0.17939887 9.8652355e-11)
(1.1043256 0.1294909 3.4229312e-10)
(1.0477667 0.085286418 4.3365088e-10)
(0.99834588 0.055698297 1.9099634e-10)
(0.95521106 0.047888535 -5.5424847e-10)
(0.91576999 0.061866421 -1.8737413e-09)
(0.87714304 0.089962023 -3.7008519e-09)
(0.8377223 0.120637 -5.9120388e-09)
(0.79780644 0.14323869 -8.3872448e-09)
(0.75932004 0.15058194 -1.0973852e-08)
(0.72487289 0.13937153 -1.3398305e-08)
(0.69706538 0.10968866 -1.529498e-08)
(0.67801714 0.063877818 -1.6362825e-08)
(0.66946103 0.0058337601 -1.6485862e-08)
(0.67222169 -0.059957271 -1.5745011e-08)
(0.68686017 -0.12822122 -1.4393544e-08)
(0.71350929 -0.19385164 -1.2717959e-08)
(0.75137853 -0.25208574 -1.0971848e-08)
(0.79897382 -0.29891087 -9.3499862e-09)
(0.85426054 -0.33137594 -7.9875189e-09)
(0.91481938 -0.34776255 -6.9637687e-09)
(0.9779593 -0.34768822 -6.2961387e-09)
(1.0408946 -0.33215344 -5.9220942e-09)
(1.1010456 -0.30338837 -5.687041e-09)
(1.1564822 -0.26440699 -5.3748677e-09)
(1.2062172 -0.21829387 -4.8027384e-09)
(1.2502571 -0.16760644 -3.9394407e-09)
(1.2892292 -0.1141602 -2.9505531e-09)
(1.3234939 -0.059353117 -2.1088905e-09)
(1.3521498 -0.0049747538 -1.6210547e-09)
(1.3725962 0.046162757 -1.5005595e-09)
(1.3812742 0.090311075 -1.5878286e-09)
(1.3754973 0.12411239 -1.6945196e-09)
(1.3553192 0.14625259 -1.7440264e-09)
(1.323977 0.15823762 -1.7982874e-09)
(1.2866154 0.1637392 -1.9793635e-09)
(1.2482319 0.16702301 -2.3755977e-09)
(1.2120772 0.17143545 -2.9982272e-09)
(1.1791605 0.17863284 -3.7881945e-09)
(1.1487562 0.18865078 -4.6405303e-09)
(1.1193672 0.20050484 -5.4256454e-09)
(1.0895871 0.2128549 -6.0111001e-09)
(1.058559 0.22439001 -6.2936422e-09)
(1.0260705 0.23389787 -6.2376817e-09)
(0.99242734 0.24013115 -5.8995635e-09)
(0.95831403 0.24167317 -5.4194149e-09)
(0.92469952 0.23694893 -4.9810861e-09)
(0.89277118 0.22440652 -4.7591139e-09)
(0.8638336 0.20279936 -4.8719061e-09)
(0.83919451 0.17150571 -5.3552937e-09)
(0.81998887 0.1307923 -6.1588881e-09)
(0.80704285 0.081925757 -7.1603185e-09)
(0.80075411 0.027062664 -8.1907751e-09)
(0.80123032 -0.031017905 -9.0669031e-09)
(0.80816566 -0.089380841 -9.6211126e-09)
(0.82086573 -0.14525099 -9.7303063e-09)
(0.83868039 -0.19623313 -9.3438478e-09)
(0.86100715 -0.24035204 -8.4970698e-09)
(0.88721431 -0.27608683 -7.3039405e-09)
(0.91662775 -0.30244543 -5.9250918e-09)
(0.9486741 -0.31890163 -4.5214564e-09)
(0.98308388 -0.32514359 -3.2160243e-09)
(1.0198438 -0.32078371 -2.0812672e-09)
(1.0588485 -0.30540655 -1.1517361e-09)
(1.0996364 -0.27893212 -4.4554242e-10)
(1.1413469 -0.24195581 2.2132288e-11)
(1.1827629 -0.19586882 2.4121427e-10)
(1.2222099 -0.1428924 2.1893646e-10)
(1.2574325 -0.086093541 -1.2209546e-11)
(1.2857277 -0.029205316 -4.00406e-10)
(1.304505 0.023977324 -8.8820199e-10)
(1.3121607 0.070368513 -1.4195884e-09)
(1.3086345 0.10828955 -1.9366232e-09)
(1.2953463 0.13767714 -2.3769004e-09)
(1.2746659 0.15972065 -2.6843716e-09)
(1.2491735 0.17622525 -2.8316616e-09)
(1.2210556 0.18898716 -2.8388179e-09)
(1.1918078 0.1993532 -2.7743615e-09)
(1.1622282 0.20800547 -2.7364979e-09)
(1.1326049 0.21493693 -2.8242706e-09)
(1.1029684 0.21956462 -3.1116387e-09)
(1.0733352 0.22093126 -3.6328763e-09)
(1.0438611 0.21795229 -4.3797597e-09)
(1.0149204 0.20967031 -5.3072854e-09)
(0.98708107 0.19546817 -6.3435427e-09)
(0.96103584 0.17521346 -7.4018241e-09)
(0.93750779 0.14930433 -8.3940074e-09)
(0.91715251 0.11862358 -9.2433792e-09)
(0.90051096 0.084393016 -9.8942811e-09)
(0.88794232 0.048057301 -1.0316374e-08)
(0.8795263 0.010972586 -1.0503034e-08)
(0.87534831 -0.02551901 -1.0466938e-08)
(0.875285 -0.060279685 -1.023189e-08)
(0.87901513 -0.092469637 -9.8268086e-09)
(0.88627427 -0.1214929 -9.2815703e-09)
(0.89681651 -0.14692399 -8.6246871e-09)
(0.91043314 -0.16843146 -7.8825581e-09)
(0.92694155 -0.18570631 -7.0794837e-09)
(0.94614984 -0.19843343 -6.2376764e-09)
(0.96783448 -0.20629294 -5.3770828e-09)
(0.99172433 -0.20899295 -4.5152955e-09)
(1.0175047 -0.20629076 -3.6682354e-09)
(1.0448034 -0.19803463 -2.852072e-09)
(1.0731894 -0.1841888 -2.0865905e-09)
(1.1021498 -0.16489756 -1.3988065e-09)
(1.1310716 -0.14051896 -8.2442848e-10)
(1.1591687 -0.11171707 -4.0350182e-10)
(1.1854093 -0.079497954 -1.6885073e-10)
(1.2084819 -0.045277749 -1.3128423e-10)
(1.2269008 -0.010755337 -2.7068702e-10)
(1.2392913 0.022308931 -5.4096332e-10)
(1.2447422 0.052342238 -8.8772996e-10)
(1.2430429 0.078307323 -1.2686125e-09)
(1.2346964 0.099780724 -1.6638826e-09)
(1.2207483 0.11686436 -2.0733729e-09)
(1.2024838 0.12997591 -2.5050083e-09)
(1.1811599 0.13962658 -2.9639777e-09)
(1.1578435 0.14625809 -3.4477616e-09)
(1.1333685 0.15016601 -3.9471182e-09)
(1.1083671 0.15149176 -4.4496401e-09)
(1.0833352 0.15025482 -4.9429859e-09)
(1.0586924 0.14640245 -5.4162899e-09)
(1.034828 0.1398584 -5.8601104e-09)
(1.0121231 0.13056948 -6.2657542e-09)
(0.99096943 0.11854968 -6.6248052e-09)
(0.97173833 0.10390082 -6.9291676e-09)
(0.95481104 0.08684543 -7.1717579e-09)
(0.94046997 0.067709978 -7.3471682e-09)
(0.92901915 0.046927163 -7.452559e-09)
(0.92062146 0.025015174 -7.4878804e-09)
(0.91540858 0.0025040492 -7.4558646e-09)
(0.91341369 -0.019957778 -7.3615664e-09)
(0.9145396 -0.041826075 -7.2114745e-09)
(0.91870985 -0.062501272 -7.011992e-09)
(0.92567696 -0.081587626 -6.7707897e-09)
(0.93537338 -0.098572633 -6.4929874e-09)
(0.94732377 -0.11323818 -6.1868263e-09)
(0.96172516 -0.12517904 -5.8546483e-09)
(0.9777006 -0.13427258 -5.5069098e-09)
(0.99605774 -0.14028342 -5.1403509e-09)
(1.0150847 -0.14295945 -4.7726572e-09)
(1.036734 -0.14260267 -4.3835505e-09)
(1.057838 -0.13809474 -4.0178536e-09)
(1.081855 -0.13176684 -3.6051804e-09)
(1.1043476 -0.1189072 -3.2708682e-09)
(1.1283386 -0.10879332 -2.8457425e-09)
(1.1525706 -0.086012327 -2.5719853e-09)
(1.1711025 -0.075277272 -2.2335765e-09)
(1.2010899 -0.041714528 -2.0058318e-09)
(1.2106322 -0.013281486 5.384375e-11)
(1.2113126 -0.040160527 -1.3795263e-10)
(1.2125794 -0.067995946 2.0743651e-10)
(1.214693 -0.096880454 -3.4764684e-10)
(1.2174453 -0.12776605 5.1695169e-10)
(1.2220047 -0.16037078 -7.6506636e-10)
(1.2279203 -0.19623313 1.1167871e-09)
(1.2376372 -0.23407682 -1.6281819e-09)
(1.2496811 -0.27675036 2.3363508e-09)
(1.2690027 -0.32022079 -3.2317441e-09)
(1.2944337 -0.37278488 4.3454754e-09)
(1.3274112 -0.41775691 -5.6948164e-09)
(1.3719293 -0.47525446 7.2518187e-09)
(1.4273727 -0.51375693 -8.9459722e-09)
(1.4980708 -0.5649624 9.6473172e-09)
(1.5836254 -0.58527353 -7.9385587e-09)
(1.6764041 -0.59867837 3.507512e-09)
(1.7900468 -0.58389834 1.7218121e-09)
(1.8845465 -0.53321323 -5.4005838e-09)
(1.9843667 -0.4756554 1.6772147e-08)
(2.0338123 -0.39385949 2.5764838e-08)
(2.04708 -0.31056614 2.6651101e-08)
(2.0443805 -0.23425858 2.8755097e-08)
(2.0338001 -0.16878406 3.3354431e-08)
(2.0230605 -0.11200461 4.0182664e-08)
(2.0150305 -0.060623321 4.8767997e-08)
(2.0128858 -0.010225247 5.7772583e-08)
(2.0132575 0.041748021 6.6659922e-08)
(2.0135669 0.096797154 7.4326872e-08)
(2.010411 0.15628689 8.05263e-08)
(2.0010506 0.21999225 8.4709812e-08)
(1.9835174 0.28538856 8.5550893e-08)
(1.953597 0.35005595 8.5989672e-08)
(1.914309 0.40829065 8.1681325e-08)
(1.866091 0.4522262 6.9486091e-08)
(1.8047832 0.4819985 5.5691342e-08)
(1.7334965 0.49554332 4.2935032e-08)
(1.6576814 0.49089536 3.2291847e-08)
(1.5815241 0.46890989 2.4131019e-08)
(1.5082158 0.43172367 1.8398447e-08)
(1.4402637 0.38182957 1.4635678e-08)
(1.3791116 0.32221088 1.196095e-08)
(1.3259585 0.25566119 9.8501208e-09)
(1.2824803 0.18433549 8.1593679e-09)
(1.2486703 0.11103209 5.6192584e-09)
(1.2215415 0.039453872 -3.2647843e-10)
(1.1961672 -0.024516333 -1.0634441e-08)
(1.1694085 -0.077216111 -2.2596822e-08)
(1.1431179 -0.12037659 -3.1887671e-08)
(1.1219578 -0.15514131 -3.5871555e-08)
(1.1122173 -0.18396935 -3.4725694e-08)
(1.1198267 -0.20742851 -3.0544226e-08)
(1.1478323 -0.22384177 -2.5697288e-08)
(1.1964385 -0.23021673 -2.1957996e-08)
(1.2641002 -0.22306938 -2.0365387e-08)
(1.3482819 -0.19851367 -2.1474022e-08)
(1.4456204 -0.15205932 -2.5313972e-08)
(1.5506955 -0.081010483 -3.0995317e-08)
(1.6527841 0.010220895 -3.6430655e-08)
(1.7368254 0.10740189 -3.9921536e-08)
(1.7976532 0.20135305 -4.1194513e-08)
(1.8362589 0.2934031 -3.8294824e-08)
(1.8489044 0.376527 -2.9620191e-08)
(1.8337334 0.43704656 -1.9105912e-08)
(1.7940163 0.47209666 -1.0317534e-08)
(1.7355476 0.48313707 -4.6830777e-09)
(1.6645418 0.47343195 -1.7859711e-09)
(1.5861168 0.44636841 -5.6329608e-10)
(1.5043721 0.40583301 -1.9108287e-10)
(1.4227819 0.35688255 -1.6620628e-10)
(1.3438232 0.30409601 -1.610165e-10)
(1.2686163 0.24947458 -3.224653e-11)
(1.1977077 0.19420143 2.0409968e-10)
(1.1321514 0.14325731 4.6313561e-10)
(1.0733722 0.10639459 5.5237413e-10)
(1.0217836 0.09262841 1.2218348e-10)
(0.97589026 0.103315 -1.1635205e-09)
(0.93314287 0.13050695 -3.4011903e-09)
(0.89162344 0.16114482 -6.4241801e-09)
(0.85114255 0.1828329 -9.8942966e-09)
(0.81296328 0.18724376 -1.3349856e-08)
(0.77907742 0.17074172 -1.6247465e-08)
(0.75148584 0.13351084 -1.8105587e-08)
(0.73208669 0.078272455 -1.8684706e-08)
(0.72244877 0.0093358466 -1.8054398e-08)
(0.72392689 -0.068279914 -1.6509642e-08)
(0.73754671 -0.14883951 -1.4419133e-08)
(0.76348483 -0.22645998 -1.2113905e-08)
(0.80101983 -0.29553914 -9.8438482e-09)
(0.84853581 -0.35137355 -7.7804589e-09)
(0.90387982 -0.39054516 -6.0387388e-09)
(0.96465045 -0.41101668 -4.6998756e-09)
(1.0282314 -0.412163 -3.822985e-09)
(1.0917821 -0.39493122 -3.4357701e-09)
(1.1524853 -0.36188962 -3.4944816e-09)
(1.2079938 -0.31684011 -3.8254897e-09)
(1.2567684 -0.26402834 -4.1147782e-09)
(1.2983277 -0.20724729 -4.0227678e-09)
(1.3334146 -0.14911424 -3.3924857e-09)
(1.3637137 -0.090730716 -2.3839516e-09)
(1.3908402 -0.032233366 -1.3915766e-09)
(1.4148264 0.02586732 -7.8641336e-10)
(1.4331176 0.081284332 -6.8422337e-10)
(1.4412216 0.12984943 -9.1913196e-10)
(1.4350679 0.16720936 -1.2233416e-09)
(1.4135925 0.19120226 -1.4413315e-09)
(1.3796702 0.20321953 -1.6081916e-09)
(1.3387996 0.20758404 -1.873979e-09)
(1.296639 0.20952772 -2.3768709e-09)
(1.2569921 0.2131367 -3.1586095e-09)
(1.2211496 0.22029212 -4.1454974e-09)
(1.188469 0.23079413 -5.1752342e-09)
(1.1574959 0.24317518 -6.0488715e-09)
(1.126916 0.25553009 -6.5952878e-09)
(1.0960503 0.26598222 -6.7341217e-09)
(1.0649003 0.27274606 -6.5127448e-09)
(1.034004 0.27403017 -6.096628e-09)
(1.0042535 0.26801903 -5.7148497e-09)
(0.97673257 0.25301447 -5.5868235e-09)
(0.95256253 0.22772982 -5.8598647e-09)
(0.93279164 0.19163089 -6.5761559e-09)
(0.91830416 0.14522251 -7.671772e-09)
(0.90966492 0.090136182 -8.9978468e-09)
(0.90698902 0.028936967 -1.0352216e-08)
(0.91006984 -0.035259203 -1.1514421e-08)
(0.91833594 -0.099140875 -1.2277746e-08)
(0.93095352 -0.15988775 -1.2481355e-08)
(0.94727619 -0.21518162 -1.204402e-08)
(0.96694414 -0.26309102 -1.098992e-08)
(0.98966241 -0.30202003 -9.4544909e-09)
(1.0149143 -0.33092062 -7.6536728e-09)
(1.0420249 -0.34947338 -5.8191246e-09)
(1.0706348 -0.35774285 -4.1306622e-09)
(1.1009103 -0.35551723 -2.6839017e-09)
(1.133106 -0.34214252 -1.5032904e-09)
(1.1670337 -0.31714398 -5.7877804e-10)
(1.2020562 -0.28085752 1.0123567e-10)
(1.2374181 -0.23447764 5.358442e-10)
(1.2723081 -0.17978119 7.1881171e-10)
(1.3055746 -0.11914822 6.575099e-10)
(1.3353558 -0.055701748 3.8425197e-10)
(1.3590631 0.00669876 -5.0561846e-11)
(1.3740194 0.064062777 -5.9349384e-10)
(1.3784205 0.11313273 -1.192655e-09)
(1.3720046 0.15225575 -1.7886795e-09)
(1.3561164 0.18159753 -2.3095432e-09)
(1.333173 0.20272666 -2.6857649e-09)
(1.3058629 0.21785057 -2.8818379e-09)
(1.276477 0.22904839 -2.9223454e-09)
(1.246568 0.23773547 -2.8932365e-09)
(1.2169463 0.24443391 -2.9159367e-09)
(1.1878776 0.24881473 -3.1081277e-09)
(1.1593759 0.24993192 -3.5495661e-09)
(1.1314373 0.24655028 -4.2639593e-09)
(1.1042117 0.23750196 -5.2183509e-09)
(1.0780374 0.22198822 -6.3350048e-09)
(1.0534102 0.19976606 -7.5100347e-09)
(1.0309152 0.17122376 -8.6344407e-09)
(1.0111155 0.1373013 -9.6133924e-09)
(0.99454596 0.099384412 -1.0379737e-08)
(0.98153343 0.059032805 -1.0899036e-08)
(0.97226046 0.017845698 -1.1166309e-08)
(0.96688269 -0.022627023 -1.1197912e-08)
(0.96528469 -0.061192634 -1.1021415e-08)
(0.96718722 -0.096941846 -1.0667688e-08)
(0.972349 -0.1292746 -1.0166195e-08)
(0.980567 -0.15780798 -9.543289e-09)
(0.99170173 -0.18225338 -8.8227953e-09)
(1.0056475 -0.20231068 -8.027517e-09)
(1.0222726 -0.21763298 -7.1802288e-09)
(1.0413773 -0.22784908 -6.303203e-09)
(1.0626945 -0.2326129 -5.4166099e-09)
(1.0859108 -0.23163028 -4.5369234e-09)
(1.1106608 -0.22469559 -3.6765087e-09)
(1.1365172 -0.21172677 -2.8451177e-09)
(1.1629907 -0.19283603 -2.0537791e-09)
(1.189579 -0.16833603 -1.3211891e-09)
(1.2157811 -0.13876424 -6.8005531e-10)
(1.2410527 -0.10486979 -1.7731882e-10)
(1.2646511 -0.067715994 1.3731802e-10)
(1.2854974 -0.028743685 2.3251804e-10)
(1.3021799 0.010236814 1.1356493e-10)
(1.3132517 0.047251891 -1.76244e-10)
(1.3176046 0.080521887 -5.7439733e-10)
(1.3148027 0.1088259 -1.0261121e-09)
(1.3052141 0.13166166 -1.5021492e-09)
(1.2898555 0.14916804 -1.9989183e-09)
(1.2700754 0.16187473 -2.525625e-09)
(1.2472451 0.1704258 -3.0897534e-09)
(1.2225512 0.17536705 -3.6890075e-09)
(1.1969355 0.1770598 -4.311151e-09)
(1.1711069 0.17566947 -4.9379959e-09)
(1.1456193 0.17123127 -5.549957e-09)
(1.1209206 0.16370099 -6.1285154e-09)
(1.0974229 0.15304168 -6.6573747e-09)
(1.0755144 0.13926163 -7.1222155e-09)
(1.0555703 0.12248817 -7.5111795e-09)
(1.0379477 0.10296389 -7.8149597e-09)
(1.0229428 0.081065599 -8.0280111e-09)
(1.0108271 0.057295426 -8.1488303e-09)
(1.0017333 0.032246805 -8.1804397e-09)
(0.99582184 0.0065467274 -8.1297466e-09)
(0.99311975 -0.01908469 -8.0066068e-09)
(0.99348976 -0.04403781 -7.8223487e-09)
(0.99686797 -0.067620487 -7.5875007e-09)
(1.0029245 -0.089416286 -7.3129279e-09)
(1.0116585 -0.10887508 -7.0051808e-09)
(1.0224417 -0.12578205 -6.6742344e-09)
(1.0356559 -0.13976157 -6.3210195e-09)
(1.0501484 -0.15063695 -5.9603178e-09)
(1.0670966 -0.15833652 -5.5825554e-09)
(1.0843411 -0.16230734 -5.2201935e-09)
(1.1043502 -0.1634684 -4.8319324e-09)
(1.1236442 -0.15956087 -4.4949266e-09)
(1.1457279 -0.15486996 -4.0967584e-09)
(1.1671646 -0.14155476 -3.7864626e-09)
(1.1892006 -0.1328195 -3.3873334e-09)
(1.2137894 -0.10926968 -3.0557454e-09)
(1.2319112 -0.097235456 -2.712332e-09)
(1.2651752 -0.061384972 -2.2836277e-09)
(1.271301 -0.013328001 5.5394297e-11)
(1.2712392 -0.040383941 -1.302781e-10)
(1.2711175 -0.068415346 1.8139711e-10)
(1.2710299 -0.097841485 -2.9249265e-10)
(1.2709551 -0.12936107 4.1671928e-10)
(1.2716795 -0.16342327 -6.0902007e-10)
(1.2732932 -0.20087729 8.7409704e-10)
(1.2774305 -0.24220066 -1.2509924e-09)
(1.2840177 -0.2882988 1.7289556e-09)
(1.2974285 -0.33986 -2.3208039e-09)
(1.3133745 -0.39726584 3.0469671e-09)
(1.3428251 -0.45569398 -4.0180674e-09)
(1.382786 -0.52634164 5.5074878e-09)
(1.4397953 -0.58158742 -7.7806636e-09)
(1.5189588 -0.65858196 1.0519509e-08)
(1.6124702 -0.68433292 -1.3039565e-08)
(1.7368054 -0.72651955 1.2871249e-08)
(1.8742813 -0.7029091 -9.7132508e-09)
(2.003018 -0.64923924 1.8526875e-08)
(2.0635332 -0.53209353 6.0074152e-08)
(2.0669884 -0.41296969 4.0696963e-08)
(2.0483437 -0.31149012 1.8688298e-08)
(1.9939879 -0.22285796 2.1840511e-08)
(1.9377073 -0.15661545 4.1700873e-08)
(1.8913641 -0.10351717 6.8122476e-08)
(1.8620779 -0.058130647 9.472832e-08)
(1.8485632 -0.014044474 1.2024387e-07)
(1.8489897 0.033561638 1.4077932e-07)
(1.8613883 0.087159447 1.5455875e-07)
(1.8796538 0.1486843 1.6128277e-07)
(1.8960838 0.21812917 1.6172644e-07)
(1.9028991 0.29400733 1.5701411e-07)
(1.8950924 0.37059956 1.4698285e-07)
(1.8687788 0.44131944 1.364155e-07)
(1.8264238 0.50248398 1.2542688e-07)
(1.7720535 0.54583668 1.08839e-07)
(1.7055729 0.56741357 8.8599539e-08)
(1.6284908 0.56740365 6.9563685e-08)
(1.5478619 0.54599721 5.3878072e-08)
(1.4687609 0.50570851 4.2026453e-08)
(1.3939845 0.45037913 3.2833504e-08)
(1.3250976 0.38407307 2.6068741e-08)
(1.2640984 0.3096342 2.222262e-08)
(1.2115978 0.22979315 1.8303145e-08)
(1.1628748 0.15001095 8.5925369e-09)
(1.1103893 0.077575526 -8.2263068e-09)
(1.0488392 0.017311432 -2.5422969e-08)
(0.9791613 -0.031868672 -3.393337e-08)
(0.91432086 -0.075611897 -3.0435381e-08)
(0.8694971 -0.12119364 -1.8730769e-08)
(0.84998482 -0.17039115 -4.5559337e-09)
(0.85895594 -0.21946822 7.7562291e-09)
(0.89523762 -0.26190812 1.6507583e-08)
(0.95525953 -0.29146737 2.1708615e-08)
(1.0354886 -0.3036544 2.3688575e-08)
(1.132724 -0.29541892 2.2615198e-08)
(1.2453122 -0.26277 1.7814565e-08)
(1.3703942 -0.20134881 8.5653654e-09)
(1.5036171 -0.10826156 -5.1323155e-09)
(1.6346411 0.011009198 -2.0684674e-08)
(1.7440348 0.13989939 -3.2930023e-08)
(1.8169227 0.25831417 -3.90275e-08)
(1.8580814 0.35970644 -4.0649938e-08)
(1.8755066 0.44759527 -3.5893756e-08)
(1.8629071 0.51011615 -2.5396317e-08)
(1.8223048 0.54230911 -1.5138454e-08)
(1.7616736 0.54598151 -7.6555932e-09)
(1.6881132 0.5261576 -3.2535145e-09)
(1.6074085 0.48844325 -1.1522285e-09)
(1.5242433 0.43899263 -3.7888363e-10)
(1.4420465 0.38366973 -1.6047251e-10)
(1.3625987 0.32557747 -6.7862504e-11)
(1.2865842 0.26590507 8.2865812e-11)
(1.2149815 0.20895868 3.9401023e-10)
(1.149661 0.16464415 7.6812095e-10)
(1.0921911 0.14351859 7.1848625e-10)
(1.0423196 0.14869893 -4.0700273e-10)
(0.99802709 0.17275507 -2.9437554e-09)
(0.95708429 0.20164444 -6.6923978e-09)
(0.91846915 0.22147687 -1.1042362e-08)
(0.88243799 0.222759 -1.5192009e-08)
(0.8501117 0.20142426 -1.8380417e-08)
(0.82302994 0.15740818 -2.0115879e-08)
(0.80302756 0.093641566 -2.0302396e-08)
(0.79201059 0.014370677 -1.9179341e-08)
(0.79178292 -0.074922269 -1.7149364e-08)
(0.80370115 -0.16802743 -1.4620891e-08)
(0.8283276 -0.25801839 -1.1930634e-08)
(0.86486221 -0.33818815 -9.324883e-09)
(0.91132636 -0.40304326 -6.9676927e-09)
(0.96522447 -0.44884379 -4.9591318e-09)
(1.0241558 -0.47344439 -3.3562426e-09)
(1.0857847 -0.47603696 -2.1902309e-09)
(1.1474573 -0.45740341 -1.4825959e-09)
(1.2063587 -0.42030793 -1.2594989e-09)
(1.2601858 -0.36912859 -1.5232442e-09)
(1.3074467 -0.3088798 -2.1498813e-09)
(1.347308 -0.24438186 -2.8057192e-09)
(1.3796959 -0.1796062 -3.044893e-09)
(1.4057321 -0.11684894 -2.5911009e-09)
(1.4277633 -0.056223032 -1.5725207e-09)
(1.4482617 0.0036571273 -4.6942682e-10)
(1.4678312 0.063624114 2.1010751e-10)
(1.4838026 0.12182713 2.6214541e-10)
(1.4908522 0.17354621 -1.3917117e-10)
(1.4837984 0.21334584 -6.5338657e-10)
(1.4608311 0.23830923 -1.0566534e-09)
(1.424718 0.2498798 -1.3671047e-09)
(1.381325 0.25308034 -1.7681941e-09)
(1.3367841 0.25394041 -2.4415373e-09)
(1.2952339 0.25695946 -3.4356904e-09)
(1.2581329 0.26391203 -4.6297193e-09)
(1.2249553 0.27413061 -5.7868081e-09)
(1.1944026 0.28554544 -6.6583977e-09)
(1.1653827 0.29564875 -7.0907402e-09)
(1.137436 0.30198616 -7.0898977e-09)
(1.1107432 0.30227485 -6.8190754e-09)
(1.0859308 0.2944077 -6.5337241e-09)
(1.0638372 0.27655087 -6.4892468e-09)
(1.0453236 0.2474226 -6.8620842e-09)
(1.031148 0.20664275 -7.7090415e-09)
(1.021851 0.15497187 -8.9664762e-09)
(1.0176341 0.094357054 -1.0475249e-08)
(1.0183192 0.027760525 -1.2015791e-08)
(1.0236921 -0.041266177 -1.3345515e-08)
(1.0330426 -0.10923256 -1.4233446e-08)
(1.0452143 -0.17335272 -1.4493233e-08)
(1.0595223 -0.23161199 -1.4015428e-08)
(1.0758794 -0.28236046 -1.2799933e-08)
(1.0945424 -0.32389827 -1.098102e-08)
(1.115439 -0.35480867 -8.8131973e-09)
(1.1378558 -0.37473384 -6.5972814e-09)
(1.1611202 -0.38426583 -4.5785327e-09)
(1.1853745 -0.3836723 -2.8831347e-09)
(1.211207 -0.37211031 -1.5280537e-09)
(1.2386568 -0.34850176 -4.7630657e-10)
(1.2670776 -0.3128998 3.1410204e-10)
(1.2957669 -0.26659298 8.6649312e-10)
(1.3242871 -0.21143085 1.1824212e-09)
(1.3523224 -0.14941265 1.2570835e-09)
(1.3791734 -0.082880627 1.1010788e-09)
(1.4032885 -0.014873204 7.4997105e-10)
(1.4222151 0.05080294 2.5214642e-10)
(1.4332547 0.11010132 -3.475448e-10)
(1.4345086 0.15979097 -1.0064809e-09)
(1.4256181 0.19837366 -1.6675191e-09)
(1.4078917 0.22630686 -2.2519604e-09)
(1.3837589 0.24550837 -2.6810053e-09)
(1.3559402 0.25846267 -2.9165968e-09)
(1.3267415 0.26734356 -2.9926433e-09)
(1.2977087 0.2734451 -3.013209e-09)
(1.2696064 0.2769945 -3.1173332e-09)
(1.2426499 0.27731236 -3.4299081e-09)
(1.216777 0.27317088 -4.021912e-09)
(1.1919301 0.2632537 -4.8931727e-09)
(1.1681735 0.24657269 -5.978413e-09)
(1.1457492 0.22273611 -7.16907e-09)
(1.1250206 0.19204501 -8.3422442e-09)
(1.1064397 0.15544727 -9.3879074e-09)
(1.0904556 0.11439082 -1.0228105e-08)
(1.0773987 0.07054849 -1.0823602e-08)
(1.0675765 0.025743963 -1.1169108e-08)
(1.0611774 -0.018351142 -1.1282056e-08)
(1.0581523 -0.060396744 -1.1190431e-08)
(1.0582881 -0.099403852 -1.0923728e-08)
(1.0613704 -0.13477874 -1.0507921e-08)
(1.0672412 -0.16621011 -9.9640274e-09)
(1.075849 -0.19347666 -9.3097117e-09)
(1.0871993 -0.21628265 -8.5628723e-09)
(1.1012439 -0.23421314 -7.7449002e-09)
(1.1178004 -0.24680943 -6.8810182e-09)
(1.1365782 -0.25365955 -5.9972231e-09)
(1.157246 -0.25442813 -5.1160278e-09)
(1.1794577 -0.24884388 -4.2537626e-09)
(1.2028001 -0.23674624 -3.4201853e-09)
(1.2267629 -0.21819197 -2.6196322e-09)
(1.2507824 -0.19353777 -1.8541538e-09)
(1.2743524 -0.16339678 -1.1309962e-09)
(1.2970986 -0.12854449 -4.7387047e-10)
(1.3187158 -0.089855374 7.0033758e-11)
(1.3387838 -0.048403305 4.386214e-10)
(1.3565227 -0.0055910365 5.8063088e-10)
(1.3707196 0.036772348 4.8356867e-10)
(1.3799399 0.076619189 1.8286943e-10)
(1.3829473 0.11203798 -2.5585644e-10)
(1.3791327 0.1416832 -7.6877978e-10)
(1.3687155 0.16499382 -1.3182335e-09)
(1.3526299 0.18212384 -1.8964854e-09)
(1.3322218 0.19367736 -2.5125693e-09)
(1.3089063 0.20038086 -3.1747995e-09)
(1.2839454 0.20285672 -3.8800299e-09)
(1.2583443 0.20150993 -4.6119024e-09)
(1.2328649 0.196554 -5.3454391e-09)
(1.2080772 0.18804836 -6.052392e-09)
(1.1844431 0.17600817 -6.7058968e-09)
(1.1623683 0.16045778 -7.28228e-09)
(1.1422323 0.14155874 -7.7629113e-09)
(1.1243665 0.11957535 -8.1341811e-09)
(1.1090586 0.094958234 -8.3891378e-09)
(1.0965548 0.068228637 -8.5269613e-09)
(1.086998 0.040096264 -8.5539153e-09)
(1.0805114 0.011268518 -8.4814374e-09)
(1.0771503 -0.017489913 -8.3251818e-09)
(1.0767711 -0.045467645 -8.1022878e-09)
(1.0793404 -0.071881342 -7.8284601e-09)
(1.0844414 -0.096283156 -7.51847e-09)
(1.0921713 -0.11810682 -7.179894e-09)
(1.1017359 -0.13711736 -6.8247466e-09)
(1.1137406 -0.15302482 -6.4490399e-09)
(1.1267446 -0.16551192 -6.0743647e-09)
(1.1422809 -0.1748222 -5.6777966e-09)
(1.1578208 -0.17983363 -5.3131988e-09)
(1.1760651 -0.18252577 -4.9159879e-09)
(1.1936129 -0.17893765 -4.5926814e-09)
(1.213365 -0.17589657 -4.2240607e-09)
(1.233208 -0.1624396 -3.9360697e-09)
(1.252692 -0.15463099 -3.6292823e-09)
(1.27567 -0.13170121 -3.3168204e-09)
(1.2920823 -0.11877701 -3.0625916e-09)
(1.3248881 -0.0819865 -2.6032171e-09)
(1.3248435 -0.013011215 5.1593754e-11)
(1.3239248 -0.039477811 -1.0616623e-10)
(1.3222997 -0.066975443 1.3494098e-10)
(1.3196834 -0.09604954 -2.132925e-10)
(1.3164369 -0.12743647 2.9600035e-10)
(1.3126372 -0.16178373 -4.4561597e-10)
(1.3090802 -0.20013557 6.5115413e-10)
(1.3062448 -0.24324715 -9.6591639e-10)
(1.3052733 -0.29270746 1.3748732e-09)
(1.3070306 -0.34879068 -1.898154e-09)
(1.3146867 -0.41161992 2.4179045e-09)
(1.3366902 -0.48753129 -3.1473694e-09)
(1.3661219 -0.56915917 3.8565216e-09)
(1.4258435 -0.65902987 -4.4489627e-09)
(1.5015199 -0.75643266 5.0520772e-09)
(1.6165639 -0.81480067 -6.9429001e-09)
(1.779186 -0.91148677 8.0729566e-09)
(1.9441564 -0.83933589 1.2427368e-08)
(2.0118818 -0.77042253 1.124998e-05)
(2.0462191 -0.59841403 5.0559866e-06)
(1.970206 -0.42196244 -3.4365653e-05)
(1.8203799 -0.2760014 -3.598402e-05)
(1.4924026 -0.1162045 -6.2470411e-08)
(1.3834018 -0.068091034 7.3112305e-08)
(1.3206033 -0.033844851 1.3630184e-07)
(1.290087 -0.012005193 1.7289972e-07)
(1.2962565 0.009792321 1.9447985e-07)
(1.3281681 0.033165861 2.062604e-07)
(1.3837899 0.070752494 2.1423522e-07)
(1.4539354 0.12393043 2.2032377e-07)
(1.5316299 0.1929209 2.2541187e-07)
(1.603775 0.27551503 2.2748458e-07)
(1.6657131 0.3674076 2.2393351e-07)
(1.6943779 0.45758797 2.1244001e-07)
(1.6889946 0.53683683 1.969736e-07)
(1.6570633 0.59725179 1.777748e-07)
(1.6056577 0.63374409 1.5431973e-07)
(1.5401384 0.64314185 1.2773312e-07)
(1.4641563 0.62640835 1.019309e-07)
(1.3843351 0.58648271 7.91678e-08)
(1.3044581 0.52844353 6.2425557e-08)
(1.2277437 0.45670037 5.2459633e-08)
(1.1559573 0.37487455 4.1629264e-08)
(1.0836417 0.29116911 2.0226597e-08)
(0.99914497 0.21745854 -8.6618578e-09)
(0.89683159 0.15928128 -2.8952373e-08)
(0.78767945 0.10917275 -2.8979524e-08)
(0.69327791 0.05394678 -1.2560072e-08)
(0.62997315 -0.013999325 8.3017033e-09)
(0.60230197 -0.096016289 2.4694498e-08)
(0.61151284 -0.18225577 3.4075318e-08)
(0.64945354 -0.26105821 3.8833653e-08)
(0.70622876 -0.32587771 4.1716322e-08)
(0.77626413 -0.37384349 4.4113635e-08)
(0.85753397 -0.40303393 4.6427255e-08)
(0.9517712 -0.40971698 4.8218479e-08)
(1.0617978 -0.38894283 4.8329576e-08)
(1.187623 -0.33716976 4.475084e-08)
(1.3266629 -0.25114976 3.5203646e-08)
(1.4735824 -0.12931328 1.8670287e-08)
(1.618142 0.021140395 -2.6367064e-09)
(1.7408991 0.17959945 -2.2684258e-08)
(1.8233161 0.32112434 -3.5138397e-08)
(1.8627081 0.43389526 -3.9441165e-08)
(1.8759726 0.52278726 -3.7702557e-08)
(1.8635325 0.58082507 -2.8729878e-08)
(1.8221988 0.60559265 -1.8479587e-08)
(1.7614103 0.59953823 -1.0234614e-08)
(1.6881817 0.56897454 -4.919361e-09)
(1.6082595 0.52160262 -2.0772861e-09)
(1.5265126 0.46521474 -7.8925741e-10)
(1.4460018 0.40463349 -2.9433691e-10)
(1.3680266 0.34154174 -9.1418538e-11)
(1.2935991 0.27948507 2.3232264e-10)
(1.2247955 0.2278692 8.197928e-10)
(1.1640653 0.19823777 1.1787885e-09)
(1.1124521 0.19573829 3.7950872e-10)
(1.0686835 0.21431257 -2.2110881e-09)
(1.030383 0.23981996 -6.4387398e-09)
(0.99556171 0.25714674 -1.1469047e-08)
(0.96337748 0.2557915 -1.6210367e-08)
(0.93383304 0.23079613 -1.9738312e-08)
(0.90812823 0.18141213 -2.1564431e-08)
(0.88817911 0.11014949 -2.1669459e-08)
(0.87611324 0.021368263 -2.0354202e-08)
(0.87417548 -0.079509136 -1.8047103e-08)
(0.88425173 -0.1854117 -1.517585e-08)
(0.90725927 -0.28814979 -1.2111157e-08)
(0.94241259 -0.37951478 -9.1453316e-09)
(0.98723502 -0.452989 -6.4830467e-09)
(1.0385535 -0.50471686 -4.2465788e-09)
(1.0938143 -0.53289616 -2.4970427e-09)
(1.151234 -0.53669225 -1.2495092e-09)
(1.2086339 -0.51651019 -4.6856701e-10)
(1.2631187 -0.47529862 -8.741856e-11)
(1.3123476 -0.41835655 -7.4611744e-11)
(1.3553389 -0.35142692 -4.4928322e-10)
(1.3918729 -0.27968445 -1.1497383e-09)
(1.4218078 -0.20764593 -1.8764263e-09)
(1.4452954 -0.13885542 -2.1557838e-09)
(1.4635797 -0.074788194 -1.6649377e-09)
(1.4792536 -0.01429246 -5.3620046e-10)
(1.4950475 0.045525085 6.7461068e-10)
(1.5116497 0.1065214 1.3662724e-09)
(1.5259668 0.16687508 1.299166e-09)
(1.5318002 0.22089234 6.9057284e-10)
(1.5232896 0.26200394 -4.3621336e-11)
(1.4984915 0.28683924 -6.3451364e-10)
(1.4604967 0.29724726 -1.1120013e-09)
(1.4156003 0.29903134 -1.7025448e-09)
(1.3702172 0.29875066 -2.6087898e-09)
(1.3285818 0.30088127 -3.843469e-09)
(1.2921952 0.30672017 -5.2098905e-09)
(1.2606476 0.3149457 -6.4119872e-09)
(1.2328488 0.32285375 -7.2099798e-09)
(1.2079321 0.32740028 -7.5337355e-09)
(1.1855918 0.32573383 -7.5055011e-09)
(1.1659993 0.31538054 -7.3763777e-09)
(1.1495891 0.29437506 -7.420825e-09)
(1.1368592 0.26147127 -7.8416244e-09)
(1.1281953 0.21640575 -8.7178987e-09)
(1.1237646 0.1601243 -9.9992089e-09)
(1.1235011 0.094849438 -1.1530181e-08)
(1.1271396 0.023908617 -1.3086797e-08)
(1.1342655 -0.048723022 -1.4416914e-08)
(1.1440836 -0.1194145 -1.5280988e-08)
(1.1554915 -0.18538962 -1.5491002e-08)
(1.1676746 -0.24513419 -1.4934112e-08)
(1.1806028 -0.29767606 -1.3591192e-08)
(1.1950281 -0.34141308 -1.1573536e-08)
(1.2115408 -0.3742308 -9.1454322e-09)
(1.2296229 -0.39518507 -6.6618678e-09)
(1.2481788 -0.40532605 -4.4315667e-09)
(1.2670426 -0.40581835 -2.6077799e-09)
(1.2871186 -0.39586276 -1.1859324e-09)
(1.3087156 -0.37353274 -9.3055217e-11)
(1.3310755 -0.33843012 7.3503802e-10)
(1.353452 -0.2920905 1.3348679e-09)
(1.3755874 -0.23667626 1.7165471e-09)
(1.3975244 -0.17428402 1.873491e-09)
(1.4192807 -0.10685227 1.8014246e-09)
(1.4404422 -0.036502524 1.5192824e-09)
(1.4595987 0.033901458 1.0699299e-09)
(1.4743427 0.10063137 4.9984168e-10)
(1.482002 0.15970208 -1.5686951e-10)
(1.4806935 0.20804608 -8.6832656e-10)
(1.4700992 0.24443271 -1.5803408e-09)
(1.4515487 0.26965468 -2.2100862e-09)
(1.4274567 0.28592049 -2.6754088e-09)
(1.400499 0.29582785 -2.9430376e-09)
(1.3729286 0.30144902 -3.0600575e-09)
(1.3462003 0.30379907 -3.14496e-09)
(1.320976 0.30276888 -3.3426401e-09)
(1.2973372 0.29739485 -3.7690693e-09)
(1.2751321 0.28636521 -4.4717705e-09)
(1.2542015 0.26855548 -5.4195621e-09)
(1.2345052 0.24340936 -6.5190837e-09)
(1.2161506 0.2110796 -7.6474581e-09)
(1.1993993 0.17244185 -8.6871782e-09)
(1.1845602 0.12889976 -9.552228e-09)
(1.171979 0.082228615 -1.019794e-08)
(1.1619994 0.034357792 -1.061576e-08)
(1.1548645 -0.012907554 -1.0819632e-08)
(1.1506383 -0.058049236 -1.0832629e-08)
(1.1491976 -0.099968197 -1.0678553e-08)
(1.1503607 -0.13807331 -1.037765e-08)
(1.1540065 -0.1721588 -9.944568e-09)
(1.1601762 -0.20211704 -9.3890655e-09)
(1.1690202 -0.22765921 -8.7209516e-09)
(1.1806111 -0.24824296 -7.9571168e-09)
(1.1947779 -0.26324304 -7.1249338e-09)
(1.2111542 -0.27215857 -6.2582888e-09)
(1.2293419 -0.27464967 -5.3890012e-09)
(1.2490074 -0.27042908 -4.5401831e-09)
(1.2697864 -0.2592461 -3.7251429e-09)
(1.2911936 -0.24104193 -2.9496706e-09)
(1.3126347 -0.21614674 -2.2133548e-09)
(1.3335382 -0.18528089 -1.5104982e-09)
(1.3534679 -0.14941111 -8.366478e-10)
(1.3722064 -0.10956011 -2.0406419e-10)
(1.3896992 -0.066700211 3.4392736e-10)
(1.4058302 -0.021857898 7.3723324e-10)
(1.4201107 0.02367399 9.0787902e-10)
(1.4315283 0.068141476 8.2638591e-10)
(1.4387218 0.10948596 5.1828233e-10)
(1.4404085 0.1457534 4.8322254e-11)
(1.4358615 0.17554116 -5.1466239e-10)
(1.4251625 0.19825294 -1.1267981e-09)
(1.4091383 0.2140519 -1.7761799e-09)
(1.3890697 0.22356842 -2.4698347e-09)
(1.366357 0.2275723 -3.2149058e-09)
(1.3422784 0.22672973 -4.0055617e-09)
(1.3178497 0.22151674 -4.8206701e-09)
(1.2938259 0.21218491 -5.6278003e-09)
(1.2707619 0.1988533 -6.3907846e-09)
(1.2491266 0.18160009 -7.074845e-09)
(1.2293153 0.16064673 -7.6515913e-09)
(1.2116529 0.13629393 -8.1000233e-09)
(1.1964116 0.10906327 -8.4091484e-09)
(1.1837978 0.07951339 -8.5768501e-09)
(1.1739829 0.048425781 -8.6112225e-09)
(1.1670138 0.016560549 -8.5273992e-09)
(1.1630043 -0.015192234 -8.3467382e-09)
(1.161846 -0.046074637 -8.0924917e-09)
(1.1635355 -0.075216056 -7.7861556e-09)
(1.1675746 -0.10210462 -7.4476509e-09)
(1.1741836 -0.12618288 -7.0849632e-09)
(1.1824055 -0.14716369 -6.714137e-09)
(1.1930845 -0.16492721 -6.3220588e-09)
(1.2045509 -0.17888052 -5.939977e-09)
(1.2185901 -0.18979749 -5.5271803e-09)
(1.2325319 -0.19562966 -5.1549719e-09)
(1.2489481 -0.19983311 -4.7482051e-09)
(1.2648822 -0.19643099 -4.4100403e-09)
(1.2824037 -0.19467982 -4.0635409e-09)
(1.3004416 -0.18147118 -3.7629372e-09)
(1.3176018 -0.17392424 -3.5233327e-09)
(1.3383143 -0.15185588 -3.2486266e-09)
(1.3526331 -0.13844544 -3.0875274e-09)
(1.3824409 -0.10140722 -2.7359742e-09)
(1.371241 -0.012303608 3.1756342e-11)
(1.3694288 -0.037370007 -4.9686468e-11)
(1.3661846 -0.063504765 5.0369098e-11)
(1.3608817 -0.091281745 -7.281839e-11)
(1.3541619 -0.12151439 8.6901389e-11)
(1.3453578 -0.15493329 -1.3839919e-10)
(1.3359506 -0.1927856 2.089812e-10)
(1.3248388 -0.23611038 -3.6052847e-10)
(1.3150453 -0.28682269 5.9878952e-10)
(1.3053263 -0.34653646 -1.056048e-09)
(1.3017382 -0.41759453 1.8333127e-09)
(1.304816 -0.50429276 -3.142932e-09)
(1.3215342 -0.60210559 5.0071811e-09)
(1.3671861 -0.73011908 -7.1644066e-09)
(1.4319356 -0.84550338 9.27072e-09)
(1.580667 -1.0076505 -1.1093576e-08)
(1.7235024 -1.0693625 -5.3333453e-05)
(1.8568745 -0.97421566 -0.00016619291)
(1.8093026 -0.75944056 -0.00025227097)
(1.4981346 -0.43088451 -0.00028375445)
(1.1112085 -0.15880758 -0.00032167242)
(0.84820235 -0.034295811 -0.00026813041)
(0.68036945 -0.014603862 -0.00014845298)
(0.61884556 -0.0073969189 -6.4703904e-05)
(0.46146004 -0.0037392541 1.8744954e-08)
(0.49992121 -0.026879521 -7.9319527e-08)
(0.58338781 -0.043551457 -8.9256031e-08)
(0.68681496 -0.042309727 -6.5019219e-08)
(0.79605336 -0.019452653 -2.8494373e-08)
(0.9071165 0.02670413 1.2768356e-08)
(1.016314 0.097015792 5.5652665e-08)
(1.1239888 0.18934775 9.7989058e-08)
(1.2206369 0.29832896 1.3571236e-07)
(1.3081321 0.41663984 1.6598904e-07)
(1.368046 0.52719595 1.8313493e-07)
(1.3912251 0.61529483 1.8610829e-07)
(1.3795746 0.67332634 1.7632351e-07)
(1.3415998 0.69920612 1.5730182e-07)
(1.2842771 0.69413063 1.3347135e-07)
(1.2135233 0.66139723 1.1110459e-07)
(1.1366704 0.60537783 9.0975719e-08)
(1.0573154 0.53193548 6.4451192e-08)
(0.96853189 0.45337139 2.6479716e-08)
(0.85747014 0.38595643 -9.9777129e-09)
(0.72443153 0.33390876 -2.4738101e-08)
(0.59183723 0.2825666 -1.4038867e-08)
(0.48923641 0.21271919 7.3786128e-09)
(0.43371627 0.11720467 2.3916502e-08)
(0.42593852 0.0028428787 3.0652424e-08)
(0.45496402 -0.11507739 3.0793453e-08)
(0.50620333 -0.22533516 2.8032175e-08)
(0.57071869 -0.32058627 2.5137331e-08)
(0.64284564 -0.39653056 2.3829993e-08)
(0.71859843 -0.45151864 2.5277899e-08)
(0.79547681 -0.48681514 2.9676999e-08)
(0.8737679 -0.50438652 3.608618e-08)
(0.95752053 -0.50236732 4.2929881e-08)
(1.0569444 -0.4685959 4.8829844e-08)
(1.1788391 -0.39333493 5.0875176e-08)
(1.3169388 -0.27854105 4.5017607e-08)
(1.4643208 -0.12557479 2.9666695e-08)
(1.6091869 0.053751202 7.0811049e-09)
(1.7325381 0.23640058 -1.6082513e-08)
(1.815084 0.39373785 -3.2131119e-08)
(1.8524638 0.51244618 -3.848474e-08)
(1.8578119 0.59720755 -3.758098e-08)
(1.8424628 0.64533534 -2.9690148e-08)
(1.8003613 0.65836011 -2.0003347e-08)
(1.7407419 0.64056195 -1.1822656e-08)
(1.6702134 0.59999272 -6.2855943e-09)
(1.5938969 0.54542247 -3.0102804e-09)
(1.5162094 0.48375252 -1.3426597e-09)
(1.4395976 0.41812689 -6.2956072e-10)
(1.3655128 0.35178786 -1.35771e-10)
(1.2961888 0.2932557 6.503961e-10)
(1.2346945 0.25445297 1.4229732e-09)
(1.1832296 0.24252836 1.1121599e-09)
(1.1415045 0.25347975 -1.2197664e-09)
(1.1072458 0.27390994 -5.5789567e-09)
(1.0778513 0.28814091 -1.1041887e-08)
(1.0512465 0.28474323 -1.6327769e-08)
(1.0260831 0.25755779 -2.0351365e-08)
(1.0030534 0.20424738 -2.2548581e-08)
(0.98445172 0.1269831 -2.2870928e-08)
(0.9724066 0.029601992 -2.1597151e-08)
(0.96929261 -0.082202871 -1.915214e-08)
(0.97749089 -0.20079224 -1.5990709e-08)
(0.99840001 -0.31648871 -1.2542106e-08)
(1.0315647 -0.41905926 -9.1752064e-09)
(1.0741604 -0.50044725 -6.1626724e-09)
(1.1220031 -0.55681615 -3.6618959e-09)
(1.1719024 -0.58753316 -1.7386246e-09)
(1.2228202 -0.59224562 -4.1257609e-10)
(1.2737227 -0.57045219 3.3994844e-10)
(1.3217055 -0.52460902 6.2651717e-10)
(1.3640481 -0.46156593 6.1200444e-10)
(1.4001402 -0.38848504 3.945104e-10)
(1.4306336 -0.31087505 -4.5363314e-11)
(1.4562089 -0.23305971 -6.8624063e-10)
(1.4771353 -0.15865443 -1.2647844e-09)
(1.4935649 -0.090111177 -1.3300676e-09)
(1.5065446 -0.027680042 -5.9251308e-10)
(1.5185108 0.031207813 7.4722213e-10)
(1.5321049 0.090756293 2.046175e-09)
(1.5476146 0.15315378 2.6561095e-09)
(1.5610395 0.21571026 2.3741619e-09)
(1.5654117 0.27129946 1.5102512e-09)
(1.5547897 0.31240618 5.5378078e-10)
(1.5278268 0.33576622 -2.2154893e-10)
(1.4883568 0.34406004 -8.9331993e-10)
(1.4431156 0.34384393 -1.7266729e-09)
(1.3985628 0.34181253 -2.9022095e-09)
(1.3587809 0.34196447 -4.3562848e-09)
(1.3251698 0.3448373 -5.8212241e-09)
(1.2973863 0.34838761 -6.9970961e-09)
(1.2745159 0.34939634 -7.7201321e-09)
(1.2558184 0.34455154 -8.0335234e-09)
(1.2409387 0.33098223 -8.1455242e-09)
(1.2298055 0.30652026 -8.3232194e-09)
(1.2224239 0.26994023 -8.7851044e-09)
(1.2187371 0.2211048 -9.6341491e-09)
(1.2185594 0.16109687 -1.0839811e-08)
(1.2215435 0.092295639 -1.225926e-08)
(1.2272353 0.018196368 -1.3673458e-08)
(1.2351882 -0.05704385 -1.4832118e-08)
(1.2447787 -0.12943821 -1.5498081e-08)
(1.2550971 -0.19611485 -1.5505184e-08)
(1.265324 -0.25605419 -1.4778999e-08)
(1.2753366 -0.30927332 -1.3312706e-08)
(1.2860734 -0.3547035 -1.1179223e-08)
(1.2986544 -0.38949197 -8.6112997e-09)
(1.3129498 -0.41146101 -5.9952034e-09)
(1.3276071 -0.42170203 -3.6968536e-09)
(1.3418619 -0.42272467 -1.8922487e-09)
(1.3567668 -0.41411672 -5.383175e-10)
(1.3731314 -0.3928557 5.0157957e-10)
(1.3899083 -0.35789638 1.3082464e-09)
(1.4062911 -0.31130434 1.9127982e-09)
(1.4223709 -0.2556577 2.3223012e-09)
(1.4384305 -0.19326604 2.5286847e-09)
(1.4547662 -0.12594719 2.5175328e-09)
(1.4715646 -0.055310092 2.2891823e-09)
(1.4884195 0.016764915 1.8747912e-09)
(1.5038638 0.08752404 1.3257747e-09)
(1.515475 0.15324704 6.8531429e-10)
(1.5206413 0.21009745 -2.3765712e-11)
(1.5176275 0.25531836 -7.7868855e-10)
(1.5062897 0.28806988 -1.526843e-09)
(1.4880306 0.30945977 -2.1838884e-09)
(1.4652146 0.32182159 -2.6713827e-09)
(1.4404121 0.32769503 -2.9677121e-09)
(1.4157228 0.32892797 -3.1336747e-09)
(1.3924206 0.32623047 -3.293254e-09)
(1.3709642 0.31918089 -3.5816684e-09)
(1.3513159 0.30668199 -4.0903454e-09)
(1.3332348 0.28761652 -4.8353545e-09)
(1.3164599 0.26130816 -5.758748e-09)
(1.3008364 0.22775416 -6.756387e-09)
(1.2863749 0.18766654 -7.7163222e-09)
(1.2732242 0.14235865 -8.5513123e-09)
(1.2616535 0.093582126 -9.2134333e-09)
(1.2519743 0.043280635 -9.6892888e-09)
(1.2444867 -0.0066195296 -9.9844423e-09)
(1.2393849 -0.054425461 -1.0110099e-08)
(1.2366656 -0.098887115 -1.0078263e-08)
(1.2362057 -0.13938644 -9.9012999e-09)
(1.2379143 -0.17584784 -9.5890934e-09)
(1.2419053 -0.20834648 -9.1451655e-09)
(1.2484877 -0.23662904 -8.5698297e-09)
(1.2578947 -0.25994886 -7.8717897e-09)
(1.2699733 -0.27738604 -7.0784224e-09)
(1.2842152 -0.28829531 -6.2331442e-09)
(1.300088 -0.29238687 -5.3810432e-09)
(1.3172606 -0.28943544 -4.5547074e-09)
(1.3354474 -0.27911632 -3.7703332e-09)
(1.3541972 -0.26123829 -3.0330494e-09)
(1.3729124 -0.23608172 -2.3430969e-09)
(1.3910353 -0.20442657 -1.6960344e-09)
(1.4081139 -0.16739266 -1.0795335e-09)
(1.4238817 -0.12624863 -4.7854123e-10)
(1.4383145 -0.082164521 1.0529512e-10)
(1.4515971 -0.03614498 6.3259629e-10)
(1.4638494 0.010917672 1.0273024e-09)
(1.4747948 0.057848258 1.2085041e-09)
(1.4835985 0.10300191 1.1332043e-09)
(1.4889822 0.1444017 8.1797933e-10)
(1.489661 0.18012037 3.2450353e-10)
(1.4848488 0.20875336 -2.7687911e-10)
(1.4745197 0.22970295 -9.3870102e-10)
(1.4593805 0.24312367 -1.6447978e-09)
(1.4406144 0.24964154 -2.3985339e-09)
(1.4195764 0.25003675 -3.2031866e-09)
(1.397466 0.24505612 -4.0490376e-09)
(1.375214 0.23523157 -4.9091844e-09)
(1.3535073 0.22085549 -5.7453759e-09)
(1.3329466 0.20209248 -6.5147792e-09)
(1.3139973 0.1792534 -7.1790629e-09)
(1.2970037 0.15271651 -7.7075799e-09)
(1.2822177 0.1230601 -8.0824048e-09)
(1.2698089 0.090893723 -8.2970637e-09)
(1.2599464 0.057065871 -8.3588397e-09)
(1.2526655 0.022366073 -8.2843065e-09)
(1.248111 -0.012179758 -8.0989668e-09)
(1.2461499 -0.045790726 -7.8313431e-09)
(1.2468894 -0.077520495 -7.5080813e-09)
(1.2497701 -0.10675555 -7.1555404e-09)
(1.2551306 -0.13297183 -6.7810166e-09)
(1.2618832 -0.15578467 -6.4072087e-09)
(1.2710626 -0.17535967 -6.0096665e-09)
(1.2809257 -0.19065528 -5.6281016e-09)
(1.2933132 -0.20319544 -5.2104511e-09)
(1.3056917 -0.2097326 -4.8280455e-09)
(1.3202325 -0.21531436 -4.4240059e-09)
(1.3345015 -0.2122028 -4.0606358e-09)
(1.3499499 -0.21127986 -3.7308663e-09)
(1.3660122 -0.19858135 -3.4107522e-09)
(1.3810651 -0.19103355 -3.1906368e-09)
(1.3993795 -0.16944012 -2.9430713e-09)
(1.4118217 -0.15576552 -2.8158113e-09)
(1.4374917 -0.11852386 -2.5986572e-09)
(1.4104873 -0.011195182 -3.3320469e-13)
(1.4078107 -0.034048623 1.9536198e-11)
(1.4028871 -0.057933376 -4.0798463e-11)
(1.3949384 -0.083436379 7.7841294e-11)
(1.3845414 -0.11136316 -1.3410472e-10)
(1.3706955 -0.14246254 2.0913559e-10)
(1.3547837 -0.17819222 -3.2473566e-10)
(1.3349817 -0.21946333 4.6955493e-10)
(1.3145027 -0.26939058 -6.76407e-10)
(1.2900499 -0.32848112 9.008146e-10)
(1.2698256 -0.40430403 -1.1132694e-09)
(1.2474962 -0.4941149 1.0799616e-09)
(1.2440494 -0.61668268 -3.3910617e-10)
(1.2487035 -0.75828634 -2.2352108e-09)
(1.3083989 -0.94795312 7.9611115e-09)
(1.4229964 -1.1334371 3.9958148e-05)
(1.5229304 -1.1466542 -0.00046774602)
(1.4323214 -0.94959502 -0.00069929922)
(0.47149776 -0.20270714 -0.00083728576)
(0.023026254 -0.0011360727 -1.109606e-06)
(0.012258559 -0.0064117262 -0.00015804205)
(0.013438754 -0.04346627 -0.00012846378)
(0.052228158 -0.060876859 -2.7349137e-05)
(0.093856736 -0.13753068 -9.0020217e-08)
(0.20679981 -0.17566519 -6.1886739e-08)
(0.31539822 -0.17588033 -3.8484883e-08)
(0.41911848 -0.15072193 -1.8255367e-08)
(0.52063045 -0.10033005 1.7441762e-10)
(0.61988173 -0.022907405 2.0593596e-08)
(0.71768955 0.080286362 4.6138705e-08)
(0.81032604 0.20329507 7.6724085e-08)
(0.89548517 0.33855759 1.0933466e-07)
(0.96624296 0.47359933 1.3758098e-07)
(1.0139017 0.59178718 1.5542738e-07)
(1.0340692 0.67925572 1.6036777e-07)
(1.0257878 0.7296092 1.5179233e-07)
(0.99471602 0.74237836 1.3371199e-07)
(0.94725904 0.72110379 1.0743814e-07)
(0.88080438 0.67142704 6.8333164e-08)
(0.79141896 0.61204018 2.3504308e-08)
(0.67137331 0.5603117 -9.4368557e-09)
(0.53172677 0.51767381 -1.5868116e-08)
(0.40328599 0.46473567 -1.1891852e-09)
(0.31608487 0.38107443 1.6657161e-08)
(0.28214229 0.26164443 2.5165517e-08)
(0.29673772 0.11824648 2.3424978e-08)
(0.34527065 -0.033301311 1.6068154e-08)
(0.41464419 -0.17737447 7.367239e-09)
(0.49706153 -0.30219352 5.1410045e-10)
(0.58348283 -0.40316032 -3.786996e-09)
(0.66798978 -0.47898577 -5.4006633e-09)
(0.74646026 -0.53102753 -3.8416621e-09)
(0.8170264 -0.56273295 1.63963e-09)
(0.88086027 -0.57792357 1.1142678e-08)
(0.94196128 -0.57844014 2.3155381e-08)
(1.0067541 -0.56277771 3.4576531e-08)
(1.0879415 -0.51395816 4.3972974e-08)
(1.1979362 -0.41384727 4.8899212e-08)
(1.3276379 -0.26901402 4.464539e-08)
(1.4670169 -0.086440832 3.0036528e-08)
(1.602699 0.115654 7.8372576e-09)
(1.7173708 0.31221877 -1.5317818e-08)
(1.7929496 0.47506318 -3.1710948e-08)
(1.8264776 0.59099238 -3.8213182e-08)
(1.826954 0.66483257 -3.6518659e-08)
(1.805782 0.69904436 -2.886388e-08)
(1.7658377 0.69829802 -2.0310114e-08)
(1.7068411 0.66760107 -1.2343997e-08)
(1.6401242 0.61856382 -6.9257244e-09)
(1.5696203 0.55867758 -3.6675052e-09)
(1.4983203 0.49230824 -1.9851575e-09)
(1.4280799 0.42290501 -1.0123925e-09)
(1.361304 0.35824998 8.9590684e-11)
(1.3015064 0.31022727 1.3105594e-09)
(1.251851 0.28766677 1.6197548e-09)
(1.2131704 0.28916964 -1.2139548e-10)
(1.1836707 0.30290096 -4.1851622e-09)
(1.1605486 0.31310714 -9.837898e-09)
(1.1411607 0.30778211 -1.5600799e-08)
(1.1227126 0.28021662 -2.007891e-08)
(1.1038407 0.22399656 -2.2944471e-08)
(1.0883705 0.14231428 -2.3764837e-08)
(1.0779266 0.038192409 -2.2774568e-08)
(1.0748348 -0.083299814 -2.0366739e-08)
(1.0814534 -0.21382834 -1.7006485e-08)
(1.0997326 -0.34229886 -1.3190052e-08)
(1.1298577 -0.45602996 -9.3972583e-09)
(1.1692076 -0.54452915 -6.0150413e-09)
(1.2127247 -0.60360941 -3.2689942e-09)
(1.255885 -0.63491568 -1.2227874e-09)
(1.2979771 -0.63996578 1.4904106e-10)
(1.340089 -0.61697876 8.916078e-10)
(1.3796556 -0.56647292 1.0923162e-09)
(1.4131572 -0.49704581 9.4161376e-10)
(1.440434 -0.41805633 6.7048361e-10)
(1.4629624 -0.33578033 3.8333483e-10)
(1.4819996 -0.25407489 2.6782623e-11)
(1.4989087 -0.17614179 -4.0237569e-10)
(1.5137828 -0.10417428 -6.5737096e-10)
(1.5262316 -0.039172386 -3.3163304e-10)
(1.536917 0.020008578 7.7511851e-10)
(1.5480192 0.077451865 2.3427555e-09)
(1.5617232 0.13798271 3.6375293e-09)
(1.577439 0.20304514 4.0228097e-09)
(1.5901471 0.2680345 3.4162014e-09)
(1.5924517 0.32409897 2.2628403e-09)
(1.5790301 0.36337907 1.0979572e-09)
(1.5497502 0.38353893 1.4193051e-10)
(1.5094461 0.38842294 -7.5590512e-10)
(1.4651921 0.38514052 -1.8677562e-09)
(1.4232093 0.38007472 -3.3026795e-09)
(1.38715 0.37634936 -4.9101322e-09)
(1.3581555 0.3735828 -6.3987353e-09)
(1.3358787 0.36914161 -7.5312885e-09)
(1.3194758 0.35963603 -8.2530201e-09)
(1.3081244 0.3419197 -8.6940545e-09)
(1.3012226 0.31363323 -9.081495e-09)
(1.2982759 0.27345268 -9.6288342e-09)
(1.2987384 0.22132033 -1.0453344e-08)
(1.3020141 0.1584398 -1.153815e-08)
(1.307494 0.087218498 -1.2752145e-08)
(1.3145807 0.011143413 -1.3890993e-08)
(1.3227225 -0.065535553 -1.4731225e-08)
(1.3314628 -0.13876072 -1.5052488e-08)
(1.3403218 -0.20548735 -1.4719676e-08)
(1.3487747 -0.26494224 -1.3728178e-08)
(1.3566399 -0.3180711 -1.2136754e-08)
(1.3647406 -0.36461393 -9.9796255e-09)
(1.3743453 -0.4012357 -7.3949235e-09)
(1.3855196 -0.42428553 -4.7738251e-09)
(1.3969381 -0.43422646 -2.5473916e-09)
(1.4075331 -0.43498496 -8.9305806e-10)
(1.4178128 -0.42755147 2.7245959e-10)
(1.4293324 -0.40700956 1.1893727e-09)
(1.4409298 -0.37171251 1.9446602e-09)
(1.451481 -0.3246449 2.528694e-09)
(1.4617106 -0.26880129 2.9394572e-09)
(1.4722985 -0.20663934 3.1730633e-09)
(1.483636 -0.13996376 3.2139273e-09)
(1.4960201 -0.070112519 3.0444781e-09)
(1.5095596 0.001621637 2.6718466e-09)
(1.5236481 0.073543401 2.1396182e-09)
(1.5366805 0.14286062 1.5047028e-09)
(1.5462701 0.20579098 8.0509208e-10)
(1.5499729 0.25860771 5.4717684e-11)
(1.5462728 0.29904383 -7.2926612e-10)
(1.5351835 0.32686412 -1.4958062e-09)
(1.5182069 0.34339716 -2.1636646e-09)
(1.4977218 0.3509336 -2.6648074e-09)
(1.4761489 0.35180605 -2.9924907e-09)
(1.4552694 0.34759017 -3.2161563e-09)
(1.4359992 0.33864188 -3.4527642e-09)
(1.4186439 0.32433427 -3.8134059e-09)
(1.4031251 0.30376847 -4.356426e-09)
(1.3891164 0.27627794 -5.0691076e-09)
(1.3762539 0.24172793 -5.8820803e-09)
(1.3643074 0.20065024 -6.7038091e-09)
(1.3532265 0.15420691 -7.4564438e-09)
(1.3431198 0.10402374 -8.0950747e-09)
(1.3342173 0.051988219 -8.603784e-09)
(1.3268306 7.1310466e-05 -8.9775549e-09)
(1.3212552 -0.049909459 -9.2091306e-09)
(1.3176361 -0.096533007 -9.2910489e-09)
(1.3159547 -0.13909721 -9.2246729e-09)
(1.3161655 -0.17764379 -9.0185923e-09)
(1.3184208 -0.21250454 -8.6755989e-09)
(1.3231607 -0.24353094 -8.1879183e-09)
(1.3307988 -0.26970003 -7.5525934e-09)
(1.3412124 -0.28960053 -6.793936e-09)
(1.3536767 -0.30234069 -5.9661634e-09)
(1.3674332 -0.30779022 -5.1317211e-09)
(1.3821753 -0.30594328 -4.3350577e-09)
(1.3977757 -0.29638885 -3.5943474e-09)
(1.4138031 -0.27869631 -2.9102882e-09)
(1.4296108 -0.25313197 -2.2787151e-09)
(1.4446879 -0.22060852 -1.696182e-09)
(1.4586921 -0.18238557 -1.1550586e-09)
(1.4714171 -0.13988777 -6.361764e-10)
(1.4827868 -0.094520818 -1.1491361e-10)
(1.4929944 -0.047462624 4.1406061e-10)
(1.5023991 0.0003813095 9.1151433e-10)
(1.5112417 0.04826049 1.2948337e-09)
(1.5194051 0.095150289 1.4736425e-09)
(1.5261606 0.13953545 1.3965153e-09)
(1.5302718 0.17952203 1.0739396e-09)
(1.5304872 0.21327033 5.6404038e-10)
(1.5260025 0.23945485 -6.4134298e-11)
(1.5167223 0.25747177 -7.6101237e-10)
(1.5032417 0.26743128 -1.5062433e-09)
(1.4866854 0.26998663 -2.2973202e-09)
(1.468272 0.26606342 -3.1325884e-09)
(1.4489877 0.25639011 -3.9963003e-09)
(1.4295803 0.24138034 -4.857068e-09)
(1.4108093 0.22135735 -5.6716702e-09)
(1.3933012 0.19685389 -6.3964161e-09)
(1.3774572 0.16837623 -6.992178e-09)
(1.3635266 0.13655863 -7.4330281e-09)
(1.3516731 0.10206662 -7.7055588e-09)
(1.3420593 0.065801657 -7.8133434e-09)
(1.3346972 0.028600642 -7.771358e-09)
(1.3297429 -0.0084854259 -7.6064648e-09)
(1.3270475 -0.044595349 -7.3504063e-09)
(1.3268316 -0.078720943 -7.0326088e-09)
(1.3285253 -0.11012126 -6.6860682e-09)
(1.3325497 -0.13833432 -6.3165229e-09)
(1.3377759 -0.16283297 -5.9537984e-09)
(1.3453028 -0.18419307 -5.5650623e-09)
(1.3535331 -0.20078396 -5.1894382e-09)
(1.3641526 -0.21492738 -4.7795738e-09)
(1.3749287 -0.22218903 -4.3858535e-09)
(1.3875837 -0.22885752 -3.9926382e-09)
(1.4000175 -0.22620231 -3.6118304e-09)
(1.4134599 -0.22576863 -3.2915295e-09)
(1.4273667 -0.21361701 -2.9724298e-09)
(1.4404037 -0.20609118 -2.748438e-09)
(1.4560604 -0.18451974 -2.5292652e-09)
(1.4668841 -0.17060536 -2.3906659e-09)
(1.4879864 -0.1329334 -2.2639597e-09)
(1.442588 -0.0097009595 -1.5352721e-11)
(1.4391238 -0.029568764 3.8109475e-11)
(1.4325866 -0.050314936 -5.2716326e-11)
(1.4221865 -0.072615578 8.916769e-11)
(1.4081962 -0.096967553 -1.3056098e-10)
(1.3895977 -0.12447726 1.9772816e-10)
(1.367021 -0.15589722 -2.9363313e-10)
(1.3387749 -0.19333941 4.419651e-10)
(1.3062043 -0.23815157 -6.8714796e-10)
(1.2668904 -0.29458788 1.0964721e-09)
(1.2241981 -0.36564996 -1.7947915e-09)
(1.1758241 -0.45916444 2.9232864e-09)
(1.1305108 -0.58554188 -4.441806e-09)
(1.0896191 -0.74836879 5.2950341e-09)
(1.1195533 -0.9411301 -6.9803275e-06)
(1.1319043 -1.1792104 -0.00026878548)
(0.95401796 -0.94171658 -0.00068792282)
(-0.068327185 -0.091284273 -0.00010768194)
(-0.042930878 -0.18662424 -1.0480155e-05)
(0.044085861 -0.27808731 2.1483662e-08)
(0.12084352 -0.27005693 1.5380148e-08)
(0.18852863 -0.23841744 1.5321583e-08)
(0.25425207 -0.18515598 1.5115484e-08)
(0.31970201 -0.10705428 1.7414162e-08)
(0.38613003 -0.0020069945 2.5550125e-08)
(0.45360198 0.12591916 4.1238588e-08)
(0.52002892 0.2697121 6.327537e-08)
(0.58069128 0.41776302 8.6853972e-08)
(0.62930483 0.55371163 1.0519558e-07)
(0.66100051 0.66179075 1.1258806e-07)
(0.67094854 0.73171055 1.0505856e-07)
(0.65649933 0.7623106 8.229985e-08)
(0.61746763 0.7620166 5.0587667e-08)
(0.54189929 0.74521969 1.5018782e-08)
(0.43589594 0.72418375 -6.1092256e-09)
(0.31772589 0.69537787 -6.0250891e-09)
(0.21842232 0.64095674 6.8756751e-09)
(0.1631731 0.54205288 1.7917254e-08)
(0.15903778 0.3995714 1.9337248e-08)
(0.19910729 0.23226719 1.3193017e-08)
(0.27046503 0.056113809 3.9689972e-09)
(0.36220281 -0.11634349 -5.0413343e-09)
(0.46361442 -0.26881031 -1.1843399e-08)
(0.56614467 -0.39496957 -1.6240122e-08)
(0.66383381 -0.49211778 -1.8728467e-08)
(0.75316598 -0.56013625 -2.0028667e-08)
(0.83075131 -0.60157049 -2.003812e-08)
(0.8936268 -0.62249695 -1.7255858e-08)
(0.94201898 -0.63037715 -9.5362283e-09)
(0.98097116 -0.62913227 3.5165566e-09)
(1.0180339 -0.61693921 1.9083529e-08)
(1.0615574 -0.58828447 3.2319795e-08)
(1.1256178 -0.51920822 4.2162291e-08)
(1.2238479 -0.39276705 4.5580892e-08)
(1.3429864 -0.21836679 3.9455797e-08)
(1.4703208 -0.011057507 2.3728729e-08)
(1.591118 0.20469503 2.0197654e-09)
(1.6906374 0.40215347 -1.910341e-08)
(1.7566893 0.55870534 -3.3402259e-08)
(1.783744 0.66337941 -3.8228762e-08)
(1.7809583 0.72009183 -3.5013358e-08)
(1.7590229 0.73758947 -2.7638631e-08)
(1.7246626 0.72557305 -2.0273773e-08)
(1.6666465 0.68227708 -1.2295573e-08)
(1.6046548 0.62530613 -7.0314981e-09)
(1.5414488 0.55978081 -4.0429377e-09)
(1.4782732 0.4890041 -2.3527964e-09)
(1.4171661 0.41974536 -8.4982537e-10)
(1.3617133 0.36335971 7.9652144e-10)
(1.3156503 0.3299694 1.7954107e-09)
(1.2806878 0.32088153 9.2994545e-10)
(1.2560087 0.32622992 -2.5464872e-09)
(1.2394516 0.33035544 -8.2861087e-09)
(1.2283272 0.32256551 -1.4168974e-08)
(1.218317 0.29741328 -1.8713154e-08)
(1.2058761 0.23958031 -2.2409199e-08)
(1.1955677 0.1545419 -2.4018344e-08)
(1.1885586 0.045350833 -2.3551114e-08)
(1.1867434 -0.083725076 -2.1334455e-08)
(1.19274 -0.22441315 -1.783559e-08)
(1.2083107 -0.36464543 -1.3648017e-08)
(1.2342735 -0.48925357 -9.4047808e-09)
(1.2687571 -0.5844242 -5.6445586e-09)
(1.3066648 -0.64434393 -2.6905768e-09)
(1.3421865 -0.6732904 -6.200083e-10)
(1.3736431 -0.67732024 6.5523203e-10)
(1.4044203 -0.65325224 1.2639769e-09)
(1.4336882 -0.59780959 1.3270191e-09)
(1.4567589 -0.52254628 1.0296322e-09)
(1.4736596 -0.43850891 6.4734969e-10)
(1.4863436 -0.35250572 4.0041599e-10)
(1.4979077 -0.26899402 2.9618776e-10)
(1.5101421 -0.19035583 2.1296981e-10)
(1.5231248 -0.11744735 1.3864209e-10)
(1.5359555 -0.050902549 3.2210707e-10)
(1.5477513 0.0094356683 1.1120119e-09)
(1.5589067 0.065998638 2.5818138e-09)
(1.5712787 0.12377802 4.2755544e-09)
(1.5863664 0.18740833 5.3923095e-09)
(1.6024186 0.25646015 5.3721027e-09)
(1.6136002 0.32356942 4.3280826e-09)
(1.6128117 0.3782933 2.8558657e-09)
(1.5960175 0.41341535 1.4852819e-09)
(1.5646538 0.42823278 3.3660634e-10)
(1.5245816 0.42794424 -8.0398056e-10)
(1.4828923 0.41994967 -2.1729332e-09)
(1.4451396 0.40988657 -3.788909e-09)
(1.4143085 0.39969419 -5.4537562e-09)
(1.3912391 0.38816454 -6.9156276e-09)
(1.3754922 0.37247372 -8.0365756e-09)
(1.3661033 0.34952138 -8.8506403e-09)
(1.3620067 0.31684924 -9.5152935e-09)
(1.3621968 0.27305392 -1.0211318e-08)
(1.3657063 0.21803112 -1.1049386e-08)
(1.3715614 0.15300648 -1.2006627e-08)
(1.378855 0.080369989 -1.2952202e-08)
(1.3869111 0.0035036356 -1.3706099e-08)
(1.3950221 -0.073566298 -1.4117492e-08)
(1.4027596 -0.14686034 -1.4018996e-08)
(1.4101053 -0.21331829 -1.3304525e-08)
(1.4171004 -0.27219856 -1.2019207e-08)
(1.4236971 -0.3250512 -1.0329245e-08)
(1.4303114 -0.37239054 -8.2688644e-09)
(1.437997 -0.41045296 -5.8012448e-09)
(1.4468228 -0.434169 -3.2615653e-09)
(1.4552601 -0.44362114 -1.2179438e-09)
(1.4626058 -0.44344518 1.5892483e-10)
(1.4693424 -0.43593098 1.0897135e-09)
(1.4759101 -0.4164701 1.8459664e-09)
(1.4821695 -0.37987246 2.5740356e-09)
(1.4871032 -0.33233122 3.1244783e-09)
(1.4920622 -0.27669803 3.5018846e-09)
(1.4976667 -0.21519319 3.7266133e-09)
(1.5044587 -0.1495319 3.8025725e-09)
(1.5128452 -0.081024263 3.704611e-09)
(1.523067 -0.010684711 3.4068815e-09)
(1.5349976 0.060467462 2.9213192e-09)
(1.5476946 0.13062246 2.3034212e-09)
(1.5593391 0.19684512 1.6070226e-09)
(1.5677233 0.25550874 8.5476425e-10)
(1.5708772 0.30310619 6.368529e-11)
(1.567458 0.33760108 -7.3574427e-10)
(1.5575138 0.35925319 -1.4968789e-09)
(1.5427173 0.36970717 -2.1539448e-09)
(1.5254793 0.37134405 -2.6580271e-09)
(1.5078489 0.36647739 -3.017826e-09)
(1.4910642 0.35601277 -3.302887e-09)
(1.475868 0.33976279 -3.6093748e-09)
(1.4625636 0.31739226 -4.0146172e-09)
(1.4509491 0.28851803 -4.5443108e-09)
(1.4405794 0.25298303 -5.1692721e-09)
(1.4310605 0.21115998 -5.8287958e-09)
(1.4221568 0.16403135 -6.4647015e-09)
(1.4138016 0.11303467 -7.0434745e-09)
(1.4060977 0.059942545 -7.5528237e-09)
(1.3992853 0.0066566214 -7.9795161e-09)
(1.3936962 -0.0449636 -8.2945592e-09)
(1.3896135 -0.0933657 -8.4640998e-09)
(1.3871767 -0.13771293 -8.4747062e-09)
(1.3864359 -0.17809609 -8.3380487e-09)
(1.3875564 -0.21512416 -8.0648702e-09)
(1.3910254 -0.24884981 -7.6432838e-09)
(1.397408 -0.27795801 -7.0551506e-09)
(1.40664 -0.30031945 -6.317981e-09)
(1.4177258 -0.3146063 -5.4989378e-09)
(1.4295285 -0.32098114 -4.6836262e-09)
(1.4417815 -0.31993526 -3.9292195e-09)
(1.4547466 -0.31102359 -3.2499225e-09)
(1.468029 -0.29336862 -2.6371055e-09)
(1.4807803 -0.26721313 -2.0799091e-09)
(1.4925305 -0.23367768 -1.5721098e-09)
(1.5031266 -0.19421912 -1.1101766e-09)
(1.5125402 -0.15039725 -6.8141263e-10)
(1.520794 -0.10377521 -2.5706376e-10)
(1.5279983 -0.05571915 1.9497444e-10)
(1.5344775 -0.0073154237 6.8011279e-10)
(1.5407025 0.040783745 1.1528136e-09)
(1.5469953 0.088009766 1.5224583e-09)
(1.5532503 0.13347388 1.6926679e-09)
(1.5587517 0.17572748 1.6088003e-09)
(1.5623465 0.21291475 1.2801817e-09)
(1.5627806 0.24331357 7.6257378e-10)
(1.5592031 0.26574822 1.2187083e-10)
(1.5515629 0.27961691 -5.9355223e-10)
(1.5405859 0.28495515 -1.3587282e-09)
(1.5271485 0.28269635 -2.1645472e-09)
(1.5119398 0.27405855 -2.9985763e-09)
(1.4956942 0.25940318 -3.840716e-09)
(1.4794741 0.23875271 -4.6557931e-09)
(1.4641111 0.21299615 -5.4022923e-09)
(1.4499995 0.18290367 -6.0374475e-09)
(1.4373972 0.14922855 -6.5293774e-09)
(1.4264947 0.11272968 -6.8574512e-09)
(1.4174666 0.074359328 -7.0197695e-09)
(1.410308 0.03500984 -7.0272468e-09)
(1.405173 -0.0042823329 -6.905106e-09)
(1.4019205 -0.042594143 -6.6856359e-09)
(1.4008344 -0.078870427 -6.3976088e-09)
(1.4014093 -0.11221093 -6.0782074e-09)
(1.4040734 -0.14222152 -5.7322556e-09)
(1.4077958 -0.16822129 -5.3935596e-09)
(1.4135865 -0.19127331 -5.0286764e-09)
(1.4201936 -0.20921218 -4.6636509e-09)
(1.4290789 -0.22488303 -4.2681671e-09)
(1.4382081 -0.23305684 -3.8672842e-09)
(1.4490421 -0.24043335 -3.482338e-09)
(1.459376 -0.23837349 -3.1023581e-09)
(1.4708406 -0.23805534 -2.7824047e-09)
(1.4822602 -0.2264992 -2.4888827e-09)
(1.4934702 -0.21888827 -2.2590649e-09)
(1.5060128 -0.19725832 -2.0772841e-09)
(1.5152644 -0.18289236 -1.9238878e-09)
(1.5314706 -0.14442497 -1.8431841e-09)
(1.4675553 -0.0078744626 -1.1851862e-11)
(1.4634112 -0.02403217 1.713879e-11)
(1.4555005 -0.040899423 -1.3813579e-11)
(1.4429452 -0.059042579 1.6355308e-11)
(1.4258874 -0.078820821 -4.2360029e-12)
(1.4029765 -0.10119401 -7.8679144e-12)
(1.3746548 -0.12673427 4.3046281e-11)
(1.3382357 -0.15741335 -8.6706211e-11)
(1.2950137 -0.19426048 1.548416e-10)
(1.239605 -0.24194265 -2.3000192e-10)
(1.1763504 -0.30207931 3.4260925e-10)
(1.0936095 -0.38752977 -5.5354205e-10)
(1.0060463 -0.49864318 1.1584433e-09)
(0.88464966 -0.68037413 -3.2061797e-09)
(0.8636268 -0.92666283 -1.3950866e-05)
(0.73658415 -1.0347342 -0.00011359418)
(-0.0091213249 -0.016538846 4.2852195e-06)
(-0.070506691 -0.2239476 -3.6772943e-05)
(-0.035584625 -0.32814282 5.2709911e-08)
(-0.0044998825 -0.31533433 1.922394e-08)
(0.018537862 -0.28048474 1.3446421e-08)
(0.041791818 -0.22836597 9.2797372e-09)
(0.06775955 -0.15348965 6.042223e-09)
(0.097792234 -0.051901525 5.9639053e-09)
(0.13345955 0.075056096 1.0969192e-08)
(0.17514843 0.22048158 2.1228798e-08)
(0.21806947 0.37301536 3.3979232e-08)
(0.25641092 0.51772246 4.4066533e-08)
(0.28330889 0.64057566 4.6238478e-08)
(0.29114134 0.73302088 3.7813484e-08)
(0.27358136 0.79505248 2.1512777e-08)
(0.22819327 0.8312819 4.9037441e-09)
(0.16159029 0.84538869 -3.4266254e-09)
(0.092803008 0.83119449 3.3210585e-10)
(0.046383979 0.7749883 9.9986324e-09)
(0.036376344 0.66904166 1.6311114e-08)
(0.065717308 0.52127126 1.5466798e-08)
(0.12768786 0.35088831 9.9301487e-09)
(0.21844206 0.15579362 1.5798782e-09)
(0.32774387 -0.043859278 -6.8506553e-09)
(0.44345381 -0.22414387 -1.347251e-08)
(0.55939455 -0.37677402 -1.8165995e-08)
(0.66866469 -0.49756665 -2.0945079e-08)
(0.7674584 -0.58586349 -2.1924341e-08)
(0.85487967 -0.64221927 -2.2051872e-08)
(0.92948694 -0.66823175 -2.2572612e-08)
(0.98724299 -0.67099199 -2.323485e-08)
(1.0248508 -0.66305769 -2.0791946e-08)
(1.0452869 -0.65376934 -1.1429867e-08)
(1.0581446 -0.64251196 4.7840397e-09)
(1.0738962 -0.6206104 2.2266968e-08)
(1.1000041 -0.57853487 3.4752401e-08)
(1.1545459 -0.48526158 4.1603339e-08)
(1.2439143 -0.32957847 4.0326159e-08)
(1.3513913 -0.1289163 3.0349255e-08)
(1.4646164 0.094129496 1.3068099e-08)
(1.5691331 0.3115475 -7.3986318e-09)
(1.6514045 0.49798389 -2.543883e-08)
(1.7043149 0.63694201 -3.6167308e-08)
(1.7254492 0.72130128 -3.7380342e-08)
(1.7197775 0.75615244 -3.1721978e-08)
(1.7055614 0.75838652 -2.6419175e-08)
(1.678551 0.73786472 -2.0156615e-08)
(1.6249413 0.68371461 -1.223846e-08)
(1.5698932 0.61919425 -7.2520389e-09)
(1.5152046 0.54776805 -4.3623982e-09)
(1.4619237 0.47521407 -2.2446441e-09)
(1.4130465 0.41170702 -1.506919e-10)
(1.3721263 0.36820594 1.614689e-09)
(1.3415733 0.34828601 1.7538301e-09)
(1.3221667 0.34359453 -1.0803578e-09)
(1.3125685 0.34019033 -6.4882247e-09)
(1.308666 0.32970364 -1.1969328e-08)
(1.3060313 0.30525481 -1.6604757e-08)
(1.3028424 0.24883098 -2.0858525e-08)
(1.299665 0.16200532 -2.3330902e-08)
(1.2977431 0.049471383 -2.3516587e-08)
(1.2990145 -0.084755047 -2.1592982e-08)
(1.3055938 -0.23305937 -1.8018026e-08)
(1.3190682 -0.38285805 -1.3528117e-08)
(1.3404313 -0.51695111 -8.930927e-09)
(1.3684862 -0.61818004 -4.9040128e-09)
(1.3988707 -0.67800458 -1.8627427e-09)
(1.4257239 -0.70205935 1.0474085e-10)
(1.4471553 -0.70124269 1.1631278e-09)
(1.4640565 -0.67834273 1.5273022e-09)
(1.4802317 -0.61722916 1.3924051e-09)
(1.4897913 -0.53517321 9.4812307e-10)
(1.4942854 -0.44661952 5.1010621e-10)
(1.4977135 -0.35940051 3.2739632e-10)
(1.5034368 -0.27739962 4.4191732e-10)
(1.5117969 -0.2010651 7.3874486e-10)
(1.5230811 -0.12983056 1.0206247e-09)
(1.5364792 -0.063694762 1.3364717e-09)
(1.5503695 -0.002752096 1.9749901e-09)
(1.5635288 0.054177395 3.1690799e-09)
(1.576392 0.11071245 4.8204429e-09)
(1.5907353 0.17192791 6.4064724e-09)
(1.6071398 0.24066856 7.1636974e-09)
(1.6226283 0.31363853 6.6181531e-09)
(1.6310071 0.38110575 5.0664766e-09)
(1.626064 0.43181365 3.2760844e-09)
(1.605696 0.45985408 1.7086578e-09)
(1.5731639 0.46687213 3.6173106e-10)
(1.5349002 0.45953433 -1.009554e-09)
(1.4973186 0.44497429 -2.5695597e-09)
(1.4649825 0.42747449 -4.2682836e-09)
(1.4402938 0.40789648 -5.9144521e-09)
(1.423761 0.38473133 -7.336613e-09)
(1.4146702 0.35545114 -8.4855675e-09)
(1.4117646 0.31767905 -9.4361624e-09)
(1.4136594 0.27003645 -1.0311715e-08)
(1.4189732 0.2123363 -1.1188387e-08)
(1.4264319 0.14566837 -1.2014806e-08)
(1.4349133 0.072278619 -1.2650403e-08)
(1.4435822 -0.0046015154 -1.2955262e-08)
(1.4516981 -0.081230666 -1.2894264e-08)
(1.4588512 -0.15389893 -1.240338e-08)
(1.4651572 -0.2198945 -1.1408266e-08)
(1.471231 -0.27846351 -9.9296046e-09)
(1.4774683 -0.33112296 -8.2100787e-09)
(1.483704 -0.37893235 -6.3628355e-09)
(1.4901547 -0.41809088 -4.1592053e-09)
(1.4969377 -0.44183602 -1.7587621e-09)
(1.5028677 -0.44951597 1.2298097e-10)
(1.5066255 -0.4483582 1.047468e-09)
(1.5102624 -0.44103775 1.7222034e-09)
(1.5126049 -0.4208605 2.4514017e-09)
(1.5124175 -0.38211135 3.186145e-09)
(1.5114099 -0.33401966 3.660924e-09)
(1.5112151 -0.27903679 3.9168294e-09)
(1.5126773 -0.2189556 4.0543296e-09)
(1.5160243 -0.15507591 4.1315552e-09)
(1.5214587 -0.08855573 4.12607e-09)
(1.5290256 -0.020278052 3.9648739e-09)
(1.5386793 0.049154354 3.5883918e-09)
(1.5500856 0.11867096 3.0090813e-09)
(1.5622089 0.18574324 2.3368173e-09)
(1.5732216 0.24667712 1.6955481e-09)
(1.5811979 0.29876554 1.0189582e-09)
(1.5844613 0.34029231 1.4192299e-10)
(1.5817955 0.36831999 -7.2836905e-10)
(1.5737659 0.38306986 -1.503897e-09)
(1.56226 0.3866971 -2.1518269e-09)
(1.5489297 0.38194211 -2.6641e-09)
(1.5350265 0.37057321 -3.0531903e-09)
(1.5219367 0.35290624 -3.3877234e-09)
(1.5106561 0.32884937 -3.7426165e-09)
(1.5011425 0.29851829 -4.161414e-09)
(1.4929294 0.26193371 -4.6448137e-09)
(1.4855729 0.21942073 -5.1620266e-09)
(1.4787268 0.17181725 -5.6787339e-09)
(1.4721956 0.12040396 -6.1789434e-09)
(1.4659505 0.066753991 -6.660436e-09)
(1.4601163 0.012669029 -7.1072355e-09)
(1.4549825 -0.04007093 -7.4703955e-09)
(1.4509028 -0.089876274 -7.6871792e-09)
(1.4481967 -0.1357886 -7.7270388e-09)
(1.4470971 -0.17786382 -7.6091854e-09)
(1.4478006 -0.21691829 -7.3631626e-09)
(1.4507049 -0.25324975 -6.9787317e-09)
(1.4563646 -0.28527769 -6.4177364e-09)
(1.4647746 -0.30996545 -5.6860186e-09)
(1.4747668 -0.3253095 -4.8674311e-09)
(1.4847641 -0.33195024 -4.0785433e-09)
(1.4943607 -0.33136316 -3.3915415e-09)
(1.5044362 -0.32291248 -2.8036255e-09)
(1.5148477 -0.30495729 -2.2813726e-09)
(1.5243172 -0.27791624 -1.8129096e-09)
(1.5325405 -0.24333926 -1.3911589e-09)
(1.5395513 -0.20275111 -1.0150579e-09)
(1.5453798 -0.15778736 -6.7774869e-10)
(1.5502706 -0.11008891 -3.5392184e-10)
(1.5543927 -0.061194935 -2.4442708e-12)
(1.5580533 -0.012326009 4.0845342e-10)
(1.5617726 0.035720339 8.7123923e-10)
(1.5659551 0.082584956 1.3310299e-09)
(1.5708515 0.12780198 1.6934814e-09)
(1.5762105 0.17051566 1.8602772e-09)
(1.5813183 0.20946655 1.7696301e-09)
(1.5851316 0.24298711 1.4219768e-09)
(1.5864076 0.26907112 8.9209744e-10)
(1.5842008 0.28629389 2.6276792e-10)
(1.5788031 0.29464113 -4.3967395e-10)
(1.5715757 0.29510155 -1.1838515e-09)
(1.5620032 0.28803744 -1.9775661e-09)
(1.5496406 0.27368684 -2.7999221e-09)
(1.5363632 0.25286538 -3.5901301e-09)
(1.5236626 0.2264782 -4.3230299e-09)
(1.5118351 0.19537718 -4.9629523e-09)
(1.501058 0.16037687 -5.4787842e-09)
(1.4915455 0.12234157 -5.8459975e-09)
(1.4834856 0.082292886 -6.0574759e-09)
(1.4768719 0.041221616 -6.1190109e-09)
(1.4718342 0.00015231869 -6.0519538e-09)
(1.4682823 -0.039978387 -5.8866837e-09)
(1.4664984 -0.078104496 -5.6484984e-09)
(1.4661325 -0.11315404 -5.3731156e-09)
(1.4675323 -0.14474539 -5.065914e-09)
(1.46988 -0.17209333 -4.7608079e-09)
(1.4739841 -0.19662704 -4.4305702e-09)
(1.4789466 -0.21603966 -4.0832014e-09)
(1.4862455 -0.23293727 -3.6981431e-09)
(1.4936475 -0.24231911 -3.2994452e-09)
(1.5028516 -0.2498192 -2.9127044e-09)
(1.5108031 -0.2487419 -2.5554685e-09)
(1.5203908 -0.24787132 -2.2330588e-09)
(1.5287988 -0.23725191 -1.9877739e-09)
(1.5381725 -0.2291108 -1.7622146e-09)
(1.5474449 -0.20757516 -1.6157116e-09)
(1.5550745 -0.19264038 -1.460738e-09)
(1.5658507 -0.15304775 -1.4058617e-09)
(1.4853782 -0.0057864998 -2.4794693e-11)
(1.4807676 -0.017646588 3.7935644e-11)
(1.4717523 -0.030031967 -4.123539e-11)
(1.4576608 -0.043256698 6.2117528e-11)
(1.4381083 -0.057610929 -7.381973e-11)
(1.4121387 -0.073586062 1.1134558e-10)
(1.3789676 -0.091811131 -1.4997899e-10)
(1.3367774 -0.11320596 2.4071434e-10)
(1.2839071 -0.13932367 -3.7971951e-10)
(1.217008 -0.17211563 6.4581187e-10)
(1.1329736 -0.21584523 -1.0597469e-09)
(1.0250964 -0.27510085 1.736042e-09)
(0.88695056 -0.36251374 -2.8978949e-09)
(0.78477472 -0.49945237 -1.0725973e-05)
(0.55069894 -0.72790733 8.3639266e-06)
(0.17767381 -0.36536013 0.0006071677)
(-0.05516482 -0.16095662 0.00011160466)
(-0.064163902 -0.33303351 -6.8232561e-06)
(-0.086878209 -0.31308758 2.4266665e-08)
(-0.11054427 -0.27751739 1.2095679e-08)
(-0.12871561 -0.22817907 7.5110814e-09)
(-0.14294015 -0.15824228 2.8332531e-09)
(-0.14937275 -0.063135771 -1.2170828e-09)
(-0.14786334 0.059713949 -3.0580786e-09)
(-0.1367722 0.20410223 -1.9016602e-09)
(-0.11927566 0.35929728 1.4114923e-09)
(-0.10023443 0.51173991 4.4762244e-09)
(-0.085617361 0.64818588 4.9070377e-09)
(-0.080437214 0.75903236 2.3409112e-09)
(-0.08629209 0.83750413 -5.1227677e-10)
(-0.097522653 0.88097732 1.4322191e-10)
(-0.10459331 0.88507636 5.9353714e-09)
(-0.094265689 0.84021988 1.3058379e-08)
(-0.058495154 0.74906282 1.7005137e-08)
(-0.0018422818 0.62506226 1.6131333e-08)
(0.077739244 0.46060371 1.1900879e-08)
(0.18947712 0.25246642 4.9198503e-09)
(0.31461267 0.036468346 -3.4863133e-09)
(0.4406003 -0.16746032 -1.2296512e-08)
(0.56564011 -0.34683049 -1.9893479e-08)
(0.68453561 -0.49266411 -2.4852122e-08)
(0.79167597 -0.60200541 -2.7006522e-08)
(0.88340404 -0.67728282 -2.6465168e-08)
(0.96027982 -0.72100619 -2.3802741e-08)
(1.0246999 -0.73244187 -2.1034195e-08)
(1.0752331 -0.71531037 -2.0786564e-08)
(1.1061521 -0.68510322 -2.2213684e-08)
(1.1147782 -0.65939014 -1.9441164e-08)
(1.1078556 -0.64373297 -7.2612178e-09)
(1.0991059 -0.6278787 1.2060072e-08)
(1.1005225 -0.59734938 2.8696782e-08)
(1.117615 -0.53783353 3.7856949e-08)
(1.1702063 -0.41123408 3.8811958e-08)
(1.2507531 -0.22731413 3.1632038e-08)
(1.3463108 -0.0090967729 1.7997949e-08)
(1.444853 0.21672922 -1.0891067e-10)
(1.5333844 0.4231332 -1.8761641e-08)
(1.6016519 0.58870809 -3.2652572e-08)
(1.6433785 0.70122194 -3.7224345e-08)
(1.658927 0.75748017 -3.3640717e-08)
(1.6583463 0.76973408 -2.9054658e-08)
(1.6516842 0.7636164 -2.5858458e-08)
(1.6293678 0.73319557 -1.9727344e-08)
(1.5847401 0.66969884 -1.2288979e-08)
(1.539228 0.59768627 -7.585613e-09)
(1.4951783 0.52255891 -4.4594018e-09)
(1.4543493 0.45349413 -1.6618531e-09)
(1.4196963 0.40135056 9.1870191e-10)
(1.394409 0.37057755 1.9334865e-09)
(1.3806568 0.35517315 1.1885794e-10)
(1.3770131 0.34450154 -4.1161793e-09)
(1.3786784 0.3304387 -9.2529877e-09)
(1.3829234 0.30384857 -1.4173924e-08)
(1.3888851 0.24825044 -1.8720086e-08)
(1.3938337 0.16260848 -2.1724174e-08)
(1.3979803 0.049120365 -2.2468169e-08)
(1.403469 -0.087982263 -2.0832998e-08)
(1.4122614 -0.24128641 -1.7218263e-08)
(1.425216 -0.39776497 -1.2545537e-08)
(1.4426477 -0.5386012 -7.8041352e-09)
(1.4634433 -0.64382651 -3.7268789e-09)
(1.4842734 -0.7021902 -7.8232269e-10)
(1.5012078 -0.71966031 9.1238521e-10)
(1.5109049 -0.71497876 1.5379185e-09)
(1.5175078 -0.69031083 1.669729e-09)
(1.5174578 -0.62248917 1.2944458e-09)
(1.5106674 -0.53524384 7.4579842e-10)
(1.503838 -0.44630454 3.6428763e-10)
(1.5006165 -0.36114111 3.3045723e-10)
(1.5008696 -0.28241698 7.4313966e-10)
(1.5058091 -0.20967153 1.4373489e-09)
(1.5156823 -0.14190957 2.1551572e-09)
(1.5295971 -0.077979591 2.7295861e-09)
(1.5456514 -0.017400312 3.3033445e-09)
(1.5616484 0.040167747 4.2513968e-09)
(1.5766027 0.096802977 5.727393e-09)
(1.5913284 0.1570079 7.3488446e-09)
(1.6070409 0.2249545 8.4293876e-09)
(1.6229819 0.29961445 8.6736417e-09)
(1.6355343 0.37375107 8.0348065e-09)
(1.6398829 0.43790579 6.0663485e-09)
(1.6301267 0.48068774 3.860186e-09)
(1.6069381 0.4984382 1.9963567e-09)
(1.5752039 0.495579 3.749772e-10)
(1.5406035 0.47986438 -1.2298224e-09)
(1.5083391 0.45678525 -2.9235696e-09)
(1.4823263 0.42931892 -4.6333376e-09)
(1.4643763 0.39798359 -6.2184751e-09)
(1.4543969 0.36144067 -7.5901391e-09)
(1.4512843 0.31781345 -8.7558146e-09)
(1.4535141 0.26586215 -9.7747702e-09)
(1.4594439 0.20538746 -1.0662878e-08)
(1.4675852 0.13725771 -1.1328943e-08)
(1.4766865 0.063417272 -1.1634267e-08)
(1.4857724 -0.013163459 -1.1517508e-08)
(1.4940957 -0.08891065 -1.1063708e-08)
(1.5012554 -0.16051572 -1.0328623e-08)
(1.5073917 -0.22588304 -9.2597376e-09)
(1.5133296 -0.28454434 -7.7939314e-09)
(1.5198843 -0.33738561 -6.1508092e-09)
(1.5264882 -0.3849675 -4.5570478e-09)
(1.5319458 -0.42395829 -2.693747e-09)
(1.5360797 -0.44702802 -4.9480184e-10)
(1.5389156 -0.45287443 1.084103e-09)
(1.5401767 -0.45117169 1.6453812e-09)
(1.5407827 -0.44243426 2.3178489e-09)
(1.5368559 -0.41852566 3.0892413e-09)
(1.5301208 -0.37839785 3.7463636e-09)
(1.5242828 -0.33081905 4.0615566e-09)
(1.5203565 -0.27738179 4.1267525e-09)
(1.5188877 -0.21947226 4.1233338e-09)
(1.5201327 -0.157928 4.1558398e-09)
(1.5235879 -0.093740341 4.2104758e-09)
(1.528947 -0.027585052 4.2020889e-09)
(1.5363098 0.039698293 4.0257712e-09)
(1.5458892 0.10729538 3.6329217e-09)
(1.5573883 0.17384835 3.0423211e-09)
(1.569306 0.23681387 2.3079085e-09)
(1.5792588 0.29214043 1.5761264e-09)
(1.5860542 0.3364487 1.0171825e-09)
(1.5895601 0.36947288 3.48584e-10)
(1.5882936 0.38918761 -5.4898318e-10)
(1.5828753 0.3959378 -1.4680693e-09)
(1.5770672 0.39388196 -2.0749443e-09)
(1.5680662 0.38333291 -2.6091801e-09)
(1.5569194 0.36389389 -3.0792173e-09)
(1.5472726 0.33804709 -3.4700838e-09)
(1.5395258 0.30624315 -3.8539358e-09)
(1.5331273 0.26861649 -4.2577812e-09)
(1.5276083 0.22549194 -4.6757157e-09)
(1.5226016 0.17757726 -5.0955595e-09)
(1.5178111 0.12600355 -5.5195629e-09)
(1.5131264 0.072178107 -5.9562583e-09)
(1.5085728 0.017728177 -6.3902166e-09)
(1.5043163 -0.035661032 -6.7578861e-09)
(1.5007153 -0.086516258 -6.9733622e-09)
(1.4982172 -0.13384477 -6.9914785e-09)
(1.4972997 -0.17758786 -6.8409074e-09)
(1.4982819 -0.21858845 -6.5802095e-09)
(1.5013832 -0.25735497 -6.209077e-09)
(1.5068778 -0.29213884 -5.6627311e-09)
(1.5146463 -0.31891153 -4.9258547e-09)
(1.5234115 -0.33467746 -4.1083704e-09)
(1.5314409 -0.34053858 -3.3672835e-09)
(1.5383809 -0.33958442 -2.7825604e-09)
(1.5451592 -0.33197123 -2.3388776e-09)
(1.5526217 -0.31333624 -1.9190452e-09)
(1.5583464 -0.28479203 -1.5429135e-09)
(1.5619568 -0.24869223 -1.2173019e-09)
(1.5643572 -0.20687611 -9.3562761e-10)
(1.5661025 -0.16102555 -6.8849058e-10)
(1.5675263 -0.11276656 -4.5641272e-10)
(1.5690082 -0.063608575 -2.0233784e-10)
(1.5706669 -0.01480025 1.1458539e-10)
(1.5725448 0.032798993 5.0324513e-10)
(1.5749432 0.078784161 9.538753e-10)
(1.5782436 0.1229935 1.3963883e-09)
(1.5827348 0.16494259 1.7299712e-09)
(1.5881358 0.20348555 1.8875773e-09)
(1.5937852 0.23751701 1.9253209e-09)
(1.5983969 0.26627428 1.7376933e-09)
(1.6002152 0.2874694 1.0857842e-09)
(1.5988748 0.29776597 4.6216177e-11)
(1.5974064 0.29901279 -5.5264928e-10)
(1.595371 0.29609194 -9.7092399e-10)
(1.589847 0.28609749 -1.5906951e-09)
(1.5803351 0.26496156 -2.4114955e-09)
(1.5707557 0.23787076 -3.1636879e-09)
(1.5615188 0.20585405 -3.8181013e-09)
(1.552822 0.16978769 -4.3542356e-09)
(1.5449402 0.1305766 -4.7531816e-09)
(1.538091 0.089273518 -5.0080063e-09)
(1.5322828 0.046886586 -5.1221865e-09)
(1.5275843 0.0045078368 -5.1136685e-09)
(1.5239885 -0.036986669 -5.0104902e-09)
(1.5217155 -0.076572359 -4.8344688e-09)
(1.5206141 -0.1130699 -4.6135452e-09)
(1.5209512 -0.14597391 -4.3526669e-09)
(1.5221775 -0.17462998 -4.0855322e-09)
(1.5248859 -0.20037954 -3.7927491e-09)
(1.5283357 -0.22160568 -3.4726098e-09)
(1.5341394 -0.23935169 -3.0893193e-09)
(1.5398354 -0.25004072 -2.6957537e-09)
(1.5471905 -0.25689321 -2.3020971e-09)
(1.5526689 -0.25672835 -1.9857745e-09)
(1.5601268 -0.25526772 -1.6831965e-09)
(1.5658139 -0.24572632 -1.4928501e-09)
(1.5729716 -0.23669017 -1.2818535e-09)
(1.5778822 -0.21471101 -1.1716323e-09)
(1.5821606 -0.19863609 -1.0448636e-09)
(1.5860852 -0.15755597 -1.0349443e-09)
(1.4960524 -0.0035126461 -3.9079663e-11)
(1.4911868 -0.010680269 6.2135624e-11)
(1.4815208 -0.018143198 -6.8765992e-11)
(1.4665018 -0.025987934 1.0390846e-10)
(1.4455179 -0.03426015 -1.2602673e-10)
(1.4176903 -0.043125015 1.8741018e-10)
(1.3817718 -0.052768474 -2.5078777e-10)
(1.3360053 -0.063590621 3.8489217e-10)
(1.277727 -0.076049684 -5.7957285e-10)
(1.2033846 -0.091161389 9.4261177e-10)
(1.1072981 -0.11022791 -1.5432207e-09)
(0.98159613 -0.13604034 2.6881659e-09)
(0.81149614 -0.17305082 -5.2764637e-09)
(0.64436714 -0.27185625 -1.119062e-05)
(0.30219239 -0.38056608 0.00014417196)
(-0.014883565 -0.082048373 0.00010136601)
(-0.068919351 -0.30900617 6.811629e-07)
(-0.13894121 -0.27182006 2.6400638e-08)
(-0.19190499 -0.23997392 1.3848096e-08)
(-0.23762393 -0.19543243 1.1496228e-08)
(-0.27701415 -0.13066458 8.6128561e-09)
(-0.30964107 -0.04300362 5.2015376e-09)
(-0.33353066 0.070334265 2.2292303e-09)
(-0.34651825 0.20501292 4.9477037e-10)
(-0.34841816 0.35226482 2.474547e-10)
(-0.34009327 0.49972003 1.1395629e-09)
(-0.32370024 0.6335072 2.5410314e-09)
(-0.30074537 0.74147887 4.5635557e-09)
(-0.2714954 0.81423857 7.9703368e-09)
(-0.23357405 0.84668293 1.2796867e-08)
(-0.18448413 0.8400181 1.683034e-08)
(-0.12306505 0.79090361 1.8925429e-08)
(-0.046386577 0.69497998 1.8747453e-08)
(0.058474791 0.53757374 1.6597001e-08)
(0.19646504 0.33366594 1.1775547e-08)
(0.33794774 0.11804719 3.2085636e-09)
(0.47366993 -0.096087156 -8.7222701e-09)
(0.60442893 -0.29721661 -2.1407208e-08)
(0.72861565 -0.47086874 -3.0916978e-08)
(0.84222449 -0.60513509 -3.5121033e-08)
(0.94020093 -0.69779653 -3.5085048e-08)
(1.019104 -0.75529155 -3.2551145e-08)
(1.0788548 -0.78408541 -2.7928905e-08)
(1.1233983 -0.78363805 -2.173473e-08)
(1.1569661 -0.75156807 -1.7093908e-08)
(1.1772859 -0.70096687 -1.7614633e-08)
(1.1782497 -0.65402302 -1.9854131e-08)
(1.1590483 -0.62641742 -1.5078013e-08)
(1.1302266 -0.61392241 9.7792035e-10)
(1.1081498 -0.59560331 2.1889241e-08)
(1.1011656 -0.55332831 3.476216e-08)
(1.1179038 -0.46060615 3.7730099e-08)
(1.1681682 -0.29980254 3.1494561e-08)
(1.2408766 -0.095728565 1.8992678e-08)
(1.3258728 0.12750831 2.5603556e-09)
(1.411503 0.34273149 -1.4956881e-08)
(1.4865679 0.52647169 -2.9271723e-08)
(1.543432 0.66163827 -3.6160035e-08)
(1.5801166 0.73922608 -3.5318569e-08)
(1.5984788 0.76616733 -3.0613107e-08)
(1.6023787 0.76647055 -2.7828574e-08)
(1.5999127 0.75309921 -2.4549999e-08)
(1.5820186 0.70952414 -1.848776e-08)
(1.5490918 0.63812729 -1.222142e-08)
(1.5159064 0.56138625 -7.7733152e-09)
(1.4844335 0.48794234 -3.9508399e-09)
(1.4571727 0.42845354 -4.9119623e-10)
(1.4379133 0.38767047 1.4986814e-09)
(1.4294189 0.36135283 9.0586699e-10)
(1.4302117 0.34294588 -2.0579421e-09)
(1.4366572 0.32495205 -6.4009937e-09)
(1.4476145 0.29486561 -1.1324162e-08)
(1.4608929 0.23998792 -1.5985098e-08)
(1.4727824 0.15587218 -1.9318822e-08)
(1.4830195 0.042941705 -2.0435949e-08)
(1.493407 -0.095294507 -1.8974647e-08)
(1.5057393 -0.25137171 -1.5297148e-08)
(1.520187 -0.41127702 -1.0553881e-08)
(1.5352323 -0.5550853 -5.9541557e-09)
(1.5486567 -0.66106894 -2.1596797e-09)
(1.5585333 -0.71538462 4.8337824e-10)
(1.5631445 -0.72660551 1.6086556e-09)
(1.5644609 -0.71997891 1.8750639e-09)
(1.5592987 -0.6883495 1.7646788e-09)
(1.5404125 -0.61051567 1.0506189e-09)
(1.5207652 -0.52228857 3.9393869e-10)
(1.5043487 -0.43613713 1.9638418e-10)
(1.493086 -0.35589027 5.6898273e-10)
(1.4886408 -0.28264952 1.4259825e-09)
(1.4914115 -0.21585092 2.5470025e-09)
(1.5009044 -0.15356193 3.6405153e-09)
(1.5158563 -0.093602954 4.4604604e-09)
(1.5341663 -0.034684797 5.028624e-09)
(1.5532204 0.023307491 5.6877451e-09)
(1.5708886 0.081131541 6.8062027e-09)
(1.586817 0.14160474 8.3559805e-09)
(1.6023287 0.20910757 9.7850171e-09)
(1.6180456 0.2853659 1.0286578e-08)
(1.6312248 0.3652539 9.564305e-09)
(1.6374406 0.437394 8.3543611e-09)
(1.6366795 0.49182507 6.2213916e-09)
(1.624017 0.52099117 3.9744047e-09)
(1.6007485 0.5257492 1.9970866e-09)
(1.5712815 0.51168932 1.8930435e-10)
(1.5411033 0.48561522 -1.5302231e-09)
(1.5152034 0.45166029 -3.2252061e-09)
(1.496517 0.41248702 -4.8362976e-09)
(1.4855635 0.36838619 -6.2841647e-09)
(1.4816215 0.31841514 -7.5420663e-09)
(1.4833427 0.26172322 -8.6122542e-09)
(1.4890875 0.19818002 -9.441253e-09)
(1.4973004 0.12843002 -9.9019356e-09)
(1.5066936 0.054099444 -9.9026181e-09)
(1.5161914 -0.022123721 -9.5074053e-09)
(1.5249709 -0.096925748 -8.8882555e-09)
(1.532644 -0.16743617 -8.1530245e-09)
(1.5394379 -0.23219449 -7.2196109e-09)
(1.5460884 -0.29107336 -5.9473487e-09)
(1.5532103 -0.34428182 -4.4775204e-09)
(1.5600845 -0.39102304 -3.0630897e-09)
(1.5644984 -0.42788151 -1.5473882e-09)
(1.5648986 -0.44881931 3.4580982e-10)
(1.5640755 -0.45313617 1.6447435e-09)
(1.5625185 -0.45038062 2.1994112e-09)
(1.5576203 -0.43895959 2.9126246e-09)
(1.5476201 -0.40980096 3.741401e-09)
(1.5370004 -0.37005705 4.2040719e-09)
(1.5286411 -0.32436596 4.2701628e-09)
(1.5227535 -0.27372191 4.1049673e-09)
(1.5196307 -0.21843772 3.8824848e-09)
(1.5189456 -0.1593267 3.7621204e-09)
(1.520451 -0.097073843 3.8167976e-09)
(1.5238575 -0.032783915 3.9671313e-09)
(1.5290844 0.032486413 4.0560497e-09)
(1.536344 0.097875017 3.9461427e-09)
(1.5458157 0.16254421 3.5566548e-09)
(1.557265 0.22491425 2.9342436e-09)
(1.569412 0.28212519 2.2150975e-09)
(1.5795973 0.33046074 1.5487221e-09)
(1.5854026 0.36693876 8.9005262e-10)
(1.5871229 0.38956739 5.8190485e-11)
(1.5873188 0.39728172 -8.3834046e-10)
(1.5871295 0.39655908 -1.1982655e-09)
(1.5856137 0.39058891 -1.6767281e-09)
(1.5799349 0.37380718 -2.3269118e-09)
(1.5726115 0.34633999 -2.9433106e-09)
(1.5667185 0.31295964 -3.4290726e-09)
(1.5619315 0.274019 -3.851736e-09)
(1.5579611 0.23002505 -4.2413854e-09)
(1.5544981 0.18167006 -4.6123809e-09)
(1.5512554 0.12993124 -4.9862842e-09)
(1.548046 0.076079722 -5.3781944e-09)
(1.5448537 0.021570199 -5.7715331e-09)
(1.5417582 -0.032096375 -6.0961326e-09)
(1.5390272 -0.083644218 -6.2614622e-09)
(1.5372025 -0.13225021 -6.2197133e-09)
(1.5369793 -0.17778868 -6.0042009e-09)
(1.5388253 -0.22079872 -5.7014233e-09)
(1.5426864 -0.26163785 -5.3322444e-09)
(1.5482641 -0.29853011 -4.8097572e-09)
(1.5552705 -0.32680153 -4.0752594e-09)
(1.5625715 -0.34244766 -3.2625276e-09)
(1.568126 -0.34676517 -2.6187987e-09)
(1.571992 -0.34461988 -2.219659e-09)
(1.5752773 -0.33692495 -1.9306829e-09)
(1.577507 -0.31753767 -1.6341767e-09)
(1.5779836 -0.28661734 -1.3449227e-09)
(1.577059 -0.24901788 -1.1107754e-09)
(1.5756585 -0.20662879 -9.1609498e-10)
(1.5744244 -0.16087451 -7.4381832e-10)
(1.5736161 -0.11292837 -5.9899527e-10)
(1.5731223 -0.064102469 -4.5582365e-10)
(1.5728917 -0.015598846 -2.6163696e-10)
(1.5729955 0.031639255 5.4756047e-11)
(1.573898 0.076979271 5.1411868e-10)
(1.5759965 0.12005932 1.01576e-09)
(1.5796797 0.16061642 1.4652183e-09)
(1.584989 0.19839825 1.7968418e-09)
(1.5910868 0.23287442 2.0104871e-09)
(1.5964792 0.26251435 2.0111715e-09)
(1.6007762 0.28454472 1.6428506e-09)
(1.6046358 0.29616324 8.4152302e-10)
(1.6069685 0.29816674 2.5141105e-10)
(1.6079654 0.29620933 -2.6351967e-11)
(1.6083323 0.28919887 -5.2287325e-10)
(1.6058071 0.27206023 -1.2359972e-09)
(1.6011614 0.24585873 -1.9963386e-09)
(1.5957397 0.21391896 -2.661827e-09)
(1.5900128 0.17738462 -3.2150857e-09)
(1.5844058 0.13742069 -3.6416676e-09)
(1.5791744 0.095204123 -3.9360929e-09)
(1.5744994 0.051872925 -4.1006678e-09)
(1.5704976 0.0084958892 -4.1492768e-09)
(1.5672181 -0.03393804 -4.1078117e-09)
(1.5648273 -0.074554918 -3.9979233e-09)
(1.5632862 -0.11222447 -3.8366111e-09)
(1.5628287 -0.1461155 -3.6241548e-09)
(1.5632313 -0.17596342 -3.3918293e-09)
(1.5648484 -0.2025552 -3.1315914e-09)
(1.5671894 -0.22569337 -2.845659e-09)
(1.5713656 -0.24431877 -2.4667979e-09)
(1.5758257 -0.25627643 -2.0612543e-09)
(1.5806647 -0.26177817 -1.6650084e-09)
(1.5833101 -0.26203012 -1.4233301e-09)
(1.5868398 -0.25948344 -1.2008364e-09)
(1.589058 -0.25058603 -1.0798842e-09)
(1.5921666 -0.24025588 -9.1045521e-10)
(1.5925001 -0.21700377 -8.3658494e-10)
(1.5933954 -0.20000036 -7.4982587e-10)
(1.5921615 -0.15801374 -7.7044194e-10)
(1.4993361 -0.001242275 -4.1904298e-11)
(1.4947346 -0.0033814648 7.7594683e-11)
(1.4849447 -0.0057042822 -9.0997546e-11)
(1.4696607 -0.0079095818 1.3458729e-10)
(1.4483933 -0.0098352198 -1.6579437e-10)
(1.4201753 -0.011230915 2.4149699e-10)
(1.3837998 -0.011880156 -3.2160323e-10)
(1.3374056 -0.01140855 4.7880219e-10)
(1.2784073 -0.0093763054 -7.0642642e-10)
(1.2030614 -0.0050120497 1.1284723e-09)
(1.1057542 0.0028796917 -1.8580369e-09)
(0.97831712 0.016298615 3.3026099e-09)
(0.80597059 0.039427789 -6.413858e-09)
(0.60348946 0.0092997693 -1.8382156e-06)
(0.23769977 0.022993684 0.00020147081)
(0.00027650895 -0.060979232 7.584353e-06)
(-0.059601041 -0.24549287 6.3941683e-06)
(-0.16065665 -0.20500987 3.1964326e-08)
(-0.22854211 -0.18283698 1.5767982e-08)
(-0.28604591 -0.14692675 1.544073e-08)
(-0.33299216 -0.090188661 1.4724341e-08)
(-0.37070227 -0.0098162446 1.3405524e-08)
(-0.39764343 0.092042723 1.1974715e-08)
(-0.41345127 0.21139574 1.0898187e-08)
(-0.41565459 0.341979 1.0652847e-08)
(-0.40359358 0.47368357 1.1258413e-08)
(-0.37798143 0.59506194 1.2579679e-08)
(-0.34069452 0.69590985 1.439521e-08)
(-0.29201298 0.76590876 1.6786526e-08)
(-0.23097319 0.79802041 1.9158335e-08)
(-0.15517589 0.78169025 2.1410746e-08)
(-0.053249097 0.70678765 2.283919e-08)
(0.086523568 0.56789931 2.3194734e-08)
(0.24826099 0.38434241 2.0862679e-08)
(0.4026243 0.18622834 1.3580698e-08)
(0.54785178 -0.020784594 8.852384e-10)
(0.68489718 -0.2276808 -1.5499248e-08)
(0.81253843 -0.42116354 -3.1192337e-08)
(0.92707891 -0.58523261 -4.0716388e-08)
(1.0260696 -0.70498124 -4.1803595e-08)
(1.1058952 -0.77825664 -3.7722529e-08)
(1.1655034 -0.81485224 -3.2385329e-08)
(1.2059014 -0.82486534 -2.7006056e-08)
(1.2283698 -0.81056486 -2.0693955e-08)
(1.2378225 -0.76852189 -1.3766176e-08)
(1.2392938 -0.70502128 -1.1217505e-08)
(1.2300299 -0.6401244 -1.4581688e-08)
(1.203541 -0.59525946 -1.6087236e-08)
(1.1619464 -0.57754341 -6.8250419e-09)
(1.118501 -0.56990089 1.2179143e-08)
(1.0878089 -0.54394209 3.0015189e-08)
(1.079053 -0.47881282 3.6917431e-08)
(1.0994987 -0.34524792 3.210772e-08)
(1.1478336 -0.16186396 1.9402736e-08)
(1.2152594 0.050176176 3.252698e-09)
(1.2917222 0.26480606 -1.3270539e-08)
(1.3669983 0.45707663 -2.6958959e-08)
(1.4333885 0.60626068 -3.46147e-08)
(1.4860374 0.70150826 -3.580662e-08)
(1.5218554 0.7478747 -3.3341919e-08)
(1.5430343 0.75965721 -2.9687309e-08)
(1.5525817 0.75153027 -2.631387e-08)
(1.5532824 0.72485651 -2.2276422e-08)
(1.5414117 0.66329389 -1.6430257e-08)
(1.523423 0.58837599 -1.1338786e-08)
(1.5034243 0.51348733 -6.7468408e-09)
(1.4847082 0.44869244 -2.5711048e-09)
(1.4719997 0.39884274 3.1245643e-10)
(1.4680662 0.36291373 9.9040795e-10)
(1.4721227 0.33701335 -6.1709804e-10)
(1.4826202 0.31335476 -4.0071943e-09)
(1.4984974 0.27998528 -8.444704e-09)
(1.5167345 0.22500393 -1.2939387e-08)
(1.5341492 0.14245862 -1.634507e-08)
(1.5500109 0.030868231 -1.7582902e-08)
(1.5656874 -0.10772412 -1.6095843e-08)
(1.5825882 -0.2653815 -1.2329833e-08)
(1.5999397 -0.42577145 -7.664465e-09)
(1.6139497 -0.56718807 -3.4879347e-09)
(1.6203294 -0.66877649 -3.9461837e-10)
(1.617686 -0.71822897 1.5384452e-09)
(1.6130165 -0.7255862 2.1825658e-09)
(1.6053291 -0.71384055 2.2327066e-09)
(1.5801731 -0.6654736 1.6206344e-09)
(1.5429983 -0.58272504 6.1905716e-10)
(1.5121265 -0.49796152 1.1110395e-10)
(1.488133 -0.41786861 3.6936335e-10)
(1.4724359 -0.34530217 1.3331136e-09)
(1.4660376 -0.28049677 2.725013e-09)
(1.4687016 -0.2217421 4.2050134e-09)
(1.4792261 -0.16624323 5.4687733e-09)
(1.4958218 -0.11117274 6.3104167e-09)
(1.5162331 -0.054707009 6.7404162e-09)
(1.5378843 0.0034825288 7.0699127e-09)
(1.5581257 0.063145416 7.7753895e-09)
(1.5755607 0.12549875 9.0854499e-09)
(1.5908335 0.19383227 1.0647133e-08)
(1.6051887 0.27089575 1.1618997e-08)
(1.618433 0.35396999 1.1307651e-08)
(1.6277884 0.43285422 9.8081998e-09)
(1.6290532 0.49566532 7.9115052e-09)
(1.6226136 0.53405686 5.6560522e-09)
(1.6087304 0.54667065 3.4065511e-09)
(1.5912621 0.53994866 1.7503827e-09)
(1.56385 0.51263767 -1.2085282e-10)
(1.5384132 0.47360993 -1.8434676e-09)
(1.5197233 0.42747989 -3.4152168e-09)
(1.5083798 0.3761952 -4.8228511e-09)
(1.5038145 0.31984497 -6.0481874e-09)
(1.5049293 0.25819634 -7.0551923e-09)
(1.5102834 0.19125765 -7.7381309e-09)
(1.5184501 0.11952924 -7.9745814e-09)
(1.5281565 0.044409414 -7.77545e-09)
(1.5382108 -0.03162834 -7.3346766e-09)
(1.5476596 -0.10557471 -6.857343e-09)
(1.5561259 -0.17514485 -6.3538372e-09)
(1.5639483 -0.23945639 -5.655126e-09)
(1.5717172 -0.29844238 -4.6205478e-09)
(1.5793666 -0.35154561 -3.3098055e-09)
(1.5851544 -0.39639026 -1.9751409e-09)
(1.5871198 -0.42917532 -6.7297019e-10)
(1.5838358 -0.44685699 7.7518805e-10)
(1.5781322 -0.45044294 2.0111944e-09)
(1.5727799 -0.44536743 2.8098196e-09)
(1.5614012 -0.42779936 3.6786383e-09)
(1.5459139 -0.39701749 4.2791521e-09)
(1.5329149 -0.35939114 4.3699813e-09)
(1.5229645 -0.31627517 4.0558845e-09)
(1.516039 -0.26829112 3.518925e-09)
(1.5119821 -0.215723 2.9969037e-09)
(1.5104423 -0.15891321 2.6940871e-09)
(1.5109199 -0.098640724 2.7245956e-09)
(1.5130124 -0.036103497 3.0388561e-09)
(1.5165401 0.0273921 3.4516379e-09)
(1.5216556 0.090759379 3.7275124e-09)
(1.5287989 0.1530891 3.6922704e-09)
(1.5384586 0.21323192 3.3348112e-09)
(1.5503645 0.26962554 2.798636e-09)
(1.5627407 0.32012697 2.2146897e-09)
(1.572622 0.36089913 1.5008767e-09)
(1.5790173 0.38678935 5.334321e-10)
(1.5827418 0.39605643 -4.3159755e-10)
(1.5839413 0.39596105 -7.6118498e-10)
(1.5846765 0.39119671 -1.0230348e-09)
(1.5845051 0.37710961 -1.4071543e-09)
(1.5827857 0.35045114 -1.9864196e-09)
(1.580693 0.31695407 -2.6462601e-09)
(1.5784843 0.27761916 -3.2273036e-09)
(1.5764699 0.23322811 -3.6907682e-09)
(1.5746745 0.18460232 -4.0757364e-09)
(1.5729861 0.13270471 -4.4352791e-09)
(1.57129 0.078731028 -4.7940699e-09)
(1.5695796 0.024105252 -5.1263382e-09)
(1.567921 -0.029775499 -5.3621099e-09)
(1.5664382 -0.081817982 -5.4422822e-09)
(1.5656581 -0.13150682 -5.3355902e-09)
(1.5664846 -0.17883588 -5.0676695e-09)
(1.5696117 -0.22396864 -4.7277542e-09)
(1.5747291 -0.26656607 -4.3553075e-09)
(1.5803958 -0.30448858 -3.8812633e-09)
(1.5852288 -0.33285109 -3.2119723e-09)
(1.5888691 -0.34684551 -2.4458503e-09)
(1.5906733 -0.34896613 -2.0396265e-09)
(1.5913192 -0.34666714 -1.868512e-09)
(1.5913275 -0.33806624 -1.6642103e-09)
(1.5889057 -0.31659222 -1.4402462e-09)
(1.5854378 -0.28504331 -1.2232549e-09)
(1.5817982 -0.24723038 -1.0558097e-09)
(1.5780896 -0.2046495 -9.5799325e-10)
(1.5743607 -0.15884762 -9.2492188e-10)
(1.5708425 -0.11120031 -9.2194951e-10)
(1.5678709 -0.062780464 -8.992144e-10)
(1.5656846 -0.014745874 -7.8357283e-10)
(1.5644198 0.031805507 -5.1062556e-10)
(1.5641219 0.076061157 -8.2400016e-11)
(1.5651085 0.11758987 4.3491166e-10)
(1.5678927 0.15629627 9.7455271e-10)
(1.572805 0.19248123 1.4861987e-09)
(1.5792438 0.22636237 1.9198725e-09)
(1.5862284 0.2567014 2.107601e-09)
(1.5932019 0.27999094 1.866877e-09)
(1.5991795 0.29271489 1.2849513e-09)
(1.603537 0.29595 7.1414714e-10)
(1.6061325 0.29411533 3.7355252e-10)
(1.6085289 0.28761942 9.6776395e-11)
(1.6108546 0.27176384 -3.4763261e-10)
(1.6118287 0.24740989 -8.9785782e-10)
(1.6112922 0.21693361 -1.5180137e-09)
(1.6095585 0.1813241 -2.0958845e-09)
(1.6070811 0.1417404 -2.5518556e-09)
(1.6042368 0.099496096 -2.8861018e-09)
(1.601297 0.055826494 -3.1032698e-09)
(1.5986009 0.011862723 -3.2092391e-09)
(1.5963464 -0.031215201 -3.2246955e-09)
(1.5944065 -0.072500354 -3.1792285e-09)
(1.592903 -0.11093616 -3.079638e-09)
(1.5919138 -0.14569081 -2.9217158e-09)
(1.5917177 -0.17641965 -2.7191345e-09)
(1.5922617 -0.2037644 -2.4860197e-09)
(1.5933343 -0.22775036 -2.2340013e-09)
(1.59474 -0.24718044 -1.9056187e-09)
(1.5964386 -0.25931246 -1.5027418e-09)
(1.5978798 -0.26352997 -1.133831e-09)
(1.598356 -0.26337444 -1.0204015e-09)
(1.5989146 -0.26083423 -8.7715665e-10)
(1.5984816 -0.25173619 -7.9810927e-10)
(1.5987882 -0.24067152 -6.44089e-10)
(1.5960938 -0.21640571 -5.8532112e-10)
(1.5951242 -0.19875947 -4.5488312e-10)
(1.588047 -0.15575557 -4.4364181e-10)
(1.4958168 0.001382171 -4.1120886e-11)
(1.4913051 0.0036973558 7.7547774e-11)
(1.4818653 0.0064290728 -9.0424611e-11)
(1.4670927 0.0098053031 1.3431588e-10)
(1.4467174 0.014158749 -1.6966744e-10)
(1.4195914 0.020077241 2.468572e-10)
(1.3850889 0.028208999 -3.2761082e-10)
(1.3410344 0.039532138 4.7203378e-10)
(1.2861058 0.055502556 -6.6243482e-10)
(1.2162548 0.078032701 1.0023205e-09)
(1.128856 0.11111723 -1.5827886e-09)
(1.0160377 0.15893199 2.7690911e-09)
(0.8715129 0.234077 -5.3119398e-09)
(0.67325621 0.27833296 -1.0090478e-05)
(0.37865186 0.41374139 8.4817426e-05)
(0.019933145 0.085962461 2.6318306e-05)
(0.0074423764 -0.064844087 6.7689362e-05)
(-0.060137797 -0.16227563 3.5271994e-06)
(-0.16135805 -0.13009366 3.9857453e-08)
(-0.22648973 -0.11874482 1.7254923e-08)
(-0.28385464 -0.093423873 1.7276144e-08)
(-0.33069755 -0.047205512 1.8193882e-08)
(-0.36620256 0.021922135 1.8054308e-08)
(-0.38965391 0.111726 1.7231328e-08)
(-0.40055999 0.21959869 1.6525701e-08)
(-0.39769706 0.33831321 1.6320856e-08)
(-0.379836 0.45837894 1.6820149e-08)
(-0.34630247 0.5683202 1.8098386e-08)
(-0.29555134 0.65540458 2.0128259e-08)
(-0.22455527 0.70682256 2.2653828e-08)
(-0.12785749 0.71209119 2.5164254e-08)
(0.0078993488 0.65669444 2.7827714e-08)
(0.17236539 0.54533116 2.9759414e-08)
(0.34233313 0.39830267 2.9151118e-08)
(0.5040985 0.2282614 2.3879916e-08)
(0.65502856 0.040693673 1.251981e-08)
(0.79616754 -0.15696107 -4.2170056e-09)
(0.92717306 -0.35265377 -2.3379499e-08)
(1.0438021 -0.53328014 -3.9991999e-08)
(1.1406373 -0.68277787 -4.7969848e-08)
(1.2164829 -0.78431801 -4.4645616e-08)
(1.2707213 -0.83651066 -3.5780833e-08)
(1.3044172 -0.85394195 -2.8083719e-08)
(1.3224414 -0.84543018 -2.1641718e-08)
(1.3248443 -0.81799572 -1.6428226e-08)
(1.3114163 -0.76152838 -9.1577356e-09)
(1.2916047 -0.6918877 -5.1302001e-09)
(1.2688498 -0.61729538 -7.9193073e-09)
(1.2360002 -0.55735339 -1.2975087e-08)
(1.1875016 -0.52823871 -1.0075007e-08)
(1.1299795 -0.52289267 5.1128743e-09)
(1.0790087 -0.51267207 2.4827188e-08)
(1.0475882 -0.46790866 3.6421346e-08)
(1.042686 -0.36545074 3.4448359e-08)
(1.0670274 -0.20661296 2.193287e-08)
(1.115101 -0.012078588 5.1389131e-09)
(1.1789322 0.19373716 -1.1405752e-08)
(1.2500654 0.38540754 -2.4730202e-08)
(1.3205344 0.54141912 -3.279391e-08)
(1.3833386 0.64966276 -3.5498478e-08)
(1.4334434 0.71130628 -3.4550514e-08)
(1.4697329 0.73765565 -3.1720522e-08)
(1.4945113 0.73922762 -2.8066943e-08)
(1.5090682 0.71975908 -2.418483e-08)
(1.5150782 0.67021535 -1.9275045e-08)
(1.5114109 0.60088622 -1.4441875e-08)
(1.5036713 0.52764 -9.8523296e-09)
(1.4971432 0.4604173 -5.1012128e-09)
(1.4931695 0.40466942 -1.3016944e-09)
(1.4947137 0.36124804 5.5726459e-10)
(1.5023114 0.32815959 2.0843864e-10)
(1.516054 0.298504 -2.1365833e-09)
(1.5350154 0.26109182 -5.8409606e-09)
(1.5564227 0.20523849 -9.9039837e-09)
(1.5777772 0.12388843 -1.3067416e-08)
(1.5987553 0.013282774 -1.4089958e-08)
(1.6203862 -0.12578609 -1.2346315e-08)
(1.6430427 -0.28398912 -8.4944183e-09)
(1.663717 -0.44207409 -4.1978333e-09)
(1.6765788 -0.57637805 -8.0974507e-10)
(1.6771819 -0.66767952 1.3607537e-09)
(1.6643198 -0.70935184 2.4767389e-09)
(1.6479366 -0.71277576 2.7240544e-09)
(1.6229562 -0.68911741 2.2817796e-09)
(1.57423 -0.62298829 1.0224985e-09)
(1.5282232 -0.54407441 7.516089e-11)
(1.490273 -0.46633528 5.4639845e-11)
(1.4614273 -0.39546987 1.0515842e-09)
(1.4432882 -0.33320705 2.745117e-09)
(1.4363542 -0.27863194 4.6192403e-09)
(1.4397371 -0.22897613 6.2153678e-09)
(1.4515858 -0.18075072 7.2710832e-09)
(1.4695839 -0.13071271 7.7315384e-09)
(1.4913506 -0.076794421 7.738695e-09)
(1.5143672 -0.018546981 7.6482268e-09)
(1.5360668 0.043281517 7.9615867e-09)
(1.5546013 0.10867128 9.0284122e-09)
(1.5697292 0.179309 1.0667082e-08)
(1.5826991 0.25757618 1.2081674e-08)
(1.5947481 0.34233136 1.2397893e-08)
(1.6050543 0.4257674 1.1417365e-08)
(1.6099453 0.49545645 9.5455854e-09)
(1.6071663 0.54077912 7.0532513e-09)
(1.5976092 0.5582006 4.4320078e-09)
(1.5891911 0.55633211 2.9656485e-09)
(1.5756088 0.53814914 1.4952394e-09)
(1.5527108 0.49498618 -4.030096e-10)
(1.535141 0.4422944 -2.0242506e-09)
(1.5243016 0.38414854 -3.3833176e-09)
(1.5196425 0.32166151 -4.5071479e-09)
(1.5204645 0.25505313 -5.3723959e-09)
(1.5256428 0.18450794 -5.8720152e-09)
(1.533934 0.11048792 -5.9556452e-09)
(1.5440455 0.034300902 -5.7644036e-09)
(1.5546741 -0.041717732 -5.5576995e-09)
(1.5648147 -0.11497127 -5.449327e-09)
(1.5741515 -0.1838401 -5.2710368e-09)
(1.5829824 -0.24786921 -4.7491787e-09)
(1.5911554 -0.30647361 -3.794072e-09)
(1.5974783 -0.35761663 -2.5673529e-09)
(1.5999918 -0.39874103 -1.3181714e-09)
(1.5980715 -0.42768819 -9.6278719e-11)
(1.5920646 -0.4416289 1.3055975e-09)
(1.5828766 -0.44257387 2.5473825e-09)
(1.5693007 -0.43257135 3.5529011e-09)
(1.5510135 -0.41111622 4.2817391e-09)
(1.5338726 -0.38207589 4.4451628e-09)
(1.5197281 -0.34719353 4.0736388e-09)
(1.5090484 -0.30730779 3.3127556e-09)
(1.5017567 -0.26247698 2.3810269e-09)
(1.497438 -0.21262089 1.5357414e-09)
(1.495492 -0.15800267 1.0123796e-09)
(1.4953024 -0.099436501 9.7159978e-10)
(1.4963813 -0.038235946 1.4087513e-09)
(1.4984591 0.02398868 2.1356807e-09)
(1.5017032 0.085735054 2.8465001e-09)
(1.5067204 0.14581011 3.2769519e-09)
(1.5142579 0.20338353 3.3449854e-09)
(1.5243646 0.25786423 3.1525155e-09)
(1.5361142 0.30803193 2.7744386e-09)
(1.5483575 0.35031525 2.1202953e-09)
(1.5596946 0.37916269 1.1875893e-09)
(1.5680457 0.39211665 2.7823379e-10)
(1.5731968 0.39362461 -3.2013218e-10)
(1.5764734 0.38927305 -6.5511606e-10)
(1.5788124 0.37653913 -1.0128682e-09)
(1.5799218 0.35054896 -1.5085527e-09)
(1.5801853 0.31724807 -1.9380069e-09)
(1.5806879 0.27788252 -2.3628144e-09)
(1.5813047 0.23342495 -2.7664233e-09)
(1.5819175 0.18487166 -3.1499394e-09)
(1.5823903 0.133258 -3.5632529e-09)
(1.5826185 0.079593269 -3.9749662e-09)
(1.5826274 0.025061321 -4.2974651e-09)
(1.5825652 -0.028985656 -4.4706171e-09)
(1.5827969 -0.081613024 -4.4838232e-09)
(1.5839082 -0.13257905 -4.3398939e-09)
(1.586603 -0.18181911 -4.051172e-09)
(1.5908704 -0.22872862 -3.7098901e-09)
(1.5957701 -0.27193271 -3.385317e-09)
(1.5998282 -0.30879985 -3.0372911e-09)
(1.6014595 -0.33526166 -2.541444e-09)
(1.601023 -0.3477724 -1.9842196e-09)
(1.600337 -0.34922581 -1.7270598e-09)
(1.5994036 -0.34635715 -1.611677e-09)
(1.596907 -0.33620277 -1.433827e-09)
(1.5910116 -0.31187702 -1.2119899e-09)
(1.5834744 -0.27924422 -1.0856078e-09)
(1.5757337 -0.24117905 -1.0541182e-09)
(1.5682539 -0.19889537 -1.0970596e-09)
(1.5614651 -0.15363551 -1.1933468e-09)
(1.5555588 -0.10662269 -1.3140257e-09)
(1.5506189 -0.059058886 -1.4053069e-09)
(1.5467665 -0.012074995 -1.3950711e-09)
(1.5440722 0.033333073 -1.2216789e-09)
(1.5426018 0.076297947 -8.700178e-10)
(1.5426675 0.11617657 -3.6988432e-10)
(1.5446472 0.15284095 2.3644145e-10)
(1.5487184 0.18692811 8.9871985e-10)
(1.5549244 0.21911231 1.5230974e-09)
(1.5632431 0.24838881 1.9251509e-09)
(1.5728499 0.27155668 1.9410118e-09)
(1.5822157 0.28578273 1.6175217e-09)
(1.5897578 0.29139114 1.1751006e-09)
(1.5955669 0.29072079 7.7882121e-10)
(1.6006236 0.28440228 4.3571071e-10)
(1.6052345 0.26908995 1.8738388e-11)
(1.6084246 0.24577954 -4.4626724e-10)
(1.6103284 0.21604973 -8.6307426e-10)
(1.6117289 0.18118025 -1.2561159e-09)
(1.6124923 0.14231811 -1.6280145e-09)
(1.6126118 0.10069058 -1.9459721e-09)
(1.6121836 0.05745581 -2.1977276e-09)
(1.6112542 0.013717066 -2.3748295e-09)
(1.6099756 -0.029458975 -2.475636e-09)
(1.6084586 -0.070925473 -2.5114817e-09)
(1.6070611 -0.10964289 -2.4800997e-09)
(1.6057386 -0.14492977 -2.3692704e-09)
(1.6051816 -0.17636098 -2.1923387e-09)
(1.6049486 -0.20430312 -1.9741401e-09)
(1.6052724 -0.22827072 -1.7375714e-09)
(1.6048057 -0.24747947 -1.4479988e-09)
(1.6041932 -0.25957591 -1.1308076e-09)
(1.6034163 -0.26385577 -8.2212449e-10)
(1.6031803 -0.26353945 -7.2584201e-10)
(1.6021971 -0.2606886 -5.7538117e-10)
(1.5997766 -0.25033381 -4.3984814e-10)
(1.5961752 -0.23830852 -1.935248e-10)
(1.5883353 -0.21195544 -1.0472988e-10)
(1.5833323 -0.19356922 2.0874702e-11)
(1.5695614 -0.14932512 -4.7780114e-11)
(1.4853875 0.003491186 -1.9804313e-11)
(1.480911 0.010474909 3.4117707e-11)
(1.4723248 0.01791695 -4.2772399e-11)
(1.4586997 0.026472785 7.4006283e-11)
(1.4402774 0.036561768 -1.1191669e-10)
(1.4155382 0.0492152 1.9620316e-10)
(1.3850135 0.065048354 -3.1860401e-10)
(1.3457064 0.086106905 5.3236005e-10)
(1.2990797 0.11336299 -8.3988549e-10)
(1.2391664 0.15150735 1.297366e-09)
(1.1704981 0.20197025 -1.8790628e-09)
(1.080217 0.27755168 2.4814673e-09)
(0.98323268 0.37819885 -2.2206213e-09)
(0.84768728 0.55025911 -2.6563135e-09)
(0.64050279 0.71646752 -8.7278149e-06)
(0.24499276 0.47389672 -0.00047597044)
(-0.005745123 -0.058873624 1.8450374e-05)
(-0.089820932 -0.068014292 1.0186306e-07)
(-0.139001 -0.067738028 3.9283546e-08)
(-0.18306274 -0.06275306 1.8695875e-08)
(-0.22372108 -0.044189969 1.6781614e-08)
(-0.25993821 -0.007032887 1.8633325e-08)
(-0.28923511 0.051161563 2.0299339e-08)
(-0.30729638 0.12918186 2.115594e-08)
(-0.31076006 0.22293079 2.156363e-08)
(-0.29709681 0.3251879 2.1999941e-08)
(-0.26338166 0.42577852 2.2811775e-08)
(-0.2056769 0.51213537 2.4184787e-08)
(-0.11812699 0.57024586 2.6129863e-08)
(-0.00063353235 0.58808334 2.8439217e-08)
(0.14717333 0.55773142 3.0828763e-08)
(0.30902146 0.48422352 3.2677061e-08)
(0.47471628 0.37610268 3.2857524e-08)
(0.63479026 0.2401557 2.9251387e-08)
(0.78526018 0.080517733 1.9565951e-08)
(0.92628475 -0.096899451 3.2032116e-09)
(1.057572 -0.28418539 -1.6909628e-08)
(1.1758106 -0.46738522 -3.6010104e-08)
(1.2755756 -0.62993228 -4.9587648e-08)
(1.3495128 -0.75757554 -5.2803289e-08)
(1.3954762 -0.8373407 -4.3815917e-08)
(1.4210669 -0.86528353 -2.9659528e-08)
(1.4270676 -0.86415313 -2.2103505e-08)
(1.4236464 -0.84944131 -1.6860212e-08)
(1.40336 -0.80341441 -1.0282805e-08)
(1.3672206 -0.73460274 -3.8541128e-09)
(1.3304478 -0.66209807 1.8683932e-10)
(1.2953846 -0.58433671 -1.6100686e-09)
(1.2564881 -0.5142368 -8.2976427e-09)
(1.2048171 -0.47234507 -1.0641792e-08)
(1.1403979 -0.4624155 -5.6801411e-10)
(1.0750629 -0.46247002 1.8701375e-08)
(1.0236077 -0.43744682 3.4732525e-08)
(0.99704863 -0.36167272 3.7532055e-08)
(0.99941344 -0.23034166 2.7115018e-08)
(1.0283655 -0.058107073 1.005797e-08)
(1.0780039 0.13232454 -7.2270997e-09)
(1.1414448 0.31617909 -2.1058809e-08)
(1.2109508 0.47226943 -2.9935783e-08)
(1.2787805 0.58773317 -3.399417e-08)
(1.3386914 0.6611378 -3.4408927e-08)
(1.3873728 0.70016907 -3.2553299e-08)
(1.4248391 0.71328384 -2.9489666e-08)
(1.4538598 0.70101629 -2.5693745e-08)
(1.4754613 0.66043004 -2.1269511e-08)
(1.4883667 0.5992052 -1.6444883e-08)
(1.4935647 0.52832423 -1.1238011e-08)
(1.4955565 0.45942641 -6.2792025e-09)
(1.5003362 0.40072646 -2.1128456e-09)
(1.5078288 0.35344918 5.0496757e-10)
(1.5194763 0.31540325 1.0646638e-09)
(1.5360161 0.28065977 -4.2145922e-10)
(1.556925 0.23958489 -3.4234839e-09)
(1.5804133 0.1823846 -6.9320755e-09)
(1.6050383 0.10103866 -9.5658641e-09)
(1.6312317 -0.01006225 -1.0011256e-08)
(1.6598482 -0.15037092 -7.8673053e-09)
(1.6890922 -0.30768692 -4.1389962e-09)
(1.7129913 -0.45933672 -5.6647603e-10)
(1.7226384 -0.581333 1.6787935e-09)
(1.7151924 -0.65888049 2.8094461e-09)
(1.6918725 -0.68971345 3.2063661e-09)
(1.6608039 -0.68331126 2.9021699e-09)
(1.6093096 -0.63875831 1.6420392e-09)
(1.5515205 -0.57136262 2.328209e-10)
(1.4994724 -0.49851939 -2.7660113e-10)
(1.4564275 -0.43005226 5.3686065e-10)
(1.4248656 -0.37047286 2.4428836e-09)
(1.4060047 -0.32029777 4.7786873e-09)
(1.3995442 -0.27722257 6.8047802e-09)
(1.4038848 -0.23733202 8.0263279e-09)
(1.41661 -0.19646116 8.3321554e-09)
(1.4350968 -0.15121078 7.930221e-09)
(1.4568702 -0.099611767 7.2032398e-09)
(1.4796715 -0.041331114 6.6165963e-09)
(1.5013857 0.022671192 6.6524278e-09)
(1.520111 0.091508695 7.638876e-09)
(1.5351062 0.16546202 9.4461439e-09)
(1.5471926 0.24578409 1.1369311e-08)
(1.5578277 0.33168496 1.2514495e-08)
(1.5670212 0.41752821 1.2384672e-08)
(1.5730463 0.4925927 1.0924533e-08)
(1.5740136 0.54384703 8.0232156e-09)
(1.5719838 0.56334716 5.043046e-09)
(1.5706639 0.56294989 3.8976775e-09)
(1.5652435 0.5512625 2.7465471e-09)
(1.5531598 0.51363233 1.0528086e-09)
(1.5392661 0.45628169 -5.3646712e-10)
(1.5312191 0.39244829 -1.7691136e-09)
(1.5286038 0.32410298 -2.9120475e-09)
(1.5304137 0.25256591 -3.7556167e-09)
(1.5362785 0.17809868 -4.1860965e-09)
(1.5452214 0.10140937 -4.3155263e-09)
(1.5558914 0.023911991 -4.3962175e-09)
(1.5669671 -0.052146813 -4.6248234e-09)
(1.5775882 -0.12483799 -4.9126527e-09)
(1.5874768 -0.19319055 -4.9222491e-09)
(1.5963569 -0.25647817 -4.3688758e-09)
(1.6029065 -0.31285725 -3.3178039e-09)
(1.6060105 -0.36074038 -2.1296343e-09)
(1.6061135 -0.39812508 -8.0317802e-10)
(1.6007435 -0.42155435 6.6613397e-10)
(1.5885652 -0.43082844 2.057748e-09)
(1.571357 -0.42725145 3.3044546e-09)
(1.5512278 -0.41370591 4.1842496e-09)
(1.5307088 -0.39271609 4.4833119e-09)
(1.5123886 -0.36596941 4.1289575e-09)
(1.4976961 -0.33449525 3.2216024e-09)
(1.4869558 -0.2982488 1.984802e-09)
(1.4798203 -0.25669506 6.7830422e-10)
(1.4755965 -0.20946354 -4.4393431e-10)
(1.4734989 -0.15677573 -1.152722e-09)
(1.4728239 -0.099526416 -1.2719914e-09)
(1.473052 -0.039248505 -7.6433259e-10)
(1.4739378 0.022107886 2.0826604e-10)
(1.4756866 0.08256318 1.3251294e-09)
(1.4789456 0.14062943 2.2686625e-09)
(1.4844551 0.19573058 2.8747668e-09)
(1.4925111 0.24793756 3.1351665e-09)
(1.5028798 0.2964176 3.0547893e-09)
(1.5150334 0.33779274 2.6069794e-09)
(1.5279072 0.36731606 1.8680875e-09)
(1.539833 0.38302231 1.0590377e-09)
(1.5494045 0.38766514 3.8492269e-10)
(1.5569769 0.38446335 -1.1664672e-10)
(1.5634291 0.37250701 -5.407919e-10)
(1.5688391 0.34849773 -1.0109858e-09)
(1.5724754 0.31593955 -1.4624518e-09)
(1.5751117 0.27666344 -1.8770883e-09)
(1.5774019 0.23215908 -2.2576845e-09)
(1.5795009 0.18355291 -2.6038332e-09)
(1.581561 0.13185158 -2.9095493e-09)
(1.583687 0.078268901 -3.1980965e-09)
(1.5855731 0.024072358 -3.4535486e-09)
(1.5871307 -0.029842864 -3.5977807e-09)
(1.5889916 -0.082941026 -3.5842771e-09)
(1.5919181 -0.13511967 -3.4339771e-09)
(1.5960804 -0.18592225 -3.1884886e-09)
(1.6009303 -0.23369698 -2.8977128e-09)
(1.6051593 -0.2760203 -2.649169e-09)
(1.6075566 -0.3108131 -2.4529719e-09)
(1.6074998 -0.33527805 -2.1070884e-09)
(1.6046803 -0.34663785 -1.6553142e-09)
(1.6022143 -0.34778468 -1.4067664e-09)
(1.5985285 -0.34341868 -1.2395674e-09)
(1.5892459 -0.3288284 -1.0986278e-09)
(1.5763453 -0.30230318 -1.0310473e-09)
(1.5645232 -0.26963058 -1.0476557e-09)
(1.5536227 -0.2319889 -1.1339869e-09)
(1.5436812 -0.19043662 -1.2853577e-09)
(1.5348719 -0.14611659 -1.4912202e-09)
(1.5272647 -0.10019178 -1.7224412e-09)
(1.5209092 -0.053820435 -1.923324e-09)
(1.5158629 -0.0080741858 -2.0212826e-09)
(1.5122175 0.035983597 -1.9510447e-09)
(1.5101331 0.077417001 -1.6797537e-09)
(1.5098246 0.11551582 -1.2110768e-09)
(1.5114408 0.15025104 -5.7190462e-10)
(1.5150601 0.18229524 1.8188692e-10)
(1.5208181 0.21218257 9.3381099e-10)
(1.5288741 0.23913193 1.5110283e-09)
(1.5389733 0.26092677 1.7766665e-09)
(1.5500794 0.27548845 1.7297327e-09)
(1.5608745 0.28265544 1.4844512e-09)
(1.5705855 0.28337801 1.1630941e-09)
(1.5796709 0.27742919 8.0683082e-10)
(1.5880836 0.26358749 4.0532368e-10)
(1.5948835 0.24196488 -1.8972512e-11)
(1.600155 0.21351717 -4.3355348e-10)
(1.6039933 0.17942781 -8.1621347e-10)
(1.6067724 0.14112042 -1.1557049e-09)
(1.6087596 0.099903357 -1.435054e-09)
(1.610228 0.05708751 -1.6464861e-09)
(1.611127 0.013860179 -1.8081173e-09)
(1.611411 -0.028785081 -1.9344816e-09)
(1.6109744 -0.069905373 -2.0102508e-09)
(1.6102791 -0.1085023 -2.0139554e-09)
(1.609211 -0.14403735 -1.9241616e-09)
(1.6087902 -0.17583616 -1.7531199e-09)
(1.6082515 -0.20420597 -1.5277277e-09)
(1.6082965 -0.22798331 -1.310605e-09)
(1.6067226 -0.24684543 -1.0373366e-09)
(1.6049512 -0.257985 -6.9540565e-10)
(1.6008618 -0.26264469 -3.2998316e-10)
(1.5985726 -0.26150647 -1.6493641e-10)
(1.5931402 -0.25799418 3.8872297e-11)
(1.5850655 -0.2440811 1.5858555e-10)
(1.5758344 -0.23085322 3.3790566e-10)
(1.5624537 -0.20213052 3.5418836e-10)
(1.5541471 -0.18364248 4.2314114e-10)
(1.5348226 -0.13886912 2.6118465e-10)
(1.4675688 0.0055022911 1.6440636e-11)
(1.4636339 0.016584307 -4.0477859e-11)
(1.4561923 0.028302194 6.8980947e-11)
(1.4443873 0.041404272 -1.2791961e-10)
(1.4285441 0.0565201 2.2494334e-10)
(1.407523 0.074762342 -3.7975455e-10)
(1.3819664 0.097062673 6.1989382e-10)
(1.3499691 0.12545751 -9.8529025e-10)
(1.312844 0.16154665 1.548654e-09)
(1.2678602 0.20932858 -2.4562239e-09)
(1.2180802 0.27215028 3.9136442e-09)
(1.1610843 0.35770064 -6.1937281e-09)
(1.1037508 0.47570517 9.4248076e-09)
(1.0505229 0.63426207 -1.1331695e-08)
(0.94618136 0.81988841 2.7275723e-05)
(0.843541 0.99554079 -0.00017289488)
(-0.010022723 0.0086896718 8.8809367e-06)
(-0.050378067 -0.01850487 1.8878441e-06)
(-0.081659977 -0.031891777 5.3764255e-08)
(-0.094637665 -0.037156628 2.7951687e-08)
(-0.10510855 -0.034774937 1.4788595e-08)
(-0.11373782 -0.018833522 1.2245299e-08)
(-0.11902209 0.013300469 1.4161482e-08)
(-0.11851896 0.061684052 1.7148511e-08)
(-0.11000103 0.1254621 1.9805743e-08)
(-0.088925198 0.20080465 2.1787306e-08)
(-0.050239541 0.28074274 2.3269562e-08)
(0.010339248 0.35545735 2.4572108e-08)
(0.09528602 0.41372852 2.5940485e-08)
(0.2034089 0.44543045 2.7413294e-08)
(0.33339541 0.44230592 2.8838994e-08)
(0.47914846 0.40220603 2.9791461e-08)
(0.63132292 0.32714115 2.9435713e-08)
(0.78203838 0.22272819 2.6133763e-08)
(0.92602144 0.09410107 1.7542107e-08)
(1.063554 -0.05561815 2.2967632e-09)
(1.194109 -0.22338185 -1.7971552e-08)
(1.3138772 -0.39925547 -3.8098147e-08)
(1.4158021 -0.56610199 -5.1777011e-08)
(1.4919079 -0.70573143 -5.6368469e-08)
(1.5376519 -0.80504665 -5.1301529e-08)
(1.5492984 -0.85721655 -3.497479e-08)
(1.5430596 -0.86786286 -2.2108641e-08)
(1.5324788 -0.85948366 -1.530895e-08)
(1.5027991 -0.82488322 -6.9856279e-09)
(1.4530857 -0.75926129 -1.0476792e-09)
(1.4043276 -0.68974431 1.6198576e-09)
(1.356293 -0.61914353 3.6838099e-09)
(1.3112049 -0.54299232 2.6174561e-09)
(1.267083 -0.46738381 -3.8306287e-09)
(1.2142775 -0.41359884 -9.5888588e-09)
(1.1475051 -0.39471687 -4.9672306e-09)
(1.0735333 -0.39735767 1.1682638e-08)
(1.0071245 -0.388848 3.0632301e-08)
(0.96196529 -0.33826888 3.9495517e-08)
(0.94496618 -0.23475718 3.3759707e-08)
(0.95607653 -0.087757359 1.8152353e-08)
(0.99126915 0.082397386 2.5191429e-10)
(1.0448027 0.25271388 -1.4773726e-08)
(1.1096303 0.40308329 -2.4977304e-08)
(1.1780185 0.52063222 -3.0459543e-08)
(1.2429919 0.6020101 -3.2224983e-08)
(1.3000613 0.65131873 -3.1447582e-08)
(1.3485059 0.67327408 -2.9094126e-08)
(1.3901063 0.66832612 -2.5803487e-08)
(1.4250626 0.63633568 -2.191561e-08)
(1.4524955 0.58356795 -1.7381218e-08)
(1.4720388 0.51951133 -1.2183987e-08)
(1.4853819 0.45334538 -6.8755661e-09)
(1.4966809 0.39256872 -2.2746601e-09)
(1.5091805 0.34169163 8.9422997e-10)
(1.5242242 0.29964873 2.0897211e-09)
(1.5428423 0.26068565 1.2298129e-09)
(1.564946 0.21636484 -1.1636269e-09)
(1.5899344 0.15712755 -3.9939019e-09)
(1.6183653 0.073637047 -5.7880268e-09)
(1.651547 -0.040417477 -5.394355e-09)
(1.6886203 -0.18243538 -2.910087e-09)
(1.7235579 -0.33598707 2.5669421e-10)
(1.7456278 -0.47538014 2.4693629e-09)
(1.7475869 -0.57976526 3.3122702e-09)
(1.7300484 -0.63958265 3.6014367e-09)
(1.695262 -0.65505736 3.40146e-09)
(1.6430035 -0.63110444 2.4032144e-09)
(1.5792109 -0.57909032 7.618169e-10)
(1.5154438 -0.51378369 -4.2077831e-10)
(1.4581509 -0.44835913 -1.2961196e-10)
(1.4120863 -0.39110382 1.7557288e-09)
(1.3796714 -0.34469058 4.5095895e-09)
(1.3612267 -0.30780396 7.1042381e-09)
(1.3554813 -0.27665447 8.6877559e-09)
(1.3601307 -0.24635728 8.8904012e-09)
(1.3724039 -0.21228291 7.8964973e-09)
(1.3896003 -0.17119315 6.2655552e-09)
(1.4094904 -0.12146646 4.6517295e-09)
(1.4303072 -0.063014229 3.6191937e-09)
(1.4504782 0.0029590774 3.5947033e-09)
(1.4683332 0.07493097 4.7713179e-09)
(1.4828431 0.15225185 6.9713543e-09)
(1.4944636 0.23498135 9.5223509e-09)
(1.5042016 0.3224094 1.1571113e-08)
(1.5127952 0.41009325 1.2332592e-08)
(1.5202344 0.48752556 1.1371391e-08)
(1.527043 0.54048312 8.5901911e-09)
(1.5329506 0.56170895 5.5814458e-09)
(1.5356161 0.56272979 4.3601403e-09)
(1.5379487 0.55394009 3.4133877e-09)
(1.5356461 0.5234221 2.0795559e-09)
(1.5300241 0.46373492 3.9123691e-10)
(1.5271281 0.39539311 -1.0013752e-09)
(1.5280749 0.32273525 -1.9929324e-09)
(1.5329535 0.24745782 -2.6855628e-09)
(1.541009 0.16993482 -3.1139915e-09)
(1.5515261 0.091118491 -3.4724023e-09)
(1.5632303 0.012769711 -3.9992563e-09)
(1.5748863 -0.063135047 -4.6644752e-09)
(1.5856298 -0.13513337 -5.1164082e-09)
(1.5949925 -0.20213426 -4.9802461e-09)
(1.6023308 -0.26287901 -4.2029488e-09)
(1.6073521 -0.31651213 -2.9678763e-09)
(1.6085416 -0.36080948 -1.4083988e-09)
(1.6027283 -0.39230207 1.5875553e-10)
(1.5892781 -0.40936374 1.599343e-09)
(1.569773 -0.41280835 2.9230838e-09)
(1.5466971 -0.40580813 3.9716914e-09)
(1.5227502 -0.39167272 4.4722498e-09)
(1.500429 -0.37244765 4.2258787e-09)
(1.4815939 -0.34919971 3.254419e-09)
(1.4670487 -0.32183999 1.7866546e-09)
(1.4566703 -0.28949525 1.3303228e-10)
(1.4498187 -0.25116908 -1.4314806e-09)
(1.4456329 -0.20633145 -2.6962316e-09)
(1.4432669 -0.15524598 -3.4859644e-09)
(1.4420436 -0.098978319 -3.6485063e-09)
(1.4414904 -0.039331592 -3.1206573e-09)
(1.4414457 0.021376971 -2.0106049e-09)
(1.4421471 0.080775707 -5.9517982e-10)
(1.444143 0.13715391 8.0232988e-10)
(1.4480274 0.1900224 1.9442743e-09)
(1.4542441 0.23969495 2.7064813e-09)
(1.4630968 0.28564025 3.0247415e-09)
(1.4746145 0.32508469 2.890042e-09)
(1.487989 0.35410311 2.3999062e-09)
(1.5014372 0.37094679 1.7493492e-09)
(1.5134406 0.37741483 1.1237979e-09)
(1.5242433 0.37545158 5.9152721e-10)
(1.5349565 0.36397577 1.043801e-10)
(1.5449958 0.34202066 -3.7975464e-10)
(1.5530363 0.31105826 -8.3862422e-10)
(1.5594598 0.2729149 -1.2542351e-09)
(1.5647663 0.22909398 -1.6275306e-09)
(1.5693818 0.18083958 -1.9725503e-09)
(1.5735455 0.12933143 -2.2893056e-09)
(1.5772558 0.075870736 -2.5339161e-09)
(1.5806218 0.021705348 -2.6598048e-09)
(1.5840068 -0.03242695 -2.6476867e-09)
(1.5879177 -0.086353402 -2.519726e-09)
(1.5926321 -0.13952579 -2.3581197e-09)
(1.5978991 -0.19053329 -2.2710305e-09)
(1.6030068 -0.23763468 -2.2331667e-09)
(1.606976 -0.27883846 -2.0763626e-09)
(1.6081732 -0.31118585 -1.7151371e-09)
(1.6051261 -0.33232273 -1.3615597e-09)
(1.5981038 -0.34220471 -1.1221836e-09)
(1.5885935 -0.34206783 -9.9521911e-10)
(1.575865 -0.33228929 -9.5660437e-10)
(1.5606204 -0.31391785 -9.7082883e-10)
(1.54518 -0.28818048 -1.0136633e-09)
(1.5309548 -0.25657369 -1.0903928e-09)
(1.5179456 -0.2201847 -1.2246913e-09)
(1.5061883 -0.17996777 -1.4365991e-09)
(1.4958166 -0.13701333 -1.7239822e-09)
(1.4868816 -0.092466103 -2.053012e-09)
(1.4794333 -0.047499068 -2.3594764e-09)
(1.4735352 -0.0032430891 -2.5634191e-09)
(1.4693466 0.039194642 -2.5921638e-09)
(1.4670332 0.078842239 -2.3995456e-09)
(1.4666436 0.11505225 -1.972176e-09)
(1.4681853 0.14782895 -1.3294986e-09)
(1.4716868 0.1777552 -5.3481692e-10)
(1.4773606 0.20531832 2.90899e-10)
(1.4854696 0.22998935 9.9189831e-10)
(1.4958713 0.25010952 1.4450159e-09)
(1.5076727 0.26401827 1.6204079e-09)
(1.5197564 0.2712966 1.5735335e-09)
(1.531626 0.27226326 1.3836389e-09)
(1.5434361 0.26673143 1.1026918e-09)
(1.5550122 0.2539353 7.5886e-10)
(1.5657824 0.23384045 3.7751733e-10)
(1.5750517 0.20700421 -9.1795576e-12)
(1.5826948 0.17451155 -3.769776e-10)
(1.5888221 0.13756268 -7.0833065e-10)
(1.5935017 0.097422449 -9.8727636e-10)
(1.5969632 0.055378527 -1.205301e-09)
(1.5992677 0.012798804 -1.3676618e-09)
(1.6008755 -0.029152586 -1.4726237e-09)
(1.6015723 -0.069686201 -1.5045501e-09)
(1.6020069 -0.10785572 -1.4372213e-09)
(1.601777 -0.14344915 -1.28386e-09)
(1.6018973 -0.1752817 -1.0513622e-09)
(1.6009675 -0.20380093 -7.9882057e-10)
(1.5997231 -0.2262535 -5.2926942e-10)
(1.595807 -0.24422145 -2.9602068e-10)
(1.5909622 -0.25338396 -8.0720967e-11)
(1.5831468 -0.25848953 1.333228e-10)
(1.5750355 -0.25434655 3.0314385e-10)
(1.5639503 -0.24919322 5.0071283e-10)
(1.5500006 -0.23121863 6.0154723e-10)
(1.5369432 -0.21749497 7.3081102e-10)
(1.5199203 -0.18847227 6.823935e-10)
(1.5090623 -0.17019776 6.954177e-10)
(1.4857112 -0.12552673 4.351781e-10)
(1.4426064 0.0072342794 -7.9837028e-11)
(1.4393515 0.021787714 1.6021409e-10)
(1.4333258 0.037154103 -1.9804878e-10)
(1.4236866 0.053963885 3.120162e-10)
(1.4110275 0.07320823 -3.9690901e-10)
(1.394282 0.095643387 5.5608137e-10)
(1.3747289 0.12291491 -7.5550826e-10)
(1.3505579 0.15597418 1.1276599e-09)
(1.3245375 0.19798515 -1.8111579e-09)
(1.2938271 0.24985529 3.0245745e-09)
(1.2650302 0.31835997 -5.1434668e-09)
(1.234005 0.40313903 8.6392833e-09)
(1.2168642 0.5183882 -1.425786e-08)
(1.2093908 0.65976674 2.2269562e-08)
(1.24892 0.84389282 -3.0560135e-08)
(1.2540378 1.0610916 -6.7330576e-06)
(1.1768856 0.99797012 -0.00068347476)
(0.23544961 0.15503024 -0.00021282028)
(-0.019944835 0.015425141 -8.2959967e-05)
(-0.045257058 0.032991787 -1.0473759e-05)
(-0.0030466431 -0.013146129 -2.4755863e-08)
(0.0063566416 -0.031439402 -2.2501621e-08)
(0.011537968 -0.041203817 -2.3454483e-08)
(0.022481041 -0.04080349 -2.2006641e-08)
(0.037165091 -0.027046939 -1.66156e-08)
(0.056840536 0.0011084593 -8.7325527e-09)
(0.083964005 0.042851115 -1.7918188e-10)
(0.12096685 0.096312037 7.6488947e-09)
(0.17001918 0.15693498 1.3831249e-08)
(0.23380638 0.2184143 1.8183293e-08)
(0.31441865 0.27299947 2.0958746e-08)
(0.41276059 0.31168788 2.2480824e-08)
(0.52791432 0.32563588 2.2855545e-08)
(0.65639667 0.30917248 2.1833793e-08)
(0.79274877 0.26129164 1.8882604e-08)
(0.93089558 0.18519925 1.3210818e-08)
(1.0664155 0.084750463 3.386396e-09)
(1.1988251 -0.038114218 -1.1828994e-08)
(1.328359 -0.18219183 -3.0690321e-08)
(1.4503148 -0.34147329 -4.7901264e-08)
(1.5553018 -0.50089538 -5.8895173e-08)
(1.6339507 -0.64296895 -6.07567e-08)
(1.6767098 -0.751589 -5.2655333e-08)
(1.6855476 -0.81938095 -3.8894757e-08)
(1.6692179 -0.84911178 -2.4728773e-08)
(1.6405358 -0.8489858 -1.2293935e-08)
(1.5948171 -0.81957128 -2.2799518e-09)
(1.5371007 -0.76925526 3.3081699e-09)
(1.4800207 -0.70704622 4.4802186e-09)
(1.424836 -0.63819283 4.020509e-09)
(1.3697663 -0.56859292 4.4321112e-09)
(1.3171659 -0.49519602 4.1691888e-09)
(1.2684797 -0.41812718 -5.9762242e-10)
(1.2160811 -0.35456391 -7.511925e-09)
(1.1507013 -0.32402508 -7.537412e-09)
(1.0736652 -0.32365154 4.7387032e-09)
(0.99727382 -0.32580834 2.4050988e-08)
(0.93692528 -0.29774494 3.8491699e-08)
(0.90294244 -0.22201139 3.9647865e-08)
(0.89776723 -0.10217881 2.826495e-08)
(0.91885226 0.044766416 1.1133097e-08)
(0.96141968 0.19768805 -5.1540412e-09)
(1.0189366 0.33793828 -1.7222655e-08)
(1.0840626 0.45306641 -2.449797e-08)
(1.1499289 0.53818696 -2.7775686e-08)
(1.2119142 0.59410588 -2.8195779e-08)
(1.2686175 0.62261373 -2.6788564e-08)
(1.3202377 0.62388772 -2.4281782e-08)
(1.3660913 0.59902289 -2.0961848e-08)
(1.4049038 0.5538415 -1.6788634e-08)
(1.4365515 0.49700301 -1.184448e-08)
(1.4617114 0.43625411 -6.5552816e-09)
(1.4814553 0.37763255 -1.6659528e-09)
(1.4991433 0.32606801 1.9012186e-09)
(1.517207 0.28165087 3.4729404e-09)
(1.5372258 0.23958398 3.0118197e-09)
(1.560307 0.19200055 1.1851473e-09)
(1.5880173 0.12892942 -7.6837219e-10)
(1.62285 0.039919144 -1.4882158e-09)
(1.6655413 -0.079636335 -3.2059219e-10)
(1.7105738 -0.22162832 1.9940678e-09)
(1.7456581 -0.36489216 3.7947978e-09)
(1.7604667 -0.48471695 4.1182974e-09)
(1.7553551 -0.56816699 4.1368555e-09)
(1.724224 -0.60676699 3.7937778e-09)
(1.671623 -0.60317756 3.005575e-09)
(1.6053157 -0.56720819 1.5459391e-09)
(1.5333933 -0.51153287 -1.2326237e-10)
(1.4641385 -0.4501758 -7.1472518e-10)
(1.4042867 -0.39484324 6.9556511e-10)
(1.3580561 -0.35127939 3.6903499e-09)
(1.3267928 -0.31952032 6.9433776e-09)
(1.3094683 -0.29613753 9.1626385e-09)
(1.3038218 -0.27618412 9.6170274e-09)
(1.3072578 -0.25435359 8.2515248e-09)
(1.3170707 -0.22604022 5.6439137e-09)
(1.3308784 -0.18840354 2.7201164e-09)
(1.3469542 -0.14030348 3.483792e-10)
(1.363994 -0.081953085 -8.8160204e-10)
(1.3808964 -0.014647451 -6.7414799e-10)
(1.3966363 0.059680591 9.6905888e-10)
(1.4102534 0.139844 3.741142e-09)
(1.421531 0.22511362 6.9695875e-09)
(1.4310942 0.31414081 9.7739015e-09)
(1.4403547 0.40200903 1.1212863e-08)
(1.4509632 0.47825681 1.0745736e-08)
(1.4637137 0.5306648 8.6613675e-09)
(1.4765381 0.55469887 6.2701701e-09)
(1.4866991 0.55777502 4.5638993e-09)
(1.4940887 0.5490022 3.511327e-09)
(1.5016403 0.52139235 2.3700506e-09)
(1.5089035 0.46380242 8.2834043e-10)
(1.5142558 0.39439072 -5.129331e-10)
(1.5204834 0.318856 -1.5045996e-09)
(1.5289974 0.24007631 -2.1855781e-09)
(1.5399724 0.15983032 -2.782852e-09)
(1.5524242 0.079455015 -3.5393586e-09)
(1.5651619 0.00087307064 -4.5136661e-09)
(1.5770601 -0.074237556 -5.3925496e-09)
(1.5874997 -0.14481574 -5.6586091e-09)
(1.5961172 -0.21003534 -5.0139237e-09)
(1.6020371 -0.26869117 -3.6118029e-09)
(1.6033125 -0.31829793 -1.9126425e-09)
(1.597616 -0.35572406 -3.0677175e-10)
(1.583842 -0.37921941 1.140949e-09)
(1.5628467 -0.38927581 2.4951079e-09)
(1.5371206 -0.38848481 3.6747313e-09)
(1.5098149 -0.38026504 4.3914102e-09)
(1.4837364 -0.36749689 4.3349286e-09)
(1.4608621 -0.35162929 3.4057194e-09)
(1.4422515 -0.33268621 1.7933532e-09)
(1.4280753 -0.30965369 -1.3487344e-10)
(1.4178718 -0.28107138 -2.0177494e-09)
(1.4108726 -0.24567393 -3.6183008e-09)
(1.406233 -0.20291788 -4.8174372e-09)
(1.4031875 -0.15315243 -5.5351438e-09)
(1.401189 -0.097680216 -5.6749206e-09)
(1.3998725 -0.038605847 -5.1631984e-09)
(1.3991661 0.021447282 -4.0384094e-09)
(1.3992961 0.079850287 -2.4909069e-09)
(1.4006403 0.13476317 -8.0135017e-10)
(1.4036074 0.1856824 7.5747714e-10)
(1.4086824 0.2329085 1.9745927e-09)
(1.4164572 0.27600148 2.7155071e-09)
(1.4272747 0.31275344 2.9469461e-09)
(1.4405662 0.34027384 2.7573014e-09)
(1.4548238 0.35731334 2.3211924e-09)
(1.468795 0.36468161 1.8066342e-09)
(1.4824396 0.3631064 1.2997943e-09)
(1.4959843 0.35203066 8.1435225e-10)
(1.5087972 0.3311603 3.5341587e-10)
(1.5202563 0.30168706 -7.0790789e-11)
(1.5303728 0.26498434 -4.5738969e-10)
(1.5393735 0.22233863 -8.2438335e-10)
(1.5473675 0.1749546 -1.1749147e-09)
(1.5543669 0.12415856 -1.4675905e-09)
(1.5604556 0.071299682 -1.6385361e-09)
(1.5660061 0.017385161 -1.6675175e-09)
(1.5715613 -0.036980643 -1.6100404e-09)
(1.5775106 -0.091446401 -1.5463039e-09)
(1.5839077 -0.14513337 -1.5093797e-09)
(1.5900828 -0.19630716 -1.4551835e-09)
(1.594624 -0.24240834 -1.3278258e-09)
(1.5956751 -0.28056883 -1.1433947e-09)
(1.5918536 -0.30851929 -9.7760468e-10)
(1.5830828 -0.32515441 -8.9054038e-10)
(1.5703452 -0.33078401 -8.9092562e-10)
(1.5547986 -0.32706596 -9.3814393e-10)
(1.5374169 -0.31580675 -9.7939833e-10)
(1.5192621 -0.29749471 -9.9056317e-10)
(1.5015899 -0.27249088 -9.9146484e-10)
(1.4851761 -0.24196846 -1.0318753e-09)
(1.4702212 -0.20686119 -1.1640105e-09)
(1.4568027 -0.16805841 -1.4169542e-09)
(1.4450184 -0.12660122 -1.7819407e-09)
(1.4349376 -0.083641667 -2.2102617e-09)
(1.426643 -0.040356145 -2.622951e-09)
(1.420245 0.0020853938 -2.9293055e-09)
(1.415877 0.04260626 -3.0484475e-09)
(1.4136257 0.080240265 -2.925728e-09)
(1.4134652 0.1144475 -2.5412449e-09)
(1.4153111 0.14526849 -1.9158333e-09)
(1.419135 0.1731714 -1.1190309e-09)
(1.4251022 0.198482 -2.6876915e-10)
(1.4334272 0.2207513 4.9631913e-10)
(1.4440358 0.23881484 1.0657806e-09)
(1.4563174 0.25153734 1.3955905e-09)
(1.4695037 0.25845432 1.5045292e-09)
(1.4831078 0.25938374 1.4411397e-09)
(1.4969426 0.25390166 1.2534402e-09)
(1.5106416 0.24146746 9.8173614e-10)
(1.5236934 0.22219274 6.6125942e-10)
(1.5356577 0.1966433 3.2295547e-10)
(1.5462816 0.16567982 -8.888049e-12)
(1.5554503 0.13027886 -3.1619104e-10)
(1.5630599 0.091700907 -5.8546373e-10)
(1.5691999 0.051138525 -8.0538496e-10)
(1.5738235 0.0098545631 -9.629825e-10)
(1.5773142 -0.03109903 -1.0375648e-09)
(1.5795359 -0.070868246 -1.0150578e-09)
(1.5812337 -0.10858806 -8.9179225e-10)
(1.5817831 -0.14372013 -7.0539255e-10)
(1.5818573 -0.17494322 -4.8006016e-10)
(1.5797267 -0.2020776 -2.7233967e-10)
(1.5761637 -0.22278115 -6.4803086e-11)
(1.5690309 -0.23837769 1.1458711e-10)
(1.5601137 -0.24512776 3.1209015e-10)
(1.5478535 -0.24797085 5.0634818e-10)
(1.5341735 -0.24121667 6.8995613e-10)
(1.5181654 -0.23425096 8.678422e-10)
(1.500589 -0.21558673 9.3889357e-10)
(1.4842123 -0.20140508 1.012209e-09)
(1.4644731 -0.17232506 8.9010332e-10)
(1.451504 -0.15446202 8.3166237e-10)
(1.4253711 -0.11023841 4.6189202e-10)
(1.4104959 0.0086261969 -2.0655431e-10)
(1.4080263 0.02597041 4.0872758e-10)
(1.403514 0.044163989 -5.1053614e-10)
(1.3962959 0.063873611 8.3075907e-10)
(1.3869877 0.086032095 -1.0985628e-09)
(1.3749208 0.11154147 1.5727271e-09)
(1.361374 0.14161967 -2.0873851e-09)
(1.3454355 0.17774557 2.8520836e-09)
(1.3294857 0.22134626 -3.9227763e-09)
(1.3129948 0.27532353 5.3472782e-09)
(1.3003552 0.34002369 -6.9802295e-09)
(1.2938007 0.42333224 8.1344909e-09)
(1.298328 0.51690992 -7.3988134e-09)
(1.3293573 0.64451786 3.2338793e-09)
(1.380617 0.76262935 5.4649313e-09)
(1.507374 0.92585504 -1.5524811e-08)
(1.5963207 1.0063738 -0.00012480194)
(1.5977768 0.91202486 -0.00019764347)
(1.0931935 0.50765119 -0.0013500929)
(0.3098991 0.065944113 -0.00093457379)
(0.12425878 0.003613008 -7.7919891e-05)
(0.092411544 0.00074631515 2.4326559e-05)
(0.15847902 -0.00082367256 -0.00022694207)
(0.16977351 0.024525431 -4.6444242e-05)
(0.31871413 -0.0055609858 5.2833206e-08)
(0.31250208 -0.025428926 -3.1071863e-08)
(0.30756272 -0.045011795 -7.2983286e-08)
(0.30220846 -0.056979951 -9.1858783e-08)
(0.30209247 -0.060369009 -9.7352707e-08)
(0.30862786 -0.053228661 -9.4168772e-08)
(0.32505098 -0.032303106 -8.3545861e-08)
(0.3517247 -5.5627034e-05 -6.9982635e-08)
(0.39180955 0.042088603 -5.4912178e-08)
(0.44743114 0.089690274 -4.0401955e-08)
(0.51936441 0.13670678 -2.8313304e-08)
(0.60719365 0.17639079 -1.9568e-08)
(0.70958616 0.20070768 -1.4529895e-08)
(0.82448125 0.2028294 -1.3362178e-08)
(0.9487524 0.17852445 -1.610982e-08)
(1.0783368 0.12714798 -2.2451443e-08)
(1.2082377 0.051265447 -3.1968825e-08)
(1.3360007 -0.044983979 -4.4320753e-08)
(1.4618435 -0.16230837 -5.7482214e-08)
(1.5860249 -0.30212624 -6.7086106e-08)
(1.6970433 -0.44942879 -6.8666594e-08)
(1.7730634 -0.58127689 -6.2071726e-08)
(1.8056553 -0.6850471 -5.0519674e-08)
(1.8044712 -0.75915207 -3.6450186e-08)
(1.7805759 -0.8020407 -2.1057123e-08)
(1.7375726 -0.81308336 -7.6480949e-09)
(1.6810229 -0.79562348 1.0615057e-09)
(1.6193024 -0.75952936 4.6918297e-09)
(1.5548192 -0.71020703 5.3960115e-09)
(1.4906504 -0.6487501 4.6275813e-09)
(1.4291342 -0.58041781 3.4117405e-09)
(1.3693238 -0.51189215 3.2897866e-09)
(1.3122015 -0.44213651 3.6998592e-09)
(1.2605415 -0.36734177 9.987947e-10)
(1.2098975 -0.29786549 -5.2909147e-09)
(1.1494486 -0.25498349 -8.407922e-09)
(1.0746788 -0.2461172 -1.0797661e-09)
(0.99376976 -0.25258127 1.5882302e-08)
(0.92197741 -0.24268257 3.3535725e-08)
(0.87278228 -0.19354626 4.2030106e-08)
(0.85236191 -0.10194327 3.7767464e-08)
(0.85980573 0.019800984 2.4384606e-08)
(0.8907076 0.15286223 8.3042885e-09)
(0.93913614 0.27988774 -5.5951123e-09)
(0.99836823 0.38876493 -1.5292747e-08)
(1.0621569 0.47336093 -2.0808637e-08)
(1.1261119 0.531909 -2.3032907e-08)
(1.1881414 0.56409903 -2.2960558e-08)
(1.2471486 0.56987907 -2.1286594e-08)
(1.3016039 0.55113756 -1.8301802e-08)
(1.3497264 0.5131304 -1.4116379e-08)
(1.3905935 0.46309907 -8.9864858e-09)
(1.424326 0.40826736 -3.5056177e-09)
(1.4519174 0.35459557 1.4024858e-09)
(1.4751047 0.30560169 4.7911278e-09)
(1.4963289 0.26121255 6.1563357e-09)
(1.5184557 0.21716381 5.7158402e-09)
(1.5449019 0.16517618 4.3586708e-09)
(1.5796237 0.094411252 3.2977548e-09)
(1.6250975 -0.0035655378 3.4262419e-09)
(1.6775184 -0.12764812 4.6128834e-09)
(1.7252163 -0.26290337 5.6804778e-09)
(1.7560178 -0.38636073 5.6150999e-09)
(1.7633889 -0.48468796 5.0936266e-09)
(1.7409904 -0.54254553 4.2954941e-09)
(1.6925618 -0.55763948 3.4314717e-09)
(1.6256807 -0.53721947 2.1947311e-09)
(1.5488207 -0.49289869 5.0919861e-10)
(1.470953 -0.43768414 -8.0159459e-10)
(1.3999912 -0.3842824 -4.0649213e-10)
(1.3413029 -0.34180472 2.2286504e-09)
(1.2973806 -0.31318368 6.0681411e-09)
(1.268215 -0.29590751 9.2664485e-09)
(1.2517287 -0.28484101 1.0439425e-08)
(1.2448776 -0.27443998 9.2556316e-09)
(1.2450466 -0.25938012 6.1378449e-09)
(1.2501531 -0.23546017 1.9889049e-09)
(1.2584532 -0.20056387 -1.9573987e-09)
(1.2688472 -0.15406228 -4.7229126e-09)
(1.2806481 -0.096374089 -5.8014909e-09)
(1.2931561 -0.028746846 -5.1029017e-09)
(1.305727 0.046849834 -2.84736e-09)
(1.3175975 0.12884401 5.0307351e-10)
(1.3283698 0.21576248 4.2354311e-09)
(1.3387694 0.30508255 7.4578668e-09)
(1.3507023 0.39106277 9.2934785e-09)
(1.366162 0.46403384 9.33946e-09)
(1.3852233 0.51444614 7.9812225e-09)
(1.4049097 0.53995253 6.1498746e-09)
(1.4222539 0.54634248 4.5482492e-09)
(1.4377753 0.53779727 3.3155949e-09)
(1.4548547 0.50801054 2.1279637e-09)
(1.4731552 0.45308931 7.817445e-10)
(1.4884262 0.38487637 -4.0951079e-10)
(1.5022937 0.30876119 -1.375205e-09)
(1.5165419 0.22855092 -2.2360375e-09)
(1.5314273 0.14701277 -3.2345354e-09)
(1.5461687 0.066376658 -4.4741946e-09)
(1.5598475 -0.011416873 -5.677618e-09)
(1.5718128 -0.085104325 -6.2756623e-09)
(1.5816348 -0.15385289 -5.8414859e-09)
(1.5884344 -0.21634127 -4.4564371e-09)
(1.5904045 -0.27018628 -2.6290565e-09)
(1.5852955 -0.31263391 -8.625753e-10)
(1.5716782 -0.34182406 6.7071996e-10)
(1.5499825 -0.35779697 2.0554261e-09)
(1.522471 -0.36268356 3.3159594e-09)
(1.4923724 -0.3598215 4.222986e-09)
(1.4627951 -0.35246369 4.4049075e-09)
(1.4360056 -0.34269704 3.6291189e-09)
(1.4132308 -0.33099715 1.990092e-09)
(1.3948254 -0.31649175 -1.3049763e-10)
(1.3805294 -0.29752549 -2.2687776e-09)
(1.3697578 -0.27230938 -4.0836433e-09)
(1.361798 -0.23948648 -5.439198e-09)
(1.3559855 -0.19857217 -6.3460213e-09)
(1.3517478 -0.15005458 -6.8376552e-09)
(1.3487003 -0.095473535 -6.8840336e-09)
(1.346634 -0.037192957 -6.4086112e-09)
(1.3455615 0.021960134 -5.3780628e-09)
(1.3456294 0.07925334 -3.8778978e-09)
(1.3470006 0.13280164 -2.1107607e-09)
(1.349891 0.18198697 -3.3823777e-10)
(1.3547439 0.22688759 1.1851699e-09)
(1.3622307 0.26704667 2.2707348e-09)
(1.3727916 0.30085293 2.8453682e-09)
(1.3860463 0.32636086 2.9653801e-09)
(1.4008859 0.3426217 2.7719869e-09)
(1.4163652 0.3497942 2.4125028e-09)
(1.4321931 0.34808351 1.9871264e-09)
(1.4481515 0.33726719 1.5500256e-09)
(1.4636718 0.31740524 1.1320895e-09)
(1.4782071 0.2892326 7.4587353e-10)
(1.4915549 0.25376069 3.8267181e-10)
(1.5036986 0.2121856 3.3971779e-11)
(1.5146673 0.16585482 -2.7438374e-10)
(1.5244959 0.11612841 -4.8661554e-10)
(1.5333329 0.06414357 -5.7582026e-10)
(1.5415846 0.010653008 -5.8952477e-10)
(1.5497519 -0.043868992 -6.1452176e-10)
(1.5579854 -0.098647572 -6.9236035e-10)
(1.5656476 -0.15202432 -7.8369449e-10)
(1.5712584 -0.20136595 -8.2241275e-10)
(1.5729703 -0.24371313 -7.9378242e-10)
(1.5693185 -0.27669603 -7.4996255e-10)
(1.5598328 -0.29911307 -7.5621318e-10)
(1.5452117 -0.31108245 -8.2927481e-10)
(1.5269829 -0.31372761 -9.2386586e-10)
(1.5068016 -0.30849291 -9.7176454e-10)
(1.4859162 -0.29645927 -9.3498268e-10)
(1.4652245 -0.27821297 -8.3366649e-10)
(1.4454953 -0.25422942 -7.3639264e-10)
(1.4272347 -0.22514849 -7.2663541e-10)
(1.4106547 -0.19166288 -8.676503e-10)
(1.3958525 -0.15459085 -1.1800091e-09)
(1.3829382 -0.11495302 -1.6356286e-09)
(1.3720231 -0.07390347 -2.1650845e-09)
(1.3632286 -0.032644434 -2.6738956e-09)
(1.3566898 0.0076516664 -3.0628894e-09)
(1.3525008 0.045929091 -3.2477978e-09)
(1.3506628 0.08134087 -3.173829e-09)
(1.351062 0.11344315 -2.8247107e-09)
(1.3535412 0.14226434 -2.2286621e-09)
(1.3580216 0.168115 -1.4600759e-09)
(1.3646153 0.1911723 -6.3017794e-10)
(1.3734746 0.21110325 1.3993492e-10)
(1.3845486 0.22713698 7.5391543e-10)
(1.3974056 0.23844513 1.1639646e-09)
(1.4115042 0.24447614 1.3693317e-09)
(1.4264088 0.24480053 1.3987028e-09)
(1.4418357 0.23901711 1.2913424e-09)
(1.4573687 0.22682255 1.0875421e-09)
(1.4725302 0.2083378 8.2425113e-10)
(1.4868619 0.18394465 5.3275524e-10)
(1.5000259 0.15436129 2.3770948e-10)
(1.5117946 0.12049138 -4.1731062e-11)
(1.5219542 0.08350521 -2.8680594e-10)
(1.5305221 0.044541031 -4.7524723e-10)
(1.5374319 0.004713019 -5.816546e-10)
(1.5429864 -0.035013012 -5.8781578e-10)
(1.5470263 -0.073707251 -4.9990806e-10)
(1.5499808 -0.11039383 -3.4417875e-10)
(1.550926 -0.14416494 -1.6940487e-10)
(1.5501297 -0.17358727 5.751943e-12)
(1.5458015 -0.1981059 1.5628289e-10)
(1.538879 -0.21587747 3.2240087e-10)
(1.5274405 -0.2280548 4.8877937e-10)
(1.513906 -0.23215772 6.9600103e-10)
(1.4966374 -0.2324815 8.9446438e-10)
(1.4787271 -0.22420448 1.0733119e-09)
(1.4587837 -0.21577077 1.2034244e-09)
(1.4386011 -0.1967542 1.2124159e-09)
(1.4195681 -0.18238887 1.1893072e-09)
(1.3982292 -0.15393369 9.6985376e-10)
(1.3837893 -0.13680293 8.1800861e-10)
(1.3562914 -0.093633417 3.3858162e-10)
(1.3712289 0.009656008 -2.1205471e-10)
(1.3696097 0.029037859 3.7467217e-10)
(1.3665731 0.049253335 -3.8863996e-10)
(1.3618964 0.07093375 6.0404602e-10)
(1.3558042 0.094951876 -6.4471683e-10)
(1.3484958 0.12217402 7.8524135e-10)
(1.3404767 0.15353669 -6.7390681e-10)
(1.3324414 0.19047492 4.080754e-10)
(1.3251363 0.23366295 1.4486851e-10)
(1.3202779 0.28572405 -9.6838911e-10)
(1.3196678 0.34498066 1.2311628e-09)
(1.3311417 0.4178068 -4.1577592e-09)
(1.3499994 0.49852239 7.5542702e-09)
(1.3956752 0.58806776 -1.1094686e-08)
(1.4577545 0.69013029 9.2932526e-09)
(1.5588405 0.75406011 -6.5536195e-10)
(1.70031 0.85926354 -1.4929718e-08)
(1.8558729 0.80054092 -2.4463599e-08)
(1.893818 0.72687476 -1.4525219e-05)
(1.7985744 0.53505118 -7.4196279e-05)
(1.5711758 0.33099996 -0.00012078261)
(1.3423248 0.1920758 -9.95598e-05)
(1.3158522 0.1424738 1.841551e-07)
(1.1747264 0.090818225 1.713969e-07)
(1.078299 0.048685531 1.4226573e-07)
(1.009115 0.012429169 9.3033792e-08)
(0.95232412 -0.016842195 3.8687556e-08)
(0.90139418 -0.037994406 -1.4282987e-08)
(0.85794727 -0.050776239 -6.0837898e-08)
(0.82504554 -0.053156101 -9.4944925e-08)
(0.80559335 -0.045140947 -1.1351935e-07)
(0.79943117 -0.027778308 -1.2385824e-07)
(0.80943222 -0.0040412484 -1.2608985e-07)
(0.84084608 0.022739225 -1.2061651e-07)
(0.8923579 0.051211481 -1.1205879e-07)
(0.96307763 0.075984852 -1.0309302e-07)
(1.0502682 0.088040521 -9.5250932e-08)
(1.1517948 0.080869953 -8.9743291e-08)
(1.2644275 0.051556523 -8.716212e-08)
(1.3814805 -0.00044666707 -8.6844114e-08)
(1.4993725 -0.074099624 -8.7238223e-08)
(1.6216983 -0.17094595 -8.6311767e-08)
(1.7406216 -0.2869111 -8.0681473e-08)
(1.8342976 -0.4073138 -6.8205204e-08)
(1.8855779 -0.51690605 -5.3629877e-08)
(1.9036573 -0.60869256 -3.9854023e-08)
(1.8943997 -0.6828068 -2.7893442e-08)
(1.8671174 -0.73294763 -1.405841e-08)
(1.8194928 -0.75658007 -2.7594039e-09)
(1.7586508 -0.75476912 3.6869653e-09)
(1.6911888 -0.73218838 5.8813345e-09)
(1.620673 -0.69306988 5.7229669e-09)
(1.5494625 -0.64198939 4.6859084e-09)
(1.4803688 -0.58248692 3.3600297e-09)
(1.4158317 -0.51757109 2.0705952e-09)
(1.355036 -0.45203544 1.7542246e-09)
(1.2971262 -0.38659988 2.436119e-09)
(1.2445639 -0.3164765 1.3586859e-09)
(1.1963302 -0.24537806 -3.4244265e-09)
(1.1430562 -0.19179721 -7.9406062e-09)
(1.0756715 -0.17060167 -5.060384e-09)
(0.99620815 -0.17419072 7.7234e-09)
(0.91781842 -0.17606357 2.5282324e-08)
(0.85592507 -0.15041878 3.8995298e-08)
(0.82041861 -0.087072074 4.2878536e-08)
(0.81355905 0.007601664 3.6620049e-08)
(0.83219976 0.11851982 2.4262662e-08)
(0.87076476 0.22977751 1.0734498e-08)
(0.9229796 0.32922641 -6.2623049e-10)
(0.98315343 0.40952599 -8.5062962e-09)
(1.0470615 0.46706618 -1.2921754e-08)
(1.1120055 0.5002591 -1.4410418e-08)
(1.1758532 0.50896449 -1.3521359e-08)
(1.2362526 0.4952999 -1.0692933e-08)
(1.2908866 0.46404408 -6.3871337e-09)
(1.338216 0.42158385 -1.2584045e-09)
(1.3777392 0.37419864 3.7988095e-09)
(1.4100411 0.32668318 7.8093626e-09)
(1.4370243 0.28160817 1.0077394e-08)
(1.4620419 0.23802565 1.0523175e-08)
(1.4898277 0.19066762 9.7168582e-09)
(1.5257901 0.13051957 8.5838428e-09)
(1.5735958 0.048456978 7.9176258e-09)
(1.6309474 -0.057929169 7.9036076e-09)
(1.6882153 -0.17938513 7.9790037e-09)
(1.7324859 -0.29872291 7.4428372e-09)
(1.7522601 -0.40104394 6.2745637e-09)
(1.7408482 -0.4696628 4.8509102e-09)
(1.6991891 -0.49897381 3.6553947e-09)
(1.6344755 -0.49266571 2.5324414e-09)
(1.5562786 -0.45996881 1.0586249e-09)
(1.4738702 -0.41259073 -4.9466422e-10)
(1.3954716 -0.36264224 -9.9139301e-10)
(1.3274312 -0.32046647 6.3400013e-10)
(1.2732092 -0.29216684 4.2717267e-09)
(1.2332314 -0.2780744 8.4148084e-09)
(1.2060151 -0.27368342 1.1034581e-08)
(1.1890302 -0.27254286 1.0798421e-08)
(1.1794517 -0.26914369 7.8073907e-09)
(1.1748176 -0.2594438 3.2176355e-09)
(1.1734928 -0.23882311 -2.086595e-09)
(1.1748325 -0.20614868 -6.6323805e-09)
(1.1784137 -0.16136148 -9.4124051e-09)
(1.1839797 -0.10494026 -1.0094757e-08)
(1.1911132 -0.038193402 -8.8228595e-09)
(1.1996057 0.03725556 -6.0262673e-09)
(1.2092011 0.11943483 -2.3040992e-09)
(1.2197194 0.20605176 1.6055294e-09)
(1.2321478 0.29345846 4.8932493e-09)
(1.2483174 0.37544081 6.8771651e-09)
(1.2695278 0.44370625 7.3209398e-09)
(1.2948237 0.49156387 6.5648697e-09)
(1.3210316 0.51801563 5.2635226e-09)
(1.3459492 0.52622962 3.9270831e-09)
(1.3711228 0.5164677 2.6910533e-09)
(1.3985812 0.48459054 1.4571473e-09)
(1.425584 0.43186927 2.5124701e-10)
(1.4498939 0.36543068 -8.5116196e-10)
(1.472339 0.29059598 -1.916668e-09)
(1.4934344 0.21117249 -3.1398009e-09)
(1.5129191 0.13048617 -4.6142448e-09)
(1.5302822 0.051312636 -6.0711749e-09)
(1.5451845 -0.024503711 -6.9152536e-09)
(1.5573302 -0.095833632 -6.6375871e-09)
(1.565939 -0.16133911 -5.2404274e-09)
(1.5693077 -0.21881476 -3.2465321e-09)
(1.5652435 -0.2655347 -1.2811419e-09)
(1.5522416 -0.29945085 3.5555489e-10)
(1.5304893 -0.32031669 1.7343508e-09)
(1.5020228 -0.32998362 2.9866381e-09)
(1.4700039 -0.33169373 3.9978765e-09)
(1.4376553 -0.32884723 4.4033746e-09)
(1.4074389 -0.32393052 3.8589393e-09)
(1.3807522 -0.3179579 2.3230226e-09)
(1.3580676 -0.31048614 1.2337004e-10)
(1.3392706 -0.30001683 -2.2116181e-09)
(1.3239529 -0.28456944 -4.2098555e-09)
(1.3116182 -0.26224586 -5.6318881e-09)
(1.3017881 -0.23173133 -6.4886177e-09)
(1.2940669 -0.19261426 -6.9285617e-09)
(1.2881455 -0.14555544 -7.086537e-09)
(1.2838347 -0.092265863 -6.9867007e-09)
(1.2810813 -0.035258646 -6.5494531e-09)
(1.2799258 0.022550678 -5.6801072e-09)
(1.2803804 0.078446959 -4.3667153e-09)
(1.2823958 0.13053726 -2.7226488e-09)
(1.2860226 0.17801808 -9.6354276e-10)
(1.2916012 0.22067135 6.5743201e-10)
(1.2997083 0.25800491 1.9285513e-09)
(1.3107253 0.28889389 2.7432465e-09)
(1.3244205 0.31208513 3.1163568e-09)
(1.3400646 0.32688949 3.1463392e-09)
(1.35696 0.33321175 2.9550835e-09)
(1.3746744 0.3310414 2.6462399e-09)
(1.3927773 0.32026153 2.2929009e-09)
(1.410716 0.30097746 1.9360791e-09)
(1.4279946 0.27371836 1.587569e-09)
(1.4443125 0.23936144 1.2486426e-09)
(1.459479 0.19903452 9.4103365e-10)
(1.4733762 0.15400916 7.0860724e-10)
(1.4860341 0.10545461 5.7128474e-10)
(1.4977531 0.054250535 4.8138867e-10)
(1.5090144 0.0010293597 3.5151681e-10)
(1.5199482 -0.053387611 1.3848017e-10)
(1.5298949 -0.10741956 -1.1148895e-10)
(1.537347 -0.15852223 -3.1190715e-10)
(1.5403275 -0.20369834 -4.2487721e-10)
(1.5372517 -0.24040205 -4.9338122e-10)
(1.5275764 -0.26725589 -5.8929591e-10)
(1.5119613 -0.28420167 -7.3689871e-10)
(1.4919441 -0.29214156 -8.8540957e-10)
(1.4693534 -0.29238091 -9.4815468e-10)
(1.4457662 -0.28612958 -8.6828998e-10)
(1.4222748 -0.27416748 -6.6045664e-10)
(1.3995867 -0.25681164 -4.0662499e-10)
(1.3782005 -0.23424373 -2.1840411e-10)
(1.3584428 -0.20682314 -1.9246944e-10)
(1.3405233 -0.17514194 -3.7990272e-10)
(1.3246029 -0.14001731 -7.7559735e-10)
(1.310849 -0.10247221 -1.3242665e-09)
(1.2994317 -0.063660056 -1.9360977e-09)
(1.2905038 -0.024783333 -2.5064275e-09)
(1.2841918 0.013024747 -2.9353528e-09)
(1.2805211 0.048799198 -3.1443235e-09)
(1.2793965 0.08181076 -3.0880982e-09)
(1.2806315 0.11169097 -2.7618439e-09)
(1.2840283 0.13843451 -2.2035882e-09)
(1.2894766 0.16221667 -1.4897799e-09)
(1.2970205 0.18310864 -7.2149094e-10)
(1.3067238 0.20084535 -1.2714867e-12)
(1.3185256 0.21487681 5.9039318e-10)
(1.3321346 0.2245595 1.0094962e-09)
(1.3471929 0.22936954 1.2477155e-09)
(1.3633364 0.22884943 1.322534e-09)
(1.3802298 0.22264419 1.2648633e-09)
(1.397426 0.21050626 1.1102871e-09)
(1.4144621 0.19251915 8.9300692e-10)
(1.4308828 0.16900274 6.4301519e-10)
(1.4463015 0.14063257 3.8662902e-10)
(1.4603985 0.10824137 1.4972341e-10)
(1.4729247 0.072884477 -3.8694159e-11)
(1.4838261 0.035567697 -1.5065813e-10)
(1.4930047 -0.0026757082 -1.699359e-10)
(1.5005607 -0.040889934 -1.0457102e-10)
(1.5060912 -0.077969229 1.2776651e-11)
(1.5094892 -0.11270624 1.4444399e-10)
(1.5096001 -0.14385938 2.6213781e-10)
(1.5064265 -0.17005696 3.7596714e-10)
(1.4985305 -0.19068667 4.9547101e-10)
(1.4871657 -0.20468737 6.6231076e-10)
(1.4710692 -0.21312764 8.5220872e-10)
(1.4531425 -0.21461823 1.0783764e-09)
(1.4318545 -0.21264864 1.2641246e-09)
(1.4108502 -0.20347268 1.4015338e-09)
(1.3881585 -0.19422686 1.4416724e-09)
(1.3665126 -0.17578555 1.3565297e-09)
(1.3458115 -0.16177614 1.2131307e-09)
(1.3240426 -0.13451926 8.9676722e-10)
(1.3087736 -0.11834566 6.5321055e-10)
(1.2812716 -0.076700896 9.4276331e-11)
(1.3248335 0.010321283 -1.194359e-10)
(1.3240044 0.030982318 1.3899839e-10)
(1.3224292 0.052442919 3.5170461e-12)
(1.3201072 0.075176812 -6.9574129e-11)
(1.3171251 0.10012116 3.9657572e-10)
(1.314058 0.12777496 -7.7088119e-10)
(1.3111884 0.15926222 1.5606404e-09)
(1.3097334 0.19504541 -2.7322732e-09)
(1.310048 0.23653272 4.3060299e-09)
(1.3150082 0.28351215 -6.2403952e-09)
(1.3226736 0.33776408 8.9164199e-09)
(1.342902 0.39502175 -1.0984934e-08)
(1.3725933 0.46656649 1.1815828e-08)
(1.4190398 0.5241392 -1.0369111e-08)
(1.4839731 0.60539747 3.3388825e-09)
(1.567593 0.63914583 5.089006e-09)
(1.6752147 0.69063671 -1.0756037e-08)
(1.8016458 0.68000069 1.352825e-08)
(1.9172552 0.64064691 -5.4709862e-08)
(1.9706901 0.54329068 -8.4881476e-08)
(1.9674825 0.44199643 -7.0813829e-08)
(1.9369228 0.35555776 -4.2001051e-09)
(1.8673519 0.27740807 3.1950592e-08)
(1.7888695 0.21660182 6.1407736e-08)
(1.7150549 0.16429573 8.1410515e-08)
(1.6502178 0.11720424 9.1467697e-08)
(1.59073 0.075310012 9.0274183e-08)
(1.5344433 0.041627292 8.0573318e-08)
(1.4818284 0.016926338 6.3207193e-08)
(1.4355008 0.00095003088 3.640884e-08)
(1.3969015 -0.0068835474 1.8075987e-08)
(1.3683486 -0.006898148 -1.0878626e-08)
(1.357336 0.001137533 -4.2760902e-08)
(1.3596394 0.0064305677 -5.4274569e-08)
(1.374207 0.013022959 -6.4554756e-08)
(1.410462 0.017211029 -7.4320757e-08)
(1.4685532 0.010924832 -8.0664938e-08)
(1.5410446 -0.0099623898 -8.2516525e-08)
(1.6248715 -0.047950356 -8.0706424e-08)
(1.7162549 -0.10518124 -7.5795174e-08)
(1.807584 -0.1794817 -6.710985e-08)
(1.885377 -0.26681384 -5.4822142e-08)
(1.9396665 -0.35992033 -4.1878437e-08)
(1.9667757 -0.44675227 -3.0085557e-08)
(1.9706878 -0.52574933 -2.1841198e-08)
(1.9566225 -0.59901865 -1.656623e-08)
(1.929714 -0.65287831 -6.2563479e-09)
(1.8809451 -0.68598013 1.8122682e-09)
(1.8177915 -0.69667106 5.8521999e-09)
(1.7462166 -0.68651751 6.6014455e-09)
(1.6707144 -0.65916515 5.5141322e-09)
(1.595425 -0.61904682 3.8807639e-09)
(1.5227976 -0.57025004 2.4885707e-09)
(1.4540872 -0.51517024 1.4552252e-09)
(1.390385 -0.45512796 6.5086579e-10)
(1.3310934 -0.39317861 4.9049079e-10)
(1.2747174 -0.33141859 1.2337892e-09)
(1.2227281 -0.26652269 1.1460967e-09)
(1.1766086 -0.19752246 -2.049713e-09)
(1.1305985 -0.13688482 -6.6865952e-09)
(1.0742149 -0.10233935 -7.036477e-09)
(1.003095 -0.096867688 1.0459777e-09)
(0.92486511 -0.10265344 1.5795667e-08)
(0.85444638 -0.094570544 3.1058159e-08)
(0.80502261 -0.057141445 4.0927139e-08)
(0.78283118 0.0097707974 4.2780459e-08)
(0.78763015 0.096078084 3.7549756e-08)
(0.81515747 0.18838974 2.8364953e-08)
(0.85944321 0.27506437 1.8566839e-08)
(0.91488697 0.34771627 1.0420274e-08)
(0.97704622 0.40133657 4.9594209e-09)
(1.0424882 0.43351509 2.368998e-09)
(1.1081531 0.44401521 2.3678119e-09)
(1.1709772 0.43493915 4.3968515e-09)
(1.2282302 0.41052793 7.6863752e-09)
(1.2781372 0.37608179 1.1318264e-08)
(1.3203203 0.336537 1.4364668e-08)
(1.3560686 0.29534593 1.6126239e-08)
(1.3885143 0.25340861 1.6382555e-08)
(1.4225007 0.20795566 1.5453739e-08)
(1.4636158 0.15278012 1.3965865e-08)
(1.5157268 0.080848852 1.2491941e-08)
(1.5776322 -0.010840104 1.1293322e-08)
(1.6412768 -0.11766333 1.023968e-08)
(1.6939533 -0.22791124 8.9479979e-09)
(1.7233004 -0.32606723 7.1840199e-09)
(1.7214808 -0.39672062 5.2334817e-09)
(1.6875917 -0.43343875 3.6524993e-09)
(1.6277721 -0.43763809 2.5277134e-09)
(1.5515624 -0.41580618 1.3656555e-09)
(1.4685017 -0.37717253 -8.0214162e-11)
(1.3868284 -0.33225746 -1.1094887e-09)
(1.3131248 -0.29133979 -5.1051479e-10)
(1.2516437 -0.2621656 2.2794514e-09)
(1.2037888 -0.24780079 6.4743784e-09)
(1.1682802 -0.24615881 1.0289429e-08)
(1.1425306 -0.25179556 1.1958291e-08)
(1.1238141 -0.25824294 1.0553474e-08)
(1.1099805 -0.25990675 6.2897178e-09)
(1.0992716 -0.25278942 3.451349e-10)
(1.0909068 -0.23458958 -5.6824457e-09)
(1.0848604 -0.20429261 -1.0403749e-08)
(1.0812873 -0.16176527 -1.3000048e-08)
(1.0802303 -0.10756129 -1.3298291e-08)
(1.0817523 -0.042834919 -1.1619456e-08)
(1.086144 0.030824508 -8.5472366e-09)
(1.0935047 0.11104948 -4.7672358e-09)
(1.1042079 0.19485547 -9.9259681e-10)
(1.1193022 0.27793134 2.1119126e-09)
(1.1400229 0.35428666 4.0723935e-09)
(1.1666267 0.41733857 4.772901e-09)
(1.1975086 0.46245249 4.4752984e-09)
(1.2301307 0.48854103 3.6191323e-09)
(1.2634422 0.49617201 2.55429e-09)
(1.2983768 0.48455464 1.4334603e-09)
(1.3347795 0.45239127 3.0354391e-10)
(1.370295 0.40170525 -8.1882809e-10)
(1.4033015 0.33774523 -2.0069557e-09)
(1.4335318 0.26518496 -3.4141899e-09)
(1.4606991 0.18815565 -5.0771388e-09)
(1.4844199 0.11024777 -6.6872951e-09)
(1.5044852 0.034124766 -7.6303653e-09)
(1.5207107 -0.038452416 -7.3728435e-09)
(1.5324886 -0.1058749 -5.890442e-09)
(1.538326 -0.16588162 -3.7198621e-09)
(1.5361521 -0.21573509 -1.5671635e-09)
(1.5244626 -0.25328032 1.6572148e-10)
(1.5033749 -0.27808655 1.5176405e-09)
(1.4748323 -0.29178392 2.6996157e-09)
(1.4419349 -0.29742532 3.7271208e-09)
(1.4078959 -0.29836959 4.3023598e-09)
(1.3752163 -0.29728028 4.0230962e-09)
(1.3453599 -0.29557477 2.7078359e-09)
(1.3188719 -0.29332981 5.6911868e-10)
(1.2957203 -0.2894994 -1.8730476e-09)
(1.2756237 -0.2823084 -4.0457449e-09)
(1.2582744 -0.26971862 -5.5677126e-09)
(1.2434298 -0.2498812 -6.3552065e-09)
(1.2309427 -0.2215695 -6.5693903e-09)
(1.2207347 -0.18446703 -6.4677288e-09)
(1.2127669 -0.13935244 -6.2500205e-09)
(1.2070547 -0.087997706 -5.9705094e-09)
(1.2036562 -0.032948231 -5.5464728e-09)
(1.202589 0.022907105 -4.8436075e-09)
(1.2037298 0.076953155 -3.7803364e-09)
(1.2068575 0.12729401 -2.392619e-09)
(1.2118854 0.17291787 -8.3425092e-10)
(1.2190018 0.21332546 6.7798948e-10)
(1.2285885 0.24798389 1.9433188e-09)
(1.2408906 0.27611154 2.8415868e-09)
(1.255753 0.296928 3.3540099e-09)
(1.2726909 0.30996587 3.5394044e-09)
(1.2911656 0.3150594 3.4912863e-09)
(1.3107156 0.31211794 3.3011656e-09)
(1.3308685 0.30106981 3.0373231e-09)
(1.3511165 0.28203665 2.7390652e-09)
(1.3709734 0.25546671 2.4297617e-09)
(1.3900426 0.22213179 2.1381129e-09)
(1.4080181 0.18304625 1.8987726e-09)
(1.4247912 0.1392744 1.7171838e-09)
(1.4405314 0.091726796 1.5397634e-09)
(1.4555537 0.04114227 1.2843425e-09)
(1.4698964 -0.011565689 9.1915618e-10)
(1.4828224 -0.064838815 5.0536693e-10)
(1.4927144 -0.11615707 1.4739505e-10)
(1.4975307 -0.16254376 -1.0096828e-10)
(1.4956081 -0.2013657 -2.7636307e-10)
(1.486362 -0.23109759 -4.5470435e-10)
(1.4704508 -0.25156912 -6.6605922e-10)
(1.4494396 -0.26363832 -8.5725448e-10)
(1.425231 -0.26858164 -9.2901596e-10)
(1.3995581 -0.26754935 -8.0894958e-10)
(1.3736989 -0.26127372 -5.0344038e-10)
(1.3484509 -0.25004018 -9.983165e-11)
(1.3242948 -0.23387423 2.7169469e-10)
(1.3015791 -0.21282366 4.8813449e-10)
(1.2805945 -0.18717344 4.7127555e-10)
(1.2616088 -0.15748343 2.0317081e-10)
(1.244886 -0.12458573 -2.7777762e-10)
(1.2306598 -0.089477114 -8.9195862e-10)
(1.2191265 -0.053299656 -1.5381137e-09)
(1.2104244 -0.017161347 -2.1123595e-09)
(1.2046662 0.01785207 -2.5248887e-09)
(1.2017964 0.050902881 -2.712455e-09)
(1.2016255 0.081367327 -2.6465969e-09)
(1.2039207 0.10892716 -2.3370531e-09)
(1.208461 0.13352878 -1.8297952e-09)
(1.2151065 0.15523046 -1.1986157e-09)
(1.2238344 0.1740155 -5.3074945e-10)
(1.2346424 0.18965179 9.0996675e-11)
(1.2474689 0.20172309 6.0343042e-10)
(1.2621149 0.20971993 9.7120728e-10)
(1.2783217 0.21317078 1.1859003e-09)
(1.2957652 0.21163782 1.2598507e-09)
(1.3141041 0.20480031 1.2176718e-09)
(1.3329056 0.1924703 1.0895973e-09)
(1.3517282 0.17474668 9.0674622e-10)
(1.3701001 0.15194686 7.0011683e-10)
(1.3876044 0.1246851 5.012776e-10)
(1.4038794 0.093708435 3.42039e-10)
(1.4186553 0.059947171 2.4889161e-10)
(1.4317514 0.02431322 2.321825e-10)
(1.4428739 -0.012130894 2.7902478e-10)
(1.4516993 -0.048263666 3.5742795e-10)
(1.4574514 -0.082714602 4.3493346e-10)
(1.4595842 -0.11409789 4.9917712e-10)
(1.4570291 -0.14112374 5.6253835e-10)
(1.4499159 -0.16278501 6.5813992e-10)
(1.4375569 -0.17876043 8.0218547e-10)
(1.4215936 -0.18876024 1.0065192e-09)
(1.4014693 -0.1937859 1.2240015e-09)
(1.3801819 -0.193293 1.4376076e-09)
(1.3563274 -0.18982823 1.5663402e-09)
(1.3336296 -0.18064667 1.6155359e-09)
(1.3096113 -0.17125653 1.5376678e-09)
(1.2876514 -0.15399184 1.3499183e-09)
(1.2662504 -0.14062823 1.0955911e-09)
(1.2449962 -0.11495637 7.1142952e-10)
(1.2294263 -0.099874006 4.0342098e-10)
(1.2030342 -0.060136373 -1.8241636e-10)
(1.2713006 0.010640138 -1.8396982e-11)
(1.2711974 0.031856637 -8.6460357e-11)
(1.2709473 0.053845685 3.3562311e-10)
(1.2707892 0.076794528 -6.3986686e-10)
(1.2705095 0.10186476 1.2075258e-09)
(1.271288 0.1288842 -1.9013844e-09)
(1.2725185 0.15961995 2.9699428e-09)
(1.2768835 0.19288059 -4.4195964e-09)
(1.2823834 0.23186171 6.1629823e-09)
(1.2949304 0.27250943 -7.8493621e-09)
(1.3115259 0.32317853 8.7900848e-09)
(1.3359643 0.3678669 -8.1441404e-09)
(1.3697338 0.42613728 6.323731e-09)
(1.4162641 0.46832031 -3.0314919e-09)
(1.4742034 0.52379492 -1.933964e-09)
(1.5504636 0.55220514 5.984169e-09)
(1.6311093 0.57507422 -6.8916161e-09)
(1.7351003 0.57303367 5.2863604e-09)
(1.820239 0.53651362 -6.916207e-10)
(1.9131907 0.49567568 -3.1018507e-08)
(1.9519973 0.42836302 -4.2141341e-08)
(1.961623 0.36073726 -3.0432246e-08)
(1.9539995 0.29797328 -1.4467185e-08)
(1.9359672 0.24371754 3.1647839e-10)
(1.9129185 0.19604408 1.6294791e-08)
(1.8872224 0.1531118 3.2233339e-08)
(1.8598527 0.11416771 4.5381075e-08)
(1.8307795 0.081296207 5.4690769e-08)
(1.8011664 0.05521549 5.8888729e-08)
(1.7737769 0.03549833 5.671808e-08)
(1.7499936 0.023077788 5.2791048e-08)
(1.7330552 0.014942664 4.5218738e-08)
(1.724468 0.0083798011 3.4480803e-08)
(1.7263868 0.003779157 2.3681824e-08)
(1.7365746 -0.0006534568 1.4687488e-08)
(1.7608505 -0.01181876 5.2623306e-09)
(1.7983881 -0.033861077 -2.9808794e-09)
(1.8427633 -0.066643843 -8.4868412e-09)
(1.8905024 -0.11116114 -1.1337341e-08)
(1.9361698 -0.16747675 -1.1847007e-08)
(1.9732181 -0.23359017 -1.0541221e-08)
(1.9971639 -0.30350647 -8.2124122e-09)
(2.0072855 -0.37480002 -7.6050552e-09)
(2.0045033 -0.44757536 -7.9504987e-09)
(1.9914701 -0.51399225 -5.1964138e-09)
(1.9626795 -0.56614957 2.0775305e-09)
(1.9124719 -0.60459626 6.5377611e-09)
(1.8480689 -0.62421005 7.8040426e-09)
(1.7754394 -0.62497653 6.7897259e-09)
(1.6992888 -0.60997245 4.7917352e-09)
(1.6234759 -0.58261216 2.8259929e-09)
(1.5505721 -0.54551351 1.410929e-09)
(1.4815272 -0.50077974 6.3434775e-10)
(1.4163829 -0.45009551 2.3579549e-10)
(1.3554316 -0.39460578 -4.9820939e-11)
(1.2986669 -0.33642147 -2.2505737e-11)
(1.2451107 -0.27794652 5.7030502e-10)
(1.1951857 -0.21787936 8.1887262e-10)
(1.1511154 -0.15352765 -1.0760676e-09)
(1.1112712 -0.090954544 -5.01763e-09)
(1.0672011 -0.045355277 -7.3871091e-09)
(1.0099669 -0.026812575 -3.6370887e-09)
(0.94007822 -0.02848307 7.1693006e-09)
(0.86899294 -0.030683866 2.1177644e-08)
(0.81093537 -0.01456367 3.3133361e-08)
(0.77484268 0.026950341 4.0069035e-08)
(0.76332414 0.087903371 4.19796e-08)
(0.77647707 0.15872978 3.9572459e-08)
(0.80999938 0.22910352 3.4583237e-08)
(0.85789542 0.29082092 2.9166616e-08)
(0.91515592 0.33804373 2.4790251e-08)
(0.97757941 0.36768168 2.212638e-08)
(1.041365 0.3792156 2.1192775e-08)
(1.103116 0.37434302 2.1547358e-08)
(1.1602887 0.35635924 2.2494399e-08)
(1.2117336 0.32911398 2.3293368e-08)
(1.2580486 0.29580762 2.336398e-08)
(1.3016479 0.25793672 2.2456143e-08)
(1.3464994 0.21451657 2.0698952e-08)
(1.3970917 0.16214146 1.8460147e-08)
(1.456276 0.096664728 1.6110402e-08)
(1.5227354 0.016113399 1.3876443e-08)
(1.5897673 -0.076796621 1.1796183e-08)
(1.6464571 -0.17384389 9.7133602e-09)
(1.6810276 -0.26196211 7.4711478e-09)
(1.6851433 -0.32829906 5.2294694e-09)
(1.6573359 -0.36657655 3.4252793e-09)
(1.6030406 -0.37695396 2.2613543e-09)
(1.531149 -0.36383997 1.3645849e-09)
(1.4507307 -0.33399869 2.4334979e-10)
(1.3696969 -0.29557783 -9.1133282e-10)
(1.294473 -0.25747123 -1.1133528e-09)
(1.2295975 -0.22777153 5.8910468e-10)
(1.1770842 -0.21151349 4.1590524e-09)
(1.136337 -0.20918829 8.3905306e-09)
(1.1049043 -0.2171268 1.1551062e-08)
(1.0798613 -0.22943066 1.2232728e-08)
(1.0587352 -0.240133 9.8861568e-09)
(1.0400403 -0.24460093 4.9333602e-09)
(1.0230769 -0.23973151 -1.4472074e-09)
(1.007872 -0.22362971 -7.741356e-09)
(0.99482008 -0.19555901 -1.2602077e-08)
(0.98439652 -0.15557121 -1.5231966e-08)
(0.97718525 -0.10434501 -1.5498473e-08)
(0.9735942 -0.042805689 -1.38001e-08)
(0.97427934 0.02718829 -1.0807112e-08)
(0.97986106 0.10315253 -7.2513268e-09)
(0.99099526 0.18175437 -3.8028139e-09)
(1.0085365 0.25859171 -9.929116e-10)
(1.0330263 0.32835432 8.6049486e-10)
(1.0640002 0.38585151 1.7099089e-09)
(1.0998618 0.42742627 1.744966e-09)
(1.1388613 0.45144055 1.2563979e-09)
(1.1802236 0.45719761 4.8712777e-10)
(1.2236881 0.44398244 -4.3469396e-10)
(1.2680534 0.41185763 -1.4887483e-09)
(1.3112477 0.36317947 -2.7441072e-09)
(1.3516277 0.30213593 -4.2871819e-09)
(1.3882148 0.23313573 -6.0481237e-09)
(1.4203243 0.16021521 -7.6430053e-09)
(1.4475807 0.086688713 -8.4557853e-09)
(1.4697947 0.01501217 -8.0036102e-09)
(1.486373 -0.052619504 -6.3119582e-09)
(1.4959153 -0.11363797 -3.9480264e-09)
(1.4965605 -0.16522161 -1.6497452e-09)
(1.486971 -0.20518319 1.3820328e-10)
(1.467363 -0.23296417 1.4355927e-09)
(1.4397155 -0.24995606 2.5027164e-09)
(1.407096 -0.25893771 3.4652781e-09)
(1.3726446 -0.26306678 4.1234586e-09)
(1.3387884 -0.26498546 4.0804024e-09)
(1.3069514 -0.266327 3.0528123e-09)
(1.2776808 -0.26760205 1.1114241e-09)
(1.2509751 -0.26831343 -1.3094059e-09)
(1.2266178 -0.2671795 -3.6116768e-09)
(1.2044047 -0.26241925 -5.2962331e-09)
(1.1842616 -0.25208936 -6.1381592e-09)
(1.1662682 -0.23447028 -6.21022e-09)
(1.1506147 -0.20843764 -5.7815346e-09)
(1.1375408 -0.17376053 -5.1643004e-09)
(1.127293 -0.131231 -4.5804434e-09)
(1.1200712 -0.08257964 -4.0945458e-09)
(1.1159776 -0.030280193 -3.6279889e-09)
(1.1150104 0.022893771 -3.0363588e-09)
(1.1169568 0.074489482 -2.2054465e-09)
(1.121469 0.12261021 -1.1184796e-09)
(1.1283417 0.16605686 1.3201608e-10)
(1.1375827 0.2041068 1.3852486e-09)
(1.1493346 0.23618663 2.4780933e-09)
(1.1636629 0.26172604 3.3009186e-09)
(1.1803998 0.28023609 3.8196209e-09)
(1.1991793 0.29141185 4.0634025e-09)
(1.2195702 0.2951008 4.0949965e-09)
(1.2411495 0.29120709 3.9816302e-09)
(1.2634705 0.27969301 3.7788517e-09)
(1.2860532 0.26069763 3.5299819e-09)
(1.3084121 0.23463361 3.2724157e-09)
(1.3301425 0.20218373 3.0310722e-09)
(1.3510112 0.16416016 2.7948459e-09)
(1.3710181 0.12136493 2.5060928e-09)
(1.3902635 0.074564621 2.0989698e-09)
(1.4085463 0.024772963 1.5681477e-09)
(1.4249335 -0.026355614 9.9695418e-10)
(1.4376893 -0.076351757 5.0219922e-10)
(1.4447243 -0.12229208 1.4256389e-10)
(1.4443782 -0.16159065 -1.184225e-10)
(1.4360832 -0.19270295 -3.596351e-10)
(1.4205376 -0.21538526 -6.1472895e-10)
(1.3993543 -0.23041246 -8.3092424e-10)
(1.3744758 -0.2389908 -9.0387506e-10)
(1.3476674 -0.2422148 -7.5209819e-10)
(1.3202525 -0.24077024 -3.7343569e-10)
(1.2930947 -0.23491015 1.4767065e-10)
(1.2667204 -0.22459409 6.7538915e-10)
(1.2415059 -0.20970503 1.072793e-09)
(1.2177917 -0.19025816 1.2423828e-09)
(1.1959332 -0.16653015 1.1454029e-09)
(1.1762791 -0.13908314 8.012179e-10)
(1.1591738 -0.10871768 2.7400635e-10)
(1.1448888 -0.076418482 -3.4559849e-10)
(1.1336392 -0.043220665 -9.5881121e-10)
(1.1255222 -0.010179431 -1.4746705e-09)
(1.1205734 0.02183662 -1.822448e-09)
(1.1187005 0.052011303 -1.9596417e-09)
(1.1196384 0.07981878 -1.876087e-09)
(1.1231354 0.1049705 -1.5935345e-09)
(1.1289611 0.12735902 -1.1604251e-09)
(1.1369558 0.14694862 -6.4225921e-10)
(1.1470493 0.16365452 -1.0924914e-10)
(1.1591959 0.17725533 3.7615553e-10)
(1.1733249 0.1874052 7.6839296e-10)
(1.1892796 0.19367964 1.0429883e-09)
(1.2068491 0.19566391 1.1953472e-09)
(1.2257431 0.19298002 1.2366816e-09)
(1.2456319 0.18537009 1.1885006e-09)
(1.2660958 0.1727143 1.0785225e-09)
(1.2866963 0.15513321 9.3743882e-10)
(1.3069551 0.13293312 7.9706505e-10)
(1.3264433 0.10667183 6.8621386e-10)
(1.3447451 0.077022633 6.2428048e-10)
(1.3614546 0.044872324 6.1342262e-10)
(1.3760811 0.011203045 6.3679825e-10)
(1.3879433 -0.022748711 6.6750771e-10)
(1.3962664 -0.055632339 6.8579986e-10)
(1.4000969 -0.085961074 6.9421373e-10)
(1.3988869 -0.11248272 7.1802061e-10)
(1.3921056 -0.13424644 7.899417e-10)
(1.3803483 -0.15082128 9.309302e-10)
(1.3637534 -0.16228796 1.1304779e-09)
(1.344162 -0.16888519 1.3607001e-09)
(1.3215 -0.17143823 1.5625203e-09)
(1.2984568 -0.1698387 1.7084494e-09)
(1.2737065 -0.16568754 1.7406006e-09)
(1.2506707 -0.15710496 1.6806398e-09)
(1.2265761 -0.14798778 1.49625e-09)
(1.2051778 -0.13227684 1.2334254e-09)
(1.1838754 -0.11971334 9.1177542e-10)
(1.1638396 -0.095927515 5.1000721e-10)
(1.1483997 -0.082017272 1.8128568e-10)
(1.1239995 -0.044534215 -3.7146612e-10)
(1.2106468 0.010638661 2.8604897e-11)
(1.2111295 0.031769928 -1.6331961e-10)
(1.212134 0.053624468 4.0120405e-10)
(1.2137034 0.076104294 -7.4494769e-10)
(1.2159837 0.10058312 1.2721726e-09)
(1.219576 0.1262382 -1.8819952e-09)
(1.2248026 0.15546006 2.6544817e-09)
(1.2326198 0.18561042 -3.5712102e-09)
(1.2436757 0.22137155 4.5291767e-09)
(1.2588056 0.25592348 -5.1683901e-09)
(1.2802673 0.29892977 4.7249667e-09)
(1.3085272 0.33664948 -2.9473679e-09)
(1.3435906 0.38185622 1.0288013e-09)
(1.3901227 0.41703641 7.8510573e-10)
(1.4424877 0.45427106 -2.0660087e-09)
(1.5100657 0.47848515 2.8641343e-09)
(1.5792198 0.49145811 -1.6964738e-09)
(1.6603514 0.48969828 -1.4939807e-10)
(1.7366212 0.46704485 1.8879216e-09)
(1.8048101 0.4287846 -2.6107434e-09)
(1.8627194 0.38468831 -1.16672e-08)
(1.9030789 0.33808234 -1.4997275e-08)
(1.9219282 0.2896136 -1.3395172e-08)
(1.9262942 0.24334273 -7.8821232e-09)
(1.9245191 0.20134822 -1.845001e-09)
(1.9202507 0.16332859 6.033733e-09)
(1.9137404 0.12861684 1.4609765e-08)
(1.9048597 0.098106764 2.248477e-08)
(1.8946384 0.072311066 2.8569952e-08)
(1.8847026 0.051120306 3.1876641e-08)
(1.876133 0.034672247 3.3976207e-08)
(1.8716266 0.021181039 3.4673128e-08)
(1.8718073 0.0088658174 3.4306616e-08)
(1.8770292 -0.0037758659 3.3115992e-08)
(1.8886302 -0.017981708 3.08514e-08)
(1.9069808 -0.037766402 2.7499915e-08)
(1.9288474 -0.064624465 2.3734771e-08)
(1.951692 -0.098814771 1.9504964e-08)
(1.9742768 -0.14159651 1.516391e-08)
(1.9940252 -0.19225445 1.2247428e-08)
(2.0074241 -0.24878581 9.7246459e-09)
(2.012489 -0.30931131 6.8288452e-09)
(2.0082336 -0.3700968 7.2185439e-09)
(1.9906282 -0.42693989 8.8355603e-09)
(1.9555847 -0.47742537 1.0151321e-08)
(1.9046858 -0.5177821 9.8004715e-09)
(1.8431728 -0.54331757 7.9283361e-09)
(1.7749708 -0.55360074 5.3211575e-09)
(1.7036771 -0.55053242 2.8859626e-09)
(1.6324031 -0.53594727 1.1644463e-09)
(1.5629401 -0.51118841 2.117008e-10)
(1.4960221 -0.4774548 -1.7941449e-10)
(1.4318633 -0.43618577 -2.3690118e-10)
(1.3705861 -0.3889873 -2.0173788e-10)
(1.3125916 -0.33723964 -2.2477792e-10)
(1.2583955 -0.28273272 -1.3433976e-10)
(1.2078951 -0.2276147 2.814071e-10)
(1.161188 -0.17181759 5.597552e-10)
(1.1199662 -0.11306408 -5.3263621e-10)
(1.0849575 -0.053317989 -3.4967143e-09)
(1.0513876 -0.0025808822 -6.3971828e-09)
(1.0107212 0.028045616 -5.8335564e-09)
(0.95782989 0.036901078 2.199788e-10)
(0.89582432 0.034526797 1.0867255e-08)
(0.83584001 0.037203117 2.289455e-08)
(0.79123258 0.056263078 3.2460938e-08)
(0.76968471 0.093337176 3.7361305e-08)
(0.76793561 0.14148164 3.9429242e-08)
(0.7856139 0.19420047 3.9675807e-08)
(0.82151531 0.24257417 3.8152877e-08)
(0.86963828 0.28112149 3.6080402e-08)
(0.92533967 0.30653233 3.4192113e-08)
(0.98472268 0.31765656 3.2708005e-08)
(1.0446263 0.31523471 3.1479219e-08)
(1.1030901 0.30117076 3.018437e-08)
(1.1596869 0.27758397 2.851551e-08)
(1.2155348 0.24588473 2.6314669e-08)
(1.2728878 0.20616314 2.3628766e-08)
(1.3342003 0.15723155 2.0657578e-08)
(1.4005899 0.097550768 1.7634249e-08)
(1.470184 0.026790564 1.4730612e-08)
(1.5372958 -0.052736955 1.2013683e-08)
(1.5929824 -0.13483853 9.4507163e-09)
(1.6272461 -0.20961442 7.0011763e-09)
(1.6327696 -0.26738051 4.7524759e-09)
(1.6083253 -0.30270476 2.9705279e-09)
(1.5588589 -0.31516852 1.8421848e-09)
(1.492421 -0.30792758 1.1373457e-09)
(1.4171795 -0.28584627 3.5691321e-10)
(1.3402029 -0.25470057 -6.3846464e-10)
(1.2673219 -0.22121718 -1.2451915e-09)
(1.2029446 -0.19253129 -5.1063336e-10)
(1.1494848 -0.17443205 2.0289671e-09)
(1.1069399 -0.16944596 5.8537152e-09)
(1.0732355 -0.17614122 9.6849259e-09)
(1.0453307 -0.19013717 1.2118907e-08)
(1.0204467 -0.2059388 1.2167139e-08)
(0.99679287 -0.2185539 9.5079935e-09)
(0.97365691 -0.22420624 4.5271161e-09)
(0.951139 -0.2204828 -1.7885876e-09)
(0.92982309 -0.20599455 -8.1184065e-09)
(0.91058356 -0.18025844 -1.3202649e-08)
(0.89425566 -0.14334914 -1.6215722e-08)
(0.88184278 -0.095893989 -1.6943508e-08)
(0.87410175 -0.03896854 -1.5718655e-08)
(0.87189498 0.025710305 -1.3189853e-08)
(0.87615767 0.095523602 -1.0083527e-08)
(0.88764049 0.16712381 -7.0377608e-09)
(0.90695229 0.23640746 -4.511711e-09)
(0.9341789 0.29880659 -2.7491499e-09)
(0.96860791 0.35004448 -1.7836099e-09)
(1.0088916 0.38690103 -1.4968762e-09)
(1.0536388 0.40741427 -1.7184405e-09)
(1.1017743 0.41049859 -2.3179606e-09)
(1.1521441 0.39575799 -3.2453018e-09)
(1.2030037 0.36397799 -4.50331e-09)
(1.2522511 0.31762129 -6.0551794e-09)
(1.298062 0.26037723 -7.6906303e-09)
(1.3391484 0.19617677 -8.9596308e-09)
(1.3747018 0.12857906 -9.3063868e-09)
(1.4041761 0.060640345 -8.389596e-09)
(1.4267545 -0.0048018156 -6.3558798e-09)
(1.4410022 -0.064795236 -3.809102e-09)
(1.4452413 -0.11633182 -1.4576704e-09)
(1.4384561 -0.15719777 2.9200427e-10)
(1.4211313 -0.18676721 1.4809825e-09)
(1.3953712 -0.2062076 2.3991856e-09)
(1.3642202 -0.2179516 3.2406959e-09)
(1.3306965 -0.22480691 3.8958161e-09)
(1.2970867 -0.22919497 4.0172514e-09)
(1.2647098 -0.23275206 3.2797866e-09)
(1.2340665 -0.23624894 1.6323258e-09)
(1.2051508 -0.23966321 -6.2172849e-10)
(1.1777572 -0.24228994 -2.9456192e-09)
(1.1517095 -0.24287285 -4.7973978e-09)
(1.1269849 -0.23977592 -5.8305917e-09)
(1.1037602 -0.23123536 -5.9799266e-09)
(1.0824053 -0.2156899 -5.4240392e-09)
(1.0634231 -0.19212481 -4.4723225e-09)
(1.0473629 -0.16034296 -3.4355464e-09)
(1.0347247 -0.1210779 -2.5257758e-09)
(1.0258548 -0.075969181 -1.8111113e-09)
(1.0208835 -0.027284614 -1.2313024e-09)
(1.0198647 0.022475969 -6.6127154e-10)
(1.0225686 0.07093969 1.1858008e-11)
(1.0285303 0.11623352 8.3160566e-10)
(1.03743 0.1570448 1.7562934e-09)
(1.049087 0.19250346 2.6856262e-09)
(1.063401 0.22200008 3.5078946e-09)
(1.0802451 0.24507217 4.1414975e-09)
(1.0993839 0.26138547 4.5537609e-09)
(1.1204883 0.27072984 4.756179e-09)
(1.1431902 0.27298151 4.786845e-09)
(1.1671099 0.26806388 4.6925094e-09)
(1.1918382 0.25598169 4.5169551e-09)
(1.2169428 0.2368977 4.292743e-09)
(1.2420274 0.21116989 4.0298689e-09)
(1.2668045 0.17931844 3.7044308e-09)
(1.2911091 0.14194786 3.2671104e-09)
(1.3147502 0.099808282 2.6849335e-09)
(1.3371862 0.054008824 1.9915453e-09)
(1.3571996 0.0062931297 1.2927907e-09)
(1.3729078 -0.04091152 7.0564078e-10)
(1.3822391 -0.084827559 2.7800802e-10)
(1.3836441 -0.12303017 -3.4634943e-11)
(1.3766815 -0.15406531 -3.1244032e-10)
(1.362128 -0.17766017 -5.876732e-10)
(1.3416175 -0.19447461 -8.080741e-10)
(1.3170644 -0.20558886 -8.7133352e-10)
(1.2901865 -0.21201172 -6.9574587e-10)
(1.2622688 -0.21439181 -2.7403393e-10)
(1.2341665 -0.21296548 3.1797111e-10)
(1.2064343 -0.20766707 9.5178196e-10)
(1.1794778 -0.19830311 1.491797e-09)
(1.153678 -0.18472905 1.8333667e-09)
(1.1294459 -0.16698486 1.9229768e-09)
(1.1072124 -0.14536652 1.7607052e-09)
(1.0874083 -0.12041866 1.390721e-09)
(1.0704042 -0.092901029 8.8589624e-10)
(1.056499 -0.06370151 3.318266e-10)
(1.045859 -0.033765489 -1.8780469e-10)
(1.0386034 -0.0040064148 -6.0285068e-10)
(1.0346966 0.024822551 -8.649368e-10)
(1.0339055 0.051994976 -9.5137315e-10)
(1.0360292 0.077051541 -8.6589295e-10)
(1.0408073 0.09970742 -6.3561233e-10)
(1.048007 0.11980286 -3.0460286e-10)
(1.0574593 0.13722698 7.475334e-11)
(1.069063 0.15183831 4.5094012e-10)
(1.0827417 0.16341058 7.8121115e-10)
(1.0984085 0.17163611 1.0366372e-09)
(1.1159191 0.17615645 1.2039167e-09)
(1.1350772 0.17662182 1.2841597e-09)
(1.1556064 0.17272985 1.2901005e-09)
(1.1771745 0.1642856 1.2423346e-09)
(1.1993657 0.15123191 1.1657635e-09)
(1.2217316 0.13370589 1.0851322e-09)
(1.2437651 0.11202258 1.0202279e-09)
(1.2649403 0.086732359 9.7994583e-10)
(1.2846306 0.058556242 9.5955654e-10)
(1.3021186 0.028489307 9.4328754e-10)
(1.3165026 -0.0023080682 9.1543593e-10)
(1.3268156 -0.032446406 8.7333942e-10)
(1.3321959 -0.06057321 8.3487648e-10)
(1.3319842 -0.085444874 8.3248314e-10)
(1.3261168 -0.10627431 8.9648955e-10)
(1.3148186 -0.12264094 1.0376938e-09)
(1.299136 -0.13462072 1.2396949e-09)
(1.2797319 -0.14252314 1.4628775e-09)
(1.2582988 -0.14675967 1.6624978e-09)
(1.2349279 -0.14786844 1.7926703e-09)
(1.2117398 -0.1458827 1.8369998e-09)
(1.1875119 -0.14164389 1.7710698e-09)
(1.1651803 -0.13397638 1.6244199e-09)
(1.1419646 -0.12536211 1.3817873e-09)
(1.1217457 -0.11138887 1.0948141e-09)
(1.1011874 -0.099648539 7.6483193e-10)
(1.0828681 -0.077973478 3.9783817e-10)
(1.0679257 -0.065268956 9.2836963e-11)
(1.0462038 -0.030368058 -3.7610499e-10)
(1.1428525 0.010350956 2.8569295e-11)
(1.1438272 0.030861968 -1.2538092e-10)
(1.145903 0.051970442 2.8023064e-10)
(1.1489142 0.073491687 -5.2207617e-10)
(1.1533039 0.096687423 8.5766609e-10)
(1.1592168 0.12066595 -1.2074078e-09)
(1.1674506 0.147516 1.5545612e-09)
(1.178207 0.17485953 -1.8613405e-09)
(1.192555 0.20622591 2.1219116e-09)
(1.2109347 0.23678132 -2.1550833e-09)
(1.2341972 0.27183706 1.5701276e-09)
(1.264244 0.30415566 -3.552361e-10)
(1.29969 0.33895003 -6.4346591e-10)
(1.3443019 0.36837869 8.4749777e-10)
(1.393798 0.39506477 -5.3742648e-10)
(1.4526773 0.41397745 6.5568952e-10)
(1.5151959 0.4230775 -2.2135392e-11)
(1.5815319 0.42072435 -4.8757712e-10)
(1.6477604 0.40493015 3.7490824e-11)
(1.706453 0.37621163 4.899092e-10)
(1.7572192 0.33981583 -1.0960247e-09)
(1.7953123 0.30007566 -2.583122e-09)
(1.8258834 0.26192205 -4.549623e-09)
(1.8496642 0.22618274 -5.2073256e-09)
(1.8667479 0.19221735 -3.8972162e-09)
(1.8772276 0.15984862 -4.6327453e-10)
(1.882641 0.12931214 4.1586986e-09)
(1.8843609 0.10136121 8.8725564e-09)
(1.8839318 0.076593554 1.2526158e-08)
(1.8826727 0.054919291 1.5184827e-08)
(1.8821663 0.036190168 1.6746519e-08)
(1.8839479 0.019624403 1.8072442e-08)
(1.8885419 0.0031511853 1.9317279e-08)
(1.8957926 -0.013603557 2.0311007e-08)
(1.9064689 -0.031787246 2.0749206e-08)
(1.9200025 -0.053925301 2.0375878e-08)
(1.9345792 -0.082121298 1.904417e-08)
(1.9481934 -0.11674956 1.7051026e-08)
(1.9590758 -0.15713754 1.4938005e-08)
(1.9649852 -0.20257471 1.2874708e-08)
(1.963788 -0.25162152 1.1016052e-08)
(1.953493 -0.30183395 9.5316086e-09)
(1.9319479 -0.35087535 8.1705633e-09)
(1.8985879 -0.39655165 6.5772226e-09)
(1.8551301 -0.43501927 4.6294376e-09)
(1.8036609 -0.46300108 2.5766611e-09)
(1.7460482 -0.48020168 8.4536712e-10)
(1.6845184 -0.48702318 -2.4970788e-10)
(1.6212467 -0.48352696 -6.8524685e-10)
(1.5576404 -0.46986685 -6.7323838e-10)
(1.4944605 -0.44660447 -4.7908846e-10)
(1.4323099 -0.41471002 -2.7311558e-10)
(1.3718324 -0.37561796 -1.0818815e-10)
(1.3136952 -0.33105343 -2.7196953e-11)
(1.2586589 -0.28258671 -5.3760162e-11)
(1.2074862 -0.23186623 -2.9206336e-11)
(1.1605177 -0.18068659 2.0322733e-10)
(1.1178932 -0.12935993 3.8119163e-10)
(1.0807296 -0.076419268 -2.8086847e-10)
(1.050292 -0.022121233 -2.3497145e-09)
(1.0248282 0.027619645 -4.9508308e-09)
(0.99876439 0.064438912 -5.9814621e-09)
(0.96609645 0.083808725 -3.5510532e-09)
(0.92435752 0.089123874 2.7620774e-09)
(0.87751244 0.089469302 1.1539614e-08)
(0.83363331 0.094629731 2.0683052e-08)
(0.80186555 0.11150613 2.8372861e-08)
(0.79087029 0.13990704 3.282546e-08)
(0.79963131 0.17255574 3.4674534e-08)
(0.82392176 0.20541447 3.5402545e-08)
(0.86155888 0.23315069 3.521186e-08)
(0.90986023 0.25142066 3.4216188e-08)
(0.96506278 0.25879273 3.2712482e-08)
(1.0243904 0.25497415 3.0798737e-08)
(1.0861379 0.24047226 2.8483423e-08)
(1.1497068 0.21602393 2.5783643e-08)
(1.2152841 0.1821269 2.2780873e-08)
(1.2831273 0.13893399 1.9624094e-08)
(1.3525695 0.086626571 1.648348e-08)
(1.4210257 0.026085392 1.3483635e-08)
(1.4834702 -0.040145659 1.0681412e-08)
(1.5327741 -0.10693585 8.108863e-09)
(1.5613196 -0.16712422 5.8042785e-09)
(1.5639093 -0.21396727 3.8289438e-09)
(1.5402097 -0.24344419 2.3083442e-09)
(1.494658 -0.2551422 1.3448781e-09)
(1.4342146 -0.25140156 8.0122338e-10)
(1.3659187 -0.23567426 2.8923822e-10)
(1.2957093 -0.21178137 -4.4869026e-10)
(1.2284475 -0.18426138 -1.1342364e-09)
(1.1680335 -0.1585484 -1.0310156e-09)
(1.116982 -0.14002354 4.9207288e-10)
(1.075824 -0.13227841 3.419104e-09)
(1.0430302 -0.13581604 7.0213605e-09)
(1.0157277 -0.14810531 1.0229489e-08)
(0.99086503 -0.16481329 1.2069833e-08)
(0.96616468 -0.18131589 1.1902233e-08)
(0.94052904 -0.19371833 9.498312e-09)
(0.91391661 -0.19920767 5.0783102e-09)
(0.88702907 -0.19596306 -6.7903503e-10)
(0.86093725 -0.18293639 -6.7536709e-09)
(0.83688122 -0.1597033 -1.2049069e-08)
(0.8160808 -0.12635801 -1.5720144e-08)
(0.79974154 -0.083471971 -1.7396036e-08)
(0.78901214 -0.032206436 -1.7208787e-08)
(0.78486251 0.0258137 -1.5647302e-08)
(0.78823383 0.08805842 -1.3343917e-08)
(0.79995976 0.15139265 -1.0892679e-08)
(0.82048771 0.21214216 -8.7375122e-09)
(0.84969621 0.26638622 -7.1343351e-09)
(0.8868455 0.31048028 -6.1694915e-09)
(0.93072732 0.3415303 -5.8157096e-09)
(0.97994208 0.35759409 -5.9980386e-09)
(1.0330002 0.35765415 -6.6349922e-09)
(1.0881542 0.34167569 -7.6276754e-09)
(1.1433099 0.31081373 -8.8006946e-09)
(1.196284 0.26744988 -9.8406814e-09)
(1.2451929 0.21478077 -1.0313067e-08)
(1.2886037 0.15617411 -9.8167292e-09)
(1.3253451 0.094959201 -8.2216984e-09)
(1.3541241 0.034449209 -5.8137559e-09)
(1.3733274 -0.022028675 -3.1919599e-09)
(1.3814495 -0.071369494 -9.5314751e-10)
(1.377884 -0.11136431 6.1732823e-10)
(1.3634839 -0.14135925 1.6232552e-09)
(1.3405184 -0.16230113 2.367643e-09)
(1.3119732 -0.17620517 3.0625085e-09)
(1.2806775 -0.18539537 3.652446e-09)
(1.2487145 -0.19190392 3.8534158e-09)
(1.2172684 -0.19718836 3.3530967e-09)
(1.1867853 -0.20209367 2.0300021e-09)
(1.1572588 -0.2069115 5.9846753e-11)
(1.1284935 -0.21143306 -2.138102e-09)
(1.100295 -0.21497428 -4.0665054e-09)
(1.0725981 -0.21642302 -5.3296143e-09)
(1.0455435 -0.21435225 -5.7445092e-09)
(1.0195061 -0.20721779 -5.3559443e-09)
(0.99508597 -0.19364318 -4.3763843e-09)
(0.97302881 -0.17271899 -3.0924355e-09)
(0.95413412 -0.14425117 -1.7737556e-09)
(0.93910948 -0.108897 -6.0662937e-10)
(0.92847435 -0.068081075 3.3554758e-10)
(0.92252624 -0.023762281 1.0808385e-09)
(0.92128989 0.021789859 1.7144817e-09)
(0.92449538 0.066359964 2.3247714e-09)
(0.93170907 0.10814092 2.9606807e-09)
(0.94250613 0.14577834 3.6161042e-09)
(0.95652294 0.17832229 4.2434865e-09)
(0.97344594 0.20512901 4.782266e-09)
(0.99297773 0.22576725 5.1852118e-09)
(1.0147975 0.23995492 5.4316226e-09)
(1.0385707 0.24751658 5.5261418e-09)
(1.0639596 0.24834175 5.4887429e-09)
(1.0906269 0.24237512 5.3418355e-09)
(1.1182372 0.22963376 5.0984193e-09)
(1.1464476 0.21025072 4.7531143e-09)
(1.1749471 0.18450095 4.2830147e-09)
(1.2033923 0.15282722 3.6660589e-09)
(1.2312581 0.11594796 2.9150425e-09)
(1.2576121 0.075039562 2.1023195e-09)
(1.2809377 0.031895098 1.3427982e-09)
(1.2992459 -0.011160937 7.3380352e-10)
(1.3105763 -0.0516021 2.9651208e-10)
(1.3136341 -0.087274166 -2.6628116e-11)
(1.3081946 -0.11690155 -3.1186773e-10)
(1.2951403 -0.14022563 -5.8277688e-10)
(1.276081 -0.15777563 -7.8595089e-10)
(1.2528297 -0.170445 -8.2712667e-10)
(1.2269789 -0.17908825 -6.3341538e-10)
(1.1997158 -0.18427953 -1.979142e-10)
(1.1718345 -0.18624829 4.1433597e-10)
(1.1438648 -0.18494585 1.0920385e-09)
(1.1162197 -0.1801766 1.7148063e-09)
(1.0892948 -0.17173335 2.1844738e-09)
(1.0635329 -0.15951067 2.4424338e-09)
(1.0394122 -0.14358812 2.473504e-09)
(1.0174304 -0.12426173 2.3004484e-09)
(0.99804145 -0.10203969 1.9733893e-09)
(0.9816436 -0.077595608 1.5576198e-09)
(0.96850528 -0.051707228 1.1219145e-09)
(0.9587937 -0.025185293 7.2844069e-10)
(0.95259174 0.0011977178 4.250881e-10)
(0.94978544 0.026701214 2.4064774e-10)
(0.95017068 0.0507791 1.839085e-10)
(0.95354467 0.073000928 2.447461e-10)
(0.95966414 0.09306736 3.981047e-10)
(0.96830985 0.11077209 6.0983755e-10)
(0.97931298 0.12594555 8.432288e-10)
(0.9925517 0.13840285 1.0650283e-09)
(1.0079242 0.14791075 1.2499611e-09)
(1.0253183 0.15419016 1.3831708e-09)
(1.0445771 0.15693677 1.460549e-09)
(1.0654881 0.1558661 1.4872567e-09)
(1.0877597 0.15074554 1.4750313e-09)
(1.1110273 0.14145145 1.4385331e-09)
(1.1348309 0.1279914 1.3913597e-09)
(1.1586232 0.11056649 1.3419194e-09)
(1.1817437 0.089575461 1.2910518e-09)
(1.203419 0.065668981 1.2325457e-09)
(1.2227146 0.039736212 1.1589287e-09)
(1.2386269 0.012906867 1.0697194e-09)
(1.2501275 -0.013619192 9.7898104e-10)
(1.2564122 -0.038564197 9.1427984e-10)
(1.2570333 -0.06092756 9.0731238e-10)
(1.2519865 -0.079976578 9.7845081e-10)
(1.241805 -0.095446874 1.1260712e-09)
(1.2272479 -0.1073163 1.3250356e-09)
(1.2094731 -0.11588055 1.5355666e-09)
(1.1892351 -0.1214253 1.7159844e-09)
(1.1678204 -0.12428991 1.8344391e-09)
(1.1453036 -0.12472345 1.8713801e-09)
(1.1232103 -0.12276923 1.8267219e-09)
(1.1005086 -0.11876794 1.700098e-09)
(1.0796019 -0.11207026 1.517476e-09)
(1.0579568 -0.10405968 1.2754596e-09)
(1.0393632 -0.091856275 1.0145038e-09)
(1.0200884 -0.080906545 7.2746116e-10)
(1.0038348 -0.061511918 4.3241896e-10)
(0.98974184 -0.049995014 1.834672e-10)
(0.971232 -0.017988183 -1.72256e-10)
(1.0679056 0.0098204951 1.4550375e-11)
(1.0693075 0.02926041 -6.3911132e-11)
(1.0722316 0.04912082 1.3838128e-10)
(1.0764676 0.069285616 -2.6162529e-10)
(1.0824768 0.090695644 4.2355789e-10)
(1.0903252 0.11274012 -5.7044423e-10)
(1.1007192 0.13679642 6.6926889e-10)
(1.1138325 0.16135766 -6.8113355e-10)
(1.1303719 0.18835115 6.7180525e-10)
(1.1509338 0.21514085 -6.0241266e-10)
(1.1757371 0.24390665 3.5203289e-10)
(1.2062231 0.2712376 1.7317789e-10)
(1.2415885 0.29848063 -5.0650774e-10)
(1.2835924 0.32235976 2.5150974e-10)
(1.3304674 0.34248103 1.5531894e-10)
(1.3828459 0.3566639 9.0079385e-11)
(1.4390191 0.36314708 -1.5129824e-11)
(1.4965732 0.36059413 -2.0512636e-10)
(1.5539421 0.34839195 -2.3336651e-10)
(1.6066829 0.32690628 2.7895862e-10)
(1.6530734 0.29868667 3.307914e-10)
(1.6913126 0.26696099 1.3211831e-11)
(1.7218184 0.23454173 -8.9224041e-10)
(1.7465121 0.20315819 -1.7637363e-09)
(1.7660905 0.17320032 -1.9391523e-09)
(1.782181 0.14499242 -1.1603382e-09)
(1.7955357 0.11853792 3.4723041e-10)
(1.8060329 0.093932731 2.0736298e-09)
(1.8141537 0.071403613 3.5231189e-09)
(1.8205164 0.050714699 4.6709541e-09)
(1.8258949 0.031806572 5.6182885e-09)
(1.8312865 0.013990366 6.6033361e-09)
(1.8373467 -0.0039394983 7.5798173e-09)
(1.8447002 -0.022340664 8.4338516e-09)
(1.8529037 -0.042530273 8.9212345e-09)
(1.8614586 -0.066087545 8.886735e-09)
(1.8693423 -0.093803515 8.3405907e-09)
(1.8751155 -0.12564769 7.4422823e-09)
(1.877296 -0.16141206 6.3777588e-09)
(1.8744163 -0.20038197 5.2823651e-09)
(1.8648328 -0.24131814 4.2275906e-09)
(1.8472063 -0.28269864 3.2226486e-09)
(1.8214348 -0.32223135 2.2608833e-09)
(1.7881251 -0.35728967 1.3831293e-09)
(1.7475877 -0.38627786 6.9222788e-10)
(1.700454 -0.40836788 2.8704609e-10)
(1.6481974 -0.42255032 1.6918646e-10)
(1.5924216 -0.42768393 2.300388e-10)
(1.5343393 -0.42313689 3.3071991e-10)
(1.4749082 -0.40897773 3.8128841e-10)
(1.4150553 -0.38586728 3.6066089e-10)
(1.3557594 -0.35492141 2.9694504e-10)
(1.2980476 -0.3176637 2.3270586e-10)
(1.2428554 -0.27580912 1.7057078e-10)
(1.1911334 -0.23092665 7.9389541e-11)
(1.1436714 -0.18446875 4.5004744e-11)
(1.1009702 -0.13788189 1.617905e-10)
(1.0632891 -0.091637138 2.5160545e-10)
(1.0313942 -0.044781267 -1.9998707e-10)
(1.0062345 0.0030397039 -1.6182672e-09)
(0.98746069 0.048766585 -3.6169705e-09)
(0.97201845 0.086513088 -5.0758845e-09)
(0.95599214 0.11097059 -4.7027354e-09)
(0.9355129 0.12266941 -1.7955292e-09)
(0.91030772 0.12669618 3.3472759e-09)
(0.88419647 0.1294081 9.6390158e-09)
(0.86239893 0.13536294 1.5767047e-08)
(0.85044879 0.14624851 2.0605131e-08)
(0.85224046 0.16136696 2.3630091e-08)
(0.87016949 0.1790184 2.5375217e-08)
(0.90181792 0.19336565 2.5927219e-08)
(0.94427066 0.20172963 2.5613299e-08)
(0.99543075 0.2021378 2.454817e-08)
(1.0528556 0.19350683 2.2876099e-08)
(1.1146061 0.17552347 2.0740107e-08)
(1.1791458 0.1483487 1.8288362e-08)
(1.2449316 0.11254078 1.5675858e-08)
(1.3098417 0.06905834 1.304728e-08)
(1.3706769 0.019492745 1.0515118e-08)
(1.4229516 -0.033326564 8.1525114e-09)
(1.4611954 -0.085144115 6.0183888e-09)
(1.4802176 -0.13098003 4.1754976e-09)
(1.4771193 -0.16648797 2.6797425e-09)
(1.4526312 -0.18915671 1.5722523e-09)
(1.4106868 -0.19880851 8.6453775e-10)
(1.3568529 -0.19711977 4.6378816e-10)
(1.2967831 -0.18645447 1.2564404e-10)
(1.2352474 -0.16920022 -3.7917412e-10)
(1.1760379 -0.14813202 -9.6712684e-10)
(1.1222842 -0.1269293 -1.1620114e-09)
(1.0763086 -0.10987395 -3.9351426e-10)
(1.0390123 -0.10063577 1.5691294e-09)
(1.009491 -0.10090404 4.4214235e-09)
(0.98532756 -0.10980218 7.4854433e-09)
(0.96349202 -0.12443061 1.0024885e-08)
(0.94132801 -0.14103088 1.145482e-08)
(0.91720338 -0.15606555 1.1385747e-08)
(0.89062464 -0.16673708 9.620901e-09)
(0.86206154 -0.17108341 6.2017897e-09)
(0.83257565 -0.16776833 1.483693e-09)
(0.80358039 -0.15601295 -3.8723732e-09)
(0.77656213 -0.13540339 -9.0338905e-09)
(0.75301224 -0.10604712 -1.3237153e-08)
(0.73433144 -0.068411149 -1.5996592e-08)
(0.72187198 -0.023589302 -1.7206881e-08)
(0.71669488 0.026817975 -1.7098329e-08)
(0.71973955 0.080531297 -1.6099966e-08)
(0.73181869 0.13475604 -1.4686792e-08)
(0.75327684 0.18627508 -1.326372e-08)
(0.78390106 0.23173965 -1.2105829e-08)
(0.82293225 0.26804645 -1.1350743e-08)
(0.86915122 0.29268993 -1.1021203e-08)
(0.92100025 0.30397997 -1.10513e-08)
(0.97665523 0.30114728 -1.1297516e-08)
(1.0340335 0.28441361 -1.1534924e-08)
(1.0908458 0.25503296 -1.146547e-08)
(1.1448508 0.21519215 -1.0783449e-08)
(1.1939789 0.16771373 -9.3041262e-09)
(1.236332 0.11582332 -7.0982524e-09)
(1.2700829 0.062945153 -4.5245463e-09)
(1.2934114 0.012559606 -2.087693e-09)
(1.3049884 -0.032309953 -1.9232393e-10)
(1.30463 -0.069567848 1.0466073e-09)
(1.2935671 -0.098564985 1.8041805e-09)
(1.274159 -0.11999413 2.3676476e-09)
(1.249225 -0.13537888 2.9175973e-09)
(1.2213038 -0.14646604 3.410937e-09)
(1.1922174 -0.15479573 3.6190382e-09)
(1.1630016 -0.16152661 3.2766152e-09)
(1.1340736 -0.1674327 2.2469044e-09)
(1.1054662 -0.17294942 6.1594523e-10)
(1.0770304 -0.17819304 -1.3231592e-09)
(1.0485771 -0.18294232 -3.1751387e-09)
(1.0199805 -0.18661239 -4.5759987e-09)
(0.9912612 -0.18826697 -5.2938959e-09)
(0.96265707 -0.18670698 -5.2669721e-09)
(0.93465543 -0.18063246 -4.5838388e-09)
(0.90799907 -0.16887877 -3.4316148e-09)
(0.88360339 -0.15066753 -2.0354177e-09)
(0.86242533 -0.1258006 -6.0451693e-10)
(0.84536873 -0.094775592 7.07039e-10)
(0.83316201 -0.058769328 1.8203082e-09)
(0.82615378 -0.019495451 2.7273772e-09)
(0.82443461 0.021088961 3.4669114e-09)
(0.82784721 0.061024142 4.0914508e-09)
(0.83595356 0.098610926 4.6396981e-09)
(0.84826897 0.13251278 5.1230443e-09)
(0.86431144 0.16175037 5.5293399e-09)
(0.88362417 0.18564333 5.8358716e-09)
(0.90579177 0.20374006 6.0224399e-09)
(0.93042949 0.21574068 6.0779603e-09)
(0.95718719 0.22145185 5.9996052e-09)
(0.98574648 0.22074333 5.7874978e-09)
(1.0157897 0.21354538 5.4388693e-09)
(1.0469858 0.19987046 4.9472087e-09)
(1.0789213 0.17986397 4.309253e-09)
(1.1110233 0.15390547 3.5416652e-09)
(1.1424219 0.1227051 2.6979178e-09)
(1.1718269 0.087468314 1.868525e-09)
(1.1975309 0.049926351 1.1518199e-09)
(1.2175839 0.012214905 6.0574373e-10)
(1.2302666 -0.023520647 2.1743094e-10)
(1.2346329 -0.055471609 -7.9144148e-11)
(1.2307408 -0.082598829 -3.4635969e-10)
(1.2195574 -0.10467607 -5.9134947e-10)
(1.2026108 -0.12208205 -7.5857739e-10)
(1.1815327 -0.13547426 -7.6680417e-10)
(1.1577269 -0.1454951 -5.5918433e-10)
(1.1322316 -0.15259459 -1.3436222e-10)
(1.1057498 -0.15697644 4.5285586e-10)
(1.0787626 -0.15862996 1.1129587e-09)
(1.051655 -0.15740593 1.749578e-09)
(1.0248097 -0.15310699 2.2817742e-09)
(0.99865805 -0.14557437 2.6563131e-09)
(0.97368741 -0.13475614 2.8507566e-09)
(0.95041854 -0.1207547 2.8706689e-09)
(0.92936085 -0.10384858 2.7435596e-09)
(0.91098717 -0.084481683 2.5113724e-09)
(0.89566933 -0.063231428 2.2226174e-09)
(0.88368567 -0.040752121 1.9250642e-09)
(0.87516721 -0.017732041 1.6595368e-09)
(0.87014357 0.0051855047 1.4552582e-09)
(0.86855656 0.027355336 1.3276408e-09)
(0.87021029 0.048292299 1.2786611e-09)
(0.87491114 0.067600548 1.2985487e-09)
(0.88244665 0.084974194 1.3692654e-09)
(0.8926172 0.10017352 1.4687637e-09)
(0.90525549 0.11298866 1.5751544e-09)
(0.92021924 0.12320691 1.6701023e-09)
(0.93737413 0.13059449 1.7409288e-09)
(0.95656371 0.13489957 1.7812932e-09)
(0.97758429 0.13587122 1.7905046e-09)
(1.0001581 0.1332938 1.7717774e-09)
(1.0239159 0.12702358 1.7298688e-09)
(1.0483731 0.11703358 1.6686726e-09)
(1.0729167 0.10345716 1.5896572e-09)
(1.0967947 0.086624792 1.4919917e-09)
(1.1191048 0.067098307 1.3752024e-09)
(1.1388728 0.045659363 1.2436721e-09)
(1.1550692 0.023265201 1.1110385e-09)
(1.1667638 0.00098712779 1.0005708e-09)
(1.1732905 -0.020200619 9.4005714e-10)
(1.1744184 -0.039447137 9.5122288e-10)
(1.1702956 -0.056232071 1.0403341e-09)
(1.1614672 -0.070278075 1.1935198e-09)
(1.1487507 -0.081612864 1.3813881e-09)
(1.1330004 -0.090336188 1.5678642e-09)
(1.1151546 -0.09670434 1.720781e-09)
(1.0957992 -0.10085517 1.8181136e-09)
(1.0757866 -0.10299067 1.8501369e-09)
(1.0551521 -0.10315572 1.8170998e-09)
(1.0349474 -0.10138516 1.7274258e-09)
(1.0144015 -0.097745489 1.5895552e-09)
(0.9954075 -0.09193492 1.4204148e-09)
(0.97585148 -0.084591742 1.222153e-09)
(0.95922074 -0.074083686 1.0189232e-09)
(0.94171474 -0.06389757 8.0378666e-10)
(0.92783378 -0.046925275 5.9467922e-10)
(0.9149213 -0.036537963 4.1594926e-10)
(0.90004235 -0.0077046266 1.7703616e-10)
(0.98580868 0.0090937367 4.6617673e-12)
(0.98756973 0.027082857 -2.4329464e-11)
(0.99115354 0.045314889 5.195197e-11)
(0.99639025 0.063779729 -9.9942959e-11)
(1.0036383 0.08309034 1.6249518e-10)
(1.0130132 0.10294821 -2.1033197e-10)
(1.0250086 0.1241049 2.2636519e-10)
(1.0398494 0.1457814 -1.7701021e-10)
(1.0579646 0.16879083 1.3397329e-10)
(1.0798464 0.19184682 -9.6733492e-11)
(1.1056509 0.21553367 6.8552191e-11)
(1.1361038 0.23825833 9.7443802e-11)
(1.1709756 0.25991467 -1.8936191e-10)
(1.2107216 0.27892679 2.7661838e-11)
(1.2547629 0.29436736 1.9140484e-10)
(1.3024893 0.30491192 4.0218588e-11)
(1.3530816 0.30940518 -9.9136646e-11)
(1.4045821 0.30692365 -1.1781761e-10)
(1.4555244 0.29723382 -8.2376814e-11)
(1.5035387 0.28075238 1.5240194e-10)
(1.5468371 0.25887698 2.5719906e-10)
(1.5843138 0.23363802 1.4535463e-10)
(1.6156349 0.20690085 -1.9536505e-10)
(1.6416052 0.18008837 -5.3240417e-10)
(1.6630797 0.15402417 -6.1962219e-10)
(1.6809914 0.12906607 -4.0119064e-10)
(1.6960046 0.10532421 -1.902764e-11)
(1.7084801 0.082938677 3.2581445e-10)
(1.7188583 0.061970317 5.4654652e-10)
(1.7276326 0.042381712 7.2402441e-10)
(1.7353586 0.0239672 9.9574681e-10)
(1.7425859 0.0061957808 1.4277898e-09)
(1.7497327 -0.011466967 1.9390592e-09)
(1.7567433 -0.03009693 2.3823794e-09)
(1.763192 -0.050464852 2.6327734e-09)
(1.7687295 -0.073203887 2.6452094e-09)
(1.7726838 -0.098751713 2.4567289e-09)
(1.7740131 -0.12719106 2.1462346e-09)
(1.7715967 -0.15824253 1.7865647e-09)
(1.7642993 -0.19136861 1.4228995e-09)
(1.7511935 -0.22560915 1.0771877e-09)
(1.7318079 -0.25941185 7.6320741e-10)
(1.7058676 -0.29115369 4.9907546e-10)
(1.6731968 -0.31966259 3.0568806e-10)
(1.6341311 -0.34369379 1.894056e-10)
(1.5895813 -0.36157744 1.2840985e-10)
(1.5405615 -0.37182805 8.5081147e-11)
(1.487967 -0.37359336 3.5413197e-11)
(1.4327218 -0.36661617 -1.8477603e-11)
(1.3758922 -0.35113083 -6.1221058e-11)
(1.3186272 -0.3278512 -8.1187573e-11)
(1.2621202 -0.29791474 -7.6121411e-11)
(1.2075592 -0.26277274 -5.1092122e-11)
(1.156 -0.2240538 -2.6175787e-11)
(1.1084144 -0.18321132 -2.5060501e-11)
(1.0655911 -0.1414889 -7.2897674e-12)
(1.0280126 -0.10000948 7.1491984e-11)
(0.99591857 -0.059317427 1.0926794e-10)
(0.96982355 -0.018901815 -1.9230123e-10)
(0.95073263 0.021880923 -1.1372596e-09)
(0.93896339 0.06189251 -2.6159349e-09)
(0.93288307 0.096625119 -3.9425829e-09)
(0.92833224 0.12187479 -4.3157419e-09)
(0.92252594 0.13616258 -3.3086428e-09)
(0.91627278 0.14176668 -1.1686918e-09)
(0.91031055 0.14376499 2.371941e-09)
(0.90620818 0.14622359 6.7347925e-09)
(0.9065875 0.14890961 9.3833529e-09)
(0.91389077 0.15277077 1.1712105e-08)
(0.93322248 0.15731416 1.374103e-08)
(0.96218165 0.15973228 1.4753257e-08)
(1.0003953 0.15811287 1.4923955e-08)
(1.0463345 0.1506724 1.4420957e-08)
(1.0977735 0.13633824 1.3394689e-08)
(1.1523978 0.11475468 1.1995784e-08)
(1.2077349 0.086249009 1.036889e-08)
(1.2609763 0.051846968 8.6428362e-09)
(1.3086721 0.013396097 6.924751e-09)
(1.346873 -0.026597737 5.2991018e-09)
(1.3717109 -0.0648546 3.8344753e-09)
(1.3801516 -0.098034903 2.5922638e-09)
(1.3711281 -0.12355438 1.6207845e-09)
(1.3460591 -0.14014417 9.3099614e-10)
(1.3083062 -0.14783119 4.8248576e-10)
(1.2620169 -0.1475776 1.9075839e-10)
(1.2112259 -0.14087681 -6.4474403e-11)
(1.1595171 -0.12927608 -4.0772796e-10)
(1.1098162 -0.11437908 -8.3503816e-10)
(1.0644688 -0.09839761 -1.0926192e-09)
(1.0253605 -0.084333277 -7.7110359e-10)
(0.99352673 -0.075298637 4.1605705e-10)
(0.96861742 -0.073391927 2.4162005e-09)
(0.94884754 -0.078868105 4.858445e-09)
(0.93155328 -0.090134226 7.2520701e-09)
(0.91403869 -0.10446751 9.1727787e-09)
(0.89429973 -0.11895353 1.0318455e-08)
(0.87135356 -0.131118 1.0470564e-08)
(0.84519814 -0.13913565 9.4665279e-09)
(0.81658836 -0.14172688 7.2393704e-09)
(0.78674609 -0.13798996 3.9005086e-09)
(0.75718612 -0.12732082 -2.163724e-10)
(0.72949525 -0.10938228 -4.5954963e-09)
(0.70530962 -0.084212466 -8.6711469e-09)
(0.68615746 -0.05223299 -1.197866e-08)
(0.67345865 -0.014355609 -1.4266507e-08)
(0.66833326 0.027911395 -1.5523161e-08)
(0.67170494 0.072607194 -1.5923449e-08)
(0.68435997 0.11732338 -1.573687e-08)
(0.70654014 0.15931508 -1.5236366e-08)
(0.73795252 0.19577527 -1.4631883e-08)
(0.7777741 0.22412706 -1.4038129e-08)
(0.82469913 0.24230865 -1.3470113e-08)
(0.87700612 0.24897098 -1.2854126e-08)
(0.9326389 0.24361825 -1.2052364e-08)
(0.98929315 0.22665431 -1.0905413e-08)
(1.0444834 0.19937909 -9.2971251e-09)
(1.0956892 0.16393198 -7.2360088e-09)
(1.1404792 0.12307865 -4.9030571e-09)
(1.1765587 0.080000806 -2.6166536e-09)
(1.2020999 0.03790144 -7.0805351e-10)
(1.2160467 -0.00049305 6.3665118e-10)
(1.2185398 -0.033365688 1.4546114e-09)
(1.2110306 -0.060060802 1.9517399e-09)
(1.1957736 -0.080968837 2.3570168e-09)
(1.1752482 -0.097067225 2.7829878e-09)
(1.1515925 -0.10949122 3.1712028e-09)
(1.126323 -0.11926334 3.3371622e-09)
(1.1003335 -0.12719964 3.0767915e-09)
(1.074043 -0.13391832 2.2765514e-09)
(1.04757 -0.13986633 9.7781865e-10)
(1.0208649 -0.14531691 -6.2710873e-10)
(0.99380052 -0.15033315 -2.2573129e-09)
(0.96623896 -0.15471895 -3.6298968e-09)
(0.93810318 -0.15798983 -4.5329141e-09)
(0.90945376 -0.1593856 -4.8617178e-09)
(0.88056574 -0.15794235 -4.6179936e-09)
(0.85196549 -0.15261934 -3.8853464e-09)
(0.82443481 -0.142481 -2.7971534e-09)
(0.79895964 -0.12688842 -1.5061042e-09)
(0.776627 -0.10566168 -1.5777665e-10)
(0.75842071 -0.079164075 1.1300045e-09)
(0.74513043 -0.04833968 2.2798745e-09)
(0.7373211 -0.014584994 3.2571097e-09)
(0.73520277 0.020528835 4.0605498e-09)
(0.73864987 0.055244579 4.706415e-09)
(0.74733573 0.088034186 5.2127816e-09)
(0.76080285 0.11764235 5.5899899e-09)
(0.77853442 0.14309753 5.838876e-09)
(0.80001717 0.16368775 5.9540875e-09)
(0.82477325 0.17891181 5.9286715e-09)
(0.85236479 0.18842132 5.7571524e-09)
(0.88238265 0.19198036 5.4368618e-09)
(0.91441468 0.18944772 4.9694881e-09)
(0.94798485 0.18078739 4.3646172e-09)
(0.98247827 0.16612789 3.6465646e-09)
(1.0170488 0.14584871 2.8613419e-09)
(1.0505307 0.12066904 2.0773951e-09)
(1.081424 0.091750005 1.3722029e-09)
(1.1079974 0.060653323 8.0470444e-10)
(1.1285432 0.029161083 3.8798381e-10)
(1.1417162 -0.00095562129 8.4678316e-11)
(1.1469413 -0.02834312 -1.6462803e-10)
(1.1445429 -0.052193074 -3.9703735e-10)
(1.1355016 -0.072296785 -5.9965029e-10)
(1.1211782 -0.088863867 -7.1722496e-10)
(1.1029577 -0.10229593 -6.8614582e-10)
(1.0820087 -0.112997 -4.695863e-10)
(1.0591993 -0.12126169 -7.4442588e-11)
(1.0351314 -0.12723785 4.5327771e-10)
(1.0102315 -0.1309361 1.0459027e-09)
(0.98484762 -0.13226542 1.6332572e-09)
(0.95932781 -0.13108189 2.1565073e-09)
(0.93406278 -0.12723765 2.5749361e-09)
(0.90949823 -0.12063114 2.8672861e-09)
(0.88613673 -0.11125494 3.0299628e-09)
(0.86448825 -0.099217972 3.0738428e-09)
(0.84505782 -0.084768869 3.0204958e-09)
(0.82828148 -0.068274226 2.8980746e-09)
(0.8145361 -0.05022126 2.7369968e-09)
(0.8040613 -0.031141039 2.5660534e-09)
(0.79701924 -0.011612178 2.408867e-09)
(0.79344356 0.0078425713 2.2816337e-09)
(0.79322582 0.026664861 2.1921207e-09)
(0.79625853 0.044418447 2.1403868e-09)
(0.80237998 0.060737378 2.1201243e-09)
(0.81139855 0.075317107 2.1209653e-09)
(0.82312361 0.08790115 2.1309496e-09)
(0.83737483 0.098260751 2.1387066e-09)
(0.85397034 0.10617628 2.1349685e-09)
(0.87271215 0.11143114 2.1132797e-09)
(0.89335661 0.11381724 2.0699217e-09)
(0.91559009 0.11315673 2.0032965e-09)
(0.93899975 0.10933172 1.9131049e-09)
(0.9630533 0.10232335 1.7998173e-09)
(0.98708626 0.09224757 1.6648628e-09)
(1.0103004 0.079390318 1.5118723e-09)
(1.0317974 0.06422099 1.3486476e-09)
(1.0506308 0.047383679 1.1889688e-09)
(1.0659076 0.029643687 1.052435e-09)
(1.0769145 0.011796613 9.6115599e-10)
(1.0831949 -0.0054033786 9.3331455e-10)
(1.0846307 -0.021341133 9.7642334e-10)
(1.081512 -0.035606097 1.0831766e-09)
(1.0743475 -0.047998637 1.2330488e-09)
(1.0638264 -0.058442125 1.3978867e-09)
(1.0506748 -0.066999318 1.5500981e-09)
(1.0355555 -0.073719537 1.6682606e-09)
(1.0190891 -0.078731197 1.740515e-09)
(1.0016662 -0.082045943 1.7636375e-09)
(0.98382352 -0.083762168 1.7410946e-09)
(0.965601 -0.083820276 1.6799258e-09)
(0.94772608 -0.082256592 1.5886759e-09)
(0.92969684 -0.079009086 1.4750446e-09)
(0.91294986 -0.073976442 1.3478176e-09)
(0.89587248 -0.067366011 1.2101752e-09)
(0.88146772 -0.058404188 1.0733903e-09)
(0.86617084 -0.049011568 9.3410611e-10)
(0.8548898 -0.034552998 8.0387839e-10)
(0.84349549 -0.025169038 6.920494e-10)
(0.83257292 0.00023960259 5.5156078e-10)
(0.89656692 0.0082130938 7.3482984e-13)
(0.89861628 0.024438757 -7.3219033e-12)
(0.902712 0.04075839 1.5566688e-11)
(0.90873032 0.057238102 -3.0048813e-11)
(0.91692879 0.074256919 4.9940456e-11)
(0.92746175 0.091724903 -6.1803082e-11)
(0.94065696 0.11000273 6.3558339e-11)
(0.95672546 0.12872679 -2.964639e-11)
(0.97594442 0.14813483 8.6994475e-12)
(0.9986312 0.16758714 6.4580939e-12)
(1.0249396 0.18703551 2.4429541e-11)
(1.0551617 0.20563468 1.8935937e-11)
(1.0892561 0.2229014 -4.6094601e-11)
(1.127172 0.23788874 6.6606668e-12)
(1.1685856 0.249761 9.6206931e-11)
(1.2127829 0.25760792 2.4255703e-11)
(1.2590168 0.26067141 -7.449765e-11)
(1.3059671 0.25838046 -6.5106506e-11)
(1.352323 0.25060531 1.9214363e-12)
(1.396573 0.23768268 9.904854e-11)
(1.4373351 0.22045232 1.1509837e-10)
(1.4736881 0.20019219 3.0347683e-11)
(1.5052377 0.17823313 -1.007292e-10)
(1.5322244 0.15569509 -1.7772667e-10)
(1.5551732 0.13335495 -1.4665665e-10)
(1.5746939 0.11161365 -4.4256214e-11)
(1.5912893 0.090656449 4.1686391e-11)
(1.6053354 0.070600078 5.2165881e-11)
(1.6172197 0.051519953 8.4503047e-12)
(1.6273171 0.033376465 -1.5338015e-11)
(1.6360083 0.015950818 4.259407e-11)
(1.6436856 -0.0010889938 1.8491657e-10)
(1.6504955 -0.018277923 3.5859651e-10)
(1.6563163 -0.036344667 4.9894666e-10)
(1.66096 -0.055703388 5.6793364e-10)
(1.6641138 -0.076688528 5.6479341e-10)
(1.6651734 -0.099622688 5.1236113e-10)
(1.6633116 -0.12458836 4.3645209e-10)
(1.6576819 -0.15136758 3.5359806e-10)
(1.6475612 -0.1794104 2.7130499e-10)
(1.6323272 -0.20782803 1.9411229e-10)
(1.6114037 -0.23561592 1.2753197e-10)
(1.5844547 -0.26170128 7.6826049e-11)
(1.5515813 -0.28473841 4.2988775e-11)
(1.5131506 -0.30321236 2.1894317e-11)
(1.4695949 -0.31582855 8.6125798e-12)
(1.4214896 -0.32168347 1.5908056e-12)
(1.3696906 -0.3202048 1.8090692e-12)
(1.3153223 -0.31118075 7.9563745e-12)
(1.2596955 -0.29485763 1.4900737e-11)
(1.2042031 -0.27197599 1.8128589e-11)
(1.1502297 -0.24367605 1.7394444e-11)
(1.099061 -0.2113357 1.5004413e-11)
(1.0517535 -0.17641969 9.6908977e-12)
(1.0091528 -0.14022156 -7.8542364e-13)
(0.97187952 -0.10376352 2.2680368e-12)
(0.94027573 -0.067895931 2.8665396e-11)
(0.91450576 -0.033033093 1.2005565e-11)
(0.89480863 0.0010306553 -2.1714298e-10)
(0.88182798 0.034641776 -8.3765243e-10)
(0.87624574 0.06727318 -1.8113425e-09)
(0.87771265 0.096848154 -2.8177476e-09)
(0.8839748 0.12044172 -3.4360794e-09)
(0.89212551 0.1354616 -3.2394753e-09)
(0.89870919 0.14181708 -2.0816512e-09)
(0.90437213 0.14222457 -2.9077259e-10)
(0.91269592 0.14013116 1.3988124e-09)
(0.92503635 0.13757523 3.0141207e-09)
(0.94238197 0.13452126 4.5329746e-09)
(0.96568575 0.13099639 5.8093077e-09)
(0.99497251 0.12582926 6.6101828e-09)
(1.0298183 0.11744438 6.9116361e-09)
(1.068886 0.10472777 6.7831638e-09)
(1.1103363 0.087291189 6.3260171e-09)
(1.1519176 0.065317404 5.6355061e-09)
(1.1907778 0.039578963 4.7904606e-09)
(1.2236848 0.01144658 3.8657766e-09)
(1.2475222 -0.017257307 2.9444461e-09)
(1.2599269 -0.044173394 2.1040282e-09)
(1.2596193 -0.067246416 1.3925019e-09)
(1.2466954 -0.085084889 8.4368612e-10)
(1.2227611 -0.097144915 4.6349399e-10)
(1.1904138 -0.10353368 2.0827576e-10)
(1.1525254 -0.1046363 -1.7090441e-12)
(1.1117383 -0.101096 -2.3224403e-10)
(1.0703849 -0.093954247 -4.9552501e-10)
(1.0306642 -0.084348058 -7.6744558e-10)
(0.99442245 -0.073515535 -9.4738198e-10)
(0.96304119 -0.063236782 -8.170442e-10)
(0.93741567 -0.055772052 -1.448176e-10)
(0.91756159 -0.053092972 1.1373478e-09)
(0.90232011 -0.056040548 2.867268e-09)
(0.88960118 -0.063995864 4.7450318e-09)
(0.87701596 -0.07520858 6.4786739e-09)
(0.86253137 -0.087472892 7.8643595e-09)
(0.84489608 -0.098755719 8.7726762e-09)
(0.82372423 -0.10749513 9.0963232e-09)
(0.79935965 -0.11260452 8.7247213e-09)
(0.77267007 -0.11332326 7.569087e-09)
(0.74484978 -0.10906465 5.6214402e-09)
(0.71731352 -0.099392955 3.0004135e-09)
(0.6915771 -0.084061492 -4.4190539e-11)
(0.66918832 -0.063048988 -3.1810868e-09)
(0.65170609 -0.036767336 -6.078678e-09)
(0.64050348 -0.0059303137 -8.4800788e-09)
(0.63667967 0.02812151 -1.0249859e-08)
(0.64118933 0.063809141 -1.1372198e-08)
(0.65469295 0.099107191 -1.1916961e-08)
(0.67731787 0.13175283 -1.1990978e-08)
(0.70867439 0.15947308 -1.1693697e-08)
(0.74783114 0.18021962 -1.108963e-08)
(0.79335252 0.19240318 -1.0202596e-08)
(0.84334318 0.19506703 -9.0282113e-09)
(0.89553531 0.18803122 -7.5649249e-09)
(0.94739612 0.17192633 -5.8520269e-09)
(0.99623108 0.14818256 -3.9996511e-09)
(1.0394034 0.11893243 -2.1898662e-09)
(1.0745765 0.086730744 -6.2834818e-10)
(1.1000424 0.054177272 5.3704041e-10)
(1.1150582 0.023478713 1.2835664e-09)
(1.1199739 -0.0039168751 1.7191982e-09)
(1.1161269 -0.027309258 2.0152313e-09)
(1.1054228 -0.046769084 2.3091958e-09)
(1.089825 -0.062734876 2.6362879e-09)
(1.0709921 -0.075775772 2.9198559e-09)
(1.0501241 -0.086448445 3.0157939e-09)
(1.0279905 -0.095248856 2.782956e-09)
(1.0050372 -0.10261342 2.1476026e-09)
(0.9814929 -0.10892121 1.1379269e-09)
(0.95744148 -0.11447532 -1.2072311e-10)
(0.93286594 -0.11946269 -1.4432161e-09)
(0.90768724 -0.12390684 -2.6362067e-09)
(0.88181142 -0.12762898 -3.5431562e-09)
(0.85519618 -0.13023343 -4.0691971e-09)
(0.82792179 -0.13112533 -4.1839978e-09)
(0.80026395 -0.12956651 -3.9100729e-09)
(0.77273619 -0.12477039 -3.3062573e-09)
(0.74609875 -0.11602773 -2.4527351e-09)
(0.72129965 -0.10284738 -1.4393999e-09)
(0.69939466 -0.085101466 -3.5600658e-10)
(0.68141539 -0.063082937 7.1640788e-10)
(0.66825111 -0.037481587 1.7130373e-09)
(0.66055465 -0.0093650027 2.5896775e-09)
(0.65858713 0.019942747 3.3217459e-09)
(0.66235173 0.048992882 3.8988373e-09)
(0.67169699 0.076476065 4.3183851e-09)
(0.68624555 0.1012509 4.5808607e-09)
(0.70550566 0.12238796 4.687327e-09)
(0.72894263 0.13917261 4.639683e-09)
(0.75600658 0.15108058 4.4423215e-09)
(0.78612807 0.15775076 4.1045616e-09)
(0.81869345 0.15897026 3.6433803e-09)
(0.85299391 0.15468389 3.0861789e-09)
(0.88815716 0.14502552 2.4726884e-09)
(0.92310037 0.13038623 1.8536252e-09)
(0.95649174 0.11145512 1.2833346e-09)
(0.98681175 0.089249364 8.0568229e-10)
(1.0125151 0.065062055 4.3811094e-10)
(1.0322274 0.04026716 1.6444297e-10)
(1.0450997 0.016167579 -5.4413299e-11)
(1.0508852 -0.0062713414 -2.5437692e-10)
(1.0499587 -0.026419347 -4.4289217e-10)
(1.0432625 -0.044069445 -5.9177671e-10)
(1.0319104 -0.0592656 -6.5266057e-10)
(1.0169901 -0.072171364 -5.8286127e-10)
(0.99942013 -0.082967519 -3.6546657e-10)
(0.9799008 -0.091791336 -1.4777635e-11)
(0.95894274 -0.098713428 4.3125463e-10)
(0.93692829 -0.10373743 9.2425064e-10)
(0.91417803 -0.10681117 1.4173796e-09)
(0.89100451 -0.10784303 1.8726874e-09)
(0.86774904 -0.10672661 2.2638146e-09)
(0.84480011 -0.10336965 2.5756629e-09)
(0.82259005 -0.097717935 2.8028226e-09)
(0.80159177 -0.08979175 2.9477109e-09)
(0.78228386 -0.079703126 3.0188287e-09)
(0.76512627 -0.067656373 3.0290401e-09)
(0.75053368 -0.053968521 2.9937501e-09)
(0.73882962 -0.039006498 2.9289399e-09)
(0.73028051 -0.023236872 2.8492995e-09)
(0.72502618 -0.0070794974 2.7666585e-09)
(0.72308699 0.0089553171 2.6888885e-09)
(0.72441088 0.024445375 2.6196405e-09)
(0.72891601 0.039011551 2.5587163e-09)
(0.7364551 0.052314741 2.5029094e-09)
(0.74684296 0.064065124 2.4471849e-09)
(0.75987192 0.074013619 2.38585e-09)
(0.7753158 0.08194138 2.3135555e-09)
(0.79291509 0.087653318 2.2259595e-09)
(0.81236623 0.090979415 2.1201285e-09)
(0.8332926 0.091785781 1.9947147e-09)
(0.85523404 0.089993508 1.8501803e-09)
(0.87762174 0.085606478 1.6891299e-09)
(0.89979064 0.078732299 1.5169443e-09)
(0.92097709 0.069609852 1.3424078e-09)
(0.94038382 0.058598963 1.1780491e-09)
(0.95721676 0.04618511 1.0392946e-09)
(0.97078862 0.032907874 9.4215946e-10)
(0.98059459 0.019335981 8.9933246e-10)
(0.98638323 0.0059893843 9.160758e-10)
(0.98816998 -0.006745376 9.8760319e-10)
(0.98619488 -0.018520382 1.0995629e-09)
(0.98090513 -0.029141903 1.2314587e-09)
(0.97280892 -0.038511777 1.3619126e-09)
(0.96245125 -0.046571317 1.4731966e-09)
(0.95032514 -0.053317503 1.5541733e-09)
(0.93686868 -0.058727731 1.6003691e-09)
(0.92246379 -0.062828951 1.6129709e-09)
(0.90738472 -0.06557443 1.5963706e-09)
(0.89198259 -0.066999971 1.5565768e-09)
(0.87633945 -0.067014536 1.4995502e-09)
(0.86096861 -0.065654929 1.4306115e-09)
(0.84560283 -0.062811042 1.3541245e-09)
(0.83129308 -0.058483989 1.2738507e-09)
(0.81692696 -0.052669703 1.1919598e-09)
(0.80489401 -0.045090884 1.112592e-09)
(0.79216845 -0.036609646 1.0349879e-09)
(0.78356592 -0.02463594 9.6426618e-10)
(0.77396937 -0.016086107 9.0414666e-10)
(0.76711314 0.0056664577 8.3230884e-10)
(0.80018208 0.0072124965 -1.9200225e-13)
(0.80245483 0.021422928 -1.7840153e-12)
(0.80694265 0.035614135 3.9299884e-12)
(0.81355217 0.049889407 -7.280711e-12)
(0.82247502 0.064491949 1.2656353e-11)
(0.83386996 0.079436409 -1.4063135e-11)
(0.84795331 0.094882235 1.5694989e-11)
(0.86488693 0.11065732 -8.6842384e-13)
(0.88485025 0.12675935 -3.7868077e-12)
(0.90802641 0.14282404 1.2074036e-11)
(0.93452119 0.15861537 1.2751491e-11)
(0.9644206 0.17359437 -1.0457785e-12)
(0.99766972 0.18726193 -5.3174798e-12)
(1.0340736 0.1989604 1.0796098e-11)
(1.0733036 0.20803873 3.5318354e-11)
(1.1147515 0.21385609 7.4238636e-12)
(1.1577087 0.21589518 -3.2361158e-11)
(1.2012073 0.21379584 -2.177146e-11)
(1.2441791 0.20747073 1.8685209e-11)
(1.2855084 0.19715908 5.0260662e-11)
(1.3241624 0.18341397 3.6991519e-11)
(1.3593793 0.16707921 -1.1143467e-11)
(1.3907651 0.14910432 -5.3150662e-11)
(1.4183135 0.13033947 -5.4228978e-11)
(1.4422686 0.11142242 -1.7240684e-11)
(1.4629965 0.092755022 2.284577e-11)
(1.4808554 0.07454434 3.1505513e-11)
(1.4961495 0.056914711 3.4860286e-12)
(1.5091762 0.039918165 -3.5688283e-11)
(1.5201824 0.023485116 -5.4356723e-11)
(1.529443 0.0074842156 -3.897313e-11)
(1.5371703 -0.0083616411 2.7272396e-13)
(1.5434155 -0.024467116 4.1768716e-11)
(1.5481555 -0.041175854 6.8912537e-11)
(1.5512321 -0.058770359 7.7693487e-11)
(1.5522818 -0.077545322 7.3500987e-11)
(1.5507712 -0.097717337 6.3512009e-11)
(1.5460851 -0.11927844 5.1805408e-11)
(1.5376059 -0.14194704 3.9480242e-11)
(1.5247119 -0.16523054 2.7132451e-11)
(1.5067946 -0.18848757 1.6169329e-11)
(1.4834 -0.21085955 8.1166968e-12)
(1.4543171 -0.23123738 3.4351103e-12)
(1.4195078 -0.24845412 1.4309915e-12)
(1.3790927 -0.26146603 1.1528099e-12)
(1.3334889 -0.26935587 1.8439934e-12)
(1.2835103 -0.27136666 2.7290643e-12)
(1.2303385 -0.26705269 3.1502876e-12)
(1.1754266 -0.25640684 2.9018448e-12)
(1.1203769 -0.23986679 2.4575979e-12)
(1.066782 -0.21823949 2.5668663e-12)
(1.0160669 -0.19258371 3.3408228e-12)
(0.96939904 -0.16406761 3.6878422e-12)
(0.92761927 -0.13387021 1.8473961e-12)
(0.89127726 -0.10301768 -2.3719249e-12)
(0.86071433 -0.07229975 -3.8150964e-12)
(0.83601969 -0.042339619 -6.9121415e-12)
(0.81720778 -0.01348547 -5.4475547e-11)
(0.80437663 0.014315224 -2.3504001e-10)
(0.79779404 0.041178342 -6.2865763e-10)
(0.79781529 0.066743167 -1.2084084e-09)
(0.80447959 0.089756475 -1.8375437e-09)
(0.81691722 0.10846595 -2.3109844e-09)
(0.83381582 0.12164797 -2.3869112e-09)
(0.8524772 0.12873919 -1.9497941e-09)
(0.87071068 0.13009569 -1.1155243e-09)
(0.88881807 0.12736367 -1.2335017e-10)
(0.90797532 0.12207415 8.7736918e-10)
(0.92923559 0.11489358 1.742241e-09)
(0.95321812 0.10615837 2.3535747e-09)
(0.98019555 0.096203782 2.7531819e-09)
(1.0093628 0.084441853 2.9450314e-09)
(1.0392075 0.070251885 2.9253141e-09)
(1.0676282 0.053444861 2.7070169e-09)
(1.0923078 0.034519409 2.3356081e-09)
(1.1113412 0.014571311 1.8841076e-09)
(1.1230907 -0.0050834287 1.42323e-09)
(1.1263841 -0.023331047 1.0024835e-09)
(1.1209131 -0.039129456 6.4731225e-10)
(1.107235 -0.051808333 3.6811748e-10)
(1.086685 -0.061058749 1.6794712e-10)
(1.0609908 -0.066853852 1.8991477e-11)
(1.0319242 -0.069260344 -1.3682338e-10)
(1.0010885 -0.068399238 -3.406037e-10)
(0.96997423 -0.064708911 -5.7316959e-10)
(0.93999822 -0.059140708 -7.4990134e-10)
(0.91257642 -0.052657889 -8.0810901e-10)
(0.88880605 -0.046195998 -6.9132053e-10)
(0.86931941 -0.041048404 -2.9073587e-10)
(0.85424386 -0.038706423 4.863744e-10)
(0.84291869 -0.040183426 1.609524e-09)
(0.83386174 -0.045497215 2.922443e-09)
(0.82517132 -0.053684747 4.2327146e-09)
(0.81507933 -0.063233963 5.3956997e-09)
(0.80234887 -0.072588013 6.3343757e-09)
(0.78643957 -0.080478485 7.0080738e-09)
(0.76744086 -0.086015132 7.3739356e-09)
(0.74588942 -0.088600002 7.3724472e-09)
(0.72264168 -0.087795441 6.9420363e-09)
(0.69873991 -0.083234493 6.0504975e-09)
(0.67536253 -0.074617276 4.7232012e-09)
(0.65382659 -0.061775723 3.0555208e-09)
(0.63545706 -0.044739514 1.2012225e-09)
(0.62163069 -0.023820053 -6.5763236e-10)
(0.61356624 0.00028441211 -2.3473029e-09)
(0.61225096 0.026587539 -3.7328133e-09)
(0.61854217 0.053823113 -4.7342856e-09)
(0.63289939 0.080366094 -5.3236352e-09)
(0.65530285 0.10445105 -5.511259e-09)
(0.68522031 0.12434515 -5.3301889e-09)
(0.72157519 0.13854141 -4.8251955e-09)
(0.762792 0.14595057 -4.0508365e-09)
(0.80685033 0.14604658 -3.0761038e-09)
(0.85140612 0.13896915 -1.9923023e-09)
(0.89396155 0.12551952 -9.1216581e-10)
(0.93209334 0.10708574 4.6592877e-11)
(0.96372935 0.085424608 7.9295228e-10)
(0.98745701 0.062372541 1.2969174e-09)
(1.0026882 0.039526274 1.6017746e-09)
(1.0097341 0.018028111 1.8009309e-09)
(1.0096264 -0.0014806204 1.9890943e-09)
(1.0036614 -0.018692 2.2143464e-09)
(0.99317586 -0.033627458 2.4560522e-09)
(0.97936243 -0.046426938 2.635811e-09)
(0.96313059 -0.057289797 2.6517389e-09)
(0.94514372 -0.066454607 2.4194098e-09)
(0.92587597 -0.074186433 1.903944e-09)
(0.90565815 -0.08076031 1.1334882e-09)
(0.88470331 -0.086433341 1.918836e-10)
(0.86312224 -0.091408073 -8.0440641e-10)
(0.84093894 -0.095793266 -1.7353036e-09)
(0.81812106 -0.099571097 -2.5017967e-09)
(0.79462333 -0.10257618 -3.039651e-09)
(0.77044738 -0.10449311 -3.3211189e-09)
(0.74570296 -0.10487296 -3.3483435e-09)
(0.72066469 -0.10317532 -3.1439457e-09)
(0.69580436 -0.098837785 -2.7429471e-09)
(0.67180006 -0.091362187 -2.1876118e-09)
(0.64949921 -0.080414052 -1.5246096e-09)
(0.62986294 -0.065909773 -8.0280192e-10)
(0.61386889 -0.04807348 -7.0696943e-11)
(0.60237698 -0.027456172 6.2705344e-10)
(0.59605216 -0.004906095 1.253098e-09)
(0.59522018 0.018526209 1.7791714e-09)
(0.59999636 0.04174901 2.1860836e-09)
(0.6103416 0.063672742 2.4628956e-09)
(0.62593748 0.083308161 2.605933e-09)
(0.6463033 0.099827127 2.6179721e-09)
(0.67084448 0.11258295 2.5082403e-09)
(0.69886958 0.12111103 2.2927614e-09)
(0.7295849 0.12512902 1.9946757e-09)
(0.76208191 0.12454537 1.6438445e-09)
(0.79530803 0.11947101 1.2746782e-09)
(0.8280651 0.11024645 9.2162493e-10)
(0.8590351 0.097451763 6.1220113e-10)
(0.88685743 0.081879238 3.5944743e-10)
(0.91028598 0.064485944 1.5805947e-10)
(0.92834758 0.046241738 -1.1474495e-11)
(0.94050853 0.028035461 -1.7029446e-10)
(0.9467303 0.010555945 -3.2590703e-10)
(0.94741072 -0.005793366 -4.6402893e-10)
(0.94324695 -0.020713435 -5.5315999e-10)
(0.93505584 -0.034120182 -5.5892403e-10)
(0.92362912 -0.046001424 -4.5942585e-10)
(0.90965088 -0.056365186 -2.5336348e-10)
(0.89367295 -0.065218023 4.1281819e-11)
(0.8761314 -0.072552489 3.9482171e-10)
(0.85738097 -0.078342894 7.7475071e-10)
(0.83773036 -0.082544827 1.1523379e-09)
(0.81747496 -0.085097739 1.5057798e-09)
(0.7969201 -0.085930059 1.8205664e-09)
(0.77639867 -0.08497256 2.0884064e-09)
(0.75627729 -0.082172068 2.3057395e-09)
(0.73695488 -0.077511872 2.4725218e-09)
(0.71885061 -0.071027702 2.5913147e-09)
(0.70239034 -0.062824069 2.6666432e-09)
(0.68797304 -0.053078702 2.7044152e-09)
(0.67596706 -0.042042459 2.7112903e-09)
(0.66666318 -0.030021672 2.6939467e-09)
(0.66029492 -0.017365032 2.6583902e-09)
(0.6569896 -0.0044573812 2.6093649e-09)
(0.6567615 0.0083251146 2.550004e-09)
(0.6595822 0.020632581 2.481742e-09)
(0.66536706 0.032142315 2.404528e-09)
(0.67395762 0.04256244 2.3172702e-09)
(0.68514477 0.051641382 2.2183988e-09)
(0.69867458 0.059165452 2.1064291e-09)
(0.71424868 0.064956769 1.9805125e-09)
(0.73151587 0.068873522 1.8408884e-09)
(0.75006611 0.070814653 1.6893059e-09)
(0.7694189 0.070729761 1.5293595e-09)
(0.78902764 0.068631764 1.3667791e-09)
(0.80828073 0.064608867 1.2094885e-09)
(0.8265355 0.058831668 1.0673256e-09)
(0.84314496 0.051549092 9.510979e-10)
(0.85752014 0.043076607 8.7096267e-10)
(0.86918022 0.033764459 8.3419336e-10)
(0.87779637 0.023971497 8.4301733e-10)
(0.88323592 0.014035956 8.9330709e-10)
(0.88551205 0.0042451106 9.7490184e-10)
(0.88483111 -0.0051762074 1.0736361e-09)
(0.88149993 -0.01402243 1.1744456e-09)
(0.87585103 -0.022157338 1.2644e-09)
(0.86823998 -0.029478834 1.3347611e-09)
(0.85902304 -0.035901088 1.3815165e-09)
(0.84851141 -0.041367929 1.4047784e-09)
(0.83699888 -0.045819633 1.4073466e-09)
(0.82474092 -0.049229946 1.3934168e-09)
(0.81196439 -0.051539465 1.3673081e-09)
(0.7989218 -0.05274588 1.332951e-09)
(0.78574865 -0.052767127 1.2934747e-09)
(0.77281071 -0.051626563 1.2512485e-09)
(0.76002939 -0.04921452 1.2080807e-09)
(0.74814124 -0.04557051 1.165219e-09)
(0.73647298 -0.040607887 1.123635e-09)
(0.72677921 -0.034287174 1.0844488e-09)
(0.71676247 -0.026876453 1.0476704e-09)
(0.71063377 -0.017215902 1.0148571e-09)
(0.70302229 -0.0093727831 9.8753526e-10)
(0.69995888 0.0085480869 9.5602343e-10)
(0.69665295 0.0061196512 -2.1629494e-13)
(0.69909639 0.018120019 -3.362993e-13)
(0.7038789 0.030018492 9.0079092e-13)
(0.71092282 0.041930889 -1.4357465e-12)
(0.72038519 0.054030664 2.8730642e-12)
(0.73240907 0.066373815 -2.0959892e-12)
(0.74713526 0.079029467 3.6271735e-12)
(0.76467249 0.09190506 1.7422841e-12)
(0.78512857 0.10492007 -8.8750645e-13)
(0.80859702 0.11783062 5.863729e-12)
(0.83511939 0.1303803 5.5579371e-12)
(0.86467971 0.14217945 -1.2476036e-12)
(0.89716724 0.15280686 2.111859e-12)
(0.93234545 0.16177837 7.6232545e-12)
(0.96986414 0.16860608 1.0829804e-11)
(1.0091991 0.17283192 1.3479971e-12)
(1.0497121 0.17409068 -8.7658847e-12)
(1.0906248 0.17214213 -2.1746418e-12)
(1.131076 0.16692938 1.245888e-11)
(1.1701914 0.15862406 1.8326188e-11)
(1.2071701 0.14761259 7.7528288e-12)
(1.2413841 0.13447203 -9.5644947e-12)
(1.2724484 0.11987086 -1.7634155e-11)
(1.3002333 0.10443226 -1.0045613e-11)
(1.3248048 0.088664511 4.8377579e-12)
(1.3463487 0.072921 1.3105158e-11)
(1.3650864 0.057402436 7.8495688e-12)
(1.3812324 0.042240042 -6.3167577e-12)
(1.3949763 0.027448691 -1.8986118e-11)
(1.4064786 0.012994516 -2.311546e-11)
(1.4159149 -0.0012041497 -1.9138261e-11)
(1.4233676 -0.015372392 -1.2293727e-11)
(1.4288679 -0.029727077 -7.4021775e-12)
(1.4323543 -0.044480224 -5.8629709e-12)
(1.4336036 -0.059872297 -6.3061731e-12)
(1.432256 -0.076095601 -6.9638473e-12)
(1.4278622 -0.093212053 -7.174738e-12)
(1.4199009 -0.11111261 -7.1526257e-12)
(1.4077905 -0.12952927 -7.0579941e-12)
(1.3909385 -0.14804338 -6.6474732e-12)
(1.3688209 -0.16604488 -5.6387927e-12)
(1.3410351 -0.18274618 -4.0862329e-12)
(1.3073361 -0.19729489 -2.3318775e-12)
(1.2677284 -0.20885471 -7.2790514e-13)
(1.2225847 -0.21663108 5.21677e-13)
(1.1727151 -0.21995984 1.3568775e-12)
(1.1193657 -0.2184519 1.8438587e-12)
(1.064142 -0.21206271 2.0971501e-12)
(1.0088451 -0.20104934 2.1493111e-12)
(0.95524508 -0.18588523 2.0563056e-12)
(0.90487936 -0.16719947 1.8923788e-12)
(0.85893309 -0.1457356 1.4929444e-12)
(0.81822418 -0.12230626 2.8395946e-13)
(0.78322575 -0.097742113 -2.3725284e-12)
(0.75414697 -0.072800548 -7.0226195e-12)
(0.73101588 -0.048081847 -1.4886414e-11)
(0.71370355 -0.024076491 -3.4332831e-11)
(0.70207811 -0.0010932445 -9.0284695e-11)
(0.69607456 0.020801711 -2.2079501e-10)
(0.69566351 0.041559122 -4.4973664e-10)
(0.70094568 0.06083363 -7.5552298e-10)
(0.71182762 0.077770929 -1.076638e-09)
(0.72779109 0.091310243 -1.3166724e-09)
(0.74753497 0.10058537 -1.3676503e-09)
(0.76980295 0.10539152 -1.1936943e-09)
(0.79397953 0.10612868 -8.395952e-10)
(0.81822368 0.10318683 -3.7313243e-10)
(0.84194048 0.097426229 1.2180532e-10)
(0.86508922 0.089687782 5.5953102e-10)
(0.88759921 0.080588491 8.8642783e-10)
(0.90920124 0.070375679 1.0849356e-09)
(0.9293458 0.059123025 1.1546857e-09)
(0.9471574 0.04695807 1.1096252e-09)
(0.96160267 0.034168217 9.7814875e-10)
(0.97170302 0.021126083 7.9691284e-10)
(0.9765444 0.0082020052 5.9886679e-10)
(0.97571218 -0.0041738946 4.0976932e-10)
(0.96933871 -0.015330365 2.4714383e-10)
(0.95803966 -0.024917713 1.1090359e-10)
(0.94269128 -0.032635919 -4.6143486e-12)
(0.92425567 -0.038269927 -1.0857695e-10)
(0.90370435 -0.041709825 -2.2924337e-10)
(0.88199123 -0.042902153 -3.9307154e-10)
(0.86003047 -0.041975392 -5.7426844e-10)
(0.83882185 -0.039410619 -7.0022345e-10)
(0.8193005 -0.036074842 -6.9010594e-10)
(0.80224501 -0.032698036 -5.3208112e-10)
(0.78810546 -0.029903284 -2.3078317e-10)
(0.77697968 -0.028514531 2.5454905e-10)
(0.76852604 -0.02935951 9.4744856e-10)
(0.76180098 -0.032782656 1.7906808e-09)
(0.75543593 -0.038415477 2.6728593e-09)
(0.74805351 -0.045357352 3.4938482e-09)
(0.73863118 -0.052536783 4.2001102e-09)
(0.72665955 -0.0589995 4.7762251e-09)
(0.71213021 -0.064031539 5.2182133e-09)
(0.69541021 -0.067153003 5.5133202e-09)
(0.67709342 -0.068028418 5.6357243e-09)
(0.6579243 -0.06638537 5.555775e-09)
(0.6387467 -0.061993348 5.2536349e-09)
(0.62048937 -0.054645931 4.7316642e-09)
(0.60416861 -0.044245218 4.0211738e-09)
(0.59084367 -0.030876624 3.1813782e-09)
(0.58154832 -0.014804316 2.2914162e-09)
(0.57726693 0.0033638193 1.4364674e-09)
(0.57882439 0.022915679 6.9475028e-10)
(0.58677596 0.042859882 1.2449012e-10)
(0.60132554 0.061990059 -2.4084634e-10)
(0.62226634 0.079030386 -3.9351942e-10)
(0.64892272 0.092771103 -3.4923241e-10)
(0.68014136 0.10221867 -1.4359369e-10)
(0.71436189 0.10673311 1.7211405e-10)
(0.74970855 0.10611973 5.3711235e-10)
(0.78416994 0.10065522 8.9023867e-10)
(0.81579681 0.091047972 1.1831839e-09)
(0.84294847 0.078296818 1.3937766e-09)
(0.86446428 0.063518 1.532494e-09)
(0.87980433 0.04777754 1.6358377e-09)
(0.88899916 0.031943078 1.7467785e-09)
(0.89251795 0.016676101 1.8911434e-09)
(0.89114308 0.002395441 2.0618003e-09)
(0.88566462 -0.010667276 2.2179029e-09)
(0.87677256 -0.022327277 2.2982532e-09)
(0.86515244 -0.032573541 2.2421477e-09)
(0.85137338 -0.041467418 2.0093619e-09)
(0.83590857 -0.049130583 1.5928668e-09)
(0.81914803 -0.055727236 1.0211619e-09)
(0.80139638 -0.061435277 3.507198e-10)
(0.78286984 -0.066415715 -3.4798644e-10)
(0.76370148 -0.070783282 -1.00589e-09)
(0.74395628 -0.074581003 -1.5675181e-09)
(0.72365973 -0.077761339 -1.9972648e-09)
(0.70283523 -0.080176407 -2.2795607e-09)
(0.68154908 -0.081579782 -2.4148211e-09)
(0.65995392 -0.081642641 -2.4138685e-09)
(0.63832797 -0.079986082 -2.2931048e-09)
(0.61710002 -0.076226826 -2.0715311e-09)
(0.59685862 -0.070037355 -1.7696129e-09)
(0.57832337 -0.061210264 -1.4092054e-09)
(0.56229997 -0.04971673 -1.0136864e-09)
(0.54960736 -0.035756538 -6.0758052e-10)
(0.54098855 -0.019773597 -2.1531201e-10)
(0.53703555 -0.0024133886 1.4062801e-10)
(0.53808792 0.015521227 4.4146567e-10)
(0.54427903 0.033226838 6.7354797e-10)
(0.55554604 0.049842733 8.292577e-10)
(0.57156912 0.064581678 9.0739302e-10)
(0.5918307 0.076784895 9.1302165e-10)
(0.61564651 0.085949071 8.5690368e-10)
(0.6421875 0.091742881 7.543086e-10)
(0.67049623 0.09401903 6.2309478e-10)
(0.69950898 0.092816157 4.8096586e-10)
(0.72808213 0.088359785 3.4211559e-10)
(0.75505241 0.081050881 2.1417869e-10)
(0.77932048 0.071421487 9.6884067e-11)
(0.79993949 0.060095594 -1.6061294e-11)
(0.81623362 0.04770281 -1.3150461e-10)
(0.827858 0.034810508 -2.4992931e-10)
(0.83477993 0.021900938 -3.6088447e-10)
(0.83725438 0.009310185 -4.4400472e-10)
(0.8357578 -0.0027246676 -4.7576508e-10)
(0.83079198 -0.013993977 -4.3828694e-10)
(0.82285725 -0.024384339 -3.2572497e-10)
(0.81244215 -0.033803312 -1.4546426e-10)
(0.79997331 -0.042170195 8.5393982e-11)
(0.78582357 -0.049416944 3.4567885e-10)
(0.77032647 -0.055483006 6.1523328e-10)
(0.7537901 -0.060311251 8.7796911e-10)
(0.73650904 -0.063845237 1.1227669e-09)
(0.71877698 -0.066028163 1.3429277e-09)
(0.70089611 -0.066805451 1.5350283e-09)
(0.68318524 -0.066131312 1.6977985e-09)
(0.66598142 -0.06397779 1.831259e-09)
(0.64963903 -0.060348867 1.9362307e-09)
(0.63451983 -0.055288008 2.0140398e-09)
(0.6209822 -0.048889069 2.0663875e-09)
(0.60936259 -0.0413022 2.0952367e-09)
(0.59995855 -0.032722991 2.1026719e-09)
(0.59301624 -0.023401868 2.0907619e-09)
(0.58870916 -0.013607204 2.0613556e-09)
(0.58714102 -0.0036510307 2.0160285e-09)
(0.5883173 0.006183212 1.9560026e-09)
(0.59217922 0.01562256 1.8822117e-09)
(0.59861963 0.024408367 1.7954515e-09)
(0.6074519 0.032308529 1.6966235e-09)
(0.61843177 0.03912684 1.5870214e-09)
(0.63126218 0.044702463 1.4685959e-09)
(0.6455951 0.048912314 1.3442101e-09)
(0.66103512 0.051671423 1.2177996e-09)
(0.67714062 0.052936691 1.0944167e-09)
(0.69343368 0.052709973 9.8009153e-10)
(0.7094119 0.051042068 8.8142896e-10)
(0.72457118 0.048030945 8.0491401e-10)
(0.738432 0.043821924 7.559303e-10)
(0.75057502 0.038591991 7.3764425e-10)
(0.76066224 0.032548797 7.5003851e-10)
(0.7684717 0.025901474 7.8945047e-10)
(0.77388643 0.018864814 8.4889525e-10)
(0.77690891 0.011636192 9.1923407e-10)
(0.77761879 0.0043863395 9.9086929e-10)
(0.77619197 -0.0026953533 1.0554817e-09)
(0.77282461 -0.0094673211 1.1072676e-09)
(0.76772395 -0.015811325 1.1434171e-09)
(0.76111818 -0.021615201 1.163826e-09)
(0.75324018 -0.02678167 1.170323e-09)
(0.74430725 -0.031235709 1.1657638e-09)
(0.73454272 -0.034908612 1.1532331e-09)
(0.72415057 -0.037753928 1.1355417e-09)
(0.71334022 -0.039715797 1.1149449e-09)
(0.70231823 -0.040770185 1.0931121e-09)
(0.69126105 -0.040855382 1.0712028e-09)
(0.68043597 -0.03997228 1.0499152e-09)
(0.66990441 -0.038037499 1.0297869e-09)
(0.66015865 -0.035084775 1.0109769e-09)
(0.65087784 -0.031015863 9.9379917e-10)
(0.64324541 -0.025875261 9.7827662e-10)
(0.63573107 -0.019664767 9.6447548e-10)
(0.63158595 -0.01203289 9.5262635e-10)
(0.62598134 -0.0048910901 9.4301528e-10)
(0.6259516 0.0092037265 9.3271204e-10)
(0.58597748 0.0049605597 -1.1246727e-13)
(0.58855028 0.014608094 -2.9340716e-14)
(0.59354256 0.024090923 2.1394327e-13)
(0.60088585 0.033529324 -1.9907055e-13)
(0.61072515 0.043064385 7.087705e-13)
(0.62318304 0.052764248 1.1501277e-14)
(0.63834884 0.062662272 8.6757324e-13)
(0.65628789 0.072700914 1.0363144e-12)
(0.67705665 0.082789035 3.541412e-13)
(0.70068863 0.092747961 2.0860373e-12)
(0.72716958 0.10235523 1.9864847e-12)
(0.75642312 0.11131676 9.5302168e-14)
(0.78829177 0.11930161 1.9266076e-12)
(0.82251828 0.12594886 3.4568419e-12)
(0.8587453 0.13089788 3.0977347e-12)
(0.89649796 0.13381779 5.4071484e-13)
(0.93520553 0.13444671 -9.0828286e-13)
(0.97420805 0.1326198 1.7265625e-12)
(1.012792 0.1283045 5.2086062e-12)
(1.0502425 0.12162653 5.1360416e-12)
(1.085903 0.11285856 1.1536596e-12)
(1.1192361 0.10240185 -2.8839808e-12)
(1.1498642 0.090718766 -3.3521918e-12)
(1.1775875 0.078261967 -5.0623533e-13)
(1.2023556 0.065427235 2.2624112e-12)
(1.2242107 0.052492161 2.0383377e-12)
(1.2432614 0.039659168 -1.2130613e-12)
(1.2596139 0.027038038 -5.2973761e-12)
(1.2733528 0.014638875 -8.116173e-12)
(1.2845802 0.0024839616 -9.2159271e-12)
(1.2933396 -0.0095359539 -9.4728114e-12)
(1.2996243 -0.02152452 -9.8153026e-12)
(1.3034147 -0.033595388 -1.0417665e-11)
(1.3045603 -0.045898708 -1.0870617e-11)
(1.3027891 -0.058571903 -1.0800654e-11)
(1.2977434 -0.07167495 -1.0193725e-11)
(1.2889855 -0.085167615 -9.2330629e-12)
(1.2760046 -0.098903534 -8.0210769e-12)
(1.2582598 -0.11261223 -6.5462849e-12)
(1.2352409 -0.12588377 -4.8444694e-12)
(1.2065262 -0.13819304 -3.0877268e-12)
(1.1718604 -0.1489554 -1.503354e-12)
(1.1312699 -0.15757764 -2.4996916e-13)
(1.0851753 -0.16352183 6.2541222e-13)
(1.0344542 -0.16640261 1.1538379e-12)
(0.98044226 -0.16606342 1.3997794e-12)
(0.92484428 -0.16256522 1.4359079e-12)
(0.86953037 -0.15609471 1.3170528e-12)
(0.81628544 -0.14686793 1.0653204e-12)
(0.76660516 -0.13509737 6.7450754e-13)
(0.72160598 -0.12103177 3.8891055e-14)
(0.68202515 -0.10501461 -1.1034235e-12)
(0.64828169 -0.087505352 -3.1704198e-12)
(0.62052637 -0.069045323 -6.748468e-12)
(0.59873961 -0.050189988 -1.3004511e-11)
(0.58275129 -0.03141091 -2.4557421e-11)
(0.5723183 -0.013111103 -4.7462083e-11)
(0.56719086 0.0044183635 -9.2488424e-11)
(0.56717151 0.020988225 -1.7076873e-10)
(0.57203987 0.036464401 -2.837381e-10)
(0.58164751 0.050502052 -4.1628822e-10)
(0.59571106 0.062519833 -5.3998492e-10)
(0.61370401 0.071934043 -6.1620501e-10)
(0.63466522 0.078275876 -6.1033488e-10)
(0.65750859 0.08124905 -5.16012e-10)
(0.68110809 0.081002419 -3.5241181e-10)
(0.70440321 0.078152442 -1.5125156e-10)
(0.72667259 0.073378506 5.0770553e-11)
(0.74734091 0.06723291 2.2100293e-10)
(0.76593367 0.060170416 3.3906666e-10)
(0.78207894 0.052550102 3.9786202e-10)
(0.79544259 0.044549741 4.0122363e-10)
(0.80567372 0.036246811 3.6076747e-10)
(0.81247463 0.02770835 2.9251843e-10)
(0.81565568 0.019055301 2.1167868e-10)
(0.81518775 0.010491026 1.2965321e-10)
(0.81136281 0.0022568188 5.1395383e-11)
(0.80455532 -0.0053634877 -2.1678161e-11)
(0.79513141 -0.012034476 -9.8267127e-11)
(0.78359969 -0.017485657 -1.8174029e-10)
(0.77049974 -0.021515811 -2.7422416e-10)
(0.75639958 -0.024028567 -3.8451004e-10)
(0.74192801 -0.025032377 -5.0031215e-10)
(0.72773649 -0.024743065 -5.6806798e-10)
(0.71451474 -0.023631396 -5.3156314e-10)
(0.70276871 -0.022308016 -3.7428998e-10)
(0.69275638 -0.021235083 -1.2401139e-10)
(0.68449337 -0.020818738 2.0977672e-10)
(0.67778314 -0.021512125 6.3938842e-10)
(0.67209858 -0.023662198 1.1496355e-09)
(0.66657017 -0.027266003 1.6872265e-09)
(0.66024542 -0.031926931 2.1940034e-09)
(0.65237624 -0.037028994 2.635888e-09)
(0.64257533 -0.041942912 3.0055789e-09)
(0.63082058 -0.046143458 3.3085344e-09)
(0.61737967 -0.049238813 3.5492998e-09)
(0.60270217 -0.05094399 3.725251e-09)
(0.58732873 -0.051031941 3.8273299e-09)
(0.57186685 -0.049308429 3.8450409e-09)
(0.5569684 -0.045604696 3.7711105e-09)
(0.54333052 -0.039788085 3.6055736e-09)
(0.53170903 -0.031818002 3.3584961e-09)
(0.52287032 -0.021778178 3.0496322e-09)
(0.51754715 -0.0099097352 2.7065012e-09)
(0.51644257 0.0033663491 2.360395e-09)
(0.52009638 0.017482637 2.0414361e-09)
(0.5287784 0.031701669 1.77365e-09)
(0.54247067 0.045190604 1.5715584e-09)
(0.5608297 0.05709489 1.438653e-09)
(0.58314967 0.066633327 1.3679928e-09)
(0.60838808 0.07319631 1.344796e-09)
(0.6352499 0.076423279 1.3507826e-09)
(0.66229459 0.076242798 1.3695724e-09)
(0.68810052 0.072863886 1.3917652e-09)
(0.71139661 0.066732416 1.4177569e-09)
(0.73121553 0.058434417 1.456356e-09)
(0.74692223 0.048621552 1.5187001e-09)
(0.75826094 0.037919901 1.6097546e-09)
(0.76524053 0.026892742 1.7212311e-09)
(0.76810302 0.015989927 1.8297665e-09)
(0.76719977 0.0055873271 1.9012197e-09)
(0.76299326 -0.0041529329 1.8995768e-09)
(0.75590122 -0.013004855 1.7968512e-09)
(0.74633607 -0.020931483 1.5809624e-09)
(0.73474178 -0.027959242 1.2590034e-09)
(0.72150872 -0.034153095 8.5556484e-10)
(0.70697203 -0.039609565 4.0700301e-10)
(0.69140667 -0.044431111 -4.6352893e-11)
(0.67502411 -0.04870417 -4.6772631e-10)
(0.65797944 -0.052480093 -8.2926642e-10)
(0.64038613 -0.055759507 -1.1143494e-09)
(0.62233868 -0.058481463 -1.3170074e-09)
(0.6039392 -0.060519149 -1.4394458e-09)
(0.58532727 -0.061683639 -1.4889045e-09)
(0.56670782 -0.061737268 -1.4748968e-09)
(0.54837601 -0.060416661 -1.4073964e-09)
(0.53072921 -0.057465572 -1.2960402e-09)
(0.51427087 -0.052677747 -1.1501314e-09)
(0.49958977 -0.045938784 -9.7897533e-10)
(0.48732429 -0.037264233 -7.9227355e-10)
(0.4781097 -0.026827593 -6.0022247e-10)
(0.47251488 -0.014965339 -4.131781e-10)
(0.47098577 -0.0021585116 -2.4094104e-10)
(0.4737742 0.010998187 -9.186272e-11)
(0.48093657 0.023926047 2.7999102e-11)
(0.49233367 0.035995599 1.1546855e-10)
(0.50760797 0.046639054 1.7041865e-10)
(0.52620983 0.05539035 1.9544174e-10)
(0.54742932 0.06190924 1.9505839e-10)
(0.57043131 0.065997682 1.7455312e-10)
(0.59429412 0.067602946 1.3867993e-10)
(0.61806044 0.066810237 9.0626024e-11)
(0.64079055 0.063826554 3.1688827e-11)
(0.66162306 0.058950691 -3.7898726e-11)
(0.6798455 0.052537899 -1.170327e-10)
(0.69492971 0.044963229 -2.0137716e-10)
(0.70656227 0.036582873 -2.8182534e-10)
(0.71463863 0.027721342 -3.4507225e-10)
(0.71922694 0.018648482 -3.7656277e-10)
(0.72048562 0.0095961716 -3.6470417e-10)
(0.71872315 0.00075214893 -3.0444894e-10)
(0.71423682 -0.0077343202 -1.9858695e-10)
(0.70728699 -0.015706128 -5.6517024e-11)
(0.6981997 -0.023058154 1.0875763e-10)
(0.68728714 -0.029690253 2.8391951e-10)
(0.67485121 -0.035518346 4.5773666e-10)
(0.6611914 -0.040470052 6.2214875e-10)
(0.64660482 -0.044480866 7.7224374e-10)
(0.63138663 -0.047491978 9.0558877e-10)
(0.61583339 -0.049449668 1.0213869e-09)
(0.60024532 -0.050307258 1.1197465e-09)
(0.58492885 -0.050029718 1.2011786e-09)
(0.57019551 -0.048600145 1.266292e-09)
(0.55636011 -0.046027632 1.3156807e-09)
(0.54373294 -0.042353099 1.3498825e-09)
(0.53261054 -0.037655153 1.3694095e-09)
(0.5232641 -0.032051644 1.3747859e-09)
(0.51592504 -0.025696984 1.3665823e-09)
(0.51077641 -0.01877738 1.3454608e-09)
(0.50793783 -0.01150396 1.3121848e-09)
(0.50746681 -0.0040959337 1.2676918e-09)
(0.50934377 0.0032175444 1.2131332e-09)
(0.51348345 0.010238489 1.1499338e-09)
(0.51974727 0.016778816 1.0798793e-09)
(0.52793179 0.022665284 1.0051834e-09)
(0.53778303 0.027756309 9.2854041e-10)
(0.54900191 0.031940507 8.5311063e-10)
(0.56125146 0.035137203 7.8244331e-10)
(0.57416644 0.037296048 7.2029063e-10)
(0.58736256 0.038397231 6.7031066e-10)
(0.60044955 0.038450713 6.3566474e-10)
(0.61304572 0.03749519 6.1854194e-10)
(0.62479468 0.035595307 6.1969858e-10)
(0.63538087 0.032839121 6.3813056e-10)
(0.64454477 0.029332598 6.7099838e-10)
(0.65208855 0.025195728 7.139123e-10)
(0.65788502 0.020556851 7.6154884e-10)
(0.66186617 0.015550458 8.0850145e-10)
(0.66402263 0.010308815 8.5014146e-10)
(0.66439724 0.0049690077 8.8324211e-10)
(0.66309821 -0.00034004396 9.0627125e-10)
(0.66021851 -0.0055029674 9.1925503e-10)
(0.65588231 -0.010403811 9.2341623e-10)
(0.65025842 -0.014946895 9.2064611e-10)
(0.64351859 -0.019043493 9.1302582e-10)
(0.63583961 -0.022621418 9.024744e-10)
(0.62741324 -0.025616434 8.9056026e-10)
(0.6184267 -0.027978724 8.7843666e-10)
(0.6090803 -0.029658458 8.6687856e-10)
(0.59956575 -0.030622202 8.5633709e-10)
(0.59007967 -0.03082354 8.4706351e-10)
(0.58083714 -0.030244597 8.3909385e-10)
(0.57198797 -0.028830717 8.3248504e-10)
(0.5638568 -0.026588737 8.2704412e-10)
(0.55638237 -0.023445681 8.22853e-10)
(0.55029459 -0.019442457 8.1958416e-10)
(0.54474555 -0.014501294 8.1736863e-10)
(0.54192608 -0.0086150116 8.1590014e-10)
(0.53812893 -0.0023371042 8.1522801e-10)
(0.54010931 0.0082680044 8.1525126e-10)
(0.4681535 0.0037616975 -4.4914018e-14)
(0.47081614 0.010957339 1.815198e-14)
(0.47592892 0.017942078 6.2735497e-14)
(0.48342654 0.024838364 8.7457575e-15)
(0.49345714 0.03177152 2.1682943e-13)
(0.50612564 0.0388097 1.4373201e-13)
(0.52148723 0.04597476 2.5832851e-13)
(0.53957775 0.053230813 4.5412556e-13)
(0.56042098 0.060503278 3.121659e-13)
(0.58401189 0.067662274 6.3554275e-13)
(0.61029677 0.074535136 6.7844862e-13)
(0.6391605 0.080903905 3.7163171e-13)
(0.67041403 0.086521206 9.189451e-13)
(0.70378439 0.09112276 1.195509e-12)
(0.73891182 0.094447031 8.8488726e-13)
(0.77534688 0.096258068 3.9279892e-13)
(0.81256461 0.096371417 4.1473334e-13)
(0.84997704 0.094674055 1.1242134e-12)
(0.88696033 0.091148498 1.6109923e-12)
(0.922891 0.085883433 1.1421548e-12)
(0.95718907 0.079069993 5.2346306e-14)
(0.98936137 0.070986841 -7.3678217e-13)
(1.0190183 0.06194818 -7.7751937e-13)
(1.0459097 0.052287822 -4.7784009e-13)
(1.06989 0.042287626 -5.4118882e-13)
(1.0908874 0.032167373 -1.2554577e-12)
(1.1089178 0.022125397 -2.3658731e-12)
(1.1239637 0.012247006 -3.4618656e-12)
(1.1360299 0.0025717057 -4.3431285e-12)
(1.1451192 -0.0069232155 -5.0443458e-12)
(1.1511837 -0.016282472 -5.6285397e-12)
(1.1542013 -0.025512709 -6.0508887e-12)
(1.1540575 -0.034677651 -6.209123e-12)
(1.1505417 -0.043855511 -6.0588642e-12)
(1.1433762 -0.053081176 -5.6410066e-12)
(1.1322262 -0.062327966 -5.0155259e-12)
(1.1167061 -0.071502671 -4.2101656e-12)
(1.0964124 -0.08043167 -3.2475588e-12)
(1.0709765 -0.088855674 -2.1986608e-12)
(1.0401291 -0.096452271 -1.1834031e-12)
(1.0037823 -0.10287553 -3.188055e-13)
(0.96212403 -0.10780462 3.2722084e-13)
(0.91570499 -0.11101155 7.4117788e-13)
(0.86547803 -0.11242823 9.4447974e-13)
(0.8127638 -0.11215818 9.7340995e-13)
(0.75912775 -0.11040765 8.6461496e-13)
(0.70618703 -0.10736541 6.4318934e-13)
(0.65541115 -0.10309207 3.12241e-13)
(0.60800326 -0.097494481 -1.5272279e-13)
(0.56487183 -0.090410193 -8.1565493e-13)
(0.5266672 -0.081735597 -1.8069013e-12)
(0.49382062 -0.071520496 -3.3360706e-12)
(0.46657519 -0.05998958 -5.7251014e-12)
(0.445 -0.047502165 -9.5037587e-12)
(0.4290347 -0.034474939 -1.5618755e-11)
(0.41850463 -0.021302277 -2.5649625e-11)
(0.4131316 -0.0083079406 -4.1980572e-11)
(0.4125884 0.0043008822 -6.7267472e-11)
(0.41665447 0.016234102 -1.024592e-10)
(0.42500095 0.027292309 -1.4438226e-10)
(0.43727775 0.037194844 -1.8522432e-10)
(0.45305043 0.045575616 -2.1430859e-10)
(0.47170932 0.052096494 -2.2048653e-10)
(0.49242328 0.056470286 -1.9714247e-10)
(0.51423525 0.058558561 -1.4674012e-10)
(0.53616342 0.058566811 -7.8991972e-11)
(0.55734497 0.056898856 -6.9336146e-12)
(0.57710304 0.053951064 5.6690646e-11)
(0.59493599 0.050081135 1.0248134e-10)
(0.61051128 0.045603156 1.2611028e-10)
(0.62364895 0.040731823 1.2801871e-10)
(0.63426702 0.035557271 1.1205714e-10)
(0.64233579 0.030102021 8.3563477e-11)
(0.64785493 0.024382427 4.7551069e-11)
(0.65086114 0.018467757 7.138447e-12)
(0.65142364 0.012499485 -3.6532688e-11)
(0.64968393 0.0067028238 -8.4486531e-11)
(0.64589836 0.0012454185 -1.3742431e-10)
(0.6403016 -0.0036239702 -1.9818111e-10)
(0.63318458 -0.0076646366 -2.6121116e-10)
(0.62495509 -0.010740263 -3.2084989e-10)
(0.61606336 -0.012810088 -3.7115922e-10)
(0.60699269 -0.013941736 -3.8749577e-10)
(0.5981972 -0.014344608 -3.3623957e-10)
(0.59006904 -0.014326529 -2.0908198e-10)
(0.58277757 -0.014249687 -2.1873197e-11)
(0.576295 -0.014404721 2.0678072e-10)
(0.57046873 -0.015013734 4.7065527e-10)
(0.565003 -0.016286401 7.6139155e-10)
(0.55941616 -0.018349615 1.0565803e-09)
(0.55313563 -0.021135885 1.3295234e-09)
(0.5456763 -0.02439633 1.5637105e-09)
(0.53676449 -0.027800457 1.7563566e-09)
(0.52637373 -0.03102006 1.912711e-09)
(0.51468511 -0.033766988 2.0388951e-09)
(0.50202735 -0.035800338 2.1381962e-09)
(0.48881454 -0.036914941 2.2105098e-09)
(0.47550312 -0.036929527 2.2535427e-09)
(0.46258985 -0.035684869 2.2648098e-09)
(0.450597 -0.033045839 2.2427747e-09)
(0.44006559 -0.028921101 2.1879631e-09)
(0.43156284 -0.02329136 2.1038019e-09)
(0.42564648 -0.016220018 1.9961697e-09)
(0.4228182 -0.0078849906 1.8731063e-09)
(0.42353333 0.0014296101 1.7438346e-09)
(0.42810271 0.011292046 1.6174088e-09)
(0.43660578 0.021184585 1.5016111e-09)
(0.44891442 0.030559784 1.4019818e-09)
(0.46466094 0.038866385 1.321547e-09)
(0.48323028 0.045607534 1.2612411e-09)
(0.50379927 0.050398626 1.2208702e-09)
(0.52540505 0.053009483 1.2002248e-09)
(0.5470265 0.053382886 1.1997865e-09)
(0.56768534 0.051628884 1.2204908e-09)
(0.58651629 0.047997573 1.26233e-09)
(0.60284204 0.042836343 1.3222089e-09)
(0.61617699 0.036543328 1.3919973e-09)
(0.62625167 0.029524315 1.4580007e-09)
(0.63295894 0.02215373 1.5024246e-09)
(0.63635546 0.014752571 1.5067483e-09)
(0.63658704 0.0075712859 1.4558399e-09)
(0.63396495 0.00077801171 1.3416532e-09)
(0.62877895 -0.0055659741 1.1652616e-09)
(0.62128545 -0.011352042 9.369629e-10)
(0.61183964 -0.016594939 6.7423176e-10)
(0.60075278 -0.021324697 3.9826398e-10)
(0.58829377 -0.025596055 1.3017116e-10)
(0.57469898 -0.029462205 -1.122831e-10)
(0.56016929 -0.032964467 -3.1672768e-10)
(0.54487714 -0.036119683 -4.7677965e-10)
(0.5289782 -0.038909803 -5.9139092e-10)
(0.51262707 -0.041274988 -6.6343502e-10)
(0.49599504 -0.043111479 -6.9807124e-10)
(0.47928855 -0.044275391 -7.0132256e-10)
(0.46276489 -0.044593192 -6.790956e-10)
(0.44674399 -0.043879152 -6.3668679e-10)
(0.43161173 -0.041959673 -5.7868123e-10)
(0.41781553 -0.038700576 -5.091067e-10)
(0.40584536 -0.03403666 -4.3167227e-10)
(0.39620353 -0.027995485 -3.5000799e-10)
(0.38936596 -0.020711383 -2.6779178e-10)
(0.38573505 -0.012426806 -1.8872342e-10)
(0.38559244 -0.0034772524 -1.1635835e-10)
(0.38909654 0.0057330417 -5.384989e-11)
(0.39622225 0.014790774 -3.7139861e-12)
(0.40675068 0.023261325 3.2337902e-11)
(0.42031917 0.030770769 5.3425702e-11)
(0.43641095 0.037012968 5.9391338e-11)
(0.45439228 0.041769089 5.0622668e-11)
(0.47355227 0.04491698 2.791598e-11)
(0.49314603 0.046429192 -7.4937558e-12)
(0.51244041 0.046363164 -5.3654082e-11)
(0.53075497 0.044843452 -1.0741611e-10)
(0.54749805 0.042044095 -1.6394776e-10)
(0.56219826 0.038168994 -2.1659912e-10)
(0.57450651 0.03342858 -2.5743843e-10)
(0.58420193 0.02803306 -2.7854851e-10)
(0.5911746 0.022183972 -2.7377827e-10)
(0.59540535 0.016054567 -2.4032594e-10)
(0.59694185 0.00980563 -1.7947051e-10)
(0.59591838 0.0036026765 -9.6189316e-11)
(0.59251129 -0.0024890085 2.1843379e-12)
(0.58688125 -0.0083219465 1.0765548e-10)
(0.57924703 -0.013789738 2.1304249e-10)
(0.56986832 -0.018806107 3.1289988e-10)
(0.55900623 -0.023301422 4.0375436e-10)
(0.54693753 -0.027209905 4.8385976e-10)
(0.53394899 -0.030470621 5.5272699e-10)
(0.52033339 -0.033027241 6.1062674e-10)
(0.50638844 -0.0348281 6.5819362e-10)
(0.49241453 -0.035828617 6.9616073e-10)
(0.47871318 -0.035995066 7.252144e-10)
(0.4655839 -0.035309537 7.4593128e-10)
(0.45331839 -0.033774629 7.5878039e-10)
(0.4421959 -0.031418152 7.6415569e-10)
(0.43247253 -0.028295505 7.624192e-10)
(0.42437487 -0.024491082 7.5396689e-10)
(0.4180873 -0.020115463 7.3927076e-10)
(0.41374792 -0.015302222 7.1894765e-10)
(0.41143701 -0.010199219 6.9377228e-10)
(0.41117677 -0.0049625371 6.6474453e-10)
(0.4129269 0.00024894297 6.3308549e-10)
(0.41660194 0.0052962979 6.002348e-10)
(0.42205393 0.010034666 5.678302e-10)
(0.42908454 0.014342234 5.3764947e-10)
(0.43746542 0.018122469 5.1152244e-10)
(0.44693343 0.021297418 4.9119814e-10)
(0.45720181 0.023808826 4.7818609e-10)
(0.46796937 0.02561872 4.7357281e-10)
(0.47893101 0.026708288 4.7784492e-10)
(0.48978484 0.02707685 4.907447e-10)
(0.50024392 0.026741145 5.1120666e-10)
(0.51004223 0.025734015 5.3740236e-10)
(0.51894453 0.024102653 5.6692333e-10)
(0.52674768 0.021908863 5.9707247e-10)
(0.53329095 0.019223876 6.2524519e-10)
(0.53844825 0.016131625 6.4927717e-10)
(0.54213749 0.012719937 6.6773154e-10)
(0.54431787 0.0090841516 6.800141e-10)
(0.54497654 0.0053254434 6.8631585e-10)
(0.54416056 0.0015320227 6.8745695e-10)
(0.54193559 -0.0022321914 6.8460522e-10)
(0.53838025 -0.0058513619 6.7905209e-10)
(0.53361721 -0.0092492465 6.7201429e-10)
(0.52779201 -0.01235666 6.6450003e-10)
(0.52106055 -0.015117171 6.5726119e-10)
(0.5135971 -0.017477396 6.5080316e-10)
(0.50558186 -0.019392492 6.4541763e-10)
(0.49720782 -0.020819402 6.4123832e-10)
(0.48866583 -0.021723374 6.3827648e-10)
(0.48015852 -0.022066276 6.3648436e-10)
(0.47188575 -0.021821411 6.3573604e-10)
(0.4640413 -0.02095115 6.3594541e-10)
(0.45686446 -0.01943924 6.3690005e-10)
(0.45045978 -0.01724181 6.3858387e-10)
(0.44525337 -0.014359702 6.4066587e-10)
(0.44093189 -0.010727505 6.4328994e-10)
(0.43873303 -0.0063889639 6.4595715e-10)
(0.4363689 -0.001191307 6.4904956e-10)
(0.43937336 0.0063551576 6.5244149e-10)
(0.34318929 0.002548068 -1.4298618e-14)
(0.34587268 0.0072360042 1.57663e-14)
(0.3509534 0.011687425 2.1520608e-14)
(0.35833234 0.016011631 2.2483155e-14)
(0.36817027 0.020326276 7.4775922e-14)
(0.38055487 0.024694141 6.9503389e-14)
(0.39551755 0.02913641 9.5362e-14)
(0.413079 0.03364004 1.6382041e-13)
(0.43324979 0.038159985 1.3002305e-13)
(0.45600876 0.042612339 1.9170193e-13)
(0.48128514 0.046879332 2.3492899e-13)
(0.50894689 0.050812871 2.0399142e-13)
(0.53879046 0.054243824 2.9976484e-13)
(0.57053386 0.056992361 3.144681e-13)
(0.60381479 0.058881451 2.271883e-13)
(0.63819266 0.05975297 1.6763177e-13)
(0.67315843 0.059484383 2.1620212e-13)
(0.70814939 0.058001919 3.0020099e-13)
(0.74257523 0.055296648 2.4117178e-13)
(0.77584381 0.051428963 -1.1677141e-14)
(0.80739769 0.046530405 -3.2424073e-13)
(0.83674708 0.040790304 -5.465899e-13)
(0.86347366 0.03442076 -6.6892704e-13)
(0.88728413 0.027662954 -7.998294e-13)
(0.9079633 0.020693417 -1.0352925e-12)
(0.92536799 0.013661824 -1.3784889e-12)
(0.93947914 0.0067962185 -1.7679324e-12)
(0.95020857 0.00010809271 -2.1379449e-12)
(0.95744288 -0.0064050121 -2.4442114e-12)
(0.96123035 -0.012692503 -2.6575419e-12)
(0.96155054 -0.018716409 -2.752677e-12)
(0.9583589 -0.024477502 -2.7176687e-12)
(0.95154407 -0.030015526 -2.5600071e-12)
(0.94096776 -0.03535026 -2.2975875e-12)
(0.92647394 -0.040461153 -1.94503e-12)
(0.90789475 -0.045290339 -1.5145578e-12)
(0.88507616 -0.049739108 -1.030532e-12)
(0.85792201 -0.053670108 -5.3771959e-13)
(0.82644697 -0.056928238 -9.096232e-14)
(0.7908346 -0.05937674 2.6431653e-13)
(0.75148712 -0.060941175 5.0410866e-13)
(0.70904905 -0.061651461 6.2515564e-13)
(0.66438585 -0.061658056 6.3707413e-13)
(0.61850515 -0.061198544 5.5440916e-13)
(0.57243952 -0.060517469 3.9037727e-13)
(0.52713352 -0.05976608 1.5267923e-13)
(0.48338718 -0.058922572 -1.5963972e-13)
(0.44186541 -0.057781539 -5.5937171e-13)
(0.40314358 -0.056021074 -1.0749721e-12)
(0.3677498 -0.053319437 -1.7572103e-12)
(0.33618863 -0.049456312 -2.6867469e-12)
(0.30891377 -0.044368937 -3.9814587e-12)
(0.28628285 -0.038152793 -5.8157075e-12)
(0.26851885 -0.031022028 -8.4463439e-12)
(0.25570074 -0.023261527 -1.2229338e-11)
(0.24778145 -0.015173724 -1.7580364e-11)
(0.24463351 -0.0070056454 -2.4854098e-11)
(0.24589699 0.0010617843 -3.4038763e-11)
(0.25129106 0.008873864 -4.4323305e-11)
(0.26054931 0.016103189 -5.3863292e-11)
(0.27326994 0.022612165 -6.0121333e-11)
(0.2889651 0.028172889 -6.059485e-11)
(0.3070253 0.032590741 -5.3655112e-11)
(0.32671738 0.035707972 -3.9527619e-11)
(0.3472425 0.037473869 -2.0605402e-11)
(0.36781589 0.037995636 -5.8018169e-13)
(0.38776338 0.037476545 1.6733524e-11)
(0.40656505 0.036140824 2.8369999e-11)
(0.42385048 0.034195575 3.2746246e-11)
(0.43937963 0.031806658 2.9685324e-11)
(0.45301358 0.029078183 1.9965545e-11)
(0.46467201 0.026056225 4.7517129e-12)
(0.47429944 0.02275391 -1.4972629e-11)
(0.48184652 0.019193157 -3.8674406e-11)
(0.48727991 0.015431665 -6.62227e-11)
(0.49059935 0.011566763 -9.7435492e-11)
(0.49186295 0.0077481275 -1.3162719e-10)
(0.49122138 0.0041306295 -1.6672591e-10)
(0.48890427 0.00083131894 -1.9933399e-10)
(0.48520404 -0.0019915683 -2.2255964e-10)
(0.4804558 -0.0042517475 -2.3045836e-10)
(0.47502418 -0.0059163304 -2.1528605e-10)
(0.46927071 -0.0070422714 -1.652721e-10)
(0.46349592 -0.0077381813 -7.5554083e-11)
(0.45789218 -0.0081703226 4.4581941e-11)
(0.45249449 -0.0085287386 1.8263033e-10)
(0.44722158 -0.008961686 3.2984724e-10)
(0.44190585 -0.0095951919 4.793841e-10)
(0.43629628 -0.010553374 6.2208852e-10)
(0.43008227 -0.011906186 7.4821926e-10)
(0.42296338 -0.013630492 8.5209744e-10)
(0.41472981 -0.015624628 9.3365344e-10)
(0.4053094 -0.017742353 9.9632648e-10)
(0.3947736 -0.019819581 1.044202e-09)
(0.3833126 -0.021690175 1.0802781e-09)
(0.37120821 -0.023193032 1.1061618e-09)
(0.35880647 -0.024173808 1.1223807e-09)
(0.34649959 -0.024487935 1.1289305e-09)
(0.33472269 -0.024003206 1.1258484e-09)
(0.32393616 -0.022608853 1.113417e-09)
(0.31461551 -0.020231766 1.0924593e-09)
(0.30724662 -0.016842385 1.0644871e-09)
(0.30228316 -0.012472849 1.0315042e-09)
(0.30012323 -0.0072354139 9.960389e-10)
(0.30108091 -0.0012984503 9.6089982e-10)
(0.30533653 0.0050485945 9.2893431e-10)
(0.31291582 0.01145531 9.0282485e-10)
(0.32367575 0.017587599 8.8487855e-10)
(0.3372779 0.023107676 8.7686956e-10)
(0.35321059 0.027700954 8.7996068e-10)
(0.37082347 0.031120714 8.9459855e-10)
(0.38937337 0.03321294 9.2031216e-10)
(0.40808047 0.033926531 9.5538997e-10)
(0.42618831 0.033312322 9.9649739e-10)
(0.44301419 0.031507254 1.0384203e-09)
(0.45798984 0.028712676 1.0741645e-09)
(0.47068296 0.025162613 1.0956082e-09)
(0.48080448 0.021102358 1.0946752e-09)
(0.48820441 0.016756417 1.0648377e-09)
(0.49284985 0.012324809 1.0025071e-09)
(0.49481064 0.0079563613 9.0799775e-10)
(0.49422441 0.0037793895 7.8568389e-10)
(0.49133608 -0.00020568981 6.4340959e-10)
(0.48635016 -0.0039427762 4.9121235e-10)
(0.47945432 -0.0073986673 3.3977932e-10)
(0.47087829 -0.010575076 1.9879683e-10)
(0.46081738 -0.013524783 7.57503e-11)
(0.44945878 -0.016274448 -2.4714257e-11)
(0.43697071 -0.018844725 -1.0082314e-10)
(0.42351377 -0.021240479 -1.5323158e-10)
(0.4092507 -0.02344313 -1.8431307e-10)
(0.39435839 -0.025406018 -1.9739635e-10)
(0.37904069 -0.027052725 -1.9611097e-10)
(0.36354064 -0.028279582 -1.8392844e-10)
(0.34814925 -0.028962908 -1.6391006e-10)
(0.33320973 -0.028970992 -1.3862844e-10)
(0.31911418 -0.0281804 -1.1020521e-10)
(0.30629264 -0.026494454 -8.0412696e-11)
(0.29519292 -0.023862746 -5.0789377e-11)
(0.28625291 -0.020295758 -2.2745506e-11)
(0.27986832 -0.015873301 2.3703971e-12)
(0.27635859 -0.01074433 2.3255088e-11)
(0.27593631 -0.0051141066 3.8683681e-11)
(0.27868887 0.00077743687 4.7581187e-11)
(0.28454119 0.0066360376 4.910937e-11)
(0.29329375 0.012177692 4.2763203e-11)
(0.30463348 0.017183526 2.8463019e-11)
(0.31811473 0.021458923 6.6379463e-12)
(0.33321542 0.024858082 -2.1688694e-11)
(0.34936679 0.027294293 -5.4818561e-11)
(0.36598556 0.028737279 -9.0324917e-11)
(0.3825046 0.02920653 -1.2507407e-10)
(0.39839872 0.028762289 -1.5538851e-10)
(0.41320393 0.027495007 -1.7740136e-10)
(0.42653176 0.02551386 -1.876011e-10)
(0.43807019 0.02293749 -1.8346305e-10)
(0.44758636 0.019888348 -1.6400552e-10)
(0.45492037 0.016482489 -1.300668e-10)
(0.45998123 0.012828525 -8.4182335e-11)
(0.46273545 0.0090309113 -3.0078637e-11)
(0.46319716 0.0051821063 2.8039912e-11)
(0.46146976 0.0013408577 8.6210933e-11)
(0.45767766 -0.0024334405 1.4124423e-10)
(0.45195785 -0.0060531135 1.9094489e-10)
(0.44448893 -0.0094437541 2.3411509e-10)
(0.43547849 -0.012568856 2.7037438e-10)
(0.42516702 -0.015379254 2.9990698e-10)
(0.41381055 -0.017825091 3.232259e-10)
(0.40168091 -0.019858673 3.4098788e-10)
(0.38906325 -0.021433869 3.5387562e-10)
(0.37625096 -0.022508536 3.6252958e-10)
(0.36354188 -0.023047654 3.6752164e-10)
(0.3512333 -0.023027296 3.6935488e-10)
(0.33961358 -0.022437522 3.6847373e-10)
(0.32895733 -0.021286131 3.6529434e-10)
(0.31951333 -0.01960043 3.6022014e-10)
(0.31150016 -0.017428189 3.5367905e-10)
(0.30509327 -0.014835653 3.4613067e-10)
(0.30042661 -0.011905786 3.3809769e-10)
(0.29757677 -0.0087311327 3.3014397e-10)
(0.29657101 -0.0054134119 3.22899e-10)
(0.29738613 -0.0020495106 3.1701357e-10)
(0.29993641 0.0012667259 3.1313603e-10)
(0.30409229 0.0044354414 3.118626e-10)
(0.30970283 0.0073622736 3.1368559e-10)
(0.31657752 0.0099909511 3.1893331e-10)
(0.3244929 0.012267057 3.2770988e-10)
(0.33320972 0.014145733 3.3985167e-10)
(0.34247763 0.015595183 3.5490221e-10)
(0.35204258 0.016595553 3.7212294e-10)
(0.3616511 0.01713857 3.9053931e-10)
(0.37105844 0.01722718 4.0903184e-10)
(0.38003163 0.016874812 4.2645493e-10)
(0.38835691 0.016104976 4.4177512e-10)
(0.39584053 0.014950864 4.5419271e-10)
(0.40231779 0.013453643 4.6324114e-10)
(0.40765004 0.011662264 4.6881385e-10)
(0.41173168 0.0096309763 4.7115131e-10)
(0.41449255 0.0074182233 4.7076176e-10)
(0.41589157 0.0050827058 4.6831069e-10)
(0.41591831 0.0026862366 4.6452192e-10)
(0.41462433 0.00027311704 4.6007214e-10)
(0.41207719 -0.0021004045 4.5553308e-10)
(0.4083495 -0.0043728185 4.5134932e-10)
(0.40355158 -0.00648752 4.4782247e-10)
(0.39781581 -0.008415169 4.4512905e-10)
(0.39129782 -0.010115213 4.4334621e-10)
(0.3841637 -0.011552518 4.4247554e-10)
(0.37659387 -0.012693112 4.4246852e-10)
(0.36877526 -0.013506636 4.4324078e-10)
(0.36090712 -0.013961664 4.446938e-10)
(0.35318923 -0.014031247 4.4670714e-10)
(0.34583104 -0.013685279 4.4917967e-10)
(0.33904869 -0.012898845 4.5196654e-10)
(0.33303179 -0.011641599 4.550045e-10)
(0.32806033 -0.0098855349 4.5809092e-10)
(0.32417354 -0.0075905095 4.6127844e-10)
(0.32192065 -0.0047220184 4.6421091e-10)
(0.32047513 -0.00090090931 4.6732151e-10)
(0.32356502 0.0039850636 4.6995584e-10)
(0.21117934 0.0013579931 -2.8140172e-15)
(0.21359043 0.0034243061 7.2699336e-15)
(0.21817013 0.0054098003 7.1810216e-15)
(0.22462894 0.0072640683 1.2415855e-14)
(0.23316236 0.0090960386 2.5240995e-14)
(0.24382682 0.010949299 2.5072029e-14)
(0.2566389 0.01284317 3.3725131e-14)
(0.27162322 0.014780749 4.8464169e-14)
(0.28879759 0.016743722 4.0592221e-14)
(0.30815047 0.018690131 5.4272959e-14)
(0.32962349 0.02055793 6.3903298e-14)
(0.35309794 0.022268289 5.3316404e-14)
(0.3783834 0.023730435 5.6190544e-14)
(0.40521064 0.024847695 4.5853067e-14)
(0.43322934 0.025525208 2.2866514e-14)
(0.46201216 0.025678527 4.2147314e-15)
(0.49106482 0.025243336 -1.3085474e-14)
(0.51984357 0.02418443 -5.1260591e-14)
(0.54778068 0.022503831 -1.2626003e-13)
(0.57430932 0.020242966 -2.2536834e-13)
(0.59890146 0.017483048 -3.2134975e-13)
(0.62109035 0.014337704 -4.0226866e-13)
(0.64048636 0.010929328 -4.7980167e-13)
(0.6568205 0.0074142866 -5.7243298e-13)
(0.66988356 0.0038907987 -6.8429103e-13)
(0.67951065 0.00052144881 -8.0073824e-13)
(0.68592246 -0.002585141 -9.0407165e-13)
(0.68890873 -0.0055808293 -9.7589714e-13)
(0.68842962 -0.0084665643 -1.0014423e-12)
(0.68496129 -0.010942157 -9.8118747e-13)
(0.67827736 -0.013170466 -9.1346936e-13)
(0.66853187 -0.015119946 -8.0493773e-13)
(0.65578755 -0.016809368 -6.6204228e-13)
(0.64013336 -0.018239633 -4.9142838e-13)
(0.62167373 -0.019403431 -3.0239019e-13)
(0.60054158 -0.020288294 -1.0922484e-13)
(0.57692328 -0.020879166 6.9736185e-14)
(0.55107802 -0.021168219 2.1653399e-13)
(0.52334595 -0.021169627 3.1821492e-13)
(0.49413993 -0.020933887 3.6871486e-13)
(0.46391628 -0.020555044 3.6778557e-13)
(0.43312846 -0.020163899 3.1861664e-13)
(0.40217243 -0.019904625 2.256132e-13)
(0.37134172 -0.01990138 9.2952329e-14)
(0.34081719 -0.020224517 -7.6438203e-14)
(0.3107001 -0.020860756 -2.8162937e-13)
(0.28107636 -0.021695222 -5.248484e-13)
(0.252093 -0.02252569 -8.1278508e-13)
(0.22402188 -0.023106836 -1.1579882e-12)
(0.19727836 -0.023208273 -1.5802973e-12)
(0.17239563 -0.022658646 -2.1076932e-12)
(0.14995081 -0.021376228 -2.7770022e-12)
(0.13048805 -0.019374931 -3.6344277e-12)
(0.1144678 -0.016749087 -4.7310622e-12)
(0.10233605 -0.013632559 -6.113209e-12)
(0.094283204 -0.010164843 -7.7845644e-12)
(0.090295173 -0.0064620891 -9.6615838e-12)
(0.090199385 -0.0027061214 -1.1520704e-11)
(0.093671823 0.0010685347 -1.2986835e-11)
(0.10053568 0.0047734386 -1.3595486e-11)
(0.1106691 0.0081973982 -1.2946957e-11)
(0.12360056 0.011188303 -1.0856311e-11)
(0.13881045 0.013710523 -7.4880556e-12)
(0.15568102 0.015641182 -3.4119989e-12)
(0.17357702 0.01693516 5.0126528e-13)
(0.19188074 0.017629299 3.3240291e-12)
(0.2100515 0.01781247 4.2926202e-12)
(0.22765303 0.017588341 2.9269577e-12)
(0.24435136 0.017051138 -9.7079459e-13)
(0.25989887 0.016273357 -7.402642e-12)
(0.2741114 0.015298952 -1.629493e-11)
(0.28684084 0.014144162 -2.7562178e-11)
(0.29795734 0.012810106 -4.110144e-11)
(0.30734309 0.011300066 -5.6653913e-11)
(0.31490342 0.0096321473 -7.3614231e-11)
(0.32058554 0.0078474531 -9.0814737e-11)
(0.32439885 0.0060114263 -1.063893e-10)
(0.32643442 0.0042054383 -1.1773356e-10)
(0.32686141 0.0025077538 -1.2170078e-10)
(0.32589881 0.00098137452 -1.149858e-10)
(0.32382291 -0.00032409348 -9.51465e-11)
(0.32090333 -0.001397053 -5.9996663e-11)
(0.31740364 -0.0021982529 -9.1422626e-12)
(0.3135677 -0.0027533667 5.3613457e-11)
(0.30954275 -0.003123774 1.2182771e-10)
(0.30538336 -0.0033829421 1.9032461e-10)
(0.30106296 -0.0036049133 2.5534597e-10)
(0.29648697 -0.0038674441 3.1352427e-10)
(0.2915042 -0.0042475164 3.6205578e-10)
(0.28592713 -0.0048029616 3.9972818e-10)
(0.27956957 -0.0055581479 4.2723138e-10)
(0.27228892 -0.0065010265 4.4643993e-10)
(0.26401392 -0.0075890669 4.5944501e-10)
(0.25475602 -0.0087579676 4.6796778e-10)
(0.24460941 -0.0099293149 4.732087e-10)
(0.23374785 -0.01101541 4.7596469e-10)
(0.22241844 -0.011922572 4.7677948e-10)
(0.2109343 -0.012554729 4.7609925e-10)
(0.19966943 -0.012816895 4.7439907e-10)
(0.18904433 -0.012623462 4.722073e-10)
(0.17951101 -0.011906772 4.701536e-10)
(0.17153581 -0.010625349 4.6896737e-10)
(0.16556768 -0.008781539 4.6940957e-10)
(0.16200421 -0.0064225879 4.7225051e-10)
(0.16115562 -0.0036377276 4.7820553e-10)
(0.16319337 -0.00054783206 4.8784868e-10)
(0.16818862 0.0027363849 5.0155398e-10)
(0.17608552 0.0060084165 5.1941392e-10)
(0.18661191 0.0090570651 5.4110432e-10)
(0.19935657 0.011708202 5.6584154e-10)
(0.213802 0.013823563 5.9229519e-10)
(0.22934974 0.015309628 6.1854776e-10)
(0.24536525 0.01612494 6.4212115e-10)
(0.26122396 0.01628062 6.6010754e-10)
(0.27635178 0.015832509 6.6942908e-10)
(0.29025749 0.014870395 6.6721934e-10)
(0.30255332 0.013502558 6.5128179e-10)
(0.31296147 0.011844235 6.2051917e-10)
(0.32131399 0.010003784 5.7525438e-10)
(0.32753533 0.0080776879 5.1731639e-10)
(0.33163238 0.0061448373 4.4989785e-10)
(0.3336645 0.004269037 3.771472e-10)
(0.33374289 0.0024982552 3.0367154e-10)
(0.33201671 0.00080841806 2.3377079e-10)
(0.32863762 -0.00078551422 1.7112283e-10)
(0.32367981 -0.0023374916 1.1830788e-10)
(0.31724367 -0.0038254975 7.6704432e-11)
(0.30946469 -0.0052598626 4.6524654e-11)
(0.30043623 -0.0066620083 2.6986318e-11)
(0.29025335 -0.0080425231 1.6664421e-11)
(0.27902008 -0.0093976767 1.3782958e-11)
(0.26686056 -0.010707421 1.6468518e-11)
(0.25393239 -0.011933063 2.2934601e-11)
(0.24043887 -0.013017091 3.1589936e-11)
(0.22663785 -0.013885948 4.1083406e-11)
(0.21284563 -0.014455993 5.0303831e-11)
(0.1994333 -0.014642571 5.835469e-11)
(0.18681515 -0.014371155 6.4518771e-11)
(0.17542845 -0.0135894 6.8225206e-11)
(0.16570665 -0.012277638 6.9024757e-11)
(0.15804886 -0.010456643 6.6579862e-11)
(0.15278982 -0.0081911143 6.0670591e-11)
(0.15017059 -0.0055856659 5.1215612e-11)
(0.15030738 -0.0027690857 3.8303494e-11)
(0.15317342 0.00012522729 2.2228786e-11)
(0.15867533 0.0030185867 3.5234828e-12)
(0.1666086 0.0057412148 -1.7011636e-11)
(0.17661527 0.0081661062 -3.8303289e-11)
(0.18828979 0.010207663 -5.9046124e-11)
(0.2011858 0.011809807 -7.7754795e-11)
(0.21483684 0.012944153 -9.2875487e-11)
(0.22878058 0.013608427 -1.0294086e-10)
(0.24257832 0.013822033 -1.0675752e-10)
(0.25583013 0.013620384 -1.0359571e-10)
(0.26818559 0.01305012 -9.3337803e-11)
(0.27934791 0.01216376 -7.6540845e-11)
(0.28907727 0.011015322 -5.4388569e-11)
(0.29718993 0.0096573338 -2.8522024e-11)
(0.30355451 0.0081403589 -7.9095182e-13)
(0.30808639 0.0065107821 2.7003857e-11)
(0.31074275 0.004813218 5.3330181e-11)
(0.31153201 0.0030982777 7.7062834e-11)
(0.31051168 0.001382561 9.7479523e-11)
(0.30776237 -0.00032299893 1.1443199e-10)
(0.30336337 -0.002024244 1.2784597e-10)
(0.29741392 -0.0036737656 1.3800418e-10)
(0.29009051 -0.0052300389 1.4528619e-10)
(0.28157136 -0.0066677147 1.5013605e-10)
(0.27205768 -0.007960432 1.5300536e-10)
(0.26177483 -0.0090774687 1.5432868e-10)
(0.25096723 -0.0099875279 1.5450958e-10)
(0.23989524 -0.01066078 1.5391678e-10)
(0.22882982 -0.011071197 1.5288523e-10)
(0.21804508 -0.011198978 1.5171803e-10)
(0.20781077 -0.011033226 1.5069311e-10)
(0.1983821 -0.010573827 1.5006414e-10)
(0.18999165 -0.0098323916 1.5006574e-10)
(0.18283935 -0.0088325027 1.5090982e-10)
(0.1770874 -0.0076083959 1.5278556e-10)
(0.17285271 -0.0062053733 1.5584826e-10)
(0.1702056 -0.0046741661 1.6021516e-10)
(0.16916944 -0.0030711518 1.6594979e-10)
(0.16971272 -0.0014535722 1.7304935e-10)
(0.17174663 0.00014282695 1.814333e-10)
(0.17518102 0.0017002839 1.9094135e-10)
(0.17989627 0.0031577161 2.0132718e-10)
(0.18570922 0.0044720629 2.1225451e-10)
(0.1924298 0.0056157155 2.2333056e-10)
(0.19985532 0.0065677294 2.3412188e-10)
(0.20777344 0.0073125627 2.4419059e-10)
(0.21596715 0.0078405875 2.5313353e-10)
(0.2242209 0.008147914 2.6062376e-10)
(0.23232433 0.0082361062 2.6644319e-10)
(0.2400782 0.0081120472 2.7050563e-10)
(0.24729712 0.0077874006 2.7286004e-10)
(0.25381546 0.0072783507 2.7368053e-10)
(0.25948898 0.0066045995 2.7323504e-10)
(0.26419855 0.0057891014 2.718498e-10)
(0.26785174 0.0048578377 2.6986732e-10)
(0.27038339 0.0038371996 2.6761108e-10)
(0.27175629 0.0027595589 2.6535815e-10)
(0.27196735 0.0016633387 2.6332614e-10)
(0.2710469 0.00055677611 2.6167091e-10)
(0.26904803 -0.00054352318 2.6048595e-10)
(0.26601665 -0.0016340302 2.5981474e-10)
(0.26203251 -0.0026696312 2.59659e-10)
(0.2572191 -0.0036250621 2.5999252e-10)
(0.25169976 -0.0044830912 2.6076825e-10)
(0.24561659 -0.0052241807 2.6192666e-10)
(0.2391254 -0.0058287647 2.6339995e-10)
(0.23239711 -0.0062759634 2.651182e-10)
(0.22561245 -0.0065456116 2.6700724e-10)
(0.21896692 -0.0066153222 2.6900007e-10)
(0.21266399 -0.0064629736 2.7101972e-10)
(0.20691513 -0.0060639032 2.7301376e-10)
(0.20195758 -0.0053864749 2.7489306e-10)
(0.1979886 -0.0043932994 2.76654e-10)
(0.19525168 -0.0030049109 2.78161e-10)
(0.19404026 -0.00087439707 2.7963472e-10)
(0.19628338 0.001695298 2.8067356e-10)
(0.072145656 0.00034229046 -2.0507453e-17)
(0.0736502 0.00074364658 2.1371246e-15)
(0.076235512 0.0011130475 2.0208877e-15)
(0.079707478 0.0014423443 3.7766141e-15)
(0.0842127 0.0017731198 5.7823151e-15)
(0.089754173 0.0021140847 5.7436829e-15)
(0.096342494 0.0024717278 7.6176958e-15)
(0.1040087 0.0028481914 9.2333695e-15)
(0.1127826 0.0032384708 7.5112857e-15)
(0.12267551 0.0036305139 8.7829287e-15)
(0.13366704 0.0040063631 7.9149152e-15)
(0.14569386 0.0043430549 3.2076379e-15)
(0.1586405 0.0046139761 -1.6237179e-16)
(0.17233356 0.0047908371 -5.768705e-15)
(0.1865401 0.004846295 -1.4145932e-14)
(0.20097163 0.0047570399 -2.4481606e-14)
(0.21529347 0.0045072782 -3.8097722e-14)
(0.22914047 0.0040917107 -5.6600561e-14)
(0.24213832 0.0035178145 -7.9048544e-14)
(0.25392732 0.0028059472 -1.0230782e-13)
(0.26418992 0.0019881666 -1.2428739e-13)
(0.27266953 0.001104927 -1.4547678e-13)
(0.27920602 0.00019780935 -1.6733999e-13)
(0.28374225 -0.0006669824 -1.8994127e-13)
(0.28629 -0.0014187807 -2.0971465e-13)
(0.28641854 -0.0020755083 -2.2153193e-13)
(0.28521889 -0.0024415354 -2.2732338e-13)
(0.28219652 -0.0029052267 -2.232843e-13)
(0.2774769 -0.0032800231 -2.0502596e-13)
(0.27155136 -0.0034819732 -1.771043e-13)
(0.26445494 -0.0035580346 -1.4114918e-13)
(0.25637123 -0.003534826 -9.9106928e-14)
(0.24748996 -0.0034159331 -5.3173965e-14)
(0.23798044 -0.0032123196 -6.1946767e-15)
(0.22799993 -0.0029436849 3.8240927e-14)
(0.2176991 -0.0026329785 7.6220886e-14)
(0.20722213 -0.0023059528 1.042824e-13)
(0.19670446 -0.0019900043 1.2006803e-13)
(0.18626668 -0.0017118382 1.2251586e-13)
(0.17600298 -0.0014958558 1.1161825e-13)
(0.16596462 -0.0013642175 8.80064e-14)
(0.15614248 -0.0013379946 5.2588163e-14)
(0.14645448 -0.0014371873 6.3220225e-15)
(0.13674532 -0.0016776376 -4.9904494e-14)
(0.12680497 -0.0020644412 -1.1541142e-13)
(0.11640735 -0.0025842504 -1.8991667e-13)
(0.10536439 -0.0032012194 -2.7385632e-13)
(0.093582909 -0.0038568571 -3.6863288e-13)
(0.081107275 -0.0044782436 -4.7681036e-13)
(0.06813289 -0.0049919933 -6.0215871e-13)
(0.05498874 -0.0053356842 -7.4949167e-13)
(0.042092306 -0.0054705929 -9.2429164e-13)
(0.029897766 -0.0053879122 -1.1316547e-12)
(0.018838128 -0.0051035876 -1.3729285e-12)
(0.0091647517 -0.0046127948 -1.6356135e-12)
(0.0012026256 -0.0039459376 -1.8947488e-12)
(-0.004762863 -0.0031419938 -2.1128942e-12)
(-0.0085126858 -0.0022774904 -2.2421923e-12)
(-0.0099069628 -0.0013958183 -2.2302276e-12)
(-0.0090352558 -0.00036806169 -2.0366492e-12)
(-0.0061088416 0.00060850128 -1.6543062e-12)
(-0.0011537712 0.0014767061 -1.136655e-12)
(0.0055717489 0.0022680656 -5.9663575e-13)
(0.01366589 0.0029198337 -1.9190075e-13)
(0.022797033 0.0034124237 -9.5282237e-14)
(0.032608036 0.0037536736 -4.6059586e-13)
(0.042769981 0.0039657625 -1.4030532e-12)
(0.0530103 0.0040750132 -2.9970452e-12)
(0.06311532 0.0041049786 -5.2853949e-12)
(0.072921323 0.0040727336 -8.2879926e-12)
(0.082299058 0.0039864948 -1.1999801e-11)
(0.091135408 0.0038459456 -1.6366687e-11)
(0.099320234 0.0036458359 -2.1247525e-11)
(0.10674093 0.0033808777 -2.6360424e-11)
(0.11328771 0.0030507366 -3.1246855e-11)
(0.11886497 0.0026627428 -3.5256748e-11)
(0.12340609 0.0022331864 -3.7582728e-11)
(0.1268838 0.0017856429 -3.7340635e-11)
(0.12931332 0.0013434202 -3.3717237e-11)
(0.13074807 0.00092389163 -2.6141151e-11)
(0.13127395 0.00054852263 -1.4506981e-11)
(0.13107107 0.00020625895 5.86018e-13)
(0.13029456 -7.0276607e-05 1.9410863e-11)
(0.12910554 -0.00025666343 3.912559e-11)
(0.12763212 -0.00037157891 5.8368489e-11)
(0.12597449 -0.00043363922 7.6041281e-11)
(0.12418914 -0.00046518072 9.1320991e-11)
(0.12228481 -0.0004914077 1.0363708e-10)
(0.12022019 -0.00054011459 1.1281801e-10)
(0.11790847 -0.00063741969 1.1914005e-10)
(0.11523251 -0.00080157344 1.2316874e-10)
(0.11206602 -0.0010400782 1.2553511e-10)
(0.10829355 -0.0013502606 1.267888e-10)
(0.1038268 -0.0017208289 1.2735472e-10)
(0.0986163 -0.0021334142 1.2754991e-10)
(0.092660366 -0.0025636507 1.2762203e-10)
(0.086011527 -0.0029820903 1.2777959e-10)
(0.078781085 -0.0033553398 1.2821823e-10)
(0.071142491 -0.003647363 1.2913714e-10)
(0.063329184 -0.0038225413 1.3073466e-10)
(0.055628369 -0.0038492009 1.3320846e-10)
(0.048368279 -0.0037044532 1.3673978e-10)
(0.041899489 -0.0033810221 1.414746e-10)
(0.03657403 -0.002889972 1.4749992e-10)
(0.032735962 -0.0022558198 1.5483214e-10)
(0.030695739 -0.0014971477 1.6336616e-10)
(0.030603863 -0.00060438547 1.7279961e-10)
(0.03249406 0.00036033471 1.8307243e-10)
(0.036327317 0.0012969101 1.9354933e-10)
(0.041944446 0.0021489264 2.0360364e-10)
(0.049089537 0.0028753163 2.1255147e-10)
(0.057421227 0.0034436615 2.1960535e-10)
(0.066552972 0.0038364641 2.239659e-10)
(0.076084797 0.0040515379 2.249062e-10)
(0.085633481 0.0040999842 2.2186713e-10)
(0.094857503 0.0040030442 2.1454956e-10)
(0.10347388 0.0037878866 2.0298727e-10)
(0.11126638 0.0034842007 1.8757896e-10)
(0.11808697 0.0031205723 1.6907276e-10)
(0.1238496 0.0027231242 1.4849758e-10)
(0.1285229 0.0023146504 1.270424e-10)
(0.1321144 0.0019152034 1.0593725e-10)
(0.13465944 0.0015420195 8.6284224e-11)
(0.13619931 0.0012014999 6.8983222e-11)
(0.13675028 0.00087517376 5.481832e-11)
(0.13641349 0.00051206764 4.4020842e-11)
(0.1351964 0.00012841369 3.5694321e-11)
(0.13314441 -0.00024527694 3.0604549e-11)
(0.13025766 -0.00062971584 2.8054085e-11)
(0.12653569 -0.0010348922 2.7465071e-11)
(0.12197637 -0.0014639903 2.8280817e-11)
(0.1165804 -0.0019149378 2.9966647e-11)
(0.11036363 -0.0023790804 3.2037976e-11)
(0.10336942 -0.0028404197 3.4075267e-11)
(0.095680719 -0.0032757771 3.5728485e-11)
(0.087429982 -0.0036561535 3.671508e-11)
(0.078804703 -0.0039493359 3.6815588e-11)
(0.07004663 -0.0041235842 3.5869385e-11)
(0.061443201 -0.0041520684 3.3772432e-11)
(0.053311075 -0.0040173665 3.0477593e-11)
(0.045973139 -0.0037156232 2.5997728e-11)
(0.039733557 -0.003259906 2.0410655e-11)
(0.034859822 -0.0026807941 1.3864382e-11)
(0.031574337 -0.0020166958 6.5804071e-12)
(0.030056871 -0.0012896922 -1.146222e-12)
(0.030303262 -0.00048492229 -8.8583083e-12)
(0.032242392 0.00032882324 -1.638743e-11)
(0.035763558 0.0010824454 -2.3091395e-11)
(0.040686419 0.0017516558 -2.8558032e-11)
(0.046779846 0.0023184278 -3.2404852e-11)
(0.05377908 0.0027705886 -3.4322643e-11)
(0.061407598 0.0031035859 -3.4130615e-11)
(0.069391445 0.0033192802 -3.1807824e-11)
(0.077471274 0.0034244319 -2.7505352e-11)
(0.085411231 0.0034292687 -2.1534767e-11)
(0.093004123 0.0033456969 -1.4332724e-11)
(0.10007438 0.0031862232 -6.4072739e-12)
(0.10647821 0.0029630498 1.7263456e-12)
(0.11210256 0.0026876583 9.6036072e-12)
(0.11686297 0.0023711785 1.6851969e-11)
(0.12070052 0.0020264063 2.3214284e-11)
(0.12357776 0.0016689936 2.8550701e-11)
(0.12546546 0.0013068589 3.2828615e-11)
(0.12631614 0.00093315132 3.6080343e-11)
(0.12617923 0.00052416661 3.8310003e-11)
(0.12505153 6.5030661e-05 3.9915678e-11)
(0.12297431 -0.00038433892 4.0819913e-11)
(0.11999509 -0.00082297731 4.1207837e-11)
(0.11616601 -0.0012491003 4.1241781e-11)
(0.11156846 -0.0016530515 4.1061238e-11)
(0.10630135 -0.0020236259 4.079489e-11)
(0.10048372 -0.002348815 4.0560337e-11)
(0.094253966 -0.0026165399 4.0463458e-11)
(0.08776731 -0.0028156708 4.0597422e-11)
(0.081191857 -0.0029370695 4.1042365e-11)
(0.07470266 -0.0029745297 4.1863782e-11)
(0.068475018 -0.0029254981 4.3111433e-11)
(0.062676689 -0.0027915371 4.4817217e-11)
(0.057460551 -0.0025784392 4.6993452e-11)
(0.052957665 -0.0022967958 4.9630618e-11)
(0.049272424 -0.0019611108 5.2697156e-11)
(0.046483235 -0.0015899077 5.6136541e-11)
(0.044645808 -0.0012013555 5.9869462e-11)
(0.043802571 -0.00080023098 6.3796948e-11)
(0.043914105 -0.00036951311 6.7732759e-11)
(0.044930134 6.651972e-05 7.1725621e-11)
(0.046792172 0.00047409509 7.5509928e-11)
(0.049420273 0.00084676065 7.898034e-11)
(0.052716771 0.0011786679 8.203989e-11)
(0.056568309 0.0014638191 8.4605976e-11)
(0.060852856 0.0016977094 8.6627159e-11)
(0.065443098 0.0018773595 8.808788e-11)
(0.070209651 0.002001297 8.9008447e-11)
(0.0750247 0.0020694675 8.9441827e-11)
(0.079764784 0.0020831433 8.9466346e-11)
(0.084314106 0.002044808 8.917695e-11)
(0.08856666 0.0019579113 8.8674508e-11)
(0.092428711 0.0018268965 8.8056852e-11)
(0.095820752 0.0016573031 8.7410967e-11)
(0.098678816 0.0014559789 8.6808049e-11)
(0.10095454 0.0012325126 8.6301047e-11)
(0.10261209 0.00099759942 8.5925584e-11)
(0.10362277 0.0007555709 8.5702062e-11)
(0.1039607 0.00050485092 8.5637968e-11)
(0.10366251 0.00022066136 8.5723803e-11)
(0.10273107 -7.4926177e-05 8.5958027e-11)
(0.10120988 -0.0003558595 8.6315456e-11)
(0.099131507 -0.00062460048 8.6777312e-11)
(0.096550424 -0.00087656286 8.732198e-11)
(0.09353329 -0.001105561 8.7926319e-11)
(0.090159297 -0.0013045424 8.8567308e-11)
(0.086520184 -0.0014660477 8.922173e-11)
(0.082722379 -0.001581431 8.9868303e-11)
(0.078886024 -0.0016413623 9.0484639e-11)
(0.07514777 -0.0016348265 9.105348e-11)
(0.071665196 -0.001546762 9.1552719e-11)
(0.068604724 -0.0013563797 9.1977693e-11)
(0.0661442 -0.0010210267 9.2305936e-11)
(0.064827429 -0.00042246607 9.2609008e-11)
(0.065720714 0.00038496886 9.2827288e-11)
(1.6934453 -0.5996287 -0.00025119168)
(1.1659652 -0.53746655 -0.0014313147)
(0.5291041 -0.10730534 -0.00075570483)
(1.8093025 -0.7594407 0.0002525814)
(1.6934456 -0.59962885 0.00025149808)
(1.1659658 -0.53746655 0.0014315473)
(0.52910409 -0.10730543 0.00075555247)
(1.3040615 -0.28171247 -0.00030722625)
(0.33614784 -0.070312654 -0.0010426401)
(0.17145978 -0.015123746 8.1102482e-05)
(1.498134 -0.43088467 0.00028401799)
(1.3040623 -0.28171294 0.00030650084)
(0.33614769 -0.070312454 0.0010423393)
(0.17146361 -0.0151239 -8.1764725e-05)
(0.94530576 -0.079202201 -0.00031852252)
(0.13908151 -0.0037678531 -8.0251892e-05)
(0.086307291 0.0037951401 0.00019053664)
(1.1112076 -0.15880797 0.00032091067)
(0.94530528 -0.079202264 0.00031770169)
(0.13905668 -0.003764632 8.3365263e-05)
(0.086306593 0.0037948042 -0.00019115126)
(0.74216162 -0.033185663 -0.00021079356)
(0.10756073 -0.0011820947 2.787683e-05)
(0.12022076 0.016958538 0.00019081069)
(0.84820154 -0.034295878 0.00026733531)
(0.74216027 -0.033185584 0.00021061667)
(0.10755921 -0.0011821258 -2.8165186e-05)
(0.12021851 0.016958139 -0.00019016729)
(1.4672158 -1.0719921 -0.00041531158)
(1.2502001 -1.0719939 -0.00082910571)
(0.49111825 -0.40422829 -0.0020378883)
(1.5229306 -1.1466542 0.00046799868)
(1.467216 -1.071992 0.00041549415)
(1.2502001 -1.0719939 0.00082937598)
(0.49111843 -0.40422842 0.0020379151)
(0.71752114 -0.32939908 6.3918915e-05)
(0.24993334 -0.16567719 -0.0002365988)
(1.4323215 -0.94959514 0.00069953525)
(0.71752139 -0.32939923 -6.369779e-05)
(0.24993343 -0.16567725 0.00023661367)
(0.14922675 -0.022040265 -0.00021743441)
(0.47149852 -0.20270727 0.00083730691)
(0.14922678 -0.022040305 0.00021734429)
(0.0073275203 -0.003910961 -3.0103926e-05)
(0.023026104 -0.0011360823 1.0311201e-06)
(0.0073271927 -0.0039110443 3.0505535e-05)
(0.042621724 -0.02333384 -0.00045822858)
(-0.0120571 -0.008561175 -2.6280167e-05)
(0.012258506 -0.0064118244 0.00015872166)
(0.042620748 -0.023333922 0.00045872942)
(-0.012057119 -0.0085612052 2.6283604e-05)
(0.023876276 -0.065029262 -6.2454689e-05)
(-0.023611677 -0.0186356 -0.0001176736)
(-0.053372715 -0.067529673 -0.00010474282)
(0.013438829 -0.043466342 0.00012852364)
(0.023876053 -0.065029326 6.2298458e-05)
(-0.023611781 -0.018635626 0.00011763208)
(-0.053372666 -0.067529696 0.00010457568)
(1.0616598 -1.1007145 -0.00068915499)
(0.91126888 -1.1056569 -0.000227349)
(0.33356136 -0.41140075 0.00092078129)
(1.1319043 -1.1792103 0.00026886368)
(1.0616598 -1.1007145 0.00068922542)
(0.91126881 -1.1056569 0.00022741125)
(0.33356135 -0.41140073 -0.00092075394)
(0.95401793 -0.94171664 0.00068809959)
(-0.055647593 -0.062155028 -0.00014656271)
(-0.055647703 -0.062155057 0.00014649229)
(-0.067281424 -0.14308462 -4.4672034e-05)
(-0.021039278 -0.027586104 5.427893e-05)
(-0.072773459 -0.14498557 -6.7042963e-05)
(-0.068327161 -0.0912843 0.00010760339)
(-0.067281444 -0.14308464 4.4576517e-05)
(-0.021039256 -0.027586187 -5.4279415e-05)
(-0.072773506 -0.14498558 6.6968449e-05)
(0.14878703 -0.22846096 6.4260722e-05)
(0.27952177 -0.55241043 -0.00051174059)
(0.73658428 -1.0347341 0.000113612)
(0.14878699 -0.22846094 -6.4253171e-05)
(0.27952185 -0.55241037 0.00051178305)
(-0.068849242 -0.15532787 -0.00018572176)
(-0.030831744 -0.086640431 -4.7815515e-05)
(-0.0091213529 -0.016538912 -4.2896749e-06)
(-0.068849016 -0.15532785 0.00018576117)
(-0.03083178 -0.086640467 4.7849367e-05)
(0.36974532 -0.68406342 -5.7090869e-06)
(0.40533373 -0.5725244 7.3540798e-05)
(0.095923388 -0.33101309 -0.00020529011)
(0.55069894 -0.72790731 -8.2947517e-06)
(0.36974543 -0.68406337 5.7676882e-06)
(0.40533375 -0.57252437 -7.3390704e-05)
(0.095923375 -0.33101298 0.00020538476)
(0.024756114 -0.11551154 1.6178742e-05)
(0.17767356 -0.36536002 -0.00060715204)
(0.024756105 -0.1155115 -1.6150898e-05)
(-0.022980102 -0.063209183 0.00011449138)
(-0.0042312648 -0.03220575 3.0419195e-06)
(-0.022979979 -0.063209254 -0.00011448598)
(-0.0042312981 -0.03220576 -3.0276745e-06)
(-0.064961863 -0.30480967 -1.7663163e-05)
(-0.017610505 -0.11009927 -4.6052802e-05)
(-0.05668847 -0.2959006 -3.1335943e-06)
(-0.055164933 -0.16095668 -0.00011165617)
(-0.064961768 -0.30480965 1.7849011e-05)
(-0.017610525 -0.11009914 4.6115651e-05)
(-0.056688693 -0.29590056 3.423837e-06)
(0.067707612 -0.21266869 0.00017516654)
(0.24318483 -0.18461817 0.00019152569)
(0.017982781 -0.053565671 3.1393192e-05)
(0.30219247 -0.38056602 -0.00014388391)
(0.067707599 -0.21266858 -0.00017504034)
(0.24318506 -0.18461814 -0.00019102064)
(0.017982767 -0.053566034 -3.0661423e-05)
(-0.045716851 -0.27439778 -6.1324632e-07)
(-0.0024817283 -0.064650814 1.277487e-05)
(-0.030560639 -0.25012326 1.34417e-05)
(-0.014883794 -0.082048224 -0.00010122631)
(-0.045716852 -0.27439785 9.7130581e-07)
(-0.002481217 -0.064642667 -1.1546972e-05)
(-0.030560813 -0.25012306 -1.3055425e-05)
(0.016672611 -0.0067649876 2.0949466e-05)
(0.28389601 0.22001581 0.00016750977)
(0.053204695 0.14397976 0.00014301767)
(0.23769976 0.022993707 -0.00020083725)
(0.016670178 -0.0067638689 -1.9149167e-05)
(0.28389626 0.22001582 -0.00016698198)
(0.053204812 0.14397934 -0.00014243135)
(-0.018921293 -0.22023008 2.8945152e-05)
(0.0075835951 -0.055091352 -3.3194052e-05)
(-0.012837593 -0.18633976 3.000399e-05)
(0.00027699175 -0.060980146 -7.6216926e-06)
(-0.018921205 -0.22023016 -2.8708283e-05)
(0.007583705 -0.055091324 3.3241181e-05)
(-0.012837654 -0.18633966 -2.9691334e-05)
(0.078849282 0.24299187 -9.379755e-05)
(0.51285715 0.57408831 1.0738272e-05)
(0.32493774 0.56993937 7.9439269e-05)
(0.37865194 0.41374135 -8.4511635e-05)
(0.0788493 0.24299157 9.4175382e-05)
(0.51285715 0.57408828 -1.0596362e-05)
(0.32493752 0.56993921 -7.92609e-05)
(0.15352739 0.30947067 0.000517933)
(0.01993316 0.085962413 -2.6229898e-05)
(0.15352736 0.30947063 -0.00051781979)
(0.0020131756 -0.018591257 6.8337988e-06)
(0.0065901577 -0.02423098 -3.434496e-05)
(0.0020131902 -0.018591275 -6.8134692e-06)
(0.0065900793 -0.024230877 3.4343572e-05)
(-0.016099625 -0.15207753 1.1873038e-05)
(0.0093672589 -0.059178703 3.0351168e-05)
(-0.023990522 -0.11507836 6.5561516e-06)
(0.0074423563 -0.064844102 -6.7641566e-05)
(-0.016099685 -0.15207744 -1.1546861e-05)
(0.009367168 -0.059178634 -3.0393953e-05)
(-0.023990586 -0.11507829 -6.276414e-06)
(0.67554893 0.91863786 -6.7838423e-06)
(0.13553587 0.20702411 7.0369282e-05)
(0.24499275 0.47389663 0.00047609238)
(0.67554862 0.9186378 6.8764123e-06)
(0.13553582 0.20702405 -7.0323897e-05)
(0.0051857918 -0.026277704 -2.716446e-06)
(-0.0029937852 0.0026219795 3.0216307e-06)
(-0.01947719 -0.013412413 9.4962664e-05)
(0.0051856742 -0.026277584 2.6770735e-06)
(-0.0029937574 0.0026219979 -3.0221888e-06)
(-0.019477285 -0.013412332 -9.5005942e-05)
(0.3062372 0.37551624 0.00086032853)
(1.0611565 1.0712162 -0.00019972982)
(0.99219801 1.0090295 -0.00055969429)
(0.84354103 0.99554079 0.00017290652)
(0.3062372 0.37551617 -0.00086029712)
(1.0611563 1.0712162 0.00019969587)
(0.99219791 1.0090295 0.00055972605)
(0.89312668 0.87204399 -0.00048934605)
(0.89312657 0.87204391 0.00048928968)
(-0.042397697 0.036328258 2.5831771e-05)
(-0.042397795 0.036328338 -2.5701597e-05)
(-0.036666667 0.0032902966 1.4078048e-05)
(-0.048080602 0.031686165 1.0759454e-06)
(-0.055120186 0.013227246 4.3218549e-08)
(-0.010022732 0.008689706 -8.8545562e-06)
(-0.036666681 0.0032903654 -1.410624e-05)
(-0.048080621 0.031686237 -9.8917996e-07)
(-0.055120288 0.013227314 -2.3309696e-08)
(0.45999888 0.37647643 -0.0018842058)
(1.4377292 1.067862 -0.00037201188)
(1.3876938 1.0039338 -0.00031124584)
(1.1768856 0.99796995 0.00068337474)
(0.45999872 0.37647626 0.0018842079)
(1.4377289 1.0678621 0.00037176563)
(1.3876933 1.0039338 0.00031112467)
(1.354571 0.89413976 -0.00057049114)
(0.67519802 0.31082807 0.00010860538)
(0.23544948 0.15503018 0.0002128152)
(1.3545704 0.8941395 0.0005703397)
(0.67519756 0.3108279 -0.00010871683)
(0.4430235 0.19130508 -0.00076290159)
(0.13867946 0.020860095 -0.00019765699)
(0.44302309 0.19130495 0.00076282692)
(0.13867908 0.020860079 0.00019747946)
(0.020005778 0.00084480753 1.8908259e-07)
(0.0065883643 0.0030014051 -2.7046713e-05)
(0.020005818 0.0008447373 -1.9467321e-07)
(0.0065877381 0.00300169 2.6862024e-05)
(-0.010219278 0.0070986855 -1.5246802e-05)
(0.0094137115 0.0055435338 -9.2267579e-05)
(0.02519474 0.02471386 -0.00032360478)
(-0.010219508 0.0070987689 1.520587e-05)
(0.0094134768 0.0055437833 9.2047381e-05)
(0.025194604 0.024714048 0.00032369934)
(-0.0469857 0.045598666 -2.1594859e-05)
(0.00063119869 0.038803822 -6.9288309e-05)
(0.0056271578 0.046204784 -1.9999566e-05)
(-0.019944929 0.015425237 8.2906206e-05)
(-0.046985813 0.045598734 2.1841096e-05)
(0.00063106309 0.038803917 6.9426891e-05)
(0.0056267515 0.046204836 2.029413e-05)
(0.48980686 0.10073984 -0.00067952475)
(1.710265 0.72711342 -0.00019653261)
(1.5914372 0.57400834 -0.00020743413)
(1.0931924 0.50765095 0.0013499288)
(0.48980619 0.10073973 0.00067894648)
(1.7102649 0.72711329 0.00019630392)
(1.5914363 0.57400804 0.00020692511)
(0.15461238 0.014048668 6.9753656e-05)
(1.393794 0.4116462 -0.00024580105)
(1.1955103 0.26840113 -0.00027248041)
(0.30989777 0.065944403 0.00093375041)
(0.15459462 0.014048436 -7.515247e-05)
(1.3937936 0.41164626 0.00024471717)
(1.1955091 0.26840117 0.00027198697)
(0.075143714 -0.0035669562 0.00015299155)
(0.99926827 0.15246039 -0.00028808309)
(0.83233975 0.079439657 -0.00028150101)
(0.12426228 0.0036132627 7.6267781e-05)
(0.075144008 -0.0035669303 -0.00015306524)
(0.99926783 0.15246046 0.00028766965)
(0.83233933 0.07943973 0.00028146757)
(0.096719127 -0.012240456 0.00010836542)
(0.72927993 0.041852175 -0.00021877666)
(0.6200985 0.042862887 -0.00016768052)
(0.092411085 0.00074633977 -2.4555042e-05)
(0.096719471 -0.01224019 -0.00010833099)
(0.72927958 0.041852348 0.00021876198)
(0.620098 0.042863022 0.00016790059)
(1.8705868 -0.87090099 -0.00027732968)
(1.6877696 -0.96558874 -0.00025806616)
(1.5617177 -0.79156195 -0.00049816922)
(1.8568747 -0.97421566 0.00016643986)
(1.8705872 -0.8709009 0.00027759403)
(1.6877696 -0.96558879 0.00025835126)
(1.561718 -0.79156201 0.00049865371)
(0.64388088 -0.023954819 -0.0001073973)
(0.20559688 0.0077689364 -0.00027975298)
(0.21525267 -0.011603174 -0.00019264363)
(0.68036903 -0.014603631 0.00014907885)
(0.64388016 -0.023954633 0.00010836314)
(0.20559587 0.0077687947 0.00028119379)
(0.21525233 -0.011603218 0.00019387243)
(0.46564201 -0.20025309 -0.00036395145)
(0.37787492 -0.14083497 -0.00022208205)
(0.37408981 -0.13901572 0.00011523328)
(0.022580525 -0.0010151109 -1.8579899e-05)
(0.024366136 0.0021341557 -2.14243e-05)
(0.023999747 0.0020520069 3.3527403e-05)
(-0.011562998 -0.010249076 -7.4205979e-05)
(0.012112989 -0.0063456412 -7.1597828e-05)
(0.027562197 -0.011125197 -0.00025965218)
(-0.0027692653 -0.0044696756 -5.6704747e-05)
(0.026961238 -0.011230771 -8.0129898e-05)
(-0.0027144794 -0.0043521049 -1.7907965e-05)
(-0.011648531 -0.010374884 -0.00014081956)
(0.26835102 -0.27456102 -0.00018169526)
(0.95225467 -0.94041844 -3.1143839e-05)
(0.6718357 -0.61375172 -0.00051908012)
(0.64598581 -0.66665183 -0.00024668874)
(0.66833408 -0.61059458 6.338257e-05)
(0.64359368 -0.66464307 -6.4594674e-05)
(0.2727892 -0.27835915 -0.00027581377)
(-0.015167919 -0.013570228 4.4583058e-06)
(-0.014916835 -0.01334326 1.5627126e-05)
(0.76313799 -1.0393152 -8.5534225e-05)
(0.68269379 -0.86395009 -9.0941438e-06)
(0.55124223 -0.88872008 -5.3297721e-05)
(0.86362681 -0.92666283 1.396427e-05)
(0.76313799 -1.0393151 8.5576453e-05)
(0.68269378 -0.86395009 9.1237369e-06)
(0.55124221 -0.88872005 5.335331e-05)
(-0.01140743 -0.023019698 -1.6269342e-05)
(-0.0089339909 -0.016304135 -3.5605672e-06)
(-0.027755084 -0.051385693 -3.599088e-05)
(-0.027412367 -0.05097463 -1.8858926e-05)
(-0.011606221 -0.023438837 -2.4756704e-05)
(-0.055301509 -0.28678989 -6.4782206e-06)
(-0.06780038 -0.21562224 -2.854128e-05)
(-0.061316695 -0.29867671 -1.1549771e-05)
(-0.070506777 -0.22394762 3.6835079e-05)
(-0.055301517 -0.28678991 6.6139539e-06)
(-0.067800413 -0.21562226 2.8567283e-05)
(-0.061316873 -0.2986767 1.1698166e-05)
(0.17616084 -0.36103121 0.0004735443)
(0.12107074 -0.30091023 0.0001980114)
(0.11985547 -0.29783521 -1.803652e-07)
(-0.024464701 -0.17388172 -3.0557999e-05)
(-0.014822723 -0.081047827 9.352887e-05)
(-0.034085264 -0.18786217 -3.5987186e-05)
(-0.010508432 -0.073867986 -5.4040772e-06)
(-0.034138438 -0.18728418 -6.8840544e-06)
(-0.010423091 -0.073169128 -6.0339251e-06)
(-0.024540154 -0.17445808 -3.9397004e-05)
(0.0033732692 -0.13764774 2.916326e-05)
(0.00030700747 -0.060310634 -3.3063945e-06)
(-0.0044084088 -0.14744155 5.5279603e-05)
(0.0031758147 -0.057656149 2.3869924e-05)
(-0.0043149163 -0.14696278 2.4827624e-05)
(0.0031653677 -0.057039451 9.3183274e-06)
(0.0032969879 -0.13810309 8.8438654e-05)
(0.019339313 0.084459194 -7.913825e-05)
(0.059411368 0.18763324 0.00034608456)
(0.058450403 0.18510563 0.00010728457)
(0.006713777 -0.10964693 -2.5435634e-06)
(0.0074128911 -0.064365268 2.9598893e-05)
(0.0034456065 -0.1164442 6.6300026e-05)
(0.012330721 -0.073757484 2.2299326e-05)
(0.003501206 -0.11627786 3.4605785e-05)
(0.0123983 -0.07343968 -6.5418221e-06)
(0.0066544682 -0.10968662 1.9176933e-05)
(0.50072254 0.76039641 2.1591935e-05)
(0.81196064 0.78441122 -1.3776293e-05)
(0.70867842 0.90847974 -3.6292081e-05)
(0.64050278 0.71646754 8.7986425e-06)
(0.50072244 0.76039637 -2.1415568e-05)
(0.81196056 0.78441126 1.3838754e-05)
(0.70867846 0.90847971 3.6390831e-05)
(0.20304476 0.35337237 0.00087130406)
(0.24330253 0.47187959 -0.0004657553)
(0.085245899 0.1878424 -0.00010632617)
(0.42031685 0.65815337 0.00039136616)
(0.083373204 0.18541351 -0.00030030416)
(0.41981716 0.65645633 0.00046033097)
(0.20525509 0.35748096 0.0011778377)
(-0.039936811 -0.079225135 4.075756e-06)
(-0.028260606 -0.03654857 8.4622842e-06)
(-0.052269391 -0.050316851 3.6589586e-07)
(-0.0057451871 -0.05887352 -1.843321e-05)
(-0.039936814 -0.079225112 -3.8709243e-06)
(-0.02826062 -0.036548505 -8.435105e-06)
(-0.052269382 -0.050316829 -2.1084025e-07)
(0.2302927 0.24473341 -0.00017530116)
(0.22694169 0.24056581 5.6413075e-06)
(-0.031941267 0.018895516 3.3927701e-05)
(-0.0098789074 0.0085726931 1.8411707e-06)
(-0.019729999 0.01054954 -3.7131374e-06)
(-0.020655631 0.016538484 -1.5458156e-05)
(-0.019610739 0.010559325 -1.4494077e-05)
(-0.020473507 0.016432157 -1.6730566e-05)
(-0.032061857 0.018862966 6.5809735e-05)
(0.261736 0.15268567 0.00038127824)
(0.23256374 0.15214817 0.00011086721)
(0.64386575 0.43057687 0.00084432841)
(0.63911872 0.42656368 0.00085242562)
(0.26635053 0.1558071 0.00035479135)
(-0.036477041 0.038595758 -3.0433566e-05)
(-0.019640565 0.015249625 -5.3996622e-05)
(-0.030484265 0.026804574 9.7280766e-06)
(-0.030456979 0.029019522 -3.515808e-05)
(-0.030217549 0.026614754 1.2878748e-05)
(-0.030448183 0.029004014 -5.9932192e-07)
(-0.036415865 0.038657665 -7.3903617e-05)
(1.4755939 0.75086014 -0.00041160203)
(1.7632533 0.92170512 -0.00012793916)
(1.7722704 0.83113785 -0.0002189381)
(1.5977766 0.91202459 0.00019740875)
(1.4755933 0.75085997 0.00041130411)
(1.7632529 0.92170508 0.00012763734)
(1.7722697 0.83113797 0.00021872206)
(0.69771051 0.15858754 0.00034362213)
(0.30623349 0.065794172 -0.00043534432)
(0.2404406 0.045882004 5.337613e-06)
(0.84222682 0.22893167 -0.00022061161)
(0.23813226 0.045523625 0.00014503558)
(0.83867243 0.22845035 0.00014037375)
(0.70115961 0.1596082 0.00013169251)
(0.39000173 0.018334953 0.00015276695)
(0.12277388 0.0035031293 2.7439633e-05)
(0.10019204 -0.00090107726 -2.3873547e-05)
(0.45197399 0.034012959 -0.00022447838)
(0.09896615 -0.00086512197 7.4752493e-05)
(0.44932413 0.03341872 2.5095417e-05)
(0.39252759 0.018806137 -5.1272152e-05)
(0.30811598 -0.0055684694 -5.523719e-05)
(0.091452145 0.00050380695 -6.1177974e-05)
(0.11830662 -0.0076576826 2.2660674e-05)
(0.31586259 -0.0059122326 -0.00035311699)
(0.11718393 -0.0076911994 6.3369681e-05)
(0.31441289 -0.0060176334 -0.00013352258)
(0.30875154 -0.0054042808 -0.0002017607)
(0.15925964 0.019687761 -0.00013520258)
(0.55529037 0.028260391 -0.00011451129)
(0.51358297 0.036231792 -7.8294771e-05)
(0.15847847 -0.00082348251 0.00022687811)
(0.1592596 0.019687816 0.00013523974)
(0.55529053 0.028260447 0.00011464864)
(0.51358262 0.036231832 7.8381715e-05)
(1.2790105 -0.48512834 -0.0001461653)
(0.5259057 -0.10668729 4.6384157e-05)
(1.0902597 -0.32649178 0.00013933236)
(0.84261365 -0.28798468 -0.0010050196)
(1.0879571 -0.32558189 0.00060582356)
(0.83850982 -0.28606275 -0.00036601252)
(1.2796156 -0.48491825 -0.00067894117)
(1.2790092 -0.4851285 0.00014655697)
(0.52590617 -0.10668741 -4.6626404e-05)
(1.090261 -0.32649199 -0.00013966325)
(0.842613 -0.28798519 0.0010049197)
(1.087957 -0.32558203 -0.00060574641)
(0.83851031 -0.28606293 0.00036589061)
(1.2796165 -0.48491882 0.0006794272)
(0.75987347 -0.16895682 0.00039258675)
(0.33216368 -0.070216011 -0.00048608134)
(0.91098562 -0.24334674 -0.00022009881)
(0.26245685 -0.049165831 -1.0566863e-05)
(0.90719912 -0.24291295 0.000182369)
(0.25994376 -0.048822324 0.0001483328)
(0.76358444 -0.16997953 0.0001571376)
(0.66257325 -0.1105296 0.00017264353)
(0.16931646 -0.014949682 0.00014188199)
(0.5792708 -0.072072557 9.0583224e-05)
(0.21217713 -0.028126545 5.6357229e-05)
(0.57596064 -0.071205342 0.00026942712)
(0.20968482 -0.027691029 0.00014683062)
(0.66604302 -0.1115733 -0.00010026755)
(0.75987386 -0.16895686 -0.00039362682)
(0.33216352 -0.070216074 0.0004855191)
(0.91098558 -0.24334691 0.00021946583)
(0.2624565 -0.049165844 1.016874e-05)
(0.90720023 -0.24291305 -0.00018303037)
(0.25994337 -0.048822242 -0.00014897219)
(0.76358339 -0.16997969 -0.00015754984)
(0.66257212 -0.11052962 -0.00017379354)
(0.16931693 -0.014949699 -0.00014283747)
(0.57927637 -0.07207333 -9.1805379e-05)
(0.21217621 -0.028126738 -5.6949502e-05)
(0.57596082 -0.071205471 -0.00027104812)
(0.20968449 -0.027691001 -0.00014759632)
(0.66604166 -0.1115736 9.9580438e-05)
(0.43960929 -0.018125166 0.00017754883)
(0.13740303 -0.003674362 3.2185383e-05)
(0.50500573 -0.035209084 -0.00020732674)
(0.11301234 0.0012066727 -3.1933642e-05)
(0.50205107 -0.034595064 5.4894626e-05)
(0.11162102 0.0011457602 7.5228381e-05)
(0.44246 -0.018606685 -3.8701649e-05)
(0.38880525 0.0024858628 1.8837451e-05)
(0.084807589 0.0039594013 0.0001071757)
(0.37196692 0.0037529154 -0.00019193116)
(0.094659134 0.0055583616 -0.00013135903)
(0.36945318 0.0040788599 2.7192537e-05)
(0.093510682 0.0055169192 -1.7633148e-05)
(0.39146067 0.0022198106 -0.00028156484)
(0.43960869 -0.018125699 -0.00018228739)
(0.13740163 -0.0036739199 -2.7992661e-05)
(0.50497512 -0.035199568 0.00021056119)
(0.11299728 0.0012053981 2.7215304e-05)
(0.50204903 -0.034594208 -5.0471835e-05)
(0.11162006 0.0011454062 -8.0130017e-05)
(0.44243692 -0.018605834 3.3834061e-05)
(0.38880439 0.0024856497 -2.1604783e-05)
(0.084807672 0.0039593412 -0.00010785452)
(0.37196424 0.0037527034 0.00019088508)
(0.094661135 0.0055577731 0.00012967178)
(0.36945209 0.0040787541 -2.829412e-05)
(0.093510921 0.0055168076 1.5826527e-05)
(0.39145896 0.002219425 0.00027906208)
(0.36457331 0.011142515 -8.5745792e-05)
(0.10647561 -0.00088080475 -8.1928693e-05)
(0.36880327 0.011015402 -0.00044533829)
(0.14016324 0.0091807191 3.162132e-05)
(0.36712504 0.011111076 -0.00018185372)
(0.13886891 0.009218075 7.3108589e-05)
(0.36533531 0.01094291 -0.00026879505)
(0.36457251 0.011142454 8.522175e-05)
(0.10647519 -0.000880868 8.1467219e-05)
(0.36880043 0.011015374 0.00044458132)
(0.14016153 0.0091805362 -3.1858967e-05)
(0.36712336 0.011111019 0.0001811281)
(0.13886811 0.0092180311 -7.3517825e-05)
(0.36533165 0.010942753 0.00026832411)
(1.1365463 -0.92764007 0.0005267019)
(0.48378953 -0.40001918 -0.0014838906)
(0.96039435 -0.75663236 -9.8978066e-05)
(0.76644996 -0.64937202 -0.00017909748)
(0.95667122 -0.75682122 0.00013351669)
(0.76389404 -0.64868381 3.1574673e-05)
(1.1377923 -0.9277196 0.00026754962)
(1.1365464 -0.92764007 -0.00052650607)
(0.48378964 -0.40001925 0.0014838959)
(0.96039455 -0.75663249 9.9080117e-05)
(0.76645017 -0.64937207 0.0001792111)
(0.95667133 -0.75682133 -0.00013344491)
(0.76389416 -0.64868384 -3.14606e-05)
(1.1377925 -0.92771958 -0.00026737034)
(0.47368663 -0.25987398 -0.0012679495)
(0.71282519 -0.32644272 0.00063269655)
(1.0751807 -0.62698668 -0.001053002)
(0.23910454 -0.098360949 -0.00022637834)
(1.0705474 -0.62604094 -0.00035322986)
(0.23612738 -0.09627551 0.00022392719)
(0.48017888 -0.26292955 -0.0020240967)
(0.27719526 -0.16156662 0.00042310857)
(0.24687484 -0.1626095 0.00011796814)
(0.68213029 -0.45777174 0.0008845027)
(0.67705065 -0.45352446 0.00092916008)
(0.2820568 -0.16486371 0.00038253769)
(0.47368677 -0.25987406 0.0012680941)
(0.71282564 -0.32644279 -0.00063245221)
(1.075181 -0.62698679 0.0010532006)
(0.23910478 -0.098361002 0.00022642824)
(1.0705478 -0.62604108 0.00035358176)
(0.2361274 -0.096275525 -0.000223838)
(0.48017907 -0.26292962 0.0020242037)
(0.27719532 -0.16156666 -0.00042305399)
(0.24687488 -0.16260955 -0.00011797076)
(0.68213049 -0.45777189 -0.00088443914)
(0.67705074 -0.45352452 -0.00092911584)
(0.28205692 -0.16486379 -0.00038250277)
(0.14656503 -0.021537427 9.7035149e-05)
(0.30343729 -0.086716569 -0.00041146303)
(0.29905549 -0.085029442 -3.3147153e-05)
(0.46564212 -0.20025314 0.00036394923)
(0.37787494 -0.14083504 0.00022202072)
(0.37409026 -0.13901577 -0.00011537972)
(0.146565 -0.021537417 -9.7128998e-05)
(0.30343786 -0.086716666 0.00041142367)
(0.29905558 -0.085029559 3.3029124e-05)
(0.0071723294 -0.0040986728 -1.5654612e-06)
(0.015018518 0.00071963068 -0.00010315347)
(0.014831101 0.00063245836 -1.9864113e-05)
(0.022580562 -0.0010150665 1.8480623e-05)
(0.024365698 0.0021340856 2.1294279e-05)
(0.023999672 0.0020520451 -3.3684585e-05)
(0.0071719518 -0.0040987709 2.0832945e-06)
(0.015018101 0.00071956036 0.00010324933)
(0.014831387 0.00063238496 1.9945323e-05)
(-0.01050654 -0.0088580585 -4.3852447e-06)
(-0.011897079 -0.0083716773 1.7923284e-06)
(-0.02738142 -0.022656237 -3.9393802e-05)
(-0.027265351 -0.022488344 -1.1053891e-05)
(-0.010675291 -0.0090418881 -6.1871127e-06)
(-0.011562805 -0.010249022 7.4708593e-05)
(0.012113292 -0.0063456795 7.2490294e-05)
(0.027561565 -0.01112536 0.00026061005)
(-0.0027693613 -0.0044696791 5.6927886e-05)
(0.026961204 -0.011230806 8.1135402e-05)
(-0.0027146163 -0.0043521162 1.8219786e-05)
(-0.011648461 -0.01037494 0.00014111479)
(-0.010506609 -0.0088580175 4.5628136e-06)
(-0.011897159 -0.0083716761 -1.7930357e-06)
(-0.027381583 -0.022656343 3.9504272e-05)
(-0.027264762 -0.022488299 1.1152894e-05)
(-0.0106752 -0.0090419139 6.2959247e-06)
(-0.039720775 -0.047869577 -8.1809506e-05)
(-0.023241382 -0.018416365 -6.8616713e-05)
(-0.033834451 -0.033682842 -0.00010098189)
(-0.036319755 -0.033644084 -1.4610227e-05)
(-0.033871234 -0.033664865 -2.1610782e-05)
(-0.036009215 -0.033387426 1.6827098e-05)
(-0.039618211 -0.047988709 -0.00019073767)
(-0.039720452 -0.047869607 8.1701621e-05)
(-0.023241153 -0.018416364 6.8541755e-05)
(-0.033834331 -0.033682886 0.00010095198)
(-0.036319838 -0.033644115 1.4570096e-05)
(-0.033871593 -0.033664906 2.153539e-05)
(-0.036009479 -0.033387466 -1.6950572e-05)
(-0.039618495 -0.047988746 0.00019059107)
(0.86419924 -1.0081541 -0.00033402748)
(0.33006528 -0.40603055 0.00084627202)
(0.60108524 -0.64866527 -0.00076545455)
(0.69341406 -0.85160887 -0.00042496583)
(0.59841425 -0.64340587 -0.00010083479)
(0.69185363 -0.84852813 -2.2294168e-05)
(0.86517167 -1.0097762 -0.0010452525)
(0.86419918 -1.0081541 0.00033409962)
(0.3300652 -0.40603049 -0.00084622488)
(0.60108513 -0.64866525 0.00076553892)
(0.69341403 -0.8516088 0.00042501009)
(0.59841434 -0.64340585 0.00010093036)
(0.69185364 -0.84852813 2.2349836e-05)
(0.86517172 -1.0097762 0.0010453018)
(0.29662306 -0.24537952 0.00022619012)
(0.29264908 -0.24126533 0.00041875085)
(0.24922284 -0.26532288 -0.00018631266)
(0.24563847 -0.26079281 3.4622243e-05)
(0.26835106 -0.27456102 0.00018177519)
(0.95225468 -0.94041847 3.137132e-05)
(0.67183585 -0.61375173 0.00051921179)
(0.64598582 -0.66665184 0.00024678793)
(0.66833411 -0.61059458 -6.3206943e-05)
(0.64359367 -0.66464308 6.4742235e-05)
(0.27278922 -0.27835916 0.00027586639)
(0.29662312 -0.24537956 -0.00022615289)
(0.29264915 -0.24126536 -0.00041871167)
(0.24922286 -0.26532286 0.00018636816)
(0.24563837 -0.2607928 -3.454771e-05)
(-0.013949239 -0.014361765 -6.6148859e-06)
(-0.055544541 -0.061913137 -5.6056208e-05)
(-0.036580047 -0.03471939 -6.2312573e-05)
(-0.035755725 -0.039521455 -6.2913859e-05)
(-0.036349377 -0.034425169 -7.7788879e-06)
(-0.035485734 -0.039207885 -1.9858023e-05)
(-0.014184308 -0.014592565 -2.2297462e-05)
(-0.013675294 -0.015873678 -2.1276765e-05)
(-0.013438878 -0.015599068 -6.3213108e-06)
(-0.015167955 -0.013570268 -4.4893185e-06)
(-0.014916781 -0.013343264 -1.5672804e-05)
(-0.013949223 -0.014361789 6.5975044e-06)
(-0.05554452 -0.061913179 5.6005904e-05)
(-0.036580177 -0.034719452 6.2251077e-05)
(-0.035755788 -0.03952149 6.2915623e-05)
(-0.036349497 -0.034425195 7.706453e-06)
(-0.035485844 -0.039207889 1.9850241e-05)
(-0.014184341 -0.014592577 2.2287243e-05)
(-0.013675291 -0.015873686 2.1281066e-05)
(-0.013438918 -0.015599087 6.3384238e-06)
(-0.061455927 -0.089306524 -0.00011821922)
(-0.020794371 -0.027161443 5.8297069e-05)
(-0.037127333 -0.043411159 -5.233328e-05)
(-0.047716328 -0.072662174 -8.7259659e-05)
(-0.036956072 -0.042970785 -5.163036e-07)
(-0.047562292 -0.072153052 -2.0339969e-05)
(-0.061493378 -0.089646508 -0.00023968675)
(-0.061456042 -0.089306591 0.00011812733)
(-0.020794466 -0.027161536 -5.8326361e-05)
(-0.037127397 -0.043411228 5.234002e-05)
(-0.047716384 -0.072662287 8.7180865e-05)
(-0.036955992 -0.042970812 5.0527949e-07)
(-0.047562222 -0.072153065 2.0234511e-05)
(-0.061493252 -0.089646537 0.00023962905)
(0.15916395 -0.25902912 -0.00029475163)
(0.1455157 -0.22525757 -5.5219044e-05)
(0.39022777 -0.58196276 -0.00035688143)
(0.38661004 -0.57949806 -3.7299783e-05)
(0.16200907 -0.26317065 -0.00050887598)
(0.22678957 -0.40181224 0.0010215372)
(0.27766001 -0.55010878 -0.00048671405)
(0.4676652 -0.75513805 0.00038870811)
(0.097566396 -0.2187287 -0.00011432087)
(0.46716555 -0.75324042 0.00052428631)
(0.095417834 -0.21588126 -0.00032967173)
(0.22920232 -0.40645014 0.0013593947)
(0.15916396 -0.2590291 0.00029476278)
(0.14551572 -0.22525755 5.5242821e-05)
(0.39022781 -0.5819627 0.00035693637)
(0.38660982 -0.57949804 3.7324204e-05)
(0.16200904 -0.2631706 0.00050889988)
(0.22678958 -0.40181219 -0.0010214969)
(0.27765987 -0.5501087 0.00048677214)
(0.467665 -0.75513794 -0.00038863635)
(0.097566258 -0.21872861 0.00011434128)
(0.46716555 -0.75324037 -0.00052418262)
(0.095417814 -0.21588121 0.00032972195)
(0.22920243 -0.40645004 -0.0013593663)
(-0.021058771 -0.045697195 0.0001213578)
(-0.030578082 -0.086051999 -4.6806539e-05)
(-0.050785691 -0.12073164 1.6932583e-05)
(-0.0092681979 -0.02711231 2.270276e-06)
(-0.050730087 -0.12011308 5.1996447e-05)
(-0.0090798197 -0.026732909 -1.870276e-05)
(-0.021290205 -0.046394388 0.00015695282)
(-0.011407445 -0.023019738 1.6208762e-05)
(-0.0089340068 -0.016304194 3.5056208e-06)
(-0.027755113 -0.051385787 3.5920302e-05)
(-0.0274126 -0.050974769 1.8752632e-05)
(-0.011606285 -0.023438887 2.4746142e-05)
(-0.021058963 -0.045697237 -0.00012139662)
(-0.03057827 -0.086052102 4.6775404e-05)
(-0.050785752 -0.12073168 -1.6933435e-05)
(-0.009268213 -0.027112344 -2.2726869e-06)
(-0.050730145 -0.12011317 -5.2003282e-05)
(-0.0090797424 -0.026732916 1.869016e-05)
(-0.02129022 -0.046394429 -0.00015695799)
(0.29688039 -0.60087468 0.00014424573)
(0.094895745 -0.32958231 -0.00015647461)
(0.193667 -0.49212396 0.00018237846)
(0.20858187 -0.49392456 -0.00011037738)
(0.192628 -0.49065209 0.00012304254)
(0.2077998 -0.49328963 -0.00020446522)
(0.29721811 -0.60102418 0.00020857081)
(0.29688031 -0.60087461 -0.00014409961)
(0.0948957 -0.32958224 0.00015659114)
(0.19366694 -0.49212384 -0.00018227997)
(0.20858185 -0.49392443 0.00011057157)
(0.19262802 -0.49065202 -0.00012293532)
(0.20779977 -0.49328955 0.00020465384)
(0.29721811 -0.60102408 -0.00020844263)
(0.024025635 -0.11343902 -9.3770045e-05)
(0.070415478 -0.23576714 0.00043912142)
(0.069352338 -0.23266551 0.00016722435)
(0.17616093 -0.36103121 -0.00047349796)
(0.12107077 -0.30091019 -0.00019799992)
(0.11985537 -0.29783513 2.1399843e-07)
(0.024025636 -0.11343899 9.3801989e-05)
(0.070415455 -0.23576706 -0.00043907991)
(0.069352285 -0.23266547 -0.00016718434)
(-0.022722498 -0.062414908 8.5822106e-05)
(-0.018737071 -0.059051052 2.5871714e-05)
(-0.018557576 -0.058400852 9.6433668e-06)
(-0.0041326445 -0.03162221 -1.9351967e-05)
(-0.012592116 -0.054922813 9.5470877e-05)
(-0.01242068 -0.054173473 5.5145401e-05)
(-0.022722508 -0.062414919 -8.5866388e-05)
(-0.018737165 -0.059051099 -2.5894749e-05)
(-0.018557633 -0.058400858 -9.6990655e-06)
(-0.0041326415 -0.031622211 1.9334614e-05)
(-0.012591997 -0.054922852 -9.5471309e-05)
(-0.012420739 -0.054173497 -5.5182687e-05)
(-0.050263284 -0.2232825 1.7750761e-05)
(-0.017472986 -0.10939419 -4.9009995e-05)
(-0.035324955 -0.14591747 4.562495e-05)
(-0.035944555 -0.20667209 -7.901902e-05)
(-0.035221865 -0.14525826 4.0506614e-05)
(-0.03585425 -0.20629644 -6.5067617e-05)
(-0.050253809 -0.22340271 1.1669642e-05)
(-0.05026342 -0.2232825 -1.7690506e-05)
(-0.017473089 -0.10939419 4.9046611e-05)
(-0.035325114 -0.1459175 -4.5620589e-05)
(-0.035944748 -0.20667213 7.9145425e-05)
(-0.035221881 -0.14525828 -4.0547267e-05)
(-0.035854293 -0.20629641 6.5168549e-05)
(-0.05025378 -0.22340275 -1.1589061e-05)
(0.12103006 -0.28547784 -6.8158872e-05)
(0.066971562 -0.21058945 0.00020054446)
(0.17034338 -0.37600301 0.00025374511)
(0.042511287 -0.15306072 -3.6499044e-05)
(0.16980418 -0.37507503 0.0001247033)
(0.041937024 -0.15179831 -0.00010159603)
(0.12194233 -0.28608815 0.00013753908)
(0.095652178 -0.19247043 6.1762042e-05)
(0.017508829 -0.052955759 -8.1535858e-05)
(0.026085692 -0.10023385 -1.2971502e-05)
(0.077693161 -0.10915011 0.00039816234)
(0.025519357 -0.09916209 -0.00011884818)
(0.07674885 -0.10883037 9.540091e-05)
(0.096629464 -0.19301506 0.00031023615)
(0.12103004 -0.2854777 6.8625775e-05)
(0.066971528 -0.21058938 -0.00020042317)
(0.17034335 -0.37600283 -0.00025345188)
(0.042511264 -0.15306056 3.6689646e-05)
(0.16980423 -0.37507498 -0.00012441851)
(0.041937042 -0.15179823 0.00010178793)
(0.12194239 -0.28608792 -0.00013708298)
(0.095652249 -0.19247026 -6.1009057e-05)
(0.017508868 -0.052955679 8.2188704e-05)
(0.02608568 -0.10023366 1.331515e-05)
(0.077692938 -0.10915005 -0.00039672837)
(0.025519379 -0.099161965 0.00011921888)
(0.076748953 -0.10883022 -9.4267225e-05)
(0.096629499 -0.19301476 -0.00030945944)
(-0.018080888 -0.16472729 -3.9545835e-06)
(-0.0024456212 -0.063926892 -1.2528168e-06)
(-0.0061903946 -0.068387924 -1.0245079e-05)
(-0.0085117194 -0.15708525 3.4949066e-05)
(-0.0061009309 -0.067640132 -1.8989851e-05)
(-0.008431957 -0.15655189 4.2930446e-06)
(-0.018189188 -0.1652854 -5.5961502e-06)
(-0.024464993 -0.17388186 3.0304223e-05)
(-0.014822902 -0.081047755 -9.3406087e-05)
(-0.034085741 -0.18786228 3.6104769e-05)
(-0.010508953 -0.073868524 5.5718748e-06)
(-0.034138477 -0.18728427 6.9931443e-06)
(-0.010423141 -0.073169246 6.1689294e-06)
(-0.024540543 -0.17445903 3.9218288e-05)
(-0.018080784 -0.16472716 2.8844673e-06)
(-0.00244566 -0.063926622 2.5443958e-06)
(-0.0061900628 -0.068380236 9.630487e-06)
(-0.008511836 -0.15708074 -3.2937538e-05)
(-0.006100971 -0.067639867 1.8207454e-05)
(-0.0084321523 -0.15655168 -2.271824e-06)
(-0.018188195 -0.16528097 4.7168058e-06)
(0.0850414 0.0674387 7.4913856e-05)
(0.016191898 -0.0067315985 -8.8029698e-05)
(0.076425146 -0.01659544 0.00040287732)
(0.02113024 0.039321469 -3.0879629e-06)
(0.075464385 -0.016590926 0.00010276983)
(0.020600763 0.038876757 -0.00010903329)
(0.086023381 0.067654917 0.00036361557)
(0.10642752 0.15945454 -2.3546047e-05)
(0.052536547 0.14268066 0.00012214814)
(0.033527573 0.089627864 -2.9554476e-05)
(0.14758357 0.2479609 0.00031549932)
(0.03298668 0.088944551 -0.00010717037)
(0.14692531 0.24731894 0.00011998749)
(0.10736552 0.15976479 0.00022341701)
(0.085041456 0.067438447 -7.430323e-05)
(0.016191974 -0.0067314055 8.845375e-05)
(0.076419988 -0.016591484 -0.00040007737)
(0.02112778 0.039317378 4.8353023e-06)
(0.075464389 -0.016590591 -0.0001018622)
(0.020600842 0.038876481 0.00010944421)
(0.086018084 0.067651092 -0.0003611614)
(0.10642771 0.15945448 2.4665911e-05)
(0.052536637 0.14268053 -0.00012152595)
(0.03352791 0.089628121 3.0559689e-05)
(0.14758382 0.24796064 -0.00031461876)
(0.032986772 0.088944469 0.0001081109)
(0.14692542 0.24731882 -0.00011911905)
(0.10736568 0.15976499 -0.00022197681)
(0.0054417723 -0.12760071 3.8728869e-05)
(0.0076008796 -0.054388264 -6.0985927e-05)
(0.0056511869 -0.055311177 1.6287534e-05)
(0.0082143199 -0.12210523 9.8304144e-05)
(0.0056452228 -0.054774957 -4.455631e-06)
(0.0083957527 -0.12175678 2.9981181e-05)
(0.0053289729 -0.12800161 9.3777679e-05)
(0.0033731703 -0.13764766 -2.9036234e-05)
(0.00030700889 -0.060310688 3.2253071e-06)
(-0.0044080448 -0.14744263 -5.4733047e-05)
(0.0031759458 -0.057655876 -2.3934492e-05)
(-0.00431475 -0.14696302 -2.4254622e-05)
(0.0031654491 -0.057039418 -9.4216881e-06)
(0.0032973078 -0.1381032 -8.830389e-05)
(0.0054418181 -0.12760067 -3.8604377e-05)
(0.0076008991 -0.054388313 6.1061913e-05)
(0.0056512529 -0.055311022 -1.6270283e-05)
(0.0082143599 -0.12210518 -9.8138632e-05)
(0.0056452448 -0.054774863 4.4628147e-06)
(0.0083956551 -0.12175662 -2.9830923e-05)
(0.0053290888 -0.12800155 -9.3645058e-05)
(0.26622632 0.46239 0.00011731924)
(0.077988008 0.24209476 -0.00011875809)
(0.18656519 0.35850932 -4.6071007e-05)
(0.16628415 0.38516359 0.00020348164)
(0.18580017 0.35804142 -0.00017927989)
(0.16524632 0.38397928 9.6841068e-05)
(0.26659622 0.46250408 0.00021720401)
(0.26622641 0.46238997 -0.00011695423)
(0.077988028 0.24209465 0.00011916891)
(0.18656533 0.3585091 4.6605787e-05)
(0.16628417 0.38516349 -0.00020320039)
(0.1858002 0.35804131 0.00017984998)
(0.1652463 0.3839792 -9.6551521e-05)
(0.2665962 0.4625039 -0.00021684284)
(0.15216305 0.30580718 0.00038168501)
(0.10334539 0.24813783 0.00016620804)
(0.10226016 0.24561786 -2.0261925e-05)
(0.019339321 0.084459181 7.9227405e-05)
(0.059411366 0.18763324 -0.00034600525)
(0.058450415 0.18510563 -0.00010720225)
(0.15216298 0.30580714 -0.0003815641)
(0.10334535 0.24813781 -0.00016612551)
(0.10226018 0.24561787 2.0344403e-05)
(0.001973601 -0.018243596 8.210767e-06)
(0.0052797599 -0.028135684 -4.5649302e-05)
(0.0052431473 -0.027763719 -3.3120164e-05)
(0.0065665272 -0.023940264 -3.757827e-05)
(0.0067570977 -0.026252881 -1.0376189e-05)
(0.00673413 -0.025958459 -1.1023144e-05)
(0.0019736426 -0.018243647 -8.2008872e-06)
(0.0052797895 -0.028135723 4.5626471e-05)
(0.0052430681 -0.027763648 3.3078662e-05)
(0.0065665219 -0.02394025 3.7519416e-05)
(0.0067570477 -0.026252859 1.036563e-05)
(0.0067340648 -0.025958355 1.0964461e-05)
(0.0067135586 -0.10964676 2.6248363e-06)
(0.0074127375 -0.064365012 -2.9556247e-05)
(0.0034453896 -0.11644396 -6.6169636e-05)
(0.012330591 -0.073757375 -2.2254967e-05)
(0.003501298 -0.1162779 -3.4453953e-05)
(0.012398297 -0.073439625 6.5042064e-06)
(0.0066544023 -0.10968646 -1.9083958e-05)
(0.14366009 0.2303323 -0.00026553991)
(0.13254573 0.20412246 -5.7354394e-05)
(0.35626021 0.52504284 -0.00029709121)
(0.35288761 0.52275904 -4.4938201e-05)
(0.14623619 0.23398694 -0.00045445493)
(0.20304485 0.35337238 -0.00087123663)
(0.24330261 0.47187959 0.00046588609)
(0.08524587 0.18784236 0.00010636342)
(0.4203168 0.65815329 -0.00039125576)
(0.083373156 0.18541348 0.00030036018)
(0.41981708 0.65645627 -0.00046018825)
(0.20525507 0.35748093 -0.0011777728)
(0.14366004 0.23033228 0.00026563096)
(0.13254568 0.20412244 5.7397104e-05)
(0.35626011 0.52504272 0.00029720208)
(0.35288772 0.52275899 4.5094904e-05)
(0.14623618 0.2339869 0.00045450805)
(0.0013143935 -0.0087256914 -2.9450596e-05)
(0.0051762661 -0.026048272 -1.4699268e-05)
(0.0016336475 -0.0074072157 -7.9583881e-06)
(0.0013391389 -0.027218033 3.5380221e-05)
(0.0016077179 -0.0072804966 -7.8383425e-06)
(0.0014564173 -0.027087727 2.0240935e-06)
(0.0012864353 -0.0088760532 -2.4558994e-05)
(-0.0012215274 -0.0012034931 -7.2418645e-06)
(-0.0029154131 0.0025860842 -6.2381415e-06)
(-0.007147742 0.0025160528 1.0828648e-05)
(-0.0070530074 0.0025243219 -2.4900471e-06)
(-0.0012525259 -0.0012530464 -1.6434662e-06)
(0.0013144059 -0.008725649 2.9437412e-05)
(0.0051762485 -0.026048162 1.4643365e-05)
(0.0016336402 -0.0074071574 7.9462323e-06)
(0.0013390764 -0.027217878 -3.5406201e-05)
(0.0016076822 -0.0072804761 7.8248328e-06)
(0.001456412 -0.02708767 -2.0816026e-06)
(0.0012864323 -0.0088759793 2.4542502e-05)
(-0.0012215577 -0.0012034803 7.2466049e-06)
(-0.0029154384 0.0025860876 6.2521014e-06)
(-0.007147816 0.0025161073 -1.0840192e-05)
(-0.0070528623 0.0025243234 2.5053084e-06)
(-0.0012525026 -0.001253014 1.64071e-06)
(0.80002072 0.91811 -0.00028291468)
(0.30299999 0.37056754 0.00076773458)
(0.63580406 0.76964038 -0.00037448662)
(0.55437489 0.59518869 -0.00065122463)
(0.63433483 0.7668059 -4.1444227e-05)
(0.5518184 0.59036745 -0.00010860984)
(0.80096493 0.9195987 -0.00082854274)
(0.80002077 0.91810999 0.00028297769)
(0.30300008 0.37056755 -0.00076771065)
(0.63580399 0.76964031 0.00037459259)
(0.55437489 0.5951886 0.00065124702)
(0.6343347 0.76680584 4.155799e-05)
(0.55181831 0.59036739 0.00010861868)
(0.80096491 0.91959864 0.00082862412)
(0.24887947 0.25283139 -0.00017637509)
(0.89142648 0.87084029 1.7186541e-05)
(0.59919711 0.61402048 -0.00022352585)
(0.62832428 0.57123984 -0.00039339837)
(0.59687607 0.61208325 -8.5292672e-05)
(0.62496495 0.56828373 7.2505093e-05)
(0.25298713 0.25633747 -0.00025141762)
(0.27754435 0.22925519 0.00022699413)
(0.27377679 0.22540767 0.00037893805)
(0.23029264 0.24473336 0.00017530179)
(0.22694168 0.24056578 -5.658406e-06)
(0.2488794 0.25283138 0.00017636163)
(0.89142641 0.87084025 -1.7298115e-05)
(0.599197 0.6140204 0.00022350886)
(0.62832398 0.57123974 0.00039337466)
(0.59687606 0.6120832 8.5250476e-05)
(0.62496472 0.56828367 -7.2541457e-05)
(0.25298707 0.25633742 0.00025142163)
(0.27754421 0.22925508 -0.00022698779)
(0.27377673 0.22540761 -0.00037891202)
(-0.0089040366 0.0082108697 -1.2509078e-05)
(-0.0087460204 0.0080802513 -1.2598518e-05)
(-0.012472218 0.0106598 9.2962243e-06)
(-0.012259002 0.010483385 8.7041849e-06)
(-0.010751907 0.0098810398 -9.6793313e-06)
(-0.042267395 0.036278087 1.6027458e-05)
(-0.025592566 0.022819352 -1.3094712e-05)
(-0.029002074 0.025322517 -9.2047402e-06)
(-0.025376869 0.022687029 -1.8202192e-05)
(-0.02877003 0.025148547 -2.1751526e-06)
(-0.010939269 0.010031426 -1.0054671e-05)
(-0.0089040501 0.0082108649 1.2542678e-05)
(-0.0087459655 0.0080802404 1.2648414e-05)
(-0.012472253 0.010659826 -9.2710771e-06)
(-0.012259127 0.010483417 -8.6666076e-06)
(-0.010751928 0.0098810465 9.7242655e-06)
(-0.042267535 0.036278125 -1.5853977e-05)
(-0.025592645 0.022819379 1.3149742e-05)
(-0.029002252 0.025322588 9.2936724e-06)
(-0.025376901 0.022687048 1.8295264e-05)
(-0.028770051 0.025148588 2.2964385e-06)
(-0.010939282 0.010031446 1.0079048e-05)
(-0.031941125 0.018895546 -3.3899551e-05)
(-0.0098787627 0.0085726846 -1.7894886e-06)
(-0.019729859 0.010549577 3.7250974e-06)
(-0.020655537 0.016538502 1.5501274e-05)
(-0.019610845 0.010559362 1.4495045e-05)
(-0.02047359 0.016432174 1.6820925e-05)
(-0.032061949 0.018863045 -6.5805818e-05)
(1.0716636 0.86929213 0.00052255724)
(0.45313442 0.37253292 -0.001385788)
(0.71859268 0.60658738 -0.00013053539)
(0.90616455 0.7114707 1.6081962e-05)
(0.71606769 0.60585043 2.9057598e-05)
(0.90259646 0.71160634 0.00014785889)
(1.0728707 0.86933704 0.00036615703)
(1.0716634 0.8692921 -0.0005225994)
(0.45313431 0.37253284 0.0013858162)
(0.7185924 0.60658724 0.00013052837)
(0.90616424 0.71147049 -1.6095692e-05)
(0.71606749 0.60585036 -2.9058885e-05)
(0.90259635 0.71160619 -0.00014783602)
(1.0728704 0.86933696 -0.00036619907)
(0.44705528 0.24543924 -0.0011886971)
(0.67079603 0.30802095 0.00060140913)
(0.22571167 0.093087474 -0.00019662865)
(1.0142641 0.59163977 -0.00094746271)
(0.22288907 0.091107304 0.00021624066)
(1.0098778 0.5907063 -0.00034780519)
(0.45316853 0.24834874 -0.0018829437)
(0.26173593 0.15268565 -0.00038130301)
(0.23256366 0.15214813 -0.00011086309)
(0.64386553 0.43057674 -0.0008443312)
(0.6391186 0.42656362 -0.00085242481)
(0.26635043 0.15580704 -0.00035480599)
(0.44705513 0.24543915 0.0011886228)
(0.67079553 0.30802087 -0.00060152158)
(0.22571145 0.093087436 0.00019659623)
(1.0142636 0.59163947 0.000947374)
(0.22288905 0.091107293 -0.00021629706)
(1.0098774 0.59070613 0.00034761016)
(0.45316837 0.24834865 0.0018828744)
(0.43752951 0.18895141 -0.00033785014)
(0.35437367 0.13289631 -0.00019585527)
(0.35080631 0.13115583 0.00011164551)
(0.13620274 0.020376222 9.1335813e-05)
(0.28348684 0.081642125 -0.00038662219)
(0.27938002 0.08003862 -3.5580276e-05)
(0.43752933 0.18895134 0.00033779308)
(0.35437317 0.13289616 0.00019576611)
(0.35080603 0.13115575 -0.00011176163)
(0.13620252 0.020376199 -9.1639363e-05)
(0.28348668 0.081642018 0.00038643637)
(0.27937985 0.080038545 3.5293937e-05)
(0.01960743 0.00074972712 -1.3669561e-05)
(0.021305618 -0.001993188 -1.9281638e-05)
(0.020978757 -0.0019223638 2.7319755e-05)
(0.0064762229 0.0031285909 2.9305811e-08)
(0.013221744 -0.00087367137 -9.3179214e-05)
(0.013050822 -0.00080936189 -2.1179495e-05)
(0.019607616 0.00074973424 1.3589614e-05)
(0.021305566 -0.0019931883 1.9375684e-05)
(0.020978078 -0.0019222557 -2.7351604e-05)
(0.0064762835 0.0031286542 -2.9363459e-07)
(0.013221863 -0.00087343551 9.3073182e-05)
(0.013050425 -0.00080938216 2.1118859e-05)
(-0.0088870874 0.0073429571 1.6167168e-06)
(-0.010084681 0.0069461371 3.8543011e-06)
(-0.02367954 0.019147554 -9.5541932e-06)
(-0.023570185 0.019000293 3.05031e-06)
(-0.0090282459 0.0074937541 1.4679126e-06)
(-0.0095040126 0.0085111459 -5.7822596e-05)
(0.009283123 0.0054782986 -2.9346128e-05)
(-0.0021504158 0.0035309537 -3.3708806e-05)
(0.019385945 0.011095693 -0.00020725342)
(-0.0021227648 0.0034432855 -4.8806652e-06)
(0.018912586 0.011144543 -6.6471189e-05)
(-0.0095716355 0.0086256456 -0.00011198413)
(-0.0088871328 0.0073430499 -1.6984461e-06)
(-0.010084721 0.0069461918 -3.9372138e-06)
(-0.023679658 0.019147768 9.4454428e-06)
(-0.023570855 0.019000476 -3.2044631e-06)
(-0.0090285833 0.0074938369 -1.5017598e-06)
(-0.0095044466 0.0085112855 5.7627464e-05)
(0.0092824042 0.005478454 2.9015506e-05)
(-0.0021508412 0.0035310485 3.3624591e-05)
(0.019385208 0.011095913 0.00020699249)
(-0.0021228124 0.0034433371 4.741996e-06)
(0.018912231 0.01114473 6.6246321e-05)
(-0.0095719085 0.0086257469 0.0001119205)
(-0.036477726 0.038595823 3.0574739e-05)
(-0.019640908 0.015249679 5.3920126e-05)
(-0.030484787 0.026804698 -9.7180838e-06)
(-0.030457798 0.029019759 3.511094e-05)
(-0.03021752 0.026614789 -1.2814643e-05)
(-0.030448211 0.029004115 5.3048802e-07)
(-0.036416122 0.038657817 7.4054008e-05)
(1.1968767 0.4585593 -0.00015405142)
(0.48686561 0.1001242 4.8804597e-05)
(0.78448392 0.26990655 -0.00093927941)
(1.0143382 0.30830688 0.00013848753)
(0.78062166 0.26803276 -0.00034898541)
(1.0121358 0.30739905 0.00054835696)
(1.1974713 0.4584217 -0.00063290624)
(1.1968775 0.45855911 0.00015340036)
(0.48686496 0.10012409 -4.9689868e-05)
(0.78448292 0.26990618 0.00093885755)
(1.0143365 0.30830666 -0.00013896253)
(0.78062106 0.26803264 0.00034835564)
(1.0121357 0.30739892 -0.00054950055)
(1.1974705 0.45842128 0.00063233342)
(0.6035341 0.10353382 0.00014066026)
(0.15265567 0.013865465 0.00012942809)
(0.19280314 0.026096486 5.38783e-05)
(0.52378507 0.067872 5.5411476e-05)
(0.19050248 0.025659369 0.000139347)
(0.52073434 0.067030418 0.00022897189)
(0.60676596 0.10455945 -0.00011612502)
(0.69770947 0.15858766 -0.00034451561)
(0.30623261 0.065794056 0.00043453892)
(0.24044482 0.045882546 -6.2257366e-06)
(0.84222465 0.22893175 0.00022007884)
(0.23813339 0.045523788 -0.00014574316)
(0.8386713 0.22845023 -0.00014139697)
(0.7011667 0.15960964 -0.00013300413)
(0.60353388 0.10353289 -0.00013437623)
(0.15265517 0.013865809 -0.0001342519)
(0.19277333 0.026090561 -5.0924536e-05)
(0.52376566 0.067870326 -6.1331535e-05)
(0.19050089 0.025659011 -0.00013426809)
(0.52073366 0.067030978 -0.00023376045)
(0.60673396 0.10454741 0.00011941929)
(0.3407523 0.00016117397 9.1842226e-06)
(0.073834429 -0.0037087488 9.3470219e-05)
(0.08305215 -0.0048743731 -0.00011690427)
(0.32306735 -0.00076148654 -0.00017945875)
(0.082032417 -0.0048520725 -1.1141966e-05)
(0.32088789 -0.0010783788 2.1149523e-05)
(0.34310594 0.00043754848 -0.00026630425)
(0.39000056 0.018335083 -0.0001535549)
(0.12277417 0.0035031841 -2.9010092e-05)
(0.10019198 -0.00090096331 2.3601098e-05)
(0.45197482 0.034013058 0.00022143412)
(0.098966767 -0.00086507763 -7.4946467e-05)
(0.44932516 0.033418963 -2.811411e-05)
(0.39252879 0.018806201 5.0368433e-05)
(0.34075291 0.00016131211 -9.3224596e-06)
(0.073834391 -0.0037086933 -9.3755574e-05)
(0.083052066 -0.004874391 0.0001169503)
(0.32306745 -0.0007613523 0.00017921757)
(0.08203225 -0.0048519613 1.1139119e-05)
(0.32088751 -0.0010782286 -2.1442895e-05)
(0.34310531 0.00043753411 0.00026593621)
(0.30811426 -0.0055684442 5.5094018e-05)
(0.09145094 0.00050377616 6.0888672e-05)
(0.11830604 -0.0076576633 -2.272946e-05)
(0.31586183 -0.0059120817 0.0003529731)
(0.11718419 -0.0076911169 -6.3322651e-05)
(0.31441351 -0.0060176003 0.00013307846)
(0.30875177 -0.0054041968 0.00020171018)
(2.0453936 -0.66553881 6.2872402e-06)
(1.9989232 -0.74910394 -2.5216671e-05)
(1.9818062 -0.65727207 -4.8811941e-05)
(2.011882 -0.77042261 -1.1052033e-05)
(2.0453939 -0.66553872 -6.0358642e-06)
(1.9989224 -0.74910401 2.5397652e-05)
(1.9818059 -0.65727217 4.9276463e-05)
(2.0229231 -0.49586077 -1.6737489e-05)
(1.9135753 -0.54219851 -8.9518236e-05)
(1.8117167 -0.43053098 -0.00012162139)
(2.0462197 -0.59841381 -4.776255e-06)
(2.0229231 -0.49586091 1.6772267e-05)
(1.9135759 -0.54219852 9.0013098e-05)
(1.8117172 -0.43053111 0.00012158553)
(1.9256526 -0.33908207 -3.9475563e-05)
(1.7027983 -0.32677421 -0.00013793898)
(1.5662803 -0.24061577 -0.00013856524)
(1.9702058 -0.42196273 3.4195745e-05)
(1.9256522 -0.33908218 3.9143182e-05)
(1.7027987 -0.32677445 0.00013762708)
(1.5662806 -0.24061584 0.00013813991)
(1.8360148 -0.22027817 -4.0495721e-05)
(1.4940896 -0.17798256 -0.0001145334)
(1.2945047 -0.11738656 -0.0001024075)
(1.8203791 -0.27600148 3.5744442e-05)
(1.8360147 -0.22027831 4.0391885e-05)
(1.4940899 -0.17798272 0.00011404084)
(1.2945047 -0.11738668 0.00010195726)
(1.8097548 -1.0050889 -0.00011392556)
(1.6803955 -1.0775367 -0.00014704939)
(1.7178999 -1.0479638 -0.00025470982)
(1.7235024 -1.0693625 5.3356776e-05)
(1.8097548 -1.0050889 0.00011399333)
(1.6803956 -1.0775367 0.00014713616)
(1.7179 -1.0479638 0.000254888)
(0.64938446 0.0038080069 -2.8852689e-05)
(0.23807221 -0.020429726 -8.0041185e-05)
(0.23698491 -0.013165028 -2.8574148e-05)
(0.61884573 -0.007396792 6.5347695e-05)
(0.64938354 0.0038081196 2.9282267e-05)
(0.23807168 -0.020429719 8.0628192e-05)
(0.23698508 -0.013164959 2.8875823e-05)
(1.5112451 -1.1711399 -0.00018739769)
(1.3309027 -1.1632727 -5.900212e-07)
(1.3248126 -1.1691496 -0.00051225258)
(1.4229964 -1.1334371 -4.0024494e-05)
(1.5112451 -1.1711399 0.0001875253)
(1.3309029 -1.1632727 6.0147485e-07)
(1.3248126 -1.1691496 0.00051238237)
(0.77063068 -0.45972015 9.2635929e-05)
(1.4325229 -0.94935616 -0.00017997041)
(1.2631823 -0.76099572 0.00010007652)
(1.210715 -0.7994957 -0.00046645824)
(1.2610987 -0.7599338 0.00069908871)
(1.2087572 -0.79726246 -8.0165188e-05)
(0.7753198 -0.46210116 -0.00029966815)
(0.10016404 -0.075828993 -3.0081106e-06)
(-0.046428281 -0.089311409 -6.6090719e-05)
(-0.024089591 -0.11337945 -2.1041606e-05)
(0.052228249 -0.060876869 2.7124463e-05)
(0.10016396 -0.075828985 2.7478894e-06)
(-0.04642837 -0.08931143 6.5908725e-05)
(-0.024089561 -0.11337945 2.0872576e-05)
(1.1466834 -1.1029455 4.0123615e-05)
(1.0044482 -0.94797849 2.8848249e-05)
(0.98115736 -1.1038837 -6.7444666e-05)
(1.1195533 -0.94113011 6.9644369e-06)
(1.1466833 -1.1029455 -4.0116316e-05)
(1.0044482 -0.94797849 -2.885679e-05)
(0.98115733 -1.1038837 6.7464305e-05)
(0.0040108895 -0.22045476 5.3748729e-06)
(-0.064090492 -0.21536889 -2.1927135e-05)
(-0.033930477 -0.26018601 -7.4840491e-07)
(-0.042930888 -0.18662423 1.0447355e-05)
(0.0040108507 -0.22045474 -5.3538713e-06)
(-0.064090509 -0.21536888 2.1962262e-05)
(-0.033930498 -0.26018599 8.378576e-07)
(0.397915 -0.61972717 -0.00037199406)
(0.73633434 -1.0346751 0.00019001482)
(0.62890725 -0.89288941 -0.0001788156)
(0.61486583 -0.92076278 -0.00037776891)
(0.62698992 -0.8912488 0.00011923515)
(0.61404663 -0.91921292 -0.00019914431)
(0.39994512 -0.62391221 -0.0006202951)
(0.66432534 -0.61637997 -3.4230442e-05)
(0.68825906 -0.42025493 -6.8805683e-06)
(0.56958062 -0.48704196 -1.6761493e-05)
(0.78477472 -0.49945236 1.0732942e-05)
(0.66432536 -0.61637996 3.4242428e-05)
(0.68825907 -0.42025492 6.8921746e-06)
(0.56958062 -0.48704195 1.6794994e-05)
(-0.057890994 -0.22936553 -1.2127221e-05)
(-0.055253765 -0.16043951 9.9741561e-05)
(-0.067734092 -0.23629124 -0.00016817982)
(-0.046141305 -0.15568876 -1.8604623e-05)
(-0.067905594 -0.23614279 -0.00010093702)
(-0.046046438 -0.15515245 -7.2309142e-06)
(-0.057900589 -0.22959865 -2.9470842e-05)
(-0.070508536 -0.32925249 -2.0919959e-06)
(-0.067149343 -0.32691955 -2.1290484e-06)
(-0.075817606 -0.32468592 -4.7916719e-07)
(-0.064164136 -0.33303346 7.0364845e-06)
(-0.070508477 -0.32925251 2.2990412e-06)
(-0.067149228 -0.32691955 2.4495321e-06)
(-0.075817722 -0.32468595 6.8906446e-07)
(0.49536685 -0.32945888 -1.909659e-06)
(0.60345312 -0.1565915 2.2568966e-07)
(0.44927375 -0.17129461 1.3221991e-05)
(0.64436715 -0.27185625 1.12098e-05)
(0.49536687 -0.32945887 1.9778199e-06)
(0.60345314 -0.15659149 -2.0263149e-07)
(0.44927379 -0.1712946 -1.3125388e-05)
(-0.097259938 -0.30604277 4.8353162e-08)
(-0.061639883 -0.28137161 4.1995145e-06)
(-0.0909224 -0.27772883 2.6679295e-06)
(-0.068919591 -0.30900616 -3.4378916e-07)
(-0.097259944 -0.30604275 2.0726591e-07)
(-0.061639803 -0.28137162 -3.882353e-06)
(-0.090922481 -0.27772883 -2.4669886e-06)
(0.44576133 0.013577173 1.2934851e-05)
(0.62964766 0.12611932 -1.3437335e-05)
(0.47962605 0.17346504 -2.1995704e-06)
(0.60348948 0.0092997711 1.8639025e-06)
(0.44576136 0.013577177 -1.283344e-05)
(0.62964768 0.12611932 1.3462113e-05)
(0.4796261 0.17346504 2.2997886e-06)
(-0.10438827 -0.24078047 2.5094481e-07)
(-0.056026228 -0.20467175 6.0414228e-06)
(-0.095591391 -0.20097108 9.3729831e-07)
(-0.059601122 -0.24549285 -6.1096702e-06)
(-0.10438824 -0.24078047 -2.1966214e-08)
(-0.056026206 -0.20467172 -5.6950308e-06)
(-0.095591442 -0.20097107 -6.9342098e-07)
(0.54724153 0.33673647 -2.006492e-05)
(0.75878212 0.35894348 -1.1214928e-05)
(0.6346354 0.47047063 -3.9229523e-05)
(0.67325623 0.27833296 1.0116114e-05)
(0.54724155 0.33673646 2.0135607e-05)
(0.75878213 0.35894347 1.1226947e-05)
(0.63463541 0.47047061 3.9254849e-05)
(-0.10647547 -0.15805304 3.4777316e-07)
(-0.063731052 -0.12102898 3.6127837e-06)
(-0.098869726 -0.11963207 2.6942187e-06)
(-0.060137878 -0.16227559 -3.1452186e-06)
(-0.10647548 -0.15805303 -8.2194945e-08)
(-0.063731064 -0.12102897 -3.2868743e-06)
(-0.098869757 -0.11963207 -2.4605839e-06)
(0.92432676 0.97483518 -1.6567991e-05)
(1.0632932 0.82223076 5.1851019e-06)
(1.0817272 0.97982262 6.4474339e-05)
(0.9461813 0.81988845 -2.7219092e-05)
(0.92432697 0.97483513 1.654707e-05)
(1.0632933 0.82223074 -5.1189353e-06)
(1.0817274 0.97982257 -6.4574439e-05)
(-0.06717272 -0.030636832 -2.8536178e-06)
(-0.055931172 -0.0102539 3.3678866e-06)
(-0.05974736 -0.019071976 4.3040508e-07)
(-0.05037807 -0.018504817 -1.8441058e-06)
(-0.067172728 -0.030636819 2.9617149e-06)
(-0.055931192 -0.010253872 -3.3362752e-06)
(-0.059747364 -0.019071961 -3.7489148e-07)
(1.2476022 1.0820066 -0.00042711099)
(1.3501836 1.0302941 6.50668e-05)
(1.4295474 1.0821446 -0.0001684161)
(1.2540373 1.0610918 6.7629415e-06)
(1.247602 1.0820066 0.00042716193)
(1.3501835 1.0302941 -6.4928861e-05)
(1.4295476 1.0821446 0.00016830579)
(-0.041712274 0.0082874935 1.0742901e-06)
(0.019824349 0.022479609 -4.2664116e-06)
(0.039550402 0.004235246 4.3479004e-06)
(-0.045257306 0.032991837 1.0654576e-05)
(-0.041712325 0.0082875141 -9.9537793e-07)
(0.019824285 0.022479596 4.4934772e-06)
(0.039550272 0.0042352256 -4.3033812e-06)
(1.6270958 0.98440618 -0.00018976504)
(1.6392379 0.99929471 -4.7274834e-05)
(1.7217501 0.94793536 -8.3130609e-05)
(1.5963202 1.0063738 0.0001246886)
(1.6270954 0.98440621 0.00018964599)
(1.6392375 0.9992949 4.7332618e-05)
(1.7217505 0.94793543 8.3085117e-05)
(1.3031879 0.55910282 0.00016520196)
(1.0912962 0.50766492 -0.0007200151)
(0.93062726 0.38727878 -0.00079331017)
(1.4114341 0.67216079 -0.00044185811)
(0.92831504 0.38640951 -0.00025801958)
(1.4117602 0.67326272 -7.8867393e-05)
(1.3033179 0.55825339 -0.00020874785)
(0.16782257 0.012850486 -9.1782096e-06)
(0.48201129 0.019302148 -4.159462e-05)
(0.49911301 0.0075381327 -1.2929702e-05)
(0.16977306 0.024525442 4.6661525e-05)
(0.16782275 0.012850439 9.5179448e-06)
(0.48201134 0.019302131 4.1792138e-05)
(0.49911279 0.0075380607 1.313366e-05)
(1.8727388 0.64355475 -3.5344986e-05)
(1.9173095 0.74533756 1.1860962e-05)
(1.945285 0.65471338 7.8168721e-06)
(1.8938181 0.7268747 1.4393493e-05)
(1.8727389 0.64355469 3.4918952e-05)
(1.9173098 0.74533755 -1.2088842e-05)
(1.9452847 0.65471347 -8.315725e-06)
(1.6901477 0.42907666 -0.00010462462)
(1.9414646 0.59555598 6.0717389e-06)
(1.9089269 0.50287347 -1.4034886e-05)
(1.7985739 0.53505129 7.3338304e-05)
(1.6901467 0.42907666 0.00010408082)
(1.9414637 0.59555607 -6.6710976e-06)
(1.9089264 0.50287343 1.3635776e-05)
(1.4260019 0.24837493 -0.00012143656)
(1.8516105 0.43591282 -3.0573027e-05)
(1.7920053 0.35898148 -3.5659432e-05)
(1.5711753 0.33099982 0.00012062367)
(1.4260013 0.24837483 0.00012154299)
(1.8516098 0.43591276 3.038333e-05)
(1.7920049 0.35898137 3.5601183e-05)
(1.1339907 0.13012603 -8.2749939e-05)
(1.6827613 0.30096227 -3.4403369e-05)
(1.6781538 0.24970636 -3.5897243e-05)
(1.3423245 0.19207574 9.987197e-05)
(1.133991 0.13012609 8.3111756e-05)
(1.6827603 0.30096211 3.4442026e-05)
(1.6781532 0.24970627 3.6345696e-05)
(1.3862974 -0.58842361 0.00017849257)
(1.1640326 -0.53756465 -0.0007518924)
(1.496114 -0.70718608 -0.00053842544)
(0.99522209 -0.41115625 -0.00085589522)
(1.4964618 -0.70833916 -0.00011541838)
(0.99281625 -0.41034343 -0.00027261385)
(1.3863903 -0.58747495 -0.00025277251)
(1.3862979 -0.58842372 -0.00017837272)
(1.1640331 -0.53756473 0.00075205117)
(1.4961147 -0.70718583 0.00053864354)
(0.99522367 -0.4111566 0.00085584325)
(1.4964622 -0.70833915 0.00011561294)
(0.99281636 -0.41034348 0.00027242175)
(1.3863893 -0.58747541 0.00025328893)
(0.3357347 0.015219109 -3.2983913e-05)
(0.11924297 0.017213825 0.00024107579)
(0.32741571 0.013362026 -0.00068846423)
(0.13265906 0.013219131 -3.3772646e-05)
(0.32672416 0.01389224 -0.00038795645)
(0.1317027 0.01314934 4.4067296e-05)
(0.33646955 0.015133421 -0.00020850481)
(0.33573338 0.015219071 3.3055914e-05)
(0.11924312 0.017213732 -0.00024018173)
(0.32741347 0.013361816 0.00068924706)
(0.13265729 0.01321875 3.3761485e-05)
(0.32672249 0.01389218 0.00038893975)
(0.1317015 0.013149244 -4.394717e-05)
(0.33646632 0.015133111 0.00020871523)
(0.77063083 -0.45972022 -9.2444955e-05)
(1.432523 -0.94935624 0.00018020662)
(1.2631827 -0.76099582 -9.9883567e-05)
(1.2107151 -0.79949584 0.00046661905)
(1.2610987 -0.75993383 -0.00069878076)
(1.2087572 -0.79726252 8.0325764e-05)
(0.77532 -0.46210128 0.00029981356)
(-0.015814214 -0.018169277 -3.2831933e-05)
(0.042318328 -0.023114166 -0.00024809473)
(0.033565378 -0.013609811 -0.00031343908)
(-0.014303583 -0.02429125 -5.0016003e-05)
(0.032945042 -0.013609392 -8.7180419e-05)
(-0.014537464 -0.024064424 3.2026068e-05)
(-0.015889974 -0.018303103 -8.5253499e-05)
(-0.015813764 -0.018169278 3.3333184e-05)
(0.042319039 -0.023114216 0.00024875118)
(0.033565519 -0.013609841 0.00031417399)
(-0.014303127 -0.024291251 5.0392873e-05)
(0.03294442 -0.013609519 8.8106504e-05)
(-0.014538086 -0.024064535 -3.1685047e-05)
(-0.015890241 -0.018303108 8.5753324e-05)
(0.39791499 -0.61972711 0.00037202936)
(0.73633423 -1.0346751 -0.00018994403)
(0.62890711 -0.89288936 0.00017888459)
(0.61486589 -0.9207627 0.00037782586)
(0.62699017 -0.89124878 -0.00011919859)
(0.61404662 -0.9192129 0.00019922127)
(0.39994509 -0.6239121 0.00062031759)
(-0.033692021 -0.069012464 -2.170285e-05)
(-0.068966757 -0.15520004 -9.4241227e-05)
(-0.052807571 -0.10152122 4.0414304e-05)
(-0.058177643 -0.13748327 -0.00011340871)
(-0.052684606 -0.10114142 5.5998665e-05)
(-0.058095385 -0.13697699 -4.4867376e-05)
(-0.033879915 -0.069593357 -3.6929134e-05)
(-0.033692276 -0.069012557 2.1622854e-05)
(-0.068967274 -0.15520012 9.4224843e-05)
(-0.05280789 -0.10152134 -4.0425271e-05)
(-0.05817798 -0.13748339 0.0001133845)
(-0.052684385 -0.1011414 -5.6080749e-05)
(-0.058095208 -0.13697696 4.487115e-05)
(-0.03387996 -0.069593421 3.6890503e-05)
(0.37775442 -0.7001296 -0.00012206219)
(0.36904656 -0.68226251 4.3202722e-05)
(0.4739434 -0.78600788 -7.6734848e-05)
(0.27842228 -0.59427064 -0.00014638205)
(0.47373779 -0.78587247 1.7251931e-05)
(0.27745368 -0.59263803 -0.00012101381)
(0.37816082 -0.70047988 -0.0001268477)
(0.37775442 -0.70012953 0.00012217581)
(0.36904636 -0.68226238 -4.3126803e-05)
(0.47394326 -0.78600778 7.685672e-05)
(0.27842217 -0.5942705 0.00014649471)
(0.47373786 -0.78587248 -1.7158779e-05)
(0.27745366 -0.59263798 0.00012110863)
(0.37816077 -0.70047981 0.00012695294)
(-0.057891207 -0.22936556 1.2138759e-05)
(-0.055253971 -0.16043953 -9.9813766e-05)
(-0.067734276 -0.23629124 0.00016819576)
(-0.046141315 -0.15568877 1.8586926e-05)
(-0.067905527 -0.23614281 0.00010096968)
(-0.046046395 -0.15515247 7.1575281e-06)
(-0.057900676 -0.22959868 2.9507358e-05)
(0.34052415 0.56003057 -0.00013505705)
(0.32421725 0.56851488 4.8672665e-05)
(0.24282326 0.48259127 -9.010469e-05)
(0.42911629 0.64598763 2.1740349e-05)
(0.24189525 0.48130026 -0.00011355055)
(0.42888535 0.6459553 3.7763439e-05)
(0.3409125 0.56026755 -0.00011341783)
(0.34052412 0.5600305 0.00013529811)
(0.32421731 0.56851487 -4.8478866e-05)
(0.24282321 0.48259117 9.0294721e-05)
(0.42911625 0.64598757 -2.1588929e-05)
(0.24189518 0.48130021 0.00011377143)
(0.42888524 0.64595523 -3.7586041e-05)
(0.34091243 0.56026742 0.00011366433)
(0.0030485344 -0.096406179 -7.6668725e-06)
(0.0094918848 -0.059021924 1.6690491e-06)
(0.012000624 -0.06711095 5.3979072e-05)
(0.00046854001 -0.084729578 5.9931204e-05)
(0.012058147 -0.066878005 2.185436e-05)
(0.00052196041 -0.084668765 2.6337301e-05)
(0.0030308373 -0.096474212 5.6264764e-06)
(0.0030483601 -0.096405932 7.7173862e-06)
(0.0094916948 -0.059021674 -1.7029083e-06)
(0.012000481 -0.067110771 -5.3994931e-05)
(0.00046837891 -0.084729332 -5.9845283e-05)
(0.012058159 -0.066878027 -2.1896575e-05)
(0.00052198655 -0.0846688 -2.6275048e-05)
(0.0030306906 -0.096474073 -5.5115858e-06)
(0.35840996 0.54847471 -0.00034517188)
(0.67527637 0.91866749 0.00020931183)
(0.55608821 0.80869943 -0.00035092295)
(0.5741078 0.79838447 -7.4772219e-05)
(0.55531659 0.80730591 -0.00022486991)
(0.57222707 0.7969584 0.00013184817)
(0.36025763 0.55216377 -0.00056213022)
(0.35840989 0.54847469 0.00034528062)
(0.67527643 0.91866749 -0.00020925195)
(0.55608818 0.80869936 0.00035100118)
(0.57410767 0.79838437 7.4883223e-05)
(0.55531661 0.80730586 0.00022493241)
(0.57222679 0.79695837 -0.00013168268)
(0.36025747 0.55216373 0.00056224834)
(-0.0023978692 -0.0079455518 -8.4411713e-06)
(-0.019387567 -0.013352614 5.2426586e-05)
(-0.0084748597 -0.02074661 1.0921225e-05)
(-0.012677865 -0.0032998527 1.6062279e-05)
(-0.0083759432 -0.020649947 -9.4221741e-06)
(-0.012521687 -0.0032635944 -5.0037501e-06)
(-0.0024376898 -0.00805589 5.9644049e-06)
(-0.0023977832 -0.0079455054 8.4230899e-06)
(-0.019387449 -0.01335254 -5.2470312e-05)
(-0.008474813 -0.020746486 -1.0941595e-05)
(-0.012677827 -0.0032997591 -1.609051e-05)
(-0.0083760203 -0.020649896 9.368895e-06)
(-0.012521789 -0.0032635697 4.9694476e-06)
(-0.0024377615 -0.0080557975 -5.9777426e-06)
(0.72648875 0.4336401 8.207282e-05)
(1.3547339 0.89393234 -0.00013577573)
(1.1418195 0.75121552 -0.00043671588)
(1.1939335 0.71911557 0.00015633592)
(1.1399412 0.74906145 -9.0434953e-05)
(1.1918948 0.71810581 0.00065190115)
(0.73093473 0.43591844 -0.0002616292)
(0.7264885 0.43363999 -8.2156027e-05)
(1.3547335 0.89393215 0.00013564226)
(1.1418189 0.75121523 0.00043662557)
(1.1939328 0.71911521 -0.000156447)
(1.1399408 0.74906132 9.0357338e-05)
(1.1918947 0.71810559 -0.00065208901)
(0.73093434 0.43591829 0.00026156546)
(-0.014383844 0.015908437 -1.7378903e-05)
(0.024958804 0.024539079 -0.00017504864)
(-0.016260908 0.022849917 -1.883644e-05)
(0.021543151 0.015608657 -0.00021930141)
(-0.016420158 0.022649899 3.3985191e-05)
(0.021086555 0.015578949 -5.6220598e-05)
(-0.014454108 0.016029046 -5.5610016e-05)
(-0.014384463 0.015908549 1.7239797e-05)
(0.024957832 0.024539167 0.00017509713)
(-0.016261842 0.022850258 1.874473e-05)
(0.021542285 0.015608944 0.00021930187)
(-0.016420028 0.022649984 -3.402501e-05)
(0.021086531 0.015579008 5.6141066e-05)
(-0.01445446 0.016029288 5.5437287e-05)
(1.3031873 0.55910268 -0.00016538082)
(1.0912958 0.50766479 0.0007198546)
(0.93062671 0.38727843 0.00079305753)
(1.4114332 0.67216049 0.00044162272)
(0.92831458 0.38640947 0.00025773466)
(1.4117594 0.6732627 7.8657634e-05)
(1.303317 0.55825295 0.00020826763)
(0.27865922 -0.0075702682 -3.2142125e-05)
(0.095917527 -0.01247369 0.00016700165)
(0.10963233 -0.01030508 -5.3925687e-05)
(0.26627897 -0.0048238672 -0.00056833353)
(0.10879015 -0.010265789 2.2377574e-05)
(0.26569271 -0.0052362226 -0.00031893179)
(0.27936783 -0.0074899707 -0.00017973099)
(0.27865899 -0.0075699933 3.2315696e-05)
(0.095916097 -0.012473488 -0.00016713976)
(0.10963177 -0.010304964 5.4155726e-05)
(0.26627831 -0.0048237239 0.00056833136)
(0.10879011 -0.010265625 -2.2399226e-05)
(0.26569331 -0.0052360919 0.00031898225)
(0.27936714 -0.0074899313 0.0001795344)
)
;

boundaryField
{
    inlet
    {
        type            codedFixedValue;
        value           nonuniform List<vector> 
41
(
(0.072278406 0 0)
(0.21148126 0 0)
(0.34354551 0 0)
(0.46847115 0 0)
(0.58625818 0 0)
(0.6969066 0 0)
(0.80041642 0 0)
(0.89678763 0 0)
(0.98602023 0 0)
(1.0681142 0 0)
(1.1430696 0 0)
(1.2108864 0 0)
(1.2715645 0 0)
(1.3251041 0 0)
(1.3715051 0 0)
(1.4107674 0 0)
(1.4428911 0 0)
(1.4678763 0 0)
(1.4857228 0 0)
(1.4964307 0 0)
(1.5 0 0)
(1.4964307 0 0)
(1.4857228 0 0)
(1.4678763 0 0)
(1.4428911 0 0)
(1.4107674 0 0)
(1.3715051 0 0)
(1.3251041 0 0)
(1.2715645 0 0)
(1.2108864 0 0)
(1.1430696 0 0)
(1.0681142 0 0)
(0.98602023 0 0)
(0.89678763 0 0)
(0.80041642 0 0)
(0.6969066 0 0)
(0.58625818 0 0)
(0.46847115 0 0)
(0.34354551 0 0)
(0.21148126 0 0)
(0.072278406 0 0)
)
;
        name            parabolicInlet;
        code            #{
            const scalar H = 0.41;
            const scalar Um = 1.5;

            const fvPatch& boundaryPatch = patch();
            vectorField& field = *this;

            forAll(field, i)
            {
                const scalar y = boundaryPatch.Cf()[i].y();
                const scalar ux = 4.0*Um*y*(H - y)/(H*H);
                field[i] = vector(ux, 0, 0);
            }
        #};
    }
    outlet
    {
        type            zeroGradient;
    }
    walls
    {
        type            noSlip;
    }
    frontAndBack
    {
        type            zeroGradient;
    }
    cylinder
    {
        type            noSlip;
    }
}


// ************************************************************************* //
