/*--------------------------------*- C++ -*----------------------------------*\
  =========                 |
  \\      /  F ield         | OpenFOAM: The Open Source CFD Toolbox
   \\    /   O peration     | Website:  https://openfoam.org
    \\  /    A nd           | Version:  12
     \\/     M anipulation  |
\*---------------------------------------------------------------------------*/
FoamFile
{
    format      ascii;
    class       surfaceScalarField;
    location    "6";
    object      phi;
}
// * * * * * * * * * * * * * * * * * * * * * * * * * * * * * * * * * * * * * //

dimensions      [0 3 -1 0 0 0 0];

internalField   nonuniform List<scalar> 
21855
(
7.3027614e-06
-7.4920847e-08
7.5270286e-06
-2.242675e-07
7.9095713e-06
-3.8254277e-07
8.4438453e-06
-5.3427414e-07
9.1286176e-06
-6.8477244e-07
9.9642339e-06
-8.3561649e-07
1.0951449e-05
-9.8721546e-07
1.2089991e-05
-1.1385425e-06
1.3377087e-05
-1.2870956e-06
1.4805729e-05
-1.4286423e-06
1.6363289e-05
-1.5575608e-06
1.8030351e-05
-1.6670616e-06
1.977977e-05
-1.7494197e-06
2.1576372e-05
-1.796602e-06
2.3377184e-05
-1.8008124e-06
2.5132531e-05
-1.7553469e-06
2.6788039e-05
-1.6555082e-06
2.8287475e-05
-1.4994366e-06
2.9576416e-05
-1.2889409e-06
3.0606644e-05
-1.0302284e-06
3.1346951e-05
-7.4030728e-07
3.1763412e-05
-4.1646085e-07
3.1807177e-05
-4.3765074e-08
3.1551912e-05
2.5526456e-07
3.0982881e-05
5.6903163e-07
3.0105126e-05
8.7775496e-07
2.8956242e-05
1.1488834e-06
2.7573022e-05
1.38322e-06
2.5991968e-05
1.581054e-06
2.4251248e-05
1.7407205e-06
2.2389821e-05
1.8614272e-06
2.0446209e-05
1.9436119e-06
1.8457402e-05
1.9888071e-06
1.6457844e-05
1.9995583e-06
1.4478725e-05
1.9791182e-06
1.2547865e-05
1.9308596e-06
1.0690393e-05
1.857472e-06
8.9302111e-06
1.7601821e-06
7.2921338e-06
1.6380771e-06
5.804028e-06
1.4881057e-06
4.4865564e-06
1.3174715e-06
3.3512573e-06
1.135299e-06
2.4105563e-06
9.4070097e-07
1.6849668e-06
7.2558949e-07
1.2008806e-06
4.8408626e-07
9.815373e-07
2.1934327e-07
1.035689e-06
-5.415179e-08
1.3309457e-06
-2.9525676e-07
1.8600428e-06
-5.2909724e-07
2.6025546e-06
-7.42512e-07
3.530051e-06
-9.2749643e-07
4.608798e-06
-1.0787471e-06
5.8008281e-06
-1.1920302e-06
7.0660126e-06
-1.2651847e-06
8.3609237e-06
-1.2949111e-06
9.6358597e-06
-1.2749362e-06
1.0835408e-05
-1.1995481e-06
1.1906749e-05
-1.0713412e-06
1.2802222e-05
-8.9547287e-07
1.3479842e-05
-6.7761996e-07
1.3905687e-05
-4.2584493e-07
1.4052888e-05
-1.4720143e-07
1.3935567e-05
1.1732115e-07
1.3568472e-05
3.6709485e-07
1.2986699e-05
5.8177272e-07
1.2243504e-05
7.4319538e-07
1.1401018e-05
8.4248592e-07
1.052596e-05
8.7505804e-07
9.683165e-06
8.4279494e-07
8.9291155e-06
7.5404978e-07
8.3060812e-06
6.2303455e-07
7.8372111e-06
4.6887016e-07
7.5235073e-06
3.1370401e-07
7.3433829e-06
1.8012457e-07
7.2573914e-06
8.5992002e-08
7.2147542e-06
4.2637559e-08
7.1653346e-06
4.9419679e-08
7.0616939e-06
1.0364073e-07
6.8751385e-06
1.8655568e-07
6.5909291e-06
2.8420976e-07
6.2124728e-06
3.7845643e-07
5.7562491e-06
4.5622381e-07
5.2545777e-06
5.0167139e-07
4.7491991e-06
5.0537853e-07
4.2842176e-06
4.6498152e-07
3.9029063e-06
3.8131116e-07
3.6459705e-06
2.5693573e-07
3.5486592e-06
9.7311239e-08
3.6212201e-06
-7.2560863e-08
3.869743e-06
-2.4852286e-07
4.2900416e-06
-4.2029857e-07
4.8645043e-06
-5.7446273e-07
5.5662701e-06
-7.0176594e-07
6.3620232e-06
-7.9575326e-07
7.2153513e-06
-8.5332827e-07
8.0900345e-06
-8.7468327e-07
8.9528084e-06
-8.6277406e-07
9.7753578e-06
-8.225495e-07
1.0535448e-05
-7.6009036e-07
1.1217243e-05
-6.8179454e-07
1.1810944e-05
-5.9370097e-07
1.2311967e-05
-5.0102284e-07
1.2719837e-05
-4.0786992e-07
1.3036986e-05
-3.1714949e-07
1.3267419e-05
-2.3043232e-07
1.3415641e-05
-1.4822183e-07
1.3483246e-05
-6.7605568e-08
1.3473192e-05
1.0054311e-08
1.339092e-05
8.2271904e-08
1.3233828e-05
1.5709248e-07
1.3001022e-05
2.3280588e-07
1.2689945e-05
3.1107665e-07
1.2297333e-05
3.9261303e-07
1.1820009e-05
4.7732403e-07
1.1255828e-05
5.6418081e-07
1.0604833e-05
6.5099511e-07
9.8705316e-06
7.3430186e-07
9.0611484e-06
8.0938317e-07
8.1907001e-06
8.7044819e-07
7.2795864e-06
9.1111374e-07
6.3545921e-06
9.249943e-07
5.4480772e-06
9.0651497e-07
4.5961371e-06
8.5194019e-07
3.8361553e-06
7.5998194e-07
3.2039649e-06
6.3219054e-07
2.7318899e-06
4.7207504e-07
2.4475642e-06
2.8432564e-07
2.3745602e-06
7.3003851e-08
2.5006347e-06
-1.2607449e-07
2.8238489e-06
-3.2321421e-07
3.3280795e-06
-5.0423057e-07
3.9877474e-06
-6.5966794e-07
4.7711764e-06
-7.834291e-07
5.6432611e-06
-8.7208475e-07
6.5680857e-06
-9.248247e-07
7.5112316e-06
-9.4314603e-07
8.4415162e-06
-9.302847e-07
9.3321897e-06
-8.9067363e-07
1.0161489e-05
-8.292996e-07
1.0912712e-05
-7.5122344e-07
1.1573856e-05
-6.611431e-07
1.2137009e-05
-5.6315319e-07
1.2597749e-05
-4.607398e-07
1.2954051e-05
-3.5630261e-07
1.320488e-05
-2.5082829e-07
1.3349327e-05
-1.4444721e-07
1.3381562e-05
-3.2235239e-08
1.3311974e-05
6.9588563e-08
1.3136592e-05
1.7538185e-07
1.2856388e-05
2.8020384e-07
1.247378e-05
3.8260777e-07
1.1992546e-05
4.8123409e-07
1.1418974e-05
5.7357269e-07
1.0762492e-05
6.56482e-07
1.0036132e-05
7.2635984e-07
9.2567018e-06
7.7943012e-07
8.4445558e-06
8.1214598e-07
7.6229415e-06
8.216144e-07
6.8169646e-06
8.059769e-07
6.0522511e-06
7.6471357e-07
5.3534304e-06
6.9882073e-07
4.7426403e-06
6.107902e-07
4.2382427e-06
5.0439766e-07
3.8541263e-06
3.8411643e-07
3.6006163e-06
2.535102e-07
3.4852096e-06
1.1540692e-07
3.504647e-06
-1.9437269e-08
3.6483884e-06
-1.4374118e-07
3.9096922e-06
-2.6130374e-07
4.2755473e-06
-3.6585496e-07
4.730515e-06
-4.5496765e-07
5.2574585e-06
-5.269434e-07
5.8383406e-06
-5.8088205e-07
6.4549207e-06
-6.1658013e-07
7.0893617e-06
-6.3444103e-07
7.7247252e-06
-6.353635e-07
8.3453666e-06
-6.2064141e-07
8.9372227e-06
-5.9185611e-07
9.4880102e-06
-5.5078764e-07
9.9873261e-06
-4.9931596e-07
1.0426706e-05
-4.393801e-07
1.0799626e-05
-3.7291955e-07
1.110134e-05
-3.0171427e-07
1.1328827e-05
-2.2748692e-07
1.1479844e-05
-1.5101694e-07
1.1551404e-05
-7.1560226e-08
1.1544187e-05
7.2172819e-09
1.1463627e-05
8.0560111e-08
1.1309645e-05
1.539815e-07
1.1086287e-05
2.2335809e-07
1.0798343e-05
2.879444e-07
1.0451791e-05
3.465514e-07
1.005389e-05
3.9790114e-07
9.6131874e-06
4.407026e-07
9.1394965e-06
4.736909e-07
8.6438073e-06
4.9568918e-07
8.1381043e-06
5.0570293e-07
7.6350989e-06
5.0300536e-07
7.1478647e-06
4.8723427e-07
6.6893958e-06
4.5846887e-07
6.2721174e-06
4.1727848e-07
5.9073524e-06
3.64765e-07
5.6047961e-06
3.0255639e-07
5.3723069e-06
2.324893e-07
5.2163118e-06
1.5599522e-07
5.1422924e-06
7.4019501e-08
5.1508796e-06
-8.5870222e-09
5.2367532e-06
-8.5873517e-08
5.3981165e-06
-1.6136323e-07
5.6286022e-06
-2.3048555e-07
5.9198745e-06
-2.9127228e-07
6.2617575e-06
-3.4188285e-07
6.6424775e-06
-3.8071997e-07
7.0487361e-06
-4.0625861e-07
7.4660889e-06
-4.1735277e-07
7.8779484e-06
-4.1185945e-07
8.2669309e-06
-3.8898248e-07
8.6092502e-06
-3.4231926e-07
8.8792262e-06
-2.6997603e-07
-1.3423368e-07
2.1278574e-05
-2.053689e-07
2.168845e-05
-6.3414385e-07
2.2386148e-05
-1.080241e-06
2.3371806e-05
-1.5199326e-06
2.4644687e-05
-1.9576536e-06
2.6203638e-05
-2.394568e-06
2.8045812e-05
-2.8293892e-06
3.0165691e-05
-3.2584224e-06
3.2554595e-05
-3.6759995e-06
3.5198529e-05
-4.0725774e-06
3.8076571e-05
-4.4356026e-06
4.115932e-05
-4.749811e-06
4.4407535e-05
-4.9976355e-06
4.7771648e-05
-5.160715e-06
5.1191626e-05
-5.2207911e-06
5.4597878e-05
-5.1615995e-06
5.7913294e-05
-4.9709243e-06
6.105611e-05
-4.6422532e-06
6.3944153e-05
-4.1769838e-06
6.6498409e-05
-3.5844845e-06
6.8640413e-05
-2.8823115e-06
7.0314439e-05
-2.0904872e-06
7.1505589e-05
-1.2349149e-06
7.212379e-05
-3.629364e-07
7.2198087e-05
4.9473385e-07
7.1727668e-05
1.3481742e-06
7.0709802e-05
2.16675e-06
6.9161473e-05
2.9315484e-06
6.7109495e-05
3.633033e-06
6.4591503e-05
4.2587123e-06
6.1656881e-05
4.7960488e-06
5.8367689e-05
5.2328037e-06
5.4798254e-05
5.5582418e-06
5.1033431e-05
5.764382e-06
4.7165444e-05
5.8471048e-06
4.3289523e-05
5.8067803e-06
3.9499077e-05
5.6479174e-06
3.5880864e-05
5.3783945e-06
3.2510474e-05
5.0084671e-06
2.9447034e-05
4.5515458e-06
2.6746407e-05
4.0180982e-06
2.446207e-05
3.4196364e-06
2.2632017e-05
2.7707536e-06
2.1269583e-05
2.0880236e-06
2.0363753e-05
1.3899161e-06
1.9888336e-05
6.9476052e-07
1.9821759e-05
1.2424179e-08
2.0116277e-05
-5.8977402e-07
2.0742566e-05
-1.1553865e-06
2.1646439e-05
-1.6463858e-06
2.2766732e-05
-2.047789e-06
2.4040885e-05
-2.3529009e-06
2.5405308e-05
-2.5564533e-06
2.6799729e-05
-2.6596059e-06
2.8164334e-05
-2.6595161e-06
2.9433697e-05
-2.5442999e-06
3.0532583e-05
-2.2984341e-06
3.1393343e-05
-1.9321011e-06
3.1953603e-05
-1.4557329e-06
3.2162354e-05
-8.8637071e-07
3.199591e-05
-2.5940041e-07
3.145727e-05
3.914383e-07
3.0557836e-05
1.0167543e-06
2.9362137e-05
1.5627938e-06
2.7957324e-05
1.9865864e-06
2.644348e-05
2.2570389e-06
2.4926622e-05
2.3593443e-06
2.3507152e-05
2.2945279e-06
2.2270923e-05
2.079024e-06
2.1281897e-05
1.7430761e-06
2.05761e-05
1.3288327e-06
2.0158092e-05
8.8687822e-07
1.9998614e-05
4.7318278e-07
2.0035968e-05
1.4277116e-07
2.0188346e-05
-6.6386468e-08
2.0366247e-05
-1.3526223e-07
2.0484869e-05
-6.9201919e-08
2.0482662e-05
1.0584776e-07
2.0323094e-05
3.4612409e-07
2.000471e-05
6.0259362e-07
1.9553382e-05
8.2978548e-07
1.901216e-05
9.9744542e-07
1.8445865e-05
1.0679663e-06
1.7927827e-05
1.0234169e-06
1.7526283e-05
8.6652462e-07
1.7299631e-05
6.0796312e-07
1.7292659e-05
2.6390786e-07
1.7530372e-05
-1.4040155e-07
1.8031716e-05
-5.7390481e-07
1.8788961e-05
-1.0057678e-06
1.977636e-05
-1.4076981e-06
2.0955699e-05
-1.753802e-06
2.2278107e-05
-2.0241737e-06
2.3688294e-05
-2.2059409e-06
2.5129041e-05
-2.2940754e-06
2.6545462e-05
-2.2911039e-06
2.7888432e-05
-2.2057441e-06
2.9116954e-05
-2.0510715e-06
3.0199414e-05
-1.8425506e-06
3.111384e-05
-1.5962205e-06
3.1847352e-05
-1.327213e-06
3.2394925e-05
-1.0485953e-06
3.2757933e-05
-7.7087725e-07
3.2941984e-05
-5.0120033e-07
3.2956039e-05
-2.4448785e-07
3.2812725e-05
-4.907233e-09
3.2523588e-05
2.2153127e-07
3.2094735e-05
4.3890769e-07
3.1531431e-05
6.4557538e-07
3.0842631e-05
8.458932e-07
3.0033473e-05
1.041964e-06
2.9109076e-05
1.2354739e-06
2.80751e-05
1.4265899e-06
2.6938841e-05
1.6135831e-06
2.5710529e-05
1.7924935e-06
2.4404601e-05
1.9569232e-06
2.3040898e-05
2.098004e-06
2.1645567e-05
2.2047144e-06
2.0251384e-05
2.2646312e-06
1.8897688e-05
2.2648093e-06
1.7629005e-05
2.1936777e-06
1.6493082e-05
2.0424383e-06
1.5538699e-05
1.8063235e-06
1.4811408e-05
1.4872726e-06
1.4349877e-05
1.0937225e-06
1.4184374e-05
6.3757778e-07
1.4328947e-05
1.3975219e-07
1.4778529e-05
-3.7657833e-07
1.5529846e-05
-8.7739149e-07
1.6548781e-05
-1.3421492e-06
1.7793091e-05
-1.7485402e-06
1.9212007e-05
-2.078584e-06
2.0749074e-05
-2.3204961e-06
2.2345949e-05
-2.4689607e-06
2.3945875e-05
-2.5247508e-06
2.5496575e-05
-2.4938463e-06
2.6952349e-05
-2.3860581e-06
2.8275408e-05
-2.2137329e-06
2.9436196e-05
-1.9900881e-06
3.0413384e-05
-1.7284113e-06
3.1192932e-05
-1.4406914e-06
3.1766875e-05
-1.137096e-06
3.2132706e-05
-8.2657051e-07
3.2291517e-05
-5.151134e-07
3.224829e-05
-2.076016e-07
3.2013659e-05
9.0184719e-08
3.1595589e-05
3.8583489e-07
3.0996568e-05
6.6860898e-07
3.0232168e-05
9.3978228e-07
2.9316318e-05
1.1960538e-06
2.8265389e-05
1.4335368e-06
2.7099328e-05
1.6472947e-06
2.5841819e-05
1.8310821e-06
2.4520525e-05
1.9777757e-06
2.3166938e-05
2.0799466e-06
2.1815751e-05
2.1306174e-06
2.0503776e-05
2.1241216e-06
1.926846e-05
2.0569299e-06
1.8146077e-05
1.9283603e-06
1.7169912e-05
1.7408785e-06
1.6368418e-05
1.5003144e-06
1.576422e-05
1.2149883e-06
1.537245e-05
8.9616808e-07
1.5200396e-05
5.5617104e-07
1.5246705e-05
2.0720112e-07
1.5501106e-05
-1.3899339e-07
1.5950431e-05
-4.6876204e-07
1.6577643e-05
-7.7095272e-07
1.7355334e-05
-1.0389943e-06
1.8255636e-05
-1.2661575e-06
1.9248608e-05
-1.447939e-06
2.0303423e-05
-1.5817591e-06
2.1389375e-05
-1.6668334e-06
2.2476744e-05
-1.703949e-06
2.3537563e-05
-1.6952606e-06
2.4546233e-05
-1.6440334e-06
2.547997e-05
-1.554378e-06
2.6319202e-05
-1.4310883e-06
2.7047707e-05
-1.2792936e-06
2.7652685e-05
-1.1042939e-06
2.8124998e-05
-9.1169299e-07
2.8458648e-05
-7.0656989e-07
2.8650484e-05
-4.9354993e-07
2.8701013e-05
-2.7801533e-07
2.8614886e-05
-6.4889962e-08
2.8398058e-05
1.4526716e-07
2.8057329e-05
3.479464e-07
2.759936e-05
5.3852914e-07
2.7037926e-05
7.1541596e-07
2.6385856e-05
8.7542741e-07
2.5657871e-05
1.0159291e-06
2.4870119e-05
1.1343034e-06
2.4040014e-05
1.2280068e-06
2.3186057e-05
1.2946589e-06
2.2327574e-05
1.3321742e-06
2.1484366e-05
1.3388973e-06
2.067628e-05
1.3137888e-06
1.9922694e-05
1.256591e-06
1.9241977e-05
1.1679513e-06
1.8650893e-05
1.0495537e-06
1.8164094e-05
9.0407679e-07
1.7793589e-05
7.3527053e-07
1.7548324e-05
5.4782116e-07
1.7433705e-05
3.4710828e-07
1.7450932e-05
1.3876865e-07
1.7596652e-05
-7.1700282e-08
1.786568e-05
-2.7761449e-07
1.8251772e-05
-4.719654e-07
1.8740822e-05
-6.5041282e-07
1.9318094e-05
-8.0775743e-07
1.9966376e-05
-9.3955474e-07
2.0666554e-05
-1.0420604e-06
2.1397972e-05
-1.1121378e-06
2.2138544e-05
-1.1468307e-06
2.2865429e-05
-1.1442381e-06
2.3553647e-05
-1.1000767e-06
2.4179189e-05
-1.0145246e-06
2.4709534e-05
-8.7266472e-07
2.5132031e-05
-6.9247267e-07
-3.3419353e-07
3.4498962e-05
-3.497798e-07
3.4956457e-05
-1.0916396e-06
3.5730673e-05
-1.8544566e-06
3.683187e-05
-2.62113e-06
3.8264486e-05
-3.3902699e-06
4.0029108e-05
-4.1591905e-06
4.2124287e-05
-4.9245688e-06
4.4544354e-05
-5.6784903e-06
4.7280016e-05
-6.4116614e-06
5.0316148e-05
-7.1087096e-06
5.3631118e-05
-7.7505727e-06
5.7195074e-05
-8.3137673e-06
6.0968415e-05
-8.7709767e-06
6.4901562e-05
-9.0938629e-06
6.8934289e-05
-9.2535183e-06
7.2996236e-05
-9.2235469e-06
7.700861e-05
-8.9832982e-06
8.0886939e-05
-8.5205824e-06
8.4544928e-05
-7.8349729e-06
8.7898872e-05
-6.9384285e-06
9.0872646e-05
-5.8560856e-06
9.3407192e-05
-4.6250335e-06
9.5456882e-05
-3.2846047e-06
9.6977164e-05
-1.8832188e-06
9.7923356e-05
-4.5145861e-07
9.8309526e-05
9.6200502e-07
9.8121783e-05
2.3544926e-06
9.7350525e-05
3.7028062e-06
9.5998255e-05
4.9853031e-06
9.4074665e-05
6.1823029e-06
9.1601121e-05
7.2695926e-06
8.8614633e-05
8.2192919e-06
8.5170667e-05
9.0022072e-06
8.1344766e-05
9.5902827e-06
7.7232283e-05
9.9595877e-06
7.2945416e-05
1.0093647e-05
6.8607683e-05
9.9856508e-06
6.4346176e-05
9.6399014e-06
6.0283284e-05
9.0713591e-06
5.6529537e-05
8.3052927e-06
5.3175013e-05
7.3726219e-06
5.0286994e-05
6.3076557e-06
4.7908998e-05
5.1487494e-06
4.6061442e-05
3.9355792e-06
4.4740742e-05
2.7106162e-06
4.3921752e-05
1.5137499e-06
4.3567315e-05
3.6686135e-07
4.3623869e-05
-6.4632817e-07
4.4015605e-05
-1.5471232e-06
4.4662349e-05
-2.2931297e-06
4.5475308e-05
-2.8607477e-06
4.6363711e-05
-3.2413043e-06
4.7245048e-05
-3.4377906e-06
4.8047296e-05
-3.4618536e-06
4.8711174e-05
-3.3233942e-06
4.9191964e-05
-3.0250904e-06
4.9444479e-05
-2.5509488e-06
4.944108e-05
-1.9287027e-06
4.9161509e-05
-1.1761619e-06
4.857038e-05
-2.9524153e-07
4.7676717e-05
6.3426268e-07
4.6457643e-05
1.6105126e-06
4.4947406e-05
2.5269904e-06
4.3210923e-05
3.2992767e-06
4.1340375e-05
3.8571349e-06
3.9443136e-05
4.1542776e-06
3.7629141e-05
4.1733397e-06
3.5999386e-05
3.9242828e-06
3.4637639e-05
3.4407716e-06
3.3604952e-05
2.7757633e-06
3.2935095e-05
1.9986897e-06
3.263094e-05
1.1910335e-06
3.2659416e-05
4.4470717e-07
3.2943285e-05
-1.4109688e-07
3.3382035e-05
-5.0513644e-07
3.3857764e-05
-6.1099134e-07
3.426131e-05
-4.7274728e-07
3.4497068e-05
-1.2991011e-07
3.451377e-05
3.2942262e-07
3.4314077e-05
8.0228663e-07
3.3935944e-05
1.2079191e-06
3.3435161e-05
1.4982284e-06
3.2894454e-05
1.6086728e-06
3.2405902e-05
1.5119689e-06
3.205229e-05
1.2201368e-06
3.1900234e-05
7.600191e-07
3.2002094e-05
1.6204718e-07
3.2385535e-05
-5.2384208e-07
3.306176e-05
-1.2501297e-06
3.4016927e-05
-1.9609352e-06
3.5217254e-05
-2.6080249e-06
3.6613459e-05
-3.1500078e-06
3.8145295e-05
-3.5560093e-06
3.9746669e-05
-3.8073147e-06
4.1351215e-05
-3.8986215e-06
4.2897203e-05
-3.8370926e-06
4.4330978e-05
-3.6395194e-06
4.5608705e-05
-3.3287977e-06
4.6696991e-05
-2.9308374e-06
4.7572642e-05
-2.4718709e-06
4.8221861e-05
-1.9764314e-06
4.8639325e-05
-1.4660597e-06
4.8826557e-05
-9.5810906e-07
4.8790855e-05
-4.6549785e-07
4.8550611e-05
-4.243744e-09
4.8120631e-05
4.2507273e-07
4.7514877e-05
8.2728565e-07
4.675302e-05
1.2007652e-06
4.5850283e-05
1.5483116e-06
4.4821587e-05
1.8745898e-06
4.3679947e-05
2.1836045e-06
4.2437438e-05
2.4779827e-06
4.1105989e-05
2.7580395e-06
3.9698476e-05
3.0210961e-06
3.8229911e-05
3.2610589e-06
3.6718815e-05
3.4680196e-06
3.5188251e-05
3.6285674e-06
3.3666899e-05
3.726067e-06
3.2189656e-05
3.741874e-06
3.0796989e-05
3.6574763e-06
2.9534623e-05
3.4560436e-06
2.8451778e-05
3.1252837e-06
2.7597044e-05
2.6610575e-06
2.7016044e-05
2.0682729e-06
2.6748221e-05
1.3615458e-06
2.6820329e-05
5.6546978e-07
2.7246781e-05
-2.8669979e-07
2.8018827e-05
-1.1486249e-06
2.9117115e-05
-1.9756793e-06
3.0501474e-05
-2.7265083e-06
3.2117284e-05
-3.3643499e-06
3.3899437e-05
-3.8607376e-06
3.577676e-05
-4.1978188e-06
3.767701e-05
-4.369211e-06
3.953129e-05
-4.3790308e-06
4.127798e-05
-4.2405361e-06
4.2865088e-05
-3.9731666e-06
4.4251585e-05
-3.6002305e-06
4.5407996e-05
-3.1464989e-06
4.6314753e-05
-2.6351688e-06
4.696203e-05
-2.0879679e-06
4.7347815e-05
-1.5228811e-06
4.7474892e-05
-9.5364734e-07
4.7351995e-05
-3.9221616e-07
4.7000511e-05
1.4388243e-07
4.6426634e-05
6.6406268e-07
4.5651399e-05
1.1610696e-06
4.4691479e-05
1.6285291e-06
4.3568301e-05
2.0629596e-06
4.2304591e-05
2.4597637e-06
4.0925242e-05
2.8128865e-06
3.9457857e-05
3.1146793e-06
3.7932926e-05
3.3560137e-06
3.6383857e-05
3.5268443e-06
3.4846741e-05
3.6170626e-06
3.3359669e-05
3.6176897e-06
3.1961585e-05
3.5222052e-06
3.0690876e-05
3.3276394e-06
2.9583448e-05
3.0357879e-06
2.867112e-05
2.6532068e-06
2.7979868e-05
2.1915666e-06
2.7528337e-05
1.6665197e-06
2.7326922e-05
1.0975826e-06
2.7377009e-05
5.0608431e-07
2.7671434e-05
-8.7223704e-08
2.8194055e-05
-6.6161349e-07
2.8923021e-05
-1.1977284e-06
2.9831279e-05
-1.6792104e-06
3.0885942e-05
-2.0936569e-06
3.2051437e-05
-2.4316523e-06
3.3290659e-05
-2.6871606e-06
3.4566335e-05
-2.8574356e-06
3.5842188e-05
-2.9426866e-06
3.7084065e-05
-2.9458253e-06
3.8260679e-05
-2.871875e-06
3.934446e-05
-2.7278143e-06
4.0311694e-05
-2.5216125e-06
4.1143105e-05
-2.2624994e-06
4.1823873e-05
-1.9600617e-06
4.2343216e-05
-1.6236371e-06
4.2695085e-05
-1.2635611e-06
4.2877635e-05
-8.8912039e-07
4.2891788e-05
-5.0770272e-07
4.2742473e-05
-1.2870008e-07
4.2443708e-05
2.3387453e-07
4.2001705e-05
5.8727021e-07
4.1430508e-05
9.1914388e-07
4.0744796e-05
1.2242407e-06
3.9961827e-05
1.4983846e-06
3.9099743e-05
1.7375116e-06
3.8177765e-05
1.9379073e-06
3.7215951e-05
2.0961166e-06
3.623497e-05
2.2089877e-06
3.5255864e-05
2.273765e-06
3.4299813e-05
2.2882256e-06
3.3387718e-05
2.2509922e-06
3.2539897e-05
2.1616101e-06
3.1775619e-05
2.0208681e-06
3.111233e-05
1.8312405e-06
3.0565507e-05
1.5963773e-06
3.0147882e-05
1.3217013e-06
2.986935e-05
1.013803e-06
2.9736127e-05
6.8104417e-07
2.9750194e-05
3.3304149e-07
2.9909108e-05
-2.0145214e-08
3.020744e-05
-3.7003195e-07
3.0636143e-05
-7.0631778e-07
3.1183128e-05
-1.0189504e-06
3.1832269e-05
-1.2995533e-06
3.2565227e-05
-1.5407153e-06
3.3361567e-05
-1.735895e-06
3.4199381e-05
-1.8798741e-06
3.5055673e-05
-1.9684299e-06
3.5906654e-05
-1.9978111e-06
3.6728721e-05
-1.9663052e-06
3.7496343e-05
-1.8676986e-06
3.8189885e-05
-1.7080664e-06
3.8770569e-05
-1.4533492e-06
3.9268241e-05
-1.190145e-06
-5.8865701e-07
4.6996912e-05
-4.9957715e-07
4.7452498e-05
-1.5472256e-06
4.8223976e-05
-2.6259349e-06
4.9321053e-05
-3.7182081e-06
5.0752928e-05
-4.8221449e-06
5.2524678e-05
-5.9309408e-06
5.4640487e-05
-7.0403779e-06
5.7098416e-05
-8.13642e-06
5.989417e-05
-9.2074155e-06
6.3015775e-05
-1.0230315e-05
6.6445527e-05
-1.1180325e-05
7.0156545e-05
-1.2024786e-05
7.411137e-05
-1.2725801e-05
7.8261776e-05
-1.324427e-05
8.2546786e-05
-1.3538529e-05
8.6894991e-05
-1.3571752e-05
9.1223809e-05
-1.3312116e-05
9.5443371e-05
-1.2740145e-05
9.9461774e-05
-1.1853376e-05
0.00010319179
-1.0668448e-05
0.00010655705
-9.2213463e-06
0.00010949671
-7.5646897e-06
0.0001119691
-5.7569961e-06
0.00011394382
-3.8579357e-06
0.00011540787
-1.9155078e-06
0.00011632328
4.6589091e-08
0.00011672422
1.9535585e-06
0.00011658268
3.8443444e-06
0.00011589004
5.677941e-06
0.00011464159
7.4307536e-06
0.00011283996
9.071222e-06
0.00011049959
1.055966e-05
0.00010765105
1.1850752e-05
0.00010434457
1.289676e-05
0.00010065249
1.3651665e-05
9.6669509e-05
1.4076632e-05
9.251013e-05
1.414503e-05
8.8302815e-05
1.3847216e-05
8.4181297e-05
1.3192877e-05
8.0275232e-05
1.2211357e-05
7.6700779e-05
1.0947076e-05
7.3552823e-05
9.455611e-06
7.0900753e-05
7.8008196e-06
6.8789025e-05
6.0473074e-06
6.7235179e-05
4.2644618e-06
6.623164e-05
2.5172891e-06
6.5737579e-05
8.6092123e-07
6.5722141e-05
-6.3088984e-07
6.609895e-05
-1.9239328e-06
6.6767187e-05
-2.9613664e-06
6.7613749e-05
-3.7073103e-06
6.8519836e-05
-4.1473908e-06
6.9361023e-05
-4.2789783e-06
7.0011343e-05
-4.1121733e-06
7.0359645e-05
-3.6716969e-06
7.0325135e-05
-2.9905805e-06
6.9882462e-05
-2.1082753e-06
6.9041713e-05
-1.0879538e-06
6.7867939e-05
-2.3885225e-09
6.6417649e-05
1.1550488e-06
6.4681551e-05
2.37036e-06
6.2713751e-05
3.5783132e-06
6.0550711e-05
4.6900302e-06
5.824615e-05
5.6038374e-06
5.5876187e-05
6.2270982e-06
5.3534616e-05
6.495848e-06
5.1321673e-05
6.3862825e-06
4.9332253e-05
5.913703e-06
4.7647257e-05
5.1257683e-06
4.6330333e-05
4.0926881e-06
4.5428726e-05
2.9002966e-06
4.4963586e-05
1.6561741e-06
4.4924394e-05
4.8389969e-07
4.524653e-05
-4.6323227e-07
4.5819384e-05
-1.0779907e-06
4.6501617e-05
-1.2932239e-06
4.7152564e-05
-1.1236944e-06
4.7637009e-05
-6.1435455e-07
4.784274e-05
1.236918e-07
4.7753321e-05
8.9170482e-07
4.7410085e-05
1.5511556e-06
4.6884735e-05
2.0235782e-06
4.6278762e-05
2.2146461e-06
4.5705621e-05
2.0851104e-06
4.5272751e-05
1.6530064e-06
4.5065471e-05
9.6729925e-07
4.5148901e-05
7.8616739e-08
4.557443e-05
-9.4937116e-07
4.6345845e-05
-2.0215449e-06
4.7445647e-05
-3.0607369e-06
4.8828959e-05
-3.9913372e-06
5.0428245e-05
-4.7492937e-06
5.2161533e-05
-5.2892969e-06
5.3940458e-05
-5.5862401e-06
5.5680144e-05
-5.6383081e-06
5.7307539e-05
-5.4644873e-06
5.8765938e-05
-5.0979184e-06
6.0016208e-05
-4.579068e-06
6.1034919e-05
-3.9495482e-06
6.1810178e-05
-3.2471298e-06
6.2337784e-05
-2.5040366e-06
6.2618445e-05
-1.7467212e-06
6.2656956e-05
-9.9662003e-07
6.2463995e-05
-2.7253625e-07
6.2052376e-05
4.0737518e-07
6.1432321e-05
1.045128e-06
6.0626923e-05
1.6326842e-06
5.9658406e-05
2.169282e-06
5.8548625e-05
2.6580933e-06
5.7318215e-05
3.1049999e-06
5.5985386e-05
3.5164329e-06
5.456581e-05
3.8975599e-06
5.3072941e-05
4.2509086e-06
5.1519389e-05
4.574648e-06
4.9917981e-05
4.8624672e-06
4.8284104e-05
5.101897e-06
4.6637099e-05
5.275572e-06
4.5001743e-05
5.3614231e-06
4.3410829e-05
5.3327881e-06
4.1904432e-05
5.1638734e-06
4.0529691e-05
4.8307844e-06
3.9341696e-05
4.3132793e-06
3.8397956e-05
3.6047968e-06
3.7753714e-05
2.7125156e-06
3.7458264e-05
1.6569955e-06
3.755078e-05
4.7295393e-07
3.8061132e-05
-7.9705197e-07
3.8981738e-05
-2.0692308e-06
4.0291057e-05
-3.2849985e-06
4.1943736e-05
-4.3791876e-06
4.3873433e-05
-5.2940464e-06
4.5997629e-05
-5.984934e-06
4.8223909e-05
-6.4240982e-06
5.0457115e-05
-6.6024174e-06
5.260654e-05
-6.5284563e-06
5.4592554e-05
-6.2265503e-06
5.635054e-05
-5.7311524e-06
5.7834608e-05
-5.0842993e-06
5.9014828e-05
-4.326719e-06
5.9879387e-05
-3.4997278e-06
6.0427102e-05
-2.6356825e-06
6.0664695e-05
-1.7604735e-06
6.0612292e-05
-9.0124485e-07
6.0288091e-05
-6.8014332e-08
5.9715946e-05
7.1602712e-07
5.8915587e-05
1.4644222e-06
5.791349e-05
2.1631661e-06
5.6734159e-05
2.8078607e-06
5.5402646e-05
3.3944724e-06
5.3944514e-05
3.9178958e-06
5.238626e-05
4.3711409e-06
5.0755943e-05
4.7449957e-06
4.9083806e-05
5.0281509e-06
4.7402737e-05
5.2079134e-06
4.5748408e-05
5.2713916e-06
4.4159125e-05
5.2069724e-06
4.2674743e-05
5.0065877e-06
4.1335335e-05
4.667047e-06
4.0179541e-05
4.1915818e-06
3.9242292e-05
3.5904566e-06
3.8552081e-05
2.8817774e-06
3.8130764e-05
2.0878369e-06
3.7990316e-05
1.2380306e-06
3.8132246e-05
3.6415448e-07
3.8550355e-05
-5.0533245e-07
3.9225466e-05
-1.3367242e-06
4.0131961e-05
-2.1042232e-06
4.1237015e-05
-2.7842638e-06
4.2501555e-05
-3.3581967e-06
4.3882367e-05
-3.8124648e-06
4.5333883e-05
-4.1386761e-06
4.6810117e-05
-4.3336697e-06
4.8266484e-05
-4.3990537e-06
4.9661556e-05
-4.3408978e-06
5.0958475e-05
-4.1687935e-06
5.2126162e-05
-3.8955014e-06
5.313959e-05
-3.5350401e-06
5.3980598e-05
-3.103508e-06
5.4636524e-05
-2.6159876e-06
5.5100612e-05
-2.0877256e-06
5.5371763e-05
-1.534712e-06
5.5452244e-05
-9.6960117e-07
5.5348452e-05
-4.0391035e-07
5.5077956e-05
1.4179548e-07
5.464343e-05
6.6840076e-07
5.4065379e-05
1.1653216e-06
5.3360601e-05
1.6239215e-06
5.2547308e-05
2.0375336e-06
5.1644897e-05
2.400796e-06
5.0673421e-05
2.708987e-06
4.9653394e-05
2.9579348e-06
4.8605636e-05
3.1438743e-06
4.7551228e-05
3.263396e-06
4.6511348e-05
3.3136447e-06
4.5507093e-05
3.2924809e-06
4.4559331e-05
3.1987538e-06
4.3688293e-05
3.0326481e-06
4.2913186e-05
2.7959751e-06
4.225177e-05
2.492656e-06
4.1719546e-05
2.128602e-06
4.1329611e-05
1.7116361e-06
4.1091265e-05
1.2521494e-06
4.1010153e-05
7.6215649e-07
4.1087924e-05
2.5527066e-07
4.1323161e-05
-2.5538222e-07
4.1708023e-05
-7.5489447e-07
4.223102e-05
-1.2293141e-06
4.2877531e-05
-1.6654612e-06
4.362922e-05
-2.0512427e-06
4.4465203e-05
-2.3766976e-06
4.5362353e-05
-2.6330449e-06
4.6296483e-05
-2.8140042e-06
4.7242656e-05
-2.9146031e-06
4.8175818e-05
-2.9309723e-06
4.907282e-05
-2.8633077e-06
4.9906529e-05
-2.7014072e-06
5.0668113e-05
-2.4696504e-06
5.1300651e-05
-2.0858873e-06
5.188376e-05
-1.7732539e-06
-9.2325308e-07
5.8774526e-05
-6.4828532e-07
5.9218225e-05
-1.9909251e-06
5.9965864e-05
-3.3735737e-06
6.102657e-05
-4.7789152e-06
6.2413468e-05
-6.2090425e-06
6.4135032e-05
-7.6525056e-06
6.6203575e-05
-9.1089215e-06
6.8622007e-05
-1.0554852e-05
7.1395978e-05
-1.1981386e-05
7.4518528e-05
-1.3352866e-05
7.7980603e-05
-1.4642399e-05
8.1759986e-05
-1.5804169e-05
8.5823103e-05
-1.6788918e-05
9.0123556e-05
-1.7544724e-05
9.4597431e-05
-1.8012404e-05
9.9168449e-05
-1.814277e-05
0.00010374468
-1.7888345e-05
0.00010822328
-1.7218749e-05
0.00011249778
-1.6127872e-05
0.00011646751
-1.4638182e-05
0.00012004777
-1.280161e-05
0.00012317809
-1.0695002e-05
0.00012582464
-8.4035513e-06
0.00012797467
-6.0079614e-06
0.00012962497
-3.5658107e-06
0.00013077834
-1.1067839e-06
0.00013142264
1.3092629e-06
0.00013156926
3.6977263e-06
0.00013120217
6.0450319e-06
0.00013031118
8.3217395e-06
0.00012889148
1.0490927e-05
0.00012694755
1.2503582e-05
0.00012449757
1.4300739e-05
0.00012157699
1.5817333e-05
0.00011824152
1.698714e-05
0.00011456889
1.7749263e-05
0.00011065815
1.8055767e-05
0.00010662609
1.7879275e-05
0.00010260027
1.7218696e-05
9.8711182e-05
1.6100445e-05
9.5083069e-05
1.4575188e-05
9.1826226e-05
1.2712454e-05
8.9031298e-05
1.0595748e-05
8.6765318e-05
8.3132876e-06
8.5071482e-05
5.9582979e-06
8.3967072e-05
3.6216991e-06
8.3441331e-05
1.3866619e-06
8.3464563e-05
-6.5412167e-07
8.3975035e-05
-2.4344048e-06
8.4883986e-05
-3.870318e-06
8.6084496e-05
-4.9078206e-06
8.7443923e-05
-5.506818e-06
8.8803322e-05
-5.6383771e-06
8.9992761e-05
-5.3016127e-06
9.0837728e-05
-4.5166643e-06
9.1192982e-05
-3.345834e-06
9.0946142e-05
-1.8614352e-06
9.004594e-05
-1.877522e-07
8.8541072e-05
1.502479e-06
8.6475346e-05
3.220775e-06
8.3986164e-05
4.8595421e-06
8.1202719e-05
6.3617574e-06
7.8230165e-05
7.6625848e-06
7.5153658e-05
8.6803442e-06
7.2052852e-05
9.3279036e-06
6.9012583e-05
9.5361177e-06
6.6123777e-05
9.2750882e-06
6.3475385e-05
8.562095e-06
6.1145867e-05
7.4552868e-06
5.9200879e-05
6.0376766e-06
5.7699275e-05
4.4019008e-06
5.6691585e-05
2.6638645e-06
5.6205119e-05
9.703656e-07
5.6212792e-05
-4.7090455e-07
5.66103e-05
-1.475499e-06
5.7236256e-05
-1.9191795e-06
5.7942169e-05
-1.8296077e-06
5.8559705e-05
-1.2318903e-06
5.8862627e-05
-1.7923024e-07
5.8793827e-05
9.6050545e-07
5.838054e-05
1.9644423e-06
5.7712819e-05
2.6912989e-06
5.6915945e-05
3.0115206e-06
5.6134489e-05
2.8665667e-06
5.5507315e-05
2.2801797e-06
5.5158877e-05
1.3157376e-06
5.5177395e-05
6.0098343e-08
5.5643901e-05
-1.4158769e-06
5.6562435e-05
-2.9400796e-06
5.7918219e-05
-4.4165209e-06
5.9665483e-05
-5.7386011e-06
6.1716617e-05
-6.8004268e-06
6.3946222e-05
-7.5189021e-06
6.6213978e-05
-7.853996e-06
6.8385806e-05
-7.8101364e-06
7.0347541e-05
-7.4262226e-06
7.201596e-05
-6.7663372e-06
7.3345502e-05
-5.9086099e-06
7.4325745e-05
-4.9297908e-06
7.497391e-05
-3.895295e-06
7.53227e-05
-2.8528263e-06
7.5406201e-05
-1.8302223e-06
7.5252127e-05
-8.4254592e-07
7.4890882e-05
8.8708756e-08
7.4324242e-05
9.7401537e-07
7.3565026e-05
1.8043447e-06
7.2624931e-05
2.5727785e-06
7.1518789e-05
3.2754245e-06
7.0264721e-05
3.9121618e-06
6.8882695e-05
4.4870256e-06
6.7392012e-05
5.0071168e-06
6.5809446e-05
5.480126e-06
6.4148388e-05
5.9119667e-06
6.2419051e-05
6.3039855e-06
6.0630695e-05
6.6508225e-06
5.8792843e-05
6.9397497e-06
5.6919689e-05
7.1487253e-06
5.5032309e-05
7.2488035e-06
5.3160202e-05
7.204895e-06
5.1347028e-05
6.9770477e-06
4.9648469e-05
6.5293437e-06
4.8128321e-05
5.8334269e-06
4.6861344e-05
4.8717744e-06
4.5929102e-05
3.6447577e-06
4.5403308e-05
2.182789e-06
4.533801e-05
5.3825192e-07
4.5782572e-05
-1.2416135e-06
4.6745471e-05
-3.0321299e-06
4.8212144e-05
-4.7516718e-06
5.0136642e-05
-6.303686e-06
5.2443657e-05
-7.6010607e-06
5.5033081e-05
-8.5743579e-06
5.7786311e-05
-9.1773286e-06
6.0575e-05
-9.3911067e-06
6.3270769e-05
-9.2242259e-06
6.5756235e-05
-8.7120164e-06
6.7934688e-05
-7.9096051e-06
6.9737555e-05
-6.8871662e-06
7.11269e-05
-5.7160642e-06
7.2093619e-05
-4.4664472e-06
7.2650515e-05
-3.1925784e-06
7.2825823e-05
-1.935781e-06
7.2653821e-05
-7.2924258e-07
7.2185253e-05
4.0055318e-07
7.144113e-05
1.4601503e-06
7.0462752e-05
2.4428001e-06
6.9281412e-05
3.3445064e-06
6.7925519e-05
4.1637541e-06
6.6421111e-05
4.8988806e-06
6.4792636e-05
5.5463701e-06
6.3064057e-05
6.0997198e-06
6.126019e-05
6.5488629e-06
5.9408118e-05
6.8802228e-06
5.7538485e-05
7.0775469e-06
5.5686395e-05
7.1234813e-06
5.3891472e-05
7.0018952e-06
5.2197484e-05
6.7005757e-06
5.0650684e-05
6.2138476e-06
4.9297212e-05
5.5450541e-06
4.8180115e-05
4.7075539e-06
4.7339051e-05
3.7228414e-06
4.6802343e-05
2.6245442e-06
4.6589174e-05
1.4512002e-06
4.6706983e-05
2.4634533e-07
4.7150953e-05
-9.4930169e-07
4.7905077e-05
-2.0908478e-06
4.8943474e-05
-3.1426203e-06
5.0230533e-05
-4.0713225e-06
5.1722398e-05
-4.8500614e-06
5.3368432e-05
-5.4584993e-06
5.5113215e-05
-5.8834593e-06
5.6898245e-05
-6.118699e-06
5.8664845e-05
-6.1656541e-06
6.0356438e-05
-6.0324904e-06
6.1922274e-05
-5.7346296e-06
6.3318778e-05
-5.2920061e-06
6.4513567e-05
-4.7298292e-06
6.5483476e-05
-4.0734168e-06
6.6217093e-05
-3.3496049e-06
6.6712773e-05
-2.5834049e-06
6.6973362e-05
-1.7953014e-06
6.7009381e-05
-1.0056204e-06
6.6840497e-05
-2.3502634e-07
6.6480217e-05
5.0207589e-07
6.5946875e-05
1.2017425e-06
6.5261619e-05
1.850578e-06
6.4445369e-05
2.4401716e-06
6.3519186e-05
2.9637166e-06
6.2504214e-05
3.4157678e-06
6.1421511e-05
3.7916898e-06
6.0292101e-05
4.0873453e-06
5.9137035e-05
4.2989396e-06
5.7977429e-05
4.4230023e-06
5.683481e-05
4.4562635e-06
5.5730825e-05
4.3964654e-06
5.4687459e-05
4.2421197e-06
5.3726295e-05
3.9938128e-06
5.2868951e-05
3.6533186e-06
5.2135537e-05
3.2260701e-06
5.154402e-05
2.720119e-06
5.1110662e-05
2.1449941e-06
5.0847678e-05
1.5151341e-06
5.0763246e-05
8.4658796e-07
5.085939e-05
1.5912713e-07
5.113712e-05
-5.3311238e-07
5.1587665e-05
-1.2054392e-06
5.2199006e-05
-1.8406543e-06
5.2954402e-05
-2.4208572e-06
5.3832378e-05
-2.9292191e-06
5.4808325e-05
-3.3526442e-06
5.5854494e-05
-3.6792143e-06
5.694207e-05
-3.9015801e-06
5.8041662e-05
-4.0141946e-06
5.9123276e-05
-4.0125862e-06
6.0163547e-05
-3.9035793e-06
6.1126722e-05
-3.6645818e-06
6.2020382e-05
-3.3633106e-06
6.2758525e-05
-2.8240299e-06
6.3465969e-05
-2.4806977e-06
-1.3741807e-06
6.98339e-05
-7.9152481e-07
7.0258329e-05
-2.4153549e-06
7.0971549e-05
-4.0867941e-06
7.1982034e-05
-5.7894004e-06
7.3308031e-05
-7.5350403e-06
7.4959729e-05
-9.3042039e-06
7.6960469e-05
-1.1109661e-05
7.9316006e-05
-1.2910389e-05
8.2048075e-05
-1.4713455e-05
8.5152642e-05
-1.6457434e-05
8.8637112e-05
-1.8126869e-05
9.2482866e-05
-1.9649923e-05
9.6664985e-05
-2.0971037e-05
0.00010113925
-2.2018988e-05
0.00010583655
-2.2709704e-05
0.00011067427
-2.298049e-05
0.00011554476
-2.2758833e-05
0.00012032542
-2.199941e-05
0.00012488493
-2.0687381e-05
0.00012909814
-1.8851393e-05
0.00013286514
-1.6568614e-05
0.00013612393
-1.3953783e-05
0.00013885434
-1.1133963e-05
0.00014106265
-8.2162757e-06
0.0001427668
-5.2699553e-06
0.00014398617
-2.3261554e-06
0.00014470229
5.9313688e-07
0.0001449399
3.4601161e-06
0.00014467707
6.3078692e-06
0.00014389659
9.1022212e-06
0.00014258787
1.1799639e-05
0.00014074953
1.4341922e-05
0.00013839386
1.6656415e-05
0.00013555209
1.8659103e-05
0.00013227663
2.0262591e-05
0.00012864225
2.1383652e-05
0.00012474498
2.1953031e-05
0.00012069827
2.1925991e-05
0.00011662653
2.129043e-05
0.00011265875
2.0068225e-05
0.00010892089
1.8313054e-05
0.0001055296
1.6103738e-05
0.00010258761
1.3537744e-05
0.00010017703
1.0723863e-05
9.8359907e-05
7.7754242e-06
9.7177379e-05
4.8042271e-06
9.6638055e-05
1.9259856e-06
9.6728578e-05
-7.4464532e-07
9.7409702e-05
-3.1155289e-06
9.8612955e-05
-5.0735705e-06
0.00010023943
-6.5342927e-06
0.00010214738
-7.4147725e-06
0.00010417174
-7.6627331e-06
0.00010614152
-7.2713971e-06
0.00010787421
-6.249354e-06
0.0001091901
-4.6617228e-06
0.00010991893
-2.5902626e-06
0.00010991636
-1.8518754e-07
0.00010904143
2.3774074e-06
0.00010728313
4.9790797e-06
0.00010471651
7.4261618e-06
0.00010150198
9.576283e-06
9.7837867e-05
1.1326701e-05
9.3914243e-05
1.2603968e-05
8.9890419e-05
1.3351728e-05
8.589708e-05
1.3529456e-05
8.2047161e-05
1.3125007e-05
7.8442409e-05
1.2166847e-05
7.5167233e-05
1.0730463e-05
7.2288285e-05
8.9166254e-06
6.9861834e-05
6.8283516e-06
6.7959658e-05
4.5660406e-06
6.6643738e-05
2.2862862e-06
6.5950236e-05
2.2259793e-07
6.5812971e-05
-1.3382346e-06
6.6019577e-05
-2.1257854e-06
6.6378409e-05
-2.1884391e-06
6.6828195e-05
-1.6816768e-06
6.7019524e-05
-3.7055877e-07
6.6756118e-05
1.2239111e-06
6.6066379e-05
2.6541819e-06
6.5050483e-05
3.7071945e-06
6.3859015e-05
4.2029892e-06
6.2666228e-05
4.0593534e-06
6.1656095e-05
3.2903128e-06
6.099541e-05
1.9764221e-06
6.0808458e-05
2.4705023e-07
6.1240383e-05
-1.8478018e-06
6.2327266e-05
-4.0269622e-06
6.4075239e-05
-6.164494e-06
6.6410094e-05
-8.0734564e-06
6.9202274e-05
-9.5926064e-06
7.2291866e-05
-1.0608494e-05
7.5495155e-05
-1.1057285e-05
7.8613688e-05
-1.0928669e-05
8.1456701e-05
-1.0269235e-05
8.3864462e-05
-9.1740987e-06
8.5728828e-05
-7.7729761e-06
8.700674e-05
-6.2077025e-06
8.772037e-05
-4.6089248e-06
8.7941756e-05
-3.0742124e-06
8.776798e-05
-1.6564463e-06
8.7307693e-05
-3.8225824e-07
8.6639397e-05
7.570045e-07
8.5807907e-05
1.8055059e-06
8.4837245e-05
2.7750068e-06
8.3731489e-05
3.6785351e-06
8.2487248e-05
4.5196655e-06
8.110248e-05
5.2969302e-06
7.9580911e-05
6.0085945e-06
7.7931703e-05
6.6563251e-06
7.616657e-05
7.2452594e-06
7.4296571e-05
7.7819655e-06
7.2330011e-05
8.2705458e-06
7.0273012e-05
8.7078218e-06
6.8131552e-05
9.0812093e-06
6.5914999e-05
9.365279e-06
6.3641821e-05
9.5219818e-06
6.1343031e-05
9.5036848e-06
5.9064988e-05
9.2550911e-06
5.6875004e-05
8.719327e-06
5.485684e-05
7.851591e-06
5.3107235e-05
6.6213801e-06
5.172523e-05
5.0267629e-06
5.0815796e-05
3.0922231e-06
5.0464574e-05
8.8947359e-07
5.0716896e-05
-1.4939361e-06
5.1611593e-05
-3.9268264e-06
5.3144694e-05
-6.2847727e-06
5.5276451e-05
-8.4354435e-06
5.7933163e-05
-1.0257773e-05
6.1010247e-05
-1.1651442e-05
6.4376754e-05
-1.2543835e-05
6.7880576e-05
-1.2894928e-05
7.1357169e-05
-1.270082e-05
7.4639806e-05
-1.1994653e-05
7.7575952e-05
-1.0845751e-05
8.0041568e-05
-9.3527823e-06
8.1956921e-05
-7.6314173e-06
8.329119e-05
-5.8007159e-06
8.4055779e-05
-3.9571678e-06
8.4307833e-05
-2.1878344e-06
8.4098977e-05
-5.2038724e-07
8.3520689e-05
9.7884211e-07
8.2625098e-05
2.3557406e-06
8.1470846e-05
3.5970527e-06
8.0103472e-05
4.7118801e-06
7.8558137e-05
5.7090897e-06
7.6862057e-05
6.59496e-06
7.5037118e-05
7.3713092e-06
7.3102624e-05
8.0342141e-06
7.1078127e-05
8.5733605e-06
6.8986154e-05
8.9721956e-06
6.6854644e-05
9.2090568e-06
6.4718661e-05
9.2594646e-06
6.2621039e-05
9.0995172e-06
6.0611737e-05
8.7098771e-06
5.8745789e-05
8.0797962e-06
5.7080336e-05
7.2105065e-06
5.5670857e-05
6.117033e-06
5.4565324e-05
4.8283751e-06
5.3803642e-05
3.3862258e-06
5.3412793e-05
1.8420495e-06
5.340814e-05
2.5099809e-07
5.3783013e-05
-1.3241739e-06
5.4529775e-05
-2.8376094e-06
5.5625374e-05
-4.2382196e-06
5.7036251e-05
-5.4821993e-06
5.8719622e-05
-6.5334321e-06
6.0624245e-05
-7.3631218e-06
6.2690972e-05
-7.9501866e-06
6.4853742e-05
-8.2814694e-06
6.7040884e-05
-8.3527956e-06
6.9178225e-05
-8.1698314e-06
7.1192323e-05
-7.7487272e-06
7.3016247e-05
-7.1159302e-06
7.4593669e-05
-6.3072511e-06
7.5883094e-05
-5.3628418e-06
7.6862369e-05
-4.32888e-06
7.7524665e-05
-3.2457018e-06
7.7877271e-05
-2.1479073e-06
7.7944438e-05
-1.0727867e-06
7.7750764e-05
-4.1352398e-08
7.7324784e-05
9.2805594e-07
7.6696427e-05
1.8300993e-06
7.5894658e-05
2.6523466e-06
7.4946797e-05
3.3880328e-06
7.3878334e-05
4.0321801e-06
7.2713223e-05
4.5808779e-06
7.1474196e-05
5.030717e-06
7.0183194e-05
5.3783471e-06
6.8861867e-05
5.6202665e-06
6.7532075e-05
5.752795e-06
6.621616e-05
5.7721778e-06
6.4937444e-05
5.6751819e-06
6.3719948e-05
5.4596157e-06
6.2588614e-05
5.1251468e-06
6.1568048e-05
4.6738842e-06
6.0682795e-05
4.1113233e-06
5.9956255e-05
3.4466593e-06
5.9407749e-05
2.6934995e-06
5.9055197e-05
1.8676864e-06
5.8910273e-05
9.9151213e-07
5.8981306e-05
8.809447e-08
5.9266316e-05
-8.1812283e-07
5.9762058e-05
-1.7011805e-06
6.0456611e-05
-2.5352073e-06
6.1332606e-05
-3.2968526e-06
6.2366302e-05
-3.9629144e-06
6.3529726e-05
-4.5160684e-06
6.4790183e-05
-4.9396708e-06
6.6112146e-05
-5.2235432e-06
6.7460097e-05
-5.3621452e-06
6.8793048e-05
-5.3455374e-06
7.0086425e-05
-5.1969563e-06
7.1283712e-05
-4.8618694e-06
7.2412407e-05
-4.4920054e-06
7.3346099e-05
-3.7577212e-06
7.4247023e-05
-3.3816225e-06
-1.9965513e-06
8.017575e-05
-9.2563288e-07
8.0572477e-05
-2.8120824e-06
8.1239367e-05
-4.7536845e-06
8.2184428e-05
-6.7344613e-06
8.3433168e-05
-8.7837813e-06
8.4995796e-05
-1.0866832e-05
8.6911183e-05
-1.3025048e-05
8.9183587e-05
-1.5182794e-05
9.1860839e-05
-1.7390707e-05
9.493364e-05
-1.9530235e-05
9.8442047e-05
-2.1635276e-05
0.00010236196
-2.3569836e-05
0.00010669192
-2.5300993e-05
0.00011138578
-2.6712857e-05
0.0001163712
-2.7695119e-05
0.0001215589
-2.8168196e-05
0.00012681295
-2.8012882e-05
0.00013198475
-2.717121e-05
0.00013690397
-2.5606596e-05
0.00014140831
-2.3355737e-05
0.0001453751
-2.0535406e-05
0.00014874413
-1.7322806e-05
0.00015151918
-1.3909021e-05
0.0001537372
-1.0434298e-05
0.00015544273
-6.9754825e-06
0.00015666855
-3.5519716e-06
0.00015740003
-1.3834018e-07
0.00015766419
3.1959526e-06
0.0001574232
6.5488567e-06
0.00015664837
9.8770475e-06
0.00015531788
1.3130132e-05
0.00015342127
1.6238537e-05
0.00015096249
1.9115196e-05
0.00014796783
2.1653759e-05
0.00014449229
2.3738133e-05
0.00014062105
2.5254888e-05
0.00013646362
2.6110462e-05
0.00013214495
2.6244656e-05
0.00012779864
2.5636747e-05
0.00012356064
2.430622e-05
0.00011956222
2.231148e-05
0.00011592481
1.9741139e-05
0.00011275767
1.6704889e-05
0.00011015544
1.3326096e-05
0.00010819616
9.7347041e-06
0.00010692943
6.0709499e-06
0.00010638002
2.475396e-06
0.00010654562
-9.1024221e-07
0.00010740452
-3.9744339e-06
0.00010890146
-6.5705088e-06
0.00011093932
-8.5721542e-06
0.00011335864
-9.8340913e-06
0.00011599824
-1.0302327e-05
0.00011869267
-9.9658251e-06
0.00012128764
-8.8443261e-06
0.00012359918
-6.9732658e-06
0.00012545858
-4.4496632e-06
0.00012664816
-1.3747658e-06
0.0001270012
2.0243625e-06
0.00012636007
5.620215e-06
0.00012464605
9.1401791e-06
0.00012188175
1.2340584e-05
0.0001182039
1.5004546e-05
0.00011383806
1.6969812e-05
0.00010904422
1.8145567e-05
0.00010406597
1.8507705e-05
9.9109941e-05
1.8081039e-05
9.4343864e-05
1.6932924e-05
8.9898047e-05
1.517628e-05
8.5860069e-05
1.2954604e-05
8.2290199e-05
1.0398221e-05
7.9244034e-05
7.6122063e-06
7.6797806e-05
4.7325143e-06
7.5022613e-05
1.997791e-06
7.3922499e-05
-2.3812032e-07
7.3417182e-05
-1.6204678e-06
7.3251392e-05
-2.0226493e-06
7.3133753e-05
-1.5640378e-06
7.2790621e-05
-2.742672e-08
7.2027869e-05
1.9866627e-06
7.0809643e-05
3.8724084e-06
6.9227281e-05
5.2895561e-06
6.7447176e-05
5.9830948e-06
6.5676324e-05
5.8302056e-06
6.4138471e-05
4.8281655e-06
6.3059398e-05
3.0554956e-06
6.2618707e-05
6.8774086e-07
6.2955101e-05
-2.1841959e-06
6.4142438e-05
-5.2142989e-06
6.6176164e-05
-8.1982202e-06
6.8993521e-05
-1.0890813e-05
7.2481754e-05
-1.308084e-05
7.6473147e-05
-1.4599886e-05
8.075653e-05
-1.5340669e-05
8.5094704e-05
-1.5266844e-05
8.9237776e-05
-1.4412306e-05
9.2943554e-05
-1.2879876e-05
9.6003121e-05
-1.0832544e-05
9.8263602e-05
-8.4681828e-06
9.965514e-05
-6.0004636e-06
0.00010020583
-3.6249028e-06
0.00010003505
-1.4856663e-06
9.9326128e-05
3.2666518e-07
9.8252388e-05
1.8307442e-06
9.6976735e-05
3.0811594e-06
9.5600591e-05
4.1511504e-06
9.4167862e-05
5.111265e-06
9.2677849e-05
6.009679e-06
9.1106323e-05
6.8684563e-06
8.9424779e-05
7.6901385e-06
8.7612655e-05
8.4684499e-06
8.5660482e-05
9.1974319e-06
8.356752e-05
9.8749277e-06
8.1337054e-05
1.0501012e-05
7.8972809e-05
1.1072067e-05
7.6479859e-05
1.1574159e-05
7.3866938e-05
1.19782e-05
7.1152314e-05
1.2236606e-05
6.8370789e-05
1.228521e-05
6.5578221e-05
1.204766e-05
6.2852555e-05
1.1444993e-05
6.029754e-05
1.0406606e-05
5.8030635e-05
8.8882849e-06
5.6180261e-05
6.8771371e-06
5.4863777e-05
4.4087074e-06
5.4184649e-05
1.5686018e-06
5.4194592e-05
-1.503879e-06
5.4941563e-05
-4.6737979e-06
5.6427506e-05
-7.7707156e-06
5.8618213e-05
-1.062615e-05
6.1448231e-05
-1.3087791e-05
6.4825101e-05
-1.5028312e-05
6.8630684e-05
-1.6349418e-05
7.2723186e-05
-1.698743e-05
7.6935442e-05
-1.6913076e-05
8.1080632e-05
-1.6139844e-05
8.4957808e-05
-1.4722927e-05
8.8375385e-05
-1.277036e-05
9.116978e-05
-1.0425813e-05
9.3237502e-05
-7.8684373e-06
9.4543219e-05
-5.2628846e-06
9.5121269e-05
-2.7658848e-06
9.5061335e-05
-4.604535e-07
9.4470559e-05
1.5696186e-06
9.3462341e-05
3.3639588e-06
9.2134622e-05
4.9247721e-06
9.0563481e-05
6.2830208e-06
8.8802566e-05
7.4700053e-06
8.6886978e-05
8.5105477e-06
8.4838789e-05
9.4194985e-06
8.2672903e-05
1.02001e-05
8.0402702e-05
1.0843561e-05
7.8045023e-05
1.1329875e-05
7.5624301e-05
1.1629779e-05
7.3175393e-05
1.1708373e-05
7.0744712e-05
1.1530198e-05
6.8389161e-05
1.1065428e-05
6.617317e-05
1.0295787e-05
6.416448e-05
9.2191966e-06
6.2428449e-05
7.8530639e-06
6.1022746e-05
6.2340781e-06
5.9993523e-05
4.4154488e-06
5.9373854e-05
2.4617182e-06
5.9186718e-05
4.3813436e-07
5.9414005e-05
-1.5514604e-06
6.0059909e-05
-3.4835136e-06
6.1103586e-05
-5.2818959e-06
6.2516173e-05
-6.8947866e-06
6.4261386e-05
-8.2786447e-06
6.6296015e-05
-9.3977514e-06
6.8568819e-05
-1.022299e-05
7.1019727e-05
-1.0732378e-05
7.3578865e-05
-1.0911934e-05
7.6166273e-05
-1.0757239e-05
7.8694376e-05
-1.027683e-05
8.1071327e-05
-9.4928813e-06
8.3208195e-05
-8.4441191e-06
8.5028655e-05
-7.1833016e-06
8.6472083e-05
-5.7723087e-06
8.7508592e-05
-4.2822104e-06
8.8132926e-05
-2.7722415e-06
8.8361378e-05
-1.3012387e-06
8.8235107e-05
8.4918929e-08
8.7795898e-05
1.3672652e-06
8.7092543e-05
2.5334538e-06
8.6170318e-05
3.5745719e-06
8.5069774e-05
4.4885765e-06
8.382612e-05
5.2758348e-06
8.2469814e-05
5.9371834e-06
8.1027681e-05
6.4728505e-06
7.9524144e-05
6.8818838e-06
7.7982529e-05
7.1618816e-06
7.6425961e-05
7.3093628e-06
7.4878435e-05
7.3197036e-06
7.3365152e-05
7.1884647e-06
7.1912978e-05
6.9117892e-06
7.0549978e-05
6.4881471e-06
6.9305115e-05
5.9187475e-06
6.8207225e-05
5.2092125e-06
6.7284065e-05
4.3698194e-06
6.6561378e-05
3.4161868e-06
6.606039e-05
2.3686752e-06
6.5798232e-05
1.2536697e-06
6.5785857e-05
1.0046959e-07
6.6025601e-05
-1.0578662e-06
6.6517072e-05
-2.192652e-06
6.7250896e-05
-3.2690308e-06
6.8211703e-05
-4.2576594e-06
6.9376682e-05
-5.1278933e-06
7.0717779e-05
-5.8571653e-06
7.2201458e-05
-6.4233496e-06
7.3787498e-05
-6.8095833e-06
7.5437951e-05
-7.0125982e-06
7.709784e-05
-7.0054258e-06
7.8744195e-05
-6.843312e-06
8.0286917e-05
-6.4045906e-06
8.1775011e-05
-5.9800996e-06
8.3027765e-05
-5.0104755e-06
8.4229998e-05
-4.5838552e-06
-2.8898913e-06
8.9799876e-05
-1.046746e-06
9.015886e-05
-3.1710673e-06
9.0764166e-05
-5.3589914e-06
9.1624006e-05
-7.5943008e-06
9.2772195e-05
-9.9319708e-06
9.421851e-05
-1.2313148e-05
9.6021102e-05
-1.482764e-05
9.817883e-05
-1.7340523e-05
0.00010077864
-1.9990518e-05
0.00010379165
-2.2543239e-05
0.00010732029
-2.5163919e-05
0.00011130894
-2.755849e-05
0.00011581945
-2.98115e-05
0.00012077857
-3.1671978e-05
0.00012613359
-3.3050136e-05
0.00013178656
-3.3821171e-05
0.00013754892
-3.377524e-05
0.00014323898
-3.2861271e-05
0.00014861781
-3.0985424e-05
0.00015346915
-2.8207078e-05
0.00015763812
-2.4704372e-05
0.00016109037
-2.0775063e-05
0.00016387027
-1.6688917e-05
0.0001660586
-1.262263e-05
0.00016772894
-8.6458202e-06
0.00016893588
-4.7589112e-06
0.000169697
-8.9946688e-07
0.00016997866
2.9142926e-06
0.00016975178
6.7757389e-06
0.00016896663
1.0662194e-05
0.00016757908
1.4517686e-05
0.00016555843
1.825919e-05
0.00016289962
2.1774005e-05
0.00015962331
2.4930067e-05
0.00015578173
2.7579715e-05
0.000151473
2.9563616e-05
0.00014683288
3.0750584e-05
0.00014201535
3.1062184e-05
0.00013717869
3.0473412e-05
0.00013247641
2.9008496e-05
0.00012805272
2.6735175e-05
0.00012403802
2.3755838e-05
0.00012054661
2.0196295e-05
0.0001176835
1.6189207e-05
0.0001155369
1.1881303e-05
0.00011415814
7.4497129e-06
0.00011357487
3.0586668e-06
0.00011381663
-1.152004e-06
0.00011486667
-5.0244691e-06
0.00011664753
-8.3513724e-06
0.00011904197
-1.0966593e-05
0.00012186274
-1.2654865e-05
0.00012496217
-1.3401756e-05
0.00012821294
-1.3216592e-05
0.00013148085
-1.2112241e-05
0.00013463006
-1.0122471e-05
0.00013749854
-7.3181448e-06
0.0001399038
-3.7800268e-06
0.00014158685
3.4131421e-07
0.00014233201
4.8750464e-06
0.00014194136
9.5308374e-06
0.00014030573
1.3976211e-05
0.00013741896
1.7891313e-05
0.00013339189
2.0996884e-05
0.00012844565
2.3091806e-05
0.00012287501
2.4078342e-05
0.0001169936
2.3962448e-05
0.00011108834
2.2838185e-05
0.0001053953
2.0869327e-05
0.00010008205
1.8267855e-05
9.5242765e-05
1.5237502e-05
9.0926352e-05
1.192862e-05
8.7190917e-05
8.4679494e-06
8.4129834e-05
5.058874e-06
8.1833706e-05
2.058008e-06
8.029725e-05
-8.4011315e-08
7.9288091e-05
-1.0134909e-06
7.8308635e-05
-5.8458135e-07
7.7155049e-05
1.126159e-06
7.5650227e-05
3.4914856e-06
7.3708796e-05
5.8138389e-06
7.1414417e-05
7.5839354e-06
6.8951975e-05
8.445537e-06
6.6563424e-05
8.2187567e-06
6.4508246e-05
6.8833434e-06
6.3033571e-05
4.5301703e-06
6.2368161e-05
1.3531503e-06
6.2592082e-05
-2.4081164e-06
6.3815589e-05
-6.4378059e-06
6.60441e-05
-1.0426732e-05
6.9219608e-05
-1.4066321e-05
7.3220436e-05
-1.7081667e-05
7.7875426e-05
-1.9254876e-05
8.2974631e-05
-2.0439874e-05
8.8282232e-05
-2.0574445e-05
9.3551058e-05
-1.9681132e-05
9.853143e-05
-1.7860249e-05
0.00010297631
-1.5277425e-05
0.00010665589
-1.2147763e-05
0.0001093741
-8.7186741e-06
0.00011100989
-5.2606923e-06
0.00011154993
-2.0257003e-06
0.00011111013
7.6646189e-07
0.00010991147
3.0294047e-06
0.00010822856
4.7640651e-06
0.00010631222
6.0674895e-06
0.0001043383
7.0851845e-06
0.00010238951
7.9584714e-06
0.00010046906
8.788905e-06
9.8532304e-05
9.6268983e-06
9.6519907e-05
1.0480847e-05
9.4381353e-05
1.1335986e-05
9.2084856e-05
1.2171425e-05
8.9615738e-05
1.297013e-05
8.6971202e-05
1.3716603e-05
8.4155961e-05
1.43894e-05
8.1181577e-05
1.4952584e-05
7.8071851e-05
1.5346331e-05
7.4869434e-05
1.5487627e-05
7.1641611e-05
1.5275483e-05
6.8481235e-05
1.4605369e-05
6.550722e-05
1.338062e-05
6.2857446e-05
1.1538059e-05
6.0671306e-05
9.0632779e-06
5.9078501e-05
6.0015121e-06
5.8190481e-05
2.456622e-06
5.8031813e-05
-1.3452115e-06
5.8651323e-05
-5.2933073e-06
6.0042345e-05
-9.1617383e-06
6.2165497e-05
-1.2749302e-05
6.4958788e-05
-1.5881082e-05
6.8343699e-05
-1.8413223e-05
7.2229709e-05
-2.0235427e-05
7.6510751e-05
-2.1268473e-05
8.1062935e-05
-2.146526e-05
8.5729918e-05
-2.0806826e-05
9.0325734e-05
-1.9318743e-05
9.4627865e-05
-1.7072491e-05
9.8413396e-05
-1.4211343e-05
0.00010146921
-1.0924256e-05
0.00010366399
-7.4576549e-06
0.00010492702
-4.0289188e-06
0.00010532202
-8.5544958e-07
0.00010494664
1.9449981e-06
0.0001039628
4.3477996e-06
0.00010252578
6.3617866e-06
0.00010076691
8.0418883e-06
9.8782158e-05
9.4547609e-06
9.6632513e-05
1.0660193e-05
9.4351356e-05
1.1700655e-05
9.1954535e-05
1.2596921e-05
8.9450658e-05
1.3347438e-05
8.6850212e-05
1.3930321e-05
8.4172601e-05
1.430739e-05
8.1450668e-05
1.4430306e-05
7.8732451e-05
1.4248415e-05
7.6079999e-05
1.371788e-05
7.3565127e-05
1.2810659e-05
7.1263378e-05
1.1520946e-05
6.9247646e-05
9.8687954e-06
6.7581333e-05
7.9003919e-06
6.6314211e-05
5.6825709e-06
6.5479223e-05
3.2967057e-06
6.5096185e-05
8.2117284e-07
6.5150173e-05
-1.6054486e-06
6.5640593e-05
-3.9739335e-06
6.6547107e-05
-6.1884095e-06
6.7843821e-05
-8.1915004e-06
6.9500903e-05
-9.9357263e-06
7.1485295e-05
-1.1382143e-05
7.375953e-05
-1.2497225e-05
7.6279743e-05
-1.325259e-05
7.8992839e-05
-1.3625031e-05
8.1833427e-05
-1.3597826e-05
8.4722613e-05
-1.3166016e-05
8.7565968e-05
-1.2336236e-05
9.02592e-05
-1.1137351e-05
9.2691068e-05
-9.61517e-06
9.4760178e-05
-7.8414182e-06
9.6381336e-05
-5.9033682e-06
9.7501743e-05
-3.8926489e-06
9.8112213e-05
-1.911708e-06
9.8230123e-05
-3.2991065e-08
9.7910089e-05
1.687299e-06
9.7216331e-05
3.2272119e-06
9.6217962e-05
4.5729403e-06
9.4978966e-05
5.7275726e-06
9.3554109e-05
6.7006918e-06
9.198827e-05
7.5030229e-06
9.0317963e-05
8.1431575e-06
8.8573855e-05
8.6259916e-06
8.6782927e-05
8.9528096e-06
8.4971085e-05
9.1212043e-06
8.3164341e-05
9.1264477e-06
8.139017e-05
8.9626361e-06
7.967779e-05
8.6241685e-06
7.805861e-05
8.1073272e-06
7.6564689e-05
7.412669e-06
7.5229272e-05
6.5446294e-06
7.4083521e-05
5.5155705e-06
7.3156628e-05
4.34308e-06
7.2474403e-05
3.0508999e-06
7.2057099e-05
1.6709744e-06
7.1917627e-05
2.399411e-07
7.2059122e-05
-1.1993609e-06
7.2485321e-05
-2.6188505e-06
7.3189148e-05
-3.9728578e-06
7.4158021e-05
-5.226532e-06
7.5372614e-05
-6.3424864e-06
7.6807873e-05
-7.2924242e-06
7.8435676e-05
-8.0511526e-06
8.0216185e-05
-8.5900928e-06
8.2119414e-05
-8.9158271e-06
8.4078539e-05
-8.9645503e-06
8.6086878e-05
-8.8516514e-06
8.8013419e-05
-8.3311309e-06
8.9937149e-05
-7.9038296e-06
9.1621806e-05
-6.6951333e-06
9.3233365e-05
-6.1954135e-06
-4.1854235e-06
9.8705966e-05
-1.1506898e-06
9.9015205e-05
-3.4803062e-06
9.9539527e-05
-5.883314e-06
0.00010028956
-8.3443385e-06
0.0001013046
-1.0947003e-05
0.00010259876
-1.3607315e-05
0.0001042452
-1.6474074e-05
0.00010624332
-1.933865e-05
0.00010872245
-2.2469645e-05
0.00011162828
-2.5449067e-05
0.00011516089
-2.8696534e-05
0.00011919074
-3.1588337e-05
0.00012392076
-3.4541525e-05
0.00012917153
-3.6922741e-05
0.00013500059
-3.88792e-05
0.00014125488
-4.0075458e-05
0.00014769936
-4.0219719e-05
0.00015410282
-3.9264735e-05
0.00016007543
-3.6958037e-05
0.00016531956
-3.3451207e-05
0.00016966127
-2.9046082e-05
0.00017314246
-2.4256251e-05
0.0001758756
-1.9422057e-05
0.00017799197
-1.4739001e-05
0.00017960588
-1.0259728e-05
0.0001807942
-5.9472297e-06
0.00018158843
-1.6936956e-06
0.00018191716
2.5855574e-06
0.00018172695
6.9659467e-06
0.00018095652
1.1432629e-05
0.00017953422
1.593998e-05
0.00017738344
2.0409969e-05
0.00017446964
2.4687812e-05
0.00017081857
2.8581134e-05
0.00016649481
3.190348e-05
0.00016161112
3.44473e-05
0.00015632735
3.6034355e-05
0.0001508321
3.6557437e-05
0.00014532053
3.5984979e-05
0.00013997901
3.4350015e-05
0.00013497357
3.174062e-05
0.00013044229
2.8287111e-05
0.00012651048
2.4128109e-05
0.00012330222
1.9397466e-05
0.00012089685
1.4286672e-05
0.00011932305
9.0235107e-06
0.00011862781
3.7539092e-06
0.00011884059
-1.3647835e-06
0.00011988598
-6.0698595e-06
0.00012162233
-1.0087719e-05
0.00012385955
-1.320381e-05
0.00012654992
-1.5345243e-05
0.00012964463
-1.6496466e-05
0.00013308919
-1.6661148e-05
0.00013683828
-1.586133e-05
0.00014081855
-1.4102742e-05
0.00014486293
-1.1362523e-05
0.00014870851
-7.6256144e-06
0.00015201381
-2.9639787e-06
0.00015447431
2.4145386e-06
0.00015578541
8.2197425e-06
0.00015569944
1.4062181e-05
0.00015408849
1.9502262e-05
0.0001509943
2.4091078e-05
0.00014657392
2.7512181e-05
0.00014106952
2.9582744e-05
0.00013479655
3.0235423e-05
0.0001281084
2.9526329e-05
0.00012135343
2.7624298e-05
0.00011482492
2.4796363e-05
0.00010871454
2.1347882e-05
0.00010311149
1.7531671e-05
9.8068871e-05
1.3510569e-05
9.3684887e-05
9.442858e-06
9.0082744e-05
5.6601521e-06
8.7284829e-05
2.7139033e-06
8.5087455e-05
1.1838837e-06
8.3109056e-05
1.3938179e-06
8.106804e-05
3.1671748e-06
7.8744328e-05
5.8151971e-06
7.6049663e-05
8.5085048e-06
7.3076262e-05
1.0557336e-05
7.002941e-05
1.1492389e-05
6.716975e-05
1.1078417e-05
6.4776877e-05
9.2762164e-06
6.3081229e-05
6.2258177e-06
6.229955e-05
2.1348296e-06
6.2518827e-05
-2.6273932e-06
6.3838606e-05
-7.7575851e-06
6.6254643e-05
-1.2842768e-05
6.9698022e-05
-1.75097e-05
7.4039625e-05
-2.142327e-05
7.9099692e-05
-2.4314943e-05
8.4663656e-05
-2.6003837e-05
9.0497895e-05
-2.6408684e-05
9.6368563e-05
-2.5551801e-05
0.000102057
-2.3548688e-05
0.00010736274
-2.0583163e-05
0.00011209685
-1.6881877e-05
0.00011606812
-1.2689939e-05
0.00011907091
-8.2634813e-06
0.00012092166
-3.8764511e-06
0.0001215239
1.6421793e-07
0.00012093212
3.6211877e-06
0.00011936257
6.3336166e-06
0.00011714367
8.2863902e-06
0.00011461616
9.6126969e-06
0.00011204169
1.0532935e-05
0.00010955728
1.1273316e-05
0.00010718147
1.2002715e-05
0.00010485485
1.2807463e-05
0.00010248953
1.3701306e-05
0.00010000634
1.4654613e-05
9.7353512e-05
1.562296e-05
9.4507499e-05
1.6562617e-05
9.1466092e-05
1.7430807e-05
8.8245111e-05
1.8173565e-05
8.4876898e-05
1.8714545e-05
8.1415556e-05
1.8948969e-05
7.7940488e-05
1.8750551e-05
7.4559325e-05
1.7986532e-05
7.1403975e-05
1.6535971e-05
6.8618864e-05
1.432317e-05
6.6345895e-05
1.1336247e-05
6.4707745e-05
7.6396625e-06
6.3791283e-05
3.3730837e-06
6.3629516e-05
-1.1834439e-06
6.4229844e-05
-5.8936358e-06
6.556762e-05
-1.0499514e-05
6.7589101e-05
-1.4770782e-05
7.0226434e-05
-1.8518415e-05
7.3406907e-05
-2.1593696e-05
7.7058301e-05
-2.3886822e-05
8.1112667e-05
-2.5322838e-05
8.5498104e-05
-2.5850697e-05
9.0126943e-05
-2.5435666e-05
9.4874607e-05
-2.4066407e-05
9.9571178e-05
-2.1769062e-05
0.00010399799
-1.8638154e-05
0.00010790703
-1.4833298e-05
0.00011105757
-1.0608191e-05
0.00011326228
-6.2336292e-06
0.00011443799
-2.031161e-06
0.00011461206
1.7709325e-06
0.00011392218
5.0376732e-06
0.00011255715
7.7268152e-06
0.00011071128
9.8877615e-06
0.00010854752
1.1618517e-05
0.00010618085
1.3026865e-05
0.00010367897
1.4202541e-05
0.00010107357
1.5202313e-05
9.8375834e-05
1.6045179e-05
9.5591455e-05
1.67147e-05
9.273297e-05
1.7165875e-05
8.9827634e-05
1.7335642e-05
8.6920877e-05
1.7155172e-05
8.4075241e-05
1.6563516e-05
8.1364832e-05
1.5521068e-05
7.8869505e-05
1.4016273e-05
7.6665247e-05
1.2073053e-05
7.4817744e-05
9.7478953e-06
7.3376356e-05
7.1239588e-06
7.2377844e-05
4.2952181e-06
7.1821888e-05
1.3771287e-06
7.1717337e-05
-1.5008979e-06
7.2044318e-05
-4.3009142e-06
7.2781702e-05
-6.9257935e-06
7.3903494e-05
-9.3132919e-06
7.5382724e-05
-1.1414956e-05
7.719241e-05
-1.3191829e-05
7.9305163e-05
-1.4609979e-05
8.1691642e-05
-1.5639069e-05
8.4316571e-05
-1.624996e-05
8.7137458e-05
-1.6418713e-05
9.0098062e-05
-1.6126619e-05
9.3128484e-05
-1.5366659e-05
9.6137646e-05
-1.4146513e-05
9.9018813e-05
-1.2496338e-05
0.00010164737
-1.0469972e-05
0.00010390027
-8.1562711e-06
0.000105664
-5.6563742e-06
0.00010686341
-3.1111239e-06
0.00010745926
-6.2884102e-07
0.00010747669
1.6698676e-06
0.00010697094
3.7329673e-06
0.0001060259
5.5179741e-06
0.00010473231
7.0211629e-06
0.00010317449
8.2585166e-06
0.00010142348
9.2540359e-06
9.9535646e-05
1.0030987e-05
9.7555187e-05
1.0606451e-05
9.551785e-05
1.0990146e-05
9.3454703e-05
1.1184352e-05
9.1395309e-05
1.1185842e-05
8.9369607e-05
1.0988337e-05
8.7409414e-05
1.0584362e-05
8.5548022e-05
9.9687191e-06
8.3820406e-05
9.1402849e-06
8.2262562e-05
8.1024737e-06
8.090742e-05
6.8707124e-06
7.9786655e-05
5.4638452e-06
7.8929628e-05
3.9079261e-06
7.8352916e-05
2.2476865e-06
7.8075681e-05
5.1717709e-07
7.8097285e-05
-1.220965e-06
7.8422397e-05
-2.9439621e-06
7.9044531e-05
-4.5949924e-06
7.9951692e-05
-6.1336925e-06
8.1127593e-05
-7.5183872e-06
8.2549352e-05
-8.7141833e-06
8.4197707e-05
-9.6995075e-06
8.6034327e-05
-1.0426713e-05
8.8048415e-05
-1.0929915e-05
9.0163616e-05
-1.1079751e-05
9.2409702e-05
-1.1097737e-05
9.4622394e-05
-1.0543824e-05
9.6912359e-05
-1.0193794e-05
9.9040509e-05
-8.8232829e-06
0.00010108387
-8.238771e-06
-5.9590755e-06
0.00010689349
-1.2327627e-06
0.00010714006
-3.7268682e-06
0.0001075599
-6.3031601e-06
0.00010817067
-8.9551112e-06
0.00010900901
-1.1785344e-05
0.00011010685
-1.4705149e-05
0.00011153234
-1.7899568e-05
0.00011331592
-2.1122231e-05
0.00011559186
-2.4745576e-05
0.00011832962
-2.8186833e-05
0.00012182113
-3.2188046e-05
0.00012585113
-3.561833e-05
0.00013083672
-3.952712e-05
0.00013636698
-4.2453e-05
0.0001428177
-4.5329917e-05
0.00014981253
-4.707029e-05
0.00015718986
-4.7597052e-05
0.00016461375
-4.6688626e-05
0.00017133942
-4.3683703e-05
0.00017706008
-3.9171866e-05
0.00018151558
-3.3501581e-05
0.00018496667
-2.7707342e-05
0.00018764325
-2.2098637e-05
0.00018967396
-1.6769718e-05
0.00019117629
-1.1762059e-05
0.00019226747
-7.0384065e-06
0.00019301043
-2.4366506e-06
0.00019333698
2.2590004e-06
0.00019318991
7.1130165e-06
0.00019248373
1.2138811e-05
0.0001910978
1.7325907e-05
0.00018890656
2.2601215e-05
0.00018579016
2.7804206e-05
0.00018170143
3.2669869e-05
0.00017675066
3.6854245e-05
0.00017112026
4.0077702e-05
0.00016500922
4.2145391e-05
0.0001586531
4.2913559e-05
0.00015229923
4.2338846e-05
0.00014617419
4.0475064e-05
0.00014046169
3.7453116e-05
0.00013531487
3.3433935e-05
0.000130879
2.8563973e-05
0.00012725445
2.3022017e-05
0.000124461
1.708012e-05
0.00012250172
1.0982796e-05
0.00012140986
4.8457686e-06
0.0001211868
-1.1417245e-06
0.00012175411
-6.6371661e-06
0.000122937
-1.1270618e-05
0.00012456928
-1.4836085e-05
0.00012662481
-1.7400775e-05
0.00012913617
-1.9007829e-05
0.00013220333
-1.9728303e-05
0.00013593097
-1.9588969e-05
0.00014035117
-1.8522938e-05
0.00014539577
-1.6407128e-05
0.00015081084
-1.3040682e-05
0.00015620502
-8.35816e-06
0.00016101208
-2.3925249e-06
0.0001646966
4.5352239e-06
0.00016690281
1.1855975e-05
0.00016730378
1.9101291e-05
0.00016576232
2.5632537e-05
0.00016238773
3.0886769e-05
0.00015746698
3.4503492e-05
0.00015135208
3.6350329e-05
0.0001444105
3.6467907e-05
0.00013702609
3.5008703e-05
0.00012957806
3.2244395e-05
0.00012237563
2.8550316e-05
0.00011559916
2.4308144e-05
0.00010933433
1.9775401e-05
0.00010367104
1.5106143e-05
9.8745479e-05
1.0585714e-05
9.4636032e-05
6.8233504e-06
9.1224992e-05
4.5949236e-06
8.8225605e-05
4.3932048e-06
8.5321412e-05
6.0713678e-06
8.2264467e-05
8.8721422e-06
7.8964087e-05
1.1808885e-05
7.551116e-05
1.4010263e-05
7.2105437e-05
1.4898111e-05
6.9012525e-05
1.4171329e-05
6.6470529e-05
1.1818213e-05
6.4735057e-05
7.9612897e-06
6.3937991e-05
2.9318951e-06
6.4211822e-05
-2.901224e-06
6.5617662e-05
-9.1634254e-06
6.8161759e-05
-1.5386865e-05
7.1779121e-05
-2.1127063e-05
7.6338655e-05
-2.5982803e-05
8.1653327e-05
-2.9629615e-05
8.7493715e-05
-3.1844224e-05
9.3608391e-05
-3.252336e-05
9.9743704e-05
-3.1687114e-05
0.00010567413
-2.9479113e-05
0.0001112283
-2.6137332e-05
0.00011629074
-2.1944321e-05
0.00012077411
-1.7173306e-05
0.00012457772
-1.2067095e-05
0.00012754248
-6.8412106e-06
0.0001294277
-1.7210006e-06
0.00013006566
2.983227e-06
0.00012938887
7.0104111e-06
0.00012755518
1.0120082e-05
0.00012490474
1.2263132e-05
0.00012184594
1.3591733e-05
0.00011872291
1.4396351e-05
0.00011573317
1.499245e-05
0.0001129194
1.5621235e-05
0.00011021605
1.6404654e-05
0.00010751475
1.7355918e-05
0.00010471695
1.8420758e-05
0.00010176019
1.9519374e-05
9.8622255e-05
2.0568747e-05
9.5313995e-05
2.1481825e-05
9.1874272e-05
2.2154268e-05
8.8366992e-05
2.2456248e-05
8.4882572e-05
2.2234971e-05
8.1537915e-05
2.1331189e-05
7.8466173e-05
1.9607712e-05
7.5808415e-05
1.6980928e-05
7.3695526e-05
1.3449136e-05
7.2231434e-05
9.103754e-06
7.1483017e-05
4.1215008e-06
7.145087e-05
-1.1512965e-06
7.2129189e-05
-6.5719549e-06
7.3466042e-05
-1.1836367e-05
7.5395358e-05
-1.6700098e-05
7.7844631e-05
-2.0967689e-05
8.0740019e-05
-2.4489084e-05
8.4015522e-05
-2.7162325e-05
8.7619876e-05
-2.8927192e-05
9.1518162e-05
-2.9748983e-05
9.567762e-05
-2.9595124e-05
0.00010004346
-2.8432248e-05
0.00010452497
-2.6250574e-05
0.00010897375
-2.308693e-05
0.00011320078
-1.9060326e-05
0.00011695047
-1.4357883e-05
0.0001199768
-9.2599591e-06
0.00012204075
-4.0951142e-06
0.00012302859
7.8309544e-07
0.00012295316
5.1131057e-06
0.00012195179
8.7281837e-06
0.00012023599
1.1603563e-05
0.00011802981
1.3824691e-05
0.00011552225
1.5534426e-05
0.00011284446
1.6880332e-05
0.00011007005
1.7976726e-05
0.00010723007
1.8885159e-05
0.00010433357
1.96112e-05
0.00010138691
2.011253e-05
9.840803e-05
2.0314525e-05
9.5433205e-05
2.0129996e-05
9.251778e-05
1.9478941e-05
8.9732382e-05
1.8306466e-05
8.7154268e-05
1.6594387e-05
8.4858633e-05
1.4368689e-05
8.2910394e-05
1.1696134e-05
8.1362939e-05
8.6714134e-06
8.0236819e-05
5.4213384e-06
7.954872e-05
2.0652281e-06
7.930281e-05
-1.2549877e-06
7.9473727e-05
-4.471832e-06
8.0038563e-05
-7.4906285e-06
8.0970423e-05
-1.0245152e-05
8.2243183e-05
-1.2687717e-05
8.3832913e-05
-1.4781559e-05
8.5717544e-05
-1.649461e-05
8.7874426e-05
-1.779595e-05
9.0278399e-05
-1.8653932e-05
9.289988e-05
-1.9040195e-05
9.5701722e-05
-1.8928461e-05
9.8637852e-05
-1.8302788e-05
0.00010164739
-1.7156048e-05
0.00010465275
-1.5501706e-05
0.0001075528
-1.3370019e-05
0.00011022831
-1.083178e-05
0.000112543
-7.9710623e-06
0.00011436482
-4.9329469e-06
0.00011558898
-1.8529971e-06
0.00011615598
1.1028644e-06
0.00011607166
3.8172884e-06
0.00011539404
6.1956004e-06
0.00011421841
8.1967929e-06
0.00011265396
9.8229585e-06
0.00011080475
1.1103249e-05
0.00010875874
1.2076999e-05
0.00010658498
1.278021e-05
0.00010433676
1.3238361e-05
0.00010205596
1.3465154e-05
9.9778925e-05
1.3462878e-05
9.7539093e-05
1.3228169e-05
9.5371161e-05
1.2752294e-05
9.3309607e-05
1.2030273e-05
9.1392259e-05
1.1057632e-05
8.9653807e-05
9.8409263e-06
8.8130669e-05
8.3938506e-06
8.6856955e-05
6.7375592e-06
8.5853666e-05
4.9112149e-06
8.5145791e-05
2.9555616e-06
8.4751229e-05
9.1173909e-07
8.4663311e-05
-1.1330468e-06
8.4887228e-05
-3.1678788e-06
8.5414167e-05
-5.1219318e-06
8.6229501e-05
-6.9490259e-06
8.731818e-05
-8.6070663e-06
8.8654995e-05
-1.0050998e-05
9.0229454e-05
-1.1273967e-05
9.1998647e-05
-1.2195906e-05
9.3977045e-05
-1.2908313e-05
9.607413e-05
-1.3176836e-05
9.8362939e-05
-1.3386546e-05
0.00010067344
-1.2854323e-05
0.00010311587
-1.2636223e-05
0.00010553768
-1.1245093e-05
0.0001078951
-1.0596193e-05
-8.147558e-06
0.00011436221
-1.2880108e-06
0.00011453197
-3.8966309e-06
0.00011482136
-6.592546e-06
0.00011525828
-9.3920409e-06
0.00011586846
-1.2395516e-05
0.00011671262
-1.5549314e-05
0.00011783226
-1.901921e-05
0.000119333
-2.2622968e-05
0.00012126916
-2.6681735e-05
0.00012378378
-3.0701453e-05
0.00012711978
-3.5524047e-05
0.00013111721
-3.961576e-05
0.00013630653
-4.4716441e-05
0.0001421228
-4.8269268e-05
0.0001494444
-5.2651513e-05
0.00015721663
-5.484253e-05
0.00016596196
-5.6342376e-05
0.0001748196
-5.5546266e-05
0.00018257189
-5.1435995e-05
0.00018895318
-4.5553156e-05
0.0001938016
-3.8349999e-05
0.00019705594
-3.0961684e-05
0.00019886459
-2.3907285e-05
0.00019977339
-1.7678522e-05
0.00020035606
-1.2344725e-05
0.00020085622
-7.5385695e-06
0.00020136661
-2.9470376e-06
0.00020181829
1.8073154e-06
0.00020195363
6.9776771e-06
0.00020161514
1.2477308e-05
0.00020062922
1.8311826e-05
0.00019877584
2.4454593e-05
0.00019595943
3.0620618e-05
0.00019193715
3.669215e-05
0.00018666325
4.2128137e-05
0.00018039989
4.634107e-05
0.00017344391
4.9101372e-05
0.00016612415
5.0233317e-05
0.00015876694
4.969605e-05
0.00015166061
4.75814e-05
0.00014503228
4.4081444e-05
0.00013906074
3.9405476e-05
0.00013386723
3.3757484e-05
0.00012947758
2.7411667e-05
0.00012589538
2.0662322e-05
0.00012320774
1.3670436e-05
0.0001214275
6.6260021e-06
0.00012038359
-9.7808298e-08
0.0001198277
-6.0812779e-06
0.00011943846
-1.0881377e-05
0.00011920485
-1.4602475e-05
0.0001193123
-1.750823e-05
0.00012014186
-1.9837382e-05
0.00012208566
-2.1672111e-05
0.00012539075
-2.2894058e-05
0.00013012892
-2.3261109e-05
0.00013619568
-2.247388e-05
0.00014338545
-2.0230453e-05
0.00015125964
-1.6232355e-05
0.00015909662
-1.02295e-05
0.00016617375
-2.5419136e-06
0.00017158534
6.4443861e-06
0.00017501314
1.5673497e-05
0.00017616981
2.4475865e-05
0.00017486208
3.2194505e-05
0.00017127703
3.8088542e-05
0.00016586171
4.1765649e-05
0.0001591314
4.3198213e-05
0.00015156479
4.2575311e-05
0.00014360334
4.0205844e-05
0.00013563634
3.6517317e-05
0.00012793935
3.2005139e-05
0.00012065779
2.7056956e-05
0.00011389137
2.1872569e-05
0.00010777833
1.6698751e-05
0.00010245243
1.2149253e-05
9.7917368e-05
9.1299818e-06
9.3986176e-05
8.3243972e-06
9.036466e-05
9.6928838e-06
8.6785286e-05
1.2451516e-05
8.3134168e-05
1.5460003e-05
7.9460985e-05
1.7683446e-05
7.5946469e-05
1.8412627e-05
7.2799497e-05
1.7318302e-05
7.0253136e-05
1.4364574e-05
6.8477432e-05
9.7369934e-06
6.7657807e-05
3.7515199e-06
6.7885658e-05
-3.1290752e-06
6.9257035e-05
-1.0534802e-05
7.1796889e-05
-1.792672e-05
7.5452174e-05
-2.4782347e-05
8.0093711e-05
-3.062434e-05
8.5530967e-05
-3.5066871e-05
9.152975e-05
-3.7843007e-05
9.782324e-05
-3.881685e-05
0.0001041299
-3.7993774e-05
0.00011018372
-3.5532936e-05
0.00011577597
-3.1729574e-05
0.00012078738
-2.6955732e-05
0.00012519389
-2.1579821e-05
0.00012902775
-1.5900955e-05
0.00013230167
-1.0115126e-05
0.00013493208
-4.3514185e-06
0.00013667487
1.2404417e-06
0.00013725766
6.4276242e-06
0.00013650115
1.0876588e-05
0.00013447101
1.4293276e-05
0.00013148669
1.6576054e-05
0.00012799919
1.7883843e-05
0.00012442096
1.857068e-05
0.0001210056
1.9036598e-05
0.00011782272
1.9587535e-05
0.00011480943
2.0369206e-05
0.00011184945
2.1380739e-05
0.00010883845
2.253038e-05
0.00010571765
2.3689545e-05
0.00010247846
2.4721013e-05
9.9154129e-05
2.54786e-05
9.5811702e-05
2.5798675e-05
9.2544334e-05
2.5502338e-05
8.9466649e-05
2.4408875e-05
8.6704961e-05
2.23694e-05
8.4383765e-05
1.9302123e-05
8.2610975e-05
1.5221927e-05
8.1462583e-05
1.0252145e-05
8.0971231e-05
4.6128528e-06
8.1142513e-05
-1.3225783e-06
8.192885e-05
-7.358291e-06
8.3262981e-05
-1.3170499e-05
8.5078341e-05
-1.8515458e-05
8.7311349e-05
-2.3200697e-05
8.9897369e-05
-2.7075104e-05
9.2771005e-05
-3.0035961e-05
9.588155e-05
-3.2037738e-05
9.9207356e-05
-3.3074789e-05
0.00010274583
-3.3133599e-05
0.00010648569
-3.2172104e-05
0.00011038452
-3.0149408e-05
0.00011436906
-2.7071467e-05
0.00011832599
-2.3017256e-05
0.00012209812
-1.8130016e-05
0.00012546532
-1.262716e-05
0.0001281643
-6.7940897e-06
0.00012995008
-1.0026865e-06
0.00013067128
4.3919102e-06
0.00013031891
9.0805559e-06
0.00012902539
1.2897084e-05
0.0001270134
1.5836678e-05
0.00012452655
1.802128e-05
0.00012177224
1.9634639e-05
0.00011889322
2.0855741e-05
0.00011596727
2.1811114e-05
0.00011302528
2.2553191e-05
0.00011007564
2.3062168e-05
0.0001071261
2.3264067e-05
0.00010419848
2.3057611e-05
0.00010133289
2.2344537e-05
9.858779e-05
2.1051562e-05
9.6030806e-05
1.9151371e-05
9.3731199e-05
1.6668296e-05
9.1754692e-05
1.3672642e-05
9.0141995e-05
1.028411e-05
8.8929932e-05
6.6334012e-06
8.8134557e-05
2.8606031e-06
8.7755434e-05
-8.7586397e-07
8.7772613e-05
-4.4890113e-06
8.8162209e-05
-7.8802238e-06
8.8897575e-05
-1.0980517e-05
8.995444e-05
-1.3744582e-05
9.1312545e-05
-1.6139664e-05
9.2954331e-05
-1.8136396e-05
9.4861343e-05
-1.9702963e-05
9.7012512e-05
-2.0805101e-05
9.938134e-05
-2.1409023e-05
0.00010193743
-2.1484549e-05
0.00010464346
-2.1008815e-05
0.00010745609
-1.9968685e-05
0.00011032132
-1.836693e-05
0.00011317656
-1.6225261e-05
0.00011593573
-1.3590954e-05
0.00011850105
-1.0536384e-05
0.00012073175
-7.1636447e-06
0.00012250056
-3.6218016e-06
0.00012367271
-6.928838e-08
0.00012417238
3.3176187e-06
0.00012398274
6.3852419e-06
0.000123154
9.0255272e-06
0.00012178575
1.1191213e-05
0.00012000008
1.288892e-05
0.00011791747
1.4159605e-05
0.00011564128
1.50564e-05
0.00011325316
1.5626482e-05
0.00011081566
1.5902659e-05
0.0001083773
1.5901234e-05
0.00010597951
1.5625955e-05
0.00010365929
1.5072513e-05
0.00010145388
1.4235683e-05
9.9400965e-05
1.3110551e-05
9.7535864e-05
1.1706027e-05
9.5896276e-05
1.0033438e-05
9.4510262e-05
8.123574e-06
9.340573e-05
6.0157464e-06
9.2604141e-05
3.7571508e-06
9.2114336e-05
1.4015447e-06
9.1941422e-05
-9.6013336e-07
9.2080415e-05
-3.3068714e-06
9.2521298e-05
-5.562815e-06
9.3245022e-05
-7.6727492e-06
9.4237347e-05
-9.5993917e-06
9.5465941e-05
-1.1279591e-05
9.692988e-05
-1.2737906e-05
9.8572513e-05
-1.3838538e-05
0.00010043252
-1.4768323e-05
0.00010240423
-1.514854e-05
0.00010457909
-1.5561405e-05
0.00010682475
-1.5099987e-05
0.00010919487
-1.5006346e-05
0.00011166873
-1.3718951e-05
0.00011412209
-1.3049549e-05
-1.0553118e-05
0.0001211124
-1.3117724e-06
0.0001211899
-3.9741356e-06
0.00012132357
-6.7262118e-06
0.00012154611
-9.6145848e-06
0.00012187611
-1.2725518e-05
0.0001223883
-1.6061498e-05
0.00012311373
-1.9744638e-05
0.00012420578
-2.3715019e-05
0.00012568938
-2.8165342e-05
0.00012793695
-3.294902e-05
0.00013082019
-3.840729e-05
0.00013470735
-4.3502919e-05
0.00013983178
-4.9840865e-05
0.0001460694
-5.4506896e-05
0.00015445531
-6.103742e-05
0.00016324755
-6.3634771e-05
0.00017457097
-6.7665795e-05
0.00018475888
-6.5734176e-05
0.00019431117
-6.0988284e-05
0.00020084495
-5.2086939e-05
0.00020353162
-4.1036664e-05
0.00020400056
-3.1430622e-05
0.00020330802
-2.3214754e-05
0.00020235672
-1.6727219e-05
0.00020166019
-1.1648195e-05
0.00020130953
-7.1879084e-06
0.00020143367
-3.0711797e-06
0.00020190456
1.3364263e-06
0.00020230955
6.5726852e-06
0.00020249384
1.229302e-05
0.00020216008
1.8645586e-05
0.00020105144
2.5563235e-05
0.00019886189
3.2810168e-05
0.00019555588
3.9998157e-05
0.0001910905
4.6593519e-05
0.00018525978
5.2171791e-05
0.00017826778
5.6093371e-05
0.00017057323
5.7927872e-05
0.0001626202
5.7649076e-05
0.00015477959
5.5422008e-05
0.00014733572
5.1525315e-05
0.00014050397
4.623723e-05
0.0001344036
3.985785e-05
0.00012907295
3.2742316e-05
0.00012459497
2.5140308e-05
0.0001210271
1.7238303e-05
0.00011812834
9.5247586e-06
0.00011526998
2.7605586e-06
0.00011210661
-2.9179101e-06
0.00010851394
-7.2887087e-06
0.0001050276
-1.1116134e-05
0.0001024175
-1.4898129e-05
0.00010143882
-1.8858709e-05
0.0001025485
-2.2781791e-05
0.00010584071
-2.6186268e-05
0.00011118815
-2.8608543e-05
0.00011836698
-2.9652716e-05
0.00012712996
-2.8993432e-05
0.00013720559
-2.6307989e-05
0.00014811328
-2.1137183e-05
0.00015884665
-1.3275281e-05
0.00016831884
-3.0278097e-06
0.00017547907
8.5132721e-06
0.00018008017
1.987476e-05
0.00018197316
3.0301512e-05
0.00018098245
3.9079255e-05
0.00017728249
4.5465611e-05
0.00017149645
4.8984249e-05
0.00016428093
4.9790837e-05
0.00015624308
4.8243693e-05
0.00014789229
4.4868103e-05
0.00013960542
4.0292011e-05
0.00013160253
3.5059845e-05
0.00012400533
2.9469774e-05
0.00011695141
2.3752669e-05
0.00011062503
1.8475635e-05
0.00010514769
1.4607323e-05
0.00010046059
1.3011494e-05
9.6327154e-05
1.3826321e-05
9.2476712e-05
1.6301958e-05
8.8737717e-05
1.9198998e-05
8.5097324e-05
2.132384e-05
8.166185e-05
2.1848101e-05
7.8581759e-05
2.0398394e-05
7.6049386e-05
1.6896947e-05
7.4217774e-05
1.1568606e-05
7.328444e-05
4.6848541e-06
7.3358308e-05
-3.2029435e-06
7.4581566e-05
-1.175806e-05
7.7003134e-05
-2.0348287e-05
8.0575863e-05
-2.8355077e-05
8.5159609e-05
-3.5208086e-05
9.055268e-05
-4.0459942e-05
9.6523248e-05
-4.3813575e-05
0.00010281476
-4.5108365e-05
0.00010914508
-4.4324092e-05
0.00011522783
-4.161568e-05
0.00012081923
-3.7320975e-05
0.00012575625
-3.1892752e-05
0.00012997656
-2.5800129e-05
0.00013352634
-1.9450742e-05
0.0001365369
-1.312568e-05
0.00013913101
-6.9455354e-06
0.00014128628
-9.1483025e-07
0.00014277517
4.9387369e-06
0.00014323734
1.0414426e-05
0.00014238241
1.5148204e-05
0.00014018797
1.8770495e-05
0.00013694629
2.1125516e-05
0.00013313645
2.2380522e-05
0.00012922244
2.2950615e-05
0.00012550222
2.3307753e-05
0.00012206984
2.3801588e-05
0.00011887169
2.4578885e-05
0.0001157971
2.560497e-05
0.00011275136
2.6735288e-05
0.00010969073
2.7781637e-05
0.00010662626
2.8543078e-05
0.00010361211
2.8812823e-05
0.00010073292
2.8381529e-05
9.8089482e-05
2.7052309e-05
9.5788254e-05
2.4670629e-05
9.3928708e-05
2.1161669e-05
9.259007e-05
1.6560565e-05
9.1818266e-05
1.1023949e-05
9.1614077e-05
4.8170422e-06
9.1991795e-05
-1.7002968e-06
9.2859896e-05
-8.2263916e-06
9.4142983e-05
-1.4453586e-05
9.5781307e-05
-2.0153783e-05
9.7737532e-05
-2.5156922e-05
9.9976366e-05
-2.9313938e-05
0.00010244324
-3.2502832e-05
0.00010507908
-3.4673584e-05
0.00010785719
-3.5852893e-05
0.00011079043
-3.606684e-05
0.000113892
-3.5273673e-05
0.00011713991
-3.3397326e-05
0.00012048261
-3.0414161e-05
0.00012385804
-2.6392692e-05
0.00012719521
-2.1467178e-05
0.00013037983
-1.5811784e-05
0.00013323249
-9.6467483e-06
0.00013549823
-3.2684266e-06
0.00013692298
2.9671601e-06
0.00013733519
8.6683471e-06
0.00013670824
1.3524033e-05
0.00013516764
1.7377277e-05
0.00013294061
2.0248305e-05
0.0001302811
2.2294152e-05
0.0001274064
2.3730437e-05
0.00012446477
2.475275e-05
0.00012153503
2.5482932e-05
0.00011864632
2.5950872e-05
0.00011580469
2.6105699e-05
0.00011301635
2.5845951e-05
0.00011030091
2.5059983e-05
0.00010769618
2.3656285e-05
0.00010525375
2.15938e-05
0.00010303244
1.8889606e-05
0.000101085
1.5620084e-05
9.9460011e-05
1.1909101e-05
9.8194303e-05
7.899109e-06
9.7311399e-05
3.7435072e-06
9.6808561e-05
-3.730259e-07
9.6675057e-05
-4.3555067e-06
9.688747e-05
-8.0926367e-06
9.7420696e-05
-1.1513744e-05
9.8253684e-05
-1.457757e-05
9.9371838e-05
-1.7257818e-05
0.00010076418
-1.9528735e-05
0.00010241789
-2.1356675e-05
0.0001043142
-2.2701409e-05
0.00010642791
-2.3522739e-05
0.00010872892
-2.3785558e-05
0.00011118177
-2.3461659e-05
0.00011374474
-2.2531657e-05
0.00011636998
-2.0992175e-05
0.00011900711
-1.886239e-05
0.00012160276
-1.6186601e-05
0.00012409681
-1.3030436e-05
0.00012641259
-9.479424e-06
0.00012843693
-5.6461368e-06
0.00013003972
-1.6720777e-06
0.00013108724
2.2700902e-06
0.00013148014
5.9923416e-06
0.00013118263
9.3230413e-06
0.00013023213
1.2141711e-05
0.00012872522
1.4395834e-05
0.00012678995
1.6094869e-05
0.00012455763
1.7288724e-05
0.00012214352
1.8040594e-05
0.00011963992
1.840626e-05
0.00011711714
1.8424013e-05
0.00011462983
1.8113265e-05
0.00011222189
1.7480453e-05
0.00010993361
1.6523963e-05
0.00010780142
1.5242742e-05
0.00010586279
1.3644654e-05
0.00010415283
1.1743399e-05
0.00010269717
9.5792383e-06
0.00010152516
7.1877544e-06
0.00010065789
4.624417e-06
0.00010009403
1.9654019e-06
9.9851739e-05
-7.1783774e-07
9.9916389e-05
-3.3715217e-06
0.00010027864
-5.9250672e-06
0.0001009142
-8.308304e-06
0.00010181204
-1.0497232e-05
0.00010292931
-1.2396859e-05
0.00010427712
-1.4085721e-05
0.00010578251
-1.5343923e-05
0.00010749825
-1.6484071e-05
0.00010931897
-1.6969255e-05
0.00011131153
-1.755397e-05
0.00011341193
-1.7200385e-05
0.0001155963
-1.7190718e-05
0.00011793029
-1.6052941e-05
0.00012028164
-1.54009e-05
-1.2947088e-05
0.00012714452
-1.2998427e-06
0.00012711469
-3.9443024e-06
0.00012706996
-6.6814847e-06
0.00012703716
-9.5817778e-06
0.0001270359
-1.2724259e-05
0.00012712876
-1.6154366e-05
0.00012736262
-1.9978491e-05
0.00012788897
-2.4241375e-05
0.00012880532
-2.9081688e-05
0.00013031231
-3.4456011e-05
0.00013237987
-4.0474848e-05
0.00013599876
-4.7121811e-05
0.00014070574
-5.4547846e-05
0.00014784736
-6.164852e-05
0.00015696236
-7.0152421e-05
0.00016814632
-7.4818725e-05
0.00018324314
-8.2762619e-05
0.00019509996
-7.759099e-05
0.00020399007
-1.8130877e-05
-1.6808318e-05
-1.813088e-05
-1.6808319e-05
0.00020646597
-1.4522515e-05
-1.2758912e-05
-1.452251e-05
-1.275891e-05
0.00020472053
-1.0618436e-05
-9.0271653e-06
-1.0618445e-05
-9.0271729e-06
0.00020103293
-7.2358664e-06
-6.6356439e-06
-7.2358672e-06
-6.6356453e-06
0.00019489648
-1.7078311e-05
0.00018990805
-1.1738781e-05
0.00018620487
-7.9450167e-06
0.00018401923
-5.0022699e-06
0.00018321325
-2.2651978e-06
0.00018393701
6.126631e-07
0.00018593291
4.5767783e-06
0.0001885788
9.6471297e-06
0.000191141
1.6083387e-05
0.00019286836
2.3835881e-05
0.00019303181
3.2646713e-05
0.0001914513
4.1578666e-05
0.00018811089
4.9933931e-05
0.00018321136
5.7071321e-05
0.00017695493
6.2349804e-05
0.00016958468
6.5298124e-05
0.00016156016
6.5673596e-05
0.00015334778
6.363439e-05
0.00014535057
5.9522519e-05
0.00013786497
5.3722826e-05
0.00013101376
4.6709064e-05
0.0001248794
3.8876681e-05
0.00011956228
3.0457421e-05
0.00011479361
2.2006976e-05
0.00010974584
1.4572532e-05
0.00010363076
8.8756357e-06
9.6218041e-05
4.4948095e-06
8.8675228e-05
2.5410361e-07
8.2658371e-05
-5.0992765e-06
7.9133986e-05
-1.1373744e-05
7.8594411e-05
-1.8319134e-05
8.0855645e-05
-2.5043026e-05
8.540862e-05
-3.0739242e-05
9.1772537e-05
-3.497246e-05
9.9693954e-05
-3.7574133e-05
0.00010908622
-3.8385696e-05
0.0001198763
-3.7098076e-05
0.00013193451
-3.3195393e-05
0.00014490691
-2.6247681e-05
0.00015794317
-1.6064063e-05
0.00016940945
-2.9530061e-06
0.00017776734
1.1516869e-05
0.00018286781
2.520104e-05
0.00018503851
3.6908554e-05
0.00018419635
4.630777e-05
0.00018039702
5.2783582e-05
0.00017437408
5.5813772e-05
0.0001668937
5.5724076e-05
0.00015863753
5.3124276e-05
0.00015014208
4.878746e-05
0.00014175064
4.3451286e-05
0.0001336413
3.7579111e-05
0.00012596051
3.1433456e-05
0.00011892089
2.5515254e-05
0.00011274385
2.0784364e-05
0.00010750448
1.8250868e-05
0.00010306506
1.8265744e-05
9.9163101e-05
2.0203915e-05
9.5561616e-05
2.2800483e-05
9.2161532e-05
2.4723924e-05
8.8956318e-05
2.5053314e-05
8.605322e-05
2.3301492e-05
8.3560094e-05
1.9390074e-05
8.1703793e-05
1.3424907e-05
8.0609974e-05
5.7786724e-06
8.0506607e-05
-3.0995759e-06
8.1539339e-05
-1.2790792e-05
8.3791931e-05
-2.2600879e-05
8.7218748e-05
-3.1781894e-05
9.1650385e-05
-3.9639723e-05
9.6851779e-05
-4.5661335e-05
0.00010258854
-4.9550333e-05
0.00010863359
-5.1153421e-05
0.00011472965
-5.0420151e-05
0.00012059144
-4.7477465e-05
0.00012597611
-4.2705644e-05
0.0001307275
-3.6644144e-05
0.00013476129
-2.9833924e-05
0.00013806391
-2.2753358e-05
0.00014072658
-1.5788355e-05
0.00014293859
-9.1575379e-06
0.00014489244
-2.8686841e-06
0.00014660502
3.2261603e-06
0.00014783887
9.1805745e-06
0.00014815946
1.482761e-05
0.00014718744
1.9742513e-05
0.00014484081
2.3472148e-05
0.00014140131
2.582002e-05
0.00013737423
2.6977704e-05
0.00013326038
2.7421597e-05
0.00012938676
2.7675211e-05
0.00012586601
2.809963e-05
0.00012265884
2.8812148e-05
0.00011966988
2.972424e-05
0.00011682237
3.0629155e-05
0.00011409006
3.1275385e-05
0.00011149669
3.1406197e-05
0.00010910125
3.0776969e-05
0.00010697917
2.9174381e-05
0.00010520817
2.6441632e-05
0.00010385576
2.2514074e-05
0.00010297031
1.7446016e-05
0.00010257395
1.1420317e-05
0.00010265706
4.733926e-06
0.00010319674
-2.2399772e-06
0.00010410328
-9.132928e-06
0.00010528826
-1.5638565e-05
0.00010669427
-2.1559796e-05
0.00010831439
-2.6777037e-05
0.00011016205
-3.1161599e-05
0.00011221395
-3.4554739e-05
0.00011440307
-3.6862697e-05
0.00011668198
-3.8131806e-05
0.00011906496
-3.8449817e-05
0.00012158772
-3.7796433e-05
0.0001242385
-3.604811e-05
0.00012696333
-3.3138983e-05
0.0001297083
-2.9137666e-05
0.0001324401
-2.4198976e-05
0.00013513139
-1.8503077e-05
0.00013770984
-1.2225199e-05
0.00014003063
-5.5892134e-06
0.0001418424
1.1553912e-06
0.00014289636
7.6143885e-06
0.00014301002
1.3410371e-05
0.00014214884
1.823845e-05
0.00014043527
2.1961882e-05
0.00013809785
2.4631567e-05
0.00013539327
2.6435018e-05
0.00013254002
2.7606e-05
0.00012968498
2.8337971e-05
0.00012690283
2.873302e-05
0.00012421679
2.8791743e-05
0.00012162608
2.8436658e-05
0.00011913138
2.7554686e-05
0.00011674535
2.6042318e-05
0.00011449649
2.3842659e-05
0.00011242582
2.0960277e-05
0.00011057464
1.7471266e-05
0.00010899262
1.3491118e-05
0.00010771635
9.1753765e-06
0.00010676296
4.6969012e-06
0.00010615795
2.319821e-07
0.00010588541
-4.0829662e-06
0.0001059276
-8.1348224e-06
0.00010626141
-1.1847558e-05
0.00010686955
-1.5185704e-05
0.00010774487
-1.8133142e-05
0.0001088861
-2.0669962e-05
0.00011028772
-2.2758295e-05
0.00011193296
-2.4346657e-05
0.00011379507
-2.5384846e-05
0.00011584295
-2.5833439e-05
0.00011804282
-2.566153e-05
0.00012035449
-2.4843321e-05
0.0001227284
-2.3366086e-05
0.00012511042
-2.1244411e-05
0.00012745067
-1.8526853e-05
0.00012970918
-1.528894e-05
0.00013185039
-1.1620634e-05
0.00013382411
-7.6198574e-06
0.00013555039
-3.3983637e-06
0.00013691388
9.0660433e-07
0.00013778183
5.1243916e-06
0.00013804401
9.0608613e-06
0.00013764828
1.2537439e-05
0.00013661729
1.5426826e-05
0.00013503954
1.7672622e-05
0.00013304222
1.9286041e-05
0.00013076088
2.032193e-05
0.00012831781
2.0849329e-05
0.00012581209
2.0929733e-05
0.00012331916
2.0606198e-05
0.00012089562
1.9903993e-05
0.0001185873
1.8832283e-05
0.00011643344
1.7396602e-05
0.00011447148
1.5606619e-05
0.00011273238
1.348249e-05
0.00011124586
1.1065758e-05
0.00011003592
8.3977034e-06
0.00010911431
5.5460181e-06
0.00010849638
2.5833331e-06
0.00010818843
-4.0988948e-07
0.00010817875
-3.3618359e-06
0.00010845978
-6.2060994e-06
0.00010900146
-8.8499836e-06
0.00010979895
-1.1294717e-05
0.00011079873
-1.3396642e-05
0.00011202303
-1.5310023e-05
0.00011339216
-1.6713053e-05
0.0001149539
-1.8045808e-05
0.00011662803
-1.8643384e-05
0.00011843154
-1.9357487e-05
0.00012035813
-1.9126971e-05
0.00012234354
-1.9176125e-05
0.00012445936
-1.8168761e-05
0.00012661107
-1.7552616e-05
-1.5175696e-05
0.00013245953
-1.2489601e-06
0.00013231073
-3.7955022e-06
0.00013206835
-6.4391108e-06
0.00013174693
-9.2603562e-06
0.00013136701
-1.2344342e-05
0.00013096472
-1.5752076e-05
0.00013059654
-1.9610303e-05
0.00013034015
-2.3984987e-05
0.00013032036
-2.9061903e-05
0.00013074983
-3.4885482e-05
0.00013197928
-4.1704291e-05
0.00013461989
-4.9762427e-05
0.00013874539
-5.8673344e-05
0.00014627961
-6.9182742e-05
0.00015558117
-7.9453977e-05
0.0001724089
-9.1646453e-05
0.00018920029
-2.4870333e-05
-2.4906672e-05
-2.4870334e-05
-2.4906673e-05
5.0763381e-05
-2.3328819e-05
-2.1602664e-05
-2.332882e-05
-2.1602666e-05
4.9972761e-05
5.0763402e-05
4.9972725e-05
5.1322512e-05
-1.8689861e-05
-1.7513044e-12
-5.1366985e-05
5.1176423e-05
-1.4331963e-05
4.4995714e-12
-5.009231e-05
4.8796199e-05
-9.3232152e-06
-5.0680898e-12
-4.6892314e-05
4.53151e-05
-5.6596251e-06
-8.5040048e-12
0.0001409277
-1.5702317e-06
-1.2957785e-06
-1.5702255e-06
-1.2957721e-06
-4.2709788e-05
-3.3427227e-05
-4.2709776e-05
-3.3427218e-05
0.0001324805
-8.4833931e-07
-7.9745262e-07
-8.4833729e-07
-7.9745064e-07
0.00012731328
-2.7777979e-06
0.00012552931
-3.2182974e-06
0.00012694969
-3.6855805e-06
0.00013106797
-3.5056188e-06
0.00013737543
-1.7306734e-06
0.00014531675
1.7058007e-06
0.00015410843
7.2917152e-06
0.00016267812
1.5266186e-05
0.00016988973
2.543511e-05
0.00017435917
3.710922e-05
0.00017535224
4.894086e-05
0.00017325379
5.9169776e-05
0.00016883166
6.6771933e-05
0.00016273551
7.1394276e-05
0.00015542277
7.2986332e-05
0.0001474846
7.1572556e-05
0.00013944152
6.7565599e-05
0.00013156581
6.1598543e-05
0.00012404553
5.4229343e-05
0.00011712661
4.5795594e-05
0.0001105601
3.7023932e-05
0.00010317583
2.939125e-05
9.3845101e-05
2.3903259e-05
8.2981922e-05
1.9738815e-05
7.2629441e-05
1.484729e-05
6.5088361e-05
7.7951831e-06
6.131959e-05
-1.3305059e-06
6.1514993e-05
-1.1569147e-05
6.4666027e-05
-2.1470168e-05
6.9629966e-05
-3.0006965e-05
7.5711051e-05
-3.6820328e-05
8.2511233e-05
-4.1772642e-05
8.9858274e-05
-4.4921173e-05
9.7919745e-05
-4.6447167e-05
0.00010715154
-4.6329867e-05
0.00011800044
-4.4044299e-05
0.00013048068
-3.872792e-05
0.00014403513
-2.9618512e-05
0.00015783558
-1.6753456e-05
0.00017013915
-7.8670313e-07
0.00017902801
1.6312185e-05
0.00018397178
3.1964784e-05
0.00018579071
4.448884e-05
0.00018473765
5.3836643e-05
0.00018080561
5.9745811e-05
0.00017471172
6.181796e-05
0.00016723133
6.0604669e-05
0.00015904692
5.6971874e-05
0.00015067491
5.1823297e-05
0.00014241412
4.5839903e-05
0.00013445437
3.93932e-05
0.00012702728
3.2942348e-05
0.00012042255
2.7389095e-05
0.00011484334
2.3830081e-05
0.00011027354
2.2835544e-05
0.00010648675
2.3990697e-05
0.00010320685
2.6080388e-05
0.00010021727
2.7713501e-05
9.7424981e-05
2.7845605e-05
9.4792578e-05
2.5933894e-05
9.2490175e-05
2.1692477e-05
9.062771e-05
1.5287372e-05
8.9482654e-05
6.9237281e-06
8.9203396e-05
-2.820318e-06
9.0026685e-05
-1.3614081e-05
9.2070307e-05
-2.4644501e-05
9.5303033e-05
-3.501462e-05
9.9518559e-05
-4.3855249e-05
0.00010441617
-5.055895e-05
0.00010973851
-5.487267e-05
0.00011530803
-5.6722937e-05
0.00012092712
-5.603924e-05
0.00012631113
-5.2861475e-05
0.00013120518
-4.7599701e-05
0.00013549521
-4.0934169e-05
0.00013915554
-3.3494253e-05
0.00014217636
-2.5774177e-05
0.00014457503
-1.8187032e-05
0.00014646557
-1.1048074e-05
0.00014804333
-4.4464414e-06
0.00014952778
1.7417037e-06
0.00015093886
7.7694969e-06
0.00015199
1.3776469e-05
0.00015217947
1.955305e-05
0.00015107474
2.4576876e-05
0.00014857997
2.8314787e-05
0.00014499654
3.0561131e-05
0.00014085982
3.1558326e-05
0.00013669357
3.1841457e-05
0.00013283833
3.1954869e-05
0.00012941717
3.2233307e-05
0.00012640448
3.2736933e-05
0.00012372279
3.3310844e-05
0.0001213112
3.3686973e-05
0.0001191508
3.3566594e-05
0.00011725927
3.26685e-05
0.00011567535
3.0758301e-05
0.0001144393
2.7677687e-05
0.00011358195
2.3371422e-05
0.00011311915
1.7908819e-05
0.0001130487
1.1490767e-05
0.00011334947
4.4331545e-06
0.00011399031
-2.8808118e-06
0.00011488878
-1.0031398e-05
0.00011595184
-1.6701629e-05
0.00011711651
-2.2724471e-05
0.00011839224
-2.8052764e-05
0.00011984122
-3.2610582e-05
0.0001214893
-3.6202814e-05
0.00012327238
-3.8645779e-05
0.00012511081
-3.9970233e-05
0.00012700611
-4.0345121e-05
0.00012901169
-3.980201e-05
0.00013113093
-3.8167347e-05
0.00013329708
-3.5305134e-05
0.00013545865
-3.1299239e-05
0.00013759128
-2.6331603e-05
0.00013970631
-2.0618107e-05
0.00014181013
-1.4329021e-05
0.00014384784
-7.6269241e-06
0.00014569776
-6.9453115e-07
0.00014711217
6.1999825e-06
0.00014784467
1.2677868e-05
0.00014771595
1.8367177e-05
0.00014669525
2.2982574e-05
0.00014490718
2.6419642e-05
0.00014257862
2.8763576e-05
0.00013996191
3.0222714e-05
0.00013726919
3.1030693e-05
0.0001346386
3.136361e-05
0.00013213348
3.1296863e-05
0.0001297652
3.0804929e-05
0.00012752503
2.9794858e-05
0.00012540483
2.8162519e-05
0.00012340806
2.5839429e-05
0.00012154951
2.2818827e-05
0.00011986134
1.9159436e-05
0.000118378
1.4974459e-05
0.00011713368
1.0419692e-05
0.00011615702
5.6735663e-06
0.00011547346
9.1553984e-07
0.00011508321
-3.6927123e-06
0.00011497234
-8.0239534e-06
0.00011512102
-1.1996237e-05
0.00011551526
-1.5579944e-05
0.0001161562
-1.8774089e-05
0.00011705523
-2.1568992e-05
0.00011821725
-2.392031e-05
0.00011962678
-2.5756185e-05
0.00012125083
-2.7008896e-05
0.00012305295
-2.7635564e-05
0.00012500041
-2.760899e-05
0.00012705747
-2.6900376e-05
0.00012917656
-2.5485177e-05
0.00013130045
-2.33683e-05
0.00013337459
-2.0600995e-05
0.00013535549
-1.7269839e-05
0.0001372201
-1.3485244e-05
0.00013895557
-9.355327e-06
0.00014054319
-4.9859867e-06
0.00014193223
-4.8243616e-07
0.00014302262
4.0340096e-06
0.00014369227
8.3912107e-06
0.0001438262
1.2403501e-05
0.00014336014
1.5892892e-05
0.00014230314
1.8729624e-05
0.00014073241
2.0856763e-05
0.00013876869
2.2285658e-05
0.00013654552
2.3072497e-05
0.00013418702
2.3288235e-05
0.00013179288
2.3000336e-05
0.00012943841
2.2258458e-05
0.00012717947
2.1091224e-05
0.00012506261
1.9513463e-05
0.00012312668
1.7542545e-05
0.00012140259
1.5206589e-05
0.0001199184
1.2549944e-05
0.00011869426
9.6218465e-06
0.00011774321
6.4970628e-06
0.00011707859
3.2479523e-06
0.00011670801
-3.9307208e-08
0.00011661954
-3.2733685e-06
0.0001168109
-6.3974552e-06
0.00011724703
-9.2861114e-06
0.00011792976
-1.1977449e-05
0.00011880001
-1.426689e-05
0.00011988307
-1.639309e-05
0.00012111066
-1.7940638e-05
0.0001225077
-1.9442849e-05
0.00012402999
-2.016567e-05
0.00012565336
-2.0980865e-05
0.00012739177
-2.0865377e-05
0.00012918535
-2.0969702e-05
0.00013107512
-2.0058531e-05
0.00013300456
-1.9482058e-05
-1.7175702e-05
0.00013705855
-1.1570069e-06
0.00013678561
-3.5225607e-06
0.00013633213
-5.9856358e-06
0.00013570342
-8.6316386e-06
0.00013490514
-1.1546064e-05
0.00013395475
-1.4801685e-05
0.00013288221
-1.8537764e-05
0.00013174107
-2.284385e-05
0.00013066043
-2.7981262e-05
0.00012980256
-3.4027606e-05
0.00012961632
-4.1518058e-05
0.00013031404
-5.0460143e-05
0.00013325669
-6.1615992e-05
0.00013878263
-7.4708689e-05
0.00015073506
-9.1406402e-05
4.283133e-05
-2.6772597e-05
4.2197354e-05
4.2831335e-05
4.2197352e-05
-2.8711787e-05
-2.6772597e-05
-2.8711786e-05
4.4884299e-05
-2.6924575e-05
2.7540499e-13
4.7990534e-05
-2.477701e-05
-2.2133338e-12
-4.6546282e-05
4.4284914e-05
-7.4335311e-13
-4.7083724e-05
1.8733481e-05
-3.6981037e-06
-4.2712989e-06
-4.2812968e-06
-3.6900013e-06
-4.0486706e-05
3.5440748e-05
2.020396e-12
-1.5102626e-06
-2.0910317e-06
-2.1016074e-06
-1.507818e-06
1.2250824e-05
-3.0106281e-05
2.5758815e-05
-2.1724184e-11
-4.3527509e-07
-5.2360028e-07
-5.2281797e-07
-4.3162775e-07
6.2537498e-06
-2.2166121e-05
1.9435497e-05
-2.1310346e-11
-1.9660027e-08
5.2475182e-08
5.8138727e-08
-2.3212745e-08
2.6567391e-06
-1.7456289e-05
1.6192024e-05
-3.0957376e-07
8.970777e-12
-1.5338206e-05
1.4929681e-05
-4.4136205e-07
1.3158417e-11
4.4367936e-05
-1.084289e-06
-1.4223257e-05
-6.866238e-06
-1.4223236e-05
-6.866239e-06
-1.399093e-06
-1.0842889e-06
-1.3990929e-06
5.0003367e-05
-8.8537288e-06
5.9018529e-05
-1.2700743e-05
6.9609722e-05
-1.4096812e-05
8.1106325e-05
-1.3227276e-05
9.298444e-05
-1.0172315e-05
0.00010485591
-4.5797577e-06
0.00011655897
3.5631303e-06
0.00012766776
1.4326321e-05
0.00013760116
2.7175822e-05
0.00014517969
4.1362321e-05
0.0001492246
5.5124866e-05
0.0001495047
6.649184e-05
0.00014669993
7.4199046e-05
0.00014178025
7.7906009e-05
0.00013537963
7.7973171e-05
0.00012793073
7.5014502e-05
0.00012007924
6.9450032e-05
0.00011240087
6.1907712e-05
0.00010462287
5.3573598e-05
9.530398e-05
4.634282e-05
8.3410541e-05
4.1284688e-05
7.0182513e-05
3.7131287e-05
5.8620094e-05
3.1301234e-05
5.1246459e-05
2.2220926e-05
4.8834953e-05
1.0206689e-05
5.0464324e-05
-2.9598774e-06
5.4755297e-05
-1.586012e-05
6.0753801e-05
-2.7468672e-05
6.776239e-05
-3.7015554e-05
7.5104135e-05
-4.4162074e-05
8.2303908e-05
-4.8972415e-05
8.9171405e-05
-5.1788671e-05
9.5809322e-05
-5.3085084e-05
0.00010263906
-5.3159606e-05
0.00011050401
-5.1909245e-05
0.00012026636
-4.8490271e-05
0.00013202502
-4.1377172e-05
0.00014514986
-2.9878293e-05
0.00015864304
-1.4279891e-05
0.0001705994
4.3558235e-06
0.00017916374
2.3400446e-05
0.00018354947
4.0103115e-05
0.00018465659
5.2729525e-05
0.00018311182
6.1290577e-05
0.0001790391
6.5890676e-05
0.00017300456
6.6639214e-05
0.00016576544
6.4210995e-05
0.00015794282
5.9645915e-05
0.00014995916
5.3823565e-05
0.00014209543
4.7256927e-05
0.00013462037
4.0417413e-05
0.00012787196
3.4137501e-05
0.00012216208
2.9539964e-05
0.00011760448
2.7393147e-05
0.00011404781
2.7547366e-05
0.00011120368
2.8924516e-05
0.00010878699
3.0130192e-05
0.00010658084
3.0051754e-05
0.00010439551
2.8119225e-05
0.00010238993
2.3698056e-05
0.00010076095
1.6916352e-05
9.9603432e-05
8.0812498e-06
9.9231619e-05
-2.4485052e-06
9.9844015e-05
-1.4226477e-05
0.00010162322
-2.6423703e-05
0.00010458772
-3.7979128e-05
0.00010851866
-4.7786189e-05
0.00011302418
-5.5064462e-05
0.00011777304
-5.9621532e-05
0.00012263988
-6.1589776e-05
0.00012755173
-6.0951094e-05
0.00013224742
-5.7557167e-05
0.00013642295
-5.1775225e-05
0.00013999589
-4.4507107e-05
0.00014302535
-3.6523718e-05
0.00014557757
-2.83264e-05
0.00014767995
-2.0289412e-05
0.00014934884
-1.2716958e-05
0.00015069521
-5.7928173e-06
0.00015189293
5.4399037e-07
0.00015314503
6.517389e-06
0.0001544265
1.2495002e-05
0.00015537842
1.8601132e-05
0.00015544294
2.451235e-05
0.00015418241
2.9575318e-05
0.00015154158
3.3201969e-05
0.00014787198
3.5227921e-05
0.00014374022
3.5973221e-05
0.00013967757
3.6017513e-05
0.00013601982
3.5891058e-05
0.00013288828
3.5868478e-05
0.0001302652
3.5933924e-05
0.00012808528
3.5866886e-05
0.00012629167
3.5360206e-05
0.00012485409
3.4106084e-05
0.00012376332
3.1849072e-05
0.00012301648
2.8424523e-05
0.00012260358
2.3784318e-05
0.00012250568
1.8006719e-05
0.00012269419
1.1302257e-05
0.00012313417
3.9931827e-06
0.00012380543
-3.552078e-06
0.00012463929
-1.086526e-05
0.00012555962
-1.7621952e-05
0.00012650474
-2.3669598e-05
0.00012748522
-2.9033235e-05
0.00012858809
-3.3713455e-05
0.00012988264
-3.7497364e-05
0.00013132143
-4.0084574e-05
0.00013278863
-4.1437433e-05
0.00013425884
-4.1815322e-05
0.00013580676
-4.1349937e-05
0.00013745198
-3.9812566e-05
0.00013910155
-3.6954701e-05
0.00014071161
-3.2909302e-05
0.00014228676
-2.7906754e-05
0.00014385208
-2.2183423e-05
0.00014543864
-1.5915583e-05
0.00014706701
-9.2552965e-06
0.00014869811
-2.3256327e-06
0.00015018637
4.7117221e-06
0.00015130201
1.1562237e-05
0.0001517971
1.7872082e-05
0.00015150838
2.3271293e-05
0.00015042146
2.7506568e-05
0.00014866664
3.0518397e-05
0.00014646632
3.2423027e-05
0.00014406193
3.3435082e-05
0.00014165048
3.3775068e-05
0.0001393507
3.359664e-05
0.00013720745
3.2948173e-05
0.00013522241
3.17799e-05
0.00013337956
3.0005369e-05
0.00013166067
2.7558323e-05
0.0001300587
2.4420791e-05
0.00012858225
2.0635888e-05
0.00012725068
1.6306028e-05
0.00012609221
1.1578163e-05
0.00012513779
6.6279866e-06
0.00012441267
1.6406634e-06
0.00012393447
-3.2145081e-06
0.00012369762
-7.7871076e-06
0.00012368764
-1.198626e-05
0.00012389359
-1.5785892e-05
0.00012432362
-1.9204116e-05
0.00012500323
-2.2248601e-05
0.00012595123
-2.4868316e-05
0.00012715345
-2.69584e-05
0.00012856512
-2.8420574e-05
0.00013013825
-2.9208687e-05
0.00013183991
-2.9310655e-05
0.00013364088
-2.8701344e-05
0.00013549733
-2.734162e-05
0.00013735138
-2.5222357e-05
0.00013914934
-2.2398957e-05
0.00014084619
-1.8966681e-05
0.00014241575
-1.5054804e-05
0.00014385387
-1.0793451e-05
0.00014517032
-6.3024348e-06
0.00014637719
-1.6893078e-06
0.00014743171
2.9794944e-06
0.00014826365
7.5592653e-06
0.00014875519
1.1911964e-05
0.00014879135
1.5856735e-05
0.0001483014
1.9219569e-05
0.00014728289
2.1875275e-05
0.00014580073
2.3767814e-05
0.00014396591
2.490732e-05
0.00014190684
2.5347302e-05
0.00013973993
2.5167248e-05
0.00013755622
2.4442174e-05
0.00013542571
2.3221733e-05
0.00013340902
2.1530154e-05
0.00013155226
1.9399299e-05
0.0001298886
1.6870257e-05
0.00012844315
1.3995385e-05
0.00012723517
1.0829833e-05
0.00012627782
7.454408e-06
0.00012557973
3.9460433e-06
0.00012515306
3.873615e-07
0.00012498432
-3.1046278e-06
0.00012507893
-6.4920637e-06
0.00012540014
-9.6073167e-06
0.00012595179
-1.25291e-05
0.00012668026
-1.4995365e-05
0.00012760101
-1.7313835e-05
0.00012867421
-1.9013841e-05
0.00012989601
-2.0664645e-05
0.00013125243
-2.1522089e-05
0.00013269605
-2.2424485e-05
0.00013423726
-2.2406593e-05
0.00013582989
-2.2562326e-05
0.00013749642
-2.1725067e-05
0.00013919633
-2.1181962e-05
-1.8926661e-05
0.000140944
-1.0242659e-06
0.00014054814
-3.126702e-06
0.00013988213
-5.3196289e-06
0.00013894339
-7.6928943e-06
0.0001377126
-1.0315275e-05
0.00013619255
-1.3281641e-05
0.00013435937
-1.6704576e-05
0.00013225546
-2.0739943e-05
0.00012988496
-2.5610761e-05
0.00012742674
-3.1569392e-05
0.00012505573
-3.9147047e-05
0.00012321575
-4.8620158e-05
0.00012295077
-6.135101e-05
0.00012564707
-7.7404988e-05
3.4756571e-05
-2.3363803e-05
3.3470526e-05
3.4756572e-05
3.3470525e-05
-2.7742961e-05
-2.3363803e-05
-2.7742962e-05
3.7401758e-05
-2.9416323e-05
1.8124715e-13
3.9271846e-05
-2.8336378e-05
-2.108434e-13
2.8366676e-05
-3.9313297e-05
-9.1615277e-06
6.3376228e-06
-2.432024e-09
8.6217264e-06
-5.7991663e-06
1.9685563e-06
-4.8142523e-06
-5.8811997e-09
2.8482472e-06
-8.9708928e-08
1.2992195e-11
8.9706209e-08
-3.469504e-08
1.026978e-08
-3.3234227e-10
8.0264134e-08
-5.6334307e-08
-1.4912494e-07
1.7951797e-07
9.0056962e-12
-3.0131944e-07
-2.3009906e-07
-2.3050676e-07
-3.0003104e-07
9.7582999e-07
-1.4636907e-07
9.9110206e-08
1.0024185e-07
-5.3753543e-07
1.30419e-06
-1.8516223e-06
2.8946434e-12
1.3091006e-05
-4.1027155e-06
-1.989917e-06
5.9020389e-08
-1.9899155e-06
5.902004e-08
-4.9387561e-06
-4.1027155e-06
-4.9387558e-06
2.4187824e-05
-2.3797562e-05
3.5209586e-05
-2.5118574e-05
4.611284e-05
-2.413053e-05
5.6983361e-05
-2.1042836e-05
6.7954576e-05
-1.5550973e-05
7.880623e-05
-7.2885236e-06
8.9270293e-05
3.8622581e-06
9.8972055e-05
1.7474061e-05
0.0001075226
3.2811779e-05
0.00011415973
4.8487732e-05
0.00011813561
6.2515967e-05
0.0001191377
7.3196948e-05
0.00011743661
7.9607102e-05
0.00011368272
8.1727065e-05
0.00010821856
8.0478653e-05
0.00010179787
7.5870726e-05
9.4357356e-05
6.9348226e-05
8.4398582e-05
6.3532371e-05
7.1480481e-05
5.9260922e-05
5.7644356e-05
5.5120813e-05
4.6374614e-05
4.8401029e-05
4.0102226e-05
3.7573621e-05
3.907703e-05
2.3246122e-05
4.2318637e-05
6.9650816e-06
4.8382809e-05
-9.0240497e-06
5.6192514e-05
-2.3669825e-05
6.4708268e-05
-3.5984426e-05
7.3248858e-05
-4.5556144e-05
8.1333315e-05
-5.2246531e-05
8.8561916e-05
-5.6201016e-05
9.4723897e-05
-5.7950652e-05
9.9930968e-05
-5.8292154e-05
0.0001046407
-5.7869334e-05
0.0001095478
-5.6816354e-05
0.00011567024
-5.4612706e-05
0.00012412338
-4.9830315e-05
0.00013486573
-4.0620645e-05
0.00014707
-2.6484156e-05
0.00015951879
-8.0929644e-06
0.00017035971
1.2559526e-05
0.00017795947
3.2503352e-05
0.00018162143
4.9067561e-05
0.0001820639
6.0848111e-05
0.00018003906
6.7915517e-05
0.00017589371
7.0784565e-05
0.00017001718
7.0087523e-05
0.00016313761
6.652548e-05
0.000155876
6.1085174e-05
0.00014852281
5.461012e-05
0.00014136984
4.7570382e-05
0.00013478476
4.0722589e-05
0.00012916199
3.5162726e-05
0.00012474035
3.1814794e-05
0.00012147208
3.0815628e-05
0.00011909347
3.1303127e-05
0.00011733634
3.1887327e-05
0.00011589438
3.1493714e-05
0.00011438074
2.9632861e-05
0.00011288082
2.5197973e-05
0.00011157467
1.8222504e-05
0.00011066098
8.9949458e-06
0.00011029167
-2.079203e-06
0.00011073027
-1.4665069e-05
0.00011219106
-2.7884491e-05
0.00011477228
-4.0560349e-05
0.00011830491
-5.131882e-05
0.00012233138
-5.9090938e-05
0.00012638519
-6.3675343e-05
0.00013033645
-6.5541028e-05
0.00013430851
-6.4923154e-05
0.00013813678
-6.1385441e-05
0.00014138896
-5.5027404e-05
0.00014406233
-4.7180481e-05
0.00014626942
-3.8730807e-05
0.00014815093
-3.0207906e-05
0.00014982033
-2.1958813e-05
0.00015129996
-1.4196588e-05
0.00015255079
-7.0436522e-06
0.00015364442
-5.496312e-07
0.00015472992
5.4318885e-06
0.00015596547
1.1259444e-05
0.00015724916
1.7317451e-05
0.00015814103
2.3620478e-05
0.00015805649
2.9659859e-05
0.00015660863
3.4649829e-05
0.00015383002
3.8006524e-05
0.00015014249
3.9660755e-05
0.00014613846
4.0021538e-05
0.00014233488
3.969464e-05
0.00013904024
3.9163119e-05
0.00013635999
3.8614174e-05
0.00013427504
3.7951842e-05
0.0001327201
3.6915138e-05
0.00013162545
3.5200733e-05
0.00013092917
3.2545352e-05
0.00013058461
2.8769083e-05
0.00013054015
2.3828778e-05
0.00013074096
1.7805908e-05
0.00013113411
1.0909111e-05
0.00013165908
3.4682097e-06
0.00013231339
-4.2063845e-06
0.00013304103
-1.1592903e-05
0.00013380442
-1.8385343e-05
0.00013456236
-2.4427531e-05
0.00013532433
-2.9795211e-05
0.0001361766
-3.4565724e-05
0.0001372013
-3.8522062e-05
0.00013836227
-4.1245545e-05
0.000139527
-4.2602166e-05
0.00014063259
-4.2920908e-05
0.00014176067
-4.2478017e-05
0.00014298562
-4.103752e-05
0.00014413742
-3.8106495e-05
0.00014520939
-3.3981277e-05
0.00014625112
-2.8948486e-05
0.0001473051
-2.32374e-05
0.00014841787
-1.7028351e-05
0.00014962333
-1.0460753e-05
0.00015093112
-3.6334307e-06
0.00015229045
3.3524016e-06
0.00015354513
1.0307548e-05
0.00015446604
1.6951173e-05
0.00015482213
2.2915208e-05
0.00015447128
2.7857418e-05
0.00015341347
3.1576204e-05
0.00015178933
3.4047165e-05
0.0001498199
3.5404516e-05
0.00014773125
3.5863719e-05
0.00014568828
3.5639606e-05
0.00014377539
3.4861063e-05
0.00014202793
3.3527366e-05
0.0001404438
3.1589491e-05
0.00013899721
2.900492e-05
0.00013766262
2.5755378e-05
0.00013642563
2.187288e-05
0.00013528594
1.7445713e-05
0.000134262
1.2602101e-05
0.00013337654
7.5134485e-06
0.00013265091
2.3662933e-06
0.00013212405
-2.6876497e-06
0.00013179665
-7.4597057e-06
0.00013166503
-1.1854633e-05
0.00013172254
-1.5843407e-05
0.00013198174
-1.9463316e-05
0.00013248088
-2.2747738e-05
0.00013325394
-2.5641374e-05
0.00013428865
-2.7993116e-05
0.00013552141
-2.9653332e-05
0.00013688612
-3.0573398e-05
0.00013834995
-3.0774483e-05
0.00013989723
-3.0248628e-05
0.00014148454
-2.8928925e-05
0.00014305351
-2.6791327e-05
0.00014455159
-2.3897045e-05
0.00014594604
-2.0361126e-05
0.0001472131
-1.6321863e-05
0.0001483456
-1.1925957e-05
0.00014936734
-7.3241672e-06
0.00015028862
-2.6105888e-06
0.00015115008
2.1180342e-06
0.0001519285
6.7808395e-06
0.00015255587
1.1284597e-05
0.00015292194
1.5490664e-05
0.00015291418
1.9227328e-05
0.00015245914
2.2330316e-05
0.00015154624
2.4680715e-05
0.00015023009
2.6223474e-05
0.00014861403
2.6963354e-05
0.00014681332
2.6967959e-05
0.00014492057
2.6334925e-05
0.00014301462
2.5127683e-05
0.00014117142
2.337336e-05
0.0001394527
2.1118012e-05
0.0001378975
1.8425456e-05
0.00013653203
1.5360861e-05
0.00013537262
1.198924e-05
0.000134437
8.3900323e-06
0.00013372837
4.6546724e-06
0.00013325416
8.6156622e-07
0.00013301333
-2.8637915e-06
0.00013300947
-6.4882069e-06
0.00013321357
-9.8114208e-06
0.00013362232
-1.2937849e-05
0.00013420186
-1.5574905e-05
0.0001349451
-1.8057075e-05
0.00013585188
-1.9920618e-05
0.00013688835
-2.1701115e-05
0.00013806858
-2.2702318e-05
0.00013932035
-2.3676256e-05
0.00014066131
-2.3747552e-05
0.00014203362
-2.3934631e-05
0.0001434704
-2.3161849e-05
0.00014492342
-2.2634979e-05
-2.0413278e-05
0.00014411899
-8.54144e-07
0.00014360805
-2.6157633e-06
0.00014274429
-4.455864e-06
0.00014151103
-6.4596341e-06
0.00013987063
-8.6748751e-06
0.00013779346
-1.1204478e-05
0.00013521249
-1.4123605e-05
0.00013210617
-1.7633617e-05
0.00012837073
-2.1875324e-05
0.00012409632
-2.7294979e-05
0.00011911387
-3.41646e-05
0.00011407008
-4.3576365e-05
0.00010900832
-5.6289255e-05
2.71829e-05
-7.4588859e-05
2.5913196e-05
2.7182901e-05
2.5913197e-05
2.8038004e-05
-2.4219024e-05
-1.3421505e-13
2.8393296e-05
-2.9896866e-05
2.7131736e-13
3.0595887e-05
-2.9098477e-05
6.4380506e-06
-6.4658456e-06
-1.4297552e-09
5.1922806e-06
-5.1668039e-06
3.9687248e-07
-1.7923157e-06
3.0711008e-13
3.9870348e-07
3.0051817e-07
3.0199261e-07
-5.5340396e-07
-3.7581135e-07
-3.7698675e-07
-5.5188864e-07
2.2499037e-06
1.5375089e-06
-7.4420137e-07
-4.8963105e-06
-1.72209e-13
8.5363877e-06
-3.2244424e-05
-3.2038303e-07
2.7561965e-07
-3.2038229e-07
2.7562047e-07
1.657317e-05
-3.3155357e-05
2.42336e-05
-3.179096e-05
3.1924058e-05
-2.8733294e-05
3.9837546e-05
-2.3464461e-05
4.7942293e-05
-1.5393271e-05
5.6135443e-05
-4.3308911e-06
6.405138e-05
9.5581227e-06
7.1508731e-05
2.5354429e-05
7.8060908e-05
4.1935554e-05
8.3124576e-05
5.7452299e-05
8.6214489e-05
7.0107036e-05
8.7072291e-05
7.8749299e-05
8.6109889e-05
8.2689466e-05
8.3314082e-05
8.327446e-05
7.7679889e-05
8.1504918e-05
6.8492709e-05
7.8535406e-05
5.6324818e-05
7.5700262e-05
4.3863814e-05
7.1721926e-05
3.4565639e-05
6.4418987e-05
3.0486206e-05
5.2480462e-05
3.140437e-05
3.6655457e-05
3.6418273e-05
1.8232219e-05
4.4057041e-05
-6.7368659e-07
5.3329992e-05
-1.8297002e-05
6.3127388e-05
-3.346722e-05
7.2755732e-05
-4.561277e-05
8.1822269e-05
-5.4622681e-05
9.0067848e-05
-6.0492111e-05
9.7166809e-05
-6.3299977e-05
0.00010278138
-6.3565219e-05
0.000106872
-6.2382777e-05
0.00010986002
-6.0857356e-05
0.00011247569
-5.9432023e-05
0.00011554296
-5.7679972e-05
0.00012027071
-5.4558065e-05
0.00012773447
-4.8084411e-05
0.00013753512
-3.6284807e-05
0.0001485832
-1.9141042e-05
0.00015956541
1.5773163e-06
0.00016891923
2.3149536e-05
0.00017528237
4.2704419e-05
0.00017811777
5.801271e-05
0.00017801127
6.8022016e-05
0.00017586775
7.2928082e-05
0.00017197172
7.3983558e-05
0.00016636998
7.2127223e-05
0.00015996055
6.7494601e-05
0.00015342071
6.1149958e-05
0.00014693309
5.4058002e-05
0.00014083118
4.6824505e-05
0.00013554066
4.0453245e-05
0.00013138387
3.5971587e-05
0.00012843049
3.3769005e-05
0.00012654359
3.3190022e-05
0.00012546489
3.2966035e-05
0.00012478355
3.2175052e-05
0.00012412378
3.0292635e-05
0.00012335616
2.5965584e-05
0.00012262893
1.8949736e-05
0.00012205274
9.571133e-06
0.00012186266
-1.889115e-06
0.0001222257
-1.5028111e-05
0.00012337612
-2.9034914e-05
0.0001254754
-4.2659631e-05
0.00012845117
-5.4294584e-05
0.0001318711
-6.2510874e-05
0.0001351468
-6.6951037e-05
0.0001380444
-6.8438632e-05
0.00014083647
-6.7715219e-05
0.0001436331
-6.4182072e-05
0.00014577409
-5.7168394e-05
0.00014737444
-4.878083e-05
0.00014860987
-3.9966243e-05
0.00014973178
-3.1329817e-05
0.00015092343
-2.3150464e-05
0.00015219364
-1.5466797e-05
0.00015345248
-8.3024839e-06
0.00015461759
-1.7147438e-06
0.00015571793
4.3315451e-06
0.00015689678
1.0080598e-05
0.00015824036
1.5973865e-05
0.00015955632
2.230452e-05
0.00016034735
2.8868826e-05
0.00016005362
3.494356e-05
0.00015838416
3.9675984e-05
0.00015549118
4.2553739e-05
0.00015187541
4.3637305e-05
0.00014813086
4.3439194e-05
0.00014472686
4.2567114e-05
0.00014192363
4.1417407e-05
0.00013980337
4.0072105e-05
0.00013833338
3.8385129e-05
0.00013743124
3.6102867e-05
0.00013700022
3.2976377e-05
0.00013694067
2.8828627e-05
0.00013716789
2.3601557e-05
0.0001375933
1.7380506e-05
0.00013812438
1.0378031e-05
0.00013874407
2.8485167e-06
0.00013936043
-4.8227456e-06
0.0001399815
-1.2213975e-05
0.00014060435
-1.9008192e-05
0.00014122689
-2.5050072e-05
0.00014185949
-3.0427805e-05
0.0001425649
-3.5271135e-05
0.00014341155
-3.9368709e-05
0.00014435185
-4.2185853e-05
0.00014524566
-4.349597e-05
0.00014603559
-4.3710841e-05
0.00014679004
-4.323247e-05
0.00014758231
-4.182978e-05
0.00014823191
-3.8756102e-05
0.00014878719
-3.4536558e-05
0.00014932728
-2.948857e-05
0.00014991996
-2.3830085e-05
0.00015060248
-1.7710869e-05
0.00015141937
-1.1277646e-05
0.0001524035
-4.6175547e-06
0.00015354841
2.2074897e-06
0.00015476568
9.090278e-06
0.00015588311
1.5833743e-05
0.00015668986
2.2108461e-05
0.00015699905
2.7548221e-05
0.00015667548
3.1899777e-05
0.00015573366
3.4988987e-05
0.00015432875
3.6809423e-05
0.00015268073
3.7511744e-05
0.00015097478
3.7345549e-05
0.00014932081
3.6515038e-05
0.00014780435
3.5043824e-05
0.00014645412
3.2939718e-05
0.00014525217
3.0206873e-05
0.00014416648
2.6841074e-05
0.00014316756
2.2871801e-05
0.00014223728
1.8375987e-05
0.00014137833
1.3461055e-05
0.00014060162
8.2901546e-06
0.00013992795
3.0399685e-06
0.0001393938
-2.1534995e-06
0.00013901688
-7.0827901e-06
0.00013880747
-1.1645219e-05
0.00013876683
-1.5802767e-05
0.00013890979
-1.9606274e-05
0.00013928102
-2.3118972e-05
0.00013992841
-2.6288764e-05
0.0001408416
-2.8906301e-05
0.00014193268
-3.074442e-05
0.00014310413
-3.1744847e-05
0.00014432911
-3.1999462e-05
0.00014561883
-3.1538343e-05
0.00014693647
-3.024657e-05
0.00014820391
-2.8058763e-05
0.0001493773
-2.5070432e-05
0.00015043751
-2.1421344e-05
0.00015137896
-1.7263311e-05
0.00015220167
-1.2748669e-05
0.0001529158
-8.038296e-06
0.00015355669
-3.2514739e-06
0.00015416273
1.511996e-06
0.00015476347
6.1801002e-06
0.00015534695
1.070111e-05
0.00015584896
1.4988654e-05
0.00015616468
1.8911608e-05
0.00015618034
2.2314664e-05
0.00015581774
2.5043314e-05
0.00015507211
2.6969101e-05
0.00015400567
2.8029794e-05
0.0001526982
2.827543e-05
0.00015120453
2.782859e-05
0.00014961345
2.6718767e-05
0.00014802475
2.4962057e-05
0.00014651617
2.2626592e-05
0.00014512776
1.9813865e-05
0.0001438891
1.6599527e-05
0.00014281894
1.3059399e-05
0.0001419365
9.2724748e-06
0.00014124415
5.3470146e-06
0.00014074597
1.3597502e-06
0.00014044855
-2.5663733e-06
0.00014035152
-6.3911746e-06
0.0001404445
-9.9043987e-06
0.00014070623
-1.319958e-05
0.00014113521
-1.6003888e-05
0.00014169468
-1.8616545e-05
0.00014243167
-2.0657608e-05
0.00014327935
-2.254879e-05
0.00014428295
-2.3705923e-05
0.00014532702
-2.4720319e-05
0.00014646005
-2.4880587e-05
0.00014759116
-2.506574e-05
0.00014879014
-2.4360833e-05
0.0001499742
-2.3819032e-05
-2.1613039e-05
0.00014658622
-6.5273965e-07
0.00014597656
-2.0061042e-06
0.00014494423
-3.4235346e-06
0.00014345539
-4.9707919e-06
0.00014146227
-6.6817589e-06
0.00013888957
-8.6317711e-06
0.00013564796
-1.0882002e-05
0.00013160228
-1.358793e-05
0.00012660848
-1.6881525e-05
0.00012044412
-2.113062e-05
0.00011288596
-2.6606437e-05
0.00010361039
-3.4300802e-05
9.2320401e-05
-4.4999263e-05
2.1086777e-05
-1.4278863e-05
1.8751423e-05
2.1086777e-05
1.8751423e-05
-1.6693567e-05
-1.4278863e-05
-1.6693567e-05
2.0737348e-05
-2.3442456e-05
7.0730026e-13
2.3791604e-05
6.7023193e-06
-4.9352561e-06
1.0396058e-09
4.5091215e-06
-6.2781123e-06
1.0978718e-07
-4.8258259e-11
-1.0973894e-07
4.3398002e-07
-1.5824719e-06
-5.4354852e-06
1.3953588e-12
5.3500749e-06
4.3642106e-07
3.9703253e-07
3.9933713e-07
-5.1881719e-07
-8.9446685e-06
1.1076093e-06
1.1452719e-06
1.1076102e-06
1.1452746e-06
-9.171019e-06
-8.9446681e-06
-9.1710183e-06
3.0978942e-06
-3.6772067e-05
6.5391433e-06
-3.5232209e-05
1.0331626e-05
-3.2525777e-05
1.471392e-05
-2.7846755e-05
1.9762801e-05
-2.0442151e-05
2.5304197e-05
-9.8722873e-06
3.1252057e-05
3.610263e-06
3.7383512e-05
1.9222974e-05
4.335372e-05
3.5965345e-05
4.8739878e-05
5.2066141e-05
5.2925519e-05
6.5921395e-05
5.5351963e-05
7.6322855e-05
5.5193987e-05
8.2847442e-05
5.200595e-05
8.6462497e-05
4.5608436e-05
8.7902433e-05
3.6780453e-05
8.7363389e-05
2.8163652e-05
8.4317062e-05
2.2815653e-05
7.7069924e-05
2.1852171e-05
6.538247e-05
2.4944935e-05
4.9387698e-05
3.1513336e-05
3.0087056e-05
4.0651834e-05
9.0937204e-06
5.1130489e-05
-1.1152342e-05
6.2067344e-05
-2.9233857e-05
7.2706109e-05
-4.4105985e-05
8.2518513e-05
-5.5425175e-05
9.1283385e-05
-6.3387553e-05
9.900574e-05
-6.8214465e-05
0.00010558394
-6.9878177e-05
0.00011066588
-6.8647159e-05
0.00011395977
-6.5676664e-05
0.00011566043
-6.2558017e-05
0.00011652654
-6.0298137e-05
0.00011747891
-5.8632342e-05
0.00011927133
-5.635048e-05
0.00012325087
-5.2063951e-05
0.00013016976
-4.3203697e-05
0.00013903207
-2.8003354e-05
0.00014886516
-8.2557691e-06
0.00015823583
1.3778864e-05
0.0001659085
3.5031752e-05
0.00017094065
5.2980552e-05
0.00017304049
6.5922175e-05
0.00017270464
7.3263933e-05
0.00017093605
7.5752157e-05
0.00016765753
7.540574e-05
0.00016254376
7.260837e-05
0.00015681527
6.6878449e-05
0.0001511626
5.9710673e-05
0.00014578242
5.2204678e-05
0.0001410402
4.5195473e-05
0.00013728427
3.9727512e-05
0.00013471921
3.633407e-05
0.00013335171
3.455752e-05
0.00013288977
3.3427976e-05
0.00013284287
3.2221946e-05
0.00013300313
3.013238e-05
0.00013311187
2.5856842e-05
0.00013310744
1.8954171e-05
0.00013307181
9.6067635e-06
0.00013318474
-2.0020501e-06
0.00013360463
-1.5448003e-05
0.00013454211
-2.9972392e-05
0.00013616359
-4.428111e-05
0.00013846388
-5.6594878e-05
0.00014111075
-6.5157746e-05
0.00014350338
-6.9343659e-05
0.00014533523
-7.0270486e-05
0.00014692189
-6.9301878e-05
0.0001483272
-6.5587386e-05
0.00014906622
-5.7907406e-05
0.00014944129
-4.91559e-05
0.00014975895
-4.0283906e-05
0.00015027338
-3.1844247e-05
0.00015108322
-2.3960303e-05
0.00015217586
-1.6559437e-05
0.00015346389
-9.5905165e-06
0.00015479544
-3.0462881e-06
0.00015606709
3.0598917e-06
0.00015731547
8.8322185e-06
0.00015866568
1.4623652e-05
0.00016011986
2.0850347e-05
0.00016139573
2.759295e-05
0.00016199018
3.4349115e-05
0.00016141151
4.0254649e-05
0.00015950781
4.4457443e-05
0.00015657425
4.6570862e-05
0.00015315288
4.6860567e-05
0.0001497898
4.5930194e-05
0.00014688142
4.4325793e-05
0.00014464324
4.2310282e-05
0.00014312231
3.9906052e-05
0.0001422594
3.6965778e-05
0.0001419438
3.329198e-05
0.00014204149
2.8730938e-05
0.00014243094
2.321211e-05
0.00014299259
1.6818851e-05
0.00014364692
9.723706e-06
0.00014430791
2.1875208e-06
0.00014492388
-5.4387115e-06
0.00014548555
-1.2775649e-05
0.0001460228
-1.9545444e-05
0.00014658279
-2.5610059e-05
0.0001471844
-3.1029413e-05
0.00014783655
-3.5923281e-05
0.00014856561
-4.0097772e-05
0.0001493182
-4.2938439e-05
0.00014993453
-4.4112306e-05
0.00015041284
-4.4189149e-05
0.00015084516
-4.3664792e-05
0.00015116983
-4.2154446e-05
0.00015127025
-3.8856524e-05
0.0001512915
-3.4557804e-05
0.00015135059
-2.9547666e-05
0.00015152912
-2.4008614e-05
0.00015187002
-1.8051761e-05
0.00015238909
-1.1796723e-05
0.00015310472
-5.3331849e-06
0.00015402159
1.2906236e-06
0.0001551091
8.0027662e-06
0.00015626929
1.4673555e-05
0.00015733175
2.1046003e-05
0.00015810002
2.6779951e-05
0.00015842058
3.1579215e-05
0.00015818465
3.5224911e-05
0.000157438
3.7556074e-05
0.00015635831
3.8591439e-05
0.00015509792
3.860594e-05
0.00015372667
3.7886282e-05
0.00015243995
3.633055e-05
0.00015131033
3.4069339e-05
0.00015033032
3.1186875e-05
0.00014946692
2.7704477e-05
0.00014868638
2.3652342e-05
0.0001479632
1.9099164e-05
0.00014727924
1.4145019e-05
0.00014663936
8.930036e-06
0.00014606206
3.6172685e-06
0.00014556462
-1.6560609e-06
0.00014518279
-6.7009614e-06
0.00014494236
-1.1404791e-05
0.00014485987
-1.5720275e-05
0.00014495249
-1.9698888e-05
0.00014525985
-2.3426332e-05
0.00014583129
-2.6860206e-05
0.00014665992
-2.9734936e-05
0.00014763752
-3.1722016e-05
0.00014862781
-3.2735136e-05
0.00014959772
-3.2969372e-05
0.00015060878
-3.2549406e-05
0.0001516471
-3.1284887e-05
0.00015259203
-2.900369e-05
0.00015341938
-2.5897782e-05
0.0001541267
-2.2128662e-05
0.00015471338
-1.7849995e-05
0.00015520212
-1.3237407e-05
0.00015560823
-8.4444066e-06
0.00015597019
-3.6134329e-06
0.00015632766
1.1545249e-06
0.00015672355
5.784211e-06
0.00015717704
1.0247615e-05
0.00015766737
1.4498328e-05
0.00015813033
1.844864e-05
0.00015847115
2.1973849e-05
0.00015857147
2.4942994e-05
0.00015834866
2.7191915e-05
0.00015783546
2.8542989e-05
0.00015713697
2.8973918e-05
0.00015619661
2.8768952e-05
0.00015499075
2.7924631e-05
0.00015370401
2.6248788e-05
0.00015246439
2.386622e-05
0.00015129722
2.098103e-05
0.00015023567
1.766108e-05
0.00014930039
1.3994678e-05
0.00014850734
1.0065525e-05
0.00014786342
5.9909383e-06
0.00014737191
1.8512573e-06
0.00014704114
-2.235607e-06
0.00014686609
-6.2161201e-06
0.00014686215
-9.9004589e-06
0.00014698759
-1.3325024e-05
0.00014727155
-1.6287843e-05
0.00014765277
-1.8997764e-05
0.00014821843
-2.1223273e-05
0.00014888197
-2.3212332e-05
0.0001497149
-2.4538849e-05
0.00015054686
-2.5552282e-05
0.00015145938
-2.5793104e-05
0.00015231543
-2.5921791e-05
0.00015326837
-2.5313774e-05
0.00015418655
-2.4737211e-05
-2.2494865e-05
0.00014834936
-4.2982452e-07
0.00014766476
-1.321501e-06
0.00014650421
-2.262986e-06
0.00014482388
-3.2904578e-06
0.00014256174
-4.4196182e-06
0.0001396138
-5.6838332e-06
0.00013585727
-7.1254751e-06
0.00013108523
-8.8158927e-06
0.00012506358
-1.0859867e-05
0.00011735621
-1.3423252e-05
0.00010757043
-1.6820661e-05
9.473329e-05
-2.146366e-05
2.001747e-05
-2.8347099e-05
1.9023093e-05
2.001747e-05
1.9023093e-05
1.7642651e-05
-1.1904255e-05
5.7425028e-14
-1.6755323e-05
1.6534724e-12
2.0674294e-05
-1.5115666e-05
2.5967557e-06
2.9964251e-06
3.0023402e-06
2.601414e-06
3.7817324e-06
-1.528746e-06
6.2147208e-09
-2.2568756e-06
1.7069591e-07
1.1184889e-06
1.3363922e-09
-3.1373307e-07
-9.763299e-07
1.3611855e-06
-1.367151e-06
-8.9388626e-06
4.0681522e-12
-7.2991091e-06
-3.5592058e-05
1.3815364e-06
1.678013e-06
1.3815358e-06
1.6780151e-06
-8.1749712e-06
-3.4356347e-05
-8.413979e-06
-3.2286769e-05
-7.8578326e-06
-2.8402901e-05
-6.2894154e-06
-2.2010568e-05
-3.6804349e-06
-1.2481268e-05
-3.069056e-07
2.3673361e-07
4.1816121e-06
1.4734456e-05
9.1179385e-06
3.1029018e-05
1.385235e-05
4.733173e-05
1.7727984e-05
6.2045761e-05
1.9964025e-05
7.4086813e-05
1.9898946e-05
8.2912521e-05
1.7681429e-05
8.8680014e-05
1.4288865e-05
9.1294997e-05
1.1667305e-05
8.9984948e-05
1.142699e-05
8.4557378e-05
1.4116821e-05
7.4380093e-05
1.9587448e-05
5.9911842e-05
2.7886308e-05
4.1088838e-05
3.8772652e-05
1.9200712e-05
5.0478466e-05
-2.6120938e-06
6.2423291e-05
-2.3097167e-05
7.4090969e-05
-4.0901535e-05
8.4886228e-05
-5.4901244e-05
9.4298608e-05
-6.4837555e-05
0.00010213531
-7.122426e-05
0.0001085756
-7.4654752e-05
0.0001138636
-7.5166177e-05
0.00011788962
-7.2673174e-05
0.00012032615
-6.8113198e-05
0.00012100413
-6.3235997e-05
0.00012039159
-5.9685598e-05
0.00011953241
-5.7773159e-05
0.00011941465
-5.6232726e-05
0.00012068804
-5.3337337e-05
0.00012456623
-4.7081886e-05
0.00013092397
-3.4361094e-05
0.00013882468
-1.6156483e-05
0.00014737152
5.2320248e-06
0.00015531261
2.7090667e-05
0.00016157178
4.6721379e-05
0.00016547091
6.2023045e-05
0.00016698006
7.1754786e-05
0.00016683922
7.5892997e-05
0.00016583456
7.6410399e-05
0.00016319565
7.5247281e-05
0.00015878883
7.128527e-05
0.00015407882
6.4420676e-05
0.00014956477
5.6718736e-05
0.0001455266
4.9233636e-05
0.00014229979
4.2954322e-05
0.00014018787
3.8445991e-05
0.00013926789
3.5477506e-05
0.00013926553
3.3430337e-05
0.00013980756
3.1679909e-05
0.00014069483
2.9245116e-05
0.0001416154
2.4936272e-05
0.00014234388
1.8225686e-05
0.00014289274
9.057902e-06
0.00014340425
-2.5135573e-06
0.00014402253
-1.6066282e-05
0.00014491864
-3.0868502e-05
0.0001461902
-4.5552664e-05
0.00014780823
-5.8212909e-05
0.00014953497
-6.6884489e-05
0.00015087218
-7.0680864e-05
0.00015165941
-7.1057723e-05
0.00015220477
-6.9847234e-05
0.00015200506
-6.5387673e-05
0.00015122966
-5.7132011e-05
0.00015046129
-4.8387532e-05
0.00015003095
-3.9853558e-05
0.00015002888
-3.1842181e-05
0.00015049581
-2.4427229e-05
0.00015143917
-1.7502803e-05
0.00015276194
-1.0913282e-05
0.00015428033
-4.5646826e-06
0.00015580221
1.5380121e-06
0.00015723861
7.3958164e-06
0.00015864547
1.3216792e-05
0.00016010676
1.9389064e-05
0.00016154749
2.6152211e-05
0.00016264091
3.3255705e-05
0.00016291622
3.9979338e-05
0.0001619897
4.5383959e-05
0.00015991295
4.8647613e-05
0.00015708228
4.9691237e-05
0.00015399411
4.9018365e-05
0.0001511024
4.7217505e-05
0.00014875822
4.4654458e-05
0.00014711965
4.1544629e-05
0.00014617981
3.7905611e-05
0.000145845
3.3626794e-05
0.00014597925
2.8596683e-05
0.00014642685
2.2764512e-05
0.00014705935
1.618635e-05
0.00014777278
9.0102731e-06
0.00014848046
1.4798484e-06
0.00014912817
-6.0864235e-06
0.00014970135
-1.3348834e-05
0.00015023721
-2.0081304e-05
0.00015081225
-2.6185099e-05
0.00015145918
-3.1676336e-05
0.00015212158
-3.6585686e-05
0.00015273409
-4.0710284e-05
0.00015325443
-4.345878e-05
0.00015357455
-4.4432419e-05
0.00015377345
-4.4388047e-05
0.00015386588
-4.3757225e-05
0.00015358609
-4.1874653e-05
0.00015309918
-3.8369623e-05
0.00015264551
-3.4104124e-05
0.00015234183
-2.9243987e-05
0.00015223603
-2.3902821e-05
0.00015235224
-1.8167972e-05
0.0001526721
-1.2116578e-05
0.00015317162
-5.832701e-06
0.00015386507
5.9716847e-07
0.00015477211
7.0957234e-06
0.00015586081
1.3584859e-05
0.0001569885
1.9918315e-05
0.00015795153
2.5816917e-05
0.00015863845
3.08923e-05
0.00015896099
3.4902372e-05
0.00015884666
3.7670401e-05
0.00015842261
3.9015488e-05
0.00015785589
3.9172658e-05
0.0001570111
3.8731075e-05
0.00015595007
3.7391582e-05
0.00015501159
3.5007817e-05
0.00015421822
3.1980245e-05
0.00015354398
2.8378714e-05
0.00015295484
2.4241486e-05
0.00015241886
1.9635136e-05
0.00015190849
1.465539e-05
0.0001514204
9.4181276e-06
0.00015096343
4.0742385e-06
0.00015054666
-1.23929e-06
0.00015020614
-6.3604359e-06
0.00014998076
-1.1179411e-05
0.00014990882
-1.5648338e-05
0.00015001732
-1.9807387e-05
0.00015033128
-2.3740292e-05
0.00015087842
-2.7407353e-05
0.00015163953
-3.0496046e-05
0.00015249518
-3.2577666e-05
0.0001532903
-3.353025e-05
0.00015399421
-3.3673283e-05
0.00015470329
-3.3258488e-05
0.00015544339
-3.2024991e-05
0.00015601053
-2.9570828e-05
0.0001563999
-2.6287155e-05
0.00015665365
-2.2382409e-05
0.00015683389
-1.8030233e-05
0.00015697553
-1.3379045e-05
0.00015711816
-8.5870392e-06
0.00015726806
-3.7633304e-06
0.00015744413
9.7845322e-07
0.00015766619
5.5621484e-06
0.0001579689
9.9449117e-06
0.00015837569
1.409153e-05
0.00015887321
1.7951126e-05
0.00015939081
2.145625e-05
0.00015979803
2.4535767e-05
0.00015995665
2.7033299e-05
0.00015987849
2.8621152e-05
0.00015974223
2.911018e-05
0.00015950639
2.9004789e-05
0.00015895054
2.848048e-05
0.00015808364
2.711569e-05
0.00015715923
2.4790624e-05
0.00015624853
2.1891733e-05
0.00015539345
1.8516158e-05
0.00015462085
1.4767279e-05
0.00015394167
1.0744707e-05
0.00015337183
6.5607763e-06
0.00015291024
2.3128461e-06
0.00015256983
-1.8951952e-06
0.00015234036
-5.9866525e-06
0.00015225455
-9.8146492e-06
0.00015227018
-1.3340656e-05
0.00015242699
-1.6444649e-05
0.00015265911
-1.9229885e-05
0.00015306032
-2.1624479e-05
0.00015354522
-2.3697234e-05
0.00015420204
-2.5195669e-05
0.00015482155
-2.6171792e-05
0.00015549837
-2.6469924e-05
0.00015607033
-2.6493751e-05
0.00015674579
-2.5989237e-05
0.00015730427
-2.5295686e-05
-2.2946594e-05
0.00014941105
-1.9780689e-07
0.00014867637
-5.8681455e-07
0.00014744069
-1.0273078e-06
0.00014565136
-1.5011272e-06
0.00014323031
-1.9985737e-06
0.00014006603
-2.5195555e-06
0.00013600368
-3.0631175e-06
0.00013081821
-3.6304221e-06
0.0001241796
-4.2212572e-06
0.00011560482
-4.8484727e-06
0.0001043019
-5.5177409e-06
8.9112392e-05
-6.274155e-06
1.7168481e-05
-7.154786e-06
1.6791557e-05
1.7168482e-05
1.6791558e-05
8.734344e-06
1.404638e-05
-5.612478e-06
3.8719762e-13
1.2400804e-05
-7.4296691e-06
4.4857661e-12
1.1311292e-06
1.4006446e-06
1.4055519e-06
1.1370803e-06
-1.0042263e-05
6.6656871e-07
1.1286582e-09
-1.8731575e-07
-4.8002318e-07
1.307139e-06
8.7791503e-06
-1.7949889e-06
-8.2913097e-06
5.4110585e-12
-1.456683e-05
-3.0746049e-05
2.3731193e-06
2.4872909e-06
2.3731192e-06
2.4872916e-06
-1.8702603e-05
-3.0220574e-05
-2.2102384e-05
-2.8886989e-05
-2.4705227e-05
-2.5800058e-05
-2.6398795e-05
-2.0317001e-05
-2.6867501e-05
-1.2012562e-05
-2.6193839e-05
-4.3692828e-07
-2.4268465e-05
1.2809081e-05
-2.1342277e-05
2.8102831e-05
-1.7793409e-05
4.3782862e-05
-1.4196618e-05
5.844897e-05
-1.1036435e-05
7.092663e-05
-8.5041943e-06
8.038028e-05
-6.0522834e-06
8.6228103e-05
-2.8995877e-06
8.8142301e-05
1.519747e-06
8.5565614e-05
7.6448906e-06
7.8432234e-05
1.5529727e-05
6.6495256e-05
2.6379736e-05
4.9061833e-05
3.947485e-05
2.7993723e-05
5.2730554e-05
5.9450085e-06
6.5580288e-05
-1.5461828e-05
7.7973804e-05
-3.5490684e-05
8.9509286e-05
-5.2437016e-05
9.9671364e-05
-6.5063323e-05
0.00010803616
-7.3202352e-05
0.00011446677
-7.7654873e-05
0.00011916887
-7.9356846e-05
0.00012255395
-7.8551259e-05
0.00012479382
-7.4913042e-05
0.0001258984
-6.9217775e-05
0.00012559827
-6.2935867e-05
0.00012387544
-5.7962774e-05
0.00012150368
-5.54014e-05
0.00011961954
-5.434858e-05
0.00011888233
-5.2600131e-05
0.00012000146
-4.8201018e-05
0.00012383451
-3.8194138e-05
0.00012965845
-2.1980429e-05
0.00013680769
-1.9172092e-06
0.00014427289
1.962546e-05
0.00015101331
3.9980959e-05
0.00015625413
5.6782226e-05
0.00015964662
6.8362297e-05
0.000161163
7.4376617e-05
0.00016143358
7.6139824e-05
0.00016096785
7.5713004e-05
0.00015884945
7.3403674e-05
0.00015549344
6.7776685e-05
0.00015204477
6.0167404e-05
0.00014885549
5.2422916e-05
0.00014627882
4.5530995e-05
0.00014466076
4.0064047e-05
0.00014412179
3.601648e-05
0.00014447842
3.3073704e-05
0.0001455143
3.064403e-05
0.00014699212
2.7767293e-05
0.00014852116
2.3407239e-05
0.00014988388
1.6862968e-05
0.00015096943
7.97235e-06
0.00015190795
-3.4520766e-06
0.0001528385
-1.6996833e-05
0.00015387907
-3.1909076e-05
0.00015497936
-4.6652952e-05
0.00015596993
-5.9203482e-05
0.00015666566
-6.758022e-05
0.00015690216
-7.0917358e-05
0.00015683208
-7.0987647e-05
0.00015619583
-6.9210981e-05
0.00015426811
-6.345995e-05
0.00015220245
-5.5066353e-05
0.00015045365
-4.6638731e-05
0.0001492869
-3.8686814e-05
0.00014882689
-3.1382166e-05
0.00014908266
-2.4683005e-05
0.00014999139
-1.8411528e-05
0.00015141273
-1.2334622e-05
0.00015314094
-6.2928967e-06
0.00015493693
-2.5797541e-07
0.00015661545
5.7173015e-06
0.00015815427
1.1677963e-05
0.00015964878
1.7894562e-05
0.00016110521
2.4695778e-05
0.00016228636
3.207455e-05
0.00016292058
3.9345118e-05
0.00016278064
4.5523905e-05
0.00016163738
4.9790876e-05
0.00015959017
5.1738448e-05
0.00015698849
5.1620036e-05
0.00015428339
4.9922611e-05
0.00015196253
4.6975318e-05
0.00015025829
4.3248867e-05
0.0001492299
3.8934001e-05
0.00014881982
3.4036872e-05
0.00014890945
2.8507057e-05
0.0001493478
2.232616e-05
0.00014999859
1.5535564e-05
0.00015074948
8.2593754e-06
0.00015151283
7.1650167e-07
0.00015222643
-6.800027e-06
0.0001528757
-1.3998095e-05
0.00015349546
-2.070107e-05
0.00015415236
-2.6841997e-05
0.00015486473
-3.2388705e-05
0.0001555282
-3.7249156e-05
0.00015597342
-4.1155509e-05
0.00015614753
-4.3632881e-05
0.00015614335
-4.4428244e-05
0.00015600613
-4.4250827e-05
0.00015558698
-4.3338071e-05
0.00015473125
-4.1018927e-05
0.00015386563
-3.7504003e-05
0.00015313375
-3.3372242e-05
0.00015262458
-2.8734822e-05
0.0001523511
-2.3629335e-05
0.00015229229
-1.8109166e-05
0.00015241998
-1.2244266e-05
0.00015271709
-6.129815e-06
0.00015318967
1.2458638e-07
0.00015386305
6.4223447e-06
0.00015475949
1.2688423e-05
0.00015585113
1.882667e-05
0.00015700589
2.4662166e-05
0.00015796443
2.993375e-05
0.00015854738
3.4319423e-05
0.00015878238
3.7435403e-05
0.00015883935
3.8958518e-05
0.00015883582
3.9176196e-05
0.00015868166
3.888523e-05
0.00015816803
3.7905208e-05
0.00015752892
3.5646931e-05
0.00015694734
3.2561826e-05
0.00015645541
2.8870647e-05
0.00015603625
2.4660642e-05
0.00015566193
2.0009461e-05
0.0001553138
1.5003514e-05
0.00015497301
9.7589248e-06
0.00015464374
4.4034995e-06
0.00015433637
-9.3191889e-07
0.00015407662
-6.1006822e-06
0.0001539121
-1.1014891e-05
0.00015390014
-1.5636383e-05
0.00015407855
-1.9985795e-05
0.000154449
-2.4110739e-05
0.00015499757
-2.7955924e-05
0.00015568981
-3.1188282e-05
0.00015639515
-3.3283009e-05
0.00015694005
-3.4075145e-05
0.00015734989
-3.4083125e-05
0.00015769286
-3.3601456e-05
0.00015794197
-3.2274106e-05
0.00015800024
-2.9629094e-05
0.00015793559
-2.6222513e-05
0.00015781357
-2.226039e-05
0.00015769174
-1.7908399e-05
0.0001576
-1.3287306e-05
0.00015753947
-8.5265051e-06
0.00015750416
-3.7280221e-06
0.00015750668
9.7593037e-07
0.00015758091
5.4879238e-06
0.00015776977
9.7560495e-06
0.00015810794
1.3753358e-05
0.00015859116
1.7467904e-05
0.00015913905
2.0908365e-05
0.00015964936
2.4025459e-05
0.00016009016
2.6592497e-05
0.0001604537
2.8257614e-05
0.00016067118
2.88927e-05
0.00016079641
2.8879554e-05
0.00016081694
2.8459956e-05
0.00016058246
2.7350169e-05
0.00016016047
2.5212609e-05
0.00015963993
2.2412276e-05
0.00015908339
1.9072703e-05
0.00015853473
1.5315934e-05
0.00015802057
1.1258869e-05
0.00015755777
7.0235764e-06
0.00015715997
2.7106424e-06
0.00015684423
-1.5794568e-06
0.00015660349
-5.7459142e-06
0.00015646033
-9.6714851e-06
0.00015640125
-1.3281574e-05
0.00015645165
-1.6495053e-05
0.00015657819
-1.9356421e-05
0.00015682849
-2.1874777e-05
0.00015716324
-2.4031983e-05
0.00015760095
-2.5633381e-05
0.00015796188
-2.6532723e-05
0.00015826689
-2.677494e-05
0.00015847295
-2.6699809e-05
0.00015872132
-2.6237605e-05
0.00015886585
-2.5440218e-05
-2.298917e-05
0.00014974592
5.6273177e-08
0.00014902201
1.3709435e-07
0.00014777973
2.1497623e-07
0.00014596437
3.1423114e-07
0.00014350858
4.5721393e-07
0.00014030139
6.8763543e-07
0.00013618709
1.0511773e-06
0.0001309356
1.6210677e-06
0.00012421614
2.4982076e-06
0.00011553347
3.8341966e-06
0.0001040914
5.9243288e-06
8.8703766e-05
9.1134796e-06
1.6639586e-05
1.4345528e-05
1.6962139e-05
1.6639587e-05
1.696214e-05
1.9351751e-06
1.300855e-05
1.6958102e-06
4.9111266e-13
2.1687369e-06
3.0841018e-06
8.8151124e-12
8.4218403e-07
8.0991749e-07
8.0674951e-07
8.4444802e-07
-8.5516317e-06
3.3389389e-07
-1.6343766e-11
-1.3713878e-08
-3.2009496e-07
9.0747036e-07
7.5429978e-06
-1.8415597e-06
-6.6087462e-06
2.7766998e-12
-1.8545255e-05
-2.3617162e-05
2.8148229e-06
2.8933613e-06
2.8148226e-06
2.8933611e-06
-2.4484341e-05
-2.4281488e-05
-2.9395022e-05
-2.3976308e-05
-3.343757e-05
-2.175751e-05
-3.6691229e-05
-1.7063342e-05
-3.9074898e-05
-9.6288931e-06
-3.9922341e-05
4.1051494e-07
-3.9660164e-05
1.2546903e-05
-3.7904569e-05
2.6347236e-05
-3.4781782e-05
4.0660074e-05
-3.0572187e-05
5.4239375e-05
-2.5523078e-05
6.5877521e-05
-1.9720416e-05
7.4577618e-05
-1.3176603e-05
7.968429e-05
-5.7222228e-06
8.0687921e-05
2.8382276e-06
7.7005163e-05
1.3772305e-05
6.7498156e-05
2.780965e-05
5.2457911e-05
4.3271127e-05
3.3600356e-05
5.8141925e-05
1.3122926e-05
7.2031454e-05
-7.9445202e-06
8.5095012e-05
-2.8525386e-05
9.6959523e-05
-4.7355195e-05
0.00010736514
-6.2842632e-05
0.00011591207
-7.3610258e-05
0.00012235652
-7.9646799e-05
0.00012684379
-8.2142146e-05
0.0001296319
-8.2144955e-05
0.00013103818
-7.995754e-05
0.00013116365
-7.5038507e-05
0.0001305497
-6.8603827e-05
0.00012910792
-6.1494088e-05
0.00012648462
-5.5339467e-05
0.00012288872
-5.1805502e-05
0.00011934289
-5.0802748e-05
0.00011689339
-5.0150634e-05
0.00011592375
-4.7231375e-05
0.00011739764
-3.9668035e-05
0.00012115715
-2.5739934e-05
0.00012668181
-7.4418735e-06
0.00013322779
1.3079484e-05
0.0001399041
3.3304646e-05
0.00014595006
5.0736269e-05
0.00015078531
6.3527049e-05
0.00015405454
7.1107382e-05
0.00015581627
7.43781e-05
0.00015662777
7.4901505e-05
0.0001565469
7.3484538e-05
0.00015513992
6.9183665e-05
0.00015317392
6.2133408e-05
0.00015105938
5.4537453e-05
0.00014925463
4.7335746e-05
0.00014816443
4.1154245e-05
0.00014795937
3.6221539e-05
0.0001486037
3.2429381e-05
0.00014995392
2.9293812e-05
0.0001517748
2.5946405e-05
0.00015374331
2.1438733e-05
0.00015555564
1.5050641e-05
0.00015710727
6.4207148e-06
0.00015847234
-4.8171479e-06
0.00015979867
-1.8323155e-05
0.00016111326
-3.3223673e-05
0.00016217831
-4.7718e-05
0.00016263745
-5.9662625e-05
0.00016236982
-6.7312586e-05
0.00016164637
-7.0193911e-05
0.00016053595
-6.9877223e-05
0.00015803847
-6.6713497e-05
0.00015443496
-5.9856449e-05
0.00015125648
-5.1887868e-05
0.00014880996
-4.4192208e-05
0.00014725007
-3.7126925e-05
0.00014662902
-3.0761114e-05
0.00014688917
-2.4943156e-05
0.00014789945
-1.9421808e-05
0.0001494876
-1.3922781e-05
0.00015142494
-8.2302302e-06
0.00015346753
-2.3005714e-06
0.00015538307
3.8017676e-06
0.00015707011
9.9909183e-06
0.00015856817
1.6396501e-05
0.00015995815
2.33058e-05
0.00016120323
3.082947e-05
0.00016204016
3.850819e-05
0.00016222192
4.5342141e-05
0.00016167835
5.0334455e-05
0.00016050889
5.29079e-05
0.00015877678
5.3352148e-05
0.00015647273
5.222666e-05
0.00015419162
4.9256427e-05
0.00015249188
4.4948608e-05
0.00015142322
4.0002665e-05
0.00015095796
3.4502128e-05
0.00015099772
2.84673e-05
0.0001514132
2.1910678e-05
0.00015207698
1.4871788e-05
0.00015287659
7.4597597e-06
0.00015371603
-1.2293052e-07
0.00015452456
-7.6085583e-06
0.00015528641
-1.4759943e-05
0.00015603329
-2.1447952e-05
0.00015680195
-2.7610655e-05
0.00015754624
-3.3132997e-05
0.00015809661
-3.7799525e-05
0.00015826542
-4.1324319e-05
0.00015803063
-4.3398093e-05
0.00015761096
-4.4008575e-05
0.00015706196
-4.3701827e-05
0.00015604603
-4.2322136e-05
0.00015473245
-3.9705347e-05
0.00015358701
-3.6358563e-05
0.00015268459
-3.2469827e-05
0.00015204228
-2.809251e-05
0.00015165375
-2.3240799e-05
0.00015148565
-1.7941075e-05
0.00015149519
-1.2253798e-05
0.00015165178
-6.2864086e-06
0.00015194547
-1.6910066e-07
0.00015240155
5.9662613e-06
0.0001530712
1.2018777e-05
0.00015399469
1.790318e-05
0.00015513111
2.3525745e-05
0.00015629961
2.8765252e-05
0.00015727184
3.3347192e-05
0.00015794506
3.6762177e-05
0.00015833124
3.8572341e-05
0.00015849696
3.9010477e-05
0.00015859767
3.8784524e-05
0.00015859648
3.7906398e-05
0.00015846377
3.5779641e-05
0.00015828894
3.273665e-05
0.0001580896
2.906999e-05
0.00015788775
2.4862495e-05
0.00015770118
2.0196026e-05
0.0001575199
1.5184794e-05
0.00015733172
9.9471018e-06
0.00015715559
4.5796357e-06
0.00015698606
-7.6239179e-07
0.00015684399
-5.9586153e-06
0.00015677703
-1.094793e-05
0.00015686276
-1.5722111e-05
0.00015715696
-2.0279991e-05
0.00015762466
-2.4578443e-05
0.00015815252
-2.8483786e-05
0.00015863606
-3.1671821e-05
0.0001590035
-3.3650443e-05
0.0001591838
-3.4255443e-05
0.000159266
-3.4165334e-05
0.00015927354
-3.3608993e-05
0.00015908386
-3.2084422e-05
0.00015876853
-2.931377e-05
0.0001584179
-2.5871881e-05
0.00015805255
-2.189504e-05
0.00015767731
-1.7533152e-05
0.00015732219
-1.2932191e-05
0.00015701312
-8.2174294e-06
0.00015678457
-3.4994746e-06
0.00015664448
1.1160185e-06
0.00015660579
5.5266137e-06
0.00015669797
9.6638724e-06
0.00015696266
1.3488665e-05
0.0001574127
1.7017871e-05
0.000158006
2.0315066e-05
0.00015866944
2.3362013e-05
0.00015932968
2.5932259e-05
0.00015990827
2.7679021e-05
0.00016032209
2.8478882e-05
0.00016061679
2.8584859e-05
0.00016087168
2.8205061e-05
0.00016109668
2.7125165e-05
0.00016119057
2.5118722e-05
0.00016115141
2.2451438e-05
0.00016099679
1.9227324e-05
0.00016075775
1.5554968e-05
0.00016048203
1.1534597e-05
0.00016019878
7.3068222e-06
0.00015992068
2.9887418e-06
0.00015968791
-1.3466823e-06
0.00015948815
-5.5461605e-06
0.0001593238
-9.5071293e-06
0.0001592123
-1.3170082e-05
0.00015916273
-1.6445482e-05
0.00015918381
-1.9377495e-05
0.000159245
-2.193597e-05
0.00015933749
-2.4124474e-05
0.00015943203
-2.5727916e-05
0.00015950333
-2.6604027e-05
0.0001595167
-2.6788307e-05
0.00015950091
-2.668402e-05
0.00015945547
-2.6192168e-05
0.00015935286
-2.5337603e-05
-2.269893e-05
0.00014940422
2.9511983e-07
0.00014869031
8.510096e-07
0.00014748568
1.4196002e-06
0.00014573964
2.0602704e-06
0.00014338606
2.810802e-06
0.00014031871
3.7549797e-06
0.00013641195
4.9579377e-06
0.00013145067
6.5823528e-06
0.00012519389
8.7549808e-06
0.00011718276
1.1845328e-05
0.00010700104
1.6106046e-05
9.360855e-05
2.2505973e-05
1.8547517e-05
3.1771282e-05
1.954388e-05
1.8547518e-05
1.954388e-05
-4.9566445e-06
1.530395e-05
8.1999881e-06
5.0315879e-13
-8.1158184e-06
1.2594062e-05
4.5770937e-12
1.8843956e-06
1.6808776e-06
1.6760059e-06
1.8756016e-06
-1.1593202e-05
-5.6997971e-07
-2.8377811e-10
5.7029335e-07
4.3715887e-07
-9.5658057e-08
4.2880326e-10
7.3143505e-08
-4.1482231e-07
9.3227562e-07
5.5469844e-06
-2.018273e-06
-4.4609001e-06
1.989797e-12
-1.9769136e-05
-1.6363018e-05
3.0779902e-06
3.1795055e-06
3.0779898e-06
3.1795053e-06
-2.6035924e-05
-1.80147e-05
-3.1431351e-05
-1.8580881e-05
-3.5899889e-05
-1.7288972e-05
-3.9307801e-05
-1.3655431e-05
-4.1619018e-05
-7.3176758e-06
-4.2534121e-05
1.3256176e-06
-4.205272e-05
1.2065502e-05
-4.012456e-05
2.4419077e-05
-3.6745083e-05
3.7280597e-05
-3.1927349e-05
4.942164e-05
-2.5720857e-05
5.9671029e-05
-1.8268938e-05
6.7125698e-05
-9.3913686e-06
7.0806721e-05
1.8432572e-06
6.9453295e-05
1.621416e-05
6.263426e-05
3.3023094e-05
5.0689222e-05
5.0182935e-05
3.5298069e-05
6.6168923e-05
1.7614368e-05
8.1024857e-05
-1.7330084e-06
9.4713516e-05
-2.1633179e-05
0.00010701061
-4.0822481e-05
0.00011749938
-5.7843959e-05
0.00012593924
-7.1282497e-05
0.00013215773
-7.9828752e-05
0.00013606198
-8.3551045e-05
0.00013815982
-8.4239987e-05
0.00013896396
-8.2949095e-05
0.00013826074
-7.9254315e-05
0.00013636303
-7.3140803e-05
0.00013404856
-6.6289353e-05
0.00013141109
-5.8856616e-05
0.00012801296
-5.1941342e-05
0.00012364024
-4.7432778e-05
0.00011887697
-4.603948e-05
0.0001148236
-4.6097265e-05
0.00011216988
-4.4577652e-05
0.00011154682
-3.9044974e-05
0.00011331575
-2.7508868e-05
0.00011716423
-1.129035e-05
0.00012257744
7.6662704e-06
0.00012884576
2.7036329e-05
0.0001352303
4.4351723e-05
0.00014101545
5.7741898e-05
0.00014565924
6.6463591e-05
0.00014897472
7.106262e-05
0.00015114875
7.2727476e-05
0.0001524982
7.2135094e-05
0.00015284365
6.8838212e-05
0.00015228894
6.268812e-05
0.00015144483
5.5381566e-05
0.00015073592
4.8044647e-05
0.00015040904
4.1481134e-05
0.00015065574
3.5974837e-05
0.00015157794
3.1507176e-05
0.00015313209
2.7739668e-05
0.00015514008
2.3938415e-05
0.0001573303
1.9248514e-05
0.00015942725
1.2953691e-05
0.00016135674
4.4912195e-06
0.0001631804
-6.6408024e-06
0.00016499681
-2.0139573e-05
0.000166652
-3.4878858e-05
0.00016772697
-4.8792975e-05
0.00016776735
-5.9702997e-05
0.00016666095
-6.6206189e-05
0.00016476154
-6.8294502e-05
0.00016185898
-6.6974665e-05
0.00015740596
-6.2260473e-05
0.00015283713
-5.5287618e-05
0.00014901883
-4.8069572e-05
0.00014616842
-4.1341798e-05
0.00014441672
-3.5375221e-05
0.0001437695
-3.0113896e-05
0.00014412078
-2.5294432e-05
0.00014527036
-2.057139e-05
0.00014699835
-1.5650772e-05
0.00014908781
-1.0319688e-05
0.00015127916
-4.4919255e-06
0.00015335028
1.730655e-06
0.00015514268
8.1985149e-06
0.00015663604
1.490314e-05
0.00015792478
2.2017058e-05
0.0001590983
2.9655955e-05
0.00016006265
3.7543836e-05
0.00016053683
4.4867964e-05
0.00016034014
5.0531148e-05
0.0001596253
5.3622742e-05
0.00015875136
5.4226086e-05
0.00015740996
5.3568061e-05
0.00015551209
5.1154292e-05
0.00015392978
4.6530918e-05
0.00015289138
4.104107e-05
0.00015241924
3.4974265e-05
0.00015244311
2.8443428e-05
0.00015286076
2.149303e-05
0.00015355978
1.4172766e-05
0.00015442612
6.5934212e-06
0.00015535481
-1.0516253e-06
0.00015627014
-8.5238822e-06
0.0001571544
-1.5644207e-05
0.0001580172
-2.2310747e-05
0.00015881456
-2.8408023e-05
0.00015940623
-3.3724668e-05
0.00015964259
-3.8035877e-05
0.000159447
-4.1128734e-05
0.00015889287
-4.2843959e-05
0.00015807258
-4.3188283e-05
0.00015681987
-4.2449122e-05
0.00015518431
-4.068658e-05
0.00015363695
-3.815798e-05
0.00015234309
-3.5064708e-05
0.00015135197
-3.1478708e-05
0.00015065959
-2.7400122e-05
0.00015022803
-2.2809239e-05
0.00015000188
-1.7714933e-05
0.00014992759
-1.2179509e-05
0.00014997161
-6.3304217e-06
0.00015011126
-3.0875074e-07
0.00015037837
5.6991462e-06
0.00015083677
1.1560376e-05
0.00015154783
1.7192124e-05
0.0001525087
2.256487e-05
0.00015364573
2.7628231e-05
0.00015484939
3.2143525e-05
0.00015596981
3.5641763e-05
0.00015682233
3.7719817e-05
0.00015735158
3.8481229e-05
0.00015772938
3.8406727e-05
0.00015801273
3.7623047e-05
0.00015815136
3.5641007e-05
0.00015821694
3.2671075e-05
0.00015827911
2.9007811e-05
0.00015834964
2.4791966e-05
0.00015841224
2.0133434e-05
0.00015845443
1.5142603e-05
0.0001584726
9.9289265e-06
0.00015846627
4.5859655e-06
0.00015845486
-7.5097885e-07
0.00015847425
-5.9780083e-06
0.00015857858
-1.1052254e-05
0.00015882053
-1.5964061e-05
0.00015920628
-2.0665741e-05
0.00015965372
-2.5025885e-05
0.00016001571
-2.8845775e-05
0.00016019078
-3.1846898e-05
0.00016020454
-3.36642e-05
0.00016014542
-3.4196321e-05
0.00016004608
-3.4065993e-05
0.00015982058
-3.3383493e-05
0.00015927391
-3.1537758e-05
0.00015857216
-2.8612016e-05
0.00015780794
-2.5107665e-05
0.00015705915
-2.1146248e-05
0.00015637233
-1.6846334e-05
0.00015576748
-1.2327336e-05
0.00015525905
-7.7089987e-06
0.00015486361
-3.1040362e-06
0.0001545844
1.3952303e-06
0.00015443459
5.6764266e-06
0.00015443851
9.6599494e-06
0.00015462592
1.3301252e-05
0.00015501572
1.6628068e-05
0.00015561487
1.9715922e-05
0.00015640659
2.2570291e-05
0.00015732093
2.5017917e-05
0.00015821839
2.6781567e-05
0.00015895952
2.7737746e-05
0.00015954305
2.8001336e-05
0.00016006065
2.7687451e-05
0.00016052372
2.6662099e-05
0.00016084053
2.4801917e-05
0.00016104856
2.2243404e-05
0.00016118347
1.9092411e-05
0.00016125945
1.5478993e-05
0.0001612704
1.1523644e-05
0.00016121787
7.3593505e-06
0.00016112607
3.0805432e-06
0.00016097828
-1.1988889e-06
0.00016081766
-5.3855399e-06
0.00016064669
-9.3361585e-06
0.00016050707
-1.3030463e-05
0.0001603958
-1.6334213e-05
0.00016034666
-1.932835e-05
0.00016028919
-2.1878499e-05
0.00016022599
-2.4061276e-05
0.00016009059
-2.5592521e-05
0.00015997902
-2.6492451e-05
0.00015985949
-2.6668783e-05
0.00015971917
-2.6543703e-05
0.00015933365
-2.580664e-05
0.00015880946
-2.4813417e-05
-2.1908485e-05
0.00014835721
5.1018404e-07
0.00014769821
1.5100152e-06
0.00014658663
2.5311808e-06
0.00014498643
3.6604628e-06
0.00014284327
4.953963e-06
0.0001400787
6.5195516e-06
0.00013659387
8.4427683e-06
0.00013224728
1.0928942e-05
0.0001268735
1.4128758e-05
0.00012023048
1.8488347e-05
0.00011205003
2.4286501e-05
0.00010192155
3.2634453e-05
8.9473632e-05
4.42192e-05
1.7651089e-05
6.1612587e-05
1.9936518e-05
1.765109e-05
1.9936519e-05
-1.0767825e-05
-1.288926e-05
-1.0767825e-05
-1.2889259e-05
-1.660192e-05
1.4718542e-05
1.9534307e-05
1.8201202e-12
-3.227933e-06
-2.1478971e-06
-7.1690303e-09
1.5602319e-06
3.8209132e-06
3.9425796e-07
5.9838926e-09
-6.4650785e-07
-1.264348e-06
-1.1099565e-12
5.2639494e-09
2.5667981e-08
2.5046223e-08
3.9622201e-07
5.2902583e-07
5.3016861e-07
-1.2579891e-05
-8.4230933e-06
1.5307741e-06
1.8108741e-06
1.5307735e-06
1.8108724e-06
3.496987e-06
3.6628582e-06
3.4969868e-06
3.662858e-06
-1.7841267e-05
-1.1101642e-05
-2.2650533e-05
-1.3205433e-05
-2.7145446e-05
-1.4085968e-05
-3.1193913e-05
-1.3240505e-05
-3.4539434e-05
-1.0309911e-05
-3.6724015e-05
-5.1330942e-06
-3.7603083e-05
2.2046852e-06
-3.6993391e-05
1.1455811e-05
-3.466179e-05
2.2087475e-05
-3.0491981e-05
3.3110788e-05
-2.4391682e-05
4.3321341e-05
-1.6192186e-05
5.1471534e-05
-5.3840391e-06
5.6317551e-05
8.5097045e-06
5.6912977e-05
2.49663e-05
5.2996699e-05
4.2752157e-05
4.4848404e-05
6.0212561e-05
3.3228818e-05
7.6604874e-05
1.8905756e-05
9.1821e-05
2.3982419e-06
0.0001058252
-1.5737212e-05
0.00011843422
-3.4242194e-05
0.00012926809
-5.1656347e-05
0.00013776374
-6.6339609e-05
0.00014361661
-7.7135367e-05
0.00014697119
-8.3183331e-05
0.00014816555
-8.474541e-05
0.00014805863
-8.4133069e-05
0.00014675692
-8.1647381e-05
0.00014372114
-7.6218541e-05
0.00014002598
-6.9445639e-05
0.00013629967
-6.2563048e-05
0.00013263834
-5.5195277e-05
0.00012859449
-4.7897494e-05
0.00012370322
-4.2541513e-05
0.00011813571
-4.0471968e-05
0.00011277529
-4.0736848e-05
0.00010863673
-4.0439085e-05
0.00010624459
-3.6652834e-05
0.00010625957
-2.7523853e-05
0.00010850254
-1.3533316e-05
0.00011270819
3.4606187e-06
0.00011831241
2.1432107e-05
0.00012463732
3.802681e-05
0.00013093156
5.144766e-05
0.00013653478
6.0860374e-05
0.00014107535
6.6522048e-05
0.00014455941
6.9243419e-05
0.00014725638
6.9438126e-05
0.00014923889
6.6855703e-05
0.0001502337
6.1693305e-05
0.00015060014
5.5015132e-05
0.0001508093
4.7835481e-05
0.00015123843
4.1052004e-05
0.00015203909
3.517418e-05
0.00015327937
3.0266892e-05
0.00015500672
2.6012319e-05
0.00015711896
2.1826177e-05
0.00015938719
1.6980287e-05
0.00016167149
1.0669385e-05
0.00016394969
2.2130191e-06
0.00016632395
-9.015061e-06
0.00016872756
-2.2543187e-05
0.00017071659
-3.6867887e-05
0.0001715714
-4.9647782e-05
0.00017092818
-5.9059773e-05
0.00016883841
-6.4116425e-05
0.00016546012
-6.4916207e-05
0.00016061215
-6.2126694e-05
0.00015498955
-5.6637881e-05
0.00014986621
-5.0164279e-05
0.00014564391
-4.3847269e-05
0.00014259104
-3.8288927e-05
0.00014081053
-3.3594706e-05
0.00014024097
-2.9544335e-05
0.00014070165
-2.5755119e-05
0.00014195587
-2.1825602e-05
0.00014375386
-1.7448766e-05
0.00014586488
-1.2430705e-05
0.00014807441
-6.7014596e-06
0.00015019
-3.8493369e-07
0.00015201569
6.3728278e-06
0.00015350416
1.3414666e-05
0.00015471689
2.0804322e-05
0.00015576675
2.8606097e-05
0.00015666807
3.6642516e-05
0.0001572661
4.4269934e-05
0.00015743376
5.0363491e-05
0.00015730363
5.3752877e-05
0.00015704396
5.448575e-05
0.00015653632
5.4075706e-05
0.00015544305
5.2247566e-05
0.00015423353
4.7740431e-05
0.00015345091
4.1823692e-05
0.00015315344
3.527174e-05
0.00015329601
2.8300854e-05
0.00015380456
2.098448e-05
0.00015459169
1.3385635e-05
0.00015554466
5.6404514e-06
0.00015656075
-2.0677146e-06
0.0001575678
-9.5309347e-06
0.0001585345
-1.6610903e-05
0.00015939652
-2.317277e-05
0.00016002077
-2.9032271e-05
0.000160334
-3.4037896e-05
0.0001602831
-3.798498e-05
0.0001597324
-4.0578037e-05
0.00015860612
-4.1717673e-05
0.00015702646
-4.160862e-05
0.00015513873
-4.0561395e-05
0.00015324735
-3.8795201e-05
0.00015156694
-3.6477567e-05
0.0001502058
-3.3703568e-05
0.00014919195
-3.0464861e-05
0.00014849341
-2.6701585e-05
0.00014804901
-2.2364838e-05
0.00014778669
-1.7452613e-05
0.00014764855
-1.2041364e-05
0.00014758998
-6.2718561e-06
0.00014760353
-3.2230137e-07
0.00014771777
5.5849092e-06
0.00014799779
1.1280351e-05
0.00014850726
1.6682656e-05
0.00014927251
2.179962e-05
0.0001502792
2.6621541e-05
0.00015147608
3.0946648e-05
0.00015275609
3.4361754e-05
0.00015394647
3.6529438e-05
0.00015491596
3.7511735e-05
0.00015570852
3.7614165e-05
0.00015643214
3.6899429e-05
0.00015699242
3.5080724e-05
0.00015738724
3.2276259e-05
0.00015768869
2.8706359e-05
0.00015793974
2.454092e-05
0.00015815866
1.9914507e-05
0.00015836759
1.4933677e-05
0.00015857405
9.7224653e-06
0.00015874872
4.4112953e-06
0.00015889902
-9.0127862e-07
0.00015907115
-6.1501396e-06
0.00015933309
-1.1314189e-05
0.00015970719
-1.6338167e-05
0.00016013843
-2.1096973e-05
0.00016052611
-2.5413569e-05
0.00016075933
-2.9078993e-05
0.00016075272
-3.1840293e-05
0.00016055339
-3.3464871e-05
0.0001603172
-3.3960124e-05
0.00015990765
-3.3656448e-05
0.00015904105
-3.251689e-05
0.00015784402
-3.0340726e-05
0.00015666887
-2.7436873e-05
0.00015556478
-2.4003573e-05
0.0001545569
-2.0138364e-05
0.00015365848
-1.5947917e-05
0.00015288129
-1.1550148e-05
0.00015222925
-7.0569575e-06
0.0001517199
-2.5946887e-06
0.0001513509
1.7642326e-06
0.00015114472
5.8826084e-06
0.00015111664
9.6880264e-06
0.00015127712
1.314077e-05
0.00015163236
1.627283e-05
0.00015219505
1.9153237e-05
0.00015297908
2.178626e-05
0.0001539582
2.4038795e-05
0.00015503279
2.5706977e-05
0.00015607844
2.6692095e-05
0.00015704126
2.7038522e-05
0.00015794964
2.6779068e-05
0.00015878361
2.582813e-05
0.00015945954
2.4125989e-05
0.00015998387
2.1719072e-05
0.00016037324
1.8703042e-05
0.0001606514
1.5200827e-05
0.00016084778
1.1327269e-05
0.00016098063
7.2264994e-06
0.00016105507
3.0061039e-06
0.00016105877
-1.2025872e-06
0.0001610071
-5.3338755e-06
0.00016089787
-9.2269303e-06
0.00016079319
-1.2925775e-05
0.00016067895
-1.6219973e-05
0.00016061801
-1.9267411e-05
0.00016049765
-2.1758143e-05
0.00016035808
-2.3921706e-05
0.00016001965
-2.5254088e-05
0.00015966984
-2.6142647e-05
0.00015913248
-2.6131417e-05
0.00015853664
-2.5947867e-05
0.00015756797
-2.4837971e-05
0.00015650568
-2.3751124e-05
-2.0617704e-05
0.00014659759
7.002204e-07
0.00014602422
2.0833837e-06
0.00014505395
3.5014569e-06
0.00014366956
5.0448501e-06
0.00014182782
6.7956991e-06
0.00013949318
8.8541971e-06
0.00013658953
1.1346415e-05
0.00013308053
1.4437945e-05
0.0001288507
1.8358581e-05
0.00012394375
2.3395296e-05
0.00011820014
3.0030112e-05
0.00011211322
3.8721375e-05
0.00010582676
5.0505656e-05
2.4641801e-05
6.6275916e-05
2.5939916e-05
2.4641802e-05
2.5939915e-05
-2.0212642e-05
2.389959e-05
2.0955404e-05
-3.161829e-14
-5.952735e-06
2.7009432e-05
1.4375318e-12
5.0702681e-06
4.1567943e-06
4.1593441e-06
5.0555833e-06
-2.2695965e-05
-5.9743663e-06
-5.4060424e-06
-5.4252739e-06
-5.0094823e-08
1.6975487e-10
-1.0389209e-07
1.5387689e-07
1.1672758e-06
7.1423833e-07
-1.5116021e-06
-3.6977158e-07
-1.0793656e-12
-9.8698262e-06
-5.7351967e-06
1.9000592e-06
1.6909055e-06
1.9000591e-06
1.6909047e-06
-1.2118259e-05
-8.8532091e-06
-1.4181888e-05
-1.1141805e-05
-1.6137208e-05
-1.2130648e-05
-1.7911554e-05
-1.146616e-05
-1.9351e-05
-8.8704647e-06
-2.0196522e-05
-4.2875729e-06
-2.0132731e-05
2.1408943e-06
-1.8642058e-05
9.9651381e-06
-1.514943e-05
1.8594848e-05
-9.246082e-06
2.720744e-05
-6.9237761e-07
3.4767636e-05
1.0601447e-05
4.0177709e-05
2.4339502e-05
4.2579496e-05
3.9858995e-05
4.1393484e-05
5.6377928e-05
3.6477766e-05
7.2958455e-05
2.8267877e-05
8.8871271e-05
1.7316002e-05
0.00010381641
3.9606134e-06
0.00011781477
-1.1600112e-05
0.00013056867
-2.8491118e-05
0.00014162995
-4.5303474e-05
0.0001503374
-6.0363794e-05
0.00015615602
-7.2158232e-05
0.00015883889
-7.9818234e-05
0.00015904221
-8.3386645e-05
0.00015808348
-8.3786681e-05
0.00015581621
-8.1865798e-05
0.00015174867
-7.7579847e-05
0.00014686563
-7.1335503e-05
0.00014205245
-6.4632455e-05
0.00013737201
-5.7882603e-05
0.00013292037
-5.0743639e-05
0.00012836222
-4.3339345e-05
0.00012312681
-3.7306104e-05
0.00011707317
-3.4418327e-05
0.00011081658
-3.4480256e-05
0.00010538156
-3.500407e-05
0.00010157493
-3.2846199e-05
0.00010003805
-2.5986981e-05
0.0001009038
-1.4399064e-05
0.00010389086
4.7356383e-07
0.00010867847
1.6644488e-05
0.00011464236
3.2062925e-05
0.00012104674
4.5043282e-05
0.00012718169
5.472542e-05
0.00013258656
6.111718e-05
0.00013719196
6.4638019e-05
0.00014115739
6.547269e-05
0.00014446155
6.3551546e-05
0.00014694958
5.9205273e-05
0.00014868814
5.3276579e-05
0.00014990916
4.6614453e-05
0.00015100314
3.9958027e-05
0.00015225513
3.3922187e-05
0.00015378761
2.8734413e-05
0.00015564172
2.4158211e-05
0.00015775267
1.9715232e-05
0.00016006404
1.4668911e-05
0.00016251876
8.2146638e-06
0.00016531903
-5.872512e-07
0.00016836643
-1.2062456e-05
0.00017125993
-2.5436691e-05
0.00017316429
-3.8772245e-05
0.00017350061
-4.9984098e-05
0.00017199458
-5.7553746e-05
0.00016863574
-6.0757586e-05
0.00016360927
-5.9889739e-05
0.00015745027
-5.5967694e-05
0.0001512384
-5.0426003e-05
0.00014567531
-4.4601191e-05
0.00014124478
-3.9416739e-05
0.00013817499
-3.5219138e-05
0.00013647626
-3.1895974e-05
0.00013600206
-2.9070141e-05
0.00013651345
-2.6266511e-05
0.00013774777
-2.3059916e-05
0.00013945503
-1.915603e-05
0.00014142327
-1.4398946e-05
0.00014349079
-8.7689793e-06
0.00014550516
-2.399301e-06
0.00014727416
4.6038253e-06
0.00014873975
1.1949078e-05
0.00014991812
1.9625953e-05
0.0001508947
2.7629519e-05
0.00015173277
3.5804439e-05
0.00015245566
4.3547045e-05
0.00015309137
4.9727786e-05
0.0001535748
5.3269448e-05
0.00015381747
5.4243075e-05
0.00015396117
5.3932006e-05
0.00015378432
5.2424421e-05
0.00015326713
4.8257622e-05
0.00015296795
4.2122863e-05
0.00015300559
3.5234108e-05
0.00015341987
2.7886572e-05
0.00015415395
2.02504e-05
0.00015511755
1.2422029e-05
0.00015620653
4.5514731e-06
0.00015731772
-3.1788998e-06
0.00015837268
-1.0585895e-05
0.00015930294
-1.7541163e-05
0.00016003355
-2.3903381e-05
0.00016049903
-2.9497751e-05
0.00016054667
-3.4085541e-05
0.0001599437
-3.7382009e-05
0.00015864302
-3.9277354e-05
0.00015680059
-3.987524e-05
0.00015464241
-3.9450442e-05
0.00015240486
-3.8323845e-05
0.00015032435
-3.6714694e-05
0.00014856572
-3.471893e-05
0.00014719217
-3.233002e-05
0.0001461885
-2.9461196e-05
0.00014549491
-2.6007992e-05
0.00014503372
-2.1903643e-05
0.0001447268
-1.7145702e-05
0.00014451552
-1.1830074e-05
0.00014437239
-6.1287342e-06
0.00014428486
-2.3476973e-07
0.00014428904
5.5807347e-06
0.00014443648
1.1132907e-05
0.00014478217
1.6336967e-05
0.00014537178
2.1210004e-05
0.00014623948
2.5753848e-05
0.00014738233
2.9803794e-05
0.00014870931
3.3034775e-05
0.00015004727
3.5191477e-05
0.00015126894
3.6290068e-05
0.00015239905
3.6484056e-05
0.00015351933
3.5779151e-05
0.00015452897
3.4071085e-05
0.00015537261
3.1432613e-05
0.00015605976
2.8019209e-05
0.00015662383
2.3976857e-05
0.00015710546
1.9432877e-05
0.00015752369
1.4515448e-05
0.00015789345
9.3527054e-06
0.00015822543
4.0793138e-06
0.00015855203
-1.2278842e-06
0.00015891637
-6.5144744e-06
0.00015934813
-1.1745952e-05
0.00015983328
-1.6823317e-05
0.00016030663
-2.1570324e-05
0.00016066405
-2.5770987e-05
0.00016075663
-2.9171568e-05
0.00016046309
-3.1546753e-05
0.000159809
-3.2810784e-05
0.00015890065
-3.3051775e-05
0.00015768202
-3.2437818e-05
0.00015618057
-3.1015441e-05
0.0001546715
-2.8831659e-05
0.00015324642
-2.6011786e-05
0.00015192602
-2.2683177e-05
0.00015073118
-1.8943526e-05
0.00014967458
-1.4891312e-05
0.00014876561
-1.0641179e-05
0.00014801214
-6.3034886e-06
0.00014741974
-2.0022881e-06
0.00014700741
2.1765634e-06
0.00014678278
6.1072373e-06
0.0001467521
9.7187076e-06
0.00014691335
1.2979518e-05
0.00014726874
1.5917446e-05
0.0001478364
1.8585571e-05
0.0001486368
2.0985858e-05
0.00014965089
2.3024709e-05
0.00015079686
2.4561001e-05
0.00015197837
2.5510591e-05
0.00015315317
2.5863721e-05
0.0001543231
2.5609139e-05
0.00015546199
2.4689234e-05
0.00015651258
2.30754e-05
0.00015742625
2.0805403e-05
0.00015818463
1.7944659e-05
0.00015878754
1.4597921e-05
0.00015924463
1.0870179e-05
0.00015957372
6.8974119e-06
0.00015979465
2.7851675e-06
0.0001599234
-1.3313276e-06
0.0001599802
-5.3906798e-06
0.00015997414
-9.2208743e-06
0.00015994092
-1.2892551e-05
0.00015986165
-1.6140706e-05
0.00015974863
-1.9154389e-05
0.00015948523
-2.1494746e-05
0.00015909123
-2.3527704e-05
0.00015842508
-2.4587933e-05
0.00015765765
-2.5375224e-05
0.00015660184
-2.5075605e-05
0.00015546405
-2.4810082e-05
0.00015397867
-2.3352583e-05
0.00015243886
-2.2211315e-05
-1.8946024e-05
0.00014413159
8.5774868e-07
0.00014365961
2.5553583e-06
0.00014286543
4.2956373e-06
0.00014174158
6.1687e-06
0.00014026801
8.2692714e-06
0.00013843362
1.0688585e-05
0.00013621732
1.3562714e-05
0.00013362743
1.702784e-05
0.00013068702
2.1298985e-05
0.00012748732
2.6594998e-05
0.00012426379
3.3253645e-05
0.00012132177
4.1663393e-05
0.00011972928
5.2098146e-05
0.00012085445
6.5150739e-05
3.1650137e-05
8.1482707e-05
-2.0426568e-05
-2.452535e-05
-2.0426569e-05
-2.452535e-05
3.2987654e-05
3.1650141e-05
3.2987652e-05
-2.7763885e-05
3.2742166e-05
2.6671789e-05
-2.9230111e-13
-5.9744387e-06
2.6400765e-05
1.7874928e-12
-6.0054269e-06
-4.5830437e-06
-4.6157058e-06
7.4919159e-06
6.1159777e-06
6.1490466e-06
7.4563223e-06
-3.2450455e-05
-2.0223337e-06
9.8675061e-10
2.0206462e-06
8.2442865e-08
-5.1605959e-10
-2.0584323e-07
1.2368477e-07
-1.0482883e-06
1.0774345e-06
-8.1206545e-07
7.8278458e-07
5.820516e-12
2.0160853e-06
-2.3509993e-06
3.2980896e-07
6.880039e-07
3.2980856e-07
6.8800356e-07
4.2963007e-07
-1.2799872e-06
4.2963114e-07
-1.279985e-06
1.8135316e-06
-5.532643e-06
1.4283304e-06
-8.468008e-06
1.0990181e-06
-1.0812493e-05
9.5109812e-07
-1.1982728e-05
1.1586201e-06
-1.1673682e-05
1.9738815e-06
-9.6857262e-06
3.5042743e-06
-5.8179656e-06
6.1068587e-06
-4.616899e-07
1.0083344e-05
5.9886528e-06
1.5789684e-05
1.2888508e-05
2.3459531e-05
1.9537593e-05
3.317869e-05
2.5048477e-05
4.483926e-05
2.8517139e-05
5.8149215e-05
2.9269541e-05
7.2599569e-05
2.6943129e-05
8.7502335e-05
2.1575e-05
0.00010223183
1.3538384e-05
0.00011643308
3.1147504e-06
0.0001300429
-9.6492024e-06
0.00014275721
-2.4314426e-05
0.00015404668
-3.9780585e-05
0.00016297674
-5.4233536e-05
0.00016867625
-6.60633e-05
0.00017099543
-7.4477415e-05
0.00017058356
-7.9406365e-05
0.00016831572
-8.1118806e-05
0.00016455426
-8.002522e-05
0.00015938323
-7.6694764e-05
0.00015366269
-7.1859307e-05
0.00014813731
-6.5810132e-05
0.00014267521
-5.9170354e-05
0.00013732854
-5.2535932e-05
0.0001322803
-4.5695393e-05
0.00012736802
-3.8427066e-05
0.00012198992
-3.1928001e-05
0.00011574634
-2.8174757e-05
0.00010895594
-2.7689855e-05
0.00010255789
-2.8606016e-05
9.7577827e-05
-2.7866137e-05
9.4750147e-05
-2.3159301e-05
9.4341726e-05
-1.3990644e-05
9.6199659e-05
-1.3843693e-06
0.00010011684
1.2727309e-05
0.00010550652
2.6673239e-05
0.0001116917
3.8858109e-05
0.00011799247
4.8424645e-05
0.00012394743
5.5162225e-05
0.00012941375
5.9171699e-05
0.00013438818
6.0498257e-05
0.00013877101
5.916872e-05
0.00014243729
5.5538987e-05
0.00014539774
5.0316135e-05
0.00014773788
4.4274307e-05
0.00014964459
3.8051314e-05
0.00015138059
3.2186193e-05
0.00015316166
2.6953346e-05
0.00015507995
2.2239918e-05
0.00015718857
1.7606614e-05
0.00015956934
1.2288138e-05
0.00016245075
5.3332548e-06
0.00016593501
-4.071514e-06
0.00016964402
-1.5771463e-05
0.00017269678
-2.8489455e-05
0.00017426797
-4.0343427e-05
0.00017383193
-4.9548059e-05
0.00017103309
-5.475491e-05
0.00016609266
-5.5817154e-05
0.0001596907
-5.3487781e-05
0.0001527182
-4.8995189e-05
0.00014602577
-4.3733583e-05
0.00014029867
-3.8874084e-05
0.00013592965
-3.5047722e-05
0.00013301676
-3.2306248e-05
0.00013144862
-3.0327835e-05
0.00013100244
-2.8623954e-05
0.00013141262
-2.6676698e-05
0.00013242786
-2.4075153e-05
0.00013383952
-2.0567686e-05
0.00013548914
-1.6048571e-05
0.00013725189
-1.0531724e-05
0.00013899345
-4.140867e-06
0.00014062196
2.9753132e-06
0.00014202611
1.0544933e-05
0.00014318144
1.8470623e-05
0.00014414023
2.6670724e-05
0.00014502653
3.4918143e-05
0.00014600047
4.2573106e-05
0.00014713462
4.859363e-05
0.00014825171
5.2152367e-05
0.0001490803
5.3414478e-05
0.00014978873
5.3223576e-05
0.00015049804
5.1715117e-05
0.00015107717
4.7678492e-05
0.0001515602
4.1639829e-05
0.00015213681
3.4657501e-05
0.0001529205
2.7102882e-05
0.0001539361
1.9234797e-05
0.00015510949
1.1248644e-05
0.00015633137
3.3295897e-06
0.00015750629
-4.3538155e-06
0.00015856395
-1.1643561e-05
0.00015943342
-1.8410633e-05
0.00015999608
-2.4466042e-05
0.00016007136
-2.957303e-05
0.00015945487
-3.3469053e-05
0.00015808329
-3.6010425e-05
0.0001560588
-3.7252864e-05
0.00015361837
-3.7434813e-05
0.00015104701
-3.6879075e-05
0.00014859235
-3.5869193e-05
0.00014643481
-3.4557157e-05
0.00014467018
-3.2954291e-05
0.00014330707
-3.0966917e-05
0.00014230011
-2.8454231e-05
0.00014157585
-2.5283737e-05
0.00014105579
-2.1383582e-05
0.00014067184
-1.6761749e-05
0.00014037761
-1.1535841e-05
0.00014014496
-5.8960892e-06
0.00013998891
-7.8722202e-08
0.00013992956
5.6400887e-06
0.0001400048
1.1057662e-05
0.00014025684
1.6084934e-05
0.00014073815
2.072869e-05
0.00014150701
2.4984987e-05
0.00014258645
2.8724357e-05
0.00014391004
3.1711187e-05
0.00014533686
3.3764659e-05
0.0001467584
3.4868524e-05
0.00014816265
3.5079804e-05
0.00014955227
3.4389531e-05
0.00015086045
3.2762911e-05
0.00015204199
3.0251075e-05
0.0001530886
2.697259e-05
0.00015401427
2.305119e-05
0.0001548307
1.8616446e-05
0.00015553739
1.3808761e-05
0.00015615074
8.7393497e-06
0.00015669882
3.5312415e-06
0.0001572328
-1.7618695e-06
0.00015779517
-7.0768452e-06
0.00015838684
-1.2337617e-05
0.0001589457
-1.738218e-05
0.00015934695
-2.1971575e-05
0.00015942403
-2.5848068e-05
0.00015905211
-2.8799643e-05
0.00015821788
-3.0712529e-05
0.00015699989
-3.1592792e-05
0.00015549752
-3.1549402e-05
0.00015378913
-3.072943e-05
0.00015199563
-2.9221936e-05
0.00015023869
-2.7074719e-05
0.00014858744
-2.4360536e-05
0.00014707187
-2.116761e-05
0.00014570969
-1.7581341e-05
0.00014451497
-1.3696595e-05
0.00014349625
-9.6224605e-06
0.00014266553
-5.4727629e-06
0.00014202681
-1.3635712e-06
0.00014160243
2.6009467e-06
0.00014139135
6.3183174e-06
0.00014139074
9.7193169e-06
0.00014159045
1.2779802e-05
0.00014198656
1.5521338e-05
0.00014259111
1.798102e-05
0.00014342079
2.0156183e-05
0.00014446425
2.1981248e-05
0.00014566743
2.3357826e-05
0.00014696109
2.4216924e-05
0.00014830092
2.4523891e-05
0.00014966165
2.4248416e-05
0.00015100608
2.3344799e-05
0.00015228478
2.1796704e-05
0.00015346016
1.9630018e-05
0.00015450205
1.690277e-05
0.00015539434
1.370563e-05
0.0001561352
1.012932e-05
0.00015672524
6.3073778e-06
0.00015716553
2.3448771e-06
0.00015748204
-1.6478467e-06
0.00015768507
-5.5937044e-06
0.00015780402
-9.3398265e-06
0.0001578281
-1.291663e-05
0.00015774551
-1.6058117e-05
0.00015749263
-1.8901508e-05
0.00015701705
-2.1019161e-05
0.00015627228
-2.2782939e-05
0.00015524057
-2.3556221e-05
0.00015398182
-2.4116473e-05
0.00015245531
-2.3549096e-05
0.00015079135
-2.3146124e-05
0.0001488989
-2.1460131e-05
0.00014701151
-2.032393e-05
-1.7018445e-05
0.00014095623
9.7825519e-07
0.0001405959
2.9156911e-06
0.0001399962
4.8953347e-06
0.00013915623
7.0086688e-06
0.00013808193
9.3435713e-06
0.00013677545
1.1995068e-05
0.00013527223
1.5065931e-05
0.00013359342
1.8706648e-05
0.00013187974
2.3012673e-05
0.00013024521
2.8229527e-05
0.00012910036
3.4398494e-05
0.00012874559
4.2018158e-05
0.00013026535
5.057839e-05
0.00013450479
6.0911295e-05
0.00014449306
7.1494438e-05
4.0207932e-05
8.3729806e-05
-2.4237265e-05
-2.6391287e-05
-2.4237265e-05
-2.6391297e-05
4.0802249e-05
4.0207944e-05
4.0802246e-05
-2.6377473e-05
4.1523787e-05
2.5058319e-05
8.9250617e-14
-5.9817718e-06
4.0926187e-05
2.3362816e-05
2.734714e-12
-4.1739571e-05
-6.0026102e-06
-5.2744449e-06
-5.2944367e-06
-1.886399e-06
-8.2874603e-06
-8.5728964e-09
6.7832412e-06
3.3923139e-06
-3.0584983e-06
-6.4248715e-09
1.8871934e-06
1.1735418e-06
-7.958592e-07
5.3866311e-11
6.5793345e-07
1.3759534e-07
1.0093893e-07
-6.6280761e-07
-4.9333803e-10
6.955286e-07
-1.3321898e-07
1.8051291e-08
-8.4201503e-07
4.7191283e-06
2.6628948e-07
-1.9553069e-12
1.9713739e-08
6.5850399e-09
6.5318891e-09
-8.4567979e-07
-1.6776275e-06
-1.6763881e-06
-7.2209877e-07
-4.6853118e-06
5.0952912e-06
3.1080627e-07
3.5174553e-12
3.5972794e-05
1.0444787e-06
-3.4433171e-07
4.2649836e-08
-3.4433088e-07
4.2647582e-08
-5.9915844e-06
-1.2215369e-05
-5.9915882e-06
-1.2215366e-05
3.5463448e-05
-1.8416522e-06
3.4650148e-05
-4.7193427e-06
3.3604876e-05
-7.422737e-06
3.2469015e-05
-9.676632e-06
3.1540308e-05
-1.1054021e-05
3.1090292e-05
-1.1223666e-05
3.1485046e-05
-1.008048e-05
3.3065792e-05
-7.3987112e-06
3.6111177e-05
-3.5070751e-06
4.0836544e-05
1.2632858e-06
4.7393005e-05
6.332048e-06
5.5738755e-05
1.1191842e-05
6.5711579e-05
1.5075654e-05
7.7106441e-05
1.7122277e-05
8.9635822e-05
1.674016e-05
0.00010288792
1.3691036e-05
0.00011634998
8.1129309e-06
0.00012961176
2.7661167e-07
0.0001425995
-9.8729935e-06
0.0001552162
-2.22659e-05
0.00016668697
-3.5785192e-05
0.00017545437
-4.8547989e-05
0.00018039908
-5.917825e-05
0.00018176896
-6.7433177e-05
0.00018046902
-7.3177475e-05
0.00017723664
-7.6173981e-05
0.00017249074
-7.6372912e-05
0.00016674526
-7.4279736e-05
0.00016056233
-7.0511839e-05
0.00015423105
-6.5528028e-05
0.00014801815
-5.9597232e-05
0.00014199331
-5.3145516e-05
0.00013618164
-4.6724255e-05
0.00013074895
-4.0262704e-05
0.00012565433
-3.3332445e-05
0.00012034953
-2.6623202e-05
0.00011421724
-2.2042472e-05
0.00010726505
-2.073766e-05
0.00010025667
-2.1597641e-05
9.4308265e-05
-2.1917727e-05
9.0332437e-05
-1.9183474e-05
8.8762975e-05
-1.2421181e-05
8.9629085e-05
-2.2504806e-06
9.2618646e-05
9.737749e-06
9.7285942e-05
2.2005942e-05
0.00010301701
3.3127036e-05
0.00010920907
4.2232585e-05
0.00011543003
4.8941265e-05
0.00012146614
5.3135596e-05
0.00012719185
5.4772541e-05
0.00013243687
5.3923699e-05
0.00013703683
5.0939028e-05
0.0001409334
4.6419567e-05
0.0001441805
4.1027206e-05
0.00014686731
3.5364502e-05
0.00014914183
2.9911675e-05
0.00015120033
2.4894847e-05
0.00015323445
2.0205801e-05
0.00015550003
1.5341033e-05
0.00015832183
9.4663394e-06
0.00016198181
1.673267e-06
0.00016623901
-8.3287058e-06
0.00017033713
-1.986959e-05
0.00017324131
-3.1393629e-05
0.0001740174
-4.1119523e-05
0.0001721111
-4.7641759e-05
0.00016765325
-5.0297058e-05
0.00016128111
-4.9445007e-05
0.0001538785
-4.6085176e-05
0.00014638878
-4.1505465e-05
0.00013961355
-3.6958358e-05
0.00013407657
-3.3337097e-05
0.00012999278
-3.0963931e-05
0.00012731081
-2.9624279e-05
0.00012581419
-2.8831213e-05
0.00012524212
-2.8051884e-05
0.00012534471
-2.6779291e-05
0.00012592409
-2.4654531e-05
0.00012683857
-2.1482168e-05
0.000127984
-1.7193999e-05
0.00012927905
-1.1826779e-05
0.00013064964
-5.5114578e-06
0.00013201651
1.6084449e-06
0.00013328101
9.2804342e-06
0.00013440028
1.7351352e-05
0.0001354311
2.5639904e-05
0.00013654238
3.380686e-05
0.00013792838
4.1187112e-05
0.00013961669
4.6905316e-05
0.00014136168
5.0407375e-05
0.00014289268
5.1883486e-05
0.00014429551
5.1820744e-05
0.00014587854
5.0132081e-05
0.00014746401
4.6093021e-05
0.00014886241
4.0241432e-05
0.00015019326
3.3326656e-05
0.00015154481
2.5751325e-05
0.00015296334
1.781627e-05
0.00015439452
9.8174603e-06
0.00015574861
1.9755077e-06
0.00015696647
-5.5716786e-06
0.00015796638
-1.2643476e-05
0.00015863178
-1.9076028e-05
0.0001587835
-2.4617758e-05
0.00015822081
-2.9010342e-05
0.00015684507
-3.2093316e-05
0.00015472573
-3.3891082e-05
0.00015208545
-3.4612583e-05
0.00014922183
-3.4571193e-05
0.00014641541
-3.4072653e-05
0.00014386922
-3.332301e-05
0.00014169469
-3.2382623e-05
0.00013992337
-3.1182968e-05
0.00013852922
-2.9572772e-05
0.00013745273
-2.7377743e-05
0.00013662527
-2.445627e-05
0.00013598482
-2.0743134e-05
0.00013547958
-1.6256513e-05
0.00013508044
-1.1136699e-05
0.00013477677
-5.5924195e-06
0.0001345824
1.156462e-07
0.00013451165
5.7108387e-06
0.00013458308
1.0986233e-05
0.00013482441
1.5843605e-05
0.00013528486
2.0268236e-05
0.00013602807
2.4241781e-05
0.00013708574
2.7666685e-05
0.00013841304
3.0383885e-05
0.00013990601
3.2271686e-05
0.00014147889
3.3295651e-05
0.00014309565
3.3463042e-05
0.00014472479
3.2760386e-05
0.00014630753
3.1180177e-05
0.00014779104
2.8767562e-05
0.00014915477
2.5608864e-05
0.00015039076
2.1815197e-05
0.0001515003
1.7506913e-05
0.00015249136
1.2817696e-05
0.00015336843
7.8622784e-06
0.00015418111
2.7185626e-06
0.00015496817
-2.5489337e-06
0.00015574346
-7.8521296e-06
0.00015644833
-1.304249e-05
0.00015695034
-1.7884186e-05
0.00015708419
-2.2105424e-05
0.00015671529
-2.5479175e-05
0.00015579713
-2.7881475e-05
0.00015438857
-2.930397e-05
0.00015262374
-2.9827965e-05
0.00015065194
-2.9577605e-05
0.00014858902
-2.8666504e-05
0.00014652839
-2.7161313e-05
0.00014455141
-2.5097732e-05
0.00014271087
-2.2519999e-05
0.00014103359
-1.9490332e-05
0.00013953668
-1.6084433e-05
0.00013823478
-1.2394693e-05
0.00013714059
-8.5282703e-06
0.00013626701
-4.5991857e-06
0.00013562441
-7.2097089e-07
0.00013522271
3.002647e-06
0.00013505839
6.4826401e-06
0.00013511886
9.6588474e-06
0.00013538692
1.2511746e-05
0.00013585369
1.5054562e-05
0.00013652584
1.7308875e-05
0.00013741449
1.9267536e-05
0.00013851103
2.0884704e-05
0.00013977692
2.2091931e-05
0.00014116256
2.2831286e-05
0.00014262812
2.3058335e-05
0.00014414259
2.2733947e-05
0.00014566474
2.1822651e-05
0.00014714829
2.0313154e-05
0.00014855012
1.8228186e-05
0.00014983516
1.5617733e-05
0.00015098283
1.2557959e-05
0.00015196784
9.1443095e-06
0.0001527923
5.4829149e-06
0.00015346056
1.6766201e-06
0.00015397716
-2.1644496e-06
0.00015435025
-5.9667921e-06
0.00015458635
-9.5759253e-06
0.00015463444
-1.2964724e-05
0.00015446383
-1.5887503e-05
0.00015398443
-1.842211e-05
0.00015318228
-2.0217013e-05
0.00015200811
-2.1608766e-05
0.0001505308
-2.2078917e-05
0.00014877975
-2.2365417e-05
0.00014684573
-2.1615085e-05
0.00014477983
-2.1080215e-05
0.00014262534
-1.9305647e-05
0.00014049505
-1.8193643e-05
-1.4914452e-05
0.0001370681
1.0606632e-06
0.00013682395
3.1598404e-06
0.00013642071
5.2985745e-06
0.00013587103
7.5583481e-06
0.00013518824
1.0026357e-05
0.00013440699
1.277632e-05
0.00013356672
1.5906207e-05
0.00013275792
1.9515445e-05
0.00013207033
2.3700259e-05
0.00013177301
2.8526848e-05
0.00013206691
3.4104595e-05
0.00013367433
4.0410738e-05
0.00013654765
4.7705072e-05
0.00014272282
5.4736127e-05
0.0001507004
6.3516861e-05
0.00016580493
6.862527e-05
0.00018124124
7.7247479e-05
-2.307069e-05
-2.3271203e-05
-2.3070689e-05
-2.3271201e-05
4.7817021e-05
7.346728e-05
-2.1985782e-05
-2.0494863e-05
-2.1985781e-05
-2.0494861e-05
4.8550579e-05
4.7817041e-05
4.8550603e-05
-1.7901747e-05
4.78021e-05
1.7915997e-05
1.0293451e-12
-1.1842456e-05
-4.6915933e-05
4.4813575e-05
1.3943023e-05
-3.3084667e-11
-6.1157918e-06
-4.1885373e-05
3.874356e-05
9.2545957e-06
-5.3093745e-12
-2.6878536e-06
-3.5562706e-05
3.24563e-05
5.79166e-06
7.9214225e-12
0.00012787489
1.8907036e-05
-1.6105105e-06
-1.3387007e-06
-1.6105123e-06
-1.3387021e-06
-3.0680902e-05
-3.9760843e-05
-3.0680922e-05
-3.9760838e-05
0.00011740373
1.3538328e-05
-8.0074058e-07
-7.3284397e-07
-8.0074042e-07
-7.3284311e-07
0.00010940271
9.0455054e-06
0.0001029916
4.5694532e-06
9.7594685e-05
6.7757641e-07
9.2868337e-05
-2.6963896e-06
8.8449428e-05
-5.2577233e-06
8.4428138e-05
-7.0327301e-06
8.1002192e-05
-7.7977201e-06
7.849575e-05
-7.5740379e-06
7.732926e-05
-6.2322216e-06
7.7751376e-05
-3.9291904e-06
8.0294206e-05
-1.2795438e-06
8.5004426e-05
1.6218274e-06
9.1755463e-05
4.440806e-06
0.0001002513
6.5798207e-06
0.00011024741
7.1261639e-06
0.00012137058
5.6169882e-06
0.0001331545
1.9071216e-06
0.0001451157
-3.8482769e-06
0.00015729575
-1.1903432e-05
0.00016921605
-2.1793299e-05
0.00017943891
-3.2488759e-05
0.00018629973
-4.2646006e-05
0.00018950814
-5.1756398e-05
0.00018990144
-5.9571551e-05
0.00018813909
-6.5670833e-05
0.00018455734
-6.9595726e-05
0.00017940565
-7.1022284e-05
0.00017323421
-7.0201475e-05
0.00016652102
-6.756655e-05
0.00015958455
-6.3575362e-05
0.0001527036
-5.8647086e-05
0.00014612655
-5.3020172e-05
0.00013991302
-4.6931991e-05
0.00013399687
-4.0808108e-05
0.00012845548
-3.4721315e-05
0.00012335321
-2.8230168e-05
0.00011828892
-2.1558917e-05
0.00011254612
-1.6299672e-05
0.00010580293
-1.3994468e-05
9.8566698e-05
-1.4361409e-05
9.1910372e-05
-1.5261402e-05
8.6922759e-05
-1.4195861e-05
8.4255977e-05
-9.7544005e-06
8.4055199e-05
-2.0497021e-06
8.6128543e-05
7.6644038e-06
9.0017393e-05
1.8117092e-05
9.5182707e-05
2.7961723e-05
0.00010110243
3.6312865e-05
0.00010737779
4.2665907e-05
0.00011374247
4.6770911e-05
0.00011998028
4.853473e-05
0.00012585937
4.8044612e-05
0.00013117412
4.5624275e-05
0.00013580075
4.1792934e-05
0.00013969806
3.7129905e-05
0.00014290153
3.2161026e-05
0.0001455484
2.7264804e-05
0.00014788406
2.2559194e-05
0.00015028465
1.7805209e-05
0.00015320101
1.2424669e-05
0.00015702118
5.6461657e-06
0.0001616696
-2.9751524e-06
0.00016650604
-1.3165144e-05
0.00017043713
-2.3800679e-05
0.00017234792
-3.3304421e-05
0.00017148897
-4.0260566e-05
0.00016774684
-4.3899636e-05
0.00016169403
-4.424425e-05
0.00015423035
-4.1981325e-05
0.00014633184
-3.8186667e-05
0.00013886777
-3.4041387e-05
0.00013245875
-3.0549343e-05
0.00012740278
-2.8281123e-05
0.00012371419
-2.7275347e-05
0.00012122187
-2.7131955e-05
0.0001196708
-2.7280147e-05
0.00011880147
-2.7182547e-05
0.00011841186
-2.6389687e-05
0.00011838352
-2.462619e-05
0.00011864467
-2.1743315e-05
0.00011915403
-1.7703357e-05
0.0001198692
-1.2541956e-05
0.00012074298
-6.3852369e-06
0.00012174948
6.0195036e-07
0.00012280846
8.2214523e-06
0.00012390301
1.6256801e-05
0.00012511254
2.4430373e-05
0.00012660582
3.2313577e-05
0.00012852279
3.9270149e-05
0.0001308006
4.4627507e-05
0.00013316742
4.8040555e-05
0.00013542977
4.9621131e-05
0.00013770916
4.9541361e-05
0.00014022194
4.7619301e-05
0.00014268979
4.3625165e-05
0.00014496428
3.7966948e-05
0.00014709771
3.1193228e-05
0.00014912365
2.3725376e-05
0.00015101528
1.5924645e-05
0.00015273941
8.0933351e-06
0.00015426025
4.5466103e-07
0.00015550037
-6.8117994e-06
0.00015635975
-1.3502856e-05
0.00015665792
-1.9374191e-05
0.00015620081
-2.4160647e-05
0.00015487704
-2.7686579e-05
0.0001527343
-2.9950575e-05
0.00014997835
-3.1135132e-05
0.00014690471
-3.1538944e-05
0.00014380758
-3.1474061e-05
0.00014091112
-3.1176192e-05
0.0001383435
-3.0755385e-05
0.00013615047
-3.01896e-05
0.00013432105
-2.9353545e-05
0.00013281458
-2.8066299e-05
0.00013158032
-2.6143483e-05
0.00013057002
-2.3445969e-05
0.00012974495
-1.991807e-05
0.00012908202
-1.5593583e-05
0.00012856856
-1.0623237e-05
0.00012820695
-5.2308074e-06
0.00012800749
3.1509947e-07
0.000127974
5.744333e-06
0.00012810725
1.0852986e-05
0.00012842038
1.5530471e-05
0.00012895221
1.9736411e-05
0.00012975577
2.3438218e-05
0.00013085949
2.6562967e-05
0.00013223495
2.9008427e-05
0.00013381319
3.0693447e-05
0.00013552718
3.1581662e-05
0.00013732914
3.1661079e-05
0.0001391705
3.0919025e-05
0.0001409923
2.9358378e-05
0.00014274621
2.7013656e-05
0.00014439853
2.3956538e-05
0.0001459289
2.0284826e-05
0.00014732436
1.6111451e-05
0.00014858758
1.1554485e-05
0.00014975083
6.6990208e-06
0.00015084847
1.6209237e-06
0.00015189202
-3.5924825e-06
0.00015282201
-8.7821233e-06
0.00015349917
-1.3719648e-05
0.00015374738
-1.813239e-05
0.00015342444
-2.1782491e-05
0.0001524789
-2.4533631e-05
0.00015096637
-2.636895e-05
0.00014902343
-2.736103e-05
0.00014681643
-2.7620962e-05
0.00014449294
-2.7254115e-05
0.00014215963
-2.6333193e-05
0.00013989142
-2.4893103e-05
0.00013774416
-2.295047e-05
0.00013575574
-2.053158e-05
0.00013395131
-1.7685905e-05
0.0001323516
-1.4484725e-05
0.00013097613
-1.1019217e-05
0.00012984198
-7.3941175e-06
0.0001289635
-3.7207114e-06
0.00012835085
-1.0832302e-07
0.00012800496
3.3485453e-06
0.00012791521
6.5723811e-06
0.00012806195
9.5121091e-06
0.00012842407
1.2149626e-05
0.0001289892
1.4489431e-05
0.00012975753
1.6540544e-05
0.00013073222
1.8292848e-05
0.00013190463
1.9712299e-05
0.00013324893
2.0747628e-05
0.0001347308
2.1349419e-05
0.00013631706
2.1472068e-05
0.00013797257
2.1078444e-05
0.00013965591
2.0139309e-05
0.00014132047
1.8648598e-05
0.0001429236
1.662505e-05
0.00014442674
1.4114592e-05
0.00014579864
1.1186065e-05
0.00014701733
7.9256206e-06
0.00014807124
4.4289977e-06
0.00014895623
7.9162896e-07
0.00014966644
-2.8746587e-06
0.00015017351
-6.4738634e-06
0.00015044481
-9.8472259e-06
0.00015039904
-1.2918946e-05
0.00014999571
-1.5484177e-05
0.00014916242
-1.7588817e-05
0.00014793361
-1.8988206e-05
0.00014630639
-1.9981544e-05
0.00014440385
-2.0176376e-05
0.00014226634
-2.0227911e-05
0.00014002462
-1.9373369e-05
0.00013770865
-1.8764239e-05
0.0001353945
-1.6991494e-05
0.00013313451
-1.593366e-05
-1.2742046e-05
0.00013246479
1.1062861e-06
0.00013233402
3.2906126e-06
0.00013211891
5.5136756e-06
0.00013184664
7.8306201e-06
0.00013152671
1.0346294e-05
0.00013122776
1.3075265e-05
0.00013096932
1.6164646e-05
0.00013091973
1.9565032e-05
0.00013109432
2.3525668e-05
0.00013179449
2.7826681e-05
0.00013299369
3.2905399e-05
0.00013562644
3.777798e-05
0.00013930565
4.4025863e-05
0.0001452171
4.8824682e-05
0.00015316474
5.5569224e-05
0.00016301728
5.8772725e-05
0.00017676769
6.3497074e-05
0.00018765978
6.2575186e-05
0.00019584669
5.8972661e-05
-1.7354168e-05
-1.6225607e-05
-1.7354176e-05
-1.6225616e-05
0.00019794806
5.1528726e-05
-1.4214075e-05
-1.2600974e-05
-1.4214078e-05
-1.2600975e-05
0.00019572988
4.190612e-05
-1.066351e-05
-9.1804629e-06
-1.0663504e-05
-9.1804577e-06
0.00019124191
3.3523862e-05
-7.5252209e-06
-6.9927325e-06
-7.5252158e-06
-6.9927273e-06
0.00018391489
2.6234059e-05
0.00017717799
2.0275227e-05
0.00017088185
1.5341645e-05
0.00016471545
1.0735857e-05
0.00015882586
6.5671684e-06
0.00015322227
2.9071968e-06
0.00014785405
1.1049602e-07
0.00014290882
-2.087498e-06
0.00013838109
-3.2699957e-06
0.00013444119
-3.6341364e-06
0.00013144118
-3.2322054e-06
0.00012975825
-2.2462599e-06
0.00012960925
-1.1305427e-06
0.00013140605
-1.7497835e-07
0.00013500794
8.3891807e-07
0.00014052086
1.066899e-06
0.00014772507
-7.8048752e-08
0.00015620367
-2.8616101e-06
0.00016541879
-7.3080014e-06
0.00017488476
-1.3314241e-05
0.00018355185
-2.0570524e-05
0.00019022598
-2.8467431e-05
0.00019426222
-3.6524992e-05
0.0001958545
-4.4238285e-05
0.00019546848
-5.137038e-05
0.00019349761
-5.7600677e-05
0.00018983267
-6.2005893e-05
0.00018450456
-6.4267623e-05
0.00017801474
-6.4532457e-05
0.0001708955
-6.3082236e-05
0.00016358446
-6.0255513e-05
0.00015638956
-5.6380459e-05
0.00014948497
-5.1742496e-05
0.00014297481
-4.6510011e-05
0.00013686678
-4.0823966e-05
0.00013106891
-3.5010235e-05
0.00012559665
-2.9249053e-05
0.00012057938
-2.3212896e-05
0.00011583725
-1.681679e-05
0.00011069792
-1.1160345e-05
0.00010455588
-7.8524249e-06
9.7536615e-05
-7.3421437e-06
9.0534364e-05
-8.259151e-06
8.4725848e-05
-8.3873451e-06
8.0994494e-05
-6.0230471e-06
7.9698052e-05
-7.5326063e-07
8.0774803e-05
6.5876523e-06
8.3840688e-05
1.5051206e-05
8.8399315e-05
2.3403096e-05
9.3969578e-05
3.0742603e-05
0.00010015607
3.6479416e-05
0.00010664276
4.028422e-05
0.00011314059
4.2036895e-05
0.0001193613
4.1823908e-05
0.00012504924
3.9936336e-05
0.00013003101
3.6811166e-05
0.00013424325
3.2917657e-05
0.00013775325
2.8651028e-05
0.00014079166
2.4226393e-05
0.00014375789
1.9592969e-05
0.00014713952
1.4423579e-05
0.00015135622
8.2079643e-06
0.00015641253
5.8986005e-07
0.00016177159
-8.3342124e-06
0.0001664087
-1.7802253e-05
0.00016915467
-2.6546656e-05
0.00016914424
-3.3293987e-05
0.00016615577
-3.72721e-05
0.00016063074
-3.8374602e-05
0.00015342109
-3.70346e-05
0.00014549098
-3.4051217e-05
0.00013772099
-3.0416676e-05
0.00013078614
-2.7106537e-05
0.00012506913
-2.4832335e-05
0.0001206454
-2.3857389e-05
0.00011736044
-2.3990382e-05
0.00011496503
-2.4736548e-05
0.00011321115
-2.5526266e-05
0.00011189457
-2.5865968e-05
0.00011089826
-2.5393375e-05
0.00011017687
-2.3904807e-05
0.00010971147
-2.1277908e-05
0.00010951141
-1.7503296e-05
0.000109588
-1.2618554e-05
0.00010991438
-6.7116147e-06
0.00011050487
1.1466784e-08
0.00011134662
7.3797031e-06
0.00011245234
1.5151071e-05
0.00011391206
2.2970662e-05
0.00011584674
3.0378894e-05
0.00011829797
3.6818922e-05
0.00012113592
4.178955e-05
0.0001241365
4.5039976e-05
0.00012720105
4.6556582e-05
0.00013041203
4.6330382e-05
0.00013378336
4.424797e-05
0.00013710268
4.0305842e-05
0.00014023043
3.4839198e-05
0.00014312833
2.829533e-05
0.00014576941
2.1084301e-05
0.0001481163
1.3577757e-05
0.00015013446
6.0751689e-06
0.00015178856
-1.1994336e-06
0.00015297347
-7.9967155e-06
0.00015352771
-1.4057094e-05
0.00015326307
-1.9109549e-05
0.00015206754
-2.2965116e-05
0.00014998131
-2.5600351e-05
0.00014720231
-2.7171579e-05
0.0001440223
-2.7955118e-05
0.000140737
-2.8253638e-05
0.00013757678
-2.8313848e-05
0.00013467958
-2.8278991e-05
0.00013210037
-2.8176175e-05
0.00012983947
-2.7928698e-05
0.00012787092
-2.7384991e-05
0.00012616239
-2.6357775e-05
0.00012468667
-2.4667757e-05
0.00012342546
-2.2184764e-05
0.00012236903
-1.8861636e-05
0.0001215236
-1.4748158e-05
0.00012089214
-9.9917765e-06
0.00012048443
-4.8230929e-06
0.00012030602
4.9350515e-07
0.00012034788
5.7024796e-06
0.00012059659
1.0604276e-05
0.00012105155
1.5075508e-05
0.0001217352
1.9052757e-05
0.00012268223
2.2491193e-05
0.00012391065
2.5334546e-05
0.00012540189
2.7517186e-05
0.00012710836
2.8986978e-05
0.00012897671
2.9713309e-05
0.00013095725
2.9680537e-05
0.00013299809
2.8878192e-05
0.00013504547
2.7310993e-05
0.00013704823
2.50109e-05
0.00013896509
2.2039681e-05
0.00014076553
1.8484385e-05
0.00014243822
1.443876e-05
0.00014400071
9.9919958e-06
0.00014547164
5.2280869e-06
0.00014685477
2.3779964e-07
0.00014807423
-4.8119419e-06
0.00014898549
-9.6933828e-06
0.00014940494
-1.4139103e-05
0.00014918457
-1.791202e-05
0.00014827119
-2.0869114e-05
0.00014672213
-2.2984569e-05
0.00014467755
-2.432437e-05
0.00014231137
-2.4994849e-05
0.00013978582
-2.509541e-05
0.00013722465
-2.4692947e-05
0.00013470972
-2.3818267e-05
0.00013229393
-2.2477309e-05
0.00013001829
-2.0674826e-05
0.00012791625
-1.8429542e-05
0.00012601795
-1.5787602e-05
0.00012435056
-1.2817343e-05
0.00012293899
-9.6076388e-06
0.00012180268
-6.2578118e-06
0.00012095471
-2.8727386e-06
0.00012040305
4.4333317e-07
0.0001201389
3.6126945e-06
0.00012014512
6.5661652e-06
0.00012039756
9.2596648e-06
0.00012087283
1.1674362e-05
0.00012155546
1.3806802e-05
0.00012243985
1.5656149e-05
0.00012352357
1.7209126e-05
0.00012479845
1.8437422e-05
0.00012624621
1.9299873e-05
0.00012784132
1.9754307e-05
0.00012955405
1.9759333e-05
0.00013135014
1.9282355e-05
0.00013318926
1.830019e-05
0.00013502729
1.6810567e-05
0.00013682027
1.4832067e-05
0.00013852702
1.2407843e-05
0.00014011346
9.5996327e-06
0.00014155127
6.4878117e-06
0.00014281828
3.161984e-06
0.00014388456
-2.7465024e-07
0.00014470955
-3.6996495e-06
0.0001452246
-6.9889155e-06
0.00014536526
-9.9878804e-06
0.00014505203
-1.2605717e-05
0.00014427005
-1.4702201e-05
0.00014300165
-1.6320417e-05
0.0001413372
-1.7323756e-05
0.000139319
-1.796334e-05
0.00013709977
-1.7957151e-05
0.00013471938
-1.7847521e-05
0.00013231519
-1.6969181e-05
0.0001298933
-1.6342351e-05
0.00012753561
-1.4633804e-05
0.00012525293
-1.3650975e-05
-1.059512e-05
0.0001271454
1.1173405e-06
0.00012711838
3.3176326e-06
0.00012707697
5.5550906e-06
0.00012705298
7.8546085e-06
0.00012705917
1.0340098e-05
0.00012716963
1.2964812e-05
0.00012740573
1.5928539e-05
0.00012792311
1.9047653e-05
0.00012876293
2.2685846e-05
0.00013024768
2.6341934e-05
0.00013225641
3.0896674e-05
0.00013517795
3.4856438e-05
0.00013932136
3.9882454e-05
0.00014449084
4.3655195e-05
0.00015177464
4.8285428e-05
0.00015951418
5.1033186e-05
0.00016979643
5.3214826e-05
0.00017906145
5.3310167e-05
0.00018775619
5.0277915e-05
0.00019363252
4.5652394e-05
0.00019586343
3.9675211e-05
0.00019593244
3.3454853e-05
0.00019469576
2.7470741e-05
0.00019281437
2.2156621e-05
0.00019059372
1.7562287e-05
0.00018788666
1.3442917e-05
0.00018481522
9.6386143e-06
0.00018147592
6.2464905e-06
0.00017814668
3.4397386e-06
0.00017478264
1.2765406e-06
0.00017170448
-1.9182709e-07
0.00016911167
-1.0413342e-06
0.00016717214
-1.2926746e-06
0.00016621405
-1.2881634e-06
0.00016628269
-1.1991826e-06
0.00016729966
-1.1919507e-06
0.00016959807
-1.4594902e-06
0.00017328672
-2.6217561e-06
0.00017808719
-4.878513e-06
0.00018338716
-8.1615788e-06
0.00018858773
-1.2508575e-05
0.00019311212
-1.7838633e-05
0.00019646269
-2.3921093e-05
0.00019840898
-3.0413723e-05
0.00019896664
-3.708265e-05
0.00019834465
-4.3616292e-05
0.0001963347
-4.936043e-05
0.00019243615
-5.370213e-05
0.00018691645
-5.648619e-05
0.00018031366
-5.7664835e-05
0.00017313341
-5.7352211e-05
0.00016580428
-5.5753107e-05
0.00015861685
-5.306808e-05
0.0001517109
-4.9474506e-05
0.00014512254
-4.5154138e-05
0.00013887412
-4.0261587e-05
0.00013298461
-3.493446e-05
0.00012741057
-2.9436198e-05
0.00012214066
-2.3979142e-05
0.00011730939
-1.8381622e-05
0.00011292753
-1.2434927e-05
0.00010851104
-6.7438625e-06
0.00010331648
-2.6578572e-06
9.706425e-05
-1.0899175e-06
9.0300679e-05
-1.4955811e-06
8.4070343e-05
-2.1570096e-06
7.9413568e-05
-1.366272e-06
7.6997259e-05
1.6630475e-06
7.6904667e-05
6.6802444e-06
7.8992806e-05
1.2963067e-05
8.2804196e-05
1.9591706e-05
8.7864839e-05
2.568196e-05
9.3750042e-05
3.0594212e-05
0.00010008437
3.3949897e-05
0.00010651727
3.5603988e-05
0.00011272609
3.5615094e-05
0.00011845419
3.4208237e-05
0.00012356012
3.1705232e-05
0.0001280521
2.842568e-05
0.0001321107
2.459242e-05
0.000136076
2.0261102e-05
0.00014035878
1.5310183e-05
0.00014528233
9.5000307e-06
0.00015084433
2.6459616e-06
0.00015659012
-5.1559237e-06
0.00016161212
-1.3356215e-05
0.00016480625
-2.0996389e-05
0.00016531665
-2.7057054e-05
0.00016289339
-3.0870721e-05
0.00015791384
-3.229255e-05
0.00015114637
-3.160714e-05
0.00014348896
-2.9377184e-05
0.00013578522
-2.6347478e-05
0.00012870975
-2.3341204e-05
0.00012268615
-2.1082937e-05
0.00011784826
-1.9994452e-05
0.00011408383
-2.0092957e-05
0.00011113825
-2.1044802e-05
0.00010874507
-2.2343365e-05
0.00010669549
-2.347669e-05
0.00010487538
-2.4045851e-05
0.0001032466
-2.3764603e-05
0.00010182131
-2.2479514e-05
0.00010063539
-2.0091985e-05
9.9742347e-05
-1.6610255e-05
9.9183955e-05
-1.2060163e-05
9.897399e-05
-6.5016495e-06
9.9179259e-05
-1.9380236e-07
9.9831607e-05
6.7273548e-06
0.00010097263
1.4010045e-05
0.00010267725
2.1266048e-05
0.00010500033
2.8055816e-05
0.0001079093
3.3909948e-05
0.00011126425
3.8434603e-05
0.00011490634
4.1397887e-05
0.00011876435
4.2698563e-05
0.00012282417
4.2270571e-05
0.00012699803
4.0074103e-05
0.00013109778
3.6206091e-05
0.00013497102
3.0965963e-05
0.00013852354
2.4742811e-05
0.00014168524
1.79226e-05
0.00014440939
1.0853606e-05
0.00014665323
3.8313265e-06
0.00014831528
-2.861479e-06
0.00014924511
-8.926551e-06
0.00014926852
-1.4080504e-05
0.00014828523
-1.8126256e-05
0.00014634335
-2.1023239e-05
0.00014364334
-2.2900337e-05
0.00014047425
-2.400249e-05
0.00013712637
-2.4607236e-05
0.00013382561
-2.4952878e-05
0.00013070904
-2.5197277e-05
0.00012783486
-2.540481e-05
0.00012520946
-2.5550777e-05
0.00012281587
-2.5535109e-05
0.00012063483
-2.5203955e-05
0.00011865624
-2.4379187e-05
0.00011688236
-2.289387e-05
0.00011532763
-2.063004e-05
0.00011401613
-1.7550129e-05
0.00011297285
-1.3704877e-05
0.00011222088
-9.2398112e-06
0.00011177156
-4.3737739e-06
0.00011162668
6.3838607e-07
0.00011176631
5.5628466e-06
0.0001121662
1.0204385e-05
0.00011281222
1.4429493e-05
0.00011370785
1.8157123e-05
0.00011486588
2.1333164e-05
0.00011629
2.3910427e-05
0.00011796213
2.5845059e-05
0.00011984614
2.7102966e-05
0.00012189802
2.766143e-05
0.00012407233
2.7506224e-05
0.00012632001
2.6630511e-05
0.00012858907
2.5041939e-05
0.00013082891
2.2771061e-05
0.00013299826
1.9870326e-05
0.00013507452
1.6408126e-05
0.00013705363
1.2459653e-05
0.00013893909
8.10654e-06
0.00014070719
3.459984e-06
0.00014226227
-1.3172795e-06
0.00014344749
-5.9971594e-06
0.00014407535
-1.0321243e-05
0.00014399881
-1.4062567e-05
0.00014316833
-1.7081539e-05
0.0001416469
-1.9347688e-05
0.00013958041
-2.091807e-05
0.00013714691
-2.1890873e-05
0.00013451149
-2.2359428e-05
0.00013180204
-2.2385966e-05
0.00012910563
-2.1996531e-05
0.0001264792
-2.1191841e-05
0.0001239657
-1.9963804e-05
0.00012160169
-1.8310824e-05
0.00011942722
-1.6255066e-05
0.00011747678
-1.3837162e-05
0.00011578551
-1.1126076e-05
0.00011437914
-8.2012695e-06
0.00011327959
-5.1582577e-06
0.00011249257
-2.0857236e-06
0.00011202559
9.1031746e-07
0.00011186027
3.7780111e-06
0.0001119754
6.451032e-06
0.00011234478
8.8902931e-06
0.00011294425
1.1074884e-05
0.00011375665
1.2994411e-05
0.00011477259
1.4640207e-05
0.00011598585
1.5995864e-05
0.00011738786
1.7035413e-05
0.00011896362
1.7724109e-05
0.00012069222
1.8025715e-05
0.00012254667
1.7904874e-05
0.00012449456
1.7334469e-05
0.00012649645
1.6298303e-05
0.0001285092
1.4797816e-05
0.00013048829
1.2852981e-05
0.00013238998
1.0506147e-05
0.00013417402
7.8155927e-06
0.00013579498
4.8668584e-06
0.00013720248
1.7544823e-06
0.0001383266
-1.398777e-06
0.00013908999
-4.4630403e-06
0.00013940677
-7.3056923e-06
0.00013921994
-9.801051e-06
0.00013849559
-1.1881361e-05
0.00013727211
-1.347873e-05
0.00013559597
-1.4644275e-05
0.00013359423
-1.5322009e-05
0.00013133152
-1.5700633e-05
0.00012895856
-1.5584191e-05
0.00012649673
-1.5385693e-05
0.0001240724
-1.4544851e-05
0.00012166544
-1.3935391e-05
0.00011936034
-1.2328703e-05
0.00011714016
-1.1430794e-05
-8.5454102e-06
0.00012110844
1.0975401e-06
0.0001211723
3.253768e-06
0.00012128496
5.4424345e-06
0.00012147364
7.6659313e-06
0.0001217604
1.005333e-05
0.00012220404
1.2521172e-05
0.00012284489
1.5287693e-05
0.00012378555
1.8106988e-05
0.00012508762
2.1383777e-05
0.00012688152
2.4548041e-05
0.00012942826
2.8349932e-05
0.00013254539
3.1739305e-05
0.00013678734
3.5640503e-05
0.00014165425
3.8788284e-05
0.00014797272
4.1966962e-05
0.00015481062
4.4195284e-05
0.00016264656
4.5378893e-05
0.0001706836
4.5273124e-05
0.00017771786
4.3243658e-05
0.00018361453
3.9755716e-05
0.00018806725
3.522249e-05
0.00019088326
3.0638846e-05
0.00019213561
2.6218395e-05
0.00019233626
2.1955968e-05
0.00019195592
1.7942626e-05
0.0001912003
1.419854e-05
0.00019008537
1.0753541e-05
0.00018867017
7.661688e-06
0.00018708047
5.0294471e-06
0.00018543435
2.9226612e-06
0.00018391308
1.3294403e-06
0.00018265866
2.1308411e-07
0.00018186817
-5.0218516e-07
0.00018169947
-1.1194583e-06
0.00018220831
-1.7080298e-06
0.00018340148
-2.3851205e-06
0.00018534729
-3.4052998e-06
0.00018781193
-5.0863905e-06
0.00019049447
-7.5610619e-06
0.00019318792
-1.0855024e-05
0.00019564919
-1.4969843e-05
0.00019759657
-1.9786012e-05
0.00019877158
-2.5096106e-05
0.00019900684
-3.0648985e-05
0.00019801706
-3.609287e-05
0.00019543762
-4.1036848e-05
0.00019126028
-4.5183091e-05
0.00018584902
-4.829087e-05
0.00017958535
-5.0222522e-05
0.00017285598
-5.093546e-05
0.00016598512
-5.0481351e-05
0.00015917877
-4.8946758e-05
0.00015253381
-4.6423126e-05
0.00014608817
-4.3028862e-05
0.00013986294
-3.8928906e-05
0.00013389665
-3.4295301e-05
0.00012825256
-2.9290374e-05
0.00012294773
-2.413136e-05
0.00011798124
-1.9012659e-05
0.00011345509
-1.385547e-05
0.0001094682
-8.4480368e-06
0.00010579765
-3.0733144e-06
0.00010175245
1.3873456e-06
9.6785896e-05
3.8766373e-06
9.0928968e-05
4.3613473e-06
8.4955094e-05
3.8168631e-06
7.9947925e-05
3.6408966e-06
7.6680409e-05
4.9305635e-06
7.5417345e-05
7.943308e-06
7.6237275e-05
1.2143137e-05
7.8980195e-05
1.6848786e-05
8.3194355e-05
2.1467799e-05
8.8432842e-05
2.5355726e-05
9.4290569e-05
2.809217e-05
0.00010039724
2.9497319e-05
0.00010644632
2.9566014e-05
0.00011223558
2.8418972e-05
0.00011770031
2.6240506e-05
0.00012292365
2.3202341e-05
0.00012810849
1.9407574e-05
0.00013350436
1.4865234e-05
0.00013926615
9.5483905e-06
0.00014532127
3.4449162e-06
0.00015124296
-3.275733e-06
0.00015625981
-1.0172776e-05
0.00015943984
-1.6536245e-05
0.00016006429
-2.1620831e-05
0.00015793583
-2.4928595e-05
0.00015340563
-2.6340527e-05
0.0001471663
-2.6053213e-05
0.00014001486
-2.4455706e-05
0.00013270295
-2.206527e-05
0.00012585273
-1.9497253e-05
0.00011988972
-1.7378201e-05
0.00011498901
-1.6182226e-05
0.00011108057
-1.6086014e-05
0.00010792564
-1.6938025e-05
0.00010523855
-1.8357713e-05
0.00010278448
-1.9889291e-05
0.00010042933
-2.1121541e-05
9.8129039e-05
-2.174556e-05
9.5915922e-05
-2.1551487e-05
9.3847029e-05
-2.0410621e-05
9.2021596e-05
-1.8266552e-05
9.0501099e-05
-1.5089758e-05
8.9377913e-05
-1.0936977e-05
8.8735484e-05
-5.8592195e-06
8.862425e-05
-8.2569046e-08
8.9122232e-05
6.229373e-06
9.0290348e-05
1.2841929e-05
9.2179325e-05
1.9377071e-05
9.4796796e-05
2.5438345e-05
9.8078983e-05
3.0627762e-05
0.00010190223
3.4611352e-05
0.00010613888
3.7161245e-05
0.0001106946
3.8142835e-05
0.00011547576
3.7489414e-05
0.00012033396
3.5215902e-05
0.00012507593
3.1464123e-05
0.00012953054
2.6511349e-05
0.00013357128
2.0702076e-05
0.00013710712
1.4386764e-05
0.00014005812
7.9026023e-06
0.00014231091
1.578533e-06
0.00014370949
-4.2600545e-06
0.00014409891
-9.3159695e-06
0.00014340365
-1.3385248e-05
0.00014169232
-1.6414929e-05
0.00013917493
-1.8505841e-05
0.00013613809
-1.9863505e-05
0.00013286207
-2.0726463e-05
0.00012956151
-2.1306677e-05
0.00012636599
-2.1757364e-05
0.0001233316
-2.2162887e-05
0.00012046643
-2.2539637e-05
0.00011775712
-2.2841468e-05
0.00011518924
-2.2967228e-05
0.00011276024
-2.2774951e-05
0.00011048514
-2.210409e-05
0.00010839604
-2.0804767e-05
0.00010653878
-1.8772787e-05
0.00010496447
-1.5975816e-05
0.00010372039
-1.2460796e-05
0.00010284193
-8.3613478e-06
0.00010234458
-3.8764269e-06
0.00010223075
7.5220976e-07
0.00010247278
5.3208187e-06
0.00010303746
9.6397059e-06
0.00010389765
1.3569303e-05
0.00010503726
1.7017514e-05
0.00010644721
1.9923215e-05
0.00010811502
2.2242617e-05
0.00011001789
2.3942186e-05
0.00011212348
2.4997377e-05
0.00011439364
2.539127e-05
0.00011678723
2.5112637e-05
0.00011925922
2.4158525e-05
0.00012176337
2.2537782e-05
0.00012425794
2.0276499e-05
0.00012671154
1.741672e-05
0.00012910652
1.4013151e-05
0.00013141609
1.0150081e-05
0.00013358102
5.941613e-06
0.0001354845
1.5564965e-06
0.00013695013
-2.7829052e-06
0.00013779376
-6.8407858e-06
0.00013787913
-1.0406621e-05
0.00013716964
-1.3353077e-05
0.00013573723
-1.5649127e-05
0.0001337308
-1.7341257e-05
0.00013132636
-1.8513634e-05
0.0001286847
-1.9249212e-05
0.0001259297
-1.9604427e-05
0.00012314694
-1.9603207e-05
0.00012039557
-1.9245156e-05
0.00011772006
-1.8516329e-05
0.00011516088
-1.7404632e-05
0.00011276279
-1.5912727e-05
0.00011056617
-1.4058452e-05
0.00010861695
-1.1887942e-05
0.00010694754
-9.456659e-06
0.00010558994
-6.84367e-06
0.00010455596
-4.1242853e-06
0.00010385836
-1.3881183e-06
0.00010348931
1.2793664e-06
0.00010343177
3.8355568e-06
0.00010366194
6.22086e-06
0.0001041539
8.3983292e-06
0.00010488424
1.0344549e-05
0.0001058353
1.2043349e-05
0.00010699535
1.3480158e-05
0.00010835569
1.4635524e-05
0.00010990652
1.5484585e-05
0.0001116338
1.5996823e-05
0.00011351794
1.6141579e-05
0.00011553333
1.5889479e-05
0.00011764644
1.5221363e-05
0.00011981913
1.4125615e-05
0.00012200592
1.2611022e-05
0.00012415826
1.0700646e-05
0.00012622162
8.4427787e-06
0.00012813045
5.9067656e-06
0.00012981453
3.1827758e-06
0.00013118221
3.8680224e-07
0.0001321404
-2.356963e-06
0.00013260833
-4.9309668e-06
0.00013252891
-7.2262763e-06
0.00013189508
-9.1672222e-06
0.00013073893
-1.0725211e-05
0.00012914751
-1.1887312e-05
0.00012720586
-1.2702624e-05
0.0001250415
-1.315765e-05
0.0001227142
-1.3373326e-05
0.00012034836
-1.3218353e-05
0.00011794186
-1.297919e-05
0.00011560867
-1.2211669e-05
0.0001133058
-1.1632513e-05
0.00011112503
-1.0147937e-05
0.00010903227
-9.3380324e-06
-6.6478983e-06
0.00011435354
1.0509585e-06
0.0001144941
3.1132106e-06
0.00011473851
5.1980201e-06
0.00011510257
7.3018702e-06
0.00011562273
9.5331778e-06
0.00011632629
1.1817605e-05
0.00011728688
1.4327109e-05
0.00011852383
1.6870037e-05
0.00012018581
1.9721796e-05
0.00012222415
2.2509698e-05
0.00012495745
2.5616636e-05
0.00012818771
2.8509042e-05
0.00013230031
3.15279e-05
0.00013696589
3.4122712e-05
0.00014252178
3.6411064e-05
0.00014866046
3.8056614e-05
0.00015522424
3.8815113e-05
0.00016190598
3.8591384e-05
0.00016801707
3.7132564e-05
0.00017323808
3.4534704e-05
0.00017730445
3.1156126e-05
0.0001805433
2.7399994e-05
0.00018315476
2.360693e-05
0.00018506993
2.0040804e-05
0.00018630851
1.6704046e-05
0.0001869199
1.3587148e-05
0.0001869849
1.0688545e-05
0.00018663526
8.0113188e-06
0.00018603347
5.6312446e-06
0.00018534212
3.6140092e-06
0.00018471662
1.9549436e-06
0.00018428906
6.4063657e-07
0.00018417312
-3.8624568e-07
0.00018443815
-1.384484e-06
0.00018509661
-2.3664903e-06
0.00018618896
-3.4774696e-06
0.00018767804
-4.8943831e-06
0.00018939178
-6.8001314e-06
0.00019112269
-9.2919688e-06
0.00019267272
-1.2405057e-05
0.00019378154
-1.6078654e-05
0.00019422052
-2.0225e-05
0.00019378717
-2.4662751e-05
0.00019228735
-2.9149161e-05
0.0001896314
-3.3436924e-05
0.00018590726
-3.7312707e-05
0.00018128293
-4.0558761e-05
0.00017596137
-4.296931e-05
0.00017016462
-4.4425772e-05
0.00016410268
-4.4873519e-05
0.00015791821
-4.4296885e-05
0.00015169324
-4.272179e-05
0.0001454906
-4.0220482e-05
0.00013937927
-3.6917532e-05
0.00013343476
-3.2984399e-05
0.00012774175
-2.8602292e-05
0.00012238842
-2.3937037e-05
0.00011742521
-1.9168153e-05
0.00011286808
-1.4455533e-05
0.00010878644
-9.7738224e-06
0.00010529196
-4.953564e-06
0.00010228836
-6.9709525e-08
9.940136e-05
4.2743447e-06
9.6022586e-05
7.2554111e-06
9.1823411e-05
8.5605215e-06
8.7017691e-05
8.6225831e-06
8.2315414e-05
8.3431734e-06
7.8655075e-05
8.5909013e-06
7.6729138e-05
9.8692454e-06
7.6675292e-05
1.2196982e-05
7.8317782e-05
1.5206297e-05
8.1471215e-05
1.8314366e-05
8.5858461e-05
2.0968479e-05
9.1105186e-05
2.2845445e-05
9.6862864e-05
2.3739641e-05
0.00010286427
2.3564611e-05
0.00010894472
2.2338516e-05
0.00011504765
2.013758e-05
0.00012120115
1.704884e-05
0.00012745204
1.3156682e-05
0.00013377878
8.5384949e-06
0.00014000613
3.3210445e-06
0.0001457161
-2.2650556e-06
0.00015027855
-7.8381782e-06
0.00015298698
-1.2881209e-05
0.00015333612
-1.6885388e-05
0.00015123996
-1.952467e-05
0.00014704666
-2.0735298e-05
0.00014136967
-2.0663531e-05
0.00013488792
-1.9571461e-05
0.00012822783
-1.779562e-05
0.00012191573
-1.5753169e-05
0.00011633836
-1.3919887e-05
0.0001116894
-1.2729243e-05
0.00010794403
-1.2436852e-05
0.00010489754
-1.3039524e-05
0.00010226233
-1.4302812e-05
9.9773453e-05
-1.5868838e-05
9.7255618e-05
-1.7371455e-05
9.464224e-05
-1.8508163e-05
9.1954401e-05
-1.9057721e-05
8.9269429e-05
-1.8866515e-05
8.6700961e-05
-1.7842153e-05
8.4353144e-05
-1.5918734e-05
8.23618e-05
-1.3098414e-05
8.0809923e-05
-9.385101e-06
7.982524e-05
-4.8745365e-06
7.9490355e-05
2.523163e-07
7.9877785e-05
5.8419429e-06
8.1063604e-05
1.1656109e-05
8.3081697e-05
1.7358978e-05
8.5917971e-05
2.260207e-05
8.9501545e-05
2.7044188e-05
9.3719554e-05
3.0393343e-05
9.8443399e-05
3.2437399e-05
0.00010354012
3.3046118e-05
0.00010885706
3.2172467e-05
0.00011420478
2.9868189e-05
0.00011937725
2.6291652e-05
0.00012419236
2.1696234e-05
0.00012849813
1.6396312e-05
0.00013215515
1.0729744e-05
0.00013501434
5.0434081e-06
0.00013690418
-3.1130655e-07
0.00013768915
-5.0450232e-06
0.00013732659
-8.9534091e-06
0.00013591388
-1.1972538e-05
0.00013367264
-1.4173687e-05
0.00013088339
-1.5716593e-05
0.00012781023
-1.6790345e-05
0.00012465119
-1.756742e-05
0.00012152493
-1.8180423e-05
0.00011848353
-1.8715963e-05
0.00011553567
-1.9215023e-05
0.00011266967
-1.967364e-05
0.00010987089
-2.0042685e-05
0.00010713483
-2.0231165e-05
0.00010447553
-2.0115656e-05
0.00010192904
-1.9557601e-05
9.9552831e-05
-1.8428557e-05
9.7418893e-05
-1.6638848e-05
9.5599464e-05
-1.4156387e-05
9.4161079e-05
-1.1022411e-05
9.3153141e-05
-7.3534096e-06
9.2596159e-05
-3.3194449e-06
9.2498989e-05
8.4937988e-07
9.2828654e-05
4.9911538e-06
9.3546283e-05
8.9220767e-06
9.4613188e-05
1.2502398e-05
9.5995984e-05
1.5634717e-05
9.7666408e-05
1.8252792e-05
9.9597228e-05
2.0311797e-05
0.00010175843
2.1780986e-05
0.00010411767
2.2638137e-05
0.00010663963
2.2869304e-05
0.00010928829
2.2463981e-05
0.0001120267
2.1420115e-05
0.00011481701
1.9747473e-05
0.0001176255
1.7468007e-05
0.00012041284
1.4629381e-05
0.00012311835
1.130764e-05
0.00012565513
7.6133011e-06
0.00012787006
3.7266818e-06
0.00012957867
-1.5211179e-07
0.00013061044
-3.8146787e-06
0.0001308501
-7.0804451e-06
0.00013028213
-9.8386426e-06
0.00012898912
-1.2060071e-05
0.00012711894
-1.3778951e-05
0.00012483866
-1.5060971e-05
0.0001222976
-1.5972582e-05
0.00011960958
-1.6561191e-05
0.00011685429
-1.6849133e-05
0.00011408775
-1.6836671e-05
0.00011135382
-1.6511224e-05
0.00010869496
-1.5857468e-05
0.00010615687
-1.4866545e-05
0.0001037851
-1.3540959e-05
0.00010163124
-1.1904587e-05
9.9735062e-05
-9.9917636e-06
9.813796e-05
-7.8595572e-06
9.6861653e-05
-5.5673636e-06
9.5927729e-05
-3.190361e-06
9.5329209e-05
-7.8959836e-07
9.5070212e-05
1.5383635e-06
9.5126259e-05
3.7795101e-06
9.5475897e-05
5.8712225e-06
9.6095286e-05
7.7789397e-06
9.6962829e-05
9.4770066e-06
9.8061107e-05
1.0945071e-05
9.9377319e-05
1.2163946e-05
0.00010090022
1.3112625e-05
0.00010261839
1.3766417e-05
0.00010451574
1.4099465e-05
0.00010657183
1.4085491e-05
0.0001087575
1.3703813e-05
0.00011103748
1.2941385e-05
0.00011336565
1.1797444e-05
0.00011568703
1.0289643e-05
0.00011793712
8.4505562e-06
0.00012003299
6.3469026e-06
0.0001218858
4.053954e-06
0.00012340025
1.6683282e-06
0.00012447045
-6.8339115e-07
0.00012503015
-2.9166673e-06
0.00012503664
-4.9374567e-06
0.0001244941
-6.6837373e-06
0.00012345308
-8.1261994e-06
0.0001219915
-9.2636322e-06
0.00012021076
-1.0106573e-05
0.00011819741
-1.0689276e-05
0.00011605073
-1.1010972e-05
0.00011381312
-1.1135718e-05
0.00011157638
-1.0981605e-05
0.00010932304
-1.0725855e-05
0.00010715802
-1.0046646e-05
0.00010502108
-9.495579e-06
0.00010301974
-8.1465921e-06
0.00010110271
-7.421e-06
-4.9464774e-06
0.0001068802
9.8218234e-07
0.00010708453
2.9088739e-06
0.00010743633
4.8462214e-06
0.0001079438
6.7944005e-06
0.00010864723
8.8297527e-06
0.00010955688
1.0907958e-05
0.00011074853
1.3135457e-05
0.00011221798
1.5400583e-05
0.00011409815
1.7841628e-05
0.00011634298
2.0264866e-05
0.00011914856
2.2811058e-05
0.00012242146
2.5236144e-05
0.00012634451
2.7604846e-05
0.00013078542
2.9681801e-05
0.00013580041
3.1396073e-05
0.00014126475
3.2592276e-05
0.00014697369
3.3106176e-05
0.00015272784
3.2837237e-05
0.00015814352
3.1716881e-05
0.00016291833
2.9759894e-05
0.00016692233
2.715212e-05
0.00017016564
2.4156689e-05
0.00017272974
2.1042823e-05
0.00017477106
1.7999489e-05
0.0001763657
1.5109402e-05
0.00017757304
1.2379815e-05
0.0001784327
9.8288823e-06
0.00017896868
7.4753406e-06
0.00017924651
5.353407e-06
0.00017936142
3.4991044e-06
0.00017941052
1.9058453e-06
0.00017950533
5.4582285e-07
0.00017977524
-6.5615445e-07
0.0001802065
-1.8157426e-06
0.00018085463
-3.0146271e-06
0.0001817155
-4.3383331e-06
0.00018272189
-5.9007748e-06
0.00018375034
-7.828583e-06
0.00018465323
-1.0194859e-05
0.00018525143
-1.3003253e-05
0.00018537713
-1.6204359e-05
0.00018486118
-1.9709044e-05
0.00018357829
-2.3379865e-05
0.00018148403
-2.7054903e-05
0.00017859783
-3.0550719e-05
0.00017495521
-3.3670086e-05
0.00017062811
-3.6231669e-05
0.00016574667
-3.8087863e-05
0.0001604475
-3.9126601e-05
0.0001548417
-3.9267718e-05
0.00014902123
-3.8476415e-05
0.00014307769
-3.6778249e-05
0.00013711344
-3.4256232e-05
0.00013123901
-3.1043108e-05
0.00012556425
-2.7309638e-05
0.00012019176
-2.3229797e-05
0.00011521347
-1.8958754e-05
0.00011069115
-1.4645825e-05
0.00010664553
-1.0409919e-05
0.00010312063
-6.2489158e-06
0.00010020503
-2.0379628e-06
9.7897771e-05
2.2375454e-06
9.5998478e-05
6.1736377e-06
9.4063914e-05
9.1899753e-06
9.170242e-05
1.0922015e-05
8.8821009e-05
1.1503994e-05
8.5690596e-05
1.1473585e-05
8.2831323e-05
1.1450174e-05
8.0858797e-05
1.1841771e-05
8.0307577e-05
1.2748202e-05
8.1392534e-05
1.412134e-05
8.3931533e-05
1.5775367e-05
8.7673425e-05
1.7226588e-05
9.2387418e-05
1.8131452e-05
9.7810182e-05
1.8316877e-05
0.00010370852
1.7666276e-05
0.00010989986
1.6147174e-05
0.00011624263
1.3794807e-05
0.00012260691
1.0684565e-05
0.00012882236
6.941224e-06
0.00013461828
2.7425797e-06
0.00013959406
-1.6547372e-06
0.00014325969
-5.9306866e-06
0.00014513898
-9.7174687e-06
0.00014495233
-1.2694558e-05
0.00014273715
-1.4670211e-05
0.00013883683
-1.5624349e-05
0.00013377061
-1.5669072e-05
0.00012808399
-1.4976912e-05
0.00012226547
-1.3752939e-05
0.00011672623
-1.2256381e-05
0.00011178621
-1.0813151e-05
0.00010763315
-9.7668273e-06
0.00010428109
-9.3771851e-06
0.00010157397
-9.7297274e-06
9.9248943e-05
-1.07145e-05
9.7029875e-05
-1.2083745e-05
9.4706136e-05
-1.3545099e-05
9.2167894e-05
-1.4833213e-05
8.9406177e-05
-1.5746447e-05
8.6483588e-05
-1.6135131e-05
8.3514232e-05
-1.589716e-05
8.0627325e-05
-1.4955246e-05
7.7966592e-05
-1.3258001e-05
7.5666777e-05
-1.0798599e-05
7.3862205e-05
-7.5805284e-06
7.2678993e-05
-3.6913248e-06
7.2214817e-05
7.1649233e-07
7.255237e-05
5.5043898e-06
7.3767721e-05
1.0440758e-05
7.5886609e-05
1.5240091e-05
7.888642e-05
1.960226e-05
8.2693062e-05
2.3237546e-05
8.7190269e-05
2.5896136e-05
9.2234993e-05
2.7392675e-05
9.7658202e-05
2.7622908e-05
0.00010326556
2.6565106e-05
0.00010884555
2.4288202e-05
0.00011417384
2.0963361e-05
0.00011903785
1.6832228e-05
0.00012324404
1.2190123e-05
0.00012658645
7.3873309e-06
0.00012888899
2.7408663e-06
0.00013002805
-1.4503673e-06
0.00012999948
-5.016451e-06
0.00012892745
-7.8813751e-06
0.0001270385
-1.0083594e-05
0.00012459727
-1.1732457e-05
0.00012184275
-1.2962074e-05
0.00011895094
-1.389853e-05
0.00011602813
-1.464461e-05
0.00011312385
-1.5276142e-05
0.00011025008
-1.5842198e-05
0.00010739865
-1.6363586e-05
0.00010455494
-1.682993e-05
0.00010170926
-1.719701e-05
9.886587e-05
-1.7387774e-05
9.6050028e-05
-1.7299813e-05
9.3312111e-05
-1.6819684e-05
9.07266e-05
-1.5843045e-05
8.8381313e-05
-1.4293561e-05
8.6368609e-05
-1.2143683e-05
8.4767919e-05
-9.4217207e-06
8.3639465e-05
-6.224956e-06
8.3018212e-05
-2.698192e-06
8.2917381e-05
9.5021166e-07
8.3305661e-05
4.6028738e-06
8.4142978e-05
8.0847591e-06
8.5383242e-05
1.1262135e-05
8.6981278e-05
1.4036681e-05
8.8895465e-05
1.6338604e-05
9.1087822e-05
1.8119441e-05
9.352278e-05
1.9346028e-05
9.6166261e-05
1.9994656e-05
9.8985822e-05
2.0049743e-05
0.00010194745
1.9502351e-05
0.00010501484
1.8352722e-05
0.00010814161
1.6620707e-05
0.00011126596
1.4343653e-05
0.00011430095
1.1594391e-05
0.0001171156
8.4929918e-06
0.00011954392
5.1849858e-06
0.00012142182
1.8487792e-06
0.00012257698
-1.3072708e-06
0.00012294045
-4.1781485e-06
0.00012251884
-6.6588374e-06
0.00012140339
-8.7231879e-06
0.00011973492
-1.0391607e-05
0.00011766426
-1.1708284e-05
0.00011532283
-1.2719548e-05
0.0001128105
-1.3460245e-05
0.00011019751
-1.39482e-05
0.00010753408
-1.4185702e-05
0.00010486111
-1.4163708e-05
0.00010221943
-1.3869545e-05
9.9652796e-05
-1.3290831e-05
9.7208041e-05
-1.242179e-05
9.4937904e-05
-1.1270822e-05
9.2887284e-05
-9.853966e-06
9.1104236e-05
-8.2087162e-06
8.9620321e-05
-6.3756421e-06
8.8464439e-05
-4.4114818e-06
8.7645014e-05
-2.3709356e-06
8.7174465e-05
-3.1904864e-07
8.7032499e-05
1.6803295e-06
8.7209798e-05
3.6022109e-06
8.7686116e-05
5.3949047e-06
8.8440495e-05
7.0245612e-06
8.9453257e-05
8.4642446e-06
9.0707585e-05
9.6907431e-06
9.2188685e-05
1.0682846e-05
9.3882818e-05
1.1418492e-05
9.5773441e-05
1.1875794e-05
9.784044e-05
1.2032466e-05
0.00010005494
1.1870991e-05
0.00010238086
1.1377893e-05
0.00010476851
1.0553733e-05
0.00010715688
9.409071e-06
0.00010947155
7.9749736e-06
0.00011162066
6.3014468e-06
0.00011351355
4.4540118e-06
0.0001150483
2.5192068e-06
0.00011613632
5.8031421e-07
0.00011672373
-1.2708051e-06
0.00011678627
-2.9792068e-06
0.00011634227
-4.4934563e-06
0.00011544479
-5.7862579e-06
0.00011417126
-6.8526663e-06
0.0001126051
-7.6974759e-06
0.00011083052
-8.331996e-06
0.00010891255
-8.7713054e-06
0.00010691701
-9.015434e-06
0.00010487156
-9.0902667e-06
0.00010283956
-8.9496078e-06
0.0001008029
-8.689191e-06
9.8855843e-05
-8.0995888e-06
9.6930912e-05
-7.570648e-06
9.5152204e-05
-6.367884e-06
9.3450408e-05
-5.7192035e-06
-3.4770772e-06
9.868842e-05
8.9578467e-07
9.8944792e-05
2.6525022e-06
9.9381274e-05
4.409739e-06
0.00010000411
6.1715653e-06
0.00010084716
7.9867035e-06
0.00010191799
9.8371249e-06
0.00010327487
1.1778577e-05
0.000104919
1.3756452e-05
0.00010693652
1.5824115e-05
0.00010931305
1.7888329e-05
0.00011214653
1.9977578e-05
0.00011540759
2.1975085e-05
0.00011916005
2.385239e-05
0.00012335265
2.5489197e-05
0.00012795341
2.6795317e-05
0.00013287486
2.7670826e-05
0.00013796546
2.8015574e-05
0.00014304932
2.7753372e-05
0.00014791685
2.6849351e-05
0.00015235117
2.5325578e-05
0.00015621727
2.3286019e-05
0.00015947042
2.0903538e-05
0.00016214934
1.8363906e-05
0.00016433759
1.5811241e-05
0.00016611504
1.3331952e-05
0.00016752795
1.0966905e-05
0.00016861944
8.7373932e-06
0.00016943432
6.6604546e-06
0.00017002871
4.7590191e-06
0.00017047918
3.0486316e-06
0.00017085874
1.526287e-06
0.00017124034
1.642257e-07
0.0001716828
-1.0986146e-06
0.00017218988
-2.3228219e-06
0.00017276932
-3.594074e-06
0.00017341031
-4.9793184e-06
0.0001740647
-6.5551602e-06
0.00017463914
-8.4030263e-06
0.00017501223
-1.0567951e-05
0.00017505521
-1.3046231e-05
0.0001746474
-1.5796549e-05
0.0001736883
-1.8749948e-05
0.000172111
-2.1802557e-05
0.00016987044
-2.4814351e-05
0.00016694854
-2.7628815e-05
0.00016337498
-3.009653e-05
0.00015921971
-3.2076393e-05
0.00015456389
-3.3432043e-05
0.00014948629
-3.4049001e-05
0.00014407393
-3.385536e-05
0.00013843083
-3.2833319e-05
0.00013267679
-3.1024204e-05
0.00012694172
-2.8521164e-05
0.00012135633
-2.5457716e-05
0.0001160413
-2.1994613e-05
0.00011110057
-1.8289062e-05
0.00010661834
-1.4476526e-05
0.00010264731
-1.0674789e-05
9.9207201e-05
-6.969815e-06
9.6329604e-05
-3.3713188e-06
9.4081689e-05
2.0995265e-07
9.2516029e-05
3.8032049e-06
9.1493801e-05
7.1958661e-06
9.0696154e-05
9.9876221e-06
8.9802629e-05
1.181554e-05
8.8708051e-05
1.2598572e-05
8.7522788e-05
1.2658848e-05
8.6428028e-05
1.2544934e-05
8.5740477e-05
1.2529321e-05
8.5784266e-05
1.2704413e-05
8.6862298e-05
1.3043308e-05
8.9131943e-05
1.3505722e-05
9.2487685e-05
1.3870846e-05
9.672265e-05
1.3896486e-05
0.00010163859
1.3400936e-05
0.00010701682
1.2288043e-05
0.00011263225
1.0531747e-05
0.0001182353
8.1917602e-06
0.00012356252
5.3573444e-06
0.00012830852
2.1952256e-06
0.00013209615
-1.0450488e-06
0.0001345832
-4.1417944e-06
0.0001354921
-6.8395869e-06
0.00013472953
-8.9548959e-06
0.0001324228
-1.0387832e-05
0.00012888308
-1.1130488e-05
0.0001245151
-1.1256366e-05
0.00011972482
-1.0878788e-05
0.00011486899
-1.0121091e-05
0.00011024831
-9.1322502e-06
0.0001061069
-8.1149724e-06
0.00010260658
-7.3128337e-06
9.9785371e-05
-6.9456181e-06
9.7538941e-05
-7.1307545e-06
9.5651633e-05
-7.8424192e-06
9.386677e-05
-8.9296368e-06
9.1961744e-05
-1.0178718e-05
8.9794408e-05
-1.1377764e-05
8.7316475e-05
-1.235528e-05
8.4557281e-05
-1.2987253e-05
8.1604958e-05
-1.3182808e-05
7.8578893e-05
-1.2871095e-05
7.5620973e-05
-1.1997326e-05
7.2881588e-05
-1.0518615e-05
7.050345e-05
-8.420461e-06
6.8643715e-05
-5.7207936e-06
6.7423774e-05
-2.4713835e-06
6.6950628e-05
1.1896385e-06
6.7318012e-05
5.1370052e-06
6.8594897e-05
9.1638735e-06
7.0801189e-05
1.3033799e-05
7.3907168e-05
1.649628e-05
7.7832687e-05
1.9312026e-05
8.2451857e-05
2.1276966e-05
8.7600115e-05
2.2244416e-05
9.3083288e-05
2.2139736e-05
9.8676309e-05
2.0972085e-05
0.00010413419
1.8830322e-05
0.0001092096
1.5887946e-05
0.00011364909
1.2392741e-05
0.00011721984
8.6193696e-06
0.00011975431
4.8528634e-06
0.00012114603
1.3491497e-06
0.00012141442
-1.7187541e-06
0.00012070125
-4.303282e-06
0.00011922024
-6.400365e-06
0.00011720483
-8.0681898e-06
0.0001148589
-9.3865267e-06
0.00011233204
-1.0435214e-05
0.00010971808
-1.1284564e-05
0.00010706629
-1.1992822e-05
0.00010439541
-1.2605261e-05
0.00010170524
-1.315203e-05
9.8985678e-05
-1.3644023e-05
9.6224891e-05
-1.4069143e-05
9.3417486e-05
-1.4389605e-05
9.0573145e-05
-1.4543434e-05
8.7723436e-05
-1.4450103e-05
8.4924506e-05
-1.4020755e-05
8.2255922e-05
-1.3174461e-05
7.9813811e-05
-1.1851449e-05
7.769879e-05
-1.0028662e-05
7.6008175e-05
-7.7311061e-06
7.4814415e-05
-5.0311952e-06
7.4148709e-05
-2.0324858e-06
7.4040216e-05
1.0587039e-06
7.4464882e-05
4.1782086e-06
7.53893e-05
7.1603406e-06
7.6767526e-05
9.8839093e-06
7.8550331e-05
1.2253876e-05
8.0689875e-05
1.419906e-05
8.3141522e-05
1.5667795e-05
8.5864512e-05
1.6623037e-05
8.8818326e-05
1.7040843e-05
9.1961113e-05
1.6906956e-05
9.5244161e-05
1.6219304e-05
9.8600751e-05
1.4996132e-05
0.00010194581
1.3275644e-05
0.00010516445
1.1125019e-05
0.0001081057
8.6531384e-06
0.00011061196
5.9867369e-06
0.00011253018
3.2667667e-06
0.00011373015
6.4880983e-07
0.00011417922
-1.756346e-06
0.00011390191
-3.9008419e-06
0.00011299247
-5.7493884e-06
0.00011157684
-7.307563e-06
0.00010978319
-8.5979538e-06
0.00010772109
-9.64619e-06
0.00010547402
-1.0472478e-05
0.00010310183
-1.1088051e-05
0.00010064859
-1.1494965e-05
9.8151407e-05
-1.1688515e-05
9.5647005e-05
-1.1659305e-05
9.3174224e-05
-1.1396764e-05
9.0777851e-05
-1.0894458e-05
8.8506506e-05
-1.0150445e-05
8.640673e-05
-9.171046e-06
8.4529379e-05
-7.9766156e-06
8.2911084e-05
-6.5904204e-06
8.1590926e-05
-5.0554844e-06
8.0586134e-05
-3.4066903e-06
7.9917866e-05
-1.7026675e-06
7.9587747e-05
1.1071115e-08
7.9581637e-05
1.6864397e-06
7.989361e-05
3.2902374e-06
8.050702e-05
4.7814948e-06
8.1403403e-05
6.1281788e-06
8.2564303e-05
7.3033449e-06
8.3971323e-05
8.283723e-06
8.5606319e-05
9.0478501e-06
8.744844e-05
9.5763711e-06
8.9473282e-05
9.8509521e-06
9.1647951e-05
9.8577969e-06
9.3931878e-05
9.587064e-06
9.6269957e-05
9.0398143e-06
9.8597971e-05
8.2257194e-06
0.00010083632
7.170721e-06
0.00010289681
5.914482e-06
0.00010469262
4.5056437e-06
0.00010613401
3.0126165e-06
0.00010715978
1.4934395e-06
0.00010772397
1.6123451e-08
0.00010782582
-1.3726582e-06
0.00010748861
-2.6419911e-06
0.00010676272
-3.7675658e-06
0.00010571328
-4.7368171e-06
0.00010440919
-5.5485802e-06
0.00010291424
-6.2025278e-06
0.00010128488
-6.7026398e-06
9.9564167e-05
-7.0505879e-06
9.7793086e-05
-7.2443533e-06
9.5992793e-05
-7.2899735e-06
9.4206244e-05
-7.1630592e-06
9.2424252e-05
-6.9071986e-06
9.07266e-05
-6.4019367e-06
8.9049417e-05
-5.8934658e-06
8.752766e-05
-4.8461263e-06
8.6073085e-05
-4.2646291e-06
-2.2674715e-06
8.9778851e-05
7.9569651e-07
9.0076285e-05
2.3550677e-06
9.0578387e-05
3.9076376e-06
9.1291614e-05
5.4583388e-06
9.2240503e-05
7.0378143e-06
9.3434036e-05
8.6435914e-06
9.49105e-05
1.0302113e-05
9.6678111e-05
1.1988841e-05
9.8785378e-05
1.3716848e-05
0.000101235
1.5438711e-05
0.00010407057
1.7142009e-05
0.00010728458
1.8761069e-05
0.00011088889
2.0248086e-05
0.00011485131
2.1526769e-05
0.00011912308
2.2523548e-05
0.00012362748
2.3166427e-05
0.00012825403
2.3389028e-05
0.00013286763
2.3139772e-05
0.00013731811
2.2398872e-05
0.00014145504
2.118864e-05
0.0001451631
1.957796e-05
0.00014838882
1.7677825e-05
0.00015113866
1.5614059e-05
0.00015345461
1.34953e-05
0.00015538687
1.1399686e-05
0.00015697849
9.3752889e-06
0.00015826817
7.4477075e-06
0.0001592954
5.6332307e-06
0.00016010803
3.9463876e-06
0.00016076174
2.3949219e-06
0.00016131293
9.7509056e-07
0.00016180978
-3.3261952e-07
0.00016228549
-1.5743285e-06
0.00016275467
-2.7920015e-06
0.00016321334
-4.0527376e-06
0.00016364522
-5.4112056e-06
0.00016400825
-6.9181922e-06
0.00016422757
-8.6223445e-06
0.00016421039
-1.0550768e-05
0.00016386279
-1.2698631e-05
0.00016309864
-1.50324e-05
0.00016183865
-1.7489956e-05
0.00016001572
-1.9979627e-05
0.00015759153
-2.2390162e-05
0.0001545636
-2.4600885e-05
0.00015095082
-2.6483753e-05
0.00014678306
-2.7908635e-05
0.00014210981
-2.8758795e-05
0.00013701057
-2.8949757e-05
0.00013159621
-2.8441003e-05
0.00012600284
-2.7239944e-05
0.00012038058
-2.5401945e-05
0.00011488079
-2.3021373e-05
0.00010964303
-2.021996e-05
0.0001047826
-1.7134181e-05
0.00010038686
-1.3893324e-05
9.651668e-05
-1.0606342e-05
9.3205119e-05
-7.3632278e-06
9.0459731e-05
-4.2244267e-06
8.8289879e-05
-1.2014666e-06
8.6749549e-05
1.7502823e-06
8.5900276e-05
4.6524774e-06
8.5702511e-05
7.3936318e-06
8.5956109e-05
9.7340235e-06
8.6354311e-05
1.1417337e-05
8.6638615e-05
1.2314268e-05
8.6797832e-05
1.2499631e-05
8.706334e-05
1.2279426e-05
8.7676288e-05
1.1916373e-05
8.879281e-05
1.1587891e-05
9.0523896e-05
1.1312222e-05
9.2960037e-05
1.1069581e-05
9.6092176e-05
1.0738707e-05
9.9814778e-05
1.0173885e-05
0.0001039532
9.2625135e-06
0.00010829391
7.9473362e-06
0.00011259492
6.2307372e-06
0.00011659133
4.1953465e-06
0.00011997013
1.9785439e-06
0.00012242588
-2.6052775e-07
0.00012375468
-2.3738492e-06
0.00012383296
-4.2200661e-06
0.00012268512
-5.6917485e-06
0.00012047056
-6.74034e-06
0.00011743753
-7.3548036e-06
0.00011386851
-7.5614629e-06
0.00011003906
-7.4269141e-06
0.00010619483
-7.034562e-06
0.00010254623
-6.4724948e-06
9.9268423e-05
-5.8544396e-06
9.6487025e-05
-5.3335746e-06
9.4246532e-05
-5.0723405e-06
9.248504e-05
-5.184126e-06
9.1042091e-05
-5.6878057e-06
8.9704755e-05
-6.5050831e-06
8.8268116e-05
-7.4929977e-06
8.658365e-05
-8.4942526e-06
8.4579365e-05
-9.3734779e-06
8.2253968e-05
-1.0029883e-05
7.9661142e-05
-1.0394427e-05
7.6891518e-05
-1.0413184e-05
7.4059963e-05
-1.003954e-05
7.1297016e-05
-9.2343795e-06
6.8743255e-05
-7.964854e-06
6.6543678e-05
-6.220884e-06
6.4841431e-05
-4.0185464e-06
6.3773839e-05
-1.4037914e-06
6.3432432e-05
1.5310451e-06
6.3920933e-05
4.6485044e-06
6.5295707e-05
7.7890993e-06
6.756794e-05
1.0761567e-05
7.0698109e-05
1.3366111e-05
7.4594727e-05
1.5415408e-05
7.9116576e-05
1.6755117e-05
8.4078881e-05
1.7282111e-05
8.9258267e-05
1.6960349e-05
9.4405389e-05
1.5824962e-05
9.9254803e-05
1.3980908e-05
0.00010354034
1.160241e-05
0.0001070371
8.8959823e-06
0.00010957787
6.0785934e-06
0.00011108343
3.3473082e-06
0.00011160949
8.2308972e-07
0.00011125813
-1.3673931e-06
0.00011021993
-3.2650822e-06
0.00010868036
-4.860791e-06
0.00010680046
-6.1882899e-06
0.00010470147
-7.2875404e-06
0.00010246546
-8.1992053e-06
0.00010014308
-8.9621831e-06
9.7761924e-05
-9.6116645e-06
9.5332979e-05
-1.0176316e-05
9.285554e-05
-1.0674591e-05
9.0322221e-05
-1.1110705e-05
8.7724887e-05
-1.1471809e-05
8.5062122e-05
-1.1726839e-05
8.2346622e-05
-1.1827933e-05
7.9611159e-05
-1.1714641e-05
7.691179e-05
-1.1321385e-05
7.4326278e-05
-1.058895e-05
7.1949968e-05
-9.4751398e-06
6.9884543e-05
-7.9632361e-06
6.822615e-05
-6.0727131e-06
6.7053833e-05
-3.8588781e-06
6.6424517e-05
-1.4031704e-06
6.634765e-05
1.1355714e-06
6.6827655e-05
3.6982038e-06
6.7840093e-05
6.1479028e-06
6.9344888e-05
8.3791145e-06
7.1293689e-05
1.0305075e-05
7.3635138e-05
1.1857611e-05
7.6316234e-05
1.2986699e-05
7.9281494e-05
1.3657776e-05
8.2471078e-05
1.3851259e-05
8.5813438e-05
1.3564596e-05
8.922057e-05
1.2812171e-05
9.2586903e-05
1.16298e-05
9.5781906e-05
1.008064e-05
9.8658785e-05
8.2481398e-06
0.000101078
6.2339246e-06
0.0001029185
4.1462406e-06
0.00010409251
2.0927571e-06
0.00010459644
1.4487534e-07
0.00010446501
-1.6249127e-06
0.00010378374
-3.2195755e-06
0.000102656
-4.6216468e-06
0.00010118317
-5.8347314e-06
9.9451592e-05
-6.866378e-06
9.7528589e-05
-7.7231871e-06
9.5464673e-05
-8.4085623e-06
9.3298965e-05
-8.9223428e-06
9.1065046e-05
-9.2610461e-06
8.8795201e-05
-9.4186695e-06
8.6524291e-05
-9.3883954e-06
8.4291032e-05
-9.163506e-06
8.213685e-05
-8.7402755e-06
8.0107027e-05
-8.1206218e-06
7.8247138e-05
-7.3111567e-06
7.6598662e-05
-6.3281396e-06
7.5202205e-05
-5.1939633e-06
7.4085725e-05
-3.9390044e-06
7.3276967e-05
-2.5979327e-06
7.2784541e-05
-1.210241e-06
7.2615197e-05
1.8041549e-07
7.2761033e-05
1.5406038e-06
7.3215554e-05
2.8357164e-06
7.3964411e-05
4.0326382e-06
7.4989726e-05
5.102864e-06
7.6270994e-05
6.0220762e-06
7.7785532e-05
6.7691856e-06
7.9507101e-05
7.3262811e-06
8.1404904e-05
7.678568e-06
8.3440963e-05
7.814893e-06
8.5569184e-05
7.7295766e-06
8.7733074e-05
7.4231737e-06
8.9867496e-05
6.9053927e-06
9.1898322e-05
6.194893e-06
9.3749672e-05
5.3193716e-06
9.5346558e-05
4.3175953e-06
9.6623096e-05
3.2291066e-06
9.7537323e-05
2.0983894e-06
9.8063932e-05
9.668305e-07
9.8204995e-05
-1.2493946e-07
9.7987883e-05
-1.1555468e-06
9.7452149e-05
-2.1062567e-06
9.6646683e-05
-2.9621004e-06
9.5622475e-05
-3.7126083e-06
9.4426773e-05
-4.3528785e-06
9.3101266e-05
-4.8770216e-06
9.1681778e-05
-5.2831511e-06
9.019742e-05
-5.5662303e-06
8.8676253e-05
-5.7231867e-06
8.7137246e-05
-5.7509667e-06
8.5611737e-05
-5.6375497e-06
8.4101674e-05
-5.3971358e-06
8.2668864e-05
-4.9691272e-06
8.1263021e-05
-4.4876223e-06
8.0020615e-05
-3.6037211e-06
7.883031e-05
-3.0743237e-06
-1.3332583e-06
8.0152122e-05
6.8521631e-07
8.0480633e-05
2.0265566e-06
8.1033097e-05
3.3551745e-06
8.1815744e-05
4.6756918e-06
8.2844823e-05
6.0087348e-06
8.4129401e-05
7.3590134e-06
8.5692658e-05
8.7388552e-06
8.7544438e-05
1.0137062e-05
8.9710115e-05
1.1551171e-05
9.2195738e-05
1.2953088e-05
9.5017768e-05
1.4319979e-05
9.8170903e-05
1.5607935e-05
0.00010164655
1.677244e-05
0.00010541447
1.775885e-05
0.0001094265
1.8511519e-05
0.00011361537
1.8977552e-05
0.00011789377
1.9110635e-05
0.00012215633
1.8877211e-05
0.00012628852
1.8266681e-05
0.00013017962
1.729754e-05
0.00013373981
1.6017764e-05
0.00013691722
1.4500417e-05
0.00013969967
1.2831612e-05
0.00014210254
1.1092424e-05
0.00014415506
9.3471732e-06
0.00014589003
7.6403211e-06
0.00014733951
5.9982242e-06
0.00014853576
4.4369807e-06
0.00014951469
2.9674579e-06
0.00015031621
1.5933963e-06
0.00015098011
3.1118905e-07
0.00015153996
-8.9246473e-07
0.00015201792
-2.0522884e-06
0.00015242837
-3.2024519e-06
0.00015276388
-4.3882505e-06
0.00015300226
-5.6495827e-06
0.00015310434
-7.0202688e-06
0.00015301123
-8.5292363e-06
0.00015265147
-1.0191012e-05
0.00015194918
-1.1996344e-05
0.0001508277
-1.3910913e-05
0.00014921639
-1.587865e-05
0.00014706142
-1.7824656e-05
0.00014432822
-1.9656968e-05
0.00014099835
-2.1271007e-05
0.00013707438
-2.2559791e-05
0.00013259258
-2.3426827e-05
0.00012763143
-2.3797649e-05
0.00012231071
-2.3629034e-05
0.0001167829
-2.2913193e-05
0.00011121873
-2.1675778e-05
0.00010578776
-1.9970974e-05
0.00010064145
-1.7875059e-05
9.590108e-05
-1.5479595e-05
9.1652533e-05
-1.2885634e-05
8.7949072e-05
-1.0189862e-05
8.4818307e-05
-7.4755766e-06
8.2266437e-05
-4.8113578e-06
8.0283969e-05
-2.241958e-06
7.8871696e-05
2.1080556e-07
7.8049832e-05
2.5721466e-06
7.7861146e-05
4.841163e-06
7.8309957e-05
6.9448209e-06
7.9312082e-05
8.7318981e-06
8.0685369e-05
1.0044051e-05
8.2183578e-05
1.0816059e-05
8.3609999e-05
1.107321e-05
8.497891e-05
1.0910515e-05
8.6419096e-05
1.0476187e-05
8.8081011e-05
9.925976e-06
9.0095094e-05
9.2981391e-06
9.251119e-05
8.6534845e-06
9.5288884e-05
7.9610119e-06
9.8319308e-05
7.1434609e-06
0.00010143259
6.1492303e-06
0.00010441037
4.9695601e-06
0.0001070135
3.6275997e-06
0.00010904014
2.1687119e-06
0.0001103306
6.8808084e-07
0.00011077421
-7.041356e-07
0.00011035652
-1.9561607e-06
0.00010913777
-3.0013146e-06
0.00010725135
-3.8053333e-06
0.00010486536
-4.3543467e-06
0.00010215457
-4.6440111e-06
9.9290027e-05
-4.6969214e-06
9.6431955e-05
-4.5688412e-06
9.3722479e-05
-4.3250863e-06
9.1281416e-05
-4.0314316e-06
8.9198005e-05
-3.7710286e-06
8.7510998e-05
-3.6465674e-06
8.6186513e-05
-3.7478553e-06
8.5114282e-05
-4.1118951e-06
8.4134088e-05
-4.7076119e-06
8.3079442e-05
-5.4504371e-06
8.1820025e-05
-6.2335808e-06
8.028217e-05
-6.9563976e-06
7.845054e-05
-7.5418475e-06
7.6356603e-05
-7.9359461e-06
7.4060761e-05
-8.0985855e-06
7.1646054e-05
-7.9984771e-06
6.921162e-05
-7.6051064e-06
6.6863744e-05
-6.8865038e-06
6.4724158e-05
-5.8252671e-06
6.2924288e-05
-4.4210144e-06
6.1585363e-05
-2.6796217e-06
6.0831639e-05
-6.5006648e-07
6.074798e-05
1.614704e-06
6.1422453e-05
3.9740313e-06
6.2896491e-05
6.3150606e-06
6.5166157e-05
8.4919012e-06
6.8176856e-05
1.0355412e-05
7.1821664e-05
1.17706e-05
7.5943705e-05
1.2633075e-05
8.0342754e-05
1.2883062e-05
8.4787381e-05
1.2515722e-05
8.9032421e-05
1.1579922e-05
9.2836163e-05
1.0177166e-05
9.5999643e-05
8.43893e-06
9.8380744e-05
6.5148821e-06
9.9924753e-05
4.534584e-06
0.00010065744
2.6146172e-06
0.00010066546
8.1507742e-07
0.00010008615
-7.8808523e-07
9.9042091e-05
-2.2210234e-06
9.7651726e-05
-3.4704257e-06
9.6009226e-05
-4.5457902e-06
9.4185675e-05
-5.4639892e-06
9.2232736e-05
-6.2462656e-06
9.0186143e-05
-6.9155899e-06
8.8068171e-05
-7.4936932e-06
8.5889677e-05
-7.9978223e-06
8.3652663e-05
-8.4375769e-06
8.1354203e-05
-8.812244e-06
7.8991515e-05
-9.1091221e-06
7.6567976e-05
-9.3032997e-06
7.4098971e-05
-9.3589279e-06
7.1616851e-05
-9.2325212e-06
6.9173966e-05
-8.8785006e-06
6.6841387e-05
-8.2563696e-06
6.4704225e-05
-7.3379779e-06
6.2855679e-05
-6.1146902e-06
6.1386288e-05
-4.6033219e-06
6.0375098e-05
-2.8476876e-06
5.9887272e-05
-9.1534428e-07
5.9925092e-05
1.0977507e-06
6.0512282e-05
3.1110138e-06
6.1631488e-05
5.0286978e-06
6.3247026e-05
6.7635765e-06
6.5309811e-05
8.2422896e-06
6.7760291e-05
9.4071308e-06
7.0530371e-05
1.0216619e-05
7.3542364e-05
1.0645783e-05
7.6706609e-05
1.0687013e-05
7.9920884e-05
1.0350322e-05
8.3069357e-05
9.6636979e-06
8.6025825e-05
8.6733319e-06
8.866307e-05
7.4433948e-06
9.0867389e-05
6.0438208e-06
9.2553642e-05
4.5476721e-06
9.3670904e-05
3.028978e-06
9.4223545e-05
1.540117e-06
9.4250995e-05
1.1742491e-07
9.3815335e-05
-1.1892525e-06
9.2994118e-05
-2.3983581e-06
9.186092e-05
-3.4884488e-06
9.0480279e-05
-4.4540901e-06
8.8905246e-05
-5.2913459e-06
8.7178713e-05
-5.9966541e-06
8.533635e-05
-6.5661992e-06
8.3409658e-05
-6.9956509e-06
8.1428868e-05
-7.2802558e-06
7.9424924e-05
-7.414726e-06
7.7430737e-05
-7.3942078e-06
7.5482207e-05
-7.2149758e-06
7.3617807e-05
-6.8758755e-06
7.1876815e-05
-6.37963e-06
7.0299645e-05
-5.7339863e-06
6.8923335e-05
-4.9518304e-06
6.7781839e-05
-4.052467e-06
6.6902364e-05
-3.0595292e-06
6.6306234e-05
-2.0018025e-06
6.6003966e-05
-9.0797315e-07
6.5999846e-05
1.8453608e-07
6.6289529e-05
1.2509202e-06
6.686444e-05
2.2608055e-06
6.7709311e-05
3.1877676e-06
6.8803633e-05
4.0085427e-06
7.0122458e-05
4.7032508e-06
7.1636055e-05
5.2555888e-06
7.3309586e-05
5.6527505e-06
7.5102426e-05
5.8857277e-06
7.6967214e-05
5.9501053e-06
7.8850716e-05
5.846075e-06
8.0693639e-05
5.5802508e-06
8.2434739e-05
5.1642927e-06
8.4012816e-05
4.6168157e-06
8.5372064e-05
3.960124e-06
8.64697e-05
3.2199589e-06
8.7273652e-05
2.4251545e-06
8.7772356e-05
1.5996854e-06
8.7971638e-05
7.6754869e-07
8.7887037e-05
-4.0338517e-08
8.7547101e-05
-8.1561062e-07
8.6984425e-05
-1.543581e-06
8.623283e-05
-2.2105051e-06
8.5325528e-05
-2.8053062e-06
8.4292719e-05
-3.3200697e-06
8.3162339e-05
-3.7466413e-06
8.1959293e-05
-4.0801055e-06
8.0706537e-05
-4.3134743e-06
7.9426351e-05
-4.4430004e-06
7.8137902e-05
-4.4625183e-06
7.6865977e-05
-4.3656251e-06
7.5621695e-05
-4.1528537e-06
7.444945e-05
-3.7968819e-06
7.3319493e-05
-3.357666e-06
7.2354575e-05
-2.6388025e-06
7.142393e-05
-2.1436793e-06
-6.7174021e-07
6.9808622e-05
5.6725474e-07
7.0160254e-05
1.6749245e-06
7.075089e-05
2.7645394e-06
7.1585728e-05
3.8408533e-06
7.2674763e-05
4.9196996e-06
7.4025336e-05
6.0084411e-06
7.5650746e-05
7.1134448e-06
7.7558736e-05
8.2290711e-06
7.9761415e-05
9.3484922e-06
8.2262036e-05
1.0452466e-05
8.5063345e-05
1.151867e-05
8.8156545e-05
1.2514735e-05
9.1524621e-05
1.3404363e-05
9.5136704e-05
1.4146768e-05
9.8947757e-05
1.4700466e-05
0.00010289859
1.5026719e-05
0.00010691614
1.5093087e-05
0.00011091579
1.4877555e-05
0.00011480789
1.437458e-05
0.00011850712
1.3598313e-05
0.0001219425
1.2582385e-05
0.00012506618
1.1376734e-05
0.00012785655
1.0041249e-05
0.0001303138
8.6351735e-06
0.00013245215
7.2088235e-06
0.00013429303
5.7994385e-06
0.00013586005
4.4311992e-06
0.00013717659
3.1204454e-06
0.00013826919
1.8748554e-06
0.00013916625
6.9633592e-07
0.00013989103
-4.1358978e-07
0.00014046969
-1.4711235e-06
0.00014091679
-2.4993861e-06
0.00014123644
-3.5221097e-06
0.0001414166
-4.5684032e-06
0.00014143224
-5.6652278e-06
0.00014124629
-6.8343175e-06
0.00014080745
-8.0903944e-06
0.00014005191
-9.4354723e-06
0.00013890933
-1.0853767e-05
0.00013731019
-1.2311773e-05
0.00013519153
-1.3759985e-05
0.00013250095
-1.5134084e-05
0.00012920352
-1.635953e-05
0.00012529338
-1.7360876e-05
0.00012080546
-1.8071865e-05
0.00011582222
-1.8443588e-05
0.00011047412
-1.8449548e-05
0.00010493022
-1.8085133e-05
9.9378276e-05
-1.7361253e-05
9.4000117e-05
-1.6297619e-05
8.8951056e-05
-1.4921913e-05
8.4349017e-05
-1.3273019e-05
8.0273606e-05
-1.1404184e-05
7.6769513e-05
-9.3815408e-06
7.3853878e-05
-7.2742276e-06
7.152377e-05
-5.1454684e-06
6.9764406e-05
-3.051994e-06
6.8549663e-05
-1.0272146e-06
6.7876123e-05
8.8434544e-07
6.7736061e-05
2.712208e-06
6.8147904e-05
4.4293205e-06
6.911024e-05
5.982485e-06
7.0561376e-05
7.2807618e-06
7.2380772e-05
8.2246549e-06
7.4436764e-05
8.7600663e-06
7.6597705e-05
8.9122691e-06
7.8752013e-05
8.7562072e-06
8.0852326e-05
8.3758739e-06
8.2926211e-05
7.8520909e-06
8.4989725e-05
7.2346251e-06
8.7065346e-05
6.5778636e-06
8.9132625e-05
5.8937326e-06
9.1116916e-05
5.1591698e-06
9.2911105e-05
4.3550411e-06
9.4401105e-05
3.4795591e-06
9.5480145e-05
2.5485598e-06
9.6054205e-05
1.5946516e-06
9.6085457e-05
6.5682898e-07
9.5585105e-05
-2.0378412e-07
9.4604585e-05
-9.7564059e-07
9.3229197e-05
-1.6259264e-06
9.1555085e-05
-2.1312208e-06
8.9679954e-05
-2.4792157e-06
8.7704225e-05
-2.6682824e-06
8.5730305e-05
-2.7230015e-06
8.3851856e-05
-2.6903916e-06
8.2145563e-05
-2.6187932e-06
8.066798e-05
-2.5538484e-06
7.9446621e-05
-2.5496692e-06
7.8464021e-05
-2.6639675e-06
7.7649818e-05
-2.9336521e-06
7.6893793e-05
-3.35587e-06
7.6075333e-05
-3.8891525e-06
7.5095086e-05
-4.4701892e-06
7.3893863e-05
-5.032358e-06
7.2456803e-05
-5.5193375e-06
7.0804405e-05
-5.8894499e-06
6.8980381e-05
-6.1119222e-06
6.7043602e-05
-6.1618064e-06
6.5062555e-05
-6.0174296e-06
6.3113953e-05
-5.6565052e-06
6.1285091e-05
-5.0576414e-06
5.9670618e-05
-4.2107938e-06
5.8367479e-05
-3.1178758e-06
5.7482964e-05
-1.7951064e-06
5.7103884e-05
-2.709864e-07
5.7310493e-05
1.408095e-06
5.8154926e-05
3.1295981e-06
5.9656317e-05
4.8136693e-06
6.1791876e-05
6.3563422e-06
6.4492303e-05
7.6549849e-06
6.7642378e-05
8.6205246e-06
7.1085943e-05
9.1895102e-06
7.4637091e-05
9.331913e-06
7.8096942e-05
9.055872e-06
8.1273197e-05
8.4036672e-06
8.4003334e-05
7.447028e-06
8.6172378e-05
6.2698864e-06
8.7725266e-05
4.9619939e-06
8.8659723e-05
3.6001279e-06
8.9023501e-05
2.2508394e-06
8.8882041e-05
9.5653706e-07
8.8325799e-05
-2.3184239e-07
8.7420386e-05
-1.3156106e-06
8.6237183e-05
-2.2872226e-06
8.483607e-05
-3.144677e-06
8.3266913e-05
-3.894832e-06
8.1569847e-05
-4.5491997e-06
7.9775306e-05
-5.1210482e-06
7.7904297e-05
-5.6226847e-06
7.5969493e-05
-6.0630188e-06
7.3977344e-05
-6.4454278e-06
7.1931262e-05
-6.7661616e-06
6.9835551e-05
-7.0134117e-06
6.7699825e-05
-7.1675732e-06
6.5543218e-05
-7.2023203e-06
6.3397889e-05
-7.0871923e-06
6.1310777e-05
-6.7913886e-06
5.9342914e-05
-6.2885065e-06
5.7566769e-05
-5.5618325e-06
5.6061158e-05
-4.6090793e-06
5.4903681e-05
-3.445845e-06
5.4164136e-05
-2.1081422e-06
5.3891922e-05
-6.4313027e-07
5.4107764e-05
8.8190848e-07
5.4824352e-05
2.3944258e-06
5.6026134e-05
3.8269159e-06
5.7676453e-05
5.1132581e-06
5.9721088e-05
6.197655e-06
6.2090941e-05
7.0372776e-06
6.4704056e-05
7.6035044e-06
6.7467074e-05
7.8827647e-06
7.0277246e-05
7.8768418e-06
7.3025883e-05
7.6016848e-06
7.5603458e-05
7.0861222e-06
7.7907527e-05
6.3692627e-06
7.9853367e-05
5.497555e-06
8.1380199e-05
4.5169896e-06
8.2456581e-05
3.4712898e-06
8.308598e-05
2.3995788e-06
8.3291706e-05
1.3343914e-06
8.3113197e-05
2.9593388e-07
8.2604744e-05
-6.8079902e-07
8.1810639e-05
-1.6042526e-06
8.077715e-05
-2.4549597e-06
7.9545416e-05
-3.2223562e-06
7.8152024e-05
-3.8979539e-06
7.6630056e-05
-4.4746865e-06
7.5010259e-05
-4.9464022e-06
7.3322166e-05
-5.3075581e-06
7.1595026e-05
-5.5531154e-06
6.9858795e-05
-5.6784952e-06
6.8144541e-05
-5.6799536e-06
6.6484899e-05
-5.5553337e-06
6.4913673e-05
-5.30465e-06
6.3465017e-05
-4.9309739e-06
6.2172556e-05
-4.4415256e-06
6.1067361e-05
-3.8466355e-06
6.0177453e-05
-3.1625589e-06
5.9524685e-05
-2.4067604e-06
5.9125165e-05
-1.6022831e-06
5.898932e-05
-7.7212723e-07
5.911542e-05
5.8436006e-08
5.9499765e-05
8.6657544e-07
6.0130378e-05
1.6301921e-06
6.0989139e-05
2.3290066e-06
6.2052277e-05
2.9454058e-06
6.3290764e-05
3.4647633e-06
6.4670696e-05
3.8756571e-06
6.6153499e-05
4.1699472e-06
6.7696466e-05
4.342761e-06
6.9253557e-05
4.3930148e-06
7.0776759e-05
4.3228723e-06
7.2218261e-05
4.1387495e-06
7.3533055e-05
3.8494982e-06
7.4681606e-05
3.468265e-06
7.5632857e-05
3.0088727e-06
7.6365802e-05
2.4870144e-06
7.687015e-05
1.9208065e-06
7.7145435e-05
1.3244003e-06
7.7198891e-05
7.1409297e-07
7.7049551e-05
1.0900129e-07
7.6711281e-05
-4.7734053e-07
7.6206193e-05
-1.0384936e-06
7.5555828e-05
-1.5601397e-06
7.4782247e-05
-2.031725e-06
7.3906882e-05
-2.444705e-06
7.2951262e-05
-2.7910213e-06
7.1935876e-05
-3.0647196e-06
7.0881483e-05
-3.259081e-06
6.980816e-05
-3.3696781e-06
6.8735832e-05
-3.3901902e-06
6.7686057e-05
-3.3158502e-06
6.6675551e-05
-3.1423479e-06
6.5735882e-05
-2.8572129e-06
6.4858008e-05
-2.479792e-06
6.4136979e-05
-1.9177738e-06
6.344216e-05
-1.44886e-06
-2.5874095e-07
5.8748732e-05
4.4434097e-07
5.9117049e-05
1.3066072e-06
5.9735585e-05
2.1460037e-06
6.0607836e-05
2.9686022e-06
6.1739379e-05
3.7881563e-06
6.3135174e-05
4.612646e-06
6.4802426e-05
5.4461926e-06
6.6745713e-05
6.2857844e-06
6.8969492e-05
7.1247126e-06
7.1472935e-05
7.9490241e-06
7.4251341e-05
8.7402637e-06
7.7291991e-05
9.4740855e-06
8.0573808e-05
1.0122546e-05
8.4065302e-05
1.0655275e-05
8.7723995e-05
1.1041773e-05
9.1496741e-05
1.1253973e-05
9.5320587e-05
1.1269241e-05
9.9125276e-05
1.1072866e-05
0.00010283798
1.0661872e-05
0.00010638954
1.0046754e-05
0.00010972084
9.2510926e-06
0.00011278773
8.309843e-06
0.00011556432
7.2646526e-06
0.00011804128
6.158213e-06
0.00012022125
5.0288532e-06
0.0001221153
3.9053961e-06
0.00012373695
2.8095395e-06
0.00012510115
1.7562468e-06
0.00012622597
7.5003471e-07
0.00012712824
-2.0592784e-07
0.00012782075
-1.1060976e-06
0.00012832145
-1.9718247e-06
0.00012863252
-2.81046e-06
0.00012874901
-3.6386049e-06
0.00012865462
-4.4740118e-06
0.00012832173
-5.3323322e-06
0.00012771138
-6.2239732e-06
0.00012677282
-7.1518274e-06
0.00012544612
-8.1087774e-06
0.00012366811
-9.0757597e-06
0.00012137821
-1.0021873e-05
0.00011852497
-1.0906746e-05
0.00011507625
-1.1685359e-05
0.00011103186
-1.2315138e-05
0.00010643459
-1.2763609e-05
0.00010137682
-1.3014101e-05
9.599951e-05
-1.3066273e-05
9.0479138e-05
-1.2929177e-05
8.5003559e-05
-1.2609554e-05
7.9746279e-05
-1.2103974e-05
7.4849133e-05
-1.1400473e-05
7.0416191e-05
-1.0488971e-05
6.6516312e-05
-9.3731398e-06
6.3188933e-05
-8.0768044e-06
6.0448863e-05
-6.6414706e-06
5.8292633e-05
-5.1179983e-06
5.6703959e-05
-3.5567938e-06
5.5654977e-05
-2.0030124e-06
5.5118185e-05
-4.9042244e-07
5.5072081e-05
9.3044974e-07
5.5498393e-05
2.2858951e-06
5.6388282e-05
3.5394323e-06
5.7721598e-05
4.6491683e-06
5.9442165e-05
5.5601954e-06
6.1451432e-05
6.2153878e-06
6.3627729e-05
6.5837695e-06
6.5857946e-05
6.6820519e-06
6.8054827e-05
6.5593265e-06
7.015815e-05
6.2725512e-06
7.2133165e-05
5.8770754e-06
7.3950037e-05
5.4177528e-06
7.5597576e-05
4.9303244e-06
7.7062099e-05
4.4292092e-06
7.8311882e-05
3.9093874e-06
7.9305453e-05
3.3614698e-06
8.000401e-05
2.7810014e-06
8.0381129e-05
2.1714408e-06
8.0427067e-05
1.5487128e-06
8.0153003e-05
9.3089355e-07
7.9601217e-05
3.4800152e-07
7.8799785e-05
-1.7420906e-07
7.7799052e-05
-6.2519312e-07
7.6653134e-05
-9.8530241e-07
7.5420494e-05
-1.2465762e-06
7.4165471e-05
-1.4132595e-06
7.2950465e-05
-1.5079946e-06
7.1823902e-05
-1.5638288e-06
7.0816655e-05
-1.6115462e-06
6.9942399e-05
-1.6795919e-06
6.9191296e-05
-1.7985665e-06
6.8522363e-05
-1.9950337e-06
6.786744e-05
-2.2787297e-06
6.714877e-05
-2.6371995e-06
6.6300305e-05
-3.0406871e-06
6.528248e-05
-3.4523647e-06
6.4086137e-05
-3.8360145e-06
6.272809e-05
-4.1612903e-06
6.1242331e-05
-4.403691e-06
5.9672631e-05
-4.5422225e-06
5.8068934e-05
-4.558109e-06
5.6485312e-05
-4.4338081e-06
5.498181e-05
-4.1530026e-06
5.3624101e-05
-3.6999327e-06
5.2483013e-05
-3.0697058e-06
5.1632803e-05
-2.2676658e-06
5.1140192e-05
-1.3024955e-06
5.1073375e-05
-2.0416953e-07
5.1489639e-05
9.9183091e-07
5.2407482e-05
2.2117551e-06
5.3825296e-05
3.3958555e-06
5.570701e-05
4.4746278e-06
5.7980711e-05
5.3812844e-06
6.0541638e-05
6.0595975e-06
6.3259813e-05
6.4713345e-06
6.5991783e-05
6.5999429e-06
6.8595618e-05
6.4520372e-06
7.09446e-05
6.0546845e-06
7.2941684e-05
5.449944e-06
7.4522381e-05
4.6891895e-06
7.5660377e-05
3.8239978e-06
7.6354861e-05
2.905645e-06
7.6632537e-05
1.9731632e-06
7.6523388e-05
1.0656867e-06
7.6090707e-05
2.0083868e-07
7.5358456e-05
-5.8335911e-07
7.438167e-05
-1.310437e-06
7.3203214e-05
-1.966221e-06
7.186196e-05
-2.5535781e-06
7.0391118e-05
-3.0783568e-06
6.8817615e-05
-3.5475459e-06
6.7162212e-05
-3.9672813e-06
6.5440432e-05
-4.3412386e-06
6.3664248e-05
-4.669244e-06
6.1844372e-05
-4.9462856e-06
5.9993021e-05
-5.1620607e-06
5.8126684e-05
-5.3012366e-06
5.6268823e-05
-5.3444594e-06
5.4451896e-05
-5.2702652e-06
5.271829e-05
-5.0577816e-06
5.111983e-05
-4.6900472e-06
4.9715552e-05
-4.157554e-06
4.8567851e-05
-3.4613781e-06
4.7737402e-05
-2.6153955e-06
4.7274655e-05
-1.6453953e-06
4.7219109e-05
-5.8758468e-07
4.758662e-05
5.1439778e-07
4.837848e-05
1.6025658e-06
4.9574474e-05
2.6309221e-06
5.113463e-05
3.5531024e-06
5.3001784e-05
4.3305006e-06
5.5104784e-05
4.934278e-06
5.7361683e-05
5.346605e-06
5.968366e-05
5.5607883e-06
6.1979809e-05
5.5806921e-06
6.4162125e-05
5.4193689e-06
6.6150861e-05
5.0973863e-06
6.7880409e-05
4.6397149e-06
6.9304292e-05
4.0736721e-06
7.0394833e-05
3.4264491e-06
7.114209e-05
2.724032e-06
7.1552866e-05
1.988803e-06
7.1646665e-05
1.2405934e-06
7.1448214e-05
4.9438414e-07
7.0986684e-05
-2.192689e-07
7.0288947e-05
-9.0651558e-07
6.9385919e-05
-1.551931e-06
6.8307835e-05
-2.1442724e-06
6.7084559e-05
-2.6746775e-06
6.5745661e-05
-3.1357889e-06
6.432042e-05
-3.5211613e-06
6.2837895e-05
-3.825033e-06
6.1327116e-05
-4.0423364e-06
5.981732e-05
-4.1686997e-06
5.8338097e-05
-4.2007299e-06
5.691932e-05
-4.136557e-06
5.5590857e-05
-3.9761875e-06
5.4382011e-05
-3.7221272e-06
5.3320311e-05
-3.3798259e-06
5.2431266e-05
-2.9575907e-06
5.173574e-05
-2.4670323e-06
5.1250994e-05
-1.9220141e-06
5.0987673e-05
-1.3389629e-06
5.0950713e-05
-7.3516668e-07
5.1137546e-05
-1.283972e-07
5.1540702e-05
4.6342e-07
5.2145846e-05
1.0250485e-06
5.2933351e-05
1.5415016e-06
5.3878782e-05
1.9999753e-06
5.4953294e-05
2.3902506e-06
5.6124535e-05
2.7044168e-06
5.7357528e-05
2.936954e-06
5.8615512e-05
3.0847777e-06
5.9861502e-05
3.1470244e-06
6.1059131e-05
3.1252432e-06
6.2175023e-05
3.022858e-06
6.3178945e-05
2.8455758e-06
6.4046787e-05
2.6004232e-06
6.4759872e-05
2.2957875e-06
6.5304901e-05
1.9419856e-06
6.5676764e-05
1.5489438e-06
6.5874056e-05
1.127108e-06
6.5898476e-05
6.8967297e-07
6.5762137e-05
2.4534039e-07
6.5473533e-05
-1.8873586e-07
6.5044451e-05
-6.0941241e-07
6.4490985e-05
-1.0066735e-06
6.3829957e-05
-1.370697e-06
6.30791e-05
-1.6938476e-06
6.2257296e-05
-1.9692182e-06
6.1383632e-05
-2.1910557e-06
6.0478104e-05
-2.3535528e-06
5.9560431e-05
-2.4520049e-06
5.8651148e-05
-2.4809074e-06
5.7770844e-05
-2.4355467e-06
5.6939312e-05
-2.3108162e-06
5.6180979e-05
-2.0988793e-06
5.5502931e-05
-1.8017441e-06
5.4967033e-05
-1.3818758e-06
5.4471855e-05
-9.5368207e-07
-4.5694737e-08
4.6972247e-05
3.1920935e-07
4.7351364e-05
9.2748978e-07
4.7986917e-05
1.5104511e-06
4.8880213e-05
2.075306e-06
5.0033781e-05
2.6345879e-06
5.1450489e-05
3.1959378e-06
5.3134014e-05
3.7626675e-06
5.5086372e-05
4.3334264e-06
5.7307764e-05
4.9033209e-06
5.9794144e-05
5.462644e-06
6.2536677e-05
5.9977316e-06
6.5519721e-05
6.4910411e-06
6.8719933e-05
6.9223351e-06
7.2105312e-05
7.2698957e-06
7.5634873e-05
7.5122115e-06
7.925931e-05
7.6295352e-06
8.2922377e-05
7.6061736e-06
8.6562572e-05
7.4326711e-06
9.0116925e-05
7.107518e-06
9.3525296e-05
6.6383839e-06
9.6734645e-05
6.0417432e-06
9.970242e-05
5.3420683e-06
0.0001023995
4.5675766e-06
0.00010480907
3.7486386e-06
0.00010692479
2.9131316e-06
0.00010874831
2.0818784e-06
0.0001102829
1.2749448e-06
0.00011153474
5.044096e-07
0.00011251637
-2.3159399e-07
0.00011322747
-9.1702777e-07
0.00011368698
-1.5656085e-06
0.00011389337
-2.1782158e-06
0.00011384443
-2.7615224e-06
0.00011353013
-3.3242987e-06
0.00011293142
-3.8753062e-06
0.00011201997
-4.420877e-06
0.00011075898
-4.9629914e-06
0.00010910528
-5.498121e-06
0.00010701292
-6.0164157e-06
0.0001044389
-6.501748e-06
0.00010135085
-6.9338215e-06
9.7736594e-05
-7.2924881e-06
9.3614425e-05
-7.5631896e-06
8.9041286e-05
-7.7419989e-06
8.4115611e-05
-7.8379338e-06
7.8971342e-05
-7.8698321e-06
7.3761899e-05
-7.8568299e-06
6.8638846e-05
-7.8061233e-06
6.3734181e-05
-7.7048896e-06
5.9153122e-05
-7.5229142e-06
5.4975904e-05
-7.2232553e-06
5.1262531e-05
-6.7755977e-06
4.8056487e-05
-6.167095e-06
4.5385492e-05
-5.4058101e-06
4.3261482e-05
-4.5174602e-06
4.1681298e-05
-3.537814e-06
4.0630525e-05
-2.5060208e-06
4.0083662e-05
-1.4561496e-06
4.00034e-05
-4.1016044e-07
4.0373478e-05
5.6037147e-07
4.1160609e-05
1.4987635e-06
4.2335864e-05
2.3641773e-06
4.3860286e-05
3.1247467e-06
4.5672885e-05
3.7475965e-06
4.7687757e-05
4.2005155e-06
4.9804286e-05
4.467241e-06
5.1926468e-05
4.5598701e-06
5.3975931e-05
4.509863e-06
5.5894795e-05
4.3536872e-06
5.7645446e-05
4.1264245e-06
5.9206322e-05
3.856877e-06
6.0570543e-05
3.5661025e-06
6.173735e-05
3.2624025e-06
6.2703729e-05
2.9430084e-06
6.3463955e-05
2.6012429e-06
6.4011818e-05
2.2331387e-06
6.4343273e-05
1.8399847e-06
6.4461238e-05
1.4307483e-06
6.4373081e-05
1.0190502e-06
6.4097534e-05
6.2354829e-07
6.3664454e-05
2.5887013e-07
6.3095632e-05
-5.6370606e-08
6.2430574e-05
-3.2024438e-07
6.1709802e-05
-5.2580448e-07
6.0974147e-05
-6.7760384e-07
6.0256182e-05
-7.9003013e-07
5.9574262e-05
-8.819081e-07
5.893327e-05
-9.7055441e-07
5.8325658e-05
-1.0719795e-06
5.7729069e-05
-1.2019771e-06
5.7106401e-05
-1.3723662e-06
5.6413634e-05
-1.5859628e-06
5.5611957e-05
-1.8355216e-06
5.4677767e-05
-2.1064969e-06
5.3606379e-05
-2.3809766e-06
5.2410716e-05
-2.6403512e-06
5.1116442e-05
-2.8670162e-06
4.9757143e-05
-3.0443922e-06
4.8371422e-05
-3.156502e-06
4.7001237e-05
-3.1879238e-06
4.5691408e-05
-3.1239788e-06
4.4489641e-05
-2.9512356e-06
4.344886e-05
-2.6591524e-06
4.262275e-05
-2.2435961e-06
4.2061532e-05
-1.706447e-06
4.1816005e-05
-1.0569684e-06
4.1927658e-05
-3.1582265e-07
4.2429823e-05
4.8966611e-07
4.3324861e-05
1.3167162e-06
4.4599802e-05
2.1209145e-06
4.6216151e-05
2.8582792e-06
4.8111212e-05
3.4862231e-06
5.0201631e-05
3.9691779e-06
5.2390293e-05
4.2826725e-06
5.4574758e-05
4.4154783e-06
5.6656548e-05
4.3702468e-06
5.8549605e-05
4.1616273e-06
6.0185355e-05
3.8141945e-06
6.1516916e-05
3.3576282e-06
6.2516208e-05
2.8247058e-06
6.3176196e-05
2.2456572e-06
6.3500343e-05
1.649017e-06
6.3510556e-05
1.0554738e-06
6.3228488e-05
4.8290614e-07
6.2693575e-05
-4.8445719e-08
6.1928268e-05
-5.4512983e-07
6.096788e-05
-1.0058326e-06
5.9842631e-05
-1.428329e-06
5.8579496e-05
-1.815222e-06
5.7202058e-05
-2.1701082e-06
5.573066e-05
-2.4958833e-06
5.4183216e-05
-2.7937943e-06
5.2576388e-05
-3.0624163e-06
5.0927126e-05
-3.2970234e-06
4.9254418e-05
-3.4893527e-06
4.7580952e-05
-3.6277698e-06
4.5934551e-05
-3.6980587e-06
4.4349097e-05
-3.6848113e-06
4.2864666e-05
-3.5733506e-06
4.1526638e-05
-3.3520181e-06
4.0383599e-05
-3.0145155e-06
3.9484034e-05
-2.5618125e-06
3.8871776e-05
-2.0031378e-06
3.858279e-05
-1.3564092e-06
3.8641976e-05
-6.4677066e-07
3.9060937e-05
9.5437042e-08
3.9828172e-05
8.3533105e-07
4.0920034e-05
1.5390606e-06
4.2297084e-05
2.1760525e-06
4.3906308e-05
2.7212768e-06
4.5684705e-05
3.1558807e-06
4.7563123e-05
3.468187e-06
4.9470279e-05
3.6536324e-06
5.1336809e-05
3.7141613e-06
5.3099006e-05
3.6571723e-06
5.470225e-05
3.4941418e-06
5.6103007e-05
3.2389577e-06
5.7269559e-05
2.9071201e-06
5.8181388e-05
2.5146203e-06
5.882893e-05
2.0764901e-06
5.9211275e-05
1.6064582e-06
5.9334044e-05
1.1178249e-06
5.9205896e-05
6.225318e-07
5.8853155e-05
1.3347261e-07
5.8282654e-05
-3.3601504e-07
5.7521171e-05
-7.9044787e-07
5.6592891e-05
-1.2159919e-06
5.5523657e-05
-1.6054441e-06
5.4340719e-05
-1.9528503e-06
5.3072106e-05
-2.2525486e-06
5.1746408e-05
-2.4993348e-06
5.0392493e-05
-2.6884217e-06
4.9039347e-05
-2.8155536e-06
4.7715927e-05
-2.87731e-06
4.6450711e-05
-2.8713408e-06
4.5271368e-05
-2.7968444e-06
4.4204135e-05
-2.6548942e-06
4.327297e-05
-2.4486611e-06
4.2498937e-05
-2.183558e-06
4.18992e-05
-1.8672951e-06
4.1486006e-05
-1.5088195e-06
4.1267314e-05
-1.1202711e-06
4.1244715e-05
-7.1256698e-07
4.1412945e-05
-2.9662756e-07
4.1765999e-05
1.1036605e-07
4.228758e-05
5.0346748e-07
4.2959488e-05
8.6959402e-07
4.3759848e-05
1.1996159e-06
4.466349e-05
1.4866087e-06
4.5643041e-05
1.7248656e-06
4.6669811e-05
1.9101842e-06
4.7714689e-05
2.0398993e-06
4.8748953e-05
2.1127604e-06
4.9745214e-05
2.1289827e-06
5.0678068e-05
2.0900044e-06
5.1524931e-05
1.9987126e-06
5.2266459e-05
1.8588951e-06
5.2886683e-05
1.6755637e-06
5.337383e-05
1.454838e-06
5.3719622e-05
1.2031524e-06
5.3919298e-05
9.2743153e-07
5.3973018e-05
6.3595298e-07
5.3882111e-05
3.3624757e-07
5.3659523e-05
3.3852092e-08
5.330498e-05
-2.5486979e-07
5.2835321e-05
-5.3701373e-07
5.2264022e-05
-7.993981e-07
5.1606848e-05
-1.0366737e-06
5.088129e-05
-1.2436605e-06
5.010585e-05
-1.4156159e-06
4.9300174e-05
-1.5478771e-06
4.8484351e-05
-1.6361814e-06
4.7679426e-05
-1.6759827e-06
4.6906609e-05
-1.6627296e-06
4.6187556e-05
-1.5917638e-06
4.554495e-05
-1.4562727e-06
4.4995894e-05
-1.2526883e-06
4.4577453e-05
-9.6343526e-07
4.4232385e-05
-6.0861346e-07
2.7003934e-08
3.4477997e-05
1.9576341e-07
3.4858965e-05
5.465217e-07
3.5490364e-05
8.7905205e-07
3.6371749e-05
1.1939209e-06
3.7503033e-05
1.5033034e-06
3.8885518e-05
1.813453e-06
4.0521061e-05
2.1271242e-06
4.2410529e-05
2.4439586e-06
4.4552499e-05
2.7613514e-06
4.6941639e-05
3.0735038e-06
4.9567548e-05
3.3718224e-06
5.2413323e-05
3.6452667e-06
5.5454629e-05
3.8810291e-06
5.8659149e-05
4.0653756e-06
6.1986651e-05
4.1847092e-06
6.538943e-05
4.2267559e-06
6.8813594e-05
4.1820092e-06
7.2201248e-05
4.0450171e-06
7.5493286e-05
3.8154801e-06
7.8632777e-05
3.4988926e-06
8.1568218e-05
3.1063023e-06
8.4256266e-05
2.6540202e-06
8.6663796e-05
2.1600461e-06
8.8768782e-05
1.6436533e-06
9.0561404e-05
1.1205087e-06
9.2034012e-05
6.0927038e-07
9.3189348e-05
1.1960932e-07
9.4020792e-05
-3.2703496e-07
9.4539369e-05
-7.5017113e-07
9.4755653e-05
-1.1333114e-06
9.4673439e-05
-1.4833953e-06
9.4295236e-05
-1.8000133e-06
9.362021e-05
-2.0864966e-06
9.2642295e-05
-2.3463831e-06
9.1350143e-05
-2.5831551e-06
8.9727825e-05
-2.7985587e-06
8.7756922e-05
-2.9920889e-06
8.5419777e-05
-3.1609762e-06
8.2703991e-05
-3.3006297e-06
7.9608409e-05
-3.4061656e-06
7.6149369e-05
-3.4747816e-06
7.2365327e-05
-3.5084455e-06
6.831795e-05
-3.5158123e-06
6.4088107e-05
-3.5121557e-06
5.9766582e-05
-3.5164087e-06
5.5442049e-05
-3.5452997e-06
5.1191084e-05
-3.6058647e-06
4.7075316e-05
-3.6903552e-06
4.3146715e-05
-3.7762884e-06
3.9454412e-05
-3.8306111e-06
3.6049495e-05
-3.818338e-06
3.2985313e-05
-3.7114155e-06
3.0313091e-05
-3.4948733e-06
2.8075782e-05
-3.1685009e-06
2.6302956e-05
-2.7446338e-06
2.5007858e-05
-2.2427164e-06
2.4188956e-05
-1.6871184e-06
2.3833547e-05
-1.1007414e-06
2.3925091e-05
-5.0170397e-07
2.4412168e-05
7.3293816e-08
2.5278614e-05
6.3231763e-07
2.6488551e-05
1.1542403e-06
2.7995397e-05
1.617901e-06
2.9738279e-05
2.0047147e-06
3.1641208e-05
2.2975865e-06
3.3620856e-05
2.4875937e-06
3.5599865e-05
2.5808606e-06
3.7516172e-05
2.5935569e-06
3.9324607e-05
2.5452519e-06
4.099613e-05
2.4549007e-06
4.2514963e-05
2.3380444e-06
4.387593e-05
2.2051355e-06
4.5078376e-05
2.059956e-06
4.612067e-05
1.9007136e-06
4.6998337e-05
1.7235756e-06
4.7705407e-05
1.5260688e-06
4.8236338e-05
1.3090531e-06
4.8589987e-05
1.0770991e-06
4.8770412e-05
8.3862518e-07
4.8789738e-05
6.0422148e-07
4.866624e-05
3.8236841e-07
4.8426354e-05
1.8351546e-07
4.8094798e-05
1.1311007e-08
4.7700354e-05
-1.313601e-07
4.7266812e-05
-2.4406146e-07
4.6810267e-05
-3.3348494e-07
4.6336685e-05
-4.0832651e-07
4.5842965e-05
-4.7683363e-07
4.5318533e-05
-5.475479e-07
4.4745709e-05
-6.2915285e-07
4.4102e-05
-7.286569e-07
4.3365435e-05
-8.4939789e-07
4.2520365e-05
-9.9045152e-07
4.1561149e-05
-1.1472804e-06
4.0492899e-05
-1.3127268e-06
3.9330478e-05
-1.4779294e-06
3.8096416e-05
-1.6329548e-06
3.6819174e-05
-1.7671494e-06
3.5532027e-05
-1.8693558e-06
3.4272217e-05
-1.928113e-06
3.30804e-05
-1.9321626e-06
3.2000457e-05
-1.8712926e-06
3.1078471e-05
-1.7371665e-06
3.0359972e-05
-1.5250966e-06
2.9888309e-05
-1.2347843e-06
2.9702364e-05
-8.7102378e-07
2.9831412e-05
-4.4487004e-07
3.0292344e-05
2.8733497e-08
3.1085013e-05
5.2404738e-07
3.2195258e-05
1.0106695e-06
3.3587153e-05
1.4663845e-06
3.5208547e-05
1.8648283e-06
3.6993528e-05
2.1841974e-06
3.8867149e-05
2.4090506e-06
4.0751125e-05
2.5315031e-06
4.2569875e-05
2.5514961e-06
4.4255396e-05
2.476106e-06
4.5751631e-05
2.3179605e-06
4.7015908e-05
2.0933506e-06
4.802067e-05
1.8199444e-06
4.8751074e-05
1.5152531e-06
4.92055e-05
1.1945911e-06
4.9389794e-05
8.7118051e-07
4.9318552e-05
5.5414817e-07
4.9018016e-05
2.5209073e-07
4.8504032e-05
-3.1146483e-08
4.7798965e-05
-3.0076527e-07
4.6923834e-05
-5.5319803e-07
4.5898786e-05
-7.9017411e-07
4.4742643e-05
-1.0139644e-06
4.3472883e-05
-1.2261235e-06
4.2106596e-05
-1.4275074e-06
4.0661383e-05
-1.6172035e-06
3.915653e-05
-1.7921706e-06
3.7614199e-05
-1.9470211e-06
3.6060505e-05
-2.0740755e-06
3.452625e-05
-2.1638041e-06
3.3047113e-05
-2.2056743e-06
3.1663128e-05
-2.1893647e-06
3.041733e-05
-2.10622e-06
2.9353584e-05
-1.9507696e-06
2.8513771e-05
-1.7219995e-06
2.7934777e-05
-1.4241429e-06
2.7645134e-05
-1.0667666e-06
2.7662236e-05
-6.638727e-07
2.7990526e-05
-2.3285278e-07
2.8618676e-05
2.0718185e-07
2.9524681e-05
6.3305523e-07
3.0674312e-05
1.0264211e-06
3.2022527e-05
1.3730623e-06
3.3517696e-05
1.6607116e-06
3.5104481e-05
1.8814019e-06
3.6726854e-05
2.0312589e-06
3.8330863e-05
2.1101524e-06
3.986697e-05
2.1210658e-06
4.1291729e-05
2.0693827e-06
4.2568596e-05
1.9620905e-06
4.3668484e-05
1.8072321e-06
4.4569913e-05
1.6131914e-06
4.5258337e-05
1.3880655e-06
4.5725118e-05
1.1396783e-06
4.596745e-05
8.7549232e-07
4.5987564e-05
6.0241828e-07
4.5794427e-05
3.2660925e-07
4.5405249e-05
5.3163303e-08
4.482872e-05
-2.1391911e-07
4.4084693e-05
-4.7196489e-07
4.3193832e-05
-7.1458274e-07
4.2179739e-05
-9.387575e-07
4.1067486e-05
-1.1402954e-06
3.9883666e-05
-1.3155145e-06
3.8655917e-05
-1.4606725e-06
3.7412552e-05
-1.5721886e-06
3.6182091e-05
-1.6468498e-06
3.499281e-05
-1.6820593e-06
3.3872103e-05
-1.6761375e-06
3.2845751e-05
-1.6285422e-06
3.1937227e-05
-1.5401373e-06
3.1166852e-05
-1.4131828e-06
3.0551061e-05
-1.251504e-06
3.0102405e-05
-1.0601632e-06
2.9827585e-05
-8.4545094e-07
2.9729208e-05
-6.1419039e-07
2.9805959e-05
-3.733776e-07
3.0047244e-05
-1.3091877e-07
3.0443028e-05
1.0768307e-07
3.0977705e-05
3.3491689e-07
3.1633443e-05
5.438788e-07
3.2388864e-05
7.3118754e-07
3.3221119e-05
8.9261052e-07
3.4106271e-05
1.0250329e-06
3.5019937e-05
1.1262327e-06
3.5937825e-05
1.1948728e-06
3.6836364e-05
1.2304434e-06
3.7693098e-05
1.2332703e-06
3.8487382e-05
1.2044284e-06
3.9200513e-05
1.145765e-06
3.9816293e-05
1.0597829e-06
4.0321591e-05
9.4954041e-07
4.0706087e-05
8.1865587e-07
4.0962404e-05
6.7111448e-07
4.1087201e-05
5.1115624e-07
4.10806e-05
3.4284881e-07
4.0943671e-05
1.7078099e-07
4.0688429e-05
3.7218458e-10
4.0319597e-05
-1.6818126e-07
3.9848461e-05
-3.2826214e-07
3.9288923e-05
-4.7713582e-07
3.8656731e-05
-6.1146895e-07
3.7969115e-05
-7.2799942e-07
3.7244817e-05
-8.2357989e-07
3.6503722e-05
-8.950866e-07
3.5766966e-05
-9.3922608e-07
3.5056634e-05
-9.5239801e-07
3.439576e-05
-9.3088971e-07
3.3808723e-05
-8.6923606e-07
3.3318597e-05
-7.625619e-07
3.2953311e-05
-5.9814958e-07
3.2702369e-05
-3.5767168e-07
2.2334766e-08
2.1264633e-05
7.9256096e-08
2.1609206e-05
2.0194938e-07
2.2172289e-05
3.1596848e-07
2.2946103e-05
4.2010758e-07
2.3927698e-05
5.217086e-07
2.5117705e-05
6.234459e-07
2.6518018e-05
7.2681036e-07
2.8129729e-05
8.322475e-07
2.9952218e-05
9.3886327e-07
3.1981392e-05
1.0443302e-06
3.4208117e-05
1.145097e-06
3.6616828e-05
1.236556e-06
3.9184535e-05
1.3133227e-06
4.18803e-05
1.3696103e-06
4.4665287e-05
1.3997224e-06
4.7493425e-05
1.3986171e-06
5.031288e-05
1.3625532e-06
5.3068226e-05
1.2896708e-06
5.5703222e-05
1.1804848e-06
5.8164008e-05
1.0381059e-06
6.0402254e-05
8.6805662e-07
6.2377981e-05
6.7829293e-07
6.4058952e-05
4.7907493e-07
6.5422841e-05
2.7976386e-07
6.6472383e-05
7.0967393e-08
6.7196814e-05
-1.1516046e-07
6.759021e-05
-2.7378742e-07
6.7683367e-05
-4.2019149e-07
6.7485982e-05
-5.5278637e-07
6.7010418e-05
-6.5774816e-07
6.6269545e-05
-7.4252185e-07
6.5277556e-05
-8.0802433e-07
6.4047021e-05
-8.5596164e-07
6.2588749e-05
-8.8811149e-07
6.0912121e-05
-9.0652732e-07
5.9026651e-05
-9.1308876e-07
5.6943831e-05
-9.0926901e-07
5.4679107e-05
-8.9625242e-07
5.225368e-05
-8.7520299e-07
4.9695249e-05
-8.4773356e-07
4.7037016e-05
-8.1654858e-07
4.4314621e-05
-7.860503e-07
4.1561314e-05
-7.625048e-07
3.8802626e-05
-7.5346795e-07
3.6052639e-05
-7.6642081e-07
3.3314045e-05
-8.0670625e-07
3.0583303e-05
-8.7512174e-07
2.7859113e-05
-9.6616527e-07
2.5151045e-05
-1.0682203e-06
2.2486015e-05
-1.1655809e-06
1.9909205e-05
-1.241528e-06
1.7479467e-05
-1.2816768e-06
1.5261148e-05
-1.2765549e-06
1.3315386e-05
-1.2227383e-06
1.1693711e-05
-1.1229586e-06
1.0437117e-05
-9.8612313e-07
9.5727112e-06
-8.2271236e-07
9.1069287e-06
-6.3495904e-07
9.0299132e-06
-4.2468871e-07
9.3038281e-06
-2.0062119e-07
9.9110225e-06
2.5123212e-08
1.0837067e-05
2.2819628e-07
1.2037957e-05
4.1701045e-07
1.346152e-05
5.8115252e-07
1.5044078e-05
7.1502845e-07
1.6720486e-05
8.1118621e-07
1.8430328e-05
8.710187e-07
2.0123739e-05
9.0014592e-07
2.1763126e-05
9.0586497e-07
2.3322638e-05
8.9538833e-07
2.4786072e-05
8.7461024e-07
2.6143903e-05
8.4730389e-07
2.7389265e-05
8.1459387e-07
2.851462e-05
7.7535874e-07
2.9510673e-05
7.2752198e-07
3.0367316e-05
6.694252e-07
3.1075768e-05
6.0060145e-07
3.1630544e-05
5.2232225e-07
3.2031877e-05
4.3729204e-07
3.2286815e-05
3.4928293e-07
3.2406936e-05
2.6224783e-07
3.2410349e-05
1.8010189e-07
3.2316098e-05
1.0556184e-07
3.2144525e-05
4.0213677e-08
3.1911387e-05
-1.0923281e-08
3.1629173e-05
-5.1270796e-08
3.130483e-05
-8.3983618e-08
3.0938763e-05
-1.1076686e-07
3.0526284e-05
-1.3506874e-07
3.0057904e-05
-1.6077304e-07
2.9520942e-05
-1.9169473e-07
2.8902318e-05
-2.3077298e-07
2.8191422e-05
-2.7955528e-07
2.7382227e-05
-3.3808528e-07
2.6474529e-05
-4.0502882e-07
2.5474495e-05
-4.7789485e-07
2.4394786e-05
-5.5324603e-07
2.3254488e-05
-6.2685136e-07
2.2078915e-05
-6.9378336e-07
2.0899348e-05
-7.4854605e-07
1.9752492e-05
-7.8530692e-07
1.8679506e-05
-7.9830639e-07
1.772467e-05
-7.823304e-07
1.6933141e-05
-7.3356778e-07
1.6348533e-05
-6.5017598e-07
1.6009497e-05
-5.3198793e-07
1.5944979e-05
-3.803524e-07
1.6172001e-05
-1.9828836e-07
1.6692688e-05
3.3598387e-09
1.7506633e-05
1.9672479e-07
1.8580699e-05
3.9231805e-07
1.9874338e-05
5.7118984e-07
2.1335176e-05
7.2335873e-07
2.2903012e-05
8.4121494e-07
2.4514303e-05
9.2021192e-07
2.6106701e-05
9.5909839e-07
2.7623141e-05
9.5966555e-07
2.9014935e-05
9.261663e-07
3.0243787e-05
8.644992e-07
3.1282361e-05
7.8137078e-07
3.2114105e-05
6.8350941e-07
3.2731599e-05
5.7709712e-07
3.3135358e-05
4.6742155e-07
3.3330979e-05
3.5852709e-07
3.3329994e-05
2.5307627e-07
3.314746e-05
1.5138691e-07
3.2796343e-05
5.0352063e-08
3.2283545e-05
-4.0399468e-08
3.1622202e-05
-1.2883162e-07
3.0824198e-05
-2.1596004e-07
2.9899619e-05
-3.0154512e-07
2.8858995e-05
-3.8688343e-07
2.7713936e-05
-4.7214469e-07
2.6478378e-05
-5.5661213e-07
2.516983e-05
-6.3847328e-07
2.3810467e-05
-7.1471177e-07
2.2427845e-05
-7.8118231e-07
2.1055059e-05
-8.3288841e-07
1.9730161e-05
-8.6446598e-07
1.8494785e-05
-8.7084359e-07
1.7392007e-05
-8.4799162e-07
1.646365e-05
-7.9364271e-07
1.5747356e-05
-7.0784865e-07
1.5273713e-05
-5.9312287e-07
1.5063561e-05
-4.5372085e-07
1.5124825e-05
-2.9411664e-07
1.5451064e-05
-1.1905696e-07
1.6032212e-05
5.1907377e-08
1.6844262e-05
2.1437088e-07
1.7851149e-05
3.6617556e-07
1.9012847e-05
4.9901335e-07
2.0285569e-05
6.0867989e-07
2.162422e-05
6.9260748e-07
2.2984509e-05
7.498636e-07
2.4324689e-05
7.8088553e-07
2.5606866e-05
7.872059e-07
2.6797844e-05
7.7111241e-07
2.786971e-05
7.3536636e-07
2.8799968e-05
6.8293349e-07
2.9571229e-05
6.1680408e-07
3.0171037e-05
5.3986995e-07
3.0591652e-05
4.5487816e-07
3.082968e-05
3.6439053e-07
3.0886052e-05
2.702367e-07
3.0766138e-05
1.7307782e-07
3.0480224e-05
7.1994474e-08
3.0033762e-05
-2.5502553e-08
2.9438765e-05
-1.1958571e-07
2.871248e-05
-2.1247291e-07
2.7872336e-05
-3.0015079e-07
2.6938409e-05
-3.815879e-07
2.5932742e-05
-4.5500553e-07
2.4879093e-05
-5.1853914e-07
2.3802572e-05
-5.7032892e-07
2.2729135e-05
-6.0862252e-07
2.1684908e-05
-6.3191062e-07
2.0695444e-05
-6.3907734e-07
1.9784847e-05
-6.2954074e-07
1.8975019e-05
-6.033541e-07
1.8284776e-05
-5.6126183e-07
1.7729298e-05
-5.0468449e-07
1.7319565e-05
-4.3571784e-07
1.7062234e-05
-3.568592e-07
1.6959603e-05
-2.7074637e-07
1.7008155e-05
-1.79471e-07
1.7200053e-05
-8.4214732e-08
1.7525878e-05
9.0927208e-09
1.7975235e-05
9.4521415e-08
1.8529917e-05
1.7650532e-07
1.9172008e-05
2.5052036e-07
1.9882026e-05
3.1501444e-07
2.0639548e-05
3.6871092e-07
2.1423714e-05
4.1070709e-07
2.2213705e-05
4.4045213e-07
2.2989238e-05
4.5773768e-07
2.3730991e-05
4.6267532e-07
2.4421071e-05
4.5568522e-07
2.5043392e-05
4.3746137e-07
2.5583969e-05
4.0896361e-07
2.6031247e-05
3.7137806e-07
2.6376326e-05
3.2603535e-07
2.6612993e-05
2.7448908e-07
2.6737558e-05
2.1828372e-07
2.6749685e-05
1.5865405e-07
2.6653501e-05
9.6556519e-08
2.6454161e-05
3.1158489e-08
2.6155231e-05
-2.9332681e-08
2.5766961e-05
-8.8865343e-08
2.5301123e-05
-1.4563082e-07
2.477082e-05
-1.9769656e-07
2.4191126e-05
-2.4388658e-07
2.3578825e-05
-2.8278565e-07
2.2952462e-05
-3.1286273e-07
2.2332423e-05
-3.3235911e-07
2.1740901e-05
-3.3936733e-07
2.1202638e-05
-3.3097306e-07
2.0743989e-05
-3.0391302e-07
2.0396434e-05
-2.5059484e-07
2.0191006e-05
-1.5224344e-07
3.057226e-09
7.3070967e-06
7.5090461e-06
7.8250146e-06
8.2451221e-06
8.7668307e-06
9.3902766e-06
1.0117087e-05
1.0949335e-05
1.1888198e-05
1.2932528e-05
1.4077625e-05
1.5314181e-05
1.6627504e-05
1.7997114e-05
1.9396836e-05
2.0795453e-05
2.2158006e-05
2.3447677e-05
2.4628162e-05
2.5666268e-05
2.6534324e-05
2.7212617e-05
2.7691692e-05
2.7971456e-05
2.8042423e-05
2.7927263e-05
2.7653475e-05
2.7233284e-05
2.6680497e-05
2.6022749e-05
2.5280227e-05
2.4472203e-05
2.3616241e-05
2.2728129e-05
2.1821602e-05
2.0908513e-05
1.9999244e-05
1.9102992e-05
1.8227789e-05
1.7380055e-05
1.6563507e-05
1.5777457e-05
1.5014952e-05
1.4261485e-05
1.3495064e-05
1.2688358e-05
1.1813236e-05
1.0847071e-05
9.7788508e-06
8.61327e-06
7.371742e-06
6.0900653e-06
4.8135105e-06
3.5907722e-06
2.4678135e-06
1.4816903e-06
6.5897782e-07
2.4018683e-08
-4.0067008e-07
-6.0129127e-07
-5.76168e-07
-3.4797163e-07
6.9038924e-08
6.5019156e-07
1.3652201e-06
2.1764064e-06
3.0474252e-06
3.9475711e-06
4.8534361e-06
5.7488243e-06
6.6234345e-06
7.4707383e-06
8.285332e-06
9.0606905e-06
9.7882123e-06
1.0457637e-05
1.1058239e-05
1.1580561e-05
1.2017853e-05
1.2367135e-05
1.2629383e-05
1.2809485e-05
1.2915047e-05
1.2955261e-05
1.2944338e-05
1.2893067e-05
1.2809083e-05
1.2698316e-05
1.2563248e-05
1.2402475e-05
1.221078e-05
1.1980007e-05
1.1700452e-05
1.1362367e-05
1.0957338e-05
1.0479443e-05
9.9261974e-06
9.299346e-06
8.6055626e-06
7.8570164e-06
7.0717094e-06
6.273403e-06
5.4910725e-06
4.7575047e-06
4.1073288e-06
3.5753409e-06
3.1949885e-06
2.9967001e-06
3.0000599e-06
3.1967847e-06
3.5891027e-06
4.1602924e-06
4.8836511e-06
5.724866e-06
6.6450779e-06
7.6041763e-06
8.5638419e-06
9.4900083e-06
1.0354508e-05
1.1135878e-05
1.1819388e-05
1.2396485e-05
1.2863907e-05
1.3222434e-05
1.347551e-05
1.3626897e-05
1.3677249e-05
1.363685e-05
1.3508018e-05
1.3292058e-05
1.2990513e-05
1.2603629e-05
1.2131485e-05
1.1574873e-05
1.09364e-05
1.0221688e-05
9.4405057e-06
8.6076174e-06
7.7431515e-06
6.872308e-06
6.0243165e-06
5.2306739e-06
4.5228253e-06
3.9297025e-06
3.4759817e-06
3.1818651e-06
3.0628082e-06
3.1147156e-06
3.3290864e-06
3.695262e-06
4.1942753e-06
4.8029551e-06
5.4955625e-06
6.245426e-06
7.0263115e-06
7.8135174e-06
8.5846299e-06
9.3199963e-06
1.000293e-05
1.0619734e-05
1.1159604e-05
1.1614482e-05
1.1978873e-05
1.224911e-05
1.2422187e-05
1.2494182e-05
1.2468679e-05
1.2349094e-05
1.2136621e-05
1.183647e-05
1.1454882e-05
1.0999876e-05
1.0481337e-05
9.9110084e-06
9.3023859e-06
8.6704753e-06
8.031398e-06
7.4018573e-06
6.7985033e-06
6.2372415e-06
5.7325571e-06
5.2968393e-06
4.9399802e-06
4.6692339e-06
4.489763e-06
4.4055484e-06
4.4146412e-06
4.5091627e-06
4.6856681e-06
4.9361885e-06
5.2512029e-06
5.6199139e-06
6.030621e-06
6.4710731e-06
6.9288108e-06
7.3914861e-06
7.8471713e-06
8.2846327e-06
8.6935963e-06
9.0649743e-06
9.3910097e-06
9.6654988e-06
9.8837825e-06
1.0042437e-05
1.0138993e-05
1.0170152e-05
1.0140819e-05
1.0051953e-05
9.9063226e-06
9.708626e-06
9.4647394e-06
9.1819537e-06
8.8690909e-06
8.5367318e-06
8.1973644e-06
7.8663913e-06
7.5624783e-06
7.3118834e-06
7.15964e-06
2.3533914e-12
-3.2668494e-06
-2.8496953e-06
-2.8603662e-06
-3.2492021e-06
1.6018938e-05
-8.6749855e-06
-9.050736e-09
3.5493444e-06
7.0958332e-06
3.1770768e-06
-9.2000639e-07
-1.2287159e-09
1.8163976e-06
-4.0768919e-06
4.4284902e-05
-4.7083718e-05
1.8733486e-05
-3.6981052e-06
-4.2712968e-06
-4.2812957e-06
-3.6900022e-06
4.0486683e-05
-3.2668491e-06
-2.8496964e-06
-2.8603646e-06
-3.249202e-06
1.6018948e-05
-1.9685563e-06
-8.6749867e-06
-9.0529431e-09
3.5493389e-06
7.0958404e-06
3.1770723e-06
-9.2000733e-07
-1.2257063e-09
1.8163976e-06
-4.0768868e-06
-1.5291647e-11
-9.4873206e-07
-7.7361268e-07
-7.7458594e-07
-9.5090059e-07
8.7758193e-06
-6.8820699e-09
1.2246367e-06
1.9547301e-06
8.1552748e-07
1.1380188e-09
2.1168698e-07
-1.0280354e-06
3.5440732e-05
-1.5102652e-06
-2.0910357e-06
-2.101609e-06
-1.5078205e-06
1.2250827e-05
3.0106272e-05
-9.4873373e-07
-7.7362512e-07
-7.7458909e-07
-9.509026e-07
8.7758237e-06
-6.8771422e-09
1.2246344e-06
1.9547265e-06
8.1551008e-07
1.146e-09
2.1168861e-07
-1.0280242e-06
-2.1640836e-11
-1.9470373e-07
-3.253013e-08
-3.0547062e-08
-1.9645562e-07
4.0396583e-06
4.4510125e-11
1.4556542e-07
6.6963622e-07
6.5491512e-07
1.4998112e-09
-1.0506789e-07
-5.5080953e-07
2.5758784e-05
-4.3528445e-07
-5.2356853e-07
-5.2280998e-07
-4.3165017e-07
6.2537549e-06
2.2166079e-05
-1.9470418e-07
-3.2530503e-08
-3.0547603e-08
-1.9644887e-07
4.0396604e-06
1.7358711e-11
1.4588547e-07
6.6931817e-07
6.5490034e-07
1.5057666e-09
-1.0506342e-07
-5.5079975e-07
-7.9561273e-12
2.4338465e-06
-1.1365545e-07
-1.1566545e-07
-1.1345032e-07
-1.1684716e-07
-4.3340527e-10
-1.3202222e-07
6.9770242e-07
-1.5164827e-08
8.5934379e-07
2.6017679e-09
-6.4136691e-08
-7.8232385e-07
1.9435452e-05
-1.9660032e-08
5.247413e-08
5.8138464e-08
-2.3213542e-08
2.6567412e-06
1.7456249e-05
2.4338444e-06
-1.136555e-07
-1.1566503e-07
-1.1345019e-07
-1.1684621e-07
8.9706666e-08
-4.290985e-10
-1.3202058e-07
6.9768805e-07
-1.5166165e-08
8.5932626e-07
2.5944532e-09
-6.4133549e-08
-7.8230615e-07
2.1914656e-12
-6.0298344e-06
-4.9747626e-06
-4.9951329e-06
-6.0005025e-06
2.6798208e-05
9.1819343e-06
8.0442315e-06
8.0775702e-06
-1.1716859e-12
-6.4708219e-06
-4.9104733e-06
-4.9452529e-06
7.9114778e-06
6.4809448e-06
6.5165605e-06
7.8738732e-06
-3.4373014e-05
2.1308026e-06
-1.4714181e-08
3.1916046e-06
-5.3137472e-06
3.9271845e-05
-2.8336379e-05
2.8366677e-05
-3.9313297e-05
9.1615287e-06
-6.0298347e-06
-4.9747624e-06
-4.9951328e-06
-6.0005029e-06
2.6798207e-05
9.1819347e-06
8.0442316e-06
8.0775707e-06
-6.4380504e-06
7.9114775e-06
6.4809442e-06
6.5165604e-06
7.873873e-06
-6.4708219e-06
-4.9104734e-06
-4.9452529e-06
-3.4373015e-05
2.1308021e-06
-1.4714713e-08
3.191604e-06
-5.313746e-06
3.1615399e-06
7.2947446e-09
-5.9508621e-06
-2.0334083e-06
9.9069268e-10
2.1290083e-06
6.3376218e-06
-2.4321463e-09
8.6217278e-06
-5.7991659e-06
4.8142528e-06
3.1615403e-06
7.2910075e-09
-5.9508602e-06
-2.0334095e-06
9.9065716e-10
2.1290078e-06
6.6202524e-11
-9.2062509e-07
-5.8833102e-09
2.8482485e-06
6.6764523e-11
-9.2062623e-07
-1.13642e-10
-4.9887712e-08
1.3375129e-11
8.9704052e-08
3.4691487e-08
-1.1843067e-10
-4.9884228e-08
1.5892267e-07
-2.8851111e-09
-1.5660718e-07
-1.5068894e-07
-1.1055631e-07
3.5269883e-11
1.104475e-07
1.0271406e-08
-3.3944714e-10
8.0259748e-08
-5.6335378e-08
1.4911967e-07
1.5892433e-07
-2.8926229e-09
-1.5660251e-07
-1.5068966e-07
-1.1055674e-07
3.5033166e-11
1.1044793e-07
-1.6245808e-06
5.6759104e-12
1.2651342e-06
-7.7052948e-10
1.5964399e-07
-2.6981794e-07
2.1716006e-12
-4.0348948e-07
3.273563e-07
3.2032552e-07
3.215423e-07
3.2354783e-07
-4.0495171e-07
-2.8745251e-07
-2.8901645e-07
-1.5346732e-06
1.795131e-07
-3.013196e-07
-2.3009962e-07
-2.3050725e-07
-3.0003168e-07
9.7583303e-07
-1.4637104e-07
9.9108983e-08
1.0024504e-07
-1.6245824e-06
1.2651356e-06
5.3753206e-07
-7.7099052e-10
1.5964436e-07
-2.6981868e-07
-4.0348969e-07
3.2735535e-07
3.203261e-07
3.2154319e-07
3.235491e-07
-4.0495199e-07
-2.874529e-07
-2.8901677e-07
-1.5346743e-06
4.8935309e-13
6.4922666e-06
5.0674839e-06
5.0993664e-06
-6.9863699e-06
-5.575868e-06
-5.6010119e-06
-6.9469916e-06
3.0363574e-05
3.8155709e-13
5.4718449e-06
4.5122044e-06
4.5167945e-06
5.4567357e-06
-2.4316964e-05
-6.7258128e-06
-6.0467879e-06
-6.0665949e-06
-1.8193144e-06
7.8292522e-09
4.6045065e-06
-2.7908593e-06
2.8393296e-05
-2.9896866e-05
3.0595887e-05
-2.9098477e-05
6.4658458e-06
-6.98637e-06
-5.5758679e-06
-5.6010119e-06
-6.9469916e-06
6.4922667e-06
5.0674838e-06
5.0993665e-06
3.0363573e-05
-6.7023193e-06
5.471845e-06
4.5122044e-06
4.5167945e-06
5.4567356e-06
-2.4316964e-05
-6.7258129e-06
-6.046788e-06
-6.066595e-06
-1.8193144e-06
7.8292024e-09
4.6045065e-06
-2.7908593e-06
-1.4295267e-09
5.1922806e-06
-5.1668037e-06
-5.4197012e-10
3.0450673e-07
-3.1126121e-07
-3.9687309e-07
-5.4254666e-10
3.0450748e-07
-3.112615e-07
-3.4203698e-06
-9.027072e-13
3.1644614e-06
3.8434596e-10
2.7584268e-07
-1.6638878e-07
-1.3103959e-12
-8.8370316e-07
3.8444198e-07
3.0408718e-07
3.0497912e-07
3.8296807e-07
-1.7481665e-06
-8.8487662e-07
-6.3987299e-07
-6.4178478e-07
-1.7923161e-06
3.9870355e-07
3.0051855e-07
3.0199291e-07
-5.534046e-07
-3.7581171e-07
-3.7698703e-07
-5.5188884e-07
2.2499048e-06
-3.4203713e-06
3.1644623e-06
-1.5375095e-06
-1.097877e-07
3.8433177e-10
2.7584333e-07
-1.6638893e-07
-8.8370277e-07
3.8444259e-07
3.0408745e-07
3.0497891e-07
3.8296754e-07
-1.748167e-06
-8.8487776e-07
-6.3987345e-07
-6.4178498e-07
-7.5607769e-10
-1.8184734e-06
-2.4208623e-06
-7.4953703e-09
4.4170235e-06
1.7911259e-06
-4.935256e-06
1.039058e-09
4.5091215e-06
-6.2781124e-06
-7.5610366e-10
-1.8184734e-06
-3.7817325e-06
-2.4208622e-06
-7.4957189e-09
4.4170234e-06
1.791126e-06
-1.1797204e-09
3.893101e-07
-8.387066e-07
-5.3039261e-07
-2.5796908e-07
-5.8722661e-10
6.1031006e-07
1.7849449e-07
-4.8183538e-11
-1.0973923e-07
-4.339793e-07
-1.1801082e-09
3.8931065e-07
-8.3870736e-07
-5.3039264e-07
-2.5796955e-07
-5.878377e-10
6.1031028e-07
1.7849472e-07
5.1621669e-06
4.1624773e-10
-2.4232812e-06
-4.2680116e-06
2.6561164e-12
2.0739894e-06
1.8843415e-06
1.8782151e-06
2.0624576e-06
-1.225184e-05
7.3988937e-07
-2.0686214e-06
-2.5360006e-09
2.5148584e-06
-1.1843469e-06
-1.6755323e-05
2.0674294e-05
-1.5115666e-05
2.5967557e-06
2.9964252e-06
3.0023401e-06
2.6014141e-06
1.5287461e-06
5.1621668e-06
4.1555184e-10
-2.4232812e-06
-4.2680116e-06
-1.2400804e-05
2.0739896e-06
1.8843416e-06
1.8782153e-06
2.0624577e-06
-1.225184e-05
7.3988935e-07
-2.068621e-06
-2.5371078e-09
2.5148582e-06
-1.184347e-06
-3.469567e-10
7.4022383e-07
6.2144761e-09
-2.2568758e-06
-3.4704186e-10
7.4022381e-07
9.126068e-10
-3.601984e-07
-1.6819502e-07
-4.1992203e-11
1.6824004e-07
-1.7069589e-07
9.122884e-10
-3.6019861e-07
-1.6819508e-07
-4.1957352e-11
1.6824006e-07
-7.7324407e-06
3.2856543e-12
7.8421544e-06
2.9406447e-07
3.3073655e-07
3.3238867e-07
2.9368996e-07
-5.7260301e-10
7.2200423e-07
-2.231668e-07
4.3005789e-12
-7.5071496e-06
2.9739364e-07
2.9866243e-07
2.9943874e-07
2.9458911e-07
-1.4156412e-06
1.1184893e-06
1.3367634e-09
-3.137338e-07
-9.763297e-07
-7.7324412e-06
7.8421549e-06
-1.3611873e-06
2.940654e-07
3.3073755e-07
3.3238818e-07
2.9369008e-07
-6.665683e-07
-5.7252639e-10
7.2200415e-07
-2.2316751e-07
-7.5071499e-06
2.9739473e-07
2.9866325e-07
2.9943928e-07
2.9458897e-07
-1.4156428e-06
2.2824192e-09
-8.4223732e-07
-1.2279202e-06
7.3907163e-12
8.7852575e-07
8.2608382e-07
8.2110751e-07
8.7937694e-07
-8.6617291e-06
-1.6925041e-07
-6.2158921e-10
4.297594e-07
-2.5962155e-07
-7.4296679e-06
1.1311296e-06
1.400645e-06
1.4055521e-06
1.1370806e-06
-1.0042265e-05
2.2813236e-09
-8.422374e-07
-1.2279196e-06
-2.1687374e-06
8.7852664e-07
8.2608497e-07
8.2110879e-07
8.7937826e-07
-8.6617309e-06
-1.6924908e-07
-6.2653556e-10
4.2975823e-07
-2.596208e-07
-7.0422484e-06
5.8633656e-12
1.6895752e-07
2.5069849e-07
2.5282353e-07
1.6960313e-07
5.5120185e-12
3.530462e-07
-1.9122336e-08
5.2303881e-12
-6.3762901e-06
1.0012039e-07
7.6438255e-08
7.5212216e-08
9.9928499e-08
-1.0174037e-06
1.128032e-09
-1.87318e-07
-4.8002051e-07
-7.0422488e-06
1.6895904e-07
2.5070068e-07
2.5282337e-07
1.696049e-07
-1.3071426e-06
-3.3388671e-07
-3.7880974e-12
3.5290804e-07
-1.8986801e-08
-6.3762911e-06
1.001179e-07
7.6446893e-08
7.5214499e-08
9.9922021e-08
-1.0174043e-06
-7.0748637e-10
-2.5513217e-07
8.6838285e-08
7.7660138e-12
1.0301237e-06
1.2414829e-06
1.2441804e-06
1.0346697e-06
-9.5783868e-06
1.4713086e-06
1.4069467e-09
-7.8581698e-07
-6.8625197e-07
3.0841031e-06
8.4218368e-07
8.0991943e-07
8.0674957e-07
8.4444641e-07
-8.5516327e-06
-7.1297899e-10
-2.5510489e-07
8.6810169e-08
8.1158175e-06
1.0301253e-06
1.2414847e-06
1.2441815e-06
1.0346715e-06
-9.5783891e-06
1.4713064e-06
1.4024993e-09
-7.8581288e-07
-6.8625313e-07
-5.6571964e-06
1.94759e-12
3.7899945e-08
5.6036138e-08
5.6537894e-08
3.8582416e-08
-7.4236472e-10
3.5305398e-07
8.4753527e-08
2.1600461e-12
-4.7917038e-06
3.6866249e-09
-3.7384696e-08
-3.9125575e-08
3.8741828e-09
-7.9576879e-07
-1.5595062e-11
-1.3710428e-08
-3.2009284e-07
-5.6571972e-06
3.7899741e-08
5.6034241e-08
5.6537562e-08
3.8581656e-08
-9.0746848e-07
-4.3715847e-07
-7.4273952e-10
3.5305381e-07
8.4753316e-08
-4.7917048e-06
3.6867451e-09
-3.7384728e-08
-3.9126308e-08
3.8743213e-09
-7.9576839e-07
-1.7391857e-09
-1.0054555e-06
1.9082482e-06
2.713154e-12
-1.4266147e-05
2.376867e-06
2.747919e-06
2.7529426e-06
2.380827e-06
1.3397386e-06
4.3268541e-06
5.8921516e-10
-3.4988004e-06
-2.1679203e-06
1.2594061e-05
1.8843959e-06
1.6808781e-06
1.6760064e-06
1.8756022e-06
-1.1593204e-05
5.699794e-07
-1.7426429e-09
-1.0054559e-06
1.9082473e-06
1.660192e-05
-1.4266148e-05
2.3768672e-06
2.747919e-06
2.7529428e-06
2.3808272e-06
1.3397388e-06
4.326854e-06
5.8797089e-10
-3.4988002e-06
-2.1679205e-06
5.0722844e-09
-1.8913069e-06
-2.8399386e-10
5.7029321e-07
3.227933e-06
5.0719483e-09
-1.8913069e-06
1.9753561e-11
-9.5659326e-08
2.3742231e-08
-1.7062667e-07
-3.8234793e-10
1.4716148e-07
9.5657952e-08
1.9695217e-11
-9.5659358e-08
2.3743047e-08
-1.7062825e-07
-3.8289874e-10
1.4716243e-07
-3.8387236e-06
9.9076098e-13
5.9807715e-09
-1.6476746e-08
-1.7553026e-08
7.7144098e-09
-3.0513165e-11
4.1552185e-07
2.6660351e-09
-6.5155926e-14
-2.9294941e-06
-1.1933171e-06
6.1664602e-08
8.092797e-08
7.9973396e-08
6.1811992e-08
4.2785882e-10
7.3144277e-08
-4.1482254e-07
-3.8387243e-06
5.9794379e-09
-1.647794e-08
-1.7552513e-08
7.7135521e-09
-9.3227367e-07
-3.9425885e-07
-3.1205261e-11
4.1552235e-07
2.6674999e-09
-2.9294938e-06
-1.1933148e-06
6.1662593e-08
8.092584e-08
7.9974016e-08
6.1811543e-08
-4.5317085e-06
1.6348325e-09
-5.5383384e-06
4.1153124e-06
1.6634588e-06
-7.1824458e-10
-1.6626305e-06
-2.147897e-06
-7.1696075e-09
1.5602318e-06
3.8209131e-06
5.952735e-06
-4.5317089e-06
1.6341219e-09
-5.5383383e-06
4.1153128e-06
1.6634589e-06
-7.1826614e-10
-1.6626307e-06
-2.1467441e-10
-2.7317087e-08
-1.3711461e-07
-3.9583202e-11
-5.0040883e-08
-1.2498938e-08
-1.776779e-07
8.1531211e-10
6.3201511e-08
1.2668192e-07
-5.983703e-09
-2.1505229e-10
-2.7317809e-08
-1.3711535e-07
5.0094489e-08
-3.9678482e-11
-5.004024e-08
-1.2499372e-08
-1.7767823e-07
8.1608878e-10
6.3202977e-08
1.2668093e-07
7.1973086e-09
-2.5719131e-06
4.2302223e-06
2.6580861e-05
1.3819595e-12
-2.7339804e-05
1.1173988e-12
6.0624273e-06
-6.3696536e-06
-5.12492e-06
-5.1479795e-06
-6.3337592e-06
6.0872527e-06
4.723792e-06
4.7532767e-06
2.7918314e-05
2.7009432e-05
5.0702677e-06
4.1567941e-06
4.1593442e-06
5.0555833e-06
-2.2695965e-05
-5.9743661e-06
-5.4060425e-06
-5.4252738e-06
7.1970532e-09
-2.5719131e-06
4.2302225e-06
2.6580863e-05
-2.7339805e-05
2.7763885e-05
6.0624276e-06
-6.3696535e-06
-5.1249201e-06
-5.1479796e-06
-6.3337593e-06
6.0872527e-06
4.7237924e-06
4.7532767e-06
2.7918315e-05
-7.0925429e-10
-4.7913428e-06
4.877302e-06
5.9744388e-06
-7.0993079e-10
-4.7913431e-06
4.8773027e-06
-2.9041803e-07
2.7405284e-07
7.4241813e-11
-2.1405487e-07
2.3036107e-07
-2.9041786e-07
2.7405244e-07
7.1456681e-11
-2.1405385e-07
2.3036093e-07
4.097976e-07
-4.3392278e-13
2.351546e-07
1.744026e-07
1.7432814e-07
2.3483599e-07
1.1860213e-08
-4.2243824e-08
-4.2876916e-08
-1.2764927e-06
4.736414e-12
-2.0336652e-07
-1.9508847e-07
-1.9600545e-07
-2.0139519e-07
2.9180258e-07
2.2051106e-07
2.214539e-07
1.133163e-12
-1.3495552e-06
4.829804e-07
1.6877381e-10
-1.0388995e-07
1.5387489e-07
4.0979752e-07
2.3515179e-07
1.743995e-07
1.7432846e-07
2.3483555e-07
-1.1672729e-06
1.1861218e-08
-4.2242607e-08
-4.2876484e-08
-1.2764922e-06
2.9180238e-07
2.2051006e-07
2.2145375e-07
-2.0336544e-07
-1.9508734e-07
-1.960048e-07
-2.0139465e-07
1.0482874e-06
-1.3495558e-06
4.8298125e-07
-1.3689381e-08
-5.0249762e-06
3.0108342e-06
3.7242825e-05
4.171992e-12
-3.7228393e-05
-1.8994123e-12
8.7212275e-06
-5.6568739e-06
-4.6880002e-06
-4.7083092e-06
-5.6303404e-06
2.5111324e-05
8.7420826e-06
7.6576456e-06
7.6879833e-06
2.6400764e-05
-6.0054269e-06
-4.5830438e-06
-4.6157058e-06
7.4919155e-06
6.1159775e-06
6.1490466e-06
7.4563219e-06
-3.2450452e-05
2.0223336e-06
-1.3688621e-08
-5.0249765e-06
3.0108346e-06
3.7242832e-05
-3.7228393e-05
2.6377467e-05
8.7212298e-06
-5.6568735e-06
-4.6880004e-06
-4.708309e-06
-5.6303399e-06
2.5111323e-05
8.7420849e-06
7.657646e-06
7.6879824e-06
-1.9477269e-09
-5.4855473e-06
8.2238614e-06
4.632889e-06
3.0215379e-06
7.2023082e-09
-1.9567761e-06
-5.7056611e-06
9.8688114e-10
2.0206461e-06
5.9817724e-06
-1.9483902e-09
-5.4855489e-06
8.2238648e-06
4.6328894e-06
3.0215379e-06
7.2063049e-09
-1.9567757e-06
-5.7056638e-06
-5.7152441e-09
2.7490961e-06
8.8981483e-07
8.3359594e-11
-8.9039773e-07
1.8863995e-06
-5.7126903e-09
2.749095e-06
8.8981381e-07
8.4514252e-11
-8.9039699e-07
3.9450957e-12
1.0093763e-07
9.7617623e-08
-7.0872844e-09
-8.2450355e-11
-9.0626879e-08
-1.0093928e-07
3.9581746e-12
1.0093804e-07
9.7614208e-08
-7.0852271e-09
-8.1112065e-11
-9.0625721e-08
3.1032771e-11
8.2360792e-08
-4.9810739e-10
-2.2188878e-08
1.3749042e-07
1.9517076e-07
1.1096224e-07
-2.4653792e-09
-1.0136211e-07
-2.0408191e-07
-8.2443576e-08
3.1109237e-11
8.236152e-08
-1.8049277e-08
-4.9630348e-10
-2.2190745e-08
1.3748668e-07
1.9516994e-07
1.1096223e-07
-2.4663908e-09
-1.013638e-07
-2.0407891e-07
1.1239973e-06
7.1926205e-12
2.3130772e-07
2.376778e-07
2.3857644e-07
2.283119e-07
-2.7567021e-07
-2.160234e-07
-2.1723271e-07
4.1884501e-07
4.0860422e-12
-2.2810996e-07
-1.7594713e-07
-1.7624693e-07
-2.2713748e-07
-1.9285908e-07
2.5807802e-08
2.6855372e-08
6.6482326e-12
6.9822051e-07
8.4406791e-07
-5.1618071e-10
-2.0584459e-07
1.2368518e-07
1.1239965e-06
-2.7566984e-07
-2.1602311e-07
-2.1723262e-07
2.3131045e-07
2.3767974e-07
2.3857659e-07
2.2831321e-07
-1.0774381e-06
4.1883844e-07
-2.2811016e-07
-1.7594755e-07
-1.7624727e-07
-2.2713744e-07
7.2209899e-07
-1.9285495e-07
2.5812156e-08
2.6855008e-08
6.98215e-07
8.4406787e-07
-8.9034981e-10
-3.9091358e-06
1.7372142e-06
4.2292473e-05
-4.8966081e-13
-4.4959276e-05
-3.5392576e-06
-4.0794939e-06
-4.0889326e-06
-3.5318969e-06
-1.8844823e-11
3.860304e-05
-3.1268196e-06
-2.7293948e-06
-2.7388044e-06
-3.1101569e-06
1.5390204e-05
-8.2874585e-06
-8.5711149e-09
6.7832389e-06
3.3923145e-06
3.058493e-06
-8.8046824e-10
-3.9091331e-06
1.7372136e-06
4.2292478e-05
-4.4959282e-05
1.7901746e-05
-3.539256e-06
-4.079495e-06
-4.0889343e-06
-3.5318964e-06
3.8603033e-05
-3.1268193e-06
-2.7293939e-06
-2.7388055e-06
-3.1101565e-06
1.53902e-05
1.0547503e-09
-9.988343e-07
2.0219566e-07
3.3662601e-05
-3.2745089e-11
-1.4474683e-06
-2.002068e-06
-2.0119602e-06
-1.4456075e-06
-1.3223998e-11
2.8424566e-05
-9.0821606e-07
-7.4117535e-07
-7.4172534e-07
-9.1022703e-07
8.5335771e-06
-6.4148992e-09
1.8871814e-06
1.1735454e-06
7.9585979e-07
1.0919384e-09
-9.9840962e-07
2.017516e-07
3.3662594e-05
-1.4474683e-06
-2.0020659e-06
-2.0119594e-06
-1.4456216e-06
1.1842452e-05
2.8424557e-05
-9.0820094e-07
-7.4120791e-07
-7.4173601e-07
-9.1018622e-07
8.5335671e-06
1.4482211e-09
-5.5408261e-07
-1.0972283e-07
2.4125432e-05
-7.4203113e-12
-4.1403536e-07
-4.9933591e-07
-4.9878074e-07
-4.1093852e-07
-1.2234659e-13
2.0560904e-05
-1.8296389e-07
-2.874077e-08
-2.6716324e-08
-1.8448108e-07
3.980767e-06
6.2170505e-11
6.5793399e-07
1.3759685e-07
6.6280841e-07
1.4482904e-09
-5.5408395e-07
-1.097222e-07
2.4125425e-05
-4.1403647e-07
-4.9932989e-07
-4.9878336e-07
-4.10938e-07
6.115794e-06
2.05609e-05
-1.8296429e-07
-2.8742019e-08
-2.6717515e-08
-1.8448263e-07
3.9807719e-06
2.2091901e-09
-7.748404e-07
-7.6291783e-08
1.7804098e-05
1.6356225e-12
-1.681527e-08
4.7654175e-08
5.2827416e-08
-2.0205618e-08
5.8226267e-12
1.5799053e-05
2.3988117e-06
-9.9454799e-08
-9.922222e-08
-9.7272649e-08
-1.0218467e-07
-4.9111628e-10
6.955264e-07
-1.3321734e-07
8.4201679e-07
2.2085955e-09
-7.7484072e-07
-7.6290601e-08
1.7804094e-05
-1.6816588e-08
4.765265e-08
5.2825941e-08
-2.020673e-08
2.6878611e-06
1.5799052e-05
2.3988161e-06
-9.9454797e-08
-9.9223997e-08
-9.7273515e-08
-1.0218646e-07
-2.0702668e-05
-1.4585583e-12
4.2911846e-05
-3.8902175e-12
-4.3855963e-05
-6.3596284e-06
-5.5599033e-06
-5.580938e-06
2.4909857e-12
-3.1774081e-06
-4.4635478e-06
-4.4881279e-06
8.7493927e-06
1.0017378e-05
1.0048026e-05
4.7990529e-05
-2.477701e-05
-4.6546279e-05
-2.0702671e-05
4.2911843e-05
-4.3855966e-05
-6.3596276e-06
-5.5599028e-06
-5.5809378e-06
-3.1774087e-06
-4.4635489e-06
-4.4881286e-06
8.7493941e-06
1.0017375e-05
1.0048025e-05
-4.4456902e-07
1.7672046e-11
5.0818378e-06
3.0921763e-11
-9.0146406e-09
-2.5279202e-08
-2.562332e-08
-8.6332883e-07
-1.8033099e-06
-1.8015023e-06
2.7780337e-11
5.1610978e-06
-1.5705807e-07
-1.0759637e-07
-1.0488551e-07
1.6191996e-05
-3.0957199e-07
-4.4456736e-07
1.5338189e-05
5.0818047e-06
-9.0159219e-09
-2.5280935e-08
-2.5624672e-08
-8.6332481e-07
-1.803291e-06
-1.8014887e-06
5.1610791e-06
-1.5705825e-07
-1.0759775e-07
-1.0488641e-07
2.7815827e-06
-4.7333794e-06
1.4449674e-12
1.9459143e-06
1.9170893e-09
1.7726023e-06
1.0721076e-06
1.7273827e-06
-1.3387604e-13
1.0561174e-06
8.6346138e-08
-8.633291e-08
-2.2911229e-13
6.0851675e-11
8.129877e-09
8.144605e-08
6.8398645e-09
7.956758e-08
-3.9973913e-13
8.7858145e-08
5.4262525e-08
8.3823995e-10
2.2043242e-12
-1.4296111e-07
7.8219166e-08
-5.4224843e-08
-3.334603e-08
4.7109853e-12
-9.7785655e-10
-8.8687383e-08
1.4321359e-07
-3.7076776e-11
-5.6441879e-08
4.4496902e-12
1.39472e-07
7.1408958e-13
-1.4490074e-07
3.4024298e-06
-3.4039799e-06
1.5501125e-09
-7.2563484e-14
5.2197882e-06
-5.199773e-06
-2.4445037e-13
-4.1559973e-10
-3.5010662e-06
3.7802478e-06
-2.5350178e-10
3.5002329e-06
-3.6014439e-06
3.6765495e-06
-1.6263922e-13
-3.5046395e-06
-1.6739964e-13
5.5117214e-11
2.0611643e-07
-2.0619667e-07
2.0007745e-07
-2.0002233e-07
4.7858057e-14
-2.5798648e-05
1.1508724e-12
2.7634443e-05
4.9519135e-06
4.502595e-06
4.5098506e-06
1.5983143e-05
1.0967976e-12
1.270995e-12
2.430985e-06
3.2703044e-06
3.2862825e-06
-5.1966811e-06
-5.4215731e-06
-5.4447066e-06
2.0737348e-05
-2.3442456e-05
2.3791604e-05
-2.5798648e-05
2.7634443e-05
4.9519137e-06
4.5025949e-06
4.5098507e-06
1.5983143e-05
2.4309852e-06
3.2703047e-06
3.2862824e-06
-5.1966811e-06
-5.4215732e-06
-5.4447065e-06
2.043275e-07
6.5221808e-11
-1.7966624e-13
-2.0439254e-07
-1.0558241e-07
1.0553434e-07
-1.3717238e-13
-2.4518072e-10
-2.1071871e-07
3.3168247e-07
-2.3060482e-07
3.3114441e-07
-3.8200497e-13
-2.3264374e-07
-2.1071374e-07
-7.4979414e-06
2.6342973e-12
7.0227976e-06
-1.4890722e-06
1.1169308e-12
2.5945004e-07
3.4602662e-07
3.4756365e-07
-1.1254039e-06
-1.4555545e-06
-1.4588753e-06
2.9107684e-12
-1.5824737e-06
-5.4354866e-06
5.3500753e-06
4.3642374e-07
3.970346e-07
3.9933661e-07
-7.4979423e-06
7.0227978e-06
-1.4890747e-06
2.5945098e-07
3.4602716e-07
3.4756418e-07
-1.1254046e-06
-1.455555e-06
-1.458875e-06
-2.2071198e-06
3.723784e-06
8.2078666e-14
-1.5104496e-06
-4.1566897e-10
-1.4035086e-06
-8.520701e-07
-1.3692065e-06
3.2314255e-14
-8.3832902e-07
1.1600083e-06
8.8854123e-08
3.5789207e-10
-1.0802619e-06
-8.4349922e-13
-1.8651353e-07
-4.6883791e-07
6.5647991e-07
8.957447e-14
-1.80555e-10
-1.157066e-06
1.2204132e-06
-2.2344514e-10
-9.0807982e-08
-3.8900179e-07
1.226137e-06
2.1388758e-13
-3.8020748e-07
-1.754862e-14
-1.0781536e-06
9.1563289e-07
4.1318289e-10
-3.5617064e-10
-8.7779055e-07
6.2871781e-13
-1.3490774e-08
-3.129031e-07
3.2637739e-07
1.5944882e-13
2.5055511e-10
-9.1430585e-07
9.5665847e-07
1.0025612e-10
-4.5326753e-10
-3.1961187e-07
9.5892855e-07
1.7230819e-12
-3.1238959e-07
-7.8660834e-14
-8.7608958e-07
5.4871573e-07
-5.4899959e-07
1.2817554e-13
9.4374025e-10
-5.6912053e-07
1.1393132e-06
-5.616187e-07
1.1112781e-06
1.8190009e-13
7.364103e-07
-4.6363001e-08
-5.639724e-11
2.8632011e-13
-6.8401036e-07
7.5629795e-08
-4.1361195e-07
4.3040503e-07
-9.1994489e-08
4.985904e-13
4.4443854e-10
-7.347465e-07
7.9135848e-07
-8.5006026e-11
4.4385797e-08
-3.4312044e-08
-4.2472903e-07
7.949312e-07
2.7546482e-13
-3.4434329e-08
6.0165377e-13
-4.2562628e-07
-6.8255043e-07
2.2220923e-05
2.1645587e-12
2.157152e-06
2.9350081e-06
2.9496236e-06
-4.3568149e-06
-4.4942205e-06
-4.513649e-06
1.9257867e-05
6.6969417e-13
1.5532686e-12
2.4191379e-05
4.5475279e-06
4.1009231e-06
4.1064823e-06
1.4718542e-05
1.9534307e-05
2.2220923e-05
2.1571518e-06
2.935008e-06
2.9496238e-06
-4.3568148e-06
-4.4942204e-06
-4.513649e-06
1.9257867e-05
2.0212642e-05
2.419138e-05
4.5475277e-06
4.1009229e-06
4.1064821e-06
-1.5065132e-06
-2.0264269e-06
-8.6576432e-09
1.008657e-13
3.5415976e-06
1.5082049e-06
3.819687e-06
-3.1779096e-06
3.611751e-13
-1.6916563e-09
1.5617413e-06
4.9313373e-09
2.0417548e-06
4.71094e-06
3.2048873e-14
2.6996185e-13
4.7478149e-06
3.5984469e-06
-2.0450298e-06
-4.5068277e-13
-1.1438918e-06
-1.7518113e-12
1.7698378e-07
1.2012028e-07
1.1947002e-07
-2.7917809e-13
-1.3779592e-06
-6.4650581e-07
-1.2643489e-06
5.2622737e-09
2.5666347e-08
2.5045247e-08
3.9622281e-07
5.2902665e-07
5.3016848e-07
-2.0450291e-06
-1.1438899e-06
-7.14238e-07
1.769812e-07
1.201179e-07
1.1947041e-07
-1.377959e-06
2.831591e-10
-3.335687e-06
3.33461e-06
-3.2440788e-06
3.2443617e-06
7.8039616e-14
-1.5198648e-07
1.8416036e-07
-3.8671584e-10
8.1441435e-13
-1.023194e-07
1.5067731e-07
-4.8188918e-08
5.948111e-13
-1.2347846e-10
1.5042404e-07
-7.9745031e-08
-2.899636e-10
-1.8372415e-07
1.4273642e-07
-8.0102043e-08
2.5019603e-13
1.3854036e-07
1.6773829e-12
-2.9160852e-06
-1.8375725e-09
1.6289371e-13
2.9179227e-06
1.9485288e-06
-1.9475421e-06
-1.6639728e-14
1.009078e-08
3.0066621e-06
-4.7859122e-06
3.7932674e-06
-4.786071e-06
-2.5366979e-13
3.8286052e-06
3.0057491e-06
-1.960582e-07
1.9867848e-07
5.763551e-10
1.0315172e-12
-2.0161013e-07
1.2176513e-07
7.932875e-08
1.379114e-13
3.4784592e-10
1.9507729e-07
-1.6360747e-07
-9.0107847e-11
-1.9634951e-07
1.4386178e-07
-1.5874547e-07
1.1401676e-12
1.441065e-07
2.9782085e-13
1.9678889e-05
-3.4617668e-12
-3.0366852e-06
-4.2561674e-06
-4.2795956e-06
8.3575779e-06
9.5791825e-06
9.6088245e-06
4.5780619e-05
2.6678417e-12
-4.4406543e-05
1.3008224e-12
4.0926192e-05
2.3362817e-05
-4.1739575e-05
-6.0026107e-06
-5.2744443e-06
-5.2944369e-06
1.967889e-05
-3.0366849e-06
-4.2561674e-06
-4.2795958e-06
8.3575792e-06
9.5791849e-06
9.6088235e-06
4.5780623e-05
-4.4406542e-05
-5.8338829e-07
-5.1500766e-06
-3.0353457e-09
4.2890345e-06
-2.6265137e-12
1.8421423e-06
1.164893e-06
-3.013457e-06
-3.3459352e-12
1.9987429e-09
5.9320327e-07
1.291454e-06
5.1527729e-12
5.1417374e-06
-5.9715556e-06
1.2607535e-06
-1.1517571e-12
-5.9971309e-06
-7.9735846e-12
4.2866571e-06
-9.9738427e-08
-2.7623387e-06
-1.1526425e-09
2.4491973e-06
-2.9013014e-12
6.4310082e-07
1.3415847e-07
-7.7720079e-07
-4.7071794e-12
4.6716746e-10
1.0002046e-07
5.5729744e-07
-4.2166004e-10
2.7643067e-06
-3.1265009e-06
5.4382971e-07
-3.5094152e-13
-3.1273717e-06
-1.1130004e-11
2.4517276e-06
6.271029e-08
-2.0454038e-06
7.4642297e-10
8.0905175e-15
1.9651318e-06
6.911929e-07
-1.3858134e-07
9.713101e-08
-6.5023537e-07
-6.0968053e-13
6.3279991e-10
-6.0355018e-08
4.7633577e-09
7.5044557e-07
-2.1336446e-09
2.0452069e-06
-2.1304473e-06
5.6983915e-09
9.3197569e-13
7.4883656e-07
-2.1332898e-06
-1.6588897e-12
1.9641436e-06
3.8119899e-07
-6.9107267e-13
-1.0918865e-07
-6.6599557e-08
-6.4293287e-08
1.4451813e-05
1.9951938e-12
-7.0972438e-13
1.3492246e-05
4.7191222e-06
2.6629419e-07
1.9712268e-08
6.5834347e-09
6.5308017e-09
-8.4567173e-07
-1.6776242e-06
-1.6763912e-06
3.8119855e-07
4.6853075e-06
-1.0918913e-07
-6.6600171e-08
-6.4293686e-08
1.4451815e-05
1.3492245e-05
7.3057684e-06
-2.3041642e-06
2.4023387e-09
9.233741e-13
-8.2708569e-06
1.8241173e-06
-4.0701613e-06
-1.8128413e-12
3.1304088e-06
-8.8559173e-07
5.5229122e-09
-7.287894e-06
6.2484007e-06
-4.485342e-09
2.2929594e-06
-8.5087109e-07
-5.5194016e-06
1.3213501e-12
6.2750412e-06
-6.9255709e-13
-8.4161612e-07
-5.5371939e-06
-8.245482e-06
7.3057594e-06
-2.3041651e-06
2.4068067e-09
-8.2708492e-06
1.8241202e-06
-4.0701648e-06
3.1304093e-06
-8.8559204e-07
5.5270584e-09
-7.2878972e-06
6.2484019e-06
-4.4829913e-09
2.2929666e-06
-8.5087183e-07
-5.5194042e-06
6.2750435e-06
-8.4161751e-07
-5.5371959e-06
-8.2454761e-06
-5.3890764e-06
-6.0795936e-07
-3.3303646e-09
4.4901106e-06
-7.1575167e-12
1.2154712e-06
1.9080592e-06
-3.4984804e-12
1.6829566e-10
5.3804942e-06
2.0627934e-09
6.1810963e-07
1.3339316e-06
-2.9521297e-12
1.3021662e-06
-3.4333076e-12
4.4878792e-06
3.840525e-06
-2.9861964e-07
-5.1976731e-10
-7.0372246e-12
2.0957826e-07
-1.0047745e-06
-3.1852466e-12
7.9633745e-07
2.2586893e-09
-3.8411194e-06
3.2771578e-06
1.2245732e-09
3.0485248e-07
-6.9263443e-12
3.2777832e-06
-3.115175e-12
-5.3890813e-06
-6.0795828e-07
-3.3391923e-09
4.4901064e-06
1.2154727e-06
1.908056e-06
1.7689914e-10
5.3804867e-06
2.0685052e-09
6.1811001e-07
1.3339258e-06
1.3021629e-06
4.4878662e-06
3.8405165e-06
-2.9861929e-07
-5.3140229e-10
2.0957869e-07
-1.0047719e-06
7.9633613e-07
2.2751585e-09
-3.8411033e-06
3.2771238e-06
1.2313354e-09
3.0485555e-07
3.2777746e-06
-2.8966976e-06
-1.0801204e-07
-1.3071179e-09
2.5707566e-06
-1.4947678e-11
1.4205631e-07
6.5432062e-07
5.0829648e-12
-3.1835097e-10
2.8986204e-06
4.5577268e-10
1.0861958e-07
5.6039264e-07
5.6119211e-12
5.4677607e-07
-1.1665165e-11
2.5738329e-06
2.3847416e-06
-9.2528506e-09
5.7618638e-10
-1.2042977e-11
-1.0374451e-07
-5.3697129e-07
-3.1724778e-12
6.4221879e-07
-1.0561761e-10
-2.3863246e-06
2.2477319e-06
-5.5837664e-10
9.6838978e-09
-5.7624766e-12
2.2503505e-06
-6.3446495e-12
-2.89668e-06
-1.0801496e-07
-1.3555525e-09
2.5707512e-06
1.4205153e-07
6.5430714e-07
-3.4171101e-10
2.8989527e-06
4.9553189e-10
1.0828386e-07
5.6038834e-07
5.4677611e-07
2.5737831e-06
2.3847294e-06
-9.2536982e-09
5.5934582e-10
-1.0374352e-07
-5.3696909e-07
6.4221522e-07
-9.6350323e-11
-2.3862898e-06
2.2477022e-06
-5.4703453e-10
9.6891613e-09
2.2503363e-06
-2.1685476e-06
5.3278539e-08
8.0058791e-10
-2.5866995e-12
2.0948111e-06
-1.3763922e-07
6.930946e-07
-2.8898279e-12
-2.3060089e-09
2.1685532e-06
7.3300218e-10
-5.0772273e-08
7.5587429e-07
-3.5777242e-12
-2.1085236e-12
7.5394816e-07
2.0940223e-06
-2.1685356e-06
5.327771e-08
7.9520993e-10
2.0948002e-06
-1.3763775e-07
6.9308846e-07
8.6332542e-08
-2.2978737e-09
2.1685236e-06
7.3632564e-10
-5.0771083e-08
-8.130654e-09
7.5585869e-07
-6.8394892e-09
7.5393994e-07
2.0939927e-06
6.8593755e-06
-4.9717215e-06
-6.0107233e-09
1.4359543e-13
3.1581876e-06
-5.224705e-06
3.1449497e-13
2.0518031e-06
6.8117861e-10
-6.8089471e-06
5.0235581e-06
8.6733845e-10
4.9415945e-06
-3.7777942e-06
5.7078758e-13
5.0231104e-06
2.4124946e-13
-3.6789991e-06
6.8593743e-06
-4.9717215e-06
-6.0099125e-09
3.1581877e-06
-5.2247048e-06
2.0518029e-06
6.8074525e-10
-6.8089474e-06
5.0235585e-06
8.6672295e-10
4.941595e-06
-3.7777941e-06
5.0231102e-06
-3.6789989e-06
2.8701504e-06
1.9602406e-06
1.3234543e-08
-5.1867924e-14
-4.8436255e-06
-5.9421073e-06
-1.9613874e-06
1.9105205e-12
-5.8013402e-09
-2.8926511e-06
-7.5216128e-06
1.1469287e-09
-2.0355448e-06
-2.2671985e-13
-7.5658856e-06
2.8700573e-13
-4.9217796e-06
-3.0466919e-06
-2.1388845e-09
-1.5814272e-13
3.0488309e-06
2.0527937e-06
5.8095408e-14
1.0973129e-08
3.1414247e-06
4.0036549e-06
1.7688636e-13
4.0401854e-06
3.140287e-06
2.870151e-06
1.960241e-06
1.3234518e-08
-4.8436265e-06
-5.9421084e-06
-1.9613881e-06
4.7333806e-06
-5.7997601e-09
-2.8926506e-06
-7.5216131e-06
1.146661e-09
-2.0355458e-06
-7.5658857e-06
-4.9217802e-06
-3.0466925e-06
-2.1388502e-09
3.0488313e-06
2.0527937e-06
1.0973442e-08
3.1414244e-06
4.003655e-06
4.0401853e-06
3.1402867e-06
-8.8552526e-07
-1.6710941e-13
-2.4184899e-10
-4.4941475e-13
2.7815848e-06
1.9459141e-06
1.9172095e-09
1.7726044e-06
1.0721065e-06
1.7273847e-06
1.0561173e-06
-8.8552536e-07
-2.4140255e-10
-4.8500689e-08
2.2745993e-12
1.5038824e-08
-4.0125554e-10
3.1651308e-08
2.7889688e-13
3.0665483e-08
8.6345725e-08
6.1778492e-11
8.144283e-08
7.9567645e-08
-4.8500121e-08
3.3344231e-08
1.5039859e-08
-4.0191975e-10
3.1651673e-08
3.0666055e-08
-1.3883297e-07
3.7225959e-12
6.419263e-13
1.388286e-07
1.0642045e-07
1.295249e-13
-1.0638529e-07
-6.2560976e-11
1.4293541e-07
-2.0888691e-07
1.762945e-07
1.1026069e-12
-2.0917e-07
1.7669401e-07
1.4288909e-07
8.7857836e-08
5.4262642e-08
8.4156715e-10
-1.4295979e-07
7.8218669e-08
-5.4225049e-08
-9.8729868e-10
-8.8688591e-08
1.4320961e-07
-3.8283032e-11
-5.6442807e-08
1.3946928e-07
-1.4490225e-07
-1.3883196e-07
4.7429806e-12
1.3882792e-07
1.0642026e-07
-1.0638506e-07
-6.483139e-11
1.4293603e-07
-2.0888738e-07
1.7629484e-07
-2.0916966e-07
1.7669446e-07
1.4288983e-07
2.8262327e-07
-2.5742694e-07
8.3940781e-10
1.167747e-12
1.5721437e-07
-2.6437032e-07
1.6507642e-13
-1.597726e-10
-2.7968653e-07
1.7758219e-10
2.561658e-07
8.0033372e-13
2.4843289e-13
2.8262338e-07
-2.5742743e-07
8.4094645e-10
1.5721443e-07
-2.643703e-07
-1.6136606e-10
-2.7968746e-07
1.7650962e-10
2.5616595e-07
-2.0611703e-07
-2.0007771e-07
4.5917493e-06
-6.1119402e-06
5.6657084e-09
1.0017493e-13
4.5168318e-06
-2.7565436e-06
-3.2674739e-14
-1.7524588e-06
-3.4245307e-09
-4.574217e-06
3.6028263e-06
-6.2850529e-10
6.063576e-06
-4.3432296e-06
-2.6708925e-14
3.5041447e-06
1.3144788e-13
-4.3523176e-06
4.5917493e-06
-6.1119401e-06
5.666035e-09
4.5168321e-06
-2.7565437e-06
-1.7524589e-06
-3.4244508e-09
-4.5742172e-06
3.6028265e-06
-6.2869375e-10
6.0635761e-06
-4.3432297e-06
3.5041448e-06
-4.3523176e-06
2.4495788e-09
8.6227772e-14
4.9462097e-10
-5.1953821e-14
3.4024299e-06
-3.40398e-06
1.5500583e-09
5.2197881e-06
-5.1997729e-06
-4.1545264e-10
-3.5010662e-06
3.7802476e-06
-2.5333196e-10
3.5002329e-06
-3.601444e-06
3.6765493e-06
-3.5046395e-06
2.4494623e-09
4.9474594e-10
1.8355366e-07
-1.8363873e-07
8.5051005e-11
1.4469766e-14
3.0561681e-07
-3.124071e-07
3.3342793e-13
-1.3163491e-10
-1.8937043e-07
-3.0880658e-10
1.893761e-07
-2.002434e-07
1.3746683e-13
-1.9436163e-07
1.630099e-13
-5.6032706e-11
-2.0027657e-07
7.4104126e-14
-1.9441755e-07
5.4946658e-11
-2.0619738e-07
-2.0002253e-07
1.8355391e-07
-1.8363895e-07
8.5160259e-11
3.0561708e-07
-3.1240734e-07
-1.3191968e-10
-1.8937082e-07
-3.0929954e-10
1.8937648e-07
-2.0024356e-07
-1.9436176e-07
-5.6159961e-11
-2.0027672e-07
-1.9441752e-07
3.0115867e-07
-4.7147041e-07
1.3501324e-09
-3.0896306e-13
2.7032874e-07
-1.6440976e-07
-1.2377639e-13
-8.3025998e-11
-3.0053725e-07
-2.4407474e-10
4.6918267e-07
3.1087337e-14
-3.5441922e-13
3.0115877e-07
-4.7147067e-07
1.3497502e-09
2.703292e-07
-1.644097e-07
-1.0553488e-07
-8.3344384e-11
-3.0053711e-07
-2.4343658e-10
4.6918329e-07
-3.316832e-07
-3.3114492e-07
2.7587737e-06
1.8908888e-09
1.1585788e-14
-2.7606646e-06
-1.7532148e-06
-6.96543e-15
-7.9427338e-10
-2.8397499e-06
-3.3231168e-06
7.9980336e-14
-3.3475531e-06
-2.8391489e-06
-2.2614021e-06
-1.7295513e-06
-1.0160786e-08
4.3425839e-14
4.0011142e-06
4.415858e-06
1.7314156e-06
1.7211121e-13
5.584613e-09
2.2782357e-06
5.4052082e-06
-1.8642826e-09
1.7927898e-06
1.604731e-13
5.4463226e-06
-2.0907276e-14
4.0650584e-06
2.7587738e-06
1.8908956e-09
-2.7606647e-06
-1.753215e-06
-7.9432459e-10
-2.8397501e-06
-3.3231169e-06
-3.347553e-06
-2.8391491e-06
-2.2614021e-06
-1.7295514e-06
-1.016072e-08
4.0011143e-06
4.415858e-06
1.7314156e-06
-3.723784e-06
5.5843295e-09
2.2782358e-06
5.4052083e-06
-1.8642981e-09
1.7927899e-06
5.4463226e-06
4.0650586e-06
-2.0589871e-07
-1.7192177e-07
-1.0306276e-09
-3.2263729e-14
3.7885112e-07
6.0846866e-07
1.7200653e-07
-2.2602679e-14
-5.2161218e-07
4.8082623e-10
2.0780466e-07
7.4809629e-07
-8.5003366e-11
1.7859548e-07
1.7007992e-13
7.5061442e-07
1.1342441e-15
3.8578064e-07
2.0432836e-07
6.5102262e-11
-2.0439362e-07
-1.0558299e-07
-2.4435552e-10
-2.1071931e-07
-2.3060597e-07
-2.3264407e-07
-2.1071436e-07
-2.0589968e-07
-1.7192194e-07
-1.0305787e-09
3.7885222e-07
6.0846944e-07
1.7200676e-07
-5.2161281e-07
4.8046084e-10
2.0780497e-07
7.4809673e-07
-8.5059573e-11
1.7859569e-07
7.5061468e-07
3.8578094e-07
1.4610192e-06
-3.4596962e-06
-1.8536537e-09
6.1978993e-13
4.0745194e-06
2.5120231e-06
-1.1863588e-06
5.3838866e-13
7.1252154e-07
-2.0407226e-06
1.4269584e-09
-1.4548374e-06
6.6369702e-07
3.3054006e-06
-2.1148684e-09
3.4535148e-06
-2.7517085e-06
3.5029057e-13
6.5558989e-07
3.3188789e-06
8.4638983e-13
-2.7699555e-06
4.0601042e-06
1.4610193e-06
-3.4596961e-06
-1.8524195e-09
4.0745194e-06
2.5120231e-06
-1.1863589e-06
7.1252147e-07
-2.0407226e-06
1.4262405e-09
-1.4548375e-06
6.6369709e-07
3.3054005e-06
-2.1166404e-09
3.4535146e-06
-2.751708e-06
6.5558989e-07
3.3188789e-06
-2.7699554e-06
4.060104e-06
7.1217436e-07
3.4099422e-14
1.4423267e-09
5.0191287e-14
-2.2071198e-06
-1.5104497e-06
-4.1583534e-10
-1.4035086e-06
-8.5207013e-07
-1.3692065e-06
-8.3832905e-07
7.1217436e-07
1.4422202e-09
-3.5184886e-07
-1.4309396e-13
-1.6885046e-07
-8.5477091e-11
-2.6357853e-07
-9.640993e-08
-2.5704394e-07
-8.092886e-14
-9.4889996e-08
1.6177699e-07
-7.1727674e-14
-1.6181893e-07
3.8000583e-10
-9.5517097e-08
-6.9063062e-14
-9.4886975e-08
-3.5184897e-07
-1.6885116e-07
-8.5403178e-11
-2.6357843e-07
-9.641021e-08
-2.5704419e-07
-9.4889987e-08
1.6177715e-07
-1.6181923e-07
3.8001311e-10
-9.5517049e-08
-9.4887296e-08
2.2494521e-07
-1.298706e-06
-1.1884833e-10
1.7080542e-13
1.3712731e-06
7.2015011e-07
-2.2606153e-07
-2.4693659e-13
4.9497806e-10
-2.225113e-07
8.4870735e-07
-8.0801176e-10
1.2962724e-06
-1.7892608e-13
8.5070351e-07
1.5386577e-13
1.3681745e-06
2.2494585e-07
-1.2987064e-06
-1.1830004e-10
1.3712736e-06
7.2015032e-07
-2.2606208e-07
-6.5648038e-07
4.9506172e-10
-2.225117e-07
8.4870759e-07
-8.0825802e-10
1.2962729e-06
-1.2204137e-06
8.5070367e-07
-1.2261373e-06
1.3681746e-06
2.2010023e-06
4.7969265e-07
2.0190549e-10
-1.5497693e-06
1.7034127e-12
-8.382386e-07
-1.2002023e-06
5.1434272e-13
1.6414972e-09
-2.1936875e-06
-1.3400081e-09
-4.8864249e-07
-7.3795811e-07
1.1340522e-12
-7.2185036e-07
6.8317802e-13
-1.5441829e-06
3.0285389e-07
-9.7308107e-07
-1.01911e-09
2.5649974e-12
4.2004325e-07
-2.5510925e-07
2.1143312e-12
-1.6555778e-07
-1.0455194e-09
-3.0707627e-07
1.3656173e-09
9.7132855e-07
-4.0423924e-07
1.2098898e-12
3.8610499e-12
-4.0572072e-07
2.2010019e-06
4.7969283e-07
2.0532281e-10
-1.5497687e-06
-8.3823869e-07
-1.2002021e-06
1.6391515e-09
-2.1936866e-06
-1.341418e-09
-4.8864255e-07
-7.379574e-07
-7.2184989e-07
-1.5441815e-06
3.0285429e-07
-9.7308001e-07
-1.0139165e-09
4.2004251e-07
-2.5510978e-07
-1.655573e-07
-1.0480581e-09
-3.0707629e-07
1.3573829e-09
9.7132582e-07
-4.0423522e-07
-4.0571936e-07
3.5422477e-08
-1.0156232e-06
6.1100546e-11
-2.0681241e-12
3.4494758e-07
-1.8567195e-08
2.4747361e-12
-1.6415798e-10
-3.5836187e-08
5.3828145e-11
1.0140575e-06
-1.6152414e-12
4.4139392e-12
1.1600093e-06
8.8855324e-08
3.5703998e-10
-1.0802634e-06
-1.865141e-07
-4.6883831e-07
-1.8119706e-10
-1.1570663e-06
-2.2512663e-10
-9.081157e-08
-3.8899369e-07
-3.8020818e-07
-1.0781556e-06
3.542232e-08
-1.0156216e-06
5.154833e-11
3.4494495e-07
-1.8568225e-08
-3.2637815e-07
-1.5743805e-10
-3.5970969e-08
4.1172255e-11
1.0142077e-06
-9.5666121e-07
-9.5892946e-07
-1.5138125e-07
2.797468e-07
-1.2231097e-09
7.1503812e-07
3.5083441e-12
-2.5106725e-07
8.479984e-08
2.088209e-12
1.4241888e-09
1.5115286e-07
-9.3934318e-10
-2.8393692e-07
3.7184836e-07
4.0321168e-12
3.6360522e-07
2.0801686e-12
7.1225356e-07
4.0582399e-07
1.3396238e-06
-2.9014008e-10
4.0014216e-12
-7.6816255e-07
-6.8231595e-07
2.0761331e-12
1.4518834e-06
-1.2639868e-09
-4.1265991e-07
1.7312413e-09
-1.3352696e-06
1.8903204e-06
2.7560814e-12
2.945501e-12
1.903217e-06
-1.5138131e-07
2.7974738e-07
-1.2159949e-09
7.1503719e-07
-2.5106762e-07
8.4799434e-08
1.4149756e-09
1.5118162e-07
-9.4445105e-10
-2.8395914e-07
3.718399e-07
3.6360452e-07
7.1225281e-07
4.0582503e-07
1.3396228e-06
-2.8155983e-10
-7.6816138e-07
-6.8231649e-07
1.4518825e-06
-1.2709635e-09
-4.1266281e-07
1.7251938e-09
-1.3352671e-06
1.8903188e-06
1.9032164e-06
-3.260501e-08
-8.4105221e-07
-4.4731205e-10
4.3809927e-13
3.4489567e-07
8.4766913e-08
2.3280947e-13
9.8917145e-11
3.3424649e-08
4.7977962e-10
8.3872685e-07
1.2207531e-13
4.872865e-13
9.1563369e-07
4.1285392e-10
-3.5515075e-10
-8.7779096e-07
-1.3490294e-08
-3.1290326e-07
2.4701825e-10
-9.1430709e-07
1.008014e-10
-4.5193263e-10
-3.1961149e-07
-3.1238957e-07
-8.7609019e-07
-3.2605009e-08
-8.4105237e-07
-4.4644571e-10
3.4489554e-07
8.4767318e-08
-4.3040532e-07
9.8774587e-11
3.3424919e-08
4.7902556e-10
8.3872704e-07
-7.9135871e-07
-7.9493149e-07
-2.5722123e-06
1.2887727e-06
-1.6238653e-09
1.3103103e-12
3.1694578e-06
-1.0053183e-06
1.9064613e-06
1.6606486e-12
-1.6900662e-09
2.5675056e-06
1.1796936e-09
-1.2848e-06
2.6236615e-06
2.0096315e-12
9.1569903e-13
2.6347939e-06
3.1575921e-06
-2.5722118e-06
1.2887728e-06
-1.6212272e-09
3.1694575e-06
-1.0053186e-06
1.9064608e-06
5.4899942e-07
-1.6944158e-09
2.5675048e-06
1.177975e-09
-1.2848004e-06
5.6912072e-07
2.623661e-06
5.6161881e-07
2.6347937e-06
3.1575916e-06
-1.8494049e-06
2.1920823e-13
-1.3234324e-06
-5.007675e-10
-7.5073871e-07
1.391732e-13
-7.3862781e-07
5.4871565e-07
9.4343933e-10
1.139313e-06
1.111278e-06
-1.849405e-06
3.1779095e-06
-1.3234325e-06
-5.0108655e-10
-7.5073878e-07
-7.3862785e-07
-9.1974688e-08
1.1083369e-13
-2.3972367e-10
-1.2980758e-07
-1.2664914e-07
3.0397751e-13
1.4387946e-07
5.7460451e-13
-1.67862e-07
2.3599525e-08
-1.3361398e-11
1.7352333e-08
3.5829973e-13
1.7216572e-08
-9.1974773e-08
9.1994578e-08
-2.4002112e-10
-1.2980766e-07
3.4312364e-08
-1.2664955e-07
3.4435065e-08
1.4387971e-07
-1.6786299e-07
2.3600782e-08
-1.3934598e-11
1.7353433e-08
1.7216639e-08
7.3641031e-07
-4.6363971e-08
-5.5817661e-11
-6.8401066e-07
7.5629948e-08
-4.1361224e-07
4.4355014e-10
-7.3474697e-07
-8.5752484e-11
4.4386453e-08
-4.2472967e-07
-4.2562651e-07
-6.8255105e-07
2.4797792e-06
1.70994e-09
-1.4523391e-14
-2.4814891e-06
-1.602917e-06
3.6724285e-14
1.6021987e-06
-8.4098651e-10
-2.5526846e-06
3.923232e-06
-3.0339683e-06
1.7551019e-14
3.9312186e-06
-3.0551977e-06
-2.5521397e-06
-1.5065131e-06
-2.0264268e-06
-8.6574401e-09
3.5415975e-06
1.5082049e-06
3.8196869e-06
-1.6917153e-09
1.5617412e-06
4.9306379e-09
2.0417548e-06
4.71094e-06
4.747815e-06
3.5984469e-06
2.4797792e-06
1.7099922e-09
-2.4814892e-06
-1.602917e-06
1.6021987e-06
-8.4112051e-10
-2.5526846e-06
3.9232319e-06
-3.0339684e-06
3.9312186e-06
-3.0551976e-06
-2.5521398e-06
2.6203155e-08
-1.0409939e-08
1.4526228e-10
3.9405203e-13
-1.5938867e-08
-2.6159486e-08
-1.3665414e-07
6.3410632e-13
-4.3486611e-11
-2.7281486e-08
2.440222e-10
1.0897423e-08
-1.2233485e-07
1.8423365e-13
1.4780276e-13
-1.2177392e-07
-1.6238865e-08
3.4833991e-08
5.8204559e-11
2.3608014e-13
-3.4892435e-08
-4.822887e-08
1.8760535e-13
-2.7349984e-11
-3.5852233e-08
-9.388771e-08
4.8132158e-13
-9.3524729e-08
-3.5800336e-08
2.6203656e-08
-1.0408703e-08
1.4587605e-10
-1.5940454e-08
-2.6160154e-08
-1.3665525e-07
-4.363062e-11
-2.7282194e-08
2.4383217e-10
1.0896338e-08
-1.2233606e-07
-1.2177468e-07
-1.6240246e-08
3.4832917e-08
5.8484834e-11
-3.489114e-08
-4.8227708e-08
4.8188213e-08
-2.8217891e-11
-3.585121e-08
7.9743735e-08
-9.3886518e-08
8.0100934e-08
-9.3523643e-08
-3.5799135e-08
-5.5499411e-06
4.2460658e-06
4.4894024e-09
3.6089673e-13
-2.5399199e-06
4.1493156e-06
2.0321723e-13
-7.0096131e-10
5.5073725e-06
-3.3229294e-09
-4.2298943e-06
1.0008194e-13
4.9127203e-13
-5.5499413e-06
4.2460658e-06
4.4898629e-09
-2.5399199e-06
4.1493155e-06
-7.0123952e-10
5.5073724e-06
-3.3236319e-09
-4.2298944e-06
3.3356871e-06
3.2440788e-06
-3.1755882e-06
3.1741166e-06
1.4715659e-09
2.2960308e-14
-4.8214847e-06
4.9026006e-06
5.5548907e-13
-5.6432136e-10
3.2657269e-06
-1.4714514e-10
-3.2665581e-06
3.558693e-06
1.3929823e-13
3.4608646e-06
-9.694651e-14
2.2236842e-09
3.5565659e-06
-2.9490442e-13
3.4630885e-06
2.8289552e-10
3.3346099e-06
3.2443617e-06
-3.1755882e-06
3.1741166e-06
1.4715712e-09
-4.821485e-06
4.9026013e-06
-5.647203e-10
3.2657273e-06
-1.4699622e-10
-3.2665583e-06
3.5586937e-06
3.4608651e-06
2.2239935e-09
3.5565664e-06
3.4630889e-06
-6.3782456e-11
1.4276611e-07
1.3847597e-07
4.213057e-13
4.9546787e-11
-1.6363847e-07
-1.5869633e-07
2.6109458e-13
-1.4468865e-07
1.4464755e-07
4.0791592e-11
3.1439858e-13
-2.1513104e-07
2.3133579e-07
1.5607194e-12
-1.0806707e-10
1.4929814e-07
-5.3070973e-11
-1.4931893e-07
1.2903747e-12
1.1645249e-12
-6.4553278e-11
1.4276469e-07
-1.4273444e-07
1.3847522e-07
-1.3853948e-07
4.9018855e-11
-1.6363832e-07
1.6360735e-07
-1.586965e-07
1.5874556e-07
-1.4468835e-07
1.4464723e-07
4.1289559e-11
-2.1513056e-07
2.3133565e-07
-1.1048843e-10
1.4929734e-07
-5.4850106e-11
-1.4931834e-07
-1.51986e-07
1.841587e-07
-3.8574278e-10
-1.0231878e-07
1.5067613e-07
-1.2450617e-10
1.5042229e-07
-2.9228432e-10
-1.8372246e-07
-4.672716e-06
6.5140741e-06
-6.3159129e-09
-1.9571106e-13
-4.9403046e-06
2.9790734e-06
-4.6501187e-13
8.8476704e-10
4.6446822e-06
1.2315813e-09
-6.4650629e-06
-5.9559886e-13
-5.9306944e-13
-4.6727163e-06
6.514075e-06
-6.3169315e-09
-4.9403044e-06
2.9790736e-06
1.9475417e-06
8.8567423e-10
4.6446818e-06
1.2324864e-09
-6.4650619e-06
4.7859109e-06
4.7860718e-06
1.8863637e-06
2.7442325e-06
1.2589425e-08
-3.0486763e-13
-4.6431853e-06
-1.8874972e-06
-5.6971704e-06
-1.7822237e-12
4.5551865e-06
1.1334253e-09
-1.9588024e-06
-5.4600679e-09
-2.7657991e-06
-7.1956751e-06
-3.8199803e-13
-1.572629e-12
-7.2379926e-06
-4.7184226e-06
-2.9160842e-06
-1.8374467e-09
2.9179217e-06
1.9485284e-06
1.0090559e-08
3.0066609e-06
3.7932672e-06
3.8286058e-06
3.005748e-06
1.886364e-06
2.7442312e-06
1.2589417e-08
-4.643185e-06
-1.8874973e-06
-5.697168e-06
4.5551847e-06
1.1338052e-09
-1.9588021e-06
-5.4599439e-09
-2.7657981e-06
-7.1956792e-06
-7.2379946e-06
-4.7184214e-06
2.6847783e-06
-1.1975624e-12
1.8646939e-06
1.7957668e-09
1.7127208e-06
1.0330627e-06
1.6689941e-06
-9.9203034e-13
1.0175808e-06
-8.5641548e-07
-7.899794e-13
8.564996e-07
-2.8702516e-10
8.2133155e-07
-1.2730295e-12
8.1229263e-07
2.6847771e-06
1.8646935e-06
1.7977606e-09
1.7127195e-06
1.033062e-06
1.6689929e-06
1.0175807e-06
-8.5641457e-07
8.5649823e-07
-2.8491217e-10
8.2133046e-07
8.1229198e-07
9.7134935e-08
-1.1572316e-13
1.3518339e-10
1.0551789e-07
1.0296847e-07
-3.1819577e-14
-8.8267052e-08
-8.3139765e-13
9.5176954e-08
-6.9916686e-09
-3.5701039e-10
1.4959889e-08
1.9261953e-13
1.4344013e-08
9.7133924e-08
-9.7130097e-08
1.3438997e-10
1.0551857e-07
-4.7634565e-09
1.0296581e-07
-5.6976099e-09
-8.8265576e-08
9.5174794e-08
-6.9914092e-09
-3.5658849e-10
1.4961634e-08
1.4343542e-08
-9.2891299e-08
1.2856509e-11
-1.4465482e-13
9.2878589e-08
7.9359774e-08
-6.5280289e-14
-9.1238342e-11
9.5587667e-08
1.3059117e-07
-2.0377789e-13
1.3048352e-07
9.5550135e-08
2.1382053e-08
5.062421e-08
5.5650194e-10
-6.9140121e-13
-7.2562076e-08
-2.133095e-08
1.3572465e-07
-1.2707424e-12
-5.125253e-11
-2.2273096e-08
-7.9106909e-10
-5.1231271e-08
1.9487808e-07
-2.4812914e-13
-4.4895056e-13
1.9208963e-07
-7.3413919e-08
-9.2893169e-08
1.2706612e-11
9.2880197e-08
7.9360476e-08
-7.9329502e-08
-9.0690323e-11
9.5589302e-08
-1.4386428e-07
1.3059259e-07
-1.4410837e-07
1.3048449e-07
9.5551682e-08
2.13834e-08
5.0625609e-08
5.560132e-10
-7.2565802e-08
-2.1332212e-08
1.3572158e-07
-5.0958601e-11
-2.2274998e-08
-7.8912708e-10
-5.1232119e-08
1.9487314e-07
1.9208797e-07
-7.341677e-08
-1.9605799e-07
1.9868046e-07
5.7875731e-10
-2.0161106e-07
1.217653e-07
3.4623194e-10
1.9507788e-07
-9.051557e-11
-1.9635215e-07
-2.2030447e-06
6.9861495e-06
2.4361033e-09
-3.7968749e-12
-7.9123568e-06
-3.9025201e-06
1.7446787e-06
-6.4528426e-12
-4.0536541e-09
2.1923106e-06
-5.2805097e-06
5.0984288e-09
-6.9693947e-06
-3.8771277e-12
-5.2973221e-06
-8.8760215e-12
-7.8882075e-06
-2.2030446e-06
6.9861564e-06
2.4277539e-09
-7.9123628e-06
-3.9025153e-06
1.7446764e-06
3.0134499e-06
-4.0474483e-09
2.1923081e-06
-5.2805075e-06
5.109205e-09
-6.9693906e-06
5.9715473e-06
-5.2973194e-06
5.9971275e-06
-7.8882082e-06
-2.8618154e-07
3.667431e-06
-4.4659842e-10
1.5558848e-11
-9.7579864e-07
1.9966196e-07
-9.4731317e-12
1.236608e-09
2.9157523e-07
1.9930612e-09
-3.667352e-06
9.7372242e-12
-1.1426651e-11
-5.8338998e-07
-5.1500648e-06
-3.0497697e-09
4.2890335e-06
1.8421409e-06
1.1648906e-06
2.0072643e-09
5.9321035e-07
1.2914297e-06
1.4235172e-11
5.1417331e-06
1.2607568e-06
4.2866406e-06
-2.8617828e-07
3.6674224e-06
-3.96136e-10
-9.7578636e-07
1.9966452e-07
7.772042e-07
1.1982805e-09
2.9200311e-07
2.0399543e-09
-3.6678394e-06
3.1264892e-06
3.1273791e-06
-3.0833728e-09
2.2687119e-06
6.0416061e-10
6.0795752e-13
-5.4026094e-07
-1.0852528e-07
-1.038324e-12
-4.849705e-10
3.2707482e-09
-1.8060903e-10
-2.2698331e-06
2.7635484e-13
-4.8359529e-13
-9.9738794e-08
-2.7623382e-06
-1.1586591e-09
2.4491962e-06
6.4310287e-07
1.3415865e-07
4.6786984e-10
1.0002207e-07
5.5729733e-07
-4.0496836e-10
2.7643061e-06
5.4383138e-07
2.4517299e-06
-3.0848154e-09
2.2687139e-06
6.0322548e-10
-5.4026007e-07
-1.0852414e-07
6.5023137e-07
-4.8660738e-10
3.2701609e-09
-1.7986687e-10
-2.2698343e-06
2.1304479e-06
2.1332916e-06
6.2710422e-08
-2.0454007e-06
7.4685664e-10
1.9651267e-06
6.9119132e-07
-1.3858187e-07
6.3218816e-10
-6.0354601e-08
7.504432e-07
-2.1332395e-09
2.0452075e-06
7.4883713e-07
1.9641435e-06
-1.685275e-05
-3.2256666e-12
5.0015338e-05
5.7637466e-13
1.0273125e-11
4.9180127e-05
5.1322527e-05
-1.8689859e-05
-1.6852735e-05
5.1366983e-05
5.0015311e-05
4.9180133e-05
-1.1675243e-05
4.4297319e-12
4.7096753e-05
1.0838451e-11
-1.3810167e-12
4.4194338e-05
5.117642e-05
-1.4331956e-05
-1.1675251e-05
5.0092316e-05
4.7096774e-05
4.4194351e-05
-7.1243559e-06
-1.0461625e-11
4.112145e-05
-1.0404533e-11
-1.3246555e-11
3.8033244e-05
4.8796197e-05
-9.3232212e-06
-7.1243566e-06
4.6892297e-05
4.1121456e-05
3.8033246e-05
-4.0314208e-06
-5.7636197e-12
3.5027441e-05
-1.5051991e-11
-1.3454879e-11
4.5315083e-05
-5.659629e-06
-4.0314246e-06
3.5027437e-05
-2.6571342e-05
-2.0929797e-12
4.3635398e-05
1.4568929e-12
8.4014406e-13
4.4884301e-05
-2.6924574e-05
-2.6571339e-05
4.3635399e-05
-9.179219e-08
8.8319993e-12
5.6936339e-06
1.7972653e-11
1.3868516e-11
1.4929664e-05
-4.413591e-07
-9.1788567e-08
5.6936254e-06
-3.0628533e-05
-6.3847238e-13
3.4650069e-05
6.7313999e-13
-1.2262299e-13
3.7401758e-05
-2.9416322e-05
-3.0628531e-05
3.4650069e-05
4.485929e-06
-6.2808228e-06
9.9714926e-11
-3.3020705e-13
8.6549533e-06
-5.8350792e-06
-2.4298131e-13
5.9405277e-09
-4.4662609e-06
-1.8535664e-09
6.2493712e-06
-8.5762289e-13
1.2105523e-13
-2.0849637e-06
1.9746803e-13
-1.1379646e-06
8.8335851e-13
-4.3496127e-13
1.3041888e-06
-1.8516236e-06
-2.0849639e-06
-1.137966e-06
-2.8802472e-05
-1.5538759e-13
2.5486457e-05
3.7124557e-13
5.1394686e-13
2.8038004e-05
-2.4219023e-05
-2.8802472e-05
2.5486458e-05
-6.0032595e-06
7.9189268e-13
-1.2950367e-06
6.1876275e-13
1.6865909e-12
-7.4420201e-07
-4.8963108e-06
-6.0032596e-06
-1.2950374e-06
4.8805768e-06
-3.647034e-06
6.9065577e-09
9.1770866e-14
4.5330667e-06
-6.3059266e-06
1.4653465e-13
5.0491754e-10
-4.8626165e-06
-3.212437e-09
3.631663e-06
1.2900185e-13
2.1161726e-13
-1.4167328e-05
4.4967451e-13
1.5853031e-05
2.0564643e-13
6.0576107e-13
-1.0566496e-05
1.7642651e-05
-1.1904255e-05
-1.4167328e-05
1.5853031e-05
-8.7343439e-06
-1.0566496e-05
1.4416267e-06
2.2356213e-07
1.4853091e-10
1.3375284e-13
-3.1362572e-07
-9.7929219e-07
9.2393437e-14
-1.5137658e-09
-1.4378546e-06
-8.3727499e-11
-2.2391408e-07
4.1729657e-13
-5.502145e-14
-9.1566663e-06
3.7630597e-12
-1.5754293e-06
5.1994264e-12
3.3743329e-12
-9.0541025e-06
-1.3671522e-06
-8.9388626e-06
-9.1566672e-06
-1.5754305e-06
-8.7791505e-06
-9.054102e-06
-6.5624249e-06
1.1685429e-12
1.311425e-05
3.8303234e-13
1.406739e-12
-2.1096059e-06
1.4046381e-05
-5.6124781e-06
-6.5624248e-06
1.311425e-05
-1.935175e-06
-2.1096058e-06
-8.4759718e-06
3.8497699e-12
-1.7656234e-06
4.2933278e-12
2.6876045e-12
-7.7542554e-06
-1.794991e-06
-8.2913105e-06
-8.4759726e-06
-1.7656237e-06
-7.5429989e-06
-7.7542556e-06
2.3475974e-06
1.4909206e-12
1.3701014e-05
4.2755272e-13
1.5188776e-12
6.4701607e-06
1.300855e-05
1.6958102e-06
2.3475976e-06
1.3701015e-05
4.9566446e-06
6.4701606e-06
-6.7809756e-06
2.4521944e-12
-1.8573701e-06
2.8691012e-12
2.2606267e-12
-5.7449633e-06
-1.8415594e-06
-6.6087463e-06
-6.7809757e-06
-1.85737e-06
-5.5469848e-06
-5.7449634e-06
1.0180459e-05
1.1972552e-12
1.6975815e-05
1.4636792e-13
5.727801e-13
1.5303951e-05
8.1999879e-06
1.0180459e-05
1.6975815e-05
-4.6852395e-06
1.866668e-12
-2.1571575e-06
1.2816175e-12
1.6371201e-12
-2.0182722e-06
-4.4609004e-06
-4.6852395e-06
-2.1571567e-06
2.5394774e-05
1.2557009e-12
2.6468828e-05
-3.2185528e-15
1.0586256e-12
2.3899589e-05
2.0955405e-05
2.5394774e-05
2.6468828e-05
-9.8950261e-07
-3.6354813e-13
-1.389428e-06
7.1769204e-14
1.9250131e-13
-1.5116012e-06
-3.6977066e-07
-9.8950155e-07
-1.389428e-06
2.8200041e-05
2.0764932e-12
3.5423942e-05
-1.7061671e-12
3.6284942e-12
3.2742171e-05
2.6671788e-05
2.8200052e-05
3.5423937e-05
1.0062178e-07
3.2992256e-12
1.1365776e-06
6.3986216e-12
3.1870368e-12
-8.1206844e-07
7.8278457e-07
1.0062233e-07
1.1365753e-06
2.4890903e-05
-1.0507813e-12
4.2788768e-05
-2.6428243e-12
2.4071106e-12
4.1523796e-05
2.5058316e-05
2.4890906e-05
4.2788761e-05
-2.5349961e-06
-8.9157903e-06
-8.2806513e-10
-9.860553e-14
6.8171258e-06
3.3965742e-06
-1.0718294e-12
-2.3902703e-09
2.5335455e-06
-6.7593301e-10
8.8892398e-06
-1.7567152e-12
-5.1796194e-13
-5.2580464e-08
6.4623967e-12
1.300122e-05
1.9617814e-12
2.2674736e-12
5.0952898e-06
3.1080512e-07
-5.258268e-08
1.3001219e-05
1.6275398e-05
-1.5747179e-11
4.9112619e-05
-6.047406e-12
-1.9462427e-11
4.9162551e-05
4.7802125e-05
1.7915989e-05
1.6275389e-05
4.6915949e-05
4.9112619e-05
4.9162515e-05
1.145923e-05
-2.1390535e-11
4.8891594e-05
-2.283674e-11
-1.0109225e-11
4.7749524e-05
4.481356e-05
1.394303e-05
1.1459238e-05
4.1885337e-05
4.8891549e-05
4.7749491e-05
7.1585165e-06
1.3232729e-12
4.6339854e-05
-3.7254591e-12
-1.839613e-12
4.4316981e-05
3.8743535e-05
9.2545945e-06
7.1585098e-06
3.5562699e-05
4.6339833e-05
4.4316962e-05
4.1719681e-06
7.059293e-12
4.2582545e-05
1.182618e-12
8.7182027e-12
3.2456313e-05
5.7916545e-06
4.1719687e-06
4.2582529e-05
-9.3198931e-06
-2.6482138e-06
-8.5240505e-10
-1.2730952e-12
3.5541469e-06
7.1321083e-06
7.8750739e-13
-9.832799e-10
9.2923551e-06
-2.8189095e-09
2.6462094e-06
-5.5283078e-14
-9.7775219e-13
-9.3198929e-06
-2.6482127e-06
-8.5029342e-10
3.554146e-06
7.1321098e-06
-9.8233938e-10
9.2923479e-06
-2.8172863e-09
2.6462123e-06
1.9854439e-06
-4.7040074e-09
4.1637745e-10
-6.4630116e-13
-6.5705334e-08
-7.7998713e-07
4.2606395e-12
-4.7831266e-09
-1.9813657e-06
7.8024072e-11
4.9875337e-09
3.2528485e-12
6.7987552e-13
1.985431e-06
-4.7035945e-09
4.168805e-10
-6.5704957e-08
-7.7998124e-07
-4.7905872e-09
-1.9813404e-06
7.8132807e-11
4.9899605e-09
4.4859289e-06
-6.2808238e-06
9.9520318e-11
8.6549533e-06
-5.8350787e-06
5.9420301e-09
-4.46626e-06
-1.8536507e-09
6.2493716e-06
1.2155292e-07
-1.259871e-07
2.9879947e-10
3.020929e-12
-1.5503002e-07
-1.5128688e-07
4.7170256e-12
-1.1042177e-09
-1.2157167e-07
3.4048546e-10
1.2393246e-07
5.2370305e-12
2.62402e-12
1.2155405e-07
-1.2598801e-07
3.0536767e-10
-1.550294e-07
-1.5128764e-07
-1.1128431e-09
-1.2157199e-07
3.3333741e-10
1.2393323e-07
4.8805769e-06
-3.6470341e-06
6.9067904e-09
4.5330666e-06
-6.3059266e-06
5.046799e-10
-4.8626166e-06
-3.2128579e-09
3.6316631e-06
4.8238629e-07
-3.0828172e-07
3.5426764e-10
-2.4597622e-13
3.9137664e-07
-8.4101164e-07
-1.5146607e-13
6.6528059e-10
-4.8181408e-07
-6.5815256e-10
3.0650077e-07
-4.8398814e-13
2.0382033e-13
4.8238643e-07
-3.0828195e-07
3.5388904e-10
3.9137766e-07
-8.4101173e-07
6.6541384e-10
-4.8181509e-07
-6.5816275e-10
3.0650249e-07
4.8642706e-06
1.8056419e-06
1.3620352e-09
4.9572852e-13
-2.4217887e-06
-4.2849261e-06
2.9684961e-13
-1.1482959e-10
-4.8487461e-06
-1.2654726e-09
-1.8138007e-06
4.1843155e-13
3.1735835e-13
4.8642706e-06
1.8056419e-06
1.3629956e-09
-2.4217888e-06
-4.2849261e-06
-1.1544787e-10
-4.848746e-06
-1.2660387e-09
-1.8138008e-06
1.4416271e-06
2.2356283e-07
1.4904261e-10
-3.1362624e-07
-9.792927e-07
-1.51422e-09
-1.4378549e-06
-8.3683069e-11
-2.2391422e-07
1.6179407e-06
3.9269598e-06
1.4231258e-09
9.7307766e-13
-3.5130031e-06
-2.1666558e-06
5.8801795e-13
-1.1030057e-09
-1.624967e-06
4.0316114e-10
-3.9145861e-06
6.9309415e-13
7.603647e-13
1.6179408e-06
3.9269596e-06
1.4251615e-09
-3.5130029e-06
-2.1666558e-06
-1.1044771e-09
-1.6249673e-06
4.0145493e-10
-3.9145858e-06
-8.2770639e-09
-6.1410441e-07
3.5393957e-11
2.8521327e-13
4.164423e-07
3.3484685e-09
1.7329137e-13
2.4514011e-10
8.1088891e-09
6.1349826e-10
6.1243477e-07
4.8403094e-13
-2.4529197e-13
-8.2780479e-09
-6.1410522e-07
3.5441251e-11
4.1644298e-07
3.349411e-09
2.4446832e-10
8.1100111e-09
6.1325266e-10
6.1243497e-07
-3.2885348e-06
4.3423865e-06
6.2566222e-09
2.4021653e-13
-5.5624271e-06
4.1372231e-06
4.5666939e-13
-3.3347355e-09
3.2756728e-06
8.6190882e-10
-4.3263363e-06
4.2210385e-13
1.8734525e-13
-3.2885348e-06
4.3423864e-06
6.2570018e-09
-5.5624271e-06
4.1372232e-06
-3.3355563e-09
3.2756728e-06
8.6147112e-10
-4.3263362e-06
-6.0736468e-08
9.8228393e-09
8.1782493e-11
6.8060597e-13
6.3016079e-08
1.2664306e-07
-7.2695336e-14
2.4376648e-11
6.1193566e-08
-6.3989294e-11
-9.2697733e-09
-1.482968e-13
2.8118087e-13
-6.0735845e-08
9.8220831e-09
8.2884188e-11
6.3016309e-08
1.2664186e-07
2.4187765e-11
6.1191502e-08
-6.4166002e-11
-9.2682029e-09
-5.9961594e-06
4.2709028e-06
-7.6795568e-12
1.1627055e-12
-5.5182989e-06
8.2558226e-06
9.8789082e-13
-2.1298139e-09
5.9663909e-06
5.7042605e-09
-4.2521273e-06
2.1144267e-13
3.5231271e-13
-5.9961581e-06
4.270902e-06
-6.5167222e-12
-5.5183002e-06
8.2558269e-06
-2.1299901e-09
5.9663896e-06
5.7024365e-09
-4.2521268e-06
-5.6082236e-08
7.6105978e-08
2.9271067e-10
-2.5797174e-13
-1.0150759e-07
-2.0300574e-07
1.3546922e-13
2.5159744e-10
5.4415604e-08
-8.9696634e-10
-7.6295067e-08
2.5616741e-13
-4.405783e-13
-5.6083556e-08
7.6106074e-08
2.9121489e-10
-1.0150777e-07
-2.0300273e-07
2.5189759e-10
5.4419536e-08
-8.9711158e-10
-7.6297359e-08
-2.5349978e-06
-8.9157891e-06
-8.3210433e-10
6.8171253e-06
3.3965755e-06
-2.3873023e-09
2.5335443e-06
-6.7468668e-10
8.8892415e-06
9.9838351e-09
1.8552401e-06
4.5093285e-10
2.0662934e-12
-7.7313543e-07
-7.7326225e-08
-7.6042532e-13
-2.8915211e-11
-9.6264365e-09
-4.2518434e-09
-1.8516152e-06
-5.6075038e-14
6.7597142e-13
9.981275e-09
1.8552417e-06
4.5086593e-10
-7.731307e-07
-7.7324774e-08
-3.1120748e-11
-9.6269038e-09
-4.2524011e-09
-1.8516127e-06
)
;

boundaryField
{
    inlet
    {
        type            calculated;
        value           nonuniform List<scalar> 
41
(
-7.2278406e-06
-2.1148126e-05
-3.4354551e-05
-4.6847115e-05
-5.8625818e-05
-6.969066e-05
-8.0041642e-05
-8.9678763e-05
-9.8602023e-05
-0.00010681142
-0.00011430696
-0.00012108864
-0.00012715645
-0.00013251041
-0.00013715051
-0.00014107674
-0.00014428911
-0.00014678763
-0.00014857228
-0.00014964307
-0.00015
-0.00014964307
-0.00014857228
-0.00014678763
-0.00014428911
-0.00014107674
-0.00013715051
-0.00013251041
-0.00012715645
-0.00012108864
-0.00011430696
-0.00010681142
-9.8602023e-05
-8.9678763e-05
-8.0041642e-05
-6.969066e-05
-5.8625818e-05
-4.6847115e-05
-3.4354551e-05
-2.1148126e-05
-7.2278406e-06
)
;
    }
    outlet
    {
        type            calculated;
        value           nonuniform List<scalar> 
41
(
9.0134599e-06
2.5331991e-05
3.9522705e-05
5.2218356e-05
6.3916896e-05
7.4869394e-05
8.5123338e-05
9.4528897e-05
0.00010285752
0.00011008358
0.00011652765
0.00012267561
0.00012883968
0.00013500457
0.00014094728
0.00014641003
0.00015117396
0.00015506838
0.000157756
0.00015890843
0.00015906262
0.00015801902
0.0001552149
0.00015076718
0.00014508393
0.00013839106
0.00013096211
0.000123106
0.00011509045
0.00010713476
9.9401287e-05
9.1981007e-05
8.4863479e-05
7.7896097e-05
7.0762412e-05
6.3029161e-05
5.4258809e-05
4.4159686e-05
3.2707038e-05
2.0210283e-05
7.1626972e-06
)
;
    }
    walls
    {
        type            calculated;
        value           uniform 0;
    }
    frontAndBack
    {
        type            calculated;
        value           nonuniform List<scalar> 
18752
(
1.5017679e-20
4.3263178e-19
1.756138e-18
1.6235643e-18
-1.769126e-17
-1.2780045e-16
-5.2165939e-16
-1.5451164e-15
-3.5100303e-15
-6.1871583e-15
-8.4948134e-15
-9.2957803e-15
-8.525087e-15
-6.3171456e-15
-2.2331085e-15
1.8855096e-15
2.5292703e-15
1.1424575e-15
2.1076737e-15
3.342779e-15
3.1329249e-15
3.902767e-15
2.1461624e-15
-6.1528739e-16
1.113554e-14
2.4129687e-14
1.906862e-14
1.9514819e-15
-1.2551689e-14
-1.590487e-14
-1.1365624e-14
-5.6996429e-15
-2.1553565e-15
-6.3510351e-16
-1.4672554e-16
-2.4790112e-17
-1.4621602e-18
1.1758548e-18
6.9598839e-19
1.8609796e-19
-1.6883363e-21
-4.044037e-19
-1.4081179e-18
-1.3570518e-18
1.3269486e-17
1.0403515e-16
4.7119311e-16
1.5913828e-15
4.2336531e-15
8.9420113e-15
1.4860512e-14
1.926917e-14
1.9797036e-14
1.6941151e-14
1.1522025e-14
2.7822645e-15
-5.1632446e-15
-5.3322868e-15
-1.7749547e-15
-3.5034733e-15
-5.595566e-15
-6.3595177e-15
-6.9871238e-15
-3.7575481e-15
3.0909618e-15
-1.8625479e-14
-4.3011294e-14
-3.0260548e-14
6.51857e-15
3.7000208e-14
4.2568759e-14
3.0303938e-14
1.56003e-14
6.1786166e-15
1.9530115e-15
5.0994435e-16
1.1472628e-16
2.2994664e-17
3.7614047e-18
7.0904446e-20
-3.3627528e-19
-1.5869286e-19
-2.4768299e-19
-1.4333353e-18
-8.2652869e-18
-4.5831386e-17
-2.1175823e-16
-8.0025953e-16
-2.4863442e-15
-6.3096624e-15
-1.2857991e-14
-2.0600092e-14
-2.5549723e-14
-2.4872278e-14
-2.0257683e-14
-1.32391e-14
-2.1902412e-15
7.5601677e-15
6.7636554e-15
1.758802e-15
4.3365747e-15
6.7605846e-15
8.5262573e-15
8.2147589e-15
4.9528536e-15
-6.392248e-15
1.8957862e-14
4.8554705e-14
3.0205639e-14
-1.7409056e-14
-5.6090317e-14
-6.1562951e-14
-4.3565373e-14
-2.2686172e-14
-9.1790985e-15
-2.9605393e-15
-7.738875e-16
-1.6877873e-16
-3.3180063e-17
-7.145347e-18
-2.1291828e-18
-7.9041607e-19
-2.4324343e-19
-4.9608534e-19
-6.8734404e-19
9.3545409e-18
7.6200463e-17
3.7283424e-16
1.4121033e-15
4.3420201e-15
1.0853841e-14
2.1752698e-14
3.4268968e-14
4.1744118e-14
3.9811675e-14
3.1912418e-14
2.0762706e-14
3.0079355e-15
-1.2606097e-14
-1.0652487e-14
-2.3588617e-15
-6.9456935e-15
-1.0630473e-14
-1.2879936e-14
-1.2847753e-14
-8.7361752e-15
1.1562329e-14
-2.7090717e-14
-7.2654385e-14
-4.1830401e-14
3.2283165e-14
9.0641968e-14
9.6323686e-14
6.6750289e-14
3.438331e-14
1.3977935e-14
4.6167001e-15
1.2502988e-15
2.7768413e-16
4.9878629e-17
5.9329885e-18
-7.3802033e-19
-9.8950947e-19
-3.6832954e-19
-9.4177813e-19
-7.2310703e-18
-3.5984055e-17
-1.5814836e-16
-6.263117e-16
-2.1709584e-15
-6.4033517e-15
-1.5686024e-14
-3.11413e-14
-4.8720542e-14
-5.8470978e-14
-5.3936521e-14
-4.1504144e-14
-2.6517194e-14
-2.6234088e-15
1.850407e-14
1.4231624e-14
2.1878283e-15
9.7325993e-15
1.4421602e-14
1.7309889e-14
1.7115881e-14
1.3526655e-14
-1.9502005e-14
2.9926254e-14
8.6939818e-14
3.6162514e-14
-6.5882075e-14
-1.3943337e-13
-1.3706129e-13
-8.9601577e-14
-4.3714809e-14
-1.6958453e-14
-5.447291e-15
-1.4784132e-15
-3.4208528e-16
-7.2316078e-17
-1.7970375e-17
-6.3148114e-18
-2.4855778e-18
-6.5708396e-19
3.4368514e-19
3.6897071e-18
3.0523237e-17
1.7494369e-16
7.7949244e-16
2.8555268e-15
8.7030912e-15
2.1906434e-14
4.4610994e-14
7.1207465e-14
8.6012739e-14
7.8039522e-14
5.8545433e-14
3.8157419e-14
4.5216468e-15
-2.6991972e-14
-2.0295888e-14
-2.6506278e-15
-1.5664104e-14
-2.2554111e-14
-2.6477912e-14
-2.5980699e-14
-2.2842691e-14
3.0300049e-14
-4.2366013e-14
-1.2364963e-13
-4.4584494e-14
9.916975e-14
1.9695899e-13
1.8464559e-13
1.1371113e-13
5.1275076e-14
1.7964676e-14
5.1148859e-15
1.2213463e-15
2.3309309e-16
2.0865637e-17
-9.4597877e-18
-6.946195e-18
-2.9521512e-18
-7.5396612e-19
-1.5475875e-18
-1.2655431e-17
-6.0804018e-17
-2.5636657e-16
-1.0038834e-15
-3.5446788e-15
-1.091977e-14
-2.8403086e-14
-6.0028502e-14
-9.8597586e-14
-1.2009027e-13
-1.0607116e-13
-7.5868843e-14
-5.0432118e-14
-6.7503433e-15
3.8147765e-14
2.7600093e-14
2.1116526e-15
2.3268997e-14
3.2388359e-14
3.7482186e-14
3.6329924e-14
3.5215997e-14
-4.744048e-14
5.516977e-14
1.6089677e-13
3.6868871e-14
-1.5525549e-13
-2.7356367e-13
-2.4011177e-13
-1.3785305e-13
-5.6659436e-14
-1.7201905e-14
-3.8555427e-15
-6.478123e-16
-1.1129638e-16
-3.8780439e-17
-1.9008125e-17
-8.866415e-18
-3.648333e-18
-9.4613357e-19
1.2003091e-18
4.121521e-18
2.5904685e-17
1.6659135e-16
8.3794418e-16
3.4671714e-15
1.1988103e-14
3.3991949e-14
7.6525494e-14
1.3134815e-13
1.636259e-13
1.4285945e-13
9.90502e-14
7.0052812e-14
1.4550674e-14
-5.2418554e-14
-3.8140146e-14
-1.7257255e-15
-3.6726243e-14
-4.9818239e-14
-5.697904e-14
-5.4303301e-14
-5.4587076e-14
7.3872434e-14
-8.0246697e-14
-2.258773e-13
-4.5629429e-14
1.9736315e-13
3.3441724e-13
2.7632428e-13
1.4739633e-13
5.5433849e-14
1.4602143e-14
2.1468306e-15
-2.4649562e-16
-3.0197685e-16
-1.3198452e-16
-4.797896e-17
-1.7307525e-17
-5.82283e-18
-1.3038529e-18
-8.0099631e-20
-7.0399137e-18
-4.0517261e-17
-1.7738188e-16
-7.7956355e-16
-3.3063674e-15
-1.2248158e-14
-3.7265157e-14
-8.9513269e-14
-1.6275623e-13
-2.1201811e-13
-1.8780732e-13
-1.2780925e-13
-9.6481075e-14
-2.850889e-14
7.0913525e-14
5.1439247e-14
-1.2068458e-15
5.5357994e-14
7.3330556e-14
8.3645177e-14
7.8946534e-14
7.9229333e-14
-1.1817072e-13
1.1134349e-13
2.9768949e-13
3.8455926e-14
-2.4392142e-13
-3.7726441e-13
-2.7839479e-13
-1.298688e-13
-4.2451393e-14
-1.0160687e-14
-1.7905478e-15
-2.1925315e-16
-3.3674482e-17
-3.4789065e-17
-2.9567654e-17
-1.5505293e-17
-5.7033717e-18
-1.2561021e-18
1.3253372e-18
-1.896322e-18
-1.5996216e-17
-1.2152349e-17
2.4972577e-16
1.9412904e-15
9.2688113e-15
3.3140292e-14
9.0573008e-14
1.8417716e-13
2.6446317e-13
2.5078196e-13
1.7477978e-13
1.3585991e-13
5.5986175e-14
-9.1828909e-14
-6.7765619e-14
6.4350623e-15
-8.7815152e-14
-1.1384278e-13
-1.2993698e-13
-1.2216154e-13
-1.1252298e-13
1.9040317e-13
-1.5534374e-13
-3.8185647e-13
-3.3339978e-14
2.8107718e-13
3.7679139e-13
2.254566e-13
7.273189e-14
9.8141627e-15
-1.9497964e-15
-1.1312072e-15
-1.974438e-16
-6.1116148e-17
-7.0458565e-17
-4.7431093e-17
-2.0817568e-17
-6.9740362e-18
-1.4457215e-18
2.5900219e-18
2.3021883e-18
-8.3159449e-18
-3.0084152e-17
-1.0529716e-16
-7.3619479e-16
-4.9392815e-15
-2.3691715e-14
-8.0536406e-14
-1.9397271e-13
-3.2122219e-13
-3.4516611e-13
-2.4926458e-13
-1.8079651e-13
-9.7918488e-14
1.1317581e-13
8.386508e-14
-1.8253087e-14
1.4430686e-13
1.8195236e-13
2.0770192e-13
1.9442628e-13
1.4538003e-13
-3.0871544e-13
2.1091288e-13
4.5693916e-13
6.7965773e-14
-3.5152888e-13
-3.3772518e-13
-1.3170162e-13
-1.653364e-15
2.3932662e-14
1.368932e-14
3.9754911e-15
2.6318386e-16
-3.9299879e-16
-2.5710127e-16
-1.0146931e-16
-3.2557417e-17
-9.2211774e-18
-1.6751713e-18
3.2651562e-18
1.2694529e-18
-2.7289851e-17
-1.3158517e-16
-4.4320049e-16
-9.8862716e-16
-4.869193e-17
1.1584711e-14
6.0458747e-14
1.8420638e-13
3.6581632e-13
4.6032565e-13
3.5720196e-13
2.4887969e-13
1.6473312e-13
-1.2301191e-13
-8.7124788e-14
4.4163509e-14
-2.607166e-13
-3.2100205e-13
-3.6204533e-13
-3.2686182e-13
-1.477075e-13
5.0296303e-13
-2.7164674e-13
-5.1774778e-13
2.0908222e-15
2.9737639e-13
1.7505728e-13
-2.1642624e-15
-5.0880234e-14
-3.3236594e-14
-1.3545235e-14
-4.8013022e-15
-1.7781725e-15
-6.6290077e-16
-2.2757386e-16
-7.5666345e-17
-2.6785695e-17
-8.4143689e-18
-1.4154657e-18
4.9537816e-18
7.0758712e-18
-4.6029517e-18
-1.2299437e-17
4.586392e-17
2.4405197e-16
1.9005935e-16
-4.7230151e-15
-3.6431579e-14
-1.4649461e-13
-3.6288218e-13
-5.4897877e-13
-4.8864615e-13
-3.369988e-13
-2.7958578e-13
1.0564718e-13
2.60031e-14
-1.4810848e-13
4.7313286e-13
6.0413525e-13
6.7800462e-13
5.5382968e-13
-3.5310215e-14
-8.2466313e-13
3.0457376e-13
5.5107405e-13
8.3928135e-14
-3.5813385e-14
1.0735608e-13
1.4991794e-13
8.3328151e-14
2.0740491e-14
-1.968053e-15
-3.7281068e-15
-1.6187222e-15
-4.6582353e-16
-1.3717037e-16
-6.109185e-17
-2.8873378e-17
-9.3001046e-18
-1.3389885e-18
6.5857847e-18
1.0495531e-17
-5.8847424e-18
-2.7874577e-17
3.401949e-18
-8.4624163e-17
-1.4822538e-15
-5.569378e-15
-2.9209035e-15
5.491852e-14
2.5013918e-13
5.357687e-13
6.1337283e-13
4.7776113e-13
4.7537916e-13
-9.2227716e-14
1.6369979e-13
6.8301682e-13
2.1123557e-10
2.3410475e-10
5.0493019e-11
2.2266243e-10
9.9483573e-13
1.361857e-12
-2.2377877e-13
-6.8287831e-13
-3.4563006e-13
-4.6019514e-13
-5.04287e-13
-3.2023598e-13
-1.2183887e-13
-2.5116712e-14
8.5613207e-16
3.0653867e-15
1.3795375e-15
2.7444254e-16
-6.8988773e-17
-8.704261e-17
-4.0882504e-17
-1.1018925e-17
-1.1659056e-18
8.5365614e-18
1.4965316e-17
-1.2377183e-17
-9.9221922e-17
-1.5928952e-16
3.1502111e-16
2.9539147e-15
1.2282755e-14
3.4847483e-14
5.3583908e-14
-3.0145136e-14
-3.2559893e-13
-6.0903798e-13
-5.7354623e-13
-7.2212884e-13
4.1356314e-13
1.1717131e-10
2.8096748e-10
-2.4120663e-10
-3.2824435e-09
-4.514831e-09
-1.9267208e-09
1.5754587e-10
-5.5108755e-10
1.4196568e-13
1.2823967e-12
1.0058512e-12
1.2037722e-12
8.298581e-13
3.419073e-13
9.2226121e-14
2.2308203e-14
9.287992e-15
4.3877406e-15
1.134076e-15
-1.4359678e-16
-2.8389188e-16
-1.5042342e-16
-5.0745243e-17
-1.0707151e-17
-5.6845898e-19
1.0834233e-17
2.2980457e-17
6.5853079e-19
-1.2869128e-16
-4.7771394e-16
-1.0568059e-15
-2.1272257e-15
-7.7710013e-15
-3.5100063e-14
-1.1098696e-13
-1.9216039e-13
-5.5917109e-14
3.4410176e-13
3.5624814e-13
8.484654e-13
-1.4623667e-09
6.1590165e-09
8.8807239e-10
-2.325492e-09
-2.9869879e-11
1.8539715e-09
2.9597303e-09
6.7900531e-11
-2.8476202e-12
-1.6908273e-12
-1.878017e-12
-8.6743766e-13
-1.8850202e-13
-7.0185148e-16
1.0372169e-14
1.6063544e-16
-3.4050029e-15
-2.8515289e-15
-1.4898806e-15
-5.8201213e-16
-1.8341925e-16
-4.7226552e-17
-8.011883e-18
3.2162894e-19
1.3145536e-17
3.209883e-17
3.1892428e-17
-3.8352583e-17
-3.692414e-16
-1.3652169e-15
-3.4490069e-15
-5.7579448e-15
2.4697956e-15
6.8176674e-14
2.598667e-13
4.1309199e-13
4.6858431e-14
3.4586137e-13
1.2722988e-09
1.1154089e-08
3.7481299e-09
1.5040902e-08
3.2991409e-09
5.3905959e-13
2.5941423e-12
6.9129643e-13
-1.2229326e-14
-5.7034747e-14
-2.3173771e-14
-1.1472927e-14
-7.365873e-15
-3.8036775e-15
-1.4243699e-15
-4.1711834e-16
-1.1210895e-16
-3.0156024e-17
-4.7058693e-18
1.2982462e-18
1.5343928e-17
3.8800644e-17
5.2882608e-17
6.9576843e-17
5.2958877e-17
-2.5056867e-16
-1.0214404e-15
-7.7226225e-16
1.8998139e-15
-2.4649143e-14
-2.2896516e-13
-6.7076535e-13
-7.5134421e-14
2.4319348e-12
3.9410834e-09
3.7768659e-09
7.0078275e-10
3.8286606e-09
-8.3572403e-12
-4.023189e-12
-5.9760628e-14
2.0484235e-13
1.9064294e-14
-2.5849836e-14
-1.6856656e-14
-6.3755607e-15
-1.4944928e-15
-1.1832264e-16
1.4624482e-17
-2.4145173e-17
-2.1029984e-17
-3.1794774e-18
2.3730429e-18
1.7717095e-17
4.4414727e-17
5.3106045e-17
7.7536232e-17
2.6747621e-16
8.185337e-16
1.8842925e-15
3.7440448e-15
5.2752277e-15
1.2780247e-14
1.8241414e-13
1.1665803e-12
1.9050521e-12
-1.4535498e-10
6.0299698e-09
3.3299996e-09
6.8770784e-09
6.6969236e-10
1.3496677e-12
-1.4298747e-12
-2.5811492e-13
2.1991183e-14
1.3898209e-14
3.1646025e-15
2.93343e-15
2.4161683e-15
1.0479151e-15
2.0052682e-16
-3.3679609e-17
-3.1971832e-17
-2.5265242e-18
3.8673596e-18
2.0376979e-17
5.2586884e-17
5.1498304e-17
2.2480965e-18
4.3197547e-17
5.1630051e-16
1.4747036e-15
1.918191e-15
3.6541911e-15
3.558488e-14
1.1999549e-13
-6.902979e-13
-3.7816482e-12
5.5670926e-12
5.8510615e-09
4.1879243e-09
1.8247064e-09
1.2216433e-11
2.5037616e-12
-2.3986472e-13
-1.1504357e-13
-7.2451003e-15
1.0577924e-14
8.0738829e-15
3.4935546e-15
7.5540356e-16
-9.0566095e-17
-1.3711726e-16
-4.8348501e-17
9.7142043e-19
6.0437218e-18
2.2993159e-17
6.3959817e-17
6.8798542e-17
-4.5653719e-17
-3.1271969e-16
-5.7891876e-16
-8.8512689e-16
-2.2762595e-15
-4.868969e-15
-2.3131431e-14
-3.3007875e-13
-1.7861357e-12
-2.4966436e-12
8.9478561e-10
7.0589753e-09
2.7654005e-10
3.0147808e-09
1.4796517e-11
6.2717098e-12
1.088789e-12
3.7543364e-14
-3.3594754e-15
8.8729955e-15
5.4021254e-15
7.7693559e-16
-7.0693575e-16
-5.5595981e-16
-2.204294e-16
-4.5714863e-17
9.5511361e-18
8.7599683e-18
2.5165607e-17
7.57496e-17
1.0468615e-16
4.2150883e-19
-4.3887445e-16
-1.3634406e-15
-2.8872078e-15
-6.0659402e-15
-2.0082872e-14
-1.218009e-13
-7.0526727e-13
-1.5972414e-12
2.7303353e-12
9.8109093e-10
6.1649356e-09
-1.027179e-11
5.2411655e-11
2.592072e-09
6.5412398e-12
5.9217395e-12
2.2107779e-12
3.2043784e-13
2.9815332e-14
1.5870912e-15
-2.8555031e-15
-3.3915305e-15
-1.9563278e-15
-7.2372216e-16
-1.8933639e-16
-1.6658212e-17
2.1536344e-17
1.1585342e-17
2.6815832e-17
8.4892106e-17
1.4254526e-16
1.1602589e-16
-2.3776357e-16
-1.2401226e-15
-2.991415e-15
-6.4192622e-15
-2.8899647e-14
-1.8908523e-13
-8.4366084e-13
-1.1134068e-12
4.9499372e-12
3.3035631e-11
3.5976119e-09
8.277564e-10
5.4126376e-09
-1.9435301e-11
2.9037098e-12
5.0190153e-12
2.7068069e-12
6.4892578e-13
8.5288352e-14
-4.5327881e-15
-1.0310931e-14
-5.503136e-15
-1.8449984e-15
-4.215845e-16
-6.0920511e-17
2.3640212e-17
3.3320967e-17
1.4201359e-17
2.7617679e-17
9.0764919e-17
1.6718383e-16
2.2724299e-16
1.1681152e-16
-4.6257298e-16
-1.7855943e-15
-6.2810371e-15
-4.2144904e-14
-2.6390398e-13
-9.2528313e-13
-9.1702352e-13
4.340888e-12
1.4337663e-11
1.534508e-09
2.7412717e-09
2.3164283e-10
1.3095523e-09
-1.7564889e-11
-2.758538e-13
3.7798105e-12
2.6013227e-12
8.7532995e-13
1.4366216e-13
6.5401462e-17
-9.8627732e-15
-3.5190627e-15
-4.1374819e-16
9.5941103e-17
6.6736346e-17
5.4827085e-17
4.2874729e-17
1.6622697e-17
2.8299088e-17
9.4933274e-17
1.7687634e-16
2.7877031e-16
3.7655688e-16
3.050236e-16
-6.699109e-16
-8.5566333e-15
-6.5867619e-14
-3.5919124e-13
-1.0696464e-12
-1.1208308e-12
2.3301519e-12
4.3096843e-12
-2.0903666e-11
6.7532846e-10
2.4156635e-09
9.2175771e-15
-5.970972e-11
1.2887548e-10
-1.1299905e-11
-1.6584229e-11
-3.1066262e-12
2.3003158e-12
2.0932475e-12
9.3161024e-13
1.9998015e-13
2.312805e-14
8.5380593e-16
1.4688722e-15
1.2243401e-15
4.2348785e-16
1.1591961e-16
7.0322715e-17
5.1123029e-17
1.9200018e-17
2.8486094e-17
9.8730316e-17
1.8155134e-16
2.7235037e-16
4.1243198e-16
5.2182243e-16
-8.936299e-16
-1.5202267e-14
-1.0433808e-13
-4.9322216e-13
-1.3165943e-12
-1.674555e-12
-2.3109374e-13
-2.1065302e-12
-4.0378497e-12
4.3534388e-12
2.8735935e-10
1.1101032e-09
-4.58292e-10
-3.5844104e-10
-6.8706885e-11
-2.5081408e-10
-7.7948959e-10
-1.3944163e-10
-6.5653852e-13
-4.1053438e-12
-1.4270271e-11
-5.2772213e-12
7.4567812e-13
1.491026e-12
8.525995e-13
2.5050576e-13
5.9296336e-14
1.6443342e-14
6.0684614e-15
1.8918237e-15
3.7327244e-16
9.2436435e-17
7.9478319e-17
6.0128655e-17
2.1314496e-17
2.7926556e-17
1.0178645e-16
1.9091076e-16
2.5164421e-16
2.7267374e-16
7.2902447e-17
-2.8656284e-15
-2.5803748e-14
-1.5156809e-13
-6.4175557e-13
-1.647169e-12
-2.4788758e-12
-2.9638132e-12
-6.7944992e-12
2.443652e-12
3.3260061e-12
-4.5709972e-12
-9.201356e-12
1.5565291e-10
3.8714099e-12
-1.6501932e-10
-8.8879277e-11
-7.0860377e-12
-3.4647049e-12
1.559105e-12
1.059735e-12
-1.0839663e-11
-6.7535851e-12
-7.6991254e-13
8.3296948e-13
6.8970714e-13
2.8432616e-13
9.1538783e-14
2.755548e-14
7.3544118e-15
1.3106594e-15
9.6561056e-17
6.2492196e-17
9.5800888e-17
7.1112263e-17
2.3395123e-17
2.6555585e-17
1.0252313e-16
2.0534917e-16
2.594869e-16
1.174695e-16
-7.1952426e-16
-6.0170393e-15
-3.8401302e-14
-1.9821486e-13
-7.7598273e-13
-1.9947224e-12
-3.372123e-12
-5.5423331e-12
-9.3802266e-12
3.7747938e-12
2.5643323e-12
-2.4288022e-12
-3.1508566e-12
-4.0907488e-12
-3.6088513e-12
-3.577094e-12
-3.7206426e-12
-3.2577672e-12
-1.5823281e-12
2.6649247e-12
4.3278251e-12
-6.8298701e-12
-7.2736207e-12
-2.0048973e-12
1.8649619e-13
4.4295364e-13
2.5717225e-13
9.6796071e-14
2.741315e-14
5.1145358e-15
2.199458e-16
-9.8060922e-17
8.5672142e-17
1.2556455e-16
8.3535231e-17
2.5250175e-17
2.443498e-17
9.9748503e-17
2.1665979e-16
3.0120962e-16
8.1116849e-17
-1.3545478e-15
-9.0471558e-15
-4.990895e-14
-2.364934e-13
-8.8426112e-13
-2.3038116e-12
-4.3132648e-12
-7.7819608e-12
-1.1628893e-11
2.679409e-12
1.6496264e-12
-1.6667381e-12
-1.4717985e-12
-1.3774827e-12
-1.4747534e-12
-1.6364488e-12
-1.7322931e-12
-1.6262713e-12
-5.4866699e-13
3.128861e-12
6.3367344e-12
-2.7373711e-12
-7.4420794e-12
-3.1703832e-12
-5.4488135e-13
1.0183841e-13
1.5219427e-13
6.8009403e-14
1.7305041e-14
1.7355213e-15
-3.6633057e-16
-1.9990756e-17
1.7169094e-16
1.6524754e-16
9.5171514e-17
2.600275e-17
2.1711812e-17
9.3642868e-17
2.1714506e-16
3.4601245e-16
1.7030414e-16
-1.5379632e-15
-1.0777519e-14
-5.7154968e-14
-2.5977974e-13
-9.5169329e-13
-2.5316028e-12
-5.169502e-12
-9.5560203e-12
-1.35216e-11
5.2502162e-13
6.9314611e-13
-1.349021e-12
-9.4720737e-13
-8.5973826e-13
-1.2245345e-12
-1.5719822e-12
-1.7196001e-12
-1.5368416e-12
-4.9233807e-13
2.9475212e-12
7.4082576e-12
1.2530527e-12
-6.8122626e-12
-4.1048244e-12
-1.3040329e-12
-3.3453532e-13
-2.5551558e-14
1.4340215e-14
3.9270342e-15
-1.7173481e-16
-1.8752875e-17
2.8438132e-16
2.8909403e-16
2.0670508e-16
1.0368481e-16
2.5519687e-17
1.8520196e-17
8.5167162e-17
2.0665679e-16
3.6185893e-16
2.9028556e-16
-1.3309783e-15
-1.0861513e-14
-5.8459691e-14
-2.63643e-13
-9.6663805e-13
-2.6553844e-12
-5.8933916e-12
-1.0771367e-11
-1.5185177e-11
-2.2535812e-12
-4.4539908e-13
-1.2705261e-12
-6.3828987e-13
-4.6200746e-13
-9.463517e-13
-1.4629508e-12
-1.7842798e-12
-1.7611455e-12
-8.7736097e-13
2.2786943e-12
7.6532527e-12
4.5260105e-12
-5.4399431e-12
-4.7454893e-12
-2.0367406e-12
-7.7123728e-13
-2.2506713e-13
-4.3553668e-14
-6.2953172e-15
1.3821797e-16
8.907129e-16
6.2931505e-16
4.0080689e-16
2.4240397e-16
1.077537e-16
2.3804965e-17
1.4980907e-17
7.4971308e-17
1.9047172e-16
3.4323992e-16
3.4281362e-16
-1.0197081e-15
-9.8302316e-15
-5.4546271e-14
-2.4833418e-13
-9.2551796e-13
-2.6173182e-12
-6.5287291e-12
-1.147583e-11
-1.6545382e-11
-5.5253506e-12
-2.0919072e-12
-1.6602517e-12
-6.2370066e-13
-1.5168623e-13
-5.9836634e-13
-1.2674086e-12
-1.7141077e-12
-1.9338445e-12
-1.3697584e-12
1.3023112e-12
7.2339812e-12
6.8154676e-12
-3.9935236e-12
-4.7986093e-12
-2.5907363e-12
-1.1498209e-12
-4.0172052e-13
-9.1557193e-14
-1.219294e-14
1.2919875e-15
1.6409615e-15
8.6219941e-16
4.8774578e-16
2.674585e-16
1.065141e-16
2.095436e-17
1.1290624e-17
6.3220473e-17
1.7278601e-16
3.0973512e-16
3.091875e-16
-8.4689728e-16
-8.5458385e-15
-4.7897413e-14
-2.1964474e-13
-8.3546121e-13
-2.452154e-12
-6.7043154e-12
-1.1694818e-11
-1.7706532e-11
-9.0631135e-12
-4.4837506e-12
-2.8399716e-12
-1.1943578e-12
-1.5743355e-13
-3.0817129e-13
-1.0410511e-12
-1.5906648e-12
-1.98361e-12
-1.7878198e-12
2.3828524e-13
6.1953161e-12
8.3909199e-12
-2.0819728e-12
-5.0740732e-12
-3.0364396e-12
-1.4455214e-12
-5.3426775e-13
-1.2807529e-13
-1.7182567e-14
1.3175414e-15
1.7681257e-15
9.5190703e-16
5.4758428e-16
2.7938343e-16
1.0003519e-16
1.7155332e-17
7.7762071e-18
5.0234669e-17
1.5332373e-16
2.8084215e-16
2.4465505e-16
-8.3801549e-16
-7.5400859e-15
-4.0969785e-14
-1.8591986e-13
-7.1740692e-13
-2.1120808e-12
-7.0034515e-12
-1.1317769e-11
-1.7980128e-11
-1.2605151e-11
-7.6732468e-12
-5.026361e-12
-2.6137535e-12
-7.2994088e-13
-2.6346205e-13
-8.7957504e-13
-1.4717869e-12
-1.941167e-12
-2.0600012e-12
-7.2087528e-13
4.8534195e-12
9.2116426e-12
4.8433515e-13
-4.0109117e-12
-3.1719291e-12
-1.6409146e-12
-6.2998223e-13
-1.5984545e-13
-2.510958e-14
-6.989525e-16
1.3166783e-15
9.5519513e-16
5.8244725e-16
2.7752236e-16
8.8848369e-17
1.264943e-17
4.8697997e-18
3.7118722e-17
1.3029289e-16
2.5840769e-16
2.0597838e-16
-8.6516172e-16
-6.8169174e-15
-3.4910974e-14
-1.5347596e-13
-5.9913802e-13
-1.6508705e-12
-6.6321051e-12
-1.0935431e-11
-1.75221e-11
-1.5542028e-11
-1.1282088e-11
-8.1013517e-12
-4.9125364e-12
-1.958341e-12
-5.8234433e-13
-8.5343252e-13
-1.4015248e-12
-1.8797559e-12
-2.2017969e-12
-1.4665975e-12
3.4376149e-12
9.2337669e-12
2.693964e-12
-2.9347334e-12
-3.1344671e-12
-1.7638061e-12
-7.0469759e-13
-1.9275551e-13
-3.6725537e-14
-4.1240181e-15
6.5502383e-16
9.351241e-16
5.9237811e-16
2.626455e-16
7.3715679e-17
7.7298546e-18
3.0293503e-18
2.5633183e-17
1.045185e-16
2.329615e-16
2.0361375e-16
-8.0971532e-16
-6.1313802e-15
-2.9726004e-14
-1.2473299e-13
-4.9887985e-13
-1.1906266e-12
-5.5544638e-12
-1.0346659e-11
-1.6687141e-11
-1.7319147e-11
-1.4539168e-11
-1.1480575e-11
-7.7214396e-12
-3.6335849e-12
-1.1934633e-12
-9.666868e-13
-1.4069761e-12
-1.8593312e-12
-2.2797714e-12
-1.982435e-12
2.1647437e-12
8.7332269e-12
4.1747259e-12
-2.3623903e-12
-3.0345422e-12
-1.841297e-12
-7.6783368e-13
-2.2605436e-13
-4.9309897e-14
-7.5025875e-15
1.3449448e-16
9.1534741e-16
5.7714196e-16
2.3629159e-16
5.5591713e-17
2.7525524e-18
2.6829459e-18
1.7699238e-17
7.991231e-17
1.9868524e-16
2.0915587e-16
-6.6257221e-16
-5.3249056e-15
-2.5135548e-14
-9.9215176e-14
-4.2240191e-13
-7.9793544e-13
-4.3989573e-12
-8.9630533e-12
-1.5461285e-11
-1.787946e-11
-1.6787404e-11
-1.4379457e-11
-1.0345085e-11
-5.2380719e-12
-1.8458681e-12
-1.1465514e-12
-1.46696e-12
-1.899326e-12
-2.3564729e-12
-2.3124911e-12
1.1651505e-12
8.028043e-12
5.1580564e-12
-1.6437785e-12
-2.8392115e-12
-1.8806403e-12
-8.1588034e-13
-2.5274585e-13
-5.8771456e-14
-9.6176261e-15
-1.0599764e-16
8.8914709e-16
5.3876862e-16
2.0013681e-16
3.5746689e-17
-1.8717798e-18
4.2137715e-18
1.5133305e-17
6.1583073e-17
1.6141382e-16
1.9816882e-16
-4.9147552e-16
-4.4274811e-15
-2.1049078e-14
-7.6552022e-14
-3.6548775e-13
-5.0671688e-13
-3.3351377e-12
-7.2420274e-12
-1.3574925e-11
-1.7230466e-11
-1.7660619e-11
-1.619247e-11
-1.2048893e-11
-6.1514087e-12
-2.2103624e-12
-1.2898872e-12
-1.5459774e-12
-1.9992919e-12
-2.4663282e-12
-2.5147813e-12
4.9928144e-13
7.3382067e-12
5.9113224e-12
-8.0941365e-13
-2.5733404e-12
-1.8806067e-12
-8.3594586e-13
-2.6443204e-13
-6.2210781e-14
-1.0065983e-14
-1.1167925e-16
8.4635775e-16
4.8033243e-16
1.5615419e-16
1.5853958e-17
-5.7233294e-18
7.9356249e-18
1.9614282e-17
5.4054286e-17
1.3347496e-16
1.7351803e-16
-3.5487e-16
-3.5669544e-15
-1.7418972e-14
-5.749741e-14
-3.1715612e-13
-3.1855584e-13
-2.4620295e-12
-5.615331e-12
-1.1252071e-11
-1.5586571e-11
-1.70584e-11
-1.6497369e-11
-1.215251e-11
-5.9029171e-12
-2.1078272e-12
-1.3506527e-12
-1.639684e-12
-2.1386188e-12
-2.6168185e-12
-2.6268933e-12
1.8757427e-13
6.8141561e-12
6.3684701e-12
-7.1567787e-14
-2.2837757e-12
-1.8179624e-12
-8.1576216e-13
-2.5679449e-13
-5.9223665e-14
-9.155476e-15
1.3788664e-17
7.8335459e-16
4.0419745e-16
1.0745181e-16
-2.1597783e-18
-8.4422364e-18
1.4065892e-17
3.2811137e-17
6.1742027e-17
1.2748523e-16
1.6134975e-16
-2.5655851e-16
-2.8617518e-15
-1.4257355e-14
-4.3852553e-14
-2.6797914e-13
-2.1889373e-13
-1.8083579e-12
-4.2418616e-12
-9.0217119e-12
-1.3213867e-11
-1.5602619e-11
-1.4709931e-11
-1.0487407e-11
-4.6314629e-12
-1.6959145e-12
-1.3909175e-12
-1.749223e-12
-2.3015635e-12
-2.7896119e-12
-2.6457714e-12
2.343018e-13
6.5536231e-12
6.5247657e-12
4.0257312e-13
-1.9479193e-12
-1.6803589e-12
-7.5446044e-13
-2.3161678e-13
-5.1451318e-14
-7.4628578e-15
1.8741067e-16
6.9726387e-16
3.1351495e-16
5.865211e-17
-1.6492045e-17
-9.7857696e-18
2.2697629e-17
5.6205495e-17
8.9982966e-17
1.5465875e-16
1.8965993e-16
-1.5778031e-16
-2.3276188e-15
-1.1718904e-14
-3.6445127e-14
-2.1673562e-13
-1.8309016e-13
-1.3444138e-12
-3.255823e-12
-7.0828501e-12
-1.0695708e-11
-1.364934e-11
-1.322581e-11
-7.8791071e-12
-2.9626961e-12
-1.3091553e-12
-1.4733329e-12
-1.8717916e-12
-2.4999119e-12
-2.9500089e-12
-2.532318e-12
6.2652527e-13
6.5625582e-12
6.4292034e-12
6.3347565e-13
-1.5976415e-12
-1.5098552e-12
-6.6146368e-13
-1.9484721e-13
-4.1244031e-14
-5.4922966e-15
3.499989e-16
5.8393301e-16
2.1516875e-16
1.5060216e-17
-2.5848017e-17
-9.6462742e-18
3.3666685e-17
9.0979261e-17
1.4599448e-16
2.3458128e-16
3.1407665e-16
6.804325e-17
-1.7259464e-15
-9.5004175e-15
-3.246881e-14
-1.6696109e-13
-1.8038274e-13
-1.0540744e-12
-2.6185782e-12
-5.4034833e-12
-8.7851047e-12
-1.1498247e-11
-9.8522356e-12
-4.5672284e-12
-1.5241571e-12
-1.1795955e-12
-1.5784057e-12
-2.0119375e-12
-2.7123539e-12
-3.0352438e-12
-2.2134506e-12
1.3491468e-12
6.7680814e-12
6.0900892e-12
6.8227055e-13
-1.3473205e-12
-1.3173284e-12
-5.506754e-13
-1.53405e-13
-3.0599008e-14
-3.5964874e-15
4.5117917e-16
4.4528538e-16
1.1978322e-16
-1.8875342e-17
-2.9614419e-17
-8.0295171e-18
4.657288e-17
1.3766767e-16
2.3616874e-16
3.833211e-16
5.7806902e-16
5.6245867e-16
-7.1898885e-16
-7.0248746e-15
-2.8532398e-14
-1.2369759e-13
-1.9398695e-13
-8.989609e-13
-2.1231134e-12
-4.2915202e-12
-7.6709282e-12
-8.5570965e-12
-5.0998013e-12
-1.749489e-12
-9.3378227e-13
-1.3184132e-12
-1.6512941e-12
-2.1327134e-12
-2.8565825e-12
-2.9327382e-12
-1.5720167e-12
2.4030696e-12
7.0501596e-12
5.3953738e-12
5.8502306e-13
-1.0802247e-12
-1.1260903e-12
-4.3542469e-13
-1.1277896e-13
-2.0870482e-14
-2.0254252e-15
4.5904156e-16
2.9480722e-16
3.8192378e-17
-4.0659691e-17
-2.7774702e-17
-5.0121874e-18
6.0832986e-17
1.9667559e-16
3.7018126e-16
6.2977062e-16
1.0357706e-15
1.4516881e-15
1.0060353e-15
-3.6284448e-15
-2.2651159e-14
-9.1347553e-14
-2.1605506e-13
-8.0171254e-13
-1.8012259e-12
-3.9659496e-12
-6.1670752e-12
-4.4526139e-12
-1.5378344e-12
-7.0911753e-13
-1.0565435e-12
-1.4107782e-12
-1.6309298e-12
-2.1913821e-12
-2.7630856e-12
-2.4549521e-12
-4.4617569e-13
3.7413398e-12
7.1620414e-12
4.3791741e-12
4.3175808e-13
-7.9362177e-13
-9.6062503e-13
-3.2313107e-13
-7.6585143e-14
-1.2951458e-14
-9.2525776e-16
3.7805855e-16
1.5287902e-16
-2.2350971e-17
-4.9849671e-17
-2.068165e-17
-6.99428e-19
7.5523248e-17
2.6688766e-16
5.5716293e-16
1.0183338e-15
1.7960758e-15
2.9424466e-15
3.9142888e-15
1.8862881e-15
-1.3059178e-14
-7.0747611e-14
-2.4351195e-13
-7.6142223e-13
-1.7731764e-12
-3.5397525e-12
-3.2440495e-12
-8.4678293e-13
-3.0496988e-13
-9.1602288e-13
-1.2249949e-12
-1.2729688e-12
-1.4479008e-12
-1.9776259e-12
-2.241941e-12
-1.4019541e-12
1.2151557e-12
5.1033599e-12
6.7243556e-12
3.3162622e-12
4.5641865e-13
-7.970467e-13
-8.0421193e-13
-2.1724346e-13
-4.759198e-14
-7.2989234e-15
-2.963939e-16
2.4381289e-16
3.6913254e-17
-5.9541026e-17
-4.7389441e-17
-8.8054697e-18
4.8123489e-18
8.9556712e-17
3.4544723e-16
8.0222083e-16
1.5947277e-15
3.0125376e-15
5.4258973e-15
8.8105414e-15
1.0929479e-14
1.2548007e-15
-5.7474058e-14
-2.767902e-13
-7.731605e-13
-1.6400122e-12
-1.9000884e-12
-8.4808236e-14
3.9137957e-13
-7.9294869e-13
-1.1985391e-12
-1.0209603e-12
-8.5324666e-13
-9.6975981e-13
-1.2959647e-12
-1.1225922e-12
2.7586507e-13
3.1190347e-12
6.0133503e-12
5.6483579e-12
2.34964e-12
5.5452936e-13
-9.1122343e-13
-6.2742863e-13
-1.2412876e-13
-2.7892035e-14
-3.7326302e-15
-3.1425339e-17
1.0041904e-16
-4.4545306e-17
-7.5005768e-17
-3.4722737e-17
7.4760331e-18
1.1469023e-17
1.0179891e-16
4.2729476e-16
1.106619e-15
2.4151974e-15
4.9002183e-15
9.4850804e-15
1.6955995e-14
2.5592063e-14
2.2603953e-14
-3.7382636e-14
-2.6136233e-13
-6.2453961e-13
-7.7739182e-13
4.9449074e-13
1.2052289e-12
-4.3440121e-13
-1.3869836e-12
-9.1941461e-13
-4.6047014e-13
-8.4894642e-14
-6.0254011e-14
-8.5969943e-14
5.6417356e-13
2.3094615e-12
4.7139663e-12
6.0546429e-12
4.4046204e-12
1.7664307e-12
2.7939958e-13
-9.8070424e-13
-4.2410058e-13
-5.4955517e-14
-1.7218672e-14
-1.5605606e-15
-5.5256641e-18
-1.7641151e-17
-9.1768221e-17
-7.2303987e-17
-1.3017542e-17
2.8066194e-17
1.9298775e-17
1.1112844e-16
5.0456202e-16
1.454785e-15
3.4991537e-15
7.6593428e-15
1.5761467e-14
2.9934997e-14
4.9521481e-14
6.1625944e-14
3.0265629e-14
-8.1428492e-14
-1.8911129e-14
7.6023137e-13
1.9341234e-12
3.409949e-13
-1.5512888e-12
-1.1707436e-12
-2.594678e-13
4.6782866e-13
9.9254314e-13
1.2477266e-12
1.5250481e-12
2.4671959e-12
4.126145e-12
5.5825794e-12
5.3379477e-12
3.234774e-12
1.3393706e-12
-3.3872574e-13
-8.9847841e-13
-2.2200265e-13
-1.8123493e-14
-1.2083131e-14
-2.0257113e-16
-1.092121e-16
-9.7470754e-17
-1.1054551e-16
-5.4813175e-17
1.7466307e-17
5.3342041e-17
2.8455104e-17
1.1659041e-16
5.6873525e-16
1.8204229e-15
4.8294742e-15
1.1416941e-14
2.4944368e-14
5.0142109e-14
9.0551675e-14
1.4540344e-13
2.091441e-13
3.7794112e-13
1.0137948e-12
2.0822384e-12
1.5019029e-12
-1.200721e-12
-1.7936327e-12
-3.9977429e-13
7.0453435e-13
1.5003385e-12
2.2372787e-12
2.752965e-12
3.2349651e-12
4.1184244e-12
5.1720499e-12
5.5000729e-12
4.2302906e-12
2.2409896e-12
4.1010528e-13
-6.7656269e-13
-6.9006057e-13
-6.2100127e-14
-1.0547036e-14
-8.0821767e-15
4.0539723e-16
-2.2504948e-16
-1.4349093e-16
-1.0725541e-16
-2.4055383e-17
5.7904095e-17
8.4355513e-17
3.9259485e-17
1.1780684e-16
6.0966249e-16
2.1533542e-15
6.2983809e-15
1.6137948e-14
3.7767036e-14
8.1499411e-14
1.6322283e-13
3.0639102e-13
5.3187866e-13
1.083661e-12
2.0494593e-12
2.3621787e-12
-1.2340618e-13
-2.1360993e-12
-1.1746676e-12
5.7711175e-13
1.5951875e-12
2.438392e-12
3.3625692e-12
4.0285997e-12
4.5595529e-12
5.1050332e-12
5.314979e-12
4.5456452e-12
2.9580835e-12
1.0305747e-12
-2.5914452e-13
-7.3002432e-13
-4.3519129e-13
3.066135e-14
-1.8838464e-14
-3.0402321e-15
1.6553065e-16
-2.5709598e-16
-1.6309865e-16
-8.6797754e-17
2.1267274e-17
1.1149679e-16
1.2305879e-16
5.2238973e-17
1.1585828e-16
6.2201157e-16
2.4051334e-15
7.7392609e-15
2.1596232e-14
5.4451499e-14
1.2696885e-13
2.8061012e-13
5.6468619e-13
9.4732212e-13
1.845483e-12
2.6357546e-12
1.552188e-12
-1.6957496e-12
-2.2023607e-12
-2.2247292e-13
1.4364195e-12
2.2476915e-12
3.1166501e-12
4.0179002e-12
4.5898214e-12
4.9613632e-12
5.0558266e-12
4.5258415e-12
3.2086185e-12
1.5845218e-12
9.3413283e-14
-5.6204988e-13
-5.9662103e-13
-2.1539113e-13
6.0983002e-14
-2.8765427e-14
2.3534674e-15
-6.4937153e-16
-2.0543778e-16
-1.6188489e-16
-5.0477789e-17
8.7091436e-17
1.8431778e-16
1.7253155e-16
6.8149248e-17
1.1257663e-16
6.0087284e-16
2.5132518e-15
8.9184954e-15
2.719495e-14
7.3697847e-14
1.8282574e-13
4.2250018e-13
8.3952243e-13
1.4459125e-12
2.4548571e-12
2.6041564e-12
1.837009e-13
-2.5332388e-12
-1.7719413e-12
6.6981173e-13
2.0085435e-12
2.6402649e-12
3.4358717e-12
4.0942565e-12
4.3240493e-12
4.2817155e-12
3.8711627e-12
2.8700622e-12
1.9067994e-12
4.3761206e-13
-3.9761808e-13
-5.8559249e-13
-3.9702793e-13
-7.1124724e-14
5.3415234e-14
-3.2697405e-14
6.3819085e-15
-1.4415962e-15
-1.6334499e-16
-1.4778791e-16
8.6868949e-18
1.8602038e-16
2.8615259e-16
2.3718126e-16
8.7975805e-17
1.1263269e-16
5.5715917e-16
2.4586267e-15
9.5793907e-15
3.1879583e-14
9.2620571e-14
2.4200329e-13
5.7318094e-13
1.1091172e-12
1.926619e-12
2.8057372e-12
2.1073825e-12
-1.125501e-12
-2.8728443e-12
-1.1204366e-12
1.3208098e-12
2.3159147e-12
2.7803926e-12
3.4316008e-12
3.7799355e-12
3.6396538e-12
3.2388124e-12
2.345747e-12
1.7191574e-12
8.1900251e-13
-2.4514246e-13
-5.3087172e-13
-4.6374158e-13
-2.1720379e-13
2.0585798e-15
3.3932503e-14
-2.962785e-14
8.1449724e-15
-1.747033e-15
-1.9489349e-16
-1.1387857e-16
1.1231553e-16
3.3951322e-16
4.318937e-16
3.2300447e-16
1.1289455e-16
1.216486e-16
5.068032e-16
2.2498464e-15
9.5069876e-15
3.4431719e-14
1.0730839e-13
2.9468713e-13
7.1423182e-13
1.3651457e-12
2.3037769e-12
2.9174002e-12
1.4234796e-12
-2.0908437e-12
-2.9445966e-12
-5.8538552e-13
1.7132313e-12
2.42793e-12
2.7002595e-12
3.1822224e-12
3.3087525e-12
2.9058374e-12
2.3702671e-12
1.7714735e-12
1.0513511e-12
-2.9811155e-14
-4.8128963e-13
-4.834239e-13
-3.0904269e-13
-9.6833537e-14
2.5901786e-14
1.5185778e-14
-2.4097249e-14
7.1761537e-15
-1.7184253e-15
-2.8301988e-16
-3.0113755e-17
2.9514598e-16
5.8131603e-16
6.4390911e-16
4.3765974e-16
1.4409925e-16
1.4652927e-16
4.6882634e-16
1.9142426e-15
8.6439396e-15
3.394872e-14
1.1390633e-13
3.3008742e-13
8.2326477e-13
1.5761694e-12
2.5671249e-12
2.88323e-12
7.8293262e-13
-2.7210568e-12
-2.9712371e-12
-3.121704e-13
1.8843692e-12
2.4342527e-12
2.4696705e-12
2.7270214e-12
2.7675029e-12
2.2996159e-12
1.7194197e-12
1.2194272e-12
2.9462103e-13
-4.4495829e-13
-4.9474667e-13
-3.8357216e-13
-1.8823841e-13
-3.592476e-14
2.3975907e-14
1.586428e-15
-1.9212494e-14
4.6658027e-15
-1.3431384e-15
-2.1827873e-16
1.7610768e-16
6.1511699e-16
9.6915828e-16
9.5558128e-16
5.8992931e-16
1.8242729e-16
1.9663017e-16
4.7254379e-16
1.518272e-15
7.1526981e-15
3.0325181e-14
1.1016229e-13
3.3944738e-13
8.80056e-13
1.7228292e-12
2.7294297e-12
2.806974e-12
3.1557217e-13
-3.119438e-12
-3.0978461e-12
-3.560378e-13
1.845139e-12
2.4160943e-12
2.2454515e-12
2.1628491e-12
2.0957165e-12
1.7224608e-12
1.2464202e-12
6.1382731e-13
-1.7034595e-13
-4.8469395e-13
-3.9457675e-13
-2.6317695e-13
-1.0017964e-13
-5.0871062e-15
1.974462e-14
-1.7800723e-15
-1.2544074e-14
3.4092093e-15
-3.02943e-16
1.5478984e-16
5.5605965e-16
1.1683731e-15
1.601748e-15
1.4133196e-15
7.8795723e-16
2.2773476e-16
2.837229e-16
5.5687626e-16
1.1722264e-15
5.28639e-15
2.4386035e-14
9.6512807e-14
3.1948973e-13
8.7195178e-13
1.7917187e-12
2.812071e-12
2.769279e-12
8.213897e-14
-3.3525327e-12
-3.3780266e-12
-7.4744533e-13
1.53189e-12
2.3493104e-12
2.1943332e-12
1.7814236e-12
1.42501e-12
1.0306952e-12
5.7225724e-13
8.5186174e-14
-3.3154452e-13
-3.9553445e-13
-2.617654e-13
-1.3997343e-13
-2.6416429e-14
2.0422965e-14
2.3579146e-14
3.4850275e-15
-4.6785024e-15
3.245659e-15
4.4116458e-16
3.83718e-16
1.0934219e-15
2.157662e-15
2.649065e-15
2.0760675e-15
1.036926e-15
2.7728621e-16
4.2209585e-16
7.639788e-16
1.0010929e-15
3.5696405e-15
1.7588593e-14
7.6166566e-14
2.7396224e-13
7.989876e-13
1.7675113e-12
2.8329924e-12
2.8171845e-12
1.1967824e-13
-3.4161875e-12
-3.7822526e-12
-1.4695807e-12
8.3975653e-13
2.0264117e-12
2.2234979e-12
1.8077537e-12
1.2002335e-12
6.046272e-13
9.4167066e-14
-2.9662942e-13
-4.9530394e-13
-4.3053239e-13
-2.6145696e-13
-1.2268732e-13
-2.2525296e-14
1.2494748e-14
1.3871805e-14
2.3221251e-16
-5.4251508e-15
-1.0358464e-15
-1.4675377e-15
-5.6407562e-17
2.2043533e-15
4.126296e-15
4.3925262e-15
3.0050919e-15
1.3325259e-15
3.2588451e-16
6.2973136e-16
1.1391916e-15
1.0859005e-15
2.3240078e-15
1.1356438e-14
5.3763767e-14
2.1242249e-13
6.7506954e-13
1.6347643e-12
2.7953481e-12
2.9587616e-12
4.4891074e-13
-3.2470936e-12
-4.2027183e-12
-2.4154615e-12
-2.4794287e-13
1.2031158e-12
1.9124252e-12
1.9321316e-12
1.4648208e-12
8.0675312e-13
2.1267366e-13
-2.3997926e-13
-4.6726645e-13
-4.6187452e-13
-3.4353209e-13
-2.1584239e-13
-1.1377039e-13
-5.8648914e-14
-3.5614442e-14
-2.8755535e-14
-2.2453886e-14
-1.1882207e-14
-5.310806e-15
8.1870377e-16
5.8252123e-15
8.1854616e-15
7.1895138e-15
4.2285182e-15
1.6523761e-15
3.6608979e-16
9.301917e-16
1.7394804e-15
1.4932314e-15
1.685319e-15
6.640489e-15
3.3814143e-14
1.4761325e-13
5.1991077e-13
1.4009792e-12
2.6669722e-12
3.1554367e-12
1.0705228e-12
-2.7313821e-12
-4.4860576e-12
-3.3783214e-12
-1.5654441e-12
-1.2335163e-13
8.9841262e-13
1.4769231e-12
1.5461965e-12
1.2124206e-12
7.7827726e-13
3.6002976e-13
5.8374281e-14
-9.7510992e-14
-1.4381758e-13
-1.3676478e-13
-1.1004475e-13
-8.5853283e-14
-6.3215337e-14
-4.4766073e-14
-2.7819077e-14
-1.1894504e-14
9.427784e-16
1.0685015e-14
1.591715e-14
1.5767601e-14
1.1283072e-14
5.6876701e-15
1.9511212e-15
3.8954464e-16
1.3533906e-15
2.6394668e-15
2.2998588e-15
1.6877393e-15
3.7080532e-15
1.8978129e-14
9.140673e-14
3.5994782e-13
1.0958675e-12
2.3929511e-12
3.3114256e-12
1.8933055e-12
-1.7459758e-12
-4.3643755e-12
-4.20472e-12
-2.8285827e-12
-1.6255535e-12
-6.6949299e-13
1.2146862e-13
7.2096751e-13
9.3941897e-13
9.200473e-13
8.188931e-13
6.8169505e-13
5.3730667e-13
4.0875491e-13
2.9631504e-13
2.0025231e-13
1.1887601e-13
6.8973426e-14
4.4046244e-14
3.6488408e-14
3.6365779e-14
3.8796555e-14
3.9720145e-14
3.618449e-14
2.7629483e-14
1.6524142e-14
7.2008249e-15
2.1660836e-15
3.8872934e-16
1.9373649e-15
3.936052e-15
3.6093003e-15
2.3451232e-15
2.3796267e-15
9.6531937e-15
5.0310546e-14
2.2194063e-13
7.6782543e-13
1.9580011e-12
3.2900382e-12
2.6914138e-12
-3.0330044e-13
-3.5652793e-12
-4.5900462e-12
-3.878773e-12
-2.9044239e-12
-2.1806344e-12
-1.6313018e-12
-9.3491904e-13
-3.5856663e-13
-2.4395649e-14
2.7215059e-13
5.0200749e-13
6.4625576e-13
7.0658343e-13
6.8951407e-13
6.1356131e-13
5.0038698e-13
3.7424113e-13
2.7023413e-13
1.9844588e-13
1.5207504e-13
1.1843173e-13
9.1728893e-14
6.7130365e-14
4.3090598e-14
2.2250298e-14
8.4750827e-15
2.232314e-15
3.5858568e-16
2.672983e-15
5.7536335e-15
5.5598242e-15
3.6871166e-15
2.3187901e-15
4.8446682e-15
2.4955746e-14
1.2143283e-13
4.7758065e-13
1.4186357e-12
2.9641086e-12
3.2265853e-12
1.3077092e-12
-2.007904e-12
-4.1215469e-12
-4.39537e-12
-3.8395949e-12
-3.2608328e-12
-2.8881113e-12
-2.4721696e-12
-2.0386775e-12
-1.6883486e-12
-1.2703841e-12
-8.0768874e-13
-3.4632496e-13
6.2986347e-14
3.7181693e-13
5.5989727e-13
6.367256e-13
6.0182954e-13
5.0556377e-13
3.9659662e-13
3.0514448e-13
2.2578021e-13
1.5986054e-13
1.047264e-13
5.9666504e-14
2.727744e-14
9.1544448e-15
2.1004256e-15
3.0011333e-16
3.7059446e-15
8.2441373e-15
8.3415125e-15
5.8056796e-15
3.2243161e-15
2.9142431e-15
1.1552676e-14
5.8942212e-14
2.6504515e-13
8.9515066e-13
2.3145979e-12
3.3798165e-12
2.5620069e-12
2.6153205e-14
-2.6719024e-12
-3.977586e-12
-4.0921713e-12
-3.7635401e-12
-3.4511287e-12
-3.2255299e-12
-3.0805728e-12
-3.0016001e-12
-2.8278102e-12
-2.5124335e-12
-2.0484406e-12
-1.4699729e-12
-8.5896822e-13
-3.0879426e-13
1.2122493e-13
4.0579848e-13
5.0807169e-13
4.8655902e-13
4.0535749e-13
3.1568034e-13
2.2266642e-13
1.3859912e-13
7.2784757e-14
3.0057565e-14
8.9199244e-15
1.7585054e-15
2.2341008e-16
5.0340261e-15
1.1562336e-14
1.2194892e-14
8.8714026e-15
5.0604313e-15
2.8247741e-15
5.3709268e-15
2.5383931e-14
1.3331163e-13
4.9373508e-13
1.5425565e-12
3.0224276e-12
3.1970415e-12
1.859204e-12
-5.5865192e-13
-2.5396191e-12
-3.4223868e-12
-3.5327226e-12
-3.3572647e-12
-3.1833423e-12
-3.1319362e-12
-3.235899e-12
-3.3862694e-12
-3.4731218e-12
-3.389902e-12
-3.0578932e-12
-2.4786276e-12
-1.7506099e-12
-1.0181769e-12
-3.5331378e-13
1.0801713e-13
3.3562397e-13
3.8017056e-13
3.4301494e-13
2.5372912e-13
1.5588569e-13
7.7667994e-14
2.9378234e-14
7.6546716e-15
1.2515009e-15
1.4670616e-16
6.6616867e-15
1.5862227e-14
1.741358e-14
1.3079144e-14
7.7440548e-15
4.05473e-15
3.3080842e-15
9.9985768e-15
6.1848382e-14
2.4627866e-13
8.7347398e-13
2.2215598e-12
3.2559982e-12
2.9067678e-12
1.489055e-12
-4.4732437e-13
-1.8617624e-12
-2.4984156e-12
-2.6018334e-12
-2.4604277e-12
-2.3405974e-12
-2.4225058e-12
-2.7137642e-12
-3.1340587e-12
-3.5458964e-12
-3.7708262e-12
-3.6477855e-12
-3.1331186e-12
-2.3544492e-12
-1.4909273e-12
-6.5575873e-13
-8.613993e-14
2.131032e-13
2.6671487e-13
2.2971628e-13
1.4780342e-13
7.189385e-14
2.4986394e-14
5.5234061e-15
6.7586147e-16
9.2876385e-17
8.6007934e-15
2.1260634e-14
2.4370274e-14
1.8814535e-14
1.1211932e-14
5.9678713e-15
3.2185901e-15
3.7118772e-15
2.5709233e-14
1.1775267e-13
4.2737729e-13
1.3667823e-12
2.6601701e-12
3.2296668e-12
2.7650757e-12
1.5593962e-12
1.5424799e-13
-8.2051432e-13
-1.2514199e-12
-1.25274e-12
-1.0957401e-12
-1.0590066e-12
-1.2898345e-12
-1.801006e-12
-2.5151625e-12
-3.2700575e-12
-3.8096552e-12
-3.8761605e-12
-3.3989157e-12
-2.606071e-12
-1.5988184e-12
-7.0795118e-13
-1.0975601e-13
7.0686599e-14
1.4850989e-13
1.14999e-13
5.6280082e-14
1.7625854e-14
2.9138507e-15
1.5308736e-16
8.4476221e-17
1.0806513e-14
2.77805e-14
3.3453127e-14
2.6735004e-14
1.5796053e-14
8.4057572e-15
4.4662469e-15
1.9629795e-15
7.9411308e-15
5.4954683e-14
1.882085e-13
7.1209881e-13
1.7862013e-12
2.8591224e-12
3.1750235e-12
2.8080986e-12
1.9528183e-12
1.0397887e-12
4.4802563e-13
2.6352462e-13
3.4231022e-13
4.2374892e-13
2.9328515e-13
-1.4434681e-13
-8.9726905e-13
-1.9089126e-12
-2.9864523e-12
-3.7601375e-12
-3.8768187e-12
-3.3597515e-12
-2.4873765e-12
-1.3964212e-12
-5.7153991e-13
-1.0589193e-13
3.851975e-14
6.4735439e-14
3.3889279e-14
8.6821008e-15
3.088109e-16
-2.0115359e-16
1.397568e-16
1.3183872e-14
3.5308093e-14
4.4972788e-14
3.7688538e-14
2.2042909e-14
1.0968556e-14
6.7887654e-15
4.2268369e-15
2.5172801e-15
2.444357e-14
7.8949113e-14
3.1803683e-13
1.0116695e-12
2.0369347e-12
2.8911131e-12
3.1674669e-12
2.9800674e-12
2.4936578e-12
2.0420081e-12
1.7829018e-12
1.7376992e-12
1.75774e-12
1.6639122e-12
1.3273968e-12
6.8228795e-13
-3.117472e-13
-1.6213828e-12
-2.9507248e-12
-3.7616684e-12
-3.6981538e-12
-3.1019998e-12
-2.0110081e-12
-1.0084262e-12
-3.1519376e-13
-7.9546798e-14
5.9303126e-15
8.8368023e-15
-2.4377843e-16
-1.8425176e-15
-2.9960989e-16
2.7082775e-16
1.5590594e-14
4.3564496e-14
5.9087601e-14
5.2822878e-14
3.1221527e-14
1.2704509e-14
6.5332462e-15
6.531658e-15
5.0721007e-15
1.3674068e-14
3.6173684e-14
1.2511942e-13
4.8982992e-13
1.2350168e-12
2.1410034e-12
2.8083956e-12
3.14911e-12
3.153558e-12
3.006865e-12
2.8535337e-12
2.7649999e-12
2.7277014e-12
2.6446654e-12
2.3926494e-12
1.8863181e-12
1.0520401e-12
-2.1486628e-13
-1.8166606e-12
-3.204536e-12
-3.7315333e-12
-3.3833724e-12
-2.4583887e-12
-1.3187389e-12
-4.946752e-13
-1.9089205e-13
-5.1055549e-14
-1.4541312e-14
-7.7342671e-15
-3.2232572e-15
-9.3754179e-17
4.8359704e-16
1.7848116e-14
5.2079401e-14
7.5619241e-14
7.3470411e-14
4.6529869e-14
1.5934347e-14
1.1547517e-15
1.4898374e-15
5.4804193e-15
1.2390665e-14
2.4212774e-14
5.019415e-14
2.0748528e-13
6.5118516e-13
1.3613312e-12
2.128123e-12
2.695627e-12
3.0239503e-12
3.1278611e-12
3.1871683e-12
3.201902e-12
3.2156128e-12
3.1862847e-12
3.0219184e-12
2.6430739e-12
1.995875e-12
9.182788e-13
-7.0530965e-13
-2.453838e-12
-3.5114609e-12
-3.4846016e-12
-2.7233332e-12
-1.517903e-12
-6.6773141e-13
-2.6916202e-13
-9.5595443e-14
-3.2916177e-14
-1.2884946e-14
-3.6904268e-15
4.2979491e-16
7.7883154e-16
1.9767769e-14
6.0209082e-14
9.379675e-14
1.0026411e-13
7.2278638e-14
2.8686706e-14
-3.4646617e-15
-1.1219291e-14
-4.6137289e-15
6.9527094e-15
1.9767408e-14
2.7905792e-14
8.2435561e-14
3.039299e-13
7.6800087e-13
1.4044136e-12
2.0899693e-12
2.5358577e-12
2.7265367e-12
2.93104e-12
3.1534934e-12
3.2877682e-12
3.3488743e-12
3.281996e-12
3.0145769e-12
2.5302208e-12
1.6767597e-12
1.756794e-13
-1.7339053e-12
-3.1660712e-12
-3.4840443e-12
-2.8327254e-12
-1.7016057e-12
-8.0547791e-13
-3.2623521e-13
-1.2699473e-13
-4.4967298e-14
-1.5404534e-14
-3.2562194e-15
1.2598868e-15
1.152637e-15
2.118901e-14
6.7236907e-14
1.121996e-13
1.3207863e-13
1.1042595e-13
5.9989116e-14
8.7491605e-15
-1.7967409e-14
-2.0229064e-14
-8.401534e-15
8.4300984e-15
1.8203426e-14
3.4909455e-14
1.2869334e-13
3.9007988e-13
8.1896408e-13
1.4040179e-12
2.0565928e-12
2.4779858e-12
2.6277802e-12
2.8820547e-12
3.1104293e-12
3.2543668e-12
3.2768386e-12
3.1016631e-12
2.7458253e-12
2.0904324e-12
7.5436391e-13
-1.1842997e-12
-2.8319906e-12
-3.3886829e-12
-2.8551327e-12
-1.7991291e-12
-8.8276029e-13
-3.6501282e-13
-1.4475328e-13
-5.0454151e-14
-1.544864e-14
-2.0266552e-15
2.3729893e-15
1.595834e-15
2.2017225e-14
7.2538054e-14
1.2907794e-13
1.6612982e-13
1.5860491e-13
1.1130096e-13
4.9519411e-14
-1.9079772e-15
-2.6055822e-14
-2.5882797e-14
-1.1147382e-14
4.2102096e-15
1.5842396e-14
5.4400213e-14
1.8546051e-13
4.4771537e-13
8.2952675e-13
1.3914925e-12
2.0575149e-12
2.4139079e-12
2.5850974e-12
2.8245578e-12
3.019269e-12
3.1028631e-12
2.998332e-12
2.7421538e-12
2.2345399e-12
1.0390324e-12
-8.6222284e-13
-2.5882171e-12
-3.2590246e-12
-2.8059613e-12
-1.8063608e-12
-9.0356489e-13
-3.7972519e-13
-1.4882502e-13
-4.9984775e-14
-1.3472297e-14
-1.441655e-16
3.7370626e-15
2.0910796e-15
2.2243662e-14
7.5727164e-14
1.4280623e-13
1.9897423e-13
2.1210878e-13
1.8063894e-13
1.2191662e-13
4.4754207e-14
-8.1468078e-15
-3.1129724e-14
-3.0647614e-14
-1.7769999e-14
-2.4301638e-15
2.2562065e-14
9.0893058e-14
2.4551448e-13
4.8603436e-13
8.4210034e-13
1.396179e-12
1.9880462e-12
2.3043877e-12
2.4965702e-12
2.7083519e-12
2.8244988e-12
2.7753657e-12
2.595306e-12
2.1773219e-12
1.0676382e-12
-7.6764684e-13
-2.4585738e-12
-3.1263857e-12
-2.6990958e-12
-1.7441799e-12
-8.7614959e-13
-3.7081844e-13
-1.4082606e-13
-4.4799165e-14
-1.003842e-14
2.2644098e-15
5.3080624e-15
2.6094306e-15
2.1927566e-14
7.6733428e-14
1.5224073e-13
2.2728818e-13
2.637454e-13
2.5984645e-13
2.1116315e-13
1.1595709e-13
3.9963909e-14
-1.0126439e-14
-3.6344029e-14
-4.2987446e-14
-3.6005388e-14
-1.6128269e-14
2.8871601e-14
1.2842787e-13
2.8590927e-13
5.1448651e-13
8.731311e-13
1.36782e-12
1.8368003e-12
2.1123943e-12
2.3259982e-12
2.4747991e-12
2.4721622e-12
2.3454978e-12
1.96036e-12
8.8303754e-13
-8.6441704e-13
-2.4248285e-12
-2.9933847e-12
-2.5442127e-12
-1.6275826e-12
-8.1044757e-13
-3.4191667e-13
-1.2377022e-13
-3.6578303e-14
-5.7028717e-15
5.0939913e-15
7.0149354e-15
3.1065313e-15
2.1295197e-14
7.5835392e-14
1.5692546e-13
2.4879965e-13
3.0843552e-13
3.0655806e-13
2.7702869e-13
1.9989941e-13
1.1842168e-13
4.8309196e-14
-8.4541926e-15
-4.9271336e-14
-7.2531322e-14
-7.5769697e-14
-5.293196e-14
1.307614e-14
1.2447536e-13
2.8745917e-13
5.3368304e-13
8.9976527e-13
1.3032477e-12
1.6417465e-12
1.8873964e-12
2.0628022e-12
2.0991492e-12
2.0036042e-12
1.6048376e-12
5.3149063e-13
-1.0921444e-12
-2.4427188e-12
-2.8462462e-12
-2.3471564e-12
-1.4697454e-12
-7.1790379e-13
-2.9712666e-13
-1.0125299e-13
-2.6822926e-14
-7.9121328e-16
8.2778508e-15
8.7472726e-15
3.5215142e-15
2.0446957e-14
7.349526e-14
1.573638e-13
2.6295645e-13
3.4735537e-13
3.6558921e-13
3.2739708e-13
2.8687634e-13
2.2215176e-13
1.4724227e-13
7.2430976e-14
1.9482023e-15
-5.9917994e-14
-1.0606913e-13
-1.26896e-13
-1.0648806e-13
-3.8297746e-14
7.8899914e-14
2.5322324e-13
5.2081094e-13
8.3796195e-13
1.2246366e-12
1.4134924e-12
1.5910737e-12
1.6603695e-12
1.5723243e-12
1.133183e-12
7.3220928e-14
-1.3741367e-12
-2.4589499e-12
-2.6679011e-12
-2.1137584e-12
-1.2836058e-12
-6.1004947e-13
-2.4181979e-13
-7.707789e-14
-1.6906859e-14
4.4128441e-15
1.1687424e-14
1.0330357e-14
3.7779357e-15
1.9531747e-14
7.0402755e-14
1.5390914e-13
2.6860709e-13
3.7546244e-13
4.2853302e-13
4.1407017e-13
3.8855293e-13
3.384245e-13
2.7726758e-13
2.1210482e-13
1.4130851e-13
6.2317361e-14
-2.0982719e-14
-9.6520031e-14
-1.4318344e-13
-1.4659031e-13
-1.0647862e-13
-5.2829089e-15
1.7816463e-13
4.2373861e-13
7.7493592e-13
9.6379827e-13
1.1005696e-12
1.175602e-12
1.0711565e-12
5.9194476e-13
-4.116133e-13
-1.6307054e-12
-2.4286245e-12
-2.4484632e-12
-1.8526949e-12
-1.0819982e-12
-4.9530655e-13
-1.8484106e-13
-5.4075701e-14
-7.3947947e-15
1.002235e-14
1.5207576e-14
1.1540599e-14
3.7925141e-15
1.8760549e-14
6.7008472e-14
1.4804674e-13
2.6688346e-13
3.9051432e-13
4.7128278e-13
4.915818e-13
4.7984423e-13
4.5090862e-13
4.2258875e-13
3.996694e-13
3.7020077e-13
3.1696265e-13
2.3140022e-13
1.2025557e-13
3.5822392e-15
-9.7961025e-14
-1.5873441e-13
-1.4766899e-13
-5.7429728e-14
1.0667897e-13
3.5959668e-13
5.4948276e-13
6.4203246e-13
6.9038014e-13
5.5147463e-13
5.8208016e-14
-8.3516341e-13
-1.7999524e-12
-2.3284125e-12
-2.1900192e-12
-1.5758559e-12
-8.7741161e-13
-3.8183601e-13
-1.3250033e-13
-3.3681314e-14
1.8191285e-15
1.6029347e-14
1.8463394e-14
1.2070664e-14
3.4825126e-15
1.8236173e-14
6.4125944e-14
1.4179526e-13
2.6128554e-13
3.9549858e-13
4.9634443e-13
5.4156321e-13
5.5039029e-13
5.5201054e-13
5.7302926e-13
6.1902899e-13
6.6500526e-13
6.7633144e-13
6.296686e-13
5.2112435e-13
3.6293777e-13
1.8952846e-13
4.7593171e-14
-5.4794475e-14
-8.9838165e-14
-4.3512415e-14
9.1238126e-14
2.0930703e-13
2.6357139e-13
2.6220172e-13
8.9898243e-14
-3.8104007e-13
-1.1308771e-12
-1.8554298e-12
-2.1590589e-12
-1.9037295e-12
-1.2959149e-12
-6.8086754e-13
-2.7745122e-13
-8.7817144e-14
-1.6471766e-14
1.0788784e-14
2.2111665e-14
2.0969865e-14
1.1634834e-14
2.7895685e-15
1.7966516e-14
6.182758e-14
1.3578393e-13
2.5415228e-13
3.9440762e-13
5.0851081e-13
5.717338e-13
6.0279771e-13
6.4333024e-13
7.279799e-13
8.5718968e-13
9.9066706e-13
1.0802866e-12
1.0950336e-12
1.0229169e-12
8.7782138e-13
7.0247491e-13
4.8759474e-13
2.6666268e-13
9.2150069e-14
1.3995862e-15
3.3481908e-15
2.2458364e-14
1.1170513e-14
-4.4548721e-14
-2.3887063e-13
-6.6543907e-13
-1.2779764e-12
-1.8067348e-12
-1.9376733e-12
-1.6038755e-12
-1.0246469e-12
-5.0162295e-13
-1.884615e-13
-5.2677447e-14
-2.3584083e-15
1.9925126e-14
2.8102713e-14
2.223137e-14
9.9597741e-15
1.6801602e-15
1.7957978e-14
6.0131654e-14
1.2993811e-13
2.4566516e-13
3.8906536e-13
5.1192332e-13
5.8917651e-13
6.4429299e-13
7.3145868e-13
8.8847472e-13
1.0981965e-12
1.3049925e-12
1.4576044e-12
1.5306427e-12
1.5129822e-12
1.4183878e-12
1.2493072e-12
9.9466924e-13
6.981745e-13
4.2799728e-13
2.2160735e-13
9.8238661e-14
1.1699502e-14
-7.5556356e-14
-1.8482092e-13
-3.9705787e-13
-7.8865498e-13
-1.3027036e-12
-1.6851611e-12
-1.685829e-12
-1.3040648e-12
-7.7294805e-13
-3.4774011e-13
-1.1878857e-13
-2.6643449e-14
1.0775819e-14
3.0263195e-14
3.3438917e-14
2.1407031e-14
6.7835797e-15
1.6797536e-16
1.8215995e-14
5.9141539e-14
1.2458192e-13
2.3628787e-13
3.8081277e-13
5.0996103e-13
5.9997408e-13
6.8239624e-13
8.2132284e-13
1.0473341e-12
1.3160044e-12
1.5609264e-12
1.743584e-12
1.8564228e-12
1.8945623e-12
1.8303566e-12
1.6683803e-12
1.4437129e-12
1.1593404e-12
8.5100524e-13
5.6716651e-13
3.4385595e-13
1.6380067e-13
4.603434e-15
-1.5894119e-13
-4.0542845e-13
-8.0072659e-13
-1.2583508e-12
-1.5252584e-12
-1.4210548e-12
-1.0158734e-12
-5.5062628e-13
-2.2499118e-13
-6.863053e-14
-6.1887963e-15
2.5579877e-14
4.1246045e-14
3.6054182e-14
1.7422582e-14
2.0522276e-15
-1.6603818e-15
1.8720547e-14
5.8881397e-14
1.2002042e-13
2.2680633e-13
3.7102384e-13
5.0517932e-13
6.0806166e-13
7.2093127e-13
9.1018039e-13
1.1868373e-12
1.4781117e-12
1.7180812e-12
1.8971044e-12
2.0297271e-12
2.1150945e-12
2.1281497e-12
2.0305e-12
1.8466193e-12
1.5994531e-12
1.2886153e-12
9.6766352e-13
6.7995884e-13
4.2966213e-13
2.0489813e-13
-2.8478567e-14
-3.4795433e-13
-7.8512247e-13
-1.1946796e-12
-1.3470861e-12
-1.151907e-12
-7.4821025e-13
-3.6538131e-13
-1.3447824e-13
-3.2750049e-14
1.4213223e-14
4.2542802e-14
4.9571755e-14
3.3434714e-14
9.863712e-15
-3.9173931e-15
-3.6079299e-15
1.9434109e-14
5.9288759e-14
1.1627919e-13
2.1750766e-13
3.6041815e-13
4.9893489e-13
6.1448814e-13
7.5843887e-13
9.8738224e-13
1.2857922e-12
1.5587027e-12
1.7572343e-12
1.9105313e-12
2.0485097e-12
2.1697482e-12
2.249714e-12
2.2466903e-12
2.1405444e-12
1.9413814e-12
1.6604498e-12
1.3392824e-12
1.0201891e-12
7.1640385e-13
4.1725099e-13
8.3768302e-14
-3.3777582e-13
-8.0222679e-13
-1.1251957e-12
-1.1476756e-12
-8.8134865e-13
-5.114306e-13
-2.2353296e-13
-7.2670848e-14
-4.1793847e-15
3.6159935e-14
5.7083862e-14
5.0502365e-14
2.4279908e-14
-8.0414002e-16
-1.0628153e-14
-5.6185357e-15
2.0311796e-14
6.0274279e-14
1.132652e-13
2.0826196e-13
3.4893075e-13
4.9138522e-13
6.1769643e-13
7.8938581e-13
1.0388841e-12
1.3306447e-12
1.5492478e-12
1.6860526e-12
1.8052505e-12
1.9392272e-12
2.0827089e-12
2.2115761e-12
2.2824561e-12
2.2558905e-12
2.1213003e-12
1.887445e-12
1.5856013e-12
1.2497686e-12
8.9029261e-13
4.9987965e-13
5.6709885e-14
-4.3115956e-13
-8.3726009e-13
-1.0222919e-12
-9.1707785e-13
-6.226017e-13
-3.2227039e-13
-1.2797721e-13
-3.177405e-14
2.1834627e-14
5.5967826e-14
6.3100809e-14
4.1727807e-14
9.1237196e-15
-1.3694037e-14
-1.7597892e-14
-7.5442244e-15
2.1305146e-14
6.1745986e-14
1.109077e-13
1.9885739e-13
3.3582056e-13
4.8123587e-13
6.1680965e-13
8.0472686e-13
1.0610659e-12
1.3157753e-12
1.4601682e-12
1.5317038e-12
1.6170988e-12
1.7393923e-12
1.8893902e-12
2.0444475e-12
2.1593521e-12
2.186722e-12
2.1018328e-12
1.9049751e-12
1.6156537e-12
1.2570358e-12
8.4057563e-13
3.7370883e-13
-1.2243058e-13
-5.5928705e-13
-8.258922e-13
-8.5918146e-13
-6.7185352e-13
-4.0656635e-13
-1.9348442e-13
-6.8973676e-14
1.4804145e-15
4.8393647e-14
6.9607677e-14
5.7900652e-14
2.3714103e-14
-1.0937682e-14
-2.7996729e-14
-2.4422855e-14
-9.2501728e-15
2.2349023e-14
6.3626432e-14
1.0920184e-13
1.8925806e-13
3.2039967e-13
4.6629736e-13
6.1147795e-13
8.0298483e-13
1.049724e-12
1.2491526e-12
1.3152593e-12
1.3277885e-12
1.3821777e-12
1.4849347e-12
1.6246252e-12
1.7796708e-12
1.9033063e-12
1.9471035e-12
1.879249e-12
1.6918047e-12
1.3975547e-12
1.0162174e-12
5.7358548e-13
1.0096813e-13
-3.2844057e-13
-6.0799269e-13
-7.3619194e-13
-6.5782077e-13
-4.5801681e-13
-2.5624064e-13
-1.1261814e-13
-2.1693102e-14
3.9780337e-14
7.4017371e-14
7.2324813e-14
3.9744481e-14
-3.4441737e-15
-3.5233829e-14
-4.2971045e-14
-3.0739509e-14
-1.0690678e-14
2.3424936e-14
6.5822429e-14
1.0819598e-13
1.7963313e-13
3.0271115e-13
4.477889e-13
5.9780835e-13
7.8468642e-13
1.0077179e-12
1.1479381e-12
1.1415446e-12
1.1041512e-12
1.1295748e-12
1.2053511e-12
1.3191685e-12
1.4493642e-12
1.5494803e-12
1.5763164e-12
1.4977807e-12
1.3022267e-12
1.0031514e-12
6.2869075e-13
2.1721103e-13
-1.6735758e-13
-4.237567e-13
-5.7220273e-13
-5.9869151e-13
-4.7372907e-13
-3.0336885e-13
-1.5428885e-13
-4.3649471e-14
3.4466646e-14
8.0222786e-14
8.6107902e-14
5.4687623e-14
4.6293682e-15
-4.0512904e-14
-6.2872271e-14
-5.7722115e-14
-3.6238917e-14
-1.1834697e-14
2.4460908e-14
6.8238923e-14
1.0796517e-13
1.7032796e-13
2.830998e-13
4.2603139e-13
5.7432936e-13
7.5098593e-13
9.4506349e-13
1.0307902e-12
9.6258803e-13
8.831232e-13
8.8064231e-13
9.2445498e-13
1.001745e-12
1.0902899e-12
1.1468418e-12
1.1390288e-12
1.0413156e-12
8.4550134e-13
5.6694899e-13
2.4449709e-13
-7.8479198e-14
-3.0738416e-13
-4.4474613e-13
-5.1098569e-13
-4.6014688e-13
-3.2741515e-13
-1.8206624e-13
-5.7159257e-14
3.5936325e-14
8.9361019e-14
9.6896122e-14
6.2789094e-14
5.5481513e-15
-5.065629e-14
-8.6549103e-14
-9.1963784e-14
-7.1279621e-14
-4.0738206e-14
-1.2690809e-14
2.540525e-14
7.0769618e-14
1.0857921e-13
1.6182121e-13
2.6238017e-13
3.9983528e-13
5.4289026e-13
7.055768e-13
8.7164453e-13
9.1390633e-13
7.9627906e-13
6.7998562e-13
6.5058769e-13
6.6162167e-13
6.994137e-13
7.4220505e-13
7.5158301e-13
7.0870472e-13
5.9835967e-13
4.2050675e-13
1.9363513e-13
-4.5112064e-14
-2.4819186e-13
-3.7526976e-13
-4.3249695e-13
-4.1741594e-13
-3.2205943e-13
-1.8502876e-13
-5.3143086e-14
4.7229208e-14
1.0000735e-13
9.9305073e-14
5.4060509e-14
-1.3802405e-14
-7.9217186e-14
-1.2371614e-13
-1.3762521e-13
-1.2004434e-13
-8.2928229e-14
-4.4222203e-14
-1.3298942e-14
2.6219384e-14
7.3295979e-14
1.1006992e-13
1.5463619e-13
2.4142314e-13
3.6971638e-13
5.0541587e-13
6.5252907e-13
7.9531716e-13
8.0902909e-13
6.5516825e-13
5.0502521e-13
4.501011e-13
4.3184709e-13
4.3442336e-13
4.3949607e-13
4.1264543e-13
3.4677871e-13
2.3686483e-13
9.1090291e-14
-6.291998e-14
-2.1380097e-13
-3.2689443e-13
-3.7313167e-13
-3.5707455e-13
-2.8053283e-13
-1.5657902e-13
-2.7841656e-14
6.6880979e-14
1.0563571e-13
8.38894e-14
1.6385596e-14
-6.9027346e-14
-1.4429238e-13
-1.919124e-13
-2.0631634e-13
-1.884169e-13
-1.4512385e-13
-9.2412702e-14
-4.6808355e-14
-1.3712699e-14
2.6869824e-14
7.5690142e-14
1.1240168e-13
1.493103e-13
2.2111034e-13
3.3716635e-13
4.6389583e-13
5.9524369e-13
7.2069539e-13
7.2259257e-13
5.4741538e-13
3.6543861e-13
2.8625844e-13
2.4541951e-13
2.2100761e-13
2.0261606e-13
1.5901689e-13
8.9568458e-14
-5.8236589e-15
-1.0649455e-13
-1.9017796e-13
-2.6634344e-13
-3.0813785e-13
-2.859601e-13
-2.0706955e-13
-1.0103121e-13
9.8440685e-15
8.2774261e-14
9.154447e-14
3.5277585e-14
-6.4837004e-14
-1.747581e-13
-2.6257989e-13
-3.1041984e-13
-3.1660986e-13
-2.8850828e-13
-2.3465342e-13
-1.6630239e-13
-9.9874414e-14
-4.8672095e-14
-1.3984279e-14
2.7335317e-14
7.7823268e-14
1.1544617e-13
1.4629872e-13
2.0273744e-13
3.0380369e-13
4.2024403e-13
5.362127e-13
6.4899783e-13
6.5525921e-13
4.7696087e-13
2.6647582e-13
1.6273234e-13
1.0760879e-13
6.5647775e-14
3.6382919e-14
-5.7738898e-15
-5.8533737e-14
-1.1616722e-13
-1.614788e-13
-2.0991421e-13
-2.3897723e-13
-2.0746353e-13
-1.2325672e-13
-3.3884612e-14
4.1941322e-14
7.4083521e-14
3.8265917e-14
-6.2840298e-14
-2.0213735e-13
-3.4031212e-13
-4.427537e-13
-4.9082564e-13
-4.8458764e-13
-4.3683441e-13
-3.6278341e-13
-2.7426324e-13
-1.8361465e-13
-1.0563174e-13
-4.9980731e-14
-1.4156505e-14
2.7609626e-14
7.9578511e-14
1.1897543e-13
1.4584644e-13
1.8764635e-13
2.7142703e-13
3.7627019e-13
4.773784e-13
5.7905561e-13
6.0192847e-13
4.4238215e-13
2.117903e-13
8.0287422e-14
1.7541384e-14
-3.1214677e-14
-6.3188907e-14
-9.418601e-14
-1.228248e-13
-1.4327423e-13
-1.6873436e-13
-1.8040506e-13
-1.4066501e-13
-6.2003686e-14
5.5860977e-15
4.2732428e-14
2.5373925e-14
-6.2406729e-14
-2.1321328e-13
-3.9195494e-13
-5.5723077e-13
-6.7426431e-13
-7.2500478e-13
-7.0938976e-13
-6.4133772e-13
-5.4085177e-13
-4.2533165e-13
-3.0689958e-13
-1.9749104e-13
-1.0998692e-13
-5.0862779e-14
-1.4262017e-14
2.7703017e-14
8.0867339e-14
1.2268069e-13
1.479049e-13
1.7697111e-13
2.4195182e-13
3.3368539e-13
4.2067614e-13
5.0935549e-13
5.5312026e-13
4.3479168e-13
2.0219304e-13
3.9048947e-14
-3.1994852e-14
-7.6959921e-14
-1.0495263e-13
-1.2238364e-13
-1.3146615e-13
-1.3269728e-13
-1.2552707e-13
-9.1032318e-14
-3.6648596e-14
4.1653604e-15
-2.9858177e-16
-6.7055326e-14
-2.0278721e-13
-3.9216055e-13
-6.0073016e-13
-7.8552913e-13
-9.1247684e-13
-9.6857003e-13
-9.5426356e-13
-8.798058e-13
-7.6242347e-13
-6.2189523e-13
-4.7469166e-13
-3.3279513e-13
-2.0829604e-13
-1.1313733e-13
-5.1406858e-14
-1.4325987e-14
2.7642047e-14
8.1646043e-14
1.2621519e-13
1.5210986e-13
1.7142967e-13
2.1728193e-13
2.9409992e-13
3.6822122e-13
4.403302e-13
4.9878293e-13
4.369849e-13
2.3133722e-13
4.0666066e-14
-4.9196854e-14
-8.7572029e-14
-1.0504727e-13
-1.0921438e-13
-1.0242804e-13
-8.6365408e-14
-6.0082611e-14
-3.2440721e-14
-2.0701106e-14
-5.7239998e-14
-1.6257306e-13
-3.3646733e-13
-5.5656635e-13
-7.7957929e-13
-9.6116902e-13
-1.0834304e-12
-1.1380057e-12
-1.1330619e-12
-1.0760795e-12
-9.7340615e-13
-8.349171e-13
-6.7524746e-13
-5.0968286e-13
-3.5186509e-13
-2.1612499e-13
-1.1517233e-13
-5.1674028e-14
-1.4369461e-14
2.7466581e-14
8.1926804e-14
1.2925183e-13
1.5782366e-13
1.7117102e-13
1.9911508e-13
2.5902781e-13
3.2184737e-13
3.7539576e-13
4.3386981e-13
4.2750064e-13
2.8019165e-13
8.4076741e-14
-3.5389642e-14
-7.8917194e-14
-8.6403249e-14
-7.8639873e-14
-6.5031285e-14
-5.0512195e-14
-3.4512005e-14
-4.6979548e-14
-1.0397151e-13
-2.2780236e-13
-4.1748698e-13
-6.4572034e-13
-8.66831e-13
-1.0358515e-12
-1.127912e-12
-1.1528136e-12
-1.1406887e-12
-1.1074948e-12
-1.0533601e-12
-9.6856367e-13
-8.4732106e-13
-6.9558054e-13
-5.2822256e-13
-3.6344858e-13
-2.20842e-13
-1.1611993e-13
-5.1714919e-14
-1.4412592e-14
2.7224918e-14
8.1780693e-14
1.3154489e-13
1.6423607e-13
1.7571049e-13
1.8869884e-13
2.3000455e-13
2.8241848e-13
3.1953702e-13
3.6227374e-13
3.9068112e-13
3.1814797e-13
1.5430879e-13
1.2315117e-14
-5.44739e-14
-6.6410218e-14
-5.5374523e-14
-4.4734341e-14
-4.1273337e-14
-6.0310242e-14
-1.2807678e-13
-2.5560759e-13
-4.4443978e-13
-6.656712e-13
-8.6737464e-13
-9.9796549e-13
-1.0369246e-12
-1.0088247e-12
-9.3911277e-13
-8.8902982e-13
-8.7043389e-13
-8.6807634e-13
-8.5006634e-13
-7.8875134e-13
-6.7666631e-13
-5.2749186e-13
-3.6656681e-13
-2.2223112e-13
-1.1600079e-13
-5.1582675e-14
-1.4476222e-14
2.6966962e-14
8.1329239e-14
1.329805e-13
1.7050843e-13
1.8397393e-13
1.8655346e-13
2.0872633e-13
2.497986e-13
2.7612571e-13
2.9520893e-13
3.2687126e-13
3.1671372e-13
2.17555e-13
8.4508383e-14
-8.3484838e-15
-4.455282e-14
-4.7637895e-14
-4.9536947e-14
-6.9123618e-14
-1.2924711e-13
-2.4909033e-13
-4.2631359e-13
-6.3568572e-13
-8.2243829e-13
-9.2352029e-13
-9.0355808e-13
-7.8079621e-13
-6.185232e-13
-4.7824867e-13
-4.185722e-13
-4.4439575e-13
-5.2707737e-13
-6.1426577e-13
-6.5244639e-13
-6.133537e-13
-5.0494251e-13
-3.6036263e-13
-2.2014343e-13
-1.1486361e-13
-5.1338249e-14
-1.458194e-14
2.673694e-14
8.0724472e-14
1.3360144e-13
1.7593579e-13
1.944671e-13
1.9223413e-13
1.9692257e-13
2.2386579e-13
2.4465394e-13
2.4400502e-13
2.5333349e-13
2.6835251e-13
2.3604754e-13
1.484976e-13
5.3512634e-14
-1.0731351e-14
-4.4314123e-14
-7.4096849e-14
-1.2652251e-13
-2.2432347e-13
-3.8001873e-13
-5.7395452e-13
-7.5524862e-13
-8.5150479e-13
-8.0571719e-13
-6.1467122e-13
-3.3741514e-13
-6.3418754e-14
1.2139395e-13
1.7759618e-13
1.0400689e-13
-6.8248212e-14
-2.7626144e-13
-4.4102099e-13
-5.0448426e-13
-4.595749e-13
-3.4453896e-13
-2.1461168e-13
-1.1280844e-13
-5.1052289e-14
-1.4751335e-14
2.6567002e-14
8.0121506e-14
1.3359592e-13
1.8008861e-13
2.0555933e-13
2.0425379e-13
1.957792e-13
2.0573631e-13
2.2178532e-13
2.1264787e-13
1.9299183e-13
1.932229e-13
1.9496003e-13
1.6345728e-13
9.9843951e-14
2.9154357e-14
-3.4077701e-14
-9.9708924e-14
-1.9058572e-13
-3.2227121e-13
-4.9612382e-13
-6.7589357e-13
-7.919642e-13
-7.681753e-13
-5.6749751e-13
-2.2433091e-13
1.6867369e-13
5.0992711e-13
7.1834671e-13
7.7446525e-13
6.7598489e-13
4.4152594e-13
1.2730076e-13
-1.6994643e-13
-3.5507684e-13
-3.928804e-13
-3.1968601e-13
-2.0594021e-13
-1.1000082e-13
-5.0804281e-14
-1.5004716e-14
2.6473368e-14
7.9649007e-14
1.3324858e-13
1.8289233e-13
2.1583298e-13
2.2030245e-13
2.0517153e-13
1.9781473e-13
2.0502105e-13
1.9644037e-13
1.5936044e-13
1.2540891e-13
1.1581856e-13
1.1291309e-13
9.146048e-14
4.400661e-14
-2.5506019e-14
-1.1735883e-13
-2.4022172e-13
-3.9926503e-13
-5.7918175e-13
-7.2766994e-13
-7.65508e-13
-6.2400059e-13
-2.9404543e-13
1.5431148e-13
6.0763427e-13
9.6929263e-13
1.1845563e-12
1.2525003e-12
1.1671276e-12
9.2160534e-13
5.4437685e-13
1.3371882e-13
-1.7659272e-13
-3.0915317e-13
-2.8736296e-13
-1.9469146e-13
-1.0665667e-13
-5.0674898e-14
-1.5358567e-14
2.6455974e-14
7.9387643e-14
1.3286581e-13
1.8460515e-13
2.2439257e-13
2.3777002e-13
2.2325472e-13
2.0232637e-13
1.9544073e-13
1.8780261e-13
1.5000119e-13
8.9545164e-14
4.154299e-14
2.2248794e-14
1.685774e-14
-6.1793718e-16
-4.9918442e-14
-1.4227983e-13
-2.7587668e-13
-4.4721902e-13
-6.2327794e-13
-7.3752359e-13
-7.0661814e-13
-4.7538828e-13
-6.3614946e-14
4.3150375e-13
8.9000864e-13
1.233604e-12
1.4418768e-12
1.53258e-12
1.4977641e-12
1.2996798e-12
9.2031102e-13
4.3680845e-13
1.4651267e-14
-2.1516724e-13
-2.5002901e-13
-1.8166659e-13
-1.0303779e-13
-5.0742883e-14
-1.5824119e-14
2.6501182e-14
7.9358298e-14
1.3269222e-13
1.8569492e-13
2.3102073e-13
2.5442364e-13
2.4680806e-13
2.1950259e-13
1.9686932e-13
1.8348978e-13
1.5304765e-13
8.7436961e-14
5.7887981e-15
-5.8167396e-14
-9.049682e-14
-1.0599163e-13
-1.342705e-13
-2.0446769e-13
-3.2548699e-13
-4.8555821e-13
-6.4408705e-13
-7.2694231e-13
-6.4947714e-13
-3.6979869e-13
7.0326904e-14
5.5881141e-13
9.8068461e-13
1.2818532e-12
1.4740337e-12
1.5929383e-12
1.6336792e-12
1.5318945e-12
1.2125397e-12
7.0800341e-13
2.0082561e-13
-1.1906868e-13
-2.1075869e-13
-1.6784218e-13
-9.9433693e-14
-5.1078342e-14
-1.6405172e-14
2.6587137e-14
7.9528974e-14
1.3286067e-13
1.8666707e-13
2.3609931e-13
2.6895707e-13
2.7224839e-13
2.4692461e-13
2.1253724e-13
1.8665904e-13
1.5942236e-13
1.0404287e-13
1.3261958e-14
-8.9575314e-14
-1.7362036e-13
-2.2748613e-13
-2.6640186e-13
-3.1959653e-13
-4.1983644e-13
-5.4985754e-13
-6.7802957e-13
-7.3162781e-13
-6.3084942e-13
-3.4277351e-13
8.0784721e-14
5.2534004e-13
8.8824727e-13
1.1392664e-12
1.3142974e-12
1.4629143e-12
1.5880704e-12
1.6107844e-12
1.3999711e-12
9.2477787e-13
3.659743e-13
-2.9173545e-14
-1.7282793e-13
-1.542427e-13
-9.6132553e-14
-5.1735212e-14
-1.7096107e-14
2.668738e-14
7.9832259e-14
1.3337402e-13
1.8788652e-13
2.4032128e-13
2.8114779e-13
2.9677024e-13
2.8044848e-13
2.4244359e-13
2.0308712e-13
1.6952805e-13
1.2436097e-13
4.5326863e-14
-6.8343159e-14
-1.9358314e-13
-3.0371206e-13
-3.9012341e-13
-4.6229725e-13
-5.5109303e-13
-6.5995555e-13
-7.6038021e-13
-7.9097361e-13
-6.8486096e-13
-4.1568051e-13
-3.6509423e-14
3.4587548e-13
6.4637701e-13
8.5539714e-13
1.0223385e-12
1.2023381e-12
1.4079374e-12
1.560779e-12
1.4848321e-12
1.0768769e-12
4.9851944e-13
4.7247392e-14
-1.3929361e-13
-1.4182621e-13
-9.3399983e-14
-5.2746466e-14
-1.78801e-14
2.678527e-14
8.018377e-14
1.3412367e-13
1.8947455e-13
2.4432176e-13
2.9154538e-13
3.1898529e-13
3.1591839e-13
2.8330151e-13
2.3621045e-13
1.9061069e-13
1.4534408e-13
8.1438743e-14
-1.8595744e-14
-1.5306594e-13
-3.0190586e-13
-4.43861e-13
-5.7066752e-13
-6.6993713e-13
-7.9261682e-13
-8.8871184e-13
-9.1604166e-13
-8.2114942e-13
-5.8754604e-13
-2.6554276e-13
5.1983192e-14
3.012634e-13
4.8805049e-13
6.636761e-13
8.7876701e-13
1.1539167e-12
1.4249922e-12
1.4872783e-12
1.1660188e-12
5.9252818e-13
1.0499202e-13
-1.1253247e-13
-1.3136659e-13
-9.145397e-14
-5.4116624e-14
-1.8723025e-14
2.686889e-14
8.0508309e-14
1.3494283e-13
1.9130865e-13
2.4839389e-13
3.0087037e-13
3.3874301e-13
3.5043877e-13
3.3034529e-13
2.850445e-13
2.2985057e-13
1.7529318e-13
1.159687e-13
3.4398884e-14
-8.3501201e-14
-2.3630901e-13
-4.0799575e-13
-5.8608249e-13
-7.3642866e-13
-8.835517e-13
-1.0074508e-12
-1.0611952e-12
-1.0004003e-12
-8.1878949e-13
-5.640487e-13
-3.0714567e-13
-9.0295587e-14
9.7887324e-14
2.9967767e-13
5.530894e-13
8.8374474e-13
1.2508424e-12
1.4362751e-12
1.2020422e-12
6.470395e-13
1.4123132e-13
-9.3978884e-14
-1.2336654e-13
-9.0448365e-14
-5.5817798e-14
-1.9592765e-14
2.6924852e-14
8.0755309e-14
1.3566398e-13
1.9310493e-13
2.5239526e-13
3.0944684e-13
3.563248e-13
3.8246677e-13
3.790729e-13
3.4508299e-13
2.894011e-13
2.2517892e-13
1.5904823e-13
8.4700963e-14
-1.2732105e-14
-1.4562501e-13
-3.120072e-13
-5.0209596e-13
-7.377273e-13
-8.8235493e-13
-1.0453692e-12
-1.145647e-12
-1.1469652e-12
-1.0443644e-12
-8.6754131e-13
-6.6239425e-13
-4.5935013e-13
-2.5315636e-13
-1.6873291e-14
2.719795e-13
6.4200243e-13
1.0791882e-12
1.361006e-12
1.198126e-12
6.6447261e-13
1.5540541e-13
-8.4002156e-14
-1.1802209e-13
-9.0459012e-14
-5.7782619e-14
-2.0446234e-14
2.6957536e-14
8.090504e-14
1.3616474e-13
1.9454038e-13
2.5585532e-13
3.1694667e-13
3.715681e-13
4.1090811e-13
4.256458e-13
4.0992213e-13
3.6512813e-13
2.9997868e-13
2.251745e-13
1.4559103e-13
5.6106701e-14
-5.6272134e-14
-1.9881648e-13
-3.6747388e-13
-6.390049e-13
-8.1739383e-13
-9.73329e-13
-1.1208709e-12
-1.2039229e-12
-1.192588e-12
-1.0916865e-12
-9.2842306e-13
-7.3257209e-13
-5.097507e-13
-2.470605e-13
6.447617e-14
4.5616278e-13
9.3859464e-13
1.2845452e-12
1.1662721e-12
6.4877446e-13
1.4887868e-13
-8.1950692e-14
-1.1525228e-13
-9.1481164e-14
-5.9899461e-14
-2.120543e-14
2.6974711e-14
8.0966467e-14
1.3639039e-13
1.9535993e-13
2.5819661e-13
3.2252525e-13
3.8347395e-13
4.3410937e-13
4.6618998e-13
4.7205166e-13
4.4754541e-13
3.9444676e-13
3.2013449e-13
2.3360965e-13
1.3973998e-13
3.4173439e-14
-8.8810377e-14
-2.2919675e-13
-4.5052779e-13
-6.9408717e-13
-8.3933807e-13
-1.006072e-12
-1.148038e-12
-1.2068608e-12
-1.1593987e-12
-1.0351172e-12
-8.5927617e-13
-6.4071439e-13
-3.7392714e-13
-5.9675823e-14
3.3715439e-13
8.4431866e-13
1.220678e-12
1.1143316e-12
6.040859e-13
1.2457773e-13
-8.633735e-14
-1.1478007e-13
-9.3429052e-14
-6.2011359e-14
-2.1804839e-14
2.6987133e-14
8.096959e-14
1.3635353e-13
1.9543957e-13
2.5895651e-13
3.2520508e-13
3.9046984e-13
4.4960649e-13
4.9623834e-13
5.2315908e-13
5.2368052e-13
4.9386461e-13
4.3456683e-13
3.5166632e-13
2.5339844e-13
1.4410891e-13
2.6255712e-14
-9.7615318e-14
-2.7230987e-13
-4.9066457e-13
-6.7290263e-13
-8.2532367e-13
-9.6379711e-13
-1.0393498e-12
-1.0402515e-12
-9.7199702e-13
-8.4087557e-13
-6.5327355e-13
-4.0636636e-13
-1.0800567e-13
2.8342532e-13
8.0051621e-13
1.173411e-12
1.0449794e-12
5.3433674e-13
8.6710793e-14
-9.5154088e-14
-1.1624448e-13
-9.6132668e-14
-6.3915818e-14
-2.2171234e-14
2.7006308e-14
8.0955154e-14
1.3611632e-13
1.9479231e-13
2.5792279e-13
3.242847e-13
3.9109407e-13
4.5483505e-13
5.1131118e-13
5.5518549e-13
5.799141e-13
5.7874467e-13
5.467956e-13
4.8343205e-13
3.9329184e-13
2.8324306e-13
1.6255423e-13
4.0186447e-14
-1.0815835e-13
-2.9420725e-13
-4.5672955e-13
-5.8938369e-13
-6.7621219e-13
-7.4510499e-13
-8.1147147e-13
-8.0736757e-13
-7.3089111e-13
-5.8625546e-13
-3.7122732e-13
-9.7798646e-14
2.8717132e-13
8.0329464e-13
1.1378112e-12
9.5642424e-13
4.4373517e-13
4.0482157e-14
-1.062982e-13
-1.1929986e-13
-9.9324978e-14
-6.537081e-14
-2.2233895e-14
2.7042443e-14
8.0965001e-14
1.3576677e-13
1.9353727e-13
2.5515561e-13
3.1957659e-13
3.8465742e-13
4.4829633e-13
5.085319e-13
5.6261588e-13
6.0595991e-13
6.3185244e-13
6.3246793e-13
6.0127572e-13
5.3601942e-13
4.395898e-13
3.2182624e-13
1.9616664e-13
5.5762373e-14
-1.0460079e-13
-2.6596594e-13
-3.8481695e-13
-4.6601432e-13
-5.3273126e-13
-6.0343281e-13
-6.3328485e-13
-5.9447839e-13
-4.8290028e-13
-2.9717758e-13
-4.601851e-14
3.4010076e-13
8.4262861e-13
1.1014351e-12
8.4465502e-13
3.3787858e-13
-8.3540218e-15
-1.1803497e-13
-1.2365504e-13
-1.0262341e-13
-6.6109161e-14
-2.1932984e-14
2.7103041e-14
8.1034435e-14
1.3539534e-13
1.9184968e-13
2.5092746e-13
3.1143062e-13
3.7155845e-13
4.3042102e-13
4.8822453e-13
5.4499685e-13
5.9890402e-13
6.4511854e-13
6.7572842e-13
6.8107241e-13
6.5265914e-13
5.8629643e-13
4.8639675e-13
3.6533127e-13
2.2762537e-13
7.8478162e-14
-8.6345341e-14
-2.4887079e-13
-3.7258692e-13
-4.4874267e-13
-4.8103923e-13
-4.94008e-13
-4.6570512e-13
-3.6772303e-13
-2.0310874e-13
3.7634992e-14
4.3530656e-13
9.0197066e-13
1.0468686e-12
7.071152e-13
2.2471286e-13
-5.434785e-14
-1.2937664e-13
-1.2901544e-13
-1.0551454e-13
-6.5863128e-14
-2.1228276e-14
2.7191995e-14
8.1187285e-14
1.3507741e-13
1.8991096e-13
2.4562013e-13
3.0059095e-13
3.5318964e-13
4.0370055e-13
4.5445883e-13
5.0805573e-13
5.6520323e-13
6.2340639e-13
6.764123e-13
7.1439821e-13
7.2555686e-13
6.9931151e-13
6.3198188e-13
5.2968306e-13
4.0070661e-13
2.5642555e-13
1.0627466e-13
-6.5801732e-14
-2.3159281e-13
-3.3542156e-13
-3.8004224e-13
-3.8176032e-13
-3.4012792e-13
-2.4741802e-13
-9.7099744e-14
1.5181661e-13
5.6363478e-13
9.5658309e-13
9.5600972e-13
5.4660315e-13
1.1429182e-13
-9.3530135e-14
-1.4017918e-13
-1.3493644e-13
-1.0736437e-13
-6.4399499e-14
-2.0107411e-14
2.7309297e-14
8.1433765e-14
1.3486469e-13
1.8787944e-13
2.3963469e-13
2.8799075e-13
3.3157053e-13
3.7212197e-13
4.1424121e-13
4.6257961e-13
5.1928713e-13
5.8325402e-13
6.5012021e-13
7.1191349e-13
7.56864e-13
7.7100248e-13
7.4337593e-13
6.7150435e-13
5.610417e-13
4.2458269e-13
2.7886129e-13
1.2642034e-13
-3.8135687e-14
-1.6955903e-13
-2.3449556e-13
-2.4310834e-13
-2.0777386e-13
-1.2628722e-13
2.1797567e-14
2.989906e-13
7.0618064e-13
9.7491176e-13
8.1731573e-13
3.7388468e-13
1.6827805e-14
-1.2446391e-13
-1.508349e-13
-1.4065491e-13
-1.0747077e-13
-6.1560704e-14
-1.8591682e-14
2.7451082e-14
8.1771013e-14
1.347828e-13
1.8587193e-13
2.3333114e-13
2.7457766e-13
3.0892407e-13
3.4028606e-13
3.7587187e-13
4.2164166e-13
4.79357e-13
5.4727382e-13
6.2186413e-13
6.9774109e-13
7.6584605e-13
8.1244877e-13
8.2226056e-13
7.8470643e-13
6.9903772e-13
5.750752e-13
4.3220256e-13
2.873136e-13
1.0714481e-13
3.109048e-15
-6.9535102e-14
-9.9727904e-14
-8.1377529e-14
-6.5148815e-15
1.6296203e-13
4.7426469e-13
8.2851164e-13
9.2677111e-13
6.3369925e-13
2.0650776e-13
-6.0629764e-14
-1.4840761e-13
-1.6160785e-13
-1.4500331e-13
-1.0516631e-13
-5.7303299e-14
-1.67378e-14
2.7609545e-14
8.218255e-14
1.3483167e-13
1.8396067e-13
2.2699595e-13
2.6118958e-13
2.8730818e-13
3.1250157e-13
3.4707076e-13
3.9729601e-13
4.6224431e-13
5.3694507e-13
6.169213e-13
6.9912686e-13
7.7883401e-13
8.4564835e-13
8.8344696e-13
8.759043e-13
8.1497462e-13
7.0527488e-13
5.6602074e-13
4.2001884e-13
2.345141e-13
1.377117e-13
6.3258683e-14
1.9895049e-14
3.1312179e-14
1.2266311e-13
3.3470793e-13
6.5144028e-13
8.8568018e-13
7.9762704e-13
4.2532897e-13
6.2694746e-14
-1.1694112e-13
-1.6821049e-13
-1.7193194e-13
-1.4649976e-13
-9.9951104e-14
-5.1724022e-14
-1.4634447e-14
2.7773609e-14
8.2641214e-14
1.3499204e-13
1.8218518e-13
2.2084145e-13
2.4848312e-13
2.6834043e-13
2.92051e-13
3.3342906e-13
3.9783955e-13
4.7919227e-13
5.6669896e-13
6.5306062e-13
7.3687853e-13
8.1847434e-13
8.9287123e-13
9.4602563e-13
9.5856693e-13
9.161648e-13
8.1775038e-13
6.7990251e-13
5.2623785e-13
3.5065363e-13
2.2942302e-13
1.5306396e-13
1.125139e-13
1.4333869e-13
2.7816094e-13
5.2340304e-13
7.8045668e-13
8.418475e-13
6.0070333e-13
2.2351494e-13
-4.657982e-14
-1.5682036e-13
-1.8627786e-13
-1.8004872e-13
-1.4362121e-13
-9.1623729e-14
-4.5062853e-14
-1.2393565e-14
2.7929702e-14
8.3112514e-14
1.3523099e-13
1.805573e-13
2.1500947e-13
2.3689526e-13
2.5299786e-13
2.8065048e-13
3.373593e-13
4.2616479e-13
5.3358138e-13
6.409139e-13
7.3653579e-13
8.1996936e-13
8.966732e-13
9.680597e-13
1.0240144e-12
1.0441448e-12
1.0089359e-12
9.1210221e-13
7.6744815e-13
5.9906142e-13
4.2190607e-13
2.895765e-13
2.1425728e-13
2.005319e-13
2.7764534e-13
4.5621064e-13
6.8176619e-13
8.0839609e-13
6.9382515e-13
3.7476563e-13
5.6205084e-14
-1.2225268e-13
-1.8757124e-13
-2.0274247e-13
-1.8324597e-13
-1.3518926e-13
-8.0362431e-14
-3.7681699e-14
-1.0137847e-14
2.8061958e-14
8.3554154e-14
1.355055e-13
1.790741e-13
2.0958338e-13
2.2661772e-13
2.4148535e-13
2.7813284e-13
3.5761304e-13
4.7928165e-13
6.2064389e-13
7.5383148e-13
8.6191793e-13
9.4471188e-13
1.0123683e-12
1.0723871e-12
1.118973e-12
1.1320597e-12
1.0885877e-12
9.7860951e-13
8.1560322e-13
6.2848035e-13
4.4904969e-13
3.2459957e-13
2.7581553e-13
3.1046711e-13
4.3486819e-13
6.1410648e-13
7.4845321e-13
7.1383729e-13
4.7834723e-13
1.6557938e-13
-6.5188088e-14
-1.7476187e-13
-2.1439021e-13
-2.1483732e-13
-1.7860623e-13
-1.2071829e-13
-6.6732785e-14
-3.0017695e-14
-7.9862508e-15
2.8153666e-14
8.3920828e-14
1.3576964e-13
1.777305e-13
2.0460147e-13
2.175983e-13
2.3320184e-13
2.8241457e-13
3.8942515e-13
5.4891037e-13
7.2871419e-13
8.9147796e-13
1.0144295e-12
1.0969916e-12
1.1531291e-12
1.1950314e-12
1.220179e-12
1.2097467e-12
1.14048e-12
1.0035314e-12
8.1666017e-13
6.183574e-13
4.5263888e-13
3.6197173e-13
3.6015448e-13
4.409898e-13
5.7435e-13
6.8911853e-13
6.8979574e-13
5.251289e-13
2.5292062e-13
2.4709873e-15
-1.4807024e-13
-2.1598296e-13
-2.3715415e-13
-2.1778909e-13
-1.6396087e-13
-1.0060754e-13
-5.160861e-14
-2.252663e-14
-6.0409541e-15
2.8188443e-14
8.4167668e-14
1.3597849e-13
1.7652369e-13
2.0007457e-13
2.0958433e-13
2.2685873e-13
2.8984102e-13
4.2533108e-13
6.2298938e-13
8.4147612e-13
1.0345555e-12
1.173278e-12
1.2556796e-12
1.2983471e-12
1.3165043e-12
1.3093739e-12
1.2605493e-12
1.1519834e-12
9.828738e-13
7.8060697e-13
5.9095827e-13
4.605525e-13
4.1885657e-13
4.5922572e-13
5.5072039e-13
6.3611709e-13
6.4418536e-13
5.263249e-13
3.0350004e-13
6.3192923e-14
-1.1256361e-13
-2.0890489e-13
-2.5126134e-13
-2.5037666e-13
-2.0672428e-13
-1.3867034e-13
-7.6118109e-14
-3.6029956e-14
-1.5626081e-14
-4.3765934e-15
2.8145774e-14
8.4252115e-14
1.3608426e-13
1.7545478e-13
1.9601008e-13
2.0222563e-13
2.2079844e-13
2.9596054e-13
4.5665521e-13
6.8795163e-13
9.408458e-13
1.1616802e-12
1.3151767e-12
1.3964532e-12
1.4233041e-12
1.4133284e-12
1.3675199e-12
1.2734187e-12
1.1228993e-12
9.2909495e-13
7.2876418e-13
5.6832803e-13
4.827267e-13
4.7937808e-13
5.3140868e-13
5.8578704e-13
5.875499e-13
4.9691726e-13
3.1779232e-13
1.0400916e-13
-7.7654916e-14
-1.9613844e-13
-2.5925478e-13
-2.7637302e-13
-2.4601806e-13
-1.7865673e-13
-1.0393113e-13
-4.9142055e-14
-2.1042818e-14
-9.6202592e-15
-3.0360326e-15
2.8009772e-14
8.4130401e-14
1.3604121e-13
1.7453698e-13
1.9244818e-13
1.9522278e-13
2.1344205e-13
2.9655642e-13
4.753429e-13
7.3130738e-13
1.0099945e-12
1.2525372e-12
1.4177148e-12
1.4959009e-12
1.5040999e-12
1.4625407e-12
1.3769728e-12
1.2421679e-12
1.0606613e-12
8.5719914e-13
6.7431677e-13
5.5055046e-13
4.9997411e-13
5.0571819e-13
5.3397527e-13
5.2341506e-13
4.4812437e-13
3.034532e-13
1.2072236e-13
-5.2468377e-14
-1.8293726e-13
-2.6387993e-13
-2.9739424e-13
-2.8039438e-13
-2.1742235e-13
-1.3375608e-13
-6.2546981e-14
-2.1827598e-14
-7.5414155e-15
-4.7233693e-15
-2.0747991e-15
2.7783252e-14
8.3754887e-14
1.3580415e-13
1.7378769e-13
1.8948168e-13
1.8847562e-13
2.0374446e-13
2.8855051e-13
4.7536735e-13
7.435442e-13
1.0356973e-12
1.2905868e-12
1.4623698e-12
1.5354094e-12
1.5234763e-12
1.4487563e-12
1.3248576e-12
1.1585323e-12
9.634205e-13
7.6909206e-13
6.1215952e-13
5.1732818e-13
4.8127115e-13
4.7411901e-13
4.5563631e-13
3.8706776e-13
2.6887672e-13
1.152337e-13
-4.2320361e-14
-1.7529576e-13
-2.6865685e-13
-3.1565235e-13
-3.0987042e-13
-2.5209251e-13
-1.625229e-13
-7.5511414e-14
-1.8295687e-14
3.805047e-15
3.8397463e-15
-1.0060513e-15
-1.3630574e-15
2.7452394e-14
8.3102712e-14
1.3532445e-13
1.7321538e-13
1.8725595e-13
1.821779e-13
1.9154043e-13
2.7081574e-13
4.541865e-13
7.2033799e-13
1.0111795e-12
1.2660894e-12
1.4372253e-12
1.5034599e-12
1.4739213e-12
1.3709474e-12
1.215333e-12
1.0268913e-12
8.306233e-13
6.5618421e-13
5.2808219e-13
4.5077452e-13
4.1235596e-13
3.9181559e-13
3.1813565e-13
2.2073241e-13
9.1528376e-14
-4.8694055e-14
-1.7774793e-13
-2.7724024e-13
-3.3324544e-13
-3.3496453e-13
-2.8049031e-13
-1.8621289e-13
-8.5122689e-14
-9.8742794e-15
2.4874306e-14
2.6165943e-14
1.2766984e-14
1.5639173e-15
-9.3988276e-16
2.7020304e-14
8.2151818e-14
1.3454471e-13
1.7280112e-13
1.8593934e-13
1.7681554e-13
1.7763776e-13
2.4439924e-13
4.1314276e-13
6.6335452e-13
9.3771327e-13
1.1785881e-12
1.3395507e-12
1.396494e-12
1.354786e-12
1.2362606e-12
1.0657074e-12
8.6969833e-13
6.7938532e-13
5.2416694e-13
4.1763183e-13
3.5191793e-13
3.107511e-13
2.6618653e-13
1.5988995e-13
5.4072998e-14
-7.07898e-14
-1.9222576e-13
-2.9202764e-13
-3.5143301e-13
-3.5568436e-13
-3.0073131e-13
-2.0070975e-13
-8.6848614e-14
5.9662052e-15
5.6194092e-14
6.3566225e-14
4.4257487e-14
1.9189998e-14
3.1092581e-15
-7.5564496e-16
2.649315e-14
8.0892079e-14
1.3340101e-13
1.7248092e-13
1.8566687e-13
1.730575e-13
1.6363952e-13
2.1221015e-13
3.5692575e-13
5.7963711e-13
8.2454451e-13
1.0380688e-12
1.1782196e-12
1.2211765e-12
1.1706502e-12
1.0488233e-12
8.8360813e-13
7.0283641e-13
5.3352114e-13
3.9568728e-13
2.9672831e-13
2.3525283e-13
1.9564141e-13
1.0847584e-13
1.099732e-15
-1.0507612e-13
-2.1818395e-13
-3.130112e-13
-3.6988797e-13
-3.7098125e-13
-3.1078947e-13
-2.0238571e-13
-7.5917236e-14
3.3135243e-14
9.929696e-14
1.1622345e-13
9.5397529e-14
5.7687243e-14
2.3281254e-14
3.8043623e-15
-7.4142004e-16
2.5883433e-14
7.9328529e-14
1.3182623e-13
1.7213009e-13
1.8646883e-13
1.7157007e-13
1.5156143e-13
1.7830108e-13
2.9228274e-13
4.7961615e-13
6.8658577e-13
8.6329078e-13
9.7383882e-13
9.9735772e-13
9.374475e-13
8.1628978e-13
6.6350394e-13
5.0858406e-13
3.7204386e-13
2.6159649e-13
1.7490258e-13
1.1546688e-13
5.0164343e-14
-5.0156492e-14
-1.5290133e-13
-2.510881e-13
-3.3808372e-13
-3.8652195e-13
-3.7901015e-13
-3.0885224e-13
-1.8892207e-13
-4.9108335e-14
7.4899331e-14
1.5582881e-13
1.8361035e-13
1.6532968e-13
1.19141e-13
6.656553e-14
2.5356575e-14
3.8450646e-15
-8.3978099e-16
2.5210327e-14
7.7484962e-14
1.2976123e-13
1.7156452e-13
1.8821368e-13
1.7281223e-13
1.4336986e-13
1.4702922e-13
2.2651415e-13
3.7443107e-13
5.4032053e-13
6.7675902e-13
7.5397948e-13
7.5561691e-13
6.8588886e-13
5.6591543e-13
4.2249263e-13
2.8258269e-13
1.6376335e-13
7.7150561e-14
2.5921208e-14
-2.398105e-14
-1.0294038e-13
-2.0071873e-13
-2.9031517e-13
-3.6208801e-13
-3.9893694e-13
-3.7820519e-13
-2.9460048e-13
-1.6068004e-13
-6.7067417e-15
1.3122709e-13
2.250837e-13
2.6322047e-13
2.5008864e-13
2.0068249e-13
1.345911e-13
7.1342699e-14
2.5797673e-14
3.4253349e-15
-9.9843267e-16
2.4498201e-14
7.5405855e-14
1.2716734e-13
1.705536e-13
1.9057697e-13
1.7686745e-13
1.4055325e-13
1.2230622e-13
1.6627263e-13
2.7370602e-13
3.9969028e-13
4.9824577e-13
5.4444542e-13
5.2711453e-13
4.5138566e-13
3.3704172e-13
2.072028e-13
7.7819158e-14
-3.7630788e-14
-9.6887839e-14
-1.3019287e-13
-1.7115028e-13
-2.4490036e-13
-3.2594691e-13
-3.8420399e-13
-4.0432963e-13
-3.69208e-13
-2.704923e-13
-1.2191506e-13
4.6202372e-14
1.9693611e-13
3.0164781e-13
3.484591e-13
3.4132725e-13
2.9346704e-13
2.213884e-13
1.4227248e-13
7.2641734e-14
2.4991074e-14
2.7217128e-15
-1.1719167e-15
2.3774932e-14
7.3157186e-14
1.2404495e-13
1.6885862e-13
1.9306188e-13
1.8335967e-13
1.4380616e-13
1.0706134e-13
1.1694512e-13
1.8459717e-13
2.7389486e-13
3.4036828e-13
3.6174475e-13
3.3187555e-13
2.5717514e-13
1.554942e-13
4.7374665e-14
-5.2920531e-14
-1.1573721e-13
-1.6201136e-13
-2.0787905e-13
-2.7807115e-13
-3.5512581e-13
-3.9962341e-13
-4.046752e-13
-3.542718e-13
-2.4232843e-13
-8.0429504e-14
1.0035615e-13
2.6232895e-13
3.7564546e-13
4.2847709e-13
4.2603781e-13
3.8229641e-13
3.1199409e-13
2.2800753e-13
1.4311527e-13
7.1123794e-14
2.3288895e-14
1.8852932e-15
-1.3224656e-15
2.3069588e-14
7.0823401e-14
1.2044628e-13
1.6627607e-13
1.9505527e-13
1.9146782e-13
1.5287579e-13
1.0286063e-13
8.2403811e-14
1.1205475e-13
1.6774423e-13
2.0824746e-13
2.1156662e-13
1.7496786e-13
1.062786e-13
2.1234604e-14
-6.4653165e-14
-1.3003325e-13
-1.7810265e-13
-2.2948222e-13
-2.9572599e-13
-3.7099726e-13
-4.0895565e-13
-4.0092355e-13
-3.3908967e-13
-2.1697436e-13
-4.5685327e-14
1.4521825e-13
3.1662921e-13
4.3663816e-13
4.9232984e-13
4.9069208e-13
4.491739e-13
3.844096e-13
3.0665333e-13
2.219745e-13
1.3819124e-13
6.7403458e-14
2.0990412e-14
1.0395983e-15
-1.4199625e-15
2.2409762e-14
6.8501644e-14
1.1648475e-13
1.6269549e-13
1.9593234e-13
2.0003973e-13
1.6659007e-13
1.097199e-13
6.4852909e-14
5.9476063e-14
8.3507863e-14
1.0218752e-13
9.2517268e-14
5.2287246e-14
-1.0207721e-14
-8.1527392e-14
-1.4700385e-13
-2.0115518e-13
-2.5326483e-13
-3.1319223e-13
-3.7763487e-13
-4.1130594e-13
-3.9691426e-13
-3.2825875e-13
-2.0156832e-13
-2.5546675e-14
1.7211598e-13
3.5199207e-13
4.7858787e-13
5.3553382e-13
5.2977686e-13
4.8332975e-13
4.191843e-13
3.5076676e-13
2.8018429e-13
2.0512928e-13
1.2855343e-13
6.2012397e-14
1.8339641e-14
2.8228764e-16
-1.4414097e-15
2.1818777e-14
6.6291855e-14
1.123308e-13
1.5813897e-13
1.9516665e-13
2.0776738e-13
1.8306859e-13
1.2610872e-13
6.4547331e-14
2.8944281e-14
2.2704045e-14
2.1011623e-14
8.216394e-16
-4.2174521e-14
-1.0081095e-13
-1.6479302e-13
-2.2518743e-13
-2.7997281e-13
-3.3247836e-13
-3.7919894e-13
-4.088257e-13
-3.9441063e-13
-3.2596195e-13
-2.0057443e-13
-2.5269406e-14
1.7598823e-13
3.6462092e-13
5.012002e-13
5.6266128e-13
5.5166519e-13
4.9221407e-13
4.1546682e-13
3.4482879e-13
2.8759508e-13
2.3628674e-13
1.7944634e-13
1.1517767e-13
5.539982e-14
1.5532957e-14
-3.1122688e-16
-1.3702681e-15
2.1313759e-14
6.4286436e-14
1.0819601e-13
1.5278911e-13
1.924577e-13
2.134036e-13
2.0003466e-13
1.4927885e-13
7.9723147e-14
2.0842684e-14
-1.3374591e-14
-3.574092e-14
-6.6550222e-14
-1.1296916e-13
-1.7015555e-13
-2.3018287e-13
-2.8694132e-13
-3.382947e-13
-3.7842341e-13
-4.0177328e-13
-3.9312659e-13
-3.3256148e-13
-2.1553871e-13
-4.6728233e-14
1.5449862e-13
3.5270794e-13
5.0575684e-13
5.8178772e-13
5.7367954e-13
5.0111394e-13
3.9978466e-13
3.0520838e-13
2.3916009e-13
2.0279486e-13
1.7914296e-13
1.4694679e-13
9.8976201e-14
4.7954046e-14
1.2731238e-14
-6.8370893e-16
-1.195893e-15
2.0904042e-14
6.2559076e-14
1.0430633e-13
1.4697604e-13
1.8781666e-13
2.159821e-13
2.1516817e-13
1.7573971e-13
1.0681664e-13
3.3340687e-14
-2.4397595e-14
-6.7518919e-14
-1.1056609e-13
-1.6227916e-13
-2.2042539e-13
-2.784312e-13
-3.3045208e-13
-3.7117507e-13
-3.9333501e-13
-3.9405798e-13
-3.4583254e-13
-2.4471753e-13
-8.9318491e-14
1.06637e-13
3.1333371e-13
4.8905196e-13
5.9400439e-13
6.0728661e-13
5.364017e-13
4.1314096e-13
2.7981241e-13
1.7399998e-13
1.1666693e-13
1.0489209e-13
1.1318982e-13
1.0971727e-13
8.0844452e-14
4.0031114e-14
1.0072423e-14
-7.9257439e-16
-9.1319601e-16
2.0591124e-14
6.1156913e-14
1.0086846e-13
1.4112969e-13
1.8160159e-13
2.150281e-13
2.2644351e-13
2.0180759e-13
1.4118903e-13
6.2489451e-14
-1.2061951e-14
-7.4101972e-14
-1.3070245e-13
-1.9003029e-13
-2.5194822e-13
-3.1056184e-13
-3.5889591e-13
-3.8754543e-13
-3.9207116e-13
-3.7195022e-13
-2.8825184e-13
-1.5361317e-13
2.977191e-14
2.3986007e-13
4.3963388e-13
5.8558263e-13
6.4338282e-13
6.0260054e-13
4.8122462e-13
3.1787546e-13
1.5813236e-13
4.1588011e-14
-9.1093493e-15
2.1792367e-15
4.2936267e-14
6.9932829e-14
6.1702608e-14
3.1978808e-14
7.6815062e-15
-6.0752467e-16
-5.2256992e-16
2.0369695e-14
6.0098238e-14
9.8041619e-14
1.3571131e-13
1.7447809e-13
2.1070015e-13
2.3247797e-13
2.2403889e-13
1.7774999e-13
1.0289638e-13
1.9707066e-14
-5.7104841e-14
-1.2683281e-13
-1.9515249e-13
-2.6331015e-13
-3.2609065e-13
-3.7505624e-13
-3.9785961e-13
-3.9243627e-13
-3.5055987e-13
-2.4315983e-13
-8.3025581e-14
1.1994095e-13
3.3710261e-13
5.2716483e-13
6.4733341e-13
6.6891318e-13
5.8894512e-13
4.3105134e-13
2.3655547e-13
5.2754468e-14
-7.7636622e-14
-1.2741934e-13
-9.8068077e-14
-2.7268495e-14
2.982662e-14
4.2507831e-14
2.4148776e-14
5.6761769e-15
-1.096368e-16
-3.0040688e-17
2.0228823e-14
5.9372183e-14
9.5917808e-14
1.3112599e-13
1.6727956e-13
2.0379475e-13
2.3284185e-13
2.3971431e-13
2.1154041e-13
1.4852822e-13
6.5432355e-14
-2.0282289e-14
-1.0082628e-13
-1.7779199e-13
-2.5300301e-13
-3.2264248e-13
-3.7773775e-13
-4.0476983e-13
-3.9850944e-13
-3.4574448e-13
-2.2797855e-13
-5.3532858e-14
1.6112119e-13
3.8270487e-13
5.6740465e-13
6.7336882e-13
6.7540157e-13
5.7392488e-13
3.938856e-13
1.7667311e-13
-2.9121397e-14
-1.7650572e-13
-2.3147477e-13
-1.9022411e-13
-9.3513852e-14
-8.4073974e-15
2.422728e-14
1.6893234e-14
4.1669577e-15
7.079881e-16
5.5244602e-16
2.0154424e-14
5.8945782e-14
9.4515776e-14
1.2766067e-13
1.6084854e-13
1.955985e-13
2.2822256e-13
2.4734671e-13
2.3820506e-13
1.9314143e-13
1.1881868e-13
3.1285738e-14
-5.6407677e-14
-1.4045064e-13
-2.2173607e-13
-2.9841299e-13
-3.6278839e-13
-4.0231417e-13
-4.0570666e-13
-3.5956388e-13
-2.4742546e-13
-7.4267624e-14
1.4144172e-13
3.645807e-13
5.4986966e-13
6.5516765e-13
6.5548677e-13
5.504403e-13
3.6292019e-13
1.3276466e-13
-9.0354697e-14
-2.5478168e-13
-3.1861978e-13
-2.7063012e-13
-1.5258732e-13
-4.2764635e-14
7.7739222e-15
1.0547082e-14
3.2528086e-15
1.8384204e-15
1.2067775e-15
2.0131335e-14
5.8771846e-14
9.3791728e-14
1.2545659e-13
1.5588158e-13
1.8760828e-13
2.2032078e-13
2.4712946e-13
2.547804e-13
2.307724e-13
1.7293724e-13
9.1706839e-14
1.8922295e-15
-8.7089881e-14
-1.7291522e-13
-2.5481146e-13
-3.2784685e-13
-3.8203378e-13
-4.0382429e-13
-3.7913965e-13
-2.9024374e-13
-1.3669788e-13
6.5685008e-14
2.8316334e-13
4.7046463e-13
5.8427323e-13
5.969208e-13
5.0379277e-13
3.2315399e-13
9.1920608e-14
-1.3995396e-13
-3.1693267e-13
-3.8941781e-13
-3.3746876e-13
-2.0211697e-13
-7.157176e-14
-6.0655204e-15
5.4035284e-15
3.0134967e-15
3.2583273e-15
1.9086196e-15
2.0145322e-14
5.8795945e-14
9.3658697e-14
1.2451272e-13
1.528211e-13
1.8120579e-13
2.1145265e-13
2.4100429e-13
2.6055473e-13
2.5678118e-13
2.2055458e-13
1.5401064e-13
6.8985444e-14
-2.1658676e-14
-1.1074268e-13
-1.9602102e-13
-2.7509067e-13
-3.3934927e-13
-3.8327013e-13
-3.8749697e-13
-3.3353689e-13
-2.1535182e-13
-4.2350191e-14
1.5664833e-13
3.3922296e-13
4.6181973e-13
4.9305737e-13
4.2212598e-13
2.6075723e-13
4.1295521e-14
-1.8776265e-13
-3.6892775e-13
-4.4610453e-13
-3.9027078e-13
-2.4057264e-13
-9.3609452e-14
-1.6711692e-14
1.6880617e-15
3.5002289e-15
4.9251706e-15
2.6278793e-15
2.0180895e-14
5.8966265e-14
9.4004823e-14
1.2471347e-13
1.5182881e-13
1.7741232e-13
2.0400732e-13
2.3221248e-13
2.5748465e-13
2.6926963e-13
2.554355e-13
2.1015239e-13
1.3825917e-13
5.1624576e-14
-3.8616735e-14
-1.2633281e-13
-2.0923185e-13
-2.789503e-13
-3.4060336e-13
-3.7196664e-13
-3.5578008e-13
-2.8091414e-13
-1.5052414e-13
1.462876e-14
1.791348e-13
3.0207686e-13
3.4953993e-13
3.0434235e-13
1.7058187e-13
-2.577758e-14
-2.4007318e-13
-4.1543332e-13
-4.9100787e-13
-4.2917771e-13
-2.6708879e-13
-1.0816709e-13
-2.3845261e-14
-4.6109122e-16
4.7263827e-15
6.7751359e-15
3.322477e-15
2.0231981e-14
5.9232645e-14
9.4710914e-14
1.2587209e-13
1.5282526e-13
1.7677902e-13
1.9995901e-13
2.244813e-13
2.4979864e-13
2.7005325e-13
2.7447632e-13
2.5262437e-13
2.0124782e-13
1.265858e-13
3.9960029e-14
-4.8763982e-14
-1.3363708e-13
-2.1295265e-13
-2.7742582e-13
-3.27132e-13
-3.43746e-13
-3.135531e-13
-2.3382428e-13
-1.1476698e-13
1.78775e-14
1.2878565e-13
1.8414871e-13
1.6192633e-13
5.8659255e-14
-1.0736831e-13
-2.975824e-13
-4.5824797e-13
-5.2552779e-13
-4.5447171e-13
-2.8136578e-13
-1.1506979e-13
-2.7426864e-14
-1.0001573e-15
6.6595773e-15
8.7227041e-15
3.9688685e-15
2.0286343e-14
5.9554231e-14
9.5664542e-14
1.2777167e-13
1.5556423e-13
1.7941017e-13
2.0058231e-13
2.2117413e-13
2.4288374e-13
2.6443594e-13
2.7939643e-13
2.7740827e-13
2.496433e-13
1.9460182e-13
1.1912583e-13
3.3538501e-14
-5.1012876e-14
-1.4589192e-13
-2.0150489e-13
-2.6265519e-13
-3.0486191e-13
-3.1445412e-13
-2.8337562e-13
-2.1304222e-13
-1.1995111e-13
-3.1659963e-14
2.131421e-14
1.4826615e-14
-6.067017e-14
-1.9472107e-13
-3.5623442e-13
-4.9644552e-13
-5.498942e-13
-4.6631916e-13
-2.8358041e-13
-1.1466908e-13
-2.7680183e-14
2.5223395e-17
9.2160174e-15
1.0659956e-14
4.5201984e-15
2.0337735e-14
5.9897921e-14
9.676649e-14
1.3019466e-13
1.5971004e-13
1.8506957e-13
2.0640358e-13
2.2469886e-13
2.4193536e-13
2.597617e-13
2.767453e-13
2.864246e-13
2.7907219e-13
2.4713701e-13
1.9030821e-13
1.149747e-13
3.3940215e-14
-6.1264723e-14
-1.3600224e-13
-1.9308669e-13
-2.5238206e-13
-2.9198059e-13
-2.9785935e-13
-2.6971405e-13
-2.1651227e-13
-1.5696525e-13
-1.1573996e-13
-1.159712e-13
-1.7081441e-13
-2.7657162e-13
-4.0985052e-13
-5.2762482e-13
-5.635167e-13
-4.6478616e-13
-2.7437123e-13
-1.0780242e-13
-2.5036507e-14
2.493911e-15
1.2256715e-14
1.2462911e-14
4.9350382e-15
2.0382324e-14
6.023819e-14
9.7932741e-14
1.3293914e-13
1.6489671e-13
1.9330907e-13
2.1732287e-13
2.362929e-13
2.5088933e-13
2.6340411e-13
2.7603136e-13
2.8768052e-13
2.9211939e-13
2.8017516e-13
2.453601e-13
1.8742619e-13
1.153898e-13
3.1986839e-14
-7.271423e-14
-1.2645039e-13
-1.8891421e-13
-2.4301857e-13
-2.7383388e-13
-2.7979191e-13
-2.6308276e-13
-2.3452258e-13
-2.1206839e-13
-2.1543814e-13
-2.5884142e-13
-3.4350835e-13
-4.5290588e-13
-5.4932492e-13
-5.6550891e-13
-4.500247e-13
-2.5489222e-13
-9.5719429e-14
-2.0049701e-14
6.2235372e-15
1.558559e-14
1.3997507e-14
5.1840386e-15
2.0417407e-14
6.0555817e-14
9.9093305e-14
1.3582408e-13
1.7076192e-13
2.0357332e-13
2.3280158e-13
2.5611816e-13
2.7191076e-13
2.8103505e-13
2.8688318e-13
2.928173e-13
2.9834311e-13
2.9739731e-13
2.8129922e-13
2.4377271e-13
1.8673568e-13
1.1651714e-13
9.8579612e-15
-4.6181964e-14
-1.0046569e-13
-1.6010574e-13
-2.1298332e-13
-2.475092e-13
-2.6272608e-13
-2.6437694e-13
-2.6438809e-13
-2.780099e-13
-3.1869759e-13
-3.905181e-13
-4.8225369e-13
-5.5993378e-13
-5.5508266e-13
-4.2250109e-13
-2.2686766e-13
-7.9953299e-14
-1.3295553e-14
1.0976631e-14
1.8951046e-14
1.5130032e-14
5.2444347e-15
2.0441499e-14
6.0836534e-14
1.0018973e-13
1.3868801e-13
1.7695912e-13
2.1526183e-13
2.5202759e-13
2.8350286e-13
3.0539641e-13
3.156796e-13
3.1649995e-13
3.1331675e-13
3.1105466e-13
3.0967061e-13
3.0306638e-13
2.8244916e-13
2.4285963e-13
1.8678187e-13
1.0940064e-13
5.2398646e-14
6.8962704e-15
-6.1956101e-14
-1.3294128e-13
-1.8883421e-13
-2.29401e-13
-2.5716791e-13
-2.792585e-13
-3.0666575e-13
-3.5104893e-13
-4.1721125e-13
-4.9743293e-13
-5.5883926e-13
-5.3172199e-13
-3.8323827e-13
-1.9259859e-13
-6.2128734e-14
-5.2819913e-15
1.645177e-14
2.2053916e-14
1.5740967e-14
5.1058006e-15
2.0453962e-14
6.1069719e-14
1.0117244e-13
1.413846e-13
1.8315546e-13
2.2775064e-13
2.7401432e-13
3.1717631e-13
3.5025977e-13
3.6757655e-13
3.6820865e-13
3.5711689e-13
3.4259485e-13
3.3098377e-13
3.2215758e-13
3.0932361e-13
2.837985e-13
2.4313769e-13
1.8497505e-13
1.0985358e-13
7.1999394e-14
1.4849738e-14
-5.7315668e-14
-1.2403449e-13
-1.8078418e-13
-2.2750379e-13
-2.6785031e-13
-3.0933237e-13
-3.6093528e-13
-4.2647181e-13
-4.99931e-13
-5.460018e-13
-4.9524922e-13
-3.340645e-13
-1.5486668e-13
-4.3717835e-14
3.5952474e-15
2.2260751e-14
2.4565819e-14
1.5740524e-14
4.7723192e-15
2.0454742e-14
6.1247532e-14
1.0199929e-13
1.4378023e-13
1.8902716e-13
2.4039213e-13
2.9764036e-13
3.554248e-13
4.0426242e-13
4.3453007e-13
4.4121575e-13
4.2677552e-13
4.0034268e-13
3.7307948e-13
3.5186674e-13
3.35428e-13
3.1577988e-13
2.8671556e-13
2.3482511e-13
1.4448641e-13
9.7410598e-14
5.9479474e-14
1.0058727e-15
-6.6247874e-14
-1.2949625e-13
-1.8737533e-13
-2.4107756e-13
-2.9512209e-13
-3.549168e-13
-4.2267387e-13
-4.920074e-13
-5.2135713e-13
-4.4601489e-13
-2.7780172e-13
-1.1664625e-13
-2.5791921e-14
1.3020903e-14
2.7905766e-14
2.6161392e-14
1.508361e-14
4.2633362e-15
2.044414e-14
6.1364287e-14
1.0263464e-13
1.4575225e-13
1.9425579e-13
2.5250933e-13
3.2165928e-13
3.9618218e-13
4.6430648e-13
5.1247805e-13
5.3122197e-13
5.193791e-13
4.8488034e-13
4.4140554e-13
4.0187001e-13
3.7200713e-13
3.4821937e-13
3.2279382e-13
2.8566166e-13
2.0084128e-13
1.2690905e-13
9.2113746e-14
4.571736e-14
-1.5791686e-14
-7.9967371e-14
-1.440178e-13
-2.0740208e-13
-2.7179161e-13
-3.3899843e-13
-4.1030381e-13
-4.7548361e-13
-4.8441276e-13
-3.8532636e-13
-2.18287e-13
-8.0615567e-14
-8.868092e-15
2.2647554e-14
3.2779577e-14
2.656271e-14
1.3780637e-14
3.6118499e-15
2.0422747e-14
6.1416546e-14
1.030505e-13
1.4719216e-13
1.9853267e-13
2.6340011e-13
3.4471092e-13
4.3709401e-13
5.2666747e-13
5.960695e-13
6.3143436e-13
6.2768969e-13
5.9041781e-13
5.3378604e-13
4.7477717e-13
4.2572063e-13
3.8925576e-13
3.5939619e-13
3.2828378e-13
2.6736316e-13
1.7571012e-13
1.3639363e-13
9.1764657e-14
3.2666556e-14
-3.2881673e-14
-1.0161905e-13
-1.7243974e-13
-2.4453865e-13
-3.1791797e-13
-3.9308225e-13
-4.5075086e-13
-4.3452548e-13
-3.1607952e-13
-1.5999805e-13
-4.8585106e-14
7.0184922e-15
3.1937989e-14
3.6212222e-14
2.558966e-14
1.1901254e-14
2.8610627e-15
2.0391264e-14
6.1402773e-14
1.0322728e-13
1.4801067e-13
2.0157179e-13
2.7236153e-13
3.6536909e-13
4.7562538e-13
5.8726283e-13
6.7927681e-13
7.337393e-13
7.4194142e-13
7.0682888e-13
6.4177465e-13
5.658306e-13
4.9637222e-13
4.4232919e-13
4.0176225e-13
3.6826707e-13
3.2091457e-13
2.3397565e-13
1.8331858e-13
1.3728067e-13
7.9209658e-14
1.0561847e-14
-6.2640324e-14
-1.3886394e-13
-2.1629934e-13
-2.9550351e-13
-3.7305791e-13
-4.163472e-13
-3.7197256e-13
-2.4308996e-13
-1.0710253e-13
-2.1067138e-14
2.1990451e-14
4.0059317e-14
3.7573352e-14
2.3202232e-14
9.5679317e-15
2.0592494e-15
2.035062e-14
6.1324173e-14
1.0315717e-13
1.4814749e-13
2.0313249e-13
2.7873691e-13
3.8223571e-13
5.0924896e-13
6.4201769e-13
7.5608694e-13
8.2993261e-13
8.5181359e-13
8.2235457e-13
7.5362504e-13
6.6524651e-13
5.7776711e-13
5.0528916e-13
4.5071982e-13
4.096521e-13
3.6597134e-13
2.9549269e-13
2.2298564e-13
1.7897986e-13
1.2139306e-13
4.9244301e-14
-2.7493504e-14
-1.0722227e-13
-1.8944994e-13
-2.7473157e-13
-3.4949604e-13
-3.6984925e-13
-2.9949861e-13
-1.725308e-13
-6.2235919e-14
2.6120107e-15
3.5841248e-14
4.5919387e-14
3.6408519e-14
1.9519089e-14
6.9399567e-15
1.2541659e-15
2.0301853e-14
6.1184485e-14
1.0284523e-13
1.4757923e-13
2.0304985e-13
2.8198343e-13
3.9406669e-13
5.356788e-13
6.8728329e-13
8.2120784e-13
9.1287554e-13
9.4825441e-13
9.2625451e-13
8.5768334e-13
7.6183373e-13
6.6076603e-13
5.7215034e-13
5.0333941e-13
4.5242793e-13
4.0668254e-13
3.4614341e-13
2.6270611e-13
2.1657494e-13
1.5849076e-13
8.3975018e-14
4.896059e-15
-7.8356914e-14
-1.6697023e-13
-2.5624017e-13
-3.1868259e-13
-3.1032969e-13
-2.2312629e-13
-1.1015147e-13
-2.5631564e-14
2.3534001e-14
4.7660566e-14
4.8380304e-14
3.2560174e-14
1.4802863e-14
4.1914635e-15
4.8799585e-16
2.0246367e-14
6.0991051e-14
1.0231188e-13
1.4632851e-13
2.0125441e-13
2.8172462e-13
3.9989331e-13
5.5309434e-13
7.2020815e-13
8.7065521e-13
9.7736281e-13
1.0247507e-12
1.010694e-12
9.4503539e-13
8.4632901e-13
7.3689756e-13
6.3635029e-13
5.5537906e-13
4.9461442e-13
4.4411495e-13
3.8693956e-13
2.9906062e-13
2.503326e-13
1.9130615e-13
1.1633401e-13
3.4108541e-14
-5.5280718e-14
-1.5081127e-13
-2.366131e-13
-2.7630518e-13
-2.4106242e-13
-1.5076966e-13
-5.8971708e-14
4.5302039e-15
4.2073218e-14
5.5860479e-14
4.6583675e-14
2.6224267e-14
9.4150952e-15
1.4882971e-15
-2.0637684e-16
2.0185399e-14
6.0752504e-14
1.0158939e-13
1.4446229e-13
1.9779125e-13
2.7780627e-13
3.9912676e-13
5.6030991e-13
7.389854e-13
9.0204255e-13
1.0204883e-12
1.0778591e-12
1.0715509e-12
1.010791e-12
9.1328408e-13
8.0078998e-13
6.934571e-13
6.0397456e-13
5.3513376e-13
4.7946287e-13
4.2192473e-13
3.3529266e-13
2.7982554e-13
2.2084094e-13
1.4488118e-13
5.6465261e-14
-4.1081184e-14
-1.3864302e-13
-2.0967726e-13
-2.217569e-13
-1.6982488e-13
-8.8900461e-14
-1.8212003e-14
3.0436895e-14
5.7150799e-14
5.8643865e-14
4.0234375e-14
1.7912399e-14
3.7515644e-15
-1.0318988e-15
-8.0727465e-16
2.0120166e-14
6.0479368e-14
1.0072161e-13
1.4209274e-13
1.9283022e-13
2.7033278e-13
3.9162387e-13
5.5685388e-13
7.4289688e-13
9.1460722e-13
1.0415957e-12
1.1070078e-12
1.1081495e-12
1.0538903e-12
9.6112351e-13
8.5060456e-13
7.4197832e-13
6.4859991e-13
5.746457e-13
5.1460774e-13
4.5509287e-13
3.7376097e-13
3.0509484e-13
2.4557345e-13
1.6481421e-13
6.7967739e-14
-3.4515629e-14
-1.2385414e-13
-1.7155176e-13
-1.6059596e-13
-1.0534361e-13
-3.936563e-14
1.5366117e-14
5.264195e-14
6.640551e-14
5.4689777e-14
2.9709458e-14
8.3334331e-15
-1.8217837e-15
-3.271057e-15
-1.3041232e-15
2.0051769e-14
6.0183209e-14
9.9760697e-14
1.3936996e-13
1.8665847e-13
2.5966887e-13
3.777082e-13
5.4299209e-13
7.3231752e-13
9.0903648e-13
1.0418012e-12
1.1137313e-12
1.1222288e-12
1.0758801e-12
9.9081351e-13
8.8662035e-13
7.818058e-13
6.8926901e-13
6.1348159e-13
5.4991941e-13
4.8661008e-13
4.0689725e-13
3.299005e-13
2.6147913e-13
1.7211768e-13
6.9416175e-14
-2.919294e-14
-1.0069933e-13
-1.249907e-13
-1.0187007e-13
-5.2308294e-14
6.2431685e-16
4.4285638e-14
6.9150275e-14
6.7221893e-14
4.3687223e-14
1.5951063e-14
-1.7590307e-15
-7.015396e-15
-5.1691438e-15
-1.6956822e-15
1.9980664e-14
5.9874429e-14
9.8760865e-14
1.3646741e-13
1.7965904e-13
2.4641301e-13
3.5811121e-13
5.1958649e-13
7.0839937e-13
8.8696863e-13
1.0233104e-12
1.1007196e-12
1.116707e-12
1.0794622e-12
1.0042593e-12
9.0945055e-13
8.1211756e-13
7.2400089e-13
6.4889653e-13
5.8213574e-13
5.1222903e-13
4.2933261e-13
3.4845507e-13
2.6588228e-13
1.6822439e-13
6.6970095e-14
-1.876031e-14
-6.9738294e-14
-7.789525e-14
-5.1985252e-14
-9.3682173e-15
3.4924051e-14
6.7770154e-14
7.6310278e-14
5.7976391e-14
2.6461052e-14
2.0949392e-16
-1.1696429e-14
-1.1636318e-14
-6.7176875e-15
-1.9882798e-15
1.9906914e-14
5.9561412e-14
9.7773622e-14
1.3356533e-13
1.7227697e-13
2.3134842e-13
3.3389538e-13
4.8793355e-13
6.72787e-13
8.5055174e-13
9.887772e-13
1.0709775e-12
1.0946798e-12
1.0674157e-12
1.0033176e-12
9.193106e-13
8.3090343e-13
7.4839829e-13
6.7453065e-13
6.0414114e-13
5.2638847e-13
4.3767618e-13
3.5503615e-13
2.5767938e-13
1.5899519e-13
6.6683246e-14
-2.627303e-15
-3.7203769e-14
-3.6858031e-14
-1.0913397e-14
2.7730868e-14
6.4170348e-14
8.1727126e-14
7.0802966e-14
3.8777803e-14
4.6835054e-15
-1.625385e-14
-2.0979775e-14
-1.5585977e-14
-7.9197764e-15
-2.1863601e-15
1.9830748e-14
5.9253097e-14
9.6843739e-14
1.3083268e-13
1.6497776e-13
2.1538186e-13
3.0638008e-13
4.4966374e-13
6.2744323e-13
8.0215718e-13
9.4090377e-13
1.0273126e-12
1.0588115e-12
1.0420053e-12
9.8949161e-13
9.1640669e-13
8.3647728e-13
7.5853355e-13
6.8454805e-13
6.097326e-13
5.2525454e-13
4.3165634e-13
3.47026e-13
2.4006558e-13
1.4977859e-13
6.934396e-14
1.456348e-14
-8.6795908e-15
-2.3206797e-15
2.5455852e-14
6.0623945e-14
8.4295959e-14
8.1143218e-14
5.1395837e-14
1.1418294e-14
-1.9621344e-14
-3.2386188e-14
-2.9300963e-14
-1.8843372e-14
-8.8079088e-15
-2.317383e-15
1.9750953e-14
5.8953344e-14
9.6004221e-14
1.2841046e-13
1.5820339e-13
1.9947159e-13
2.7704854e-13
4.0661088e-13
5.7446032e-13
7.4415185e-13
8.8221606e-13
9.7212869e-13
1.0111239e-12
1.0047492e-12
9.637877e-13
9.0123888e-13
8.288029e-13
7.5381236e-13
6.778091e-13
5.9739851e-13
5.0734957e-13
4.102625e-13
3.2653975e-13
2.2319626e-13
1.4086572e-13
7.1628855e-14
2.8917569e-14
1.5875711e-14
2.9665751e-14
5.9179414e-14
8.5359139e-14
8.8838419e-14
6.303602e-14
1.9547986e-14
-2.126433e-14
-4.4543571e-14
-4.7445625e-14
-3.6518686e-14
-2.1440289e-14
-9.4232988e-15
-2.3896713e-15
1.9667254e-14
5.8662928e-14
9.5275069e-14
1.2639969e-13
1.5233003e-13
1.8455128e-13
2.4746396e-13
3.6072952e-13
5.1595577e-13
6.7878248e-13
8.150034e-13
9.0747082e-13
9.5311125e-13
9.5646277e-13
9.264927e-13
8.7397797e-13
8.0854283e-13
7.3611087e-13
6.5794305e-13
5.7210119e-13
4.7723701e-13
3.775703e-13
2.9606332e-13
2.1594391e-13
1.2891899e-13
7.1697371e-14
4.1595143e-14
4.0473634e-14
6.1168583e-14
8.6270246e-14
9.4328253e-14
7.2999054e-14
2.8127671e-14
-2.1155859e-14
-5.6186983e-14
-6.8574905e-14
-6.099779e-14
-4.2612073e-14
-2.3438328e-14
-9.8120665e-15
-2.4141886e-15
1.9577561e-14
5.8379713e-14
9.4663004e-14
1.2485487e-13
1.47633e-13
1.7145359e-13
2.1918511e-13
3.1403736e-13
4.5402792e-13
6.0813855e-13
7.4135215e-13
8.3520954e-13
8.8609434e-13
8.9766808e-13
8.7732241e-13
8.3384432e-13
7.7503204e-13
7.0575589e-13
6.2736686e-13
5.3899415e-13
4.4112053e-13
3.4306203e-13
2.6674622e-13
2.0588558e-13
1.1392616e-13
7.2163313e-14
5.6805872e-14
6.6987206e-14
8.8023831e-14
9.82959e-14
8.1174758e-14
3.6593723e-14
-1.9351284e-14
-6.6165563e-14
-9.0641866e-14
-9.0697174e-14
-7.2851212e-14
-4.7632623e-14
-2.4911303e-14
-1.0020226e-14
-2.4076773e-15
1.948007e-14
5.8099173e-14
9.4163347e-14
1.2378497e-13
1.4426404e-13
1.6083745e-13
1.9368058e-13
2.6858411e-13
3.9077605e-13
5.3417275e-13
6.6319274e-13
7.5721797e-13
8.1163161e-13
8.2929217e-13
8.1631772e-13
7.798928e-13
7.2637252e-13
6.5998317e-13
5.8270196e-13
4.9542793e-13
3.9951724e-13
3.1008973e-13
2.4504592e-13
1.8117464e-13
1.0117303e-13
7.7359383e-14
7.6151221e-14
9.1106264e-14
1.0140278e-13
8.7877276e-14
4.495392e-14
-1.5533485e-14
-7.3129248e-14
-1.1107836e-13
-1.226035e-13
-1.1033006e-13
-8.2974621e-14
-5.1665384e-14
-2.5933719e-14
-1.0091087e-14
-2.3834568e-15
1.9373027e-14
5.7814752e-14
9.3761842e-14
1.2315984e-13
1.422454e-13
1.5312574e-13
1.7222683e-13
2.2640617e-13
3.2833854e-13
4.5874021e-13
5.8230881e-13
6.7542426e-13
7.3173617e-13
7.532398e-13
7.450067e-13
7.1300424e-13
6.6251315e-13
5.9738212e-13
5.202827e-13
4.3446411e-13
3.4505735e-13
2.7126176e-13
2.2255031e-13
1.481826e-13
9.5772195e-14
8.8477105e-14
9.5420888e-14
1.0418407e-13
9.3645955e-14
5.3716989e-14
-8.8204443e-15
-7.5219243e-14
-1.2664481e-13
-1.5234795e-13
-1.5076783e-13
-1.2721764e-13
-9.1424151e-14
-5.4802943e-14
-2.6574557e-14
-1.006421e-14
-2.3535283e-15
1.9255064e-14
5.7519055e-14
9.3438096e-14
1.2292222e-13
1.4148322e-13
1.4846518e-13
1.5579609e-13
1.8945492e-13
2.6895223e-13
3.8369156e-13
5.0032702e-13
5.917083e-13
6.4874546e-13
6.7236798e-13
6.6675725e-13
6.370206e-13
5.877713e-13
5.2278397e-13
4.4549648e-13
3.6018636e-13
2.7823374e-13
2.2304978e-13
1.8706435e-13
1.2626055e-13
9.8486681e-14
1.0162252e-13
1.0682794e-13
9.9085188e-14
6.3620163e-14
2.0450623e-15
-7.0123917e-14
-1.3348496e-13
-1.7437104e-13
-1.875517e-13
-1.7444127e-13
-1.4131305e-13
-9.8292185e-14
-5.7130929e-14
-2.6894587e-14
-9.9750053e-15
-2.3286183e-15
1.9125391e-14
5.7204364e-14
9.3166998e-14
1.2299918e-13
1.4179838e-13
1.4672185e-13
1.4493983e-13
1.5946197e-13
2.1497139e-13
3.1099446e-13
4.1872612e-13
5.0772062e-13
5.6493562e-13
5.8983827e-13
5.8589303e-13
5.5770861e-13
5.0979115e-13
4.4629784e-13
3.7195367e-13
2.9253857e-13
2.216821e-13
1.8701261e-13
1.5711049e-13
1.1513154e-13
1.0577795e-13
1.1040318e-13
1.0445451e-13
7.5266544e-14
1.8165211e-14
-5.5627007e-14
-1.2772015e-13
-1.8265279e-13
-2.1248105e-13
-2.1535236e-13
-1.9338696e-13
-1.5269088e-13
-1.0367746e-13
-5.8722175e-14
-2.6946471e-14
-9.8549851e-15
-2.3181802e-15
1.8984222e-14
5.6864388e-14
9.2922158e-14
1.2331401e-13
1.4296821e-13
1.4752291e-13
1.3970439e-13
1.3774293e-13
1.6880525e-13
2.4289296e-13
3.3895087e-13
4.2475145e-13
4.8213878e-13
5.0832191e-13
5.0623612e-13
4.8031922e-13
4.3551904e-13
3.76965e-13
3.1059679e-13
2.4564585e-13
2.0353672e-13
1.7704783e-13
1.4407576e-13
1.1225503e-13
1.1248854e-13
1.1055607e-13
8.8513999e-14
3.9826755e-14
-3.0503548e-14
-1.0652739e-13
-1.7213182e-13
-2.1755849e-13
-2.3897868e-13
-2.3532666e-13
-2.0769142e-13
-1.6149143e-13
-1.0767094e-13
-5.9636262e-14
-2.6776061e-14
-9.7321162e-15
-2.3303635e-15
1.8832818e-14
5.6494825e-14
9.2676581e-14
1.2379107e-13
1.4476725e-13
1.5034378e-13
1.3961697e-13
1.2496429e-13
1.3271408e-13
1.820251e-13
2.6266024e-13
3.4375092e-13
4.0154526e-13
4.2957126e-13
4.3018177e-13
4.0793383e-13
3.6838625e-13
3.1802025e-13
2.6406903e-13
2.1630728e-13
1.870397e-13
1.6520444e-13
1.3233401e-13
1.1423681e-13
1.1562437e-13
1.0300771e-13
6.5788329e-14
4.6170218e-15
-6.9281782e-14
-1.402862e-13
-1.9740287e-13
-2.3588933e-13
-2.5350984e-13
-2.477671e-13
-2.1766743e-13
-1.6789228e-13
-1.1035342e-13
-5.9922602e-14
-2.6424509e-14
-9.6312726e-15
-2.3719698e-15
1.8673659e-14
5.6094887e-14
9.240576e-14
1.2435937e-13
1.4699594e-13
1.5461976e-13
1.4377967e-13
1.2095337e-13
1.0843054e-13
1.313582e-13
1.9207306e-13
2.6557976e-13
3.2370244e-13
3.5444093e-13
3.5872288e-13
3.4144514e-13
3.0860808e-13
2.6730954e-13
2.2591745e-13
1.9237379e-13
1.7019746e-13
1.4942318e-13
1.2512839e-13
1.1861264e-13
1.1632406e-13
9.3639817e-14
4.6655033e-14
-1.830016e-14
-8.8145001e-14
-1.5105941e-13
-2.0157861e-13
-2.3793279e-13
-2.570477e-13
-2.5350082e-13
-2.2378575e-13
-1.7208925e-13
-1.117942e-13
-5.9623875e-14
-2.5930408e-14
-9.5745889e-15
-2.4483889e-15
1.8510381e-14
5.5668164e-14
9.2090777e-14
1.2495302e-13
1.494905e-13
1.5984744e-13
1.5107245e-13
1.2467185e-13
9.6712587e-14
9.383668e-14
1.3024787e-13
1.9153119e-13
2.4870012e-13
2.8303306e-13
2.9199858e-13
2.8055892e-13
2.5519085e-13
2.2294515e-13
1.9091884e-13
1.6709666e-13
1.5280349e-13
1.3572231e-13
1.2541713e-13
1.2538835e-13
1.1906144e-13
9.0504882e-14
4.0948007e-14
-2.0438667e-14
-8.229465e-14
-1.3796798e-13
-1.8626434e-13
-2.2602124e-13
-2.5153161e-13
-2.5372976e-13
-2.2662236e-13
-1.7429124e-13
-1.1205898e-13
-5.878234e-14
-2.5332386e-14
-9.5818219e-15
-2.5635077e-15
1.8347342e-14
5.5221975e-14
9.171892e-14
1.2551032e-13
1.5211604e-13
1.6564209e-13
1.6039733e-13
1.3441453e-13
9.6973883e-14
7.1655609e-14
8.0964908e-14
1.2401164e-13
1.7670848e-13
2.1477642e-13
2.2961247e-13
2.2469688e-13
2.0701915e-13
1.8366393e-13
1.6113406e-13
1.4629946e-13
1.3798628e-13
1.3125772e-13
1.3230435e-13
1.367526e-13
1.2920213e-13
1.0046112e-13
5.4759368e-14
1.2672332e-15
-5.2390551e-14
-1.0436404e-13
-1.557074e-13
-2.038606e-13
-2.3950569e-13
-2.4986891e-13
-2.2680325e-13
-1.7470419e-13
-1.112082e-13
-5.7442844e-14
-2.4670362e-14
-9.670221e-15
-2.719577e-15
1.8189659e-14
5.4768597e-14
9.1289353e-14
1.2598127e-13
1.5475551e-13
1.7173671e-13
1.7088371e-13
1.4824295e-13
1.0731343e-13
6.5468257e-14
4.7977323e-14
6.6935616e-14
1.0898055e-13
1.4878384e-13
1.7045191e-13
1.7310755e-13
1.633623e-13
1.4866032e-13
1.3569437e-13
1.2953157e-13
1.2819297e-13
1.3422406e-13
1.454334e-13
1.5511708e-13
1.5049488e-13
1.267843e-13
8.9072706e-14
4.4507209e-14
-3.5046611e-15
-5.6496421e-14
-1.1571175e-13
-1.7584613e-13
-2.237548e-13
-2.4339074e-13
-2.2494941e-13
-1.7352546e-13
-1.0930651e-13
-5.5659758e-14
-2.3987951e-14
-9.8545671e-15
-2.9170988e-15
1.8042327e-14
5.4322661e-14
9.0811572e-14
1.2633024e-13
1.5730219e-13
1.7794238e-13
1.8196072e-13
1.6443592e-13
1.2496009e-13
7.3873006e-14
3.3710917e-14
2.5231266e-14
4.8884226e-14
8.5021343e-14
1.127353e-13
1.242108e-13
1.2325086e-13
1.1737724e-13
1.133363e-13
1.1462301e-13
1.2445366e-13
1.4282937e-13
1.6431553e-13
1.8126546e-13
1.8343859e-13
1.6827857e-13
1.4002657e-13
1.0282909e-13
5.6501159e-14
-2.061178e-15
-7.2590549e-14
-1.4640948e-13
-2.0695482e-13
-2.3565819e-13
-2.2161622e-13
-1.7092563e-13
-1.0642043e-13
-5.3497704e-14
-2.333111e-14
-1.0146372e-14
-3.1546485e-15
1.790993e-14
5.3899744e-14
9.0303593e-14
1.265408e-13
1.5966273e-13
1.8410049e-13
1.9330496e-13
1.8181139e-13
1.4710223e-13
9.3731736e-14
3.8088889e-14
3.2334452e-15
1.9303238e-15
2.5956879e-14
5.5282494e-14
7.5430677e-14
8.4465187e-14
8.8223716e-14
9.2944276e-14
1.0161893e-13
1.2475341e-13
1.5502842e-13
1.8717257e-13
2.1328181e-13
2.2482288e-13
2.1969071e-13
2.0018182e-13
1.6734596e-13
1.1862672e-13
5.1114122e-14
-3.2266185e-14
-1.1947755e-13
-1.9138134e-13
-2.2779669e-13
-2.1724569e-13
-1.6704404e-13
-1.0262684e-13
-5.1037901e-14
-2.2750119e-14
-1.055365e-14
-3.4289071e-15
1.7796611e-14
5.3516205e-14
8.9792563e-14
1.2662031e-13
1.6176685e-13
1.9005657e-13
2.0471547e-13
1.9974074e-13
1.7158208e-13
1.2117535e-13
5.8292637e-14
2.7193956e-15
-2.5896384e-14
-2.2769369e-14
-2.7903292e-16
2.4737355e-14
4.3641067e-14
5.780603e-14
7.1756009e-14
8.9743646e-14
1.2552232e-13
1.6711426e-13
2.0997179e-13
2.463035e-13
2.6827513e-13
2.7296123e-13
2.6019786e-13
2.2843856e-13
1.7417202e-13
9.6118603e-14
4.2481182e-16
-9.8048728e-14
-1.7868528e-13
-2.2058657e-13
-2.1213113e-13
-1.6198261e-13
-9.8016554e-14
-4.8378457e-14
-2.2296677e-14
-1.1079732e-14
-3.7345261e-15
1.7705453e-14
5.318604e-14
8.9306706e-14
1.2659337e-13
1.6357943e-13
1.9566963e-13
2.1600893e-13
2.1794543e-13
1.9717708e-13
1.5283559e-13
8.9777211e-14
2.1871315e-14
-3.0838929e-14
-5.3925391e-14
-4.8289948e-14
-2.6665172e-14
-1.6008443e-15
2.2201753e-14
4.582078e-14
7.558836e-14
1.210401e-13
1.7306023e-13
2.2653718e-13
2.7337046e-13
3.0565612e-13
3.1892388e-13
3.1054906e-13
2.7723984e-13
2.1586439e-13
1.2774015e-13
2.2218168e-14
-8.3933487e-14
-1.6977147e-13
-2.1442509e-13
-2.0641028e-13
-1.5581383e-13
-9.2701053e-14
-4.5634394e-14
-2.2021313e-14
-1.1722339e-14
-4.0641624e-15
1.7638716e-14
5.2920153e-14
8.8874645e-14
1.2650048e-13
1.6510593e-13
2.0083422e-13
2.2698386e-13
2.3625248e-13
2.2341152e-13
1.8660632e-13
1.2800193e-13
5.6027704e-14
-1.3296784e-14
-6.1982172e-14
-8.0588587e-14
-7.287386e-14
-4.9779467e-14
-2.0171436e-14
1.252945e-14
5.3039978e-14
1.0406116e-13
1.6605611e-13
2.300985e-13
2.8714974e-13
3.2885884e-13
3.4902553e-13
3.4301751e-13
3.0679979e-13
2.3866599e-13
1.4293015e-13
3.1619492e-14
-7.7712409e-14
-1.648223e-13
-2.0934443e-13
-2.0007642e-13
-1.4859107e-13
-8.6819905e-14
-4.2937541e-14
-2.1970931e-14
-1.2472862e-14
-4.4088449e-15
1.7598635e-14
5.27281e-14
8.8521959e-14
1.2638778e-13
1.6638438e-13
2.0550005e-13
2.3744549e-13
2.5444505e-13
2.501359e-13
2.2163031e-13
1.6982123e-13
9.9773477e-14
2.2464818e-14
-4.5856061e-14
-9.0255156e-14
-1.0494628e-13
-9.4345339e-14
-6.676772e-14
-2.8133342e-14
1.5671543e-14
7.0894811e-14
1.4218223e-13
2.1588879e-13
2.8199e-13
3.3149243e-13
3.5674945e-13
3.5185042e-13
3.1292058e-13
2.4025354e-13
1.4097625e-13
2.8882238e-14
-7.8836088e-14
-1.633867e-13
-2.0507245e-13
-1.9301524e-13
-1.403706e-13
-8.054719e-14
-4.0430866e-14
-2.2183289e-14
-1.3315602e-14
-4.7552745e-15
1.7583225e-14
5.2613289e-14
8.8267036e-14
1.2629831e-13
1.6747319e-13
2.0967692e-13
2.4725269e-13
2.7224897e-13
2.7717565e-13
2.5773732e-13
2.1382375e-13
1.489731e-13
7.0575122e-14
-9.1218218e-15
-7.4970512e-14
-1.1504255e-13
-1.257196e-13
-1.1054044e-13
-7.3149021e-14
-3.1745217e-14
2.5338734e-14
1.0240218e-13
1.8247711e-13
2.5488492e-13
3.0979695e-13
3.3852207e-13
3.3453171e-13
2.9465218e-13
2.2119044e-13
1.2341525e-13
1.5786623e-14
-8.5858091e-14
-1.6455438e-13
-2.0113037e-13
-1.8505459e-13
-1.3123747e-13
-7.4097262e-14
-3.8262652e-14
-2.2683094e-14
-1.4228564e-14
-5.0966814e-15
1.7592837e-14
5.2577261e-14
8.8121401e-14
1.2626679e-13
1.6843647e-13
2.1342209e-13
2.5634881e-13
2.8940359e-13
3.0420978e-13
2.9483092e-13
2.5972779e-13
2.0157595e-13
1.261311e-13
4.2284982e-14
-3.7569012e-14
-1.0002095e-13
-1.3555368e-13
-1.4171893e-13
-1.1436489e-13
-8.0287309e-14
-2.654861e-14
4.9779809e-14
1.3074678e-13
2.0544822e-13
2.6317753e-13
2.9439525e-13
2.9228064e-13
2.5443643e-13
1.8473169e-13
9.3639451e-14
-4.7880611e-15
-9.6779743e-14
-1.6717051e-13
-1.9694127e-13
-1.7601795e-13
-1.2133063e-13
-6.7725008e-14
-3.6575907e-14
-2.3476886e-14
-1.5182065e-14
-5.4244342e-15
1.7626705e-14
5.2618524e-14
8.8089766e-14
1.2631671e-13
1.6933143e-13
2.1681832e-13
2.6476247e-13
3.0573874e-13
3.3084116e-13
3.3257939e-13
3.0750921e-13
2.5709621e-13
1.8647738e-13
1.029915e-13
1.6195152e-14
-6.215666e-14
-1.2044462e-13
-1.5156809e-13
-1.4244777e-13
-1.2120826e-13
-7.9510499e-14
-1.2531631e-14
6.3333719e-14
1.3648472e-13
1.9505016e-13
2.2862163e-13
2.3014234e-13
1.9775372e-13
1.3621551e-13
5.6244693e-14
-2.9410702e-14
-1.0942763e-13
-1.700475e-13
-1.919323e-13
-1.6577805e-13
-1.1086647e-13
-6.1720359e-14
-3.5495423e-14
-2.4549371e-14
-1.6141623e-14
-5.7208362e-15
1.7682677e-14
5.2733054e-14
8.8170685e-14
1.2645924e-13
1.7019929e-13
2.1994865e-13
2.7257875e-13
3.2120397e-13
3.5672537e-13
3.7042954e-13
3.5682928e-13
3.1551819e-13
2.5084695e-13
1.6985857e-13
8.0775213e-14
-6.8723214e-15
-8.241259e-14
-1.3555916e-13
-1.5841113e-13
-1.5416366e-13
-1.3109007e-13
-7.9337924e-14
-1.2727932e-14
5.5963719e-14
1.1379228e-13
1.4968867e-13
1.5637562e-13
1.3219739e-13
8.2114354e-14
1.6240206e-14
-5.4663205e-14
-1.2179726e-13
-1.7213412e-13
-1.8561189e-13
-1.5430251e-13
-1.0015505e-13
-5.6394209e-14
-3.5112762e-14
-2.5861209e-14
-1.7069721e-14
-5.9790731e-15
1.7758518e-14
5.2914996e-14
8.8357716e-14
1.2669426e-13
1.7106171e-13
2.2287839e-13
2.7990224e-13
3.358479e-13
3.8165438e-13
4.0778714e-13
4.0694796e-13
3.7645969e-13
3.191273e-13
2.4177076e-13
1.5265363e-13
6.02559e-14
-2.663073e-14
-9.6321456e-14
-1.59349e-13
-1.7285888e-13
-1.6981055e-13
-1.3664113e-13
-8.2982046e-14
-2.2496706e-14
3.1883329e-14
6.8828468e-14
8.0811514e-14
6.599602e-14
2.8881571e-14
-2.1750433e-14
-7.7634202e-14
-1.3231058e-13
-1.7262286e-13
-1.7762379e-13
-1.4169429e-13
-8.9605772e-14
-5.2054752e-14
-3.5471386e-14
-2.7349596e-14
-1.7928425e-14
-6.1920308e-15
1.7851673e-14
5.3157066e-14
8.8640547e-14
1.2701181e-13
1.7191922e-13
2.2564143e-13
2.8681869e-13
3.4976368e-13
4.0555518e-13
4.4416293e-13
4.5691331e-13
4.3892239e-13
3.9079757e-13
3.1838901e-13
2.3033432e-13
1.3544445e-13
4.1559085e-14
-4.1071649e-14
-1.2555759e-13
-1.6248024e-13
-1.7427036e-13
-1.6390853e-13
-1.3023713e-13
-8.4131458e-14
-3.7895105e-14
-3.0093034e-15
1.2583153e-14
6.4223077e-15
-1.808124e-14
-5.4106327e-14
-9.6252447e-14
-1.399546e-13
-1.7098556e-13
-1.6777481e-13
-1.2822261e-13
-7.9717785e-14
-4.8974683e-14
-3.6553943e-14
-2.8931722e-14
-1.86827e-14
-6.3551625e-15
1.795934e-14
5.3450924e-14
8.9006121e-14
1.2739462e-13
1.7275426e-13
2.282368e-13
2.9337028e-13
3.6302992e-13
4.2842672e-13
4.7921816e-13
5.0579541e-13
5.0147891e-13
4.6450518e-13
3.9890214e-13
3.1306463e-13
2.1668753e-13
1.1814554e-13
2.5289825e-14
-3.7070296e-14
-1.0434941e-13
-1.3534462e-13
-1.5292127e-13
-1.4623153e-13
-1.2039209e-13
-8.7251819e-14
-5.825856e-14
-4.184167e-14
-4.1412155e-14
-5.5116341e-14
-7.8574262e-14
-1.0944276e-13
-1.4429586e-13
-1.6695156e-13
-1.5605786e-13
-1.1434651e-13
-7.104867e-14
-4.7351681e-14
-3.82759e-14
-3.0511985e-14
-1.9303876e-14
-6.4670122e-15
1.8078532e-14
5.378755e-14
8.9439787e-14
1.2782035e-13
1.7353339e-13
2.3062735e-13
2.9953963e-13
3.7566319e-13
4.5025747e-13
5.1270269e-13
5.5278321e-13
5.6257277e-13
5.3823584e-13
4.8152446e-13
3.9964601e-13
3.0278181e-13
2.0076049e-13
1.0088025e-13
5.2195034e-14
-2.7374895e-14
-7.8939302e-14
-1.1785804e-13
-1.363637e-13
-1.3202422e-13
-1.1436887e-13
-9.3996009e-14
-7.94316e-14
-7.4980657e-14
-8.0496711e-14
-9.4320712e-14
-1.1708802e-13
-1.4538085e-13
-1.6044768e-13
-1.4267287e-13
-1.0072043e-13
-6.415951e-14
-4.726892e-14
-4.0487522e-14
-3.1991556e-14
-1.9772482e-14
-6.529249e-15
1.8206105e-14
5.415736e-14
8.99259e-14
1.2826402e-13
1.7421314e-13
2.3274612e-13
3.0524804e-13
3.8758861e-13
4.7094937e-13
5.4435816e-13
5.9716853e-13
6.2071478e-13
6.0966547e-13
5.6357212e-13
4.8774619e-13
3.9196977e-13
2.8734148e-13
1.7897627e-13
9.1124805e-14
1.7137263e-15
-3.6555213e-14
-7.9737931e-14
-1.1275272e-13
-1.2545906e-13
-1.2206315e-13
-1.1104776e-13
-1.0014273e-13
-9.4071697e-14
-9.4232644e-14
-1.0178739e-13
-1.1986514e-13
-1.4356241e-13
-1.5154302e-13
-1.2806667e-13
-8.8171592e-14
-5.9534315e-14
-4.8664059e-14
-4.2987195e-14
-3.3279917e-14
-2.0080283e-14
-6.5464121e-15
1.8338842e-14
5.4550535e-14
9.044864e-14
1.2869963e-13
1.7474206e-13
2.3450022e-13
3.1035972e-13
3.9863847e-13
4.9029271e-13
5.7384383e-13
6.3826285e-13
6.7454129e-13
6.7649925e-13
6.4195192e-13
5.7408795e-13
4.8143429e-13
3.7544323e-13
2.6539222e-13
1.4437797e-13
4.0387374e-14
-8.4220048e-15
-4.6299522e-14
-8.3202969e-14
-1.0667173e-13
-1.145716e-13
-1.1226115e-13
-1.0591866e-13
-1.0014088e-13
-9.7639718e-14
-1.0238926e-13
-1.1895142e-13
-1.3928155e-13
-1.4042823e-13
-1.1297377e-13
-7.7629834e-14
-5.7487083e-14
-5.1318907e-14
-4.5545152e-14
-3.4305779e-14
-2.0230911e-14
-6.525337e-15
1.8473511e-14
5.495732e-14
9.0993166e-14
1.2910356e-13
1.7506885e-13
2.3578205e-13
3.1469265e-13
4.085533e-13
5.0794297e-13
6.0068774e-13
6.7533533e-13
7.2279665e-13
7.3662917e-13
7.1356127e-13
6.5487183e-13
5.6731564e-13
4.6180891e-13
3.5009197e-13
2.2243318e-13
1.0238215e-13
2.5045396e-14
-1.0625136e-14
-4.7912989e-14
-7.9097342e-14
-9.5838491e-14
-1.0118108e-13
-9.9700826e-14
-9.5603509e-14
-9.2903827e-14
-9.8200659e-14
-1.1569439e-13
-1.3289498e-13
-1.2747595e-13
-9.8440213e-14
-6.9998396e-14
-5.8074157e-14
-5.4875912e-14
-4.793337e-14
-3.502509e-14
-2.0238823e-14
-6.4743405e-15
1.8606842e-14
5.5367835e-14
9.1545064e-14
1.2945501e-13
1.7514529e-13
2.3647779e-13
3.1803533e-13
4.1701397e-13
5.234734e-13
6.2433039e-13
7.0761544e-13
7.6433207e-13
7.8825378e-13
7.7568477e-13
7.2647843e-13
6.4551242e-13
5.4251245e-13
4.2986316e-13
3.0571472e-13
1.8251695e-13
7.6631368e-14
3.4353649e-14
-7.682816e-15
-4.5229527e-14
-6.9425512e-14
-8.1442064e-14
-8.4751594e-14
-8.3299981e-14
-8.2732666e-14
-9.1569788e-14
-1.1121783e-13
-1.2459152e-13
-1.1336222e-13
-8.5774402e-14
-6.5976089e-14
-6.1043762e-14
-5.8886048e-14
-4.995804e-14
-3.5425682e-14
-2.0127227e-14
-6.4023915e-15
1.8735715e-14
5.5772644e-14
9.2091713e-14
1.297383e-13
1.7493053e-13
2.3647636e-13
3.201629e-13
4.236611e-13
5.3639012e-13
6.4414782e-13
7.3433359e-13
7.9814602e-13
8.2992945e-13
8.261484e-13
7.8582556e-13
7.121864e-13
6.1343463e-13
5.0143428e-13
3.7950714e-13
2.5629604e-13
1.3591051e-13
7.9773412e-14
3.3973599e-14
-8.1970914e-15
-3.8727336e-14
-5.6422626e-14
-6.4174065e-14
-6.6180566e-14
-7.0113607e-14
-8.4699626e-14
-1.0613163e-13
-1.1451843e-13
-9.9213098e-14
-7.6376142e-14
-6.5865298e-14
-6.5847301e-14
-6.2878096e-14
-5.1484329e-14
-3.5525713e-14
-1.9924751e-14
-6.3182376e-15
1.8857218e-14
5.6162933e-14
9.2622539e-14
1.2994529e-13
1.744003e-13
2.356841e-13
3.2085762e-13
4.2813165e-13
5.4619861e-13
6.5955302e-13
7.5483153e-13
8.2347554e-13
8.6067068e-13
8.635089e-13
8.3075369e-13
7.6437929e-13
6.7101793e-13
5.6139067e-13
4.418392e-13
3.1981837e-13
1.9972485e-13
1.193936e-13
7.3978372e-14
2.8896006e-14
-6.5819676e-15
-2.8939047e-14
-4.0735711e-14
-4.7285678e-14
-5.8035858e-14
-7.912211e-14
-1.0040944e-13
-1.0306467e-13
-8.6631188e-14
-7.1440883e-14
-6.943867e-14
-7.1722317e-14
-6.6432578e-14
-5.2449124e-14
-3.5367752e-14
-1.9661897e-14
-6.2297171e-15
1.8968661e-14
5.6530377e-14
9.3128743e-14
1.3007501e-13
1.7354734e-13
2.3403609e-13
3.1993495e-13
4.3010101e-13
5.5247199e-13
6.7006776e-13
7.6864116e-13
8.399035e-13
8.8004721e-13
8.871346e-13
8.6017324e-13
8.0037296e-13
7.1295638e-13
6.0722431e-13
4.9088579e-13
3.7115801e-13
2.5325442e-13
1.5905675e-13
1.1055195e-13
6.3650861e-14
2.4530699e-14
-1.3865077e-15
-1.708756e-14
-2.9775035e-14
-4.8983559e-14
-7.5280088e-14
-9.3676585e-14
-9.1250239e-14
-7.7507466e-14
-7.1607064e-14
-7.592835e-14
-7.7831161e-14
-6.9244292e-14
-5.2861883e-14
-3.5010813e-14
-1.9367884e-14
-6.1433036e-15
1.9067708e-14
5.6867322e-14
9.3602681e-14
1.3013361e-13
1.7238594e-13
2.3150234e-13
3.1725281e-13
4.2929202e-13
5.5483978e-13
6.7533395e-13
7.7552993e-13
8.4738748e-13
8.88187e-13
8.9717326e-13
8.7397777e-13
8.1950455e-13
7.3788043e-13
6.3702485e-13
5.2495174e-13
4.0882938e-13
2.9430032e-13
1.9461694e-13
1.4204454e-13
9.4372703e-14
5.3092974e-14
2.4467306e-14
4.1218473e-15
-1.6588856e-14
-4.4226201e-14
-7.2486454e-14
-8.5812734e-14
-8.0868208e-14
-7.3538637e-14
-7.6683055e-14
-8.4163442e-14
-8.3414022e-14
-7.1152687e-14
-5.2788907e-14
-3.451957e-14
-1.9068033e-14
-6.0638774e-15
1.9152539e-14
5.7167218e-14
9.4038422e-14
1.301347e-13
1.7095521e-13
2.2810324e-13
3.127429e-13
4.2552944e-13
5.5309815e-13
6.7524583e-13
7.7561376e-13
8.4636786e-13
8.8590465e-13
8.9476676e-13
8.7348554e-13
8.2305251e-13
7.467956e-13
6.5134068e-13
5.4436225e-13
4.3295416e-13
3.2305057e-13
2.2395739e-13
1.6685476e-13
1.1911589e-13
7.7352109e-14
4.6238132e-14
1.9805225e-14
-9.8201974e-15
-4.3376587e-14
-6.9552353e-14
-7.764849e-14
-7.4233248e-14
-7.565664e-14
-8.5616257e-14
-9.2823883e-14
-8.7910599e-14
-7.2139568e-14
-5.2333212e-14
-3.3956357e-14
-1.8782636e-14
-5.9947178e-15
1.9221798e-14
5.7424655e-14
9.4431839e-14
1.3009836e-13
1.6931796e-13
2.2391053e-13
3.0641081e-13
4.1872612e-13
5.4713933e-13
6.6981069e-13
7.6916402e-13
8.375001e-13
8.7426723e-13
8.8127653e-13
8.6009923e-13
8.1218419e-13
7.4049955e-13
6.5060889e-13
5.4940366e-13
4.4362307e-13
3.3955317e-13
2.4591959e-13
1.854359e-13
1.3835102e-13
9.6866202e-14
6.2067259e-14
2.7948806e-14
-9.4635582e-15
-4.4592732e-14
-6.5855168e-14
-7.1185461e-14
-7.3414904e-14
-8.3576166e-14
-9.6715362e-14
-1.0071115e-13
-9.1019894e-14
-7.2300597e-14
-5.1611665e-14
-3.3374351e-14
-1.8526137e-14
-5.9376581e-15
1.92746e-14
5.7635182e-14
9.4779124e-14
1.3004797e-13
1.6755926e-13
2.1905675e-13
2.9836642e-13
4.0893828e-13
5.3705373e-13
6.5932026e-13
7.5683434e-13
8.219471e-13
8.5510973e-13
8.5934454e-13
8.3725116e-13
7.9083114e-13
7.2292363e-13
6.3835326e-13
5.4320189e-13
4.4339561e-13
3.4488341e-13
2.5988425e-13
2.0013707e-13
1.5187976e-13
1.0911422e-13
6.8948133e-14
2.7408462e-14
-1.3923681e-14
-4.6050111e-14
-6.2298882e-14
-6.90654e-14
-7.9368842e-14
-9.5784703e-14
-1.0808449e-13
-1.0696097e-13
-9.269146e-14
-7.180145e-14
-5.0737586e-14
-3.2815585e-14
-1.8307008e-14
-5.8933531e-15
1.9310093e-14
5.7795321e-14
9.5076026e-14
1.300061e-13
1.6577743e-13
2.1371912e-13
2.887866e-13
3.9627286e-13
5.2292888e-13
6.4398743e-13
7.3909141e-13
8.0048131e-13
8.29471e-13
8.3016381e-13
8.0621345e-13
7.6041047e-13
6.9572129e-13
6.1631477e-13
5.2735463e-13
4.3397503e-13
3.4197706e-13
2.6632822e-13
2.104957e-13
1.5979041e-13
1.1345148e-13
6.7110525e-14
2.0644187e-14
-1.9931085e-14
-4.6922131e-14
-6.1143589e-14
-7.3374077e-14
-9.1377723e-14
-1.099368e-13
-1.1804904e-13
-1.1112532e-13
-9.3065182e-14
-7.0833076e-14
-4.9807179e-14
-3.2309409e-14
-1.8130186e-14
-5.8626747e-15
1.9330136e-14
5.7904975e-14
9.5319177e-14
1.2999397e-13
1.640839e-13
2.0813907e-13
2.7799004e-13
3.8105598e-13
5.0514477e-13
6.2440488e-13
7.1691962e-13
7.7468912e-13
7.9982964e-13
7.9732027e-13
7.7150973e-13
7.2575586e-13
6.6336533e-13
5.8840815e-13
5.0545036e-13
4.1872926e-13
3.3372616e-13
2.6647546e-13
2.1527409e-13
1.5892389e-13
1.076042e-13
5.6706304e-14
9.8102064e-15
-2.6231856e-14
-4.8933566e-14
-6.5226748e-14
-8.4598336e-14
-1.071937e-13
-1.2352262e-13
-1.2546249e-13
-1.1314338e-13
-9.2390614e-14
-6.9576521e-14
-4.8893419e-14
-3.18733e-14
-1.7995805e-14
-5.8417173e-15
1.9335921e-14
5.7964522e-14
9.5504429e-14
1.3002425e-13
1.6257902e-13
2.0256415e-13
2.663129e-13
3.6358164e-13
4.8392007e-13
6.0079483e-13
6.9054368e-13
7.4460511e-13
7.6580729e-13
7.6010511e-13
7.3268319e-13
6.8738498e-13
6.274148e-13
5.5629021e-13
4.7814594e-13
3.9715942e-13
3.1922073e-13
2.5888804e-13
2.1120096e-13
1.4926713e-13
9.4250911e-14
4.2477797e-14
-9.0170592e-16
-3.1986408e-14
-5.4081684e-14
-7.5777873e-14
-1.0101436e-13
-1.2370214e-13
-1.3446151e-13
-1.2979125e-13
-1.1323234e-13
-9.0953872e-14
-6.8184069e-14
-4.8046749e-14
-3.151558e-14
-1.7901946e-14
-5.8310659e-15
1.932896e-14
5.797659e-14
9.5629076e-14
1.301058e-13
1.6136701e-13
1.9730646e-13
2.5427705e-13
3.4446346e-13
4.5992499e-13
5.7406585e-13
6.6142837e-13
7.1258228e-13
7.3081109e-13
7.2262041e-13
6.9361753e-13
6.4825359e-13
5.9025539e-13
5.2301365e-13
4.4970739e-13
3.7354769e-13
3.0081502e-13
2.4512532e-13
1.9975948e-13
1.3187624e-13
7.5466374e-14
2.6341693e-14
-1.2044868e-14
-4.0406165e-14
-6.5311739e-14
-9.2507497e-14
-1.1957897e-13
-1.3792601e-13
-1.4146203e-13
-1.3103055e-13
-1.1175453e-13
-8.9019553e-14
-6.6768184e-14
-4.7296607e-14
-3.1237215e-14
-1.7844589e-14
-5.8288087e-15
1.9311903e-14
5.7945546e-14
9.5689363e-14
1.3022904e-13
1.6049972e-13
1.9259941e-13
2.423079e-13
3.2413029e-13
4.3337601e-13
5.440899e-13
6.2885262e-13
6.7689598e-13
6.9211493e-13
6.8206946e-13
6.5274637e-13
6.0841282e-13
5.5247114e-13
4.8809663e-13
4.1836593e-13
3.4606822e-13
2.7771348e-13
2.2506818e-13
1.7921183e-13
1.0827358e-13
5.4984764e-14
1.0979083e-14
-2.3301081e-14
-5.2203192e-14
-8.1581938e-14
-1.1181739e-13
-1.3622416e-13
-1.4749742e-13
-1.4402286e-13
-1.2953103e-13
-1.0911674e-13
-8.6811155e-14
-6.5408866e-14
-4.6658604e-14
-3.1034932e-14
-1.7818779e-14
-5.8328798e-15
1.9287835e-14
5.7878605e-14
9.5687702e-14
1.3039127e-13
1.6004383e-13
1.8875536e-13
2.3107877e-13
3.0351934e-13
4.0539998e-13
5.1252272e-13
5.9566304e-13
6.4184541e-13
6.5462094e-13
6.4221636e-13
6.1143795e-13
5.6730151e-13
5.1346969e-13
4.5274875e-13
3.8745186e-13
3.1942122e-13
2.5415266e-13
2.0369911e-13
1.6068844e-13
8.4607511e-14
3.594487e-14
-3.9938682e-15
-3.7466771e-14
-6.9398981e-14
-1.0188338e-13
-1.3057861e-13
-1.4825334e-13
-1.5143218e-13
-1.4237525e-13
-1.2582116e-13
-1.0568394e-13
-8.4487175e-14
-6.4149142e-14
-4.613406e-14
-3.0901346e-14
-1.7818723e-14
-5.8413198e-15
1.9259912e-14
5.778322e-14
9.5621951e-14
1.3055562e-13
1.5995466e-13
1.858719e-13
2.2094906e-13
2.8301634e-13
3.7580239e-13
4.7793484e-13
5.5881582e-13
6.0312734e-13
6.1429759e-13
6.0120099e-13
5.7038003e-13
5.2638871e-13
4.7286692e-13
4.1288717e-13
3.4921508e-13
2.846134e-13
2.2592264e-13
1.7782608e-13
1.3470028e-13
5.8425404e-14
1.5846444e-14
-2.1302955e-14
-5.5377793e-14
-8.9312734e-14
-1.2089086e-13
-1.4369145e-13
-1.5289089e-13
-1.4917745e-13
-1.3696873e-13
-1.2042542e-13
-1.0175989e-13
-8.2167865e-14
-6.3019745e-14
-4.5722434e-14
-3.0829307e-14
-1.7838947e-14
-5.8523034e-15
1.9231856e-14
5.7671306e-14
9.550755e-14
1.3072783e-13
1.6026176e-13
1.8419644e-13
2.1270526e-13
2.6415705e-13
3.4704585e-13
4.4424103e-13
5.2408413e-13
5.6725362e-13
5.7572837e-13
5.5990555e-13
5.2779121e-13
4.8414779e-13
4.3207477e-13
3.7387526e-13
3.1157222e-13
2.4677926e-13
1.9152941e-13
1.5328922e-13
1.0540482e-13
3.9020647e-14
-8.388428e-16
-3.8017838e-14
-7.4004002e-14
-1.0812585e-13
-1.3512346e-13
-1.4945777e-13
-1.5031197e-13
-1.4175766e-13
-1.2874979e-13
-1.138987e-13
-9.7580051e-14
-7.9919186e-14
-6.2021651e-14
-4.541033e-14
-3.0807629e-14
-1.7873177e-14
-5.8639457e-15
1.9206609e-14
5.7550463e-14
9.534092e-14
1.3084401e-13
1.6079794e-13
1.8352875e-13
2.0620678e-13
2.4643585e-13
3.170075e-13
4.0663013e-13
4.8487108e-13
5.2896041e-13
5.3788176e-13
5.2151951e-13
4.882257e-13
4.4323233e-13
3.9008299e-13
3.3117724e-13
2.6797264e-13
2.0281634e-13
1.5031844e-13
1.1784496e-13
6.7789774e-14
1.4555108e-14
-2.250887e-14
-5.9633194e-14
-9.4548979e-14
-1.2373208e-13
-1.4165489e-13
-1.4604056e-13
-1.40073e-13
-1.294867e-13
-1.1816729e-13
-1.0654898e-13
-9.3288624e-14
-7.7788355e-14
-6.1163877e-14
-4.5194953e-14
-3.0830546e-14
-1.7916987e-14
-5.8747759e-15
1.9188269e-14
5.7438208e-14
9.5161833e-14
1.3095763e-13
1.6163085e-13
1.8417793e-13
2.0275427e-13
2.3328593e-13
2.9202574e-13
3.7369589e-13
4.4937212e-13
4.9258337e-13
4.997303e-13
4.8173612e-13
4.4816909e-13
4.039811e-13
3.5215685e-13
2.9486796e-13
2.3399442e-13
1.7306961e-13
1.258061e-13
9.609596e-14
4.682263e-14
-5.6107704e-16
-3.7476321e-14
-7.3818059e-14
-1.0548882e-13
-1.274878e-13
-1.3603108e-13
-1.3263752e-13
-1.232653e-13
-1.1374787e-13
-1.0615606e-13
-9.8819098e-14
-8.9037668e-14
-7.5803069e-14
-6.0432013e-14
-4.5055354e-14
-3.0883796e-14
-1.7963678e-14
-5.8830531e-15
1.9178039e-14
5.733502e-14
9.495151e-14
1.3096298e-13
1.623989e-13
1.8521288e-13
2.0031609e-13
2.2055939e-13
2.6479469e-13
3.3619006e-13
4.1089692e-13
4.5817714e-13
4.6761802e-13
4.4862404e-13
4.1281309e-13
3.6681386e-13
3.1430295e-13
2.5785996e-13
1.9999717e-13
1.47793e-13
1.1430768e-13
8.3413078e-14
2.0725843e-14
-2.2533747e-14
-5.8271532e-14
-9.1325301e-14
-1.1564436e-13
-1.2686439e-13
-1.246059e-13
-1.1413966e-13
-1.0303267e-13
-9.6182878e-14
-9.3430856e-14
-9.0984163e-14
-8.4916392e-14
-7.3978583e-14
-5.9824519e-14
-4.4991632e-14
-3.0967088e-14
-1.8012087e-14
-5.8883072e-15
1.9180966e-14
5.7264766e-14
9.4784578e-14
1.3103899e-13
1.635274e-13
1.8790214e-13
2.0265583e-13
2.1680308e-13
2.483302e-13
3.059483e-13
3.7331007e-13
4.2064129e-13
4.3237409e-13
4.1485167e-13
3.8031634e-13
3.3583124e-13
2.8515184e-13
2.3166707e-13
1.7876266e-13
1.3623799e-13
1.0746639e-13
7.1209868e-14
9.3811983e-15
-3.1673735e-14
-6.4278352e-14
-9.0656132e-14
-1.0544822e-13
-1.0639192e-13
-9.6575968e-14
-8.3718541e-14
-7.5449699e-14
-7.4787638e-14
-7.9095926e-14
-8.2677149e-14
-8.0780309e-14
-7.2267839e-14
-5.9321592e-14
-4.4982954e-14
-3.1063805e-14
-1.8054812e-14
-5.8892376e-15
1.9195402e-14
5.7225481e-14
9.459844e-14
1.309099e-13
1.640369e-13
1.8928389e-13
2.0278985e-13
2.1010901e-13
2.2945354e-13
2.7571141e-13
3.3911631e-13
3.8971632e-13
4.0546882e-13
3.8806479e-13
3.5140794e-13
3.0582137e-13
2.5595364e-13
2.0482564e-13
1.5492031e-13
1.1743571e-13
9.1968819e-14
4.5187964e-14
-8.9255782e-15
-4.6918047e-14
-7.5442745e-14
-9.4569456e-14
-9.9459138e-14
-9.0457559e-14
-7.3860697e-14
-5.9084207e-14
-5.330782e-14
-5.7740346e-14
-6.7734498e-14
-7.6141014e-14
-7.756995e-14
-7.0952573e-14
-5.8957904e-14
-4.5025839e-14
-3.1178302e-14
-1.8097226e-14
-5.8899635e-15
1.9205549e-14
5.7228439e-14
9.4550653e-14
1.3105763e-13
1.6539251e-13
1.936122e-13
2.1054901e-13
2.1606137e-13
2.2195433e-13
2.4617103e-13
2.9223912e-13
3.3989114e-13
3.6339592e-13
3.5446144e-13
3.2220298e-13
2.7859481e-13
2.3081957e-13
1.8226635e-13
1.3786914e-13
1.0646494e-13
7.767388e-14
3.051272e-14
-1.4019418e-14
-4.3636444e-14
-6.1376429e-14
-6.6641297e-14
-5.7786931e-14
-3.9054294e-14
-1.9461063e-14
-8.6958613e-15
-1.2077693e-14
-2.7941807e-14
-4.8856513e-14
-6.5778601e-14
-7.2720832e-14
-6.9142991e-14
-5.8575009e-14
-4.5140592e-14
-3.1321485e-14
-1.8147857e-14
-5.8963364e-15
-1.5017679e-20
-4.3263178e-19
-1.756138e-18
-1.6235643e-18
1.769126e-17
1.2780045e-16
5.2165939e-16
1.5451164e-15
3.5100303e-15
6.1871583e-15
8.4948134e-15
9.2957803e-15
8.525087e-15
6.3171456e-15
2.2331085e-15
-1.8855096e-15
-2.5292703e-15
-1.1424575e-15
-2.1076737e-15
-3.342779e-15
-3.1329249e-15
-3.902767e-15
-2.1461624e-15
6.1528739e-16
-1.113554e-14
-2.4129687e-14
-1.906862e-14
-1.9514819e-15
1.2551689e-14
1.590487e-14
1.1365624e-14
5.6996429e-15
2.1553565e-15
6.3510351e-16
1.4672554e-16
2.4790112e-17
1.4621602e-18
-1.1758548e-18
-6.9598839e-19
-1.8609796e-19
1.6883363e-21
4.044037e-19
1.4081179e-18
1.3570518e-18
-1.3269486e-17
-1.0403515e-16
-4.7119311e-16
-1.5913828e-15
-4.2336531e-15
-8.9420113e-15
-1.4860512e-14
-1.926917e-14
-1.9797036e-14
-1.6941151e-14
-1.1522025e-14
-2.7822645e-15
5.1632446e-15
5.3322868e-15
1.7749547e-15
3.5034733e-15
5.595566e-15
6.3595177e-15
6.9871238e-15
3.7575481e-15
-3.0909618e-15
1.8625479e-14
4.3011294e-14
3.0260548e-14
-6.51857e-15
-3.7000208e-14
-4.2568759e-14
-3.0303938e-14
-1.56003e-14
-6.1786166e-15
-1.9530115e-15
-5.0994435e-16
-1.1472628e-16
-2.2994664e-17
-3.7614047e-18
-7.0904446e-20
3.3627528e-19
1.5869286e-19
2.4768299e-19
1.4333353e-18
8.2652869e-18
4.5831386e-17
2.1175823e-16
8.0025953e-16
2.4863442e-15
6.3096624e-15
1.2857991e-14
2.0600092e-14
2.5549723e-14
2.4872278e-14
2.0257683e-14
1.32391e-14
2.1902412e-15
-7.5601677e-15
-6.7636554e-15
-1.758802e-15
-4.3365747e-15
-6.7605846e-15
-8.5262573e-15
-8.2147589e-15
-4.9528536e-15
6.392248e-15
-1.8957862e-14
-4.8554705e-14
-3.0205639e-14
1.7409056e-14
5.6090317e-14
6.1562951e-14
4.3565373e-14
2.2686172e-14
9.1790985e-15
2.9605393e-15
7.738875e-16
1.6877873e-16
3.3180063e-17
7.145347e-18
2.1291828e-18
7.9041607e-19
2.4324343e-19
4.9608534e-19
6.8734404e-19
-9.3545409e-18
-7.6200463e-17
-3.7283424e-16
-1.4121033e-15
-4.3420201e-15
-1.0853841e-14
-2.1752698e-14
-3.4268968e-14
-4.1744118e-14
-3.9811675e-14
-3.1912418e-14
-2.0762706e-14
-3.0079355e-15
1.2606097e-14
1.0652487e-14
2.3588617e-15
6.9456935e-15
1.0630473e-14
1.2879936e-14
1.2847753e-14
8.7361752e-15
-1.1562329e-14
2.7090717e-14
7.2654385e-14
4.1830401e-14
-3.2283165e-14
-9.0641968e-14
-9.6323686e-14
-6.6750289e-14
-3.438331e-14
-1.3977935e-14
-4.6167001e-15
-1.2502988e-15
-2.7768413e-16
-4.9878629e-17
-5.9329885e-18
7.3802033e-19
9.8950947e-19
3.6832954e-19
9.4177813e-19
7.2310703e-18
3.5984055e-17
1.5814836e-16
6.263117e-16
2.1709584e-15
6.4033517e-15
1.5686024e-14
3.11413e-14
4.8720542e-14
5.8470978e-14
5.3936521e-14
4.1504144e-14
2.6517194e-14
2.6234088e-15
-1.850407e-14
-1.4231624e-14
-2.1878283e-15
-9.7325993e-15
-1.4421602e-14
-1.7309889e-14
-1.7115881e-14
-1.3526655e-14
1.9502005e-14
-2.9926254e-14
-8.6939818e-14
-3.6162514e-14
6.5882075e-14
1.3943337e-13
1.3706129e-13
8.9601577e-14
4.3714809e-14
1.6958453e-14
5.447291e-15
1.4784132e-15
3.4208528e-16
7.2316078e-17
1.7970375e-17
6.3148114e-18
2.4855778e-18
6.5708396e-19
-3.4368514e-19
-3.6897071e-18
-3.0523237e-17
-1.7494369e-16
-7.7949244e-16
-2.8555268e-15
-8.7030912e-15
-2.1906434e-14
-4.4610994e-14
-7.1207465e-14
-8.6012739e-14
-7.8039522e-14
-5.8545433e-14
-3.8157419e-14
-4.5216468e-15
2.6991972e-14
2.0295888e-14
2.6506278e-15
1.5664104e-14
2.2554111e-14
2.6477912e-14
2.5980699e-14
2.2842691e-14
-3.0300049e-14
4.2366013e-14
1.2364963e-13
4.4584494e-14
-9.916975e-14
-1.9695899e-13
-1.8464559e-13
-1.1371113e-13
-5.1275076e-14
-1.7964676e-14
-5.1148859e-15
-1.2213463e-15
-2.3309309e-16
-2.0865637e-17
9.4597877e-18
6.946195e-18
2.9521512e-18
7.5396612e-19
1.5475875e-18
1.2655431e-17
6.0804018e-17
2.5636657e-16
1.0038834e-15
3.5446788e-15
1.091977e-14
2.8403086e-14
6.0028502e-14
9.8597586e-14
1.2009027e-13
1.0607116e-13
7.5868843e-14
5.0432118e-14
6.7503433e-15
-3.8147765e-14
-2.7600093e-14
-2.1116526e-15
-2.3268997e-14
-3.2388359e-14
-3.7482186e-14
-3.6329924e-14
-3.5215997e-14
4.744048e-14
-5.516977e-14
-1.6089677e-13
-3.6868871e-14
1.5525549e-13
2.7356367e-13
2.4011177e-13
1.3785305e-13
5.6659436e-14
1.7201905e-14
3.8555427e-15
6.478123e-16
1.1129638e-16
3.8780439e-17
1.9008125e-17
8.866415e-18
3.648333e-18
9.4613357e-19
-1.2003091e-18
-4.121521e-18
-2.5904685e-17
-1.6659135e-16
-8.3794418e-16
-3.4671714e-15
-1.1988103e-14
-3.3991949e-14
-7.6525494e-14
-1.3134815e-13
-1.636259e-13
-1.4285945e-13
-9.90502e-14
-7.0052812e-14
-1.4550674e-14
5.2418554e-14
3.8140146e-14
1.7257255e-15
3.6726243e-14
4.9818239e-14
5.697904e-14
5.4303301e-14
5.4587076e-14
-7.3872434e-14
8.0246697e-14
2.258773e-13
4.5629429e-14
-1.9736315e-13
-3.3441724e-13
-2.7632428e-13
-1.4739633e-13
-5.5433849e-14
-1.4602143e-14
-2.1468306e-15
2.4649562e-16
3.0197685e-16
1.3198452e-16
4.797896e-17
1.7307525e-17
5.82283e-18
1.3038529e-18
8.0099631e-20
7.0399137e-18
4.0517261e-17
1.7738188e-16
7.7956355e-16
3.3063674e-15
1.2248158e-14
3.7265157e-14
8.9513269e-14
1.6275623e-13
2.1201811e-13
1.8780732e-13
1.2780925e-13
9.6481075e-14
2.850889e-14
-7.0913525e-14
-5.1439247e-14
1.2068458e-15
-5.5357994e-14
-7.3330556e-14
-8.3645177e-14
-7.8946534e-14
-7.9229333e-14
1.1817072e-13
-1.1134349e-13
-2.9768949e-13
-3.8455926e-14
2.4392142e-13
3.7726441e-13
2.7839479e-13
1.298688e-13
4.2451393e-14
1.0160687e-14
1.7905478e-15
2.1925315e-16
3.3674482e-17
3.4789065e-17
2.9567654e-17
1.5505293e-17
5.7033717e-18
1.2561021e-18
-1.3253372e-18
1.896322e-18
1.5996216e-17
1.2152349e-17
-2.4972577e-16
-1.9412904e-15
-9.2688113e-15
-3.3140292e-14
-9.0573008e-14
-1.8417716e-13
-2.6446317e-13
-2.5078196e-13
-1.7477978e-13
-1.3585991e-13
-5.5986175e-14
9.1828909e-14
6.7765619e-14
-6.4350623e-15
8.7815152e-14
1.1384278e-13
1.2993698e-13
1.2216154e-13
1.1252298e-13
-1.9040317e-13
1.5534374e-13
3.8185647e-13
3.3339978e-14
-2.8107718e-13
-3.7679139e-13
-2.254566e-13
-7.273189e-14
-9.8141627e-15
1.9497964e-15
1.1312072e-15
1.974438e-16
6.1116148e-17
7.0458565e-17
4.7431093e-17
2.0817568e-17
6.9740362e-18
1.4457215e-18
-2.5900219e-18
-2.3021883e-18
8.3159449e-18
3.0084152e-17
1.0529716e-16
7.3619479e-16
4.9392815e-15
2.3691715e-14
8.0536406e-14
1.9397271e-13
3.2122219e-13
3.4516611e-13
2.4926458e-13
1.8079651e-13
9.7918488e-14
-1.1317581e-13
-8.386508e-14
1.8253087e-14
-1.4430686e-13
-1.8195236e-13
-2.0770192e-13
-1.9442628e-13
-1.4538003e-13
3.0871544e-13
-2.1091288e-13
-4.5693916e-13
-6.7965773e-14
3.5152888e-13
3.3772518e-13
1.3170162e-13
1.653364e-15
-2.3932662e-14
-1.368932e-14
-3.9754911e-15
-2.6318386e-16
3.9299879e-16
2.5710127e-16
1.0146931e-16
3.2557417e-17
9.2211774e-18
1.6751713e-18
-3.2651562e-18
-1.2694529e-18
2.7289851e-17
1.3158517e-16
4.4320049e-16
9.8862716e-16
4.869193e-17
-1.1584711e-14
-6.0458747e-14
-1.8420638e-13
-3.6581632e-13
-4.6032565e-13
-3.5720196e-13
-2.4887969e-13
-1.6473312e-13
1.2301191e-13
8.7124788e-14
-4.4163509e-14
2.607166e-13
3.2100205e-13
3.6204533e-13
3.2686182e-13
1.477075e-13
-5.0296303e-13
2.7164674e-13
5.1774778e-13
-2.0908222e-15
-2.9737639e-13
-1.7505728e-13
2.1642624e-15
5.0880234e-14
3.3236594e-14
1.3545235e-14
4.8013022e-15
1.7781725e-15
6.6290077e-16
2.2757386e-16
7.5666345e-17
2.6785695e-17
8.4143689e-18
1.4154657e-18
-4.9537816e-18
-7.0758712e-18
4.6029517e-18
1.2299437e-17
-4.586392e-17
-2.4405197e-16
-1.9005935e-16
4.7230151e-15
3.6431579e-14
1.4649461e-13
3.6288218e-13
5.4897877e-13
4.8864615e-13
3.369988e-13
2.7958578e-13
-1.0564718e-13
-2.60031e-14
1.4810848e-13
-4.7313286e-13
-6.0413525e-13
-6.7800462e-13
-5.5382968e-13
3.5310215e-14
8.2466313e-13
-3.0457376e-13
-5.5107405e-13
-8.3928135e-14
3.5813385e-14
-1.0735608e-13
-1.4991794e-13
-8.3328151e-14
-2.0740491e-14
1.968053e-15
3.7281068e-15
1.6187222e-15
4.6582353e-16
1.3717037e-16
6.109185e-17
2.8873378e-17
9.3001046e-18
1.3389885e-18
-6.5857847e-18
-1.0495531e-17
5.8847424e-18
2.7874577e-17
-3.401949e-18
8.4624163e-17
1.4822538e-15
5.569378e-15
2.9209035e-15
-5.491852e-14
-2.5013918e-13
-5.357687e-13
-6.1337283e-13
-4.7776113e-13
-4.7537916e-13
9.2227716e-14
-1.6369979e-13
-6.8301682e-13
2.1135631e-10
2.3465497e-10
5.1088506e-11
2.232013e-10
-9.9483573e-13
-1.361857e-12
2.2377877e-13
6.8287831e-13
3.4563006e-13
4.6019514e-13
5.04287e-13
3.2023598e-13
1.2183887e-13
2.5116712e-14
-8.5613207e-16
-3.0653867e-15
-1.3795375e-15
-2.7444254e-16
6.8988773e-17
8.704261e-17
4.0882504e-17
1.1018925e-17
1.1659056e-18
-8.5365614e-18
-1.4965316e-17
1.2377183e-17
9.9221922e-17
1.5928952e-16
-3.1502111e-16
-2.9539147e-15
-1.2282755e-14
-3.4847483e-14
-5.3583908e-14
3.0145136e-14
3.2559893e-13
6.0903798e-13
5.7354623e-13
7.2212884e-13
-4.1356314e-13
1.169565e-10
2.8211682e-10
-2.3804389e-10
-3.27396e-09
-4.4982558e-09
-1.9182971e-09
1.6072739e-10
-5.5104918e-10
-1.4196568e-13
-1.2823967e-12
-1.0058512e-12
-1.2037722e-12
-8.298581e-13
-3.419073e-13
-9.2226121e-14
-2.2308203e-14
-9.287992e-15
-4.3877406e-15
-1.134076e-15
1.4359678e-16
2.8389188e-16
1.5042342e-16
5.0745243e-17
1.0707151e-17
5.6845898e-19
-1.0834233e-17
-2.2980457e-17
-6.5853079e-19
1.2869128e-16
4.7771394e-16
1.0568059e-15
2.1272257e-15
7.7710013e-15
3.5100063e-14
1.1098696e-13
1.9216039e-13
5.5917109e-14
-3.4410176e-13
-3.5624814e-13
-8.484654e-13
-1.4621115e-09
6.1597507e-09
8.884521e-10
-2.3252723e-09
-2.9614562e-11
1.8544774e-09
2.9620325e-09
6.7207028e-11
2.8476202e-12
1.6908273e-12
1.878017e-12
8.6743766e-13
1.8850202e-13
7.0185148e-16
-1.0372169e-14
-1.6063544e-16
3.4050029e-15
2.8515289e-15
1.4898806e-15
5.8201213e-16
1.8341925e-16
4.7226552e-17
8.011883e-18
-3.2162894e-19
-1.3145536e-17
-3.209883e-17
-3.1892428e-17
3.8352583e-17
3.692414e-16
1.3652169e-15
3.4490069e-15
5.7579448e-15
-2.4697956e-15
-6.8176674e-14
-2.598667e-13
-4.1309199e-13
-4.6858431e-14
-3.4586137e-13
1.2728945e-09
1.1153787e-08
3.7479908e-09
1.5043794e-08
3.298979e-09
-5.3905959e-13
-2.5941423e-12
-6.9129643e-13
1.2229326e-14
5.7034747e-14
2.3173771e-14
1.1472927e-14
7.365873e-15
3.8036775e-15
1.4243699e-15
4.1711834e-16
1.1210895e-16
3.0156024e-17
4.7058693e-18
-1.2982462e-18
-1.5343928e-17
-3.8800644e-17
-5.2882608e-17
-6.9576843e-17
-5.2958877e-17
2.5056867e-16
1.0214404e-15
7.7226225e-16
-1.8998139e-15
2.4649143e-14
2.2896516e-13
6.7076535e-13
7.5134421e-14
-2.4319348e-12
3.9382309e-09
3.7770714e-09
7.0068134e-10
3.8329947e-09
8.3572403e-12
4.023189e-12
5.9760628e-14
-2.0484235e-13
-1.9064294e-14
2.5849836e-14
1.6856656e-14
6.3755607e-15
1.4944928e-15
1.1832264e-16
-1.4624482e-17
2.4145173e-17
2.1029984e-17
3.1794774e-18
-2.3730429e-18
-1.7717095e-17
-4.4414727e-17
-5.3106045e-17
-7.7536232e-17
-2.6747621e-16
-8.185337e-16
-1.8842925e-15
-3.7440448e-15
-5.2752277e-15
-1.2780247e-14
-1.8241414e-13
-1.1665803e-12
-1.9050521e-12
-1.4756381e-10
6.0287821e-09
3.3314002e-09
6.875637e-09
6.750194e-10
-1.3496677e-12
1.4298747e-12
2.5811492e-13
-2.1991183e-14
-1.3898209e-14
-3.1646025e-15
-2.93343e-15
-2.4161683e-15
-1.0479151e-15
-2.0052682e-16
3.3679609e-17
3.1971832e-17
2.5265242e-18
-3.8673596e-18
-2.0376979e-17
-5.2586884e-17
-5.1498304e-17
-2.2480965e-18
-4.3197547e-17
-5.1630051e-16
-1.4747036e-15
-1.918191e-15
-3.6541911e-15
-3.558488e-14
-1.1999549e-13
6.902979e-13
3.7816482e-12
1.2881266e-11
5.8567653e-09
4.1809515e-09
1.7779595e-09
-1.2216433e-11
-2.5037616e-12
2.3986472e-13
1.1504357e-13
7.2451003e-15
-1.0577924e-14
-8.0738829e-15
-3.4935546e-15
-7.5540356e-16
9.0566095e-17
1.3711726e-16
4.8348501e-17
-9.7142043e-19
-6.0437218e-18
-2.2993159e-17
-6.3959817e-17
-6.8798542e-17
4.5653719e-17
3.1271969e-16
5.7891876e-16
8.8512689e-16
2.2762595e-15
4.868969e-15
2.3131431e-14
3.3007875e-13
1.7861357e-12
2.4966436e-12
8.9070363e-10
7.0243682e-09
2.6668096e-10
2.9960324e-09
-1.4796517e-11
-6.2717098e-12
-1.088789e-12
-3.7543364e-14
3.3594754e-15
-8.8729955e-15
-5.4021254e-15
-7.7693559e-16
7.0693575e-16
5.5595981e-16
2.204294e-16
4.5714863e-17
-9.5511361e-18
-8.7599683e-18
-2.5165607e-17
-7.57496e-17
-1.0468615e-16
-4.2150883e-19
4.3887445e-16
1.3634406e-15
2.8872078e-15
6.0659402e-15
2.0082872e-14
1.218009e-13
7.0526727e-13
1.5972414e-12
-2.7303353e-12
9.6648566e-10
6.1256974e-09
-1.0681259e-11
5.1160695e-11
2.6008555e-09
-6.5412398e-12
-5.9217395e-12
-2.2107779e-12
-3.2043784e-13
-2.9815332e-14
-1.5870912e-15
2.8555031e-15
3.3915305e-15
1.9563278e-15
7.2372216e-16
1.8933639e-16
1.6658212e-17
-2.1536344e-17
-1.1585342e-17
-2.6815832e-17
-8.4892106e-17
-1.4254526e-16
-1.1602589e-16
2.3776357e-16
1.2401226e-15
2.991415e-15
6.4192622e-15
2.8899647e-14
1.8908523e-13
8.4366084e-13
1.1134068e-12
-4.9499372e-12
-3.3035631e-11
3.6080726e-09
8.3516086e-10
5.4094887e-09
1.9435301e-11
-2.9037098e-12
-5.0190153e-12
-2.7068069e-12
-6.4892578e-13
-8.5288352e-14
4.5327881e-15
1.0310931e-14
5.503136e-15
1.8449984e-15
4.215845e-16
6.0920511e-17
-2.3640212e-17
-3.3320967e-17
-1.4201359e-17
-2.7617679e-17
-9.0764919e-17
-1.6718383e-16
-2.2724299e-16
-1.1681152e-16
4.6257298e-16
1.7855943e-15
6.2810371e-15
4.2144904e-14
2.6390398e-13
9.2528313e-13
9.1702352e-13
-4.340888e-12
-1.4337663e-11
1.5591926e-09
2.7576623e-09
2.3183806e-10
1.3153555e-09
1.7564889e-11
2.758538e-13
-3.7798105e-12
-2.6013227e-12
-8.7532995e-13
-1.4366216e-13
-6.5401462e-17
9.8627732e-15
3.5190627e-15
4.1374819e-16
-9.5941103e-17
-6.6736346e-17
-5.4827085e-17
-4.2874729e-17
-1.6622697e-17
-2.8299088e-17
-9.4933274e-17
-1.7687634e-16
-2.7877031e-16
-3.7655688e-16
-3.050236e-16
6.699109e-16
8.5566333e-15
6.5867619e-14
3.5919124e-13
1.0696464e-12
1.1208308e-12
-2.3301519e-12
-4.3096843e-12
2.0903666e-11
6.7985769e-10
2.4160462e-09
-6.7522668e-15
-5.9101066e-11
1.3863825e-10
1.1299905e-11
1.6584229e-11
3.1066262e-12
-2.3003158e-12
-2.0932475e-12
-9.3161024e-13
-1.9998015e-13
-2.312805e-14
-8.5380593e-16
-1.4688722e-15
-1.2243401e-15
-4.2348785e-16
-1.1591961e-16
-7.0322715e-17
-5.1123029e-17
-1.9200018e-17
-2.8486094e-17
-9.8730316e-17
-1.8155134e-16
-2.7235037e-16
-4.1243198e-16
-5.2182243e-16
8.936299e-16
1.5202267e-14
1.0433808e-13
4.9322216e-13
1.3165943e-12
1.674555e-12
2.3109374e-13
2.1065302e-12
4.0378497e-12
-4.3534388e-12
2.869577e-10
1.1124269e-09
-4.5829427e-10
-3.5806165e-10
-6.7955718e-11
-2.5019487e-10
-7.8078512e-10
-1.4101682e-10
6.5653852e-13
4.1053438e-12
1.4270271e-11
5.2772213e-12
-7.4567812e-13
-1.491026e-12
-8.525995e-13
-2.5050576e-13
-5.9296336e-14
-1.6443342e-14
-6.0684614e-15
-1.8918237e-15
-3.7327244e-16
-9.2436435e-17
-7.9478319e-17
-6.0128655e-17
-2.1314496e-17
-2.7926556e-17
-1.0178645e-16
-1.9091076e-16
-2.5164421e-16
-2.7267374e-16
-7.2902447e-17
2.8656284e-15
2.5803748e-14
1.5156809e-13
6.4175557e-13
1.647169e-12
2.4788758e-12
2.9638132e-12
6.7944992e-12
-2.443652e-12
-3.3260061e-12
4.5709972e-12
9.201356e-12
1.6323975e-10
1.3612619e-11
-1.5916357e-10
-8.4367913e-11
7.0860377e-12
3.4647049e-12
-1.559105e-12
-1.059735e-12
1.0839663e-11
6.7535851e-12
7.6991254e-13
-8.3296948e-13
-6.8970714e-13
-2.8432616e-13
-9.1538783e-14
-2.755548e-14
-7.3544118e-15
-1.3106594e-15
-9.6561056e-17
-6.2492196e-17
-9.5800888e-17
-7.1112263e-17
-2.3395123e-17
-2.6555585e-17
-1.0252313e-16
-2.0534917e-16
-2.594869e-16
-1.174695e-16
7.1952426e-16
6.0170393e-15
3.8401302e-14
1.9821486e-13
7.7598273e-13
1.9947224e-12
3.372123e-12
5.5423331e-12
9.3802266e-12
-3.7747938e-12
-2.5643323e-12
2.4288022e-12
3.1508566e-12
4.0907488e-12
3.6088513e-12
3.577094e-12
3.7206426e-12
3.2577672e-12
1.5823281e-12
-2.6649247e-12
-4.3278251e-12
6.8298701e-12
7.2736207e-12
2.0048973e-12
-1.8649619e-13
-4.4295364e-13
-2.5717225e-13
-9.6796071e-14
-2.741315e-14
-5.1145358e-15
-2.199458e-16
9.8060922e-17
-8.5672142e-17
-1.2556455e-16
-8.3535231e-17
-2.5250175e-17
-2.443498e-17
-9.9748503e-17
-2.1665979e-16
-3.0120962e-16
-8.1116849e-17
1.3545478e-15
9.0471558e-15
4.990895e-14
2.364934e-13
8.8426112e-13
2.3038116e-12
4.3132648e-12
7.7819608e-12
1.1628893e-11
-2.679409e-12
-1.6496264e-12
1.6667381e-12
1.4717985e-12
1.3774827e-12
1.4747534e-12
1.6364488e-12
1.7322931e-12
1.6262713e-12
5.4866699e-13
-3.128861e-12
-6.3367344e-12
2.7373711e-12
7.4420794e-12
3.1703832e-12
5.4488135e-13
-1.0183841e-13
-1.5219427e-13
-6.8009403e-14
-1.7305041e-14
-1.7355213e-15
3.6633057e-16
1.9990756e-17
-1.7169094e-16
-1.6524754e-16
-9.5171514e-17
-2.600275e-17
-2.1711812e-17
-9.3642868e-17
-2.1714506e-16
-3.4601245e-16
-1.7030414e-16
1.5379632e-15
1.0777519e-14
5.7154968e-14
2.5977974e-13
9.5169329e-13
2.5316028e-12
5.169502e-12
9.5560203e-12
1.35216e-11
-5.2502162e-13
-6.9314611e-13
1.349021e-12
9.4720737e-13
8.5973826e-13
1.2245345e-12
1.5719822e-12
1.7196001e-12
1.5368416e-12
4.9233807e-13
-2.9475212e-12
-7.4082576e-12
-1.2530527e-12
6.8122626e-12
4.1048244e-12
1.3040329e-12
3.3453532e-13
2.5551558e-14
-1.4340215e-14
-3.9270342e-15
1.7173481e-16
1.8752875e-17
-2.8438132e-16
-2.8909403e-16
-2.0670508e-16
-1.0368481e-16
-2.5519687e-17
-1.8520196e-17
-8.5167162e-17
-2.0665679e-16
-3.6185893e-16
-2.9028556e-16
1.3309783e-15
1.0861513e-14
5.8459691e-14
2.63643e-13
9.6663805e-13
2.6553844e-12
5.8933916e-12
1.0771367e-11
1.5185177e-11
2.2535812e-12
4.4539908e-13
1.2705261e-12
6.3828987e-13
4.6200746e-13
9.463517e-13
1.4629508e-12
1.7842798e-12
1.7611455e-12
8.7736097e-13
-2.2786943e-12
-7.6532527e-12
-4.5260105e-12
5.4399431e-12
4.7454893e-12
2.0367406e-12
7.7123728e-13
2.2506713e-13
4.3553668e-14
6.2953172e-15
-1.3821797e-16
-8.907129e-16
-6.2931505e-16
-4.0080689e-16
-2.4240397e-16
-1.077537e-16
-2.3804965e-17
-1.4980907e-17
-7.4971308e-17
-1.9047172e-16
-3.4323992e-16
-3.4281362e-16
1.0197081e-15
9.8302316e-15
5.4546271e-14
2.4833418e-13
9.2551796e-13
2.6173182e-12
6.5287291e-12
1.147583e-11
1.6545382e-11
5.5253506e-12
2.0919072e-12
1.6602517e-12
6.2370066e-13
1.5168623e-13
5.9836634e-13
1.2674086e-12
1.7141077e-12
1.9338445e-12
1.3697584e-12
-1.3023112e-12
-7.2339812e-12
-6.8154676e-12
3.9935236e-12
4.7986093e-12
2.5907363e-12
1.1498209e-12
4.0172052e-13
9.1557193e-14
1.219294e-14
-1.2919875e-15
-1.6409615e-15
-8.6219941e-16
-4.8774578e-16
-2.674585e-16
-1.065141e-16
-2.095436e-17
-1.1290624e-17
-6.3220473e-17
-1.7278601e-16
-3.0973512e-16
-3.091875e-16
8.4689728e-16
8.5458385e-15
4.7897413e-14
2.1964474e-13
8.3546121e-13
2.452154e-12
6.7043154e-12
1.1694818e-11
1.7706532e-11
9.0631135e-12
4.4837506e-12
2.8399716e-12
1.1943578e-12
1.5743355e-13
3.0817129e-13
1.0410511e-12
1.5906648e-12
1.98361e-12
1.7878198e-12
-2.3828524e-13
-6.1953161e-12
-8.3909199e-12
2.0819728e-12
5.0740732e-12
3.0364396e-12
1.4455214e-12
5.3426775e-13
1.2807529e-13
1.7182567e-14
-1.3175414e-15
-1.7681257e-15
-9.5190703e-16
-5.4758428e-16
-2.7938343e-16
-1.0003519e-16
-1.7155332e-17
-7.7762071e-18
-5.0234669e-17
-1.5332373e-16
-2.8084215e-16
-2.4465505e-16
8.3801549e-16
7.5400859e-15
4.0969785e-14
1.8591986e-13
7.1740692e-13
2.1120808e-12
7.0034515e-12
1.1317769e-11
1.7980128e-11
1.2605151e-11
7.6732468e-12
5.026361e-12
2.6137535e-12
7.2994088e-13
2.6346205e-13
8.7957504e-13
1.4717869e-12
1.941167e-12
2.0600012e-12
7.2087528e-13
-4.8534195e-12
-9.2116426e-12
-4.8433515e-13
4.0109117e-12
3.1719291e-12
1.6409146e-12
6.2998223e-13
1.5984545e-13
2.510958e-14
6.989525e-16
-1.3166783e-15
-9.5519513e-16
-5.8244725e-16
-2.7752236e-16
-8.8848369e-17
-1.264943e-17
-4.8697997e-18
-3.7118722e-17
-1.3029289e-16
-2.5840769e-16
-2.0597838e-16
8.6516172e-16
6.8169174e-15
3.4910974e-14
1.5347596e-13
5.9913802e-13
1.6508705e-12
6.6321051e-12
1.0935431e-11
1.75221e-11
1.5542028e-11
1.1282088e-11
8.1013517e-12
4.9125364e-12
1.958341e-12
5.8234433e-13
8.5343252e-13
1.4015248e-12
1.8797559e-12
2.2017969e-12
1.4665975e-12
-3.4376149e-12
-9.2337669e-12
-2.693964e-12
2.9347334e-12
3.1344671e-12
1.7638061e-12
7.0469759e-13
1.9275551e-13
3.6725537e-14
4.1240181e-15
-6.5502383e-16
-9.351241e-16
-5.9237811e-16
-2.626455e-16
-7.3715679e-17
-7.7298546e-18
-3.0293503e-18
-2.5633183e-17
-1.045185e-16
-2.329615e-16
-2.0361375e-16
8.0971532e-16
6.1313802e-15
2.9726004e-14
1.2473299e-13
4.9887985e-13
1.1906266e-12
5.5544638e-12
1.0346659e-11
1.6687141e-11
1.7319147e-11
1.4539168e-11
1.1480575e-11
7.7214396e-12
3.6335849e-12
1.1934633e-12
9.666868e-13
1.4069761e-12
1.8593312e-12
2.2797714e-12
1.982435e-12
-2.1647437e-12
-8.7332269e-12
-4.1747259e-12
2.3623903e-12
3.0345422e-12
1.841297e-12
7.6783368e-13
2.2605436e-13
4.9309897e-14
7.5025875e-15
-1.3449448e-16
-9.1534741e-16
-5.7714196e-16
-2.3629159e-16
-5.5591713e-17
-2.7525524e-18
-2.6829459e-18
-1.7699238e-17
-7.991231e-17
-1.9868524e-16
-2.0915587e-16
6.6257221e-16
5.3249056e-15
2.5135548e-14
9.9215176e-14
4.2240191e-13
7.9793544e-13
4.3989573e-12
8.9630533e-12
1.5461285e-11
1.787946e-11
1.6787404e-11
1.4379457e-11
1.0345085e-11
5.2380719e-12
1.8458681e-12
1.1465514e-12
1.46696e-12
1.899326e-12
2.3564729e-12
2.3124911e-12
-1.1651505e-12
-8.028043e-12
-5.1580564e-12
1.6437785e-12
2.8392115e-12
1.8806403e-12
8.1588034e-13
2.5274585e-13
5.8771456e-14
9.6176261e-15
1.0599764e-16
-8.8914709e-16
-5.3876862e-16
-2.0013681e-16
-3.5746689e-17
1.8717798e-18
-4.2137715e-18
-1.5133305e-17
-6.1583073e-17
-1.6141382e-16
-1.9816882e-16
4.9147552e-16
4.4274811e-15
2.1049078e-14
7.6552022e-14
3.6548775e-13
5.0671688e-13
3.3351377e-12
7.2420274e-12
1.3574925e-11
1.7230466e-11
1.7660619e-11
1.619247e-11
1.2048893e-11
6.1514087e-12
2.2103624e-12
1.2898872e-12
1.5459774e-12
1.9992919e-12
2.4663282e-12
2.5147813e-12
-4.9928144e-13
-7.3382067e-12
-5.9113224e-12
8.0941365e-13
2.5733404e-12
1.8806067e-12
8.3594586e-13
2.6443204e-13
6.2210781e-14
1.0065983e-14
1.1167925e-16
-8.4635775e-16
-4.8033243e-16
-1.5615419e-16
-1.5853958e-17
5.7233294e-18
-7.9356249e-18
-1.9614282e-17
-5.4054286e-17
-1.3347496e-16
-1.7351803e-16
3.5487e-16
3.5669544e-15
1.7418972e-14
5.749741e-14
3.1715612e-13
3.1855584e-13
2.4620295e-12
5.615331e-12
1.1252071e-11
1.5586571e-11
1.70584e-11
1.6497369e-11
1.215251e-11
5.9029171e-12
2.1078272e-12
1.3506527e-12
1.639684e-12
2.1386188e-12
2.6168185e-12
2.6268933e-12
-1.8757427e-13
-6.8141561e-12
-6.3684701e-12
7.1567787e-14
2.2837757e-12
1.8179624e-12
8.1576216e-13
2.5679449e-13
5.9223665e-14
9.155476e-15
-1.3788664e-17
-7.8335459e-16
-4.0419745e-16
-1.0745181e-16
2.1597783e-18
8.4422364e-18
-1.4065892e-17
-3.2811137e-17
-6.1742027e-17
-1.2748523e-16
-1.6134975e-16
2.5655851e-16
2.8617518e-15
1.4257355e-14
4.3852553e-14
2.6797914e-13
2.1889373e-13
1.8083579e-12
4.2418616e-12
9.0217119e-12
1.3213867e-11
1.5602619e-11
1.4709931e-11
1.0487407e-11
4.6314629e-12
1.6959145e-12
1.3909175e-12
1.749223e-12
2.3015635e-12
2.7896119e-12
2.6457714e-12
-2.343018e-13
-6.5536231e-12
-6.5247657e-12
-4.0257312e-13
1.9479193e-12
1.6803589e-12
7.5446044e-13
2.3161678e-13
5.1451318e-14
7.4628578e-15
-1.8741067e-16
-6.9726387e-16
-3.1351495e-16
-5.865211e-17
1.6492045e-17
9.7857696e-18
-2.2697629e-17
-5.6205495e-17
-8.9982966e-17
-1.5465875e-16
-1.8965993e-16
1.5778031e-16
2.3276188e-15
1.1718904e-14
3.6445127e-14
2.1673562e-13
1.8309016e-13
1.3444138e-12
3.255823e-12
7.0828501e-12
1.0695708e-11
1.364934e-11
1.322581e-11
7.8791071e-12
2.9626961e-12
1.3091553e-12
1.4733329e-12
1.8717916e-12
2.4999119e-12
2.9500089e-12
2.532318e-12
-6.2652527e-13
-6.5625582e-12
-6.4292034e-12
-6.3347565e-13
1.5976415e-12
1.5098552e-12
6.6146368e-13
1.9484721e-13
4.1244031e-14
5.4922966e-15
-3.499989e-16
-5.8393301e-16
-2.1516875e-16
-1.5060216e-17
2.5848017e-17
9.6462742e-18
-3.3666685e-17
-9.0979261e-17
-1.4599448e-16
-2.3458128e-16
-3.1407665e-16
-6.804325e-17
1.7259464e-15
9.5004175e-15
3.246881e-14
1.6696109e-13
1.8038274e-13
1.0540744e-12
2.6185782e-12
5.4034833e-12
8.7851047e-12
1.1498247e-11
9.8522356e-12
4.5672284e-12
1.5241571e-12
1.1795955e-12
1.5784057e-12
2.0119375e-12
2.7123539e-12
3.0352438e-12
2.2134506e-12
-1.3491468e-12
-6.7680814e-12
-6.0900892e-12
-6.8227055e-13
1.3473205e-12
1.3173284e-12
5.506754e-13
1.53405e-13
3.0599008e-14
3.5964874e-15
-4.5117917e-16
-4.4528538e-16
-1.1978322e-16
1.8875342e-17
2.9614419e-17
8.0295171e-18
-4.657288e-17
-1.3766767e-16
-2.3616874e-16
-3.833211e-16
-5.7806902e-16
-5.6245867e-16
7.1898885e-16
7.0248746e-15
2.8532398e-14
1.2369759e-13
1.9398695e-13
8.989609e-13
2.1231134e-12
4.2915202e-12
7.6709282e-12
8.5570965e-12
5.0998013e-12
1.749489e-12
9.3378227e-13
1.3184132e-12
1.6512941e-12
2.1327134e-12
2.8565825e-12
2.9327382e-12
1.5720167e-12
-2.4030696e-12
-7.0501596e-12
-5.3953738e-12
-5.8502306e-13
1.0802247e-12
1.1260903e-12
4.3542469e-13
1.1277896e-13
2.0870482e-14
2.0254252e-15
-4.5904156e-16
-2.9480722e-16
-3.8192378e-17
4.0659691e-17
2.7774702e-17
5.0121874e-18
-6.0832986e-17
-1.9667559e-16
-3.7018126e-16
-6.2977062e-16
-1.0357706e-15
-1.4516881e-15
-1.0060353e-15
3.6284448e-15
2.2651159e-14
9.1347553e-14
2.1605506e-13
8.0171254e-13
1.8012259e-12
3.9659496e-12
6.1670752e-12
4.4526139e-12
1.5378344e-12
7.0911753e-13
1.0565435e-12
1.4107782e-12
1.6309298e-12
2.1913821e-12
2.7630856e-12
2.4549521e-12
4.4617569e-13
-3.7413398e-12
-7.1620414e-12
-4.3791741e-12
-4.3175808e-13
7.9362177e-13
9.6062503e-13
3.2313107e-13
7.6585143e-14
1.2951458e-14
9.2525776e-16
-3.7805855e-16
-1.5287902e-16
2.2350971e-17
4.9849671e-17
2.068165e-17
6.99428e-19
-7.5523248e-17
-2.6688766e-16
-5.5716293e-16
-1.0183338e-15
-1.7960758e-15
-2.9424466e-15
-3.9142888e-15
-1.8862881e-15
1.3059178e-14
7.0747611e-14
2.4351195e-13
7.6142223e-13
1.7731764e-12
3.5397525e-12
3.2440495e-12
8.4678293e-13
3.0496988e-13
9.1602288e-13
1.2249949e-12
1.2729688e-12
1.4479008e-12
1.9776259e-12
2.241941e-12
1.4019541e-12
-1.2151557e-12
-5.1033599e-12
-6.7243556e-12
-3.3162622e-12
-4.5641865e-13
7.970467e-13
8.0421193e-13
2.1724346e-13
4.759198e-14
7.2989234e-15
2.963939e-16
-2.4381289e-16
-3.6913254e-17
5.9541026e-17
4.7389441e-17
8.8054697e-18
-4.8123489e-18
-8.9556712e-17
-3.4544723e-16
-8.0222083e-16
-1.5947277e-15
-3.0125376e-15
-5.4258973e-15
-8.8105414e-15
-1.0929479e-14
-1.2548007e-15
5.7474058e-14
2.767902e-13
7.731605e-13
1.6400122e-12
1.9000884e-12
8.4808236e-14
-3.9137957e-13
7.9294869e-13
1.1985391e-12
1.0209603e-12
8.5324666e-13
9.6975981e-13
1.2959647e-12
1.1225922e-12
-2.7586507e-13
-3.1190347e-12
-6.0133503e-12
-5.6483579e-12
-2.34964e-12
-5.5452936e-13
9.1122343e-13
6.2742863e-13
1.2412876e-13
2.7892035e-14
3.7326302e-15
3.1425339e-17
-1.0041904e-16
4.4545306e-17
7.5005768e-17
3.4722737e-17
-7.4760331e-18
-1.1469023e-17
-1.0179891e-16
-4.2729476e-16
-1.106619e-15
-2.4151974e-15
-4.9002183e-15
-9.4850804e-15
-1.6955995e-14
-2.5592063e-14
-2.2603953e-14
3.7382636e-14
2.6136233e-13
6.2453961e-13
7.7739182e-13
-4.9449074e-13
-1.2052289e-12
4.3440121e-13
1.3869836e-12
9.1941461e-13
4.6047014e-13
8.4894642e-14
6.0254011e-14
8.5969943e-14
-5.6417356e-13
-2.3094615e-12
-4.7139663e-12
-6.0546429e-12
-4.4046204e-12
-1.7664307e-12
-2.7939958e-13
9.8070424e-13
4.2410058e-13
5.4955517e-14
1.7218672e-14
1.5605606e-15
5.5256641e-18
1.7641151e-17
9.1768221e-17
7.2303987e-17
1.3017542e-17
-2.8066194e-17
-1.9298775e-17
-1.1112844e-16
-5.0456202e-16
-1.454785e-15
-3.4991537e-15
-7.6593428e-15
-1.5761467e-14
-2.9934997e-14
-4.9521481e-14
-6.1625944e-14
-3.0265629e-14
8.1428492e-14
1.8911129e-14
-7.6023137e-13
-1.9341234e-12
-3.409949e-13
1.5512888e-12
1.1707436e-12
2.594678e-13
-4.6782866e-13
-9.9254314e-13
-1.2477266e-12
-1.5250481e-12
-2.4671959e-12
-4.126145e-12
-5.5825794e-12
-5.3379477e-12
-3.234774e-12
-1.3393706e-12
3.3872574e-13
8.9847841e-13
2.2200265e-13
1.8123493e-14
1.2083131e-14
2.0257113e-16
1.092121e-16
9.7470754e-17
1.1054551e-16
5.4813175e-17
-1.7466307e-17
-5.3342041e-17
-2.8455104e-17
-1.1659041e-16
-5.6873525e-16
-1.8204229e-15
-4.8294742e-15
-1.1416941e-14
-2.4944368e-14
-5.0142109e-14
-9.0551675e-14
-1.4540344e-13
-2.091441e-13
-3.7794112e-13
-1.0137948e-12
-2.0822384e-12
-1.5019029e-12
1.200721e-12
1.7936327e-12
3.9977429e-13
-7.0453435e-13
-1.5003385e-12
-2.2372787e-12
-2.752965e-12
-3.2349651e-12
-4.1184244e-12
-5.1720499e-12
-5.5000729e-12
-4.2302906e-12
-2.2409896e-12
-4.1010528e-13
6.7656269e-13
6.9006057e-13
6.2100127e-14
1.0547036e-14
8.0821767e-15
-4.0539723e-16
2.2504948e-16
1.4349093e-16
1.0725541e-16
2.4055383e-17
-5.7904095e-17
-8.4355513e-17
-3.9259485e-17
-1.1780684e-16
-6.0966249e-16
-2.1533542e-15
-6.2983809e-15
-1.6137948e-14
-3.7767036e-14
-8.1499411e-14
-1.6322283e-13
-3.0639102e-13
-5.3187866e-13
-1.083661e-12
-2.0494593e-12
-2.3621787e-12
1.2340618e-13
2.1360993e-12
1.1746676e-12
-5.7711175e-13
-1.5951875e-12
-2.438392e-12
-3.3625692e-12
-4.0285997e-12
-4.5595529e-12
-5.1050332e-12
-5.314979e-12
-4.5456452e-12
-2.9580835e-12
-1.0305747e-12
2.5914452e-13
7.3002432e-13
4.3519129e-13
-3.066135e-14
1.8838464e-14
3.0402321e-15
-1.6553065e-16
2.5709598e-16
1.6309865e-16
8.6797754e-17
-2.1267274e-17
-1.1149679e-16
-1.2305879e-16
-5.2238973e-17
-1.1585828e-16
-6.2201157e-16
-2.4051334e-15
-7.7392609e-15
-2.1596232e-14
-5.4451499e-14
-1.2696885e-13
-2.8061012e-13
-5.6468619e-13
-9.4732212e-13
-1.845483e-12
-2.6357546e-12
-1.552188e-12
1.6957496e-12
2.2023607e-12
2.2247292e-13
-1.4364195e-12
-2.2476915e-12
-3.1166501e-12
-4.0179002e-12
-4.5898214e-12
-4.9613632e-12
-5.0558266e-12
-4.5258415e-12
-3.2086185e-12
-1.5845218e-12
-9.3413283e-14
5.6204988e-13
5.9662103e-13
2.1539113e-13
-6.0983002e-14
2.8765427e-14
-2.3534674e-15
6.4937153e-16
2.0543778e-16
1.6188489e-16
5.0477789e-17
-8.7091436e-17
-1.8431778e-16
-1.7253155e-16
-6.8149248e-17
-1.1257663e-16
-6.0087284e-16
-2.5132518e-15
-8.9184954e-15
-2.719495e-14
-7.3697847e-14
-1.8282574e-13
-4.2250018e-13
-8.3952243e-13
-1.4459125e-12
-2.4548571e-12
-2.6041564e-12
-1.837009e-13
2.5332388e-12
1.7719413e-12
-6.6981173e-13
-2.0085435e-12
-2.6402649e-12
-3.4358717e-12
-4.0942565e-12
-4.3240493e-12
-4.2817155e-12
-3.8711627e-12
-2.8700622e-12
-1.9067994e-12
-4.3761206e-13
3.9761808e-13
5.8559249e-13
3.9702793e-13
7.1124724e-14
-5.3415234e-14
3.2697405e-14
-6.3819085e-15
1.4415962e-15
1.6334499e-16
1.4778791e-16
-8.6868949e-18
-1.8602038e-16
-2.8615259e-16
-2.3718126e-16
-8.7975805e-17
-1.1263269e-16
-5.5715917e-16
-2.4586267e-15
-9.5793907e-15
-3.1879583e-14
-9.2620571e-14
-2.4200329e-13
-5.7318094e-13
-1.1091172e-12
-1.926619e-12
-2.8057372e-12
-2.1073825e-12
1.125501e-12
2.8728443e-12
1.1204366e-12
-1.3208098e-12
-2.3159147e-12
-2.7803926e-12
-3.4316008e-12
-3.7799355e-12
-3.6396538e-12
-3.2388124e-12
-2.345747e-12
-1.7191574e-12
-8.1900251e-13
2.4514246e-13
5.3087172e-13
4.6374158e-13
2.1720379e-13
-2.0585798e-15
-3.3932503e-14
2.962785e-14
-8.1449724e-15
1.747033e-15
1.9489349e-16
1.1387857e-16
-1.1231553e-16
-3.3951322e-16
-4.318937e-16
-3.2300447e-16
-1.1289455e-16
-1.216486e-16
-5.068032e-16
-2.2498464e-15
-9.5069876e-15
-3.4431719e-14
-1.0730839e-13
-2.9468713e-13
-7.1423182e-13
-1.3651457e-12
-2.3037769e-12
-2.9174002e-12
-1.4234796e-12
2.0908437e-12
2.9445966e-12
5.8538552e-13
-1.7132313e-12
-2.42793e-12
-2.7002595e-12
-3.1822224e-12
-3.3087525e-12
-2.9058374e-12
-2.3702671e-12
-1.7714735e-12
-1.0513511e-12
2.9811155e-14
4.8128963e-13
4.834239e-13
3.0904269e-13
9.6833537e-14
-2.5901786e-14
-1.5185778e-14
2.4097249e-14
-7.1761537e-15
1.7184253e-15
2.8301988e-16
3.0113755e-17
-2.9514598e-16
-5.8131603e-16
-6.4390911e-16
-4.3765974e-16
-1.4409925e-16
-1.4652927e-16
-4.6882634e-16
-1.9142426e-15
-8.6439396e-15
-3.394872e-14
-1.1390633e-13
-3.3008742e-13
-8.2326477e-13
-1.5761694e-12
-2.5671249e-12
-2.88323e-12
-7.8293262e-13
2.7210568e-12
2.9712371e-12
3.121704e-13
-1.8843692e-12
-2.4342527e-12
-2.4696705e-12
-2.7270214e-12
-2.7675029e-12
-2.2996159e-12
-1.7194197e-12
-1.2194272e-12
-2.9462103e-13
4.4495829e-13
4.9474667e-13
3.8357216e-13
1.8823841e-13
3.592476e-14
-2.3975907e-14
-1.586428e-15
1.9212494e-14
-4.6658027e-15
1.3431384e-15
2.1827873e-16
-1.7610768e-16
-6.1511699e-16
-9.6915828e-16
-9.5558128e-16
-5.8992931e-16
-1.8242729e-16
-1.9663017e-16
-4.7254379e-16
-1.518272e-15
-7.1526981e-15
-3.0325181e-14
-1.1016229e-13
-3.3944738e-13
-8.80056e-13
-1.7228292e-12
-2.7294297e-12
-2.806974e-12
-3.1557217e-13
3.119438e-12
3.0978461e-12
3.560378e-13
-1.845139e-12
-2.4160943e-12
-2.2454515e-12
-2.1628491e-12
-2.0957165e-12
-1.7224608e-12
-1.2464202e-12
-6.1382731e-13
1.7034595e-13
4.8469395e-13
3.9457675e-13
2.6317695e-13
1.0017964e-13
5.0871062e-15
-1.974462e-14
1.7800723e-15
1.2544074e-14
-3.4092093e-15
3.02943e-16
-1.5478984e-16
-5.5605965e-16
-1.1683731e-15
-1.601748e-15
-1.4133196e-15
-7.8795723e-16
-2.2773476e-16
-2.837229e-16
-5.5687626e-16
-1.1722264e-15
-5.28639e-15
-2.4386035e-14
-9.6512807e-14
-3.1948973e-13
-8.7195178e-13
-1.7917187e-12
-2.812071e-12
-2.769279e-12
-8.213897e-14
3.3525327e-12
3.3780266e-12
7.4744533e-13
-1.53189e-12
-2.3493104e-12
-2.1943332e-12
-1.7814236e-12
-1.42501e-12
-1.0306952e-12
-5.7225724e-13
-8.5186174e-14
3.3154452e-13
3.9553445e-13
2.617654e-13
1.3997343e-13
2.6416429e-14
-2.0422965e-14
-2.3579146e-14
-3.4850275e-15
4.6785024e-15
-3.245659e-15
-4.4116458e-16
-3.83718e-16
-1.0934219e-15
-2.157662e-15
-2.649065e-15
-2.0760675e-15
-1.036926e-15
-2.7728621e-16
-4.2209585e-16
-7.639788e-16
-1.0010929e-15
-3.5696405e-15
-1.7588593e-14
-7.6166566e-14
-2.7396224e-13
-7.989876e-13
-1.7675113e-12
-2.8329924e-12
-2.8171845e-12
-1.1967824e-13
3.4161875e-12
3.7822526e-12
1.4695807e-12
-8.3975653e-13
-2.0264117e-12
-2.2234979e-12
-1.8077537e-12
-1.2002335e-12
-6.046272e-13
-9.4167066e-14
2.9662942e-13
4.9530394e-13
4.3053239e-13
2.6145696e-13
1.2268732e-13
2.2525296e-14
-1.2494748e-14
-1.3871805e-14
-2.3221251e-16
5.4251508e-15
1.0358464e-15
1.4675377e-15
5.6407562e-17
-2.2043533e-15
-4.126296e-15
-4.3925262e-15
-3.0050919e-15
-1.3325259e-15
-3.2588451e-16
-6.2973136e-16
-1.1391916e-15
-1.0859005e-15
-2.3240078e-15
-1.1356438e-14
-5.3763767e-14
-2.1242249e-13
-6.7506954e-13
-1.6347643e-12
-2.7953481e-12
-2.9587616e-12
-4.4891074e-13
3.2470936e-12
4.2027183e-12
2.4154615e-12
2.4794287e-13
-1.2031158e-12
-1.9124252e-12
-1.9321316e-12
-1.4648208e-12
-8.0675312e-13
-2.1267366e-13
2.3997926e-13
4.6726645e-13
4.6187452e-13
3.4353209e-13
2.1584239e-13
1.1377039e-13
5.8648914e-14
3.5614442e-14
2.8755535e-14
2.2453886e-14
1.1882207e-14
5.310806e-15
-8.1870377e-16
-5.8252123e-15
-8.1854616e-15
-7.1895138e-15
-4.2285182e-15
-1.6523761e-15
-3.6608979e-16
-9.301917e-16
-1.7394804e-15
-1.4932314e-15
-1.685319e-15
-6.640489e-15
-3.3814143e-14
-1.4761325e-13
-5.1991077e-13
-1.4009792e-12
-2.6669722e-12
-3.1554367e-12
-1.0705228e-12
2.7313821e-12
4.4860576e-12
3.3783214e-12
1.5654441e-12
1.2335163e-13
-8.9841262e-13
-1.4769231e-12
-1.5461965e-12
-1.2124206e-12
-7.7827726e-13
-3.6002976e-13
-5.8374281e-14
9.7510992e-14
1.4381758e-13
1.3676478e-13
1.1004475e-13
8.5853283e-14
6.3215337e-14
4.4766073e-14
2.7819077e-14
1.1894504e-14
-9.427784e-16
-1.0685015e-14
-1.591715e-14
-1.5767601e-14
-1.1283072e-14
-5.6876701e-15
-1.9511212e-15
-3.8954464e-16
-1.3533906e-15
-2.6394668e-15
-2.2998588e-15
-1.6877393e-15
-3.7080532e-15
-1.8978129e-14
-9.140673e-14
-3.5994782e-13
-1.0958675e-12
-2.3929511e-12
-3.3114256e-12
-1.8933055e-12
1.7459758e-12
4.3643755e-12
4.20472e-12
2.8285827e-12
1.6255535e-12
6.6949299e-13
-1.2146862e-13
-7.2096751e-13
-9.3941897e-13
-9.200473e-13
-8.188931e-13
-6.8169505e-13
-5.3730667e-13
-4.0875491e-13
-2.9631504e-13
-2.0025231e-13
-1.1887601e-13
-6.8973426e-14
-4.4046244e-14
-3.6488408e-14
-3.6365779e-14
-3.8796555e-14
-3.9720145e-14
-3.618449e-14
-2.7629483e-14
-1.6524142e-14
-7.2008249e-15
-2.1660836e-15
-3.8872934e-16
-1.9373649e-15
-3.936052e-15
-3.6093003e-15
-2.3451232e-15
-2.3796267e-15
-9.6531937e-15
-5.0310546e-14
-2.2194063e-13
-7.6782543e-13
-1.9580011e-12
-3.2900382e-12
-2.6914138e-12
3.0330044e-13
3.5652793e-12
4.5900462e-12
3.878773e-12
2.9044239e-12
2.1806344e-12
1.6313018e-12
9.3491904e-13
3.5856663e-13
2.4395649e-14
-2.7215059e-13
-5.0200749e-13
-6.4625576e-13
-7.0658343e-13
-6.8951407e-13
-6.1356131e-13
-5.0038698e-13
-3.7424113e-13
-2.7023413e-13
-1.9844588e-13
-1.5207504e-13
-1.1843173e-13
-9.1728893e-14
-6.7130365e-14
-4.3090598e-14
-2.2250298e-14
-8.4750827e-15
-2.232314e-15
-3.5858568e-16
-2.672983e-15
-5.7536335e-15
-5.5598242e-15
-3.6871166e-15
-2.3187901e-15
-4.8446682e-15
-2.4955746e-14
-1.2143283e-13
-4.7758065e-13
-1.4186357e-12
-2.9641086e-12
-3.2265853e-12
-1.3077092e-12
2.007904e-12
4.1215469e-12
4.39537e-12
3.8395949e-12
3.2608328e-12
2.8881113e-12
2.4721696e-12
2.0386775e-12
1.6883486e-12
1.2703841e-12
8.0768874e-13
3.4632496e-13
-6.2986347e-14
-3.7181693e-13
-5.5989727e-13
-6.367256e-13
-6.0182954e-13
-5.0556377e-13
-3.9659662e-13
-3.0514448e-13
-2.2578021e-13
-1.5986054e-13
-1.047264e-13
-5.9666504e-14
-2.727744e-14
-9.1544448e-15
-2.1004256e-15
-3.0011333e-16
-3.7059446e-15
-8.2441373e-15
-8.3415125e-15
-5.8056796e-15
-3.2243161e-15
-2.9142431e-15
-1.1552676e-14
-5.8942212e-14
-2.6504515e-13
-8.9515066e-13
-2.3145979e-12
-3.3798165e-12
-2.5620069e-12
-2.6153205e-14
2.6719024e-12
3.977586e-12
4.0921713e-12
3.7635401e-12
3.4511287e-12
3.2255299e-12
3.0805728e-12
3.0016001e-12
2.8278102e-12
2.5124335e-12
2.0484406e-12
1.4699729e-12
8.5896822e-13
3.0879426e-13
-1.2122493e-13
-4.0579848e-13
-5.0807169e-13
-4.8655902e-13
-4.0535749e-13
-3.1568034e-13
-2.2266642e-13
-1.3859912e-13
-7.2784757e-14
-3.0057565e-14
-8.9199244e-15
-1.7585054e-15
-2.2341008e-16
-5.0340261e-15
-1.1562336e-14
-1.2194892e-14
-8.8714026e-15
-5.0604313e-15
-2.8247741e-15
-5.3709268e-15
-2.5383931e-14
-1.3331163e-13
-4.9373508e-13
-1.5425565e-12
-3.0224276e-12
-3.1970415e-12
-1.859204e-12
5.5865192e-13
2.5396191e-12
3.4223868e-12
3.5327226e-12
3.3572647e-12
3.1833423e-12
3.1319362e-12
3.235899e-12
3.3862694e-12
3.4731218e-12
3.389902e-12
3.0578932e-12
2.4786276e-12
1.7506099e-12
1.0181769e-12
3.5331378e-13
-1.0801713e-13
-3.3562397e-13
-3.8017056e-13
-3.4301494e-13
-2.5372912e-13
-1.5588569e-13
-7.7667994e-14
-2.9378234e-14
-7.6546716e-15
-1.2515009e-15
-1.4670616e-16
-6.6616867e-15
-1.5862227e-14
-1.741358e-14
-1.3079144e-14
-7.7440548e-15
-4.05473e-15
-3.3080842e-15
-9.9985768e-15
-6.1848382e-14
-2.4627866e-13
-8.7347398e-13
-2.2215598e-12
-3.2559982e-12
-2.9067678e-12
-1.489055e-12
4.4732437e-13
1.8617624e-12
2.4984156e-12
2.6018334e-12
2.4604277e-12
2.3405974e-12
2.4225058e-12
2.7137642e-12
3.1340587e-12
3.5458964e-12
3.7708262e-12
3.6477855e-12
3.1331186e-12
2.3544492e-12
1.4909273e-12
6.5575873e-13
8.613993e-14
-2.131032e-13
-2.6671487e-13
-2.2971628e-13
-1.4780342e-13
-7.189385e-14
-2.4986394e-14
-5.5234061e-15
-6.7586147e-16
-9.2876385e-17
-8.6007934e-15
-2.1260634e-14
-2.4370274e-14
-1.8814535e-14
-1.1211932e-14
-5.9678713e-15
-3.2185901e-15
-3.7118772e-15
-2.5709233e-14
-1.1775267e-13
-4.2737729e-13
-1.3667823e-12
-2.6601701e-12
-3.2296668e-12
-2.7650757e-12
-1.5593962e-12
-1.5424799e-13
8.2051432e-13
1.2514199e-12
1.25274e-12
1.0957401e-12
1.0590066e-12
1.2898345e-12
1.801006e-12
2.5151625e-12
3.2700575e-12
3.8096552e-12
3.8761605e-12
3.3989157e-12
2.606071e-12
1.5988184e-12
7.0795118e-13
1.0975601e-13
-7.0686599e-14
-1.4850989e-13
-1.14999e-13
-5.6280082e-14
-1.7625854e-14
-2.9138507e-15
-1.5308736e-16
-8.4476221e-17
-1.0806513e-14
-2.77805e-14
-3.3453127e-14
-2.6735004e-14
-1.5796053e-14
-8.4057572e-15
-4.4662469e-15
-1.9629795e-15
-7.9411308e-15
-5.4954683e-14
-1.882085e-13
-7.1209881e-13
-1.7862013e-12
-2.8591224e-12
-3.1750235e-12
-2.8080986e-12
-1.9528183e-12
-1.0397887e-12
-4.4802563e-13
-2.6352462e-13
-3.4231022e-13
-4.2374892e-13
-2.9328515e-13
1.4434681e-13
8.9726905e-13
1.9089126e-12
2.9864523e-12
3.7601375e-12
3.8768187e-12
3.3597515e-12
2.4873765e-12
1.3964212e-12
5.7153991e-13
1.0589193e-13
-3.851975e-14
-6.4735439e-14
-3.3889279e-14
-8.6821008e-15
-3.088109e-16
2.0115359e-16
-1.397568e-16
-1.3183872e-14
-3.5308093e-14
-4.4972788e-14
-3.7688538e-14
-2.2042909e-14
-1.0968556e-14
-6.7887654e-15
-4.2268369e-15
-2.5172801e-15
-2.444357e-14
-7.8949113e-14
-3.1803683e-13
-1.0116695e-12
-2.0369347e-12
-2.8911131e-12
-3.1674669e-12
-2.9800674e-12
-2.4936578e-12
-2.0420081e-12
-1.7829018e-12
-1.7376992e-12
-1.75774e-12
-1.6639122e-12
-1.3273968e-12
-6.8228795e-13
3.117472e-13
1.6213828e-12
2.9507248e-12
3.7616684e-12
3.6981538e-12
3.1019998e-12
2.0110081e-12
1.0084262e-12
3.1519376e-13
7.9546798e-14
-5.9303126e-15
-8.8368023e-15
2.4377843e-16
1.8425176e-15
2.9960989e-16
-2.7082775e-16
-1.5590594e-14
-4.3564496e-14
-5.9087601e-14
-5.2822878e-14
-3.1221527e-14
-1.2704509e-14
-6.5332462e-15
-6.531658e-15
-5.0721007e-15
-1.3674068e-14
-3.6173684e-14
-1.2511942e-13
-4.8982992e-13
-1.2350168e-12
-2.1410034e-12
-2.8083956e-12
-3.14911e-12
-3.153558e-12
-3.006865e-12
-2.8535337e-12
-2.7649999e-12
-2.7277014e-12
-2.6446654e-12
-2.3926494e-12
-1.8863181e-12
-1.0520401e-12
2.1486628e-13
1.8166606e-12
3.204536e-12
3.7315333e-12
3.3833724e-12
2.4583887e-12
1.3187389e-12
4.946752e-13
1.9089205e-13
5.1055549e-14
1.4541312e-14
7.7342671e-15
3.2232572e-15
9.3754179e-17
-4.8359704e-16
-1.7848116e-14
-5.2079401e-14
-7.5619241e-14
-7.3470411e-14
-4.6529869e-14
-1.5934347e-14
-1.1547517e-15
-1.4898374e-15
-5.4804193e-15
-1.2390665e-14
-2.4212774e-14
-5.019415e-14
-2.0748528e-13
-6.5118516e-13
-1.3613312e-12
-2.128123e-12
-2.695627e-12
-3.0239503e-12
-3.1278611e-12
-3.1871683e-12
-3.201902e-12
-3.2156128e-12
-3.1862847e-12
-3.0219184e-12
-2.6430739e-12
-1.995875e-12
-9.182788e-13
7.0530965e-13
2.453838e-12
3.5114609e-12
3.4846016e-12
2.7233332e-12
1.517903e-12
6.6773141e-13
2.6916202e-13
9.5595443e-14
3.2916177e-14
1.2884946e-14
3.6904268e-15
-4.2979491e-16
-7.7883154e-16
-1.9767769e-14
-6.0209082e-14
-9.379675e-14
-1.0026411e-13
-7.2278638e-14
-2.8686706e-14
3.4646617e-15
1.1219291e-14
4.6137289e-15
-6.9527094e-15
-1.9767408e-14
-2.7905792e-14
-8.2435561e-14
-3.039299e-13
-7.6800087e-13
-1.4044136e-12
-2.0899693e-12
-2.5358577e-12
-2.7265367e-12
-2.93104e-12
-3.1534934e-12
-3.2877682e-12
-3.3488743e-12
-3.281996e-12
-3.0145769e-12
-2.5302208e-12
-1.6767597e-12
-1.756794e-13
1.7339053e-12
3.1660712e-12
3.4840443e-12
2.8327254e-12
1.7016057e-12
8.0547791e-13
3.2623521e-13
1.2699473e-13
4.4967298e-14
1.5404534e-14
3.2562194e-15
-1.2598868e-15
-1.152637e-15
-2.118901e-14
-6.7236907e-14
-1.121996e-13
-1.3207863e-13
-1.1042595e-13
-5.9989116e-14
-8.7491605e-15
1.7967409e-14
2.0229064e-14
8.401534e-15
-8.4300984e-15
-1.8203426e-14
-3.4909455e-14
-1.2869334e-13
-3.9007988e-13
-8.1896408e-13
-1.4040179e-12
-2.0565928e-12
-2.4779858e-12
-2.6277802e-12
-2.8820547e-12
-3.1104293e-12
-3.2543668e-12
-3.2768386e-12
-3.1016631e-12
-2.7458253e-12
-2.0904324e-12
-7.5436391e-13
1.1842997e-12
2.8319906e-12
3.3886829e-12
2.8551327e-12
1.7991291e-12
8.8276029e-13
3.6501282e-13
1.4475328e-13
5.0454151e-14
1.544864e-14
2.0266552e-15
-2.3729893e-15
-1.595834e-15
-2.2017225e-14
-7.2538054e-14
-1.2907794e-13
-1.6612982e-13
-1.5860491e-13
-1.1130096e-13
-4.9519411e-14
1.9079772e-15
2.6055822e-14
2.5882797e-14
1.1147382e-14
-4.2102096e-15
-1.5842396e-14
-5.4400213e-14
-1.8546051e-13
-4.4771537e-13
-8.2952675e-13
-1.3914925e-12
-2.0575149e-12
-2.4139079e-12
-2.5850974e-12
-2.8245578e-12
-3.019269e-12
-3.1028631e-12
-2.998332e-12
-2.7421538e-12
-2.2345399e-12
-1.0390324e-12
8.6222284e-13
2.5882171e-12
3.2590246e-12
2.8059613e-12
1.8063608e-12
9.0356489e-13
3.7972519e-13
1.4882502e-13
4.9984775e-14
1.3472297e-14
1.441655e-16
-3.7370626e-15
-2.0910796e-15
-2.2243662e-14
-7.5727164e-14
-1.4280623e-13
-1.9897423e-13
-2.1210878e-13
-1.8063894e-13
-1.2191662e-13
-4.4754207e-14
8.1468078e-15
3.1129724e-14
3.0647614e-14
1.7769999e-14
2.4301638e-15
-2.2562065e-14
-9.0893058e-14
-2.4551448e-13
-4.8603436e-13
-8.4210034e-13
-1.396179e-12
-1.9880462e-12
-2.3043877e-12
-2.4965702e-12
-2.7083519e-12
-2.8244988e-12
-2.7753657e-12
-2.595306e-12
-2.1773219e-12
-1.0676382e-12
7.6764684e-13
2.4585738e-12
3.1263857e-12
2.6990958e-12
1.7441799e-12
8.7614959e-13
3.7081844e-13
1.4082606e-13
4.4799165e-14
1.003842e-14
-2.2644098e-15
-5.3080624e-15
-2.6094306e-15
-2.1927566e-14
-7.6733428e-14
-1.5224073e-13
-2.2728818e-13
-2.637454e-13
-2.5984645e-13
-2.1116315e-13
-1.1595709e-13
-3.9963909e-14
1.0126439e-14
3.6344029e-14
4.2987446e-14
3.6005388e-14
1.6128269e-14
-2.8871601e-14
-1.2842787e-13
-2.8590927e-13
-5.1448651e-13
-8.731311e-13
-1.36782e-12
-1.8368003e-12
-2.1123943e-12
-2.3259982e-12
-2.4747991e-12
-2.4721622e-12
-2.3454978e-12
-1.96036e-12
-8.8303754e-13
8.6441704e-13
2.4248285e-12
2.9933847e-12
2.5442127e-12
1.6275826e-12
8.1044757e-13
3.4191667e-13
1.2377022e-13
3.6578303e-14
5.7028717e-15
-5.0939913e-15
-7.0149354e-15
-3.1065313e-15
-2.1295197e-14
-7.5835392e-14
-1.5692546e-13
-2.4879965e-13
-3.0843552e-13
-3.0655806e-13
-2.7702869e-13
-1.9989941e-13
-1.1842168e-13
-4.8309196e-14
8.4541926e-15
4.9271336e-14
7.2531322e-14
7.5769697e-14
5.293196e-14
-1.307614e-14
-1.2447536e-13
-2.8745917e-13
-5.3368304e-13
-8.9976527e-13
-1.3032477e-12
-1.6417465e-12
-1.8873964e-12
-2.0628022e-12
-2.0991492e-12
-2.0036042e-12
-1.6048376e-12
-5.3149063e-13
1.0921444e-12
2.4427188e-12
2.8462462e-12
2.3471564e-12
1.4697454e-12
7.1790379e-13
2.9712666e-13
1.0125299e-13
2.6822926e-14
7.9121328e-16
-8.2778508e-15
-8.7472726e-15
-3.5215142e-15
-2.0446957e-14
-7.349526e-14
-1.573638e-13
-2.6295645e-13
-3.4735537e-13
-3.6558921e-13
-3.2739708e-13
-2.8687634e-13
-2.2215176e-13
-1.4724227e-13
-7.2430976e-14
-1.9482023e-15
5.9917994e-14
1.0606913e-13
1.26896e-13
1.0648806e-13
3.8297746e-14
-7.8899914e-14
-2.5322324e-13
-5.2081094e-13
-8.3796195e-13
-1.2246366e-12
-1.4134924e-12
-1.5910737e-12
-1.6603695e-12
-1.5723243e-12
-1.133183e-12
-7.3220928e-14
1.3741367e-12
2.4589499e-12
2.6679011e-12
2.1137584e-12
1.2836058e-12
6.1004947e-13
2.4181979e-13
7.707789e-14
1.6906859e-14
-4.4128441e-15
-1.1687424e-14
-1.0330357e-14
-3.7779357e-15
-1.9531747e-14
-7.0402755e-14
-1.5390914e-13
-2.6860709e-13
-3.7546244e-13
-4.2853302e-13
-4.1407017e-13
-3.8855293e-13
-3.384245e-13
-2.7726758e-13
-2.1210482e-13
-1.4130851e-13
-6.2317361e-14
2.0982719e-14
9.6520031e-14
1.4318344e-13
1.4659031e-13
1.0647862e-13
5.2829089e-15
-1.7816463e-13
-4.2373861e-13
-7.7493592e-13
-9.6379827e-13
-1.1005696e-12
-1.175602e-12
-1.0711565e-12
-5.9194476e-13
4.116133e-13
1.6307054e-12
2.4286245e-12
2.4484632e-12
1.8526949e-12
1.0819982e-12
4.9530655e-13
1.8484106e-13
5.4075701e-14
7.3947947e-15
-1.002235e-14
-1.5207576e-14
-1.1540599e-14
-3.7925141e-15
-1.8760549e-14
-6.7008472e-14
-1.4804674e-13
-2.6688346e-13
-3.9051432e-13
-4.7128278e-13
-4.915818e-13
-4.7984423e-13
-4.5090862e-13
-4.2258875e-13
-3.996694e-13
-3.7020077e-13
-3.1696265e-13
-2.3140022e-13
-1.2025557e-13
-3.5822392e-15
9.7961025e-14
1.5873441e-13
1.4766899e-13
5.7429728e-14
-1.0667897e-13
-3.5959668e-13
-5.4948276e-13
-6.4203246e-13
-6.9038014e-13
-5.5147463e-13
-5.8208016e-14
8.3516341e-13
1.7999524e-12
2.3284125e-12
2.1900192e-12
1.5758559e-12
8.7741161e-13
3.8183601e-13
1.3250033e-13
3.3681314e-14
-1.8191285e-15
-1.6029347e-14
-1.8463394e-14
-1.2070664e-14
-3.4825126e-15
-1.8236173e-14
-6.4125944e-14
-1.4179526e-13
-2.6128554e-13
-3.9549858e-13
-4.9634443e-13
-5.4156321e-13
-5.5039029e-13
-5.5201054e-13
-5.7302926e-13
-6.1902899e-13
-6.6500526e-13
-6.7633144e-13
-6.296686e-13
-5.2112435e-13
-3.6293777e-13
-1.8952846e-13
-4.7593171e-14
5.4794475e-14
8.9838165e-14
4.3512415e-14
-9.1238126e-14
-2.0930703e-13
-2.6357139e-13
-2.6220172e-13
-8.9898243e-14
3.8104007e-13
1.1308771e-12
1.8554298e-12
2.1590589e-12
1.9037295e-12
1.2959149e-12
6.8086754e-13
2.7745122e-13
8.7817144e-14
1.6471766e-14
-1.0788784e-14
-2.2111665e-14
-2.0969865e-14
-1.1634834e-14
-2.7895685e-15
-1.7966516e-14
-6.182758e-14
-1.3578393e-13
-2.5415228e-13
-3.9440762e-13
-5.0851081e-13
-5.717338e-13
-6.0279771e-13
-6.4333024e-13
-7.279799e-13
-8.5718968e-13
-9.9066706e-13
-1.0802866e-12
-1.0950336e-12
-1.0229169e-12
-8.7782138e-13
-7.0247491e-13
-4.8759474e-13
-2.6666268e-13
-9.2150069e-14
-1.3995862e-15
-3.3481908e-15
-2.2458364e-14
-1.1170513e-14
4.4548721e-14
2.3887063e-13
6.6543907e-13
1.2779764e-12
1.8067348e-12
1.9376733e-12
1.6038755e-12
1.0246469e-12
5.0162295e-13
1.884615e-13
5.2677447e-14
2.3584083e-15
-1.9925126e-14
-2.8102713e-14
-2.223137e-14
-9.9597741e-15
-1.6801602e-15
-1.7957978e-14
-6.0131654e-14
-1.2993811e-13
-2.4566516e-13
-3.8906536e-13
-5.1192332e-13
-5.8917651e-13
-6.4429299e-13
-7.3145868e-13
-8.8847472e-13
-1.0981965e-12
-1.3049925e-12
-1.4576044e-12
-1.5306427e-12
-1.5129822e-12
-1.4183878e-12
-1.2493072e-12
-9.9466924e-13
-6.981745e-13
-4.2799728e-13
-2.2160735e-13
-9.8238661e-14
-1.1699502e-14
7.5556356e-14
1.8482092e-13
3.9705787e-13
7.8865498e-13
1.3027036e-12
1.6851611e-12
1.685829e-12
1.3040648e-12
7.7294805e-13
3.4774011e-13
1.1878857e-13
2.6643449e-14
-1.0775819e-14
-3.0263195e-14
-3.3438917e-14
-2.1407031e-14
-6.7835797e-15
-1.6797536e-16
-1.8215995e-14
-5.9141539e-14
-1.2458192e-13
-2.3628787e-13
-3.8081277e-13
-5.0996103e-13
-5.9997408e-13
-6.8239624e-13
-8.2132284e-13
-1.0473341e-12
-1.3160044e-12
-1.5609264e-12
-1.743584e-12
-1.8564228e-12
-1.8945623e-12
-1.8303566e-12
-1.6683803e-12
-1.4437129e-12
-1.1593404e-12
-8.5100524e-13
-5.6716651e-13
-3.4385595e-13
-1.6380067e-13
-4.603434e-15
1.5894119e-13
4.0542845e-13
8.0072659e-13
1.2583508e-12
1.5252584e-12
1.4210548e-12
1.0158734e-12
5.5062628e-13
2.2499118e-13
6.863053e-14
6.1887963e-15
-2.5579877e-14
-4.1246045e-14
-3.6054182e-14
-1.7422582e-14
-2.0522276e-15
1.6603818e-15
-1.8720547e-14
-5.8881397e-14
-1.2002042e-13
-2.2680633e-13
-3.7102384e-13
-5.0517932e-13
-6.0806166e-13
-7.2093127e-13
-9.1018039e-13
-1.1868373e-12
-1.4781117e-12
-1.7180812e-12
-1.8971044e-12
-2.0297271e-12
-2.1150945e-12
-2.1281497e-12
-2.0305e-12
-1.8466193e-12
-1.5994531e-12
-1.2886153e-12
-9.6766352e-13
-6.7995884e-13
-4.2966213e-13
-2.0489813e-13
2.8478567e-14
3.4795433e-13
7.8512247e-13
1.1946796e-12
1.3470861e-12
1.151907e-12
7.4821025e-13
3.6538131e-13
1.3447824e-13
3.2750049e-14
-1.4213223e-14
-4.2542802e-14
-4.9571755e-14
-3.3434714e-14
-9.863712e-15
3.9173931e-15
3.6079299e-15
-1.9434109e-14
-5.9288759e-14
-1.1627919e-13
-2.1750766e-13
-3.6041815e-13
-4.9893489e-13
-6.1448814e-13
-7.5843887e-13
-9.8738224e-13
-1.2857922e-12
-1.5587027e-12
-1.7572343e-12
-1.9105313e-12
-2.0485097e-12
-2.1697482e-12
-2.249714e-12
-2.2466903e-12
-2.1405444e-12
-1.9413814e-12
-1.6604498e-12
-1.3392824e-12
-1.0201891e-12
-7.1640385e-13
-4.1725099e-13
-8.3768302e-14
3.3777582e-13
8.0222679e-13
1.1251957e-12
1.1476756e-12
8.8134865e-13
5.114306e-13
2.2353296e-13
7.2670848e-14
4.1793847e-15
-3.6159935e-14
-5.7083862e-14
-5.0502365e-14
-2.4279908e-14
8.0414002e-16
1.0628153e-14
5.6185357e-15
-2.0311796e-14
-6.0274279e-14
-1.132652e-13
-2.0826196e-13
-3.4893075e-13
-4.9138522e-13
-6.1769643e-13
-7.8938581e-13
-1.0388841e-12
-1.3306447e-12
-1.5492478e-12
-1.6860526e-12
-1.8052505e-12
-1.9392272e-12
-2.0827089e-12
-2.2115761e-12
-2.2824561e-12
-2.2558905e-12
-2.1213003e-12
-1.887445e-12
-1.5856013e-12
-1.2497686e-12
-8.9029261e-13
-4.9987965e-13
-5.6709885e-14
4.3115956e-13
8.3726009e-13
1.0222919e-12
9.1707785e-13
6.226017e-13
3.2227039e-13
1.2797721e-13
3.177405e-14
-2.1834627e-14
-5.5967826e-14
-6.3100809e-14
-4.1727807e-14
-9.1237196e-15
1.3694037e-14
1.7597892e-14
7.5442244e-15
-2.1305146e-14
-6.1745986e-14
-1.109077e-13
-1.9885739e-13
-3.3582056e-13
-4.8123587e-13
-6.1680965e-13
-8.0472686e-13
-1.0610659e-12
-1.3157753e-12
-1.4601682e-12
-1.5317038e-12
-1.6170988e-12
-1.7393923e-12
-1.8893902e-12
-2.0444475e-12
-2.1593521e-12
-2.186722e-12
-2.1018328e-12
-1.9049751e-12
-1.6156537e-12
-1.2570358e-12
-8.4057563e-13
-3.7370883e-13
1.2243058e-13
5.5928705e-13
8.258922e-13
8.5918146e-13
6.7185352e-13
4.0656635e-13
1.9348442e-13
6.8973676e-14
-1.4804145e-15
-4.8393647e-14
-6.9607677e-14
-5.7900652e-14
-2.3714103e-14
1.0937682e-14
2.7996729e-14
2.4422855e-14
9.2501728e-15
-2.2349023e-14
-6.3626432e-14
-1.0920184e-13
-1.8925806e-13
-3.2039967e-13
-4.6629736e-13
-6.1147795e-13
-8.0298483e-13
-1.049724e-12
-1.2491526e-12
-1.3152593e-12
-1.3277885e-12
-1.3821777e-12
-1.4849347e-12
-1.6246252e-12
-1.7796708e-12
-1.9033063e-12
-1.9471035e-12
-1.879249e-12
-1.6918047e-12
-1.3975547e-12
-1.0162174e-12
-5.7358548e-13
-1.0096813e-13
3.2844057e-13
6.0799269e-13
7.3619194e-13
6.5782077e-13
4.5801681e-13
2.5624064e-13
1.1261814e-13
2.1693102e-14
-3.9780337e-14
-7.4017371e-14
-7.2324813e-14
-3.9744481e-14
3.4441737e-15
3.5233829e-14
4.2971045e-14
3.0739509e-14
1.0690678e-14
-2.3424936e-14
-6.5822429e-14
-1.0819598e-13
-1.7963313e-13
-3.0271115e-13
-4.477889e-13
-5.9780835e-13
-7.8468642e-13
-1.0077179e-12
-1.1479381e-12
-1.1415446e-12
-1.1041512e-12
-1.1295748e-12
-1.2053511e-12
-1.3191685e-12
-1.4493642e-12
-1.5494803e-12
-1.5763164e-12
-1.4977807e-12
-1.3022267e-12
-1.0031514e-12
-6.2869075e-13
-2.1721103e-13
1.6735758e-13
4.237567e-13
5.7220273e-13
5.9869151e-13
4.7372907e-13
3.0336885e-13
1.5428885e-13
4.3649471e-14
-3.4466646e-14
-8.0222786e-14
-8.6107902e-14
-5.4687623e-14
-4.6293682e-15
4.0512904e-14
6.2872271e-14
5.7722115e-14
3.6238917e-14
1.1834697e-14
-2.4460908e-14
-6.8238923e-14
-1.0796517e-13
-1.7032796e-13
-2.830998e-13
-4.2603139e-13
-5.7432936e-13
-7.5098593e-13
-9.4506349e-13
-1.0307902e-12
-9.6258803e-13
-8.831232e-13
-8.8064231e-13
-9.2445498e-13
-1.001745e-12
-1.0902899e-12
-1.1468418e-12
-1.1390288e-12
-1.0413156e-12
-8.4550134e-13
-5.6694899e-13
-2.4449709e-13
7.8479198e-14
3.0738416e-13
4.4474613e-13
5.1098569e-13
4.6014688e-13
3.2741515e-13
1.8206624e-13
5.7159257e-14
-3.5936325e-14
-8.9361019e-14
-9.6896122e-14
-6.2789094e-14
-5.5481513e-15
5.065629e-14
8.6549103e-14
9.1963784e-14
7.1279621e-14
4.0738206e-14
1.2690809e-14
-2.540525e-14
-7.0769618e-14
-1.0857921e-13
-1.6182121e-13
-2.6238017e-13
-3.9983528e-13
-5.4289026e-13
-7.055768e-13
-8.7164453e-13
-9.1390633e-13
-7.9627906e-13
-6.7998562e-13
-6.5058769e-13
-6.6162167e-13
-6.994137e-13
-7.4220505e-13
-7.5158301e-13
-7.0870472e-13
-5.9835967e-13
-4.2050675e-13
-1.9363513e-13
4.5112064e-14
2.4819186e-13
3.7526976e-13
4.3249695e-13
4.1741594e-13
3.2205943e-13
1.8502876e-13
5.3143086e-14
-4.7229208e-14
-1.0000735e-13
-9.9305073e-14
-5.4060509e-14
1.3802405e-14
7.9217186e-14
1.2371614e-13
1.3762521e-13
1.2004434e-13
8.2928229e-14
4.4222203e-14
1.3298942e-14
-2.6219384e-14
-7.3295979e-14
-1.1006992e-13
-1.5463619e-13
-2.4142314e-13
-3.6971638e-13
-5.0541587e-13
-6.5252907e-13
-7.9531716e-13
-8.0902909e-13
-6.5516825e-13
-5.0502521e-13
-4.501011e-13
-4.3184709e-13
-4.3442336e-13
-4.3949607e-13
-4.1264543e-13
-3.4677871e-13
-2.3686483e-13
-9.1090291e-14
6.291998e-14
2.1380097e-13
3.2689443e-13
3.7313167e-13
3.5707455e-13
2.8053283e-13
1.5657902e-13
2.7841656e-14
-6.6880979e-14
-1.0563571e-13
-8.38894e-14
-1.6385596e-14
6.9027346e-14
1.4429238e-13
1.919124e-13
2.0631634e-13
1.884169e-13
1.4512385e-13
9.2412702e-14
4.6808355e-14
1.3712699e-14
-2.6869824e-14
-7.5690142e-14
-1.1240168e-13
-1.493103e-13
-2.2111034e-13
-3.3716635e-13
-4.6389583e-13
-5.9524369e-13
-7.2069539e-13
-7.2259257e-13
-5.4741538e-13
-3.6543861e-13
-2.8625844e-13
-2.4541951e-13
-2.2100761e-13
-2.0261606e-13
-1.5901689e-13
-8.9568458e-14
5.8236589e-15
1.0649455e-13
1.9017796e-13
2.6634344e-13
3.0813785e-13
2.859601e-13
2.0706955e-13
1.0103121e-13
-9.8440685e-15
-8.2774261e-14
-9.154447e-14
-3.5277585e-14
6.4837004e-14
1.747581e-13
2.6257989e-13
3.1041984e-13
3.1660986e-13
2.8850828e-13
2.3465342e-13
1.6630239e-13
9.9874414e-14
4.8672095e-14
1.3984279e-14
-2.7335317e-14
-7.7823268e-14
-1.1544617e-13
-1.4629872e-13
-2.0273744e-13
-3.0380369e-13
-4.2024403e-13
-5.362127e-13
-6.4899783e-13
-6.5525921e-13
-4.7696087e-13
-2.6647582e-13
-1.6273234e-13
-1.0760879e-13
-6.5647775e-14
-3.6382919e-14
5.7738898e-15
5.8533737e-14
1.1616722e-13
1.614788e-13
2.0991421e-13
2.3897723e-13
2.0746353e-13
1.2325672e-13
3.3884612e-14
-4.1941322e-14
-7.4083521e-14
-3.8265917e-14
6.2840298e-14
2.0213735e-13
3.4031212e-13
4.427537e-13
4.9082564e-13
4.8458764e-13
4.3683441e-13
3.6278341e-13
2.7426324e-13
1.8361465e-13
1.0563174e-13
4.9980731e-14
1.4156505e-14
-2.7609626e-14
-7.9578511e-14
-1.1897543e-13
-1.4584644e-13
-1.8764635e-13
-2.7142703e-13
-3.7627019e-13
-4.773784e-13
-5.7905561e-13
-6.0192847e-13
-4.4238215e-13
-2.117903e-13
-8.0287422e-14
-1.7541384e-14
3.1214677e-14
6.3188907e-14
9.418601e-14
1.228248e-13
1.4327423e-13
1.6873436e-13
1.8040506e-13
1.4066501e-13
6.2003686e-14
-5.5860977e-15
-4.2732428e-14
-2.5373925e-14
6.2406729e-14
2.1321328e-13
3.9195494e-13
5.5723077e-13
6.7426431e-13
7.2500478e-13
7.0938976e-13
6.4133772e-13
5.4085177e-13
4.2533165e-13
3.0689958e-13
1.9749104e-13
1.0998692e-13
5.0862779e-14
1.4262017e-14
-2.7703017e-14
-8.0867339e-14
-1.2268069e-13
-1.479049e-13
-1.7697111e-13
-2.4195182e-13
-3.3368539e-13
-4.2067614e-13
-5.0935549e-13
-5.5312026e-13
-4.3479168e-13
-2.0219304e-13
-3.9048947e-14
3.1994852e-14
7.6959921e-14
1.0495263e-13
1.2238364e-13
1.3146615e-13
1.3269728e-13
1.2552707e-13
9.1032318e-14
3.6648596e-14
-4.1653604e-15
2.9858177e-16
6.7055326e-14
2.0278721e-13
3.9216055e-13
6.0073016e-13
7.8552913e-13
9.1247684e-13
9.6857003e-13
9.5426356e-13
8.798058e-13
7.6242347e-13
6.2189523e-13
4.7469166e-13
3.3279513e-13
2.0829604e-13
1.1313733e-13
5.1406858e-14
1.4325987e-14
-2.7642047e-14
-8.1646043e-14
-1.2621519e-13
-1.5210986e-13
-1.7142967e-13
-2.1728193e-13
-2.9409992e-13
-3.6822122e-13
-4.403302e-13
-4.9878293e-13
-4.369849e-13
-2.3133722e-13
-4.0666066e-14
4.9196854e-14
8.7572029e-14
1.0504727e-13
1.0921438e-13
1.0242804e-13
8.6365408e-14
6.0082611e-14
3.2440721e-14
2.0701106e-14
5.7239998e-14
1.6257306e-13
3.3646733e-13
5.5656635e-13
7.7957929e-13
9.6116902e-13
1.0834304e-12
1.1380057e-12
1.1330619e-12
1.0760795e-12
9.7340615e-13
8.349171e-13
6.7524746e-13
5.0968286e-13
3.5186509e-13
2.1612499e-13
1.1517233e-13
5.1674028e-14
1.4369461e-14
-2.7466581e-14
-8.1926804e-14
-1.2925183e-13
-1.5782366e-13
-1.7117102e-13
-1.9911508e-13
-2.5902781e-13
-3.2184737e-13
-3.7539576e-13
-4.3386981e-13
-4.2750064e-13
-2.8019165e-13
-8.4076741e-14
3.5389642e-14
7.8917194e-14
8.6403249e-14
7.8639873e-14
6.5031285e-14
5.0512195e-14
3.4512005e-14
4.6979548e-14
1.0397151e-13
2.2780236e-13
4.1748698e-13
6.4572034e-13
8.66831e-13
1.0358515e-12
1.127912e-12
1.1528136e-12
1.1406887e-12
1.1074948e-12
1.0533601e-12
9.6856367e-13
8.4732106e-13
6.9558054e-13
5.2822256e-13
3.6344858e-13
2.20842e-13
1.1611993e-13
5.1714919e-14
1.4412592e-14
-2.7224918e-14
-8.1780693e-14
-1.3154489e-13
-1.6423607e-13
-1.7571049e-13
-1.8869884e-13
-2.3000455e-13
-2.8241848e-13
-3.1953702e-13
-3.6227374e-13
-3.9068112e-13
-3.1814797e-13
-1.5430879e-13
-1.2315117e-14
5.44739e-14
6.6410218e-14
5.5374523e-14
4.4734341e-14
4.1273337e-14
6.0310242e-14
1.2807678e-13
2.5560759e-13
4.4443978e-13
6.656712e-13
8.6737464e-13
9.9796549e-13
1.0369246e-12
1.0088247e-12
9.3911277e-13
8.8902982e-13
8.7043389e-13
8.6807634e-13
8.5006634e-13
7.8875134e-13
6.7666631e-13
5.2749186e-13
3.6656681e-13
2.2223112e-13
1.1600079e-13
5.1582675e-14
1.4476222e-14
-2.6966962e-14
-8.1329239e-14
-1.329805e-13
-1.7050843e-13
-1.8397393e-13
-1.8655346e-13
-2.0872633e-13
-2.497986e-13
-2.7612571e-13
-2.9520893e-13
-3.2687126e-13
-3.1671372e-13
-2.17555e-13
-8.4508383e-14
8.3484838e-15
4.455282e-14
4.7637895e-14
4.9536947e-14
6.9123618e-14
1.2924711e-13
2.4909033e-13
4.2631359e-13
6.3568572e-13
8.2243829e-13
9.2352029e-13
9.0355808e-13
7.8079621e-13
6.185232e-13
4.7824867e-13
4.185722e-13
4.4439575e-13
5.2707737e-13
6.1426577e-13
6.5244639e-13
6.133537e-13
5.0494251e-13
3.6036263e-13
2.2014343e-13
1.1486361e-13
5.1338249e-14
1.458194e-14
-2.673694e-14
-8.0724472e-14
-1.3360144e-13
-1.7593579e-13
-1.944671e-13
-1.9223413e-13
-1.9692257e-13
-2.2386579e-13
-2.4465394e-13
-2.4400502e-13
-2.5333349e-13
-2.6835251e-13
-2.3604754e-13
-1.484976e-13
-5.3512634e-14
1.0731351e-14
4.4314123e-14
7.4096849e-14
1.2652251e-13
2.2432347e-13
3.8001873e-13
5.7395452e-13
7.5524862e-13
8.5150479e-13
8.0571719e-13
6.1467122e-13
3.3741514e-13
6.3418754e-14
-1.2139395e-13
-1.7759618e-13
-1.0400689e-13
6.8248212e-14
2.7626144e-13
4.4102099e-13
5.0448426e-13
4.595749e-13
3.4453896e-13
2.1461168e-13
1.1280844e-13
5.1052289e-14
1.4751335e-14
-2.6567002e-14
-8.0121506e-14
-1.3359592e-13
-1.8008861e-13
-2.0555933e-13
-2.0425379e-13
-1.957792e-13
-2.0573631e-13
-2.2178532e-13
-2.1264787e-13
-1.9299183e-13
-1.932229e-13
-1.9496003e-13
-1.6345728e-13
-9.9843951e-14
-2.9154357e-14
3.4077701e-14
9.9708924e-14
1.9058572e-13
3.2227121e-13
4.9612382e-13
6.7589357e-13
7.919642e-13
7.681753e-13
5.6749751e-13
2.2433091e-13
-1.6867369e-13
-5.0992711e-13
-7.1834671e-13
-7.7446525e-13
-6.7598489e-13
-4.4152594e-13
-1.2730076e-13
1.6994643e-13
3.5507684e-13
3.928804e-13
3.1968601e-13
2.0594021e-13
1.1000082e-13
5.0804281e-14
1.5004716e-14
-2.6473368e-14
-7.9649007e-14
-1.3324858e-13
-1.8289233e-13
-2.1583298e-13
-2.2030245e-13
-2.0517153e-13
-1.9781473e-13
-2.0502105e-13
-1.9644037e-13
-1.5936044e-13
-1.2540891e-13
-1.1581856e-13
-1.1291309e-13
-9.146048e-14
-4.400661e-14
2.5506019e-14
1.1735883e-13
2.4022172e-13
3.9926503e-13
5.7918175e-13
7.2766994e-13
7.65508e-13
6.2400059e-13
2.9404543e-13
-1.5431148e-13
-6.0763427e-13
-9.6929263e-13
-1.1845563e-12
-1.2525003e-12
-1.1671276e-12
-9.2160534e-13
-5.4437685e-13
-1.3371882e-13
1.7659272e-13
3.0915317e-13
2.8736296e-13
1.9469146e-13
1.0665667e-13
5.0674898e-14
1.5358567e-14
-2.6455974e-14
-7.9387643e-14
-1.3286581e-13
-1.8460515e-13
-2.2439257e-13
-2.3777002e-13
-2.2325472e-13
-2.0232637e-13
-1.9544073e-13
-1.8780261e-13
-1.5000119e-13
-8.9545164e-14
-4.154299e-14
-2.2248794e-14
-1.685774e-14
6.1793718e-16
4.9918442e-14
1.4227983e-13
2.7587668e-13
4.4721902e-13
6.2327794e-13
7.3752359e-13
7.0661814e-13
4.7538828e-13
6.3614946e-14
-4.3150375e-13
-8.9000864e-13
-1.233604e-12
-1.4418768e-12
-1.53258e-12
-1.4977641e-12
-1.2996798e-12
-9.2031102e-13
-4.3680845e-13
-1.4651267e-14
2.1516724e-13
2.5002901e-13
1.8166659e-13
1.0303779e-13
5.0742883e-14
1.5824119e-14
-2.6501182e-14
-7.9358298e-14
-1.3269222e-13
-1.8569492e-13
-2.3102073e-13
-2.5442364e-13
-2.4680806e-13
-2.1950259e-13
-1.9686932e-13
-1.8348978e-13
-1.5304765e-13
-8.7436961e-14
-5.7887981e-15
5.8167396e-14
9.049682e-14
1.0599163e-13
1.342705e-13
2.0446769e-13
3.2548699e-13
4.8555821e-13
6.4408705e-13
7.2694231e-13
6.4947714e-13
3.6979869e-13
-7.0326904e-14
-5.5881141e-13
-9.8068461e-13
-1.2818532e-12
-1.4740337e-12
-1.5929383e-12
-1.6336792e-12
-1.5318945e-12
-1.2125397e-12
-7.0800341e-13
-2.0082561e-13
1.1906868e-13
2.1075869e-13
1.6784218e-13
9.9433693e-14
5.1078342e-14
1.6405172e-14
-2.6587137e-14
-7.9528974e-14
-1.3286067e-13
-1.8666707e-13
-2.3609931e-13
-2.6895707e-13
-2.7224839e-13
-2.4692461e-13
-2.1253724e-13
-1.8665904e-13
-1.5942236e-13
-1.0404287e-13
-1.3261958e-14
8.9575314e-14
1.7362036e-13
2.2748613e-13
2.6640186e-13
3.1959653e-13
4.1983644e-13
5.4985754e-13
6.7802957e-13
7.3162781e-13
6.3084942e-13
3.4277351e-13
-8.0784721e-14
-5.2534004e-13
-8.8824727e-13
-1.1392664e-12
-1.3142974e-12
-1.4629143e-12
-1.5880704e-12
-1.6107844e-12
-1.3999711e-12
-9.2477787e-13
-3.659743e-13
2.9173545e-14
1.7282793e-13
1.542427e-13
9.6132553e-14
5.1735212e-14
1.7096107e-14
-2.668738e-14
-7.9832259e-14
-1.3337402e-13
-1.8788652e-13
-2.4032128e-13
-2.8114779e-13
-2.9677024e-13
-2.8044848e-13
-2.4244359e-13
-2.0308712e-13
-1.6952805e-13
-1.2436097e-13
-4.5326863e-14
6.8343159e-14
1.9358314e-13
3.0371206e-13
3.9012341e-13
4.6229725e-13
5.5109303e-13
6.5995555e-13
7.6038021e-13
7.9097361e-13
6.8486096e-13
4.1568051e-13
3.6509423e-14
-3.4587548e-13
-6.4637701e-13
-8.5539714e-13
-1.0223385e-12
-1.2023381e-12
-1.4079374e-12
-1.560779e-12
-1.4848321e-12
-1.0768769e-12
-4.9851944e-13
-4.7247392e-14
1.3929361e-13
1.4182621e-13
9.3399983e-14
5.2746466e-14
1.78801e-14
-2.678527e-14
-8.018377e-14
-1.3412367e-13
-1.8947455e-13
-2.4432176e-13
-2.9154538e-13
-3.1898529e-13
-3.1591839e-13
-2.8330151e-13
-2.3621045e-13
-1.9061069e-13
-1.4534408e-13
-8.1438743e-14
1.8595744e-14
1.5306594e-13
3.0190586e-13
4.43861e-13
5.7066752e-13
6.6993713e-13
7.9261682e-13
8.8871184e-13
9.1604166e-13
8.2114942e-13
5.8754604e-13
2.6554276e-13
-5.1983192e-14
-3.012634e-13
-4.8805049e-13
-6.636761e-13
-8.7876701e-13
-1.1539167e-12
-1.4249922e-12
-1.4872783e-12
-1.1660188e-12
-5.9252818e-13
-1.0499202e-13
1.1253247e-13
1.3136659e-13
9.145397e-14
5.4116624e-14
1.8723025e-14
-2.686889e-14
-8.0508309e-14
-1.3494283e-13
-1.9130865e-13
-2.4839389e-13
-3.0087037e-13
-3.3874301e-13
-3.5043877e-13
-3.3034529e-13
-2.850445e-13
-2.2985057e-13
-1.7529318e-13
-1.159687e-13
-3.4398884e-14
8.3501201e-14
2.3630901e-13
4.0799575e-13
5.8608249e-13
7.3642866e-13
8.835517e-13
1.0074508e-12
1.0611952e-12
1.0004003e-12
8.1878949e-13
5.640487e-13
3.0714567e-13
9.0295587e-14
-9.7887324e-14
-2.9967767e-13
-5.530894e-13
-8.8374474e-13
-1.2508424e-12
-1.4362751e-12
-1.2020422e-12
-6.470395e-13
-1.4123132e-13
9.3978884e-14
1.2336654e-13
9.0448365e-14
5.5817798e-14
1.9592765e-14
-2.6924852e-14
-8.0755309e-14
-1.3566398e-13
-1.9310493e-13
-2.5239526e-13
-3.0944684e-13
-3.563248e-13
-3.8246677e-13
-3.790729e-13
-3.4508299e-13
-2.894011e-13
-2.2517892e-13
-1.5904823e-13
-8.4700963e-14
1.2732105e-14
1.4562501e-13
3.120072e-13
5.0209596e-13
7.377273e-13
8.8235493e-13
1.0453692e-12
1.145647e-12
1.1469652e-12
1.0443644e-12
8.6754131e-13
6.6239425e-13
4.5935013e-13
2.5315636e-13
1.6873291e-14
-2.719795e-13
-6.4200243e-13
-1.0791882e-12
-1.361006e-12
-1.198126e-12
-6.6447261e-13
-1.5540541e-13
8.4002156e-14
1.1802209e-13
9.0459012e-14
5.7782619e-14
2.0446234e-14
-2.6957536e-14
-8.090504e-14
-1.3616474e-13
-1.9454038e-13
-2.5585532e-13
-3.1694667e-13
-3.715681e-13
-4.1090811e-13
-4.256458e-13
-4.0992213e-13
-3.6512813e-13
-2.9997868e-13
-2.251745e-13
-1.4559103e-13
-5.6106701e-14
5.6272134e-14
1.9881648e-13
3.6747388e-13
6.390049e-13
8.1739383e-13
9.73329e-13
1.1208709e-12
1.2039229e-12
1.192588e-12
1.0916865e-12
9.2842306e-13
7.3257209e-13
5.097507e-13
2.470605e-13
-6.447617e-14
-4.5616278e-13
-9.3859464e-13
-1.2845452e-12
-1.1662721e-12
-6.4877446e-13
-1.4887868e-13
8.1950692e-14
1.1525228e-13
9.1481164e-14
5.9899461e-14
2.120543e-14
-2.6974711e-14
-8.0966467e-14
-1.3639039e-13
-1.9535993e-13
-2.5819661e-13
-3.2252525e-13
-3.8347395e-13
-4.3410937e-13
-4.6618998e-13
-4.7205166e-13
-4.4754541e-13
-3.9444676e-13
-3.2013449e-13
-2.3360965e-13
-1.3973998e-13
-3.4173439e-14
8.8810377e-14
2.2919675e-13
4.5052779e-13
6.9408717e-13
8.3933807e-13
1.006072e-12
1.148038e-12
1.2068608e-12
1.1593987e-12
1.0351172e-12
8.5927617e-13
6.4071439e-13
3.7392714e-13
5.9675823e-14
-3.3715439e-13
-8.4431866e-13
-1.220678e-12
-1.1143316e-12
-6.040859e-13
-1.2457773e-13
8.633735e-14
1.1478007e-13
9.3429052e-14
6.2011359e-14
2.1804839e-14
-2.6987133e-14
-8.096959e-14
-1.3635353e-13
-1.9543957e-13
-2.5895651e-13
-3.2520508e-13
-3.9046984e-13
-4.4960649e-13
-4.9623834e-13
-5.2315908e-13
-5.2368052e-13
-4.9386461e-13
-4.3456683e-13
-3.5166632e-13
-2.5339844e-13
-1.4410891e-13
-2.6255712e-14
9.7615318e-14
2.7230987e-13
4.9066457e-13
6.7290263e-13
8.2532367e-13
9.6379711e-13
1.0393498e-12
1.0402515e-12
9.7199702e-13
8.4087557e-13
6.5327355e-13
4.0636636e-13
1.0800567e-13
-2.8342532e-13
-8.0051621e-13
-1.173411e-12
-1.0449794e-12
-5.3433674e-13
-8.6710793e-14
9.5154088e-14
1.1624448e-13
9.6132668e-14
6.3915818e-14
2.2171234e-14
-2.7006308e-14
-8.0955154e-14
-1.3611632e-13
-1.9479231e-13
-2.5792279e-13
-3.242847e-13
-3.9109407e-13
-4.5483505e-13
-5.1131118e-13
-5.5518549e-13
-5.799141e-13
-5.7874467e-13
-5.467956e-13
-4.8343205e-13
-3.9329184e-13
-2.8324306e-13
-1.6255423e-13
-4.0186447e-14
1.0815835e-13
2.9420725e-13
4.5672955e-13
5.8938369e-13
6.7621219e-13
7.4510499e-13
8.1147147e-13
8.0736757e-13
7.3089111e-13
5.8625546e-13
3.7122732e-13
9.7798646e-14
-2.8717132e-13
-8.0329464e-13
-1.1378112e-12
-9.5642424e-13
-4.4373517e-13
-4.0482157e-14
1.062982e-13
1.1929986e-13
9.9324978e-14
6.537081e-14
2.2233895e-14
-2.7042443e-14
-8.0965001e-14
-1.3576677e-13
-1.9353727e-13
-2.5515561e-13
-3.1957659e-13
-3.8465742e-13
-4.4829633e-13
-5.085319e-13
-5.6261588e-13
-6.0595991e-13
-6.3185244e-13
-6.3246793e-13
-6.0127572e-13
-5.3601942e-13
-4.395898e-13
-3.2182624e-13
-1.9616664e-13
-5.5762373e-14
1.0460079e-13
2.6596594e-13
3.8481695e-13
4.6601432e-13
5.3273126e-13
6.0343281e-13
6.3328485e-13
5.9447839e-13
4.8290028e-13
2.9717758e-13
4.601851e-14
-3.4010076e-13
-8.4262861e-13
-1.1014351e-12
-8.4465502e-13
-3.3787858e-13
8.3540218e-15
1.1803497e-13
1.2365504e-13
1.0262341e-13
6.6109161e-14
2.1932984e-14
-2.7103041e-14
-8.1034435e-14
-1.3539534e-13
-1.9184968e-13
-2.5092746e-13
-3.1143062e-13
-3.7155845e-13
-4.3042102e-13
-4.8822453e-13
-5.4499685e-13
-5.9890402e-13
-6.4511854e-13
-6.7572842e-13
-6.8107241e-13
-6.5265914e-13
-5.8629643e-13
-4.8639675e-13
-3.6533127e-13
-2.2762537e-13
-7.8478162e-14
8.6345341e-14
2.4887079e-13
3.7258692e-13
4.4874267e-13
4.8103923e-13
4.94008e-13
4.6570512e-13
3.6772303e-13
2.0310874e-13
-3.7634992e-14
-4.3530656e-13
-9.0197066e-13
-1.0468686e-12
-7.071152e-13
-2.2471286e-13
5.434785e-14
1.2937664e-13
1.2901544e-13
1.0551454e-13
6.5863128e-14
2.1228276e-14
-2.7191995e-14
-8.1187285e-14
-1.3507741e-13
-1.8991096e-13
-2.4562013e-13
-3.0059095e-13
-3.5318964e-13
-4.0370055e-13
-4.5445883e-13
-5.0805573e-13
-5.6520323e-13
-6.2340639e-13
-6.764123e-13
-7.1439821e-13
-7.2555686e-13
-6.9931151e-13
-6.3198188e-13
-5.2968306e-13
-4.0070661e-13
-2.5642555e-13
-1.0627466e-13
6.5801732e-14
2.3159281e-13
3.3542156e-13
3.8004224e-13
3.8176032e-13
3.4012792e-13
2.4741802e-13
9.7099744e-14
-1.5181661e-13
-5.6363478e-13
-9.5658309e-13
-9.5600972e-13
-5.4660315e-13
-1.1429182e-13
9.3530135e-14
1.4017918e-13
1.3493644e-13
1.0736437e-13
6.4399499e-14
2.0107411e-14
-2.7309297e-14
-8.1433765e-14
-1.3486469e-13
-1.8787944e-13
-2.3963469e-13
-2.8799075e-13
-3.3157053e-13
-3.7212197e-13
-4.1424121e-13
-4.6257961e-13
-5.1928713e-13
-5.8325402e-13
-6.5012021e-13
-7.1191349e-13
-7.56864e-13
-7.7100248e-13
-7.4337593e-13
-6.7150435e-13
-5.610417e-13
-4.2458269e-13
-2.7886129e-13
-1.2642034e-13
3.8135687e-14
1.6955903e-13
2.3449556e-13
2.4310834e-13
2.0777386e-13
1.2628722e-13
-2.1797567e-14
-2.989906e-13
-7.0618064e-13
-9.7491176e-13
-8.1731573e-13
-3.7388468e-13
-1.6827805e-14
1.2446391e-13
1.508349e-13
1.4065491e-13
1.0747077e-13
6.1560704e-14
1.8591682e-14
-2.7451082e-14
-8.1771013e-14
-1.347828e-13
-1.8587193e-13
-2.3333114e-13
-2.7457766e-13
-3.0892407e-13
-3.4028606e-13
-3.7587187e-13
-4.2164166e-13
-4.79357e-13
-5.4727382e-13
-6.2186413e-13
-6.9774109e-13
-7.6584605e-13
-8.1244877e-13
-8.2226056e-13
-7.8470643e-13
-6.9903772e-13
-5.750752e-13
-4.3220256e-13
-2.873136e-13
-1.0714481e-13
-3.109048e-15
6.9535102e-14
9.9727904e-14
8.1377529e-14
6.5148815e-15
-1.6296203e-13
-4.7426469e-13
-8.2851164e-13
-9.2677111e-13
-6.3369925e-13
-2.0650776e-13
6.0629764e-14
1.4840761e-13
1.6160785e-13
1.4500331e-13
1.0516631e-13
5.7303299e-14
1.67378e-14
-2.7609545e-14
-8.218255e-14
-1.3483167e-13
-1.8396067e-13
-2.2699595e-13
-2.6118958e-13
-2.8730818e-13
-3.1250157e-13
-3.4707076e-13
-3.9729601e-13
-4.6224431e-13
-5.3694507e-13
-6.169213e-13
-6.9912686e-13
-7.7883401e-13
-8.4564835e-13
-8.8344696e-13
-8.759043e-13
-8.1497462e-13
-7.0527488e-13
-5.6602074e-13
-4.2001884e-13
-2.345141e-13
-1.377117e-13
-6.3258683e-14
-1.9895049e-14
-3.1312179e-14
-1.2266311e-13
-3.3470793e-13
-6.5144028e-13
-8.8568018e-13
-7.9762704e-13
-4.2532897e-13
-6.2694746e-14
1.1694112e-13
1.6821049e-13
1.7193194e-13
1.4649976e-13
9.9951104e-14
5.1724022e-14
1.4634447e-14
-2.7773609e-14
-8.2641214e-14
-1.3499204e-13
-1.8218518e-13
-2.2084145e-13
-2.4848312e-13
-2.6834043e-13
-2.92051e-13
-3.3342906e-13
-3.9783955e-13
-4.7919227e-13
-5.6669896e-13
-6.5306062e-13
-7.3687853e-13
-8.1847434e-13
-8.9287123e-13
-9.4602563e-13
-9.5856693e-13
-9.161648e-13
-8.1775038e-13
-6.7990251e-13
-5.2623785e-13
-3.5065363e-13
-2.2942302e-13
-1.5306396e-13
-1.125139e-13
-1.4333869e-13
-2.7816094e-13
-5.2340304e-13
-7.8045668e-13
-8.418475e-13
-6.0070333e-13
-2.2351494e-13
4.657982e-14
1.5682036e-13
1.8627786e-13
1.8004872e-13
1.4362121e-13
9.1623729e-14
4.5062853e-14
1.2393565e-14
-2.7929702e-14
-8.3112514e-14
-1.3523099e-13
-1.805573e-13
-2.1500947e-13
-2.3689526e-13
-2.5299786e-13
-2.8065048e-13
-3.373593e-13
-4.2616479e-13
-5.3358138e-13
-6.409139e-13
-7.3653579e-13
-8.1996936e-13
-8.966732e-13
-9.680597e-13
-1.0240144e-12
-1.0441448e-12
-1.0089359e-12
-9.1210221e-13
-7.6744815e-13
-5.9906142e-13
-4.2190607e-13
-2.895765e-13
-2.1425728e-13
-2.005319e-13
-2.7764534e-13
-4.5621064e-13
-6.8176619e-13
-8.0839609e-13
-6.9382515e-13
-3.7476563e-13
-5.6205084e-14
1.2225268e-13
1.8757124e-13
2.0274247e-13
1.8324597e-13
1.3518926e-13
8.0362431e-14
3.7681699e-14
1.0137847e-14
-2.8061958e-14
-8.3554154e-14
-1.355055e-13
-1.790741e-13
-2.0958338e-13
-2.2661772e-13
-2.4148535e-13
-2.7813284e-13
-3.5761304e-13
-4.7928165e-13
-6.2064389e-13
-7.5383148e-13
-8.6191793e-13
-9.4471188e-13
-1.0123683e-12
-1.0723871e-12
-1.118973e-12
-1.1320597e-12
-1.0885877e-12
-9.7860951e-13
-8.1560322e-13
-6.2848035e-13
-4.4904969e-13
-3.2459957e-13
-2.7581553e-13
-3.1046711e-13
-4.3486819e-13
-6.1410648e-13
-7.4845321e-13
-7.1383729e-13
-4.7834723e-13
-1.6557938e-13
6.5188088e-14
1.7476187e-13
2.1439021e-13
2.1483732e-13
1.7860623e-13
1.2071829e-13
6.6732785e-14
3.0017695e-14
7.9862508e-15
-2.8153666e-14
-8.3920828e-14
-1.3576964e-13
-1.777305e-13
-2.0460147e-13
-2.175983e-13
-2.3320184e-13
-2.8241457e-13
-3.8942515e-13
-5.4891037e-13
-7.2871419e-13
-8.9147796e-13
-1.0144295e-12
-1.0969916e-12
-1.1531291e-12
-1.1950314e-12
-1.220179e-12
-1.2097467e-12
-1.14048e-12
-1.0035314e-12
-8.1666017e-13
-6.183574e-13
-4.5263888e-13
-3.6197173e-13
-3.6015448e-13
-4.409898e-13
-5.7435e-13
-6.8911853e-13
-6.8979574e-13
-5.251289e-13
-2.5292062e-13
-2.4709873e-15
1.4807024e-13
2.1598296e-13
2.3715415e-13
2.1778909e-13
1.6396087e-13
1.0060754e-13
5.160861e-14
2.252663e-14
6.0409541e-15
-2.8188443e-14
-8.4167668e-14
-1.3597849e-13
-1.7652369e-13
-2.0007457e-13
-2.0958433e-13
-2.2685873e-13
-2.8984102e-13
-4.2533108e-13
-6.2298938e-13
-8.4147612e-13
-1.0345555e-12
-1.173278e-12
-1.2556796e-12
-1.2983471e-12
-1.3165043e-12
-1.3093739e-12
-1.2605493e-12
-1.1519834e-12
-9.828738e-13
-7.8060697e-13
-5.9095827e-13
-4.605525e-13
-4.1885657e-13
-4.5922572e-13
-5.5072039e-13
-6.3611709e-13
-6.4418536e-13
-5.263249e-13
-3.0350004e-13
-6.3192923e-14
1.1256361e-13
2.0890489e-13
2.5126134e-13
2.5037666e-13
2.0672428e-13
1.3867034e-13
7.6118109e-14
3.6029956e-14
1.5626081e-14
4.3765934e-15
-2.8145774e-14
-8.4252115e-14
-1.3608426e-13
-1.7545478e-13
-1.9601008e-13
-2.0222563e-13
-2.2079844e-13
-2.9596054e-13
-4.5665521e-13
-6.8795163e-13
-9.408458e-13
-1.1616802e-12
-1.3151767e-12
-1.3964532e-12
-1.4233041e-12
-1.4133284e-12
-1.3675199e-12
-1.2734187e-12
-1.1228993e-12
-9.2909495e-13
-7.2876418e-13
-5.6832803e-13
-4.827267e-13
-4.7937808e-13
-5.3140868e-13
-5.8578704e-13
-5.875499e-13
-4.9691726e-13
-3.1779232e-13
-1.0400916e-13
7.7654916e-14
1.9613844e-13
2.5925478e-13
2.7637302e-13
2.4601806e-13
1.7865673e-13
1.0393113e-13
4.9142055e-14
2.1042818e-14
9.6202592e-15
3.0360326e-15
-2.8009772e-14
-8.4130401e-14
-1.3604121e-13
-1.7453698e-13
-1.9244818e-13
-1.9522278e-13
-2.1344205e-13
-2.9655642e-13
-4.753429e-13
-7.3130738e-13
-1.0099945e-12
-1.2525372e-12
-1.4177148e-12
-1.4959009e-12
-1.5040999e-12
-1.4625407e-12
-1.3769728e-12
-1.2421679e-12
-1.0606613e-12
-8.5719914e-13
-6.7431677e-13
-5.5055046e-13
-4.9997411e-13
-5.0571819e-13
-5.3397527e-13
-5.2341506e-13
-4.4812437e-13
-3.034532e-13
-1.2072236e-13
5.2468377e-14
1.8293726e-13
2.6387993e-13
2.9739424e-13
2.8039438e-13
2.1742235e-13
1.3375608e-13
6.2546981e-14
2.1827598e-14
7.5414155e-15
4.7233693e-15
2.0747991e-15
-2.7783252e-14
-8.3754887e-14
-1.3580415e-13
-1.7378769e-13
-1.8948168e-13
-1.8847562e-13
-2.0374446e-13
-2.8855051e-13
-4.7536735e-13
-7.435442e-13
-1.0356973e-12
-1.2905868e-12
-1.4623698e-12
-1.5354094e-12
-1.5234763e-12
-1.4487563e-12
-1.3248576e-12
-1.1585323e-12
-9.634205e-13
-7.6909206e-13
-6.1215952e-13
-5.1732818e-13
-4.8127115e-13
-4.7411901e-13
-4.5563631e-13
-3.8706776e-13
-2.6887672e-13
-1.152337e-13
4.2320361e-14
1.7529576e-13
2.6865685e-13
3.1565235e-13
3.0987042e-13
2.5209251e-13
1.625229e-13
7.5511414e-14
1.8295687e-14
-3.805047e-15
-3.8397463e-15
1.0060513e-15
1.3630574e-15
-2.7452394e-14
-8.3102712e-14
-1.3532445e-13
-1.7321538e-13
-1.8725595e-13
-1.821779e-13
-1.9154043e-13
-2.7081574e-13
-4.541865e-13
-7.2033799e-13
-1.0111795e-12
-1.2660894e-12
-1.4372253e-12
-1.5034599e-12
-1.4739213e-12
-1.3709474e-12
-1.215333e-12
-1.0268913e-12
-8.306233e-13
-6.5618421e-13
-5.2808219e-13
-4.5077452e-13
-4.1235596e-13
-3.9181559e-13
-3.1813565e-13
-2.2073241e-13
-9.1528376e-14
4.8694055e-14
1.7774793e-13
2.7724024e-13
3.3324544e-13
3.3496453e-13
2.8049031e-13
1.8621289e-13
8.5122689e-14
9.8742794e-15
-2.4874306e-14
-2.6165943e-14
-1.2766984e-14
-1.5639173e-15
9.3988276e-16
-2.7020304e-14
-8.2151818e-14
-1.3454471e-13
-1.7280112e-13
-1.8593934e-13
-1.7681554e-13
-1.7763776e-13
-2.4439924e-13
-4.1314276e-13
-6.6335452e-13
-9.3771327e-13
-1.1785881e-12
-1.3395507e-12
-1.396494e-12
-1.354786e-12
-1.2362606e-12
-1.0657074e-12
-8.6969833e-13
-6.7938532e-13
-5.2416694e-13
-4.1763183e-13
-3.5191793e-13
-3.107511e-13
-2.6618653e-13
-1.5988995e-13
-5.4072998e-14
7.07898e-14
1.9222576e-13
2.9202764e-13
3.5143301e-13
3.5568436e-13
3.0073131e-13
2.0070975e-13
8.6848614e-14
-5.9662052e-15
-5.6194092e-14
-6.3566225e-14
-4.4257487e-14
-1.9189998e-14
-3.1092581e-15
7.5564496e-16
-2.649315e-14
-8.0892079e-14
-1.3340101e-13
-1.7248092e-13
-1.8566687e-13
-1.730575e-13
-1.6363952e-13
-2.1221015e-13
-3.5692575e-13
-5.7963711e-13
-8.2454451e-13
-1.0380688e-12
-1.1782196e-12
-1.2211765e-12
-1.1706502e-12
-1.0488233e-12
-8.8360813e-13
-7.0283641e-13
-5.3352114e-13
-3.9568728e-13
-2.9672831e-13
-2.3525283e-13
-1.9564141e-13
-1.0847584e-13
-1.099732e-15
1.0507612e-13
2.1818395e-13
3.130112e-13
3.6988797e-13
3.7098125e-13
3.1078947e-13
2.0238571e-13
7.5917236e-14
-3.3135243e-14
-9.929696e-14
-1.1622345e-13
-9.5397529e-14
-5.7687243e-14
-2.3281254e-14
-3.8043623e-15
7.4142004e-16
-2.5883433e-14
-7.9328529e-14
-1.3182623e-13
-1.7213009e-13
-1.8646883e-13
-1.7157007e-13
-1.5156143e-13
-1.7830108e-13
-2.9228274e-13
-4.7961615e-13
-6.8658577e-13
-8.6329078e-13
-9.7383882e-13
-9.9735772e-13
-9.374475e-13
-8.1628978e-13
-6.6350394e-13
-5.0858406e-13
-3.7204386e-13
-2.6159649e-13
-1.7490258e-13
-1.1546688e-13
-5.0164343e-14
5.0156492e-14
1.5290133e-13
2.510881e-13
3.3808372e-13
3.8652195e-13
3.7901015e-13
3.0885224e-13
1.8892207e-13
4.9108335e-14
-7.4899331e-14
-1.5582881e-13
-1.8361035e-13
-1.6532968e-13
-1.19141e-13
-6.656553e-14
-2.5356575e-14
-3.8450646e-15
8.3978099e-16
-2.5210327e-14
-7.7484962e-14
-1.2976123e-13
-1.7156452e-13
-1.8821368e-13
-1.7281223e-13
-1.4336986e-13
-1.4702922e-13
-2.2651415e-13
-3.7443107e-13
-5.4032053e-13
-6.7675902e-13
-7.5397948e-13
-7.5561691e-13
-6.8588886e-13
-5.6591543e-13
-4.2249263e-13
-2.8258269e-13
-1.6376335e-13
-7.7150561e-14
-2.5921208e-14
2.398105e-14
1.0294038e-13
2.0071873e-13
2.9031517e-13
3.6208801e-13
3.9893694e-13
3.7820519e-13
2.9460048e-13
1.6068004e-13
6.7067417e-15
-1.3122709e-13
-2.250837e-13
-2.6322047e-13
-2.5008864e-13
-2.0068249e-13
-1.345911e-13
-7.1342699e-14
-2.5797673e-14
-3.4253349e-15
9.9843267e-16
-2.4498201e-14
-7.5405855e-14
-1.2716734e-13
-1.705536e-13
-1.9057697e-13
-1.7686745e-13
-1.4055325e-13
-1.2230622e-13
-1.6627263e-13
-2.7370602e-13
-3.9969028e-13
-4.9824577e-13
-5.4444542e-13
-5.2711453e-13
-4.5138566e-13
-3.3704172e-13
-2.072028e-13
-7.7819158e-14
3.7630788e-14
9.6887839e-14
1.3019287e-13
1.7115028e-13
2.4490036e-13
3.2594691e-13
3.8420399e-13
4.0432963e-13
3.69208e-13
2.704923e-13
1.2191506e-13
-4.6202372e-14
-1.9693611e-13
-3.0164781e-13
-3.484591e-13
-3.4132725e-13
-2.9346704e-13
-2.213884e-13
-1.4227248e-13
-7.2641734e-14
-2.4991074e-14
-2.7217128e-15
1.1719167e-15
-2.3774932e-14
-7.3157186e-14
-1.2404495e-13
-1.6885862e-13
-1.9306188e-13
-1.8335967e-13
-1.4380616e-13
-1.0706134e-13
-1.1694512e-13
-1.8459717e-13
-2.7389486e-13
-3.4036828e-13
-3.6174475e-13
-3.3187555e-13
-2.5717514e-13
-1.554942e-13
-4.7374665e-14
5.2920531e-14
1.1573721e-13
1.6201136e-13
2.0787905e-13
2.7807115e-13
3.5512581e-13
3.9962341e-13
4.046752e-13
3.542718e-13
2.4232843e-13
8.0429504e-14
-1.0035615e-13
-2.6232895e-13
-3.7564546e-13
-4.2847709e-13
-4.2603781e-13
-3.8229641e-13
-3.1199409e-13
-2.2800753e-13
-1.4311527e-13
-7.1123794e-14
-2.3288895e-14
-1.8852932e-15
1.3224656e-15
-2.3069588e-14
-7.0823401e-14
-1.2044628e-13
-1.6627607e-13
-1.9505527e-13
-1.9146782e-13
-1.5287579e-13
-1.0286063e-13
-8.2403811e-14
-1.1205475e-13
-1.6774423e-13
-2.0824746e-13
-2.1156662e-13
-1.7496786e-13
-1.062786e-13
-2.1234604e-14
6.4653165e-14
1.3003325e-13
1.7810265e-13
2.2948222e-13
2.9572599e-13
3.7099726e-13
4.0895565e-13
4.0092355e-13
3.3908967e-13
2.1697436e-13
4.5685327e-14
-1.4521825e-13
-3.1662921e-13
-4.3663816e-13
-4.9232984e-13
-4.9069208e-13
-4.491739e-13
-3.844096e-13
-3.0665333e-13
-2.219745e-13
-1.3819124e-13
-6.7403458e-14
-2.0990412e-14
-1.0395983e-15
1.4199625e-15
-2.2409762e-14
-6.8501644e-14
-1.1648475e-13
-1.6269549e-13
-1.9593234e-13
-2.0003973e-13
-1.6659007e-13
-1.097199e-13
-6.4852909e-14
-5.9476063e-14
-8.3507863e-14
-1.0218752e-13
-9.2517268e-14
-5.2287246e-14
1.0207721e-14
8.1527392e-14
1.4700385e-13
2.0115518e-13
2.5326483e-13
3.1319223e-13
3.7763487e-13
4.1130594e-13
3.9691426e-13
3.2825875e-13
2.0156832e-13
2.5546675e-14
-1.7211598e-13
-3.5199207e-13
-4.7858787e-13
-5.3553382e-13
-5.2977686e-13
-4.8332975e-13
-4.191843e-13
-3.5076676e-13
-2.8018429e-13
-2.0512928e-13
-1.2855343e-13
-6.2012397e-14
-1.8339641e-14
-2.8228764e-16
1.4414097e-15
-2.1818777e-14
-6.6291855e-14
-1.123308e-13
-1.5813897e-13
-1.9516665e-13
-2.0776738e-13
-1.8306859e-13
-1.2610872e-13
-6.4547331e-14
-2.8944281e-14
-2.2704045e-14
-2.1011623e-14
-8.216394e-16
4.2174521e-14
1.0081095e-13
1.6479302e-13
2.2518743e-13
2.7997281e-13
3.3247836e-13
3.7919894e-13
4.088257e-13
3.9441063e-13
3.2596195e-13
2.0057443e-13
2.5269406e-14
-1.7598823e-13
-3.6462092e-13
-5.012002e-13
-5.6266128e-13
-5.5166519e-13
-4.9221407e-13
-4.1546682e-13
-3.4482879e-13
-2.8759508e-13
-2.3628674e-13
-1.7944634e-13
-1.1517767e-13
-5.539982e-14
-1.5532957e-14
3.1122688e-16
1.3702681e-15
-2.1313759e-14
-6.4286436e-14
-1.0819601e-13
-1.5278911e-13
-1.924577e-13
-2.134036e-13
-2.0003466e-13
-1.4927885e-13
-7.9723147e-14
-2.0842684e-14
1.3374591e-14
3.574092e-14
6.6550222e-14
1.1296916e-13
1.7015555e-13
2.3018287e-13
2.8694132e-13
3.382947e-13
3.7842341e-13
4.0177328e-13
3.9312659e-13
3.3256148e-13
2.1553871e-13
4.6728233e-14
-1.5449862e-13
-3.5270794e-13
-5.0575684e-13
-5.8178772e-13
-5.7367954e-13
-5.0111394e-13
-3.9978466e-13
-3.0520838e-13
-2.3916009e-13
-2.0279486e-13
-1.7914296e-13
-1.4694679e-13
-9.8976201e-14
-4.7954046e-14
-1.2731238e-14
6.8370893e-16
1.195893e-15
-2.0904042e-14
-6.2559076e-14
-1.0430633e-13
-1.4697604e-13
-1.8781666e-13
-2.159821e-13
-2.1516817e-13
-1.7573971e-13
-1.0681664e-13
-3.3340687e-14
2.4397595e-14
6.7518919e-14
1.1056609e-13
1.6227916e-13
2.2042539e-13
2.784312e-13
3.3045208e-13
3.7117507e-13
3.9333501e-13
3.9405798e-13
3.4583254e-13
2.4471753e-13
8.9318491e-14
-1.06637e-13
-3.1333371e-13
-4.8905196e-13
-5.9400439e-13
-6.0728661e-13
-5.364017e-13
-4.1314096e-13
-2.7981241e-13
-1.7399998e-13
-1.1666693e-13
-1.0489209e-13
-1.1318982e-13
-1.0971727e-13
-8.0844452e-14
-4.0031114e-14
-1.0072423e-14
7.9257439e-16
9.1319601e-16
-2.0591124e-14
-6.1156913e-14
-1.0086846e-13
-1.4112969e-13
-1.8160159e-13
-2.150281e-13
-2.2644351e-13
-2.0180759e-13
-1.4118903e-13
-6.2489451e-14
1.2061951e-14
7.4101972e-14
1.3070245e-13
1.9003029e-13
2.5194822e-13
3.1056184e-13
3.5889591e-13
3.8754543e-13
3.9207116e-13
3.7195022e-13
2.8825184e-13
1.5361317e-13
-2.977191e-14
-2.3986007e-13
-4.3963388e-13
-5.8558263e-13
-6.4338282e-13
-6.0260054e-13
-4.8122462e-13
-3.1787546e-13
-1.5813236e-13
-4.1588011e-14
9.1093493e-15
-2.1792367e-15
-4.2936267e-14
-6.9932829e-14
-6.1702608e-14
-3.1978808e-14
-7.6815062e-15
6.0752467e-16
5.2256992e-16
-2.0369695e-14
-6.0098238e-14
-9.8041619e-14
-1.3571131e-13
-1.7447809e-13
-2.1070015e-13
-2.3247797e-13
-2.2403889e-13
-1.7774999e-13
-1.0289638e-13
-1.9707066e-14
5.7104841e-14
1.2683281e-13
1.9515249e-13
2.6331015e-13
3.2609065e-13
3.7505624e-13
3.9785961e-13
3.9243627e-13
3.5055987e-13
2.4315983e-13
8.3025581e-14
-1.1994095e-13
-3.3710261e-13
-5.2716483e-13
-6.4733341e-13
-6.6891318e-13
-5.8894512e-13
-4.3105134e-13
-2.3655547e-13
-5.2754468e-14
7.7636622e-14
1.2741934e-13
9.8068077e-14
2.7268495e-14
-2.982662e-14
-4.2507831e-14
-2.4148776e-14
-5.6761769e-15
1.096368e-16
3.0040688e-17
-2.0228823e-14
-5.9372183e-14
-9.5917808e-14
-1.3112599e-13
-1.6727956e-13
-2.0379475e-13
-2.3284185e-13
-2.3971431e-13
-2.1154041e-13
-1.4852822e-13
-6.5432355e-14
2.0282289e-14
1.0082628e-13
1.7779199e-13
2.5300301e-13
3.2264248e-13
3.7773775e-13
4.0476983e-13
3.9850944e-13
3.4574448e-13
2.2797855e-13
5.3532858e-14
-1.6112119e-13
-3.8270487e-13
-5.6740465e-13
-6.7336882e-13
-6.7540157e-13
-5.7392488e-13
-3.938856e-13
-1.7667311e-13
2.9121397e-14
1.7650572e-13
2.3147477e-13
1.9022411e-13
9.3513852e-14
8.4073974e-15
-2.422728e-14
-1.6893234e-14
-4.1669577e-15
-7.079881e-16
-5.5244602e-16
-2.0154424e-14
-5.8945782e-14
-9.4515776e-14
-1.2766067e-13
-1.6084854e-13
-1.955985e-13
-2.2822256e-13
-2.4734671e-13
-2.3820506e-13
-1.9314143e-13
-1.1881868e-13
-3.1285738e-14
5.6407677e-14
1.4045064e-13
2.2173607e-13
2.9841299e-13
3.6278839e-13
4.0231417e-13
4.0570666e-13
3.5956388e-13
2.4742546e-13
7.4267624e-14
-1.4144172e-13
-3.645807e-13
-5.4986966e-13
-6.5516765e-13
-6.5548677e-13
-5.504403e-13
-3.6292019e-13
-1.3276466e-13
9.0354697e-14
2.5478168e-13
3.1861978e-13
2.7063012e-13
1.5258732e-13
4.2764635e-14
-7.7739222e-15
-1.0547082e-14
-3.2528086e-15
-1.8384204e-15
-1.2067775e-15
-2.0131335e-14
-5.8771846e-14
-9.3791728e-14
-1.2545659e-13
-1.5588158e-13
-1.8760828e-13
-2.2032078e-13
-2.4712946e-13
-2.547804e-13
-2.307724e-13
-1.7293724e-13
-9.1706839e-14
-1.8922295e-15
8.7089881e-14
1.7291522e-13
2.5481146e-13
3.2784685e-13
3.8203378e-13
4.0382429e-13
3.7913965e-13
2.9024374e-13
1.3669788e-13
-6.5685008e-14
-2.8316334e-13
-4.7046463e-13
-5.8427323e-13
-5.969208e-13
-5.0379277e-13
-3.2315399e-13
-9.1920608e-14
1.3995396e-13
3.1693267e-13
3.8941781e-13
3.3746876e-13
2.0211697e-13
7.157176e-14
6.0655204e-15
-5.4035284e-15
-3.0134967e-15
-3.2583273e-15
-1.9086196e-15
-2.0145322e-14
-5.8795945e-14
-9.3658697e-14
-1.2451272e-13
-1.528211e-13
-1.8120579e-13
-2.1145265e-13
-2.4100429e-13
-2.6055473e-13
-2.5678118e-13
-2.2055458e-13
-1.5401064e-13
-6.8985444e-14
2.1658676e-14
1.1074268e-13
1.9602102e-13
2.7509067e-13
3.3934927e-13
3.8327013e-13
3.8749697e-13
3.3353689e-13
2.1535182e-13
4.2350191e-14
-1.5664833e-13
-3.3922296e-13
-4.6181973e-13
-4.9305737e-13
-4.2212598e-13
-2.6075723e-13
-4.1295521e-14
1.8776265e-13
3.6892775e-13
4.4610453e-13
3.9027078e-13
2.4057264e-13
9.3609452e-14
1.6711692e-14
-1.6880617e-15
-3.5002289e-15
-4.9251706e-15
-2.6278793e-15
-2.0180895e-14
-5.8966265e-14
-9.4004823e-14
-1.2471347e-13
-1.5182881e-13
-1.7741232e-13
-2.0400732e-13
-2.3221248e-13
-2.5748465e-13
-2.6926963e-13
-2.554355e-13
-2.1015239e-13
-1.3825917e-13
-5.1624576e-14
3.8616735e-14
1.2633281e-13
2.0923185e-13
2.789503e-13
3.4060336e-13
3.7196664e-13
3.5578008e-13
2.8091414e-13
1.5052414e-13
-1.462876e-14
-1.791348e-13
-3.0207686e-13
-3.4953993e-13
-3.0434235e-13
-1.7058187e-13
2.577758e-14
2.4007318e-13
4.1543332e-13
4.9100787e-13
4.2917771e-13
2.6708879e-13
1.0816709e-13
2.3845261e-14
4.6109122e-16
-4.7263827e-15
-6.7751359e-15
-3.322477e-15
-2.0231981e-14
-5.9232645e-14
-9.4710914e-14
-1.2587209e-13
-1.5282526e-13
-1.7677902e-13
-1.9995901e-13
-2.244813e-13
-2.4979864e-13
-2.7005325e-13
-2.7447632e-13
-2.5262437e-13
-2.0124782e-13
-1.265858e-13
-3.9960029e-14
4.8763982e-14
1.3363708e-13
2.1295265e-13
2.7742582e-13
3.27132e-13
3.43746e-13
3.135531e-13
2.3382428e-13
1.1476698e-13
-1.78775e-14
-1.2878565e-13
-1.8414871e-13
-1.6192633e-13
-5.8659255e-14
1.0736831e-13
2.975824e-13
4.5824797e-13
5.2552779e-13
4.5447171e-13
2.8136578e-13
1.1506979e-13
2.7426864e-14
1.0001573e-15
-6.6595773e-15
-8.7227041e-15
-3.9688685e-15
-2.0286343e-14
-5.9554231e-14
-9.5664542e-14
-1.2777167e-13
-1.5556423e-13
-1.7941017e-13
-2.0058231e-13
-2.2117413e-13
-2.4288374e-13
-2.6443594e-13
-2.7939643e-13
-2.7740827e-13
-2.496433e-13
-1.9460182e-13
-1.1912583e-13
-3.3538501e-14
5.1012876e-14
1.4589192e-13
2.0150489e-13
2.6265519e-13
3.0486191e-13
3.1445412e-13
2.8337562e-13
2.1304222e-13
1.1995111e-13
3.1659963e-14
-2.131421e-14
-1.4826615e-14
6.067017e-14
1.9472107e-13
3.5623442e-13
4.9644552e-13
5.498942e-13
4.6631916e-13
2.8358041e-13
1.1466908e-13
2.7680183e-14
-2.5223395e-17
-9.2160174e-15
-1.0659956e-14
-4.5201984e-15
-2.0337735e-14
-5.9897921e-14
-9.676649e-14
-1.3019466e-13
-1.5971004e-13
-1.8506957e-13
-2.0640358e-13
-2.2469886e-13
-2.4193536e-13
-2.597617e-13
-2.767453e-13
-2.864246e-13
-2.7907219e-13
-2.4713701e-13
-1.9030821e-13
-1.149747e-13
-3.3940215e-14
6.1264723e-14
1.3600224e-13
1.9308669e-13
2.5238206e-13
2.9198059e-13
2.9785935e-13
2.6971405e-13
2.1651227e-13
1.5696525e-13
1.1573996e-13
1.159712e-13
1.7081441e-13
2.7657162e-13
4.0985052e-13
5.2762482e-13
5.635167e-13
4.6478616e-13
2.7437123e-13
1.0780242e-13
2.5036507e-14
-2.493911e-15
-1.2256715e-14
-1.2462911e-14
-4.9350382e-15
-2.0382324e-14
-6.023819e-14
-9.7932741e-14
-1.3293914e-13
-1.6489671e-13
-1.9330907e-13
-2.1732287e-13
-2.362929e-13
-2.5088933e-13
-2.6340411e-13
-2.7603136e-13
-2.8768052e-13
-2.9211939e-13
-2.8017516e-13
-2.453601e-13
-1.8742619e-13
-1.153898e-13
-3.1986839e-14
7.271423e-14
1.2645039e-13
1.8891421e-13
2.4301857e-13
2.7383388e-13
2.7979191e-13
2.6308276e-13
2.3452258e-13
2.1206839e-13
2.1543814e-13
2.5884142e-13
3.4350835e-13
4.5290588e-13
5.4932492e-13
5.6550891e-13
4.500247e-13
2.5489222e-13
9.5719429e-14
2.0049701e-14
-6.2235372e-15
-1.558559e-14
-1.3997507e-14
-5.1840386e-15
-2.0417407e-14
-6.0555817e-14
-9.9093305e-14
-1.3582408e-13
-1.7076192e-13
-2.0357332e-13
-2.3280158e-13
-2.5611816e-13
-2.7191076e-13
-2.8103505e-13
-2.8688318e-13
-2.928173e-13
-2.9834311e-13
-2.9739731e-13
-2.8129922e-13
-2.4377271e-13
-1.8673568e-13
-1.1651714e-13
-9.8579612e-15
4.6181964e-14
1.0046569e-13
1.6010574e-13
2.1298332e-13
2.475092e-13
2.6272608e-13
2.6437694e-13
2.6438809e-13
2.780099e-13
3.1869759e-13
3.905181e-13
4.8225369e-13
5.5993378e-13
5.5508266e-13
4.2250109e-13
2.2686766e-13
7.9953299e-14
1.3295553e-14
-1.0976631e-14
-1.8951046e-14
-1.5130032e-14
-5.2444347e-15
-2.0441499e-14
-6.0836534e-14
-1.0018973e-13
-1.3868801e-13
-1.7695912e-13
-2.1526183e-13
-2.5202759e-13
-2.8350286e-13
-3.0539641e-13
-3.156796e-13
-3.1649995e-13
-3.1331675e-13
-3.1105466e-13
-3.0967061e-13
-3.0306638e-13
-2.8244916e-13
-2.4285963e-13
-1.8678187e-13
-1.0940064e-13
-5.2398646e-14
-6.8962704e-15
6.1956101e-14
1.3294128e-13
1.8883421e-13
2.29401e-13
2.5716791e-13
2.792585e-13
3.0666575e-13
3.5104893e-13
4.1721125e-13
4.9743293e-13
5.5883926e-13
5.3172199e-13
3.8323827e-13
1.9259859e-13
6.2128734e-14
5.2819913e-15
-1.645177e-14
-2.2053916e-14
-1.5740967e-14
-5.1058006e-15
-2.0453962e-14
-6.1069719e-14
-1.0117244e-13
-1.413846e-13
-1.8315546e-13
-2.2775064e-13
-2.7401432e-13
-3.1717631e-13
-3.5025977e-13
-3.6757655e-13
-3.6820865e-13
-3.5711689e-13
-3.4259485e-13
-3.3098377e-13
-3.2215758e-13
-3.0932361e-13
-2.837985e-13
-2.4313769e-13
-1.8497505e-13
-1.0985358e-13
-7.1999394e-14
-1.4849738e-14
5.7315668e-14
1.2403449e-13
1.8078418e-13
2.2750379e-13
2.6785031e-13
3.0933237e-13
3.6093528e-13
4.2647181e-13
4.99931e-13
5.460018e-13
4.9524922e-13
3.340645e-13
1.5486668e-13
4.3717835e-14
-3.5952474e-15
-2.2260751e-14
-2.4565819e-14
-1.5740524e-14
-4.7723192e-15
-2.0454742e-14
-6.1247532e-14
-1.0199929e-13
-1.4378023e-13
-1.8902716e-13
-2.4039213e-13
-2.9764036e-13
-3.554248e-13
-4.0426242e-13
-4.3453007e-13
-4.4121575e-13
-4.2677552e-13
-4.0034268e-13
-3.7307948e-13
-3.5186674e-13
-3.35428e-13
-3.1577988e-13
-2.8671556e-13
-2.3482511e-13
-1.4448641e-13
-9.7410598e-14
-5.9479474e-14
-1.0058727e-15
6.6247874e-14
1.2949625e-13
1.8737533e-13
2.4107756e-13
2.9512209e-13
3.549168e-13
4.2267387e-13
4.920074e-13
5.2135713e-13
4.4601489e-13
2.7780172e-13
1.1664625e-13
2.5791921e-14
-1.3020903e-14
-2.7905766e-14
-2.6161392e-14
-1.508361e-14
-4.2633362e-15
-2.044414e-14
-6.1364287e-14
-1.0263464e-13
-1.4575225e-13
-1.9425579e-13
-2.5250933e-13
-3.2165928e-13
-3.9618218e-13
-4.6430648e-13
-5.1247805e-13
-5.3122197e-13
-5.193791e-13
-4.8488034e-13
-4.4140554e-13
-4.0187001e-13
-3.7200713e-13
-3.4821937e-13
-3.2279382e-13
-2.8566166e-13
-2.0084128e-13
-1.2690905e-13
-9.2113746e-14
-4.571736e-14
1.5791686e-14
7.9967371e-14
1.440178e-13
2.0740208e-13
2.7179161e-13
3.3899843e-13
4.1030381e-13
4.7548361e-13
4.8441276e-13
3.8532636e-13
2.18287e-13
8.0615567e-14
8.868092e-15
-2.2647554e-14
-3.2779577e-14
-2.656271e-14
-1.3780637e-14
-3.6118499e-15
-2.0422747e-14
-6.1416546e-14
-1.030505e-13
-1.4719216e-13
-1.9853267e-13
-2.6340011e-13
-3.4471092e-13
-4.3709401e-13
-5.2666747e-13
-5.960695e-13
-6.3143436e-13
-6.2768969e-13
-5.9041781e-13
-5.3378604e-13
-4.7477717e-13
-4.2572063e-13
-3.8925576e-13
-3.5939619e-13
-3.2828378e-13
-2.6736316e-13
-1.7571012e-13
-1.3639363e-13
-9.1764657e-14
-3.2666556e-14
3.2881673e-14
1.0161905e-13
1.7243974e-13
2.4453865e-13
3.1791797e-13
3.9308225e-13
4.5075086e-13
4.3452548e-13
3.1607952e-13
1.5999805e-13
4.8585106e-14
-7.0184922e-15
-3.1937989e-14
-3.6212222e-14
-2.558966e-14
-1.1901254e-14
-2.8610627e-15
-2.0391264e-14
-6.1402773e-14
-1.0322728e-13
-1.4801067e-13
-2.0157179e-13
-2.7236153e-13
-3.6536909e-13
-4.7562538e-13
-5.8726283e-13
-6.7927681e-13
-7.337393e-13
-7.4194142e-13
-7.0682888e-13
-6.4177465e-13
-5.658306e-13
-4.9637222e-13
-4.4232919e-13
-4.0176225e-13
-3.6826707e-13
-3.2091457e-13
-2.3397565e-13
-1.8331858e-13
-1.3728067e-13
-7.9209658e-14
-1.0561847e-14
6.2640324e-14
1.3886394e-13
2.1629934e-13
2.9550351e-13
3.7305791e-13
4.163472e-13
3.7197256e-13
2.4308996e-13
1.0710253e-13
2.1067138e-14
-2.1990451e-14
-4.0059317e-14
-3.7573352e-14
-2.3202232e-14
-9.5679317e-15
-2.0592494e-15
-2.035062e-14
-6.1324173e-14
-1.0315717e-13
-1.4814749e-13
-2.0313249e-13
-2.7873691e-13
-3.8223571e-13
-5.0924896e-13
-6.4201769e-13
-7.5608694e-13
-8.2993261e-13
-8.5181359e-13
-8.2235457e-13
-7.5362504e-13
-6.6524651e-13
-5.7776711e-13
-5.0528916e-13
-4.5071982e-13
-4.096521e-13
-3.6597134e-13
-2.9549269e-13
-2.2298564e-13
-1.7897986e-13
-1.2139306e-13
-4.9244301e-14
2.7493504e-14
1.0722227e-13
1.8944994e-13
2.7473157e-13
3.4949604e-13
3.6984925e-13
2.9949861e-13
1.725308e-13
6.2235919e-14
-2.6120107e-15
-3.5841248e-14
-4.5919387e-14
-3.6408519e-14
-1.9519089e-14
-6.9399567e-15
-1.2541659e-15
-2.0301853e-14
-6.1184485e-14
-1.0284523e-13
-1.4757923e-13
-2.0304985e-13
-2.8198343e-13
-3.9406669e-13
-5.356788e-13
-6.8728329e-13
-8.2120784e-13
-9.1287554e-13
-9.4825441e-13
-9.2625451e-13
-8.5768334e-13
-7.6183373e-13
-6.6076603e-13
-5.7215034e-13
-5.0333941e-13
-4.5242793e-13
-4.0668254e-13
-3.4614341e-13
-2.6270611e-13
-2.1657494e-13
-1.5849076e-13
-8.3975018e-14
-4.896059e-15
7.8356914e-14
1.6697023e-13
2.5624017e-13
3.1868259e-13
3.1032969e-13
2.2312629e-13
1.1015147e-13
2.5631564e-14
-2.3534001e-14
-4.7660566e-14
-4.8380304e-14
-3.2560174e-14
-1.4802863e-14
-4.1914635e-15
-4.8799585e-16
-2.0246367e-14
-6.0991051e-14
-1.0231188e-13
-1.4632851e-13
-2.0125441e-13
-2.8172462e-13
-3.9989331e-13
-5.5309434e-13
-7.2020815e-13
-8.7065521e-13
-9.7736281e-13
-1.0247507e-12
-1.010694e-12
-9.4503539e-13
-8.4632901e-13
-7.3689756e-13
-6.3635029e-13
-5.5537906e-13
-4.9461442e-13
-4.4411495e-13
-3.8693956e-13
-2.9906062e-13
-2.503326e-13
-1.9130615e-13
-1.1633401e-13
-3.4108541e-14
5.5280718e-14
1.5081127e-13
2.366131e-13
2.7630518e-13
2.4106242e-13
1.5076966e-13
5.8971708e-14
-4.5302039e-15
-4.2073218e-14
-5.5860479e-14
-4.6583675e-14
-2.6224267e-14
-9.4150952e-15
-1.4882971e-15
2.0637684e-16
-2.0185399e-14
-6.0752504e-14
-1.0158939e-13
-1.4446229e-13
-1.9779125e-13
-2.7780627e-13
-3.9912676e-13
-5.6030991e-13
-7.389854e-13
-9.0204255e-13
-1.0204883e-12
-1.0778591e-12
-1.0715509e-12
-1.010791e-12
-9.1328408e-13
-8.0078998e-13
-6.934571e-13
-6.0397456e-13
-5.3513376e-13
-4.7946287e-13
-4.2192473e-13
-3.3529266e-13
-2.7982554e-13
-2.2084094e-13
-1.4488118e-13
-5.6465261e-14
4.1081184e-14
1.3864302e-13
2.0967726e-13
2.217569e-13
1.6982488e-13
8.8900461e-14
1.8212003e-14
-3.0436895e-14
-5.7150799e-14
-5.8643865e-14
-4.0234375e-14
-1.7912399e-14
-3.7515644e-15
1.0318988e-15
8.0727465e-16
-2.0120166e-14
-6.0479368e-14
-1.0072161e-13
-1.4209274e-13
-1.9283022e-13
-2.7033278e-13
-3.9162387e-13
-5.5685388e-13
-7.4289688e-13
-9.1460722e-13
-1.0415957e-12
-1.1070078e-12
-1.1081495e-12
-1.0538903e-12
-9.6112351e-13
-8.5060456e-13
-7.4197832e-13
-6.4859991e-13
-5.746457e-13
-5.1460774e-13
-4.5509287e-13
-3.7376097e-13
-3.0509484e-13
-2.4557345e-13
-1.6481421e-13
-6.7967739e-14
3.4515629e-14
1.2385414e-13
1.7155176e-13
1.6059596e-13
1.0534361e-13
3.936563e-14
-1.5366117e-14
-5.264195e-14
-6.640551e-14
-5.4689777e-14
-2.9709458e-14
-8.3334331e-15
1.8217837e-15
3.271057e-15
1.3041232e-15
-2.0051769e-14
-6.0183209e-14
-9.9760697e-14
-1.3936996e-13
-1.8665847e-13
-2.5966887e-13
-3.777082e-13
-5.4299209e-13
-7.3231752e-13
-9.0903648e-13
-1.0418012e-12
-1.1137313e-12
-1.1222288e-12
-1.0758801e-12
-9.9081351e-13
-8.8662035e-13
-7.818058e-13
-6.8926901e-13
-6.1348159e-13
-5.4991941e-13
-4.8661008e-13
-4.0689725e-13
-3.299005e-13
-2.6147913e-13
-1.7211768e-13
-6.9416175e-14
2.919294e-14
1.0069933e-13
1.249907e-13
1.0187007e-13
5.2308294e-14
-6.2431685e-16
-4.4285638e-14
-6.9150275e-14
-6.7221893e-14
-4.3687223e-14
-1.5951063e-14
1.7590307e-15
7.015396e-15
5.1691438e-15
1.6956822e-15
-1.9980664e-14
-5.9874429e-14
-9.8760865e-14
-1.3646741e-13
-1.7965904e-13
-2.4641301e-13
-3.5811121e-13
-5.1958649e-13
-7.0839937e-13
-8.8696863e-13
-1.0233104e-12
-1.1007196e-12
-1.116707e-12
-1.0794622e-12
-1.0042593e-12
-9.0945055e-13
-8.1211756e-13
-7.2400089e-13
-6.4889653e-13
-5.8213574e-13
-5.1222903e-13
-4.2933261e-13
-3.4845507e-13
-2.6588228e-13
-1.6822439e-13
-6.6970095e-14
1.876031e-14
6.9738294e-14
7.789525e-14
5.1985252e-14
9.3682173e-15
-3.4924051e-14
-6.7770154e-14
-7.6310278e-14
-5.7976391e-14
-2.6461052e-14
-2.0949392e-16
1.1696429e-14
1.1636318e-14
6.7176875e-15
1.9882798e-15
-1.9906914e-14
-5.9561412e-14
-9.7773622e-14
-1.3356533e-13
-1.7227697e-13
-2.3134842e-13
-3.3389538e-13
-4.8793355e-13
-6.72787e-13
-8.5055174e-13
-9.887772e-13
-1.0709775e-12
-1.0946798e-12
-1.0674157e-12
-1.0033176e-12
-9.193106e-13
-8.3090343e-13
-7.4839829e-13
-6.7453065e-13
-6.0414114e-13
-5.2638847e-13
-4.3767618e-13
-3.5503615e-13
-2.5767938e-13
-1.5899519e-13
-6.6683246e-14
2.627303e-15
3.7203769e-14
3.6858031e-14
1.0913397e-14
-2.7730868e-14
-6.4170348e-14
-8.1727126e-14
-7.0802966e-14
-3.8777803e-14
-4.6835054e-15
1.625385e-14
2.0979775e-14
1.5585977e-14
7.9197764e-15
2.1863601e-15
-1.9830748e-14
-5.9253097e-14
-9.6843739e-14
-1.3083268e-13
-1.6497776e-13
-2.1538186e-13
-3.0638008e-13
-4.4966374e-13
-6.2744323e-13
-8.0215718e-13
-9.4090377e-13
-1.0273126e-12
-1.0588115e-12
-1.0420053e-12
-9.8949161e-13
-9.1640669e-13
-8.3647728e-13
-7.5853355e-13
-6.8454805e-13
-6.097326e-13
-5.2525454e-13
-4.3165634e-13
-3.47026e-13
-2.4006558e-13
-1.4977859e-13
-6.934396e-14
-1.456348e-14
8.6795908e-15
2.3206797e-15
-2.5455852e-14
-6.0623945e-14
-8.4295959e-14
-8.1143218e-14
-5.1395837e-14
-1.1418294e-14
1.9621344e-14
3.2386188e-14
2.9300963e-14
1.8843372e-14
8.8079088e-15
2.317383e-15
-1.9750953e-14
-5.8953344e-14
-9.6004221e-14
-1.2841046e-13
-1.5820339e-13
-1.9947159e-13
-2.7704854e-13
-4.0661088e-13
-5.7446032e-13
-7.4415185e-13
-8.8221606e-13
-9.7212869e-13
-1.0111239e-12
-1.0047492e-12
-9.637877e-13
-9.0123888e-13
-8.288029e-13
-7.5381236e-13
-6.778091e-13
-5.9739851e-13
-5.0734957e-13
-4.102625e-13
-3.2653975e-13
-2.2319626e-13
-1.4086572e-13
-7.1628855e-14
-2.8917569e-14
-1.5875711e-14
-2.9665751e-14
-5.9179414e-14
-8.5359139e-14
-8.8838419e-14
-6.303602e-14
-1.9547986e-14
2.126433e-14
4.4543571e-14
4.7445625e-14
3.6518686e-14
2.1440289e-14
9.4232988e-15
2.3896713e-15
-1.9667254e-14
-5.8662928e-14
-9.5275069e-14
-1.2639969e-13
-1.5233003e-13
-1.8455128e-13
-2.4746396e-13
-3.6072952e-13
-5.1595577e-13
-6.7878248e-13
-8.150034e-13
-9.0747082e-13
-9.5311125e-13
-9.5646277e-13
-9.264927e-13
-8.7397797e-13
-8.0854283e-13
-7.3611087e-13
-6.5794305e-13
-5.7210119e-13
-4.7723701e-13
-3.775703e-13
-2.9606332e-13
-2.1594391e-13
-1.2891899e-13
-7.1697371e-14
-4.1595143e-14
-4.0473634e-14
-6.1168583e-14
-8.6270246e-14
-9.4328253e-14
-7.2999054e-14
-2.8127671e-14
2.1155859e-14
5.6186983e-14
6.8574905e-14
6.099779e-14
4.2612073e-14
2.3438328e-14
9.8120665e-15
2.4141886e-15
-1.9577561e-14
-5.8379713e-14
-9.4663004e-14
-1.2485487e-13
-1.47633e-13
-1.7145359e-13
-2.1918511e-13
-3.1403736e-13
-4.5402792e-13
-6.0813855e-13
-7.4135215e-13
-8.3520954e-13
-8.8609434e-13
-8.9766808e-13
-8.7732241e-13
-8.3384432e-13
-7.7503204e-13
-7.0575589e-13
-6.2736686e-13
-5.3899415e-13
-4.4112053e-13
-3.4306203e-13
-2.6674622e-13
-2.0588558e-13
-1.1392616e-13
-7.2163313e-14
-5.6805872e-14
-6.6987206e-14
-8.8023831e-14
-9.82959e-14
-8.1174758e-14
-3.6593723e-14
1.9351284e-14
6.6165563e-14
9.0641866e-14
9.0697174e-14
7.2851212e-14
4.7632623e-14
2.4911303e-14
1.0020226e-14
2.4076773e-15
-1.948007e-14
-5.8099173e-14
-9.4163347e-14
-1.2378497e-13
-1.4426404e-13
-1.6083745e-13
-1.9368058e-13
-2.6858411e-13
-3.9077605e-13
-5.3417275e-13
-6.6319274e-13
-7.5721797e-13
-8.1163161e-13
-8.2929217e-13
-8.1631772e-13
-7.798928e-13
-7.2637252e-13
-6.5998317e-13
-5.8270196e-13
-4.9542793e-13
-3.9951724e-13
-3.1008973e-13
-2.4504592e-13
-1.8117464e-13
-1.0117303e-13
-7.7359383e-14
-7.6151221e-14
-9.1106264e-14
-1.0140278e-13
-8.7877276e-14
-4.495392e-14
1.5533485e-14
7.3129248e-14
1.1107836e-13
1.226035e-13
1.1033006e-13
8.2974621e-14
5.1665384e-14
2.5933719e-14
1.0091087e-14
2.3834568e-15
-1.9373027e-14
-5.7814752e-14
-9.3761842e-14
-1.2315984e-13
-1.422454e-13
-1.5312574e-13
-1.7222683e-13
-2.2640617e-13
-3.2833854e-13
-4.5874021e-13
-5.8230881e-13
-6.7542426e-13
-7.3173617e-13
-7.532398e-13
-7.450067e-13
-7.1300424e-13
-6.6251315e-13
-5.9738212e-13
-5.202827e-13
-4.3446411e-13
-3.4505735e-13
-2.7126176e-13
-2.2255031e-13
-1.481826e-13
-9.5772195e-14
-8.8477105e-14
-9.5420888e-14
-1.0418407e-13
-9.3645955e-14
-5.3716989e-14
8.8204443e-15
7.5219243e-14
1.2664481e-13
1.5234795e-13
1.5076783e-13
1.2721764e-13
9.1424151e-14
5.4802943e-14
2.6574557e-14
1.006421e-14
2.3535283e-15
-1.9255064e-14
-5.7519055e-14
-9.3438096e-14
-1.2292222e-13
-1.4148322e-13
-1.4846518e-13
-1.5579609e-13
-1.8945492e-13
-2.6895223e-13
-3.8369156e-13
-5.0032702e-13
-5.917083e-13
-6.4874546e-13
-6.7236798e-13
-6.6675725e-13
-6.370206e-13
-5.877713e-13
-5.2278397e-13
-4.4549648e-13
-3.6018636e-13
-2.7823374e-13
-2.2304978e-13
-1.8706435e-13
-1.2626055e-13
-9.8486681e-14
-1.0162252e-13
-1.0682794e-13
-9.9085188e-14
-6.3620163e-14
-2.0450623e-15
7.0123917e-14
1.3348496e-13
1.7437104e-13
1.875517e-13
1.7444127e-13
1.4131305e-13
9.8292185e-14
5.7130929e-14
2.6894587e-14
9.9750053e-15
2.3286183e-15
-1.9125391e-14
-5.7204364e-14
-9.3166998e-14
-1.2299918e-13
-1.4179838e-13
-1.4672185e-13
-1.4493983e-13
-1.5946197e-13
-2.1497139e-13
-3.1099446e-13
-4.1872612e-13
-5.0772062e-13
-5.6493562e-13
-5.8983827e-13
-5.8589303e-13
-5.5770861e-13
-5.0979115e-13
-4.4629784e-13
-3.7195367e-13
-2.9253857e-13
-2.216821e-13
-1.8701261e-13
-1.5711049e-13
-1.1513154e-13
-1.0577795e-13
-1.1040318e-13
-1.0445451e-13
-7.5266544e-14
-1.8165211e-14
5.5627007e-14
1.2772015e-13
1.8265279e-13
2.1248105e-13
2.1535236e-13
1.9338696e-13
1.5269088e-13
1.0367746e-13
5.8722175e-14
2.6946471e-14
9.8549851e-15
2.3181802e-15
-1.8984222e-14
-5.6864388e-14
-9.2922158e-14
-1.2331401e-13
-1.4296821e-13
-1.4752291e-13
-1.3970439e-13
-1.3774293e-13
-1.6880525e-13
-2.4289296e-13
-3.3895087e-13
-4.2475145e-13
-4.8213878e-13
-5.0832191e-13
-5.0623612e-13
-4.8031922e-13
-4.3551904e-13
-3.76965e-13
-3.1059679e-13
-2.4564585e-13
-2.0353672e-13
-1.7704783e-13
-1.4407576e-13
-1.1225503e-13
-1.1248854e-13
-1.1055607e-13
-8.8513999e-14
-3.9826755e-14
3.0503548e-14
1.0652739e-13
1.7213182e-13
2.1755849e-13
2.3897868e-13
2.3532666e-13
2.0769142e-13
1.6149143e-13
1.0767094e-13
5.9636262e-14
2.6776061e-14
9.7321162e-15
2.3303635e-15
-1.8832818e-14
-5.6494825e-14
-9.2676581e-14
-1.2379107e-13
-1.4476725e-13
-1.5034378e-13
-1.3961697e-13
-1.2496429e-13
-1.3271408e-13
-1.820251e-13
-2.6266024e-13
-3.4375092e-13
-4.0154526e-13
-4.2957126e-13
-4.3018177e-13
-4.0793383e-13
-3.6838625e-13
-3.1802025e-13
-2.6406903e-13
-2.1630728e-13
-1.870397e-13
-1.6520444e-13
-1.3233401e-13
-1.1423681e-13
-1.1562437e-13
-1.0300771e-13
-6.5788329e-14
-4.6170218e-15
6.9281782e-14
1.402862e-13
1.9740287e-13
2.3588933e-13
2.5350984e-13
2.477671e-13
2.1766743e-13
1.6789228e-13
1.1035342e-13
5.9922602e-14
2.6424509e-14
9.6312726e-15
2.3719698e-15
-1.8673659e-14
-5.6094887e-14
-9.240576e-14
-1.2435937e-13
-1.4699594e-13
-1.5461976e-13
-1.4377967e-13
-1.2095337e-13
-1.0843054e-13
-1.313582e-13
-1.9207306e-13
-2.6557976e-13
-3.2370244e-13
-3.5444093e-13
-3.5872288e-13
-3.4144514e-13
-3.0860808e-13
-2.6730954e-13
-2.2591745e-13
-1.9237379e-13
-1.7019746e-13
-1.4942318e-13
-1.2512839e-13
-1.1861264e-13
-1.1632406e-13
-9.3639817e-14
-4.6655033e-14
1.830016e-14
8.8145001e-14
1.5105941e-13
2.0157861e-13
2.3793279e-13
2.570477e-13
2.5350082e-13
2.2378575e-13
1.7208925e-13
1.117942e-13
5.9623875e-14
2.5930408e-14
9.5745889e-15
2.4483889e-15
-1.8510381e-14
-5.5668164e-14
-9.2090777e-14
-1.2495302e-13
-1.494905e-13
-1.5984744e-13
-1.5107245e-13
-1.2467185e-13
-9.6712587e-14
-9.383668e-14
-1.3024787e-13
-1.9153119e-13
-2.4870012e-13
-2.8303306e-13
-2.9199858e-13
-2.8055892e-13
-2.5519085e-13
-2.2294515e-13
-1.9091884e-13
-1.6709666e-13
-1.5280349e-13
-1.3572231e-13
-1.2541713e-13
-1.2538835e-13
-1.1906144e-13
-9.0504882e-14
-4.0948007e-14
2.0438667e-14
8.229465e-14
1.3796798e-13
1.8626434e-13
2.2602124e-13
2.5153161e-13
2.5372976e-13
2.2662236e-13
1.7429124e-13
1.1205898e-13
5.878234e-14
2.5332386e-14
9.5818219e-15
2.5635077e-15
-1.8347342e-14
-5.5221975e-14
-9.171892e-14
-1.2551032e-13
-1.5211604e-13
-1.6564209e-13
-1.6039733e-13
-1.3441453e-13
-9.6973883e-14
-7.1655609e-14
-8.0964908e-14
-1.2401164e-13
-1.7670848e-13
-2.1477642e-13
-2.2961247e-13
-2.2469688e-13
-2.0701915e-13
-1.8366393e-13
-1.6113406e-13
-1.4629946e-13
-1.3798628e-13
-1.3125772e-13
-1.3230435e-13
-1.367526e-13
-1.2920213e-13
-1.0046112e-13
-5.4759368e-14
-1.2672332e-15
5.2390551e-14
1.0436404e-13
1.557074e-13
2.038606e-13
2.3950569e-13
2.4986891e-13
2.2680325e-13
1.7470419e-13
1.112082e-13
5.7442844e-14
2.4670362e-14
9.670221e-15
2.719577e-15
-1.8189659e-14
-5.4768597e-14
-9.1289353e-14
-1.2598127e-13
-1.5475551e-13
-1.7173671e-13
-1.7088371e-13
-1.4824295e-13
-1.0731343e-13
-6.5468257e-14
-4.7977323e-14
-6.6935616e-14
-1.0898055e-13
-1.4878384e-13
-1.7045191e-13
-1.7310755e-13
-1.633623e-13
-1.4866032e-13
-1.3569437e-13
-1.2953157e-13
-1.2819297e-13
-1.3422406e-13
-1.454334e-13
-1.5511708e-13
-1.5049488e-13
-1.267843e-13
-8.9072706e-14
-4.4507209e-14
3.5046611e-15
5.6496421e-14
1.1571175e-13
1.7584613e-13
2.237548e-13
2.4339074e-13
2.2494941e-13
1.7352546e-13
1.0930651e-13
5.5659758e-14
2.3987951e-14
9.8545671e-15
2.9170988e-15
-1.8042327e-14
-5.4322661e-14
-9.0811572e-14
-1.2633024e-13
-1.5730219e-13
-1.7794238e-13
-1.8196072e-13
-1.6443592e-13
-1.2496009e-13
-7.3873006e-14
-3.3710917e-14
-2.5231266e-14
-4.8884226e-14
-8.5021343e-14
-1.127353e-13
-1.242108e-13
-1.2325086e-13
-1.1737724e-13
-1.133363e-13
-1.1462301e-13
-1.2445366e-13
-1.4282937e-13
-1.6431553e-13
-1.8126546e-13
-1.8343859e-13
-1.6827857e-13
-1.4002657e-13
-1.0282909e-13
-5.6501159e-14
2.061178e-15
7.2590549e-14
1.4640948e-13
2.0695482e-13
2.3565819e-13
2.2161622e-13
1.7092563e-13
1.0642043e-13
5.3497704e-14
2.333111e-14
1.0146372e-14
3.1546485e-15
-1.790993e-14
-5.3899744e-14
-9.0303593e-14
-1.265408e-13
-1.5966273e-13
-1.8410049e-13
-1.9330496e-13
-1.8181139e-13
-1.4710223e-13
-9.3731736e-14
-3.8088889e-14
-3.2334452e-15
-1.9303238e-15
-2.5956879e-14
-5.5282494e-14
-7.5430677e-14
-8.4465187e-14
-8.8223716e-14
-9.2944276e-14
-1.0161893e-13
-1.2475341e-13
-1.5502842e-13
-1.8717257e-13
-2.1328181e-13
-2.2482288e-13
-2.1969071e-13
-2.0018182e-13
-1.6734596e-13
-1.1862672e-13
-5.1114122e-14
3.2266185e-14
1.1947755e-13
1.9138134e-13
2.2779669e-13
2.1724569e-13
1.6704404e-13
1.0262684e-13
5.1037901e-14
2.2750119e-14
1.055365e-14
3.4289071e-15
-1.7796611e-14
-5.3516205e-14
-8.9792563e-14
-1.2662031e-13
-1.6176685e-13
-1.9005657e-13
-2.0471547e-13
-1.9974074e-13
-1.7158208e-13
-1.2117535e-13
-5.8292637e-14
-2.7193956e-15
2.5896384e-14
2.2769369e-14
2.7903292e-16
-2.4737355e-14
-4.3641067e-14
-5.780603e-14
-7.1756009e-14
-8.9743646e-14
-1.2552232e-13
-1.6711426e-13
-2.0997179e-13
-2.463035e-13
-2.6827513e-13
-2.7296123e-13
-2.6019786e-13
-2.2843856e-13
-1.7417202e-13
-9.6118603e-14
-4.2481182e-16
9.8048728e-14
1.7868528e-13
2.2058657e-13
2.1213113e-13
1.6198261e-13
9.8016554e-14
4.8378457e-14
2.2296677e-14
1.1079732e-14
3.7345261e-15
-1.7705453e-14
-5.318604e-14
-8.9306706e-14
-1.2659337e-13
-1.6357943e-13
-1.9566963e-13
-2.1600893e-13
-2.1794543e-13
-1.9717708e-13
-1.5283559e-13
-8.9777211e-14
-2.1871315e-14
3.0838929e-14
5.3925391e-14
4.8289948e-14
2.6665172e-14
1.6008443e-15
-2.2201753e-14
-4.582078e-14
-7.558836e-14
-1.210401e-13
-1.7306023e-13
-2.2653718e-13
-2.7337046e-13
-3.0565612e-13
-3.1892388e-13
-3.1054906e-13
-2.7723984e-13
-2.1586439e-13
-1.2774015e-13
-2.2218168e-14
8.3933487e-14
1.6977147e-13
2.1442509e-13
2.0641028e-13
1.5581383e-13
9.2701053e-14
4.5634394e-14
2.2021313e-14
1.1722339e-14
4.0641624e-15
-1.7638716e-14
-5.2920153e-14
-8.8874645e-14
-1.2650048e-13
-1.6510593e-13
-2.0083422e-13
-2.2698386e-13
-2.3625248e-13
-2.2341152e-13
-1.8660632e-13
-1.2800193e-13
-5.6027704e-14
1.3296784e-14
6.1982172e-14
8.0588587e-14
7.287386e-14
4.9779467e-14
2.0171436e-14
-1.252945e-14
-5.3039978e-14
-1.0406116e-13
-1.6605611e-13
-2.300985e-13
-2.8714974e-13
-3.2885884e-13
-3.4902553e-13
-3.4301751e-13
-3.0679979e-13
-2.3866599e-13
-1.4293015e-13
-3.1619492e-14
7.7712409e-14
1.648223e-13
2.0934443e-13
2.0007642e-13
1.4859107e-13
8.6819905e-14
4.2937541e-14
2.1970931e-14
1.2472862e-14
4.4088449e-15
-1.7598635e-14
-5.27281e-14
-8.8521959e-14
-1.2638778e-13
-1.6638438e-13
-2.0550005e-13
-2.3744549e-13
-2.5444505e-13
-2.501359e-13
-2.2163031e-13
-1.6982123e-13
-9.9773477e-14
-2.2464818e-14
4.5856061e-14
9.0255156e-14
1.0494628e-13
9.4345339e-14
6.676772e-14
2.8133342e-14
-1.5671543e-14
-7.0894811e-14
-1.4218223e-13
-2.1588879e-13
-2.8199e-13
-3.3149243e-13
-3.5674945e-13
-3.5185042e-13
-3.1292058e-13
-2.4025354e-13
-1.4097625e-13
-2.8882238e-14
7.8836088e-14
1.633867e-13
2.0507245e-13
1.9301524e-13
1.403706e-13
8.054719e-14
4.0430866e-14
2.2183289e-14
1.3315602e-14
4.7552745e-15
-1.7583225e-14
-5.2613289e-14
-8.8267036e-14
-1.2629831e-13
-1.6747319e-13
-2.0967692e-13
-2.4725269e-13
-2.7224897e-13
-2.7717565e-13
-2.5773732e-13
-2.1382375e-13
-1.489731e-13
-7.0575122e-14
9.1218218e-15
7.4970512e-14
1.1504255e-13
1.257196e-13
1.1054044e-13
7.3149021e-14
3.1745217e-14
-2.5338734e-14
-1.0240218e-13
-1.8247711e-13
-2.5488492e-13
-3.0979695e-13
-3.3852207e-13
-3.3453171e-13
-2.9465218e-13
-2.2119044e-13
-1.2341525e-13
-1.5786623e-14
8.5858091e-14
1.6455438e-13
2.0113037e-13
1.8505459e-13
1.3123747e-13
7.4097262e-14
3.8262652e-14
2.2683094e-14
1.4228564e-14
5.0966814e-15
-1.7592837e-14
-5.2577261e-14
-8.8121401e-14
-1.2626679e-13
-1.6843647e-13
-2.1342209e-13
-2.5634881e-13
-2.8940359e-13
-3.0420978e-13
-2.9483092e-13
-2.5972779e-13
-2.0157595e-13
-1.261311e-13
-4.2284982e-14
3.7569012e-14
1.0002095e-13
1.3555368e-13
1.4171893e-13
1.1436489e-13
8.0287309e-14
2.654861e-14
-4.9779809e-14
-1.3074678e-13
-2.0544822e-13
-2.6317753e-13
-2.9439525e-13
-2.9228064e-13
-2.5443643e-13
-1.8473169e-13
-9.3639451e-14
4.7880611e-15
9.6779743e-14
1.6717051e-13
1.9694127e-13
1.7601795e-13
1.2133063e-13
6.7725008e-14
3.6575907e-14
2.3476886e-14
1.5182065e-14
5.4244342e-15
-1.7626705e-14
-5.2618524e-14
-8.8089766e-14
-1.2631671e-13
-1.6933143e-13
-2.1681832e-13
-2.6476247e-13
-3.0573874e-13
-3.3084116e-13
-3.3257939e-13
-3.0750921e-13
-2.5709621e-13
-1.8647738e-13
-1.029915e-13
-1.6195152e-14
6.215666e-14
1.2044462e-13
1.5156809e-13
1.4244777e-13
1.2120826e-13
7.9510499e-14
1.2531631e-14
-6.3333719e-14
-1.3648472e-13
-1.9505016e-13
-2.2862163e-13
-2.3014234e-13
-1.9775372e-13
-1.3621551e-13
-5.6244693e-14
2.9410702e-14
1.0942763e-13
1.700475e-13
1.919323e-13
1.6577805e-13
1.1086647e-13
6.1720359e-14
3.5495423e-14
2.4549371e-14
1.6141623e-14
5.7208362e-15
-1.7682677e-14
-5.2733054e-14
-8.8170685e-14
-1.2645924e-13
-1.7019929e-13
-2.1994865e-13
-2.7257875e-13
-3.2120397e-13
-3.5672537e-13
-3.7042954e-13
-3.5682928e-13
-3.1551819e-13
-2.5084695e-13
-1.6985857e-13
-8.0775213e-14
6.8723214e-15
8.241259e-14
1.3555916e-13
1.5841113e-13
1.5416366e-13
1.3109007e-13
7.9337924e-14
1.2727932e-14
-5.5963719e-14
-1.1379228e-13
-1.4968867e-13
-1.5637562e-13
-1.3219739e-13
-8.2114354e-14
-1.6240206e-14
5.4663205e-14
1.2179726e-13
1.7213412e-13
1.8561189e-13
1.5430251e-13
1.0015505e-13
5.6394209e-14
3.5112762e-14
2.5861209e-14
1.7069721e-14
5.9790731e-15
-1.7758518e-14
-5.2914996e-14
-8.8357716e-14
-1.2669426e-13
-1.7106171e-13
-2.2287839e-13
-2.7990224e-13
-3.358479e-13
-3.8165438e-13
-4.0778714e-13
-4.0694796e-13
-3.7645969e-13
-3.191273e-13
-2.4177076e-13
-1.5265363e-13
-6.02559e-14
2.663073e-14
9.6321456e-14
1.59349e-13
1.7285888e-13
1.6981055e-13
1.3664113e-13
8.2982046e-14
2.2496706e-14
-3.1883329e-14
-6.8828468e-14
-8.0811514e-14
-6.599602e-14
-2.8881571e-14
2.1750433e-14
7.7634202e-14
1.3231058e-13
1.7262286e-13
1.7762379e-13
1.4169429e-13
8.9605772e-14
5.2054752e-14
3.5471386e-14
2.7349596e-14
1.7928425e-14
6.1920308e-15
-1.7851673e-14
-5.3157066e-14
-8.8640547e-14
-1.2701181e-13
-1.7191922e-13
-2.2564143e-13
-2.8681869e-13
-3.4976368e-13
-4.0555518e-13
-4.4416293e-13
-4.5691331e-13
-4.3892239e-13
-3.9079757e-13
-3.1838901e-13
-2.3033432e-13
-1.3544445e-13
-4.1559085e-14
4.1071649e-14
1.2555759e-13
1.6248024e-13
1.7427036e-13
1.6390853e-13
1.3023713e-13
8.4131458e-14
3.7895105e-14
3.0093034e-15
-1.2583153e-14
-6.4223077e-15
1.808124e-14
5.4106327e-14
9.6252447e-14
1.399546e-13
1.7098556e-13
1.6777481e-13
1.2822261e-13
7.9717785e-14
4.8974683e-14
3.6553943e-14
2.8931722e-14
1.86827e-14
6.3551625e-15
-1.795934e-14
-5.3450924e-14
-8.9006121e-14
-1.2739462e-13
-1.7275426e-13
-2.282368e-13
-2.9337028e-13
-3.6302992e-13
-4.2842672e-13
-4.7921816e-13
-5.0579541e-13
-5.0147891e-13
-4.6450518e-13
-3.9890214e-13
-3.1306463e-13
-2.1668753e-13
-1.1814554e-13
-2.5289825e-14
3.7070296e-14
1.0434941e-13
1.3534462e-13
1.5292127e-13
1.4623153e-13
1.2039209e-13
8.7251819e-14
5.825856e-14
4.184167e-14
4.1412155e-14
5.5116341e-14
7.8574262e-14
1.0944276e-13
1.4429586e-13
1.6695156e-13
1.5605786e-13
1.1434651e-13
7.104867e-14
4.7351681e-14
3.82759e-14
3.0511985e-14
1.9303876e-14
6.4670122e-15
-1.8078532e-14
-5.378755e-14
-8.9439787e-14
-1.2782035e-13
-1.7353339e-13
-2.3062735e-13
-2.9953963e-13
-3.7566319e-13
-4.5025747e-13
-5.1270269e-13
-5.5278321e-13
-5.6257277e-13
-5.3823584e-13
-4.8152446e-13
-3.9964601e-13
-3.0278181e-13
-2.0076049e-13
-1.0088025e-13
-5.2195034e-14
2.7374895e-14
7.8939302e-14
1.1785804e-13
1.363637e-13
1.3202422e-13
1.1436887e-13
9.3996009e-14
7.94316e-14
7.4980657e-14
8.0496711e-14
9.4320712e-14
1.1708802e-13
1.4538085e-13
1.6044768e-13
1.4267287e-13
1.0072043e-13
6.415951e-14
4.726892e-14
4.0487522e-14
3.1991556e-14
1.9772482e-14
6.529249e-15
-1.8206105e-14
-5.415736e-14
-8.99259e-14
-1.2826402e-13
-1.7421314e-13
-2.3274612e-13
-3.0524804e-13
-3.8758861e-13
-4.7094937e-13
-5.4435816e-13
-5.9716853e-13
-6.2071478e-13
-6.0966547e-13
-5.6357212e-13
-4.8774619e-13
-3.9196977e-13
-2.8734148e-13
-1.7897627e-13
-9.1124805e-14
-1.7137263e-15
3.6555213e-14
7.9737931e-14
1.1275272e-13
1.2545906e-13
1.2206315e-13
1.1104776e-13
1.0014273e-13
9.4071697e-14
9.4232644e-14
1.0178739e-13
1.1986514e-13
1.4356241e-13
1.5154302e-13
1.2806667e-13
8.8171592e-14
5.9534315e-14
4.8664059e-14
4.2987195e-14
3.3279917e-14
2.0080283e-14
6.5464121e-15
-1.8338842e-14
-5.4550535e-14
-9.044864e-14
-1.2869963e-13
-1.7474206e-13
-2.3450022e-13
-3.1035972e-13
-3.9863847e-13
-4.9029271e-13
-5.7384383e-13
-6.3826285e-13
-6.7454129e-13
-6.7649925e-13
-6.4195192e-13
-5.7408795e-13
-4.8143429e-13
-3.7544323e-13
-2.6539222e-13
-1.4437797e-13
-4.0387374e-14
8.4220048e-15
4.6299522e-14
8.3202969e-14
1.0667173e-13
1.145716e-13
1.1226115e-13
1.0591866e-13
1.0014088e-13
9.7639718e-14
1.0238926e-13
1.1895142e-13
1.3928155e-13
1.4042823e-13
1.1297377e-13
7.7629834e-14
5.7487083e-14
5.1318907e-14
4.5545152e-14
3.4305779e-14
2.0230911e-14
6.525337e-15
-1.8473511e-14
-5.495732e-14
-9.0993166e-14
-1.2910356e-13
-1.7506885e-13
-2.3578205e-13
-3.1469265e-13
-4.085533e-13
-5.0794297e-13
-6.0068774e-13
-6.7533533e-13
-7.2279665e-13
-7.3662917e-13
-7.1356127e-13
-6.5487183e-13
-5.6731564e-13
-4.6180891e-13
-3.5009197e-13
-2.2243318e-13
-1.0238215e-13
-2.5045396e-14
1.0625136e-14
4.7912989e-14
7.9097342e-14
9.5838491e-14
1.0118108e-13
9.9700826e-14
9.5603509e-14
9.2903827e-14
9.8200659e-14
1.1569439e-13
1.3289498e-13
1.2747595e-13
9.8440213e-14
6.9998396e-14
5.8074157e-14
5.4875912e-14
4.793337e-14
3.502509e-14
2.0238823e-14
6.4743405e-15
-1.8606842e-14
-5.5367835e-14
-9.1545064e-14
-1.2945501e-13
-1.7514529e-13
-2.3647779e-13
-3.1803533e-13
-4.1701397e-13
-5.234734e-13
-6.2433039e-13
-7.0761544e-13
-7.6433207e-13
-7.8825378e-13
-7.7568477e-13
-7.2647843e-13
-6.4551242e-13
-5.4251245e-13
-4.2986316e-13
-3.0571472e-13
-1.8251695e-13
-7.6631368e-14
-3.4353649e-14
7.682816e-15
4.5229527e-14
6.9425512e-14
8.1442064e-14
8.4751594e-14
8.3299981e-14
8.2732666e-14
9.1569788e-14
1.1121783e-13
1.2459152e-13
1.1336222e-13
8.5774402e-14
6.5976089e-14
6.1043762e-14
5.8886048e-14
4.995804e-14
3.5425682e-14
2.0127227e-14
6.4023915e-15
-1.8735715e-14
-5.5772644e-14
-9.2091713e-14
-1.297383e-13
-1.7493053e-13
-2.3647636e-13
-3.201629e-13
-4.236611e-13
-5.3639012e-13
-6.4414782e-13
-7.3433359e-13
-7.9814602e-13
-8.2992945e-13
-8.261484e-13
-7.8582556e-13
-7.121864e-13
-6.1343463e-13
-5.0143428e-13
-3.7950714e-13
-2.5629604e-13
-1.3591051e-13
-7.9773412e-14
-3.3973599e-14
8.1970914e-15
3.8727336e-14
5.6422626e-14
6.4174065e-14
6.6180566e-14
7.0113607e-14
8.4699626e-14
1.0613163e-13
1.1451843e-13
9.9213098e-14
7.6376142e-14
6.5865298e-14
6.5847301e-14
6.2878096e-14
5.1484329e-14
3.5525713e-14
1.9924751e-14
6.3182376e-15
-1.8857218e-14
-5.6162933e-14
-9.2622539e-14
-1.2994529e-13
-1.744003e-13
-2.356841e-13
-3.2085762e-13
-4.2813165e-13
-5.4619861e-13
-6.5955302e-13
-7.5483153e-13
-8.2347554e-13
-8.6067068e-13
-8.635089e-13
-8.3075369e-13
-7.6437929e-13
-6.7101793e-13
-5.6139067e-13
-4.418392e-13
-3.1981837e-13
-1.9972485e-13
-1.193936e-13
-7.3978372e-14
-2.8896006e-14
6.5819676e-15
2.8939047e-14
4.0735711e-14
4.7285678e-14
5.8035858e-14
7.912211e-14
1.0040944e-13
1.0306467e-13
8.6631188e-14
7.1440883e-14
6.943867e-14
7.1722317e-14
6.6432578e-14
5.2449124e-14
3.5367752e-14
1.9661897e-14
6.2297171e-15
-1.8968661e-14
-5.6530377e-14
-9.3128743e-14
-1.3007501e-13
-1.7354734e-13
-2.3403609e-13
-3.1993495e-13
-4.3010101e-13
-5.5247199e-13
-6.7006776e-13
-7.6864116e-13
-8.399035e-13
-8.8004721e-13
-8.871346e-13
-8.6017324e-13
-8.0037296e-13
-7.1295638e-13
-6.0722431e-13
-4.9088579e-13
-3.7115801e-13
-2.5325442e-13
-1.5905675e-13
-1.1055195e-13
-6.3650861e-14
-2.4530699e-14
1.3865077e-15
1.708756e-14
2.9775035e-14
4.8983559e-14
7.5280088e-14
9.3676585e-14
9.1250239e-14
7.7507466e-14
7.1607064e-14
7.592835e-14
7.7831161e-14
6.9244292e-14
5.2861883e-14
3.5010813e-14
1.9367884e-14
6.1433036e-15
-1.9067708e-14
-5.6867322e-14
-9.3602681e-14
-1.3013361e-13
-1.7238594e-13
-2.3150234e-13
-3.1725281e-13
-4.2929202e-13
-5.5483978e-13
-6.7533395e-13
-7.7552993e-13
-8.4738748e-13
-8.88187e-13
-8.9717326e-13
-8.7397777e-13
-8.1950455e-13
-7.3788043e-13
-6.3702485e-13
-5.2495174e-13
-4.0882938e-13
-2.9430032e-13
-1.9461694e-13
-1.4204454e-13
-9.4372703e-14
-5.3092974e-14
-2.4467306e-14
-4.1218473e-15
1.6588856e-14
4.4226201e-14
7.2486454e-14
8.5812734e-14
8.0868208e-14
7.3538637e-14
7.6683055e-14
8.4163442e-14
8.3414022e-14
7.1152687e-14
5.2788907e-14
3.451957e-14
1.9068033e-14
6.0638774e-15
-1.9152539e-14
-5.7167218e-14
-9.4038422e-14
-1.301347e-13
-1.7095521e-13
-2.2810324e-13
-3.127429e-13
-4.2552944e-13
-5.5309815e-13
-6.7524583e-13
-7.7561376e-13
-8.4636786e-13
-8.8590465e-13
-8.9476676e-13
-8.7348554e-13
-8.2305251e-13
-7.467956e-13
-6.5134068e-13
-5.4436225e-13
-4.3295416e-13
-3.2305057e-13
-2.2395739e-13
-1.6685476e-13
-1.1911589e-13
-7.7352109e-14
-4.6238132e-14
-1.9805225e-14
9.8201974e-15
4.3376587e-14
6.9552353e-14
7.764849e-14
7.4233248e-14
7.565664e-14
8.5616257e-14
9.2823883e-14
8.7910599e-14
7.2139568e-14
5.2333212e-14
3.3956357e-14
1.8782636e-14
5.9947178e-15
-1.9221798e-14
-5.7424655e-14
-9.4431839e-14
-1.3009836e-13
-1.6931796e-13
-2.2391053e-13
-3.0641081e-13
-4.1872612e-13
-5.4713933e-13
-6.6981069e-13
-7.6916402e-13
-8.375001e-13
-8.7426723e-13
-8.8127653e-13
-8.6009923e-13
-8.1218419e-13
-7.4049955e-13
-6.5060889e-13
-5.4940366e-13
-4.4362307e-13
-3.3955317e-13
-2.4591959e-13
-1.854359e-13
-1.3835102e-13
-9.6866202e-14
-6.2067259e-14
-2.7948806e-14
9.4635582e-15
4.4592732e-14
6.5855168e-14
7.1185461e-14
7.3414904e-14
8.3576166e-14
9.6715362e-14
1.0071115e-13
9.1019894e-14
7.2300597e-14
5.1611665e-14
3.3374351e-14
1.8526137e-14
5.9376581e-15
-1.92746e-14
-5.7635182e-14
-9.4779124e-14
-1.3004797e-13
-1.6755926e-13
-2.1905675e-13
-2.9836642e-13
-4.0893828e-13
-5.3705373e-13
-6.5932026e-13
-7.5683434e-13
-8.219471e-13
-8.5510973e-13
-8.5934454e-13
-8.3725116e-13
-7.9083114e-13
-7.2292363e-13
-6.3835326e-13
-5.4320189e-13
-4.4339561e-13
-3.4488341e-13
-2.5988425e-13
-2.0013707e-13
-1.5187976e-13
-1.0911422e-13
-6.8948133e-14
-2.7408462e-14
1.3923681e-14
4.6050111e-14
6.2298882e-14
6.90654e-14
7.9368842e-14
9.5784703e-14
1.0808449e-13
1.0696097e-13
9.269146e-14
7.180145e-14
5.0737586e-14
3.2815585e-14
1.8307008e-14
5.8933531e-15
-1.9310093e-14
-5.7795321e-14
-9.5076026e-14
-1.300061e-13
-1.6577743e-13
-2.1371912e-13
-2.887866e-13
-3.9627286e-13
-5.2292888e-13
-6.4398743e-13
-7.3909141e-13
-8.0048131e-13
-8.29471e-13
-8.3016381e-13
-8.0621345e-13
-7.6041047e-13
-6.9572129e-13
-6.1631477e-13
-5.2735463e-13
-4.3397503e-13
-3.4197706e-13
-2.6632822e-13
-2.104957e-13
-1.5979041e-13
-1.1345148e-13
-6.7110525e-14
-2.0644187e-14
1.9931085e-14
4.6922131e-14
6.1143589e-14
7.3374077e-14
9.1377723e-14
1.099368e-13
1.1804904e-13
1.1112532e-13
9.3065182e-14
7.0833076e-14
4.9807179e-14
3.2309409e-14
1.8130186e-14
5.8626747e-15
-1.9330136e-14
-5.7904975e-14
-9.5319177e-14
-1.2999397e-13
-1.640839e-13
-2.0813907e-13
-2.7799004e-13
-3.8105598e-13
-5.0514477e-13
-6.2440488e-13
-7.1691962e-13
-7.7468912e-13
-7.9982964e-13
-7.9732027e-13
-7.7150973e-13
-7.2575586e-13
-6.6336533e-13
-5.8840815e-13
-5.0545036e-13
-4.1872926e-13
-3.3372616e-13
-2.6647546e-13
-2.1527409e-13
-1.5892389e-13
-1.076042e-13
-5.6706304e-14
-9.8102064e-15
2.6231856e-14
4.8933566e-14
6.5226748e-14
8.4598336e-14
1.071937e-13
1.2352262e-13
1.2546249e-13
1.1314338e-13
9.2390614e-14
6.9576521e-14
4.8893419e-14
3.18733e-14
1.7995805e-14
5.8417173e-15
-1.9335921e-14
-5.7964522e-14
-9.5504429e-14
-1.3002425e-13
-1.6257902e-13
-2.0256415e-13
-2.663129e-13
-3.6358164e-13
-4.8392007e-13
-6.0079483e-13
-6.9054368e-13
-7.4460511e-13
-7.6580729e-13
-7.6010511e-13
-7.3268319e-13
-6.8738498e-13
-6.274148e-13
-5.5629021e-13
-4.7814594e-13
-3.9715942e-13
-3.1922073e-13
-2.5888804e-13
-2.1120096e-13
-1.4926713e-13
-9.4250911e-14
-4.2477797e-14
9.0170592e-16
3.1986408e-14
5.4081684e-14
7.5777873e-14
1.0101436e-13
1.2370214e-13
1.3446151e-13
1.2979125e-13
1.1323234e-13
9.0953872e-14
6.8184069e-14
4.8046749e-14
3.151558e-14
1.7901946e-14
5.8310659e-15
-1.932896e-14
-5.797659e-14
-9.5629076e-14
-1.301058e-13
-1.6136701e-13
-1.9730646e-13
-2.5427705e-13
-3.4446346e-13
-4.5992499e-13
-5.7406585e-13
-6.6142837e-13
-7.1258228e-13
-7.3081109e-13
-7.2262041e-13
-6.9361753e-13
-6.4825359e-13
-5.9025539e-13
-5.2301365e-13
-4.4970739e-13
-3.7354769e-13
-3.0081502e-13
-2.4512532e-13
-1.9975948e-13
-1.3187624e-13
-7.5466374e-14
-2.6341693e-14
1.2044868e-14
4.0406165e-14
6.5311739e-14
9.2507497e-14
1.1957897e-13
1.3792601e-13
1.4146203e-13
1.3103055e-13
1.1175453e-13
8.9019553e-14
6.6768184e-14
4.7296607e-14
3.1237215e-14
1.7844589e-14
5.8288087e-15
-1.9311903e-14
-5.7945546e-14
-9.5689363e-14
-1.3022904e-13
-1.6049972e-13
-1.9259941e-13
-2.423079e-13
-3.2413029e-13
-4.3337601e-13
-5.440899e-13
-6.2885262e-13
-6.7689598e-13
-6.9211493e-13
-6.8206946e-13
-6.5274637e-13
-6.0841282e-13
-5.5247114e-13
-4.8809663e-13
-4.1836593e-13
-3.4606822e-13
-2.7771348e-13
-2.2506818e-13
-1.7921183e-13
-1.0827358e-13
-5.4984764e-14
-1.0979083e-14
2.3301081e-14
5.2203192e-14
8.1581938e-14
1.1181739e-13
1.3622416e-13
1.4749742e-13
1.4402286e-13
1.2953103e-13
1.0911674e-13
8.6811155e-14
6.5408866e-14
4.6658604e-14
3.1034932e-14
1.7818779e-14
5.8328798e-15
-1.9287835e-14
-5.7878605e-14
-9.5687702e-14
-1.3039127e-13
-1.6004383e-13
-1.8875536e-13
-2.3107877e-13
-3.0351934e-13
-4.0539998e-13
-5.1252272e-13
-5.9566304e-13
-6.4184541e-13
-6.5462094e-13
-6.4221636e-13
-6.1143795e-13
-5.6730151e-13
-5.1346969e-13
-4.5274875e-13
-3.8745186e-13
-3.1942122e-13
-2.5415266e-13
-2.0369911e-13
-1.6068844e-13
-8.4607511e-14
-3.594487e-14
3.9938682e-15
3.7466771e-14
6.9398981e-14
1.0188338e-13
1.3057861e-13
1.4825334e-13
1.5143218e-13
1.4237525e-13
1.2582116e-13
1.0568394e-13
8.4487175e-14
6.4149142e-14
4.613406e-14
3.0901346e-14
1.7818723e-14
5.8413198e-15
-1.9259912e-14
-5.778322e-14
-9.5621951e-14
-1.3055562e-13
-1.5995466e-13
-1.858719e-13
-2.2094906e-13
-2.8301634e-13
-3.7580239e-13
-4.7793484e-13
-5.5881582e-13
-6.0312734e-13
-6.1429759e-13
-6.0120099e-13
-5.7038003e-13
-5.2638871e-13
-4.7286692e-13
-4.1288717e-13
-3.4921508e-13
-2.846134e-13
-2.2592264e-13
-1.7782608e-13
-1.3470028e-13
-5.8425404e-14
-1.5846444e-14
2.1302955e-14
5.5377793e-14
8.9312734e-14
1.2089086e-13
1.4369145e-13
1.5289089e-13
1.4917745e-13
1.3696873e-13
1.2042542e-13
1.0175989e-13
8.2167865e-14
6.3019745e-14
4.5722434e-14
3.0829307e-14
1.7838947e-14
5.8523034e-15
-1.9231856e-14
-5.7671306e-14
-9.550755e-14
-1.3072783e-13
-1.6026176e-13
-1.8419644e-13
-2.1270526e-13
-2.6415705e-13
-3.4704585e-13
-4.4424103e-13
-5.2408413e-13
-5.6725362e-13
-5.7572837e-13
-5.5990555e-13
-5.2779121e-13
-4.8414779e-13
-4.3207477e-13
-3.7387526e-13
-3.1157222e-13
-2.4677926e-13
-1.9152941e-13
-1.5328922e-13
-1.0540482e-13
-3.9020647e-14
8.388428e-16
3.8017838e-14
7.4004002e-14
1.0812585e-13
1.3512346e-13
1.4945777e-13
1.5031197e-13
1.4175766e-13
1.2874979e-13
1.138987e-13
9.7580051e-14
7.9919186e-14
6.2021651e-14
4.541033e-14
3.0807629e-14
1.7873177e-14
5.8639457e-15
-1.9206609e-14
-5.7550463e-14
-9.534092e-14
-1.3084401e-13
-1.6079794e-13
-1.8352875e-13
-2.0620678e-13
-2.4643585e-13
-3.170075e-13
-4.0663013e-13
-4.8487108e-13
-5.2896041e-13
-5.3788176e-13
-5.2151951e-13
-4.882257e-13
-4.4323233e-13
-3.9008299e-13
-3.3117724e-13
-2.6797264e-13
-2.0281634e-13
-1.5031844e-13
-1.1784496e-13
-6.7789774e-14
-1.4555108e-14
2.250887e-14
5.9633194e-14
9.4548979e-14
1.2373208e-13
1.4165489e-13
1.4604056e-13
1.40073e-13
1.294867e-13
1.1816729e-13
1.0654898e-13
9.3288624e-14
7.7788355e-14
6.1163877e-14
4.5194953e-14
3.0830546e-14
1.7916987e-14
5.8747759e-15
-1.9188269e-14
-5.7438208e-14
-9.5161833e-14
-1.3095763e-13
-1.6163085e-13
-1.8417793e-13
-2.0275427e-13
-2.3328593e-13
-2.9202574e-13
-3.7369589e-13
-4.4937212e-13
-4.9258337e-13
-4.997303e-13
-4.8173612e-13
-4.4816909e-13
-4.039811e-13
-3.5215685e-13
-2.9486796e-13
-2.3399442e-13
-1.7306961e-13
-1.258061e-13
-9.609596e-14
-4.682263e-14
5.6107704e-16
3.7476321e-14
7.3818059e-14
1.0548882e-13
1.274878e-13
1.3603108e-13
1.3263752e-13
1.232653e-13
1.1374787e-13
1.0615606e-13
9.8819098e-14
8.9037668e-14
7.5803069e-14
6.0432013e-14
4.5055354e-14
3.0883796e-14
1.7963678e-14
5.8830531e-15
-1.9178039e-14
-5.733502e-14
-9.495151e-14
-1.3096298e-13
-1.623989e-13
-1.8521288e-13
-2.0031609e-13
-2.2055939e-13
-2.6479469e-13
-3.3619006e-13
-4.1089692e-13
-4.5817714e-13
-4.6761802e-13
-4.4862404e-13
-4.1281309e-13
-3.6681386e-13
-3.1430295e-13
-2.5785996e-13
-1.9999717e-13
-1.47793e-13
-1.1430768e-13
-8.3413078e-14
-2.0725843e-14
2.2533747e-14
5.8271532e-14
9.1325301e-14
1.1564436e-13
1.2686439e-13
1.246059e-13
1.1413966e-13
1.0303267e-13
9.6182878e-14
9.3430856e-14
9.0984163e-14
8.4916392e-14
7.3978583e-14
5.9824519e-14
4.4991632e-14
3.0967088e-14
1.8012087e-14
5.8883072e-15
-1.9180966e-14
-5.7264766e-14
-9.4784578e-14
-1.3103899e-13
-1.635274e-13
-1.8790214e-13
-2.0265583e-13
-2.1680308e-13
-2.483302e-13
-3.059483e-13
-3.7331007e-13
-4.2064129e-13
-4.3237409e-13
-4.1485167e-13
-3.8031634e-13
-3.3583124e-13
-2.8515184e-13
-2.3166707e-13
-1.7876266e-13
-1.3623799e-13
-1.0746639e-13
-7.1209868e-14
-9.3811983e-15
3.1673735e-14
6.4278352e-14
9.0656132e-14
1.0544822e-13
1.0639192e-13
9.6575968e-14
8.3718541e-14
7.5449699e-14
7.4787638e-14
7.9095926e-14
8.2677149e-14
8.0780309e-14
7.2267839e-14
5.9321592e-14
4.4982954e-14
3.1063805e-14
1.8054812e-14
5.8892376e-15
-1.9195402e-14
-5.7225481e-14
-9.459844e-14
-1.309099e-13
-1.640369e-13
-1.8928389e-13
-2.0278985e-13
-2.1010901e-13
-2.2945354e-13
-2.7571141e-13
-3.3911631e-13
-3.8971632e-13
-4.0546882e-13
-3.8806479e-13
-3.5140794e-13
-3.0582137e-13
-2.5595364e-13
-2.0482564e-13
-1.5492031e-13
-1.1743571e-13
-9.1968819e-14
-4.5187964e-14
8.9255782e-15
4.6918047e-14
7.5442745e-14
9.4569456e-14
9.9459138e-14
9.0457559e-14
7.3860697e-14
5.9084207e-14
5.330782e-14
5.7740346e-14
6.7734498e-14
7.6141014e-14
7.756995e-14
7.0952573e-14
5.8957904e-14
4.5025839e-14
3.1178302e-14
1.8097226e-14
5.8899635e-15
-1.9205549e-14
-5.7228439e-14
-9.4550653e-14
-1.3105763e-13
-1.6539251e-13
-1.936122e-13
-2.1054901e-13
-2.1606137e-13
-2.2195433e-13
-2.4617103e-13
-2.9223912e-13
-3.3989114e-13
-3.6339592e-13
-3.5446144e-13
-3.2220298e-13
-2.7859481e-13
-2.3081957e-13
-1.8226635e-13
-1.3786914e-13
-1.0646494e-13
-7.767388e-14
-3.051272e-14
1.4019418e-14
4.3636444e-14
6.1376429e-14
6.6641297e-14
5.7786931e-14
3.9054294e-14
1.9461063e-14
8.6958613e-15
1.2077693e-14
2.7941807e-14
4.8856513e-14
6.5778601e-14
7.2720832e-14
6.9142991e-14
5.8575009e-14
4.5140592e-14
3.1321485e-14
1.8147857e-14
5.8963364e-15
-1.6857096e-09
7.5657859e-10
-3.6294399e-11
-4.3043883e-09
-2.6584813e-10
-7.4659732e-10
-3.7943624e-09
-6.4663871e-10
-2.4913818e-10
-2.6980261e-10
-4.6113018e-10
2.7523643e-10
4.0328709e-09
-2.1620275e-09
1.5000524e-08
1.9408951e-09
-8.467067e-11
1.2241964e-11
-1.9596561e-09
3.6459075e-10
-1.0996967e-10
4.4886671e-09
1.210932e-08
-2.0477111e-09
1.8379352e-08
6.0543078e-09
8.6040498e-09
2.7385712e-09
8.855885e-09
6.0881431e-09
5.4974514e-09
8.035746e-10
1.1835093e-09
3.0894119e-09
8.0806251e-10
7.4151403e-09
4.6525122e-09
5.3814066e-09
5.526035e-10
3.108865e-09
4.9954602e-10
4.6373035e-09
4.4241144e-09
4.1283565e-09
4.592047e-09
-3.171212e-10
6.4941638e-09
5.1185322e-09
5.8150689e-09
-2.7537883e-10
2.8137507e-10
-5.3752111e-10
7.2947639e-09
6.4397711e-09
6.6625624e-09
-4.5046826e-10
-4.0653978e-11
-3.2019164e-10
4.987528e-09
1.4164787e-10
-2.7719396e-12
1.7899249e-10
5.4903906e-09
4.3615147e-09
-1.7951739e-10
7.3543795e-11
2.1336644e-09
8.6538799e-10
1.7763706e-09
5.0984158e-11
3.8824183e-10
2.2283272e-09
1.4235369e-09
6.7955297e-10
-1.5278805e-11
1.8603667e-09
5.4701447e-10
5.3505883e-10
-5.1070563e-11
1.5590224e-09
1.1031082e-09
1.4438012e-10
8.5315315e-10
-3.0253126e-12
-4.1076943e-10
1.0530644e-10
-1.8343575e-11
-1.4639275e-11
-5.2190649e-10
3.2067441e-12
-1.3054564e-10
-1.2166308e-10
-4.8173157e-10
1.0895906e-10
2.6142676e-10
5.893516e-10
-3.5456193e-11
-2.5927962e-10
1.4939194e-10
9.3808982e-11
-7.7644539e-10
-6.8174181e-10
-1.5720069e-10
-2.9043103e-10
-3.7129801e-10
-3.568273e-11
7.5760107e-10
-1.6806521e-09
-7.4559144e-10
-2.6180882e-10
-4.2909537e-09
-2.414885e-10
-6.4293996e-10
-3.7805223e-09
2.7816849e-10
-4.59977e-10
-2.6470923e-10
1.5001619e-08
-2.1619825e-09
4.0339462e-09
-8.4639015e-11
1.9411644e-09
1.2330965e-11
-1.9593028e-09
-1.0993854e-10
3.6523491e-10
-2.0475142e-09
1.2111157e-08
4.490674e-09
8.6071215e-09
6.0546398e-09
1.8377911e-08
2.7391506e-09
5.4969694e-09
6.0869177e-09
8.8609319e-09
1.1855888e-09
8.0358715e-10
8.0587705e-10
3.0898042e-09
5.3857225e-09
4.6500334e-09
7.4166985e-09
5.5222093e-10
4.9867116e-10
3.1073055e-09
4.1207709e-09
4.4013336e-09
4.6390211e-09
6.4721869e-09
-3.2053086e-10
4.5886012e-09
-2.9370479e-10
5.7875733e-09
5.0686667e-09
7.254251e-09
-5.4294793e-10
2.8913109e-10
-4.5054277e-10
6.6589807e-09
6.4180112e-09
4.9675995e-09
-3.1485792e-10
-4.4684847e-11
1.450299e-10
1.7785397e-10
-2.7195916e-12
-1.7940421e-10
4.3699331e-09
5.4915266e-09
2.1408198e-09
7.3782694e-11
5.0949983e-11
1.776915e-09
8.6379133e-10
1.4333456e-09
2.2318512e-09
3.8864539e-10
6.8000114e-10
-1.3131307e-11
5.4670007e-10
5.5836058e-10
1.866798e-09
1.1013822e-09
1.5569939e-09
-5.104623e-11
8.53369e-10
1.4504157e-10
-4.104746e-10
-3.0096091e-12
-1.8291705e-11
1.0567384e-10
3.3446795e-12
-5.2239347e-10
-1.4572624e-11
-4.8191649e-10
-1.1947505e-10
-1.2270817e-10
5.9536747e-10
2.6937035e-10
1.0921826e-10
1.5908525e-10
-2.4936305e-10
-3.0737517e-11
-6.7685713e-10
-7.7189569e-10
9.4079336e-11
-3.6838956e-10
-2.8961572e-10
-1.5673581e-10
1.1799682e-10
1.1858845e-09
1.9359859e-09
3.147577e-10
7.6704732e-10
-5.2551444e-10
-8.8138277e-10
-8.4289621e-10
-1.7048225e-09
-3.6083514e-09
1.8226333e-10
2.1446205e-09
7.1707652e-10
3.0409515e-09
7.9391001e-10
5.2036433e-09
1.0016296e-08
6.8154078e-09
-3.4617536e-09
-9.2491783e-10
2.954149e-09
5.3689343e-09
8.243209e-09
1.6204229e-09
1.2866948e-09
-3.5940204e-10
5.3730314e-10
8.7511205e-10
5.0816098e-10
1.4830206e-10
6.9477715e-11
1.809184e-09
1.2488955e-09
4.1799318e-11
6.2295284e-09
4.605431e-09
2.5915501e-09
1.4472528e-10
6.0978839e-10
1.4367425e-09
3.0176694e-09
2.0656277e-09
3.6615581e-09
2.5114849e-11
3.1551604e-10
4.7815084e-10
1.6724997e-11
6.0256062e-11
1.476226e-10
6.6042792e-11
-2.4625637e-10
-4.5471889e-11
8.9960638e-10
4.1040047e-10
2.7854396e-10
9.8802797e-12
2.4062926e-10
2.159263e-10
-1.3004165e-10
-4.432387e-10
-2.810173e-10
-8.1944669e-11
-1.5217138e-10
-3.8956997e-10
-4.6854789e-10
-8.7900687e-11
-1.9864747e-10
1.9380407e-09
1.1883103e-09
1.1991024e-10
-5.2116145e-10
7.7039678e-10
3.1610104e-10
-8.8121389e-10
-8.4253979e-10
1.8233845e-10
-3.6081609e-09
-1.7041705e-09
3.04089e-09
7.1704686e-10
2.1445775e-09
7.9406894e-10
6.8138802e-09
1.0020101e-08
5.1987701e-09
-9.2479454e-10
-3.4616336e-09
8.2388195e-09
5.3707832e-09
2.9575207e-09
1.620483e-09
5.3394296e-10
-3.6880702e-10
1.2793002e-09
1.4667012e-10
5.0135696e-10
8.5489325e-10
6.8798715e-11
4.2120109e-11
1.2492608e-09
1.8087241e-09
2.6198444e-09
4.6530842e-09
6.2776082e-09
1.4452305e-09
6.1253238e-10
1.4576062e-10
3.6606349e-09
2.0652182e-09
3.0215218e-09
2.5236972e-11
1.7911968e-11
4.8000646e-10
3.1597623e-10
1.4717124e-10
6.0231362e-11
-4.4902838e-11
-2.4538472e-10
6.762542e-11
2.8327893e-10
4.1586042e-10
9.0164079e-10
2.1641216e-10
2.3971558e-10
9.8998757e-12
-2.7743046e-10
-4.4214901e-10
-1.3012774e-10
-3.8880427e-10
-1.5147435e-10
-8.1359558e-11
-1.9878159e-10
-8.7916807e-11
-4.708729e-10
-8.2900389e-10
-8.2299083e-10
3.0301709e-10
-7.722543e-11
-1.5728825e-09
-1.9926115e-09
-1.2553682e-09
-8.6473964e-10
2.0458784e-11
-4.4812498e-11
-1.2966479e-09
-1.5509319e-09
-2.0311322e-09
-1.8125315e-09
-1.336996e-10
-7.3011655e-11
-9.0845935e-10
-9.1357625e-10
3.4535782e-09
4.7689186e-09
1.6275098e-09
2.0035027e-10
-4.1938426e-09
-1.7008142e-09
1.9579509e-09
1.2898634e-09
-1.0300822e-09
-7.5426349e-10
1.1650613e-09
1.6310612e-09
1.441083e-09
3.7912581e-09
2.8326114e-09
1.5496223e-09
7.5336528e-12
2.5300836e-09
8.879135e-10
3.9584282e-12
2.2706289e-09
6.4038138e-10
1.8959119e-09
-9.6844623e-11
2.0002066e-09
-7.1479648e-10
7.5315907e-10
-1.0010012e-09
-3.4863088e-09
5.6554718e-09
6.81831e-09
9.8956475e-10
8.9269376e-10
6.4103977e-09
5.1053928e-09
6.7281516e-10
3.7477825e-09
4.9068921e-09
1.3480551e-09
1.5167825e-09
1.2782889e-09
4.4483496e-09
3.4023014e-09
5.5980591e-10
6.261395e-10
-4.2351445e-10
1.3432845e-09
-2.2269936e-10
1.9205033e-10
-1.8077008e-10
-1.9224537e-10
2.0645558e-10
-1.2174173e-10
1.6825285e-10
4.7236918e-10
8.210137e-10
1.1005088e-09
1.3126723e-09
4.5759185e-10
4.2901454e-10
1.2881719e-09
1.1026712e-09
-2.6943799e-12
1.3468073e-09
1.9376875e-09
3.08364e-10
4.7871809e-11
2.8793087e-10
1.6701897e-10
5.0187886e-11
1.2194579e-09
4.6589614e-10
1.3543051e-10
5.0150241e-11
1.3490732e-10
2.8104101e-10
8.3546476e-10
5.0427887e-10
8.9297459e-11
3.5947031e-10
9.1134672e-11
4.3318344e-10
-1.8405593e-11
3.1928104e-11
1.9594319e-11
7.1218993e-11
3.3798035e-11
4.4273041e-10
1.0753468e-09
3.7523128e-10
-4.4983309e-11
-4.1109984e-10
-1.5796809e-11
-2.0146026e-10
-1.2433624e-10
1.4943661e-11
7.5869457e-11
-1.8638616e-11
6.365624e-12
7.95066e-12
-7.1873073e-15
-2.5304695e-10
4.4416907e-10
5.6500843e-11
-2.0393435e-10
-1.3691373e-10
5.7205586e-11
4.4550588e-11
-4.7923714e-10
-5.1125558e-10
-8.1538034e-11
3.0455639e-10
-8.2184009e-10
-8.2832617e-10
2.17865e-11
-8.6140854e-10
-1.2531333e-09
-1.9837678e-09
-1.5677962e-09
-7.5126171e-11
-1.2602083e-10
-1.7996538e-09
-2.0174325e-09
-1.5451889e-09
-1.2874151e-09
-3.9352512e-11
-9.1188416e-10
-9.0601615e-10
-6.9366762e-11
1.6277545e-09
4.7692026e-09
3.4535788e-09
1.2898951e-09
1.958103e-09
-1.7005287e-09
-4.19375e-09
2.0036393e-10
-1.0299288e-09
-7.5392154e-10
1.6312463e-09
1.1651349e-09
2.833255e-09
3.7916278e-09
1.4413581e-09
2.5305429e-09
8.0262597e-12
1.5495971e-09
4.012773e-12
8.8786989e-10
-9.6985443e-11
1.8964451e-09
6.4044023e-10
2.270635e-09
7.5285525e-10
-7.1534651e-10
1.9996231e-09
9.8974815e-10
6.8183781e-09
5.6546084e-09
-3.4865155e-09
-1.0009963e-09
5.1056419e-09
6.4104352e-09
8.9249578e-10
4.9056591e-09
3.7505225e-09
6.6942767e-10
1.347751e-09
1.2768463e-09
1.5155565e-09
5.536834e-10
3.3966934e-09
4.4440069e-09
-1.8515924e-10
1.8459643e-10
-2.3204879e-10
1.3370145e-09
-4.2895141e-10
6.2225363e-10
-1.4624502e-10
2.21853e-10
-1.8135165e-10
4.4647656e-10
1.2928712e-09
1.0901859e-09
8.2977502e-10
4.4783561e-10
1.5047843e-10
1.1018346e-09
1.2863314e-09
4.2971354e-10
1.9301047e-09
1.3416373e-09
-5.1814188e-12
3.0900427e-10
2.8760802e-10
4.8448701e-11
5.1082652e-11
1.6923287e-10
1.3464774e-10
5.0051089e-11
1.3514047e-10
4.6552034e-10
1.2179669e-09
5.0615256e-10
8.3703906e-10
2.8205044e-10
4.3358943e-10
9.1225454e-11
3.5986756e-10
8.9397512e-11
3.4306737e-11
7.2844487e-11
1.9964489e-11
3.3489539e-11
-1.8051086e-11
3.7556832e-10
1.0750887e-09
4.4230843e-10
-1.5754522e-11
-4.1095045e-10
-4.4675555e-11
-1.2426305e-10
-2.0137158e-10
7.607746e-11
1.5349337e-11
-2.5293012e-10
2.9336242e-13
8.0739536e-12
6.5074545e-12
-1.8335809e-11
-2.0384916e-10
5.7027082e-11
4.44647e-10
4.2553732e-11
5.4650299e-11
-1.2749962e-10
-8.1412892e-11
-5.1047114e-10
-4.7855795e-10
1.5176687e-10
3.5845251e-10
7.4578325e-10
4.5216716e-12
-2.9986393e-10
4.4270342e-11
2.9009087e-10
6.2442309e-11
-2.8725196e-10
2.2770315e-10
8.659808e-10
4.4778663e-10
-6.8074064e-10
1.4637888e-09
-9.6374408e-10
-7.6233164e-11
-1.5535438e-09
2.286598e-10
2.1046171e-11
1.2094714e-08
5.2053004e-09
1.2404306e-09
1.8625086e-09
1.328072e-09
-1.7620425e-09
4.2996705e-09
9.9825391e-09
4.0553959e-09
6.2989804e-09
2.6872672e-09
1.1127956e-09
1.923798e-09
4.6397009e-09
1.2023745e-09
1.7175586e-09
5.302961e-10
1.0417833e-09
1.3885216e-09
-3.8837409e-11
3.4382122e-09
1.8528871e-09
4.6389377e-09
-2.0479265e-10
-1.2140222e-10
9.8731905e-10
2.2236303e-09
2.9936591e-09
4.3917448e-10
-7.2339966e-11
3.3579725e-10
2.5698316e-09
3.4322181e-09
3.5218175e-09
1.086211e-09
7.5914726e-10
9.2889088e-10
3.1020112e-09
2.9323321e-09
2.6530051e-09
1.0952399e-09
8.7376376e-10
9.2850274e-10
2.2344076e-09
1.9132069e-09
7.2346158e-10
7.5383221e-10
1.0901206e-09
4.2443055e-10
3.4843943e-10
1.5721807e-09
5.5350893e-10
1.4382341e-10
9.0261044e-11
-1.4131188e-10
-8.1027922e-11
6.3422697e-10
1.1950814e-10
-8.130359e-11
-3.4092326e-11
2.4416587e-10
8.1752253e-10
-8.9684867e-11
-2.1657e-11
-3.1673878e-13
7.134648e-11
1.6893308e-11
2.9159441e-11
-9.5807733e-11
-5.1069803e-11
-4.6951727e-12
-1.6288777e-10
-2.3092189e-11
-1.9775152e-11
-7.377185e-11
-3.5006324e-11
-9.4392046e-12
7.4645466e-10
3.5944131e-10
1.5205958e-10
4.6037628e-11
-2.9756133e-10
5.0193216e-12
-2.8479969e-10
6.4846216e-11
2.9072403e-10
4.4961196e-10
8.6703993e-10
2.2781482e-10
-9.6377425e-10
1.4649971e-09
-6.801618e-10
2.3098132e-10
-1.5519413e-09
-7.6246891e-11
5.2047898e-09
1.2094946e-08
2.2456222e-11
1.3282776e-09
1.862714e-09
1.2408018e-09
9.9842396e-09
4.3033284e-09
-1.7643137e-09
2.6852738e-09
6.3009195e-09
4.0576543e-09
4.6384905e-09
1.9262847e-09
1.1090888e-09
5.2959807e-10
1.717631e-09
1.2025898e-09
-4.2706129e-11
1.4009934e-09
1.0412565e-09
4.6365224e-09
1.8491284e-09
3.4371947e-09
9.7083526e-10
-1.4283673e-10
-2.0906095e-10
4.4878962e-10
2.9947499e-09
2.2408031e-09
2.5300388e-09
3.1076012e-10
-1.0484254e-10
1.0725824e-09
3.500842e-09
3.4187504e-09
3.0988786e-09
9.2118506e-10
7.4485007e-10
1.0813141e-09
2.6251512e-09
2.9054776e-09
2.2453193e-09
9.4164495e-10
8.7308308e-10
7.7366039e-10
7.4749981e-10
1.945e-09
3.5864531e-10
4.2947526e-10
1.0939051e-09
1.4407446e-10
5.5241969e-10
1.5733401e-09
-7.5830646e-11
-1.3653616e-10
1.0089252e-10
-7.9969959e-11
1.2267662e-10
6.3534115e-10
8.1797527e-10
2.4470277e-10
-3.3982144e-11
-4.1752435e-13
-2.1063709e-11
-8.9350707e-11
3.5900885e-11
2.3433017e-11
8.0824668e-11
2.2139202e-12
-4.5872544e-11
-8.7914139e-11
-1.4913602e-11
-1.8474945e-11
-1.5714767e-10
-5.3002052e-12
-3.1367067e-11
-7.0497716e-11
4.3168854e-10
3.3349313e-10
3.854167e-10
1.9194861e-10
2.8894637e-10
-3.9208053e-11
7.764028e-10
1.9003265e-09
1.1864183e-09
1.6465898e-10
1.5821485e-09
1.1044359e-09
5.1484631e-09
2.2286056e-09
4.0514736e-09
3.036929e-09
1.2133716e-09
1.3622583e-10
2.2044779e-10
1.1680906e-09
2.7251966e-09
1.6857762e-09
6.4813112e-10
4.429442e-10
3.6939178e-10
5.4918608e-10
1.3888407e-09
-1.9217511e-11
1.0799763e-10
5.7970801e-10
-2.31307e-10
-3.3734298e-11
-1.1582445e-10
-4.284759e-10
-1.5953563e-10
-2.0933612e-10
3.8602088e-10
3.3438612e-10
4.3247052e-10
-3.7733589e-11
2.9078843e-10
1.9329622e-10
1.1871721e-09
1.9006687e-09
7.7682583e-10
1.1045937e-09
1.5828555e-09
1.659279e-10
4.0514032e-09
2.2311875e-09
5.1476794e-09
1.3607603e-10
1.2130139e-09
3.0416627e-09
2.7259041e-09
1.1681597e-09
2.2212351e-10
4.477043e-10
6.5428582e-10
1.6940616e-09
1.3887176e-09
5.4813246e-10
3.6921147e-10
5.7981953e-10
1.0795176e-10
-1.9307923e-11
-1.1567877e-10
-3.324922e-11
-2.3116357e-10
-2.0879288e-10
-1.5932352e-10
-4.2827447e-10
)
;
    }
    cylinder
    {
        type            calculated;
        value           uniform 0;
    }
}


// ************************************************************************* //
