/*--------------------------------*- C++ -*----------------------------------*\
  =========                 |
  \\      /  F ield         | OpenFOAM: The Open Source CFD Toolbox
   \\    /   O peration     | Website:  https://openfoam.org
    \\  /    A nd           | Version:  12
     \\/     M anipulation  |
\*---------------------------------------------------------------------------*/
FoamFile
{
    format      ascii;
    class       volVectorField;
    location    "8";
    object      U;
}
// * * * * * * * * * * * * * * * * * * * * * * * * * * * * * * * * * * * * * //

dimensions      [0 1 -1 0 0 0 0];

internalField   nonuniform List<vector> 
10488
(
(0.072158303 -0.00037358951 -3.8524757e-16)
(0.073982279 -0.00098648236 4.9878302e-15)
(0.0774906 -0.0016028681 -2.2960205e-15)
(0.082409759 -0.0021510592 6.2194042e-15)
(0.088849734 -0.0026829768 -5.7656967e-15)
(0.096767872 -0.0032111714 -4.5649367e-15)
(0.1061299 -0.0037391523 -7.1947004e-15)
(0.1169157 -0.0042629621 -2.7030341e-14)
(0.12909457 -0.0047709372 -2.0428603e-14)
(0.14260582 -0.0052433107 -4.2832133e-14)
(0.15734368 -0.005653745 -5.3327943e-14)
(0.17314458 -0.0059703896 -6.5793944e-14)
(0.1897761 -0.0061572277 -8.3266635e-14)
(0.2069309 -0.00617706 -1.0097414e-13)
(0.2242255 -0.0059947777 -1.1989868e-13)
(0.24120616 -0.0055820765 -1.3911919e-13)
(0.25736361 -0.004922401 -1.5833907e-13)
(0.27215725 -0.0040152706 -1.7624479e-13)
(0.28504607 -0.0028788935 -1.9177219e-13)
(0.29553205 -0.0015520638 -2.0506312e-13)
(0.30320888 -9.4612848e-05 -2.1617078e-13)
(0.30797203 0.0013516368 -2.234968e-13)
(0.3086972 0.002898717 -2.2017266e-13)
(0.30682716 0.0038426052 -2.1443158e-13)
(0.30162196 0.0050140385 -2.0120566e-13)
(0.29311751 0.0060815914 -1.8291645e-13)
(0.28210275 0.0068560096 -1.6184496e-13)
(0.26871825 0.007400127 -1.3639114e-13)
(0.25335363 0.0077445066 -1.0552421e-13)
(0.23644416 0.0079024176 -7.090116e-14)
(0.21841861 0.0078912312 -3.6475707e-14)
(0.19970386 0.0077334188 -6.471572e-15)
(0.1807219 0.0074522052 1.6172334e-14)
(0.16188064 0.0070682013 2.9534267e-14)
(0.14356494 0.0065967883 3.1772033e-14)
(0.1261307 0.0060462576 2.061721e-14)
(0.10990147 0.0054184572 -6.1884624e-15)
(0.09516692 0.0047115025 -4.9691571e-14)
(0.082181117 0.0039227499 -1.090111e-13)
(0.07115537 0.0030516215 -1.8083287e-13)
(0.06227386 0.0021101251 -2.5972634e-13)
(0.055603789 0.0011227703 -3.3851649e-13)
(0.051173164 0.00015057556 -4.0902684e-13)
(0.049140799 -0.00079579974 -4.6342361e-13)
(0.049299414 -0.0016898142 -4.9415722e-13)
(0.051583249 -0.0026370159 -5.0064244e-13)
(0.055803685 -0.0035066189 -4.8400711e-13)
(0.061688474 -0.0042562021 -4.5414773e-13)
(0.069014538 -0.0048862411 -4.276923e-13)
(0.077491055 -0.0053802637 -4.2827072e-13)
(0.086779183 -0.0057071572 -4.8790945e-13)
(0.09648873 -0.0058350768 -6.439373e-13)
(0.10616165 -0.0057310958 -9.488934e-13)
(0.11528296 -0.0053774125 -1.4720182e-12)
(0.12330637 -0.0047781416 -2.3049209e-12)
(0.12966871 -0.0039388524 -3.569488e-12)
(0.13383066 -0.0029261533 -5.425913e-12)
(0.1353086 -0.0017528809 -8.0170786e-12)
(0.13406078 -0.00036389861 -1.1521874e-11)
(0.13000782 0.0010969148 -1.6634968e-11)
(0.12349486 0.0023909748 -2.3381926e-11)
(0.11493773 0.003468952 -3.2240914e-11)
(0.10495572 0.0042631438 -4.3611941e-11)
(0.094261073 0.004724367 -5.7752448e-11)
(0.08358221 0.0048370997 -7.4669704e-11)
(0.07360323 0.0046158426 -9.3987129e-11)
(0.064906664 0.0041060116 -1.1481839e-10)
(0.057932532 0.0033817724 -1.357825e-10)
(0.052939125 0.0025434567 -1.5516885e-10)
(0.049971432 0.0017084024 -1.7121286e-10)
(0.048861829 0.00096969303 -1.8247417e-10)
(0.049165745 0.00038980194 -1.8817883e-10)
(0.050333269 4.8923785e-05 -1.8867708e-10)
(0.051750143 -1.0748764e-05 -1.8470109e-10)
(0.052879117 0.00016773496 -1.778239e-10)
(0.053275597 0.0005141117 -1.696052e-10)
(0.052783847 0.00091053697 -1.6239596e-10)
(0.051364199 0.0012876645 -1.5632556e-10)
(0.049257562 0.0015497038 -1.5278585e-10)
(0.046790194 0.0016570578 -1.5242384e-10)
(0.044335508 0.0016005142 -1.5506993e-10)
(0.042334051 0.0013425755 -1.6072609e-10)
(0.041258618 0.00090829953 -1.6917649e-10)
(0.041401223 0.00030719224 -1.7984502e-10)
(0.04293047 -0.00039192004 -1.9261844e-10)
(0.045924989 -0.0011025588 -2.0654275e-10)
(0.05033662 -0.0017727829 -2.2088319e-10)
(0.056014493 -0.0023601263 -2.3488016e-10)
(0.062720115 -0.0028312677 -2.4775983e-10)
(0.07016172 -0.0031665999 -2.5884162e-10)
(0.078023738 -0.0033607975 -2.6760961e-10)
(0.08599539 -0.0034212582 -2.7376452e-10)
(0.093794515 -0.0033649968 -2.7725162e-10)
(0.10118393 -0.0032147053 -2.7826161e-10)
(0.10797966 -0.0029951199 -2.772022e-10)
(0.11405293 -0.0027298575 -2.746483e-10)
(0.11932621 -0.0024393986 -2.7126502e-10)
(0.1237649 -0.0021398427 -2.6771925e-10)
(0.12736702 -0.0018437382 -2.6459127e-10)
(0.13015216 -0.001561036 -2.622998e-10)
(0.13215239 -0.0013013557 -2.6105891e-10)
(0.1333954 -0.0010659831 -2.6088188e-10)
(0.13387124 -0.00083281285 -2.6161343e-10)
(0.13363811 -0.00055433196 -2.6295236e-10)
(0.13267461 -0.00024012761 -2.6478771e-10)
(0.13098001 8.5116453e-05 -2.6671199e-10)
(0.12852439 0.0004372231 -2.6854935e-10)
(0.12527185 0.00082533232 -2.7020094e-10)
(0.12118921 0.0012517547 -2.7163397e-10)
(0.11624749 0.0017142673 -2.7287689e-10)
(0.1104327 0.0022049285 -2.7399618e-10)
(0.10375669 0.0027091865 -2.7507378e-10)
(0.09626872 0.0032052819 -2.7618666e-10)
(0.088066608 0.003664771 -2.7739212e-10)
(0.079305591 0.0040537037 -2.7871778e-10)
(0.070203146 0.0043355431 -2.8015636e-10)
(0.061037201 0.0044749461 -2.8166429e-10)
(0.052136164 0.0044424812 -2.8316402e-10)
(0.043861845 0.0042202066 -2.8455161e-10)
(0.036583573 0.003807451 -2.8569807e-10)
(0.030656577 0.0032238806 -2.8646275e-10)
(0.026404959 0.0025054095 -2.8667046e-10)
(0.024103348 0.0016783198 -2.8611424e-10)
(0.023882404 0.00073628738 -2.8478424e-10)
(0.025714991 -0.00025496008 -2.8255694e-10)
(0.029517797 -0.0012009583 -2.7934743e-10)
(0.035102304 -0.0020514791 -2.7514624e-10)
(0.042198005 -0.0027736344 -2.6998103e-10)
(0.050468109 -0.003343274 -2.6394526e-10)
(0.05954584 -0.0037492772 -2.571921e-10)
(0.069060905 -0.0039929624 -2.499318e-10)
(0.078662499 -0.00408561 -2.4241842e-10)
(0.088037806 -0.0040459044 -2.3493313e-10)
(0.096923351 -0.0038962537 -2.2775842e-10)
(0.10511042 -0.0036605578 -2.211518e-10)
(0.11244488 -0.0033610563 -2.1532037e-10)
(0.11882207 -0.0030176866 -2.1040172e-10)
(0.12417996 -0.0026474183 -2.0645613e-10)
(0.12849121 -0.0022651141 -2.0347051e-10)
(0.13174793 -0.0018850264 -2.0136655e-10)
(0.13395076 -0.0015159911 -2.0002562e-10)
(0.13507324 -0.0011424501 -1.9930886e-10)
(0.13514479 -0.00074295158 -1.9907614e-10)
(0.13417318 -0.00027836845 -1.9915977e-10)
(0.13214316 0.00020579263 -1.9946136e-10)
(0.12908611 0.00069946405 -1.9986543e-10)
(0.12499448 0.0012103639 -2.002887e-10)
(0.11990015 0.0017303499 -2.0066572e-10)
(0.11385794 0.0022452245 -2.0094642e-10)
(0.10695717 0.002735461 -2.0109299e-10)
(0.099328297 0.0031773372 -2.0107681e-10)
(0.091145878 0.0035450045 -2.008765e-10)
(0.082626664 0.003813223 -2.004765e-10)
(0.07402233 0.0039603995 -1.9986722e-10)
(0.065607556 0.0039714448 -1.9904619e-10)
(0.057663394 0.0038400139 -1.9801709e-10)
(0.050459366 0.003569968 -1.9679211e-10)
(0.044235852 0.0031760049 -1.9539189e-10)
(0.03918994 0.0026833567 -1.9384393e-10)
(0.035473973 0.0021246872 -1.9218253e-10)
(0.033197045 0.0015303707 -1.9044176e-10)
(0.032423338 0.00091389348 -1.8865871e-10)
(0.033071757 0.00024447237 -1.8687832e-10)
(0.035048589 -0.00039929847 -1.8510344e-10)
(0.038245274 -0.0009840334 -1.8339358e-10)
(0.042512296 -0.0015014819 -1.8175271e-10)
(0.047668014 -0.0019420183 -1.8018404e-10)
(0.053516926 -0.0022993419 -1.7868113e-10)
(0.059858317 -0.0025709112 -1.7722809e-10)
(0.066493305 -0.0027574126 -1.7580123e-10)
(0.073231709 -0.0028621413 -1.7437501e-10)
(0.079896106 -0.0028904009 -1.7292495e-10)
(0.086326578 -0.0028488236 -1.7143544e-10)
(0.092381687 -0.0027448525 -1.6990072e-10)
(0.097941611 -0.0025863089 -1.6833086e-10)
(0.10290631 -0.0023810436 -1.6674674e-10)
(0.10719825 -0.0021374027 -1.6518329e-10)
(0.11075905 -0.0018642054 -1.6367886e-10)
(0.11354846 -0.001572141 -1.622751e-10)
(0.11553937 -0.0012736072 -1.6101278e-10)
(0.11670302 -0.00096807604 -1.5992702e-10)
(0.11702812 -0.00064806757 -1.5906736e-10)
(0.11655692 -0.00029068095 -1.584153e-10)
(0.11528338 8.2132577e-05 -1.5797215e-10)
(0.11326553 0.0004412502 -1.5777496e-10)
(0.11053088 0.00079154071 -1.5780311e-10)
(0.10713631 0.0011277322 -1.5804237e-10)
(0.10315075 0.0014426873 -1.5847424e-10)
(0.098656428 0.0017285232 -1.5907545e-10)
(0.093749424 0.0019768962 -1.5981922e-10)
(0.088539171 0.0021794481 -1.6067604e-10)
(0.083146749 0.0023283632 -1.6161371e-10)
(0.077702625 0.0024169488 -1.6259877e-10)
(0.072343267 0.0024402448 -1.6359709e-10)
(0.06720647 0.0023955951 -1.6457401e-10)
(0.062426758 0.0022829731 -1.6549643e-10)
(0.058129592 0.0021054763 -1.6633273e-10)
(0.054426226 0.0018696699 -1.6705461e-10)
(0.051409807 0.0015862048 -1.6763851e-10)
(0.049154463 0.001270295 -1.6806527e-10)
(0.047717177 0.00093668885 -1.6832065e-10)
(0.047148137 0.00058931715 -1.6839497e-10)
(0.047414561 0.00020412992 -1.6829545e-10)
(0.048486125 -0.00018354143 -1.6802846e-10)
(0.050318393 -0.00054683304 -1.6761464e-10)
(0.052847169 -0.00088113012 -1.6707821e-10)
(0.055986756 -0.0011795642 -1.6644986e-10)
(0.059636715 -0.0014356232 -1.6576551e-10)
(0.063686428 -0.001644026 -1.6506358e-10)
(0.068018471 -0.0018010209 -1.6438343e-10)
(0.072510802 -0.0019036988 -1.6376279e-10)
(0.077040481 -0.00195047 -1.6323759e-10)
(0.081483666 -0.0019396507 -1.6283853e-10)
(0.085719357 -0.0018703772 -1.6259485e-10)
(0.089626077 -0.0017403948 -1.6252682e-10)
(0.093083484 -0.0015461704 -1.6266473e-10)
(0.095974353 -0.0012816342 -1.6301586e-10)
(0.098183314 -0.00093007191 -1.6365413e-10)
(0.099411692 -0.00042733117 -1.6460593e-10)
(0.099069634 0.00017029596 -1.6559049e-10)
(0.21120331 -0.0016327358 -7.1637724e-15)
(0.21432817 -0.0045948944 2.9262012e-14)
(0.22042423 -0.0075022589 -1.0376938e-14)
(0.2292139 -0.010208001 4.0839273e-14)
(0.24083979 -0.012811615 2.6783338e-15)
(0.25526806 -0.015353625 -5.9453143e-15)
(0.27241939 -0.017849933 3.9745785e-14)
(0.29221777 -0.020291932 -8.6028567e-14)
(0.31457806 -0.022647246 2.0023441e-15)
(0.33937998 -0.024855418 -1.0454329e-13)
(0.36644745 -0.026833236 -1.2643263e-13)
(0.3955323 -0.028478082 -1.6684551e-13)
(0.42629808 -0.029672178 -2.3317793e-13)
(0.45831117 -0.030292067 -2.9086248e-13)
(0.49103639 -0.030216946 -3.5993051e-13)
(0.52384048 -0.029341892 -4.3551773e-13)
(0.55600534 -0.027591873 -5.2086399e-13)
(0.58675423 -0.024935394 -6.0667818e-13)
(0.61527865 -0.021397698 -6.7936514e-13)
(0.64080021 -0.01706197 -7.3629598e-13)
(0.66254443 -0.012084784 -7.9124016e-13)
(0.67998441 -0.006645888 -8.5306775e-13)
(0.69244183 -0.0010461269 -9.0663811e-13)
(0.69986629 0.0044466018 -9.2835899e-13)
(0.70186593 0.0099977841 -9.0653977e-13)
(0.69852704 0.015233158 -8.543413e-13)
(0.6901041 0.019912323 -7.9466953e-13)
(0.67676258 0.023968625 -7.3485539e-13)
(0.6588063 0.027361343 -6.6157702e-13)
(0.63669393 0.030041062 -5.5917296e-13)
(0.61100033 0.031964369 -4.2860715e-13)
(0.58240368 0.033103741 -2.8927233e-13)
(0.55167934 0.033452372 -1.643557e-13)
(0.51968002 0.033028207 -6.9330265e-14)
(0.48729966 0.031875008 -1.0998668e-14)
(0.45542999 0.030056627 5.8565832e-15)
(0.42491327 0.027650432 -2.8243847e-14)
(0.39649891 0.024742636 -1.253407e-13)
(0.37080894 0.021424147 -2.9636864e-13)
(0.34831814 0.017791155 -5.4497449e-13)
(0.32932149 0.013947508 -8.6374311e-13)
(0.31399754 0.010002209 -1.2350504e-12)
(0.30238202 0.0060825228 -1.6302971e-12)
(0.29431114 0.0023233556 -2.007722e-12)
(0.28937452 -0.0012612108 -2.3147498e-12)
(0.28734068 -0.0046324556 -2.5076111e-12)
(0.28772457 -0.0076101404 -2.551714e-12)
(0.29001602 -0.01013431 -2.441484e-12)
(0.29373901 -0.012184441 -2.2086819e-12)
(0.29842658 -0.013707941 -1.9185348e-12)
(0.30359679 -0.014590879 -1.6762605e-12)
(0.30876398 -0.014759908 -1.5923837e-12)
(0.31336798 -0.014097904 -1.816171e-12)
(0.31678128 -0.012530909 -2.5276027e-12)
(0.31835266 -0.010100834 -3.9505255e-12)
(0.31737658 -0.006770273 -6.3910245e-12)
(0.31329646 -0.0027076474 -1.0257455e-11)
(0.30582051 0.0017459294 -1.6078656e-11)
(0.29474993 0.0063688911 -2.4567078e-11)
(0.28039263 0.010657572 -3.6604371e-11)
(0.26354209 0.014221681 -5.3265389e-11)
(0.24516421 0.016785129 -7.5878056e-11)
(0.22638191 0.018171825 -1.0595945e-10)
(0.20832976 0.018322396 -1.4502164e-10)
(0.19203472 0.017297884 -1.942835e-10)
(0.17834066 0.015253328 -2.5426057e-10)
(0.16785464 0.01241966 -3.2401941e-10)
(0.16092899 0.0090905733 -4.0066027e-10)
(0.15763104 0.0056127899 -4.7927979e-10)
(0.15768788 0.0023781574 -5.5326147e-10)
(0.16050435 -0.00029916156 -6.1542177e-10)
(0.16527817 -0.0021532025 -6.5983025e-10)
(0.17102766 -0.0029966479 -6.8332794e-10)
(0.17672236 -0.0028493478 -6.8615939e-10)
(0.18151703 -0.001902708 -6.7170515e-10)
(0.18485957 -0.00047072045 -6.4539407e-10)
(0.18652889 0.0010816749 -6.1332207e-10)
(0.1867294 0.002427616 -5.8076949e-10)
(0.185978 0.0032417758 -5.5052725e-10)
(0.18488406 0.0034226364 -5.2937207e-10)
(0.18402577 0.002975719 -5.1464844e-10)
(0.18405444 0.0018107174 -5.0768383e-10)
(0.18559608 -3.3183201e-06 -5.0936337e-10)
(0.18903102 -0.0022307514 -5.1962739e-10)
(0.19453333 -0.0046419658 -5.3782608e-10)
(0.20206836 -0.0070304961 -5.6317643e-10)
(0.21144805 -0.0092123473 -5.9452106e-10)
(0.22235522 -0.011038031 -6.3024967e-10)
(0.23437626 -0.012400363 -6.6832976e-10)
(0.24704306 -0.013240302 -7.0643472e-10)
(0.25987342 -0.013548138 -7.421593e-10)
(0.27240684 -0.013357462 -7.7328605e-10)
(0.28423353 -0.012734264 -7.980506e-10)
(0.29501225 -0.011763839 -8.1535769e-10)
(0.30447766 -0.010538374 -8.24909e-10)
(0.31244196 -0.0091468428 -8.2725152e-10)
(0.31878922 -0.0076681268 -8.2370325e-10)
(0.32346493 -0.0061645792 -8.161648e-10)
(0.32646341 -0.0046812311 -8.0683462e-10)
(0.32781458 -0.003248735 -7.9784613e-10)
(0.327591 -0.0019046136 -7.9093353e-10)
(0.32587196 -0.00058702752 -7.8703712e-10)
(0.32276434 0.00068316554 -7.8656607e-10)
(0.31829144 0.0019658959 -7.891558e-10)
(0.31249492 0.0032516129 -7.9398116e-10)
(0.30545321 0.0045488834 -8.0005638e-10)
(0.29721131 0.0058734068 -8.0646581e-10)
(0.28781886 0.0072307755 -8.1252415e-10)
(0.27733828 0.0086132078 -8.1784487e-10)
(0.26585397 0.0099989831 -8.2232545e-10)
(0.25348399 0.011350177 -8.260794e-10)
(0.24039112 0.012611598 -8.2934488e-10)
(0.22679253 0.013711061 -8.3239723e-10)
(0.21296661 0.014562563 -8.3547839e-10)
(0.19925482 0.015071536 -8.3875012e-10)
(0.18605809 0.015143999 -8.4227036e-10)
(0.17382411 0.014697444 -8.4598593e-10)
(0.16302566 0.013672931 -8.497389e-10)
(0.15413974 0.012049532 -8.5330522e-10)
(0.14760483 0.0098489421 -8.563742e-10)
(0.14379608 0.0071490835 -8.5861749e-10)
(0.14298084 0.0040662383 -8.5969519e-10)
(0.14527653 0.00074976758 -8.5928489e-10)
(0.150653 -0.0026802193 -8.5690399e-10)
(0.15898858 -0.0060254244 -8.5230949e-10)
(0.16995192 -0.0090877209 -8.4523356e-10)
(0.18308979 -0.011718047 -8.3545383e-10)
(0.19787053 -0.01380762 -8.2282638e-10)
(0.21370891 -0.015290565 -8.0732242e-10)
(0.23000423 -0.016145876 -7.8905845e-10)
(0.2461788 -0.016394024 -7.6833743e-10)
(0.26170593 -0.016088499 -7.456645e-10)
(0.27613382 -0.015306666 -7.2175151e-10)
(0.28909609 -0.014137827 -6.9747421e-10)
(0.30031668 -0.012675006 -6.738026e-10)
(0.30960557 -0.011004331 -6.5169561e-10)
(0.31684829 -0.0092019676 -6.3198917e-10)
(0.32199221 -0.0073311762 -6.1529815e-10)
(0.32503645 -0.0054414427 -6.0196836e-10)
(0.32601299 -0.0035797921 -5.9204304e-10)
(0.32501062 -0.0017488527 -5.8535458e-10)
(0.32210463 6.5659891e-05 -5.8145617e-10)
(0.31737367 0.00187864 -5.7993375e-10)
(0.31087595 0.0036874306 -5.8023697e-10)
(0.30273692 0.005464641 -5.8186726e-10)
(0.2930889 0.0071949853 -5.8437311e-10)
(0.28208384 0.0088579414 -5.8736833e-10)
(0.26991219 0.01041488 -5.9053231e-10)
(0.2568065 0.011813667 -5.9360138e-10)
(0.24304614 0.012991676 -5.9635774e-10)
(0.22895713 0.013880854 -5.9861879e-10)
(0.21490613 0.014414818 -6.0023058e-10)
(0.20128834 0.014537034 -6.010648e-10)
(0.18850981 0.014208855 -6.0102109e-10)
(0.17696784 0.013416025 -6.0003587e-10)
(0.16702652 0.012172412 -5.9807997e-10)
(0.15899714 0.010520411 -5.951698e-10)
(0.15312075 0.0085290746 -5.913674e-10)
(0.14955391 0.006288434 -5.8677469e-10)
(0.1483653 0.0039019399 -5.8153316e-10)
(0.14952378 0.001474791 -5.7579516e-10)
(0.15289173 -0.00091652649 -5.6971949e-10)
(0.15832433 -0.0032266711 -5.6349059e-10)
(0.16560063 -0.0053357336 -5.5726918e-10)
(0.17440143 -0.0071809626 -5.5118983e-10)
(0.18440914 -0.008722101 -5.4536448e-10)
(0.19528726 -0.0099330015 -5.3987447e-10)
(0.20669431 -0.010801715 -5.3476588e-10)
(0.21829613 -0.011329099 -5.3004638e-10)
(0.2297741 -0.011527095 -5.2567995e-10)
(0.24083539 -0.011416317 -5.2159604e-10)
(0.25121537 -0.011024084 -5.176913e-10)
(0.26068608 -0.010382248 -5.1385616e-10)
(0.26905341 -0.0095254463 -5.099849e-10)
(0.27616517 -0.0084895508 -5.0601155e-10)
(0.28190207 -0.0073099227 -5.0190733e-10)
(0.2861869 -0.0060223551 -4.9770888e-10)
(0.28897266 -0.0046608649 -4.9349006e-10)
(0.2902451 -0.0032609476 -4.8936513e-10)
(0.29003373 -0.001862227 -4.8547264e-10)
(0.28839244 -0.00046246447 -4.819329e-10)
(0.28539569 0.00092405808 -4.7888442e-10)
(0.28110701 0.0022918485 -4.7640726e-10)
(0.27563567 0.0035975217 -4.7457024e-10)
(0.26912329 0.004816348 -4.7340848e-10)
(0.26171396 0.0059315646 -4.729257e-10)
(0.25357034 0.006922756 -4.7310141e-10)
(0.24486965 0.007768504 -4.7389472e-10)
(0.23580155 0.0084474463 -4.7524671e-10)
(0.22656596 0.0089392584 -4.7708536e-10)
(0.21737021 0.0092260127 -4.7933009e-10)
(0.20842387 0.0092936165 -4.8189162e-10)
(0.19993428 0.0091332075 -4.8467761e-10)
(0.19210112 0.0087426714 -4.8759458e-10)
(0.18510899 0.0081275931 -4.90547e-10)
(0.17912296 0.00730169 -4.9344379e-10)
(0.17428168 0.0062870729 -4.9619566e-10)
(0.17069346 0.0051138905 -4.9871926e-10)
(0.16843442 0.0038192519 -5.0093943e-10)
(0.16754246 0.0024477125 -5.0278607e-10)
(0.16800811 0.0010496786 -5.0419915e-10)
(0.16977096 -0.00035040799 -5.0512671e-10)
(0.17277898 -0.001738022 -5.0554165e-10)
(0.17694301 -0.0030477059 -5.0543476e-10)
(0.18211065 -0.0042403214 -5.0481193e-10)
(0.18812633 -0.0052883072 -5.0370485e-10)
(0.19481663 -0.0061685725 -5.0217058e-10)
(0.20199609 -0.0068635839 -5.0029155e-10)
(0.20947149 -0.0073606818 -4.9817151e-10)
(0.21704881 -0.0076532381 -4.9593247e-10)
(0.22453402 -0.0077377516 -4.9370461e-10)
(0.23174241 -0.0076162148 -4.9162649e-10)
(0.23849342 -0.0072904259 -4.8982351e-10)
(0.24462374 -0.0067665851 -4.8842932e-10)
(0.24997603 -0.0060471854 -4.8752375e-10)
(0.2544042 -0.005134032 -4.8726069e-10)
(0.2578012 -0.0040243182 -4.875985e-10)
(0.26000842 -0.0027002831 -4.8887905e-10)
(0.26102445 -0.00096263244 -4.9114514e-10)
(0.25946077 0.00095741272 -4.9448263e-10)
(0.34322067 -0.0032171493 -4.3543921e-14)
(0.34663142 -0.0096205199 1.105075e-13)
(0.35322794 -0.015858791 -3.7491946e-14)
(0.36292958 -0.021882773 1.2235326e-13)
(0.37588013 -0.027746024 1.0047931e-13)
(0.3920965 -0.033477053 -6.8492886e-14)
(0.41152045 -0.039085492 3.6412881e-13)
(0.43407133 -0.044542483 -2.8396273e-13)
(0.45965542 -0.049790647 3.2240327e-13)
(0.4881423 -0.054722459 -1.767803e-13)
(0.51934529 -0.059191449 -4.9871074e-14)
(0.55300963 -0.063013275 -1.3660759e-13)
(0.58879233 -0.065973474 -3.3219464e-13)
(0.62625591 -0.06784616 -4.193812e-13)
(0.66486041 -0.068405703 -5.6146957e-13)
(0.70396414 -0.067454207 -6.8453957e-13)
(0.74283384 -0.064841366 -8.8235454e-13)
(0.78066694 -0.06048827 -1.1566844e-12)
(0.81661964 -0.054413748 -1.4200001e-12)
(0.84986231 -0.046740835 -1.5773618e-12)
(0.87960133 -0.037705528 -1.653295e-12)
(0.90519063 -0.027600183 -1.7520826e-12)
(0.92606876 -0.016749841 -1.9447684e-12)
(0.94192982 -0.0056607628 -2.1853015e-12)
(0.95239731 0.0054530568 -2.3396096e-12)
(0.95731099 0.016416224 -2.3188229e-12)
(0.95682623 0.026813533 -2.1638053e-12)
(0.95101824 0.036404947 -1.9947482e-12)
(0.9400001 0.045030365 -1.8844778e-12)
(0.92400399 0.052519415 -1.7981877e-12)
(0.90339653 0.058691014 -1.6451243e-12)
(0.87868648 0.063368337 -1.3835621e-12)
(0.85053455 0.066400614 -1.0555238e-12)
(0.81975229 0.067686973 -7.4872398e-13)
(0.78727617 0.067197485 -5.3365218e-13)
(0.75412545 0.064981765 -4.3120989e-13)
(0.72134198 0.061172458 -4.4467846e-13)
(0.68992163 0.055977436 -5.8359727e-13)
(0.66075094 0.049658506 -8.8375027e-13)
(0.63455096 0.042518609 -1.398215e-12)
(0.61183664 0.034879425 -2.166348e-12)
(0.59288914 0.027063788 -3.2115416e-12)
(0.57776221 0.019360884 -4.5318236e-12)
(0.56626662 0.012057325 -6.0639307e-12)
(0.55799038 0.0054263519 -7.6246728e-12)
(0.55241232 -0.00039714939 -9.0246979e-12)
(0.54879859 -0.005230705 -9.9943237e-12)
(0.54628849 -0.0089915669 -1.0309818e-11)
(0.5440795 -0.011772144 -9.8955958e-12)
(0.5414625 -0.013612228 -8.7987147e-12)
(0.53783916 -0.014457308 -7.2163461e-12)
(0.53276811 -0.014185871 -5.5070549e-12)
(0.52595525 -0.01263014 -4.0891198e-12)
(0.51723015 -0.0096044377 -3.3323791e-12)
(0.50665608 -0.0049188674 -3.5498699e-12)
(0.49418019 0.0012322128 -5.0803292e-12)
(0.47939924 0.0085614423 -8.3604252e-12)
(0.46211644 0.01641617 -1.4033172e-11)
(0.44240907 0.024001446 -2.2933744e-11)
(0.42061635 0.030606712 -3.6175412e-11)
(0.39747289 0.035542005 -5.5126338e-11)
(0.37398792 0.038329688 -8.1528975e-11)
(0.35130274 0.038750592 -1.1780655e-10)
(0.3305298 0.036841523 -1.6718697e-10)
(0.31262637 0.032857471 -2.3369769e-10)
(0.29832682 0.027204416 -3.2236479e-10)
(0.2881151 0.020379356 -4.3772717e-10)
(0.2822395 0.012946044 -5.8145435e-10)
(0.28071491 0.0055309743 -7.5082123e-10)
(0.2832028 -0.0011874167 -9.3624772e-10)
(0.28905762 -0.0065146017 -1.120831e-09)
(0.29734335 -0.0098912005 -1.2847776e-09)
(0.30681898 -0.011090247 -1.4114978e-09)
(0.3161767 -0.01024109 -1.4911114e-09)
(0.32428257 -0.0077978889 -1.521621e-09)
(0.3303499 -0.0044431934 -1.5087163e-09)
(0.33410687 -0.0010163175 -1.463305e-09)
(0.33577014 0.0017865922 -1.3978731e-09)
(0.33601592 0.003398758 -1.3125389e-09)
(0.33564582 0.0036172753 -1.2449599e-09)
(0.33537986 0.002660635 -1.1776866e-09)
(0.33604149 7.1191169e-05 -1.106017e-09)
(0.33845684 -0.0036742074 -1.0452061e-09)
(0.3430141 -0.0080129317 -9.9607013e-10)
(0.3498519 -0.012577269 -9.5878968e-10)
(0.35888582 -0.016983742 -9.3508048e-10)
(0.36984515 -0.020885084 -9.266324e-10)
(0.38230895 -0.02401157 -9.3454604e-10)
(0.39576112 -0.026183323 -9.5886967e-10)
(0.40964569 -0.027307404 -9.9825142e-10)
(0.42341648 -0.027380839 -1.0497645e-09)
(0.43657581 -0.026480192 -1.1090728e-09)
(0.44870272 -0.024738335 -1.1709466e-09)
(0.45945987 -0.022319669 -1.2299694e-09)
(0.46859107 -0.019399737 -1.281262e-09)
(0.47591107 -0.016147811 -1.3211285e-09)
(0.48129767 -0.012716453 -1.3475564e-09)
(0.48468095 -0.0092341874 -1.3605063e-09)
(0.48603725 -0.0058016303 -1.3619349e-09)
(0.48537883 -0.0024829822 -1.355425e-09)
(0.482814 0.00073029702 -1.3453868e-09)
(0.47844026 0.0037987931 -1.3361103e-09)
(0.47235676 0.0067029377 -1.3308943e-09)
(0.46471908 0.0094530525 -1.3314179e-09)
(0.45566395 0.012097551 -1.3376773e-09)
(0.44533353 0.014657755 -1.3483665e-09)
(0.43385983 0.017144828 -1.3614911e-09)
(0.42137174 0.019554294 -1.3750027e-09)
(0.40800234 0.021860599 -1.3872724e-09)
(0.39389754 0.024014289 -1.3973117e-09)
(0.37922777 0.025940121 -1.4047829e-09)
(0.36419755 0.027537265 -1.409842e-09)
(0.34905728 0.028682436 -1.4129466e-09)
(0.33410845 0.02923592 -1.4146431e-09)
(0.31970919 0.029052539 -1.4154367e-09)
(0.30627049 0.027995992 -1.415692e-09)
(0.29424619 0.025958487 -1.4156083e-09)
(0.28411513 0.022877129 -1.4152289e-09)
(0.2763539 0.018755905 -1.414493e-09)
(0.27140131 0.01366898 -1.4132488e-09)
(0.26962294 0.0077708295 -1.4113173e-09)
(0.27127873 0.0012825707 -1.4084932e-09)
(0.27646541 -0.0054624368 -1.404559e-09)
(0.2851018 -0.012104123 -1.3993003e-09)
(0.29695158 -0.018316906 -1.3924837e-09)
(0.31159005 -0.023798048 -1.3837763e-09)
(0.3284448 -0.02828537 -1.3727444e-09)
(0.34683613 -0.031592988 -1.358837e-09)
(0.36602911 -0.033623134 -1.341431e-09)
(0.3852797 -0.034365526 -1.3198871e-09)
(0.40388987 -0.033888867 -1.2936901e-09)
(0.42123836 -0.032323157 -1.2625774e-09)
(0.43681659 -0.029841193 -1.2267309e-09)
(0.45022944 -0.026635392 -1.1868699e-09)
(0.46120837 -0.022902162 -1.1443368e-09)
(0.46958963 -0.018820651 -1.1009708e-09)
(0.47530624 -0.014551256 -1.0589272e-09)
(0.47836871 -0.010213932 -1.0203529e-09)
(0.47883823 -0.0059160215 -9.8706656e-10)
(0.4768621 -0.00169687 -9.6031618e-10)
(0.47259486 0.0024229561 -9.4065077e-10)
(0.46617223 0.0063860183 -9.279902e-10)
(0.45776837 0.01015851 -9.2173889e-10)
(0.44756387 0.013735357 -9.2094995e-10)
(0.4357576 0.017099075 -9.2452903e-10)
(0.42256354 0.020210816 -9.3137196e-10)
(0.40821752 0.02301507 -9.4045104e-10)
(0.39298537 0.025436161 -9.5084999e-10)
(0.37716754 0.027381466 -9.6176556e-10)
(0.36110173 0.028748444 -9.7249151e-10)
(0.34516148 0.029434896 -9.8239835e-10)
(0.32974946 0.029351348 -9.9092119e-10)
(0.31528502 0.028434215 -9.9755898e-10)
(0.30218621 0.026657423 -1.0018883e-09)
(0.29085077 0.024040836 -1.0035956e-09)
(0.28162965 0.020652978 -1.0024927e-09)
(0.27480891 0.01660909 -9.9855411e-10)
(0.27059101 0.012064143 -9.91924e-10)
(0.26908225 0.007197615 -9.8290973e-10)
(0.27029514 0.0021888833 -9.7195968e-10)
(0.27413044 -0.0027587698 -9.5959927e-10)
(0.28039127 -0.0074646032 -9.4638954e-10)
(0.28882537 -0.011751987 -9.3287437e-10)
(0.29911206 -0.015520903 -9.1952462e-10)
(0.31086998 -0.018673428 -9.0671328e-10)
(0.3236945 -0.021144821 -8.9471845e-10)
(0.33716912 -0.022901223 -8.8373487e-10)
(0.35088101 -0.023937069 -8.7389393e-10)
(0.36443633 -0.024270492 -8.6528238e-10)
(0.37746861 -0.023940358 -8.5793455e-10)
(0.38965293 -0.023001144 -8.5183001e-10)
(0.40070502 -0.021519728 -8.4685612e-10)
(0.41039303 -0.01957056 -8.4281419e-10)
(0.41852868 -0.01723376 -8.3940807e-10)
(0.42498049 -0.014589808 -8.3631285e-10)
(0.42965489 -0.011719923 -8.3319763e-10)
(0.43251459 -0.0087008604 -8.2983234e-10)
(0.43355626 -0.005605693 -8.2608338e-10)
(0.43281555 -0.0025058395 -8.2196053e-10)
(0.43039436 0.0005783244 -8.1758325e-10)
(0.42640292 0.0035653032 -8.1315295e-10)
(0.42095108 0.0063992232 -8.0891699e-10)
(0.41419045 0.0090342387 -8.0510349e-10)
(0.40629287 0.011442619 -8.0190545e-10)
(0.39744683 0.013586938 -7.9946154e-10)
(0.38785062 0.015433002 -7.9785073e-10)
(0.37771252 0.01694788 -7.9709449e-10)
(0.3672487 0.018100538 -7.9716765e-10)
(0.35668004 0.018862954 -7.9800399e-10)
(0.34622981 0.019211575 -7.995092e-10)
(0.33612145 0.019129722 -8.0157413e-10)
(0.32657238 0.018609564 -8.0407647e-10)
(0.3177909 0.017653569 -8.0689642e-10)
(0.30997141 0.016277388 -8.0992264e-10)
(0.30328584 0.014509597 -8.1304977e-10)
(0.29788209 0.012392896 -8.1619345e-10)
(0.2938753 0.0099820874 -8.1927981e-10)
(0.29134492 0.007343345 -8.2225075e-10)
(0.29033486 0.0045509146 -8.2506069e-10)
(0.29085193 0.0016802251 -8.276599e-10)
(0.29284249 -0.0011969923 -8.3000426e-10)
(0.29621768 -0.0039858707 -8.3203588e-10)
(0.30087918 -0.0065978624 -8.3368735e-10)
(0.30668249 -0.0089817844 -8.3488142e-10)
(0.31344953 -0.011078488 -8.3553445e-10)
(0.32098596 -0.012839683 -8.3556813e-10)
(0.32908262 -0.014228194 -8.3492438e-10)
(0.33752409 -0.015219527 -8.3358364e-10)
(0.34608992 -0.015798471 -8.3157641e-10)
(0.35456736 -0.01596264 -8.2899964e-10)
(0.36274482 -0.015714961 -8.2600382e-10)
(0.37043284 -0.015071162 -8.2281886e-10)
(0.37744533 -0.014045375 -8.1967196e-10)
(0.38362653 -0.012664144 -8.1690686e-10)
(0.3888396 -0.010943315 -8.1466105e-10)
(0.39292674 -0.0089138958 -8.1348025e-10)
(0.39592488 -0.0065711997 -8.1303525e-10)
(0.39741234 -0.0039792003 -8.1453245e-10)
(0.39828864 -0.00086366991 -8.1690364e-10)
(0.39555665 0.0027312321 -8.2326589e-10)
(0.46818498 -0.0047713664 -1.6895509e-13)
(0.47153142 -0.014391131 3.2476938e-13)
(0.47803738 -0.023932426 -8.0783562e-14)
(0.48764768 -0.033320173 1.8143044e-13)
(0.50052782 -0.042572207 5.9717799e-13)
(0.5167555 -0.051679907 -6.619058e-13)
(0.53633871 -0.06063441 1.7652842e-12)
(0.55923622 -0.069363331 -1.4323411e-12)
(0.58539039 -0.07778165 1.9249984e-12)
(0.61470437 -0.085725243 -8.3934701e-13)
(0.6470191 -0.092988492 6.2754909e-13)
(0.6821112 -0.09930369 2.5033433e-13)
(0.71965521 -0.1043579 -2.7254413e-13)
(0.75922981 -0.10782116 -2.3728738e-13)
(0.80029339 -0.10935383 -7.3535719e-13)
(0.8421907 -0.10865782 -6.4093475e-13)
(0.88415991 -0.10550054 -7.1274011e-13)
(0.92535072 -0.099750401 -1.3012623e-12)
(0.96486067 -0.091416535 -2.182032e-12)
(1.0017969 -0.080666954 -2.7858269e-12)
(1.0353377 -0.067827653 -2.9224788e-12)
(1.0647939 -0.053347678 -2.7984414e-12)
(1.0896654 -0.037749471 -2.8299104e-12)
(1.1096052 -0.021554688 -3.3148463e-12)
(1.124472 -0.0052950877 -4.0932667e-12)
(1.1341782 0.01085161 -4.6728919e-12)
(1.1386749 0.026477429 -4.6879587e-12)
(1.1381105 0.041297583 -4.2204052e-12)
(1.1325696 0.055048607 -3.6718457e-12)
(1.122161 0.06744487 -3.3771995e-12)
(1.1070957 0.078180799 -3.3126003e-12)
(1.0877143 0.086935279 -3.2269747e-12)
(1.0645118 0.093401142 -2.9025183e-12)
(1.0381512 0.097324471 -2.3531407e-12)
(1.00945 0.09854733 -1.8117114e-12)
(0.97935628 0.097026844 -1.4905418e-12)
(0.94890143 0.092859576 -1.5238698e-12)
(0.91913056 0.08629163 -1.9392061e-12)
(0.89103426 0.077692312 -2.7551743e-12)
(0.86548514 0.067536375 -4.0827114e-12)
(0.84318175 0.056364093 -6.0441872e-12)
(0.82457724 0.044744585 -8.7982044e-12)
(0.8099103 0.033234644 -1.2574834e-11)
(0.79910432 0.022408677 -1.7589132e-11)
(0.79186076 0.012766256 -2.3402755e-11)
(0.78761092 0.0046768797 -2.9672895e-11)
(0.78556588 -0.0014918171 -3.5406205e-11)
(0.78458225 -0.0055604095 -3.9330185e-11)
(0.78342416 -0.007550758 -4.0740105e-11)
(0.78094617 -0.0075964829 -3.9168728e-11)
(0.77597639 -0.0059229979 -3.4445135e-11)
(0.76742824 -0.002793357 -2.7330785e-11)
(0.75465437 0.0014737276 -1.9592131e-11)
(0.73763122 0.0068016742 -1.2811642e-11)
(0.71672366 0.01336999 -7.9828013e-12)
(0.69268835 0.021151202 -5.5511303e-12)
(0.66648081 0.029998344 -5.5921102e-12)
(0.63874363 0.03944209 -8.3269519e-12)
(0.60993124 0.048543824 -1.4163771e-11)
(0.58046403 0.056207769 -2.3932471e-11)
(0.55091951 0.061422785 -3.8810979e-11)
(0.52209243 0.06348849 -5.9982749e-11)
(0.49492761 0.062117006 -8.908694e-11)
(0.47038109 0.057428295 -1.2898504e-10)
(0.44928424 0.049864957 -1.8374511e-10)
(0.43226105 0.040068114 -2.6207105e-10)
(0.41972128 0.028765498 -3.7823343e-10)
(0.41189533 0.016715381 -5.4719647e-10)
(0.40887941 0.0047545865 -7.8337461e-10)
(0.41058151 -0.0061449465 -1.0914048e-09)
(0.41656433 -0.014838107 -1.4516063e-09)
(0.42588305 -0.020381925 -1.8236085e-09)
(0.43714405 -0.022294871 -2.1661414e-09)
(0.44876391 -0.020755731 -2.4483558e-09)
(0.45921249 -0.016459643 -2.6491584e-09)
(0.46726073 -0.010473379 -2.7603651e-09)
(0.47228367 -0.004325336 -2.7896888e-09)
(0.47450155 0.00063726017 -2.7548658e-09)
(0.47480031 0.0035017889 -2.6463637e-09)
(0.47400234 0.0040857174 -2.5496216e-09)
(0.47322776 0.0028874298 -2.4492566e-09)
(0.4734212 -0.0011024176 -2.3014209e-09)
(0.47580258 -0.0069826994 -2.1458233e-09)
(0.48081589 -0.013676732 -1.9937151e-09)
(0.48858809 -0.020630897 -1.8426215e-09)
(0.49896788 -0.027232426 -1.696828e-09)
(0.5115524 -0.032935812 -1.5626232e-09)
(0.52572075 -0.037318607 -1.4471347e-09)
(0.54071581 -0.040135458 -1.3572725e-09)
(0.55576121 -0.041304232 -1.2992571e-09)
(0.57014825 -0.040874379 -1.2773571e-09)
(0.58330042 -0.039007144 -1.2924074e-09)
(0.59481755 -0.035932939 -1.3411465e-09)
(0.60446415 -0.031908907 -1.4165412e-09)
(0.61214049 -0.027186073 -1.5088651e-09)
(0.61782946 -0.021993047 -1.6071228e-09)
(0.62155461 -0.016528224 -1.7005546e-09)
(0.62333324 -0.010954102 -1.7800931e-09)
(0.62317322 -0.0054154984 -1.8397591e-09)
(0.62111481 -8.9474525e-06 -1.8777149e-09)
(0.61713397 0.0052047737 -1.896494e-09)
(0.61123275 0.010111851 -1.9022001e-09)
(0.6035379 0.014702237 -1.9026405e-09)
(0.5941914 0.018975605 -1.9050116e-09)
(0.58336229 0.022959327 -1.9140237e-09)
(0.57123953 0.026684252 -1.9310614e-09)
(0.55801022 0.03017388 -1.9544948e-09)
(0.54384925 0.033432799 -1.9808052e-09)
(0.52891891 0.036437466 -2.0059775e-09)
(0.51337326 0.039129269 -2.0266076e-09)
(0.49737413 0.04141241 -2.0405457e-09)
(0.48110113 0.043151648 -2.0469514e-09)
(0.46477555 0.044180087 -2.0460895e-09)
(0.44866649 0.044302948 -2.0388581e-09)
(0.43311273 0.043318132 -2.0264744e-09)
(0.41852309 0.041032412 -2.010143e-09)
(0.40537392 0.037289903 -1.9909245e-09)
(0.39420164 0.032009305 -1.9697279e-09)
(0.38555921 0.025188725 -1.9472794e-09)
(0.37999156 0.016969454 -1.9242598e-09)
(0.37797182 0.0076064825 -1.9012614e-09)
(0.37990497 -0.0025622031 -1.8788695e-09)
(0.38599903 -0.013024936 -1.8576546e-09)
(0.39620254 -0.023244011 -1.838181e-09)
(0.41026422 -0.032680971 -1.8208961e-09)
(0.42769625 -0.040836259 -1.8060076e-09)
(0.44779814 -0.047298366 -1.7933757e-09)
(0.46969912 -0.051783414 -1.7823794e-09)
(0.49243598 -0.054156978 -1.771881e-09)
(0.51501948 -0.054433531 -1.7602182e-09)
(0.53652736 -0.052759668 -1.7453588e-09)
(0.55615477 -0.049382285 -1.7250734e-09)
(0.57328183 -0.044611386 -1.6973215e-09)
(0.58746595 -0.038783294 -1.6605943e-09)
(0.59847011 -0.032227515 -1.614479e-09)
(0.60619581 -0.025241711 -1.5599107e-09)
(0.61069469 -0.018080057 -1.4994094e-09)
(0.61208161 -0.010941215 -1.4367053e-09)
(0.6105712 -0.003984308 -1.3762115e-09)
(0.60641922 0.0027558459 -1.3221531e-09)
(0.59982553 0.0091663572 -1.2779032e-09)
(0.59102702 0.015201951 -1.2455561e-09)
(0.58028758 0.020839626 -1.2257699e-09)
(0.56784357 0.026060034 -1.2179726e-09)
(0.5539288 0.030833691 -1.220738e-09)
(0.53877934 0.035110935 -1.2321778e-09)
(0.52264002 0.038817593 -1.2502555e-09)
(0.50577387 0.041852925 -1.2729762e-09)
(0.48847174 0.044093458 -1.2984689e-09)
(0.47106025 0.045402923 -1.3249947e-09)
(0.45390522 0.045647062 -1.3509186e-09)
(0.4374096 0.044711584 -1.3746864e-09)
(0.42200419 0.042521373 -1.3948235e-09)
(0.40813062 0.039057723 -1.4099754e-09)
(0.39621982 0.034370221 -1.4189982e-09)
(0.38666348 0.028580627 -1.4210586e-09)
(0.37979168 0.021878524 -1.4157622e-09)
(0.37584462 0.014511152 -1.4032313e-09)
(0.37494212 0.0067664645 -1.3841523e-09)
(0.3771165 -0.0010437135 -1.3597387e-09)
(0.38227649 -0.0086419499 -1.3315854e-09)
(0.39019588 -0.015752475 -1.3015243e-09)
(0.40057086 -0.022133622 -1.2713798e-09)
(0.41301742 -0.027602402 -1.242759e-09)
(0.42708224 -0.032021931 -1.2168806e-09)
(0.44227042 -0.035307067 -1.1944888e-09)
(0.45806611 -0.037421915 -1.1758605e-09)
(0.47395516 -0.038376378 -1.1609019e-09)
(0.48944834 -0.0382191 -1.1493151e-09)
(0.50409814 -0.037031004 -1.1407566e-09)
(0.51751966 -0.034916679 -1.1349684e-09)
(0.52939551 -0.031997921 -1.1317868e-09)
(0.53948564 -0.028405571 -1.1310865e-09)
(0.54761955 -0.024276993 -1.1326411e-09)
(0.55369964 -0.019744755 -1.1360471e-09)
(0.55768013 -0.014945185 -1.1406726e-09)
(0.55957891 -0.0099948811 -1.145783e-09)
(0.55944486 -0.0050231329 -1.1506305e-09)
(0.5574159 -0.00011454422 -1.1546387e-09)
(0.55360516 0.0046562834 -1.1574682e-09)
(0.54813714 0.0091755659 -1.1590689e-09)
(0.5412153 0.01337576 -1.1596151e-09)
(0.53303085 0.017198653 -1.1594074e-09)
(0.52378521 0.02059544 -1.1587894e-09)
(0.51368951 0.023520633 -1.1580741e-09)
(0.50296014 0.025933113 -1.1574989e-09)
(0.49181651 0.027795085 -1.1572008e-09)
(0.48048125 0.029072371 -1.1572218e-09)
(0.46917767 0.029735771 -1.1575133e-09)
(0.4581292 0.029762885 -1.15796e-09)
(0.44755871 0.029140914 -1.1584064e-09)
(0.43768229 0.027870099 -1.1586694e-09)
(0.42870845 0.02596554 -1.158577e-09)
(0.42083244 0.02346073 -1.1579845e-09)
(0.41422817 0.02040758 -1.1567922e-09)
(0.40904507 0.016878171 -1.15497e-09)
(0.40539933 0.012961346 -1.1525632e-09)
(0.40337046 0.0087624715 -1.149696e-09)
(0.40299451 0.0043962248 -1.1465705e-09)
(0.40425454 -1.9586641e-05 -1.1434354e-09)
(0.40710928 -0.0043686347 -1.1405762e-09)
(0.41146279 -0.0085174752 -1.1382642e-09)
(0.41716399 -0.012354559 -1.1367224e-09)
(0.42404162 -0.015786976 -1.1360873e-09)
(0.43189011 -0.018732595 -1.1363803e-09)
(0.44048293 -0.021127333 -1.1374925e-09)
(0.44957633 -0.022923524 -1.1391937e-09)
(0.45892658 -0.024094541 -1.1411675e-09)
(0.46828404 -0.024626516 -1.1430547e-09)
(0.47742046 -0.024527585 -1.1445432e-09)
(0.48610609 -0.023810497 -1.1453735e-09)
(0.49415208 -0.022512004 -1.1455271e-09)
(0.50137431 -0.020658943 -1.144964e-09)
(0.50761617 -0.018314416 -1.1442098e-09)
(0.51280357 -0.015494591 -1.143142e-09)
(0.51668123 -0.012302065 -1.1431709e-09)
(0.51959036 -0.0086727528 -1.1432087e-09)
(0.52056466 -0.004834281 -1.1461598e-09)
(0.52165913 -0.00049694573 -1.1490759e-09)
(0.51818748 0.0049780728 -1.1598172e-09)
(0.58600734 -0.006298985 -4.9868899e-13)
(0.58922497 -0.019007967 7.3022906e-13)
(0.59550532 -0.031715627 6.9039621e-14)
(0.60476871 -0.044341218 -3.0865551e-13)
(0.61719566 -0.056906743 2.7384218e-12)
(0.63290849 -0.069364242 -3.7328407e-12)
(0.65200067 -0.081710638 7.2247074e-12)
(0.67449207 -0.093810751 -7.1863102e-12)
(0.70039601 -0.10557056 9.0181515e-12)
(0.72968677 -0.11674348 -5.5375556e-12)
(0.76226045 -0.12707636 4.0980687e-12)
(0.79796604 -0.13619852 4.4930177e-13)
(0.83650463 -0.14368837 1.9207528e-13)
(0.87749145 -0.14909577 1.4586602e-12)
(0.9203692 -0.1519353 -1.77112e-12)
(0.96444778 -0.15178766 -4.3832287e-13)
(1.0088877 -0.14831025 9.755273e-13)
(1.052728 -0.14130318 3.5078481e-13)
(1.0949236 -0.13076252 -2.0587167e-12)
(1.1344336 -0.1169148 -3.9650997e-12)
(1.1703069 -0.1002177 -4.558015e-12)
(1.2017907 -0.081327675 -4.0387021e-12)
(1.2283944 -0.060965858 -3.1341858e-12)
(1.2498717 -0.039857566 -3.0077358e-12)
(1.2662505 -0.018530829 -4.1898656e-12)
(1.2774812 0.0025043733 -6.0005097e-12)
(1.2836927 0.023048679 -7.1265053e-12)
(1.285043 0.042785016 -6.7537263e-12)
(1.2815922 0.06136927 -5.1844064e-12)
(1.2734159 0.07844716 -3.5348612e-12)
(1.2606698 0.093612997 -2.6338633e-12)
(1.2436227 0.10640993 -2.6388671e-12)
(1.2226993 0.11638069 -3.0231371e-12)
(1.1984994 0.12311514 -3.1141291e-12)
(1.171782 0.12631819 -2.873403e-12)
(1.143449 0.12583814 -2.5815833e-12)
(1.1145093 0.12170684 -2.7959121e-12)
(1.0860291 0.11416451 -3.9730962e-12)
(1.0590458 0.10362426 -6.364564e-12)
(1.0345118 0.090677351 -1.0345555e-11)
(1.0132561 0.076059231 -1.6136316e-11)
(0.99586032 0.060567652 -2.4008205e-11)
(0.98276146 0.044986242 -3.4763956e-11)
(0.97398307 0.030195953 -5.0050475e-11)
(0.96957975 0.016962595 -6.9051266e-11)
(0.96884394 0.0058356583 -9.1571602e-11)
(0.97112354 -0.0022132021 -1.1538704e-10)
(0.97538591 -0.0067875594 -1.3584871e-10)
(0.98037334 -0.0081049946 -1.4988265e-10)
(0.98466017 -0.0063035308 -1.5488294e-10)
(0.98660591 -0.0013340242 -1.4803076e-10)
(0.98427381 0.0071830182 -1.2701254e-10)
(0.97632694 0.017590251 -9.7813307e-11)
(0.96166166 0.028891406 -6.7480208e-11)
(0.93985596 0.040341104 -4.1579963e-11)
(0.91147525 0.051620171 -2.3180344e-11)
(0.87796084 0.062552718 -1.2308056e-11)
(0.84112942 0.072957991 -7.7159241e-12)
(0.80268087 0.082323312 -7.9515397e-12)
(0.76392266 0.089743423 -1.2071196e-11)
(0.72581261 0.094145882 -2.0471859e-11)
(0.6891589 0.094657674 -3.3888957e-11)
(0.65476767 0.090872061 -5.245608e-11)
(0.6234519 0.082926425 -7.7656585e-11)
(0.59594706 0.071405845 -1.0809796e-10)
(0.57281766 0.057157756 -1.454463e-10)
(0.55442568 0.041102105 -2.0684513e-10)
(0.54096521 0.024095482 -3.1671059e-10)
(0.53264521 0.0070222449 -5.1700833e-10)
(0.529699 -0.008934912 -8.6309864e-10)
(0.532062 -0.022149562 -1.3650484e-09)
(0.53897773 -0.031050485 -1.9580734e-09)
(0.54894063 -0.034610275 -2.5579153e-09)
(0.56020531 -0.032914646 -3.117419e-09)
(0.5709801 -0.026949436 -3.6022825e-09)
(0.57941977 -0.017943157 -3.9709283e-09)
(0.58420718 -0.0084007504 -4.2072935e-09)
(0.58569462 -0.0005844247 -4.3109472e-09)
(0.58456805 0.0039854654 -4.29558e-09)
(0.58215377 0.0052084824 -4.2410133e-09)
(0.57993679 0.0035804076 -4.1598272e-09)
(0.57925932 -0.0019139904 -4.015539e-09)
(0.58169812 -0.010571517 -3.8223438e-09)
(0.58770229 -0.020281384 -3.6083119e-09)
(0.59751134 -0.030244741 -3.3688402e-09)
(0.61096074 -0.039510843 -3.1085467e-09)
(0.62752146 -0.047261556 -2.8346176e-09)
(0.64638713 -0.052905476 -2.5583027e-09)
(0.66636834 -0.056064247 -2.2905446e-09)
(0.68604353 -0.056638786 -2.0421034e-09)
(0.70420096 -0.05485244 -1.8281751e-09)
(0.7198744 -0.051109479 -1.6639822e-09)
(0.73245455 -0.04588523 -1.5612595e-09)
(0.74171574 -0.039647007 -1.5255316e-09)
(0.74777852 -0.032787831 -1.5548282e-09)
(0.75099681 -0.025595329 -1.6399715e-09)
(0.75184496 -0.01825885 -1.7660331e-09)
(0.7507607 -0.010905384 -1.9144267e-09)
(0.7480843 -0.0035926997 -2.0654913e-09)
(0.74398977 0.0036495789 -2.2016786e-09)
(0.73846409 0.010668264 -2.3109121e-09)
(0.73142663 0.017391636 -2.3891195e-09)
(0.72281086 0.023734122 -2.4405492e-09)
(0.71258415 0.029630638 -2.4753795e-09)
(0.70078997 0.035057964 -2.5054324e-09)
(0.68754772 0.04002643 -2.5397739e-09)
(0.67302544 0.044563542 -2.582e-09)
(0.65740515 0.048691252 -2.6299435e-09)
(0.64086101 0.052406085 -2.6774994e-09)
(0.62354627 0.055660538 -2.7172538e-09)
(0.60560477 0.058354933 -2.7429134e-09)
(0.58718476 0.060330001 -2.7506233e-09)
(0.56847008 0.061373004 -2.7392968e-09)
(0.54970403 0.061224305 -2.7100878e-09)
(0.53121899 0.059597454 -2.665609e-09)
(0.51345397 0.056211341 -2.6091998e-09)
(0.4969674 0.050821658 -2.5443138e-09)
(0.48241253 0.043276857 -2.4742588e-09)
(0.47053075 0.033551998 -2.402014e-09)
(0.4620939 0.021798405 -2.3301618e-09)
(0.45776276 0.0083745392 -2.2608598e-09)
(0.4581722 -0.0061503869 -2.1959106e-09)
(0.46374655 -0.021151372 -2.1368725e-09)
(0.47456087 -0.035844184 -2.0852411e-09)
(0.49043954 -0.049397267 -2.0424646e-09)
(0.51088425 -0.061029522 -2.0098583e-09)
(0.53508959 -0.070089391 -1.9883522e-09)
(0.56197717 -0.07611882 -1.9781111e-09)
(0.59028398 -0.078897803 -1.9782211e-09)
(0.61864292 -0.078454647 -1.9865123e-09)
(0.64571966 -0.075046559 -1.9996563e-09)
(0.67031062 -0.069109041 -2.0133639e-09)
(0.69147744 -0.061184857 -2.0227767e-09)
(0.70858017 -0.051853426 -2.0227948e-09)
(0.72133532 -0.041658835 -2.00879e-09)
(0.72972314 -0.031075543 -1.977341e-09)
(0.73396899 -0.020470543 -1.9274303e-09)
(0.73439403 -0.010130888 -1.8610442e-09)
(0.73147235 -0.00022816928 -1.7833984e-09)
(0.72560102 0.0091300901 -1.7019274e-09)
(0.71712289 0.01785142 -1.6249568e-09)
(0.70641686 0.025926109 -1.5599619e-09)
(0.69379919 0.033346135 -1.5123059e-09)
(0.67953847 0.040105243 -1.4847215e-09)
(0.66387113 0.046184583 -1.4774792e-09)
(0.64701155 0.051538131 -1.4889882e-09)
(0.62916693 0.056084034 -1.5165232e-09)
(0.61055481 0.059701408 -1.5568193e-09)
(0.59142232 0.062234453 -1.6064447e-09)
(0.57206347 0.063504649 -1.6619517e-09)
(0.55283114 0.063330502 -1.719879e-09)
(0.5341419 0.061553131 -1.7767024e-09)
(0.51646966 0.058063993 -1.8288045e-09)
(0.50032676 0.052830792 -1.8725351e-09)
(0.48623619 0.045917458 -1.9044102e-09)
(0.47469314 0.037492648 -1.9214067e-09)
(0.46613261 0.027826399 -1.9213564e-09)
(0.46089474 0.01726834 -1.9032659e-09)
(0.45920548 0.0062286867 -1.8676067e-09)
(0.46112852 -0.0048435264 -1.8164068e-09)
(0.46658818 -0.015559076 -1.7530849e-09)
(0.47540581 -0.025525981 -1.6821566e-09)
(0.48726989 -0.034399224 -1.6087003e-09)
(0.5017608 -0.041903591 -1.5377824e-09)
(0.51836813 -0.047836883 -1.4738656e-09)
(0.53651107 -0.052071493 -1.4203034e-09)
(0.55555651 -0.05455567 -1.378997e-09)
(0.57484679 -0.055309733 -1.3502942e-09)
(0.59372556 -0.054420525 -1.33317e-09)
(0.61157616 -0.052031566 -1.3256743e-09)
(0.62785152 -0.048327894 -1.325554e-09)
(0.64210913 -0.043521857 -1.3308578e-09)
(0.65402358 -0.037836143 -1.3403209e-09)
(0.66340192 -0.031492703 -1.3533953e-09)
(0.67015952 -0.02470247 -1.3699422e-09)
(0.67432185 -0.017657834 -1.3897872e-09)
(0.67597077 -0.010532457 -1.4123607e-09)
(0.67526687 -0.0034870368 -1.4366075e-09)
(0.67241402 0.0033620078 -1.4611486e-09)
(0.66759171 0.0098626325 -1.4846225e-09)
(0.66101077 0.015933462 -1.5059939e-09)
(0.65290655 0.02149076 -1.5246892e-09)
(0.64350698 0.026463794 -1.5405937e-09)
(0.63303964 0.030795704 -1.5539357e-09)
(0.62173086 0.034438069 -1.5651194e-09)
(0.60980542 0.037348115 -1.5745765e-09)
(0.59748608 0.039487066 -1.5826442e-09)
(0.5849969 0.04081992 -1.5895162e-09)
(0.57256274 0.041316371 -1.595205e-09)
(0.56041148 0.04095392 -1.599563e-09)
(0.54877471 0.03972144 -1.6023142e-09)
(0.53788236 0.037622627 -1.6030754e-09)
(0.52796385 0.03468208 -1.6014425e-09)
(0.51923802 0.030947337 -1.5970124e-09)
(0.51190948 0.026491867 -1.5894674e-09)
(0.50615719 0.021414929 -1.5786131e-09)
(0.50212984 0.015842182 -1.5644569e-09)
(0.49993193 0.0099201449 -1.5472216e-09)
(0.49961982 0.0038130101 -1.5274024e-09)
(0.50120124 -0.0023100666 -1.5057389e-09)
(0.50463022 -0.008271956 -1.4832074e-09)
(0.509801 -0.013916574 -1.4609558e-09)
(0.51655335 -0.019085123 -1.4402144e-09)
(0.52468431 -0.023642806 -1.4221822e-09)
(0.53394581 -0.02747711 -1.4079012e-09)
(0.54406354 -0.030505355 -1.3981257e-09)
(0.55473373 -0.032668662 -1.3932176e-09)
(0.56565741 -0.033942725 -1.3930944e-09)
(0.57652044 -0.034319343 -1.397196e-09)
(0.58704877 -0.033828106 -1.4046585e-09)
(0.59696563 -0.032496957 -1.4142292e-09)
(0.60605247 -0.030402849 -1.4249559e-09)
(0.61412932 -0.027578266 -1.4353937e-09)
(0.62098269 -0.024152727 -1.4456551e-09)
(0.62668567 -0.020111861 -1.4541427e-09)
(0.63074765 -0.015683933 -1.4631328e-09)
(0.63400781 -0.010714907 -1.4700836e-09)
(0.63474226 -0.0055510152 -1.4799441e-09)
(0.63626281 -0.00010932076 -1.4871747e-09)
(0.63232859 0.0074477952 -1.5074458e-09)
(0.69668051 -0.0077686688 -1.1123348e-12)
(0.6997277 -0.023417619 1.0257257e-12)
(0.70570907 -0.039142968 1.3979803e-12)
(0.71451289 -0.054863836 -3.4141385e-12)
(0.72634601 -0.0706527 1.0476842e-11)
(0.74135182 -0.086407357 -1.5619341e-11)
(0.7597263 -0.1021879 2.6430145e-11)
(0.78155167 -0.11775331 -3.0639192e-11)
(0.80693919 -0.1330665 3.7045388e-11)
(0.83596616 -0.14773295 -2.9088728e-11)
(0.86859597 -0.16150662 2.2043161e-11)
(0.90481467 -0.1738534 -7.2269671e-12)
(0.94433682 -0.18424666 3.2426253e-12)
(0.98687675 -0.19207646 8.8902706e-12)
(1.0318283 -0.19665287 -7.9259867e-12)
(1.0784727 -0.19740384 -9.3985473e-13)
(1.125841 -0.19380761 5.6674055e-12)
(1.1728069 -0.18557052 6.4674557e-12)
(1.2180923 -0.17266662 -1.2428636e-13)
(1.2604114 -0.15540255 -5.3062673e-12)
(1.2985816 -0.13443397 -6.6289672e-12)
(1.3317281 -0.11069177 -5.02906e-12)
(1.3593526 -0.085205553 -1.7547063e-12)
(1.3813737 -0.058908215 8.3708116e-13)
(1.3979323 -0.032478449 9.6447522e-13)
(1.4092716 -0.0064371987 -7.1652264e-13)
(1.4156256 0.019030324 -1.8855443e-12)
(1.4170336 0.043637358 -4.3017113e-13)
(1.413568 0.067032535 3.7434422e-12)
(1.4052828 0.088811812 8.6267928e-12)
(1.3922746 0.10846152 1.237182e-11)
(1.3747672 0.12537708 1.3555886e-11)
(1.3531804 0.1389351 1.202325e-11)
(1.3281364 0.14855436 9.2200907e-12)
(1.3004404 0.15378812 5.9831128e-12)
(1.2710692 0.15435925 2.9624481e-12)
(1.2410921 0.15023038 -1.0661155e-13)
(1.2116585 0.14164756 -4.3364577e-12)
(1.1838897 0.12908245 -1.1086454e-11)
(1.1588416 0.11318663 -2.2151583e-11)
(1.1374635 0.094842935 -3.846675e-11)
(1.1204494 0.075063031 -6.0599679e-11)
(1.1083126 0.054912844 -9.1174728e-11)
(1.1012852 0.035410667 -1.3491439e-10)
(1.0994261 0.017696034 -1.9336559e-10)
(1.1023415 0.0028529911 -2.6488009e-10)
(1.1093013 -0.0082776857 -3.4524197e-10)
(1.1194295 -0.015040179 -4.2746163e-10)
(1.1315741 -0.017034232 -5.0020774e-10)
(1.1440894 -0.013931373 -5.477939e-10)
(1.1549979 -0.0056147157 -5.5445568e-10)
(1.1625198 0.0074647737 -5.1281148e-10)
(1.1650269 0.024172867 -4.2894513e-10)
(1.1607205 0.043263237 -3.217643e-10)
(1.1480663 0.063257263 -2.1484125e-10)
(1.12623 0.082615649 -1.2745046e-10)
(1.0953943 0.1000269 -6.7357034e-11)
(1.0569162 0.1146227 -3.2218033e-11)
(1.0130443 0.12589464 -1.5463707e-11)
(0.96628041 0.13342066 -9.688368e-12)
(0.91881239 0.13667062 -1.0129811e-11)
(0.8723071 0.13510015 -1.5858183e-11)
(0.82801368 0.12841705 -2.4782797e-11)
(0.78692898 0.11681497 -4.0712333e-11)
(0.74987932 0.1009959 -6.1365267e-11)
(0.71748875 0.081995744 -7.0861057e-11)
(0.69015431 0.060958444 -7.4357517e-11)
(0.66797695 0.038789537 -8.1633005e-11)
(0.65108703 0.016239219 -1.3621176e-10)
(0.63995809 -0.0055122071 -3.7424698e-10)
(0.63500596 -0.024398885 -9.1242869e-10)
(0.6358509 -0.037928024 -1.6835365e-09)
(0.64084108 -0.044445586 -2.483695e-09)
(0.64785149 -0.04368688 -3.2221572e-09)
(0.65527941 -0.036198998 -3.9607057e-09)
(0.66082384 -0.02386242 -4.638116e-09)
(0.6623167 -0.010557489 -5.1412739e-09)
(0.65977395 0.00037451971 -5.4427307e-09)
(0.65435007 0.0071522437 -5.5795655e-09)
(0.64748589 0.0091891863 -5.6133489e-09)
(0.64129441 0.006322861 -5.5762582e-09)
(0.63803542 -0.0022199571 -5.4676897e-09)
(0.63910334 -0.014613523 -5.3124589e-09)
(0.64556396 -0.028832127 -5.1190976e-09)
(0.65806103 -0.043319362 -4.885464e-09)
(0.6767211 -0.056872693 -4.6285656e-09)
(0.70065492 -0.068128041 -4.3435727e-09)
(0.72832172 -0.075885854 -4.0225016e-09)
(0.75796382 -0.079488221 -3.6699459e-09)
(0.78776294 -0.078870338 -3.2990288e-09)
(0.81576002 -0.074442199 -2.9242842e-09)
(0.84017087 -0.066990303 -2.5638194e-09)
(0.85960699 -0.057501414 -2.2393842e-09)
(0.87325901 -0.046979918 -1.9743027e-09)
(0.88100551 -0.036261187 -1.7894926e-09)
(0.88336623 -0.025920901 -1.6990294e-09)
(0.8813311 -0.01621966 -1.706787e-09)
(0.87612649 -0.0071851266 -1.8048869e-09)
(0.86896582 0.0014004496 -1.9741274e-09)
(0.86068031 0.0096802191 -2.186528e-09)
(0.8517128 0.017775528 -2.4103352e-09)
(0.84219573 0.025742026 -2.6171651e-09)
(0.8319546 0.033518732 -2.789043e-09)
(0.8206807 0.040978736 -2.9221871e-09)
(0.80808192 0.047989873 -3.0254048e-09)
(0.79397753 0.054457507 -3.1135516e-09)
(0.7783289 0.060341565 -3.1993773e-09)
(0.76120791 0.065640369 -3.2875283e-09)
(0.74274942 0.070359104 -3.3732503e-09)
(0.72310058 0.074470959 -3.4452421e-09)
(0.70240315 0.07788534 -3.4906744e-09)
(0.68080016 0.080430975 -3.4996704e-09)
(0.65846077 0.0818439 -3.4677598e-09)
(0.63562943 0.081785193 -3.3962306e-09)
(0.61265674 0.079850166 -3.2907933e-09)
(0.59004929 0.075623099 -3.1599635e-09)
(0.56848057 0.068728117 -3.0132348e-09)
(0.54877903 0.058873726 -2.8597763e-09)
(0.53190826 0.045984096 -2.7074921e-09)
(0.51888879 0.030189125 -2.5622124e-09)
(0.51072824 0.011911782 -2.4275025e-09)
(0.50822835 -0.0080546339 -2.3048668e-09)
(0.51195981 -0.028866642 -2.1945534e-09)
(0.52226117 -0.049438831 -2.0967246e-09)
(0.5390956 -0.06857799 -2.0124699e-09)
(0.56203511 -0.085134548 -1.9443074e-09)
(0.59028488 -0.098113571 -1.8958077e-09)
(0.62269576 -0.10676605 -1.8705162e-09)
(0.6578283 -0.1106665 -1.8705393e-09)
(0.6940057 -0.10975326 -1.8954269e-09)
(0.72944013 -0.10433786 -1.9417173e-09)
(0.76235526 -0.095061586 -2.003315e-09)
(0.79118984 -0.082806913 -2.0724036e-09)
(0.81475055 -0.068566 -2.1403194e-09)
(0.83237097 -0.053299715 -2.1981239e-09)
(0.84390397 -0.037816949 -2.2369114e-09)
(0.84967439 -0.022722017 -2.2487605e-09)
(0.85029533 -0.0083967742 -2.2283879e-09)
(0.84656904 0.0049493208 -2.1752881e-09)
(0.83923416 0.017209698 -2.0948876e-09)
(0.82894428 0.028393555 -1.9981432e-09)
(0.81627107 0.038547466 -1.8991513e-09)
(0.80165118 0.047730589 -1.8120212e-09)
(0.78540789 0.055995868 -1.7481467e-09)
(0.76777661 0.063368716 -1.7146874e-09)
(0.74893171 0.069829005 -1.714403e-09)
(0.7290181 0.075299087 -1.7464684e-09)
(0.7081839 0.079638281 -1.807626e-09)
(0.68661501 0.082647283 -1.8931975e-09)
(0.6645656 0.084083579 -1.9976914e-09)
(0.64238126 0.083688437 -2.1150112e-09)
(0.62050976 0.081223993 -2.2384158e-09)
(0.59949456 0.076515093 -2.3604197e-09)
(0.57995092 0.069489163 -2.4728391e-09)
(0.56252709 0.0602076 -2.5671412e-09)
(0.54785382 0.048880017 -2.635096e-09)
(0.53649238 0.035860525 -2.6696956e-09)
(0.5288909 0.021620755 -2.6660553e-09)
(0.52535362 0.0067106735 -2.6222122e-09)
(0.52599655 -0.0082815301 -2.5396242e-09)
(0.53079658 -0.022805952 -2.423094e-09)
(0.53961776 -0.036334926 -2.2803512e-09)
(0.55217817 -0.048402021 -2.1212913e-09)
(0.56808037 -0.058622193 -1.9570099e-09)
(0.58682833 -0.0666992 -1.7987126e-09)
(0.60783581 -0.072426058 -1.6566267e-09)
(0.63042992 -0.075691753 -1.5389627e-09)
(0.65386624 -0.076483627 -1.4510445e-09)
(0.67733898 -0.074890863 -1.3947273e-09)
(0.70002458 -0.071104446 -1.3683059e-09)
(0.72111793 -0.065401745 -1.367082e-09)
(0.73990172 -0.058129371 -1.3846021e-09)
(0.75579474 -0.049664139 -1.4143226e-09)
(0.76840935 -0.040387603 -1.451151e-09)
(0.77755898 -0.03065039 -1.4922773e-09)
(0.78326266 -0.020754974 -1.5370048e-09)
(0.78567052 -0.01095957 -1.5857264e-09)
(0.78507337 -0.0014460978 -1.6387367e-09)
(0.78178892 0.0076161862 -1.6953858e-09)
(0.77614097 0.016084769 -1.7540187e-09)
(0.76845693 0.023867742 -1.8124191e-09)
(0.75904843 0.030885623 -1.8684467e-09)
(0.74820264 0.03707511 -1.920536e-09)
(0.73618663 0.042386209 -1.9678922e-09)
(0.72325031 0.046776879 -2.0104011e-09)
(0.70963194 0.050208909 -2.0483942e-09)
(0.6955622 0.052645284 -2.0823518e-09)
(0.68127165 0.054049665 -2.1126918e-09)
(0.66699366 0.054387809 -2.1395945e-09)
(0.6529699 0.053631495 -2.1629389e-09)
(0.63945181 0.051764661 -2.1823012e-09)
(0.62669722 0.048788457 -2.1969594e-09)
(0.61497182 0.044729398 -2.2060111e-09)
(0.60453646 0.039643843 -2.2084237e-09)
(0.59564241 0.033623209 -2.2031871e-09)
(0.58851874 0.026794262 -2.1894055e-09)
(0.5833638 0.019319215 -2.1664683e-09)
(0.58033134 0.011392543 -2.1341241e-09)
(0.57951754 0.0032355832 -2.0926427e-09)
(0.58095607 -0.0049188509 -2.0428551e-09)
(0.5846229 -0.012847942 -1.986201e-09)
(0.59043138 -0.020324857 -1.924716e-09)
(0.59822171 -0.027133515 -1.8609623e-09)
(0.60777805 -0.033087994 -1.7978962e-09)
(0.61881884 -0.038030284 -1.7386763e-09)
(0.63102734 -0.041847433 -1.6864103e-09)
(0.64402956 -0.044457535 -1.6438505e-09)
(0.6574523 -0.045836314 -1.6131374e-09)
(0.67088148 -0.045978073 -1.5953835e-09)
(0.68394422 -0.044949509 -1.5908333e-09)
(0.69627128 -0.042794932 -1.5980851e-09)
(0.70752571 -0.039668307 -1.6156906e-09)
(0.71753289 -0.035606654 -1.6398306e-09)
(0.72589309 -0.030857074 -1.6693107e-09)
(0.73291952 -0.02535863 -1.6988808e-09)
(0.73771651 -0.019478291 -1.7302198e-09)
(0.74181431 -0.013031996 -1.7574868e-09)
(0.74256076 -0.0063466323 -1.7873242e-09)
(0.74466176 0.00020156379 -1.8086255e-09)
(0.74039038 0.010051403 -1.8515549e-09)
(0.80020719 -0.009148942 -1.7075097e-12)
(0.80303474 -0.027547315 -2.4191111e-13)
(0.80863017 -0.046115001 6.7254243e-12)
(0.81684402 -0.064757764 -1.4627403e-11)
(0.82794073 -0.083663487 3.3420964e-11)
(0.84205657 -0.10262913 -5.2388189e-11)
(0.85952339 -0.1218869 8.4607775e-11)
(0.88046786 -0.14098725 -1.0784682e-10)
(0.90513736 -0.16011343 1.310438e-10)
(0.93373792 -0.17855495 -1.2184972e-10)
(0.96629934 -0.196254 1.0478566e-10)
(1.0030551 -0.21233352 -6.5896367e-11)
(1.0436636 -0.22626059 3.0593478e-11)
(1.0881081 -0.23715654 2.5607413e-11)
(1.1356196 -0.24406764 -3.1282898e-11)
(1.18555 -0.24622703 -1.1621609e-13)
(1.236694 -0.24278106 1.2654461e-11)
(1.2877117 -0.23330627 2.3664735e-11)
(1.3369579 -0.21770983 7.0124989e-12)
(1.3827929 -0.19643893 -9.3074544e-12)
(1.42367 -0.17047143 -1.4883561e-11)
(1.4585442 -0.14117574 -8.2881399e-12)
(1.4869587 -0.11000623 7.0223806e-12)
(1.5090796 -0.078137023 2.3901579e-11)
(1.5253287 -0.046374743 3.5362546e-11)
(1.5362189 -0.015125973 4.2646288e-11)
(1.5420407 0.015377477 5.1058784e-11)
(1.5428497 0.044989435 6.5883111e-11)
(1.5386054 0.073425688 8.5199666e-11)
(1.5292325 0.10021028 1.0129497e-10)
(1.5147104 0.12467811 1.0960772e-10)
(1.4951849 0.14605616 1.0871242e-10)
(1.471076 0.16352896 9.9573565e-11)
(1.4430663 0.17629528 8.5706229e-11)
(1.4120759 0.18371402 6.8857179e-11)
(1.3792483 0.18535987 5.0221721e-11)
(1.3458628 0.18111013 3.1706887e-11)
(1.3132535 0.17118809 1.3295605e-11)
(1.2826851 0.15614765 -8.7567328e-12)
(1.2553465 0.13679326 -3.9660948e-11)
(1.2323212 0.11416392 -8.2153216e-11)
(1.2144563 0.08944888 -1.3908785e-10)
(1.2023833 0.063906281 -2.1973715e-10)
(1.1964183 0.038847546 -3.3620367e-10)
(1.1965932 0.015705055 -4.9609519e-10)
(1.2026182 -0.0041185346 -7.0135729e-10)
(1.2139415 -0.019440801 -9.4799479e-10)
(1.229697 -0.029236579 -1.2228661e-09)
(1.2484994 -0.032809759 -1.4949157e-09)
(1.268614 -0.029718331 -1.7153322e-09)
(1.2882722 -0.019783705 -1.8299623e-09)
(1.3056187 -0.0032396438 -1.8002363e-09)
(1.3187427 0.019058012 -1.618652e-09)
(1.3257933 0.045517684 -1.3174737e-09)
(1.3249568 0.074516588 -9.6087069e-10)
(1.3147443 0.10396283 -6.2311016e-10)
(1.2941828 0.13154038 -3.5842189e-10)
(1.2630742 0.15509282 -1.8350986e-10)
(1.2223452 0.17300811 -8.6161392e-11)
(1.174077 0.18437177 -4.0749694e-11)
(1.1210426 0.18881605 -2.1433536e-11)
(1.0660453 0.18632869 -1.5835456e-11)
(1.01147 0.17716027 -1.2924027e-11)
(0.95916975 0.16189789 -1.5434628e-11)
(0.91055044 0.14155176 -3.5172447e-11)
(0.86663453 0.11743927 -4.8787252e-11)
(0.82806507 0.091040272 -4.1973935e-11)
(0.79500302 0.06349586 1.0304825e-11)
(0.76745369 0.035376716 1.1616463e-10)
(0.74569838 0.0074702457 1.032692e-10)
(0.7303547 -0.017992105 -3.0767727e-10)
(0.7216237 -0.037117771 -1.2051306e-09)
(0.71839174 -0.046437053 -2.3043124e-09)
(0.71815471 -0.046971089 -2.9263526e-09)
(0.7185682 -0.041439669 -3.5737056e-09)
(0.71675113 -0.025335534 -4.5850519e-09)
(0.71085984 -0.0073241418 -5.3788783e-09)
(0.70094515 0.007373911 -5.8701895e-09)
(0.68794432 0.016592474 -6.143302e-09)
(0.67403787 0.018867218 -6.2714324e-09)
(0.6620904 0.013356548 -6.301561e-09)
(0.65447154 0.00064301153 -6.2630263e-09)
(0.65298603 -0.01723259 -6.1827722e-09)
(0.65917839 -0.038307955 -6.0718352e-09)
(0.67380352 -0.060442653 -5.9301019e-09)
(0.69658963 -0.081033954 -5.7254091e-09)
(0.7267373 -0.097941908 -5.4550864e-09)
(0.76290351 -0.10964552 -5.1316321e-09)
(0.80323348 -0.11518614 -4.7694983e-09)
(0.84550289 -0.11424219 -4.3837337e-09)
(0.88725915 -0.10714701 -3.9870941e-09)
(0.92600337 -0.094856847 -3.5885826e-09)
(0.9593703 -0.078850274 -3.1944236e-09)
(0.98539711 -0.060872049 -2.8122084e-09)
(1.0027645 -0.042676093 -2.4558613e-09)
(1.0110823 -0.025711802 -2.1488503e-09)
(1.0109981 -0.010859217 -1.9215776e-09)
(1.0041384 0.0016545944 -1.803375e-09)
(0.99256616 0.012100988 -1.812239e-09)
(0.97834475 0.021043768 -1.9465956e-09)
(0.96324842 0.029208895 -2.1826481e-09)
(0.94835493 0.037172509 -2.479429e-09)
(0.9340053 0.045256473 -2.7906247e-09)
(0.9199475 0.053509319 -3.0788588e-09)
(0.90559087 0.061774218 -3.3259819e-09)
(0.89027882 0.069803347 -3.533941e-09)
(0.87349705 0.077367237 -3.7160648e-09)
(0.85495854 0.084312256 -3.8839688e-09)
(0.83458963 0.090558119 -4.0377986e-09)
(0.81245438 0.096051109 -4.1644491e-09)
(0.78868379 0.1006974 -4.2434103e-09)
(0.76344184 0.10431361 -4.2558333e-09)
(0.73692732 0.10658551 -4.1918286e-09)
(0.70942374 0.10707574 -4.053613e-09)
(0.68134203 0.10523577 -3.8542346e-09)
(0.65329077 0.100467 -3.6139795e-09)
(0.62607599 0.09220213 -3.355779e-09)
(0.6007237 0.079983739 -3.101044e-09)
(0.57842755 0.063612058 -2.8662055e-09)
(0.56042733 0.043209033 -2.6603121e-09)
(0.54796512 0.019267104 -2.4843146e-09)
(0.54200323 -0.0072810241 -2.3322607e-09)
(0.54320346 -0.035158036 -2.1944351e-09)
(0.55202661 -0.063000774 -2.0616027e-09)
(0.56854666 -0.089228372 -1.92902e-09)
(0.59242549 -0.11229605 -1.7988295e-09)
(0.62297436 -0.13083127 -1.6798486e-09)
(0.65916697 -0.14373329 -1.5851133e-09)
(0.69967233 -0.15026187 -1.5279602e-09)
(0.74285093 -0.15010138 -1.5181803e-09)
(0.78679729 -0.1434135 -1.5590656e-09)
(0.82938408 -0.13085931 -1.6464365e-09)
(0.86843132 -0.11356144 -1.7696084e-09)
(0.90191906 -0.092995793 -1.914182e-09)
(0.9283134 -0.070751895 -2.064911e-09)
(0.94676395 -0.048313076 -2.2073036e-09)
(0.95724111 -0.026798303 -2.3273644e-09)
(0.96037874 -0.0069465803 -2.4114422e-09)
(0.95729106 0.010973611 -2.447933e-09)
(0.94922191 0.026871424 -2.4310248e-09)
(0.93731821 0.040902943 -2.3643335e-09)
(0.92255584 0.053291813 -2.2617498e-09)
(0.90565636 0.064266423 -2.1447039e-09)
(0.88710342 0.074020946 -2.0370957e-09)
(0.86718891 0.082685696 -1.9601286e-09)
(0.84606918 0.090305351 -1.9288627e-09)
(0.8238263 0.096824838 -1.9511703e-09)
(0.80052819 0.10208325 -2.0285439e-09)
(0.77628717 0.10582067 -2.1577171e-09)
(0.75130938 0.10770017 -2.3321345e-09)
(0.72593122 0.10734707 -2.5427938e-09)
(0.70063578 0.10440304 -2.7784725e-09)
(0.67604369 0.098588914 -3.0256494e-09)
(0.65287828 0.089765984 -3.2685868e-09)
(0.63190973 0.077982041 -3.4899568e-09)
(0.61388651 0.063492159 -3.672148e-09)
(0.59946974 0.046746671 -3.7991051e-09)
(0.58918017 0.028356758 -3.8582572e-09)
(0.58337586 0.0090346443 -3.8421294e-09)
(0.58218056 -0.010456196 -3.7493852e-09)
(0.58556823 -0.029396881 -3.5847851e-09)
(0.59343315 -0.04713032 -3.3584013e-09)
(0.60552745 -0.063075209 -3.0846291e-09)
(0.62150491 -0.076747025 -2.7808421e-09)
(0.64094769 -0.087756594 -2.4659696e-09)
(0.66336376 -0.095804341 -2.159202e-09)
(0.68817925 -0.10068343 -1.8786902e-09)
(0.71472382 -0.10228512 -1.64022e-09)
(0.74221547 -0.10061917 -1.4557781e-09)
(0.7697683 -0.095828575 -1.3320869e-09)
(0.79640308 -0.088205221 -1.2695073e-09)
(0.82111774 -0.078186607 -1.2617663e-09)
(0.84294479 -0.066324738 -1.2972307e-09)
(0.86108421 -0.053236684 -1.3616063e-09)
(0.8749675 -0.039528601 -1.4416707e-09)
(0.88434546 -0.025744951 -1.528288e-09)
(0.88927277 -0.012308067 -1.6176372e-09)
(0.89007399 0.00046603935 -1.7100357e-09)
(0.88719548 0.012357679 -1.8074082e-09)
(0.88116651 0.023255176 -1.9108473e-09)
(0.87251562 0.033085101 -2.0194522e-09)
(0.86171781 0.041802862 -2.1305478e-09)
(0.84918582 0.049381526 -2.2407278e-09)
(0.83527327 0.055801565 -2.3469533e-09)
(0.82028529 0.061043847 -2.4471977e-09)
(0.80449404 0.0650849 -2.5405763e-09)
(0.78815131 0.067894255 -2.6270313e-09)
(0.77150356 0.069434201 -2.7069252e-09)
(0.7548001 0.069663449 -2.7805847e-09)
(0.73830234 0.068541967 -2.8480035e-09)
(0.72228795 0.066040457 -2.9086831e-09)
(0.70704826 0.062150256 -2.9615493e-09)
(0.69288824 0.056892681 -3.0050513e-09)
(0.68011485 0.05032731 -3.0372406e-09)
(0.66902923 0.042560046 -3.055995e-09)
(0.65991047 0.033743755 -3.0591845e-09)
(0.65300901 0.024082802 -3.0449635e-09)
(0.6485276 0.013811819 -3.0118878e-09)
(0.64660523 0.0032237406 -2.9592334e-09)
(0.64730547 -0.0073827874 -2.887127e-09)
(0.65063242 -0.017720904 -2.7966265e-09)
(0.65653958 -0.027491521 -2.6898058e-09)
(0.66488697 -0.036406896 -2.5697866e-09)
(0.67547956 -0.044216918 -2.4406926e-09)
(0.68803878 -0.050699043 -2.3075248e-09)
(0.70225041 -0.055691854 -2.1759905e-09)
(0.71771217 -0.059062761 -2.0521206e-09)
(0.73400867 -0.06077 -1.9420855e-09)
(0.75065243 -0.060778662 -1.8511751e-09)
(0.76714677 -0.059194534 -1.784253e-09)
(0.78303088 -0.056056355 -1.7431972e-09)
(0.7977229 -0.051631094 -1.7299076e-09)
(0.81104956 -0.045957701 -1.7404326e-09)
(0.82221272 -0.039457223 -1.7739155e-09)
(0.83182461 -0.03207789 -1.8207401e-09)
(0.83832897 -0.0243065 -1.8805131e-09)
(0.84410838 -0.016052021 -1.9404606e-09)
(0.84537175 -0.0074567843 -2.008185e-09)
(0.84840465 0.00031858482 -2.0587339e-09)
(0.84401958 0.01274119 -2.1492949e-09)
(0.89658901 -0.01040882 -1.1098774e-12)
(0.89913473 -0.031309732 -6.3081265e-12)
(0.90423095 -0.052502753 2.1151348e-11)
(0.91168094 -0.073850309 -4.3551772e-11)
(0.92184325 -0.0957427 8.7948347e-11)
(0.93481243 -0.11779167 -1.4284881e-10)
(0.95111047 -0.14057801 2.2815698e-10)
(0.97085962 -0.16324323 -3.086062e-10)
(0.99452683 -0.18651957 3.8730402e-10)
(1.0224313 -0.20900192 -4.116413e-10)
(1.0547037 -0.23129269 4.0882559e-10)
(1.0919627 -0.2516681 -3.3923786e-10)
(1.133674 -0.27000827 2.0837136e-10)
(1.1804523 -0.28478496 -5.0662081e-12)
(1.2310266 -0.29486334 -7.0055584e-11)
(1.285212 -0.29918643 2.0466825e-11)
(1.3412508 -0.29630439 -4.4195671e-12)
(1.3976274 -0.28564071 7.0349039e-11)
(1.4520504 -0.26684068 3.4185223e-11)
(1.5023725 -0.24061296 -1.9633653e-11)
(1.5464191 -0.20848117 -4.9825364e-11)
(1.5830281 -0.17258968 -1.8153136e-11)
(1.6119055 -0.1350277 6.4499204e-11)
(1.6336793 -0.09720537 1.7242925e-10)
(1.6492162 -0.059934172 2.6752198e-10)
(1.6593551 -0.023445472 3.4409648e-10)
(1.6644784 0.012220476 4.0888957e-10)
(1.6646048 0.047100169 4.7994063e-10)
(1.6594641 0.0809858 5.5512255e-10)
(1.6487249 0.11332981 6.0895371e-10)
(1.6321856 0.14325353 6.2053763e-10)
(1.6098944 0.16972395 5.8643421e-10)
(1.5822237 0.19167459 5.1976483e-10)
(1.5498953 0.20805279 4.4070596e-10)
(1.5140009 0.21797586 3.5997848e-10)
(1.4759305 0.22081849 2.7925863e-10)
(1.4372403 0.21635619 2.0134924e-10)
(1.3995684 0.20483489 1.2799506e-10)
(1.3644738 0.18684104 5.3220468e-11)
(1.3333747 0.16324358 -3.5430387e-11)
(1.3074842 0.13531944 -1.4481804e-10)
(1.2876996 0.10461906 -2.8097811e-10)
(1.2747487 0.072674065 -4.7317082e-10)
(1.2690469 0.041000074 -7.5170806e-10)
(1.2706772 0.011352229 -1.1422694e-09)
(1.2794771 -0.014767074 -1.6749756e-09)
(1.2948446 -0.035479786 -2.3603358e-09)
(1.3157241 -0.049373928 -3.1764552e-09)
(1.3405969 -0.055477212 -4.0363823e-09)
(1.3677602 -0.053144277 -4.7990149e-09)
(1.3954745 -0.04213351 -5.309836e-09)
(1.421952 -0.022809656 -5.4516276e-09)
(1.4450348 0.0040023799 -5.1828754e-09)
(1.462661 0.036999044 -4.5327563e-09)
(1.4729883 0.074107478 -3.6020923e-09)
(1.4741024 0.11311339 -2.5683989e-09)
(1.4646602 0.1515408 -1.6330902e-09)
(1.4439293 0.1865093 -9.2306513e-10)
(1.4118165 0.21512233 -4.5626805e-10)
(1.369019 0.23515697 -1.8693751e-10)
(1.317235 0.24537635 -5.3551288e-11)
(1.2590814 0.24556762 -7.538701e-12)
(1.197606 0.23631688 5.3826363e-13)
(1.135698 0.21875677 4.5667667e-12)
(1.0757761 0.19444194 -4.0672792e-12)
(1.0197364 0.16523428 -3.1567148e-11)
(0.96885732 0.13316202 -6.038683e-11)
(0.92372936 0.099895223 -1.2816841e-11)
(0.88442349 0.066114425 1.651429e-10)
(0.85085671 0.032194087 3.2041264e-10)
(0.82330761 0.00010594783 1.6612589e-10)
(0.80242213 -0.025873772 -4.3788965e-10)
(0.7882407 -0.041171381 -1.3713771e-09)
(0.77891345 -0.043872549 -2.3762119e-09)
(0.7707899 -0.035642338 -3.2897954e-09)
(0.75778601 -0.016186706 -4.3673544e-09)
(0.74156498 0.00554646 -5.2214073e-09)
(0.72146944 0.023814968 -5.8285756e-09)
(0.6987798 0.034624467 -6.2476468e-09)
(0.67645569 0.035627849 -6.5543771e-09)
(0.6576961 0.02619626 -6.8048724e-09)
(0.64514157 0.0072636917 -7.0354653e-09)
(0.64076684 -0.018901272 -7.2206315e-09)
(0.64618984 -0.049240254 -7.2724704e-09)
(0.6618637 -0.080602397 -7.209585e-09)
(0.68760045 -0.11001046 -7.0154292e-09)
(0.72253686 -0.13475028 -6.6848373e-09)
(0.7651816 -0.15266654 -6.2433143e-09)
(0.81360044 -0.1623297 -5.7283849e-09)
(0.86557106 -0.16309739 -5.1807272e-09)
(0.91872011 -0.15511292 -4.6398694e-09)
(0.97059134 -0.13924739 -4.1402409e-09)
(1.0187051 -0.11701832 -3.7046059e-09)
(1.0606071 -0.090470135 -3.3365815e-09)
(1.0939333 -0.062021057 -3.0184283e-09)
(1.1167541 -0.034158623 -2.7220425e-09)
(1.1279614 -0.0090948012 -2.4302237e-09)
(1.1276861 0.011695081 -2.1556047e-09)
(1.1174915 0.027635691 -1.9419107e-09)
(1.1001266 0.039312398 -1.84466e-09)
(1.0787953 0.047982281 -1.9031326e-09)
(1.0563579 0.055117193 -2.1203922e-09)
(1.0347535 0.061992699 -2.4611753e-09)
(1.014772 0.0694173 -2.8672526e-09)
(0.99618761 0.077656659 -3.2814918e-09)
(0.97813085 0.086533184 -3.6674267e-09)
(0.95953778 0.095629668 -4.0139812e-09)
(0.93950598 0.10449925 -4.324234e-09)
(0.91747011 0.11279172 -4.5976127e-09)
(0.89320481 0.12027392 -4.8183582e-09)
(0.86672849 0.12675758 -4.9573365e-09)
(0.83820812 0.13200327 -4.9847228e-09)
(0.80790636 0.13563512 -4.8845363e-09)
(0.77619368 0.13709806 -4.663306e-09)
(0.74359282 0.13567942 -4.3497644e-09)
(0.71084184 0.13056994 -3.9875398e-09)
(0.67890462 0.12095831 -3.6246946e-09)
(0.6489918 0.10621766 -3.3033219e-09)
(0.62246851 0.086009497 -3.0508164e-09)
(0.60072125 0.060437034 -2.8749647e-09)
(0.58509197 0.030113987 -2.7632737e-09)
(0.57663664 -0.0038413121 -2.6872553e-09)
(0.57589898 -0.039611843 -2.6112917e-09)
(0.58321739 -0.075602185 -2.5025767e-09)
(0.59870409 -0.10983064 -2.3409104e-09)
(0.62201116 -0.14040163 -2.1244251e-09)
(0.65251889 -0.16563503 -1.8695631e-09)
(0.68938242 -0.18414475 -1.6061323e-09)
(0.73156264 -0.19490819 -1.3694667e-09)
(0.7777963 -0.19730327 -1.1925871e-09)
(0.82654752 -0.19117335 -1.0997871e-09)
(0.87593246 -0.17689175 -1.1023975e-09)
(0.92370524 -0.15545694 -1.1968932e-09)
(0.96739264 -0.12850036 -1.3662304e-09)
(1.0045565 -0.098152331 -1.5851918e-09)
(1.0332266 -0.066722048 -1.82707e-09)
(1.052245 -0.036295755 -2.0683352e-09)
(1.0615563 -0.0083808407 -2.2881829e-09)
(1.0620338 0.01622859 -2.4661957e-09)
(1.0551454 0.03731076 -2.5824502e-09)
(1.0426631 0.055158948 -2.6228109e-09)
(1.0261879 0.070280655 -2.5861634e-09)
(1.0069838 0.083223927 -2.4882587e-09)
(0.98592095 0.094470623 -2.3593723e-09)
(0.96350947 0.10437374 -2.2369064e-09)
(0.93998502 0.11312387 -2.156565e-09)
(0.91541272 0.12073332 -2.145703e-09)
(0.88979215 0.12703372 -2.2204506e-09)
(0.86315458 0.13169097 -2.3860818e-09)
(0.83564291 0.13424139 -2.6389405e-09)
(0.80756673 0.13415171 -2.9683329e-09)
(0.77942582 0.13090017 -3.3576339e-09)
(0.75189741 0.12406918 -3.7847426e-09)
(0.72578761 0.11343304 -4.2226119e-09)
(0.70195611 0.099023047 -4.6406141e-09)
(0.68122887 0.081154641 -5.0070902e-09)
(0.66432005 0.060406197 -5.292763e-09)
(0.65177511 0.037559202 -5.4741684e-09)
(0.64394902 0.013512014 -5.5363054e-09)
(0.64094284 -0.010808053 -5.4740506e-09)
(0.64269188 -0.034488275 -5.2918553e-09)
(0.64905715 -0.056751668 -5.0017939e-09)
(0.65979354 -0.076933959 -4.6220439e-09)
(0.67458517 -0.094490122 -4.1748418e-09)
(0.69308768 -0.1089778 -3.6846452e-09)
(0.714926 -0.12003755 -3.1769022e-09)
(0.73968916 -0.12738275 -2.6771295e-09)
(0.76689421 -0.13079557 -2.2102243e-09)
(0.79596124 -0.13015514 -1.7995919e-09)
(0.82617673 -0.12545676 -1.4656796e-09)
(0.85666086 -0.11686658 -1.2238246e-09)
(0.88638321 -0.10474244 -1.0814199e-09)
(0.914169 -0.089671567 -1.0356097e-09)
(0.93883408 -0.072427896 -1.0724858e-09)
(0.95926503 -0.053921367 -1.1698594e-09)
(0.9746491 -0.035058151 -1.3027711e-09)
(0.98452368 -0.016650856 -1.4506053e-09)
(0.98888879 0.00070806101 -1.6016446e-09)
(0.98815362 0.016597441 -1.7535796e-09)
(0.98297733 0.030837832 -1.9097481e-09)
(0.97410312 0.043388839 -2.0742855e-09)
(0.96227554 0.054281921 -2.248635e-09)
(0.94814809 0.063577524 -2.4306869e-09)
(0.93225866 0.071334082 -2.6159788e-09)
(0.91503947 0.077591857 -2.7995744e-09)
(0.89684433 0.082366416 -2.9775536e-09)
(0.8779754 0.085647182 -3.147527e-09)
(0.85871275 0.087401159 -3.3084908e-09)
(0.83933058 0.087578949 -3.4601469e-09)
(0.82011524 0.086125986 -3.6022805e-09)
(0.80137109 0.082994019 -3.7342066e-09)
(0.78342247 0.078157708 -3.854486e-09)
(0.76660928 0.07162705 -3.9608718e-09)
(0.75127859 0.063462511 -4.0504109e-09)
(0.73777027 0.053782422 -4.1197285e-09)
(0.72640766 0.042768237 -4.1653216e-09)
(0.71746614 0.030663554 -4.1839277e-09)
(0.71119458 0.017758846 -4.1728378e-09)
(0.7077628 0.0043999718 -4.1300823e-09)
(0.70723588 -0.009041597 -4.0549165e-09)
(0.70963538 -0.022193945 -3.9476203e-09)
(0.71495187 -0.03469327 -3.8096389e-09)
(0.72306631 -0.046180036 -3.6436806e-09)
(0.73382048 -0.056341926 -3.453719e-09)
(0.74696809 -0.064885395 -3.2449331e-09)
(0.76224459 -0.07159689 -3.0238119e-09)
(0.77929079 -0.076266941 -2.7977588e-09)
(0.79771944 -0.078819926 -2.5756753e-09)
(0.81708135 -0.079136972 -2.3662692e-09)
(0.83680447 -0.077336054 -2.1801697e-09)
(0.8564581 -0.07338414 -2.0248173e-09)
(0.87516628 -0.067648599 -1.9104116e-09)
(0.89283568 -0.060149801 -1.8384144e-09)
(0.90804811 -0.051479644 -1.8151105e-09)
(0.92175205 -0.041679608 -1.8314536e-09)
(0.93139532 -0.03135509 -1.8892706e-09)
(0.94028867 -0.020708358 -1.9668719e-09)
(0.94314583 -0.0094827104 -2.0764792e-09)
(0.94799786 -0.00023489231 -2.1608632e-09)
(0.94422086 0.015360471 -2.3324318e-09)
(0.98582549 -0.011514822 2.3819393e-12)
(0.98801749 -0.034609261 -2.0412531e-11)
(0.99246547 -0.058147492 4.8834714e-11)
(0.99893737 -0.081922878 -9.8000115e-11)
(1.0078905 -0.10661483 1.8745601e-10)
(1.0193701 -0.13156448 -3.1206208e-10)
(1.034126 -0.15790996 4.9862899e-10)
(1.052214 -0.18411516 -7.0311079e-10)
(1.074465 -0.21195893 9.250557e-10)
(1.1011793 -0.23868278 -1.1017056e-09)
(1.1328118 -0.26651673 1.2469238e-09)
(1.1703596 -0.29171674 -1.236573e-09)
(1.2130796 -0.31580691 9.7803899e-10)
(1.2626612 -0.33535601 -4.5218427e-10)
(1.316674 -0.34981207 8.7060974e-11)
(1.3764359 -0.35731009 3.7345032e-11)
(1.4386717 -0.35556396 -1.3616445e-10)
(1.5022663 -0.34390515 2.3989313e-10)
(1.5636149 -0.32119175 7.1836574e-11)
(1.6197561 -0.28858817 -7.7915644e-11)
(1.6673544 -0.2484857 -1.1898009e-10)
(1.7054971 -0.20448264 1.2784136e-10)
(1.7341552 -0.15961503 5.6635343e-10)
(1.7549551 -0.11550519 1.1236761e-09)
(1.7693704 -0.072752435 1.6366267e-09)
(1.7786168 -0.031165377 2.0684862e-09)
(1.7830922 0.0095987461 2.3844656e-09)
(1.7827043 0.049968882 2.6286298e-09)
(1.7768467 0.089752865 2.825937e-09)
(1.7648002 0.12832873 2.9327168e-09)
(1.7460482 0.16464698 2.8846639e-09)
(1.7204985 0.19731119 2.6635295e-09)
(1.6884923 0.22476082 2.3144802e-09)
(1.650811 0.24546684 1.9183098e-09)
(1.6087008 0.25823437 1.5391694e-09)
(1.563845 0.26232301 1.2008431e-09)
(1.5182578 0.25745581 9.0559645e-10)
(1.4739509 0.24387696 6.4566671e-10)
(1.4326518 0.22231368 4.0493219e-10)
(1.3961176 0.19387407 1.5058186e-10)
(1.3660417 0.15997828 -1.2357644e-10)
(1.3433735 0.12218799 -4.229177e-10)
(1.3285661 0.082371292 -8.4578663e-10)
(1.321872 0.04282021 -1.4519959e-09)
(1.3235337 0.0052449059 -2.3168986e-09)
(1.3338234 -0.028757829 -3.5987174e-09)
(1.3521093 -0.056675558 -5.3483811e-09)
(1.3768868 -0.076489405 -7.4895796e-09)
(1.4064707 -0.086718703 -9.7544752e-09)
(1.4393956 -0.08645188 -1.1803002e-08)
(1.4743205 -0.075507445 -1.3359968e-08)
(1.5094164 -0.053890583 -1.4105265e-08)
(1.5424811 -0.022310422 -1.3854084e-08)
(1.5713494 0.017597619 -1.2769094e-08)
(1.5936573 0.063489336 -1.0995361e-08)
(1.6070145 0.11246005 -8.6374597e-09)
(1.6092593 0.16136709 -6.0704943e-09)
(1.5988876 0.20740211 -3.7992995e-09)
(1.5756496 0.24761416 -2.1559739e-09)
(1.540231 0.27908667 -1.1482465e-09)
(1.4937509 0.29927602 -5.7929753e-10)
(1.4378373 0.306761 -2.6539592e-10)
(1.3748576 0.3015376 -9.987145e-11)
(1.3077563 0.2847987 -1.0678667e-11)
(1.2395844 0.25854224 3.4329795e-11)
(1.1731378 0.22526053 2.1530324e-11)
(1.1106677 0.18776329 -4.8405053e-11)
(1.053578 0.14860633 -6.7419678e-11)
(1.0023117 0.10904495 8.6242791e-11)
(0.95670699 0.069268735 3.3431007e-10)
(0.91692853 0.030657366 4.1016677e-10)
(0.88381561 -0.0023868143 9.6288883e-11)
(0.85778511 -0.023854497 -6.2358e-10)
(0.83667838 -0.029604518 -1.626957e-09)
(0.81574234 -0.019048325 -2.7724504e-09)
(0.79210264 0.0035099743 -3.9031978e-09)
(0.76498468 0.029406755 -4.8954299e-09)
(0.73441893 0.05067705 -5.7514757e-09)
(0.70265037 0.061864091 -6.5532046e-09)
(0.67308715 0.060049816 -7.3792963e-09)
(0.64913606 0.044733227 -8.1955964e-09)
(0.63352625 0.017463422 -8.9426391e-09)
(0.62805302 -0.018789654 -9.5257635e-09)
(0.63370864 -0.060277369 -9.9055913e-09)
(0.65121678 -0.10289961 -9.9586309e-09)
(0.68000923 -0.14275453 -9.6898855e-09)
(0.7188288 -0.17654574 -9.1678981e-09)
(0.76594431 -0.20167816 -8.4662619e-09)
(0.8192679 -0.2164489 -7.6500732e-09)
(0.87654558 -0.22008949 -6.7680534e-09)
(0.9355184 -0.21272229 -5.8584123e-09)
(0.99407763 -0.19524613 -4.9639791e-09)
(1.0503135 -0.16912473 -4.1440925e-09)
(1.1024273 -0.13627109 -3.4683298e-09)
(1.1485644 -0.09895652 -2.987223e-09)
(1.1865786 -0.059784964 -2.6977308e-09)
(1.2140812 -0.021709948 -2.5337362e-09)
(1.2289201 0.012321067 -2.3995048e-09)
(1.2300812 0.039938243 -2.2297252e-09)
(1.218447 0.060089739 -2.0326452e-09)
(1.1968064 0.07332101 -1.8827657e-09)
(1.1691761 0.081483178 -1.8708609e-09)
(1.1396053 0.087012935 -2.0503247e-09)
(1.1111051 0.092155656 -2.413323e-09)
(1.0851111 0.098423378 -2.9036771e-09)
(1.0615445 0.10640355 -3.4503668e-09)
(1.0393152 0.11589159 -3.9972768e-09)
(1.016978 0.12622748 -4.5115815e-09)
(0.99327495 0.13664884 -4.9708562e-09)
(0.96741248 0.14651469 -5.344843e-09)
(0.93907718 0.15534018 -5.5900332e-09)
(0.90832701 0.16269879 -5.6629167e-09)
(0.87546011 0.16808368 -5.5421027e-09)
(0.84095837 0.17079804 -5.2445542e-09)
(0.80549833 0.16994268 -4.8264362e-09)
(0.76995567 0.16447907 -4.3693596e-09)
(0.73545997 0.15337526 -3.9595079e-09)
(0.70336395 0.13581295 -3.6662836e-09)
(0.67509396 0.11134717 -3.5261735e-09)
(0.65205893 0.080150828 -3.5356057e-09)
(0.63552886 0.04307922 -3.6528081e-09)
(0.62660525 0.0015289166 -3.8082919e-09)
(0.62553942 -0.042633946 -3.9237548e-09)
(0.63230463 -0.086990343 -3.9288642e-09)
(0.6470054 -0.12929204 -3.779312e-09)
(0.66915172 -0.1674099 -3.4669233e-09)
(0.69809011 -0.19947753 -3.0192827e-09)
(0.73307062 -0.22397049 -2.4901068e-09)
(0.77330348 -0.23973715 -1.9445265e-09)
(0.81795733 -0.24597933 -1.4455934e-09)
(0.86609231 -0.24225688 -1.0456341e-09)
(0.91648894 -0.2285368 -7.8204871e-10)
(0.96749195 -0.20537206 -6.7425928e-10)
(1.0169497 -0.17404646 -7.2050162e-10)
(1.0622917 -0.13667763 -8.9784554e-10)
(1.1008258 -0.096013735 -1.1681629e-09)
(1.130177 -0.055100399 -1.4899764e-09)
(1.1488453 -0.016602282 -1.8273981e-09)
(1.1564878 0.017495558 -2.1512157e-09)
(1.1540567 0.046317061 -2.4329842e-09)
(1.143409 0.069923775 -2.6424905e-09)
(1.1266907 0.089006476 -2.7542741e-09)
(1.1058925 0.10452878 -2.7595956e-09)
(1.0825573 0.11744383 -2.6750947e-09)
(1.0576912 0.12851889 -2.5418168e-09)
(1.0318207 0.13824676 -2.4149643e-09)
(1.0051261 0.14681203 -2.3499041e-09)
(0.97760158 0.15409227 -2.3905663e-09)
(0.94921012 0.15968927 -2.563463e-09)
(0.92001199 0.16299177 -2.8769357e-09)
(0.89025294 0.16327035 -3.3231928e-09)
(0.86040294 0.15979833 -3.8808239e-09)
(0.831142 0.15198742 -4.5168615e-09)
(0.80330109 0.13951158 -5.1888917e-09)
(0.77777338 0.12238975 -5.8482372e-09)
(0.75541212 0.10101361 -6.4447786e-09)
(0.73694122 0.076113843 -6.9328056e-09)
(0.72289181 0.048672149 -7.2764363e-09)
(0.71358615 0.019796495 -7.453255e-09)
(0.7091118 -0.0093966791 -7.4555556e-09)
(0.70936981 -0.037828252 -7.2892428e-09)
(0.71415287 -0.064608131 -6.9699114e-09)
(0.72319274 -0.089013869 -6.5202329e-09)
(0.73617643 -0.11047697 -5.9668381e-09)
(0.75279224 -0.12854818 -5.3378186e-09)
(0.77273665 -0.14285958 -4.6613172e-09)
(0.79571151 -0.15309433 -3.9648075e-09)
(0.82138997 -0.15897584 -3.2752305e-09)
(0.84940162 -0.16027933 -2.6194228e-09)
(0.87928063 -0.15685464 -2.0245216e-09)
(0.91043509 -0.14867838 -1.5176264e-09)
(0.94209284 -0.13590145 -1.1237856e-09)
(0.97326447 -0.11892029 -8.6206057e-10)
(1.002758 -0.098420684 -7.3989755e-10)
(1.0292212 -0.075385925 -7.4860274e-10)
(1.0513037 -0.051010698 -8.6273125e-10)
(1.0678653 -0.02656934 -1.0462709e-09)
(1.0781734 -0.0031782932 -1.2634575e-09)
(1.0820342 0.018311134 -1.4895536e-09)
(1.0798674 0.037370268 -1.7152217e-09)
(1.0724568 0.053845111 -1.9434751e-09)
(1.0607703 0.067805364 -2.1820484e-09)
(1.0457793 0.079432122 -2.4363304e-09)
(1.0283312 0.088927486 -2.7061631e-09)
(1.0091064 0.096457671 -2.9865297e-09)
(0.98863363 0.1021305 -3.2702975e-09)
(0.96732729 0.10598989 -3.5507125e-09)
(0.9455377 0.10802829 -3.8228497e-09)
(0.92358292 0.10819627 -4.0835582e-09)
(0.9017828 0.1064269 -4.3308452e-09)
(0.88046835 0.10265185 -4.5628778e-09)
(0.85999166 0.096826753 -4.7773137e-09)
(0.84072167 0.08894746 -4.9709419e-09)
(0.82303428 0.079075128 -5.1396916e-09)
(0.80729755 0.067339481 -5.2790003e-09)
(0.79385661 0.053958073 -5.3842273e-09)
(0.78300405 0.039208366 -5.4511495e-09)
(0.77500079 0.023468809 -5.476517e-09)
(0.77001373 0.0071098873 -5.4579486e-09)
(0.76812754 -0.0094186143 -5.394796e-09)
(0.76934214 -0.025644288 -5.2874967e-09)
(0.77364559 -0.041145045 -5.1375455e-09)
(0.7809187 -0.055497569 -4.9475666e-09)
(0.79102313 -0.06834527 -4.7211837e-09)
(0.80373754 -0.079332518 -4.4628423e-09)
(0.81884722 -0.088217426 -4.17817e-09)
(0.83607555 -0.094709933 -3.8731968e-09)
(0.85509464 -0.098714203 -3.5561962e-09)
(0.87561466 -0.099992093 -3.2347856e-09)
(0.89705409 -0.098653515 -2.9212593e-09)
(0.91921975 -0.094520587 -2.6245183e-09)
(0.94100296 -0.087983735 -2.3616967e-09)
(0.96263013 -0.078982207 -2.1404997e-09)
(0.98201496 -0.068179432 -1.9801363e-09)
(1.0005924 -0.055737381 -1.8793958e-09)
(1.01452 -0.042283356 -1.8553464e-09)
(1.0281093 -0.028642239 -1.8799623e-09)
(1.0341075 -0.013709907 -1.993362e-09)
(1.0422206 -0.0027368682 -2.0680275e-09)
(1.0407455 0.017385947 -2.3379088e-09)
(1.0679124 -0.012426126 8.7135071e-12)
(1.0696783 -0.03733711 -4.0313788e-11)
(1.0732857 -0.062849791 8.4973911e-11)
(1.0785469 -0.08871319 -1.6883001e-10)
(1.0859082 -0.11590642 3.1526582e-10)
(1.0954967 -0.1435249 -5.3116442e-10)
(1.1081541 -0.17334568 8.498571e-10)
(1.1239863 -0.20304922 -1.2370172e-09)
(1.1441917 -0.23585432 1.7140707e-09)
(1.1689058 -0.26697677 -2.252365e-09)
(1.199439 -0.30163053 2.8522526e-09)
(1.2367039 -0.33210065 -3.2547646e-09)
(1.2803887 -0.36412634 3.1589061e-09)
(1.3329921 -0.38914325 -2.3795313e-09)
(1.3907132 -0.41007631 1.4659716e-09)
(1.457861 -0.42181627 -6.0152348e-10)
(1.527427 -0.42189381 -2.3100923e-10)
(1.6011605 -0.40950404 8.3426129e-10)
(1.6719351 -0.38167393 -2.864353e-10)
(1.7356819 -0.34053505 -2.4103618e-10)
(1.7874368 -0.29010834 4.0953253e-10)
(1.8271594 -0.23651958 2.0408782e-09)
(1.8543219 -0.18339052 3.9815753e-09)
(1.8736552 -0.13291187 6.2414702e-09)
(1.8865618 -0.085019575 8.2494806e-09)
(1.8944806 -0.038723313 9.8857267e-09)
(1.8975335 0.0069532319 1.0825872e-08)
(1.8963829 0.052774603 1.139198e-08)
(1.8898088 0.098820978 1.1683082e-08)
(1.876662 0.14431174 1.1672233e-08)
(1.8559401 0.18793638 1.1204591e-08)
(1.8270533 0.22815122 1.0213204e-08)
(1.7900652 0.26292089 8.8435548e-09)
(1.7458689 0.28986946 7.3379171e-09)
(1.6961113 0.30696171 5.8827868e-09)
(1.6429696 0.31288652 4.5777262e-09)
(1.5889113 0.30734387 3.4419933e-09)
(1.5363252 0.29107577 2.470048e-09)
(1.4874631 0.2649852 1.6663838e-09)
(1.4444222 0.22995946 9.8399706e-10)
(1.4084979 0.18810386 4.1529054e-10)
(1.3800696 0.14254112 -1.3380871e-10)
(1.3598462 0.095305131 -9.2751811e-10)
(1.3492815 0.046923796 -2.224737e-09)
(1.3481466 0.00010037406 -4.1056804e-09)
(1.3559568 -0.042429634 -6.7947457e-09)
(1.3724379 -0.077509815 -1.0353773e-08)
(1.395924 -0.10288744 -1.4429909e-08)
(1.4251813 -0.11751505 -1.8557954e-08)
(1.4596525 -0.12094996 -2.2339389e-08)
(1.49881 -0.1126016 -2.5376776e-08)
(1.5420239 -0.092132928 -2.7388258e-08)
(1.5878702 -0.05973205 -2.8215783e-08)
(1.6329361 -0.016240913 -2.7704735e-08)
(1.6725381 0.036830648 -2.5837418e-08)
(1.7029344 0.09742258 -2.2584962e-08)
(1.721548 0.16088248 -1.7963487e-08)
(1.7259668 0.22110268 -1.2609184e-08)
(1.714595 0.27382955 -7.6619845e-09)
(1.6876594 0.3166271 -4.0558341e-09)
(1.6468906 0.34744028 -1.9734164e-09)
(1.5946512 0.36449165 -9.8820201e-10)
(1.5332917 0.36679488 -5.6565194e-10)
(1.4652486 0.35468811 -3.4551864e-10)
(1.3932058 0.32986156 -1.7330796e-10)
(1.3200437 0.29497357 -6.4273774e-11)
(1.2486279 0.25343974 -7.8235089e-11)
(1.1812793 0.20891095 -1.3219492e-10)
(1.1191602 0.16376742 -4.1624542e-11)
(1.0623573 0.11841384 2.2351472e-10)
(1.0110388 0.073512881 4.5294853e-10)
(0.96609533 0.033359229 3.8976361e-10)
(0.9277719 0.0057643901 -8.1367085e-11)
(0.89425162 -0.0027686194 -9.3683488e-10)
(0.86217028 0.0085973669 -2.0798176e-09)
(0.82845607 0.034116967 -3.3817563e-09)
(0.79182934 0.063231279 -4.7535761e-09)
(0.75320227 0.086091226 -6.2043571e-09)
(0.71524967 0.095855622 -7.7918965e-09)
(0.68142736 0.089178719 -9.4934632e-09)
(0.65508082 0.065962713 -1.1178592e-08)
(0.63858828 0.028305985 -1.2557191e-08)
(0.63368442 -0.019685774 -1.3443747e-08)
(0.64120252 -0.07335401 -1.3733645e-08)
(0.66117096 -0.12787541 -1.3462132e-08)
(0.69284947 -0.17865659 -1.2768561e-08)
(0.7348505 -0.22175379 -1.1821985e-08)
(0.78526193 -0.25414813 -1.077116e-08)
(0.8418059 -0.27388951 -9.715681e-09)
(0.90200891 -0.28017238 -8.6928985e-09)
(0.96340247 -0.27329837 -7.6812372e-09)
(1.0237884 -0.25451431 -6.6273555e-09)
(1.0814838 -0.22568608 -5.498009e-09)
(1.1354172 -0.18890117 -4.3347855e-09)
(1.184965 -0.14620478 -3.2681839e-09)
(1.229421 -0.099633337 -2.4635153e-09)
(1.2674341 -0.051435561 -2.0225774e-09)
(1.2966426 -0.0044318744 -1.9104241e-09)
(1.3140302 0.038024492 -1.9686326e-09)
(1.3171114 0.072650306 -2.0157988e-09)
(1.3053279 0.097448769 -1.9634439e-09)
(1.2808715 0.11257362 -1.8584194e-09)
(1.248158 0.12029139 -1.8283482e-09)
(1.2122792 0.12405623 -1.9874743e-09)
(1.1773578 0.12726394 -2.3754152e-09)
(1.1455681 0.13228409 -2.9555719e-09)
(1.1170671 0.14006891 -3.6517217e-09)
(1.0906245 0.15032978 -4.3843452e-09)
(1.064514 0.16206179 -5.0829521e-09)
(1.0372464 0.17408288 -5.6780573e-09)
(1.007928 0.18535743 -6.0953673e-09)
(0.97629108 0.19504161 -6.2694393e-09)
(0.9425442 0.2023382 -6.1720847e-09)
(0.90723173 0.20634011 -5.8358928e-09)
(0.87115412 0.20594452 -5.3549544e-09)
(0.83533217 0.1998817 -4.8609194e-09)
(0.80100551 0.18691845 -4.4867216e-09)
(0.76953778 0.16609219 -4.3308083e-09)
(0.74236449 0.13696261 -4.4331855e-09)
(0.72083766 0.099808324 -4.7677662e-09)
(0.70599764 0.055731486 -5.2509108e-09)
(0.69838342 0.006538978 -5.7605302e-09)
(0.69836812 -0.045635749 -6.1654879e-09)
(0.70587135 -0.097835018 -6.3500116e-09)
(0.7204097 -0.14754373 -6.2404023e-09)
(0.74143372 -0.19246134 -5.8216707e-09)
(0.76826806 -0.23062146 -5.1384791e-09)
(0.80018325 -0.26047472 -4.2795394e-09)
(0.83648879 -0.28090327 -3.3507759e-09)
(0.87662007 -0.29113677 -2.4494509e-09)
(0.92012031 -0.2906347 -1.6504287e-09)
(0.96643461 -0.2790734 -1.006384e-09)
(1.0146689 -0.25651703 -5.5347243e-10)
(1.0634312 -0.22370567 -3.1269957e-10)
(1.1108028 -0.18224572 -2.8443063e-10)
(1.1543746 -0.1346723 -4.4283181e-10)
(1.1914364 -0.084254033 -7.4016348e-10)
(1.2193582 -0.034608279 -1.1217929e-09)
(1.2362188 0.011026895 -1.5408647e-09)
(1.241461 0.050382046 -1.9603126e-09)
(1.2359808 0.082521305 -2.3436199e-09)
(1.2217498 0.10777491 -2.6489184e-09)
(1.2012103 0.12729961 -2.8369065e-09)
(1.176663 0.14256675 -2.8891875e-09)
(1.149879 0.15495081 -2.8234554e-09)
(1.1219773 0.16547437 -2.6944056e-09)
(1.0934979 0.17468851 -2.5796206e-09)
(1.0645839 0.18264917 -2.5583778e-09)
(1.0351974 0.18896341 -2.6930839e-09)
(1.0053158 0.19289014 -3.0188791e-09)
(0.97507395 0.19348808 -3.541353e-09)
(0.94483951 0.18979782 -4.2391742e-09)
(0.91521569 0.18102924 -5.0686436e-09)
(0.88697897 0.16673174 -5.9692016e-09)
(0.86097981 0.1469072 -6.8703175e-09)
(0.8380393 0.12203201 -7.7001325e-09)
(0.81885914 0.092998877 -8.3947637e-09)
(0.80395156 0.06100049 -8.9060661e-09)
(0.79362113 0.027364062 -9.2059043e-09)
(0.78795375 -0.0065694103 -9.2863223e-09)
(0.78684645 -0.039585549 -9.1568255e-09)
(0.79005704 -0.070692987 -8.838198e-09)
(0.79730681 -0.099120234 -8.3583364e-09)
(0.80828899 -0.12429477 -7.7482264e-09)
(0.82271358 -0.14578638 -7.0390886e-09)
(0.84031885 -0.16324723 -6.2607804e-09)
(0.86085819 -0.17636443 -5.4409156e-09)
(0.88407463 -0.18484534 -4.6048836e-09)
(0.90969167 -0.18841862 -3.7763766e-09)
(0.93737912 -0.1868608 -2.9788328e-09)
(0.96675067 -0.18002263 -2.2373121e-09)
(0.99731019 -0.16787965 -1.5801556e-09)
(1.0284241 -0.15058703 -1.0390053e-09)
(1.0592504 -0.12856862 -6.4517786e-10)
(1.0887004 -0.10257478 -4.2180564e-10)
(1.1154338 -0.073742882 -3.7381649e-10)
(1.1379722 -0.043506648 -4.8133256e-10)
(1.1549106 -0.013481914 -7.0257257e-10)
(1.1651928 0.014881094 -9.8731526e-10)
(1.1684195 0.040420103 -1.2943769e-09)
(1.1648893 0.062498887 -1.6031577e-09)
(1.1554295 0.080966057 -1.9135275e-09)
(1.1411759 0.096010613 -2.2362471e-09)
(1.1233068 0.10798416 -2.581628e-09)
(1.1028626 0.11724797 -2.9526486e-09)
(1.0806767 0.12408551 -3.3443338e-09)
(1.0573836 0.12866678 -3.7468713e-09)
(1.0334756 0.13105624 -4.1495725e-09)
(1.0093573 0.13123552 -4.543246e-09)
(0.98539826 0.12913723 -4.9208438e-09)
(0.96196536 0.12468159 -5.2768549e-09)
(0.93942971 0.11780312 -5.6062132e-09)
(0.91818515 0.10849052 -5.9037272e-09)
(0.89861813 0.096800923 -6.1636201e-09)
(0.88111965 0.082888914 -6.3801491e-09)
(0.86603304 0.066998444 -6.5477955e-09)
(0.85367654 0.049469731 -6.6623218e-09)
(0.84428307 0.030726341 -6.7209145e-09)
(0.83799858 0.011226636 -6.722585e-09)
(0.83493664 -0.008489206 -6.6683327e-09)
(0.8350599 -0.027883702 -6.5606434e-09)
(0.838319 -0.046474348 -6.4027836e-09)
(0.84456859 -0.063772794 -6.1988652e-09)
(0.85365878 -0.079398915 -5.9533988e-09)
(0.86536729 -0.092946651 -5.6710191e-09)
(0.87948515 -0.10418317 -5.3569846e-09)
(0.8958096 -0.11275296 -5.0157025e-09)
(0.91402689 -0.11858219 -4.6537134e-09)
(0.93404857 -0.12132228 -4.2746993e-09)
(0.95527044 -0.1210908 -3.8881722e-09)
(0.97788595 -0.11755522 -3.4975199e-09)
(1.0006109 -0.11106631 -3.1188476e-09)
(1.0242722 -0.10143076 -2.7569602e-09)
(1.0462146 -0.089206505 -2.4390367e-09)
(1.0687196 -0.074669278 -2.1667646e-09)
(1.0865906 -0.058133121 -1.9856356e-09)
(1.1053752 -0.041453291 -1.8532667e-09)
(1.115757 -0.021768964 -1.8919897e-09)
(1.1281887 -0.0088050994 -1.856228e-09)
(1.1317152 0.017324873 -2.1635053e-09)
(1.1428458 -0.013094488 1.4305951e-11)
(1.1441153 -0.039366803 -5.5897351e-11)
(1.1466481 -0.066363734 1.1261723e-10)
(1.150462 -0.093912399 -2.2220098e-10)
(1.1557297 -0.12313389 4.0802565e-10)
(1.1630149 -0.15316547 -6.8416219e-10)
(1.1727271 -0.18609981 1.0886361e-09)
(1.1857209 -0.21937124 -1.6177329e-09)
(1.20273 -0.25717809 2.3463637e-09)
(1.2245279 -0.29313539 -3.3402448e-09)
(1.2532846 -0.33596351 4.6364847e-09)
(1.2891764 -0.37245897 -5.9475607e-09)
(1.3337779 -0.41556825 6.7970343e-09)
(1.3885221 -0.44634602 -6.765869e-09)
(1.4509785 -0.47811706 6.028542e-09)
(1.5272517 -0.49451643 -4.4599261e-09)
(1.6053434 -0.49788805 1.9806313e-09)
(1.6947181 -0.48475666 1.1753183e-09)
(1.7773239 -0.44865557 -2.5205777e-09)
(1.8515748 -0.3963051 1.8157115e-09)
(1.910996 -0.33492523 7.0228275e-09)
(1.9529132 -0.27208411 1.3887448e-08)
(1.9761411 -0.20980951 1.9983782e-08)
(1.985627 -0.15114458 2.5228934e-08)
(1.988789 -0.09700573 2.9492212e-08)
(1.9893948 -0.04585885 3.2905869e-08)
(1.9894815 0.0041597649 3.5051177e-08)
(1.9872781 0.054812514 3.6352764e-08)
(1.9807393 0.10686331 3.6824952e-08)
(1.9678301 0.15972239 3.6401823e-08)
(1.9470912 0.21145291 3.4762837e-08)
(1.9175564 0.25972454 3.1452556e-08)
(1.8783104 0.3022058 2.6636967e-08)
(1.8293209 0.33623656 2.1271583e-08)
(1.772245 0.35926505 1.6465546e-08)
(1.7100303 0.36904131 1.2781407e-08)
(1.6458744 0.36468579 1.013469e-08)
(1.5827841 0.34677055 8.2140494e-09)
(1.5234886 0.31643581 6.708908e-09)
(1.4698515 0.27582629 5.4090275e-09)
(1.4227667 0.2277907 4.2238828e-09)
(1.383896 0.17366233 2.8027248e-09)
(1.3558217 0.11498169 8.0326049e-10)
(1.3390088 0.055570366 -1.9564486e-09)
(1.3311935 -0.0011271909 -6.1717606e-09)
(1.3312102 -0.052035328 -1.2401327e-08)
(1.3388433 -0.094990348 -2.0119944e-08)
(1.3529136 -0.12782959 -2.7923483e-08)
(1.3737838 -0.14965079 -3.4504237e-08)
(1.4029757 -0.16006829 -3.9292022e-08)
(1.4417734 -0.15850732 -4.2386324e-08)
(1.490341 -0.14381111 -4.4103666e-08)
(1.5475736 -0.11417161 -4.4723121e-08)
(1.610769 -0.068524597 -4.4499469e-08)
(1.6747559 -0.0093726802 -4.3759364e-08)
(1.7316867 0.057923977 -4.2538798e-08)
(1.7766051 0.13245598 -3.9535391e-08)
(1.8056762 0.21208875 -3.3021045e-08)
(1.8157042 0.28649615 -2.4270638e-08)
(1.8055003 0.3480165 -1.52079e-08)
(1.7757158 0.39291359 -7.9529149e-09)
(1.7294276 0.42051707 -3.4305864e-09)
(1.6706181 0.43097813 -1.2733823e-09)
(1.6030208 0.42502086 -5.1034079e-10)
(1.5296995 0.40403724 -2.7410447e-10)
(1.4532647 0.37023306 -1.5983289e-10)
(1.3764081 0.32690845 -1.4285144e-10)
(1.3017869 0.2784359 -2.0375968e-10)
(1.2311974 0.22848515 -1.6999363e-10)
(1.1652273 0.17811839 5.9281586e-11)
(1.1040893 0.12758359 3.5535037e-10)
(1.0485429 0.080933919 4.990661e-10)
(0.99920774 0.047157545 3.2541188e-10)
(0.95513118 0.034998304 -2.7764121e-10)
(0.91366441 0.046066195 -1.3726964e-09)
(0.87205578 0.07312663 -2.9579526e-09)
(0.82915927 0.10393513 -4.9952046e-09)
(0.78601998 0.12668057 -7.4319411e-09)
(0.74520953 0.13322338 -1.0131013e-08)
(0.70997682 0.12004597 -1.2797523e-08)
(0.68316698 0.087531512 -1.5033496e-08)
(0.66712539 0.038828532 -1.6493461e-08)
(0.66307183 -0.021486313 -1.6969877e-08)
(0.67158985 -0.087917035 -1.6522812e-08)
(0.69281916 -0.15482385 -1.5401124e-08)
(0.72607673 -0.21690008 -1.3897618e-08)
(0.7699609 -0.26958132 -1.2277597e-08)
(0.82249395 -0.30935323 -1.0747183e-08)
(0.88129709 -0.33393416 -9.4458424e-09)
(0.94372733 -0.34236647 -8.4405462e-09)
(1.0070107 -0.33505923 -7.7106051e-09)
(1.0685011 -0.31371318 -7.1340773e-09)
(1.1260569 -0.28097906 -6.5083587e-09)
(1.1784177 -0.23984418 -5.6365276e-09)
(1.2253521 -0.1929584 -4.4564175e-09)
(1.2674772 -0.14225171 -3.1209673e-09)
(1.3055737 -0.08899027 -1.9421534e-09)
(1.3394944 -0.034453883 -1.2128781e-09)
(1.3673233 0.019225826 -1.0260098e-09)
(1.3854234 0.068571859 -1.223448e-09)
(1.3897712 0.10943343 -1.5173258e-09)
(1.3781436 0.13865554 -1.6905056e-09)
(1.3517506 0.15570297 -1.7192259e-09)
(1.3150618 0.16306686 -1.7402244e-09)
(1.2739859 0.16518837 -1.9242467e-09)
(1.2336344 0.16665971 -2.3695219e-09)
(1.1968689 0.17071018 -3.0716491e-09)
(1.1640929 0.17856748 -3.9505368e-09)
(1.1340246 0.18972627 -4.8887201e-09)
(1.1048123 0.20270826 -5.7547378e-09)
(1.0749183 0.21581293 -6.4175936e-09)
(1.0435287 0.22752308 -6.7712757e-09)
(1.0105464 0.23652254 -6.7712071e-09)
(0.97643464 0.24155049 -6.4633868e-09)
(0.94201811 0.24124632 -5.982316e-09)
(0.90836049 0.23414426 -5.5135671e-09)
(0.87672937 0.21885737 -5.2386025e-09)
(0.84846218 0.1943379 -5.2831436e-09)
(0.82482109 0.16019048 -5.6869093e-09)
(0.8068671 0.11688594 -6.398278e-09)
(0.79537628 0.065849729 -7.290832e-09)
(0.79066615 0.0093162079 -8.1913454e-09)
(0.79282327 -0.049911978 -8.9157067e-09)
(0.80147928 -0.10891826 -9.2999691e-09)
(0.81597458 -0.16493188 -9.2345955e-09)
(0.83572836 -0.21552873 -8.6909433e-09)
(0.86015786 -0.25867405 -7.7302321e-09)
(0.88860502 -0.29280465 -6.4869925e-09)
(0.92037934 -0.31691215 -5.1276002e-09)
(0.95496754 -0.33042534 -3.8014586e-09)
(0.99217818 -0.33291782 -2.610162e-09)
(1.0319533 -0.32391608 -1.6069115e-09)
(1.0739615 -0.3030991 -8.1663231e-10)
(1.1173982 -0.27074813 -2.5632983e-10)
(1.1610548 -0.22799686 5.9404694e-11)
(1.2033819 -0.17685177 1.2900074e-10)
(1.2423672 -0.1201334 -2.2328546e-11)
(1.2755106 -0.061440599 -3.4274536e-10)
(1.3000934 -0.004705519 -7.7109327e-10)
(1.313929 0.046458038 -1.2558262e-09)
(1.3161853 0.08954875 -1.7566977e-09)
(1.3075949 0.12368585 -2.2312799e-09)
(1.2901653 0.14950576 -2.6256803e-09)
(1.2665078 0.16863213 -2.885563e-09)
(1.239129 0.18301749 -2.9828662e-09)
(1.209961 0.19439394 -2.938552e-09)
(1.1802018 0.20393059 -2.8248052e-09)
(1.1504015 0.21209261 -2.7450439e-09)
(1.1206849 0.21865718 -2.8031839e-09)
(1.0910082 0.22284725 -3.0764954e-09)
(1.0613786 0.22354411 -3.6004267e-09)
(1.0319907 0.21954953 -4.3658051e-09)
(1.0032715 0.20985412 -5.3243737e-09)
(0.9758477 0.19385659 -6.3989166e-09)
(0.95045396 0.17150888 -7.4961507e-09)
(0.92782444 0.14334885 -8.5212906e-09)
(0.9086085 0.11041955 -9.3921091e-09)
(0.89329233 0.074112214 -1.0049366e-08)
(0.88221212 0.035984319 -1.0461235e-08)
(0.87547596 -0.0024571603 -1.0621423e-08)
(0.87299865 -0.039826078 -1.0543833e-08)
(0.87455526 -0.075021279 -1.0254112e-08)
(0.87988858 -0.10723595 -9.7838349e-09)
(0.8887193 -0.13590834 -9.1661447e-09)
(0.90080264 -0.16064039 -8.4333992e-09)
(0.9159337 -0.18110859 -7.6161985e-09)
(0.93391636 -0.19700399 -6.7428935e-09)
(0.95453242 -0.20801322 -5.8391688e-09)
(0.97752378 -0.21383401 -4.9275363e-09)
(1.0025863 -0.21420184 -4.0275118e-09)
(1.0293762 -0.20891827 -3.1568151e-09)
(1.0574895 -0.1978844 -2.3341034e-09)
(1.0864676 -0.18114493 -1.5828517e-09)
(1.1157714 -0.1589377 -9.346647e-10)
(1.144742 -0.1317491 -4.2884044e-10)
(1.1725107 -0.10039637 -1.0458734e-10)
(1.1979201 -0.066086685 1.3883196e-11)
(1.2195362 -0.030432141 -6.779388e-11)
(1.2358 0.0047276398 -3.1017825e-10)
(1.2454265 0.037607534 -6.5298749e-10)
(1.2477713 0.066785847 -1.0388249e-09)
(1.2429344 0.091470856 -1.4334767e-09)
(1.2317173 0.11150092 -1.8309892e-09)
(1.2153485 0.12717531 -2.2437607e-09)
(1.1951636 0.13900868 -2.6869446e-09)
(1.1723713 0.14751617 -3.1672101e-09)
(1.1479471 0.15308807 -3.6797205e-09)
(1.1226335 0.15594532 -4.2113663e-09)
(1.0970008 0.15616404 -4.7459543e-09)
(1.0715106 0.15371454 -5.2679466e-09)
(1.046581 0.14852667 -5.7641577e-09)
(1.0226063 0.14052555 -6.2233796e-09)
(0.99999368 0.12969591 -6.6359623e-09)
(0.97913756 0.1160932 -6.9929982e-09)
(0.96042991 0.099900108 -7.2868953e-09)
(0.94421089 0.081391178 -7.5113991e-09)
(0.93079026 0.060986311 -7.6629533e-09)
(0.92038034 0.039147722 -7.7403848e-09)
(0.91316082 0.016464661 -7.7458296e-09)
(0.90921232 -0.0064922984 -7.6836179e-09)
(0.90845066 -0.029077439 -7.5602112e-09)
(0.91081235 -0.050744814 -7.3823097e-09)
(0.91611823 -0.070940662 -7.1570225e-09)
(0.92418342 -0.089278238 -6.8908539e-09)
(0.93477377 -0.10530525 -6.589762e-09)
(0.94764109 -0.11882809 -6.2597565e-09)
(0.9626403 -0.12944254 -5.9052294e-09)
(0.97939603 -0.13713196 -5.5327986e-09)
(0.99800204 -0.14147478 -5.1442247e-09)
(1.0177368 -0.14262621 -4.7473811e-09)
(1.0391911 -0.14015896 -4.3392784e-09)
(1.0608517 -0.13437279 -3.9312961e-09)
(1.0842838 -0.12499865 -3.515322e-09)
(1.1063024 -0.11233032 -3.1177701e-09)
(1.1303869 -0.096844634 -2.7191109e-09)
(1.150201 -0.077987526 -2.4008579e-09)
(1.1726361 -0.059289036 -2.0652782e-09)
(1.187327 -0.034521116 -1.9670356e-09)
(1.2033636 -0.019894029 -1.7372764e-09)
(1.2142982 0.013451341 -1.925288e-09)
(1.2106347 -0.013471322 1.6795201e-11)
(1.2113133 -0.04056043 -6.0988582e-11)
(1.2125568 -0.068427761 1.1934112e-10)
(1.2146244 -0.097167225 -2.3013554e-10)
(1.2172982 -0.12774579 4.0929863e-10)
(1.2217466 -0.15986889 -6.6732832e-10)
(1.2275182 -0.19516297 1.0391282e-09)
(1.2370197 -0.23224897 -1.5462263e-09)
(1.2488432 -0.27421678 2.2924362e-09)
(1.2677954 -0.31677213 -3.4014435e-09)
(1.2928792 -0.36851879 4.9972151e-09)
(1.3254871 -0.41283567 -6.9867122e-09)
(1.36946 -0.46941571 8.9670311e-09)
(1.4244872 -0.50749044 -1.0905593e-08)
(1.4946744 -0.55793651 1.2594159e-08)
(1.5796687 -0.57788132 -1.35819e-08)
(1.6722057 -0.59095191 1.2284382e-08)
(1.7852502 -0.57564641 -6.2072038e-09)
(1.8796325 -0.52469506 -1.7048658e-09)
(1.9792522 -0.46636098 2.4835541e-08)
(2.0290374 -0.38410332 3.450198e-08)
(2.0430604 -0.3002404 4.1785123e-08)
(2.0397911 -0.22316158 4.7665785e-08)
(2.0289039 -0.15667257 5.5675971e-08)
(2.0171808 -0.098726687 6.4920912e-08)
(2.0081959 -0.045581905 7.3974184e-08)
(2.0037956 0.0068960608 8.1653952e-08)
(2.0000466 0.060762815 8.8490742e-08)
(1.9937334 0.11780154 9.4118177e-08)
(1.9820335 0.17792684 9.7493939e-08)
(1.9622472 0.2395197 9.826804e-08)
(1.9319329 0.2999063 9.7037578e-08)
(1.8931686 0.35423091 9.0260468e-08)
(1.8455113 0.3975321 7.7958048e-08)
(1.7886171 0.42631153 6.2817781e-08)
(1.7232359 0.43919368 4.8677914e-08)
(1.6530757 0.43518813 3.6994956e-08)
(1.582245 0.41471164 2.7984164e-08)
(1.5140754 0.37943609 2.1252582e-08)
(1.4509659 0.33195117 1.6039984e-08)
(1.3951711 0.27473704 1.1764935e-08)
(1.3486548 0.21052325 8.0966286e-09)
(1.3118479 0.14242735 4.0214498e-09)
(1.2831726 0.073541904 -2.4457706e-09)
(1.2595543 0.0080266558 -1.2634315e-08)
(1.2381411 -0.048197433 -2.5172852e-08)
(1.2204436 -0.095401069 -3.657981e-08)
(1.2099713 -0.13381727 -4.3909414e-08)
(1.2108724 -0.16393499 -4.6437832e-08)
(1.2276987 -0.18569784 -4.5425306e-08)
(1.2631547 -0.19751582 -4.2900712e-08)
(1.3173317 -0.19677389 -4.0661332e-08)
(1.3884136 -0.1802352 -3.9935816e-08)
(1.4735728 -0.14419677 -4.1265481e-08)
(1.5685823 -0.085101004 -4.4103499e-08)
(1.664694 -0.0046218143 -4.6641661e-08)
(1.746893 0.086081685 -4.7529651e-08)
(1.8078837 0.1763873 -4.7637146e-08)
(1.8491839 0.2660147 -4.5511225e-08)
(1.8693292 0.35164395 -3.787655e-08)
(1.8637289 0.42185623 -2.6032266e-08)
(1.8336332 0.4693564 -1.4994384e-08)
(1.7837321 0.49325997 -7.1128169e-09)
(1.7198579 0.49555369 -2.73083e-09)
(1.6471959 0.47956948 -8.1191583e-10)
(1.5695889 0.44831475 -1.3348275e-10)
(1.4899652 0.40497248 1.9785819e-12)
(1.4109781 0.35411864 -9.3650313e-11)
(1.3347337 0.30046027 -1.5959369e-10)
(1.262227 0.24593191 -3.8161374e-11)
(1.19376 0.19060172 2.1896271e-10)
(1.1300028 0.13812656 4.8429449e-10)
(1.0719274 0.098227784 6.1363202e-10)
(1.0195921 0.081334435 3.4100732e-10)
(0.97144872 0.090231329 -6.7148186e-10)
(0.9252386 0.11716746 -2.6339054e-09)
(0.87970257 0.14810027 -5.522379e-09)
(0.8354699 0.1693283 -9.0826775e-09)
(0.79462176 0.17163528 -1.2834321e-08)
(0.75974706 0.15140736 -1.6143721e-08)
(0.73315541 0.10932625 -1.8423536e-08)
(0.71682427 0.049280533 -1.9355129e-08)
(0.71215025 -0.023497399 -1.8975168e-08)
(0.72008699 -0.10287247 -1.7587055e-08)
(0.74099015 -0.18250859 -1.5584123e-08)
(0.7743117 -0.25629653 -1.3324973e-08)
(0.8185775 -0.31894181 -1.1082485e-08)
(0.87166438 -0.36641265 -9.0469875e-09)
(0.9311348 -0.39609613 -7.3519218e-09)
(0.99437392 -0.40680174 -6.0949125e-09)
(1.0585844 -0.39884174 -5.3360667e-09)
(1.1209212 -0.374119 -5.0627398e-09)
(1.1788427 -0.33593418 -5.1283315e-09)
(1.2305037 -0.28834888 -5.2231388e-09)
(1.2750587 -0.23532132 -4.9638e-09)
(1.3129178 -0.17984531 -4.1083888e-09)
(1.3456914 -0.12344443 -2.7515543e-09)
(1.3754505 -0.066267525 -1.3153468e-09)
(1.4033181 -0.0081287659 -3.0518865e-10)
(1.4279946 0.049898794 1.8575835e-12)
(1.4453567 0.10440997 -2.9205705e-10)
(1.4499881 0.15032401 -8.2378357e-10)
(1.4381114 0.18320281 -1.250545e-09)
(1.4099974 0.20174436 -1.4633645e-09)
(1.3701085 0.20864954 -1.5920194e-09)
(1.325002 0.20933107 -1.8573437e-09)
(1.2805602 0.2094788 -2.4176849e-09)
(1.2401539 0.21297553 -3.2975088e-09)
(1.2043754 0.22107729 -4.3951895e-09)
(1.1719734 0.23285638 -5.5291392e-09)
(1.141146 0.24624702 -6.4928501e-09)
(1.110501 0.2589704 -7.1131523e-09)
(1.0794323 0.26897464 -7.3068538e-09)
(1.0480947 0.27444973 -7.117818e-09)
(1.017168 0.27367772 -6.7106029e-09)
(0.9876356 0.26498976 -6.3176661e-09)
(0.96065259 0.24691076 -6.1647179e-09)
(0.93734849 0.21839567 -6.4035934e-09)
(0.91875616 0.17915401 -7.076542e-09)
(0.90570339 0.12992331 -8.1144425e-09)
(0.89863783 0.072504912 -9.3601911e-09)
(0.89753338 0.0095546394 -1.0602603e-08)
(0.90217893 -0.055781736 -1.1614543e-08)
(0.91195338 -0.12032031 -1.2187351e-08)
(0.92604487 -0.18130114 -1.2169957e-08)
(0.94394342 -0.23635995 -1.1505598e-08)
(0.96536974 -0.28343617 -1.0256433e-08)
(0.98996894 -0.32084807 -8.5980391e-09)
(1.0171001 -0.34759558 -6.7698802e-09)
(1.0461029 -0.36341483 -4.9977168e-09)
(1.0768105 -0.36823848 -3.4311065e-09)
(1.1095278 -0.36158291 -2.1299816e-09)
(1.1443719 -0.3427067 -1.0950475e-09)
(1.1808262 -0.31145223 -3.0998983e-10)
(1.2179763 -0.26874411 2.3134393e-10)
(1.2548797 -0.21635794 5.2240381e-10)
(1.2905011 -0.15661895 5.6188012e-10)
(1.3233416 -0.092455279 3.7451824e-10)
(1.3511724 -0.027524894 1.3194441e-11)
(1.371307 0.034114839 -4.6137845e-10)
(1.3814374 0.088684221 -1.0013291e-09)
(1.3804902 0.13363478 -1.5700691e-09)
(1.3690424 0.16823087 -2.1223769e-09)
(1.3490817 0.19343997 -2.5930391e-09)
(1.323297 0.21131194 -2.9136556e-09)
(1.2943054 0.22418325 -3.0494635e-09)
(1.2641251 0.23399916 -3.0291302e-09)
(1.2339899 0.24190296 -2.9458052e-09)
(1.2044436 0.24810673 -2.9284099e-09)
(1.1755869 0.25199476 -3.0997039e-09)
(1.1473578 0.25239022 -3.5407655e-09)
(1.1197551 0.24790243 -4.2730608e-09)
(1.0929617 0.23729785 -5.2585385e-09)
(1.067362 0.21980027 -6.4124522e-09)
(1.043489 0.19526934 -7.6233641e-09)
(1.0219384 0.16424563 -8.7757097e-09)
(1.0032783 0.12787376 -9.7702823e-09)
(0.98798396 0.087696814 -1.053804e-08)
(0.9763888 0.045497972 -1.1044535e-08)
(0.96866232 0.0029225201 -1.128553e-08)
(0.96483383 -0.038487698 -1.1278108e-08)
(0.96469487 -0.077478078 -1.1050401e-08)
(0.96801229 -0.11321644 -1.0634221e-08)
(0.97455426 -0.14517083 -1.0060797e-08)
(0.9841465 -0.17299221 -9.3594548e-09)
(0.99667229 -0.19638585 -8.5582028e-09)
(1.0120162 -0.21502888 -7.684705e-09)
(1.0300058 -0.22856099 -6.7662415e-09)
(1.050391 -0.23662649 -5.8282719e-09)
(1.0728657 -0.23890877 -4.89257e-09)
(1.0970802 -0.23515945 -3.976172e-09)
(1.1226285 -0.22523044 -3.0919751e-09)
(1.14904 -0.20913531 -2.2512602e-09)
(1.1758105 -0.18709443 -1.4686477e-09)
(1.2024502 -0.15953989 -7.6904193e-10)
(1.2284812 -0.12710117 -1.9255327e-10)
(1.2533229 -0.090657466 2.0986871e-10)
(1.2761132 -0.051441397 3.9397925e-10)
(1.295592 -0.01112446 3.4589066e-10)
(1.3102267 0.028326053 9.5441755e-11)
(1.3185972 0.064883741 -2.9315578e-10)
(1.3198123 0.096917519 -7.4964298e-10)
(1.3137847 0.12349547 -1.2264838e-09)
(1.3012262 0.14443481 -1.7105037e-09)
(1.2833838 0.16011823 -2.2140581e-09)
(1.2616848 0.17119009 -2.7560726e-09)
(1.2374593 0.17829124 -3.3463339e-09)
(1.2117939 0.18189219 -3.979605e-09)
(1.1855251 0.18225719 -4.6385043e-09)
(1.1592855 0.17947202 -5.2996726e-09)
(1.1335819 0.17352166 -5.9393372e-09)
(1.1088542 0.16435291 -6.5360702e-09)
(1.0855119 0.15195049 -7.07184e-09)
(1.0639601 0.13638124 -7.5318187e-09)
(1.0445706 0.1178493 -7.9047513e-09)
(1.0276938 0.096676142 -8.1830073e-09)
(1.0136097 0.073339125 -8.3636869e-09)
(1.0025394 0.04838808 -8.4481545e-09)
(0.99461779 0.022513752 -8.4427779e-09)
(0.98993416 -0.0036853038 -8.356777e-09)
(0.98844038 -0.029435334 -8.202177e-09)
(0.99001784 -0.054128687 -7.9904272e-09)
(0.99446179 -0.077135929 -7.7326835e-09)
(1.0015524 -0.098072135 -7.4377034e-09)
(1.0110598 -0.11643967 -7.1127589e-09)
(1.0226745 -0.13209755 -6.7641668e-09)
(1.0363195 -0.14460472 -6.396511e-09)
(1.0515103 -0.15400848 -6.0172731e-09)
(1.0685034 -0.15984728 -5.6289076e-09)
(1.0863723 -0.16231844 -5.241704e-09)
(1.1060552 -0.16098231 -4.8512598e-09)
(1.125683 -0.15607372 -4.4713569e-09)
(1.1475349 -0.14741337 -4.0795239e-09)
(1.1677993 -0.1348834 -3.7095034e-09)
(1.1911726 -0.11954941 -3.2916677e-09)
(1.2105745 -0.099196799 -2.954091e-09)
(1.2336265 -0.080225264 -2.4963209e-09)
(1.2512313 -0.050919135 -2.2745551e-09)
(1.268333 -0.035629338 -1.8912825e-09)
(1.2867028 0.0046772334 -1.8071218e-09)
(1.2713022 -0.013514329 2.1932489e-11)
(1.2712401 -0.040768395 -6.6137817e-11)
(1.2710858 -0.068809446 1.163454e-10)
(1.2709609 -0.09807395 -2.1165302e-10)
(1.2707799 -0.12923894 3.5122938e-10)
(1.271423 -0.16281017 -5.4952663e-10)
(1.2728197 -0.19960087 8.2948456e-10)
(1.2768242 -0.2401775 -1.2250087e-09)
(1.2830322 -0.28542751 1.7983961e-09)
(1.2961798 -0.33602841 -2.6285029e-09)
(1.3116472 -0.39261365 3.7286402e-09)
(1.3406594 -0.45019412 -5.0372312e-09)
(1.3800611 -0.51999642 6.4845864e-09)
(1.4366457 -0.57473142 -8.4632711e-09)
(1.5151969 -0.65092991 1.1648704e-08)
(1.6083258 -0.67665881 -1.7650566e-08)
(1.732444 -0.71837996 2.4858629e-08)
(1.8692869 -0.69415013 -2.608391e-08)
(1.9987556 -0.64053912 5.0111831e-08)
(2.0601773 -0.52310364 7.4724858e-08)
(2.0649663 -0.403514 6.0112413e-08)
(2.0474003 -0.30119987 6.4275794e-08)
(1.9945882 -0.21193424 9.0042686e-08)
(1.9398569 -0.14467415 1.2183069e-07)
(1.8945137 -0.09034695 1.5231612e-07)
(1.8660641 -0.042489012 1.7665305e-07)
(1.8509096 0.0055989848 1.9502051e-07)
(1.8488943 0.057355492 2.0450792e-07)
(1.8552931 0.11519381 2.0581886e-07)
(1.8627508 0.1796039 2.0019554e-07)
(1.8643343 0.24943548 1.887981e-07)
(1.8545439 0.32016174 1.728072e-07)
(1.8288999 0.3861748 1.5578591e-07)
(1.788259 0.44225968 1.377675e-07)
(1.7346844 0.48382087 1.1807641e-07)
(1.6720033 0.50539597 9.6443704e-08)
(1.60013 0.50633656 7.6496305e-08)
(1.524883 0.48675714 5.9636517e-08)
(1.450673 0.44902909 4.5774065e-08)
(1.380351 0.39668095 3.4826401e-08)
(1.3164471 0.33267045 2.6653248e-08)
(1.2600378 0.26012545 1.885724e-08)
(1.2078875 0.18421926 6.938582e-09)
(1.1546209 0.11122017 -1.1067917e-08)
(1.0976572 0.045705691 -3.0638261e-08)
(1.037674 -0.011193466 -4.3652666e-08)
(0.98277851 -0.061726782 -4.5364224e-08)
(0.94563237 -0.11038013 -3.7395477e-08)
(0.9329708 -0.15843507 -2.4854169e-08)
(0.94762376 -0.20287766 -1.249261e-08)
(0.98925797 -0.23850477 -3.015195e-09)
(1.0552887 -0.25996935 2.6126834e-09)
(1.1425836 -0.26268313 4.1818222e-09)
(1.247324 -0.24272952 1.6643255e-09)
(1.365961 -0.19564396 -5.1974136e-09)
(1.4940086 -0.11760945 -1.6317192e-08)
(1.6236048 -0.011234626 -2.9854266e-08)
(1.7374946 0.11033087 -4.0990814e-08)
(1.818178 0.22811302 -4.6076021e-08)
(1.8643521 0.33146306 -4.7246731e-08)
(1.8878815 0.42282095 -4.4768452e-08)
(1.887976 0.49594071 -3.4447014e-08)
(1.8591471 0.54232388 -2.2055771e-08)
(1.8079637 0.56053508 -1.1914554e-08)
(1.7419256 0.55371525 -5.4027789e-09)
(1.6668691 0.52710693 -1.958952e-09)
(1.5872132 0.48527903 -4.8626884e-10)
(1.5064241 0.43339129 -7.2944439e-11)
(1.4271346 0.37704664 -4.2304189e-11)
(1.3507641 0.31916604 -8.7231793e-12)
(1.2777159 0.25989325 1.2995275e-10)
(1.2085633 0.20229344 4.1059152e-10)
(1.1445872 0.15623046 7.9329413e-10)
(1.086869 0.13350508 8.9031381e-10)
(1.0349952 0.13837426 3.2645709e-11)
(0.98724086 0.16318258 -2.2651714e-09)
(0.94212442 0.19264036 -5.9699098e-09)
(0.89944784 0.21137067 -1.0531451e-08)
(0.86039068 0.2092438 -1.507426e-08)
(0.82665704 0.18225673 -1.8692238e-08)
(0.80029018 0.13139959 -2.0774691e-08)
(0.78319428 0.060643192 -2.1174877e-08)
(0.77713577 -0.024297985 -2.0142496e-08)
(0.78368504 -0.11676028 -1.8117961e-08)
(0.8035494 -0.20951483 -1.5554094e-08)
(0.83625648 -0.29536512 -1.2824679e-08)
(0.88005801 -0.36810181 -1.0194736e-08)
(0.93243269 -0.42321974 -7.829417e-09)
(0.99077115 -0.45797464 -5.8255444e-09)
(1.0526137 -0.4710776 -4.2457713e-09)
(1.1153802 -0.46269878 -3.1427375e-09)
(1.1762867 -0.43480244 -2.5698247e-09)
(1.232827 -0.39112005 -2.5538711e-09)
(1.2832076 -0.33640343 -3.001191e-09)
(1.3263216 -0.27556544 -3.5928724e-09)
(1.3617786 -0.21295632 -3.8298579e-09)
(1.3903148 -0.15154259 -3.3027256e-09)
(1.4140881 -0.092138131 -2.0083779e-09)
(1.4360564 -0.033486752 -4.2212441e-10)
(1.4582393 0.026257335 7.796503e-10)
(1.479686 0.087099339 1.1520109e-09)
(1.4957346 0.14553542 7.3898952e-10)
(1.4997741 0.19535109 -3.3886184e-11)
(1.4868781 0.23079028 -7.1550537e-10)
(1.456812 0.24997345 -1.126753e-09)
(1.4142433 0.25603502 -1.3994789e-09)
(1.3662932 0.25538157 -1.8064346e-09)
(1.3193513 0.25455063 -2.5551613e-09)
(1.2770469 0.25767314 -3.6707531e-09)
(1.2400688 0.26567306 -4.9945548e-09)
(1.2072638 0.2769996 -6.2632164e-09)
(1.1770255 0.28894241 -7.218857e-09)
(1.148218 0.29866766 -7.7091216e-09)
(1.1204848 0.30364858 -7.745402e-09)
(1.0941403 0.30168907 -7.4971766e-09)
(1.0699095 0.29086821 -7.2257655e-09)
(1.048699 0.26961972 -7.1912034e-09)
(1.031367 0.23695744 -7.5708525e-09)
(1.0186323 0.19278584 -8.4177755e-09)
(1.0109571 0.13811294 -9.6599084e-09)
(1.0084639 0.075077077 -1.112686e-08)
(1.0109201 0.0067612978 -1.2586902e-08)
(1.0179467 -0.063265777 -1.3786186e-08)
(1.0286509 -0.13176252 -1.4485395e-08)
(1.0419558 -0.19611295 -1.4499288e-08)
(1.057396 -0.25429225 -1.3736959e-08)
(1.0750993 -0.304394 -1.2241204e-08)
(1.0953226 -0.34445588 -1.0206382e-08)
(1.1177382 -0.37312341 -7.9370658e-09)
(1.1414615 -0.39033425 -5.7444221e-09)
(1.1660314 -0.39669873 -3.8403702e-09)
(1.1919494 -0.39203647 -2.2995934e-09)
(1.2198109 -0.37509644 -1.0998067e-09)
(1.2492917 -0.34501568 -1.8894298e-10)
(1.2794618 -0.30260326 4.7200171e-10)
(1.3095672 -0.24981132 8.9608418e-10)
(1.3391481 -0.18891885 1.078544e-09)
(1.3676885 -0.12232335 1.0205732e-09)
(1.394112 -0.052856698 7.5117851e-10)
(1.4164247 0.015980122 3.2533235e-10)
(1.4319934 0.080154906 -2.0114355e-10)
(1.438433 0.13588117 -7.9124498e-10)
(1.4345569 0.18072711 -1.4172287e-09)
(1.4208606 0.21420241 -2.0331258e-09)
(1.3993099 0.23762285 -2.5637768e-09)
(1.3726145 0.25338763 -2.9303494e-09)
(1.3434202 0.26405453 -3.0974195e-09)
(1.3137543 0.27157634 -3.1067027e-09)
(1.2848284 0.27688003 -3.0727446e-09)
(1.2571366 0.27980609 -3.1431206e-09)
(1.2307168 0.27934295 -3.4460353e-09)
(1.2054415 0.27403957 -4.0499033e-09)
(1.1812411 0.26247797 -4.9476541e-09)
(1.1582117 0.24368777 -6.064939e-09)
(1.136611 0.21738764 -7.2845343e-09)
(1.1168353 0.18405541 -8.4772946e-09)
(1.099318 0.14484402 -9.5306859e-09)
(1.0845205 0.10140749 -1.0367156e-08)
(1.072759 0.055626309 -1.09493e-08)
(1.0642571 0.0093909737 -1.1272942e-08)
(1.0592002 -0.035615987 -1.1354982e-08)
(1.0574591 -0.078033098 -1.1221991e-08)
(1.0587989 -0.116977 -1.0902182e-08)
(1.0630401 -0.1519573 -1.0421293e-08)
(1.0700908 -0.18270361 -9.8018064e-09)
(1.0799533 -0.20896093 -9.0650817e-09)
(1.0926291 -0.23036423 -8.2348044e-09)
(1.1080031 -0.2464602 -7.3388151e-09)
(1.1258143 -0.25680773 -6.4072786e-09)
(1.1457235 -0.2610426 -5.4682666e-09)
(1.1673784 -0.25886996 -4.5439782e-09)
(1.1903952 -0.25006675 -3.6496558e-09)
(1.214298 -0.23456852 -2.7944857e-09)
(1.2385231 -0.21259037 -1.9833785e-09)
(1.2625126 -0.1846514 -1.2211983e-09)
(1.2858288 -0.15147749 -5.2205767e-10)
(1.3081803 -0.11389628 7.9472485e-11)
(1.329287 -0.072844025 5.2662516e-10)
(1.34862 -0.029522976 7.5811821e-10)
(1.3651831 0.014451225 7.3961954e-10)
(1.3775615 0.057053543 4.8734817e-10)
(1.3842765 0.09614234 6.3990713e-11)
(1.3842767 0.12995018 -4.5205297e-10)
(1.3773041 0.15744559 -1.0025111e-09)
(1.3639533 0.17842684 -1.5671341e-09)
(1.3454284 0.19332582 -2.156717e-09)
(1.3231818 0.20287366 -2.7919906e-09)
(1.2986025 0.20778857 -3.4841292e-09)
(1.272847 0.20859956 -4.2263029e-09)
(1.2468104 0.2056092 -4.9957045e-09)
(1.2211519 0.19893944 -5.7608617e-09)
(1.1963979 0.18861302 -6.4886263e-09)
(1.1729742 0.17464028 -7.1490584e-09)
(1.1513064 0.15711479 -7.717487e-09)
(1.1317417 0.13626713 -8.1759447e-09)
(1.1146318 0.11246985 -8.513179e-09)
(1.1002228 0.086246603 -8.7258298e-09)
(1.088751 0.058223736 -8.8173048e-09)
(1.0803036 0.029164624 -8.7984731e-09)
(1.0749912 -0.00019826999 -8.6842127e-09)
(1.072797 -0.029038406 -8.4932446e-09)
(1.0735824 -0.056681539 -8.2428938e-09)
(1.0771434 -0.082404542 -7.949428e-09)
(1.083223 -0.10582377 -7.6241337e-09)
(1.091619 -0.12640228 -7.2753258e-09)
(1.1019584 -0.14405561 -6.90834e-09)
(1.114256 -0.15832 -6.5265995e-09)
(1.1279119 -0.16928714 -6.136839e-09)
(1.1433472 -0.1764815 -5.741446e-09)
(1.1593895 -0.1801048 -5.3545029e-09)
(1.1773053 -0.17978597 -4.97102e-09)
(1.1947715 -0.17562228 -4.6182942e-09)
(1.2147143 -0.16774546 -4.2584339e-09)
(1.2326442 -0.15533906 -3.9590956e-09)
(1.2540376 -0.14078449 -3.5899402e-09)
(1.2717832 -0.11920674 -3.3333846e-09)
(1.2928049 -0.10127129 -2.9073841e-09)
(1.3111119 -0.069019803 -2.6404607e-09)
(1.3272786 -0.052387611 -2.2522292e-09)
(1.3495721 -0.0084680319 -1.9054586e-09)
(1.3248457 -0.01319334 3.4020266e-11)
(1.3239211 -0.039846069 -7.6807678e-11)
(1.3222698 -0.067329588 1.110696e-10)
(1.3196015 -0.096224267 -1.8639835e-10)
(1.3162674 -0.12721024 2.7924296e-10)
(1.3123517 -0.16105166 -4.3002619e-10)
(1.3086188 -0.19864674 6.4569165e-10)
(1.3055801 -0.2410314 -9.9331659e-10)
(1.3043037 -0.2894439 1.5032422e-09)
(1.3058114 -0.34477424 -2.2310439e-09)
(1.3129244 -0.40646324 3.031187e-09)
(1.3344556 -0.48138298 -3.8891519e-09)
(1.3632542 -0.56223999 4.3749181e-09)
(1.4224236 -0.65129385 -4.0736491e-09)
(1.4974417 -0.74828459 3.0218152e-09)
(1.6122713 -0.80678193 -4.4120659e-09)
(1.7743553 -0.90248058 1.3885541e-08)
(1.9401847 -0.83223141 3.3502085e-08)
(2.0089959 -0.76342672 1.1893022e-05)
(2.0455034 -0.59138806 6.0516987e-06)
(1.9729632 -0.41474323 -3.3026261e-05)
(1.8269248 -0.26819381 -3.4442923e-05)
(1.5059949 -0.10832236 2.1856333e-07)
(1.4003649 -0.059429921 2.944981e-07)
(1.3391048 -0.024287368 3.1458468e-07)
(1.3121179 0.0014430863 3.1431564e-07)
(1.318307 0.027496408 3.0325711e-07)
(1.3512838 0.061322183 2.8984719e-07)
(1.4030956 0.10794505 2.7794635e-07)
(1.4632136 0.16777452 2.6828108e-07)
(1.5236998 0.2400878 2.5844413e-07)
(1.5740152 0.32074671 2.4510498e-07)
(1.6054674 0.40224982 2.2743455e-07)
(1.6065723 0.47511642 2.0494756e-07)
(1.5805727 0.53160099 1.7966326e-07)
(1.5338736 0.56685831 1.5305102e-07)
(1.4733932 0.57714881 1.2554014e-07)
(1.4017156 0.56282906 9.9669207e-08)
(1.3249194 0.52627501 7.7909657e-08)
(1.2473864 0.47105804 6.0185623e-08)
(1.1704271 0.40173562 4.1155845e-08)
(1.0909048 0.32604997 1.4539454e-08)
(1.002725 0.25375039 -1.6905743e-08)
(0.90392185 0.18973733 -4.023154e-08)
(0.80234443 0.12999296 -4.4206439e-08)
(0.71424502 0.066118796 -2.9844699e-08)
(0.6535757 -0.0050360728 -7.3222024e-09)
(0.62463496 -0.084124038 1.3868922e-08)
(0.6291318 -0.16660359 2.9294206e-08)
(0.66375793 -0.24319941 3.9001059e-08)
(0.72305071 -0.30593414 4.4677308e-08)
(0.80239493 -0.34948879 4.7784613e-08)
(0.89961331 -0.36988255 4.8800109e-08)
(1.0136464 -0.36353672 4.7371188e-08)
(1.1427877 -0.32748439 4.2365553e-08)
(1.2845477 -0.25804742 3.2151936e-08)
(1.433708 -0.15273334 1.5708796e-08)
(1.5828629 -0.015215787 -5.5014443e-09)
(1.715491 0.13837489 -2.6282577e-08)
(1.8118637 0.28306773 -4.0320826e-08)
(1.8644426 0.40262884 -4.5638013e-08)
(1.8831364 0.4983524 -4.5810449e-08)
(1.8825016 0.56998449 -3.8472445e-08)
(1.8545379 0.60961461 -2.6425397e-08)
(1.8036916 0.61899471 -1.5688931e-08)
(1.7384022 0.60207742 -8.0520662e-09)
(1.664101 0.56472382 -3.5284824e-09)
(1.5853791 0.51353268 -1.322091e-09)
(1.5060709 0.45554122 -4.3108279e-10)
(1.4286006 0.39504792 -1.1462734e-10)
(1.3538127 0.33260998 1.6648501e-11)
(1.2822724 0.2706212 2.789167e-10)
(1.215421 0.21851539 8.5279259e-10)
(1.1551471 0.1889746 1.3277026e-09)
(1.1021202 0.18786288 7.3800971e-10)
(1.0552997 0.20844967 -1.7083349e-09)
(1.0129131 0.23497115 -6.0033875e-09)
(0.97388611 0.2508021 -1.1327337e-08)
(0.93819619 0.24482552 -1.6472185e-08)
(0.90664679 0.21233613 -2.0360229e-08)
(0.88089671 0.15389322 -2.2406344e-08)
(0.86316878 0.073354593 -2.2570748e-08)
(0.85584515 -0.023375443 -2.1181989e-08)
(0.86090524 -0.12909463 -1.8722586e-08)
(0.87953167 -0.23541336 -1.5689397e-08)
(0.91138666 -0.33363361 -1.2515841e-08)
(0.95433893 -0.41629655 -9.5217056e-09)
(1.0051767 -0.47845853 -6.8972692e-09)
(1.0608859 -0.51761896 -4.731847e-09)
(1.1192795 -0.53268089 -3.0580873e-09)
(1.1782833 -0.52361815 -1.8734785e-09)
(1.235213 -0.49238858 -1.1492437e-09)
(1.2874979 -0.44341039 -8.6479459e-10)
(1.3337064 -0.38221496 -1.0354671e-09)
(1.3733727 -0.31414627 -1.6236849e-09)
(1.4063004 -0.24401956 -2.3641383e-09)
(1.4324806 -0.17586999 -2.7429476e-09)
(1.4527453 -0.11207049 -2.2803394e-09)
(1.4693936 -0.052340075 -9.2668764e-10)
(1.4857226 0.0061081587 7.9734118e-10)
(1.5040681 0.066645581 2.094759e-09)
(1.5233466 0.12988381 2.4185315e-09)
(1.5381174 0.19167507 1.808e-09)
(1.5407899 0.24434516 7.6988243e-10)
(1.5259476 0.28097704 -1.5583687e-10)
(1.4935401 0.29959334 -7.5837174e-10)
(1.4487868 0.30414476 -1.2027434e-09)
(1.399297 0.30200576 -1.8160699e-09)
(1.3516603 0.30014567 -2.8226053e-09)
(1.3094985 0.30243073 -4.1993973e-09)
(1.2734886 0.30909833 -5.7027392e-09)
(1.2426149 0.31786435 -7.0094217e-09)
(1.2155245 0.32543962 -7.8770511e-09)
(1.1913343 0.32858049 -8.2471114e-09)
(1.1698202 0.32450707 -8.2562089e-09)
(1.1512447 0.31096762 -8.1654715e-09)
(1.1361074 0.28629526 -8.2529919e-09)
(1.1248998 0.2495786 -8.7186078e-09)
(1.1179623 0.20088105 -9.633408e-09)
(1.1154124 0.14145072 -1.0935198e-08)
(1.1171169 0.073754515 -1.2455443e-08)
(1.1227238 0.0012410004 -1.3957233e-08)
(1.1316171 -0.072144668 -1.5176934e-08)
(1.1427868 -0.14304547 -1.5864943e-08)
(1.1551067 -0.20904597 -1.5827425e-08)
(1.1679651 -0.26879768 -1.4957499e-08)
(1.1817036 -0.32097995 -1.3271172e-08)
(1.1972696 -0.3633874 -1.0951643e-08)
(1.2149855 -0.39377274 -8.343343e-09)
(1.2339114 -0.41176699 -5.8367899e-09)
(1.2530128 -0.41885651 -3.7082827e-09)
(1.2726841 -0.415701 -2.0410992e-09)
(1.2940898 -0.40062078 -7.7364564e-10)
(1.3170973 -0.371659 1.8582716e-10)
(1.3405827 -0.32947839 8.9561761e-10)
(1.3638887 -0.2764287 1.3800949e-09)
(1.3868773 -0.21504854 1.6399115e-09)
(1.4095491 -0.14764662 1.6678188e-09)
(1.4317185 -0.076419135 1.4720695e-09)
(1.4525319 -0.0039424083 1.0923345e-09)
(1.470056 0.066469526 5.8777773e-10)
(1.4816719 0.13086694 6.1328045e-12)
(1.4850171 0.18562042 -6.3055466e-10)
(1.4789178 0.22852598 -1.3048307e-09)
(1.4638913 0.25940888 -1.9698309e-09)
(1.4418997 0.27992762 -2.5426134e-09)
(1.4156222 0.29271646 -2.9402975e-09)
(1.3876621 0.30035858 -3.134621e-09)
(1.3599844 0.30460978 -3.183804e-09)
(1.3337065 0.30604506 -3.2185208e-09)
(1.3092024 0.30411802 -3.3910748e-09)
(1.2863912 0.29754174 -3.8170143e-09)
(1.2650413 0.28483838 -4.5366752e-09)
(1.2449804 0.2648738 -5.5081556e-09)
(1.2261711 0.23719161 -6.6280708e-09)
(1.2087407 0.20213483 -7.7673574e-09)
(1.1929546 0.16077824 -8.8077317e-09)
(1.1791574 0.11477938 -9.6661187e-09)
(1.1676607 0.066066347 -1.0301505e-08)
(1.1587933 0.016723312 -1.0706097e-08)
(1.1527913 -0.031395117 -1.0891145e-08)
(1.1496445 -0.076827995 -1.0875714e-08)
(1.149192 -0.1186142 -1.0680419e-08)
(1.1512881 -0.15631576 -1.0323907e-08)
(1.1559109 -0.18978929 -9.8207532e-09)
(1.1631993 -0.2188509 -9.1831019e-09)
(1.1733147 -0.2430601 -8.4268717e-09)
(1.1862223 -0.26178302 -7.5779689e-09)
(1.2016171 -0.27442818 -6.6720302e-09)
(1.2190671 -0.28059223 -5.746698e-09)
(1.2381841 -0.27998916 -4.8325757e-09)
(1.2586236 -0.27234942 -3.949461e-09)
(1.2799547 -0.25749118 -3.1083747e-09)
(1.3016106 -0.23554608 -2.3144936e-09)
(1.3229781 -0.20707426 -1.5674857e-09)
(1.343534 -0.17298094 -8.6311656e-10)
(1.3629582 -0.1343059 -2.0350237e-10)
(1.3811614 -0.09205422 3.8540641e-10)
(1.3981493 -0.0471776 8.451057e-10)
(1.4137002 -0.00077826879 1.1011325e-09)
(1.4270689 0.045629399 1.1010485e-09)
(1.4369826 0.090047413 8.471026e-10)
(1.4419784 0.13031941 3.9729466e-10)
(1.4409167 0.16461915 -1.6641851e-10)
(1.4334123 0.19186653 -7.7881267e-10)
(1.4199395 0.21185038 -1.4138054e-09)
(1.4016165 0.22502609 -2.0793467e-09)
(1.3798598 0.23216122 -2.7952463e-09)
(1.3560532 0.23401298 -3.5715852e-09)
(1.3313797 0.23116665 -4.3981954e-09)
(1.3067156 0.22397927 -5.2463586e-09)
(1.2827257 0.21261952 -6.0764315e-09)
(1.2598968 0.19716736 -6.8470934e-09)
(1.2386966 0.17776806 -7.5212727e-09)
(1.219465 0.15470106 -8.0709045e-09)
(1.2025458 0.12839166 -8.4775904e-09)
(1.1881484 0.099420924 -8.7348882e-09)
(1.1765064 0.068467134 -8.8460456e-09)
(1.1677073 0.036366548 -8.825252e-09)
(1.1618569 0.0039549194 -8.6923397e-09)
(1.1589526 -0.027864051 -8.4728982e-09)
(1.1588901 -0.05835087 -8.1906377e-09)
(1.1614869 -0.086680576 -7.8678871e-09)
(1.1664538 -0.11246049 -7.5190938e-09)
(1.1736334 -0.13512897 -7.1539628e-09)
(1.1825995 -0.15465731 -6.7761414e-09)
(1.1934809 -0.17058624 -6.3868728e-09)
(1.2055792 -0.18301502 -5.9907719e-09)
(1.2194875 -0.19147827 -5.5877266e-09)
(1.2337714 -0.19611806 -5.1965162e-09)
(1.2500183 -0.19672367 -4.8051333e-09)
(1.2654533 -0.19310862 -4.4627956e-09)
(1.2835129 -0.18601907 -4.1068237e-09)
(1.2992986 -0.17342167 -3.8541341e-09)
(1.318303 -0.1598651 -3.5334072e-09)
(1.3342422 -0.13698426 -3.353683e-09)
(1.3521846 -0.12008948 -3.0582768e-09)
(1.369238 -0.086712973 -2.8210138e-09)
(1.3832166 -0.068655281 -2.5609537e-09)
(1.4057881 -0.022694536 -2.117801e-09)
(1.3712421 -0.012482254 3.9561664e-11)
(1.369426 -0.037718924 -6.7532661e-11)
(1.3661507 -0.063824326 7.6029852e-11)
(1.3608036 -0.091387695 -1.1270851e-10)
(1.3539869 -0.12120272 1.3664098e-10)
(1.345086 -0.15405019 -2.0175406e-10)
(1.33548 -0.19113858 2.8584445e-10)
(1.3242052 -0.23362056 -4.7436744e-10)
(1.3140471 -0.28329651 7.8310416e-10)
(1.3040804 -0.34206214 -1.3787264e-09)
(1.2998481 -0.41190118 2.4011214e-09)
(1.3025839 -0.49772672 -4.1819872e-09)
(1.3184495 -0.59441735 6.8514734e-09)
(1.3635493 -0.72163253 -9.7225327e-09)
(1.427559 -0.83697538 1.0122568e-08)
(1.5758556 -0.9981619 -6.5971005e-09)
(1.7187238 -1.061171 -5.2872855e-05)
(1.8537222 -0.96765206 -0.00016348096)
(1.810224 -0.75546823 -0.00024872666)
(1.5060889 -0.42940054 -0.00028290973)
(1.1255278 -0.15759613 -0.00032124061)
(0.86658485 -0.030992659 -0.00027033062)
(0.70078649 -0.0090650035 -0.00014585591)
(0.64122652 -0.0010274035 -6.4538948e-05)
(0.48690759 0.0010247318 -1.8567675e-07)
(0.53201817 -0.016762889 -1.8943824e-07)
(0.61635811 -0.02250385 -1.4074959e-07)
(0.71447743 -0.0083844638 -7.813278e-08)
(0.81379786 0.027178441 -1.5982422e-08)
(0.91072759 0.085744377 4.0480243e-08)
(1.00465 0.16545362 8.8944203e-08)
(1.0911343 0.26079113 1.2723632e-07)
(1.1618495 0.36382366 1.5304492e-07)
(1.2143135 0.46311798 1.6555746e-07)
(1.2386393 0.54494805 1.6429531e-07)
(1.231694 0.60090295 1.5195898e-07)
(1.1983448 0.62779367 1.3225051e-07)
(1.1452927 0.62538884 1.0865574e-07)
(1.0774753 0.59597235 8.155129e-08)
(0.9979918 0.54534919 4.7654767e-08)
(0.90496691 0.48376419 7.4427822e-09)
(0.79413582 0.42268614 -2.7049904e-08)
(0.66898266 0.36585188 -3.9821697e-08)
(0.54590736 0.30526008 -2.751865e-08)
(0.44731712 0.22876025 -2.1597712e-09)
(0.38813955 0.13177549 2.1542388e-08)
(0.37080253 0.018084276 3.5889331e-08)
(0.39097126 -0.10173167 4.125733e-08)
(0.43854224 -0.21256942 4.2676247e-08)
(0.5026086 -0.30895396 4.2871831e-08)
(0.57749941 -0.38693655 4.3625392e-08)
(0.65978066 -0.44424918 4.5831961e-08)
(0.74863817 -0.47992657 4.941786e-08)
(0.84638536 -0.49140634 5.3468481e-08)
(0.96090102 -0.46931359 5.6587687e-08)
(1.0960214 -0.4072895 5.6187581e-08)
(1.2445773 -0.30695112 4.8984035e-08)
(1.3997256 -0.16844956 3.3153665e-08)
(1.5536542 0.00049692746 9.9433279e-09)
(1.6917521 0.18179759 -1.5269947e-08)
(1.7922528 0.3476271 -3.4528473e-08)
(1.8477784 0.47856777 -4.3817246e-08)
(1.8639144 0.57443949 -4.4750169e-08)
(1.8583034 0.63855797 -3.8696667e-08)
(1.8288653 0.66750583 -2.7910317e-08)
(1.7786729 0.66537602 -1.7531339e-08)
(1.7157734 0.6375424 -9.8092126e-09)
(1.6445318 0.59092976 -4.9386906e-09)
(1.5693936 0.53330812 -2.2317178e-09)
(1.4941108 0.47107206 -9.1963859e-10)
(1.4204899 0.40605989 -3.9920004e-10)
(1.3494252 0.34027912 -2.1025371e-11)
(1.2825057 0.2823199 7.3495496e-10)
(1.2221889 0.24520074 1.5893055e-09)
(1.1701076 0.23643184 1.3992559e-09)
(1.126038 0.25092273 -9.2161837e-10)
(1.0880825 0.27316237 -5.4774797e-09)
(1.0544172 0.28587807 -1.1303563e-08)
(1.0236434 0.27698237 -1.6971668e-08)
(0.99554897 0.24072272 -2.1262739e-08)
(0.97159858 0.17605694 -2.3539327e-08)
(0.9543641 0.086956777 -2.3738063e-08)
(0.94636938 -0.02095369 -2.2172673e-08)
(0.95011719 -0.13987981 -1.9350723e-08)
(0.96729062 -0.2600704 -1.5845019e-08)
(0.99787592 -0.37087404 -1.2190867e-08)
(1.039514 -0.46304891 -8.795169e-09)
(1.088117 -0.53114225 -5.8894912e-09)
(1.1398425 -0.5735096 -3.5583267e-09)
(1.1927483 -0.58989296 -1.8179187e-09)
(1.2458033 -0.57989673 -6.6674141e-10)
(1.2966867 -0.54480344 -5.9975803e-11)
(1.3425109 -0.48994023 1.2670591e-10)
(1.3819694 -0.42241728 2.4013291e-11)
(1.4153691 -0.34824248 -3.3592238e-10)
(1.4434008 -0.27212173 -9.4225366e-10)
(1.4664897 -0.19805903 -1.5823318e-09)
(1.4848414 -0.12912231 -1.7845882e-09)
(1.499138 -0.06647247 -1.0989991e-09)
(1.5114681 -0.008427806 4.8006077e-10)
(1.5249908 0.049412493 2.3510444e-09)
(1.5418204 0.11133193 3.6309082e-09)
(1.560225 0.1776243 3.7553648e-09)
(1.5737303 0.24257562 2.8439719e-09)
(1.5741544 0.2968412 1.5168489e-09)
(1.5564115 0.33289041 3.7174112e-10)
(1.5213914 0.34939951 -4.0785243e-10)
(1.4751568 0.35150045 -1.05586e-09)
(1.425642 0.34732028 -1.9365218e-09)
(1.3792925 0.34371233 -3.2358745e-09)
(1.3394477 0.34378171 -4.8408009e-09)
(1.3066701 0.34686584 -6.4356392e-09)
(1.2800642 0.35000626 -7.702936e-09)
(1.258492 0.3495595 -8.4886305e-09)
(1.2411835 0.34219178 -8.8555127e-09)
(1.2278244 0.32525313 -9.0266523e-09)
(1.2183829 0.29691568 -9.2735491e-09)
(1.2128648 0.25632636 -9.808103e-09)
(1.2111783 0.20370762 -1.0720245e-08)
(1.2130831 0.14046561 -1.1962833e-08)
(1.2181538 0.069228577 -1.3378488e-08)
(1.2259111 -0.0063212775 -1.4737886e-08)
(1.2357363 -0.082005271 -1.5785249e-08)
(1.2467507 -0.15411543 -1.6278371e-08)
(1.2579311 -0.2203508 -1.6046851e-08)
(1.2685478 -0.28015588 -1.5010389e-08)
(1.2788679 -0.33327576 -1.317644e-08)
(1.2902212 -0.37767131 -1.0684302e-08)
(1.3036144 -0.40989237 -7.873946e-09)
(1.3183704 -0.42844787 -5.2015592e-09)
(1.332946 -0.43552116 -3.005204e-09)
(1.3471567 -0.43335111 -1.3690005e-09)
(1.362659 -0.41996418 -1.6803621e-10)
(1.3797879 -0.39184646 7.5799379e-10)
(1.3969503 -0.34961005 1.4688156e-09)
(1.4136617 -0.29629054 1.9772599e-09)
(1.4302421 -0.23473574 2.2783915e-09)
(1.4469746 -0.16730613 2.3604846e-09)
(1.4640334 -0.095905603 2.2178896e-09)
(1.4813256 -0.02242542 1.8716635e-09)
(1.4979489 0.050869658 1.3759517e-09)
(1.5119219 0.12072311 7.93063e-10)
(1.5206441 0.18328272 1.5941559e-10)
(1.5218166 0.2351646 -5.1887656e-10)
(1.5144297 0.27453613 -1.232343e-09)
(1.4991335 0.30159872 -1.9315199e-09)
(1.4779017 0.31824447 -2.5290888e-09)
(1.4533365 0.32715815 -2.9463394e-09)
(1.4279227 0.33078318 -3.1691866e-09)
(1.4034657 0.33057886 -3.2713315e-09)
(1.3808879 0.32674051 -3.3882103e-09)
(1.3603864 0.31840186 -3.6590568e-09)
(1.3417609 0.3042254 -4.1705269e-09)
(1.3246839 0.28302799 -4.9281096e-09)
(1.3088589 0.25420513 -5.8628655e-09)
(1.2941313 0.21791775 -6.8641017e-09)
(1.2805322 0.17509598 -7.8202175e-09)
(1.2682407 0.12727931 -8.6492556e-09)
(1.2575306 0.076411965 -9.3083142e-09)
(1.2487393 0.024615189 -9.7834648e-09)
(1.2421639 -0.026118212 -1.0073848e-08)
(1.2379373 -0.074142529 -1.0183124e-08)
(1.2360119 -0.11839205 -1.0119237e-08)
(1.2362861 -0.15847998 -9.8939157e-09)
(1.2387841 -0.19444646 -9.5167896e-09)
(1.2437709 -0.22624317 -8.9915741e-09)
(1.2515973 -0.25333234 -8.32317e-09)
(1.2623427 -0.27477369 -7.5314323e-09)
(1.2756259 -0.28970975 -6.6569222e-09)
(1.2908406 -0.29769975 -5.7504387e-09)
(1.3075202 -0.29855291 -4.8553811e-09)
(1.3253825 -0.29200569 -3.9975621e-09)
(1.3440629 -0.27774807 -3.1877104e-09)
(1.3630013 -0.2558116 -2.4296949e-09)
(1.381586 -0.22677156 -1.7245689e-09)
(1.3993063 -0.19165132 -1.0673723e-09)
(1.4158025 -0.15169914 -4.4512889e-10)
(1.430938 -0.10819299 1.5149235e-10)
(1.4448418 -0.062195002 7.0446823e-10)
(1.4577531 -0.014609934 1.1539535e-09)
(1.4696667 0.033612719 1.4149149e-09)
(1.4800325 0.081070555 1.4207391e-09)
(1.487708 0.1258627 1.1623329e-09)
(1.491262 0.16587637 6.923372e-10)
(1.4895292 0.1992936 9.2714391e-11)
(1.4820546 0.22503796 -5.6812855e-10)
(1.4691974 0.24289825 -1.2598997e-09)
(1.4519756 0.25332741 -1.9863015e-09)
(1.4317244 0.25708716 -2.7633885e-09)
(1.4097908 0.25497854 -3.5971795e-09)
(1.3872457 0.24766835 -4.4729826e-09)
(1.364903 0.23555934 -5.355948e-09)
(1.343378 0.21885464 -6.2005814e-09)
(1.3232345 0.19776752 -6.9597953e-09)
(1.3048553 0.17267014 -7.594447e-09)
(1.288571 0.14404514 -8.0761135e-09)
(1.2745635 0.11254103 -8.3919262e-09)
(1.263045 0.078889128 -8.541603e-09)
(1.2541036 0.043995039 -8.5399241e-09)
(1.2478346 0.0087321698 -8.409382e-09)
(1.2442619 -0.025882481 -8.1810677e-09)
(1.2433194 -0.059056309 -7.8842544e-09)
(1.2448812 -0.089860542 -7.5474577e-09)
(1.2486402 -0.11786613 -7.1886284e-09)
(1.2544877 -0.14250666 -6.8195928e-09)
(1.2619623 -0.16380217 -6.4422077e-09)
(1.2713182 -0.18133361 -6.0550184e-09)
(1.2817947 -0.19516199 -5.6608146e-09)
(1.2941528 -0.20484868 -5.2544478e-09)
(1.3067046 -0.21039921 -4.8634706e-09)
(1.3212924 -0.2118952 -4.4618936e-09)
(1.3348328 -0.20863645 -4.1252303e-09)
(1.3509577 -0.20239816 -3.7634755e-09)
(1.3649013 -0.18932192 -3.5225333e-09)
(1.3814385 -0.17670075 -3.2369244e-09)
(1.3956395 -0.15263167 -3.0718477e-09)
(1.4106617 -0.13597892 -2.9015903e-09)
(1.4255249 -0.10230436 -2.7140504e-09)
(1.436846 -0.083152391 -2.6139369e-09)
(1.457001 -0.036007533 -2.25031e-09)
(1.4104884 -0.011370277 2.4033086e-11)
(1.4078064 -0.034379624 -2.4334105e-11)
(1.4028554 -0.058218619 9.1829129e-12)
(1.394862 -0.083481948 4.2001816e-12)
(1.3843809 -0.11096166 -5.0713491e-11)
(1.3704331 -0.1414502 1.0438852e-10)
(1.3543515 -0.17637202 -2.1805764e-10)
(1.3343734 -0.21674537 3.6283735e-10)
(1.3135724 -0.26557102 -5.9469861e-10)
(1.2888603 -0.32363237 8.2568495e-10)
(1.2680339 -0.39810623 -9.3141759e-10)
(1.245414 -0.48705514 3.671156e-10)
(1.2409104 -0.60800809 1.9415656e-09)
(1.2452097 -0.74949251 -7.8557099e-09)
(1.3036941 -0.93777132 1.8076265e-08)
(1.4181751 -1.1228777 3.4817502e-05)
(1.5188489 -1.1396056 -0.00046256848)
(1.4312928 -0.94634457 -0.00069543677)
(0.47489787 -0.20401616 -0.00084551623)
(0.025032547 -0.00088439482 -1.5008035e-06)
(0.017663818 -0.0044684821 -0.00011440231)
(0.02407339 -0.039369669 -0.0001311539)
(0.067637707 -0.061680014 -2.6254419e-05)
(0.1119719 -0.12960664 -1.2433734e-07)
(0.21955335 -0.1492115 -7.5875082e-08)
(0.31849344 -0.13311382 -3.6356572e-08)
(0.41073933 -0.090655449 -6.449489e-09)
(0.49785046 -0.02243064 1.835659e-08)
(0.58038183 0.069352668 4.2197796e-08)
(0.65784736 0.17912753 6.6072296e-08)
(0.72675053 0.2994788 8.7862673e-08)
(0.78190636 0.41954295 1.0386614e-07)
(0.81763322 0.52634026 1.104507e-07)
(0.82984399 0.6077148 1.0575231e-07)
(0.81791215 0.65620958 8.9470693e-08)
(0.78274458 0.6712037 6.2283143e-08)
(0.72373036 0.65795149 2.673904e-08)
(0.6388757 0.62678224 -8.95495e-09)
(0.52850477 0.58806788 -3.0344764e-08)
(0.40487412 0.54332771 -2.7892812e-08)
(0.291603 0.48246131 -7.3124527e-09)
(0.21164639 0.394446 1.6024764e-08)
(0.17781427 0.27590236 3.0617137e-08)
(0.18874428 0.13593673 3.433561e-08)
(0.23372008 -0.011497223 3.0878233e-08)
(0.29990164 -0.15442204 2.4956319e-08)
(0.37784827 -0.28315558 1.9087759e-08)
(0.46272175 -0.38986926 1.5627126e-08)
(0.54857541 -0.47218706 1.5308127e-08)
(0.63206668 -0.53059421 1.8439826e-08)
(0.71243082 -0.56695702 2.5240116e-08)
(0.79135489 -0.58367899 3.4619282e-08)
(0.87248082 -0.58158293 4.3812542e-08)
(0.96787791 -0.54558148 5.1526149e-08)
(1.0930279 -0.45585987 5.5573165e-08)
(1.2360349 -0.32206788 5.106709e-08)
(1.3861174 -0.14997679 3.6473032e-08)
(1.5334574 0.046227812 1.369181e-08)
(1.6645682 0.245687 -1.1711192e-08)
(1.761911 0.42240236 -3.2261244e-08)
(1.8145866 0.55587998 -4.2766176e-08)
(1.8292368 0.64608324 -4.3795157e-08)
(1.8190728 0.6976592 -3.7392655e-08)
(1.7893222 0.71356374 -2.7634508e-08)
(1.7407492 0.69808505 -1.7830357e-08)
(1.680124 0.65898104 -1.0397611e-08)
(1.6133616 0.60531359 -5.6564608e-09)
(1.544394 0.54374154 -2.9035118e-09)
(1.475552 0.47743688 -1.5475941e-09)
(1.4081067 0.40863796 -7.6289484e-10)
(1.343881 0.34521896 2.8711569e-10)
(1.2858191 0.30018131 1.5636989e-09)
(1.2364064 0.28250445 1.9045354e-09)
(1.1962412 0.28917019 6.8677853e-12)
(1.1637555 0.30591301 -4.409846e-09)
(1.1367201 0.31526671 -1.047437e-08)
(1.1127584 0.30437614 -1.660193e-08)
(1.0897224 0.26561968 -2.1414788e-08)
(1.0690164 0.19633564 -2.4153938e-08)
(1.0539135 0.10011946 -2.462033e-08)
(1.0465534 -0.017734888 -2.3073819e-08)
(1.0496505 -0.14913946 -2.0032778e-08)
(1.0652552 -0.28304438 -1.614494e-08)
(1.0938652 -0.40646859 -1.205789e-08)
(1.1333121 -0.50760243 -8.2884849e-09)
(1.1788316 -0.57997357 -5.1357878e-09)
(1.2253527 -0.62346502 -2.6842848e-09)
(1.2706884 -0.64004297 -9.0177654e-10)
(1.3154397 -0.62917316 2.4924881e-10)
(1.3582833 -0.59029327 7.9013183e-10)
(1.3957247 -0.52914239 8.2226685e-10)
(1.4264679 -0.45512684 5.7095464e-10)
(1.4516344 -0.37554014 2.3856041e-10)
(1.4726065 -0.29506909 -1.4125097e-10)
(1.490644 -0.21720164 -5.8328726e-10)
(1.5065437 -0.14468789 -9.0569234e-10)
(1.5201337 -0.07896409 -6.9861104e-10)
(1.5316769 -0.019688692 3.986962e-10)
(1.5427976 0.036310218 2.2799843e-09)
(1.5561977 0.09467748 4.2320742e-09)
(1.5733705 0.15982645 5.3230482e-09)
(1.5914799 0.23036708 5.0686152e-09)
(1.6031473 0.29802012 3.7605411e-09)
(1.6002383 0.35194437 2.1469597e-09)
(1.5788232 0.38503432 8.2131451e-10)
(1.541297 0.39750731 -1.2948861e-10)
(1.4946548 0.39585447 -1.020031e-09)
(1.4468599 0.38853309 -2.2018151e-09)
(1.4038283 0.38168353 -3.7684187e-09)
(1.3683661 0.37727398 -5.5162912e-09)
(1.3408267 0.37373004 -7.1180458e-09)
(1.3203783 0.36769884 -8.3340104e-09)
(1.3059484 0.3555842 -9.126947e-09)
(1.2966576 0.33439041 -9.643604e-09)
(1.2919001 0.30210993 -1.0117312e-08)
(1.2911621 0.25781591 -1.0750969e-08)
(1.2938515 0.20181483 -1.1642964e-08)
(1.2993156 0.13567563 -1.2753094e-08)
(1.3069021 0.062070092 -1.393734e-08)
(1.3159995 -0.015276953 -1.4990424e-08)
(1.3259297 -0.092122548 -1.5695821e-08)
(1.3360695 -0.16456682 -1.5832991e-08)
(1.3458058 -0.23025722 -1.5269846e-08)
(1.3545855 -0.28919073 -1.3993256e-08)
(1.3624784 -0.34227862 -1.2053394e-08)
(1.3707275 -0.38807225 -9.5230388e-09)
(1.3806632 -0.42207525 -6.6595751e-09)
(1.3918555 -0.4411885 -3.9719856e-09)
(1.4027051 -0.44758949 -1.8719655e-09)
(1.4126814 -0.4454154 -4.0964718e-10)
(1.4227315 -0.43392702 5.8986437e-10)
(1.4343769 -0.40614073 1.4275617e-09)
(1.4455401 -0.36342632 2.114993e-09)
(1.4558269 -0.30976926 2.6267518e-09)
(1.4662606 -0.24829775 2.9495265e-09)
(1.4774388 -0.18135885 3.0709331e-09)
(1.4895918 -0.11070982 2.9776546e-09)
(1.5029062 -0.037754102 2.6701491e-09)
(1.5171349 0.035905098 2.1840325e-09)
(1.5311086 0.1081315 1.5860538e-09)
(1.5428259 0.17565114 9.3716795e-10)
(1.5497718 0.23460385 2.6085325e-10)
(1.5498403 0.28188084 -4.4959555e-10)
(1.542199 0.31627363 -1.1891772e-09)
(1.5276289 0.33842661 -1.9061065e-09)
(1.5081848 0.35031668 -2.5142537e-09)
(1.4864268 0.35448064 -2.9464605e-09)
(1.4646115 0.35309394 -3.2052711e-09)
(1.4441876 0.34727261 -3.3728555e-09)
(1.425794 0.33682938 -3.5747823e-09)
(1.4095235 0.32081549 -3.9219029e-09)
(1.3951084 0.29818199 -4.4644616e-09)
(1.3821104 0.26826415 -5.1791485e-09)
(1.3701336 0.23105832 -5.9896855e-09)
(1.3589615 0.18730012 -6.8054781e-09)
(1.3485738 0.13836716 -7.5558574e-09)
(1.3391177 0.08608942 -8.2021124e-09)
(1.3308635 0.032534417 -8.7255808e-09)
(1.3241545 -0.020224476 -9.1090003e-09)
(1.3192611 -0.070379319 -9.3322953e-09)
(1.3162772 -0.11671927 -9.3841061e-09)
(1.3151855 -0.15886276 -9.2699714e-09)
(1.3160451 -0.19706377 -9.0012958e-09)
(1.3192006 -0.23150205 -8.5784037e-09)
(1.3251805 -0.26155683 -7.9934184e-09)
(1.3342084 -0.28582273 -7.2547995e-09)
(1.3458 -0.30298534 -6.4063315e-09)
(1.3590708 -0.3125684 -5.5156144e-09)
(1.3734255 -0.31465624 -4.6433931e-09)
(1.388725 -0.30908439 -3.8225017e-09)
(1.4047214 -0.2953206 -3.0610241e-09)
(1.4208092 -0.27322769 -2.3569178e-09)
(1.4363541 -0.24349881 -1.7085872e-09)
(1.4509565 -0.20730277 -1.1145045e-09)
(1.4643573 -0.16604795 -5.6413276e-10)
(1.4764306 -0.12119236 -3.4741451e-11)
(1.4872313 -0.074065026 4.9262087e-10)
(1.4970757 -0.02567104 1.0033942e-09)
(1.5063564 0.023237657 1.4331089e-09)
(1.5151942 0.071865402 1.6872272e-09)
(1.5231606 0.11894046 1.6896362e-09)
(1.5291684 0.16264213 1.4244735e-09)
(1.5318262 0.20092867 9.4008115e-10)
(1.5299971 0.23207809 3.1609333e-10)
(1.5231866 0.25506735 -3.7898397e-10)
(1.5116742 0.26965682 -1.1113666e-09)
(1.4963803 0.27627801 -1.879244e-09)
(1.4785844 0.2757885 -2.692154e-09)
(1.459432 0.26909681 -3.5504191e-09)
(1.4397861 0.25675123 -4.4331077e-09)
(1.4203678 0.23910205 -5.3012657e-09)
(1.4019082 0.21654824 -6.1058718e-09)
(1.3849099 0.18965877 -6.8007756e-09)
(1.3697071 0.15898835 -7.3479751e-09)
(1.3564859 0.12524542 -7.7263166e-09)
(1.3454309 0.089206004 -7.9289374e-09)
(1.3366201 0.051834619 -7.967869e-09)
(1.3301353 0.014029079 -7.8649592e-09)
(1.3260205 -0.023123282 -7.6540313e-09)
(1.3242408 -0.058762329 -7.3674104e-09)
(1.3247543 -0.091864557 -7.0384496e-09)
(1.3272694 -0.1219282 -6.6879417e-09)
(1.3317197 -0.14840839 -6.3304304e-09)
(1.3376334 -0.17137556 -5.9663281e-09)
(1.3453861 -0.19048921 -5.5907189e-09)
(1.3542097 -0.20570931 -5.2059945e-09)
(1.3649845 -0.21660993 -4.7999345e-09)
(1.3758304 -0.22295494 -4.4134375e-09)
(1.3886621 -0.22531287 -4.0064261e-09)
(1.4004098 -0.22222592 -3.6742059e-09)
(1.4144686 -0.21687932 -3.3198584e-09)
(1.4267081 -0.20324373 -3.0727716e-09)
(1.4408084 -0.19123191 -2.8269888e-09)
(1.4531053 -0.16627249 -2.6427254e-09)
(1.465547 -0.14916307 -2.5449639e-09)
(1.4778974 -0.11513405 -2.394097e-09)
(1.4867049 -0.095212245 -2.3946088e-09)
(1.5029249 -0.047168423 -2.192036e-09)
(1.4425894 -0.0098722753 2.5281483e-12)
(1.4391176 -0.029882543 9.5291866e-12)
(1.4325588 -0.050569814 -2.3146228e-11)
(1.4221174 -0.072605663 4.7621713e-11)
(1.4080591 -0.096492349 -9.1025128e-11)
(1.3893627 -0.12334275 1.5779064e-10)
(1.3666466 -0.15393736 -2.826148e-10)
(1.3382287 -0.19038977 4.8484418e-10)
(1.3054034 -0.23410802 -8.4740475e-10)
(1.2658115 -0.28931737 1.4568607e-09)
(1.2226444 -0.35912941 -2.500515e-09)
(1.1738846 -0.45135367 4.2186834e-09)
(1.1275583 -0.57643029 -6.8018997e-09)
(1.0864879 -0.73853489 9.5230443e-09)
(1.1146484 -0.93084322 -8.388542e-06)
(1.127213 -1.1704443 -0.00026426887)
(0.95094952 -0.93731555 -0.00066810574)
(-0.067183719 -0.096552725 -0.00010449517)
(-0.038274334 -0.18313697 -8.9186527e-06)
(0.037959872 -0.23861401 5.5294953e-09)
(0.099707494 -0.21169921 1.4763487e-08)
(0.15303133 -0.16204197 1.8885024e-08)
(0.20293387 -0.090424423 1.9624108e-08)
(0.25007972 0.0046375918 2.1797738e-08)
(0.29688735 0.11985018 2.7133376e-08)
(0.3423934 0.24902138 3.4665542e-08)
(0.38197348 0.38107078 4.1202095e-08)
(0.41042561 0.50294185 4.2591129e-08)
(0.4225339 0.60221546 3.5610995e-08)
(0.41324827 0.67188298 1.9827404e-08)
(0.37754676 0.71267068 -8.7931239e-10)
(0.3142796 0.72999454 -1.8464757e-08)
(0.22743238 0.72812495 -2.2953017e-08)
(0.13371374 0.70434262 -1.1550827e-08)
(0.056736283 0.64826033 7.7790059e-09)
(0.015408699 0.55077984 2.3138528e-08)
(0.015563169 0.41346156 2.8056262e-08)
(0.054767367 0.24969241 2.4037329e-08)
(0.12497278 0.07800797 1.6175242e-08)
(0.21561837 -0.094203032 7.0790823e-09)
(0.31634639 -0.24876647 -6.8241228e-10)
(0.4199612 -0.37929908 -6.0981051e-09)
(0.51930785 -0.48285699 -9.0341586e-09)
(0.61004195 -0.55905901 -9.7125422e-09)
(0.68935311 -0.61019539 -7.7660625e-09)
(0.7565233 -0.6406642 -1.5367742e-09)
(0.81459884 -0.65405724 1.0062035e-08)
(0.86926199 -0.65137248 2.4894793e-08)
(0.92690196 -0.63217269 3.8000044e-08)
(1.0000381 -0.57722356 4.7759522e-08)
(1.1098118 -0.45951821 5.2121669e-08)
(1.2408457 -0.2941742 4.6785886e-08)
(1.3800941 -0.09326134 3.1526217e-08)
(1.5151171 0.12222434 8.9944083e-09)
(1.6315669 0.32850665 -1.4917625e-08)
(1.7182691 0.50322813 -3.3488533e-08)
(1.766451 0.63000083 -4.251487e-08)
(1.7790572 0.7072853 -4.2329453e-08)
(1.7669053 0.7423655 -3.5398996e-08)
(1.7411855 0.74529276 -2.6768434e-08)
(1.6979959 0.71888389 -1.7954385e-08)
(1.6385206 0.66835685 -1.0326545e-08)
(1.5775373 0.60858194 -5.6977944e-09)
(1.516315 0.54253055 -3.225451e-09)
(1.4555698 0.47217124 -1.8542448e-09)
(1.3969385 0.40443012 -4.5604489e-10)
(1.3435444 0.35188849 1.2230377e-09)
(1.2984584 0.32485477 2.1824105e-09)
(1.2629813 0.32262561 9.9672565e-10)
(1.2362287 0.3323659 -3.0235989e-09)
(1.2162869 0.33662745 -9.2724729e-09)
(1.2009072 0.32435831 -1.5489513e-08)
(1.1854413 0.2866686 -2.0493247e-08)
(1.1694888 0.21317653 -2.4004412e-08)
(1.1584188 0.11128418 -2.4997544e-08)
(1.1534888 -0.014797793 -2.3673596e-08)
(1.157062 -0.15713584 -2.0546023e-08)
(1.1712997 -0.30378291 -1.6338037e-08)
(1.1971519 -0.43946509 -1.1834631e-08)
(1.2330278 -0.5491405 -7.6953088e-09)
(1.2740981 -0.62422532 -4.3216347e-09)
(1.3142932 -0.66601795 -1.8245634e-09)
(1.3503968 -0.68064109 -1.2659904e-10)
(1.3842239 -0.66868373 8.8758336e-10)
(1.4169252 -0.62571184 1.2958489e-09)
(1.4442631 -0.55839635 1.1815189e-09)
(1.4649363 -0.47874512 7.6492785e-10)
(1.4800881 -0.39456178 3.5446199e-10)
(1.4923743 -0.31115234 1.1495588e-10)
(1.5044484 -0.23194218 -6.5284318e-14)
(1.5172732 -0.15856127 -4.8716953e-11)
(1.5304488 -0.091546345 1.1696935e-10)
(1.543017 -0.030880921 8.5302263e-10)
(1.5547383 0.025017453 2.4020276e-09)
(1.5670416 0.080740081 4.510185e-09)
(1.5821533 0.14229645 6.3676878e-09)
(1.6003454 0.2128809 7.0488345e-09)
(1.6175219 0.28829342 6.2245098e-09)
(1.6259778 0.35728785 4.4323078e-09)
(1.618573 0.40818716 2.5404021e-09)
(1.5932202 0.43547633 1.0638647e-09)
(1.5540115 0.44162915 -5.4955324e-11)
(1.5085757 0.43447163 -1.1899404e-09)
(1.4643906 0.42225571 -2.6299707e-09)
(1.4264703 0.40989445 -4.363791e-09)
(1.3969826 0.39806595 -6.1472528e-09)
(1.3760656 0.38457631 -7.7081166e-09)
(1.3628001 0.36615047 -8.9154721e-09)
(1.3559971 0.33968147 -9.8154474e-09)
(1.3544841 0.30298824 -1.0572811e-08)
(1.3571831 0.25508318 -1.1352303e-08)
(1.3631127 0.1962511 -1.2238853e-08)
(1.3712549 0.12803236 -1.3178921e-08)
(1.3806441 0.053156106 -1.4037558e-08)
(1.3905306 -0.02478614 -1.4655045e-08)
(1.4001853 -0.10170402 -1.4906689e-08)
(1.4091546 -0.17378088 -1.4618992e-08)
(1.4173134 -0.23866077 -1.3685586e-08)
(1.4246633 -0.29654309 -1.2147386e-08)
(1.4312177 -0.3491945 -1.0158877e-08)
(1.437655 -0.39590668 -7.7564485e-09)
(1.4451883 -0.43124154 -4.9977159e-09)
(1.4535134 -0.45050415 -2.3943712e-09)
(1.4609207 -0.45599079 -5.3887939e-10)
(1.4671951 -0.45304963 5.819565e-10)
(1.4731749 -0.44221036 1.3599607e-09)
(1.4790648 -0.41490594 2.1056419e-09)
(1.4841104 -0.37099568 2.7796318e-09)
(1.4885233 -0.31730049 3.2699403e-09)
(1.4934458 -0.2564589 3.5825323e-09)
(1.4995061 -0.19054593 3.7204418e-09)
(1.5072511 -0.12120627 3.6753465e-09)
(1.5168548 -0.049703474 3.430738e-09)
(1.5282756 0.022831038 2.98664e-09)
(1.5410391 0.095057432 2.3921349e-09)
(1.5536728 0.16462775 1.7222767e-09)
(1.5640656 0.22826931 1.0227613e-09)
(1.5701032 0.28238033 3.0121573e-10)
(1.5700409 0.3239985 -4.4001199e-10)
(1.5631048 0.35226256 -1.1890648e-09)
(1.5501666 0.36830697 -1.8998415e-09)
(1.5334206 0.37431573 -2.5002883e-09)
(1.5153178 0.37284022 -2.9427998e-09)
(1.4976358 0.36572072 -3.2446198e-09)
(1.4814052 0.35324557 -3.4844073e-09)
(1.4671754 0.33509914 -3.7629562e-09)
(1.4549647 0.31070967 -4.1544322e-09)
(1.4443731 0.27954459 -4.676463e-09)
(1.4348795 0.24150575 -5.2933625e-09)
(1.426077 0.19713122 -5.9455978e-09)
(1.4177461 0.1476012 -6.5837224e-09)
(1.4098646 0.094561972 -7.1817267e-09)
(1.4025934 0.039937209 -7.7219962e-09)
(1.3962406 -0.014217081 -8.171472e-09)
(1.3911468 -0.066018365 -8.4807677e-09)
(1.3875723 -0.1141075 -8.6127136e-09)
(1.3856504 -0.15803714 -8.5672693e-09)
(1.385497 -0.19823523 -8.3668646e-09)
(1.3874643 -0.23517963 -8.0171405e-09)
(1.3921777 -0.26823712 -7.4968382e-09)
(1.4000057 -0.29540952 -6.7962689e-09)
(1.4103766 -0.31465683 -5.9603381e-09)
(1.4220089 -0.32541651 -5.0789525e-09)
(1.4340645 -0.32832254 -4.2361406e-09)
(1.4466996 -0.3235194 -3.4690089e-09)
(1.4599794 -0.310154 -2.7756861e-09)
(1.4731351 -0.28772089 -2.1451741e-09)
(1.4854108 -0.25712991 -1.5709353e-09)
(1.4965582 -0.21976942 -1.0519792e-09)
(1.5065335 -0.17722363 -5.8345137e-10)
(1.5153603 -0.13106995 -1.448176e-10)
(1.5230897 -0.082831742 2.9811386e-10)
(1.529951 -0.03372046 7.6867917e-10)
(1.5363866 0.015459407 1.247466e-09)
(1.5428688 0.064193918 1.6604814e-09)
(1.5495357 0.11182162 1.9045785e-09)
(1.5559378 0.15715272 1.8989912e-09)
(1.5610454 0.19839061 1.6266499e-09)
(1.5635384 0.23355125 1.1352446e-09)
(1.5622426 0.26106812 5.0096507e-10)
(1.5566587 0.28003004 -2.113726e-10)
(1.5471807 0.29012741 -9.6667764e-10)
(1.5347518 0.29184895 -1.7557948e-09)
(1.5201857 0.2864725 -2.5783236e-09)
(1.5041771 0.27488455 -3.4245609e-09)
(1.4876317 0.25713105 -4.2705515e-09)
(1.4715673 0.23360392 -5.0750954e-09)
(1.4565865 0.2052772 -5.7928222e-09)
(1.4429851 0.17287359 -6.3806315e-09)
(1.4309779 0.13720731 -6.8104536e-09)
(1.4207554 0.099108778 -7.0679374e-09)
(1.4124024 0.059606388 -7.1600138e-09)
(1.4059769 0.019627116 -7.104908e-09)
(1.4015334 -0.019737068 -6.9360199e-09)
(1.3990696 -0.05755991 -6.6851875e-09)
(1.3986169 -0.092741017 -6.3875032e-09)
(1.3999384 -0.1246539 -6.064651e-09)
(1.403 -0.15278865 -5.7339317e-09)
(1.4073544 -0.17728981 -5.3954108e-09)
(1.4134795 -0.19796249 -5.0396687e-09)
(1.4207096 -0.21461097 -4.6691336e-09)
(1.4299264 -0.22676756 -4.2654247e-09)
(1.439169 -0.23381497 -3.8833515e-09)
(1.4500891 -0.23697686 -3.4802041e-09)
(1.4600378 -0.23392774 -3.1503022e-09)
(1.4718775 -0.22934045 -2.8216977e-09)
(1.4823598 -0.21526381 -2.566896e-09)
(1.4941081 -0.20342648 -2.3666794e-09)
(1.5042082 -0.17778566 -2.1742312e-09)
(1.5141621 -0.15988705 -2.1068721e-09)
(1.5236963 -0.12510483 -1.9880556e-09)
(1.5302842 -0.10454382 -2.0150952e-09)
(1.541824 -0.055586239 -1.9619715e-09)
(1.4675568 -0.0080413544 -8.9687906e-12)
(1.4634029 -0.024331713 1.3786509e-11)
(1.4554758 -0.041124426 -9.9193461e-12)
(1.4428859 -0.058984961 9.4003051e-12)
(1.4257791 -0.078276229 4.7235861e-12)
(1.4027842 -0.099969654 -2.2859067e-11)
(1.3743607 -0.12464496 6.4117976e-11)
(1.3377874 -0.154303 -1.2677434e-10)
(1.2943931 -0.18998731 2.3431533e-10)
(1.238705 -0.23640475 -3.8095477e-10)
(1.1751695 -0.29516899 5.7879705e-10)
(1.0918709 -0.37922674 -7.6639904e-10)
(1.003814 -0.48887928 9.5284735e-10)
(0.8812208 -0.66947086 -1.2854128e-09)
(0.85952308 -0.91445569 -1.3615742e-05)
(0.7315278 -1.0257084 -0.00010640038)
(-0.01023608 -0.018600669 6.9059438e-06)
(-0.073874695 -0.22008844 -2.3777728e-05)
(-0.050581969 -0.27833893 1.4334214e-08)
(-0.035761018 -0.24279303 1.5070293e-08)
(-0.028087892 -0.18906399 1.489017e-08)
(-0.021147325 -0.11689859 9.8029486e-09)
(-0.014715821 -0.023118671 4.6826374e-09)
(-0.0052756852 0.09342206 1.0112718e-09)
(0.0081322698 0.22606288 -1.0243161e-09)
(0.020695991 0.36524088 -2.5127197e-09)
(0.027600217 0.49923316 -5.2036351e-09)
(0.023936505 0.61698201 -9.9148963e-09)
(0.0059059105 0.71080103 -1.5209777e-08)
(-0.026783512 0.77642215 -1.7321679e-08)
(-0.071562077 0.81003627 -1.2247108e-08)
(-0.114734 0.80618039 1.6052168e-10)
(-0.1380059 0.75599942 1.375304e-08)
(-0.13223357 0.6576856 2.1948503e-08)
(-0.094204145 0.51963859 2.2415921e-08)
(-0.029271253 0.35790974 1.7778603e-08)
(0.06265311 0.17266381 1.0491103e-08)
(0.17334771 -0.023224879 2.3132657e-09)
(0.29178397 -0.20349859 -4.6275678e-09)
(0.41250962 -0.35821044 -1.0350281e-08)
(0.52705364 -0.48300837 -1.453687e-08)
(0.63073115 -0.57669331 -1.7244065e-08)
(0.72123301 -0.63985814 -1.8900669e-08)
(0.79595771 -0.67564519 -1.9980185e-08)
(0.8516785 -0.69151966 -1.8656538e-08)
(0.8887512 -0.69612681 -1.079178e-08)
(0.91529614 -0.69262433 4.7455308e-09)
(0.94155307 -0.67630672 2.3469053e-08)
(0.9761825 -0.64194386 3.7748194e-08)
(1.0311624 -0.56302288 4.6935271e-08)
(1.1280117 -0.41683833 4.7565503e-08)
(1.2453432 -0.22389506 3.8483872e-08)
(1.3704836 -0.0030564834 2.125736e-08)
(1.4902411 0.22107554 -6.0639098e-10)
(1.5910667 0.42299991 -2.1701553e-08)
(1.6632363 0.58369038 -3.6887118e-08)
(1.7037249 0.69347319 -4.2800565e-08)
(1.7126721 0.75126635 -3.8710591e-08)
(1.7029761 0.76718087 -3.1497094e-08)
(1.6877744 0.7602407 -2.6057731e-08)
(1.6510914 0.72535156 -1.8035226e-08)
(1.5967633 0.66603114 -1.0403223e-08)
(1.5435167 0.59998358 -6.0095641e-09)
(1.4910034 0.52857424 -3.5606128e-09)
(1.4400272 0.45752591 -1.5985025e-09)
(1.3933078 0.39836894 5.3036349e-10)
(1.3539061 0.36230156 2.2006469e-09)
(1.3237295 0.3507448 1.8984357e-09)
(1.3031315 0.35208157 -1.6630234e-09)
(1.2907487 0.34990237 -7.8466435e-09)
(1.2835264 0.33623081 -1.3611501e-08)
(1.2762462 0.3005335 -1.8674641e-08)
(1.2681742 0.22477327 -2.2921994e-08)
(1.2629081 0.11879393 -2.4570069e-08)
(1.262017 -0.013577885 -2.3596674e-08)
(1.2675778 -0.1646239 -2.0467266e-08)
(1.2813066 -0.32195318 -1.6005087e-08)
(1.3040963 -0.46844021 -1.1168751e-08)
(1.3349872 -0.58576772 -6.7580665e-09)
(1.3696827 -0.66251687 -3.268135e-09)
(1.4020471 -0.70038241 -8.3810815e-10)
(1.4286116 -0.70979287 6.6619608e-10)
(1.4500242 -0.69616405 1.4234672e-09)
(1.4695126 -0.64999517 1.5951487e-09)
(1.4841627 -0.57514201 1.2836923e-09)
(1.4917729 -0.4896556 7.1850206e-10)
(1.4959994 -0.40233837 2.6572725e-10)
(1.5008539 -0.31896866 1.5073362e-10)
(1.5081612 -0.24180376 3.793834e-10)
(1.5182577 -0.17046141 7.6097066e-10)
(1.5310635 -0.10456084 1.185889e-09)
(1.5452617 -0.043854536 1.8476164e-09)
(1.5593602 0.012467891 3.0993519e-09)
(1.5729764 0.067507904 4.9906357e-09)
(1.5873526 0.12673551 7.015285e-09)
(1.6042252 0.19492193 8.4692012e-09)
(1.6227517 0.27197323 8.6526245e-09)
(1.6377183 0.35055293 7.2900467e-09)
(1.6414429 0.41772754 5.0360654e-09)
(1.6286359 0.46201484 2.9031565e-09)
(1.5998065 0.48040554 1.2625404e-09)
(1.5605328 0.47813813 -6.8757811e-11)
(1.5182482 0.46385001 -1.4583549e-09)
(1.4793335 0.44475222 -3.0939137e-09)
(1.4477891 0.42413577 -4.8944367e-09)
(1.4252659 0.40184412 -6.639201e-09)
(1.4115436 0.37566059 -8.1512367e-09)
(1.4054491 0.34281438 -9.3844044e-09)
(1.4055047 0.30110406 -1.0418659e-08)
(1.4102119 0.2494812 -1.1355581e-08)
(1.4180908 0.18817272 -1.2237481e-08)
(1.4278668 0.11852673 -1.2980303e-08)
(1.4384066 0.0431275 -1.3457342e-08)
(1.4487718 -0.034577271 -1.3582395e-08)
(1.4582101 -0.11067938 -1.3363824e-08)
(1.4663231 -0.18175555 -1.2712458e-08)
(1.4732767 -0.24578795 -1.1525674e-08)
(1.4797116 -0.30294521 -9.8201984e-09)
(1.4859228 -0.35506701 -7.8524086e-09)
(1.4917191 -0.40213832 -5.7277814e-09)
(1.4974284 -0.43838064 -3.2555062e-09)
(1.5032785 -0.45689534 -7.7309238e-10)
(1.507618 -0.46035849 7.4595208e-10)
(1.5101471 -0.45754734 1.3583262e-09)
(1.513078 -0.4464899 2.0414742e-09)
(1.5131327 -0.41735546 2.8076904e-09)
(1.5110322 -0.37196444 3.4469042e-09)
(1.5093686 -0.31852769 3.8257477e-09)
(1.5094649 -0.25901448 4.0339278e-09)
(1.5116392 -0.19507727 4.1385251e-09)
(1.5161739 -0.12789022 4.1509541e-09)
(1.5230368 -0.058665357 4.024352e-09)
(1.5320528 0.011906708 3.6955464e-09)
(1.5430368 0.082958547 3.1490939e-09)
(1.5552825 0.15273776 2.4623624e-09)
(1.5673081 0.21801704 1.7871702e-09)
(1.5770981 0.27529775 1.1893104e-09)
(1.5830317 0.32301333 4.6835887e-10)
(1.5833316 0.35847366 -3.7789061e-10)
(1.5776264 0.38016403 -1.1825901e-09)
(1.5672441 0.38936648 -1.8977737e-09)
(1.5542 0.38877324 -2.4929612e-09)
(1.5400423 0.3810644 -2.9463739e-09)
(1.5261513 0.36734258 -3.2868143e-09)
(1.5138379 0.34738488 -3.5892697e-09)
(1.5035414 0.32118877 -3.9243759e-09)
(1.4949601 0.28863823 -4.329635e-09)
(1.4875518 0.24968328 -4.8008051e-09)
(1.4808422 0.20478365 -5.3091572e-09)
(1.4744855 0.15491237 -5.8311042e-09)
(1.4683002 0.10153643 -6.3598367e-09)
(1.4623187 0.0464039 -6.8854679e-09)
(1.4567627 -0.0085779216 -7.3644057e-09)
(1.4519564 -0.061559279 -7.7181508e-09)
(1.4482851 -0.11109821 -7.8812045e-09)
(1.4460913 -0.15664599 -7.848839e-09)
(1.4456245 -0.19870245 -7.6645062e-09)
(1.4471864 -0.23801757 -7.3504373e-09)
(1.4513085 -0.27401387 -6.8712633e-09)
(1.4583922 -0.30404465 -6.1899742e-09)
(1.4678572 -0.32507093 -5.3508525e-09)
(1.4780894 -0.33634655 -4.474405e-09)
(1.4878562 -0.33948786 -3.6762777e-09)
(1.4975342 -0.33525912 -2.9947061e-09)
(1.5078978 -0.3220179 -2.396793e-09)
(1.5179612 -0.29886669 -1.8578279e-09)
(1.5266992 -0.26726471 -1.3734828e-09)
(1.5342356 -0.22882508 -9.4329365e-10)
(1.5405588 -0.18515254 -5.6624285e-10)
(1.545862 -0.13793282 -2.258336e-10)
(1.55036 -0.088753228 1.1574298e-10)
(1.5542719 -0.03900729 5.0090943e-10)
(1.5580426 0.010302899 9.4344793e-10)
(1.5621565 0.058702293 1.4094944e-09)
(1.5669992 0.10587706 1.8160699e-09)
(1.572579 0.15116758 2.0578461e-09)
(1.578342 0.19344649 2.0504083e-09)
(1.5833334 0.231171 1.7656727e-09)
(1.586332 0.26236173 1.2524033e-09)
(1.586116 0.28504883 6.1658346e-10)
(1.5822382 0.2984256 -7.7436256e-11)
(1.5756633 0.30308873 -8.2419787e-10)
(1.5674058 0.30007381 -1.5861792e-09)
(1.556097 0.28926438 -2.4126024e-09)
(1.5428778 0.27156122 -3.2262844e-09)
(1.5295807 0.24760392 -3.9999402e-09)
(1.5171393 0.21846647 -4.7030749e-09)
(1.5056515 0.18490328 -5.2977651e-09)
(1.495314 0.14780871 -5.7547545e-09)
(1.4863304 0.10810997 -6.0545222e-09)
(1.4788064 0.066908222 -6.198355e-09)
(1.4727758 0.025188921 -6.1992004e-09)
(1.4682886 -0.015974818 -6.0873905e-09)
(1.4653789 -0.055625529 -5.8913644e-09)
(1.4641402 -0.092627788 -5.6435012e-09)
(1.4644331 -0.12618533 -5.363254e-09)
(1.4662375 -0.15579428 -5.069827e-09)
(1.469155 -0.18167553 -4.765334e-09)
(1.4736799 -0.20384675 -4.4359397e-09)
(1.4794176 -0.22191651 -4.0803243e-09)
(1.4871111 -0.23528316 -3.6789306e-09)
(1.4949102 -0.24287863 -3.2972377e-09)
(1.5038079 -0.24670716 -2.9097944e-09)
(1.5118709 -0.24378113 -2.5869912e-09)
(1.5213631 -0.2397763 -2.2983373e-09)
(1.5298384 -0.22533239 -2.0483212e-09)
(1.5392062 -0.21316052 -1.8890857e-09)
(1.5468743 -0.18691324 -1.7127162e-09)
(1.5543665 -0.16821233 -1.6532035e-09)
(1.5606823 -0.13233954 -1.5737535e-09)
(1.56509 -0.11109109 -1.5911262e-09)
(1.5714546 -0.061088362 -1.6418309e-09)
(1.4853792 -0.0059488748 -2.7949378e-11)
(1.4807583 -0.017939275 4.2089725e-11)
(1.4717345 -0.03023818 -4.1886687e-11)
(1.4576144 -0.043157405 5.8366756e-11)
(1.4380269 -0.05700482 -5.871259e-11)
(1.4119952 -0.072282647 7.8452742e-11)
(1.3787642 -0.089623357 -8.5857082e-11)
(1.3364671 -0.10996981 1.2246024e-10)
(1.2834867 -0.13489334 -1.7093136e-10)
(1.2164062 -0.16637171 3.1105739e-10)
(1.1321647 -0.20866607 -5.7037268e-10)
(1.0239761 -0.26639579 1.0497878e-09)
(0.88535954 -0.352206 -1.2508626e-09)
(0.782708 -0.48799784 -1.0897202e-05)
(0.54771269 -0.71503142 8.8293481e-06)
(0.17612166 -0.36185711 0.00059985176)
(-0.058021232 -0.16050159 9.150297e-05)
(-0.07697552 -0.28159725 -6.5310569e-06)
(-0.11631411 -0.22701275 1.4327569e-08)
(-0.15215111 -0.1714569 1.271898e-08)
(-0.18440609 -0.099596886 7.8734268e-09)
(-0.21304748 -0.0077291948 2.5859634e-09)
(-0.23718241 0.10635696 -2.4324483e-09)
(-0.25597504 0.23748285 -6.4346802e-09)
(-0.26930399 0.37777022 -8.9948389e-09)
(-0.27886148 0.51612775 -9.9483624e-09)
(-0.286112 0.64034275 -8.9806525e-09)
(-0.2909986 0.738189 -5.3082248e-09)
(-0.29196815 0.79463511 3.9260544e-10)
(-0.2836885 0.81694893 1.0050454e-08)
(-0.2597306 0.78820195 1.890365e-08)
(-0.21770658 0.7196353 2.2623349e-08)
(-0.15874836 0.61005934 2.2275344e-08)
(-0.07745162 0.45784743 1.8899283e-08)
(0.035704731 0.26031453 1.3685849e-08)
(0.16374292 0.051110368 7.5793529e-09)
(0.29292964 -0.14981951 4.0199781e-10)
(0.4217914 -0.32927197 -7.0247871e-09)
(0.54602541 -0.47797576 -1.3242911e-08)
(0.65950282 -0.59158423 -1.7323089e-08)
(0.7580571 -0.6716124 -1.9338957e-08)
(0.84144634 -0.71930788 -1.9807756e-08)
(0.91008447 -0.73590599 -2.0473738e-08)
(0.96015089 -0.72912213 -2.2673853e-08)
(0.98494203 -0.71401158 -2.192145e-08)
(0.98829321 -0.70186119 -1.1887571e-08)
(0.98423776 -0.68941132 7.6048396e-09)
(0.98670015 -0.66381931 2.7932756e-08)
(1.0032636 -0.61286466 4.1280629e-08)
(1.0513375 -0.50547108 4.5859495e-08)
(1.1370488 -0.33171589 4.0229535e-08)
(1.2409946 -0.11812124 2.6729995e-08)
(1.3514826 0.11123462 8.0988849e-09)
(1.4552768 0.33030454 -1.2479929e-08)
(1.5411454 0.5167365 -3.0559362e-08)
(1.6018664 0.65571369 -4.0362972e-08)
(1.6347643 0.7398667 -3.9647742e-08)
(1.6441213 0.77227103 -3.3159703e-08)
(1.6427543 0.77355509 -2.9877624e-08)
(1.6327433 0.7599107 -2.522733e-08)
(1.6021476 0.71513448 -1.7403341e-08)
(1.5579683 0.64881879 -1.0525838e-08)
(1.5146675 0.57646195 -6.4146791e-09)
(1.4727687 0.50271608 -3.5210336e-09)
(1.4340496 0.43808702 -6.8948563e-10)
(1.4012009 0.39407329 1.8403135e-09)
(1.3769531 0.37294453 2.3573884e-09)
(1.3630657 0.36480165 -4.9498646e-10)
(1.3578379 0.35664303 -5.7801184e-09)
(1.3567055 0.34010957 -1.1365252e-08)
(1.357194 0.30437554 -1.6458515e-08)
(1.3587589 0.22898767 -2.103319e-08)
(1.3608445 0.12086657 -2.3205247e-08)
(1.3653325 -0.015737812 -2.2569975e-08)
(1.374384 -0.17306233 -1.9473307e-08)
(1.3891552 -0.33825088 -1.4851746e-08)
(1.4095686 -0.49284147 -9.866094e-09)
(1.4346147 -0.61561608 -5.4087448e-09)
(1.4609498 -0.6922031 -1.9848804e-09)
(1.4833369 -0.72461594 2.0544008e-10)
(1.4993034 -0.72723419 1.3377241e-09)
(1.5092492 -0.71149209 1.759245e-09)
(1.5149244 -0.66124713 1.6900425e-09)
(1.5129484 -0.57834971 1.1469084e-09)
(1.5065347 -0.48999232 5.3876183e-10)
(1.5022837 -0.40325912 1.5538806e-10)
(1.501146 -0.32260825 2.571415e-10)
(1.5038927 -0.2488371 8.6330414e-10)
(1.5115736 -0.18121603 1.7259338e-09)
(1.5239797 -0.11837235 2.567998e-09)
(1.5397286 -0.059123255 3.3393245e-09)
(1.5566592 -0.0025816216 4.3245981e-09)
(1.5729063 0.052893785 5.8688841e-09)
(1.5883913 0.11124412 7.8931688e-09)
(1.6046794 0.17794331 9.6108351e-09)
(1.622116 0.25538169 1.0284147e-08)
(1.6379971 0.33827539 9.8470452e-09)
(1.6478642 0.41611156 8.278372e-09)
(1.6461292 0.47620592 5.5963016e-09)
(1.6284075 0.50927658 3.2429227e-09)
(1.5979529 0.51571286 1.4042239e-09)
(1.5610076 0.5033267 -1.622697e-10)
(1.5237569 0.48047917 -1.7636214e-09)
(1.4914214 0.45215871 -3.4994245e-09)
(1.4673159 0.42073933 -5.2694524e-09)
(1.452287 0.38585445 -6.9157608e-09)
(1.4455875 0.34563197 -8.34471e-09)
(1.4457294 0.2981959 -9.5604943e-09)
(1.4509918 0.24253275 -1.0596335e-08)
(1.459632 0.17873726 -1.1425591e-08)
(1.4701406 0.10795814 -1.1936114e-08)
(1.4812449 0.032376517 -1.2030494e-08)
(1.4919026 -0.044628636 -1.1734526e-08)
(1.5013625 -0.11942579 -1.1169944e-08)
(1.5092385 -0.18907522 -1.0337942e-08)
(1.5158296 -0.25223093 -9.1127149e-09)
(1.5220705 -0.30920036 -7.4328966e-09)
(1.5285821 -0.36107329 -5.566918e-09)
(1.5344925 -0.40742452 -3.7478619e-09)
(1.5385079 -0.44306741 -1.7006356e-09)
(1.5410239 -0.46067559 4.904089e-10)
(1.5423052 -0.4628088 1.5257303e-09)
(1.5429681 -0.45902208 2.0770118e-09)
(1.5407691 -0.44562476 2.7595732e-09)
(1.5336625 -0.41238932 3.5328667e-09)
(1.5257259 -0.36718864 4.0332128e-09)
(1.5196523 -0.31542653 4.2222531e-09)
(1.5162323 -0.25826162 4.255695e-09)
(1.51601 -0.19681605 4.2780382e-09)
(1.5185142 -0.13226052 4.3227981e-09)
(1.5232415 -0.065309482 4.3196804e-09)
(1.5300415 0.0031204004 4.1676029e-09)
(1.5389576 0.072087371 3.8005695e-09)
(1.5499847 0.1405234 3.2293744e-09)
(1.5622887 0.20659626 2.5131228e-09)
(1.5737602 0.26709184 1.7411224e-09)
(1.5822221 0.31764577 1.1288906e-09)
(1.5875858 0.35701214 5.9438425e-10)
(1.588886 0.3840883 -1.326771e-10)
(1.5851041 0.3977094 -1.0420327e-09)
(1.5786604 0.40000547 -1.8340367e-09)
(1.5711708 0.39431908 -2.4034276e-09)
(1.5599785 0.3792428 -2.9359691e-09)
(1.5492942 0.35745616 -3.3405848e-09)
(1.540597 0.32948106 -3.6975041e-09)
(1.533696 0.29554948 -4.0612593e-09)
(1.5280176 0.25570637 -4.4496169e-09)
(1.5230794 0.21034592 -4.8577785e-09)
(1.5184832 0.16032283 -5.2851563e-09)
(1.5139793 0.10687999 -5.7436271e-09)
(1.5094661 0.05161833 -6.2314504e-09)
(1.5050432 -0.0037277462 -6.7000565e-09)
(1.5009854 -0.057457992 -7.04871e-09)
(1.497717 -0.1081866 -7.1902728e-09)
(1.4957775 -0.1552935 -7.1166904e-09)
(1.4956417 -0.19919227 -6.8985939e-09)
(1.4975875 -0.24073702 -6.5872219e-09)
(1.5018433 -0.27945923 -6.1333832e-09)
(1.5085673 -0.31213568 -5.4590175e-09)
(1.5171205 -0.33452301 -4.6050328e-09)
(1.5257353 -0.34543406 -3.7416181e-09)
(1.5331502 -0.34772672 -3.0168618e-09)
(1.5397895 -0.34366935 -2.4653427e-09)
(1.5468555 -0.3309887 -2.0106519e-09)
(1.5536195 -0.30642845 -1.5646844e-09)
(1.5580158 -0.27322072 -1.1797388e-09)
(1.5607609 -0.23339993 -8.527089e-10)
(1.5627326 -0.18872679 -5.7406344e-10)
(1.5642371 -0.14084867 -3.2966985e-10)
(1.5657102 -0.091313059 -8.4797383e-11)
(1.5673593 -0.041503119 2.0232934e-10)
(1.5692401 0.0075092746 5.633112e-10)
(1.5715129 0.055132704 9.882176e-10)
(1.5745926 0.1012283 1.4564981e-09)
(1.5788539 0.14558826 1.8478945e-09)
(1.5842746 0.18729385 2.0609226e-09)
(1.590271 0.22496196 2.0970169e-09)
(1.5959331 0.25762235 2.0025728e-09)
(1.5996146 0.28400642 1.5658698e-09)
(1.599835 0.30090125 6.279164e-10)
(1.5979197 0.30644873 -3.586561e-10)
(1.5965691 0.30569034 -7.6722123e-10)
(1.5930777 0.300081 -1.2897137e-09)
(1.5850392 0.28431953 -2.0388741e-09)
(1.5750101 0.25958759 -2.8454322e-09)
(1.5654273 0.22957714 -3.5596294e-09)
(1.5562727 0.19500688 -4.1647549e-09)
(1.5478151 0.15678544 -4.6423229e-09)
(1.5402995 0.11588943 -4.976478e-09)
(1.5338358 0.073410396 -5.1670847e-09)
(1.5284536 0.030400335 -5.2238854e-09)
(1.5241908 -0.012107052 -5.173703e-09)
(1.5210942 -0.053165837 -5.0417006e-09)
(1.5192814 -0.091659284 -4.8540538e-09)
(1.5187532 -0.12662345 -4.6241483e-09)
(1.5195328 -0.15753417 -4.3706874e-09)
(1.521325 -0.18469103 -4.1017897e-09)
(1.5244647 -0.20838549 -3.8033045e-09)
(1.5289046 -0.22796573 -3.4612495e-09)
(1.5351109 -0.24242314 -3.0582772e-09)
(1.5414729 -0.25024562 -2.6727859e-09)
(1.5481739 -0.25407401 -2.3114357e-09)
(1.5539968 -0.25154319 -2.0174591e-09)
(1.5614498 -0.24747406 -1.770843e-09)
(1.5675467 -0.23363913 -1.5551206e-09)
(1.5743668 -0.22043048 -1.421763e-09)
(1.57865 -0.19310854 -1.2806784e-09)
(1.5825737 -0.17331062 -1.2332548e-09)
(1.5847442 -0.13614186 -1.2082746e-09)
(1.5865236 -0.11419807 -1.2231122e-09)
(1.5879158 -0.063274483 -1.3345728e-09)
(1.4960516 -0.0036687307 -4.4920372e-11)
(1.4911763 -0.010974179 7.0848781e-11)
(1.4815154 -0.018355466 -7.3449469e-11)
(1.4664847 -0.025881512 1.0600346e-10)
(1.4454694 -0.033628557 -1.1697569e-10)
(1.4176096 -0.041775456 1.6204472e-10)
(1.3816693 -0.050522125 -1.975457e-10)
(1.3358679 -0.060277588 2.8595705e-10)
(1.2775451 -0.071532006 -4.1345041e-10)
(1.2031361 -0.085296527 7.0396077e-10)
(1.1069735 -0.10289854 -1.2564261e-09)
(0.98115154 -0.12709699 2.4233307e-09)
(0.81090214 -0.1623745 -4.4883819e-09)
(0.64332157 -0.25989044 -1.1401024e-05)
(0.30076453 -0.36757769 0.00014634987)
(-0.015376825 -0.079006944 8.6108222e-05)
(-0.078491534 -0.24441164 1.9048602e-06)
(-0.157703 -0.17633711 1.6584447e-08)
(-0.21762227 -0.12426328 1.4205518e-08)
(-0.26973649 -0.056227281 1.2100179e-08)
(-0.3145674 0.032062761 1.0025174e-08)
(-0.35214773 0.13811348 8.0622963e-09)
(-0.38159601 0.25903258 6.7797327e-09)
(-0.39968486 0.38751929 6.7499052e-09)
(-0.40539684 0.51282154 7.8812755e-09)
(-0.39874217 0.62436889 1.0116501e-08)
(-0.38035514 0.71070639 1.357782e-08)
(-0.35103752 0.76397917 1.7602501e-08)
(-0.31132255 0.77917211 2.1765947e-08)
(-0.25775273 0.74934338 2.3719863e-08)
(-0.18513575 0.66400949 2.451854e-08)
(-0.079505783 0.52096489 2.3768831e-08)
(0.05834704 0.33010585 2.1942682e-08)
(0.19957669 0.12426744 1.7078773e-08)
(0.33517767 -0.083245154 7.9094388e-09)
(0.46654161 -0.28204205 -4.2375724e-09)
(0.59263341 -0.45763775 -1.5757083e-08)
(0.71012129 -0.59678249 -2.347712e-08)
(0.813746 -0.69484862 -2.6844855e-08)
(0.89898306 -0.75809524 -2.6950918e-08)
(0.96582971 -0.79125942 -2.4602851e-08)
(1.0181573 -0.792333 -2.0938066e-08)
(1.0579287 -0.76313213 -2.000979e-08)
(1.0769118 -0.72163024 -2.262491e-08)
(1.0689599 -0.68982393 -2.1204206e-08)
(1.0423889 -0.67421765 -7.9207741e-09)
(1.0150646 -0.65943999 1.5205314e-08)
(1.0023669 -0.62341293 3.53361e-08)
(1.0097135 -0.55021018 4.4001572e-08)
(1.0565694 -0.40803003 4.1223158e-08)
(1.1322192 -0.21288172 2.9273757e-08)
(1.224645 0.010718686 1.2135738e-08)
(1.3215173 0.23572772 -7.2855011e-09)
(1.4111613 0.43788974 -2.5212982e-08)
(1.4845126 0.59892172 -3.6635943e-08)
(1.5369208 0.70669726 -3.9424716e-08)
(1.5690445 0.75902584 -3.571322e-08)
(1.5835097 0.77060997 -3.042415e-08)
(1.5860087 0.7660317 -2.7727036e-08)
(1.5804891 0.74367364 -2.3115327e-08)
(1.5567543 0.68725653 -1.6054208e-08)
(1.5253143 0.61498099 -1.0417733e-08)
(1.4940797 0.53934271 -6.2833008e-09)
(1.4644824 0.47046305 -2.4289507e-09)
(1.439087 0.41943784 9.5779093e-10)
(1.4214212 0.38897673 2.3269141e-09)
(1.4138235 0.37159498 6.1783711e-10)
(1.4141686 0.35737799 -3.5595042e-09)
(1.4185544 0.33784774 -8.7713504e-09)
(1.4264309 0.2987765 -1.402573e-08)
(1.4366424 0.22436221 -1.8621664e-08)
(1.4462344 0.11594552 -2.1016716e-08)
(1.4567893 -0.023049075 -2.0549757e-08)
(1.4705447 -0.18459119 -1.743299e-08)
(1.4881226 -0.35455296 -1.2728009e-08)
(1.5077911 -0.51327325 -7.8114104e-09)
(1.5268818 -0.63824085 -3.6418423e-09)
(1.5432009 -0.71205389 -5.2662624e-10)
(1.5542317 -0.73610878 1.3154408e-09)
(1.5577118 -0.73490063 1.7917878e-09)
(1.5587962 -0.71593974 2.0064732e-09)
(1.5479255 -0.65542951 1.6315281e-09)
(1.529421 -0.56746963 8.0853483e-10)
(1.5125355 -0.47937564 1.6357749e-10)
(1.4990444 -0.39627695 5.4786055e-11)
(1.4912581 -0.32044955 6.0881671e-10)
(1.4904456 -0.25230188 1.7079588e-09)
(1.4967422 -0.19055607 3.0477169e-09)
(1.5094604 -0.13273105 4.2699273e-09)
(1.5269138 -0.076537216 5.1851285e-09)
(1.5466121 -0.020607645 5.9637501e-09)
(1.5659374 0.035827776 7.0622149e-09)
(1.5834397 0.094989336 8.7501291e-09)
(1.5997029 0.16132286 1.0643053e-08)
(1.616104 0.23877082 1.1834267e-08)
(1.6319425 0.3254379 1.1563758e-08)
(1.6427409 0.41068142 1.0049296e-08)
(1.6453725 0.48154396 7.9988124e-09)
(1.6385605 0.5273653 5.313556e-09)
(1.6191349 0.54505794 3.0860057e-09)
(1.58995 0.5379946 1.225329e-09)
(1.5564338 0.51422974 -4.6159923e-10)
(1.5251062 0.48039121 -2.1177132e-09)
(1.5006454 0.44074761 -3.7929926e-09)
(1.4847198 0.39720147 -5.4020351e-09)
(1.4770559 0.34919112 -6.852589e-09)
(1.4764802 0.29551675 -8.1053695e-09)
(1.4813512 0.23544406 -9.1289555e-09)
(1.4898853 0.16896965 -9.8291732e-09)
(1.5004722 0.096954509 -1.0083099e-08)
(1.5118761 0.021297437 -9.8784479e-09)
(1.5228976 -0.054902411 -9.3694495e-09)
(1.5325856 -0.12829333 -8.7255655e-09)
(1.5407473 -0.19649653 -7.9509563e-09)
(1.5478039 -0.25884758 -6.8663236e-09)
(1.5545872 -0.31580273 -5.364298e-09)
(1.5614988 -0.36751555 -3.6720476e-09)
(1.5674224 -0.41228979 -2.0984987e-09)
(1.5697213 -0.44524691 -5.0346023e-10)
(1.5679096 -0.46060717 1.2888128e-09)
(1.566157 -0.46182678 2.1375357e-09)
(1.562496 -0.45659903 2.7081461e-09)
(1.554305 -0.43801033 3.4841533e-09)
(1.5413121 -0.40207289 4.1747401e-09)
(1.530388 -0.35839179 4.4648231e-09)
(1.5223401 -0.30905492 4.4375225e-09)
(1.5171912 -0.25507711 4.2583245e-09)
(1.5150087 -0.19683644 4.103376e-09)
(1.5155683 -0.13479043 4.0789141e-09)
(1.518433 -0.069927986 4.1598166e-09)
(1.5232881 -0.0035138 4.2273372e-09)
(1.530082 0.063323907 4.1351709e-09)
(1.5389504 0.1296903 3.7904545e-09)
(1.549873 0.19445164 3.1951862e-09)
(1.5622096 0.25551102 2.4484561e-09)
(1.5739718 0.30940991 1.7353632e-09)
(1.5823304 0.35266801 1.1180552e-09)
(1.5859535 0.38319146 4.6928069e-10)
(1.5864088 0.39918573 -4.3734679e-10)
(1.5860099 0.40198513 -1.0857204e-09)
(1.5852611 0.39933615 -1.445946e-09)
(1.5815828 0.38950801 -2.0312459e-09)
(1.5737954 0.36675125 -2.7202864e-09)
(1.5668645 0.33701063 -3.2550722e-09)
(1.5614629 0.3014431 -3.6921121e-09)
(1.5571765 0.26040018 -4.0859876e-09)
(1.5536661 0.21434868 -4.4610574e-09)
(1.5505435 0.16406407 -4.8396387e-09)
(1.5475156 0.11060521 -5.2487164e-09)
(1.5444537 0.055406067 -5.6879532e-09)
(1.5413357 7.5947223e-07 -6.1069698e-09)
(1.5383566 -0.054110126 -6.3980488e-09)
(1.5359356 -0.1057619 -6.4740499e-09)
(1.5347618 -0.15443484 -6.3265568e-09)
(1.5355209 -0.20033966 -6.0459618e-09)
(1.5384722 -0.24399638 -5.7174203e-09)
(1.5433336 -0.28485463 -5.2881489e-09)
(1.549723 -0.31946261 -4.631638e-09)
(1.5571419 -0.34261799 -3.7568396e-09)
(1.5637062 -0.3524902 -2.9262172e-09)
(1.5682842 -0.35311627 -2.3539351e-09)
(1.5717016 -0.34848706 -2.0002855e-09)
(1.5743542 -0.33589628 -1.6881566e-09)
(1.5755948 -0.30904027 -1.3391039e-09)
(1.5749946 -0.27400701 -1.0544371e-09)
(1.5736297 -0.23321654 -8.3000225e-10)
(1.5721674 -0.18845293 -6.3692471e-10)
(1.571183 -0.14086221 -4.7825895e-10)
(1.5706042 -0.091724351 -3.4190758e-10)
(1.5703542 -0.042299165 -1.8327428e-10)
(1.5703943 0.0063769534 7.1227734e-11)
(1.5710029 0.053496864 4.798703e-10)
(1.5726639 0.098607346 9.9320315e-10)
(1.5757894 0.14149871 1.4845969e-09)
(1.580693 0.18196272 1.8731486e-09)
(1.5869823 0.2195451 2.1131526e-09)
(1.5932829 0.2531703 2.1930029e-09)
(1.5982839 0.28057551 1.9805297e-09)
(1.6023835 0.29862536 1.3246361e-09)
(1.6057735 0.30539849 4.5229298e-10)
(1.6070531 0.3052114 1.0289989e-10)
(1.608037 0.30119387 -2.8396819e-10)
(1.6070814 0.29009868 -8.9418299e-10)
(1.6030376 0.26735394 -1.6888683e-09)
(1.5977848 0.23785785 -2.4128732e-09)
(1.592009 0.20302984 -3.0312529e-09)
(1.5861816 0.16414831 -3.5287388e-09)
(1.5806385 0.1224012 -3.894362e-09)
(1.5755817 0.078975378 -4.1285785e-09)
(1.5711503 0.035017938 -4.2390979e-09)
(1.5674444 -0.0084452476 -4.2483241e-09)
(1.5645315 -0.050512997 -4.1806014e-09)
(1.5624863 -0.090137363 -4.0564096e-09)
(1.5614118 -0.12624222 -3.879386e-09)
(1.5614212 -0.15822355 -3.6621313e-09)
(1.5624267 -0.18641942 -3.421796e-09)
(1.564527 -0.21147781 -3.1551271e-09)
(1.5678725 -0.23275042 -2.8298569e-09)
(1.5727712 -0.24817651 -2.4170038e-09)
(1.5776551 -0.2563784 -2.0245469e-09)
(1.5820782 -0.2588684 -1.6957257e-09)
(1.5849425 -0.25701663 -1.4804439e-09)
(1.5887635 -0.25208176 -1.3055569e-09)
(1.5915022 -0.23842085 -1.1471523e-09)
(1.5940024 -0.22369697 -1.0551396e-09)
(1.5944024 -0.1950025 -9.5421637e-10)
(1.5948953 -0.17418825 -9.2317557e-10)
(1.593685 -0.13638991 -9.4934814e-10)
(1.5937433 -0.11415713 -9.6259653e-10)
(1.5910212 -0.062837413 -1.089519e-09)
(1.4993587 -0.0013877636 -5.0385554e-11)
(1.494714 -0.0036430369 9.4401083e-11)
(1.4849018 -0.0058973345 -1.03198e-10)
(1.4696682 -0.0078215007 1.4644465e-10)
(1.4484013 -0.009236581 -1.7075043e-10)
(1.4201925 -0.0099122725 2.3438812e-10)
(1.383839 -0.0096626503 -2.982962e-10)
(1.3374833 -0.0081273781 4.2769823e-10)
(1.2785132 -0.0048910353 -6.2040992e-10)
(1.2032144 0.00081652335 1.0084263e-09)
(1.1059703 0.010167394 -1.7198513e-09)
(0.97863616 0.025192614 3.1865389e-09)
(0.80645735 0.050042954 -6.2242883e-09)
(0.60373757 0.021345766 -1.7002416e-06)
(0.23815762 0.035918524 0.00020093797)
(-0.00023749448 -0.053774532 4.2689228e-06)
(-0.066288202 -0.17431039 6.079644e-06)
(-0.1673531 -0.10550042 2.4004101e-08)
(-0.2362239 -0.063313859 1.5669227e-08)
(-0.29338275 -0.0048780056 1.5795244e-08)
(-0.33786108 0.073589008 1.597781e-08)
(-0.3714151 0.16883812 1.5827121e-08)
(-0.39425441 0.27710078 1.5495257e-08)
(-0.40520554 0.39273513 1.5346491e-08)
(-0.40400338 0.50718438 1.603384e-08)
(-0.38945825 0.60890484 1.7898207e-08)
(-0.36074117 0.68616165 2.0511725e-08)
(-0.31627744 0.72917496 2.3472218e-08)
(-0.25029194 0.72468412 2.6188475e-08)
(-0.15295362 0.66236014 2.8085639e-08)
(-0.015650048 0.53778513 2.9952147e-08)
(0.13885015 0.37095253 3.053047e-08)
(0.2869517 0.18549804 2.7032329e-08)
(0.42703963 -0.012103729 1.7537544e-08)
(0.56061677 -0.21397275 2.2656277e-09)
(0.68765696 -0.40687911 -1.5247339e-08)
(0.8040283 -0.57502512 -2.9189259e-08)
(0.90711134 -0.70193742 -3.5655593e-08)
(0.99316553 -0.78172676 -3.5994705e-08)
(1.058912 -0.82380595 -3.3443009e-08)
(1.1044095 -0.83949115 -2.9218707e-08)
(1.1325235 -0.82890113 -2.3471347e-08)
(1.1484146 -0.78645235 -1.7804373e-08)
(1.1540973 -0.72318484 -1.7328099e-08)
(1.1407369 -0.66652487 -2.0400151e-08)
(1.1040677 -0.63562855 -1.6496235e-08)
(1.0550274 -0.62524417 7.2968962e-10)
(1.013629 -0.60782901 2.4779759e-08)
(0.99277293 -0.5567895 4.0945445e-08)
(1.0006417 -0.449618 4.2699449e-08)
(1.0447849 -0.28098951 3.2158886e-08)
(1.1134613 -0.073137899 1.5091115e-08)
(1.1962248 0.14747046 -3.8158082e-09)
(1.2818446 0.35543903 -2.0993268e-08)
(1.360772 0.52945908 -3.2914751e-08)
(1.4270746 0.65397878 -3.7655551e-08)
(1.4771728 0.72585325 -3.6512991e-08)
(1.5095124 0.7566232 -3.3000823e-08)
(1.5282781 0.75940129 -2.881041e-08)
(1.536051 0.74527094 -2.4981067e-08)
(1.5334659 0.70615076 -1.972937e-08)
(1.5203222 0.63937501 -1.3978764e-08)
(1.5032299 0.56480466 -9.2594143e-09)
(1.4844624 0.49410983 -4.717641e-09)
(1.4674072 0.43778946 -6.0410434e-10)
(1.4565476 0.3986278 1.6969981e-09)
(1.4542445 0.37222726 1.1974771e-09)
(1.4586007 0.35250732 -1.7445156e-09)
(1.4679737 0.32895756 -6.2561078e-09)
(1.4823121 0.28611771 -1.1378365e-08)
(1.4989855 0.21193179 -1.5797895e-08)
(1.5153642 0.10360905 -1.8149531e-08)
(1.5324865 -0.036745624 -1.7623874e-08)
(1.5521136 -0.201097 -1.4391627e-08)
(1.5737194 -0.37325405 -9.6993174e-09)
(1.5938636 -0.53111172 -5.1039045e-09)
(1.6074804 -0.65220411 -1.5686054e-09)
(1.611808 -0.72081529 8.1752398e-10)
(1.6101998 -0.73930667 1.9934971e-09)
(1.6069649 -0.73419087 2.3017812e-09)
(1.593369 -0.70415227 2.2162821e-09)
(1.5601665 -0.62848353 1.3047846e-09)
(1.527574 -0.54229951 3.209987e-10)
(1.5006901 -0.45854133 -1.0909109e-10)
(1.4807384 -0.38184431 3.0128584e-10)
(1.4693576 -0.31392158 1.4945518e-09)
(1.4672122 -0.25415941 3.1504505e-09)
(1.4738305 -0.20012937 4.8476791e-09)
(1.487809 -0.14851197 6.2130844e-09)
(1.5070496 -0.096250926 7.0644901e-09)
(1.5290306 -0.041584348 7.5481171e-09)
(1.5509346 0.015982693 8.152749e-09)
(1.5704643 0.077359984 9.3701637e-09)
(1.5870863 0.14521242 1.1153388e-08)
(1.6020916 0.22323053 1.2716095e-08)
(1.6165065 0.31148519 1.3068961e-08)
(1.6288611 0.40200771 1.1815202e-08)
(1.6347819 0.48095441 9.5510686e-09)
(1.6313734 0.53678693 7.0776323e-09)
(1.6200704 0.56317565 4.4932175e-09)
(1.6036091 0.5649156 2.5270181e-09)
(1.5795916 0.54583729 8.9605688e-10)
(1.5491064 0.50762964 -8.4351482e-10)
(1.5248694 0.46086841 -2.4339986e-09)
(1.5088305 0.40932381 -3.9116424e-09)
(1.500613 0.35368573 -5.2423621e-09)
(1.4993278 0.29364744 -6.3873476e-09)
(1.5035734 0.22889871 -7.274048e-09)
(1.5117211 0.1594286 -7.7727983e-09)
(1.5222742 0.085861562 -7.8046569e-09)
(1.5338916 0.0099580799 -7.4795629e-09)
(1.5452442 -0.065514841 -7.0404299e-09)
(1.5553482 -0.1375503 -6.6139472e-09)
(1.5640574 -0.204492 -6.0646559e-09)
(1.5719676 -0.26622862 -5.1574331e-09)
(1.5796892 -0.32306785 -3.8309239e-09)
(1.5865932 -0.37401102 -2.3110717e-09)
(1.5907884 -0.41573043 -8.9958485e-10)
(1.5902007 -0.44431398 3.7944093e-10)
(1.5844892 -0.45738697 1.6752873e-09)
(1.5780995 -0.4574876 2.6470799e-09)
(1.5697225 -0.44808942 3.4414285e-09)
(1.5533925 -0.42308098 4.2392301e-09)
(1.5373615 -0.38863306 4.6174676e-09)
(1.5245557 -0.34782566 4.5438393e-09)
(1.5152009 -0.30177625 4.1429719e-09)
(1.5092642 -0.25087192 3.6286009e-09)
(1.5064201 -0.19534859 3.2262507e-09)
(1.5061543 -0.13570789 3.0980276e-09)
(1.5079475 -0.072912073 3.2604046e-09)
(1.5114129 -0.0083354297 3.5959564e-09)
(1.5163866 0.056651415 3.8820947e-09)
(1.523042 0.12093378 3.9168293e-09)
(1.5318452 0.18346199 3.6104908e-09)
(1.5430164 0.24285862 3.0550229e-09)
(1.5557789 0.29733939 2.4315587e-09)
(1.5674531 0.34424556 1.8147077e-09)
(1.5755905 0.37909328 1.0281113e-09)
(1.5802579 0.39748967 2.9907179e-11)
(1.5824876 0.40135167 -6.5330821e-10)
(1.5831164 0.39945197 -8.9423572e-10)
(1.5834463 0.39151456 -1.1690845e-09)
(1.582058 0.37139247 -1.6806782e-09)
(1.5795962 0.34150008 -2.3639856e-09)
(1.5770748 0.30540011 -3.0249576e-09)
(1.5747724 0.2637696 -3.5476382e-09)
(1.5728544 0.21728174 -3.9706172e-09)
(1.5711929 0.16672799 -4.3479804e-09)
(1.5696358 0.11315803 -4.73231e-09)
(1.5680274 0.057874628 -5.1192813e-09)
(1.5663699 0.0023840842 -5.4507267e-09)
(1.5647906 -0.051985034 -5.6383984e-09)
(1.5635802 -0.10438912 -5.6305679e-09)
(1.5635767 -0.15454986 -5.4214657e-09)
(1.5656226 -0.2025343 -5.0938048e-09)
(1.5699988 -0.24824711 -4.747633e-09)
(1.5758309 -0.29051612 -4.3415272e-09)
(1.5813518 -0.32568134 -3.7467507e-09)
(1.5856076 -0.34808955 -2.9002761e-09)
(1.5883461 -0.35557441 -2.1703516e-09)
(1.5892329 -0.35514319 -1.9295079e-09)
(1.589654 -0.35014161 -1.7018869e-09)
(1.5882414 -0.3355513 -1.4580374e-09)
(1.5846788 -0.30750957 -1.1994354e-09)
(1.5809284 -0.27217594 -9.9302118e-10)
(1.5771266 -0.23127114 -8.6388974e-10)
(1.5733909 -0.1863709 -8.2550552e-10)
(1.5697495 -0.13898881 -8.3496207e-10)
(1.5665692 -0.090260538 -8.4620802e-10)
(1.5640956 -0.041262981 -7.9014181e-10)
(1.5624969 0.0068156673 -5.8702893e-10)
(1.5617848 0.053026871 -2.0691431e-10)
(1.5621577 0.096792603 3.0800049e-10)
(1.5640991 0.13788786 8.7050746e-10)
(1.5681848 0.17642806 1.4180976e-09)
(1.5743617 0.2127593 1.896384e-09)
(1.5815848 0.24650035 2.2130609e-09)
(1.5889359 0.27514229 2.1628096e-09)
(1.5957374 0.29446022 1.6635305e-09)
(1.6010823 0.30262857 9.837723e-10)
(1.6045342 0.30307935 4.8696214e-10)
(1.6068261 0.29936205 1.824802e-10)
(1.6092294 0.28909854 -1.592374e-10)
(1.610928 0.26820145 -6.8418116e-10)
(1.6110076 0.24034083 -1.2844769e-09)
(1.6097278 0.20671275 -1.9160623e-09)
(1.6074813 0.16844303 -2.4397346e-09)
(1.604722 0.12683215 -2.8394576e-09)
(1.6017622 0.083192653 -3.1196661e-09)
(1.5988803 0.038737152 -3.2866649e-09)
(1.5963731 -0.0053690524 -3.352005e-09)
(1.5943012 -0.048108536 -3.3420756e-09)
(1.592639 -0.088468184 -3.2783985e-09)
(1.591484 -0.12544561 -3.154928e-09)
(1.5910434 -0.15837478 -2.9719306e-09)
(1.5914684 -0.1874516 -2.7513091e-09)
(1.5926308 -0.21335133 -2.5098032e-09)
(1.5942466 -0.23561661 -2.22164e-09)
(1.5962751 -0.25173111 -1.8445578e-09)
(1.5985659 -0.25933724 -1.4392631e-09)
(1.5998958 -0.26040963 -1.2090637e-09)
(1.6005999 -0.25893577 -1.1101429e-09)
(1.601285 -0.25385408 -9.8862102e-10)
(1.6012518 -0.23948283 -8.6867268e-10)
(1.6007525 -0.22376678 -7.8582466e-10)
(1.5986759 -0.1944809 -7.0449206e-10)
(1.5969535 -0.17305227 -6.4372897e-10)
(1.5926176 -0.1343982 -6.5333741e-10)
(1.5902007 -0.1117738 -6.4389189e-10)
(1.5826433 -0.059879617 -8.1555706e-10)
(1.4957913 0.0012387998 -5.0337782e-11)
(1.4913317 0.0034371407 9.5677465e-11)
(1.4818825 0.0062490955 -1.0896931e-10)
(1.4671078 0.0098935565 1.5576376e-10)
(1.4467458 0.014737551 -1.8675709e-10)
(1.4196519 0.021359521 2.5940592e-10)
(1.3851908 0.030381118 -3.3262197e-10)
(1.3412378 0.0427489 4.7207813e-10)
(1.2864074 0.059909478 -6.5363526e-10)
(1.2167298 0.083749896 9.7616689e-10)
(1.1295278 0.1182537 -1.4772976e-09)
(1.0170357 0.16758735 2.4266071e-09)
(0.87297846 0.24429926 -4.2019887e-09)
(0.67481743 0.28999026 -9.8977202e-06)
(0.38083282 0.4266305 8.3917733e-05)
(0.020204561 0.087877728 2.6265447e-05)
(0.0061601787 -0.051865832 6.7732427e-05)
(-0.062407537 -0.091603028 2.7897743e-06)
(-0.15375631 -0.031776522 3.668224e-08)
(-0.21452169 -0.00063532143 1.6770724e-08)
(-0.26719446 0.045928911 1.7212677e-08)
(-0.30785536 0.11127183 1.8837751e-08)
(-0.33694316 0.19439889 1.9729713e-08)
(-0.35284768 0.29189223 2.0275418e-08)
(-0.35435787 0.3959743 2.100656e-08)
(-0.33972625 0.4963134 2.2281731e-08)
(-0.30620293 0.58084015 2.4077226e-08)
(-0.25053951 0.63682766 2.6226606e-08)
(-0.16235724 0.6490833 2.868271e-08)
(-0.037861379 0.60645881 3.1286155e-08)
(0.11284633 0.51170649 3.3929355e-08)
(0.26711248 0.38109037 3.5519749e-08)
(0.41713288 0.22468899 3.3749408e-08)
(0.55880278 0.047770166 2.5909389e-08)
(0.69319327 -0.14300101 1.1299543e-08)
(0.82039414 -0.33600949 -8.0767617e-09)
(0.93726218 -0.51869946 -2.7741981e-08)
(1.0375195 -0.67501295 -4.1027597e-08)
(1.1181628 -0.78635934 -4.343758e-08)
(1.1791496 -0.84621947 -3.8238399e-08)
(1.2193238 -0.86815323 -3.2483204e-08)
(1.2423206 -0.86252708 -2.6816573e-08)
(1.247225 -0.83846204 -2.1446358e-08)
(1.2367218 -0.7847948 -1.4300798e-08)
(1.2200216 -0.71219207 -1.1252342e-08)
(1.1971437 -0.63865912 -1.4977006e-08)
(1.1567984 -0.58752863 -1.7583533e-08)
(1.0972237 -0.56856508 -8.3767025e-09)
(1.03384 -0.56249912 1.2972035e-08)
(0.98506359 -0.53456725 3.4652646e-08)
(0.96371813 -0.45816703 4.3551402e-08)
(0.97661288 -0.32096399 3.6835838e-08)
(1.0199138 -0.13649767 2.0288362e-08)
(1.0844148 0.071017349 1.0633216e-09)
(1.1605666 0.27523731 -1.6160803e-08)
(1.2392814 0.4533867 -2.8513214e-08)
(1.3130363 0.58888937 -3.4729969e-08)
(1.3755625 0.67646709 -3.5776618e-08)
(1.4234894 0.72280005 -3.3805404e-08)
(1.4575656 0.73971836 -3.0331787e-08)
(1.4805454 0.73392084 -2.6166308e-08)
(1.49335 0.70465776 -2.1732172e-08)
(1.4979278 0.64675247 -1.6542587e-08)
(1.4935637 0.57666364 -1.1604249e-08)
(1.4871078 0.50693373 -6.5457267e-09)
(1.4815706 0.44790377 -1.8719225e-09)
(1.4791811 0.40253666 1.1498794e-09)
(1.4823637 0.36931149 1.6937428e-09)
(1.4907532 0.3435342 -2.1706733e-10)
(1.5046212 0.31456982 -4.0103263e-09)
(1.5235169 0.26831875 -8.6442663e-09)
(1.5450355 0.19330476 -1.2684125e-08)
(1.5675439 0.084525178 -1.4718465e-08)
(1.5917359 -0.057320525 -1.38985e-08)
(1.6183648 -0.22346321 -1.050924e-08)
(1.6447592 -0.39506905 -5.989998e-09)
(1.6651088 -0.54735734 -2.0880866e-09)
(1.6734371 -0.65838841 4.7282796e-10)
(1.6670704 -0.71704553 1.9561558e-09)
(1.6539371 -0.73060847 2.6197149e-09)
(1.6383371 -0.71883454 2.6957351e-09)
(1.6003158 -0.66896058 1.9789629e-09)
(1.5517971 -0.58935078 6.6324744e-10)
(1.5105045 -0.50759458 -2.1265938e-10)
(1.4767724 -0.43135098 -9.0191303e-11)
(1.4525518 -0.36411975 1.118865e-09)
(1.4392378 -0.3064813 3.0693204e-09)
(1.4368751 -0.25665946 5.1854526e-09)
(1.4443059 -0.21119166 6.9335707e-09)
(1.4594959 -0.16608746 8.0121525e-09)
(1.4798755 -0.11782652 8.3921402e-09)
(1.5028713 -0.064457377 8.3456223e-09)
(1.5259622 -0.0056736445 8.4149552e-09)
(1.5466094 0.058636657 9.1701134e-09)
(1.5635021 0.12952016 1.0766369e-08)
(1.5773982 0.2092435 1.2598269e-08)
(1.5899218 0.29848946 1.3605798e-08)
(1.6015376 0.39198307 1.3103784e-08)
(1.6095745 0.47741659 1.127987e-08)
(1.6106854 0.54055817 8.6115185e-09)
(1.6035529 0.57307832 5.5711891e-09)
(1.5941144 0.57881277 3.4234972e-09)
(1.5845316 0.56888858 2.1743479e-09)
(1.5634777 0.53414369 5.3672059e-10)
(1.540928 0.4806336 -1.1283888e-09)
(1.5260164 0.42144421 -2.5227405e-09)
(1.5179863 0.3585536 -3.7013755e-09)
(1.5163846 0.29233101 -4.6768929e-09)
(1.5201918 0.22284783 -5.3765256e-09)
(1.5280642 0.15012996 -5.6931588e-09)
(1.5386233 0.07472486 -5.651403e-09)
(1.550417 -0.001674006 -5.4682425e-09)
(1.5620002 -0.076444139 -5.3658264e-09)
(1.5724487 -0.14725946 -5.297875e-09)
(1.5817555 -0.21324853 -4.9573685e-09)
(1.5903507 -0.27454122 -4.1023055e-09)
(1.5978366 -0.33038151 -2.8192913e-09)
(1.6026394 -0.37844446 -1.4359818e-09)
(1.6030285 -0.4163447 -2.2672175e-10)
(1.5994294 -0.44060657 9.9249043e-10)
(1.5907666 -0.44970613 2.2432664e-09)
(1.5787702 -0.44657066 3.2534513e-09)
(1.5604771 -0.43079574 4.1873595e-09)
(1.5411036 -0.40577313 4.6926234e-09)
(1.5238603 -0.37369713 4.662799e-09)
(1.5102278 -0.33620243 4.1434361e-09)
(1.5004906 -0.29372879 3.3067766e-09)
(1.4944067 -0.24617554 2.4062839e-09)
(1.4914005 -0.19349721 1.7059108e-09)
(1.4907674 -0.13609582 1.4151247e-09)
(1.4918723 -0.075009265 1.607491e-09)
(1.4942412 -0.011814084 2.1872629e-09)
(1.4976521 0.051817401 2.8876223e-09)
(1.502334 0.11431758 3.4040679e-09)
(1.5090161 0.17450138 3.5504113e-09)
(1.5182369 0.2315802 3.3706152e-09)
(1.5296341 0.284905 3.0121481e-09)
(1.5419129 0.33258222 2.5000042e-09)
(1.5539365 0.36997489 1.7057217e-09)
(1.5638346 0.39185672 7.3977451e-10)
(1.5703413 0.39874688 -4.4565437e-11)
(1.5740534 0.39737624 -4.6937288e-10)
(1.576611 0.39034171 -7.7430681e-10)
(1.5780166 0.37168337 -1.2149191e-09)
(1.5781519 0.34211261 -1.6907108e-09)
(1.5782503 0.30603842 -2.1351763e-09)
(1.5785847 0.2642202 -2.5804637e-09)
(1.5790802 0.21759485 -2.9941319e-09)
(1.5795911 0.16713137 -3.4206396e-09)
(1.5799648 0.11385487 -3.8921464e-09)
(1.5801397 0.058738334 -4.3055104e-09)
(1.58017 0.0032389703 -4.5879788e-09)
(1.5803002 -0.051453461 -4.6909928e-09)
(1.5809892 -0.1047815 -4.6237746e-09)
(1.583 -0.15664773 -4.4006301e-09)
(1.5868137 -0.20668248 -4.0715302e-09)
(1.5918961 -0.2537564 -3.7406588e-09)
(1.5968009 -0.29575002 -3.4110796e-09)
(1.5998774 -0.3291207 -2.9677574e-09)
(1.6002068 -0.34958209 -2.3205957e-09)
(1.5992007 -0.35587754 -1.7977601e-09)
(1.5983221 -0.35505233 -1.641211e-09)
(1.5966279 -0.34904424 -1.4575629e-09)
(1.5922037 -0.33178345 -1.2271525e-09)
(1.584732 -0.30185167 -1.0537781e-09)
(1.5769001 -0.26595228 -1.0062073e-09)
(1.5692028 -0.22524636 -1.0500758e-09)
(1.5621109 -0.18092077 -1.1582097e-09)
(1.5558761 -0.13415992 -1.3012591e-09)
(1.5505835 -0.086163159 -1.4349505e-09)
(1.5462925 -0.038121404 -1.4880321e-09)
(1.5430844 0.0088592636 -1.3859436e-09)
(1.5410296 0.053889305 -1.0893041e-09)
(1.5403283 0.096209043 -6.1180043e-10)
(1.5413909 0.13539034 -3.0637902e-12)
(1.5445255 0.1717047 6.802703e-10)
(1.5498395 0.20598959 1.3645507e-09)
(1.5573352 0.23828965 1.906611e-09)
(1.5667469 0.26631894 2.104754e-09)
(1.5767385 0.28634718 1.885365e-09)
(1.5855797 0.29675305 1.4197225e-09)
(1.5922182 0.29930796 9.4719245e-10)
(1.5976099 0.29610614 5.5486949e-10)
(1.6023896 0.28598973 1.7982338e-10)
(1.6064255 0.26617558 -2.9079075e-10)
(1.6088021 0.23914386 -7.5294799e-10)
(1.6103891 0.20622916 -1.1581106e-09)
(1.6114667 0.16870189 -1.5570043e-09)
(1.6118922 0.12774783 -1.9105276e-09)
(1.6117404 0.084632612 -2.2029289e-09)
(1.6110966 0.040472169 -2.4258511e-09)
(1.6100271 -0.0036260956 -2.5691518e-09)
(1.6087411 -0.046522431 -2.6393715e-09)
(1.6074194 -0.087133885 -2.6456799e-09)
(1.6062484 -0.12456422 -2.5755752e-09)
(1.6055057 -0.1582148 -2.4230898e-09)
(1.605499 -0.18807702 -2.2156375e-09)
(1.6059964 -0.2143809 -1.9885239e-09)
(1.6065291 -0.23651113 -1.7244886e-09)
(1.6063296 -0.25242922 -1.3975591e-09)
(1.6060731 -0.26005249 -1.0795482e-09)
(1.6059365 -0.26101222 -9.0832902e-10)
(1.6060002 -0.25924079 -8.2245189e-10)
(1.6047538 -0.25367445 -6.9991924e-10)
(1.6024569 -0.2380706 -5.0182104e-10)
(1.5977568 -0.22094253 -3.4188937e-10)
(1.5916134 -0.19064901 -2.4247186e-10)
(1.5856922 -0.16829817 -1.8906375e-10)
(1.5772855 -0.12894586 -2.671636e-10)
(1.5721214 -0.10607373 -2.9899677e-10)
(1.5602146 -0.053849797 -5.5067704e-10)
(1.4853869 0.0033361986 -2.4501857e-11)
(1.4809196 0.010187891 4.1331595e-11)
(1.4723303 0.017720539 -4.5090886e-11)
(1.4587339 0.026570815 7.1266608e-11)
(1.4403489 0.03714459 -9.3045799e-11)
(1.4156637 0.050476883 1.5267629e-10)
(1.3852121 0.067172434 -2.4403819e-10)
(1.3460404 0.089239671 4.3506298e-10)
(1.2995851 0.11764973 -7.6272801e-10)
(1.2399184 0.15704756 1.3360774e-09)
(1.1715876 0.20887131 -2.1698812e-09)
(1.0817664 0.28582494 3.1845563e-09)
(0.98547094 0.38791846 -3.5091743e-09)
(0.85084714 0.56110116 3.8185142e-10)
(0.64424645 0.72883515 -8.6780014e-06)
(0.24722878 0.4790948 -0.00047703889)
(-0.0085623999 -0.0347191 6.3076978e-06)
(-0.079829201 0.0010695087 1.2097154e-07)
(-0.11817179 0.023164376 4.2371847e-08)
(-0.15195424 0.04769688 1.926767e-08)
(-0.18082611 0.085609754 1.6545452e-08)
(-0.20408968 0.13996848 1.8424221e-08)
(-0.21678378 0.21058447 2.0698424e-08)
(-0.21429385 0.29237727 2.2606291e-08)
(-0.19317989 0.3770729 2.4213413e-08)
(-0.14939506 0.45408988 2.5698391e-08)
(-0.079273862 0.51088496 2.7190309e-08)
(0.019065758 0.53445634 2.8819934e-08)
(0.14188462 0.51692577 3.0633202e-08)
(0.28169082 0.45739957 3.2583258e-08)
(0.42940448 0.36191379 3.4176003e-08)
(0.57501279 0.23707851 3.3663463e-08)
(0.71403254 0.0878876 2.8122594e-08)
(0.84608119 -0.080906515 1.5275509e-08)
(0.9715238 -0.26395116 -3.7194594e-09)
(1.0876073 -0.44836553 -2.4406364e-08)
(1.1893222 -0.61702198 -4.21087e-08)
(1.2686141 -0.75417811 -5.136532e-08)
(1.3198651 -0.84539857 -4.7794869e-08)
(1.3504721 -0.88252924 -3.6554277e-08)
(1.3615984 -0.88355828 -2.7651378e-08)
(1.3610194 -0.87087733 -2.2760335e-08)
(1.3453162 -0.82860595 -1.620933e-08)
(1.3099189 -0.75879539 -8.9957455e-09)
(1.2735471 -0.68341296 -4.9410326e-09)
(1.2385837 -0.6032786 -7.5746853e-09)
(1.1954575 -0.53615577 -1.3803409e-08)
(1.1337459 -0.50230279 -1.2406169e-08)
(1.0587888 -0.49619265 3.1845244e-09)
(0.98901794 -0.48636877 2.6168966e-08)
(0.94161935 -0.43816683 4.222335e-08)
(0.92696672 -0.3335547 4.2226599e-08)
(0.94547089 -0.17738988 2.8496064e-08)
(0.99026493 0.0096476509 9.2286371e-09)
(1.0534183 0.20207879 -8.8110557e-09)
(1.1267746 0.37678961 -2.2183578e-08)
(1.2019792 0.51677872 -2.9967901e-08)
(1.2716221 0.61492207 -3.2942061e-08)
(1.3307212 0.67458682 -3.2556613e-08)
(1.377646 0.70425734 -3.0129085e-08)
(1.4139241 0.70908726 -2.6625811e-08)
(1.4423156 0.6868184 -2.2467156e-08)
(1.4625716 0.63904499 -1.7881696e-08)
(1.4743044 0.57524292 -1.2753786e-08)
(1.4790242 0.50699276 -7.1559633e-09)
(1.4820525 0.44557816 -1.9930825e-09)
(1.4879876 0.39733262 1.5162843e-09)
(1.4966711 0.36035978 2.7177487e-09)
(1.5094208 0.32989054 1.4768954e-09)
(1.5272054 0.2960082 -1.7377832e-09)
(1.5496419 0.24609058 -5.8351864e-09)
(1.575351 0.16918534 -9.3178993e-09)
(1.6040611 0.058577079 -1.0751308e-08)
(1.6364266 -0.085558338 -9.4433226e-09)
(1.6708497 -0.25235951 -5.9955397e-09)
(1.701881 -0.41938432 -2.0505654e-09)
(1.7210417 -0.56042209 8.218805e-10)
(1.7220747 -0.65674686 2.2297056e-09)
(1.7060015 -0.70329735 2.8507731e-09)
(1.6795748 -0.70877162 3.0561114e-09)
(1.6403822 -0.67989542 2.6148503e-09)
(1.5826032 -0.61579601 1.2382572e-09)
(1.5277355 -0.54045427 -1.2506369e-10)
(1.479745 -0.46613799 -5.0862324e-10)
(1.4413822 -0.39984421 5.1734127e-10)
(1.4149065 -0.34412027 2.6782895e-09)
(1.401051 -0.29839967 5.2620081e-09)
(1.3991193 -0.25960956 7.4622016e-09)
(1.4072352 -0.22318789 8.7300567e-09)
(1.4228284 -0.1844979 8.9482602e-09)
(1.4431108 -0.13997763 8.3968811e-09)
(1.4655002 -0.08769374 7.5709384e-09)
(1.4878869 -0.027473465 7.1064112e-09)
(1.5081927 0.039807442 7.5593811e-09)
(1.5248507 0.1142139 9.0928713e-09)
(1.538036 0.19667024 1.1217897e-08)
(1.5491457 0.28737363 1.2962371e-08)
(1.5592433 0.38231557 1.3457062e-08)
(1.5673147 0.47149079 1.2343352e-08)
(1.5712686 0.54077661 9.6442099e-09)
(1.5709258 0.57752903 6.1439375e-09)
(1.5699552 0.58406663 4.0506019e-09)
(1.5674898 0.57813793 3.0883641e-09)
(1.5588077 0.55306753 1.755635e-09)
(1.5437192 0.49753236 7.5529399e-11)
(1.5325394 0.43328611 -1.1879211e-09)
(1.5275108 0.36394682 -2.2998899e-09)
(1.5273667 0.29190529 -3.2202075e-09)
(1.5318331 0.21758038 -3.8119679e-09)
(1.5401412 0.14128041 -4.0846922e-09)
(1.5510332 0.063768656 -4.1999054e-09)
(1.5629453 -0.013188074 -4.3920643e-09)
(1.5744836 -0.087313608 -4.7126825e-09)
(1.5850024 -0.15713656 -4.8915479e-09)
(1.594461 -0.22233234 -4.5380231e-09)
(1.6024271 -0.28232692 -3.5274711e-09)
(1.6074896 -0.33535311 -2.212606e-09)
(1.6095539 -0.38012566 -9.2462375e-10)
(1.6076571 -0.41311848 4.6580537e-10)
(1.5984904 -0.43166002 1.7560589e-09)
(1.582779 -0.43579862 2.9501656e-09)
(1.5625887 -0.42763936 3.9980135e-09)
(1.5405001 -0.41056459 4.6723409e-09)
(1.5192899 -0.38679268 4.7649462e-09)
(1.5012536 -0.35788119 4.2176757e-09)
(1.4874842 -0.32438767 3.1639173e-09)
(1.4780138 -0.28588949 1.856757e-09)
(1.4722778 -0.24174684 5.8292146e-10)
(1.4694534 -0.19169786 -3.8908023e-10)
(1.4686957 -0.13617076 -8.3964647e-10)
(1.4692868 -0.076360022 -6.5572895e-10)
(1.4707649 -0.014042429 1.0164342e-10)
(1.4729255 0.048618573 1.1681462e-09)
(1.4760407 0.10963293 2.1882465e-09)
(1.4808806 0.1676569 2.9003212e-09)
(1.4880499 0.22238471 3.2483107e-09)
(1.4975959 0.27383365 3.2778904e-09)
(1.5090569 0.32034282 2.9894059e-09)
(1.5217193 0.35758426 2.3672765e-09)
(1.5342735 0.38130555 1.5492014e-09)
(1.5449998 0.39166682 7.7591813e-10)
(1.5531315 0.39255314 1.8999656e-10)
(1.5596807 0.38615285 -2.4946337e-10)
(1.5652257 0.36902937 -6.9166181e-10)
(1.5693535 0.34085838 -1.1683619e-09)
(1.5719921 0.3050281 -1.6228932e-09)
(1.5741184 0.26312307 -2.0462637e-09)
(1.5761009 0.21639095 -2.4415726e-09)
(1.5780525 0.16579166 -2.8033812e-09)
(1.5801164 0.11237872 -3.1316162e-09)
(1.5822245 0.057493797 -3.455294e-09)
(1.5840699 0.0022378968 -3.6869543e-09)
(1.5858772 -0.052635363 -3.7547581e-09)
(1.5884871 -0.10688216 -3.6595055e-09)
(1.5923874 -0.16029727 -3.470532e-09)
(1.5973766 -0.21177166 -3.2152541e-09)
(1.6023806 -0.25881107 -2.9553265e-09)
(1.6059396 -0.2990038 -2.7136865e-09)
(1.6071316 -0.33005033 -2.4333441e-09)
(1.6054197 -0.3487351 -1.9370889e-09)
(1.6019892 -0.3543692 -1.4758372e-09)
(1.5994176 -0.35278437 -1.2742563e-09)
(1.5929031 -0.3441449 -1.1006979e-09)
(1.5803888 -0.32198943 -1.0124323e-09)
(1.5678914 -0.29202961 -1.0387289e-09)
(1.5565832 -0.25651053 -1.1463244e-09)
(1.5462642 -0.21650388 -1.3176056e-09)
(1.5370478 -0.17306172 -1.5421852e-09)
(1.5290191 -0.12735007 -1.7988723e-09)
(1.5221749 -0.080500693 -2.0426335e-09)
(1.5165397 -0.033668567 -2.2026578e-09)
(1.5122136 0.012100532 -2.2032009e-09)
(1.5093289 0.055768777 -1.9927932e-09)
(1.5080802 0.096435297 -1.5621126e-09)
(1.5086862 0.13370802 -9.3709484e-10)
(1.5112961 0.16800036 -1.6773731e-10)
(1.5160185 0.20010295 6.528978e-10)
(1.5230342 0.22999163 1.3652993e-09)
(1.5323647 0.25595798 1.7941878e-09)
(1.5433559 0.27540199 1.8662706e-09)
(1.5546856 0.28694014 1.6602502e-09)
(1.5651401 0.29126411 1.3227545e-09)
(1.5745111 0.28910795 9.5139279e-10)
(1.5834089 0.27949829 5.4896115e-10)
(1.5911566 0.26154378 1.1227811e-10)
(1.597195 0.23605515 -3.2590693e-10)
(1.601722 0.20414454 -7.3808903e-10)
(1.6050057 0.167239 -1.110682e-09)
(1.6073837 0.12672767 -1.4298351e-09)
(1.6091365 0.083978954 -1.6806568e-09)
(1.6104393 0.040234566 -1.8670526e-09)
(1.6111827 -0.0033539522 -2.0149252e-09)
(1.6112752 -0.045826538 -2.1194633e-09)
(1.6108537 -0.086222043 -2.1607743e-09)
(1.6101929 -0.12373912 -2.1162856e-09)
(1.6096388 -0.15777841 -1.9768132e-09)
(1.6096207 -0.18813239 -1.7674214e-09)
(1.609825 -0.21465296 -1.5356558e-09)
(1.6098425 -0.23646184 -1.3082298e-09)
(1.6083647 -0.25180686 -1.0077332e-09)
(1.6062958 -0.25908587 -6.4052316e-10)
(1.6035695 -0.26026943 -3.9126795e-10)
(1.6016398 -0.25742005 -2.465853e-10)
(1.5953371 -0.25058049 -1.0511222e-10)
(1.5869041 -0.23156881 6.7785291e-11)
(1.5768238 -0.21325439 1.5651431e-10)
(1.5666345 -0.18238533 1.8741368e-10)
(1.5569575 -0.15943976 1.8111266e-10)
(1.54549 -0.12001684 3.338567e-11)
(1.5381142 -0.097301249 -4.7316148e-11)
(1.5229846 -0.045432186 -3.7728918e-10)
(1.467568 0.0053441573 2.4434154e-11)
(1.4636373 0.016297987 -4.8419145e-11)
(1.4562049 0.028093403 7.5447864e-11)
(1.4444283 0.041473622 -1.3095584e-10)
(1.4286404 0.057052897 2.2198783e-10)
(1.4076935 0.075947131 -3.913916e-10)
(1.3822493 0.099071923 6.7351925e-10)
(1.3504145 0.12843747 -1.1590419e-09)
(1.3135197 0.16562309 1.91843e-09)
(1.2688308 0.21459288 -3.1063734e-09)
(1.2194743 0.27867865 4.9069653e-09)
(1.1629727 0.36545298 -7.6321232e-09)
(1.1064313 0.48475427 1.1443941e-08)
(1.053953 0.64405724 -1.1295251e-08)
(0.95111791 0.83117628 2.7823077e-05)
(0.84822022 1.0041803 -0.00017633645)
(-0.0093781549 0.0075868742 1.5938228e-09)
(-0.050285842 0.0033570786 -2.4614461e-06)
(-0.067630914 0.023994487 7.0642474e-08)
(-0.066488575 0.041943065 3.8862289e-08)
(-0.06221492 0.06364198 2.1126522e-08)
(-0.054913095 0.096693533 1.551332e-08)
(-0.041868907 0.14244609 1.5395882e-08)
(-0.019533625 0.19926265 1.7111819e-08)
(0.015713749 0.26275829 1.9178385e-08)
(0.067023413 0.32578823 2.1113773e-08)
(0.13757042 0.37927219 2.279693e-08)
(0.22908382 0.4125736 2.4233908e-08)
(0.34035592 0.41623256 2.5495827e-08)
(0.46715366 0.38538926 2.6531001e-08)
(0.60304547 0.31924347 2.7012691e-08)
(0.74008872 0.22319812 2.5920971e-08)
(0.87293527 0.10305794 2.1040529e-08)
(1.0014296 -0.038532308 9.8533591e-09)
(1.1256645 -0.20042375 -7.8928236e-09)
(1.2427768 -0.37552149 -2.8709319e-08)
(1.3463882 -0.54752586 -4.6184555e-08)
(1.4274927 -0.69697789 -5.57028e-08)
(1.4800751 -0.80809937 -5.6192622e-08)
(1.4984052 -0.87127272 -4.3974924e-08)
(1.4934338 -0.88767838 -2.9559862e-08)
(1.4847311 -0.88154967 -2.2849747e-08)
(1.4600357 -0.85169875 -1.4303317e-08)
(1.4109735 -0.78570047 -6.5328507e-09)
(1.3613931 -0.71439414 -2.3167339e-09)
(1.3126393 -0.64061671 2.8232031e-10)
(1.2672218 -0.56071787 -1.3651087e-09)
(1.2210795 -0.48388983 -8.3842854e-09)
(1.1614449 -0.43361818 -1.2767234e-08)
(1.0840267 -0.41903055 -4.4495937e-09)
(1.0016092 -0.41814674 1.6115499e-08)
(0.93375703 -0.39429076 3.705672e-08)
(0.89481832 -0.32144333 4.5595033e-08)
(0.88990034 -0.19646663 3.8114205e-08)
(0.91491755 -0.035057466 2.0820063e-08)
(0.96334351 0.13945385 2.0562218e-09)
(1.0276178 0.30431181 -1.2976754e-08)
(1.0994742 0.44276964 -2.266599e-08)
(1.1710738 0.5466324 -2.74981e-08)
(1.2364137 0.61632938 -2.8683491e-08)
(1.2927283 0.65641395 -2.7461081e-08)
(1.3407836 0.66952332 -2.4828145e-08)
(1.3820232 0.65529259 -2.1417208e-08)
(1.4160403 0.61611919 -1.7430771e-08)
(1.4424338 0.56061968 -1.261134e-08)
(1.4607664 0.49847304 -7.0466285e-09)
(1.4737164 0.43886778 -1.6983168e-09)
(1.4853976 0.3877996 2.2633786e-09)
(1.4986936 0.34736176 3.9589076e-09)
(1.5150519 0.3126613 3.182175e-09)
(1.5357889 0.27415727 4.5266646e-10)
(1.5612813 0.22014083 -3.0208045e-09)
(1.5917321 0.13945187 -5.6871832e-09)
(1.6282261 0.024750645 -6.2673861e-09)
(1.6703579 -0.12259518 -4.4585607e-09)
(1.712833 -0.28773487 -1.2663892e-09)
(1.745724 -0.44462741 1.6141812e-09)
(1.7573313 -0.56776869 2.9473774e-09)
(1.7483216 -0.64535494 3.291345e-09)
(1.719622 -0.6758145 3.2896661e-09)
(1.6775919 -0.66592158 3.0290903e-09)
(1.6163679 -0.62109627 1.9733855e-09)
(1.5518462 -0.55674134 3.4652137e-10)
(1.4904064 -0.48587617 -7.6134033e-10)
(1.4372217 -0.42029331 -2.6668077e-10)
(1.3961259 -0.3659396 1.9072475e-09)
(1.3689201 -0.32349845 4.9228392e-09)
(1.3552574 -0.29060929 7.7009501e-09)
(1.353524 -0.26297672 9.3541461e-09)
(1.3613023 -0.23522771 9.4862502e-09)
(1.3756885 -0.2022788 8.315662e-09)
(1.3939163 -0.16082725 6.5080803e-09)
(1.4138451 -0.10937719 4.8248778e-09)
(1.4336607 -0.047985052 3.9583816e-09)
(1.4519399 0.022013528 4.3695134e-09)
(1.4675345 0.099840505 6.1083097e-09)
(1.4800204 0.18524972 8.6984769e-09)
(1.4903172 0.27764695 1.1200035e-08)
(1.4995522 0.37376443 1.2630972e-08)
(1.5082538 0.464672 1.2268036e-08)
(1.5166231 0.53560636 9.9684126e-09)
(1.5249722 0.57373656 6.5981656e-09)
(1.5306941 0.58226353 4.321748e-09)
(1.5334753 0.578388 3.4630252e-09)
(1.534975 0.55910689 2.3682759e-09)
(1.530678 0.50714307 8.3029682e-10)
(1.5266423 0.43803633 -6.1487355e-10)
(1.5260386 0.36418423 -1.6723048e-09)
(1.5297125 0.28806355 -2.436643e-09)
(1.5367578 0.21026271 -2.9607505e-09)
(1.5468067 0.13121779 -3.338678e-09)
(1.5587128 0.052208038 -3.7947143e-09)
(1.5709802 -0.0248435 -4.4324589e-09)
(1.5824135 -0.09820985 -5.002788e-09)
(1.5924453 -0.16688372 -5.0686135e-09)
(1.6008115 -0.23015553 -4.4120816e-09)
(1.6071257 -0.28739724 -3.184166e-09)
(1.610939 -0.33781651 -1.6167073e-09)
(1.609396 -0.3778531 1.5859639e-11)
(1.5999111 -0.40419351 1.3717763e-09)
(1.5828344 -0.41580416 2.5735404e-09)
(1.5602105 -0.41460227 3.6885827e-09)
(1.5349314 -0.40417278 4.5432814e-09)
(1.5099543 -0.38756386 4.8330377e-09)
(1.487736 -0.36665887 4.3633627e-09)
(1.4697937 -0.34200993 3.1912615e-09)
(1.4565735 -0.3130401 1.5825569e-09)
(1.4476841 -0.2785995 -1.3152085e-10)
(1.44232 -0.23768859 -1.6629004e-09)
(1.4395641 -0.18996325 -2.7875823e-09)
(1.4385541 -0.13595213 -3.3257027e-09)
(1.4386269 -0.077064479 -3.1613223e-09)
(1.4393175 -0.015357387 -2.3161953e-09)
(1.440527 0.046586487 -1.0043648e-09)
(1.4426019 0.10640326 4.365811e-10)
(1.446093 0.16261898 1.7031216e-09)
(1.4515433 0.21509219 2.628493e-09)
(1.4593078 0.26413813 3.145006e-09)
(1.4695755 0.30847609 3.2178231e-09)
(1.4821027 0.34447537 2.8724467e-09)
(1.4956549 0.36856614 2.255947e-09)
(1.5083524 0.38065469 1.5809102e-09)
(1.5193438 0.38345693 9.9131763e-10)
(1.5295756 0.3778043 4.891833e-10)
(1.539744 0.36183246 -3.4576817e-12)
(1.5484497 0.33566116 -4.9379376e-10)
(1.5551708 0.30117525 -9.5514311e-10)
(1.5605921 0.26007801 -1.3781172e-09)
(1.565215 0.21372236 -1.7724014e-09)
(1.5694294 0.16327011 -2.1506465e-09)
(1.57331 0.10994546 -2.4838439e-09)
(1.5768696 0.055092278 -2.70677e-09)
(1.5803689 -0.00030329537 -2.7786577e-09)
(1.5842139 -0.055833535 -2.7116314e-09)
(1.5888419 -0.11118305 -2.5713592e-09)
(1.5942827 -0.16530153 -2.4662628e-09)
(1.5998833 -0.21635 -2.4490432e-09)
(1.604808 -0.26242811 -2.3740496e-09)
(1.6077274 -0.30083898 -2.0983533e-09)
(1.6069139 -0.32856586 -1.6280062e-09)
(1.6015854 -0.34442953 -1.2459627e-09)
(1.5927936 -0.34927075 -1.0112928e-09)
(1.5813781 -0.34422786 -9.2912686e-10)
(1.5667493 -0.32978105 -9.6242027e-10)
(1.5510193 -0.30746768 -1.0594324e-09)
(1.5361869 -0.2785085 -1.1899554e-09)
(1.5226969 -0.24422977 -1.3575935e-09)
(1.5104736 -0.20555673 -1.5815712e-09)
(1.4995886 -0.1634777 -1.8725935e-09)
(1.4900909 -0.11909924 -2.2142152e-09)
(1.4819966 -0.073598369 -2.5551989e-09)
(1.475354 -0.028127674 -2.8171694e-09)
(1.4702828 0.016156478 -2.9166836e-09)
(1.4669377 0.058154151 -2.7913009e-09)
(1.4654558 0.096994497 -2.4143563e-09)
(1.4659024 0.13234825 -1.7964823e-09)
(1.4683001 0.16459336 -9.8794193e-10)
(1.4727806 0.19440938 -9.2476357e-11)
(1.4796489 0.22185654 7.3449368e-10)
(1.4890517 0.24569004 1.3376909e-09)
(1.5004746 0.26391218 1.6377804e-09)
(1.5127458 0.27527889 1.6620826e-09)
(1.5249051 0.27990441 1.4985481e-09)
(1.5368467 0.27803651 1.2249381e-09)
(1.5487281 0.26912634 8.811394e-10)
(1.5601596 0.25255543 4.9128994e-10)
(1.5703762 0.22869343 8.4596285e-11)
(1.578926 0.19841808 -3.0950214e-10)
(1.5859025 0.16300663 -6.7256878e-10)
(1.5913876 0.12369499 -9.8786773e-10)
(1.5955654 0.081816082 -1.2428705e-09)
(1.5985706 0.038720509 -1.4350261e-09)
(1.6006751 -0.0042352472 -1.5698035e-09)
(1.6020547 -0.046104664 -1.6370222e-09)
(1.6028196 -0.086025784 -1.614509e-09)
(1.6032785 -0.12339535 -1.4922528e-09)
(1.6035358 -0.15763784 -1.2871131e-09)
(1.6038148 -0.18823891 -1.0319359e-09)
(1.6032742 -0.21443008 -7.7206491e-10)
(1.6016521 -0.2348153 -5.2373152e-10)
(1.5974579 -0.24884783 -3.1782186e-10)
(1.5923807 -0.25540437 -1.1707386e-10)
(1.5848085 -0.2566557 5.0024784e-11)
(1.5765063 -0.2499276 2.4253948e-10)
(1.5641057 -0.2397113 3.7015988e-10)
(1.5517305 -0.21970759 4.9751384e-10)
(1.5378449 -0.20089565 5.2836101e-10)
(1.524862 -0.17036971 4.9918366e-10)
(1.5122945 -0.14752965 4.2351179e-10)
(1.4988575 -0.10879652 2.068852e-10)
(1.4897945 -0.08657623 6.8484177e-11)
(1.4727393 -0.035521022 -3.3568951e-10)
(1.4426061 0.0070743769 -3.0901738e-11)
(1.4393509 0.021493814 9.2917892e-11)
(1.4333445 0.036924803 -1.330989e-10)
(1.4237314 0.053987269 2.460244e-10)
(1.4111475 0.07368159 -3.9443708e-10)
(1.3944797 0.096724428 6.2490871e-10)
(1.375081 0.12479859 -9.7225751e-10)
(1.351072 0.15874577 1.456727e-09)
(1.3253456 0.20183915 -2.3097034e-09)
(1.2949257 0.25472821 3.8616622e-09)
(1.26663 0.32453578 -7.0270886e-09)
(1.2360756 0.41019732 1.315441e-08)
(1.2197147 0.5269064 -2.4218316e-08)
(1.2129662 0.66855738 4.1428417e-08)
(1.2533967 0.85379987 -5.7421034e-08)
(1.2595545 1.070435 -7.0585944e-06)
(1.1804278 1.0029623 -0.00069358255)
(0.23519809 0.15496919 -0.00021682533)
(-0.021488173 0.016317359 -9.0429657e-05)
(-0.053455719 0.035714798 -1.789113e-05)
(-0.013346744 0.0065860482 -4.7053681e-08)
(0.0074024007 0.010280099 -1.7874839e-08)
(0.031105906 0.021942499 -1.2608792e-08)
(0.060020498 0.04223901 -8.6009655e-09)
(0.094474418 0.071542881 -4.0753003e-09)
(0.13587457 0.10992181 1.3575302e-09)
(0.18697666 0.15636106 6.8674049e-09)
(0.24956387 0.20637703 1.1498262e-08)
(0.32525139 0.25311978 1.4865114e-08)
(0.41547024 0.28903162 1.7000692e-08)
(0.52036634 0.30576755 1.7956367e-08)
(0.63777891 0.29633439 1.76066e-08)
(0.76368447 0.25686592 1.5537435e-08)
(0.89305346 0.18815128 1.1205283e-08)
(1.0212838 0.094482007 3.7475062e-09)
(1.1470511 -0.021291109 -8.3570886e-09)
(1.2715076 -0.15909226 -2.5342334e-08)
(1.3926569 -0.31632154 -4.3298227e-08)
(1.5011374 -0.47919303 -5.7089956e-08)
(1.5855806 -0.62933134 -6.3436235e-08)
(1.6368023 -0.74962708 -5.9669359e-08)
(1.6524548 -0.8288311 -4.767772e-08)
(1.6394281 -0.86657314 -3.3479034e-08)
(1.6114982 -0.87116748 -1.9949023e-08)
(1.569285 -0.84595957 -8.6098063e-09)
(1.5107036 -0.79548651 -9.2922226e-10)
(1.4522827 -0.73225755 1.7727432e-09)
(1.395774 -0.66138925 2.317159e-09)
(1.339248 -0.58899967 3.0086354e-09)
(1.2854622 -0.5120685 2.2362377e-09)
(1.235607 -0.43179098 -3.3510836e-09)
(1.1795943 -0.3675106 -1.0391919e-08)
(1.1061983 -0.33852894 -8.9364723e-09)
(1.0195459 -0.33719046 6.0680598e-09)
(0.93759129 -0.33080554 2.7968413e-08)
(0.87839423 -0.28734311 4.4014608e-08)
(0.85158358 -0.19491864 4.5721978e-08)
(0.85757164 -0.062336571 3.4123851e-08)
(0.89048933 0.089883918 1.6587836e-08)
(0.94318011 0.24016223 1.159734e-11)
(1.0078849 0.37218267 -1.2168139e-08)
(1.0769035 0.47695298 -1.9430405e-08)
(1.1441576 0.5522816 -2.2640669e-08)
(1.2065049 0.59932784 -2.3007808e-08)
(1.2635152 0.61892451 -2.15856e-08)
(1.3151665 0.61136585 -1.8996739e-08)
(1.3604094 0.57978119 -1.5345729e-08)
(1.3981329 0.5319299 -1.0604181e-08)
(1.4285577 0.4770194 -5.2156084e-09)
(1.4522823 0.42220564 -3.8946957e-12)
(1.4711826 0.37268845 3.9952234e-09)
(1.4889529 0.33079701 5.7907493e-09)
(1.5083795 0.292681 5.1603782e-09)
(1.5317655 0.24955446 2.809404e-09)
(1.5611607 0.19000736 9.0092578e-11)
(1.5989044 0.10259089 -1.5503578e-09)
(1.6461421 -0.018921722 -1.2654285e-09)
(1.6986563 -0.16887095 6.7997712e-10)
(1.7451492 -0.3267189 2.9538481e-09)
(1.7708287 -0.46453174 3.9962297e-09)
(1.7741398 -0.56566496 3.9970247e-09)
(1.7534301 -0.62118641 3.6477779e-09)
(1.7089813 -0.63197631 3.2322409e-09)
(1.6475232 -0.60581343 2.5179569e-09)
(1.5770634 -0.55436666 1.1093422e-09)
(1.5050753 -0.48995194 -5.2358666e-10)
(1.4386727 -0.42561638 -9.927089e-10)
(1.3831595 -0.37143978 6.9467624e-10)
(1.3417988 -0.33125059 4.0404028e-09)
(1.3153764 -0.30322144 7.5110235e-09)
(1.3022114 -0.28311835 9.7931354e-09)
(1.2996897 -0.26569331 1.0207546e-08)
(1.3052949 -0.2453218 8.6910083e-09)
(1.3163503 -0.21705368 5.8701822e-09)
(1.3303755 -0.17799261 2.7931513e-09)
(1.3457866 -0.12726218 4.3319497e-10)
(1.3614037 -0.065322769 -5.4801078e-10)
(1.3763412 0.0066233324 1.2947436e-10)
(1.3898317 0.087046837 2.3258455e-09)
(1.4013441 0.17493119 5.4733193e-09)
(1.4112855 0.26895561 8.6304235e-09)
(1.4208706 0.36530761 1.0753973e-08)
(1.4319559 0.45472911 1.1020155e-08)
(1.4459418 0.52372102 9.3752951e-09)
(1.4615396 0.56312793 6.8274778e-09)
(1.4751774 0.57586589 4.6808517e-09)
(1.4853986 0.57202387 3.307494e-09)
(1.4940637 0.55399829 2.2891927e-09)
(1.5035179 0.50572139 9.537472e-10)
(1.5107034 0.43723833 -3.8329712e-10)
(1.5170369 0.36132149 -1.4348654e-09)
(1.5249381 0.28175593 -2.2016373e-09)
(1.5353794 0.20080431 -2.819075e-09)
(1.5477484 0.11965786 -3.4954037e-09)
(1.5608231 0.039894329 -4.3714707e-09)
(1.5733046 -0.036589731 -5.2891072e-09)
(1.5843217 -0.10852096 -5.7726592e-09)
(1.593598 -0.17547204 -5.3595773e-09)
(1.6008966 -0.23711057 -4.0020201e-09)
(1.6050638 -0.29197041 -2.1483565e-09)
(1.6036975 -0.33700034 -3.8778088e-10)
(1.594503 -0.36915793 1.0148931e-09)
(1.5769288 -0.38720215 2.1887774e-09)
(1.5525534 -0.39243071 3.3127658e-09)
(1.5244372 -0.38800752 4.3054932e-09)
(1.4959369 -0.3774835 4.8275185e-09)
(1.4697711 -0.36340239 4.5439242e-09)
(1.4476663 -0.34669101 3.3807642e-09)
(1.430325 -0.32681318 1.5740519e-09)
(1.4176337 -0.30235462 -4.7654085e-10)
(1.4089479 -0.27169867 -2.4027871e-09)
(1.4034194 -0.23366543 -3.9689974e-09)
(1.4001979 -0.18793257 -5.0480656e-09)
(1.398523 -0.13519305 -5.5462221e-09)
(1.3978562 -0.077044863 -5.3795553e-09)
(1.3978903 -0.015944467 -4.5334432e-09)
(1.3985506 0.045300437 -3.1377204e-09)
(1.4000996 0.10405014 -1.4540657e-09)
(1.402904 0.15873804 2.2162196e-10)
(1.4073583 0.20922357 1.6476335e-09)
(1.4139522 0.25581961 2.6570863e-09)
(1.4232449 0.29745307 3.1580874e-09)
(1.4353142 0.33128793 3.1658897e-09)
(1.4491556 0.35477361 2.8181468e-09)
(1.4631716 0.36772073 2.3081518e-09)
(1.4765925 0.37137808 1.7778758e-09)
(1.4897714 0.36598716 1.2718492e-09)
(1.5026542 0.35074323 7.8522324e-10)
(1.5144492 0.32595995 3.2263376e-10)
(1.524844 0.29298675 -1.0933042e-10)
(1.5340491 0.25316474 -5.2179297e-10)
(1.5422794 0.20771464 -9.2996768e-10)
(1.5495991 0.15791179 -1.310454e-09)
(1.5560852 0.10513357 -1.5936495e-09)
(1.5619119 0.050621312 -1.7196355e-09)
(1.5675553 -0.0048871024 -1.7126232e-09)
(1.5735667 -0.060944144 -1.6686442e-09)
(1.5801747 -0.11692509 -1.6634204e-09)
(1.5870201 -0.17143976 -1.6766785e-09)
(1.5929766 -0.22215662 -1.6136845e-09)
(1.5962364 -0.26608313 -1.4232177e-09)
(1.594963 -0.30043564 -1.1649098e-09)
(1.5883764 -0.32346488 -9.5102877e-10)
(1.5770966 -0.33477703 -8.5813339e-10)
(1.562426 -0.33554593 -8.9137511e-10)
(1.5455245 -0.32792518 -9.9615518e-10)
(1.5273946 -0.31312685 -1.1088055e-09)
(1.5093041 -0.29131668 -1.2013136e-09)
(1.4923116 -0.26341041 -1.292709e-09)
(1.476794 -0.23041146 -1.4303503e-09)
(1.4628029 -0.19312767 -1.6595774e-09)
(1.4503832 -0.15248984 -1.997209e-09)
(1.4395749 -0.10959479 -2.4179832e-09)
(1.4304307 -0.065634615 -2.8557247e-09)
(1.4230376 -0.021819077 -3.2186074e-09)
(1.4175343 0.020659237 -3.4129234e-09)
(1.4140561 0.060717058 -3.366565e-09)
(1.4126544 0.097562612 -3.043294e-09)
(1.4132881 0.13094196 -2.4495344e-09)
(1.4159077 0.16118837 -1.6402071e-09)
(1.4206051 0.18882026 -7.2277193e-10)
(1.4276436 0.21382247 1.5800501e-10)
(1.4371621 0.23525458 8.6472535e-10)
(1.4488215 0.25173693 1.3178388e-09)
(1.4618127 0.26235062 1.5145326e-09)
(1.4754311 0.26685782 1.5025565e-09)
(1.4893572 0.26500793 1.3407303e-09)
(1.5033913 0.2562438 1.077399e-09)
(1.517046 0.24025032 7.5211649e-10)
(1.5298149 0.21746747 3.9880423e-10)
(1.5413271 0.18864913 4.5302621e-11)
(1.551439 0.15479621 -2.8821001e-10)
(1.5600457 0.11703748 -5.865045e-10)
(1.567138 0.076680291 -8.372653e-10)
(1.5727213 0.034964563 -1.0279769e-09)
(1.5769608 -0.0068565356 -1.1423897e-09)
(1.5800801 -0.04789489 -1.1610652e-09)
(1.5822905 -0.087258433 -1.0755425e-09)
(1.5838873 -0.12430359 -9.0464406e-10)
(1.5846227 -0.15812769 -6.8835992e-10)
(1.5844072 -0.18788355 -4.6921258e-10)
(1.5820531 -0.21246446 -2.7457908e-10)
(1.5776763 -0.23085633 -9.7412459e-11)
(1.5699402 -0.24252861 6.4337867e-11)
(1.5605189 -0.24673807 2.5115808e-10)
(1.5476846 -0.24523959 4.2070603e-10)
(1.5342145 -0.23671919 6.1531915e-10)
(1.5175473 -0.22520516 7.274322e-10)
(1.502044 -0.20510416 8.204522e-10)
(1.4849468 -0.18598899 7.8886369e-10)
(1.4698924 -0.1562455 6.9140745e-10)
(1.4549983 -0.13376171 5.2776783e-10)
(1.4404131 -0.096125011 2.3884761e-10)
(1.4300231 -0.074613012 3.2176048e-11)
(1.4120836 -0.024734692 -4.3835105e-10)
(1.4104952 0.0084653443 -1.2582552e-10)
(1.4080238 0.02566541 3.1492188e-10)
(1.4035362 0.043912266 -4.2238602e-10)
(1.3963441 0.063847718 7.2731138e-10)
(1.3871249 0.086434656 -1.1034313e-09)
(1.375133 0.11250874 1.7072791e-09)
(1.3617729 0.14335023 -2.5647786e-09)
(1.3459814 0.18030347 3.6283508e-09)
(1.3303731 0.22491782 -5.0067639e-09)
(1.3141475 0.279848 6.54359e-09)
(1.3020728 0.34566938 -8.3949266e-09)
(1.295932 0.42997647 9.9545338e-09)
(1.3012668 0.52439096 -8.7491944e-09)
(1.332769 0.65314743 -6.6410628e-10)
(1.3850816 0.77069964 2.6163178e-08)
(1.5116047 0.93572607 -6.8058352e-08)
(1.6023309 1.0132531 -0.00013010299)
(1.5997296 0.91667358 -0.00020124243)
(1.0893526 0.50736737 -0.0013638252)
(0.30484394 0.065112739 -0.00093119627)
(0.11951185 0.0036944162 -7.9245279e-05)
(0.085703552 0.0016905076 3.9236659e-05)
(0.14427506 0.0045689211 -0.00022332562)
(0.15112551 0.030344756 -4.4507736e-05)
(0.29372963 0.0010011523 -3.4710816e-08)
(0.28669182 -0.01084588 -1.0620852e-07)
(0.28587675 -0.016301767 -1.242816e-07)
(0.29202163 -0.013635555 -1.2477275e-07)
(0.31264167 0.00011107369 -1.1330065e-07)
(0.34289526 0.021879395 -9.6728155e-08)
(0.38335862 0.050241629 -8.0050888e-08)
(0.43764163 0.086164066 -6.3577209e-08)
(0.5062846 0.12498573 -4.872196e-08)
(0.58894065 0.15926504 -3.7152446e-08)
(0.68529239 0.18217333 -2.9418231e-08)
(0.79408121 0.18756328 -2.5616529e-08)
(0.91275784 0.17050995 -2.58922e-08)
(1.0381492 0.12749771 -3.019539e-08)
(1.1660093 0.058194852 -3.7822056e-08)
(1.2923147 -0.032896709 -4.8235429e-08)
(1.4160483 -0.14390651 -6.0248216e-08)
(1.5399215 -0.27841504 -7.0477304e-08)
(1.6566986 -0.42749168 -7.4298892e-08)
(1.7431321 -0.56706127 -6.9939091e-08)
(1.786493 -0.68088607 -5.9649263e-08)
(1.7908599 -0.76408418 -4.5617168e-08)
(1.7689106 -0.81511286 -2.9472549e-08)
(1.7268348 -0.83280169 -1.4320143e-08)
(1.6694208 -0.81928507 -3.1948553e-09)
(1.6060102 -0.78442048 2.6480269e-09)
(1.5401733 -0.73540885 4.6661179e-09)
(1.4745763 -0.67323345 4.5550331e-09)
(1.4118404 -0.60267206 3.6504085e-09)
(1.3507197 -0.53098136 3.4319027e-09)
(1.292073 -0.45792505 3.2601814e-09)
(1.2393173 -0.37962956 -1.9292395e-10)
(1.1872256 -0.30690353 -7.0363728e-09)
(1.1225727 -0.26198882 -1.0199045e-08)
(1.0401362 -0.2513286 -1.9818698e-09)
(0.95154243 -0.25306289 1.6780791e-08)
(0.87667503 -0.23396415 3.6606191e-08)
(0.83022811 -0.17333247 4.7295974e-08)
(0.81668816 -0.071963283 4.4945038e-08)
(0.83324151 0.054511723 3.275249e-08)
(0.87290657 0.18670461 1.7151419e-08)
(0.9281374 0.30842695 3.1694308e-09)
(0.99168456 0.40966666 -6.9263431e-09)
(1.0578677 0.48606013 -1.2918272e-08)
(1.1233176 0.53629076 -1.5515622e-08)
(1.1864463 0.55990505 -1.554819e-08)
(1.2459309 0.55755483 -1.3568239e-08)
(1.2998975 0.53284564 -9.899195e-09)
(1.3465938 0.49261546 -5.0014826e-09)
(1.3853548 0.44468748 3.4099256e-10)
(1.4166881 0.39588087 5.1258062e-09)
(1.442283 0.35066302 8.3243628e-09)
(1.4648916 0.30981988 9.3018028e-09)
(1.4882224 0.26941591 8.2163178e-09)
(1.5165014 0.22087234 6.0196314e-09)
(1.5540832 0.15261607 4.0182656e-09)
(1.6040027 0.054598327 3.2225209e-09)
(1.6638677 -0.074217847 3.8120406e-09)
(1.7226075 -0.22097684 4.9988996e-09)
(1.7644927 -0.36129911 5.5250303e-09)
(1.7821414 -0.47455634 5.0878659e-09)
(1.7720995 -0.54998183 4.2919588e-09)
(1.7329348 -0.58080235 3.4827682e-09)
(1.6724154 -0.57200782 2.7887084e-09)
(1.5985865 -0.5340657 1.7165937e-09)
(1.5194096 -0.47861997 1.0530937e-10)
(1.4427204 -0.41799408 -1.1432198e-09)
(1.3750981 -0.36353176 -5.8318101e-10)
(1.3206612 -0.32293983 2.3751126e-09)
(1.2810169 -0.29773048 6.5988265e-09)
(1.2557474 -0.28368154 9.9551182e-09)
(1.2425372 -0.27498659 1.1045159e-08)
(1.2379344 -0.26616883 9.7252307e-09)
(1.2392814 -0.25156899 6.4426533e-09)
(1.2447927 -0.22663096 2.0864926e-09)
(1.2527139 -0.18942929 -1.9723324e-09)
(1.2620062 -0.13955227 -4.649651e-09)
(1.2721546 -0.077664962 -5.4214626e-09)
(1.2826923 -0.0050199409 -4.2583336e-09)
(1.2932021 0.076654073 -1.5264107e-09)
(1.3033424 0.16578668 2.0842184e-09)
(1.3134596 0.26004544 5.6321117e-09)
(1.3251448 0.35449016 8.1281772e-09)
(1.3406579 0.43997993 8.8876101e-09)
(1.360907 0.5054827 7.9707482e-09)
(1.3835557 0.54477431 6.1769909e-09)
(1.4046717 0.56073406 4.378536e-09)
(1.4232604 0.55938952 2.948397e-09)
(1.4415631 0.53939922 1.800052e-09)
(1.4626079 0.49166825 5.4689037e-10)
(1.480884 0.42627776 -6.0380874e-10)
(1.4962262 0.35092207 -1.5885624e-09)
(1.5108701 0.2704081 -2.4627171e-09)
(1.5260252 0.18807404 -3.3889959e-09)
(1.5412461 0.10624893 -4.5099086e-09)
(1.5555469 0.027021142 -5.7006832e-09)
(1.5681072 -0.047990834 -6.478989e-09)
(1.5786175 -0.11817669 -6.2947855e-09)
(1.5868185 -0.18313178 -4.9950652e-09)
(1.591631 -0.24148067 -3.0044387e-09)
(1.5908766 -0.29061865 -1.0046815e-09)
(1.5822205 -0.32778054 5.8202329e-10)
(1.5646581 -0.35144491 1.8016978e-09)
(1.5393367 -0.36236269 2.9133292e-09)
(1.509152 -0.36334346 3.9806362e-09)
(1.477623 -0.35803639 4.7177883e-09)
(1.4477904 -0.34951142 4.6957909e-09)
(1.421621 -0.33930689 3.6808651e-09)
(1.3999978 -0.32728464 1.8130311e-09)
(1.3829776 -0.31206841 -4.7811007e-10)
(1.3701196 -0.29171833 -2.7086963e-09)
(1.360763 -0.26439456 -4.5456555e-09)
(1.3542015 -0.22888528 -5.8656489e-09)
(1.3497699 -0.18496782 -6.6760644e-09)
(1.3469533 -0.13347881 -6.9928375e-09)
(1.34535 -0.076236094 -6.7810642e-09)
(1.344762 -0.015958509 -5.9963384e-09)
(1.3452164 0.044341191 -4.6725754e-09)
(1.346823 0.10197117 -2.9631547e-09)
(1.3496902 0.15530853 -1.1084607e-09)
(1.3540376 0.20404709 6.281067e-10)
(1.3603742 0.24826392 2.0153613e-09)
(1.369381 0.2870446 2.904327e-09)
(1.3812597 0.31837488 3.2734802e-09)
(1.395276 0.3405364 3.2272846e-09)
(1.4102632 0.35319476 2.9285968e-09)
(1.4255743 0.35680684 2.5147087e-09)
(1.4411014 0.35144129 2.0642836e-09)
(1.456528 0.33681877 1.6159559e-09)
(1.4712427 0.31322041 1.1889783e-09)
(1.4848674 0.28149807 7.817938e-10)
(1.4973304 0.24274977 3.8047741e-10)
(1.5086847 0.19826422 -6.6860856e-12)
(1.5189765 0.14943465 -3.2551051e-10)
(1.5283075 0.09754766 -5.166068e-10)
(1.5369191 0.043540917 -5.9010816e-10)
(1.545311 -0.011951037 -6.3740662e-10)
(1.5539129 -0.068383492 -7.4541667e-10)
(1.5624457 -0.12452322 -9.0419058e-10)
(1.5697317 -0.17803908 -1.0178658e-09)
(1.5739192 -0.22583714 -1.0083719e-09)
(1.5731789 -0.26499919 -8.9736054e-10)
(1.5664723 -0.29362144 -7.8705646e-10)
(1.5539692 -0.31121369 -7.7214771e-10)
(1.5369432 -0.3185875 -8.688803e-10)
(1.5171917 -0.31725131 -1.0151357e-09)
(1.4962869 -0.30863785 -1.1273066e-09)
(1.4752996 -0.29358697 -1.1616976e-09)
(1.4550579 -0.27254348 -1.1400807e-09)
(1.4361822 -0.24602102 -1.1332164e-09)
(1.418952 -0.21460693 -1.2221433e-09)
(1.4034405 -0.17898746 -1.4612803e-09)
(1.3897059 -0.14006734 -1.8568463e-09)
(1.3778343 -0.098955906 -2.3633864e-09)
(1.3679348 -0.056873788 -2.894944e-09)
(1.360136 -0.015068244 -3.3459829e-09)
(1.3545728 0.025277137 -3.6155684e-09)
(1.3513225 0.063142528 -3.6284722e-09)
(1.3503471 0.09784397 -3.3489167e-09)
(1.3515174 0.1291856 -2.7882491e-09)
(1.3547236 0.15740738 -2.0080743e-09)
(1.3600086 0.18283736 -1.1151602e-09)
(1.3675744 0.20541627 -2.4039298e-10)
(1.3775271 0.22449769 4.9724919e-10)
(1.389632 0.23914717 1.023756e-09)
(1.4033221 0.24859166 1.3213459e-09)
(1.4180664 0.25235225 1.4137808e-09)
(1.433497 0.25000003 1.3439088e-09)
(1.4493033 0.24115231 1.1570367e-09)
(1.4649917 0.22568239 8.9531716e-10)
(1.480085 0.20390642 5.9443044e-10)
(1.4941513 0.17637677 2.8304833e-10)
(1.5069347 0.14398914 -1.7335175e-11)
(1.5181892 0.10778534 -2.8816764e-10)
(1.5278322 0.069045446 -5.0914642e-10)
(1.5358399 0.028861445 -6.5563354e-10)
(1.5423223 -0.011635908 -7.0465631e-10)
(1.5474525 -0.051576934 -6.5024999e-10)
(1.5513167 -0.089976421 -5.1320814e-10)
(1.5538549 -0.12595467 -3.3732881e-10)
(1.5544664 -0.15829987 -1.6471007e-10)
(1.5527356 -0.18592691 -1.5924643e-11)
(1.5475972 -0.20770596 1.1646448e-10)
(1.5393204 -0.22292827 2.6057011e-10)
(1.5270384 -0.23143401 4.2553187e-10)
(1.5126774 -0.23319984 6.2859184e-10)
(1.4950894 -0.22963249 8.1198565e-10)
(1.4775372 -0.21988714 9.9069714e-10)
(1.4575292 -0.20719805 1.0559041e-09)
(1.4396067 -0.18748602 1.074327e-09)
(1.4201768 -0.16853409 9.4251726e-10)
(1.4039135 -0.14021247 7.5270104e-10)
(1.3874143 -0.11846372 4.8285067e-10)
(1.3725557 -0.082473487 1.2428082e-10)
(1.3612664 -0.061907497 -1.5368368e-10)
(1.343504 -0.013679805 -6.6879826e-10)
(1.3712249 0.0094942514 -1.5675696e-10)
(1.3696123 0.02872022 3.8199664e-10)
(1.3665873 0.04897817 -4.4729004e-10)
(1.3619602 0.070852315 6.8142401e-10)
(1.3559274 0.095281177 -8.6016566e-10)
(1.348746 0.12301018 1.1045798e-09)
(1.3408506 0.15511294 -1.3469086e-09)
(1.3330611 0.19278816 1.2762885e-09)
(1.3259702 0.23695602 -6.7349554e-10)
(1.3214215 0.28989322 -1.1152038e-09)
(1.3212771 0.35004306 3.1019867e-09)
(1.3332065 0.42397412 -8.7711845e-09)
(1.3527328 0.50525073 1.5813608e-08)
(1.3988018 0.59585106 -2.6170863e-08)
(1.4617687 0.69803265 3.3254249e-08)
(1.5628038 0.76208096 -2.5444957e-08)
(1.7048456 0.86835208 -2.2722123e-08)
(1.8597981 0.80735118 -9.9336994e-08)
(1.8948996 0.73356342 -1.5990944e-05)
(1.7951565 0.5404526 -7.5177243e-05)
(1.5619164 0.33571243 -0.00012179512)
(1.3280783 0.19741828 -9.9334262e-05)
(1.3009285 0.15027787 1.4472303e-07)
(1.156883 0.099134463 1.0979874e-07)
(1.0586297 0.058602588 5.0985518e-08)
(0.98651397 0.025991662 -1.3260196e-08)
(0.93030256 0.0041492584 -7.2537014e-08)
(0.88234405 -0.0093708951 -1.2312527e-07)
(0.84849742 -0.0114867 -1.5330011e-07)
(0.83602104 -0.0037190777 -1.6480012e-07)
(0.83919284 0.0068212535 -1.6705209e-07)
(0.85764015 0.023181231 -1.6372275e-07)
(0.90102455 0.043784725 -1.5289438e-07)
(0.96235043 0.062424156 -1.4027836e-07)
(1.0409359 0.072821465 -1.2830978e-07)
(1.1349003 0.068425269 -1.1828741e-07)
(1.2418184 0.044919699 -1.1128578e-07)
(1.3562817 -0.0005526463 -1.0730303e-07)
(1.4727969 -0.068143232 -1.044682e-07)
(1.5936351 -0.15854662 -1.0086576e-07)
(1.7142748 -0.26961495 -9.426468e-08)
(1.8171627 -0.39062628 -8.110058e-08)
(1.8776624 -0.50472022 -6.4541513e-08)
(1.9008962 -0.60293459 -4.8933826e-08)
(1.8950535 -0.68318919 -3.5162664e-08)
(1.8683673 -0.74048198 -2.0255882e-08)
(1.8209004 -0.77040721 -6.8680952e-09)
(1.7587064 -0.77335004 1.7837221e-09)
(1.6894213 -0.75388014 5.5360932e-09)
(1.6171278 -0.71655368 6.1924734e-09)
(1.5441323 -0.66576134 5.4455558e-09)
(1.4730759 -0.60552741 4.134539e-09)
(1.4069186 -0.53863714 2.8210293e-09)
(1.3451428 -0.46988045 2.3469636e-09)
(1.2862862 -0.40118977 2.5785885e-09)
(1.2328591 -0.32807122 1.0190291e-09)
(1.1844652 -0.25315511 -4.1670504e-09)
(1.1304891 -0.19485562 -9.2255151e-09)
(1.0595838 -0.16916646 -6.7990886e-09)
(0.97397795 -0.16838644 6.2321554e-09)
(0.88999221 -0.16487107 2.5139742e-08)
(0.82634759 -0.13269772 4.1262258e-08)
(0.79335669 -0.063491924 4.8198102e-08)
(0.79177539 0.034446864 4.5008182e-08)
(0.8169973 0.14486959 3.498579e-08)
(0.86151365 0.25241668 2.2787532e-08)
(0.91826089 0.34604318 1.1891416e-08)
(0.98168463 0.41941614 3.9747799e-09)
(1.0479745 0.46942839 -5.8691077e-10)
(1.1144604 0.49486628 -2.0344793e-09)
(1.1786636 0.49658788 -8.5222065e-10)
(1.2379175 0.47822355 2.2722592e-09)
(1.2899642 0.44584263 6.4046592e-09)
(1.3337552 0.40618688 1.0480223e-08)
(1.3696999 0.36473576 1.3498878e-08)
(1.3997269 0.32436698 1.4765219e-08)
(1.4274912 0.2846088 1.4159904e-08)
(1.4581565 0.24047422 1.2252111e-08)
(1.4975088 0.18291964 1.0040976e-08)
(1.550092 0.10196274 8.4244086e-09)
(1.6150854 -0.0070912798 7.7226085e-09)
(1.6829605 -0.13727119 7.5843591e-09)
(1.7388948 -0.26942165 7.2889356e-09)
(1.7713611 -0.38450077 6.4280395e-09)
(1.7731789 -0.47128423 5.133741e-09)
(1.7423369 -0.51684755 3.7810332e-09)
(1.6850432 -0.52310479 2.8423348e-09)
(1.6105808 -0.49835473 1.9990318e-09)
(1.5279754 -0.45310257 6.8530434e-10)
(1.4450829 -0.39846151 -8.2049872e-10)
(1.3686611 -0.34551395 -1.2510205e-09)
(1.3038924 -0.30349257 5.7475639e-10)
(1.2533098 -0.27732442 4.5557171e-09)
(1.2166963 -0.26620477 9.0513577e-09)
(1.1921649 -0.26452144 1.1825014e-08)
(1.1772782 -0.26499284 1.1443546e-08)
(1.1691298 -0.26187898 8.1256122e-09)
(1.1651482 -0.2519734 3.4211811e-09)
(1.1635926 -0.22985026 -2.013057e-09)
(1.1641194 -0.19397869 -6.7035968e-09)
(1.1665413 -0.14534171 -9.3779267e-09)
(1.170532 -0.084420484 -9.7681075e-09)
(1.176037 -0.012388825 -8.1149814e-09)
(1.1831394 0.068813864 -4.9906125e-09)
(1.1919468 0.15714932 -1.173463e-09)
(1.2031139 0.24925112 2.4469792e-09)
(1.2183195 0.33939976 5.045001e-09)
(1.2392239 0.41926498 6.1406032e-09)
(1.2656236 0.48049681 5.8352164e-09)
(1.2946822 0.51919597 4.6968476e-09)
(1.3231706 0.53704677 3.3313283e-09)
(1.3509597 0.53603605 2.0485718e-09)
(1.3805434 0.51337056 8.4971405e-10)
(1.4107419 0.46743615 -3.0355973e-10)
(1.4381425 0.40444256 -1.3732071e-09)
(1.4627174 0.33111924 -2.4027457e-09)
(1.485326 0.25200258 -3.5332623e-09)
(1.506101 0.1707038 -4.8772844e-09)
(1.5246249 0.090334871 -6.2896548e-09)
(1.5404725 0.013207483 -7.2728806e-09)
(1.5535296 -0.059465833 -7.2319738e-09)
(1.5636354 -0.12708777 -5.9407204e-09)
(1.5698896 -0.18842646 -3.7860585e-09)
(1.5702699 -0.24112787 -1.519012e-09)
(1.5624889 -0.28243284 2.8452127e-10)
(1.5453825 -0.31064715 1.5602421e-09)
(1.5197937 -0.32621911 2.6068996e-09)
(1.4884044 -0.33171603 3.6437065e-09)
(1.4547209 -0.33076507 4.5102455e-09)
(1.4219279 -0.32668765 4.7576284e-09)
(1.3921806 -0.32151537 4.0039456e-09)
(1.3664938 -0.31565349 2.2343866e-09)
(1.3450327 -0.30809489 -1.6831923e-10)
(1.3274998 -0.29696467 -2.6366504e-09)
(1.313422 -0.28010666 -4.6934653e-09)
(1.3023254 -0.25565218 -6.1177398e-09)
(1.2937718 -0.22246594 -6.9380388e-09)
(1.2873996 -0.18040489 -7.3020608e-09)
(1.2829565 -0.13043431 -7.3269939e-09)
(1.2802258 -0.074595947 -7.0228831e-09)
(1.2791282 -0.015660248 -6.3224405e-09)
(1.2796822 0.043292558 -5.1741367e-09)
(1.2818151 0.099583324 -3.6220661e-09)
(1.2854018 0.15154709 -1.8254067e-09)
(1.2905075 0.1986144 -2.2108183e-11)
(1.297554 0.24055439 1.5389798e-09)
(1.3071367 0.27657315 2.6748949e-09)
(1.3194578 0.30531102 3.3238978e-09)
(1.3340479 0.32566368 3.5440192e-09)
(1.3501243 0.33730547 3.4584114e-09)
(1.3671277 0.34034243 3.1919892e-09)
(1.3847113 0.33474469 2.8393761e-09)
(1.4024415 0.32039805 2.4589781e-09)
(1.4197873 0.29752164 2.0750134e-09)
(1.4363602 0.26677875 1.6884587e-09)
(1.4519374 0.22915801 1.3086534e-09)
(1.4663873 0.18588271 9.7735364e-10)
(1.4796588 0.13820854 7.4236827e-10)
(1.4919069 0.087203064 5.9265075e-10)
(1.5035992 0.033592137 4.4056618e-10)
(1.5150966 -0.021901367 1.986731e-10)
(1.5261271 -0.078109451 -1.2335175e-10)
(1.5355406 -0.1328326 -4.1581339e-10)
(1.5413924 -0.18302461 -5.7300064e-10)
(1.5416974 -0.22562878 -5.9436768e-10)
(1.5352893 -0.25852768 -5.8199098e-10)
(1.5222638 -0.28102863 -6.4573273e-10)
(1.5038675 -0.29371596 -8.1128681e-10)
(1.4819718 -0.29789551 -1.0069163e-09)
(1.4584281 -0.29499077 -1.1253198e-09)
(1.4346329 -0.28608617 -1.1018759e-09)
(1.4114645 -0.27169647 -9.5487073e-10)
(1.38948 -0.25195668 -7.7300683e-10)
(1.3690388 -0.22704041 -6.7034553e-10)
(1.3503385 -0.19735227 -7.3883682e-10)
(1.3335077 -0.16355475 -1.0182723e-09)
(1.3186806 -0.1265682 -1.4880152e-09)
(1.3060233 -0.087528465 -2.0760648e-09)
(1.2957029 -0.047673676 -2.6782548e-09)
(1.2878654 -0.0082416782 -3.1815902e-09)
(1.2826079 0.029651974 -3.4866103e-09)
(1.279923 0.065088906 -3.5251732e-09)
(1.2796836 0.097492323 -3.2717557e-09)
(1.2816994 0.12669274 -2.7483726e-09)
(1.2858262 0.15283033 -2.0225269e-09)
(1.2920597 0.17608391 -1.1958648e-09)
(1.3005125 0.19636561 -3.8246227e-10)
(1.3112246 0.21320673 3.1830842e-10)
(1.3240275 0.22592641 8.4268264e-10)
(1.3385488 0.23387495 1.168849e-09)
(1.3544117 0.23654544 1.3083656e-09)
(1.3712457 0.23350532 1.2925811e-09)
(1.388672 0.22443996 1.1601016e-09)
(1.406189 0.20924179 9.4972471e-10)
(1.4233372 0.18815309 6.9553386e-10)
(1.4396546 0.16167677 4.2671191e-10)
(1.4548048 0.13064725 1.6924365e-10)
(1.4684685 0.096025795 -4.9166556e-11)
(1.4805148 0.058942884 -1.9933526e-10)
(1.4908777 0.020379752 -2.5813819e-10)
(1.4995922 -0.018603605 -2.2260719e-10)
(1.5065823 -0.057064689 -1.1783985e-10)
(1.5115578 -0.093787883 1.3120153e-11)
(1.5139925 -0.12759066 1.3139716e-10)
(1.5130563 -0.15705428 2.2594255e-10)
(1.508283 -0.18113397 3.1431743e-10)
(1.4990579 -0.19898759 4.2857933e-10)
(1.4860514 -0.21043207 5.9150919e-10)
(1.4691418 -0.21566339 7.9347384e-10)
(1.4504145 -0.21510005 1.0144514e-09)
(1.4291938 -0.20981933 1.186615e-09)
(1.4086436 -0.19956747 1.3056263e-09)
(1.3864321 -0.18660319 1.2834776e-09)
(1.3670421 -0.16803597 1.1932732e-09)
(1.3463476 -0.14973309 9.4609957e-10)
(1.3297053 -0.12336414 6.6294513e-10)
(1.312363 -0.10259245 2.9652863e-10)
(1.2979882 -0.068670793 -1.0876464e-10)
(1.2862124 -0.04919036 -4.4223219e-10)
(1.2695827 -0.003000552 -9.6381099e-10)
(1.3248316 0.010157269 -1.1992906e-10)
(1.3240018 0.030655123 2.9055394e-10)
(1.3224486 0.052137263 -2.652318e-10)
(1.3201588 0.075048787 2.8018616e-10)
(1.3172635 0.1003584 -8.9737384e-11)
(1.3142769 0.12850305 -2.7346586e-10)
(1.3116023 0.16064099 8.6253323e-10)
(1.3102764 0.19716606 -2.0374596e-09)
(1.3109663 0.23946376 3.9580775e-09)
(1.3161826 0.28737089 -7.5504366e-09)
(1.3243214 0.34244212 1.337886e-08)
(1.3449563 0.4006014 -1.9314552e-08)
(1.3752081 0.47282958 2.3149022e-08)
(1.4219979 0.53104242 -2.4515489e-08)
(1.4875441 0.61292349 2.0945469e-08)
(1.5715624 0.64680952 -1.3226098e-08)
(1.6791717 0.69873683 5.3020883e-09)
(1.8065573 0.68885396 -1.1471367e-08)
(1.9207766 0.64900717 -8.2769033e-08)
(1.9734682 0.55219387 -2.5082813e-08)
(1.9690129 0.451546 2.5672563e-08)
(1.9369625 0.36592013 6.4929695e-08)
(1.8655423 0.2885713 8.5962906e-08)
(1.7853225 0.22847236 1.025134e-07)
(1.7107119 0.17751154 1.0306858e-07)
(1.6446512 0.13260326 8.9063176e-08)
(1.5862665 0.094291838 6.5699086e-08)
(1.5327321 0.065490653 3.7802363e-08)
(1.4867409 0.044157906 6.0259618e-09)
(1.4509448 0.03231153 -1.8954508e-08)
(1.4280286 0.025248956 -4.773243e-08)
(1.4250615 0.021836252 -7.5424409e-08)
(1.4316121 0.021167025 -8.5134349e-08)
(1.452952 0.019122009 -9.4924279e-08)
(1.4993095 0.0089307158 -1.0160172e-07)
(1.5618392 -0.012038003 -1.0274794e-07)
(1.6365865 -0.046889142 -9.9309625e-08)
(1.7219013 -0.099861798 -9.2239467e-08)
(1.8096929 -0.16999597 -8.1489739e-08)
(1.8870826 -0.2534677 -6.7076775e-08)
(1.9444386 -0.34597383 -5.1608754e-08)
(1.9743182 -0.43599509 -3.7585123e-08)
(1.980546 -0.5174048 -2.6407631e-08)
(1.9665483 -0.59449487 -2.0293151e-08)
(1.9399931 -0.6546075 -9.7689967e-09)
(1.8922177 -0.69327257 4.1561389e-13)
(1.8281682 -0.70941232 5.5070221e-09)
(1.7550473 -0.70368933 7.2059836e-09)
(1.6774021 -0.67928498 6.5244021e-09)
(1.5995139 -0.64050915 4.9204779e-09)
(1.5243302 -0.59173289 3.3589716e-09)
(1.4532655 -0.53602809 2.1068165e-09)
(1.3876829 -0.47469834 1.1790307e-09)
(1.3275622 -0.41021209 8.9208023e-10)
(1.2710084 -0.34531727 1.3434341e-09)
(1.2187466 -0.27779556 1.0451966e-09)
(1.1730075 -0.20578473 -2.1986084e-09)
(1.1285444 -0.13982844 -7.2917245e-09)
(1.0728526 -0.097991594 -8.6345173e-09)
(0.99961341 -0.085723564 -1.4173083e-09)
(0.91710979 -0.086833205 1.3357462e-08)
(0.84282774 -0.075551121 2.987678e-08)
(0.79212772 -0.035362998 4.2101822e-08)
(0.7708572 0.032904527 4.7339525e-08)
(0.77827217 0.11790098 4.5860673e-08)
(0.8094738 0.20665091 3.9735431e-08)
(0.85732018 0.28809462 3.2047834e-08)
(0.9156996 0.35460419 2.5161443e-08)
(0.97997736 0.40165321 2.0354994e-08)
(1.046365 0.42739892 1.8009223e-08)
(1.1114028 0.43261705 1.7838354e-08)
(1.1719126 0.42059422 1.9092073e-08)
(1.2255986 0.3963184 2.0795325e-08)
(1.2717489 0.36489665 2.2025138e-08)
(1.3115325 0.32995974 2.2132263e-08)
(1.348093 0.29268342 2.0897665e-08)
(1.3863481 0.25082848 1.8606642e-08)
(1.4321171 0.19851868 1.5915882e-08)
(1.4900042 0.12800014 1.3478629e-08)
(1.5598764 0.034530639 1.1591524e-08)
(1.634036 -0.078120389 1.0163676e-08)
(1.6991758 -0.19708474 8.9189249e-09)
(1.7422665 -0.30733235 7.5209019e-09)
(1.754241 -0.3949411 5.7660073e-09)
(1.732223 -0.44713201 3.9837901e-09)
(1.680501 -0.46368055 2.7125334e-09)
(1.6084783 -0.45042963 1.9356007e-09)
(1.525877 -0.41576882 1.0233526e-09)
(1.4407988 -0.36885609 -3.3760559e-10)
(1.3598629 -0.31940113 -1.371391e-09)
(1.2883477 -0.27690824 -7.0335686e-10)
(1.2296149 -0.24837529 2.3216323e-09)
(1.1844358 -0.2360108 6.8644862e-09)
(1.1512086 -0.23682574 1.0998426e-08)
(1.1271165 -0.2444544 1.2802062e-08)
(1.1095121 -0.25195844 1.1294422e-08)
(1.0963379 -0.25360002 6.7718526e-09)
(1.0857877 -0.24525738 5.1097864e-10)
(1.0770084 -0.22467774 -5.7609702e-09)
(1.0702118 -0.19105926 -1.0573682e-08)
(1.0657791 -0.14452214 -1.309264e-08)
(1.0638359 -0.085722407 -1.319436e-08)
(1.0644881 -0.015943149 -1.1285945e-08)
(1.0683951 0.062898473 -8.0660527e-09)
(1.0763708 0.14801966 -4.341266e-09)
(1.0891692 0.23541519 -9.0198687e-10)
(1.108132 0.31932169 1.6166739e-09)
(1.1339604 0.3927244 2.901903e-09)
(1.1656071 0.4494913 3.0488578e-09)
(1.2004963 0.48667321 2.4385229e-09)
(1.2365802 0.50414132 1.4785558e-09)
(1.27394 0.50168541 4.1940389e-10)
(1.3129588 0.47804396 -6.4658551e-10)
(1.3517175 0.43382917 -1.702316e-09)
(1.3878985 0.37388714 -2.8069276e-09)
(1.4208141 0.30350086 -4.0878919e-09)
(1.4503043 0.22714752 -5.6072484e-09)
(1.4760086 0.14888611 -7.1572672e-09)
(1.4976688 0.07188415 -8.2036186e-09)
(1.5153405 -0.0018322431 -8.1434866e-09)
(1.5290023 -0.071125914 -6.7462179e-09)
(1.5379432 -0.13456121 -4.3992092e-09)
(1.5403991 -0.18982427 -1.8941321e-09)
(1.5341962 -0.23420748 9.8479457e-11)
(1.5181487 -0.26594462 1.4238686e-09)
(1.4930036 -0.28530679 2.3843312e-09)
(1.4613324 -0.29463028 3.3195677e-09)
(1.4265784 -0.29737926 4.219686e-09)
(1.3919191 -0.29690503 4.6905288e-09)
(1.3595442 -0.29551318 4.2584814e-09)
(1.3305176 -0.29408498 2.7379767e-09)
(1.3050543 -0.2921572 3.8700963e-10)
(1.282934 -0.28826199 -2.2228877e-09)
(1.2638216 -0.28037276 -4.4930752e-09)
(1.2474368 -0.26636016 -6.0473684e-09)
(1.2336098 -0.24443823 -6.8231652e-09)
(1.2222721 -0.21355999 -6.9985682e-09)
(1.2133852 -0.17366056 -6.8312919e-09)
(1.2069306 -0.12579929 -6.5065856e-09)
(1.2029091 -0.072045527 -6.0635685e-09)
(1.2013267 -0.015153586 -5.4213393e-09)
(1.2021169 0.041861537 -4.4713246e-09)
(1.2050496 0.096401672 -3.1741926e-09)
(1.2098329 0.14674387 -1.6092249e-09)
(1.2163967 0.19202859 3.9896616e-11)
(1.2249988 0.2317371 1.5492162e-09)
(1.2360361 0.26515783 2.735217e-09)
(1.2496325 0.29139222 3.5119301e-09)
(1.265477 0.30975958 3.8966495e-09)
(1.2830285 0.32000412 3.9732283e-09)
(1.3018099 0.32209357 3.8440992e-09)
(1.321411 0.31596446 3.5962056e-09)
(1.3413966 0.30157293 3.2850728e-09)
(1.361286 0.27912465 2.9395586e-09)
(1.3806573 0.24917919 2.5842137e-09)
(1.3991605 0.21262057 2.2575206e-09)
(1.4165866 0.17051414 1.9913077e-09)
(1.4329713 0.12388919 1.7634693e-09)
(1.4486021 0.073572317 1.4892475e-09)
(1.4637278 0.020365645 1.0931034e-09)
(1.4780222 -0.03452719 5.9912815e-10)
(1.490229 -0.088941216 1.3350243e-10)
(1.498333 -0.13988874 -1.793957e-10)
(1.500264 -0.18428069 -3.2565224e-10)
(1.4947678 -0.21984414 -4.0692128e-10)
(1.4818991 -0.24571148 -5.4273543e-10)
(1.4629062 -0.26236201 -7.6619485e-10)
(1.4397013 -0.27106678 -1.0003134e-09)
(1.4142551 -0.27321871 -1.1205812e-09)
(1.3881569 -0.26985635 -1.0436047e-09)
(1.3624518 -0.26148774 -7.7926684e-10)
(1.3377282 -0.24818674 -4.2434851e-10)
(1.3143362 -0.22986902 -1.1579945e-10)
(1.2925416 -0.20660458 2.3567935e-11)
(1.272572 -0.17875103 -7.7085412e-11)
(1.2546698 -0.14698855 -4.2336454e-10)
(1.2390622 -0.11224764 -9.6198512e-10)
(1.2259758 -0.075656259 -1.5989261e-09)
(1.2156067 -0.038424212 -2.2218044e-09)
(1.2080967 -0.0017275242 -2.7218457e-09)
(1.2034784 0.033424211 -3.0123185e-09)
(1.2016446 0.066229414 -3.0416962e-09)
(1.2024025 0.09619894 -2.8007154e-09)
(1.2055248 0.12316333 -2.3228029e-09)
(1.2108411 0.14716552 -1.6773419e-09)
(1.2182954 0.168262 -9.5577139e-10)
(1.2279186 0.18633266 -2.5263513e-10)
(1.2397053 0.20101479 3.5339132e-10)
(1.2535365 0.21179234 8.1204019e-10)
(1.2691587 0.21812512 1.1044766e-09)
(1.2862735 0.21953428 1.237709e-09)
(1.304522 0.21560825 1.2357352e-09)
(1.3235169 0.20608382 1.1305111e-09)
(1.3427788 0.19089726 9.5619449e-10)
(1.3618485 0.17029023 7.4573778e-10)
(1.3802382 0.1447404 5.3165943e-10)
(1.3975681 0.11500231 3.4624443e-10)
(1.4134905 0.081925334 2.1972355e-10)
(1.4278218 0.046494664 1.7064546e-10)
(1.4403491 0.0096521893 1.9588182e-10)
(1.450813 -0.027468415 2.6735241e-10)
(1.458691 -0.063678302 3.455263e-10)
(1.4632674 -0.097494719 4.0248719e-10)
(1.4637528 -0.12759161 4.3917334e-10)
(1.4594709 -0.15267631 4.850268e-10)
(1.4503289 -0.17208958 5.7642649e-10)
(1.4364299 -0.18549006 7.3434887e-10)
(1.418894 -0.19319344 9.4819271e-10)
(1.3981908 -0.19564245 1.1779829e-09)
(1.3763141 -0.19346964 1.377192e-09)
(1.3529099 -0.18739127 1.4867833e-09)
(1.3307188 -0.17741777 1.5007627e-09)
(1.3076102 -0.16485411 1.3684065e-09)
(1.287696 -0.14785776 1.163303e-09)
(1.266685 -0.13049873 8.2059954e-10)
(1.2502842 -0.10642379 4.7010053e-10)
(1.2327665 -0.086763897 4.450463e-11)
(1.2194267 -0.055279849 -3.6944513e-10)
(1.2075313 -0.036974048 -7.2713514e-10)
(1.1928029 0.0067922378 -1.2101557e-09)
(1.2713004 0.010474788 -6.3023043e-11)
(1.2711905 0.031519344 1.4474591e-10)
(1.2709678 0.053511409 -5.3409735e-11)
(1.2708313 0.076618571 -1.1799209e-10)
(1.2706442 0.10201603 5.7630305e-10)
(1.2714913 0.12949877 -1.3581332e-09)
(1.2729044 0.16082101 2.4543206e-09)
(1.2774167 0.19478555 -4.0745131e-09)
(1.2831995 0.23449855 6.203484e-09)
(1.2960257 0.27598068 -9.3807306e-09)
(1.3130575 0.32749943 1.3108035e-08)
(1.3378424 0.3728876 -1.5377017e-08)
(1.3721624 0.43196413 1.4443337e-08)
(1.419062 0.47463459 -9.9235006e-09)
(1.4774987 0.53082848 4.4796041e-09)
(1.5542709 0.55954006 3.3743191e-10)
(1.6351339 0.58292036 -4.8450933e-09)
(1.7396325 0.5811445 8.3824224e-09)
(1.8251289 0.54549931 -1.4282982e-08)
(1.9183518 0.50536553 -2.6153407e-08)
(1.9560397 0.43832007 -1.0529457e-08)
(1.9660296 0.37142679 3.6168527e-09)
(1.9585449 0.30957768 2.1804085e-08)
(1.9410836 0.25621229 3.8344353e-08)
(1.918684 0.20996 5.3310757e-08)
(1.8941369 0.16860226 6.0959848e-08)
(1.8691614 0.13205652 6.195392e-08)
(1.8439224 0.1015514 5.8621856e-08)
(1.8209746 0.076598452 5.1953888e-08)
(1.8018212 0.058101845 4.4255369e-08)
(1.7899791 0.042110089 3.3887531e-08)
(1.7868682 0.027580011 2.2052305e-08)
(1.7912769 0.014727947 1.0082889e-08)
(1.807991 -0.001999367 -1.1522282e-09)
(1.8371023 -0.02629852 -1.002983e-08)
(1.8737905 -0.059342811 -1.575231e-08)
(1.914686 -0.10250074 -1.8326963e-08)
(1.955866 -0.15675106 -1.8012752e-08)
(1.9906407 -0.22133299 -1.5574469e-08)
(2.0136274 -0.2911949 -1.2022305e-08)
(2.0235305 -0.36284283 -1.0000706e-08)
(2.0204708 -0.43677489 -9.411711e-09)
(2.0062574 -0.50694345 -7.5224919e-09)
(1.9795201 -0.56282333 3.4723079e-10)
(1.9305769 -0.60601442 5.9785348e-09)
(1.865691 -0.63119766 8.2324198e-09)
(1.7914671 -0.63675307 7.7709955e-09)
(1.7128476 -0.62516897 5.9069007e-09)
(1.6340257 -0.5999506 3.7950612e-09)
(1.5580623 -0.56403146 2.1351116e-09)
(1.4865082 -0.51968345 1.1326876e-09)
(1.4195445 -0.46886984 5.7364365e-10)
(1.3573329 -0.41280879 2.0728928e-10)
(1.3001623 -0.35303815 1.4554635e-10)
(1.2470577 -0.29190842 5.8152591e-10)
(1.1977223 -0.2293221 7.3099053e-10)
(1.1543125 -0.16282453 -1.0817698e-09)
(1.116359 -0.096082508 -5.0723825e-09)
(1.0756425 -0.042588172 -8.1847893e-09)
(1.0213875 -0.014747999 -6.0059756e-09)
(0.95141312 -0.009051084 3.4521447e-09)
(0.87688642 -0.007501347 1.7769576e-08)
(0.8155981 0.0089346653 3.1421821e-08)
(0.7790994 0.0488454 4.0223128e-08)
(0.76732086 0.10727176 4.4518533e-08)
(0.77938896 0.17470288 4.5502018e-08)
(0.81328652 0.24023207 4.3373391e-08)
(0.86202711 0.29626295 3.9999668e-08)
(0.91973687 0.33780961 3.6797101e-08)
(0.98170901 0.36235976 3.4450676e-08)
(1.0439542 0.3701322 3.2981177e-08)
(1.103371 0.36343927 3.196973e-08)
(1.1583031 0.3456376 3.0851412e-08)
(1.2089895 0.31984869 2.9172451e-08)
(1.2575729 0.28773382 2.6739649e-08)
(1.3077946 0.24870578 2.3670563e-08)
(1.3641494 0.19960222 2.0331519e-08)
(1.4300506 0.13584943 1.7136954e-08)
(1.5050127 0.054517428 1.432701e-08)
(1.5825132 -0.042101314 1.193091e-08)
(1.6512896 -0.14548391 9.8700386e-09)
(1.6993896 -0.24461453 7.9042124e-09)
(1.717554 -0.32548764 5.8594482e-09)
(1.7020473 -0.37741663 3.9060885e-09)
(1.6561813 -0.39912693 2.4503863e-09)
(1.5886587 -0.39435054 1.6487844e-09)
(1.5090783 -0.36936256 1.0467963e-09)
(1.4254354 -0.33115662 6.6981832e-11)
(1.3440496 -0.28734689 -1.1004688e-09)
(1.2700186 -0.2462673 -1.3475754e-09)
(1.206985 -0.21562615 4.3342432e-10)
(1.1563993 -0.20002928 4.2635735e-09)
(1.1173138 -0.19936777 8.852795e-09)
(1.0871095 -0.20923027 1.2317668e-08)
(1.0628308 -0.22304075 1.3133077e-08)
(1.0421326 -0.23435825 1.0714165e-08)
(1.0236056 -0.23835817 5.5216758e-09)
(1.0065928 -0.23197071 -1.17428e-09)
(0.99117469 -0.21332605 -7.7566738e-09)
(0.97781515 -0.18180062 -1.2803449e-08)
(0.96718854 -0.13777629 -1.5493975e-08)
(0.95983219 -0.08205137 -1.5732221e-08)
(0.95648791 -0.016100191 -1.3984697e-08)
(0.95807082 0.058371962 -1.1007163e-08)
(0.96554294 0.13799073 -7.6059357e-09)
(0.97985828 0.21864515 -4.4828913e-09)
(1.0018351 0.29507557 -2.1296944e-09)
(1.0314368 0.36155257 -7.5647657e-10)
(1.0673782 0.41328375 -2.913539e-10)
(1.1076975 0.44744394 -4.8441837e-10)
(1.150968 0.46278973 -1.0643244e-09)
(1.1965986 0.45854276 -1.8502442e-09)
(1.2435893 0.43442535 -2.7825635e-09)
(1.2898868 0.39202531 -3.9019743e-09)
(1.33346 0.3352329 -5.283721e-09)
(1.373068 0.26866256 -6.8903996e-09)
(1.4079208 0.19674958 -8.4159918e-09)
(1.4375381 0.12327473 -9.2937551e-09)
(1.4618785 0.051014573 -8.9700526e-09)
(1.4809514 -0.018118162 -7.2951392e-09)
(1.4940992 -0.082198932 -4.7088466e-09)
(1.4997239 -0.13869343 -2.0200977e-09)
(1.4958983 -0.18491525 8.2869227e-11)
(1.4816172 -0.21911346 1.413618e-09)
(1.4577179 -0.24142786 2.2696026e-09)
(1.4267748 -0.25393935 3.0603807e-09)
(1.392158 -0.2598391 3.9045873e-09)
(1.3569466 -0.26232034 4.5075813e-09)
(1.3232463 -0.26374763 4.3806586e-09)
(1.2920743 -0.26530798 3.2050692e-09)
(1.2636356 -0.26704096 1.0734938e-09)
(1.2377235 -0.26805012 -1.5315021e-09)
(1.2140608 -0.26677248 -3.9713057e-09)
(1.1924851 -0.26127108 -5.7307536e-09)
(1.1730129 -0.2495646 -6.5915559e-09)
(1.1558203 -0.22999445 -6.6434668e-09)
(1.1411647 -0.20158699 -6.169047e-09)
(1.1293334 -0.16434021 -5.482439e-09)
(1.1205968 -0.11928915 -4.797072e-09)
(1.115122 -0.068414854 -4.1673303e-09)
(1.1129282 -0.014375765 -3.5142902e-09)
(1.1138882 0.039969294 -2.7096268e-09)
(1.1176834 0.092169119 -1.6695983e-09)
(1.1239224 0.14042887 -4.1280293e-10)
(1.1324072 0.18363191 9.4042893e-10)
(1.1431856 0.22103687 2.218876e-09)
(1.1564029 0.25197805 3.2692255e-09)
(1.1720402 0.27584076 4.0062945e-09)
(1.1898308 0.29220815 4.4236576e-09)
(1.2093641 0.30090186 4.5711463e-09)
(1.2302409 0.30185634 4.5200114e-09)
(1.2520746 0.29500601 4.3360806e-09)
(1.2744552 0.28035021 4.0701678e-09)
(1.2969254 0.25809882 3.7643304e-09)
(1.3190525 0.22876658 3.4555288e-09)
(1.3405123 0.19310217 3.1580963e-09)
(1.3611958 0.15193838 2.8363483e-09)
(1.3811946 0.10605961 2.4143503e-09)
(1.400517 0.056333583 1.8444679e-09)
(1.4186395 0.0040852276 1.1797154e-09)
(1.4341462 -0.048527294 5.6347823e-10)
(1.4449257 -0.098578157 1.2605218e-10)
(1.4488957 -0.14303754 -1.1843109e-10)
(1.4447979 -0.17963577 -2.7437882e-10)
(1.4326959 -0.20742813 -4.6592596e-10)
(1.413868 -0.22678379 -7.2967114e-10)
(1.3902686 -0.23888084 -9.8694917e-10)
(1.3639043 -0.24505068 -1.1047232e-09)
(1.3364078 -0.24629352 -9.8719605e-10)
(1.3088895 -0.24310004 -6.3391581e-10)
(1.2820107 -0.23552259 -1.3929038e-10)
(1.2561618 -0.22337888 3.5139994e-10)
(1.2316426 -0.20650572 6.97389e-10)
(1.2087661 -0.18496151 8.0400626e-10)
(1.1878563 -0.15912411 6.4079395e-10)
(1.1692576 -0.1296707 2.3865088e-10)
(1.1532906 -0.097538366 -3.2571699e-10)
(1.1402 -0.063785487 -9.5039482e-10)
(1.1301725 -0.029546624 -1.5292356e-09)
(1.1233145 0.0041178112 -1.9696965e-09)
(1.1195922 0.036303639 -2.2062293e-09)
(1.118818 0.066320378 -2.2082109e-09)
(1.1207568 0.093740225 -1.9823671e-09)
(1.1251641 0.11837392 -1.5691646e-09)
(1.1318524 0.14017668 -1.0336311e-09)
(1.1407264 0.15911095 -4.5212368e-10)
(1.1517584 0.17502597 1.021786e-10)
(1.1649098 0.1876152 5.7147699e-10)
(1.1800778 0.19645777 9.2027519e-10)
(1.1970665 0.20109727 1.1362685e-09)
(1.2156197 0.20111034 1.2264127e-09)
(1.2354036 0.19615381 1.2111252e-09)
(1.2560359 0.18602844 1.1184848e-09)
(1.2770489 0.17072872 9.8046316e-10)
(1.2979783 0.15049359 8.3008609e-10)
(1.318333 0.12577151 6.9914724e-10)
(1.3377079 0.09722271 6.123959e-10)
(1.3556824 0.065624085 5.8029715e-10)
(1.3718664 0.031943877 5.9232733e-10)
(1.3856848 -0.0027409845 6.2114565e-10)
(1.3964317 -0.037080652 6.3683572e-10)
(1.4032025 -0.0696622 6.2773508e-10)
(1.4051708 -0.098983984 6.1028161e-10)
(1.4017692 -0.12394576 6.223202e-10)
(1.3929032 -0.1437304 7.010021e-10)
(1.3790934 -0.15822931 8.6021668e-10)
(1.3610992 -0.16755691 1.0818921e-09)
(1.3402696 -0.17230789 1.3209935e-09)
(1.3173356 -0.1729298 1.5237437e-09)
(1.2939542 -0.16999871 1.6452608e-09)
(1.2698979 -0.16386812 1.6527123e-09)
(1.2473299 -0.15464264 1.5504738e-09)
(1.2244013 -0.14292978 1.3243089e-09)
(1.2046953 -0.12770914 1.0370569e-09)
(1.184135 -0.11151548 6.5023108e-10)
(1.1684126 -0.08994217 2.7804568e-10)
(1.1512886 -0.071465858 -1.5238898e-10)
(1.1393453 -0.042743245 -5.3307911e-10)
(1.1276644 -0.025663584 -8.7685479e-10)
(1.1154068 0.015285053 -1.2815619e-09)
(1.2106452 0.0104722 -2.6292524e-11)
(1.2111234 0.031423218 4.4293936e-11)
(1.2121465 0.053264173 5.1328516e-11)
(1.2137446 0.075881904 -2.5755256e-10)
(1.2160958 0.10065721 7.1458059e-10)
(1.2197709 0.12673907 -1.4555705e-09)
(1.2251375 0.15650686 2.4173422e-09)
(1.2331202 0.18729246 -3.5611053e-09)
(1.2444084 0.22376297 4.7030349e-09)
(1.2598059 0.25902963 -6.0458254e-09)
(1.2816207 0.30282849 7.1802813e-09)
(1.310202 0.34118875 -7.0397583e-09)
(1.3457655 0.38717332 4.8467199e-09)
(1.3927174 0.42288709 -6.9068512e-10)
(1.445554 0.46077022 -1.7337046e-09)
(1.5136539 0.48541631 2.0861356e-09)
(1.58324 0.49889708 -2.3965768e-09)
(1.6648393 0.49749167 1.7633737e-09)
(1.7416238 0.47535517 2.1796451e-09)
(1.8102522 0.43759943 -5.4774036e-09)
(1.8690534 0.39448337 -9.9396267e-09)
(1.9100516 0.34863246 -7.0437609e-09)
(1.9293627 0.30072784 1.1979428e-09)
(1.9343694 0.25502884 1.3134683e-08)
(1.9343356 0.21372713 2.1161836e-08)
(1.9323137 0.1763246 2.6944503e-08)
(1.9286916 0.1424857 3.0352616e-08)
(1.9239984 0.11239175 3.2294726e-08)
(1.9193535 0.086055738 3.356419e-08)
(1.9159384 0.063510924 3.44917e-08)
(1.9160479 0.042687257 3.4496137e-08)
(1.9199174 0.022590526 3.3067539e-08)
(1.9282389 0.0017503032 3.0145414e-08)
(1.9421105 -0.022102272 2.5859258e-08)
(1.9603332 -0.051276511 2.1312339e-08)
(1.979919 -0.086918247 1.6939035e-08)
(1.9990285 -0.12972607 1.2799217e-08)
(2.0160163 -0.17989979 1.0347093e-08)
(2.027802 -0.23601407 8.7790734e-09)
(2.0317859 -0.29651675 6.3865973e-09)
(2.0269783 -0.358203 6.864456e-09)
(2.0102703 -0.41661932 8.898642e-09)
(1.977018 -0.46954384 1.0712951e-08)
(1.92665 -0.51407139 1.0852873e-08)
(1.8644599 -0.54470525 9.2858776e-09)
(1.7947923 -0.55954935 6.7012457e-09)
(1.7212239 -0.56002929 4.0345793e-09)
(1.6471741 -0.54813425 1.9715721e-09)
(1.5750175 -0.5254545 6.9708715e-10)
(1.5058315 -0.49333293 6.9413326e-11)
(1.4400683 -0.45318011 -1.3214299e-10)
(1.3778438 -0.406562 -1.4968467e-10)
(1.3193666 -0.35485989 -1.6418349e-10)
(1.2651928 -0.29947504 -1.0520236e-10)
(1.2153025 -0.24231483 2.3468612e-10)
(1.1695992 -0.18416285 4.7309931e-10)
(1.1293449 -0.12347592 -4.9748818e-10)
(1.0958224 -0.060792681 -3.2783794e-09)
(1.0654735 -0.0039125104 -6.5489417e-09)
(1.0299179 0.036069049 -7.2554719e-09)
(0.9823296 0.055033023 -2.9132846e-09)
(0.9232142 0.059725676 6.3638863e-09)
(0.86206583 0.06401835 1.8270911e-08)
(0.81308902 0.080969591 2.9465005e-08)
(0.78817275 0.11497939 3.6666159e-08)
(0.78721396 0.15802167 3.981564e-08)
(0.80386297 0.2044603 4.144337e-08)
(0.83750297 0.24778228 4.1614365e-08)
(0.88411381 0.28136911 4.0579414e-08)
(0.93836064 0.30238796 3.8988278e-08)
(0.99648373 0.31010747 3.707304e-08)
(1.0558249 0.30539863 3.4812972e-08)
(1.1152367 0.2898103 3.2116339e-08)
(1.1752181 0.26466686 2.8959871e-08)
(1.2375979 0.23015694 2.544425e-08)
(1.3046913 0.18512147 2.1787433e-08)
(1.377839 0.12769176 1.8249148e-08)
(1.4555383 0.05707305 1.5025753e-08)
(1.5322497 -0.024462495 1.2201592e-08)
(1.5991072 -0.11134312 9.7331406e-09)
(1.6461768 -0.1952999 7.4662504e-09)
(1.6651237 -0.26467526 5.3609192e-09)
(1.6523952 -0.31157958 3.4834942e-09)
(1.6109954 -0.33405762 2.0636492e-09)
(1.5486898 -0.33441301 1.2698805e-09)
(1.4742453 -0.31723878 8.4929312e-10)
(1.3950876 -0.28764183 2.4448549e-10)
(1.3169488 -0.25102318 -7.3294846e-10)
(1.2444186 -0.21373312 -1.4332815e-09)
(1.1810628 -0.18275782 -7.6061688e-10)
(1.1288023 -0.16384504 1.8807039e-09)
(1.0873366 -0.15932257 5.9854201e-09)
(1.0544321 -0.1673196 1.0175671e-08)
(1.0269878 -0.18284481 1.2918323e-08)
(1.0022907 -0.19983649 1.3135749e-08)
(0.97865209 -0.21286142 1.0472992e-08)
(0.95550434 -0.21796771 5.3275666e-09)
(0.93298854 -0.21265116 -1.2680305e-09)
(0.9118028 -0.19562933 -7.9242179e-09)
(0.89281418 -0.16654887 -1.3313005e-08)
(0.87707101 -0.12579119 -1.6565981e-08)
(0.86546748 -0.07424582 -1.746928e-08)
(0.85913232 -0.013287029 -1.6387908e-08)
(0.85909703 0.054887697 -1.4020246e-08)
(0.86627051 0.12721362 -1.1135982e-08)
(0.8816745 0.19974803 -8.386985e-09)
(0.90574041 0.26785938 -6.2054422e-09)
(0.93810771 0.32679201 -4.7775152e-09)
(0.97759733 0.37250957 -4.0820887e-09)
(1.0226562 0.40223 -3.9828261e-09)
(1.0718747 0.41432858 -4.3341662e-09)
(1.1239392 0.40805908 -5.04962e-09)
(1.1771122 0.38374567 -6.1014456e-09)
(1.2291904 0.34332768 -7.4462216e-09)
(1.2780798 0.2902742 -8.9039504e-09)
(1.3222266 0.2286822 -1.0075251e-08)
(1.3606708 0.1624347 -1.0419322e-08)
(1.3929647 0.094764867 -9.5210954e-09)
(1.4187908 0.028358577 -7.3916115e-09)
(1.4373215 -0.034231226 -4.552398e-09)
(1.447023 -0.090148409 -1.7886963e-09)
(1.4462727 -0.13663256 2.8276788e-10)
(1.4344339 -0.17197514 1.5233807e-09)
(1.4126021 -0.19624776 2.2423099e-09)
(1.3834251 -0.21127197 2.8719816e-09)
(1.3501894 -0.21986741 3.604606e-09)
(1.3158096 -0.22489063 4.2437414e-09)
(1.282235 -0.228545 4.3464809e-09)
(1.2503804 -0.23211149 3.5320255e-09)
(1.2204031 -0.23598003 1.7447951e-09)
(1.1920847 -0.23979392 -6.8115611e-10)
(1.1651415 -0.2425907 -3.1682093e-09)
(1.1394251 -0.24293508 -5.1431481e-09)
(1.1150017 -0.23909216 -6.2457294e-09)
(1.0921617 -0.22927554 -6.412203e-09)
(1.0713877 -0.21198522 -5.8313667e-09)
(1.0532427 -0.18632078 -4.8230102e-09)
(1.0383054 -0.15224591 -3.7030018e-09)
(1.027089 -0.11070696 -2.6826611e-09)
(1.0199027 -0.063542556 -1.8276841e-09)
(1.0168026 -0.013197943 -1.0805463e-09)
(1.0177035 0.037682368 -3.2821498e-10)
(1.0222676 0.086815357 5.2066928e-10)
(1.0300059 0.13235663 1.4839032e-09)
(1.0405931 0.17301494 2.4991544e-09)
(1.0538554 0.20790524 3.4578879e-09)
(1.0696798 0.23638 4.2546775e-09)
(1.0878788 0.25797088 4.8246328e-09)
(1.1081573 0.27239527 5.1543622e-09)
(1.1301606 0.27951684 5.2703554e-09)
(1.1535413 0.27926206 5.218453e-09)
(1.1779495 0.27158559 5.0473186e-09)
(1.2030093 0.25653007 4.7987653e-09)
(1.2283289 0.2343163 4.4986794e-09)
(1.253576 0.20536958 4.1429498e-09)
(1.278537 0.17024301 3.6908842e-09)
(1.3030718 0.1296088 3.0911187e-09)
(1.3268753 0.084357296 2.3410273e-09)
(1.3490806 0.035946516 1.5307996e-09)
(1.3680456 -0.01343976 8.1342658e-10)
(1.3816123 -0.061010552 3.0622576e-10)
(1.3877542 -0.103891 6.8523424e-12)
(1.385334 -0.13994183 -1.9577237e-10)
(1.3745115 -0.16823449 -4.2313342e-10)
(1.3566068 -0.18903781 -7.0762342e-10)
(1.333561 -0.20337989 -9.6969966e-10)
(1.3073405 -0.21247186 -1.0771685e-09)
(1.2795336 -0.21725872 -9.3195194e-10)
(1.2512344 -0.21822542 -5.2615228e-10)
(1.2231159 -0.2154252 5.59236e-11)
(1.1956129 -0.20865185 6.758773e-10)
(1.1690639 -0.19763396 1.1917358e-09)
(1.1438321 -0.18222346 1.4976622e-09)
(1.1203217 -0.16252288 1.543766e-09)
(1.0989655 -0.13892429 1.337463e-09)
(1.0801795 -0.11209453 9.3211037e-10)
(1.0643218 -0.082899023 4.1017789e-10)
(1.051651 -0.052326009 -1.3494524e-10)
(1.0423067 -0.021364934 -6.1543343e-10)
(1.0363554 0.0090405307 -9.620239e-10)
(1.0336984 0.038096605 -1.1322754e-09)
(1.0341093 0.065202537 -1.1139545e-09)
(1.0373395 0.089967475 -9.2393303e-10)
(1.0431432 0.11217281 -6.0241568e-10)
(1.0513262 0.13170024 -2.0379843e-10)
(1.0617672 0.14843764 2.1394234e-10)
(1.0743969 0.16220292 5.9916136e-10)
(1.0891478 0.17271399 9.1372395e-10)
(1.1059122 0.17961404 1.1364511e-09)
(1.1245148 0.18252094 1.2628921e-09)
(1.144712 0.18108704 1.3025489e-09)
(1.1661805 0.17504435 1.2749104e-09)
(1.1885336 0.16426112 1.2052425e-09)
(1.2113132 0.14877456 1.1204206e-09)
(1.234037 0.128828 1.0440053e-09)
(1.2561759 0.10485632 9.9073733e-10)
(1.2771816 0.077511099 9.6125931e-10)
(1.2963893 0.047642329 9.419447e-10)
(1.3130223 0.016367068 9.1186094e-10)
(1.3261086 -0.015045375 8.5772394e-10)
(1.3346996 -0.045129128 7.8639563e-10)
(1.3379537 -0.072554484 7.2829141e-10)
(1.3354526 -0.096190451 7.2372219e-10)
(1.3272572 -0.11545225 8.0327158e-10)
(1.3139649 -0.13008847 9.6977642e-10)
(1.2965627 -0.14039628 1.1960355e-09)
(1.2761029 -0.14668543 1.4344248e-09)
(1.2538249 -0.14954441 1.6334279e-09)
(1.2304036 -0.14924922 1.7527114e-09)
(1.2070469 -0.14621222 1.7695935e-09)
(1.1835755 -0.14051139 1.6786614e-09)
(1.1616049 -0.13226474 1.4939323e-09)
(1.1396598 -0.12165251 1.2233147e-09)
(1.1207163 -0.10821832 9.1114563e-10)
(1.1011982 -0.093341869 5.4115069e-10)
(1.0864802 -0.074339484 1.958445e-10)
(1.0702367 -0.057098964 -1.8616379e-10)
(1.0599015 -0.031409471 -5.0062426e-10)
(1.0487388 -0.015573263 -7.9595025e-10)
(1.039326 0.022176304 -1.0983812e-09)
(1.1428499 0.010183646 -1.3072723e-11)
(1.1438207 0.030506921 6.5454283e-12)
(1.1459086 0.051587936 5.7106894e-11)
(1.148949 0.07322642 -1.9580777e-10)
(1.1533958 0.096694727 4.9208857e-10)
(1.1593864 0.12105997 -9.4604894e-10)
(1.1677426 0.1484258 1.5046018e-09)
(1.1786444 0.17633956 -2.0044604e-09)
(1.1932125 0.20838275 2.2864392e-09)
(1.211822 0.23958128 -2.4012679e-09)
(1.2354208 0.27537501 2.4076879e-09)
(1.2657982 0.30832811 -2.0375665e-09)
(1.3016694 0.34380282 7.4746997e-10)
(1.3467274 0.37380489 1.1481495e-09)
(1.3966857 0.4010544 -1.3710721e-09)
(1.4561004 0.42045326 1.8721082e-10)
(1.5191384 0.430022 3.3272152e-11)
(1.5860363 0.42807339 6.1276507e-11)
(1.6528932 0.41273021 1.4026724e-09)
(1.712212 0.38443029 6.6341315e-11)
(1.7638928 0.34859124 -2.8060803e-09)
(1.8028592 0.30932916 -3.7031761e-09)
(1.83495 0.27181712 -2.668784e-09)
(1.8604053 0.23662615 1.4855551e-09)
(1.8791266 0.20294126 6.1199988e-09)
(1.8915466 0.1705976 9.7926489e-09)
(1.8995215 0.13991817 1.2304775e-08)
(1.9047926 0.11133514 1.4244246e-08)
(1.9086723 0.084966613 1.6224276e-08)
(1.9125045 0.060633749 1.8318061e-08)
(1.9177641 0.03761411 1.994289e-08)
(1.9251218 0.014274158 2.0825299e-08)
(1.934291 -0.0097915547 2.0571777e-08)
(1.9457792 -0.035862819 1.9275089e-08)
(1.9583083 -0.066347533 1.7394556e-08)
(1.9698188 -0.10206524 1.5385594e-08)
(1.97878 -0.14297198 1.3576532e-08)
(1.9834539 -0.18851301 1.203035e-08)
(1.9817567 -0.23776341 1.0668598e-08)
(1.9717689 -0.28869039 9.5341778e-09)
(1.9513482 -0.33885939 8.4090773e-09)
(1.9190833 -0.38657065 7.0050586e-09)
(1.8760419 -0.42855242 5.1827323e-09)
(1.8245058 -0.46053454 3.1417483e-09)
(1.7663616 -0.48131641 1.2851204e-09)
(1.7036345 -0.49131992 -2.2199076e-11)
(1.6386784 -0.49076034 -6.6633543e-10)
(1.5733635 -0.4798251 -7.8782751e-10)
(1.5087866 -0.45904896 -6.4087446e-10)
(1.44564 -0.42932092 -4.273006e-10)
(1.3845784 -0.39189872 -2.3484833e-10)
(1.326191 -0.34834797 -1.0750108e-10)
(1.2711191 -0.30024302 -7.7862743e-11)
(1.2201188 -0.24900755 -5.9052533e-11)
(1.1736246 -0.19620749 1.2953484e-10)
(1.1318853 -0.14282754 3.0606455e-10)
(1.095615 -0.08805844 -2.2873592e-10)
(1.0660597 -0.031562972 -2.0348296e-09)
(1.0427724 0.022520076 -4.687113e-09)
(1.0212999 0.066951366 -6.4721848e-09)
(0.99498669 0.095890119 -5.4138738e-09)
(0.96016031 0.10993455 -7.8438283e-10)
(0.91884003 0.11604049 6.7886075e-09)
(0.87759683 0.12249898 1.5577618e-08)
(0.8455181 0.13578133 2.3564022e-08)
(0.83036216 0.15872983 2.9429247e-08)
(0.83629871 0.18651481 3.2536038e-08)
(0.85974657 0.21325262 3.3763938e-08)
(0.89654188 0.23507568 3.3867613e-08)
(0.94393606 0.24818204 3.2973965e-08)
(0.99901478 0.2510781 3.1280785e-08)
(1.0593902 0.2433741 2.8953889e-08)
(1.1237553 0.22518242 2.6136926e-08)
(1.191736 0.19667885 2.2992806e-08)
(1.263294 0.1577409 1.9710883e-08)
(1.3377427 0.10824437 1.6494734e-08)
(1.4126338 0.048823899 1.3513541e-08)
(1.4830729 -0.018337579 1.0839593e-08)
(1.5421189 -0.089053637 8.4295203e-09)
(1.5820499 -0.15644977 6.2479243e-09)
(1.5964342 -0.21236387 4.3395659e-09)
(1.5829209 -0.25138869 2.7468489e-09)
(1.5444676 -0.27161893 1.5642757e-09)
(1.4876134 -0.27436369 8.8045789e-10)
(1.4197679 -0.26293804 5.674934e-10)
(1.3473958 -0.24101271 2.2186243e-10)
(1.2754793 -0.21214942 -4.6703007e-10)
(1.207892 -0.18059401 -1.2390183e-09)
(1.1477921 -0.15173583 -1.2751199e-09)
(1.0972897 -0.13112675 1.9759652e-10)
(1.0567082 -0.12250722 3.2539055e-09)
(1.0243865 -0.12630414 7.1429917e-09)
(0.99737285 -0.13962608 1.0700223e-08)
(0.97260148 -0.15762778 1.2856517e-08)
(0.9478532 -0.17516946 1.2913945e-08)
(0.92213202 -0.18797098 1.0612395e-08)
(0.89552346 -0.19298486 6.1552539e-09)
(0.86882191 -0.18831929 2.1755109e-10)
(0.84320145 -0.17297552 -6.1560067e-09)
(0.81997262 -0.14671345 -1.1822375e-08)
(0.80043257 -0.10989831 -1.5883831e-08)
(0.78588172 -0.063463588 -1.7933172e-08)
(0.7774654 -0.0088246359 -1.809181e-08)
(0.77630383 0.051930354 -1.6857645e-08)
(0.78345149 0.11581951 -1.4878484e-08)
(0.79965837 0.17931055 -1.2754191e-08)
(0.82518709 0.23840035 -1.0918324e-08)
(0.85960099 0.28907139 -9.6055448e-09)
(0.9018363 0.32784061 -8.8838405e-09)
(0.95044257 0.3521393 -8.7193464e-09)
(1.00379 0.36041814 -9.0338025e-09)
(1.0600428 0.35218247 -9.7203988e-09)
(1.1170419 0.32813164 -1.060778e-08)
(1.1724567 0.29027438 -1.140592e-08)
(1.2241791 0.24165567 -1.1705185e-08)
(1.2706248 0.18571391 -1.1094334e-08)
(1.3106958 0.12576353 -9.3767382e-09)
(1.3434561 0.064969337 -6.7483585e-09)
(1.3676568 0.0064638621 -3.7767448e-09)
(1.3817141 -0.046603144 -1.1441802e-09)
(1.3843541 -0.091427533 6.9561272e-10)
(1.3754268 -0.12637523 1.7195359e-09)
(1.3563817 -0.1514827 2.2623539e-09)
(1.3299589 -0.16829153 2.7364004e-09)
(1.2993053 -0.17915089 3.3421524e-09)
(1.2670969 -0.18642743 3.9464835e-09)
(1.2350711 -0.19198388 4.179235e-09)
(1.2040213 -0.19700616 3.6684028e-09)
(1.1740685 -0.20205344 2.2697539e-09)
(1.1449945 -0.20716284 1.678702e-10)
(1.1165123 -0.21191916 -2.1902535e-09)
(1.0884309 -0.21548185 -4.2744797e-09)
(1.0607542 -0.21662473 -5.6618439e-09)
(1.0337255 -0.21384883 -6.1531616e-09)
(1.0078267 -0.20558918 -5.7882899e-09)
(0.98375825 -0.19050945 -4.7839521e-09)
(0.96234836 -0.16779021 -3.4355023e-09)
(0.94441978 -0.13735764 -2.021168e-09)
(0.93068646 -0.10000843 -7.3363039e-10)
(0.92161289 -0.057330846 3.4849514e-10)
(0.91734034 -0.011488506 1.2464114e-09)
(0.91789306 0.035137567 2.0344618e-09)
(0.92296547 0.080413095 2.7858506e-09)
(0.93199035 0.12251203 3.5327935e-09)
(0.9445315 0.16007239 4.2565254e-09)
(0.96021621 0.19213415 4.9051526e-09)
(0.97871123 0.2180426 5.4229552e-09)
(0.9996755 0.2373726 5.7737876e-09)
(1.0227592 0.24987524 5.9493169e-09)
(1.0476197 0.25541355 5.9635904e-09)
(1.07394 0.25390775 5.8406068e-09)
(1.101418 0.24532528 5.6011494e-09)
(1.1297446 0.22971401 5.2512556e-09)
(1.1586247 0.20724729 4.7765399e-09)
(1.1877519 0.17826351 4.1506167e-09)
(1.2167331 0.14331377 3.3653959e-09)
(1.2448632 0.10332789 2.470456e-09)
(1.270919 0.059827347 1.5846266e-09)
(1.293059 0.014961159 8.5001855e-10)
(1.3090871 -0.028655815 3.4804302e-10)
(1.3171859 -0.068434697 4.6285648e-11)
(1.3164754 -0.1024795 -1.7196051e-10)
(1.3072798 -0.12995735 -4.1468954e-10)
(1.2909527 -0.15105505 -7.0026259e-10)
(1.2693625 -0.16661015 -9.4771363e-10)
(1.2443499 -0.17763628 -1.0342542e-09)
(1.2173905 -0.18495556 -8.7078181e-10)
(1.1894953 -0.18902056 -4.4786681e-10)
(1.161309 -0.18991744 1.6342396e-10)
(1.1332545 -0.18747071 8.4338378e-10)
(1.1056951 -0.18139867 1.4646923e-09)
(1.0790185 -0.17145998 1.9254267e-09)
(1.053671 -0.15756728 2.166659e-09)
(1.0301545 -0.13985995 2.175998e-09)
(1.0089574 -0.11872628 1.9814613e-09)
(0.99054392 -0.094777038 1.6397126e-09)
(0.97527376 -0.068787521 1.2225551e-09)
(0.96339 -0.041616365 8.0365697e-10)
(0.95500772 -0.01413075 4.4703445e-10)
(0.95013288 0.012870564 1.9857435e-10)
(0.94865029 0.038685539 8.1899795e-11)
(0.9503259 0.062783282 9.7915425e-11)
(0.95491898 0.084791853 2.2762864e-10)
(0.96219581 0.10446237 4.3802496e-10)
(0.97196404 0.12161711 6.8948856e-10)
(0.98408675 0.13608735 9.4320603e-10)
(0.99846248 0.14766465 1.1672432e-09)
(1.0149946 0.15608284 1.340327e-09)
(1.0335523 0.16103416 1.4531614e-09)
(1.0539497 0.16220403 1.5074515e-09)
(1.0759279 0.159317 1.5133622e-09)
(1.0991506 0.1521795 1.4858563e-09)
(1.1231972 0.14072675 1.4404958e-09)
(1.1475592 0.12505508 1.3889998e-09)
(1.1716372 0.10546465 1.3355644e-09)
(1.1947126 0.082476378 1.2756374e-09)
(1.2159448 0.056872813 1.1991351e-09)
(1.2343546 0.029674352 1.0987594e-09)
(1.2488891 0.0021137951 9.7970262e-10)
(1.2585529 -0.024539714 8.6524439e-10)
(1.2626797 -0.049054541 7.9138236e-10)
(1.260966 -0.070528553 7.9311089e-10)
(1.2536708 -0.088396622 8.8699768e-10)
(1.2414538 -0.10255791 1.0633007e-09)
(1.2252978 -0.1131131 1.2874245e-09)
(1.2062592 -0.12045811 1.5136185e-09)
(1.1852961 -0.12485182 1.6976275e-09)
(1.1633254 -0.12671238 1.8082678e-09)
(1.1408378 -0.12611641 1.8302994e-09)
(1.118646 -0.12332892 1.7630712e-09)
(1.096625 -0.11825676 1.6163432e-09)
(1.0759578 -0.11102848 1.4064306e-09)
(1.0555655 -0.10159615 1.1476823e-09)
(1.037837 -0.089859139 8.6626795e-10)
(1.0198338 -0.076413829 5.6016454e-10)
(1.0063718 -0.059920319 2.7803498e-10)
(0.99143441 -0.043988219 -1.9496717e-11)
(0.98285457 -0.021539208 -2.5210835e-10)
(0.97249944 -0.006923139 -4.7692831e-10)
(0.96616811 0.027263306 -6.7475685e-10)
(1.0679026 0.0096528381 -9.4027963e-12)
(1.0692989 0.028899072 5.5444273e-13)
(1.0722316 0.048720037 3.1557177e-11)
(1.076491 0.068984717 -9.5430099e-11)
(1.0825484 0.090644359 2.3672324e-10)
(1.0904623 0.11304317 -4.3566698e-10)
(1.1009626 0.13757907 6.8043389e-10)
(1.114207 0.16266692 -8.17291e-10)
(1.130939 0.1902815 7.8879876e-10)
(1.1517283 0.21768065 -5.859606e-10)
(1.176822 0.24710375 4.5799751e-10)
(1.2076532 0.27505343 -3.5883203e-10)
(1.2434056 0.30289997 -5.6463998e-12)
(1.2858664 0.3273425 6.1934877e-10)
(1.3332154 0.34797025 -4.1289773e-10)
(1.3861449 0.36262986 -4.1376073e-10)
(1.4428936 0.36954155 2.6304199e-10)
(1.5010787 0.36736816 2.673175e-10)
(1.5591607 0.35555561 3.7778381e-10)
(1.6126474 0.33439279 1.2693507e-10)
(1.6599757 0.30652397 -6.8704597e-10)
(1.6992354 0.27508891 -1.0421874e-09)
(1.7310225 0.24287584 -9.2191121e-10)
(1.7572489 0.21160643 -1.5504597e-10)
(1.7785448 0.18157704 7.4837175e-10)
(1.7968753 0.15305795 1.5075564e-09)
(1.8126331 0.125941 2.183608e-09)
(1.8259532 0.10014764 3.0836624e-09)
(1.8370822 0.075460653 4.4166102e-09)
(1.8466654 0.051801892 6.0085074e-09)
(1.8554764 0.028581187 7.4508923e-09)
(1.8635551 0.0047274126 8.245746e-09)
(1.8719229 -0.019879779 8.3586086e-09)
(1.8802628 -0.046490329 7.9521494e-09)
(1.8874515 -0.076389896 7.2543908e-09)
(1.892459 -0.1098552 6.4646144e-09)
(1.8941259 -0.14667208 5.6828135e-09)
(1.8911588 -0.18639243 4.9143124e-09)
(1.8821441 -0.22803843 4.1316233e-09)
(1.8655355 -0.2703707 3.3145131e-09)
(1.8406425 -0.31158989 2.4696102e-09)
(1.8080059 -0.34905558 1.6482103e-09)
(1.7681303 -0.38061876 9.4943478e-10)
(1.7213754 -0.40527381 4.7986496e-10)
(1.6689307 -0.42222566 2.7898038e-10)
(1.6125544 -0.43038671 2.7999935e-10)
(1.5537802 -0.42896558 3.5893452e-10)
(1.4937783 -0.41787083 4.1593533e-10)
(1.4335513 -0.39761942 4.0813717e-10)
(1.3740686 -0.36916426 3.4628591e-10)
(1.3162985 -0.3338187 2.7023417e-10)
(1.261147 -0.29314649 1.9957121e-10)
(1.2094483 -0.24870144 1.1761729e-10)
(1.1620136 -0.20183669 4.8580133e-11)
(1.1194777 -0.1538977 9.7786e-11)
(1.0821275 -0.10580173 2.0432007e-10)
(1.0506649 -0.05728943 -1.0865364e-10)
(1.0260753 -0.00775567 -1.2927573e-09)
(1.0086117 0.041076534 -3.2225817e-09)
(0.99601881 0.084272656 -4.9805038e-09)
(0.98413673 0.11668681 -5.4118883e-09)
(0.97051188 0.13656259 -3.8354371e-09)
(0.9533342 0.14670781 -3.0186367e-11)
(0.93374538 0.15280531 5.3265e-09)
(0.91727938 0.15901186 1.104526e-08)
(0.90906417 0.16755944 1.5860821e-08)
(0.91155871 0.17723232 1.894178e-08)
(0.92743255 0.18767282 2.0904987e-08)
(0.95885096 0.19647513 2.1926077e-08)
(1.0007169 0.19917745 2.1832361e-08)
(1.0517001 0.19419835 2.0870666e-08)
(1.1095916 0.18049255 1.9263276e-08)
(1.1724562 0.15759746 1.722015e-08)
(1.2385059 0.12549044 1.4939385e-08)
(1.3055464 0.084621722 1.2598725e-08)
(1.3703778 0.036236673 1.0334045e-08)
(1.4285593 -0.017399321 8.2155287e-09)
(1.4746558 -0.072494071 6.268088e-09)
(1.5030442 -0.12386735 4.526674e-09)
(1.5095179 -0.16642759 3.0442986e-09)
(1.4931648 -0.19668366 1.8725723e-09)
(1.4568391 -0.21325068 1.0391381e-09)
(1.4057649 -0.21685634 5.4422266e-10)
(1.3457179 -0.20964569 3.0470281e-10)
(1.2818348 -0.19415275 8.9288923e-11)
(1.218243 -0.17272074 -3.5793517e-10)
(1.158155 -0.14789831 -9.9986127e-10)
(1.1041432 -0.12326876 -1.3452613e-09)
(1.0581689 -0.10332588 -7.2118351e-10)
(1.0210169 -0.092085408 1.2208001e-09)
(0.99173407 -0.091460511 4.2207099e-09)
(0.96783447 -0.10052802 7.556985e-09)
(0.94621238 -0.11606053 1.0416341e-08)
(0.92417577 -0.13383991 1.2156264e-08)
(0.9000973 -0.14986198 1.2359499e-08)
(0.87356254 -0.16099096 1.0806205e-08)
(0.8451386 -0.16502578 7.5065287e-09)
(0.81603239 -0.16058266 2.7761744e-09)
(0.78775968 -0.14688079 -2.7415641e-09)
(0.76192466 -0.12372447 -8.2061799e-09)
(0.7400974 -0.091421501 -1.2813543e-08)
(0.72374157 -0.050811923 -1.6031476e-08)
(0.71435184 -0.0033154584 -1.7713907e-08)
(0.71287407 0.04913275 -1.8064314e-08)
(0.72010783 0.10383227 -1.7495497e-08)
(0.73694993 0.15768888 -1.64706e-08)
(0.76348888 0.2072783 -1.5380276e-08)
(0.79922057 0.24921292 -1.4481126e-08)
(0.84308709 0.28054483 -1.3888906e-08)
(0.89357456 0.29907308 -1.3598408e-08)
(0.94883222 0.30353634 -1.3504232e-08)
(1.006734 0.29370081 -1.3411157e-08)
(1.0649371 0.27041609 -1.3047897e-08)
(1.1210872 0.23554208 -1.2121603e-08)
(1.173065 0.19169479 -1.0430944e-08)
(1.2190189 0.14191716 -8.0000601e-09)
(1.2572642 0.089453521 -5.1418457e-09)
(1.2860931 0.037703751 -2.3689497e-09)
(1.3038528 -0.010052038 -1.6892904e-10)
(1.309621 -0.051145321 1.2263087e-09)
(1.3037765 -0.084080948 1.9273711e-09)
(1.2880927 -0.10884983 2.2769992e-09)
(1.2653073 -0.12665208 2.6226758e-09)
(1.238312 -0.13927673 3.1171099e-09)
(1.2094502 -0.14850039 3.6493053e-09)
(1.1802054 -0.15573743 3.9217313e-09)
(1.1512585 -0.16195345 3.6178803e-09)
(1.1227349 -0.16772312 2.5722387e-09)
(1.0944741 -0.17330582 8.6357526e-10)
(1.066228 -0.17867164 -1.2043392e-09)
(1.037789 -0.1834798 -3.2133199e-09)
(1.0090659 -0.18704706 -4.7715162e-09)
(0.98015312 -0.18835965 -5.6214337e-09)
(0.9513788 -0.18616219 -5.6829941e-09)
(0.92333554 -0.17913671 -5.036189e-09)
(0.89684518 -0.16612961 -3.8686879e-09)
(0.87289315 -0.14641257 -2.4129029e-09)
(0.85249366 -0.11989148 -8.8846062e-10)
(0.83655725 -0.087209171 5.4006023e-10)
(0.82569586 -0.049692837 1.7837e-09)
(0.8201528 -0.0091030828 2.8247581e-09)
(0.82011032 0.03259466 3.6913134e-09)
(0.82533197 0.073262565 4.4250374e-09)
(0.83523395 0.11120239 5.054351e-09)
(0.84932072 0.14508073 5.5838433e-09)
(0.86708799 0.17390993 5.9996283e-09)
(0.88805962 0.19700831 6.2822517e-09)
(0.91179254 0.21392471 6.417535e-09)
(0.93789234 0.22437903 6.4002759e-09)
(0.96601515 0.22818998 6.2311912e-09)
(0.99585281 0.22524639 5.9107526e-09)
(1.027112 0.21549887 5.4353668e-09)
(1.0594408 0.19899386 4.7998483e-09)
(1.0923884 0.17596687 4.0110879e-09)
(1.1252591 0.14692442 3.1085158e-09)
(1.1569717 0.11282398 2.1783795e-09)
(1.1859995 0.07516214 1.339976e-09)
(1.2103735 0.035989678 6.9629019e-10)
(1.2280674 -0.0023696771 2.7663346e-10)
(1.2375905 -0.03775109 1.7537133e-11)
(1.2384062 -0.068569682 -1.9241008e-10)
(1.2310226 -0.094134543 -4.3384014e-10)
(1.2167934 -0.11455687 -7.0279869e-10)
(1.1974404 -0.13044737 -9.1754512e-10)
(1.174605 -0.14256225 -9.7226122e-10)
(1.1495831 -0.1515342 -7.9607431e-10)
(1.1232697 -0.15774044 -3.8447895e-10)
(1.0962397 -0.16128637 2.041462e-10)
(1.0688908 -0.16206593 8.7420703e-10)
(1.0415675 -0.15985318 1.523492e-09)
(1.0146502 -0.15440275 2.0665798e-09)
(0.98858353 -0.14554047 2.4476053e-09)
(0.96388564 -0.13323909 2.6435582e-09)
(0.94109404 -0.11765553 2.6614108e-09)
(0.92073145 -0.09914327 2.53185e-09)
(0.903254 -0.078238342 2.3008353e-09)
(0.88902086 -0.055598837 2.0208445e-09)
(0.8782596 -0.031953953 1.7424317e-09)
(0.87106252 -0.0080305993 1.5069683e-09)
(0.86742772 0.015488436 1.3418638e-09)
(0.86721676 0.037988998 1.2589137e-09)
(0.87023232 0.058993772 1.2551311e-09)
(0.87625837 0.078141504 1.3156551e-09)
(0.88507987 0.095159064 1.4183423e-09)
(0.89650968 0.10982641 1.5387851e-09)
(0.91039706 0.12193603 1.654758e-09)
(0.9266082 0.131264 1.7493762e-09)
(0.94500627 0.13755969 1.8125996e-09)
(0.96541411 0.14055957 1.8411166e-09)
(0.98759531 0.14001401 1.836843e-09)
(1.0112262 0.1357283 1.8045235e-09)
(1.0358831 0.1275995 1.748984e-09)
(1.061017 0.11566951 1.6727889e-09)
(1.0859459 0.10015709 1.5753151e-09)
(1.1098403 0.081511242 1.4541449e-09)
(1.1317446 0.060408724 1.3092694e-09)
(1.1506213 0.037758728 1.1486186e-09)
(1.1654495 0.014615252 9.9196636e-10)
(1.1753598 -0.007944594 8.6916542e-10)
(1.1798174 -0.028940107 8.1177459e-10)
(1.1787725 -0.047633858 8.4059145e-10)
(1.1725519 -0.063618455 9.5641088e-10)
(1.1618748 -0.076748742 1.1379005e-09)
(1.1476078 -0.087136233 1.3492773e-09)
(1.130693 -0.094945633 1.5505705e-09)
(1.1119523 -0.10045542 1.709206e-09)
(1.0920781 -0.10378772 1.8040623e-09)
(1.0716595 -0.10517562 1.8279699e-09)
(1.0510319 -0.1045696 1.7832328e-09)
(1.0307394 -0.10214478 1.6793346e-09)
(1.0107293 -0.097725106 1.52839e-09)
(0.99188177 -0.091466494 1.3433967e-09)
(0.97346491 -0.08320177 1.1360686e-09)
(0.95734924 -0.073035718 9.1993013e-10)
(0.94127068 -0.061105209 6.9886889e-10)
(0.92930869 -0.046957158 4.9614626e-10)
(0.91608954 -0.032433667 2.9372682e-10)
(0.90938301 -0.013315356 1.4012867e-10)
(0.90012773 0.00016105067 -9.3244258e-12)
(0.8970641 0.030382603 -1.2043699e-10)
(0.98580539 0.0089264102 -6.7510556e-12)
(0.98755849 0.026717985 1.5204546e-12)
(0.99114679 0.044900603 1.2334185e-11)
(0.99640003 0.063452032 -3.3718558e-11)
(1.0036856 0.082989712 8.6763362e-11)
(1.0131146 0.10317678 -1.4958254e-10)
(1.0251979 0.12477356 2.3811315e-10)
(1.0401603 0.14694287 -2.5242069e-10)
(1.0584419 0.17051414 2.0332657e-10)
(1.0805475 0.19414297 -4.8560159e-11)
(1.106616 0.21841634 1.2002806e-12)
(1.1374107 0.24171578 -2.8920076e-11)
(1.1726596 0.26391562 2.0173533e-11)
(1.2128636 0.28344538 1.7650967e-10)
(1.2573995 0.29934436 -8.9417489e-11)
(1.3056901 0.31031977 -2.5573214e-10)
(1.3569016 0.31519201 9.824214e-11)
(1.4090737 0.31303126 2.4497079e-10)
(1.4607784 0.30364548 1.3154963e-10)
(1.509605 0.2873916 -6.7548346e-11)
(1.553857 0.26571426 -2.9189648e-10)
(1.5923848 0.24060304 -2.917467e-10)
(1.6249311 0.21385972 -1.1901234e-10)
(1.6522961 0.18692366 8.9172012e-11)
(1.675364 0.16053682 1.5523634e-10)
(1.6950925 0.13493991 6.1343197e-11)
(1.7120784 0.1102141 -2.8316287e-11)
(1.7267443 0.086310838 1.0946737e-10)
(1.7394266 0.063182045 5.5151531e-10)
(1.7504914 0.040666008 1.1690344e-09)
(1.7603437 0.018282929 1.7439614e-09)
(1.7692462 -0.0043190808 2.0959241e-09)
(1.7770994 -0.027980028 2.1939696e-09)
(1.7834267 -0.053560953 2.1122881e-09)
(1.7877207 -0.081394361 1.9444246e-09)
(1.7893087 -0.11153571 1.7488433e-09)
(1.7872973 -0.14384906 1.5395764e-09)
(1.7806861 -0.17793732 1.3090083e-09)
(1.7684838 -0.21314271 1.0556913e-09)
(1.7500463 -0.24827004 7.9524808e-10)
(1.7251386 -0.28162607 5.5446279e-10)
(1.6935987 -0.31184495 3.6046698e-10)
(1.6554976 -0.33787375 2.2834267e-10)
(1.6115584 -0.3582617 1.50098e-10)
(1.5629231 -0.3714305 9.8833194e-11)
(1.5106787 -0.37632786 4.9577134e-11)
(1.4558169 -0.37255169 -2.637152e-12)
(1.3993953 -0.360206 -4.604311e-11)
(1.3425272 -0.33983402 -6.9511088e-11)
(1.2863357 -0.31237416 -6.9243184e-11)
(1.231923 -0.27909535 -4.8536967e-11)
(1.1803377 -0.24145794 -2.1724182e-11)
(1.1325031 -0.20093302 -1.028501e-11)
(1.0892598 -0.15876553 -1.0330747e-11)
(1.0512756 -0.11602216 2.8071592e-11)
(1.018881 -0.073577623 8.0050318e-11)
(0.99256281 -0.03151794 -1.0378904e-10)
(0.97321828 0.010646841 -8.1928422e-10)
(0.96174358 0.052595779 -2.1308854e-09)
(0.95735154 0.091513991 -3.619435e-09)
(0.9568876 0.12259384 -4.4685792e-09)
(0.95591257 0.14310532 -4.0990107e-09)
(0.95463234 0.15446251 -2.6406752e-09)
(0.95478612 0.15951941 -2.4221477e-10)
(0.95654463 0.16267387 2.9267158e-09)
(0.96208067 0.16514647 5.9951309e-09)
(0.97439954 0.16666095 8.4217206e-09)
(0.99525837 0.16641957 1.0199719e-08)
(1.0250386 0.16333097 1.1241792e-08)
(1.0633236 0.15611314 1.1549266e-08)
(1.108745 0.14319429 1.1231623e-08)
(1.1592278 0.12362714 1.0437412e-08)
(1.2124035 0.097158426 9.3205727e-09)
(1.2655093 0.064263894 8.0214548e-09)
(1.3153056 0.026273551 6.6534845e-09)
(1.3577669 -0.014821797 5.2893144e-09)
(1.3886564 -0.055959925 3.9918708e-09)
(1.4043034 -0.093679339 2.827962e-09)
(1.4025075 -0.12481614 1.8527968e-09)
(1.3834226 -0.1472295 1.1057879e-09)
(1.3495525 -0.16017964 5.9951037e-10)
(1.3048833 -0.164137 2.9594033e-10)
(1.2536518 -0.16024465 1.1131159e-10)
(1.1995569 -0.14996438 -7.3820849e-11)
(1.1456434 -0.13492166 -3.8241599e-10)
(1.0945479 -0.11678832 -8.3493039e-10)
(1.0484566 -0.097619681 -1.2077973e-09)
(1.0089535 -0.080428727 -1.0548141e-09)
(0.97691788 -0.068699061 1.0873749e-11)
(0.95204974 -0.064953599 2.0192903e-09)
(0.93257704 -0.06966389 4.6079562e-09)
(0.91574676 -0.081153275 7.2369572e-09)
(0.89874464 -0.09637396 9.4277178e-09)
(0.8794699 -0.1119778 1.0851574e-08)
(0.85689608 -0.12509229 1.128618e-08)
(0.83105989 -0.13359656 1.0561052e-08)
(0.80280204 -0.13603123 8.5817328e-09)
(0.77350575 -0.13144532 5.4116834e-09)
(0.74481511 -0.11925635 1.342358e-09)
(0.71849208 -0.099295542 -3.1343812e-09)
(0.69624261 -0.071775448 -7.4417539e-09)
(0.67968851 -0.037439658 -1.1083112e-08)
(0.67023777 0.0025338393 -1.3763106e-08)
(0.66893052 0.046116979 -1.5426244e-08)
(0.67666297 0.091267609 -1.6208271e-08)
(0.69405693 0.13528432 -1.6345361e-08)
(0.72111106 0.17527533 -1.6079791e-08)
(0.7572512 0.20843691 -1.5591667e-08)
(0.80135892 0.23235599 -1.4968144e-08)
(0.85182693 0.24526037 -1.4200126e-08)
(0.90666027 0.24621121 -1.3202267e-08)
(0.96357684 0.23518594 -1.1852211e-08)
(1.0201165 0.21308739 -1.0051685e-08)
(1.0737601 0.18168451 -7.8028502e-09)
(1.1220977 0.14346344 -5.2677049e-09)
(1.1628261 0.10139072 -2.7568259e-09)
(1.1938898 0.05869212 -6.2914818e-10)
(1.2138151 0.018386418 8.6270568e-10)
(1.2219978 -0.017164543 1.6911464e-09)
(1.2191705 -0.046655022 2.0513695e-09)
(1.2072855 -0.069992979 2.2423421e-09)
(1.1888692 -0.087962459 2.5065786e-09)
(1.1663909 -0.10173603 2.9181058e-09)
(1.1417754 -0.11247252 3.3638724e-09)
(1.1162345 -0.12111368 3.6104012e-09)
(1.0903618 -0.12835386 3.4164286e-09)
(1.0643356 -0.13468783 2.6426863e-09)
(1.0381095 -0.1404535 1.3162438e-09)
(1.0115419 -0.1458316 -3.7242188e-10)
(0.98446917 -0.15080533 -2.1318937e-09)
(0.95676153 -0.15510771 -3.65942e-09)
(0.92837824 -0.15818873 -4.7191243e-09)
(0.89944139 -0.15923052 -5.1839466e-09)
(0.8702945 -0.15722268 -5.0389114e-09)
(0.84155197 -0.15110545 -4.3587578e-09)
(0.81407924 -0.1399435 -3.2757769e-09)
(0.78891666 -0.12313218 -1.9476484e-09)
(0.7671445 -0.10056326 -5.2914148e-10)
(0.74977805 -0.072714842 8.5095915e-10)
(0.73766171 -0.040633223 2.1042196e-09)
(0.73129806 -0.0057518881 3.1854651e-09)
(0.73076212 0.030360394 4.0837446e-09)
(0.7358673 0.06573458 4.8065369e-09)
(0.74630164 0.09884722 5.364962e-09)
(0.761562 0.12843383 5.7651784e-09)
(0.78109726 0.15350776 6.006861e-09)
(0.80437131 0.17334907 6.0861128e-09)
(0.8308878 0.18745206 5.9990282e-09)
(0.86019536 0.19547302 5.7437304e-09)
(0.89187289 0.19718713 5.3218376e-09)
(0.92548393 0.19247503 4.7410245e-09)
(0.9605003 0.1813515 4.02101e-09)
(0.99620906 0.16403569 3.2019606e-09)
(1.0316123 0.14105533 2.3509587e-09)
(1.0653485 0.11335342 1.5565695e-09)
(1.0957179 0.082331248 9.049869e-10)
(1.1208605 0.04978599 4.4308839e-10)
(1.1391157 0.017632683 1.5127022e-10)
(1.1493695 -0.012413264 -4.746341e-11)
(1.1513999 -0.039127813 -2.4023005e-10)
(1.1459093 -0.061969907 -4.6890537e-10)
(1.1341633 -0.080961836 -7.0563278e-10)
(1.1176536 -0.096470026 -8.7260675e-10)
(1.097759 -0.10896937 -8.8727433e-10)
(1.0755615 -0.11886978 -7.0238025e-10)
(1.0518183 -0.12643188 -3.22118e-10)
(1.0270336 -0.13174933 2.0554252e-10)
(1.0015671 -0.13477345 8.0907184e-10)
(0.97573539 -0.13535697 1.414119e-09)
(0.94988015 -0.13331014 1.9580425e-09)
(0.92441279 -0.12845922 2.3969933e-09)
(0.89980773 -0.12069775 2.7075498e-09)
(0.87658889 -0.11003656 2.8851565e-09)
(0.85530906 -0.096637854 2.9410387e-09)
(0.83646105 -0.08080237 2.898282e-09)
(0.82050042 -0.062981911 2.7870887e-09)
(0.80776419 -0.043717295 2.6400145e-09)
(0.79847527 -0.023612983 2.4871389e-09)
(0.79273251 -0.0032731519 2.3522676e-09)
(0.79050995 0.016751967 2.2503699e-09)
(0.79170803 0.03589304 2.1872285e-09)
(0.79616801 0.05373051 2.1602917e-09)
(0.80370225 0.069916241 2.160779e-09)
(0.81411305 0.084165454 2.1764985e-09)
(0.82720992 0.096234924 2.1946e-09)
(0.84281442 0.10590002 2.2037641e-09)
(0.86073984 0.11293858 2.1954725e-09)
(0.88077387 0.11713033 2.1643337e-09)
(0.90264413 0.11826951 2.1076212e-09)
(0.92599453 0.11619337 2.0243416e-09)
(0.95035561 0.110818 1.9143683e-09)
(0.97512972 0.1021771 1.7781014e-09)
(0.99957742 0.090462596 1.6172257e-09)
(1.0228336 0.076053183 1.4365998e-09)
(1.0439429 0.059520831 1.2467851e-09)
(1.061936 0.041601169 1.0656581e-09)
(1.0759554 0.023119653 9.1722634e-10)
(1.0853457 0.0049062827 8.2653306e-10)
(1.0897838 -0.012323262 8.1180818e-10)
(1.089332 -0.028008546 8.7731524e-10)
(1.0844025 -0.041825408 1.0105242e-09)
(1.0756114 -0.053647755 1.185508e-09)
(1.0637182 -0.063470795 1.3703732e-09)
(1.0494442 -0.071387207 1.5359232e-09)
(1.0334718 -0.077480808 1.6609333e-09)
(1.016334 -0.081875729 1.7349111e-09)
(0.99848828 -0.084593204 1.7558681e-09)
(0.98030198 -0.085735964 1.7289209e-09)
(0.96203241 -0.085216458 1.6616295e-09)
(0.94406073 -0.083149285 1.5635832e-09)
(0.92641587 -0.079349327 1.4431793e-09)
(0.90976004 -0.073984602 1.3086149e-09)
(0.89364683 -0.066840151 1.1666627e-09)
(0.87950439 -0.058122384 1.0238634e-09)
(0.8656921 -0.047740364 8.8433596e-10)
(0.85548389 -0.035728461 7.572136e-10)
(0.84440713 -0.022785043 6.3745968e-10)
(0.83961565 -0.0069153968 5.4721466e-10)
(0.83179684 0.0055288385 4.6190603e-10)
(0.83211504 0.031331475 4.0825875e-10)
(0.89656313 0.0080469088 -3.975572e-12)
(0.89860194 0.024073294 1.7655547e-12)
(0.90269639 0.04033624 3.8351785e-12)
(0.90872343 0.056892625 -9.1115452e-12)
(0.91694716 0.074118338 2.608111e-11)
(0.92752247 0.091893482 -3.8086022e-11)
(0.94078916 0.11057342 6.6895532e-11)
(0.95696817 0.12975539 -5.8160218e-11)
(0.97633773 0.14966999 4.2043306e-11)
(0.99923843 0.16964735 2.8883036e-11)
(1.0258038 0.18962032 -3.0368572e-11)
(1.0563606 0.20873574 3.2201187e-12)
(1.0908374 0.2264877 4.1113161e-11)
(1.1292138 0.24193101 3.4658969e-11)
(1.1711415 0.25420746 -2.7433347e-11)
(1.2159187 0.26242339 -8.5401121e-11)
(1.2627998 0.26580456 3.4054951e-11)
(1.3104529 0.263769 1.1757174e-10)
(1.3575932 0.25621199 5.045011e-11)
(1.4026913 0.24343218 -6.8382079e-11)
(1.4444019 0.22628241 -1.3892617e-10)
(1.4817952 0.20601918 -8.7901446e-11)
(1.514505 0.18392046 3.1905667e-11)
(1.5427643 0.16109599 1.084006e-10)
(1.5671113 0.13825761 7.0209981e-11)
(1.5881432 0.11573305 -5.1042889e-11)
(1.6063291 0.09364733 -1.5249227e-10)
(1.6220457 0.072035123 -1.4426655e-10)
(1.6355832 0.050864385 -2.0165445e-11)
(1.6471911 0.029961281 1.5275912e-10)
(1.6571283 0.0090740127 2.968722e-10)
(1.6654333 -0.012218718 3.7278495e-10)
(1.6719594 -0.034495891 3.8878005e-10)
(1.6764827 -0.058076907 3.7451568e-10)
(1.6786119 -0.083120163 3.5234226e-10)
(1.6777384 -0.10972065 3.2681403e-10)
(1.6731316 -0.13778668 2.9199245e-10)
(1.6640879 -0.16696614 2.4423331e-10)
(1.6500375 -0.19655432 1.8815404e-10)
(1.6304898 -0.22557946 1.3334798e-10)
(1.6050474 -0.25303163 8.8015336e-11)
(1.5736456 -0.27778572 5.5283527e-11)
(1.5366185 -0.29844892 3.3313931e-11)
(1.4944845 -0.31363154 1.8623362e-11)
(1.4478498 -0.32231126 9.6257589e-12)
(1.397503 -0.323855 6.6611576e-12)
(1.3444619 -0.317949 9.424469e-12)
(1.2899222 -0.30466365 1.4635577e-11)
(1.235165 -0.284516 1.7439562e-11)
(1.1814911 -0.25843372 1.6828384e-11)
(1.1301396 -0.22764755 1.5194838e-11)
(1.0822337 -0.19350986 1.2405316e-11)
(1.0386804 -0.15734935 5.7511433e-12)
(1.0002101 -0.12028941 -6.6535524e-13)
(0.96739013 -0.08317911 7.4712661e-12)
(0.94051606 -0.046685779 7.3498315e-12)
(0.91985581 -0.011058816 -1.2623127e-10)
(0.90593494 0.023919808 -5.6088479e-10)
(0.89947429 0.057972386 -1.3697208e-09)
(0.90076616 0.089826386 -2.3740093e-09)
(0.90873361 0.11740335 -3.181886e-09)
(0.92045803 0.13794241 -3.4347913e-09)
(0.93218169 0.14977569 -2.8678104e-09)
(0.9433083 0.15430704 -1.5424494e-09)
(0.955684 0.1534821 -6.9494767e-11)
(0.97176287 0.15000831 1.3495452e-09)
(0.99244787 0.14487332 2.7060995e-09)
(1.0180494 0.13773405 3.8285439e-09)
(1.0485619 0.12815924 4.6031702e-09)
(1.08354 0.1152215 4.9912922e-09)
(1.1218076 0.098111515 5.0238337e-09)
(1.161522 0.076586294 4.7658371e-09)
(1.2002272 0.050963743 4.286236e-09)
(1.2348495 0.022196342 3.6497118e-09)
(1.261993 -0.008094606 2.9240309e-09)
(1.2789914 -0.037849406 2.1933756e-09)
(1.2839082 -0.064755997 1.5294605e-09)
(1.2758953 -0.086978753 9.8044772e-10)
(1.2557445 -0.10336088 5.6346024e-10)
(1.2255507 -0.1135583 2.8411257e-10)
(1.1881198 -0.11785607 1.1646201e-10)
(1.1463412 -0.11674851 -1.9872725e-11)
(1.1026973 -0.11080714 -2.0672056e-10)
(1.0592386 -0.10092934 -4.7556351e-10)
(1.0178187 -0.088472669 -7.8553916e-10)
(0.98029679 -0.07489732 -1.0308394e-09)
(0.94818882 -0.061809756 -1.024851e-09)
(0.92219037 -0.051514401 -5.0579364e-10)
(0.90224127 -0.046442434 6.8285748e-10)
(0.8873057 -0.047872191 2.4358391e-09)
(0.87528763 -0.055334596 4.4416198e-09)
(0.86363934 -0.066922574 6.3614616e-09)
(0.85015274 -0.080089709 7.9553848e-09)
(0.83343149 -0.092408822 9.0865111e-09)
(0.81302232 -0.10199595 9.6575665e-09)
(0.78929015 -0.10754421 9.5627879e-09)
(0.76319136 -0.10817592 8.6997046e-09)
(0.73607415 -0.1032871 7.0251892e-09)
(0.70950327 -0.092474615 4.6171733e-09)
(0.68515917 -0.07561346 1.6918956e-09)
(0.66470647 -0.052899278 -1.4314209e-09)
(0.64976141 -0.024879453 -4.4102402e-09)
(0.64165895 0.0073399712 -6.9617277e-09)
(0.64146541 0.042235689 -8.9137255e-09)
(0.65007255 0.078002376 -1.021308e-08)
(0.66790874 0.11242244 -1.0894924e-08)
(0.69486332 0.14315084 -1.1036847e-08)
(0.73026434 0.1679501 -1.0717105e-08)
(0.77289488 0.18493557 -9.9922062e-09)
(0.82103349 0.19278666 -8.8949359e-09)
(0.8725431 0.19091246 -7.4549196e-09)
(0.92496884 0.17953756 -5.7306582e-09)
(0.97567622 0.15970275 -3.8403837e-09)
(1.0219734 0.13321659 -1.9699013e-09)
(1.0613701 0.10246823 -3.4006928e-10)
(1.0918081 0.070069184 8.6859086e-10)
(1.1119959 0.038525851 1.5929901e-09)
(1.1217235 0.0096761061 1.9183522e-09)
(1.1218595 -0.015404084 2.0360733e-09)
(1.1141321 -0.036428522 2.1490969e-09)
(1.1006083 -0.053732456 2.3807761e-09)
(1.0832015 -0.067896098 2.7297685e-09)
(1.0633773 -0.079518556 3.0815235e-09)
(1.0420921 -0.089121746 3.2613416e-09)
(1.0198862 -0.097141921 3.1042959e-09)
(0.99702381 -0.1039532 2.5174108e-09)
(0.97360631 -0.10987844 1.5144401e-09)
(0.94963826 -0.11517055 2.1353636e-10)
(0.92506222 -0.11996969 -1.198097e-09)
(0.89978584 -0.12425333 -2.5162011e-09)
(0.87372467 -0.12779633 -3.5674106e-09)
(0.84686151 -0.1301567 -4.2382988e-09)
(0.81932143 -0.13069595 -4.4820109e-09)
(0.79143438 -0.12863946 -4.3090011e-09)
(0.76377867 -0.12318089 -3.7713138e-09)
(0.73716516 -0.11361657 -2.9474757e-09)
(0.71259898 -0.099482625 -1.9302572e-09)
(0.69117907 -0.080676942 -8.1582582e-10)
(0.67395583 -0.057540015 3.0674498e-10)
(0.66180527 -0.030859071 1.3638835e-09)
(0.6554095 -0.0018026149 2.3023577e-09)
(0.65493472 0.028222682 3.0894712e-09)
(0.66029356 0.057771313 3.707896e-09)
(0.67137811 0.08548088 4.1501646e-09)
(0.68775681 0.11017361 4.4140734e-09)
(0.70890227 0.13089863 4.5005058e-09)
(0.73424729 0.14692615 4.4133942e-09)
(0.76320513 0.15772948 4.1614612e-09)
(0.79516572 0.16295638 3.7604557e-09)
(0.8294521 0.16242198 3.2361936e-09)
(0.86526945 0.1561265 2.6274891e-09)
(0.90163307 0.14429883 1.9869753e-09)
(0.93729966 0.12746226 1.3772069e-09)
(0.970796 0.10648574 8.5836833e-10)
(1.0004787 0.082569444 4.6885197e-10)
(1.0247606 0.057151645 2.076029e-10)
(1.0424075 0.031696541 3.1834752e-11)
(1.0527292 0.0074455054 -1.2155517e-10)
(1.0557784 -0.014724921 -2.9968602e-10)
(1.0522665 -0.03435395 -5.0538556e-10)
(1.0432813 -0.051371068 -6.9538183e-10)
(1.0300162 -0.065915552 -8.0423052e-10)
(1.0135561 -0.078201404 -7.7645819e-10)
(0.99476079 -0.088424419 -5.8854369e-10)
(0.97425589 -0.096713876 -2.5314242e-10)
(0.95248467 -0.10311949 1.9060344e-10)
(0.92978109 -0.10761602 6.9194493e-10)
(0.90643822 -0.11011853 1.2013482e-09)
(0.8827629 -0.11050393 1.6781711e-09)
(0.85910664 -0.10863877 2.0934964e-09)
(0.83588144 -0.10441439 2.4300052e-09)
(0.8135533 -0.097781633 2.6805711e-09)
(0.79261857 -0.088773918 2.8466189e-09)
(0.77358637 -0.077537855 2.9364025e-09)
(0.75693181 -0.06433941 2.9632208e-09)
(0.74305186 -0.049525245 2.943264e-09)
(0.73228433 -0.033555546 2.8933348e-09)
(0.72483637 -0.016898652 2.8286621e-09)
(0.72084108 -6.927045e-05 2.7610131e-09)
(0.72025829 0.016460338 2.6976894e-09)
(0.7229809 0.032233856 2.6413727e-09)
(0.72893178 0.046872005 2.5907113e-09)
(0.73792786 0.060046918 2.5414511e-09)
(0.74976523 0.071481378 2.4878174e-09)
(0.76422229 0.080935739 2.4237737e-09)
(0.7810581 0.088198647 2.3439982e-09)
(0.79999393 0.093079516 2.2444474e-09)
(0.82069461 0.09541838 2.1226394e-09)
(0.84274553 0.09509524 1.9778065e-09)
(0.86562974 0.092062462 1.8111259e-09)
(0.88872488 0.086363971 1.6262802e-09)
(0.91129518 0.078171741 1.4302128e-09)
(0.9325354 0.067786471 1.2339967e-09)
(0.95160121 0.055652471 1.0528992e-09)
(0.96771045 0.042304237 9.051386e-10)
(0.98020572 0.028340001 8.0855233e-10)
(0.98867213 0.014332497 7.7597199e-10)
(0.99296349 0.0007655734 8.1074361e-10)
(0.99319795 -0.01194478 9.0468295e-10)
(0.98973661 -0.023545763 1.0395906e-09)
(0.98308455 -0.03388678 1.1918933e-09)
(0.97379448 -0.042898549 1.3384585e-09)
(0.96242525 -0.050555277 1.4612347e-09)
(0.94945748 -0.056866322 1.5496085e-09)
(0.93533006 -0.061832614 1.6000449e-09)
(0.92037857 -0.065477643 1.6146276e-09)
(0.90492195 -0.067777527 1.5983399e-09)
(0.88921049 -0.068761409 1.5578197e-09)
(0.8734786 -0.068353361 1.4990569e-09)
(0.85800441 -0.066617779 1.4280362e-09)
(0.84289982 -0.063408337 1.3490166e-09)
(0.82865204 -0.058871239 1.2662727e-09)
(0.81504355 -0.052800585 1.182758e-09)
(0.80312987 -0.045438778 1.1015325e-09)
(0.79179898 -0.036598752 1.0248675e-09)
(0.7835343 -0.026533091 9.5590406e-10)
(0.77490587 -0.015333725 8.9422255e-10)
(0.77195767 -0.0024417791 8.4724488e-10)
(0.76598775 0.0089750728 8.0554748e-10)
(0.76946227 0.03001521 7.8152825e-10)
(0.80017753 0.007048522 -1.9016911e-12)
(0.80243617 0.021060587 1.1703735e-12)
(0.80691543 0.035191528 1.0118169e-12)
(0.81352405 0.0495365 -1.8386339e-12)
(0.82245863 0.064328866 7.2731893e-12)
(0.83388296 0.0795585 -6.4985615e-12)
(0.84802431 0.095370255 1.5598358e-11)
(0.86505777 0.11156375 -8.1141064e-12)
(0.8851652 0.12811925 8.6134917e-12)
(0.90854906 0.14465311 1.7168009e-11)
(0.93530558 0.16090783 -1.0208063e-11)
(0.96554101 0.17633763 2.7498719e-12)
(0.99918674 0.19042681 2.4000489e-11)
(1.0360621 0.2025134 6.3534265e-12)
(1.0758265 0.21193432 -1.0200878e-11)
(1.1178744 0.21805395 -1.7511896e-11)
(1.1614997 0.22034492 1.6625612e-11)
(1.2057254 0.21843801 4.0504174e-11)
(1.2494936 0.21225542 1.2929542e-11)
(1.2916826 0.2020142 -3.1721857e-11)
(1.3312684 0.18826221 -4.7125747e-11)
(1.367488 0.17182764 -1.6550789e-11)
(1.3999526 0.15362104 2.9365701e-11)
(1.4286434 0.13446461 4.5679611e-11)
(1.4538 0.1149592 1.7013288e-11)
(1.4757715 0.095446399 -3.2268507e-11)
(1.494875 0.076083057 -6.4284213e-11)
(1.5113854 0.056941595 -5.9773918e-11)
(1.5254993 0.037964898 -2.9042019e-11)
(1.537364 0.019047056 3.7783863e-12)
(1.5471269 1.9950435e-05 2.2387846e-11)
(1.5547531 -0.0194418 2.6377825e-11)
(1.5601644 -0.039579792 2.4766556e-11)
(1.5631788 -0.060578137 2.5095977e-11)
(1.5634131 -0.082598783 2.8033597e-11)
(1.5603519 -0.10569168 2.9662499e-11)
(1.5534591 -0.12969748 2.6962422e-11)
(1.5422265 -0.15421548 2.0680658e-11)
(1.5261523 -0.17866921 1.382342e-11)
(1.5047838 -0.2023453 8.7012256e-12)
(1.4778656 -0.22430873 5.731757e-12)
(1.4453775 -0.24344569 4.2363188e-12)
(1.4074574 -0.25868027 3.5763441e-12)
(1.3644358 -0.26908143 3.5124436e-12)
(1.3169545 -0.27386642 3.7988447e-12)
(1.2659923 -0.2724745 3.9827927e-12)
(1.2127979 -0.26470217 3.8719531e-12)
(1.1588005 -0.25077591 3.62035e-12)
(1.1054954 -0.23131886 3.4817353e-12)
(1.0543178 -0.20725811 3.9433313e-12)
(1.0065181 -0.17970574 4.6619874e-12)
(0.96310521 -0.14981665 3.9816186e-12)
(0.92481229 -0.11867361 6.7327397e-13)
(0.89212752 -0.087193395 -3.9407651e-12)
(0.86536199 -0.056028826 -9.6086946e-12)
(0.84465811 -0.025689119 -3.4953267e-11)
(0.83008931 0.0035061869 -1.3983385e-10)
(0.82195242 0.031613566 -4.0525545e-10)
(0.82052641 0.058392109 -8.6455638e-10)
(0.82590096 0.083044744 -1.4331551e-09)
(0.83772899 0.1042549 -1.9415824e-09)
(0.85518764 0.12067037 -2.2241488e-09)
(0.87634162 0.13143693 -2.1062727e-09)
(0.89882407 0.13612499 -1.566089e-09)
(0.92119049 0.13526353 -8.0620107e-10)
(0.94422592 0.13040274 3.510402e-11)
(0.96852196 0.12235684 8.2577236e-10)
(0.99455859 0.11171294 1.4654583e-09)
(1.0222532 0.09878419 1.910552e-09)
(1.0508059 0.083478954 2.1476884e-09)
(1.0787278 0.065667291 2.1809886e-09)
(1.1039946 0.04562017 2.0342105e-09)
(1.1247234 0.024160365 1.7562058e-09)
(1.1392365 0.0023941571 1.4097479e-09)
(1.14588 -0.01852055 1.0504298e-09)
(1.143652 -0.037343358 7.2010029e-10)
(1.1327003 -0.053229492 4.4764187e-10)
(1.1139452 -0.065616762 2.4078755e-10)
(1.0889472 -0.074246105 9.0585126e-11)
(1.059496 -0.079090988 -1.5078204e-11)
(1.02731 -0.080271807 -1.211791e-10)
(0.99394872 -0.077925479 -2.9397806e-10)
(0.9607751 -0.072363685 -5.4144429e-10)
(0.92908393 -0.064401758 -7.9175214e-10)
(0.90017751 -0.05539094 -9.2781045e-10)
(0.87527382 -0.046612396 -8.6120016e-10)
(0.85524 -0.039070115 -5.5532112e-10)
(0.84006326 -0.034309292 9.2707123e-11)
(0.82905481 -0.033845354 1.1431245e-09)
(0.82083558 -0.038083903 2.4844754e-09)
(0.81340793 -0.046108866 3.8998183e-09)
(0.80476485 -0.056178228 5.2006962e-09)
(0.79346165 -0.066393845 6.2865237e-09)
(0.77881447 -0.075167215 7.1186816e-09)
(0.76085373 -0.081370992 7.6679757e-09)
(0.74016428 -0.084270947 7.8843228e-09)
(0.71768109 -0.083375082 7.702578e-09)
(0.69460255 -0.078324305 7.072792e-09)
(0.67225568 -0.068871465 5.9949736e-09)
(0.65205732 -0.054937851 4.5388405e-09)
(0.63551909 -0.036696978 2.8416159e-09)
(0.62399805 -0.01465588 1.0809961e-09)
(0.61866379 0.010293674 -5.6182786e-10)
(0.62053999 0.037032527 -1.9360893e-09)
(0.63032815 0.064076156 -2.9433762e-09)
(0.64828325 0.089685147 -3.5384811e-09)
(0.67415166 0.1120594 -3.7203577e-09)
(0.70713019 0.12952329 -3.5194701e-09)
(0.74587615 0.14072999 -2.9897739e-09)
(0.78856199 0.14483273 -2.2064146e-09)
(0.83296932 0.14161418 -1.2684888e-09)
(0.87663271 0.13154163 -2.9742063e-10)
(0.91706319 0.11572449 5.769455e-10)
(0.95196 0.095772057 1.2455026e-09)
(0.97954318 0.073525662 1.6557956e-09)
(0.99880939 0.050745484 1.8348592e-09)
(1.0096242 0.028816899 1.878756e-09)
(1.0127185 0.0086183998 1.909734e-09)
(1.0093753 -0.009447776 2.0221753e-09)
(1.0009714 -0.025257485 2.2442969e-09)
(0.98881652 -0.038922894 2.5301109e-09)
(0.97395284 -0.050622218 2.7792732e-09)
(0.95712358 -0.060558987 2.8730103e-09)
(0.93884022 -0.068959211 2.7128132e-09)
(0.91945477 -0.076070146 2.2507483e-09)
(0.89920827 -0.082147903 1.5035841e-09)
(0.87825269 -0.087429779 5.4779351e-10)
(0.85665903 -0.092095951 -5.0141743e-10)
(0.83442918 -0.096229347 -1.5187542e-09)
(0.8115213 -0.099782653 -2.3950713e-09)
(0.78789434 -0.10255818 -3.0537106e-09)
(0.76356463 -0.10420647 -3.4548326e-09)
(0.73866906 -0.10424722 -3.5906352e-09)
(0.71351614 -0.10211541 -3.4767588e-09)
(0.68862329 -0.097234915 -3.1442547e-09)
(0.66472063 -0.0891069 -2.6341777e-09)
(0.64270687 -0.077401912 -1.994472e-09)
(0.62357102 -0.062071353 -1.2772786e-09)
(0.6082964 -0.043395018 -5.3557579e-10)
(0.59777129 -0.021974001 1.8074375e-10)
(0.5926447 0.0013067204 8.2866303e-10)
(0.5932082 0.025253952 1.3748248e-09)
(0.5995561 0.048815261 1.7959461e-09)
(0.61161022 0.070842888 2.0786696e-09)
(0.62900888 0.090312605 2.218733e-09)
(0.65122663 0.10637743 2.2204445e-09)
(0.6776146 0.11838145 2.0964921e-09)
(0.70741508 0.12586941 1.8681904e-09)
(0.73975651 0.12858712 1.5652552e-09)
(0.77362965 0.12649249 1.2244288e-09)
(0.80787458 0.11978165 8.8590281e-10)
(0.84117505 0.10889875 5.8643923e-10)
(0.87211193 0.094547286 3.5013342e-10)
(0.89927971 0.077650227 1.7986817e-10)
(0.92145258 0.059240076 5.5065137e-11)
(0.93777446 0.040345144 -5.9278252e-11)
(0.94787844 0.021812865 -1.9396133e-10)
(0.95194709 0.0042599085 -3.5686294e-10)
(0.95055999 -0.011940268 -5.256821e-10)
(0.94451145 -0.026600994 -6.5690931e-10)
(0.93468417 -0.039689225 -7.0506843e-10)
(0.92186964 -0.051219765 -6.4083128e-10)
(0.90672078 -0.061217398 -4.5944556e-10)
(0.8897486 -0.069694942 -1.7831739e-10)
(0.87135094 -0.076643235 1.7190588e-10)
(0.85185157 -0.082028254 5.5714216e-10)
(0.83154005 -0.085792053 9.4691962e-10)
(0.81070281 -0.087856303 1.3176712e-09)
(0.78965019 -0.088132031 1.6531675e-09)
(0.7687282 -0.086534239 1.9434736e-09)
(0.74832697 -0.083003423 2.1836002e-09)
(0.7288722 -0.077525275 2.3723241e-09)
(0.71081172 -0.070152337 2.5114056e-09)
(0.69458863 -0.061014254 2.6049378e-09)
(0.68062422 -0.050329424 2.6587202e-09)
(0.66927661 -0.03838819 2.6794886e-09)
(0.66083645 -0.02553605 2.6740711e-09)
(0.6555069 -0.012172872 2.6485394e-09)
(0.65338175 0.0013047653 2.6075412e-09)
(0.6544492 0.01446396 2.5539405e-09)
(0.65864159 0.026986312 2.4887789e-09)
(0.66584538 0.038535328 2.4116104e-09)
(0.67587014 0.048821487 2.3210349e-09)
(0.68847975 0.057601001 2.2153442e-09)
(0.70339351 0.0646694 2.0931266e-09)
(0.72028397 0.069859636 1.9538436e-09)
(0.7387676 0.073042453 1.7982847e-09)
(0.75839358 0.074134776 1.6290067e-09)
(0.77863865 0.073110934 1.450712e-09)
(0.79890693 0.070017492 1.2705347e-09)
(0.81854582 0.064984807 1.0980938e-09)
(0.83687692 0.058229784 9.450165e-10)
(0.85324243 0.050050792 8.2373633e-10)
(0.86706666 0.040801379 7.4540141e-10)
(0.8779056 0.030863427 7.172931e-10)
(0.88550228 0.020605912 7.4047235e-10)
(0.88977452 0.010365186 8.0872367e-10)
(0.89086579 0.00040874202 9.0941322e-10)
(0.88902464 -0.0090511333 1.026202e-09)
(0.88457252 -0.017832627 1.1425835e-09)
(0.87790401 -0.02581952 1.2450749e-09)
(0.86938957 -0.032925258 1.3250577e-09)
(0.85938481 -0.039082967 1.3790273e-09)
(0.84819887 -0.044247404 1.4076419e-09)
(0.83612472 -0.048376896 1.4141794e-09)
(0.82340296 -0.051448984 1.4031382e-09)
(0.81028298 -0.053425946 1.3790187e-09)
(0.79696737 -0.054302309 1.3459391e-09)
(0.7836823 -0.054023951 1.3070255e-09)
(0.77064557 -0.052617717 1.2649924e-09)
(0.75803066 -0.049989389 1.2215204e-09)
(0.74618192 -0.046241452 1.1783637e-09)
(0.73506392 -0.041217531 1.136472e-09)
(0.72541197 -0.035139972 1.0970788e-09)
(0.71654709 -0.02780253 1.0609339e-09)
(0.71026244 -0.019527884 1.0290272e-09)
(0.70409587 -0.010145893 1.0014883e-09)
(0.70272596 0.00016557462 9.8023543e-10)
(0.69887052 0.010361644 9.6243855e-10)
(0.70472914 0.026760477 9.51627e-10)
(0.69664735 0.0059596116 -7.6505617e-13)
(0.69907155 0.017766767 5.7371325e-13)
(0.7038359 0.029606098 2.6287407e-13)
(0.71086614 0.041583715 -1.3708028e-13)
(0.72032503 0.053857983 2.1861172e-12)
(0.73236508 0.066462283 -3.4159172e-13)
(0.74713993 0.079446711 3.294228e-12)
(0.76477217 0.092695439 7.651273e-13)
(0.78537585 0.1061083 2.3696945e-12)
(0.80905784 0.1194256 5.8159259e-12)
(0.83585824 0.1323729 -1.197209e-12)
(0.86577044 0.14455259 1.8916061e-12)
(0.89867863 0.15553226 9.3192482e-12)
(0.93435062 0.16482164 2.2935382e-12)
(0.97242918 0.17192638 -2.1811e-12)
(1.0123893 0.17638808 -8.9285622e-13)
(1.0535913 0.17783512 7.5740815e-12)
(1.0952501 0.17602025 1.1368339e-11)
(1.1365046 0.17088706 2.4714634e-12)
(1.1764756 0.16259271 -8.5491386e-12)
(1.2143597 0.15151182 -9.1618157e-12)
(1.2495235 0.13820894 1.0300319e-12)
(1.2815759 0.12332082 1.0627387e-11)
(1.3103704 0.10744628 9.270749e-12)
(1.3359578 0.091068197 -2.1347756e-12)
(1.3584947 0.074484344 -1.4223101e-11)
(1.378163 0.057873411 -1.9241048e-11)
(1.3951252 0.041309967 -1.7178537e-11)
(1.4094694 0.024746094 -1.3531706e-11)
(1.4213096 0.0081830004 -1.2898737e-11)
(1.4306841 -0.008565336 -1.5328628e-11)
(1.4374854 -0.025652098 -1.7798994e-11)
(1.4416487 -0.04318421 -1.7848409e-11)
(1.4429534 -0.061300124 -1.5579749e-11)
(1.4410325 -0.080087106 -1.2788123e-11)
(1.4354581 -0.099490504 -1.0834742e-11)
(1.4257724 -0.11929246 -9.5973514e-12)
(1.4114935 -0.13913757 -8.1845086e-12)
(1.3921582 -0.1585327 -6.1422196e-12)
(1.3673942 -0.17680951 -3.7765289e-12)
(1.3369704 -0.19316308 -1.632914e-12)
(1.3008353 -0.20676788 1.9120165e-15)
(1.2592025 -0.21683652 1.1357107e-12)
(1.2126424 -0.22265116 1.8793677e-12)
(1.1621136 -0.22367305 2.3287133e-12)
(1.1089313 -0.21966474 2.5690801e-12)
(1.054678 -0.21072368 2.6712496e-12)
(1.0010468 -0.19723102 2.635083e-12)
(0.94964771 -0.17977518 2.4886593e-12)
(0.90185329 -0.1590913 2.3041805e-12)
(0.85870447 -0.13600196 1.7097741e-12)
(0.82092208 -0.11135023 -6.2592655e-14)
(0.78892159 -0.08593105 -3.6842008e-12)
(0.76289359 -0.060433658 -9.9737002e-12)
(0.74286761 -0.035367756 -2.2808582e-11)
(0.72875988 -0.01113503 -5.4743235e-11)
(0.72051277 0.011927829 -1.3212712e-10)
(0.71814771 0.033752098 -2.8502223e-10)
(0.72161521 0.054121737 -5.1802379e-10)
(0.73085457 0.07247403 -7.8987921e-10)
(0.74553647 0.087871636 -1.0302558e-09)
(0.76485311 0.099402967 -1.1626037e-09)
(0.78757633 0.10655237 -1.1161035e-09)
(0.81227278 0.10915896 -8.9060411e-10)
(0.8384297 0.10766532 -5.4913804e-10)
(0.86442313 0.10248245 -1.5274513e-10)
(0.88956397 0.09436367 2.29198e-10)
(0.91349123 0.084006183 5.394653e-10)
(0.93569895 0.071941587 7.4490232e-10)
(0.95551006 0.058589141 8.3593439e-10)
(0.97206939 0.044340022 8.233763e-10)
(0.98442963 0.029613283 7.3229043e-10)
(0.99156807 0.014830391 5.9342578e-10)
(0.99285735 0.00045929958 4.387042e-10)
(0.98823253 -0.012998001 2.9175569e-10)
(0.97809365 -0.024888362 1.6637518e-10)
(0.9632206 -0.034913274 6.5193782e-11)
(0.94459585 -0.042798726 -2.0168781e-11)
(0.92322958 -0.048286808 -1.0623366e-10)
(0.90008626 -0.051214053 -2.0448276e-10)
(0.87606363 -0.051576467 -3.4419751e-10)
(0.85209287 -0.049478011 -5.4120521e-10)
(0.82912301 -0.045274514 -7.3936904e-10)
(0.80809732 -0.039833313 -8.287247e-10)
(0.78990233 -0.034300272 -7.346735e-10)
(0.77505897 -0.02963209 -4.5264622e-10)
(0.76376376 -0.026324026 -3.6459397e-11)
(0.75563145 -0.025286674 5.5690886e-10)
(0.74977111 -0.027335457 1.3609663e-09)
(0.74480505 -0.032363318 2.2838739e-09)
(0.73913106 -0.039404713 3.188737e-09)
(0.73145496 -0.047130416 3.9877337e-09)
(0.72108448 -0.054300495 4.65564e-09)
(0.70791645 -0.059979787 5.1955533e-09)
(0.69230807 -0.063539539 5.6058463e-09)
(0.67492174 -0.0645766 5.8678195e-09)
(0.65659367 -0.062807024 5.9507e-09)
(0.6382862 -0.058011158 5.8270405e-09)
(0.62104713 -0.050058794 5.4872223e-09)
(0.60599224 -0.038906888 4.9492232e-09)
(0.5942464 -0.024725934 4.2607686e-09)
(0.5868892 -0.0079834929 3.4929286e-09)
(0.58489908 0.010661752 2.72848e-09)
(0.58901514 0.030359579 2.0462608e-09)
(0.59965559 0.049983515 1.507517e-09)
(0.61685581 0.068263288 1.1481596e-09)
(0.64019579 0.083922612 9.7597492e-10)
(0.66876949 0.095821383 9.7217147e-10)
(0.70121113 0.10310884 1.0955135e-09)
(0.73578282 0.10534113 1.2892614e-09)
(0.77051376 0.10254554 1.4911184e-09)
(0.80338615 0.095218674 1.6470198e-09)
(0.83258785 0.084228284 1.7265011e-09)
(0.85668826 0.07065016 1.7331914e-09)
(0.87485709 0.055586068 1.7037696e-09)
(0.88685711 0.040018543 1.6922867e-09)
(0.89300632 0.024665223 1.7457547e-09)
(0.89393418 0.010084208 1.8821845e-09)
(0.89049375 -0.0034546251 2.0809154e-09)
(0.88344328 -0.01569847 2.2876807e-09)
(0.87341751 -0.026577468 2.4305334e-09)
(0.86100471 -0.036096829 2.4400803e-09)
(0.84668923 -0.044327594 2.2678876e-09)
(0.83087523 -0.051400611 1.8985461e-09)
(0.81389756 -0.057484262 1.3528848e-09)
(0.79601762 -0.062755701 6.8212521e-10)
(0.77741849 -0.067370013 -4.4695551e-11)
(0.75820787 -0.071430573 -7.5582946e-10)
(0.73843325 -0.074964021 -1.3899073e-09)
(0.71810962 -0.077902618 -1.9037904e-09)
(0.69725844 -0.08007577 -2.2743329e-09)
(0.67595195 -0.081214082 -2.4954712e-09)
(0.65435892 -0.08096733 -2.57318e-09)
(0.6327817 -0.078938511 -2.5206699e-09)
(0.61168209 -0.074733617 -2.3551768e-09)
(0.59168188 -0.068023777 -2.0965471e-09)
(0.57353182 -0.058616122 -1.7670182e-09)
(0.558062 -0.046508918 -1.3911623e-09)
(0.54611856 -0.031933457 -9.9527028e-10)
(0.53846664 -0.015369658 -6.0588782e-10)
(0.53566019 0.0024747819 -2.4777122e-10)
(0.53802219 0.020768968 5.8305008e-11)
(0.54568059 0.038670851 2.9734291e-10)
(0.55851739 0.055286381 4.6131884e-10)
(0.57616278 0.069807584 5.4965011e-10)
(0.59803971 0.081565154 5.6901499e-10)
(0.62339354 0.090060353 5.3243218e-10)
(0.65131554 0.094983584 4.5754113e-10)
(0.68076228 0.096225742 3.6385069e-10)
(0.71058042 0.093886369 2.690031e-10)
(0.73955305 0.088262069 1.8455623e-10)
(0.76646166 0.079831047 1.1252471e-10)
(0.79019368 0.069205284 4.4776241e-11)
(0.80985304 0.057051532 -3.307963e-11)
(0.82484212 0.044034829 -1.3358852e-10)
(0.83493751 0.030714335 -2.5832171e-10)
(0.84024879 0.01753452 -3.9300292e-10)
(0.84113214 0.004828909 -5.1023105e-10)
(0.83812165 -0.0072146364 -5.7881415e-10)
(0.83177396 -0.018411954 -5.7477922e-10)
(0.82260059 -0.028667439 -4.8867789e-10)
(0.8110822 -0.037901204 -3.2656101e-10)
(0.79763244 -0.046043725 -1.0569269e-10)
(0.78261029 -0.053033654 1.5184709e-10)
(0.76633663 -0.058812521 4.2474041e-10)
(0.74910893 -0.063320685 6.9570485e-10)
(0.7312167 -0.066495215 9.5247851e-10)
(0.71295316 -0.068270091 1.187278e-09)
(0.69462805 -0.068581016 1.3956673e-09)
(0.67657299 -0.067374949 1.5754377e-09)
(0.65914472 -0.064622224 1.725805e-09)
(0.64271771 -0.060330157 1.8468826e-09)
(0.62767636 -0.054557805 1.939468e-09)
(0.61439431 -0.047420775 2.0048747e-09)
(0.60321917 -0.039093668 2.0448031e-09)
(0.59445102 -0.029811615 2.0611932e-09)
(0.58832286 -0.01984729 2.0559943e-09)
(0.58499367 -0.0095104468 2.0310092e-09)
(0.58453015 0.00087691622 1.9877305e-09)
(0.58691553 0.011005125 1.9273224e-09)
(0.59206505 0.020599834 1.8506818e-09)
(0.59982772 0.029397119 1.7586495e-09)
(0.60998354 0.037168228 1.6522855e-09)
(0.62225559 0.043724354 1.5331916e-09)
(0.63631293 0.048914959 1.4037973e-09)
(0.65177293 0.052630028 1.2676333e-09)
(0.66820508 0.054801141 1.1294837e-09)
(0.68513212 0.05540417 9.9540082e-10)
(0.70204236 0.054466417 8.7250785e-10)
(0.71840781 0.052063952 7.684687e-10)
(0.73370434 0.048326891 6.9063164e-10)
(0.7474555 0.043425676 6.4484496e-10)
(0.75924907 0.037568669 6.3418423e-10)
(0.76878735 0.030974978 6.5792488e-10)
(0.77587881 0.023873931 7.1118966e-10)
(0.78046804 0.016478356 7.8553786e-10)
(0.78259705 0.0089881731 8.7045952e-10)
(0.7823943 0.0015944737 9.5535363e-10)
(0.78006662 -0.0055780003 1.0313839e-09)
(0.77584374 -0.012358502 1.0926698e-09)
(0.76994372 -0.018635886 1.1366102e-09)
(0.76260955 -0.024312755 1.1634165e-09)
(0.75407947 -0.029306236 1.1752188e-09)
(0.74457738 -0.03355196 1.1750884e-09)
(0.73432768 -0.036994997 1.1662541e-09)
(0.72353431 -0.039596796 1.1516069e-09)
(0.71241332 -0.041317712 1.1334588e-09)
(0.70115312 -0.04213761 1.1135561e-09)
(0.68996984 -0.042018517 1.0930766e-09)
(0.6790521 -0.040963549 1.0728915e-09)
(0.66860332 -0.03892136 1.0534759e-09)
(0.65886578 -0.035946025 1.0352838e-09)
(0.64993516 -0.031947259 1.0185077e-09)
(0.64228039 -0.027081651 1.0034052e-09)
(0.63557437 -0.021186389 9.9014068e-10)
(0.63100649 -0.014559656 9.788266e-10)
(0.62695396 -0.0069641655 9.6952474e-10)
(0.62675965 0.0011681373 9.6253558e-10)
(0.6248649 0.0098885571 9.5702305e-10)
(0.63203993 0.022311173 9.541273e-10)
(0.58597034 0.0048074038 -2.6865173e-13)
(0.58851592 0.014273067 2.4283089e-13)
(0.59347633 0.023703078 9.4175105e-14)
(0.60078882 0.033203807 1.1829806e-13)
(0.6106083 0.042897101 7.121957e-13)
(0.62307224 0.05282922 2.4469211e-13)
(0.63828566 0.063013337 8.1337635e-13)
(0.65632764 0.07337158 1.0496467e-12)
(0.67726256 0.083794873 7.6903242e-13)
(0.70113232 0.094091005 1.6123138e-12)
(0.72792351 0.10402398 5.7535493e-13)
(0.75756244 0.1132921 1.2200557e-12)
(0.78988843 0.12155682 3.0332056e-12)
(0.82464296 0.12845194 1.183685e-12)
(0.86146268 0.13361268 1.12072e-13)
(0.89986927 0.13670602 1.0119282e-12)
(0.93928722 0.13746535 2.8992239e-12)
(0.97904949 0.13572017 3.1952845e-12)
(1.0184372 0.13143509 1.0090078e-12)
(1.0567277 0.12472392 -1.0859545e-12)
(1.0932568 0.1158497 -9.447628e-13)
(1.1274758 0.10520069 5.4698774e-13)
(1.1589931 0.093214372 9.2113235e-13)
(1.1875908 0.08033136 -8.9095468e-13)
(1.2131871 0.066912894 -3.6882534e-12)
(1.235795 0.053209659 -5.7866396e-12)
(1.2554818 0.03941374 -6.8428082e-12)
(1.2722757 0.025566744 -7.78064e-12)
(1.2862174 0.011706535 -9.3909771e-12)
(1.2972955 -0.0021904297 -1.1393926e-11)
(1.3054175 -0.016260609 -1.2815694e-11)
(1.3105269 -0.030517196 -1.3011871e-11)
(1.3124606 -0.045012165 -1.2180151e-11)
(1.3109287 -0.059810813 -1.0973012e-11)
(1.3055721 -0.074899263 -9.7902227e-12)
(1.2959834 -0.090155423 -8.5264312e-12)
(1.2817175 -0.10535428 -6.9156675e-12)
(1.2623316 -0.12016016 -4.9573603e-12)
(1.2374399 -0.13411796 -2.9544049e-12)
(1.2067702 -0.14668098 -1.2403926e-12)
(1.1702428 -0.15726429 3.2952376e-14)
(1.1280708 -0.16529615 8.8961948e-13)
(1.0808471 -0.17028197 1.4165292e-12)
(1.0295799 -0.17189063 1.6908466e-12)
(0.97566679 -0.17001548 1.7716339e-12)
(0.92079275 -0.16475983 1.7105166e-12)
(0.86674408 -0.15636308 1.5416048e-12)
(0.81519038 -0.14512493 1.2618152e-12)
(0.76751534 -0.13137696 8.3304555e-13)
(0.7247433 -0.11550465 1.2200155e-13)
(0.68753425 -0.097965999 -1.2080615e-12)
(0.65625546 -0.079283241 -3.629626e-12)
(0.63102212 -0.059998375 -7.8145104e-12)
(0.61179067 -0.040616096 -1.5139203e-11)
(0.59839331 -0.021550751 -2.883332e-11)
(0.59055741 -0.0031334655 -5.5041945e-11)
(0.58814111 0.014343219 -1.026678e-10)
(0.59095993 0.03069396 -1.7830142e-10)
(0.59870907 0.045697836 -2.7712726e-10)
(0.61113694 0.058905465 -3.7961408e-10)
(0.62779591 0.069711208 -4.5812079e-10)
(0.64794304 0.077621893 -4.8483708e-10)
(0.6706137 0.082369811 -4.4111778e-10)
(0.69462341 0.083758797 -3.3220505e-10)
(0.71884882 0.081942206 -1.8213752e-10)
(0.74220465 0.077523047 -2.0378387e-11)
(0.76387415 0.071146612 1.2433298e-10)
(0.78316899 0.063345875 2.3063161e-10)
(0.7995018 0.054577034 2.882229e-10)
(0.81239517 0.045171588 2.9810223e-10)
(0.8214789 0.035373276 2.6981348e-10)
(0.82652805 0.025378609 2.172097e-10)
(0.82749737 0.015400401 1.5419853e-10)
(0.82457086 0.0056868578 9.0883197e-11)
(0.8181971 -0.0035524266 3.096612e-11)
(0.8088192 -0.011989277 -2.6324191e-11)
(0.79687585 -0.019266777 -8.6608687e-11)
(0.78293139 -0.025078494 -1.5735356e-10)
(0.76753779 -0.029151398 -2.4848684e-10)
(0.75129967 -0.031349761 -3.5463726e-10)
(0.73483839 -0.031720241 -4.7819025e-10)
(0.71887114 -0.030440565 -6.0252141e-10)
(0.70412168 -0.027922127 -6.5674094e-10)
(0.69120639 -0.024914007 -5.6979334e-10)
(0.68053063 -0.022207018 -3.4293386e-10)
(0.6720924 -0.020313655 -2.8681098e-11)
(0.66567235 -0.019561935 3.4579825e-10)
(0.6607598 -0.020467452 8.1368481e-10)
(0.65654127 -0.023268068 1.3589682e-09)
(0.65190905 -0.027664123 1.9097207e-09)
(0.64584342 -0.032941161 2.4051123e-09)
(0.63773912 -0.038268216 2.8246745e-09)
(0.62746571 -0.042933133 3.1748532e-09)
(0.61525569 -0.046410282 3.4663316e-09)
(0.60159141 -0.048337385 3.7021293e-09)
(0.58709192 -0.04845956 3.8761051e-09)
(0.57244201 -0.046578268 3.9768098e-09)
(0.55838732 -0.042548425 3.9938985e-09)
(0.54570796 -0.036285375 3.9223443e-09)
(0.53520583 -0.027795147 3.7657057e-09)
(0.52769009 -0.017240955 3.5378985e-09)
(0.52390574 -0.0049384085 3.2612358e-09)
(0.52455091 0.0086010276 2.9631058e-09)
(0.53008901 0.02272829 2.6711398e-09)
(0.54064986 0.03664006 2.4080243e-09)
(0.55608549 0.049474586 2.1876183e-09)
(0.57589012 0.060391909 2.0133338e-09)
(0.59920008 0.068672619 1.8791313e-09)
(0.62484506 0.07380897 1.7729104e-09)
(0.6514485 0.075568956 1.6818058e-09)
(0.67757206 0.074011446 1.5979615e-09)
(0.70185307 0.06946082 1.5228999e-09)
(0.72318057 0.062433378 1.468215e-09)
(0.74074859 0.053544566 1.451167e-09)
(0.75414012 0.043433669 1.4864452e-09)
(0.76323552 0.032689239 1.5772733e-09)
(0.76818286 0.021816771 1.7101025e-09)
(0.76925508 0.011223441 1.8551601e-09)
(0.76689361 0.0012249341 1.9725219e-09)
(0.76149348 -0.008031831 2.0212619e-09)
(0.75340348 -0.0163783 1.9688532e-09)
(0.74307004 -0.023804174 1.7983648e-09)
(0.73089496 -0.030349665 1.5118396e-09)
(0.71723603 -0.036096974 1.129395e-09)
(0.70240275 -0.041152222 6.8451145e-10)
(0.68664565 -0.045621389 2.1693472e-10)
(0.67015387 -0.049588962 -2.3479277e-10)
(0.65306283 -0.053099324 -6.392672e-10)
(0.63547048 -0.056141957 -9.7543921e-10)
(0.61746052 -0.058641918 -1.2329332e-09)
(0.59913025 -0.06045658 -1.4101859e-09)
(0.58062088 -0.061381192 -1.5116e-09)
(0.56214623 -0.061163541 -1.5447901e-09)
(0.5440155 -0.059529693 -1.5185955e-09)
(0.52664669 -0.056219121 -1.4420683e-09)
(0.51056445 -0.051027925 -1.3242746e-09)
(0.49638095 -0.043852785 -1.1745614e-09)
(0.48475019 -0.034725714 -1.0028707e-09)
(0.47631128 -0.023845188 -8.1978882e-10)
(0.4716384 -0.011584278 -6.3614573e-10)
(0.47117612 0.0015322293 -4.6222763e-10)
(0.47515762 0.014921529 -3.0679893e-10)
(0.48360455 0.027950181 -1.7616409e-10)
(0.49633053 0.039970981 -7.3554941e-11)
(0.51292692 0.050407722 9.5185367e-13)
(0.53278443 0.058793353 4.9930547e-11)
(0.55512742 0.064799758 7.7514233e-11)
(0.57905492 0.068252108 8.7912741e-11)
(0.60358609 0.069132515 8.3855152e-11)
(0.62771248 0.06756941 6.5501535e-11)
(0.6504694 0.063814114 3.0474079e-11)
(0.67099771 0.058209326 -2.4592273e-11)
(0.6886075 0.05114268 -1.0106974e-10)
(0.70283308 0.043009593 -1.9506994e-10)
(0.71342706 0.034178528 -2.9562603e-10)
(0.72035037 0.024965805 -3.8572702e-10)
(0.72373478 0.015644162 -4.4637809e-10)
(0.72381414 0.006426104 -4.6201829e-10)
(0.72090087 -0.0025117049 -4.2484303e-10)
(0.71530312 -0.011005108 -3.3630689e-10)
(0.7073175 -0.018933183 -2.0561729e-10)
(0.69727237 -0.026193388 -4.6273744e-11)
(0.68547979 -0.032692001 1.2759929e-10)
(0.67224378 -0.038350267 3.0389308e-10)
(0.65786476 -0.043097899 4.7371954e-10)
(0.64263988 -0.046869491 6.3141753e-10)
(0.62686656 -0.049602832 7.7389488e-10)
(0.61084541 -0.051239287 8.9976784e-10)
(0.59488497 -0.051727213 1.0086248e-09)
(0.57930265 -0.051028699 1.1005115e-09)
(0.56442496 -0.049127917 1.1756433e-09)
(0.55058019 -0.046039145 1.2342478e-09)
(0.53809341 -0.041815748 1.2765788e-09)
(0.52727176 -0.036552994 1.3029103e-09)
(0.51839029 -0.030388412 1.3135804e-09)
(0.5116794 -0.02350214 1.309049e-09)
(0.50731034 -0.01610214 1.2898928e-09)
(0.50538787 -0.0084220937 1.256889e-09)
(0.50593887 -0.00069974505 1.2110127e-09)
(0.50891921 0.0068333856 1.1535299e-09)
(0.5142148 0.013969631 1.0860617e-09)
(0.52164892 0.020513617 1.0106761e-09)
(0.53098594 0.026298028 9.2996755e-10)
(0.54193892 0.031189042 8.4710594e-10)
(0.55417661 0.035084937 7.6580722e-10)
(0.56733193 0.037917076 6.9023033e-10)
(0.58101223 0.039649082 6.2474083e-10)
(0.59481006 0.040276357 5.7354476e-10)
(0.60831715 0.039826334 5.4020892e-10)
(0.62114334 0.038354753 5.2709571e-10)
(0.63292974 0.035944303 5.3484991e-10)
(0.6433723 0.03269885 5.620501e-10)
(0.65222524 0.028738489 6.0519949e-10)
(0.65932013 0.024194001 6.5911344e-10)
(0.66455276 0.019203809 7.1770123e-10)
(0.66789124 0.013906537 7.7494392e-10)
(0.6693556 0.0084415733 8.2583161e-10)
(0.66900899 0.0029403295 8.670136e-10)
(0.66697424 -0.0024650656 8.9699969e-10)
(0.66338634 -0.0076562438 9.1597392e-10)
(0.65838065 -0.012536283 9.253333e-10)
(0.65213241 -0.01701196 9.2711565e-10)
(0.64482404 -0.021003727 9.2350725e-10)
(0.63664216 -0.024447555 9.1649503e-10)
(0.62778168 -0.027289267 9.076939e-10)
(0.61843349 -0.029487103 8.9829372e-10)
(0.60879779 -0.031002899 8.8910308e-10)
(0.59906164 -0.031810876 8.8062087e-10)
(0.5894301 -0.031880946 8.7311809e-10)
(0.58008467 -0.03120369 8.6671902e-10)
(0.57123196 -0.029750672 8.6144551e-10)
(0.56306193 -0.027541171 8.572664e-10)
(0.55574024 -0.02453586 8.5414997e-10)
(0.54954949 -0.020815794 8.5196233e-10)
(0.54442344 -0.016295301 8.5076811e-10)
(0.54106399 -0.011176185 8.5026921e-10)
(0.53853372 -0.0052621302 8.5069487e-10)
(0.53901124 0.0010232394 8.5160161e-10)
(0.53859383 0.0081562258 8.5323875e-10)
(0.54617072 0.017390442 8.5594097e-10)
(0.4681439 0.0036207266 -8.2803453e-14)
(0.47076601 0.010654674 9.7546831e-14)
(0.47582719 0.017598208 3.9838501e-14)
(0.48327288 0.024552857 8.1450421e-14)
(0.49326927 0.031621906 2.3097397e-13)
(0.50594232 0.038853099 1.4052132e-13)
(0.52136454 0.046249986 2.7406116e-13)
(0.53958392 0.053760183 4.4421453e-13)
(0.56063075 0.061295203 2.4296578e-13)
(0.58450372 0.068714756 4.813768e-13)
(0.61114816 0.075836765 4.8559613e-13)
(0.64044689 0.082437076 5.7462192e-13)
(0.67220612 0.088262991 8.465689e-13)
(0.706148 0.093046132 4.4848551e-13)
(0.74190583 0.096521738 2.7301649e-13)
(0.77902416 0.098451612 5.894413e-13)
(0.81697083 0.098647184 9.6425087e-13)
(0.85514929 0.096991353 8.3625283e-13)
(0.89292695 0.093462528 1.8364374e-13)
(0.92966853 0.088140326 -4.5292262e-13)
(0.96478387 0.081210714 -7.4786504e-13)
(0.99776023 0.072936395 -9.0253528e-13)
(1.0281904 0.063620446 -1.2467007e-12)
(1.0558022 0.053584473 -1.843821e-12)
(1.0804024 0.043074546 -2.5564374e-12)
(1.1019028 0.032322049 -3.3193744e-12)
(1.1202528 0.02149052 -4.1857539e-12)
(1.1353621 0.010654963 -5.1343068e-12)
(1.1471767 -0.00015670885 -5.9556609e-12)
(1.1555833 -0.011013179 -6.3899664e-12)
(1.1604808 -0.021859322 -6.3478736e-12)
(1.1617515 -0.03268673 -5.965514e-12)
(1.1591542 -0.04352014 -5.4408444e-12)
(1.1523884 -0.054343451 -4.8455258e-12)
(1.1411264 -0.06507403 -4.1109632e-12)
(1.1250198 -0.075561348 -3.1736677e-12)
(1.1037304 -0.085582499 -2.0964327e-12)
(1.0769825 -0.09484388 -1.0426591e-12)
(1.0446244 -0.10300537 -1.6174094e-13)
(1.0067069 -0.10971774 4.8326689e-13)
(0.9635658 -0.11466894 9.0133527e-13)
(0.91588881 -0.11764493 1.1273436e-12)
(0.86473748 -0.11858092 1.1954324e-12)
(0.81149514 -0.11756433 1.1367371e-12)
(0.75774291 -0.11478033 9.7719698e-13)
(0.70508461 -0.11041703 7.293242e-13)
(0.65497418 -0.10457798 3.8396992e-13)
(0.60860258 -0.097267714 -9.5043154e-14)
(0.56686314 -0.088458195 -7.7907304e-13)
(0.5303703 -0.078186457 -1.8006662e-12)
(0.49949524 -0.066611987 -3.3730946e-12)
(0.4744122 -0.054020273 -5.7993912e-12)
(0.45511616 -0.040783076 -9.5721931e-12)
(0.4414918 -0.027286648 -1.5553452e-11)
(0.43332328 -0.013869212 -2.5143367e-11)
(0.43027983 -0.0007940873 -4.0142672e-11)
(0.43212214 0.011781425 -6.2078624e-11)
(0.43854087 0.023494405 -9.0493624e-11)
(0.44911969 0.034138349 -1.2117481e-10)
(0.46344973 0.043405405 -1.4652552e-10)
(0.48097956 0.050940494 -1.5807653e-10)
(0.50096266 0.056459967 -1.4933104e-10)
(0.52251344 0.059790283 -1.1868215e-10)
(0.54464209 0.060869606 -7.1341903e-11)
(0.56636195 0.059891316 -1.7120101e-11)
(0.58679634 0.057247565 3.3324786e-11)
(0.60527011 0.053324727 7.1369761e-11)
(0.62129053 0.048456427 9.2258809e-11)
(0.63455061 0.042905123 9.5530864e-11)
(0.64488721 0.036847437 8.4093689e-11)
(0.65226011 0.030395624 6.2395523e-11)
(0.6567088 0.023636358 3.4670399e-11)
(0.65832756 0.016696172 3.4709812e-12)
(0.65724869 0.0097470712 -3.0952968e-11)
(0.65372559 0.0030390023 -7.0222432e-11)
(0.64802954 -0.003224337 -1.1659341e-10)
(0.64040432 -0.008696354 -1.7238854e-10)
(0.63121975 -0.013111187 -2.3740353e-10)
(0.62093739 -0.016286006 -3.0903898e-10)
(0.61008367 -0.018165871 -3.7272384e-10)
(0.59918985 -0.018825881 -4.2162044e-10)
(0.58881577 -0.018454495 -4.3266902e-10)
(0.57943608 -0.017410416 -3.6276402e-10)
(0.57133669 -0.016179312 -2.0276511e-10)
(0.56458729 -0.015173918 1.2061726e-11)
(0.5589443 -0.014743253 2.5753652e-10)
(0.5540713 -0.015105652 5.3111171e-10)
(0.54951402 -0.016430927 8.2841274e-10)
(0.54463261 -0.018763354 1.1222797e-09)
(0.53874339 -0.02189117 1.3835921e-09)
(0.53138038 -0.025399197 1.6008989e-09)
(0.52238932 -0.028834372 1.7780935e-09)
(0.51190539 -0.031806555 1.9238687e-09)
(0.50025912 -0.034004301 2.0442319e-09)
(0.48790941 -0.035184374 2.1409233e-09)
(0.47537962 -0.035149545 2.2123643e-09)
(0.46322073 -0.033739098 2.255363e-09)
(0.45201783 -0.030836781 2.267183e-09)
(0.44236758 -0.0263778 2.2463106e-09)
(0.43485625 -0.020377836 2.1934738e-09)
(0.4300519 -0.012956221 2.1123327e-09)
(0.42846152 -0.0043306831 2.0087025e-09)
(0.43052589 0.0051607553 1.8900473e-09)
(0.43647577 0.015017681 1.7644407e-09)
(0.44629651 0.024692057 1.6394355e-09)
(0.45977077 0.033631536 1.5211786e-09)
(0.47642389 0.041296841 1.4142222e-09)
(0.4955497 0.04723042 1.3220215e-09)
(0.51626091 0.051108456 1.2478317e-09)
(0.53756743 0.052774294 1.1955485e-09)
(0.55847142 0.052243529 1.1698065e-09)
(0.57804598 0.049689169 1.1749428e-09)
(0.59552536 0.045406976 1.2128891e-09)
(0.61032063 0.039767508 1.2806686e-09)
(0.62205714 0.033176318 1.3687677e-09)
(0.63053663 0.026025522 1.4612e-09)
(0.63572448 0.018674615 1.5376959e-09)
(0.63771438 0.01141196 1.5773182e-09)
(0.63669868 0.0044742931 1.5625765e-09)
(0.63297899 -0.0020676806 1.4828451e-09)
(0.62683871 -0.008087252 1.3364368e-09)
(0.61856173 -0.013539758 1.1309625e-09)
(0.60848889 -0.018453569 8.8171209e-10)
(0.59691378 -0.022875524 6.0872521e-10)
(0.58409376 -0.026865728 3.3323575e-10)
(0.57024939 -0.030480636 7.432795e-11)
(0.5555656 -0.03376072 -1.5346091e-10)
(0.54020013 -0.036717948 -3.4121914e-10)
(0.52429665 -0.039326348 -4.8546403e-10)
(0.50800116 -0.041516268 -5.8703372e-10)
(0.49148033 -0.043173232 -6.4957961e-10)
(0.47494046 -0.044143087 -6.7814147e-10)
(0.45864323 -0.044243616 -6.7807125e-10)
(0.44291645 -0.04328356 -6.544021e-10)
(0.42815732 -0.041087623 -6.1162548e-10)
(0.41482432 -0.037525711 -5.5375163e-10)
(0.40341674 -0.032541844 -4.8452213e-10)
(0.39444317 -0.026178824 -4.0763399e-10)
(0.38838036 -0.018587057 -3.2685865e-10)
(0.38562717 -0.010023742 -2.460283e-10)
(0.38647069 -0.00084602266 -1.6888032e-10)
(0.39103264 0.0085217624 -9.883186e-11)
(0.39924245 0.017639703 -3.8773219e-11)
(0.41085811 0.026067998 9.0670557e-12)
(0.42547119 0.033431178 4.3090977e-11)
(0.44251618 0.039424626 6.2173122e-11)
(0.46131217 0.04383972 6.5459198e-11)
(0.48110712 0.046571422 5.2286963e-11)
(0.50112386 0.047614135 2.2373652e-11)
(0.52060813 0.047049577 -2.3639845e-11)
(0.53887674 0.045028713 -8.3368229e-11)
(0.55535026 0.041746631 -1.5191625e-10)
(0.56957724 0.037424052 -2.2161857e-10)
(0.58124741 0.032288856 -2.827274e-10)
(0.59017232 0.026554633 -3.2509918e-10)
(0.59628036 0.020425756 -3.4044206e-10)
(0.59958419 0.014087474 -3.2430742e-10)
(0.600159 0.0076869354 -2.7704419e-10)
(0.59818244 0.0013691617 -2.0335826e-10)
(0.59382991 -0.0047813109 -1.1081298e-10)
(0.58726936 -0.010616283 -7.9284101e-12)
(0.57875658 -0.016049591 9.7498711e-11)
(0.56855423 -0.020999298 1.9941913e-10)
(0.55693234 -0.025397988 2.9381719e-10)
(0.54417588 -0.02918012 3.7848507e-10)
(0.53057808 -0.032283953 4.5254693e-10)
(0.51643898 -0.034650578 5.1595628e-10)
(0.50206384 -0.036225143 5.6908156e-10)
(0.48776261 -0.036960307 6.124335e-10)
(0.47384678 -0.036821485 6.4650998e-10)
(0.46062652 -0.035792374 6.7173129e-10)
(0.44840409 -0.033880993 6.8842815e-10)
(0.4374657 -0.031123988 6.9688812e-10)
(0.42807317 -0.02758923 6.9739797e-10)
(0.42045143 -0.02337649 6.903061e-10)
(0.41477995 -0.018612911 6.7608606e-10)
(0.41118108 -0.013447978 6.5538395e-10)
(0.40971894 -0.0080457073 6.2908141e-10)
(0.41039217 -0.0025731063 5.9830873e-10)
(0.41313998 0.0028093359 5.6447807e-10)
(0.41784074 0.0079450382 5.2927161e-10)
(0.42431267 0.012695299 4.9460613e-10)
(0.43233649 0.016942934 4.625685e-10)
(0.44165409 0.020595907 4.3530231e-10)
(0.45197611 0.023582676 4.1484976e-10)
(0.46299338 0.02585341 4.0296122e-10)
(0.47438626 0.027379517 4.0087788e-10)
(0.48583544 0.028152397 4.0912361e-10)
(0.49703045 0.028181688 4.2734623e-10)
(0.50768006 0.027495246 4.5425036e-10)
(0.5175216 0.026135696 4.8767559e-10)
(0.52632456 0.024161605 5.2481648e-10)
(0.53390127 0.02164218 5.6259301e-10)
(0.54010152 0.018660324 5.9806618e-10)
(0.54482256 0.015303317 6.2885671e-10)
(0.54799883 0.011668267 6.5341419e-10)
(0.54960608 0.0078520017 6.71132e-10)
(0.54965868 0.0039487088 6.8227094e-10)
(0.54822909 6.0328453e-05 6.8772549e-10)
(0.54538963 -0.0037502861 6.8875732e-10)
(0.54123047 -0.0073785985 6.8673657e-10)
(0.53590078 -0.010751638 6.829338e-10)
(0.52955187 -0.013808235 6.7839673e-10)
(0.52234919 -0.016495615 6.7390839e-10)
(0.51447151 -0.018767146 6.7000057e-10)
(0.50610258 -0.020584179 6.6698981e-10)
(0.49743456 -0.021911801 6.6503273e-10)
(0.48865646 -0.02272265 6.6416653e-10)
(0.47996677 -0.022989621 6.6435545e-10)
(0.47155157 -0.022696891 6.6551105e-10)
(0.46361181 -0.021823634 6.675268e-10)
(0.45632639 -0.020370403 6.7026578e-10)
(0.44988399 -0.018320248 6.7362637e-10)
(0.44447784 -0.015702055 6.7741537e-10)
(0.44019815 -0.012488795 6.8162929e-10)
(0.43741426 -0.0087692367 6.8590997e-10)
(0.43573024 -0.0044482426 6.905125e-10)
(0.43635971 0.00022095465 6.9470033e-10)
(0.43689099 0.0057746661 6.993236e-10)
(0.44425163 0.012429219 7.0355154e-10)
(0.34317613 0.0024282117 -2.1277841e-14)
(0.34579634 0.0069883135 3.6041282e-14)
(0.35080011 0.011413925 1.3751088e-14)
(0.35810404 0.015784524 3.6396588e-14)
(0.36789721 0.020197699 7.374211e-14)
(0.38029202 0.024700938 5.6692196e-14)
(0.39533577 0.02930293 9.6775747e-14)
(0.4130582 0.033980447 1.3573942e-13)
(0.43347357 0.038679897 8.4355755e-14)
(0.45656065 0.043310541 1.6226852e-13)
(0.4822451 0.04774843 1.9003161e-13)
(0.51038958 0.051840772 1.6468709e-13)
(0.5407836 0.055414409 1.7065204e-13)
(0.57313756 0.05828617 1.0543841e-13)
(0.60708049 0.060276249 9.2981776e-14)
(0.64216313 0.061224305 1.4042134e-13)
(0.67786611 0.061004459 1.221785e-13)
(0.71361618 0.059540169 -5.2838814e-14)
(0.74881093 0.056818727 -3.3065806e-13)
(0.78284233 0.052895107 -5.818279e-13)
(0.81514033 0.047898596 -7.519591e-13)
(0.84518709 0.042004616 -8.9064664e-13)
(0.87254389 0.035425464 -1.0732261e-12)
(0.89689104 0.028390128 -1.338491e-12)
(0.91794983 0.02104082 -1.6794633e-12)
(0.93557928 0.013555186 -2.0534388e-12)
(0.94968497 0.0061657593 -2.3884365e-12)
(0.96006202 -0.0011749705 -2.6017519e-12)
(0.96658581 -0.0084681812 -2.6452924e-12)
(0.96921999 -0.015606683 -2.5332527e-12)
(0.96788985 -0.022519814 -2.3217363e-12)
(0.96244612 -0.029216443 -2.0568613e-12)
(0.95271425 -0.035689527 -1.7423231e-12)
(0.93852746 -0.041883601 -1.3580477e-12)
(0.91973448 -0.047705196 -9.0503121e-13)
(0.89622135 -0.053026621 -4.2620702e-13)
(0.86795362 -0.057690876 1.4272875e-14)
(0.83502782 -0.061532555 3.6595605e-13)
(0.79772328 -0.064411986 6.0796021e-13)
(0.75654506 -0.066254659 7.4171388e-13)
(0.71223789 -0.067086379 7.7793095e-13)
(0.66575969 -0.067042662 7.2928588e-13)
(0.61820346 -0.066333429 6.0735107e-13)
(0.57068026 -0.065170641 4.2058911e-13)
(0.52421815 -0.06368512 1.7136934e-13)
(0.47970979 -0.061867618 -1.4522197e-13)
(0.43790497 -0.059563347 -5.4326626e-13)
(0.39943387 -0.056533691 -1.049009e-12)
(0.36483923 -0.052553311 -1.7054558e-12)
(0.33458475 -0.04749774 -2.579022e-12)
(0.30904627 -0.041373859 -3.76352e-12)
(0.28847715 -0.0343137 -5.3892665e-12)
(0.27298169 -0.026553519 -7.6443747e-12)
(0.26254453 -0.018373755 -1.0777869e-11)
(0.25704702 -0.010027405 -1.5049692e-11)
(0.25629156 -0.0017234573 -2.0582353e-11)
(0.25991095 0.0064133824 -2.7131678e-11)
(0.26753958 0.01405269 -3.3791127e-11)
(0.27887292 0.021049072 -3.8926132e-11)
(0.29345185 0.027206443 -4.0619962e-11)
(0.31071405 0.032298991 -3.7406899e-11)
(0.3299687 0.036174568 -2.8917249e-11)
(0.35044704 0.038724693 -1.626384e-11)
(0.37135588 0.039935467 -1.8965956e-12)
(0.39193205 0.039909826 1.1215621e-11)
(0.41151723 0.038835203 2.0521847e-11)
(0.42961103 0.036912929 2.4487215e-11)
(0.44585277 0.034317197 2.2729906e-11)
(0.46000558 0.031178565 1.5741886e-11)
(0.4719091 0.027587905 4.3566913e-12)
(0.4814655 0.023609921 -1.078413e-11)
(0.48860425 0.019314854 -2.9533131e-11)
(0.49328763 0.014798516 -5.2308395e-11)
(0.49553357 0.010198679 -7.9703762e-11)
(0.49544346 0.0057137109 -1.1191606e-10)
(0.49322201 0.0014843211 -1.4811873e-10)
(0.48914184 -0.0022934744 -1.8591836e-10)
(0.48354933 -0.0054387003 -2.2071782e-10)
(0.47686654 -0.0078195106 -2.4562469e-10)
(0.46956482 -0.0094193106 -2.5172952e-10)
(0.46210488 -0.010278905 -2.329596e-10)
(0.4548895 -0.01052759 -1.7791551e-10)
(0.44820373 -0.01036337 -7.9790388e-11)
(0.44215971 -0.010039294 4.9371063e-11)
(0.43669065 -0.0098000354 1.9092631e-10)
(0.43157252 -0.0098350937 3.3728465e-10)
(0.4265211 -0.010258476 4.8330306e-10)
(0.4211781 -0.011178916 6.1951794e-10)
(0.4151399 -0.012633633 7.3580302e-10)
(0.40806347 -0.014519372 8.2816611e-10)
(0.39976594 -0.016640198 8.9906462e-10)
(0.39025115 -0.018774725 9.5338235e-10)
(0.37969337 -0.020708466 9.9532421e-10)
(0.36838707 -0.022244498 1.0273111e-09)
(0.3567139 -0.023206064 1.0503535e-09)
(0.34511048 -0.023436309 1.0645687e-09)
(0.33404827 -0.022803218 1.0696986e-09)
(0.32402987 -0.021203503 1.0656256e-09)
(0.31556185 -0.018577077 1.0524896e-09)
(0.30913465 -0.014925431 1.0310257e-09)
(0.30521054 -0.010306319 1.0026938e-09)
(0.3041743 -0.0048503476 9.6951461e-10)
(0.306309 0.0012275993 9.3408796e-10)
(0.31173516 0.0075916767 8.9938399e-10)
(0.32042089 0.013870994 8.6855967e-10)
(0.33215897 0.019752351 8.4471913e-10)
(0.3465322 0.024891456 8.3072117e-10)
(0.36297187 0.028995158 8.2899565e-10)
(0.38078746 0.031852086 8.4127276e-10)
(0.39921931 0.033350208 8.681921e-10)
(0.41749753 0.033482766 9.0878036e-10)
(0.43489605 0.032339629 9.5995226e-10)
(0.45078387 0.030089895 1.0162435e-09)
(0.4646488 0.026952551 1.0700104e-09)
(0.47612315 0.023171195 1.112242e-09)
(0.48497511 0.018986342 1.1338322e-09)
(0.49110831 0.014613514 1.1271224e-09)
(0.49453225 0.010233919 1.0872666e-09)
(0.49534653 0.0059784117 1.013203e-09)
(0.49374646 0.0019403746 9.0791936e-10)
(0.4899571 -0.0018744217 7.78019e-10)
(0.48417751 -0.0054152719 6.3276023e-10)
(0.47662062 -0.0086696132 4.8258784e-10)
(0.46750173 -0.011669723 3.375596e-10)
(0.45701262 -0.014456338 2.0606433e-10)
(0.44532716 -0.017059258 9.3982187e-11)
(0.43260342 -0.019499027 4.4243288e-12)
(0.41899293 -0.021776926 -6.202782e-11)
(0.40465115 -0.02386911 -1.0674604e-10)
(0.38975015 -0.025722524 -1.3234304e-10)
(0.374492 -0.027253836 -1.4200663e-10)
(0.3591212 -0.02835275 -1.3899596e-10)
(0.34393301 -0.028890067 -1.2632465e-10)
(0.32927652 -0.028730706 -1.0661679e-10)
(0.31555073 -0.02775073 -8.2097579e-11)
(0.30319173 -0.02585667 -5.4665302e-11)
(0.29265115 -0.023004084 -2.6001353e-11)
(0.28436771 -0.019212061 2.3234473e-12)
(0.27873322 -0.014570921 2.8775617e-11)
(0.27605826 -0.0092409153 5.1827983e-11)
(0.27654193 -0.0034387314 6.9977863e-11)
(0.28023992 0.0025664871 8.1801846e-11)
(0.28705069 0.0084860322 8.6039655e-11)
(0.29675281 0.014015506 8.1696821e-11)
(0.30899196 0.018949386 6.8158215e-11)
(0.32328543 0.023088311 4.5314885e-11)
(0.33907991 0.026292655 1.3715058e-11)
(0.35578021 0.028485566 -2.5266938e-11)
(0.37278326 0.029649468 -6.9285926e-11)
(0.38951041 0.029817996 -1.1497788e-10)
(0.40543433 0.029065453 -1.5810194e-10)
(0.42009715 0.02749528 -1.9395041e-10)
(0.43312139 0.025228407 -2.1801868e-10)
(0.44421538 0.022392464 -2.268144e-10)
(0.45316574 0.019114852 -2.185677e-10)
(0.45983529 0.015518104 -1.936212e-10)
(0.46415282 0.011709702 -1.5433381e-10)
(0.46610851 0.007791095 -1.0452878e-10)
(0.46574272 0.0038600019 -4.8684079e-11)
(0.46318581 -4.9718736e-05 8.8715592e-12)
(0.45856788 -0.003858783 6.4561952e-11)
(0.45203132 -0.007482946 1.1582811e-10)
(0.44377812 -0.010856808 1.6116684e-10)
(0.43402975 -0.013947863 1.9994314e-10)
(0.42303709 -0.016703213 2.3214005e-10)
(0.41106625 -0.019072513 2.5811407e-10)
(0.39840034 -0.021005486 2.7840407e-10)
(0.3853352 -0.022453292 2.9360224e-10)
(0.3721761 -0.023371756 3.0428502e-10)
(0.35923214 -0.02372496 3.109789e-10)
(0.34681073 -0.023489555 3.1415699e-10)
(0.33521025 -0.022659472 3.1425317e-10)
(0.32470957 -0.021248028 3.1168305e-10)
(0.31556095 -0.019290882 3.0687565e-10)
(0.30797914 -0.016846292 3.0029752e-10)
(0.30213251 -0.01399115 2.9247231e-10)
(0.2981398 -0.0108198 2.8400275e-10)
(0.2960622 -0.0074331987 2.7556376e-10)
(0.29590676 -0.0039400083 2.6790116e-10)
(0.29761703 -0.00044297337 2.6179993e-10)
(0.301084 0.0029521661 2.5804396e-10)
(0.30616235 0.0061465985 2.5735867e-10)
(0.31267108 0.0090561705 2.6034859e-10)
(0.32039336 0.011625722 2.6742083e-10)
(0.32908576 0.013801952 2.7871726e-10)
(0.33849167 0.01554534 2.9406111e-10)
(0.34834629 0.016829753 3.1292916e-10)
(0.35838431 0.017641408 3.344654e-10)
(0.36834532 0.017978191 3.5754042e-10)
(0.37798 0.017849774 3.808575e-10)
(0.38705687 0.017275859 4.0309863e-10)
(0.39536348 0.016286772 4.2307701e-10)
(0.40271614 0.014921419 4.3988724e-10)
(0.40895641 0.013227225 4.5299493e-10)
(0.41396137 0.011257157 4.6228209e-10)
(0.41763934 0.0090697615 4.6800342e-10)
(0.41993084 0.0067250605 4.7070398e-10)
(0.42081688 0.0042847877 4.7110199e-10)
(0.42030916 0.0018111284 4.6996063e-10)
(0.41847002 -0.00066373057 4.6799482e-10)
(0.41537975 -0.0030681305 4.6581138e-10)
(0.41112241 -0.0053434031 4.6387869e-10)
(0.40582071 -0.0074501219 4.6251686e-10)
(0.39961957 -0.009353502 4.6191943e-10)
(0.3926785 -0.011017639 4.6217759e-10)
(0.38516761 -0.012411442 4.633047e-10)
(0.37726789 -0.013505838 4.6526173e-10)
(0.36916488 -0.014275501 4.6797173e-10)
(0.36105172 -0.014696115 4.7133738e-10)
(0.35311951 -0.014749129 4.7524546e-10)
(0.3455667 -0.014415265 4.7958035e-10)
(0.33858048 -0.013685231 4.8421538e-10)
(0.33235642 -0.012545454 4.8903963e-10)
(0.32707236 -0.010999091 4.9390424e-10)
(0.32289066 -0.0090370289 4.987423e-10)
(0.32002641 -0.0066769604 5.033213e-10)
(0.31844366 -0.0038943833 5.0773234e-10)
(0.31867307 -0.00073832185 5.114606e-10)
(0.31962855 0.0031653887 5.1515248e-10)
(0.32618998 0.0076445894 5.1764139e-10)
(0.21117036 0.0012844781 -3.4536306e-15)
(0.21347876 0.0032562016 1.0855745e-14)
(0.21795563 0.0052276512 4.067097e-15)
(0.22431174 0.0071019545 1.4408886e-14)
(0.23277932 0.0089784758 2.2051194e-14)
(0.24343735 0.0108944 1.861876e-14)
(0.25631562 0.012864425 2.9318297e-14)
(0.27144614 0.014887801 3.4050149e-14)
(0.28884975 0.016942395 2.4885373e-14)
(0.30851447 0.018982639 3.9416317e-14)
(0.33037854 0.020942936 3.4650909e-14)
(0.35431761 0.022741373 1.4194146e-14)
(0.38013381 0.024284401 4.0287132e-15)
(0.40754907 0.025472926 -1.1915638e-14)
(0.43620294 0.02620998 -3.0712691e-14)
(0.46565727 0.026409244 -6.1357235e-14)
(0.49540525 0.026004408 -1.2085628e-13)
(0.52489051 0.024958733 -2.0755685e-13)
(0.55352989 0.023272157 -2.9785579e-13)
(0.58073924 0.02098366 -3.7232791e-13)
(0.60597464 0.018173577 -4.3540505e-13)
(0.62873859 0.014947658 -5.0594105e-13)
(0.64862403 0.011432585 -5.9693609e-13)
(0.66533755 0.0077790046 -7.0403556e-13)
(0.67854976 0.0040628951 -8.0405737e-13)
(0.68822368 0.00051974089 -8.7081557e-13)
(0.69443543 -0.0028043726 -8.8930156e-13)
(0.69679569 -0.006147857 -8.5287989e-13)
(0.69551631 -0.0093231258 -7.7256538e-13)
(0.69074517 -0.012167278 -6.6367612e-13)
(0.68237909 -0.014733346 -5.3313383e-13)
(0.67046766 -0.017026384 -3.8271465e-13)
(0.65508951 -0.019031928 -2.137519e-13)
(0.63636261 -0.020723405 -3.5572732e-14)
(0.6144484 -0.022075079 1.3424737e-13)
(0.58957713 -0.023064702 2.767235e-13)
(0.56206678 -0.023681948 3.7860176e-13)
(0.53232754 -0.02394227 4.3454942e-13)
(0.50084926 -0.023899432 4.4487023e-13)
(0.46816919 -0.023649608 4.1240422e-13)
(0.43482367 -0.023321383 3.4064759e-13)
(0.40129723 -0.023050195 2.3286493e-13)
(0.36798223 -0.022943826 9.1628846e-14)
(0.33517084 -0.023052203 -8.1394573e-14)
(0.30308431 -0.023346375 -2.857774e-13)
(0.27192512 -0.023712101 -5.2264588e-13)
(0.24193845 -0.023966744 -7.9592758e-13)
(0.21345893 -0.023898605 -1.1131155e-12)
(0.1869193 -0.023319142 -1.4860203e-12)
(0.16281689 -0.022110705 -1.9309914e-12)
(0.14166097 -0.02023625 -2.4681691e-12)
(0.12392103 -0.017742353 -3.1216466e-12)
(0.11008396 -0.014727051 -3.9195968e-12)
(0.10038198 -0.011295005 -4.8758612e-12)
(0.09484411 -0.007571314 -5.9629751e-12)
(0.093351379 -0.0036984313 -7.0786174e-12)
(0.095599384 0.00016205971 -8.0289136e-12)
(0.10136002 0.0040068306 -8.5318042e-12)
(0.11057107 0.0076631813 -8.2901382e-12)
(0.12283373 0.010973036 -7.1078998e-12)
(0.13769299 0.013788363 -5.0142587e-12)
(0.15457318 0.016120523 -2.3165137e-12)
(0.17282537 0.017826175 4.3268156e-13)
(0.1918249 0.018889134 2.5615888e-12)
(0.2109633 0.019346646 3.4537623e-12)
(0.22970026 0.019277088 2.6750621e-12)
(0.24759122 0.018769973 -1.4566895e-15)
(0.26427945 0.017902605 -4.6604487e-12)
(0.27948177 0.016732249 -1.1351329e-11)
(0.29296568 0.015297148 -2.0173759e-11)
(0.30453996 0.013623286 -3.1288598e-11)
(0.31404657 0.011737009 -4.4824786e-11)
(0.32137142 0.0096777479 -6.0696379e-11)
(0.32646511 0.0075105107 -7.8331144e-11)
(0.3293603 0.0053204824 -9.6475738e-11)
(0.33019159 0.003197442 -1.1306612e-10)
(0.32917417 0.0012213411 -1.2525692e-10)
(0.3266124 -0.00053271346 -1.2966118e-10)
(0.32283079 -0.0020166497 -1.2280931e-10)
(0.31820011 -0.0031403954 -1.0216073e-10)
(0.31311894 -0.0038919195 -6.6391704e-11)
(0.30790153 -0.0043080613 -1.5021147e-11)
(0.30277029 -0.0044595096 4.7997114e-11)
(0.2978284 -0.0044538234 1.1521471e-10)
(0.29306082 -0.0043987328 1.8073962e-10)
(0.28834947 -0.0043893061 2.415784e-10)
(0.28350757 -0.0045149576 2.9469606e-10)
(0.27829726 -0.0048581828 3.374069e-10)
(0.27246221 -0.0054626982 3.6901357e-10)
(0.26578058 -0.0063171015 3.9096227e-10)
(0.2581167 -0.0073651702 4.0562247e-10)
(0.24944419 -0.0085227584 4.1515727e-10)
(0.23984762 -0.0096908211 4.2114494e-10)
(0.22950898 -0.010764231 4.2461401e-10)
(0.21869725 -0.011636167 4.2625467e-10)
(0.20775494 -0.01220182 4.2655667e-10)
(0.19708387 -0.012363639 4.259319e-10)
(0.18713274 -0.012036713 4.2482378e-10)
(0.17837524 -0.011161796 4.2373351e-10)
(0.17128479 -0.0097130868 4.2327692e-10)
(0.16630961 -0.0077048969 4.2418844e-10)
(0.1638315 -0.0052060095 4.2727058e-10)
(0.16411664 -0.002321313 4.3335409e-10)
(0.16728126 0.00081708415 4.4324231e-10)
(0.17338091 0.0041077266 4.5760546e-10)
(0.18229352 0.007289114 4.7685896e-10)
(0.19365708 0.010168977 5.0102105e-10)
(0.20702441 0.012588871 5.2960923e-10)
(0.2218422 0.014427793 5.6150623e-10)
(0.23749347 0.015613803 5.9488932e-10)
(0.25334453 0.016129001 6.2723721e-10)
(0.26878917 0.016005192 6.5546648e-10)
(0.28328744 0.015315744 6.7620262e-10)
(0.29639187 0.014160529 6.8618656e-10)
(0.30776364 0.012653953 6.8274132e-10)
(0.3171758 0.010909715 6.6422207e-10)
(0.3245041 0.0090326311 6.3034102e-10)
(0.32971552 0.0071107346 5.8231692e-10)
(0.3328431 0.0052178661 5.227778e-10)
(0.33397859 0.0034105828 4.5546866e-10)
(0.33325675 0.0017038349 3.8480926e-10)
(0.33082604 9.112325e-05 3.1508821e-10)
(0.32680666 -0.0014451858 2.5038868e-10)
(0.32128624 -0.0029235498 1.9370972e-10)
(0.31438778 -0.0043423231 1.4707837e-10)
(0.306218 -0.0057185635 1.1127468e-10)
(0.29686532 -0.0070727662 8.605539e-11)
(0.28642024 -0.0084121841 7.0416533e-11)
(0.27498307 -0.0097300926 6.2867494e-11)
(0.262677 -0.011002633 6.1693059e-11)
(0.24966168 -0.012186732 6.5157806e-11)
(0.23614539 -0.013220444 7.1639326e-11)
(0.22239338 -0.014026222 7.9699747e-11)
(0.20873063 -0.014517561 8.8107839e-11)
(0.19553719 -0.014608639 9.5827942e-11)
(0.18323491 -0.014225933 1.0199297e-10)
(0.17226585 -0.013320227 1.0587408e-10)
(0.16306453 -0.011877236 1.0685765e-10)
(0.156027 -0.0099253921 1.0443591e-10)
(0.15148009 -0.007538332 9.8213509e-11)
(0.14964871 -0.0048293792 8.7930817e-11)
(0.150627 -0.0019339766 7.3501173e-11)
(0.15435007 0.0010233202 5.5059587e-11)
(0.16071494 0.0039580679 3.3007585e-11)
(0.16948811 0.0066741243 8.0762603e-12)
(0.18026701 0.0090552414 -1.8668554e-11)
(0.19262581 0.011021013 -4.583491e-11)
(0.20609562 0.012519855 -7.1749584e-11)
(0.22019248 0.013529713 -9.4575123e-11)
(0.2344426 0.014055048 -1.1248788e-10)
(0.24840236 0.014122452 -1.2390371e-10)
(0.26167293 0.013774474 -1.2771916e-10)
(0.2739099 0.013063154 -1.2351142e-10)
(0.28482844 0.012045882 -1.1163798e-10)
(0.29420204 0.010780158 -9.319972e-11)
(0.3018622 0.0093203089 -6.9872106e-11)
(0.30769452 0.0077170544 -4.3627915e-11)
(0.31163246 0.0060198641 -1.6436834e-11)
(0.31365103 0.0042742371 9.9758084e-12)
(0.31377378 0.0025287122 3.4258056e-11)
(0.31207137 0.00077661501 5.562877e-11)
(0.30864047 -0.00095927528 7.36646e-11)
(0.30355141 -0.0026848637 8.824751e-11)
(0.29693156 -0.0043414823 9.9556149e-11)
(0.28896732 -0.0058947776 1.0790951e-10)
(0.27984399 -0.0073215329 1.1370886e-10)
(0.26977587 -0.0085917912 1.1737958e-10)
(0.25900072 -0.009672454 1.1934351e-10)
(0.24777666 -0.010530063 1.2000469e-10)
(0.23637783 -0.011132994 1.1974172e-10)
(0.22508838 -0.011454448 1.1890763e-10)
(0.21419445 -0.011475425 1.1783303e-10)
(0.20397407 -0.011187158 1.168284e-10)
(0.19468816 -0.010593429 1.1618927e-10)
(0.18656931 -0.0097110025 1.1619558e-10)
(0.1798133 -0.008569486 1.1710967e-10)
(0.17457229 -0.0072099215 1.1917272e-10)
(0.17095034 -0.0056835037 1.2259302e-10)
(0.16899939 -0.0040478818 1.2753519e-10)
(0.16871807 -0.0023655706 1.3410347e-10)
(0.17004732 -0.00068422311 1.4232429e-10)
(0.17288846 0.00096378165 1.5213244e-10)
(0.17713607 0.0025428701 1.633712e-10)
(0.18263172 0.0039925094 1.7576345e-10)
(0.18917678 0.0052770107 1.8893965e-10)
(0.19656724 0.0063719118 2.0245236e-10)
(0.20458579 0.0072582152 2.1580256e-10)
(0.21300862 0.0079231163 2.2848218e-10)
(0.22161039 0.008359972 2.4002059e-10)
(0.23016972 0.0085680716 2.5003171e-10)
(0.23847433 0.0085521705 2.5825378e-10)
(0.24632468 0.0083223288 2.6457243e-10)
(0.25353976 0.0078933458 2.6902813e-10)
(0.25995905 0.0072839787 2.7179805e-10)
(0.26544694 0.00651655 2.7316597e-10)
(0.26989474 0.0056156539 2.7347833e-10)
(0.27322074 0.0046084607 2.7309902e-10)
(0.27537205 0.0035266598 2.7237212e-10)
(0.27632592 0.0024000156 2.7159394e-10)
(0.27609484 0.0012639835 2.7099629e-10)
(0.27472359 0.00012471268 2.7074695e-10)
(0.27226107 -0.001010273 2.7095374e-10)
(0.26876409 -0.002115386 2.716639e-10)
(0.26433755 -0.003156407 2.7288539e-10)
(0.25910029 -0.0041123495 2.7459574e-10)
(0.25318147 -0.0049668272 2.7675008e-10)
(0.24672597 -0.0057016329 2.7928889e-10)
(0.23988978 -0.0062991774 2.8214231e-10)
(0.2328402 -0.0067417122 2.8523565e-10)
(0.22575179 -0.0070130293 2.884904e-10)
(0.21880809 -0.007096371 2.9182856e-10)
(0.21219362 -0.0069784506 2.9516945e-10)
(0.20610049 -0.0066445633 2.9843846e-10)
(0.20071328 -0.0060857348 3.0155144e-10)
(0.1962201 -0.0052894432 3.0444926e-10)
(0.19280927 -0.0042462916 3.0702869e-10)
(0.19062376 -0.0029398567 3.092882e-10)
(0.18985829 -0.0013301887 3.1103834e-10)
(0.19049653 0.00079961275 3.124867e-10)
(0.19541762 0.0033805862 3.1315408e-10)
(0.072122855 0.00031171997 -5.8414083e-17)
(0.073552257 0.00068807682 2.4527896e-15)
(0.076021063 0.0010468091 1.2457905e-15)
(0.079376084 0.0013764913 3.7497259e-15)
(0.083781279 0.001714645 4.3712154e-15)
(0.089252744 0.0020684293 3.7765135e-15)
(0.095811018 0.002443638 5.4954852e-15)
(0.10349489 0.0028416004 5.0319782e-15)
(0.11233973 0.0032563249 2.9067491e-15)
(0.12236023 0.0036746618 2.7510781e-15)
(0.13353702 0.004077472 -1.4398409e-15)
(0.14580572 0.0044406732 -7.6334306e-15)
(0.15904786 0.0047366052 -1.2495041e-14)
(0.17308528 0.0049360499 -1.9869869e-14)
(0.18767879 0.0050108683 -3.086506e-14)
(0.20253241 0.0049371096 -4.582303e-14)
(0.21730266 0.004698412 -6.4273194e-14)
(0.23161486 0.0042890901 -8.3796044e-14)
(0.24508357 0.0037161764 -1.0172387e-13)
(0.25733729 0.002999414 -1.179446e-13)
(0.26804583 0.0021706303 -1.3453649e-13)
(0.27693574 0.0012685997 -1.5253401e-13)
(0.28384711 0.00033569872 -1.7009866e-13)
(0.28870363 -0.00054627996 -1.8316506e-13)
(0.29141351 -0.0013382428 -1.8499627e-13)
(0.29166233 -0.0019849283 -1.7352931e-13)
(0.2904915 -0.0023884739 -1.6130224e-13)
(0.28728146 -0.002919774 -1.3514667e-13)
(0.28226115 -0.0033401614 -1.0029727e-13)
(0.27585389 -0.0035883938 -6.2196013e-14)
(0.26808075 -0.0037169247 -2.1351968e-14)
(0.25914063 -0.0037391065 2.082155e-14)
(0.24923474 -0.0036598352 6.1559601e-14)
(0.23854869 -0.0034955518 9.7200982e-14)
(0.22726724 -0.0032691021 1.2430671e-13)
(0.21557418 -0.0030072334 1.4059346e-13)
(0.20364598 -0.0027401406 1.4512533e-13)
(0.19164212 -0.0024990946 1.3792803e-13)
(0.17969147 -0.0023136037 1.1948985e-13)
(0.16787564 -0.0022094994 9.0459389e-14)
(0.15621384 -0.0022081833 5.1508783e-14)
(0.1446558 -0.0023254518 3.3002289e-15)
(0.13308742 -0.0025684363 -5.3489904e-14)
(0.12135417 -0.0029320594 -1.1815979e-13)
(0.10929958 -0.0033961976 -1.900791e-13)
(0.096812011 -0.0039217053 -2.6887685e-13)
(0.083871786 -0.0044507424 -3.5473356e-13)
(0.070583976 -0.0049154583 -4.4838435e-13)
(0.057183596 -0.005252862 -5.5113409e-13)
(0.044011272 -0.0054192074 -6.6461054e-13)
(0.031473554 -0.0053939676 -7.9038907e-13)
(0.019978997 -0.0051789197 -9.2881419e-13)
(0.0097855175 -0.004751015 -1.0737329e-12)
(0.001219825 -0.0041167182 -1.2136954e-12)
(-0.0054004867 -0.0033270273 -1.3304072e-12)
(-0.0097828191 -0.0024504107 -1.3992575e-12)
(-0.011782517 -0.00155424 -1.389577e-12)
(-0.011418583 -0.00052365356 -1.2738413e-12)
(-0.0088514292 0.00050942013 -1.0384888e-12)
(-0.0042060116 0.0014727952 -7.0716304e-13)
(0.0024530671 0.0023103238 -3.4634949e-13)
(0.01078503 0.0030803371 -5.8056427e-14)
(0.020329224 0.0036910437 3.6482866e-14)
(0.030795748 0.004138438 -1.819061e-13)
(0.041815756 0.0044318006 -8.1371375e-13)
(0.053052064 0.0045907669 -1.9367426e-12)
(0.064218 0.004637626 -3.6140891e-12)
(0.075076244 0.0045906657 -5.9048846e-12)
(0.085429519 0.0044617857 -8.8672082e-12)
(0.095107249 0.0042561482 -1.2543791e-11)
(0.103956 0.0039745681 -1.6926613e-11)
(0.11183445 0.0036174845 -2.1904098e-11)
(0.11861687 0.0031897048 -2.7203463e-11)
(0.12420442 0.0027038853 -3.2346294e-11)
(0.12853421 0.002181057 -3.6648541e-11)
(0.13158626 0.001647645 -3.9256142e-11)
(0.13338115 0.0011227813 -3.925083e-11)
(0.13398354 0.00062936644 -3.5877409e-11)
(0.13359439 0.00015187459 -2.8758291e-11)
(0.13238929 -0.00025482845 -1.711601e-11)
(0.130598 -0.00054307074 -1.9301816e-12)
(0.1284198 -0.00072516719 1.5980404e-11)
(0.12604611 -0.00081304775 3.4840983e-11)
(0.12361821 -0.00082945644 5.2902288e-11)
(0.12121491 -0.00080270562 6.9066411e-11)
(0.1188512 -0.00076543991 8.2672546e-11)
(0.116482 -0.0007506909 9.3218765e-11)
(0.11400495 -0.00078948252 1.0062885e-10)
(0.1112739 -0.00090623379 1.0532859e-10)
(0.10812634 -0.0011118926 1.0800273e-10)
(0.10441373 -0.0014024833 1.093209e-10)
(0.10002398 -0.0017625628 1.0981457e-10)
(0.094896085 -0.002168529 1.0988304e-10)
(0.089027625 -0.0025909326 1.0982846e-10)
(0.082480226 -0.002995806 1.0989729e-10)
(0.075381644 -0.0033461675 1.1030155e-10)
(0.067925184 -0.0036042015 1.1123826e-10)
(0.060366217 -0.0037337219 1.1290345e-10)
(0.053011171 -0.0037052404 1.154889e-10)
(0.046201036 -0.00350066 1.1918303e-10)
(0.040292169 -0.0031188749 1.2415332e-10)
(0.035639649 -0.0025789729 1.3053026e-10)
(0.032575159 -0.0019078383 1.3837473e-10)
(0.031395323 -0.0011218565 1.4761995e-10)
(0.032166387 -0.00017924767 1.5812447e-10)
(0.034879649 0.0007798029 1.6984762e-10)
(0.039468762 0.0016778041 1.8212779e-10)
(0.045735423 0.0024731018 1.9444828e-10)
(0.0533805 0.0031272269 2.0610583e-10)
(0.06203988 0.0036140935 2.1628332e-10)
(0.071317895 0.0039230909 2.2412156e-10)
(0.080819097 0.0040582169 2.2880417e-10)
(0.090176944 0.0040358026 2.2965257e-10)
(0.099075235 0.0038802402 2.2622413e-10)
(0.10726151 0.003620665 2.1838833e-10)
(0.11455216 0.0032865543 2.0637116e-10)
(0.12082961 0.0029059263 1.9075587e-10)
(0.12603658 0.0025031997 1.7242938e-10)
(0.13016282 0.0021003836 1.5249807e-10)
(0.13323471 0.0017165252 1.3215235e-10)
(0.13529417 0.0013637687 1.1254858e-10)
(0.13637199 0.0010330293 9.4665047e-11)
(0.1365321 0.00070388006 7.9890677e-11)
(0.13583544 0.0003445347 6.7275611e-11)
(0.13429061 -1.9445418e-05 5.7567003e-11)
(0.1319477 -0.00038127186 5.1054657e-11)
(0.12879381 -0.00075987405 4.7160966e-11)
(0.12482797 -0.001161866 4.5419651e-11)
(0.12004323 -0.001589434 4.5314699e-11)
(0.11443861 -0.0020392197 4.6319797e-11)
(0.1080309 -0.0025010133 4.7934114e-11)
(0.10086728 -0.0029571054 4.9703785e-11)
(0.093037389 -0.0033826128 5.1232387e-11)
(0.084682834 -0.0037471048 5.2183597e-11)
(0.076001937 -0.0040174539 5.2279866e-11)
(0.067247654 -0.0041617427 5.1300397e-11)
(0.058717554 -0.0041538098 4.9080678e-11)
(0.050735843 -0.0039779154 4.5514806e-11)
(0.043629339 -0.0036330966 4.0560831e-11)
(0.037702923 -0.0031365347 3.4248386e-11)
(0.033223835 -0.0025227942 2.668694e-11)
(0.030411013 -0.00182907 1.8072654e-11)
(0.029427707 -0.0010783995 8.7300014e-12)
(0.030229651 -0.00023176109 -9.6691056e-13)
(0.032727325 0.00059253761 -1.0731303e-11)
(0.036801124 0.0013432029 -1.9857531e-11)
(0.042251071 0.0020006851 -2.7876758e-11)
(0.048822898 0.0025469954 -3.4299247e-11)
(0.056236381 0.002971637 -3.8709793e-11)
(0.064203275 0.0032719684 -4.0826554e-11)
(0.07244231 0.003451981 -4.0542888e-11)
(0.080691204 0.0035203986 -3.7949198e-11)
(0.088714972 0.0034889404 -3.3326391e-11)
(0.096310929 0.0033709659 -2.7110274e-11)
(0.10331013 0.0031797788 -1.9833328e-11)
(0.10957739 0.0029282473 -1.2055696e-11)
(0.11500933 0.0026286077 -4.295772e-12)
(0.11953188 0.0022930184 3.0179938e-12)
(0.123095 0.0019344153 9.5737372e-12)
(0.12566451 0.001567204 1.5183634e-11)
(0.12721058 0.0011964976 1.9775514e-11)
(0.12770438 0.00081107634 2.3291801e-11)
(0.1272044 0.00037167582 2.5875904e-11)
(0.12569125 -9.817827e-05 2.776188e-11)
(0.12323529 -0.00055241146 2.8886935e-11)
(0.11986662 -0.00099860675 2.9457391e-11)
(0.11565253 -0.0014300995 2.9626522e-11)
(0.11068031 -0.0018360769 2.9536572e-11)
(0.10505759 -0.0022042434 2.9323086e-11)
(0.098913666 -0.0025215086 2.9113102e-11)
(0.09239831 -0.0027750099 2.9024196e-11)
(0.085678595 -0.0029532324 2.9163454e-11)
(0.078933756 -0.0030471577 2.9625851e-11)
(0.072348634 -0.003051352 3.0492833e-11)
(0.066105506 -0.002964522 3.1829904e-11)
(0.060375815 -0.0027901104 3.3683571e-11)
(0.055312003 -0.0025362306 3.6079595e-11)
(0.051041127 -0.0022162102 3.9018384e-11)
(0.047660951 -0.0018478515 4.2475427e-11)
(0.045243649 -0.0014510979 4.6396071e-11)
(0.043842286 -0.0010386919 5.0699295e-11)
(0.043465568 -0.00060703444 5.5236464e-11)
(0.044057833 -0.00015192468 5.9940911e-11)
(0.045568809 0.00028931363 6.4706684e-11)
(0.047919341 0.0006955999 6.929211e-11)
(0.051020816 0.0010627436 7.3589575e-11)
(0.054760742 0.0013839219 7.747492e-11)
(0.059016151 0.0016537136 8.0848948e-11)
(0.063656773 0.0018683429 8.3647385e-11)
(0.068548794 0.0020256164 8.5845912e-11)
(0.07355846 0.0021249036 8.7460721e-11)
(0.078555231 0.0021669674 8.8544318e-11)
(0.083415225 0.0021538959 8.9178275e-11)
(0.088023581 0.0020888381 8.9462282e-11)
(0.09227716 0.0019760021 8.9503594e-11)
(0.096086458 0.0018204503 8.9406332e-11)
(0.099377089 0.0016284179 8.9263206e-11)
(0.10209138 0.0014078595 8.9150776e-11)
(0.10418714 0.0011688943 8.9126758e-11)
(0.1056322 0.00092214965 8.9230278e-11)
(0.10639314 0.00066687014 8.94854e-11)
(0.10647925 0.00039455925 8.9883089e-11)
(0.10590865 9.3348535e-05 9.0455595e-11)
(0.10469425 -0.00020662088 9.1179873e-11)
(0.10288338 -0.00049354756 9.2024265e-11)
(0.10051136 -0.00076802377 9.2975891e-11)
(0.097636396 -0.0010246108 9.4011822e-11)
(0.094326319 -0.0012573287 9.5107016e-11)
(0.090660385 -0.0014596717 9.6235883e-11)
(0.086728839 -0.0016249966 9.7372464e-11)
(0.082633548 -0.0017460978 9.8491397e-11)
(0.078486273 -0.0018161599 9.9567245e-11)
(0.074410174 -0.0018276505 1.0057645e-10)
(0.070535689 -0.001773959 1.014944e-10)
(0.067003928 -0.0016470517 1.0230196e-10)
(0.063963518 -0.0014380939 1.0297385e-10)
(0.061564355 -0.0011348169 1.0350458e-10)
(0.059966215 -0.00070979987 1.038611e-10)
(0.059588999 -9.2467666e-05 1.0408714e-10)
(0.061915166 0.00076670267 1.0415341e-10)
(1.6978221 -0.59703264 -0.00024933974)
(1.1697714 -0.53770534 -0.0014183313)
(0.53514269 -0.1083565 -0.00074258635)
(1.8102244 -0.75546837 0.00024934343)
(1.6978229 -0.59703285 0.00024972854)
(1.1697721 -0.5377056 0.0014184992)
(0.53514303 -0.1083565 0.00074265152)
(1.3154496 -0.28075008 -0.0003063909)
(0.34128378 -0.071150581 -0.0010461677)
(0.17637683 -0.015225326 8.0798946e-05)
(1.5060892 -0.42940059 0.0002832302)
(1.3154506 -0.28075045 0.00030597599)
(0.34128404 -0.071150525 0.0010461688)
(0.17638181 -0.015225573 -8.1131484e-05)
(0.96185951 -0.077064576 -0.00032273294)
(0.14396788 -0.0036760637 -7.854181e-05)
(0.091645162 0.0046459062 0.00019356582)
(1.1255275 -0.15759651 0.00032133197)
(0.96186005 -0.077064691 0.00032290508)
(0.14394337 -0.0036729291 8.2069588e-05)
(0.091645503 0.0046455659 -0.00019390645)
(0.76215122 -0.028335777 -0.00020909976)
(0.11445897 -0.00015071047 2.1619325e-05)
(0.1304898 0.020311956 0.0002284381)
(0.86658483 -0.030992782 0.00027053131)
(0.76215116 -0.028335778 0.00020960332)
(0.11445857 -0.00015075549 -2.1680358e-05)
(0.13048883 0.020311804 -0.00022800128)
(1.464579 -1.0670144 -0.00040331845)
(1.2464439 -1.0669006 -0.00081744139)
(0.49109895 -0.40372606 -0.0020180108)
(1.5188492 -1.1396055 0.00046300514)
(1.4645794 -1.0670143 0.00040348202)
(1.2464438 -1.0669006 0.0008179855)
(0.49109945 -0.40372641 0.0020179925)
(0.72092329 -0.33061462 6.9259221e-05)
(0.25010354 -0.16567857 -0.00022784192)
(1.4312928 -0.9463449 0.00069583361)
(0.72092453 -0.3306148 -6.9134415e-05)
(0.25010374 -0.16567874 0.00022786412)
(0.1511085 -0.022312586 -0.00021603221)
(0.47489842 -0.20401636 0.00084534349)
(0.15110863 -0.022312588 0.00021603654)
(0.011027774 -0.0025954349 3.545452e-06)
(0.025032634 -0.00088438895 1.4850392e-06)
(0.0110277 -0.002595413 -3.2822766e-06)
(0.053947012 -0.018278625 -0.00045863533)
(-0.011003461 -0.008073627 -2.4915606e-05)
(0.01766403 -0.0044684654 0.0001147626)
(0.053946506 -0.018278597 0.00045844686)
(-0.011003444 -0.0080736399 2.4848136e-05)
(0.036548751 -0.063041137 -6.2876077e-05)
(-0.022015817 -0.017715468 -0.00011202991)
(-0.047591497 -0.06765327 -0.0001066619)
(0.024073587 -0.039369668 0.00013059228)
(0.036548677 -0.063041137 6.2181189e-05)
(-0.022015887 -0.017715467 0.00011190057)
(-0.047591411 -0.067653254 0.00010623067)
(1.0574067 -1.0938901 -0.00067813289)
(0.90598099 -1.0970213 -0.0002236672)
(0.33208011 -0.40952222 0.00092065346)
(1.1272131 -1.1704442 0.00026440137)
(1.0574069 -1.09389 0.0006782442)
(0.90598088 -1.0970213 0.00022375753)
(0.33208011 -0.40952216 -0.00092061361)
(0.95094942 -0.93731571 0.00066844731)
(-0.05423313 -0.064157509 -0.00016101974)
(-0.05423323 -0.064157523 0.00016081179)
(-0.064352319 -0.14793327 -3.9204375e-05)
(-0.022674639 -0.030738884 7.0585301e-05)
(-0.074689146 -0.15116385 -6.0617952e-05)
(-0.067183691 -0.096552729 0.00010436552)
(-0.064352324 -0.14793326 3.9132455e-05)
(-0.022674641 -0.030738928 -7.058196e-05)
(-0.074689169 -0.15116384 6.0606557e-05)
(0.14818324 -0.22741135 6.6108704e-05)
(0.27721424 -0.54710862 -0.00050967173)
(0.73152814 -1.0257084 0.00010639117)
(0.14818315 -0.22741128 -6.6113926e-05)
(0.27721442 -0.54710851 0.00050971996)
(-0.072837342 -0.16069901 -0.00017333865)
(-0.033999979 -0.092230659 -5.2124995e-05)
(-0.010236125 -0.018600708 -6.9040696e-06)
(-0.072837201 -0.16069902 0.00017336503)
(-0.033999973 -0.092230678 5.2118478e-05)
(0.3665466 -0.67561783 -2.7726177e-06)
(0.4030903 -0.55953335 7.5123824e-05)
(0.094855204 -0.32495284 -0.00020114125)
(0.54771268 -0.7150314 -8.8089484e-06)
(0.36654687 -0.67561776 2.8073247e-06)
(0.40309031 -0.5595333 -7.5027837e-05)
(0.094855186 -0.32495267 0.00020120791)
(0.024476482 -0.11355968 1.63481e-05)
(0.17612113 -0.36185691 -0.00059984136)
(0.024476458 -0.11355961 -1.6322257e-05)
(-0.025147806 -0.06713 0.00012156426)
(-0.0045924555 -0.031973933 2.5580714e-06)
(-0.025147809 -0.067130115 -0.00012160192)
(-0.0045924652 -0.031973949 -2.524505e-06)
(-0.071705015 -0.27226965 -9.4456656e-06)
(-0.01884557 -0.10682907 -5.4657614e-05)
(-0.061429255 -0.25768677 6.5128364e-06)
(-0.05802132 -0.16050171 -9.1522769e-05)
(-0.071704899 -0.27226959 9.5440638e-06)
(-0.018845648 -0.10682893 5.476992e-05)
(-0.06142943 -0.25768668 -6.3093189e-06)
(0.066766502 -0.20809612 0.00016999081)
(0.24274215 -0.17167842 0.00019249119)
(0.017871757 -0.049583837 3.1440262e-05)
(0.3007646 -0.36757762 -0.00014611074)
(0.066766486 -0.20809598 -0.00016987978)
(0.24274237 -0.17167838 -0.0001920249)
(0.017871721 -0.049584159 -3.0749138e-05)
(-0.049512584 -0.23258405 7.5213053e-06)
(-0.0026872611 -0.058403771 1.5389728e-05)
(-0.034673164 -0.20409102 1.7256903e-05)
(-0.015377026 -0.079006757 -8.5894889e-05)
(-0.049512575 -0.23258406 -7.2730879e-06)
(-0.0026866811 -0.058396564 -1.4376661e-05)
(-0.034673297 -0.20409078 -1.6972377e-05)
(0.016765963 -0.0027847901 2.1155683e-05)
(0.28532947 0.23291914 0.00016587857)
(0.054165378 0.14858366 0.0001486615)
(0.23815761 0.035918547 -0.00020033175)
(0.016763495 -0.0027841505 -1.9329543e-05)
(0.28532974 0.23291915 -0.00016536937)
(0.054165505 0.14858322 -0.00014807049)
(-0.023795686 -0.17096386 2.8475353e-05)
(0.0062588484 -0.04535047 -1.5805341e-05)
(-0.018332315 -0.13535068 2.4726982e-05)
(-0.00023701641 -0.053775223 -4.3006199e-06)
(-0.023795632 -0.17096385 -2.825432e-05)
(0.0062591221 -0.045350455 1.5873135e-05)
(-0.01833237 -0.13535051 -2.4388445e-05)
(0.079895263 0.24904303 -9.738996e-05)
(0.51581355 0.58683399 1.0584457e-05)
(0.32813806 0.57830618 7.692301e-05)
(0.38083291 0.42663045 -8.3638038e-05)
(0.079895258 0.24904271 9.7776092e-05)
(0.51581351 0.58683396 -1.0502141e-05)
(0.32813759 0.57830589 -7.6738777e-05)
(0.15507372 0.31299263 0.0005247968)
(0.020204595 0.087877698 -2.6175833e-05)
(0.15507366 0.31299254 -0.00052463029)
(0.001757607 -0.015212606 7.2922311e-06)
(0.0054674029 -0.019351328 -2.2178848e-05)
(0.0017576825 -0.015212616 -7.2546492e-06)
(0.0054670624 -0.01935105 2.2159259e-05)
(-0.020531814 -0.10032431 5.9559818e-06)
(0.005415264 -0.041435981 4.6582584e-05)
(-0.026489782 -0.065539672 -2.5970398e-07)
(0.0061601677 -0.051865843 -6.7666132e-05)
(-0.020531974 -0.10032412 -5.5403531e-06)
(0.0054151553 -0.04143582 -4.6663637e-05)
(-0.026489942 -0.065539521 6.778856e-07)
(0.67973248 0.9273449 -1.4428422e-05)
(0.13612609 0.20808319 7.1075909e-05)
(0.24722879 0.47909463 0.00047720885)
(0.67973179 0.9273448 1.4520258e-05)
(0.13612599 0.20808307 -7.0999135e-05)
(0.0042020458 -0.0200572 -9.3312301e-07)
(-0.0025548015 0.0021729695 1.4682293e-06)
(-0.020165366 -0.0030428647 6.1593501e-05)
(0.0042019225 -0.020056932 8.7999984e-07)
(-0.0025548869 0.0021730762 -1.4845033e-06)
(-0.020165394 -0.0030426526 -6.1614483e-05)
(0.30758526 0.37726481 0.00086401257)
(1.0659138 1.0800639 -0.00020365014)
(0.99645007 1.0157443 -0.00056827779)
(0.84822028 1.0041803 0.00017627646)
(0.30758523 0.37726462 -0.00086399708)
(1.0659134 1.0800639 0.00020351384)
(0.99644987 1.0157443 0.00056828485)
(0.89605142 0.87621987 -0.00050723345)
(0.89605119 0.8762197 0.00050700878)
(-0.044083836 0.036217096 2.7384986e-05)
(-0.044083986 0.036217319 -2.7444181e-05)
(-0.03725779 0.010670946 4.0478291e-06)
(-0.050085715 0.032171992 -9.5351846e-06)
(-0.058436253 0.020453987 -6.195554e-06)
(-0.0093782468 0.0075870034 -5.6841346e-08)
(-0.037257888 0.010671107 -4.0993087e-06)
(-0.050085814 0.032172138 9.3931488e-06)
(-0.058436375 0.020454092 6.1380388e-06)
(0.45982531 0.37680545 -0.0018973351)
(1.4417791 1.0747462 -0.00037870909)
(1.3901588 1.0086684 -0.0003200962)
(1.180428 1.0029619 0.0006933064)
(0.45982499 0.37680505 0.0018974457)
(1.4417783 1.0747464 0.00037812814)
(1.3901574 1.0086684 0.00032001006)
(1.3555064 0.89708816 -0.00057744436)
(0.67182363 0.30961724 0.00010450346)
(0.23519798 0.15496905 0.00021684948)
(1.3555051 0.8970875 0.00057713454)
(0.67182266 0.3096169 -0.00010439834)
(0.43967493 0.19002295 -0.00075455498)
(0.13682226 0.020590824 -0.00019891592)
(0.43967422 0.19002266 0.00075466999)
(0.13682196 0.020590796 0.0001988993)
(0.018066622 0.0010835973 2.4604138e-06)
(0.0027151087 0.0045019128 -2.6891948e-05)
(0.018066616 0.0010835522 -2.4973147e-06)
(0.0027146207 0.0045021086 2.6766405e-05)
(-0.011208961 0.0075816211 -1.6130866e-05)
(0.003940208 0.007688353 -8.0480181e-05)
(0.014510609 0.029399926 -0.00030196989)
(-0.011209176 0.0075817015 1.6092147e-05)
(0.0039399414 0.0076885622 8.036391e-05)
(0.014510456 0.029400115 0.00030204742)
(-0.053003084 0.046838644 -2.6742087e-05)
(-0.009882254 0.04279402 -6.4198363e-05)
(-0.0068838915 0.048867814 -2.2258414e-05)
(-0.021488291 0.016317501 9.0336557e-05)
(-0.053003234 0.046838758 2.6748281e-05)
(-0.009882428 0.042794132 6.4229214e-05)
(-0.0068842314 0.048867886 2.2312112e-05)
(0.48385013 0.099707334 -0.00069187308)
(1.7092584 0.73097749 -0.00020028368)
(1.5869318 0.576456 -0.00020908615)
(1.0893515 0.50736696 0.0013637704)
(0.48384924 0.099707226 0.00069182522)
(1.7092572 0.73097721 0.00019987259)
(1.5869303 0.57645563 0.00020930261)
(0.14982134 0.013938159 6.9998282e-05)
(1.385621 0.41295867 -0.00024639596)
(1.1838567 0.26919453 -0.00027326209)
(0.30484282 0.065112951 0.00093082031)
(0.14980382 0.013937895 -7.5416396e-05)
(1.3856207 0.41295885 0.00024642582)
(1.1838551 0.26919479 0.0002734123)
(0.069955578 -0.0027566558 0.00015191001)
(0.98474633 0.15355873 -0.00028774986)
(0.81576044 0.08149483 -0.00027806862)
(0.11951519 0.0036946571 7.7655047e-05)
(0.069955609 -0.0027566179 -0.00015206482)
(0.98474564 0.1535587 0.00028775223)
(0.8157598 0.081494726 0.00027813578)
(0.086808713 -0.0086998555 0.00011733404)
(0.71098668 0.045370068 -0.00021081401)
(0.60043455 0.047854853 -0.00016823385)
(0.085703024 0.0016905249 -3.9510099e-05)
(0.086808749 -0.0086996397 -0.00011736071)
(0.71098607 0.045370048 0.00021078408)
(0.60043405 0.047854869 0.00016832675)
(1.868921 -0.8653117 -0.00027397058)
(1.6857206 -0.96079556 -0.00025487482)
(1.5630421 -0.78951439 -0.00049498551)
(1.8537229 -0.96765196 0.0001639948)
(1.8689215 -0.86531149 0.00027447335)
(1.6857206 -0.96079579 0.00025556344)
(1.5630433 -0.78951412 0.00049568956)
(0.66490019 -0.017174345 -0.00010617804)
(0.22073005 0.012316928 -0.0002680642)
(0.23140594 -0.0061080203 -0.00018777783)
(0.70078666 -0.0090648913 0.00014660696)
(0.66490015 -0.017174258 0.00010687281)
(0.22072981 0.012316928 0.00026884286)
(0.231406 -0.0061079878 0.00018817359)
(0.46899803 -0.20156321 -0.00037256568)
(0.38122595 -0.14191816 -0.00022786126)
(0.37740383 -0.1401036 0.00011192933)
(0.024551593 -0.00076850283 -2.0215664e-05)
(0.027697107 0.0028775939 -1.1242518e-05)
(0.027291096 0.0027850719 3.8987186e-05)
(-0.008347841 -0.0086304313 -5.5154e-05)
(0.01747769 -0.0044102882 -4.5163996e-05)
(0.035877204 -0.0076375839 -0.00022769683)
(-0.0010135941 -0.0038169848 -4.0060935e-05)
(0.03521353 -0.0077406462 -6.018415e-05)
(-0.00098943307 -0.0037144334 -7.7979785e-06)
(-0.0083720495 -0.0087376656 -0.00011326443)
(0.26771423 -0.27364854 -0.00018187288)
(0.94918653 -0.93602972 -2.4251152e-05)
(0.67034885 -0.61181903 -0.00051217098)
(0.6437288 -0.6636738 -0.00024400344)
(0.66684915 -0.60867675 6.24372e-05)
(0.64133736 -0.66166834 -6.5867655e-05)
(0.27214226 -0.27743737 -0.00027448618)
(-0.014606006 -0.013453604 5.3656416e-06)
(-0.014363622 -0.013228286 1.7065702e-05)
(0.75914155 -1.0287732 -8.247589e-05)
(0.6788086 -0.85145781 -9.4499145e-06)
(0.54709897 -0.87851236 -4.6298292e-05)
(0.85952309 -0.91445571 1.3612807e-05)
(0.75914162 -1.0287732 8.2482559e-05)
(0.67880859 -0.85145783 9.4401465e-06)
(0.54709891 -0.87851229 4.6311513e-05)
(-0.013013756 -0.025755443 -1.7209662e-05)
(-0.010027707 -0.018339855 -2.8301762e-06)
(-0.031095251 -0.057234625 -3.8961668e-05)
(-0.030730212 -0.056794307 -1.9215724e-05)
(-0.013242015 -0.026220867 -2.8715229e-05)
(-0.062089793 -0.26208517 -1.5823531e-06)
(-0.071446301 -0.21156606 -1.0677597e-05)
(-0.066505461 -0.27051739 -4.6475147e-06)
(-0.073874732 -0.22008844 2.3828443e-05)
(-0.062089776 -0.26208517 1.6547007e-06)
(-0.071446295 -0.21156607 1.0687409e-05)
(-0.066505604 -0.27051735 4.7139816e-06)
(0.17461897 -0.35757229 0.00046643097)
(0.11993295 -0.29755024 0.00019746326)
(0.11872786 -0.29450961 -1.1259543e-06)
(-0.025088327 -0.15600515 -2.4542066e-05)
(-0.015284232 -0.078073792 8.7148501e-05)
(-0.035440597 -0.17106236 -1.2253024e-05)
(-0.010603291 -0.069891929 -5.8297118e-07)
(-0.035467562 -0.170588 4.151983e-06)
(-0.010507272 -0.069242969 -5.91864e-06)
(-0.025180206 -0.15646973 -1.8024279e-05)
(0.00088110712 -0.11268923 2.7139634e-05)
(-0.00019408899 -0.05319082 -6.8931568e-06)
(-0.0064890449 -0.12372425 5.7375911e-05)
(0.002367562 -0.049691527 1.9644435e-05)
(-0.0063761697 -0.12336023 2.5101668e-05)
(0.0023694791 -0.049165024 6.2611793e-06)
(0.00078907751 -0.11302122 8.5933768e-05)
(0.0196036 0.086338197 -8.0213025e-05)
(0.060111681 0.19069851 0.00035185412)
(0.059142011 0.18813346 0.00011125411)
(0.0020916355 -0.078112463 -6.9041615e-06)
(0.0061267163 -0.051486901 2.1382108e-05)
(-0.00045406622 -0.086465753 4.0434563e-05)
(0.0090133684 -0.056087136 2.6914326e-05)
(-0.00039390392 -0.086373894 1.8382092e-05)
(0.0090832543 -0.055871199 -1.4041108e-06)
(0.0020425329 -0.078124531 8.489881e-06)
(0.50467487 0.77036229 1.5881265e-05)
(0.81597795 0.79652903 -1.3840108e-05)
(0.71255882 0.91907715 -4.1611445e-05)
(0.6442464 0.7288352 8.6984385e-06)
(0.50467466 0.77036222 -1.5684974e-05)
(0.81597779 0.79652912 1.3919916e-05)
(0.71255892 0.91907709 4.1697276e-05)
(0.20443964 0.35632115 0.0008820537)
(0.24552587 0.47706139 -0.00046707743)
(0.085940994 0.18971632 -0.00010660132)
(0.42350459 0.66501161 0.00039585122)
(0.084051875 0.18726428 -0.00030224012)
(0.42299974 0.66329647 0.00046739134)
(0.20666365 0.36046519 0.0011922235)
(-0.040030493 -0.033652017 -2.2621107e-07)
(-0.02873456 -0.012992425 -2.1939667e-06)
(-0.048611337 -0.0085182821 -3.0423093e-06)
(-0.008562632 -0.034718879 -6.2144481e-06)
(-0.040030526 -0.03365198 5.6446085e-07)
(-0.028734607 -0.012992313 2.3240404e-06)
(-0.048611412 -0.0085182491 3.2977091e-06)
(0.23095165 0.245462 -0.00017337524)
(0.22759528 0.24128118 9.1535913e-06)
(-0.031827465 0.019720112 2.5506039e-05)
(-0.0092408189 0.0074858314 -3.5466509e-06)
(-0.019192665 0.01090338 -1.3063103e-05)
(-0.019861133 0.01530637 -1.359104e-05)
(-0.019060254 0.01088749 -1.6820001e-05)
(-0.019688554 0.015212717 -1.4517685e-05)
(-0.031947748 0.019709859 4.7503174e-05)
(0.26103122 0.15234048 0.00038826581)
(0.23230836 0.15208953 0.00010872256)
(0.64309207 0.4304308 0.00084706859)
(0.63827811 0.42636772 0.00085913168)
(0.26556969 0.15541998 0.00035945786)
(-0.042175018 0.041191222 -2.3277323e-05)
(-0.021161721 0.01613621 -6.0512634e-05)
(-0.032895581 0.027872751 2.1807151e-06)
(-0.03507803 0.031561367 -2.9200192e-05)
(-0.032607286 0.027682746 6.4200512e-06)
(-0.035033802 0.031543239 5.956522e-07)
(-0.042141284 0.041249195 -6.0126074e-05)
(1.4742114 0.75284163 -0.00041449783)
(1.7662381 0.92811641 -0.00013133196)
(1.7737809 0.83660455 -0.00022255786)
(1.5997293 0.91667294 0.00020073573)
(1.4742096 0.75284151 0.0004141886)
(1.7662366 0.92811647 0.00013069756)
(1.7737802 0.83660469 0.00022215338)
(0.68844013 0.15789429 0.00034001215)
(0.30124587 0.064965068 -0.00042896666)
(0.23554532 0.045301045 7.5046354e-06)
(0.83368951 0.22803743 -0.00022414315)
(0.23328349 0.044942734 0.00014656171)
(0.83014179 0.22753972 0.00013876889)
(0.69187936 0.1589297 0.00012872881)
(0.37910567 0.019210266 0.00015128036)
(0.11808077 0.0035825551 2.6581135e-05)
(0.095471785 -0.00055833181 -2.2790891e-05)
(0.44122742 0.034142135 -0.00022823899)
(0.094299995 -0.00052798249 7.568185e-05)
(0.4386107 0.033546229 2.2328127e-05)
(0.38159562 0.019685514 -5.0442929e-05)
(0.29449339 -0.0025193695 -4.281691e-05)
(0.084785818 0.001456906 -5.1227227e-05)
(0.1095434 -0.0056882262 2.8457079e-05)
(0.30319701 -0.0038309393 -0.00031422446)
(0.10846375 -0.0057082239 6.5723142e-05)
(0.30176796 -0.0039357136 -0.00010874981)
(0.29514432 -0.0023616956 -0.00017921941)
(0.14299947 0.025710135 -0.00013052031)
(0.53498456 0.033873284 -0.0001151218)
(0.49244093 0.043144744 -7.7303269e-05)
(0.14427458 0.0045690661 0.00022331459)
(0.14299933 0.025710212 0.00013059431)
(0.5349844 0.033873302 0.00011520524)
(0.4924406 0.043144762 7.7436723e-05)
(1.2853087 -0.48567853 -0.00014411763)
(0.53189929 -0.10772832 5.3162273e-05)
(1.0979713 -0.32679589 0.00013761348)
(0.84894512 -0.28951489 -0.00098540302)
(1.0956695 -0.32588633 0.00060587098)
(0.84481979 -0.28760584 -0.00035394352)
(1.2859217 -0.48547062 -0.00067342834)
(1.2853093 -0.48567875 0.00014439212)
(0.53189959 -0.10772832 -5.312618e-05)
(1.0979723 -0.32679608 -0.00013748565)
(0.8489455 -0.28951515 0.00098550821)
(1.0956697 -0.32588641 -0.00060579226)
(0.84482008 -0.2876059 0.00035403841)
(1.2859229 -0.48547105 0.00067377738)
(0.76921852 -0.16965009 0.00039652266)
(0.33723119 -0.071051002 -0.0004921965)
(0.91954313 -0.24424197 -0.00021761704)
(0.26743939 -0.049750215 -1.2845197e-05)
(0.91575165 -0.24382441 0.00018392133)
(0.26487991 -0.049406401 0.00014705171)
(0.77293762 -0.17065769 0.00015953729)
(0.67262101 -0.11130681 0.00017896263)
(0.17417796 -0.015053204 0.0001423526)
(0.58979984 -0.072147778 9.3919152e-05)
(0.21714175 -0.028494506 5.8599217e-05)
(0.58646605 -0.071286296 0.00027361857)
(0.21459653 -0.028057629 0.00014982366)
(0.67611275 -0.11234543 -9.237364e-05)
(0.76921898 -0.16965009 -0.00039659922)
(0.33723126 -0.071051025 0.00049211889)
(0.91954376 -0.24424207 0.00021761859)
(0.26743954 -0.04975026 1.2788083e-05)
(0.91575209 -0.24382443 -0.00018396651)
(0.2648799 -0.049406397 -0.00014714496)
(0.77293789 -0.17065781 -0.00015946225)
(0.67262082 -0.11130684 -0.00017912574)
(0.17417879 -0.015053238 -0.00014279861)
(0.58980751 -0.072148656 -9.4392923e-05)
(0.2171416 -0.028494712 -5.8835796e-05)
(0.58646705 -0.071286442 -0.00027424651)
(0.21459651 -0.028057648 -0.00015005703)
(0.67611269 -0.11234571 9.2277068e-05)
(0.45075128 -0.017225154 0.00017911064)
(0.14223346 -0.003584556 3.3567292e-05)
(0.51596188 -0.035072332 -0.0002028635)
(0.11787822 0.0015650919 -3.2705684e-05)
(0.5129746 -0.034459972 5.8638714e-05)
(0.11643195 0.0014993536 7.4670661e-05)
(0.45363978 -0.01770332 -3.996281e-05)
(0.40032238 0.0037695686 1.4901124e-05)
(0.090078131 0.0048128498 0.00011160924)
(0.38394457 0.0056896939 -0.000208706)
(0.099685635 0.0061728835 -0.00013248897)
(0.38139697 0.0060234711 1.9150371e-05)
(0.098485936 0.0061302744 -1.7585197e-05)
(0.4030244 0.0035023808 -0.00029007001)
(0.45075139 -0.017225714 -0.00018292979)
(0.14223243 -0.0035840864 -2.8747564e-05)
(0.51593303 -0.035062901 0.00020711086)
(0.11786361 0.0015637793 2.8259598e-05)
(0.51297365 -0.034459123 -5.3025527e-05)
(0.11643156 0.0014989944 -7.9144331e-05)
(0.45361894 -0.017702568 3.5811137e-05)
(0.40032263 0.0037692794 -1.6830247e-05)
(0.090078581 0.0048127812 -0.00011197479)
(0.38394404 0.005689426 0.00020829726)
(0.099688682 0.0061722737 0.00013110669)
(0.38139686 0.0060233201 -1.9561136e-05)
(0.098486662 0.0061301313 1.612248e-05)
(0.40302483 0.0035019218 0.00028825406)
(0.37855428 0.0141717 -8.9442805e-05)
(0.11333398 0.00014711077 -8.6874009e-05)
(0.3816263 0.013074648 -0.00046249761)
(0.14914479 0.011265821 4.2212631e-05)
(0.37992835 0.013167583 -0.00019271414)
(0.1478181 0.011305018 7.9335256e-05)
(0.3793235 0.013963959 -0.00027243019)
(0.37855426 0.014171642 8.9489416e-05)
(0.113334 0.00014706832 8.6714669e-05)
(0.38162545 0.013074541 0.00046235701)
(0.14914431 0.011265725 -4.217028e-05)
(0.37992781 0.013167507 0.00019259952)
(0.1478179 0.011305007 -7.9396706e-05)
(0.3793221 0.013963812 0.00027251874)
(1.1342242 -0.92436114 0.00053572408)
(0.48378648 -0.3995217 -0.0014713544)
(0.95977476 -0.75505835 -7.3347718e-05)
(0.76510411 -0.64768481 -0.00016582122)
(0.95605424 -0.75526094 0.00014719536)
(0.76254946 -0.64699827 3.6959142e-05)
(1.135467 -0.92443612 0.00028652258)
(1.1342244 -0.92436113 -0.00053548657)
(0.48378671 -0.39952182 0.0014712141)
(0.95977489 -0.75505868 7.3536874e-05)
(0.76510477 -0.64768485 0.0001659544)
(0.95605486 -0.75526118 -0.00014724016)
(0.76254973 -0.64699833 -3.6855877e-05)
(1.1354675 -0.92443601 -0.00028630071)
(0.47559989 -0.26057898 -0.0012710856)
(0.71620373 -0.3276553 0.00063399816)
(1.0775549 -0.6272618 -0.0010461522)
(0.24033429 -0.098818616 -0.00022544404)
(1.0729283 -0.62634356 -0.0003511825)
(0.23733602 -0.096722856 0.0002251923)
(0.48212475 -0.26363549 -0.0020259694)
(0.27788451 -0.16188156 0.00040585437)
(0.24706847 -0.16260993 0.00012389733)
(0.68269092 -0.45770503 0.00087625433)
(0.6777848 -0.45358212 0.00091755376)
(0.28290993 -0.16526574 0.00036538567)
(0.4756001 -0.26057907 0.0012713567)
(0.71620425 -0.32765538 -0.00063397165)
(1.0775556 -0.627262 0.0010466885)
(0.24033448 -0.09881863 0.00022548474)
(1.0729289 -0.62634375 0.00035196373)
(0.23733601 -0.096722843 -0.0002251832)
(0.482125 -0.26363571 0.002026164)
(0.27788466 -0.16188161 -0.00040571181)
(0.24706858 -0.16261002 -0.00012393107)
(0.6826914 -0.45770536 -0.00087608564)
(0.67778461 -0.45358224 -0.00091748388)
(0.28291018 -0.16526594 -0.00036531978)
(0.14841119 -0.021803939 9.8771886e-05)
(0.30670116 -0.087438767 -0.00041574866)
(0.30227572 -0.08575326 -3.4640275e-05)
(0.46899823 -0.20156328 0.00037217322)
(0.3812263 -0.14191834 0.00022775153)
(0.37740396 -0.14010367 -0.00011215117)
(0.1484112 -0.021803934 -9.8767631e-05)
(0.3067014 -0.08743884 0.00041573822)
(0.30227581 -0.085753293 3.4604841e-05)
(0.010838535 -0.002794377 1.9585454e-05)
(0.018529115 0.0017786029 -8.7735933e-05)
(0.018311751 0.0016803794 -1.1201649e-05)
(0.024551716 -0.00076846934 2.0193711e-05)
(0.027697014 0.0028775768 1.1219235e-05)
(0.027291143 0.002785112 -3.9009294e-05)
(0.010838332 -0.0027944221 -1.9253271e-05)
(0.018529025 0.0017786128 8.7846145e-05)
(0.018312042 0.001680355 1.1309936e-05)
(-0.0088323661 -0.0080896172 -4.090231e-06)
(-0.010858287 -0.007890393 2.4166785e-06)
(-0.023868403 -0.021085297 -4.0173369e-05)
(-0.023785201 -0.020939621 -1.2991831e-05)
(-0.0089669641 -0.0082543151 -4.2994856e-06)
(-0.0083476083 -0.0086303578 5.5379288e-05)
(0.017478079 -0.0044102632 4.5648036e-05)
(0.035877007 -0.0076376008 0.00022811643)
(-0.0010135948 -0.0038169635 4.017061e-05)
(0.035213667 -0.0077406027 6.0600314e-05)
(-0.00098951051 -0.0037144246 7.9658552e-06)
(-0.0083718635 -0.0087376689 0.00011333081)
(-0.0088324038 -0.0080895655 4.1207964e-06)
(-0.010858362 -0.0078903845 -2.4903376e-06)
(-0.02386846 -0.021085343 4.0033148e-05)
(-0.023784622 -0.020939549 1.281565e-05)
(-0.0089668218 -0.0082543168 4.274314e-06)
(-0.03405488 -0.045566489 -9.3091987e-05)
(-0.021669271 -0.017499595 -6.2669289e-05)
(-0.029151354 -0.031198387 -0.0001121234)
(-0.033902137 -0.032547181 -1.1512831e-05)
(-0.029224971 -0.031180946 -2.6074796e-05)
(-0.033611922 -0.032284812 2.200177e-05)
(-0.033929499 -0.045695192 -0.00021240785)
(-0.034054515 -0.045566493 9.2624479e-05)
(-0.021669043 -0.017499584 6.2484281e-05)
(-0.029151146 -0.031198372 0.00011178373)
(-0.03390218 -0.032547176 1.1344492e-05)
(-0.029225293 -0.031180963 2.5667878e-05)
(-0.033612183 -0.032284838 -2.2293755e-05)
(-0.033929698 -0.04569517 0.00021193441)
(0.85983464 -1.0016676 -0.00032504748)
(0.32859703 -0.40417328 0.00084431225)
(0.59846675 -0.64553557 -0.00075725829)
(0.6895169 -0.84582857 -0.00042185338)
(0.59579479 -0.64030241 -0.00010021505)
(0.68796789 -0.8427716 -2.2641414e-05)
(0.86080804 -1.0032767 -0.0010253772)
(0.85983452 -1.0016675 0.00032516741)
(0.32859685 -0.40417314 -0.00084423056)
(0.59846657 -0.64553553 0.00075739963)
(0.68951684 -0.84582844 0.000421915)
(0.59579509 -0.64030235 0.00010037678)
(0.68796785 -0.8427716 2.2724152e-05)
(0.86080821 -1.0032766 0.0010254349)
(0.29634741 -0.24509247 0.00022710791)
(0.29237083 -0.24098651 0.00041606037)
(0.24844419 -0.26444232 -0.00018636759)
(0.24486429 -0.25992622 3.2370065e-05)
(0.26771431 -0.27364855 0.00018201443)
(0.94918652 -0.93602978 2.468113e-05)
(0.67034922 -0.61181907 0.00051238643)
(0.64372887 -0.66367385 0.00024416646)
(0.66684929 -0.60867675 -6.2141665e-05)
(0.64133728 -0.66166834 6.6116594e-05)
(0.27214232 -0.27743741 0.00027457623)
(0.29634762 -0.24509256 -0.00022706831)
(0.29237102 -0.24098657 -0.00041602312)
(0.24844427 -0.26444227 0.0001864612)
(0.24486409 -0.25992621 -3.2226341e-05)
(-0.013962064 -0.014803703 -1.1021321e-06)
(-0.054150551 -0.063898367 -6.3613595e-05)
(-0.035656576 -0.035115097 -6.222896e-05)
(-0.03615891 -0.041629528 -4.9964324e-05)
(-0.035443194 -0.03480578 -4.8813057e-06)
(-0.035892477 -0.041290014 -8.4107197e-06)
(-0.014198138 -0.015048786 -1.6611246e-05)
(-0.014371801 -0.017176561 -1.9289472e-05)
(-0.014126867 -0.016880183 -3.6584163e-06)
(-0.014606036 -0.01345364 -5.4327474e-06)
(-0.014363553 -0.013228275 -1.7160238e-05)
(-0.013962036 -0.01480372 1.047952e-06)
(-0.054150496 -0.063898388 6.3425413e-05)
(-0.035656676 -0.035115157 6.2072789e-05)
(-0.036158935 -0.041629554 4.9891183e-05)
(-0.035443313 -0.034805797 4.710894e-06)
(-0.035892593 -0.041290018 8.3283796e-06)
(-0.014198168 -0.015048805 1.6561026e-05)
(-0.014371803 -0.01717657 1.9268598e-05)
(-0.014126889 -0.016880193 3.6529239e-06)
(-0.063902133 -0.095703716 -0.00012689785)
(-0.022417707 -0.030265723 7.1067682e-05)
(-0.039200118 -0.047392322 -5.5569591e-05)
(-0.050863979 -0.079212524 -8.2227809e-05)
(-0.039028854 -0.046904218 -8.146784e-08)
(-0.050731901 -0.078689231 -1.6576085e-05)
(-0.063925887 -0.096056057 -0.00025323625)
(-0.063902206 -0.095703752 0.00012684952)
(-0.022417773 -0.030265765 -7.1074316e-05)
(-0.039200165 -0.047392358 5.5559366e-05)
(-0.050864044 -0.079212594 8.2201597e-05)
(-0.039028823 -0.046904246 5.711937e-08)
(-0.050731881 -0.078689253 1.653423e-05)
(-0.063925822 -0.096056079 0.0002532003)
(0.15841483 -0.25742134 -0.00029327247)
(0.14492291 -0.22422095 -5.445454e-05)
(0.38841872 -0.57855092 -0.0003533542)
(0.38480867 -0.57609927 -3.682503e-05)
(0.16124894 -0.26153416 -0.00050773992)
(0.22539538 -0.39883016 0.001010493)
(0.27536541 -0.5448231 -0.00048471914)
(0.46443481 -0.74819754 0.00038486266)
(0.096849153 -0.21678608 -0.0001135508)
(0.46393945 -0.74631768 0.00051734175)
(0.094717706 -0.21396269 -0.00032723871)
(0.22779497 -0.403434 0.0013446245)
(0.15841486 -0.2574213 0.00029327478)
(0.14492293 -0.22422089 5.4504089e-05)
(0.3884188 -0.57855081 0.00035342951)
(0.38480817 -0.57609922 3.6858593e-05)
(0.16124886 -0.26153406 0.00050777401)
(0.22539537 -0.39883003 -0.0010104376)
(0.27536512 -0.54482296 0.0004848016)
(0.46443435 -0.7481973 -0.00038477767)
(0.096848829 -0.2167859 0.00011357806)
(0.46393944 -0.74631756 -0.00051721174)
(0.094717664 -0.21396258 0.00032732904)
(0.22779521 -0.40343381 -0.0013445868)
(-0.023534612 -0.050383924 0.00013362491)
(-0.033720262 -0.091612251 -5.2238925e-05)
(-0.055336689 -0.12654761 2.0760482e-05)
(-0.010451691 -0.029574383 2.7591967e-06)
(-0.055296996 -0.12595531 5.0928134e-05)
(-0.010237772 -0.029161459 -2.1973952e-05)
(-0.023787834 -0.051133518 0.00017471038)
(-0.01301377 -0.025755468 1.7160355e-05)
(-0.010027737 -0.01833989 2.8082296e-06)
(-0.031095306 -0.057234692 3.8928106e-05)
(-0.030730372 -0.056794355 1.9158652e-05)
(-0.013242063 -0.026220887 2.8702808e-05)
(-0.023534702 -0.050383934 -0.00013368202)
(-0.033720377 -0.0916123 5.2189978e-05)
(-0.05533674 -0.12654766 -2.0793527e-05)
(-0.010451724 -0.029574425 -2.7675282e-06)
(-0.055297026 -0.12595532 -5.0970943e-05)
(-0.010237723 -0.02916146 2.195401e-05)
(-0.023787844 -0.051133519 -0.00017473405)
(0.29459193 -0.59023729 0.00014237103)
(0.093836032 -0.32355903 -0.0001538958)
(0.19185546 -0.48448275 0.00018068526)
(0.20677022 -0.48367937 -0.00010348027)
(0.19081698 -0.48303247 0.00011935441)
(0.20598934 -0.48305928 -0.00020156865)
(0.29493403 -0.59038619 0.00020946302)
(0.29459176 -0.59023717 -0.00014226043)
(0.093835926 -0.32355891 0.00015400563)
(0.19185533 -0.48448254 -0.00018060265)
(0.20677016 -0.48367919 0.00010363504)
(0.19081703 -0.48303233 -0.00011924821)
(0.20598929 -0.48305915 0.00020170414)
(0.29493401 -0.59038602 -0.00020938262)
(0.02375341 -0.11152469 -9.2667605e-05)
(0.069721105 -0.23268625 0.00043355259)
(0.068665996 -0.22962128 0.00016317981)
(0.17461917 -0.3575723 -0.00046637907)
(0.11993304 -0.29755018 -0.00019746116)
(0.11872766 -0.29450946 1.1687116e-06)
(0.02375342 -0.11152464 9.2704197e-05)
(0.06972105 -0.23268611 -0.00043350393)
(0.06866589 -0.2296212 -0.00016313114)
(-0.024888257 -0.066290946 9.0494537e-05)
(-0.020065386 -0.061645169 3.606507e-05)
(-0.019880666 -0.060970976 1.1064661e-05)
(-0.0044776484 -0.031397559 -1.9527702e-05)
(-0.013263852 -0.05612197 0.00010144637)
(-0.01308746 -0.055360695 5.3923784e-05)
(-0.024888251 -0.066290965 -9.0536046e-05)
(-0.020065409 -0.061645213 -3.6097794e-05)
(-0.01988069 -0.060970917 -1.1107469e-05)
(-0.0044776293 -0.031397518 1.9558203e-05)
(-0.01326384 -0.05612208 -0.00010145082)
(-0.013087467 -0.055360692 -5.3941622e-05)
(-0.053068406 -0.20826629 2.8932591e-05)
(-0.01867247 -0.10617458 -4.7188845e-05)
(-0.037090502 -0.14243786 3.9193277e-05)
(-0.037435996 -0.19052664 -4.6868927e-05)
(-0.036964976 -0.14183801 3.271645e-05)
(-0.03732823 -0.19021857 -5.0094764e-05)
(-0.053083437 -0.2083591 3.4923136e-05)
(-0.053068453 -0.20826621 -2.8839698e-05)
(-0.018672539 -0.10617459 4.7353278e-05)
(-0.037090583 -0.14243788 -3.9157667e-05)
(-0.037436139 -0.19052661 4.7067301e-05)
(-0.036964996 -0.14183796 -3.2679386e-05)
(-0.037328243 -0.19021844 5.0285329e-05)
(-0.053083491 -0.20835909 -3.4827386e-05)
(0.11992654 -0.27619433 -6.598862e-05)
(0.066033111 -0.20607076 0.0001947225)
(0.16868946 -0.36646937 0.00025707168)
(0.041901127 -0.14886705 -3.5136859e-05)
(0.16814274 -0.36556705 0.00012382636)
(0.041330344 -0.14764389 -0.00010138209)
(0.12083841 -0.27677908 0.00014330243)
(0.09499398 -0.18333917 6.1389677e-05)
(0.017397897 -0.049016973 -8.1645147e-05)
(0.025730432 -0.096188738 -1.2516206e-05)
(0.077534868 -0.099946421 0.00039962343)
(0.025167918 -0.095159697 -0.00011869167)
(0.076589759 -0.099651079 9.6204623e-05)
(0.095971137 -0.18385885 0.00031217249)
(0.11992648 -0.27619416 6.6397885e-05)
(0.066033044 -0.20607064 -0.00019462134)
(0.16868938 -0.36646912 -0.0002568274)
(0.041901094 -0.14886688 3.5298462e-05)
(0.16814283 -0.365567 -0.0001235963)
(0.041330387 -0.14764379 0.00010155102)
(0.12083849 -0.27677882 -0.00014290689)
(0.09499405 -0.18333897 -6.0694485e-05)
(0.017397924 -0.04901687 8.2257181e-05)
(0.025730416 -0.096188524 1.2827423e-05)
(0.07753461 -0.099946275 -0.00039821426)
(0.025167941 -0.095159577 0.00011902698)
(0.076589882 -0.099650887 -9.5103462e-05)
(0.095971163 -0.18385851 -0.00031144622)
(-0.019273192 -0.14482814 -1.0743532e-06)
(-0.0026423221 -0.057753004 -2.2171775e-06)
(-0.0063066696 -0.063305871 -8.1418093e-06)
(-0.0096996542 -0.13509079 4.6708462e-05)
(-0.0062079995 -0.062620175 -2.1793509e-05)
(-0.0096013706 -0.13466737 7.7422549e-06)
(-0.019401836 -0.14527643 5.9376193e-06)
(-0.025088436 -0.15600507 2.4316611e-05)
(-0.015284272 -0.07807354 -8.6918845e-05)
(-0.035440922 -0.17106226 1.2402246e-05)
(-0.010603765 -0.069892251 8.0423144e-07)
(-0.035467702 -0.1705881 -3.990057e-06)
(-0.01050737 -0.06924307 6.1249153e-06)
(-0.025180663 -0.15647061 1.7819033e-05)
(-0.019273105 -0.14482797 8.0811565e-08)
(-0.0026422981 -0.057752756 3.2816582e-06)
(-0.00630635 -0.063298968 7.6793876e-06)
(-0.0096994065 -0.13508739 -4.4986369e-05)
(-0.0062080303 -0.062619906 2.1191187e-05)
(-0.0096015789 -0.13466711 -6.0221665e-06)
(-0.019400878 -0.14527273 -6.7609588e-06)
(0.085764307 0.076622313 7.4381427e-05)
(0.016284859 -0.0027950218 -8.7997173e-05)
(0.07658888 -0.0073945933 0.00040229228)
(0.021460339 0.043342136 -3.9218427e-06)
(0.07562827 -0.0074152238 0.00010212231)
(0.020927593 0.042854273 -0.00010965799)
(0.086747208 0.076865036 0.00036109358)
(0.10756523 0.16874447 -2.6666075e-05)
(0.053494685 0.14723068 0.00012813134)
(0.034151116 0.093839972 -3.071622e-05)
(0.14918565 0.25748969 0.00031242434)
(0.03360735 0.093117759 -0.00010735904)
(0.14853517 0.25682304 0.00012063797)
(0.10850272 0.16907899 0.00021692955)
(0.085764381 0.076622101 -7.3895724e-05)
(0.016284946 -0.0027948202 8.8442161e-05)
(0.07658376 -0.007390823 -0.00039946291)
(0.021457877 0.043337615 5.6079184e-06)
(0.075628254 -0.007414911 -0.00010117156)
(0.020927672 0.042853988 0.00010999119)
(0.086741887 0.076861029 -0.00035875013)
(0.10756546 0.16874444 2.7731683e-05)
(0.053494823 0.14723058 -0.00012749574)
(0.034151498 0.093840272 3.1719263e-05)
(0.14918593 0.25748943 -0.00031156546)
(0.033607432 0.093117681 0.00010830745)
(0.14853528 0.25682291 -0.00011978131)
(0.10850291 0.16907925 -0.00021552256)
(0.0019962839 -0.10150024 3.0315268e-05)
(0.0062664458 -0.044779052 -5.1668495e-05)
(0.0044944028 -0.046581876 1.3622436e-05)
(0.004451376 -0.094221394 8.0629777e-05)
(0.004493793 -0.046136096 -6.5372218e-06)
(0.0046237475 -0.093994441 1.9786634e-05)
(0.0018760342 -0.10177487 7.7923074e-05)
(0.00088094913 -0.11268895 -2.7033852e-05)
(-0.00019412646 -0.053190713 6.8231356e-06)
(-0.0064887545 -0.12372484 -5.6882195e-05)
(0.0023676753 -0.049691127 -1.9673205e-05)
(-0.0063759551 -0.12336045 -2.4553752e-05)
(0.0023695621 -0.049164982 -6.339369e-06)
(0.00078938193 -0.11302123 -8.5821991e-05)
(0.0019963531 -0.10150016 -3.0177896e-05)
(0.0062665419 -0.044779173 5.178306e-05)
(0.0044944443 -0.046581699 -1.3586599e-05)
(0.0044514396 -0.094221261 -8.0393366e-05)
(0.0044938235 -0.046135927 6.5621191e-06)
(0.0046234521 -0.093994093 -1.9598156e-05)
(0.0018762297 -0.10177471 -7.7774366e-05)
(0.268434 0.47297139 0.00011967362)
(0.079025534 0.2481093 -0.00012120437)
(0.18829721 0.36872173 -5.1972664e-05)
(0.16811692 0.39279172 0.00020648839)
(0.18753069 0.36824007 -0.00018205246)
(0.16707801 0.39158496 0.00010093517)
(0.26879974 0.47308672 0.00021775873)
(0.26843415 0.47297138 -0.00011934951)
(0.079025569 0.24810917 0.0001216232)
(0.1882974 0.36872151 5.2485492e-05)
(0.16811695 0.39279161 -0.00020620666)
(0.18753069 0.36823993 0.00018260382)
(0.16707795 0.39158486 -0.00010065864)
(0.2687996 0.47308648 -0.00021741393)
(0.15369825 0.30928646 0.00038811881)
(0.10448122 0.25146975 0.00016688321)
(0.10338572 0.24891509 -1.9422132e-05)
(0.019603625 0.086338203 8.0305161e-05)
(0.060111677 0.19069853 -0.0003517686)
(0.059142042 0.18813348 -0.00011115671)
(0.1536981 0.30928637 -0.00038792892)
(0.10448113 0.25146973 -0.00016676981)
(0.10338578 0.24891511 1.9548699e-05)
(0.0017188097 -0.014926631 5.6420506e-06)
(0.0042008889 -0.022856918 -4.0451806e-05)
(0.0041795922 -0.022558792 -2.8210604e-05)
(0.0054577815 -0.019122241 -2.8152984e-05)
(0.0054522368 -0.021122462 -1.1452149e-05)
(0.005441056 -0.020882037 -9.7912964e-06)
(0.001718959 -0.014926741 -5.6580731e-06)
(0.0042009347 -0.022856973 4.0419143e-05)
(0.0041793559 -0.02255859 2.8103585e-05)
(0.0054578266 -0.019122214 2.7996833e-05)
(0.0054521492 -0.021122401 1.1404208e-05)
(0.0054408059 -0.020881805 9.6382139e-06)
(0.0020911166 -0.0781121 7.0411532e-06)
(0.0061263146 -0.051486349 -2.1364103e-05)
(-0.00045451947 -0.086465243 -4.0262903e-05)
(0.009013119 -0.056086875 -2.6845198e-05)
(-0.00039357115 -0.08637399 -1.8148535e-05)
(0.0090832181 -0.055871104 1.2802818e-06)
(0.002042368 -0.078124206 -8.3695009e-06)
(0.14443271 0.23196843 -0.00026720533)
(0.133123 0.2051678 -5.6207092e-05)
(0.35799664 0.52839875 -0.00029568026)
(0.35460902 0.52610424 -4.1470917e-05)
(0.14702066 0.23564906 -0.00045619898)
(0.20443988 0.35632121 -0.00088196275)
(0.24552605 0.4770614 0.00046725745)
(0.085940909 0.18971625 0.0001066476)
(0.42350449 0.66501144 -0.00039574123)
(0.084051737 0.18726423 0.00030232204)
(0.42299952 0.66329635 -0.00046721485)
(0.2066636 0.36046514 -0.0011921413)
(0.14443261 0.23196839 0.00026737802)
(0.1331229 0.20516776 5.6280292e-05)
(0.35799643 0.52839853 0.00029586287)
(0.35460934 0.52610414 4.1771949e-05)
(0.14702061 0.23564901 0.00045627934)
(0.0011938886 -0.0072115078 -2.171442e-05)
(0.0041965725 -0.019878213 -1.3216995e-05)
(0.0015111462 -0.0060325594 -6.306872e-06)
(0.00014092855 -0.018453278 3.8430496e-05)
(0.001484711 -0.005926033 -6.2738043e-06)
(0.00025749286 -0.018399297 1.0120126e-05)
(0.0011669538 -0.0073242223 -1.5088989e-05)
(-0.00085323484 -0.0010901769 -6.2918619e-06)
(-0.0024862983 0.0021413197 -6.1144556e-06)
(-0.0061413605 0.0023575276 1.1992138e-05)
(-0.0060475798 0.0023509855 -1.9313954e-06)
(-0.00087384203 -0.0011319271 1.329593e-06)
(0.0011937126 -0.0072113376 2.1575551e-05)
(0.0041962768 -0.019877927 1.3055959e-05)
(0.0015109935 -0.0060324018 6.2687081e-06)
(0.00014062923 -0.018452941 -3.8484969e-05)
(0.0014847147 -0.0059259628 6.1773701e-06)
(0.00025737493 -0.018399081 -1.0245356e-05)
(0.0011668686 -0.0073239833 1.5009733e-05)
(-0.00085324034 -0.0010901235 6.2135168e-06)
(-0.0024863106 0.0021413732 6.069412e-06)
(-0.0061414276 0.0023577231 -1.2070176e-05)
(-0.0060477929 0.0023511964 1.815359e-06)
(-0.00087394997 -0.0011317764 -1.3733655e-06)
(0.80398154 0.92426711 -0.00028718356)
(0.30433356 0.37229494 0.00077250693)
(0.63925112 0.77500864 -0.00037412316)
(0.55672297 0.59803557 -0.00065335291)
(0.63776939 0.77215088 -3.7533152e-05)
(0.55416204 0.59318687 -0.00010471228)
(0.80492668 0.9257704 -0.00084481012)
(0.80398173 0.92426709 0.00028725603)
(0.30433385 0.37229496 -0.00077250927)
(0.63925095 0.77500851 0.00037427987)
(0.55672296 0.59803537 0.00065332506)
(0.63776907 0.77215074 3.7731339e-05)
(0.55416178 0.59318677 0.00010460659)
(0.80492659 0.92577028 0.00084493748)
(0.24936874 0.25357784 -0.00017619476)
(0.89435092 0.8750037 1.0947081e-05)
(0.60125046 0.61669377 -0.00022550549)
(0.6295879 0.5729549 -0.00039825419)
(0.59892791 0.6147525 -8.3552469e-05)
(0.62622818 0.56998587 7.4155762e-05)
(0.25348373 0.25708991 -0.00025250594)
(0.27769561 0.22943577 0.00022700327)
(0.27393312 0.22558293 0.00038207712)
(0.23095153 0.24546192 0.00017332421)
(0.22759535 0.24128114 -9.2420003e-06)
(0.24936863 0.25357784 0.00017616254)
(0.89435085 0.8750036 -1.128138e-05)
(0.60125011 0.6166936 0.00022539126)
(0.62958714 0.57295475 0.00039820436)
(0.59892785 0.61475234 8.3419486e-05)
(0.62622743 0.56998577 -7.4177963e-05)
(0.25348361 0.2570898 0.00025248808)
(0.27769531 0.22943552 -0.00022695179)
(0.27393306 0.22558276 -0.00038190679)
(-0.0084687195 0.007562797 -1.3430657e-05)
(-0.0083181952 0.0074424368 -1.3334258e-05)
(-0.012963009 0.01074857 7.8285366e-06)
(-0.012741443 0.010570033 7.6985005e-06)
(-0.010737884 0.0096212533 -1.3209274e-05)
(-0.043936859 0.036171894 1.8138181e-05)
(-0.025519125 0.021977989 -2.5394402e-05)
(-0.02991902 0.025183825 -9.888179e-06)
(-0.025304343 0.021858669 -2.6136521e-05)
(-0.029673919 0.025017849 -2.8884452e-06)
(-0.010922833 0.0097598668 -1.448257e-05)
(-0.0084687476 0.0075628538 1.3381642e-05)
(-0.0083182764 0.0074424755 1.327895e-05)
(-0.012963047 0.010748624 -7.8481982e-06)
(-0.012741596 0.01057009 -7.7386132e-06)
(-0.010737975 0.0096213047 1.317474e-05)
(-0.0439371 0.036172016 -1.8197815e-05)
(-0.025519394 0.021978186 2.5304455e-05)
(-0.029919338 0.025184008 9.8482728e-06)
(-0.025304385 0.021858742 2.6018286e-05)
(-0.029673951 0.025017932 2.866111e-06)
(-0.010922874 0.0097599586 1.4450988e-05)
(-0.031827724 0.019720285 -2.5645354e-05)
(-0.0092409633 0.0074859582 3.472065e-06)
(-0.019192994 0.010903712 1.2974706e-05)
(-0.019861414 0.015306603 1.3488483e-05)
(-0.019060275 0.010887603 1.669929e-05)
(-0.019688604 0.015212795 1.4388893e-05)
(-0.031947912 0.019710109 -4.7613663e-05)
(1.0737167 0.87237037 0.0005163045)
(0.45295766 0.37286066 -0.0013932759)
(0.71967934 0.60806435 -0.00014103251)
(0.90656232 0.71280629 1.6582363e-06)
(0.71715711 0.60732651 2.5586668e-05)
(0.90299402 0.71293025 0.00014175872)
(1.0749222 0.8724222 0.00035140844)
(1.0737164 0.8723703 -0.00051625347)
(0.45295756 0.37286048 0.0013935185)
(0.7196787 0.6080641 0.00014112108)
(0.90656208 0.71280582 -1.6114937e-06)
(0.71715659 0.60732633 -2.5408699e-05)
(0.90299344 0.71292994 -0.00014152526)
(1.0749216 0.87242213 -0.00035135226)
(0.44515212 0.2447204 -0.0011851077)
(0.66744499 0.30681246 0.00060098248)
(0.22449198 0.092632252 -0.00019684706)
(1.0118766 0.59126278 -0.00095453565)
(0.22168924 0.090662283 0.00021568894)
(1.0074829 0.5903048 -0.00034933162)
(0.45123609 0.2476244 -0.0018815509)
(0.26103128 0.15234049 -0.00038836814)
(0.23230836 0.15208948 -0.00010867657)
(0.64309188 0.43043057 -0.00084712529)
(0.63827808 0.42636761 -0.00085911371)
(0.26556959 0.15541995 -0.00035950164)
(0.44515175 0.2447204 0.0011850366)
(0.66744446 0.30681229 -0.00060075298)
(0.22449177 0.092632214 0.00019685548)
(1.0118749 0.59126229 0.00095433427)
(0.22168917 0.090662257 -0.00021560843)
(1.0074826 0.59030458 0.00034929142)
(0.45123566 0.24762444 0.0018814143)
(0.43422369 0.1876673 -0.00032925672)
(0.35107444 0.13183728 -0.00019000109)
(0.34754389 0.13009146 0.00011511424)
(0.13438099 0.020112677 8.9865223e-05)
(0.28027673 0.080934937 -0.00038218141)
(0.27621237 0.079329742 -3.3759719e-05)
(0.43422344 0.18766719 0.0003295233)
(0.35107391 0.13183706 0.0001900777)
(0.34754366 0.13009137 -0.00011497295)
(0.13438087 0.020112664 -8.9890401e-05)
(0.28027637 0.080934826 0.00038221017)
(0.27621219 0.079329699 3.3796841e-05)
(0.017700478 0.00098525215 -1.1337219e-05)
(0.018042999 -0.0012782571 -2.8494303e-05)
(0.017762321 -0.0012053846 2.0596598e-05)
(0.0026591067 0.0046158395 -9.0156561e-07)
(0.0097196322 0.00021802947 -9.4503198e-05)
(0.0095980421 0.00027787807 -2.2090696e-05)
(0.017700585 0.00098527103 1.1247965e-05)
(0.018042876 -0.0012782557 2.8510224e-05)
(0.017761829 -0.0012053246 -2.0670103e-05)
(0.0026590943 0.0046158899 7.1347627e-07)
(0.009719616 0.00021819071 9.4388822e-05)
(0.0095977186 0.00027788623 2.1996984e-05)
(-0.010386273 0.008064172 4.8565929e-06)
(-0.011062343 0.0074216835 3.3022038e-06)
(-0.026967063 0.020744882 -5.0369846e-06)
(-0.026836172 0.020577445 5.5443917e-06)
(-0.010551792 0.0082260932 6.3645788e-06)
(-0.012451581 0.0098391174 -6.0030783e-05)
(0.0038515089 0.0076042049 -2.0726507e-05)
(-0.0038646711 0.0041220619 -3.0536559e-05)
(0.011736533 0.014665971 -0.00019148278)
(-0.0038124614 0.0040225748 -1.0825182e-06)
(0.011302553 0.014706876 -5.9543104e-05)
(-0.012563123 0.0099659534 -0.00011453376)
(-0.010386297 0.0080642595 -4.9273026e-06)
(-0.011062365 0.0074217376 -3.3946117e-06)
(-0.026967142 0.020745053 4.9269332e-06)
(-0.026836769 0.02057763 -5.7084822e-06)
(-0.010552072 0.0082261726 -6.3806722e-06)
(-0.012451935 0.0098392379 5.9899679e-05)
(0.0038509437 0.0076043371 2.0528667e-05)
(-0.0038650122 0.0041221445 3.0489272e-05)
(0.011735916 0.014666165 0.00019133083)
(-0.0038125138 0.004022617 9.9666221e-07)
(0.01130223 0.014707043 5.9427039e-05)
(-0.012563385 0.0099660461 0.00011451354)
(-0.042175696 0.041191339 2.3253067e-05)
(-0.0211621 0.016136298 6.0364961e-05)
(-0.032896161 0.027872956 -2.2768259e-06)
(-0.035078802 0.031561656 2.9089183e-05)
(-0.032607259 0.027682818 -6.5073726e-06)
(-0.035033768 0.031543365 -7.4504274e-07)
(-0.042141517 0.041249419 6.0133916e-05)
(1.1905347 0.45799954 -0.00015615743)
(0.48095375 0.099101259 4.3005573e-05)
(0.77821077 0.26839767 -0.00095786821)
(1.0066212 0.30801016 0.00013968372)
(0.77437133 0.26651087 -0.00035998415)
(1.0044189 0.30710124 0.00054831221)
(1.1911215 0.45786043 -0.00063873897)
(1.1905338 0.45799927 0.0001562842)
(0.48095336 0.099101241 -4.306886e-05)
(0.77820966 0.26839738 0.00095789712)
(1.0066197 0.30800983 -0.00013963454)
(0.77437093 0.26651076 0.00036006399)
(1.0044184 0.30710114 -0.00054818654)
(1.19112 0.45785984 0.00063874882)
(0.59360382 0.10275862 0.00013477494)
(0.14791955 0.013753171 0.00012918293)
(0.1879462 0.025726185 5.1635475e-05)
(0.51342671 0.067783709 5.2054399e-05)
(0.1856979 0.025290422 0.00013664586)
(0.5104013 0.066936848 0.00022532305)
(0.59681044 0.10378892 -0.00012415125)
(0.68844043 0.15789455 -0.00034052586)
(0.30124541 0.064965089 0.000428662)
(0.23554996 0.045301664 -8.2837307e-06)
(0.83368726 0.22803746 0.00022419375)
(0.23328438 0.044942886 -0.00014726518)
(0.83014113 0.22753967 -0.00013865692)
(0.69188603 0.15893123 -0.00012949499)
(0.59360293 0.10275774 -0.00012887889)
(0.14791906 0.013753526 -0.00013406435)
(0.1879168 0.025720325 -4.8906308e-05)
(0.51340669 0.067782027 -5.8013559e-05)
(0.18569644 0.025290047 -0.00013188161)
(0.5104005 0.066937431 -0.0002301637)
(0.59677925 0.1037771 0.00012737152)
(0.32951576 0.0014256445 1.125212e-05)
(0.068715383 -0.0028952622 9.0116678e-05)
(0.078192272 -0.00427662 -0.00011441007)
(0.31123541 0.0011343823 -0.00016134775)
(0.077221929 -0.0042585511 -1.009993e-05)
(0.30911012 0.00082560625 2.9688218e-05)
(0.33182266 0.0017037354 -0.00026044586)
(0.37910494 0.019210383 -0.00015208823)
(0.11808121 0.0035826367 -2.8143192e-05)
(0.095471897 -0.0005581889 2.2476522e-05)
(0.44122819 0.034142171 0.0002253204)
(0.094300375 -0.00052792756 -7.6000923e-05)
(0.43861133 0.033546456 -2.5176285e-05)
(0.38159609 0.01968556 4.9599582e-05)
(0.32951591 0.0014257287 -1.1577739e-05)
(0.068715308 -0.0028952194 -9.0454577e-05)
(0.078191986 -0.0042765914 0.00011432453)
(0.31123498 0.0011344702 0.0001610632)
(0.07722178 -0.0042584744 9.9289159e-06)
(0.30910969 0.00082569079 -3.0048705e-05)
(0.33182191 0.0017037414 0.00026006403)
(0.29449214 -0.0025193704 4.2608406e-05)
(0.084784916 0.0014568901 5.089603e-05)
(0.10954285 -0.0056881876 -2.8614713e-05)
(0.30319619 -0.0038308387 0.00031402145)
(0.10846379 -0.0057081708 -6.5815463e-05)
(0.30176821 -0.0039357186 0.00010832315)
(0.2951441 -0.0023616436 0.00017910371)
(2.0433414 -0.65802193 7.1263012e-06)
(1.9972272 -0.74225973 -2.3780208e-05)
(1.9822284 -0.65135002 -4.7113569e-05)
(2.008995 -0.76342693 -1.1454541e-05)
(2.0433418 -0.65802206 -6.4893176e-06)
(1.9972277 -0.74225973 2.4112787e-05)
(1.9822285 -0.65135032 4.741131e-05)
(2.0240276 -0.48838833 -1.583235e-05)
(1.9166328 -0.53696264 -8.7901944e-05)
(1.8176053 -0.42568373 -0.00012013451)
(2.0455051 -0.59138801 -5.8539495e-06)
(2.0240272 -0.4883885 1.5545801e-05)
(1.9166327 -0.53696267 8.8146031e-05)
(1.8176053 -0.4256837 0.00012010846)
(1.9304265 -0.3312995 -3.7996015e-05)
(1.7114874 -0.3219593 -0.00013629064)
(1.5777709 -0.23563518 -0.00013787032)
(1.9729625 -0.41474349 3.2998072e-05)
(1.9304264 -0.33129955 3.8024864e-05)
(1.7114879 -0.32195944 0.00013635294)
(1.5777713 -0.23563523 0.00013798953)
(1.8440001 -0.21183685 -3.8693039e-05)
(1.5075884 -0.17232383 -0.00011357561)
(1.3111636 -0.11152972 -0.0001004504)
(1.8269242 -0.26819383 3.4622226e-05)
(1.8440004 -0.21183694 3.900154e-05)
(1.5075888 -0.17232396 0.00011377757)
(1.311164 -0.11152985 0.00010075522)
(1.8052564 -0.99727451 -0.00011193346)
(1.6748006 -1.0699601 -0.00014503633)
(1.7142771 -1.0413152 -0.0002490095)
(1.7187236 -1.0611709 5.2867778e-05)
(1.8052562 -0.99727443 0.00011212697)
(1.6748012 -1.06996 0.00014503106)
(1.7142769 -1.0413154 0.00024920472)
(0.67369184 0.010087284 -2.9808233e-05)
(0.25600006 -0.015332744 -7.9770826e-05)
(0.25617823 -0.0092812075 -3.0024025e-05)
(0.64122682 -0.0010273533 6.4780134e-05)
(0.67369152 0.01008732 2.9848563e-05)
(0.25599993 -0.015332703 7.9552199e-05)
(0.2561785 -0.009281142 2.9563669e-05)
(1.5059699 -1.1637631 -0.00017550127)
(1.3252998 -1.1542493 1.4121354e-06)
(1.320276 -1.1622466 -0.00050452322)
(1.4181751 -1.1228776 -3.4959727e-05)
(1.5059698 -1.1637633 0.0001757488)
(1.3253002 -1.1542493 -1.4347138e-06)
(1.3202759 -1.1622466 0.00050478189)
(0.77219505 -0.46011674 9.0096122e-05)
(1.4314959 -0.94611745 -0.00017957867)
(1.2641496 -0.75967564 9.8798598e-05)
(1.2106518 -0.797887 -0.00047979278)
(1.2620798 -0.75863516 0.00069660414)
(1.2087355 -0.79568819 -9.1991131e-05)
(0.77689933 -0.46246974 -0.0002990839)
(0.11947609 -0.073858021 -6.5669716e-07)
(-0.038532949 -0.092696449 -6.1918904e-05)
(-0.01265208 -0.11555968 -1.8270493e-05)
(0.067637841 -0.061680004 2.5658116e-05)
(0.11947606 -0.073858009 1.6801075e-07)
(-0.038532996 -0.09269644 6.1558766e-05)
(-0.012652039 -0.11555965 1.8015122e-05)
(1.1420311 -1.0918351 4.0540837e-05)
(0.99901925 -0.93650714 2.7477686e-05)
(0.97774824 -1.0930144 -6.2327142e-05)
(1.1146483 -0.93084324 8.3470898e-06)
(1.142031 -1.0918351 -4.0540399e-05)
(0.99901931 -0.93650714 -2.7512678e-05)
(0.97774818 -1.0930144 6.2334721e-05)
(0.0063611053 -0.20182047 5.8218531e-06)
(-0.064740184 -0.21125501 -1.5830863e-05)
(-0.03617561 -0.24026317 2.8710675e-06)
(-0.03827433 -0.18313694 8.9052986e-06)
(0.0063610587 -0.20182045 -5.8186983e-06)
(-0.064740201 -0.21125499 1.5882305e-05)
(-0.036175609 -0.24026314 -2.8109802e-06)
(0.39552484 -0.61500407 -0.00037151776)
(0.73125471 -1.0256555 0.00019697141)
(0.62502541 -0.885958 -0.00016869814)
(0.61057497 -0.91219111 -0.00037949557)
(0.62310091 -0.88433592 0.00012466957)
(0.6097636 -0.91065545 -0.00020389558)
(0.39754141 -0.61915116 -0.00062118747)
(0.66183338 -0.60406651 -3.4937785e-05)
(0.68656405 -0.40856638 -7.1318478e-06)
(0.56746209 -0.47454945 -1.7134224e-05)
(0.782708 -0.48799784 1.0898382e-05)
(0.66183339 -0.60406652 3.4929508e-05)
(0.68656406 -0.40856638 7.1273442e-06)
(0.56746208 -0.47454943 1.7136513e-05)
(-0.061053803 -0.21653581 -5.7346967e-06)
(-0.05808686 -0.16002996 7.8818646e-05)
(-0.071865934 -0.22487446 -0.00012116127)
(-0.048510369 -0.15358044 -2.2984142e-05)
(-0.071991288 -0.22475898 -7.3592264e-05)
(-0.048403897 -0.15308332 -1.5361507e-05)
(-0.061084305 -0.21673335 -9.8335993e-06)
(-0.091806224 -0.2618152 -3.2847421e-06)
(-0.078173799 -0.2678913 -8.9996613e-07)
(-0.091581703 -0.25149388 -3.5707971e-07)
(-0.07697569 -0.28159719 6.6168757e-06)
(-0.091806183 -0.26181522 3.3789553e-06)
(-0.078173722 -0.2678913 1.07284e-06)
(-0.091581811 -0.25149385 4.3574698e-07)
(0.49409455 -0.31650636 -1.9499427e-06)
(0.60310296 -0.14451525 1.3201216e-07)
(0.44884884 -0.15826343 1.3241972e-05)
(0.64332161 -0.25989044 1.1418051e-05)
(0.49409457 -0.31650635 2.001364e-06)
(0.60310298 -0.14451524 -1.1163913e-07)
(0.44884886 -0.15826342 -1.3171624e-05)
(-0.1122745 -0.22697945 -3.0936509e-08)
(-0.069689157 -0.21269694 4.7084481e-06)
(-0.10110993 -0.19541604 2.8099843e-06)
(-0.078491719 -0.2444116 -1.7101179e-06)
(-0.11227449 -0.22697944 1.6598231e-07)
(-0.06968909 -0.21269693 -4.494457e-06)
(-0.10111 -0.19541602 -2.6848268e-06)
(0.44611607 0.026584989 1.3013585e-05)
(0.63061586 0.13803188 -1.3246977e-05)
(0.48084273 0.18633749 -2.1125838e-06)
(0.6037376 0.021345771 1.7303699e-06)
(0.4461161 0.026584997 -1.2921465e-05)
(0.63061589 0.13803188 1.3274708e-05)
(0.48084277 0.18633749 2.1973697e-06)
(-0.11255553 -0.15619064 -5.7773246e-08)
(-0.061095093 -0.13288649 5.2205347e-06)
(-0.099669637 -0.11626985 9.0218689e-07)
(-0.066288287 -0.17431033 -5.8446709e-06)
(-0.1125555 -0.15619063 2.3484964e-07)
(-0.061095075 -0.13288645 -4.8788265e-06)
(-0.099669698 -0.11626981 -6.7740038e-07)
(0.54922123 0.34917041 -1.9727783e-05)
(0.76083839 0.37031794 -1.1091714e-05)
(0.63704966 0.48270116 -3.8712569e-05)
(0.67481746 0.28999026 9.9256117e-06)
(0.54922125 0.34917039 1.979448e-05)
(0.7608384 0.37031794 1.111067e-05)
(0.63704968 0.48270114 3.871519e-05)
(-0.10658521 -0.075095359 3.0345887e-07)
(-0.063186134 -0.053996859 3.5492067e-06)
(-0.09547661 -0.038757232 3.4287184e-06)
(-0.062407658 -0.091602937 -2.3397533e-06)
(-0.10658524 -0.075095348 -1.4713501e-08)
(-0.063186178 -0.053996852 -3.1236307e-06)
(-0.095476678 -0.038757232 -3.1614426e-06)
(0.92907533 0.98582399 -1.9450392e-05)
(1.0675691 0.83229051 5.284431e-06)
(1.0868877 0.99084263 6.4840472e-05)
(0.9511178 0.83117633 -2.7711976e-05)
(0.92907582 0.98582389 1.9340131e-05)
(1.0675693 0.83229044 -5.154395e-06)
(1.0868881 0.99084255 -6.5076621e-05)
(-0.063337771 0.0064715583 -5.4297398e-06)
(-0.058495245 0.008326828 2.2118796e-06)
(-0.057352352 0.013205941 -1.6843272e-07)
(-0.050285924 0.0033571499 2.5777675e-06)
(-0.06333778 0.0064715709 5.63044e-06)
(-0.058495248 0.0083268504 -2.1693701e-06)
(-0.05735239 0.013205944 2.6629652e-07)
(1.2521137 1.0888779 -0.00043391727)
(1.3553825 1.0403241 6.6498911e-05)
(1.4343525 1.0899953 -0.00017181215)
(1.2595534 1.0704353 7.1553228e-06)
(1.2521135 1.0888778 0.00043400262)
(1.3553825 1.0403241 -6.619477e-05)
(1.434353 1.0899952 0.00017151835)
(-0.051239627 0.01706872 -2.3567117e-06)
(0.0063461205 0.025890507 -6.618906e-06)
(0.023892887 0.013660694 1.0335371e-06)
(-0.053455949 0.0357149 1.7821325e-05)
(-0.051239662 0.017068755 2.2950337e-06)
(0.0063460691 0.025890527 6.6120359e-06)
(0.023892769 0.013660685 -1.1466096e-06)
(1.6305295 0.99090761 -0.00019500443)
(1.644133 1.007029 -4.9738551e-05)
(1.7261273 0.95556169 -8.608739e-05)
(1.6023293 1.0132532 0.00012998654)
(1.6305286 0.99090758 0.00019495886)
(1.6441321 1.0070295 5.0035776e-05)
(1.7261288 0.95556177 8.5950493e-05)
(1.2983385 0.55935838 0.00016332052)
(1.087454 0.5073633 -0.00072886427)
(0.92549882 0.38616476 -0.00081402453)
(1.4084099 0.67312804 -0.00044640205)
(0.92319173 0.38527697 -0.00027173708)
(1.4087425 0.6742331 -7.9921285e-05)
(1.2984631 0.55850567 -0.00021290011)
(0.14853963 0.018681084 -8.898445e-06)
(0.46029527 0.026593612 -4.079974e-05)
(0.47543101 0.015779571 -1.2657619e-05)
(0.15112513 0.030344785 4.4636899e-05)
(0.1485397 0.018681077 9.060994e-06)
(0.46029524 0.026593599 4.0975468e-05)
(0.47543078 0.015779522 1.280857e-05)
(1.8720005 0.64983184 -3.6736146e-05)
(1.9198002 0.75214562 1.1409569e-05)
(1.9469356 0.6622181 7.5515453e-06)
(1.8948987 0.73356354 1.5618576e-05)
(1.8719992 0.649832 3.6829731e-05)
(1.9197994 0.75214574 -1.1555655e-05)
(1.9469357 0.66221826 -7.4025091e-06)
(1.683831 0.43395055 -0.00010560372)
(1.9418058 0.60263775 5.5806223e-06)
(1.9073955 0.51044637 -1.4749135e-05)
(1.7951556 0.54045281 7.562831e-05)
(1.683831 0.43395054 0.00010617308)
(1.9418065 0.60263761 -5.2655552e-06)
(1.9073963 0.51044621 1.4956622e-05)
(1.4138692 0.25317097 -0.00012207363)
(1.8483193 0.4431729 -3.1551026e-05)
(1.7864534 0.36672532 -3.6840921e-05)
(1.5619165 0.3357122 0.00012212465)
(1.4138686 0.25317085 0.00012235656)
(1.8483187 0.44317294 3.1676528e-05)
(1.786453 0.36672538 3.7015381e-05)
(1.1167483 0.13565224 -8.3851486e-05)
(1.6753304 0.30867163 -3.5501881e-05)
(1.6688979 0.25789547 -3.731427e-05)
(1.3280778 0.19741811 9.957632e-05)
(1.1167478 0.1356522 8.4135517e-05)
(1.6753296 0.30867164 3.5622053e-05)
(1.6688969 0.25789545 3.7652119e-05)
(1.3910737 -0.58811874 0.00018002332)
(1.1678409 -0.53782035 -0.00074353742)
(1.4990564 -0.70615254 -0.00053438752)
(1.0003516 -0.41225421 -0.000835188)
(1.4993966 -0.70730266 -0.00011476185)
(0.99794095 -0.41145932 -0.00025865897)
(1.3911721 -0.58717387 -0.00024930348)
(1.3910744 -0.58811903 -0.0001796311)
(1.1678412 -0.53782046 0.00074355024)
(1.4990574 -0.70615299 0.0005348691)
(1.0003522 -0.41225458 0.00083526446)
(1.4993973 -0.70730299 0.00011519744)
(0.99794125 -0.41145946 0.00025864384)
(1.391173 -0.58717454 0.00024974479)
(0.35050333 0.018875737 -2.6811606e-05)
(0.12946889 0.020585204 0.00026523665)
(0.3433631 0.017867606 -0.00069127961)
(0.14239376 0.015894033 -1.043158e-05)
(0.34264587 0.018422235 -0.00039208897)
(0.14140619 0.01582424 5.7675643e-05)
(0.35125851 0.018785796 -0.00019566746)
(0.35050292 0.018875722 2.7198527e-05)
(0.12946931 0.020585195 -0.00026463918)
(0.34336255 0.017867518 0.00069198256)
(0.14239324 0.015893848 1.0573895e-05)
(0.34264514 0.01842222 0.00039290526)
(0.14140567 0.015824203 -5.7446805e-05)
(0.35125733 0.018785593 0.00019616276)
(0.77219511 -0.46011686 -8.9689356e-05)
(1.4314959 -0.94611769 0.00018003829)
(1.26415 -0.75967592 -9.8309904e-05)
(1.2106519 -0.79788728 0.00048006441)
(1.2620798 -0.75863522 -0.00069580662)
(1.2087355 -0.79568836 9.2260762e-05)
(0.77689962 -0.46247005 0.00029935416)
(-0.010728171 -0.015714485 -2.3487532e-05)
(0.053627371 -0.018050104 -0.00024931881)
(0.043329416 -0.0094740945 -0.00029405852)
(-0.0070725327 -0.020675829 -3.1716335e-05)
(0.042659273 -0.0094794115 -7.6446238e-05)
(-0.0073397227 -0.020462989 4.382281e-05)
(-0.010755572 -0.015826511 -6.7989113e-05)
(-0.010727711 -0.015714446 2.3557606e-05)
(0.053628148 -0.018050095 0.00024921727)
(0.043329882 -0.0094740267 0.0002941586)
(-0.0070719262 -0.020675747 3.1578201e-05)
(0.04265893 -0.0094794626 7.6667831e-05)
(-0.0073401769 -0.020463048 -4.4031806e-05)
(-0.010755646 -0.01582646 6.8094154e-05)
(0.39552479 -0.61500395 0.00037153772)
(0.73125428 -1.0256554 -0.00019690976)
(0.62502514 -0.88595791 0.00016878298)
(0.6105751 -0.91219096 0.00037954875)
(0.6231014 -0.88433583 -0.00012465181)
(0.60976357 -0.9106554 0.00020396381)
(0.39754134 -0.61915094 0.00062119638)
(-0.037524205 -0.075551963 -2.352264e-05)
(-0.072948766 -0.16059011 -8.9771296e-05)
(-0.056838749 -0.10893752 3.5483198e-05)
(-0.062187445 -0.14378015 -0.00010042163)
(-0.056715673 -0.10856611 5.0646513e-05)
(-0.062109291 -0.14330142 -4.5663403e-05)
(-0.037730794 -0.076178085 -4.0444752e-05)
(-0.037524356 -0.075551967 2.3440971e-05)
(-0.072949058 -0.16059008 8.9757889e-05)
(-0.056838937 -0.10893754 -3.5488264e-05)
(-0.062187615 -0.14378015 0.00010038412)
(-0.056715548 -0.10856614 -5.0696729e-05)
(-0.062109182 -0.14330141 4.562335e-05)
(-0.037730822 -0.076178127 4.0390912e-05)
(0.37487575 -0.68919502 -0.00012384514)
(0.365846 -0.67384915 4.0588052e-05)
(0.47053912 -0.77495081 -6.8552255e-05)
(0.27594867 -0.58611926 -0.00014469265)
(0.4703264 -0.77482289 1.9244305e-05)
(0.27498539 -0.58451243 -0.00012229752)
(0.37528391 -0.68953759 -0.00012639279)
(0.37487574 -0.6891949 0.00012393077)
(0.36584557 -0.67384891 -4.0540548e-05)
(0.47053882 -0.7749506 6.8660003e-05)
(0.27594845 -0.586119 0.00014481572)
(0.47032655 -0.77482293 -1.9192998e-05)
(0.27498535 -0.58451234 0.00012238724)
(0.3752838 -0.68953746 0.00012645443)
(-0.061053902 -0.21653571 5.7594054e-06)
(-0.058086915 -0.16002979 -7.8874143e-05)
(-0.071866028 -0.22487432 0.00012116277)
(-0.048510404 -0.15358041 2.2977635e-05)
(-0.071991314 -0.22475904 7.36042e-05)
(-0.048403882 -0.15308339 1.5311159e-05)
(-0.061084413 -0.21673339 9.8405093e-06)
(0.34335543 0.5708742 -0.00013376689)
(0.3274191 0.57685205 5.0837265e-05)
(0.24529798 0.49067493 -9.1666073e-05)
(0.4324185 0.65690769 1.3687706e-05)
(0.24436513 0.48935774 -0.00011259457)
(0.43219449 0.65686783 3.5353108e-05)
(0.34374235 0.57111935 -0.0001140616)
(0.34335533 0.57087408 0.00013394942)
(0.32741925 0.57685205 -5.062136e-05)
(0.2452979 0.49067479 9.1844516e-05)
(0.43241844 0.6569076 -1.3602763e-05)
(0.244365 0.48935767 0.00011282038)
(0.43219424 0.6568677 -3.5223258e-05)
(0.34374216 0.57111916 0.00011427939)
(-0.0016921006 -0.065378067 -1.2264909e-05)
(0.0055112318 -0.041349741 1.8922334e-05)
(0.0081418466 -0.049160464 5.0871735e-05)
(-0.0038764565 -0.054183291 1.7371874e-05)
(0.0082009347 -0.049000601 2.3038392e-05)
(-0.0038638694 -0.054155877 9.1287483e-07)
(-0.0016994629 -0.065403196 -8.4680941e-06)
(-0.0016927238 -0.065377577 1.2350478e-05)
(0.0055105132 -0.041349186 -1.8977937e-05)
(0.0081413518 -0.049160084 -5.0904489e-05)
(-0.0038770758 -0.05418282 -1.72303e-05)
(0.0082010825 -0.049000614 -2.3153647e-05)
(-0.0038636471 -0.054155928 -7.6625201e-07)
(-0.0016997126 -0.065402934 8.6975275e-06)
(0.36080868 0.55312329 -0.00034734114)
(0.67946341 0.92736727 0.00020815105)
(0.56028586 0.81699306 -0.00035145489)
(0.57758202 0.80491856 -7.8082256e-05)
(0.55950784 0.81558614 -0.00022167208)
(0.57569986 0.80347451 0.00013363358)
(0.36266926 0.55684527 -0.00056393657)
(0.3608085 0.55312328 0.00034749872)
(0.67946357 0.92736729 -0.00020814504)
(0.56028581 0.81699293 0.00035149758)
(0.57758176 0.80491839 7.8230074e-05)
(0.55950792 0.81558605 0.00022168006)
(0.57569922 0.80347448 -0.00013337354)
(0.36266889 0.5568452 0.00056411205)
(-0.0021903636 -0.0057547924 -6.1407747e-06)
(-0.020102861 -0.0030125792 3.4115711e-05)
(-0.0095950798 -0.011226618 -3.0888363e-06)
(-0.012752377 0.00050398867 2.3504897e-05)
(-0.0095005283 -0.011201964 -1.0126396e-05)
(-0.012608593 0.00049947492 4.0965484e-06)
(-0.0022265204 -0.005831768 9.9793028e-06)
(-0.0021905741 -0.0057545479 5.9614888e-06)
(-0.020103138 -0.0030123346 -3.4172139e-05)
(-0.0095954054 -0.011226217 3.0151369e-06)
(-0.01275267 0.00050439135 -2.3592091e-05)
(-0.0095005212 -0.01120188 1.00275e-05)
(-0.012608551 0.00049955034 -4.2393531e-06)
(-0.002226659 -0.0058315023 -1.0090633e-05)
(0.72488512 0.43315732 8.0388519e-05)
(1.3556729 0.89687129 -0.00013750948)
(1.1416955 0.75256918 -0.00043341554)
(1.1929169 0.72023459 0.00015509365)
(1.1397947 0.75039287 -8.5590065e-05)
(1.1908688 0.7192111 0.00065363097)
(0.72931868 0.43544415 -0.00026972251)
(0.72488468 0.4331573 -8.0761966e-05)
(1.3556721 0.8968708 0.00013707906)
(1.1416947 0.75256853 0.00043325247)
(1.1929147 0.72023406 -0.00015549049)
(1.1397946 0.75039248 8.5405135e-05)
(1.1908672 0.71921081 -0.000654104)
(0.72931839 0.43544397 0.00026953056)
(-0.018901617 0.018115892 -9.4849213e-06)
(0.01428476 0.02923182 -0.00016348897)
(-0.022939334 0.026128846 -1.653861e-05)
(0.012553855 0.019653511 -0.00019987285)
(-0.023072652 0.025929856 3.3483093e-05)
(0.012129737 0.019613303 -4.6521544e-05)
(-0.019003883 0.018246519 -4.3285356e-05)
(-0.018902141 0.018116007 9.4020123e-06)
(0.014283967 0.029231919 0.00016351727)
(-0.022940094 0.026129189 1.6455344e-05)
(0.012553084 0.019653769 0.00019990889)
(-0.023072547 0.025929929 -3.3536579e-05)
(0.012129691 0.019613361 4.6503064e-05)
(-0.019004175 0.01824673 4.3167335e-05)
(1.2983376 0.55935804 -0.00016338475)
(1.0874535 0.50736313 0.00072887008)
(0.9254976 0.3861643 0.00081400123)
(1.4084083 0.67312726 0.00044617088)
(0.92319094 0.38527677 0.00027176431)
(1.4087414 0.67423263 7.9740063e-05)
(1.2984611 0.55850493 0.00021277002)
(0.264465 -0.0037535385 -3.5372044e-05)
(0.086044323 -0.0089518115 0.00017139613)
(0.1002606 -0.0075323699 -4.2789179e-05)
(0.25104547 -0.00016023435 -0.00058165786)
(0.099460164 -0.0075025145 2.9497054e-05)
(0.2504648 -0.00058492888 -0.00032987027)
(0.26518825 -0.003663021 -0.00018107632)
(0.26446461 -0.0037533637 3.5403054e-05)
(0.086043249 -0.0089516397 -0.00017154814)
(0.10025999 -0.0075322442 4.2820045e-05)
(0.25104472 -0.0001600905 0.00058161447)
(0.099460069 -0.0075023928 -2.9613119e-05)
(0.2504651 -0.00058483014 0.00032988629)
(0.26518752 -0.0036629558 0.0001808727)
)
;

boundaryField
{
    inlet
    {
        type            codedFixedValue;
        value           nonuniform List<vector> 
41
(
(0.072278406 0 0)
(0.21148126 0 0)
(0.34354551 0 0)
(0.46847115 0 0)
(0.58625818 0 0)
(0.6969066 0 0)
(0.80041642 0 0)
(0.89678763 0 0)
(0.98602023 0 0)
(1.0681142 0 0)
(1.1430696 0 0)
(1.2108864 0 0)
(1.2715645 0 0)
(1.3251041 0 0)
(1.3715051 0 0)
(1.4107674 0 0)
(1.4428911 0 0)
(1.4678763 0 0)
(1.4857228 0 0)
(1.4964307 0 0)
(1.5 0 0)
(1.4964307 0 0)
(1.4857228 0 0)
(1.4678763 0 0)
(1.4428911 0 0)
(1.4107674 0 0)
(1.3715051 0 0)
(1.3251041 0 0)
(1.2715645 0 0)
(1.2108864 0 0)
(1.1430696 0 0)
(1.0681142 0 0)
(0.98602023 0 0)
(0.89678763 0 0)
(0.80041642 0 0)
(0.6969066 0 0)
(0.58625818 0 0)
(0.46847115 0 0)
(0.34354551 0 0)
(0.21148126 0 0)
(0.072278406 0 0)
)
;
        name            parabolicInlet;
        code            #{
            const scalar H = 0.41;
            const scalar Um = 1.5;

            const fvPatch& boundaryPatch = patch();
            vectorField& field = *this;

            forAll(field, i)
            {
                const scalar y = boundaryPatch.Cf()[i].y();
                const scalar ux = 4.0*Um*y*(H - y)/(H*H);
                field[i] = vector(ux, 0, 0);
            }
        #};
    }
    outlet
    {
        type            zeroGradient;
    }
    walls
    {
        type            noSlip;
    }
    frontAndBack
    {
        type            zeroGradient;
    }
    cylinder
    {
        type            noSlip;
    }
}


// ************************************************************************* //
