/*--------------------------------*- C++ -*----------------------------------*\
  =========                 |
  \\      /  F ield         | OpenFOAM: The Open Source CFD Toolbox
   \\    /   O peration     | Website:  https://openfoam.org
    \\  /    A nd           | Version:  12
     \\/     M anipulation  |
\*---------------------------------------------------------------------------*/
FoamFile
{
    format      ascii;
    class       volScalarField;
    location    "1";
    object      p;
}
// * * * * * * * * * * * * * * * * * * * * * * * * * * * * * * * * * * * * * //

dimensions      [0 2 -2 0 0 0 0];

internalField   nonuniform List<scalar> 
10488
(
0.40100508
0.40046524
0.39962473
0.39837069
0.39650183
0.39386119
0.39029516
0.38563369
0.37969011
0.37226419
0.36314924
0.35214222
0.33905804
0.3237468
0.30611275
0.28613285
0.2638721
0.23949306
0.2132566
0.18551176
0.15667631
0.12720812
0.09757578
0.068225597
0.039545597
0.011834705
-0.014561609
-0.039296988
-0.062234509
-0.083395484
-0.10266306
-0.11995738
-0.13526148
-0.14859812
-0.16001604
-0.16958593
-0.17739839
-0.18356184
-0.18820041
-0.19145185
-0.19346532
-0.19439878
-0.19441577
-0.19368147
-0.19235857
-0.19060289
-0.18855909
-0.1863567
-0.18410652
-0.18189726
-0.17979267
-0.17782943
-0.17601579
-0.17433092
-0.17272611
-0.1711281
-0.16944438
-0.16757073
-0.16539965
-0.16282838
-0.15976465
-0.15614363
-0.15193716
-0.14715056
-0.14182401
-0.13602731
-0.12984837
-0.12339218
-0.11680218
-0.11020043
-0.10368534
-0.097353251
-0.091279216
-0.085516347
-0.080095154
-0.075022697
-0.07028693
-0.06585274
-0.061670465
-0.057681668
-0.053815155
-0.050004906
-0.04618322
-0.042287273
-0.038259468
-0.034050705
-0.029621479
-0.024942797
-0.019996071
-0.014772813
-0.0092739363
-0.0035088951
0.0025052986
0.0087450746
0.015181239
0.021779842
0.028502938
0.035309246
0.04215474
0.048993198
0.05577673
0.062456301
0.068982306
0.075305237
0.081376455
0.087149078
0.092578943
0.09762563
0.1022535
0.10643271
0.11014007
0.11335972
0.11608362
0.11831165
0.12005157
0.12131861
0.12213479
0.12252822
0.12253207
0.12218361
0.12152272
0.12058967
0.11942476
0.11806929
0.1165686
0.11496658
0.11329086
0.11156933
0.10983076
0.10809759
0.10638772
0.1047146
0.10308739
0.10151165
0.099990025
0.098522683
0.097107727
0.095741741
0.094420284
0.09313833
0.091890634
0.090671993
0.089477445
0.088302397
0.087142732
0.085994899
0.084855867
0.083723255
0.082593769
0.081466482
0.08034007
0.079213454
0.078085813
0.076956592
0.075825421
0.074692077
0.073556452
0.072418525
0.071278338
0.070135979
0.068991567
0.067845239
0.066697143
0.065547428
0.064396244
0.063243733
0.062090033
0.06093527
0.059779563
0.058623021
0.057465746
0.056307827
0.055149349
0.053990385
0.052831004
0.051671265
0.050511224
0.049350928
0.048190419
0.047029734
0.045868904
0.044707958
0.04354692
0.042385807
0.041224638
0.040063424
0.038902177
0.037740909
0.036579626
0.035418331
0.03425703
0.033095728
0.031934427
0.03077313
0.029611841
0.028450561
0.027289293
0.02612804
0.024966802
0.02380558
0.022644374
0.021483182
0.020322003
0.019160829
0.017999657
0.01683848
0.015677289
0.014516079
0.013354843
0.012193577
0.011032282
0.0098709576
0.00870961
0.0075482472
0.0063868793
0.00522552
0.0040641835
0.0029028868
0.001741645
0.00058047621
0.40100737
0.40028002
0.39919899
0.39771568
0.39563128
0.39277834
0.38900183
0.38413021
0.37797513
0.37033476
0.36100168
0.34977261
0.33646296
0.32092451
0.30306493
0.28286712
0.26040527
0.23585433
0.2094899
0.18167599
0.15284294
0.12345533
0.093981008
0.064864696
0.03652242
0.0092688509
-0.016710679
-0.041122105
-0.063721639
-0.084463802
-0.10331511
-0.12021619
-0.13514605
-0.14811416
-0.15916673
-0.16837649
-0.17583632
-0.18165778
-0.18596986
-0.18891699
-0.19065637
-0.1913547
-0.19118433
-0.19031825
-0.1889251
-0.18716202
-0.18516963
-0.18306948
-0.18096226
-0.17892639
-0.17701687
-0.17526403
-0.17367154
-0.17221426
-0.17084179
-0.16948057
-0.16803727
-0.16640504
-0.16447126
-0.16212757
-0.15928302
-0.1558675
-0.15183813
-0.14719075
-0.14195914
-0.13621202
-0.13005013
-0.12359428
-0.11694373
-0.11029756
-0.10371114
-0.097304238
-0.091159767
-0.085337607
-0.079875389
-0.074781109
-0.07004979
-0.065637798
-0.061495005
-0.057560092
-0.053769756
-0.050049365
-0.046328313
-0.042538297
-0.038617692
-0.034513929
-0.030185422
-0.025601759
-0.020742935
-0.015599403
-0.010171397
-0.0044679892
0.0014939646
0.0076909101
0.014093597
0.020667992
0.02737608
0.034176545
0.041025354
0.047876288
0.05468143
0.061391665
0.067957214
0.074328248
0.080455615
0.086291687
0.091791325
0.096912916
0.10161943
0.10587947
0.1096682
0.11296813
0.1157696
0.11807106
0.119879
0.1212076
0.12207807
0.12251789
0.12255979
0.12224066
0.12160043
0.12068116
0.11952425
0.11816288
0.11668252
0.11507477
0.11338796
0.11165512
0.10990436
0.10815885
0.10643717
0.10475328
0.10311652
0.10153242
0.10000377
0.098530757
0.097111415
0.095742179
0.094418426
0.093134954
0.091886355
0.090667286
0.08947267
0.088297823
0.087138536
0.085991088
0.084852306
0.083719445
0.082590706
0.081463987
0.080338013
0.079211744
0.078084395
0.076955416
0.075824445
0.074691265
0.073555773
0.072417953
0.071277853
0.070135565
0.068991212
0.067844933
0.066696877
0.065547198
0.064396045
0.063243562
0.062089887
0.060935147
0.059779461
0.058622939
0.05746568
0.056307776
0.055149311
0.053990358
0.052830986
0.051671256
0.05051122
0.049350929
0.048190423
0.047029741
0.045868914
0.04470797
0.043546933
0.042385822
0.041224654
0.040063442
0.038902202
0.037740936
0.036579654
0.035418361
0.034257062
0.033095761
0.031934461
0.030773164
0.029611874
0.028450593
0.027289324
0.026128069
0.024966829
0.023805606
0.0226444
0.021483209
0.020322032
0.019160863
0.017999697
0.016838528
0.015677346
0.014516144
0.013354917
0.01219366
0.01103237
0.0098710492
0.0087097013
0.0075483349
0.0063869598
0.0052255903
0.0040642396
0.0029029252
0.0017416662
0.00058046707
0.40215487
0.40137162
0.40020303
0.39862065
0.39644264
0.39349297
0.38961024
0.38461659
0.37831292
0.37048244
0.3609029
0.34935612
0.33564533
0.31961454
0.3011707
0.28030515
0.25711185
0.23179874
0.2046862
0.17618961
0.14678879
0.11698806
0.087275953
0.058091378
0.029799501
0.0026813311
-0.023048737
-0.047182483
-0.069562559
-0.090068595
-0.10861253
-0.1251964
-0.1398206
-0.15250163
-0.16327889
-0.17221477
-0.17939343
-0.18491956
-0.1889166
-0.19152539
-0.19290157
-0.1932122
-0.1926322
-0.19134006
-0.18951367
-0.18732619
-0.18493864
-0.18249327
-0.18010862
-0.17787473
-0.17585024
-0.1740617
-0.17250409
-0.17114304
-0.16991554
-0.16873342
-0.16748987
-0.16606624
-0.16433892
-0.16218817
-0.15950906
-0.15622083
-0.15227622
-0.14766814
-0.14243044
-0.13663514
-0.13038748
-0.12381822
-0.11707358
-0.11023447
-0.10349198
-0.096960575
-0.09070998
-0.084811656
-0.079308484
-0.074205643
-0.069513527
-0.065168269
-0.06111474
-0.057291633
-0.05362566
-0.050039145
-0.04645531
-0.042801858
-0.039013483
-0.035034416
-0.030819938
-0.026337018
-0.021564724
-0.016493296
-0.011123203
-0.0054640294
0.00046670665
0.0066447368
0.013040119
0.019618178
0.026340318
0.033164689
0.040046784
0.046939955
0.053795821
0.060564699
0.067196097
0.073639292
0.079844029
0.085761357
0.091344607
0.096550475
0.10134017
0.10568052
0.10954504
0.11291473
0.11577868
0.11813439
0.11998769
0.12135244
0.12224985
0.12270764
0.12275903
0.12244172
0.12179671
0.12086747
0.11969966
0.11834575
0.11680873
0.11517283
0.11346218
0.11170741
0.10993659
0.10817334
0.10643675
0.10474139
0.10309627
0.10150615
0.099973764
0.098499208
0.097080066
0.095712346
0.094390999
0.093110472
0.091865088
0.090649289
0.089457836
0.088285931
0.087129301
0.085984216
0.08484752
0.083716568
0.082589091
0.081463429
0.080338268
0.079212599
0.078085674
0.076956974
0.075826164
0.074693053
0.07355756
0.072419688
0.071279501
0.070137103
0.068992627
0.06784622
0.066698037
0.065548235
0.064396965
0.063244374
0.062090599
0.06093577
0.059780004
0.05862341
0.057466088
0.056308128
0.055149613
0.053990616
0.052831205
0.05167144
0.050511375
0.049351057
0.048190528
0.047029826
0.045868983
0.044708025
0.043546976
0.042385856
0.041224682
0.040063466
0.038902218
0.037740949
0.036579665
0.035418371
0.034257072
0.033095771
0.03193447
0.030773173
0.029611882
0.028450601
0.027289331
0.026128074
0.024966834
0.023805611
0.022644405
0.021483218
0.020322045
0.019160883
0.017999726
0.016838567
0.015677395
0.014516204
0.013354985
0.012193733
0.011032445
0.0098711223
0.0087097683
0.0075483921
0.0063870031
0.0052256175
0.0040642495
0.0029029147
0.0017416507
0.00058043235
0.40505349
0.40421164
0.40296997
0.40131246
0.39906359
0.3960325
0.39204092
0.38689003
0.38035955
0.37220331
0.36217086
0.35001434
0.33551469
0.31850235
0.29888628
0.27668036
0.25202302
0.22518864
0.1965865
0.16673283
0.13620153
0.10556511
0.075337193
0.045933702
0.017661282
-0.0092613859
-0.034671806
-0.058431808
-0.080413722
-0.10051532
-0.11870754
-0.13492891
-0.14919964
-0.16155536
-0.17203876
-0.18070302
-0.18761807
-0.19287325
-0.19657663
-0.19885477
-0.19985017
-0.19971936
-0.1986306
-0.19676053
-0.19429342
-0.19141833
-0.18832003
-0.18516861
-0.18211091
-0.17926434
-0.17671213
-0.17449856
-0.17262665
-0.17106008
-0.169727
-0.16852585
-0.16733086
-0.16600142
-0.16439261
-0.16236517
-0.15979685
-0.15659352
-0.15269834
-0.14809779
-0.14282309
-0.13694744
-0.1305799
-0.12385573
-0.11692325
-0.10992395
-0.10301127
-0.096295797
-0.089898016
-0.083889065
-0.078346137
-0.07323264
-0.068593698
-0.064341946
-0.060414079
-0.056742948
-0.053249201
-0.049847491
-0.04645332
-0.042987582
-0.039379514
-0.035569187
-0.031509029
-0.027164235
-0.022512614
-0.017543842
-0.012258398
-0.0066662971
-0.00078573007
0.0053582415
0.011734853
0.018308632
0.025040222
0.031887071
0.038803999
0.045743627
0.052656781
0.059492862
0.066200276
0.07272697
0.079021125
0.085031999
0.09071094
0.096012533
0.10089587
0.10532581
0.10927411
0.11272035
0.11565261
0.11806775
0.11997138
0.1213774
0.12230729
0.12278917
0.12285675
0.1225483
0.12190558
0.12097264
0.11979451
0.11841566
0.11687329
0.11522315
0.11349553
0.1117238
0.10993764
0.1081612
0.10641361
0.10471045
0.10306052
0.10146725
0.099933813
0.098460142
0.097043343
0.095679075
0.094361778
0.09308556
0.091844505
0.090632864
0.089445256
0.088276796
0.087123159
0.085980613
0.084846021
0.083716768
0.082590509
0.081465797
0.080341304
0.079216054
0.078089347
0.076960707
0.075829839
0.074696584
0.073560886
0.072422772
0.071282322
0.070139652
0.068994907
0.06784824
0.066699812
0.065549782
0.064398304
0.063245526
0.062091583
0.060936605
0.059780709
0.058624002
0.057466582
0.056308538
0.05514995
0.053990891
0.052831426
0.051671616
0.050511512
0.049351162
0.048190606
0.047029881
0.045869019
0.044708045
0.043546985
0.042385855
0.041224673
0.040063452
0.038902201
0.03774093
0.036579645
0.035418352
0.034257054
0.033095754
0.031934455
0.03077316
0.029611869
0.028450588
0.027289317
0.026128061
0.02496682
0.023805596
0.022644393
0.021483208
0.020322041
0.019160887
0.017999741
0.016838594
0.015677436
0.014516257
0.013355048
0.012193804
0.01103252
0.0098711967
0.0087098369
0.0075484506
0.0063870474
0.0052256438
0.00406426
0.0029029013
0.0017416352
0.00058039182
0.41036653
0.40948698
0.40818891
0.40647368
0.40416901
0.40105938
0.39693922
0.3915726
0.38470544
0.37604205
0.36528865
0.35214714
0.3363649
0.31775085
0.2962208
0.27182752
0.24478499
0.21548404
0.18448587
0.15247786
0.12019239
0.088309135
0.057365717
0.02771972
-0.00043289419
-0.026998545
-0.051919762
-0.075131377
-0.096552627
-0.11611363
-0.13377723
-0.14952905
-0.16336509
-0.17533219
-0.18547754
-0.193852
-0.20051336
-0.2055312
-0.20899176
-0.21099967
-0.21167357
-0.21114599
-0.20956586
-0.20709881
-0.20392337
-0.20022672
-0.19620474
-0.19205401
-0.18795425
-0.18405842
-0.18049012
-0.17733394
-0.17462597
-0.17235231
-0.1704514
-0.16881863
-0.16731621
-0.16578567
-0.16406025
-0.16197784
-0.15939432
-0.1561958
-0.15230861
-0.14770578
-0.14240873
-0.13648452
-0.1300393
-0.12320862
-0.11614542
-0.1090071
-0.10194966
-0.095111602
-0.088614673
-0.082539402
-0.076886339
-0.071686716
-0.067156906
-0.063010369
-0.059218913
-0.055717075
-0.052420173
-0.04923503
-0.046069027
-0.042835589
-0.03945715
-0.035867931
-0.032015699
-0.027862211
-0.023382928
-0.018566179
-0.013411877
-0.0079300318
-0.0021392112
0.0039348873
0.010260718
0.016801959
0.023518349
0.030366373
0.037299852
0.044270408
0.051227805
0.058120247
0.06489474
0.071497587
0.077875067
0.083974313
0.089744384
0.09513754
0.10011063
0.10462651
0.10865535
0.11217566
0.115175
0.11765025
0.11960744
0.12106119
0.12203375
0.12255391
0.12265579
0.12237789
0.12176188
0.12085161
0.11969148
0.11832587
0.11680286
0.11515738
0.11343684
0.11166995
0.10988673
0.10811211
0.10636525
0.1046663
0.10302148
0.1014294
0.099899202
0.098430198
0.097018009
0.095658428
0.094345608
0.093073599
0.091836416
0.090628226
0.089443598
0.088277633
0.087126006
0.085985
0.08485149
0.083722745
0.082597243
0.081472787
0.080348287
0.079222856
0.078095839
0.076966798
0.075835471
0.074701723
0.073565523
0.072426911
0.071285979
0.070142854
0.068997683
0.067850626
0.066701844
0.065551496
0.064399735
0.063246708
0.062092549
0.060937384
0.059781328
0.058624486
0.057466952
0.056308813
0.055150147
0.053991024
0.052831508
0.051671656
0.05051152
0.049351144
0.048190568
0.047029829
0.045868956
0.044707975
0.04354691
0.042385777
0.041224594
0.040063372
0.038902123
0.037740855
0.036579575
0.035418286
0.034256993
0.033095699
0.031934405
0.030773114
0.029611828
0.028450549
0.02728928
0.026128024
0.024966783
0.023805559
0.022644355
0.021483171
0.020322007
0.019160859
0.017999725
0.016838594
0.01567745
0.014516286
0.013355093
0.012193862
0.011032587
0.0098712692
0.0087099098
0.0075485186
0.0063871071
0.0052256889
0.004064294
0.0029029133
0.0017416298
0.00058034074
0.41863803
0.4177457
0.41643268
0.41471128
0.4124077
0.40926868
0.40504947
0.39945301
0.39217567
0.38284061
0.37109218
0.3565457
0.33889863
0.31791718
0.29353022
0.26585362
0.23522749
0.20223223
0.16767335
0.13251273
0.097737469
0.064192266
0.032423341
0.0026494421
-0.025148918
-0.051087779
-0.075258075
-0.097675935
-0.11830424
-0.13709986
-0.1540425
-0.16914023
-0.18242812
-0.19392856
-0.20368022
-0.21172736
-0.21811875
-0.22290779
-0.22615953
-0.22795142
-0.22836675
-0.22750122
-0.22546398
-0.22239425
-0.21846271
-0.21384798
-0.20873967
-0.20334654
-0.19787972
-0.19253143
-0.18746649
-0.18281659
-0.17867442
-0.17507994
-0.17200853
-0.16937484
-0.16704783
-0.16486536
-0.16264809
-0.16021576
-0.15740249
-0.15407035
-0.15012165
-0.14550716
-0.14022842
-0.1343352
-0.12791967
-0.12110739
-0.1140463
-0.10689481
-0.099811483
-0.092942888
-0.086415071
-0.080323682
-0.074732985
-0.069721814
-0.065035521
-0.060955812
-0.057293606
-0.053963523
-0.050874498
-0.047925516
-0.045014804
-0.042047641
-0.038939176
-0.035617183
-0.03202405
-0.028116919
-0.023867332
-0.019260744
-0.014295299
-0.0089800666
-0.0033332522
0.0026193709
0.0088458468
0.01530921
0.021968354
0.028778734
0.035693018
0.04266161
0.049632972
0.056553875
0.063369684
0.070024815
0.076463391
0.082630147
0.088471584
0.093937362
0.098981894
0.103566
0.10765842
0.11123701
0.11428944
0.11681345
0.11881647
0.12031475
0.12133218
0.12189882
0.12204944
0.12182251
0.12125913
0.12040221
0.11929524
0.11798178
0.11650616
0.11490989
0.11322897
0.1114994
0.10974964
0.10800514
0.10627524
0.10459276
0.10297523
0.10139443
0.099872524
0.098413204
0.097009849
0.0956572
0.094349403
0.093081287
0.091847082
0.090641045
0.089457872
0.088292774
0.087141526
0.086000499
0.084866655
0.083737469
0.082611023
0.08148564
0.080360144
0.079233678
0.078105618
0.076975553
0.075843237
0.074708553
0.073571477
0.072432058
0.071290389
0.070146598
0.069000832
0.067853245
0.066703996
0.06555324
0.064401126
0.063247794
0.062093376
0.060937992
0.059781753
0.05862476
0.057467103
0.056308866
0.055150122
0.05399094
0.052831379
0.051671495
0.050511337
0.049350947
0.048190364
0.047029623
0.045868751
0.044707775
0.043546716
0.042385592
0.041224417
0.040063204
0.038901964
0.037740706
0.036579435
0.035418157
0.034256875
0.033095592
0.031934309
0.030773027
0.02961175
0.028450478
0.027289214
0.02612796
0.02496672
0.023805495
0.02264429
0.021483106
0.02032194
0.019160791
0.017999663
0.01683855
0.015677421
0.014516272
0.013355097
0.012193886
0.011032629
0.0098713263
0.0087099779
0.0075485917
0.0063871825
0.005225758
0.0040643579
0.0029029593
0.0017416453
0.00058029228
0.43026955
0.42940082
0.42814297
0.42651057
0.42432155
0.42126921
0.41705655
0.41129348
0.40360715
0.39349069
0.38050492
0.36411464
0.34394641
0.31967013
0.29123403
0.25883375
0.22301114
0.18466469
0.14500645
0.10544118
0.067349779
0.031800726
-0.00070770308
-0.030248849
-0.057245912
-0.082140847
-0.10519664
-0.12649359
-0.14601808
-0.16374765
-0.17969773
-0.19392291
-0.20648688
-0.21741797
-0.22673176
-0.23442949
-0.24053419
-0.24509079
-0.2481511
-0.24976508
-0.24996757
-0.24880541
-0.24633474
-0.24263745
-0.23785315
-0.23216367
-0.22576892
-0.218874
-0.21169849
-0.20448803
-0.19746501
-0.19079476
-0.18462098
-0.1790573
-0.17414715
-0.16985599
-0.16608757
-0.16269732
-0.15950975
-0.15633892
-0.15300253
-0.14933632
-0.1452122
-0.14055066
-0.13532363
-0.12955239
-0.12330296
-0.11667844
-0.10980879
-0.1028396
-0.095921129
-0.089196979
-0.082794162
-0.076814565
-0.071329689
-0.066377095
-0.061918502
-0.05792539
-0.054409204
-0.051259025
-0.048383982
-0.045679779
-0.043038891
-0.040359616
-0.037550194
-0.034531234
-0.031238933
-0.027625529
-0.023658184
-0.019318434
-0.014601178
-0.0095131113
-0.0040709266
0.001700425
0.0077692614
0.014098477
0.020646448
0.027367741
0.034213874
0.041133945
0.048074997
0.054982227
0.061799238
0.068468449
0.074931729
0.081131327
0.087011092
0.092517991
0.097603884
0.10222744
0.10635595
0.10996677
0.11304811
0.11559922
0.11762984
0.1191589
0.1202129
0.12082392
0.1210279
0.12086338
0.12037075
0.11959142
0.11856686
0.11733856
0.11594777
0.11443346
0.11283153
0.11117389
0.10948859
0.10779823
0.10612885
0.10449427
0.10288422
0.10133745
0.099854872
0.098407016
0.097016334
0.095673628
0.0943723
0.093108554
0.091876956
0.09067209
0.089489011
0.088323206
0.087170674
0.086027966
0.084892181
0.083760933
0.082632292
0.081504821
0.080377272
0.079248842
0.078118939
0.076987166
0.075853285
0.074717181
0.073578828
0.072438268
0.071295589
0.070150909
0.069004364
0.067856102
0.066706269
0.065555012
0.064402471
0.063248779
0.062094059
0.060938424
0.059781979
0.058624819
0.05746703
0.05630869
0.055149869
0.05399063
0.052831031
0.051671123
0.050510952
0.049350559
0.048189981
0.047029249
0.045868391
0.044707432
0.043546391
0.042385285
0.041224129
0.040062935
0.038901713
0.037740472
0.036579219
0.035417957
0.034256691
0.033095424
0.031934157
0.030772891
0.029611627
0.028450367
0.027289113
0.026127866
0.024966629
0.023805406
0.022644202
0.021483015
0.020321841
0.019160693
0.017999581
0.016838464
0.01567733
0.014516199
0.013355048
0.012193859
0.011032627
0.0098713477
0.0087100218
0.0075486527
0.0063872588
0.0052258401
0.0040644425
0.0029030357
0.0017416832
0.0005802601
0.44550179
0.44471191
0.44361807
0.44222853
0.44034314
0.43758639
0.43359324
0.42784515
0.41987304
0.40897099
0.39458675
0.37593114
0.35253903
0.32386989
0.28990646
0.25088747
0.2076564
0.1616342
0.11474785
0.069179458
0.026946414
-0.010682905
-0.043453352
-0.071992846
-0.09742573
-0.12068022
-0.1421621
-0.16195717
-0.18002742
-0.19634356
-0.21095794
-0.22399655
-0.23558003
-0.2457994
-0.25463656
-0.26198883
-0.26782667
-0.27218742
-0.27511392
-0.2766141
-0.27667026
-0.27526026
-0.27238
-0.26806621
-0.26235033
-0.25537886
-0.24739866
-0.23865679
-0.22935393
-0.21975969
-0.21020042
-0.20092935
-0.19214516
-0.18401065
-0.17662882
-0.17003231
-0.16418624
-0.15898855
-0.15429241
-0.14992831
-0.14570936
-0.14144719
-0.13698073
-0.13219401
-0.12702004
-0.12144064
-0.115484
-0.10921856
-0.10274364
-0.096179326
-0.089656029
-0.083303662
-0.077241245
-0.071567603
-0.066354329
-0.061640835
-0.057426964
-0.053695768
-0.050398458
-0.047466594
-0.044827442
-0.04238076
-0.040016303
-0.037630404
-0.035129804
-0.03243167
-0.02946585
-0.026177509
-0.022528576
-0.018497494
-0.014076009
-0.0092673357
-0.0040852312
0.001447399
0.0073000924
0.013436361
0.019814661
0.026389106
0.03311034
0.03992633
0.046782796
0.053623409
0.060390044
0.067023178
0.0734625
0.079647879
0.085520675
0.091025354
0.096111449
0.10073572
0.10486423
0.108474
0.11155392
0.11410497
0.11613949
0.11767953
0.11875492
0.1194006
0.11965404
0.11955411
0.11914038
0.11845244
0.11752928
0.11640937
0.11513018
0.11372712
0.11223311
0.11067825
0.10909318
0.10748444
0.10588694
0.10431062
0.10276079
0.10127101
0.0998149
0.09839535
0.097029641
0.095699673
0.094407297
0.093149661
0.091921384
0.090717668
0.089534134
0.088366712
0.087211769
0.086066147
0.084927167
0.083792609
0.082660648
0.08153002
0.080399465
0.079268229
0.078135749
0.077001635
0.075865648
0.074727665
0.073587648
0.072445625
0.071301668
0.070155878
0.069008375
0.06785929
0.066708755
0.065556901
0.064403858
0.063249745
0.062094675
0.060938753
0.059782076
0.05862473
0.057466795
0.056308343
0.055149439
0.053990142
0.052830506
0.051670577
0.050510398
0.049350009
0.048189441
0.047028727
0.045867891
0.044706956
0.043545941
0.042384862
0.041223734
0.040062566
0.038901371
0.037740154
0.036578924
0.035417685
0.034256441
0.033095195
0.031933947
0.030772701
0.029611456
0.028450213
0.027288974
0.026127739
0.024966511
0.023805292
0.022644089
0.021482905
0.020321736
0.019160586
0.017999454
0.016838326
0.015677207
0.014516088
0.013354948
0.012193778
0.011032571
0.0098713187
0.0087100224
0.0075486796
0.006387312
0.0052259135
0.0040645235
0.0029031248
0.0017417393
0.00058026323
0.46439621
0.46376178
0.4629859
0.46206628
0.46076921
0.45864148
0.45522295
0.44984103
0.44188479
0.43037424
0.41457942
0.39330685
0.36597147
0.33163021
0.29035471
0.24225507
0.18861533
0.1316106
0.074403859
0.020666182
-0.026422492
-0.065590015
-0.097454322
-0.12367534
-0.14638346
-0.16716606
-0.18649234
-0.20435703
-0.22061132
-0.23517466
-0.24811565
-0.25964198
-0.26991994
-0.2791225
-0.28733235
-0.29427854
-0.2998765
-0.30413009
-0.30705013
-0.30858031
-0.30861078
-0.30706734
-0.30382009
-0.29891867
-0.29229619
-0.28397371
-0.27416284
-0.26315842
-0.25126792
-0.23875139
-0.22589133
-0.21314159
-0.20093629
-0.18951839
-0.17901385
-0.16950705
-0.16101653
-0.15347539
-0.14677871
-0.14079347
-0.13533551
-0.13019598
-0.12518827
-0.12016352
-0.11501081
-0.10966366
-0.10410246
-0.098350266
-0.092464199
-0.086527358
-0.080639647
-0.074907013
-0.069430949
-0.06429915
-0.059577873
-0.055306985
-0.051496631
-0.048135094
-0.045189973
-0.042559057
-0.040213085
-0.038057378
-0.035987064
-0.033901007
-0.031706787
-0.029324913
-0.026687016
-0.023732493
-0.020415091
-0.016710428
-0.012608249
-0.0081087367
-0.0032224537
0.0020306098
0.0076221001
0.013516918
0.019674221
0.026048232
0.03258928
0.039244653
0.045959116
0.052675151
0.059333252
0.065872279
0.072230069
0.078344538
0.084155088
0.089604154
0.094639304
0.099215772
0.10329901
0.10686652
0.10990854
0.11242832
0.1144411
0.11597177
0.11705303
0.11772256
0.11801929
0.11798225
0.11765007
0.11706029
0.11624897
0.11525105
0.11409993
0.11282692
0.11146111
0.11002816
0.10854781
0.10705645
0.10555629
0.10406625
0.10259388
0.10114619
0.09974022
0.098377718
0.0970326
0.095720877
0.094443641
0.093195656
0.091972805
0.090771455
0.089587988
0.08841897
0.087261288
0.086112206
0.084969364
0.083830791
0.082694889
0.081560229
0.080425958
0.07929129
0.078155666
0.077018709
0.075880177
0.074739934
0.073597927
0.072454163
0.071308693
0.070161594
0.069012968
0.067862921
0.066711569
0.065559026
0.064405403
0.063250806
0.062095337
0.060939088
0.059782146
0.058624588
0.057466487
0.056307908
0.055148911
0.053989548
0.052829869
0.051669917
0.05050973
0.049349344
0.04818879
0.047028095
0.045867284
0.044706377
0.043545393
0.042384346
0.041223249
0.040062114
0.03890095
0.037739763
0.036578561
0.035417349
0.03425613
0.033094908
0.031933685
0.030772462
0.029611238
0.028450016
0.027288796
0.026127578
0.024966365
0.023805159
0.02264396
0.021482775
0.02032161
0.019160459
0.01799932
0.016838192
0.015677071
0.014515949
0.013354814
0.012193656
0.011032468
0.0098712404
0.0087099735
0.0075486611
0.0063873219
0.0052259502
0.0040645865
0.0029032068
0.0017417929
0.00058032081
0.4868195
0.48644299
0.48618289
0.4860374
0.48572119
0.4847125
0.48240453
0.47797291
0.47057221
0.45892297
0.44195474
0.41787382
0.38585929
0.34434505
0.29357022
0.23314696
0.16512402
0.092520997
0.020527956
-0.044330173
-0.096963518
-0.13602175
-0.16455744
-0.18640919
-0.20484479
-0.22181677
-0.23803992
-0.2532673
-0.26711504
-0.2794936
-0.29051919
-0.30037051
-0.30922759
-0.31717794
-0.32428091
-0.33056167
-0.33590633
-0.34019083
-0.34330416
-0.34508565
-0.34532273
-0.34379315
-0.34033391
-0.33481813
-0.32726579
-0.31762779
-0.30596227
-0.2924843
-0.27756115
-0.26187087
-0.24535023
-0.22833617
-0.21170893
-0.19600629
-0.18144713
-0.16819377
-0.15633425
-0.14584218
-0.13665699
-0.12867247
-0.12167998
-0.11542929
-0.10970636
-0.10433646
-0.099168466
-0.09408745
-0.089018135
-0.08392798
-0.07882154
-0.073734969
-0.06872835
-0.063874681
-0.059248618
-0.054917522
-0.050934291
-0.047331661
-0.044119231
-0.041286411
-0.038809875
-0.03661929
-0.034670121
-0.032869934
-0.031130428
-0.029362965
-0.027478503
-0.025403032
-0.023075674
-0.020438721
-0.017439237
-0.014053414
-0.010268507
-0.0060811135
-0.0014993907
0.0034594905
0.0087695371
0.014397341
0.020302831
0.02644049
0.0327607
0.039210464
0.045733888
0.05227255
0.058766102
0.065152561
0.071368565
0.077350711
0.083037487
0.088370737
0.093297514
0.097772394
0.10176044
0.10524007
0.10820348
0.11065653
0.11261793
0.11411628
0.11518797
0.11587282
0.11620885
0.11623402
0.11598566
0.1154989
0.11480619
0.11393863
0.11292552
0.11179375
0.11056823
0.10927194
0.10792557
0.10654956
0.10515736
0.10376124
0.10237178
0.10099876
0.099647986
0.098322094
0.097014483
0.095731503
0.094474047
0.093239183
0.092024441
0.090827325
0.08964515
0.088475274
0.087315227
0.086162778
0.085015966
0.083873118
0.082732865
0.081593959
0.080455635
0.079317175
0.078178061
0.077037936
0.07589656
0.074753788
0.07360955
0.072463833
0.071316663
0.070168096
0.069018206
0.06786708
0.06671481
0.06556149
0.064407215
0.063252074
0.062096154
0.060939535
0.059782291
0.058624492
0.0574662
0.056307475
0.055148367
0.053988926
0.052829193
0.051669209
0.050509007
0.04934862
0.048188075
0.047027398
0.045866611
0.044705733
0.043544779
0.042383765
0.041222702
0.040061601
0.03890047
0.037739316
0.036578145
0.035416962
0.034255772
0.033094577
0.03193338
0.030772181
0.029610982
0.028449783
0.027288584
0.026127387
0.024966192
0.023805001
0.022643816
0.021482641
0.020321477
0.019160325
0.017999185
0.016838053
0.015676927
0.014515801
0.013354666
0.012193514
0.011032338
0.0098711292
0.0087098861
0.007548602
0.006387291
0.0052259503
0.0040646027
0.0029032547
0.0017418342
0.00058044434
0.51241431
0.51242125
0.51292012
0.51393034
0.51510139
0.51587325
0.51543407
0.51284537
0.50684742
0.49595773
0.47843062
0.45169508
0.4142405
0.36380723
0.3005598
0.22319669
0.13531651
0.040455107
-0.052343763
-0.1316485
-0.19031545
-0.22602982
-0.24600001
-0.25947805
-0.27177283
-0.28406131
-0.296372
-0.30801011
-0.31842159
-0.32754478
-0.33570049
-0.34313802
-0.35000046
-0.35645927
-0.36255123
-0.3683274
-0.37362548
-0.3782406
-0.38191136
-0.38432837
-0.38516422
-0.38399252
-0.38060032
-0.37457935
-0.36600766
-0.35492416
-0.34117622
-0.32495155
-0.30660341
-0.28691845
-0.26655479
-0.24542491
-0.22410674
-0.20355616
-0.18429757
-0.16660773
-0.15057833
-0.13634906
-0.12404393
-0.11359606
-0.1047315
-0.097136906
-0.090547142
-0.084735547
-0.079506253
-0.074716793
-0.070232935
-0.065954124
-0.061820321
-0.057811618
-0.053939189
-0.050233615
-0.046733892
-0.043478823
-0.040500346
-0.037817442
-0.035430549
-0.033316782
-0.031445685
-0.029866233
-0.028435093
-0.027079979
-0.025726369
-0.024309511
-0.022747652
-0.020983175
-0.018950956
-0.016602637
-0.013882477
-0.010784897
-0.0072903395
-0.0033908408
0.00090461092
0.0055813621
0.010615799
0.01597671
0.021624649
0.027514176
0.033595982
0.039817011
0.046120729
0.052447463
0.058735741
0.064922979
0.070945518
0.076739793
0.082244435
0.087401461
0.092158986
0.096474123
0.10031523
0.10366341
0.10651254
0.10887113
0.11076009
0.11220621
0.11325178
0.11394287
0.11431502
0.1144023
0.11423913
0.11385782
0.11328643
0.1125525
0.11168141
0.11069517
0.10961441
0.10845913
0.1072477
0.10599556
0.10471569
0.10341973
0.10211847
0.10081927
0.099527901
0.098248922
0.096982346
0.095730789
0.094495737
0.093276578
0.092072165
0.090881061
0.089701566
0.088531877
0.087370217
0.086214918
0.08506446
0.083917475
0.082772904
0.081629768
0.080487331
0.079344963
0.078202217
0.07705877
0.075914393
0.074768937
0.073622321
0.072474513
0.071325516
0.070175363
0.069024105
0.067871805
0.066718533
0.065564364
0.064409371
0.06325363
0.062097209
0.060940177
0.059782595
0.058624523
0.057466013
0.056307117
0.05514788
0.053988341
0.052828541
0.051668511
0.050508284
0.049347886
0.048187344
0.047026679
0.045865911
0.044705057
0.043544131
0.042383148
0.041222118
0.04006105
0.038899952
0.037738831
0.036577692
0.035416541
0.03425538
0.033094214
0.031933043
0.03077187
0.029610696
0.028449521
0.027288346
0.026127171
0.024965997
0.023804824
0.022643656
0.021482492
0.020321337
0.019160189
0.01799905
0.016837917
0.015676788
0.014515657
0.013354519
0.012193368
0.011032199
0.0098710046
0.0087097792
0.00754852
0.0063872329
0.0052259232
0.0040645897
0.0029032578
0.0017418739
0.00058060883
0.54058438
0.54111146
0.54265193
0.54525749
0.54853254
0.55190157
0.55435169
0.55485903
0.55158459
0.5429186
0.52590954
0.49747097
0.45403681
0.39290274
0.31262436
0.21116904
0.094374388
-0.034478361
-0.15521168
-0.25121145
-0.30970118
-0.33715469
-0.34534751
-0.34500926
-0.34523451
-0.3492363
-0.35567087
-0.36240668
-0.36841943
-0.37378741
-0.37895848
-0.3840207
-0.38896479
-0.39398142
-0.39899482
-0.40415177
-0.40945111
-0.41464336
-0.41930708
-0.42296663
-0.42511686
-0.42521259
-0.42273156
-0.41718224
-0.4081662
-0.39557736
-0.37926873
-0.35969767
-0.33758889
-0.31319642
-0.28782459
-0.26181128
-0.23549843
-0.20970358
-0.18541998
-0.16325446
-0.14297366
-0.12465011
-0.108845
-0.095608236
-0.084595252
-0.075465712
-0.067940771
-0.061695181
-0.056411532
-0.051961782
-0.048147074
-0.044803941
-0.041805289
-0.039070835
-0.036557428
-0.034245159
-0.032128197
-0.030207935
-0.028487054
-0.026966371
-0.025632883
-0.024449979
-0.023452585
-0.022595492
-0.021791022
-0.020970269
-0.020072089
-0.019050669
-0.017844787
-0.016387029
-0.014674107
-0.012597661
-0.010096614
-0.007252122
-0.0040141153
-0.00036104825
0.0036892578
0.0081226778
0.012914067
0.018033981
0.023443004
0.029095823
0.034943853
0.040934568
0.047011639
0.053113885
0.059178909
0.065143118
0.070941053
0.076508955
0.081788958
0.086725647
0.091268509
0.09537368
0.099014015
0.10218451
0.10488445
0.10712256
0.10892495
0.11032838
0.11136544
0.11206499
0.11246586
0.11260647
0.1125212
0.11223681
0.11177801
0.1111704
0.11043614
0.10959096
0.108651
0.10763411
0.10655531
0.10542696
0.10425981
0.10306412
0.10184962
0.10062428
0.099394672
0.098165645
0.096939925
0.095720326
0.094509135
0.093307188
0.092114517
0.090930718
0.089755048
0.088586531
0.087424081
0.086266594
0.085112993
0.083962326
0.082813727
0.08166652
0.080520059
0.079373835
0.078227473
0.077080687
0.075933267
0.074785071
0.07363601
0.072486037
0.071335139
0.070183327
0.069030629
0.067877087
0.06672275
0.065567672
0.064411909
0.063255518
0.062098553
0.060941067
0.059783113
0.058624736
0.057465981
0.056306889
0.055147499
0.053987844
0.052827958
0.051667868
0.050507602
0.049347183
0.048186633
0.047025971
0.045865214
0.044704378
0.043543476
0.04238252
0.041221519
0.040060482
0.038899416
0.037738327
0.03657722
0.035416099
0.034254968
0.03309383
0.031932687
0.030771541
0.029610392
0.028449242
0.02728809
0.026126938
0.024965785
0.023804633
0.022643482
0.021482334
0.02032119
0.019160051
0.017998916
0.016837785
0.015676655
0.014515522
0.013354381
0.012193228
0.011032063
0.0098708831
0.0087096703
0.0075484272
0.0063871574
0.0052258775
0.0040645635
0.0029032837
0.0017419406
0.00058065122
0.57049036
0.5716705
0.57455427
0.57921358
0.58528535
0.59215869
0.59878952
0.60396352
0.60555657
0.60155222
0.58728875
0.55930372
0.51052978
0.43745493
0.3333903
0.19698567
0.032525091
-0.15302685
-0.30897762
-0.4157437
-0.46391027
-0.46672599
-0.45062059
-0.42711625
-0.41224448
-0.40763494
-0.40785524
-0.40900643
-0.41002165
-0.4113331
-0.41337028
-0.41584298
-0.4185411
-0.42178239
-0.42579181
-0.43041255
-0.43577698
-0.44163745
-0.44748595
-0.45278542
-0.45693824
-0.45920358
-0.45887596
-0.4552038
-0.44755539
-0.43541047
-0.41824885
-0.39658786
-0.37131213
-0.34291193
-0.31196794
-0.27955474
-0.24699505
-0.21506446
-0.18478393
-0.15747421
-0.13258172
-0.10995507
-0.090528801
-0.074332197
-0.060994123
-0.050202289
-0.041696356
-0.03514476
-0.030114733
-0.026225664
-0.023304296
-0.021105625
-0.019443032
-0.01818264
-0.017229638
-0.016514597
-0.01598686
-0.015607605
-0.015341673
-0.015158644
-0.015031227
-0.014998059
-0.01502726
-0.015044961
-0.014984676
-0.014795877
-0.014433885
-0.013866949
-0.013004676
-0.011842728
-0.010577159
-0.0087743399
-0.0064305633
-0.0037936897
-0.00076941849
0.0026613409
0.0064966497
0.010745447
0.01535379
0.020289196
0.025508627
0.030965516
0.036611843
0.042393929
0.048257101
0.054138467
0.059975195
0.06570577
0.071266304
0.076588812
0.081619089
0.086305097
0.090602152
0.09447945
0.097914872
0.10088579
0.10339777
0.10548213
0.1071679
0.10848683
0.10947295
0.11016317
0.11059466
0.11079841
0.11079897
0.1106203
0.11028595
0.10981558
0.10922686
0.10852567
0.10772446
0.10684197
0.10589024
0.10487937
0.10381898
0.10271784
0.10158559
0.1004309
0.099260402
0.098079733
0.096893308
0.095704814
0.094517296
0.093332727
0.092152221
0.090976311
0.08980512
0.088638441
0.08747584
0.086316748
0.085160539
0.084006602
0.082854387
0.08170337
0.080553092
0.079403171
0.078253302
0.077103246
0.075952821
0.074801897
0.073650383
0.072498224
0.071345394
0.070191884
0.069037705
0.067882878
0.066727432
0.065571403
0.064414828
0.063257747
0.062100201
0.060942229
0.059783869
0.058625158
0.057466131
0.05630682
0.055147255
0.053987464
0.052827474
0.051667308
0.050506989
0.049346535
0.048185965
0.047025296
0.045864543
0.044703718
0.043542833
0.042381899
0.041220923
0.040059913
0.038898875
0.037737816
0.036576738
0.035415647
0.034254545
0.033093436
0.03193232
0.0307712
0.029610077
0.028448951
0.027287824
0.026126695
0.024965564
0.023804432
0.0226433
0.021482169
0.020321039
0.019159911
0.017998784
0.016837657
0.015676529
0.014515395
0.013354252
0.012193097
0.011031938
0.0098707695
0.0087095753
0.007548338
0.0063870832
0.005225828
0.004064534
0.0029032819
0.0017419648
0.00058071288
0.60105625
0.60301394
0.60751667
0.61466429
0.62420084
0.63551074
0.64771274
0.65942165
0.66867896
0.67236986
0.66549553
0.64224019
0.59241809
0.50805477
0.37388074
0.18693089
-0.06520784
-0.33026928
-0.43966145
-0.57192767
-0.59965876
-0.57360215
-0.53358989
-0.47860222
-0.45060844
-0.43994424
-0.43594281
-0.43392158
-0.43268768
-0.43237161
-0.43290888
-0.4338911
-0.43566056
-0.43842981
-0.44218818
-0.44642368
-0.45189221
-0.45816933
-0.46476667
-0.47116127
-0.47670229
-0.48057024
-0.48195096
-0.48013697
-0.4741659
-0.46349614
-0.44821557
-0.42774822
-0.40169996
-0.37077966
-0.33571792
-0.29792925
-0.25930244
-0.22098745
-0.185185
-0.15202387
-0.12109379
-0.093681198
-0.070535228
-0.051261825
-0.03547639
-0.022936256
-0.013356832
-0.0063691282
-0.0015765084
0.0015886224
0.0034562117
0.0043073881
0.0044250928
0.0040105522
0.0032144538
0.0021569584
0.00093149967
-0.00038723612
-0.0017279568
-0.0030198631
-0.0042245891
-0.0054158182
-0.0065333693
-0.0074990112
-0.0082544624
-0.0087611018
-0.0089896991
-0.0089112858
-0.0085152333
-0.0077791683
-0.0066209496
-0.0049938838
-0.0031394756
-0.0008695899
0.0020929958
0.005428002
0.0090906745
0.013155752
0.01758197
0.022356049
0.027424985
0.032734583
0.038233196
0.043863722
0.049557037
0.055246343
0.060870503
0.066364808
0.071667603
0.076734748
0.081511147
0.085942622
0.089986581
0.093612517
0.09680231
0.099557743
0.1018999
0.10384934
0.10543229
0.10668564
0.10764582
0.10834688
0.10882009
0.10909179
0.10918492
0.1091201
0.10890934
0.10857123
0.10812746
0.10756004
0.10688238
0.10612295
0.10528762
0.10438314
0.10341892
0.10240236
0.10134438
0.10025318
0.099135991
0.097999435
0.096848982
0.095689304
0.094524047
0.093355962
0.092187163
0.091019007
0.089852426
0.088687865
0.087525456
0.086365147
0.08520672
0.084049896
0.082894369
0.081739826
0.080585974
0.079432547
0.078279319
0.077126105
0.075972756
0.074819156
0.073665221
0.072510891
0.071356128
0.070200911
0.069045233
0.067889098
0.066732517
0.065575508
0.064418091
0.063260293
0.062102137
0.060943651
0.05978486
0.058625791
0.057466469
0.056306916
0.055147157
0.053987212
0.052827102
0.051666844
0.050506457
0.049345955
0.048185355
0.047024669
0.04586391
0.044703089
0.043542214
0.042381296
0.041220339
0.040059353
0.03889834
0.037737307
0.036576257
0.035415194
0.03425412
0.033093038
0.031931949
0.030770855
0.029609758
0.028448657
0.027287553
0.026126446
0.024965338
0.023804227
0.022643114
0.021482001
0.020320886
0.019159771
0.017998654
0.016837534
0.015676409
0.01451528
0.013354136
0.012192979
0.011031833
0.0098706778
0.0087094861
0.0075482517
0.006387013
0.0052257753
0.0040645025
0.002903261
0.001741982
0.00058079169
0.63100979
0.63384848
0.64016909
0.65015302
0.66367628
0.6802603
0.69923168
0.71932576
0.73875437
0.75406149
0.7603588
0.74875204
0.70779977
0.61883705
0.45784558
0.19581507
-0.07441404
-0.42534671
-0.71516728
-0.84512732
-0.77386847
-0.65616853
-0.57252729
-0.5141149
-0.46755988
-0.45126991
-0.44377373
-0.44012014
-0.43868566
-0.43870095
-0.43953183
-0.44092452
-0.44298992
-0.44585483
-0.44969719
-0.45490425
-0.46072573
-0.46727803
-0.47424697
-0.48114446
-0.48730326
-0.49187652
-0.49420914
-0.49354978
-0.48886507
-0.47955602
-0.46526804
-0.44512784
-0.41899472
-0.38728923
-0.350475
-0.31079593
-0.26910288
-0.22614459
-0.18481889
-0.14557136
-0.10909198
-0.077244329
-0.050366775
-0.028064866
-0.010011233
0.004071605
0.014584574
0.022014923
0.026842091
0.029496438
0.030463862
0.030093518
0.028708309
0.026602508
0.024014566
0.021128159
0.018083094
0.014998651
0.011981214
0.0091344753
0.006494986
0.0040204104
0.0017696094
-0.00017132119
-0.0017643291
-0.0029909993
-0.0038416941
-0.0042968476
-0.0043421484
-0.0039751168
-0.0031797034
-0.0019203491
-0.00023593646
0.0019291892
0.0046047912
0.0075597267
0.011038959
0.015044011
0.019336388
0.023980381
0.028909526
0.034083255
0.039455072
0.04494635
0.050481394
0.05599916
0.061438948
0.066737236
0.071842863
0.076704262
0.081257034
0.08545538
0.089267436
0.092674759
0.095673027
0.098269998
0.10047714
0.10231677
0.10382485
0.10503867
0.10599263
0.10671779
0.10724162
0.1075857
0.10776821
0.10780578
0.1077026
0.10747361
0.10717733
0.10672995
0.10614826
0.1054981
0.10476516
0.10395319
0.10307131
0.10213025
0.1011372
0.10010146
0.099031147
0.097933404
0.096814487
0.095679819
0.094533857
0.093380264
0.092221952
0.091060642
0.08989824
0.088735643
0.087573474
0.086412077
0.08525162
0.084092125
0.082933517
0.081775676
0.080618454
0.079461697
0.078305259
0.077149007
0.075992827
0.074836624
0.07368032
0.072523853
0.071367179
0.070210265
0.06905309
0.067895642
0.066737916
0.065579913
0.064421639
0.063263104
0.062104321
0.060945301
0.059786061
0.058626615
0.057466979
0.056307168
0.055147198
0.053987084
0.052826838
0.051666475
0.050506007
0.049345447
0.048184806
0.047024095
0.045863322
0.044702496
0.043541625
0.042380716
0.041219775
0.040058807
0.038897816
0.037736807
0.036575782
0.035414744
0.034253696
0.033092641
0.031931578
0.03077051
0.029609438
0.028448361
0.027287281
0.026126197
0.024965111
0.023804021
0.022642928
0.021481831
0.020320733
0.019159631
0.017998527
0.01683742
0.015676298
0.014515177
0.013354038
0.012192893
0.011031752
0.0098705901
0.0087093881
0.0075481743
0.0063869511
0.0052257265
0.0040644727
0.0029032382
0.0017419945
0.00058084842
0.65896
0.66272668
0.6709505
0.68393986
0.70172875
0.72410138
0.75065515
0.78056892
0.81237029
0.84316507
0.86805069
0.87794443
0.85887045
0.78383827
0.61436981
0.32546254
-0.11563497
-0.54666829
-0.84122702
-0.69477256
-0.59578232
-0.5128728
-0.47875263
-0.4510595
-0.44572009
-0.44322928
-0.44314611
-0.44437305
-0.44613685
-0.44829114
-0.45092765
-0.45421351
-0.4583107
-0.46328712
-0.46890795
-0.47506036
-0.48144437
-0.48764618
-0.49314695
-0.49737669
-0.49945156
-0.49861475
-0.49390614
-0.48469407
-0.4703219
-0.45021142
-0.42428671
-0.39253785
-0.35531146
-0.31434061
-0.27034453
-0.22443336
-0.17913247
-0.13594978
-0.096172362
-0.061089139
-0.030972873
-0.0057662721
0.01454755
0.030188475
0.041625184
0.049412643
0.054095912
0.056214036
0.056261958
0.054664242
0.051821066
0.048087751
0.043775543
0.039140858
0.034358124
0.029568601
0.024943214
0.020618971
0.016498737
0.012757813
0.0094458824
0.0066102044
0.0042528022
0.0023655264
0.00094404865
-8.3503157e-06
-0.00049425853
-0.00051211212
-4.7022941e-05
0.00090014721
0.0023060657
0.0041985691
0.0065999315
0.009457643
0.012782488
0.016510159
0.020579374
0.02509848
0.029939375
0.034968819
0.040182014
0.045517469
0.050914212
0.056298236
0.061613904
0.066782639
0.071744242
0.076430656
0.080795423
0.084804328
0.088432239
0.091665946
0.094504545
0.096959127
0.099051191
0.10081078
0.10227235
0.1034702
0.10443649
0.10520081
0.10578813
0.10621526
0.1064964
0.10663833
0.10662708
0.10654319
0.1063876
0.10600342
0.10550357
0.10496815
0.10433035
0.10359992
0.10279039
0.1019118
0.10097315
0.09998376
0.098952376
0.097886743
0.096793886
0.095679852
0.09454989
0.093408296
0.09225835
0.091103065
0.089944053
0.088782888
0.087620645
0.086458045
0.085295558
0.084133456
0.082971878
0.081810869
0.080650413
0.079490457
0.078330929
0.077171747
0.076012829
0.074854098
0.073695486
0.072536931
0.071378382
0.070219796
0.069061141
0.067902389
0.066743521
0.065584524
0.064425389
0.063266112
0.062106691
0.060947129
0.059787427
0.058627593
0.057467631
0.05630755
0.055147358
0.053987061
0.05282667
0.051666191
0.050505634
0.049345006
0.048184315
0.047023569
0.045862775
0.044701939
0.043541066
0.042380162
0.041219231
0.040058278
0.038897305
0.037736317
0.036575314
0.035414301
0.034253278
0.033092247
0.03193121
0.030770167
0.02960912
0.028448067
0.027287011
0.02612595
0.024964885
0.023803816
0.022642743
0.021481665
0.020320583
0.019159495
0.017998402
0.016837303
0.015676197
0.014515088
0.013353958
0.012192828
0.011031682
0.0098705029
0.0087093013
0.0075481137
0.0063869036
0.0052256871
0.0040644478
0.0029032185
0.0017420006
0.00058087947
0.68348628
0.68814371
0.69820821
0.71412055
0.73611217
0.764275
0.79861549
0.83893364
0.88448151
0.93352246
0.98203968
1.0226887
1.0398188
1.0081235
0.83802542
0.52115761
0.033075564
-0.47087965
-0.45452305
-0.44547233
-0.44486691
-0.4463808
-0.44876444
-0.45158545
-0.45472882
-0.45820965
-0.46212253
-0.46654936
-0.47144829
-0.4767156
-0.48218476
-0.48755814
-0.49250032
-0.49655751
-0.49914201
-0.49957706
-0.49714824
-0.49113721
-0.48084654
-0.46542913
-0.44478577
-0.41855493
-0.38665354
-0.34927691
-0.30767271
-0.26272396
-0.21571274
-0.16882921
-0.12391493
-0.082270156
-0.044935267
-0.01252762
0.01463883
0.03647821
0.053188263
0.065209062
0.073094112
0.077428165
0.078790162
0.077787398
0.074962432
0.070740788
0.065515534
0.059638339
0.05340106
0.047065909
0.040830026
0.034849655
0.029327597
0.024249008
0.019663127
0.015622573
0.012171843
0.0092948198
0.0069608465
0.0051430391
0.00383531
0.0030297637
0.0027174028
0.0028964841
0.0035691823
0.0047310416
0.0063861966
0.0085304733
0.011140903
0.014223242
0.017749978
0.021628376
0.025906645
0.030535105
0.035434993
0.040527934
0.045742484
0.051020045
0.056287054
0.061455054
0.066471113
0.071267705
0.075788408
0.07999073
0.083841751
0.087319699
0.090416755
0.093138107
0.095499882
0.09752669
0.09924903
0.10070057
0.10191472
0.10292161
0.10374796
0.10441576
0.1049382
0.10532753
0.1055886
0.10572387
0.10576214
0.10563242
0.10536198
0.10500653
0.10455119
0.10398825
0.10332654
0.10257694
0.10174982
0.10085522
0.099903014
0.098902569
0.097862416
0.096790181
0.095692526
0.094575167
0.093442859
0.092299464
0.09114815
0.089991269
0.088830695
0.087667823
0.086503665
0.085338941
0.084174135
0.083009564
0.081845416
0.080681788
0.079518711
0.078356177
0.077194148
0.076032571
0.074871386
0.073710529
0.07254994
0.071389562
0.070229343
0.069069238
0.067909206
0.066749214
0.065589236
0.064429248
0.063269232
0.062109176
0.060949069
0.059788904
0.058628677
0.057468385
0.056308027
0.055147606
0.053987121
0.052826576
0.051665975
0.050505321
0.049344619
0.048183873
0.047023087
0.045862266
0.044701414
0.043540535
0.042379631
0.041218707
0.040057765
0.038896808
0.037735838
0.036574856
0.035413865
0.034252865
0.033091859
0.031930846
0.030769828
0.029608805
0.028447777
0.027286744
0.026125706
0.024964664
0.023803616
0.022642563
0.021481504
0.020320438
0.019159366
0.017998282
0.016837183
0.015676112
0.014515019
0.013353886
0.012192751
0.011031607
0.0098704412
0.0087092511
0.0075480686
0.0063868701
0.0052256591
0.0040644287
0.0029032022
0.001742001
0.00058089022
0.70324383
0.70866056
0.72033219
0.7388045
0.76451831
0.79785147
0.83933284
0.88937974
0.9483932
1.0158421
1.0902734
1.1663971
1.2341825
1.2662884
1.1373862
0.836955
-0.45693695
-0.44770235
-0.44261048
-0.44403833
-0.44721953
-0.4511725
-0.4555221
-0.4601074
-0.46485302
-0.46976048
-0.47483916
-0.47997121
-0.48502728
-0.48976568
-0.49385725
-0.49702297
-0.49881697
-0.49877705
-0.49641166
-0.49110266
-0.48223354
-0.46921995
-0.45196865
-0.42996805
-0.40245669
-0.37002154
-0.33246734
-0.29103528
-0.24636618
-0.19990253
-0.15348681
-0.10877364
-0.067023588
-0.029303295
0.0035786415
0.031155431
0.053289502
0.070130906
0.082061311
0.089605493
0.093359646
0.093942372
0.091973851
0.088018836
0.082574022
0.076077806
0.0689591
0.061569731
0.054183929
0.047022932
0.040323365
0.03429698
0.028672587
0.023658261
0.01926761
0.015537056
0.012473455
0.010029209
0.0081226885
0.0067485955
0.0058838443
0.0055039436
0.0055932103
0.0061423134
0.0071466332
0.0086267503
0.010589498
0.013000138
0.015851903
0.019129162
0.02279615
0.026845183
0.031226054
0.035877682
0.040745429
0.045758134
0.050847174
0.055932804
0.060935487
0.065788606
0.070428682
0.074800351
0.078860444
0.082578794
0.085938093
0.088935428
0.091578839
0.093885596
0.095881094
0.097596725
0.099066451
0.10032312
0.10139631
0.10231084
0.10308627
0.10372606
0.10423779
0.10462148
0.10487753
0.10501037
0.10500837
0.10487294
0.10461262
0.10423193
0.10373456
0.10312985
0.1024293
0.10164371
0.10078393
0.099860673
0.098884
0.09786309
0.09680614
0.095720319
0.094611784
0.093485713
0.09234638
0.091197262
0.090041102
0.088880051
0.087715764
0.086549488
0.085382144
0.084214391
0.083046688
0.081879335
0.080712522
0.079546348
0.078380855
0.077216039
0.076051869
0.074888296
0.07372526
0.072562698
0.071400547
0.070238743
0.069077229
0.067915954
0.066754869
0.065593934
0.064433113
0.063272375
0.062111696
0.060951053
0.059790431
0.058629814
0.057469193
0.05630856
0.055147908
0.053987234
0.052826533
0.051665806
0.050505052
0.049344272
0.048183466
0.047022637
0.045861786
0.044700915
0.043540026
0.04237912
0.0412182
0.040057267
0.038896323
0.037735369
0.036574406
0.035413436
0.034252459
0.033091476
0.031930488
0.030769494
0.029608495
0.028447491
0.027286482
0.026125467
0.024964447
0.023803421
0.022642389
0.021481349
0.020320302
0.019159245
0.017998179
0.016837104
0.015676031
0.014514933
0.013353817
0.012192692
0.011031553
0.0098703964
0.0087092142
0.0075480316
0.0063868471
0.0052256437
0.0040644153
0.0029031898
0.0017419973
0.00058088652
0.71708523
0.72303284
0.73591006
0.75631941
0.78483177
0.82210844
0.86907442
0.92681815
0.99665326
1.079616
1.1762948
1.2849699
1.4006688
1.4305532
1.4647297
1.2754429
-0.44052672
-0.43809264
-0.44145539
-0.44670285
-0.45261726
-0.458892
-0.46535591
-0.47186822
-0.47825381
-0.48450007
-0.49028501
-0.49536895
-0.4994644
-0.50223139
-0.50336391
-0.50249416
-0.49920644
-0.49306353
-0.48366032
-0.47062386
-0.45361778
-0.43244708
-0.40679312
-0.37743316
-0.3442791
-0.3059281
-0.26525796
-0.22139082
-0.17654184
-0.13212515
-0.089453626
-0.04963769
-0.013667033
0.017688906
0.043952157
0.064941345
0.080742983
0.091690618
0.098262438
0.10102789
0.10060178
0.09761002
0.092639591
0.086294668
0.078958394
0.071054254
0.062994975
0.055105141
0.047606977
0.040603598
0.034014111
0.028402712
0.023562757
0.019533376
0.016183739
0.013416349
0.011225426
0.0096410957
0.0085931496
0.0080286568
0.0079098395
0.0082077404
0.0089034431
0.009979977
0.011398365
0.013134629
0.015283437
0.017905239
0.020959644
0.024409081
0.028205454
0.032319239
0.036672021
0.041242613
0.045975997
0.050802589
0.055643164
0.060420602
0.065065519
0.069515022
0.073713114
0.077616612
0.081196695
0.084435718
0.08733451
0.089902662
0.092159291
0.094134124
0.095861262
0.097372049
0.098695304
0.099856931
0.10087726
0.10177222
0.10255054
0.10320924
0.1037407
0.10413857
0.10439924
0.10451431
0.10447907
0.10430344
0.1039955
0.10355784
0.10300293
0.10234342
0.1015912
0.10075842
0.099856817
0.098897287
0.097889722
0.096842913
0.09576452
0.094661111
0.093538222
0.092400442
0.091251524
0.090094477
0.08893169
0.087765027
0.086595917
0.085425435
0.084254375
0.0830833
0.0819126
0.080742529
0.079573237
0.078404799
0.077237237
0.07607053
0.074904633
0.073739486
0.072575019
0.071411157
0.070247829
0.069084963
0.067922493
0.066760358
0.065598504
0.064436881
0.063275449
0.062114168
0.060953009
0.059791943
0.058630949
0.057470009
0.056309106
0.055148229
0.053987367
0.052826513
0.051665661
0.050504807
0.049343948
0.048183083
0.047022208
0.045861325
0.044700433
0.043539532
0.042378622
0.041217704
0.040056779
0.038895847
0.037734908
0.036573964
0.035413014
0.034252059
0.033091099
0.031930134
0.030769164
0.02960819
0.02844721
0.027286225
0.026125234
0.024964237
0.023803234
0.022642222
0.021481203
0.020320174
0.019159136
0.017998087
0.016837026
0.015675956
0.01451487
0.013353767
0.012192647
0.011031513
0.00987036
0.0087091874
0.0075480117
0.0063868466
0.005225639
0.0040644035
0.0029031812
0.0017419888
0.00058087088
0.72412616
0.73034308
0.74390852
0.7653925
0.79543569
0.83488212
0.8848822
0.94693513
1.0228985
1.1149138
1.225037
1.3544641
1.501232
1.598378
1.7203322
-0.42786352
-0.43410465
-0.44106514
-0.44823167
-0.45625575
-0.46474636
-0.47338932
-0.48194976
-0.49003003
-0.49808377
-0.50499855
-0.51044916
-0.51415905
-0.51573988
-0.51469119
-0.51063223
-0.50324966
-0.49221764
-0.4773644
-0.45862366
-0.43600447
-0.40962304
-0.37962355
-0.34630275
-0.30947286
-0.27157071
-0.23249137
-0.18836325
-0.14560273
-0.10420421
-0.064964623
-0.028688955
0.0038008122
0.031928482
0.055299247
0.073715314
0.087177965
0.096050855
0.10079386
0.10195277
0.10013013
0.095951552
0.089931507
0.082505451
0.074536411
0.066585715
0.05869638
0.051001826
0.043782213
0.03718645
0.031331749
0.026299902
0.02205843
0.018588014
0.015748722
0.013460654
0.011713935
0.010536524
0.0098509303
0.0096106091
0.0097798481
0.010327905
0.011231246
0.012476905
0.014074583
0.01606959
0.018390143
0.020944776
0.023781994
0.026921783
0.030365701
0.034114584
0.038148136
0.04238908
0.046780843
0.051274242
0.055796839
0.060275505
0.064642143
0.068835439
0.072797219
0.076485855
0.07988355
0.082969355
0.085752041
0.088238451
0.090442201
0.092387072
0.094115571
0.095671188
0.097079378
0.098357737
0.099514866
0.10055371
0.10148765
0.10230224
0.10298452
0.10352231
0.10390491
0.10412356
0.10418117
0.10408869
0.1038505
0.10346104
0.10294637
0.10231943
0.10159235
0.10077882
0.099891766
0.098942979
0.097943082
0.096901439
0.095826167
0.094724198
0.093601368
0.09246253
0.091311665
0.090151992
0.088986082
0.087815956
0.086643177
0.085468935
0.084294117
0.083119361
0.081945113
0.080771668
0.079599206
0.07842782
0.07725754
0.076088347
0.074920193
0.073753008
0.072586712
0.071421217
0.070256437
0.069092286
0.067928683
0.066765554
0.065602831
0.064440451
0.063278361
0.062116512
0.060954864
0.059793379
0.058632027
0.057470782
0.056309623
0.055148531
0.05398749
0.052826489
0.051665517
0.050504566
0.049343631
0.048182706
0.047021788
0.045860873
0.044699959
0.043539046
0.042378132
0.041217216
0.040056298
0.038895377
0.037734453
0.036573526
0.035412596
0.034251663
0.033090726
0.031929785
0.03076884
0.02960789
0.028446935
0.027285974
0.026125008
0.024964035
0.023803054
0.022642065
0.021481066
0.020320057
0.019159037
0.017998004
0.016836958
0.0156759
0.014514825
0.013353732
0.012192621
0.011031492
0.0098703393
0.0087091709
0.0075480151
0.0063868541
0.0052256345
0.0040644058
0.0029031815
0.0017419773
0.00058084585
0.72386108
0.73013505
0.7437423
0.76526741
0.79537877
0.8349216
0.88504393
0.94724694
1.0233896
1.1156171
1.2260044
1.3557991
1.503092
1.6387056
1.7806005
-0.427168
-0.43706066
-0.44623956
-0.45430532
-0.46364812
-0.47377051
-0.4843166
-0.49503421
-0.50571635
-0.51509318
-0.52335839
-0.52957282
-0.5333608
-0.53404225
-0.53100587
-0.52381816
-0.51228379
-0.49619484
-0.47550626
-0.4504253
-0.4213006
-0.38855279
-0.35268068
-0.31421206
-0.27365255
-0.23184415
-0.18832697
-0.14931236
-0.11018679
-0.072632669
-0.037328161
-0.0052818826
0.022632446
0.046092993
0.064821209
0.079023988
0.089023186
0.095002721
0.09739716
0.096728205
0.093581839
0.088658758
0.082372459
0.075003081
0.067062221
0.059099281
0.05154922
0.044537889
0.038112995
0.032334854
0.027288379
0.022998791
0.019433803
0.016506405
0.014222065
0.012560722
0.011453852
0.010804763
0.010597162
0.010800388
0.011381471
0.012310323
0.013558193
0.015098054
0.016903503
0.018941339
0.021231515
0.023805214
0.026646484
0.029742442
0.033072823
0.036589115
0.040290494
0.04417832
0.048215582
0.05234243
0.056499067
0.060623897
0.064658965
0.068554459
0.072241801
0.075659563
0.078814933
0.081665164
0.084279704
0.086650637
0.088805591
0.090773114
0.092549776
0.09415712
0.095637296
0.097016035
0.098312375
0.099520386
0.10061472
0.10157964
0.10240155
0.10306503
0.10355776
0.10387121
0.10400303
0.10397675
0.10381819
0.10345797
0.10296848
0.10236251
0.10165061
0.10084759
0.099967399
0.099022605
0.098024464
0.096982838
0.095906228
0.094801867
0.093675841
0.092533209
0.09137813
0.090213976
0.089043447
0.087868673
0.086691305
0.085512605
0.084333516
0.08315472
0.081976688
0.08079973
0.079624033
0.078449689
0.07727672
0.076105098
0.074934759
0.07376562
0.072597583
0.071430545
0.070264401
0.069099048
0.06793439
0.066770336
0.065606805
0.064443724
0.063281025
0.06211865
0.060956549
0.059794676
0.058632994
0.057471468
0.056310071
0.055148779
0.053987572
0.052826434
0.05166535
0.050504309
0.049343303
0.048182322
0.047021363
0.045860418
0.044699486
0.043538562
0.042377644
0.04121673
0.040055819
0.03889491
0.037734001
0.036573092
0.035412182
0.03425127
0.033090356
0.03192944
0.030768519
0.029607595
0.028446665
0.02728573
0.026124789
0.02496384
0.023802883
0.022641917
0.02148094
0.020319951
0.01915895
0.017997935
0.016836905
0.015675859
0.014514796
0.013353713
0.012192611
0.011031489
0.0098703476
0.0087091872
0.0075480214
0.0063868486
0.0052256395
0.0040644129
0.0029031873
0.0017419704
0.00058081754
0.7163194
0.7223347
0.73531951
0.75587686
0.78459617
0.82214444
0.86944713
0.9275914
0.99790117
1.0814326
1.1788284
1.2884262
1.4053572
1.5391668
1.6193381
1.6895092
-0.44038351
-0.44723289
-0.45605498
-0.46414676
-0.4740593
-0.48529658
-0.49749474
-0.5101805
-0.52273522
-0.53426202
-0.54399037
-0.55120068
-0.55488854
-0.55467124
-0.54973861
-0.53962187
-0.52413774
-0.50321987
-0.47695367
-0.44581656
-0.410451
-0.37159144
-0.33010662
-0.28689013
-0.24284123
-0.19888393
-0.15581246
-0.11537299
-0.077264594
-0.042167378
-0.011096426
0.015699118
0.039224918
0.058225402
0.072663968
0.082845561
0.089286502
0.092342979
0.09237167
0.089777646
0.084986071
0.079065637
0.072245304
0.065143807
0.057975634
0.050807539
0.043931132
0.037608029
0.031913654
0.026883334
0.022549676
0.018900111
0.0159061
0.013531544
0.011760191
0.010563173
0.0098939711
0.0097020307
0.0099550175
0.010617766
0.011650958
0.013014844
0.014673858
0.01659769
0.018749234
0.021114501
0.023676114
0.026425071
0.029345226
0.032429722
0.035658783
0.03898766
0.042527601
0.0461892
0.049944275
0.053747467
0.05755562
0.061318234
0.064986686
0.06854041
0.071918768
0.075057391
0.078039505
0.080740763
0.083173995
0.085446105
0.087505744
0.089390713
0.091169206
0.092868375
0.094486838
0.096026935
0.097476722
0.098823447
0.10005168
0.10114491
0.1020833
0.10284895
0.10342805
0.10381111
0.10401804
0.10404108
0.10386706
0.10353814
0.10307272
0.10247748
0.10177044
0.10096854
0.10008674
0.099138488
0.09813563
0.09708843
0.096005682
0.094894837
0.093762148
0.092612811
0.091451102
0.090280488
0.089103745
0.08792306
0.086740126
0.085556232
0.084372334
0.083189117
0.082007049
0.08082643
0.079647431
0.078470127
0.077294514
0.076120537
0.074948106
0.073777114
0.072607442
0.071438965
0.070271559
0.069105102
0.067939479
0.066774585
0.065610323
0.064446607
0.06328336
0.062120511
0.060958002
0.05979578
0.0586338
0.057472021
0.056310411
0.05514894
0.053987584
0.052826322
0.051665138
0.050504017
0.049342947
0.048181918
0.047020922
0.045859952
0.044699003
0.043538071
0.042377151
0.041216241
0.040055339
0.038894442
0.037733549
0.036572658
0.035411769
0.03425088
0.03308999
0.031929098
0.030768203
0.029607305
0.028446402
0.027285493
0.026124577
0.024963654
0.023802722
0.022641779
0.021480825
0.020319859
0.019158878
0.017997881
0.016836868
0.015675836
0.014514786
0.013353714
0.012192623
0.011031509
0.0098703742
0.008709217
0.0075480435
0.00638686
0.0052256612
0.0040644312
0.0029031984
0.0017419657
0.00058078734
0.70181239
0.70731603
0.71914961
0.73785972
0.7638951
0.79763554
0.83961062
0.89023339
0.94991335
1.0181278
1.093453
1.1706331
1.2397293
1.2734794
1.3174841
1.2291014
-0.46216372
-0.46165604
-0.46599562
-0.47421226
-0.48484328
-0.49722214
-0.51077615
-0.52485793
-0.53870456
-0.55141859
-0.56208616
-0.56980605
-0.57365175
-0.57265389
-0.56612515
-0.5536196
-0.53497034
-0.51020432
-0.4795782
-0.44373476
-0.40354985
-0.36002397
-0.31428602
-0.26749433
-0.22078447
-0.17522702
-0.13179589
-0.091492689
-0.054710111
-0.021775942
0.0068634504
0.031525716
0.050638424
0.065418537
0.076048426
0.082769032
0.086000224
0.086389582
0.084434916
0.080590869
0.075447791
0.069050385
0.062218388
0.055297826
0.048468504
0.041846374
0.035608524
0.029968145
0.024953376
0.020533971
0.016718625
0.013511647
0.010910435
0.008900016
0.0074701109
0.00661396
0.0063106522
0.0065253309
0.0072204411
0.0083559775
0.0098888393
0.011770742
0.013947626
0.016382398
0.019005019
0.021809338
0.024749688
0.027806517
0.030962283
0.034211196
0.037546643
0.041003814
0.044481053
0.047986703
0.051513318
0.055053023
0.058579605
0.062058127
0.065449648
0.068791807
0.071966896
0.074696552
0.077327469
0.079880643
0.082224331
0.084425833
0.086504814
0.088482571
0.090368578
0.092169795
0.093890527
0.095536363
0.097094752
0.098549922
0.099881109
0.10106516
0.10208055
0.10291024
0.10354254
0.10397321
0.1042137
0.10424377
0.1040486
0.10373861
0.10327515
0.10267405
0.10195858
0.10114643
0.10025327
0.099293186
0.098278426
0.097219507
0.096125386
0.095003624
0.093860544
0.092701392
0.091530487
0.090351323
0.089166686
0.087978764
0.086789239
0.085599387
0.084410145
0.083222154
0.082035833
0.080851429
0.079669078
0.078488822
0.077310623
0.076134387
0.074959984
0.07378727
0.072616096
0.07144631
0.070277763
0.069110312
0.067943829
0.06677819
0.065613285
0.064449013
0.063285286
0.062122026
0.060959164
0.05979664
0.058634401
0.057472404
0.056310609
0.055148984
0.0539875
0.052826133
0.051664863
0.050503673
0.049342549
0.04818148
0.047020454
0.045859465
0.044698504
0.043537567
0.042376649
0.041215745
0.040054853
0.03889397
0.037733094
0.036572224
0.035411356
0.03425049
0.033089625
0.031928759
0.030767891
0.02960702
0.028446144
0.027285262
0.026124374
0.024963477
0.023802571
0.022641654
0.021480724
0.02031978
0.019158821
0.017997844
0.016836849
0.015675833
0.014514797
0.013353737
0.012192655
0.011031547
0.0098704189
0.0087092641
0.0075480927
0.0063868971
0.0052256913
0.0040644573
0.002903217
0.0017419667
0.00058075944
0.68115633
0.68591716
0.6961809
0.71238991
0.73477688
0.76343011
0.79834669
0.83931282
0.88556738
0.93535822
0.9846489
1.0260381
1.0438099
1.0124796
0.9973585
0.65668012
-0.48944617
-0.47232616
-0.46732437
-0.4718476
-0.48072063
-0.49230651
-0.50579803
-0.52051402
-0.53573911
-0.5505924
-0.564096
-0.57520282
-0.58279257
-0.5862578
-0.58426224
-0.57616726
-0.56155802
-0.54031967
-0.51261612
-0.47889564
-0.43994254
-0.39679714
-0.35064414
-0.30276277
-0.25444188
-0.20690809
-0.16127861
-0.11854413
-0.079521745
-0.044687165
-0.014347517
0.011310759
0.032405944
0.048821989
0.060912979
0.069021738
0.073590815
0.075178394
0.07441103
0.071740715
0.067485459
0.062154714
0.05622586
0.050080739
0.04391609
0.03789911
0.032071661
0.026435325
0.021189449
0.016489526
0.012332164
0.0087307118
0.0057054074
0.003298114
0.0015087171
0.00032530104
-0.00024494644
-0.00020944502
0.0004082609
0.0015751498
0.0032425777
0.0053447258
0.0078243476
0.010641303
0.013783949
0.016978594
0.020374702
0.02387702
0.027435831
0.031024328
0.034613232
0.038197974
0.041788824
0.045363323
0.04892245
0.052445763
0.055905004
0.059291942
0.062573152
0.065676985
0.06887998
0.072055336
0.074602637
0.076999398
0.07952462
0.081877229
0.084086354
0.086192749
0.088211255
0.09015488
0.09203032
0.09383633
0.09555935
0.097192306
0.098715538
0.10010399
0.10133404
0.1023847
0.10323935
0.10388674
0.10432223
0.10454981
0.10457209
0.10439957
0.10406603
0.10357834
0.10295542
0.10221786
0.10138362
0.10046894
0.099488244
0.098453994
0.097376833
0.096265765
0.095128355
0.093970909
0.092798643
0.091615849
0.090425972
0.089231739
0.088035263
0.086838123
0.085641531
0.084446383
0.083253259
0.082062503
0.080874259
0.07968859
0.078505463
0.077324777
0.076146391
0.074970147
0.073795859
0.072623336
0.071452391
0.07028285
0.069114546
0.067947329
0.066781058
0.065615609
0.064450871
0.063286743
0.06212314
0.060959985
0.059797211
0.05863476
0.057472584
0.056310638
0.055148886
0.053987298
0.052825846
0.051664507
0.050503263
0.049342098
0.048180998
0.047019951
0.045858949
0.044697982
0.043537045
0.042376131
0.041215237
0.040054358
0.038893492
0.037732635
0.036571786
0.035410941
0.034250101
0.033089261
0.031928422
0.030767582
0.029606739
0.028445892
0.027285039
0.026124179
0.02496331
0.023802432
0.022641541
0.021480637
0.020319718
0.019158781
0.017997825
0.016836849
0.015675851
0.01451483
0.013353782
0.012192711
0.01103161
0.009870487
0.0087093332
0.0075481607
0.0063869586
0.0052257414
0.0040644972
0.0029032436
0.0017419766
0.00058073899
0.65543252
0.65931081
0.66775044
0.68106071
0.69927424
0.7221618
0.74930245
0.77983134
0.81223903
0.84355562
0.86885687
0.87897949
0.85972871
0.78376776
0.61210765
0.41136191
-0.12291736
-0.55502115
-0.52558556
-0.49589906
-0.47000962
-0.46859033
-0.47315057
-0.48265719
-0.49539889
-0.51000152
-0.52568625
-0.54169469
-0.55707826
-0.57080958
-0.58181812
-0.58906469
-0.59130421
-0.58792237
-0.57816887
-0.56165577
-0.53835636
-0.50858103
-0.4729497
-0.43238204
-0.38803806
-0.34120443
-0.29322083
-0.24539206
-0.19892163
-0.15486638
-0.11412578
-0.077385838
-0.045039337
-0.01731986
0.0056975865
0.024224727
0.03842813
0.04854701
0.055096664
0.058649069
0.059714085
0.058823768
0.056414634
0.052718177
0.047994808
0.042704754
0.037215234
0.031650998
0.026051588
0.020649229
0.015664263
0.010926585
0.0063931613
0.0022508117
-0.0013709008
-0.0044201426
-0.0068330164
-0.0085511335
-0.0095782194
-0.0099072047
-0.0095557788
-0.0085503877
-0.0069234473
-0.0047089779
-0.0019811218
0.0011546611
0.0046613176
0.0084579399
0.012604296
0.016783077
0.020998263
0.025223025
0.029417499
0.033550071
0.037602739
0.041553309
0.045395427
0.049130939
0.052753228
0.056261841
0.059663593
0.062956469
0.066127399
0.069190715
0.072084747
0.074808655
0.077310047
0.079767059
0.082107653
0.08433725
0.086478358
0.088542517
0.090534042
0.092448268
0.094293351
0.096052538
0.097709833
0.099245526
0.10064003
0.10187149
0.10291934
0.10376731
0.10440478
0.10482789
0.10503926
0.1050432
0.1048514
0.104487
0.10396804
0.10331358
0.10254388
0.10167792
0.10073271
0.099723154
0.098662026
0.097560108
0.096426452
0.095268581
0.094092675
0.092903895
0.09170646
0.090503663
0.089298113
0.088091798
0.086886142
0.085682184
0.084480669
0.083282048
0.082086579
0.080894397
0.07970544
0.078519556
0.07733656
0.076156238
0.07497836
0.073802693
0.072629004
0.071457077
0.070286704
0.069117697
0.067949882
0.066783104
0.065617223
0.064452117
0.063287677
0.062123807
0.060960426
0.059797459
0.058634846
0.057472533
0.056310473
0.055148627
0.053986961
0.052825446
0.051664058
0.050502776
0.049341583
0.048180463
0.047019405
0.045858397
0.044697431
0.043536499
0.042375595
0.041214714
0.040053851
0.038893004
0.037732169
0.036571343
0.035410524
0.034249709
0.033088898
0.031928087
0.030767276
0.029606463
0.028445646
0.027284823
0.026123993
0.024963154
0.023802305
0.022641442
0.021480566
0.020319672
0.01915876
0.017997827
0.016836872
0.015675893
0.014514887
0.013353853
0.012192792
0.011031699
0.0098705804
0.0087094271
0.0075482513
0.0063870421
0.0052258142
0.0040645559
0.002903283
0.0017419961
0.00058072753
0.62593833
0.62888893
0.63541964
0.64571826
0.65964727
0.67672173
0.69621681
0.71685196
0.73669169
0.7522409
0.75832644
0.7463826
0.70448985
0.6137185
0.44934688
0.18246345
-0.11790446
-0.57488643
-0.86073446
-0.9682844
-0.90606625
-0.73296096
-0.59473441
-0.53861892
-0.48492143
-0.4702527
-0.46794972
-0.47272412
-0.48237937
-0.49544087
-0.51046281
-0.52643001
-0.54247388
-0.55753907
-0.57058423
-0.58081917
-0.58683101
-0.58768022
-0.58264763
-0.57115287
-0.55295769
-0.52816702
-0.49723197
-0.46090858
-0.42020537
-0.37633824
-0.33061199
-0.28435357
-0.23874596
-0.19485544
-0.15363935
-0.11585241
-0.082046668
-0.05250765
-0.027366804
-0.0066318891
0.0099644632
0.022724861
0.031841607
0.037786972
0.041149705
0.0423726
0.041882338
0.039920756
0.036903881
0.03330874
0.029110396
0.024299566
0.01914686
0.013878278
0.0086384131
0.0035917588
-0.0012350413
-0.0057893756
-0.0099216075
-0.013542027
-0.01653701
-0.018922447
-0.020656276
-0.02159474
-0.021720633
-0.021060657
-0.019643253
-0.017510769
-0.014724282
-0.011317389
-0.0073501214
-0.0029136136
0.0017862677
0.0066801741
0.01166718
0.01668167
0.021666979
0.02655832
0.031343776
0.036037623
0.040533175
0.044814959
0.048903445
0.052809372
0.056542438
0.060113393
0.063524767
0.066774511
0.069863042
0.072790906
0.075546636
0.078119022
0.080590997
0.082954736
0.08521092
0.087371383
0.089442984
0.091429127
0.093333999
0.095153327
0.096888159
0.09851672
0.10001921
0.1013764
0.10256987
0.10358346
0.10440358
0.10501952
0.10542459
0.10561628
0.10559763
0.10538083
0.10498529
0.10443083
0.10373847
0.10292966
0.10202458
0.10104132
0.099995639
0.098900826
0.097767931
0.096606115
0.095422933
0.094224603
0.093016107
0.091801321
0.090583363
0.089364637
0.088146936
0.086931641
0.085719655
0.084511465
0.083307331
0.082107322
0.080911371
0.079719289
0.078530836
0.077345734
0.076163688
0.074984399
0.073807574
0.072632937
0.071460229
0.070289212
0.069119671
0.067951412
0.066784264
0.065618073
0.064452707
0.063288048
0.062123994
0.060960458
0.059797361
0.058634639
0.057472235
0.0563101
0.055148192
0.053986477
0.052824924
0.051663507
0.050502204
0.049340997
0.048179871
0.047018811
0.045857806
0.044696847
0.043535927
0.042375037
0.041214173
0.040053331
0.038892506
0.037731695
0.036570894
0.035410102
0.034249316
0.033088534
0.031927753
0.030766973
0.029606191
0.028445406
0.027284615
0.026123817
0.024963009
0.023802191
0.022641359
0.021480511
0.020319646
0.01915876
0.017997852
0.01683692
0.01567596
0.014514972
0.013353953
0.012192903
0.011031818
0.0098707029
0.0087095493
0.0075483689
0.0063871501
0.0052259069
0.0040646334
0.0029033388
0.0017420274
0.0005807256
0.59407264
0.59613449
0.60082303
0.60825426
0.61813888
0.62987065
0.64247329
0.65460137
0.66411235
0.66783596
0.66052743
0.63616877
0.58478257
0.49806458
0.36025247
0.1688165
-0.088653706
-0.3586265
-0.60674665
-0.74210354
-0.72694696
-0.65252804
-0.55648063
-0.49902192
-0.47027108
-0.46181619
-0.46339102
-0.47038469
-0.48085722
-0.49356638
-0.50792148
-0.52317829
-0.53810585
-0.55173994
-0.56298354
-0.57077969
-0.57464941
-0.57350148
-0.56654635
-0.55338224
-0.5339466
-0.50847749
-0.47752333
-0.44191116
-0.40265987
-0.36094204
-0.31797014
-0.27501473
-0.23304358
-0.19286732
-0.15536157
-0.12111054
-0.090526242
-0.06383041
-0.041103402
-0.022252157
-0.0070643808
0.0047104114
0.013566486
0.019860339
0.023724252
0.02550509
0.025608184
0.024376864
0.022087719
0.018944853
0.015086097
0.01065183
0.005858605
0.00089378053
-0.0041793302
-0.0093861537
-0.014444172
-0.019121472
-0.023348717
-0.027043016
-0.030105525
-0.032483703
-0.034087378
-0.034815412
-0.034665094
-0.033638258
-0.031759208
-0.029090463
-0.02565787
-0.021469153
-0.016634891
-0.011378812
-0.0058181934
-8.1582319e-06
0.00593222
0.01187447
0.017738874
0.023463863
0.028961935
0.034217265
0.03927587
0.04408098
0.048638156
0.052948533
0.057014508
0.060848326
0.064462371
0.067866576
0.071067979
0.07407224
0.076882131
0.079516237
0.082009042
0.084369209
0.086604667
0.08872746
0.090746687
0.092668485
0.094504008
0.096255175
0.097909921
0.099455522
0.10088031
0.10217158
0.10331446
0.10429219
0.10508791
0.10568535
0.10607269
0.10624583
0.10620762
0.10596761
0.10554195
0.10495122
0.10421827
0.10336624
0.10241703
0.10138997
0.10030203
0.099167485
0.097997896
0.096802733
0.095589672
0.094364828
0.093133002
0.091897982
0.090662706
0.089429331
0.088199409
0.086973972
0.085753589
0.084538513
0.08332878
0.082124254
0.080924658
0.079729666
0.078538904
0.077351977
0.076168492
0.07498807
0.073810355
0.072635017
0.071461756
0.070290301
0.069120413
0.067951876
0.066784505
0.065618133
0.06445262
0.063287841
0.062123688
0.06096007
0.059796907
0.05863413
0.057471682
0.056309512
0.055147578
0.053985842
0.052824275
0.05166285
0.050501544
0.049340339
0.048179217
0.047018166
0.045857174
0.04469623
0.043535326
0.042374457
0.041213615
0.040052796
0.038891996
0.037731212
0.036570439
0.035409676
0.03424892
0.033088169
0.031927421
0.030766673
0.029605924
0.028445172
0.027284415
0.02612365
0.024962876
0.023802091
0.022641291
0.021480475
0.02031964
0.019158783
0.017997902
0.016836994
0.015676056
0.014515087
0.013354084
0.012193046
0.01103197
0.009870858
0.0087097039
0.0075485175
0.0063872877
0.0052260292
0.0040647343
0.0029034142
0.0017420721
0.00058073342
0.56123435
0.56249573
0.56553533
0.5704194
0.57677705
0.58394772
0.59087235
0.596212
0.59795229
0.59373384
0.57869172
0.54927321
0.49867684
0.42312008
0.31578015
0.17553565
0.0072045244
-0.18182856
-0.34045248
-0.44798917
-0.4948194
-0.4952686
-0.47694188
-0.45207929
-0.4377401
-0.43576188
-0.44124207
-0.45037073
-0.46172945
-0.47466768
-0.48886813
-0.50362855
-0.51753284
-0.52950414
-0.53888678
-0.54500113
-0.54710366
-0.54433445
-0.53610323
-0.52218373
-0.50266968
-0.47791621
-0.44852046
-0.41529679
-0.37919468
-0.34122784
-0.30244064
-0.26372859
-0.22609786
-0.19041756
-0.15717668
-0.12675911
-0.099475283
-0.075539016
-0.054988933
-0.037728299
-0.023593403
-0.012315392
-0.0035999303
0.0027507605
0.0069054099
0.0091962385
0.0099565028
0.0094228217
0.0077715559
0.0050204123
0.001374953
-0.0028245835
-0.0074291936
-0.012370429
-0.01753158
-0.022735622
-0.027793909
-0.032577109
-0.036958872
-0.040790238
-0.043967661
-0.046330404
-0.047768185
-0.048286737
-0.047850362
-0.046442194
-0.044089493
-0.040838275
-0.03673038
-0.031872909
-0.026377362
-0.020386802
-0.01397635
-0.0072542242
-0.00036425534
0.006576457
0.013441024
0.020139802
0.026583045
0.032640836
0.038350535
0.043718529
0.048759107
0.053495283
0.057924236
0.062054298
0.065899745
0.069475871
0.072796972
0.075878682
0.078735864
0.081387639
0.083859513
0.086169661
0.088333622
0.090367141
0.092283994
0.094094021
0.095806788
0.097431018
0.098966731
0.10040611
0.1017419
0.10296333
0.10405459
0.10499757
0.10577372
0.10636222
0.10674374
0.1069088
0.1068576
0.10659793
0.10614467
0.10551864
0.10474406
0.10384606
0.10284857
0.10177298
0.10063767
0.09945811
0.098246543
0.097013101
0.095765726
0.094510589
0.093252462
0.09199494
0.090740632
0.089491351
0.08824827
0.087012043
0.085782921
0.084560855
0.083345589
0.082136722
0.080933769
0.079736203
0.078543484
0.077355084
0.076170502
0.07498927
0.073810964
0.072635198
0.071461631
0.070289959
0.069119919
0.067951277
0.066783832
0.065617412
0.064451866
0.063287065
0.062122899
0.060959273
0.059796106
0.058633329
0.057470883
0.056308717
0.055146789
0.053985062
0.052823505
0.051662092
0.0505008
0.04933961
0.048178506
0.047017474
0.045856502
0.04469558
0.0435347
0.042373855
0.04121304
0.040052248
0.038891476
0.037730721
0.036569979
0.035409247
0.034248523
0.033087805
0.03192709
0.030766377
0.029605663
0.028444946
0.027284224
0.026123495
0.024962757
0.023802006
0.022641241
0.021480459
0.020319656
0.01915883
0.017997978
0.016837097
0.015676184
0.014515236
0.01335425
0.012193225
0.011032158
0.0098710499
0.0087098951
0.0075487012
0.0063874587
0.005226182
0.0040648613
0.0029035121
0.0017421326
0.00058075217
0.52871312
0.52929981
0.53095499
0.5337255
0.53720132
0.5407652
0.54335821
0.54387746
0.54041351
0.53128933
0.51318782
0.48331147
0.4381088
0.37467026
0.29164691
0.187008
0.067116896
-0.064779727
-0.18766313
-0.28466498
-0.34285565
-0.36901629
-0.37579334
-0.37499188
-0.37600578
-0.38233366
-0.39312777
-0.40628412
-0.42046185
-0.43511214
-0.44992287
-0.46432112
-0.47764553
-0.48911141
-0.49763088
-0.50253843
-0.50341664
-0.49981496
-0.49140159
-0.47809773
-0.46008258
-0.43774248
-0.41163245
-0.38245268
-0.35099132
-0.3180653
-0.28445232
-0.25099123
-0.21849212
-0.18751286
-0.1584894
-0.13175949
-0.10762635
-0.08624902
-0.067644349
-0.051743201
-0.038444309
-0.027588059
-0.019010769
-0.012717366
-0.0084126078
-0.0057383384
-0.0044988679
-0.0045945674
-0.0059126076
-0.0082442605
-0.011451514
-0.015396142
-0.019935533
-0.024934715
-0.030209534
-0.035530492
-0.040768796
-0.045761794
-0.050320823
-0.054274663
-0.057475411
-0.059788069
-0.061130058
-0.061456599
-0.06072349
-0.058928027
-0.056097657
-0.052233636
-0.04748249
-0.041918146
-0.035694416
-0.028901922
-0.021679053
-0.014167056
-0.006479945
0.0012637196
0.0089386337
0.016422794
0.02366761
0.030634062
0.037184824
0.043350438
0.049068798
0.054329133
0.059169929
0.063618086
0.067697663
0.071434602
0.074854855
0.077984306
0.080847289
0.083469239
0.085877421
0.088095924
0.090146471
0.092050193
0.093827508
0.095499099
0.097082752
0.098582388
0.099997979
0.10133354
0.10258571
0.10374496
0.10479371
0.10571113
0.10647346
0.10705642
0.10743847
0.10760362
0.10754554
0.10726916
0.10678912
0.10612715
0.10530915
0.10436228
0.10331274
0.10218425
0.10099598
0.099767178
0.098508863
0.097232691
0.095947173
0.094658571
0.093371561
0.092089499
0.090814653
0.089548433
0.088291577
0.087044308
0.085806459
0.084577596
0.083357111
0.082144301
0.080938418
0.079738713
0.078544468
0.077355007
0.076169711
0.074988023
0.073809444
0.072633537
0.071459917
0.070288252
0.069118255
0.067949678
0.066782309
0.065615966
0.064450497
0.063285768
0.062121669
0.060958104
0.059794992
0.058632264
0.057469862
0.056307737
0.055145845
0.053984153
0.052822628
0.051661245
0.050499982
0.049338821
0.048177745
0.047016741
0.045855798
0.044694904
0.043534053
0.042373238
0.041212452
0.040051691
0.03889095
0.037730226
0.036569516
0.035408817
0.034248127
0.033087443
0.031926763
0.030766086
0.029605408
0.028444728
0.027284043
0.026123352
0.024962651
0.023801938
0.02264121
0.021480464
0.020319697
0.019158904
0.017998084
0.016837232
0.015676345
0.01451542
0.013354454
0.012193444
0.011032387
0.0098712823
0.0087101267
0.0075489242
0.0063876672
0.0052263694
0.0040650188
0.0029036359
0.0017422117
0.00058078359
0.49763249
0.49767777
0.49824837
0.49936451
0.50065287
0.50152647
0.50110359
0.49840616
0.49205426
0.48056313
0.46198209
0.4338844
0.39477031
0.34225919
0.27666007
0.1966589
0.10617372
0.0088435625
-0.085900176
-0.16628671
-0.22500371
-0.25994107
-0.27922148
-0.29272659
-0.30548425
-0.3194559
-0.33502758
-0.35145339
-0.36787666
-0.38378998
-0.39897418
-0.41312854
-0.42585515
-0.43666068
-0.44482688
-0.44960293
-0.4506218
-0.44767616
-0.44062524
-0.42945422
-0.41432434
-0.39556755
-0.37365282
-0.34915183
-0.32271599
-0.29500251
-0.26683359
-0.23877563
-0.21115811
-0.18457075
-0.1594419
-0.13614722
-0.11494214
-0.095875253
-0.078981228
-0.064296688
-0.051791512
-0.041406287
-0.033059479
-0.026621052
-0.021922191
-0.018824201
-0.01721726
-0.01700064
-0.018028838
-0.020136914
-0.023201155
-0.027114168
-0.031702403
-0.036772291
-0.042136192
-0.04761228
-0.0530226
-0.058161171
-0.062824026
-0.066829546
-0.070024134
-0.072278469
-0.073488765
-0.07358524
-0.07253372
-0.07033997
-0.067020443
-0.06263242
-0.057233935
-0.051020586
-0.044085641
-0.036548058
-0.028553911
-0.020246648
-0.011764735
-0.0032368141
0.00522602
0.013508594
0.021479342
0.029029731
0.036183833
0.042938886
0.049194554
0.054944263
0.060209093
0.06500595
0.069358167
0.073295287
0.07684836
0.080048745
0.082927939
0.085518873
0.087855644
0.089971273
0.091897528
0.093665054
0.095302169
0.096833203
0.098276199
0.09964762
0.10095949
0.10221341
0.10340571
0.10452656
0.10555149
0.10645661
0.10721967
0.10780858
0.10819365
0.10835516
0.1082849
0.10798663
0.10747489
0.10677229
0.10590639
0.10490638
0.10380043
0.10261452
0.10137139
0.10008653
0.098777257
0.097454862
0.096128237
0.094803774
0.093486056
0.092178179
0.090882013
0.089598481
0.088327804
0.087069685
0.085823466
0.084588268
0.083363087
0.082146878
0.080938604
0.079737281
0.078541996
0.077351921
0.076166317
0.074984532
0.073806
0.07263023
0.071456801
0.070285353
0.069115581
0.067947223
0.066780062
0.065613911
0.064448615
0.063284041
0.062120078
0.060956633
0.059793625
0.058630989
0.057468667
0.056306612
0.055144783
0.053983145
0.05282167
0.051660333
0.050499112
0.04933799
0.048176951
0.047015982
0.045855073
0.044694213
0.043533395
0.042372612
0.041211859
0.04005113
0.038890422
0.037729731
0.036569054
0.03540839
0.034247734
0.033087086
0.031926443
0.030765802
0.029605162
0.02844452
0.027283874
0.026123222
0.024962561
0.023801888
0.022641199
0.021480492
0.020319762
0.019159006
0.01799822
0.0168374
0.015676542
0.014515643
0.013354698
0.012193704
0.011032658
0.0098715583
0.0087104015
0.0075491898
0.0063879169
0.0052265958
0.0040652108
0.0029037886
0.0017423118
0.00058082897
0.46889534
0.46853555
0.46830934
0.46821464
0.46794842
0.46696017
0.46458709
0.45995658
0.4521567
0.43986854
0.42199279
0.39667072
0.3631506
0.31983292
0.26706143
0.20449411
0.13435418
0.059839152
-0.013672462
-0.079416116
-0.1322458
-0.17095275
-0.19894909
-0.220469
-0.23914224
-0.25737933
-0.27599305
-0.29465719
-0.31280936
-0.33002113
-0.34600311
-0.36058011
-0.37346226
-0.38421546
-0.39241068
-0.39756415
-0.39937021
-0.39771901
-0.39257821
-0.38397223
-0.37202967
-0.35700824
-0.33928183
-0.31931053
-0.29761019
-0.27475209
-0.2513022
-0.22762594
-0.20413418
-0.18135314
-0.15963012
-0.13926391
-0.12044597
-0.10328618
-0.08788026
-0.074311662
-0.06259645
-0.052724951
-0.044658927
-0.038253138
-0.033450739
-0.030230661
-0.02849751
-0.028118845
-0.028969777
-0.030944798
-0.033939478
-0.037814538
-0.042385165
-0.047468787
-0.052890256
-0.058451055
-0.063936449
-0.069130739
-0.073827331
-0.077836488
-0.080990731
-0.083146626
-0.084190423
-0.084046906
-0.082684144
-0.080103312
-0.076328473
-0.071438385
-0.065533841
-0.058735036
-0.051163179
-0.042962844
-0.034284144
-0.025278455
-0.016097478
-0.0068799554
0.0022531392
0.011170605
0.019749677
0.027912815
0.035650129
0.042883506
0.049580753
0.055727341
0.061326304
0.066391772
0.07094775
0.075025915
0.078662234
0.081895031
0.084764098
0.087310563
0.089576145
0.09160159
0.093425838
0.095085674
0.096615048
0.09804411
0.099397467
0.10069275
0.10194051
0.1031419
0.10429597
0.10539758
0.10640979
0.10730478
0.10806458
0.10865009
0.10902644
0.10917202
0.10907752
0.10874623
0.1081931
0.10744178
0.10652127
0.10546258
0.10429573
0.1030481
0.1017437
0.10040222
0.099040211
0.097669999
0.09630095
0.09493976
0.093590926
0.092257201
0.09093997
0.0896396
0.088355726
0.087087471
0.085833638
0.084592862
0.083363715
0.082144791
0.080934756
0.079732382
0.078536561
0.077346314
0.076160786
0.074979237
0.073801037
0.072625648
0.071452616
0.07028156
0.06911216
0.067944147
0.066777298
0.065611427
0.064446378
0.06328202
0.062118246
0.060954963
0.059792096
0.058629582
0.057467365
0.056305402
0.055143652
0.053982085
0.052820672
0.051659389
0.050498219
0.049337142
0.048176146
0.047015217
0.045854346
0.044693523
0.04353274
0.042371992
0.041211273
0.040050578
0.038889902
0.037729244
0.036568602
0.035407972
0.034247352
0.033086739
0.031926133
0.030765529
0.029604927
0.028444325
0.027283719
0.026123108
0.024962488
0.023801856
0.022641209
0.021480543
0.020319853
0.019159135
0.017998386
0.016837601
0.015676775
0.014515903
0.013354982
0.012194006
0.011032973
0.0098718786
0.0087107206
0.0075494987
0.0063882082
0.0052268618
0.0040654395
0.0029039717
0.0017424339
0.00058088797
0.44317266
0.44253621
0.44176278
0.44084897
0.43955161
0.43738777
0.43385736
0.42824012
0.41989124
0.40778492
0.39118581
0.36884711
0.34022797
0.30440481
0.26152161
0.21176479
0.15653578
0.098161328
0.039935351
-0.014354502
-0.061500361
-0.1003205
-0.13163075
-0.15745562
-0.18026092
-0.20176876
-0.2225819
-0.24269207
-0.26181038
-0.27965918
-0.29604552
-0.31083964
-0.32391289
-0.33510793
-0.34389129
-0.349811
-0.35269926
-0.35253623
-0.34934622
-0.34317977
-0.33414885
-0.32245795
-0.30840303
-0.29234872
-0.2746966
-0.25586906
-0.23620782
-0.21616534
-0.19624622
-0.17675028
-0.15798506
-0.14019731
-0.12357141
-0.10826259
-0.094389557
-0.082030889
-0.071232014
-0.062001086
-0.05431003
-0.048125888
-0.043450033
-0.040256653
-0.038457192
-0.037953941
-0.038672955
-0.040530503
-0.043408677
-0.047164852
-0.051640424
-0.056665778
-0.062052975
-0.067591007
-0.073059622
-0.078238671
-0.082912269
-0.086877059
-0.089951261
-0.091982162
-0.092851592
-0.092480645
-0.09083235
-0.087909039
-0.083758821
-0.078458014
-0.072102231
-0.064804886
-0.056709645
-0.047969192
-0.038737493
-0.029174521
-0.019441063
-0.0096803705
-1.6617095e-05
0.0094198481
0.018503663
0.027152044
0.035314828
0.042934705
0.049981434
0.056433943
0.062290188
0.067563629
0.072278872
0.076469592
0.080175755
0.083441082
0.086311525
0.088834402
0.0910573
0.093026633
0.094786629
0.096378962
0.097841921
0.099208938
0.10050719
0.10175661
0.1029698
0.10414797
0.10529319
0.1064076
0.10739718
0.10825236
0.10900569
0.10957955
0.10992997
0.11004094
0.10990479
0.10952538
0.10891861
0.1081092
0.10712729
0.10600504
0.10477386
0.10346259
0.10209675
0.10069809
0.099283472
0.097866188
0.096455867
0.095059322
0.093680899
0.092322921
0.090986204
0.089670509
0.088374851
0.087097752
0.085837462
0.084592126
0.083359898
0.082139018
0.080927865
0.07972498
0.078529075
0.077339031
0.076153889
0.074972832
0.073795174
0.072620337
0.071447843
0.070277293
0.069108358
0.067940766
0.066774293
0.065608752
0.064443991
0.063279883
0.062116324
0.060953227
0.05979052
0.058628142
0.057466043
0.056304181
0.055142519
0.053981028
0.052819681
0.051658459
0.050497341
0.049336313
0.048175361
0.047014474
0.045853641
0.044692855
0.043532108
0.042371393
0.041210708
0.040050051
0.038889403
0.037728778
0.036568169
0.035407572
0.034246987
0.03308641
0.031925839
0.030765273
0.02960471
0.028444147
0.027283582
0.026123012
0.024962434
0.023801845
0.022641241
0.021480617
0.020319969
0.019159293
0.017998583
0.016837834
0.015677042
0.0145162
0.013355304
0.012194348
0.011033328
0.0098722403
0.0087110813
0.007549848
0.006388536
0.0052271647
0.004065703
0.002904184
0.0017425761
0.00058095694
0.42090811
0.42010198
0.41898543
0.41756898
0.41564976
0.41282741
0.40870733
0.40273158
0.39440756
0.38299534
0.3679364
0.34842438
0.32402128
0.29422366
0.25907337
0.21888709
0.17460026
0.12774089
0.08032515
0.034588639
-0.0074448119
-0.044583239
-0.076718643
-0.10472482
-0.12993614
-0.15341047
-0.1756565
-0.19678653
-0.21668711
-0.23519117
-0.25214866
-0.26742735
-0.28089939
-0.2924649
-0.30167382
-0.30827404
-0.31216305
-0.31333207
-0.31181514
-0.30767536
-0.30102242
-0.29203232
-0.2809478
-0.26806395
-0.25370503
-0.23820562
-0.2219008
-0.20515893
-0.1883387
-0.17172967
-0.15558587
-0.14011931
-0.12551841
-0.11194351
-0.099509458
-0.088300897
-0.07837705
-0.069771085
-0.062516216
-0.056635257
-0.052122191
-0.048948436
-0.047072055
-0.046445698
-0.047010967
-0.048685008
-0.051363227
-0.054925436
-0.0592283
-0.064101689
-0.069353566
-0.074774349
-0.080142392
-0.08523032
-0.08981332
-0.093679033
-0.096637587
-0.098530023
-0.099232673
-0.098660156
-0.096770026
-0.09357836
-0.089137627
-0.083515453
-0.076803863
-0.069131492
-0.060648112
-0.051508769
-0.041872614
-0.031905832
-0.021771574
-0.011614776
-0.0015666142
0.0082393665
0.017679629
0.026663514
0.035128004
0.043025633
0.050321566
0.056994129
0.063039872
0.068471056
0.073312282
0.07759832
0.081371399
0.084678577
0.087569867
0.090096887
0.092311427
0.094263875
0.096002226
0.09757146
0.099012535
0.10036082
0.10164428
0.1028823
0.10408391
0.10523583
0.10635543
0.10752775
0.10855573
0.10933552
0.11000984
0.11055514
0.11085979
0.11091543
0.11071962
0.11027771
0.10960666
0.10873204
0.10768461
0.10649728
0.10520243
0.10382989
0.10240631
0.10095384
0.099490856
0.098030987
0.096583879
0.095156163
0.093751945
0.092373108
0.091019875
0.089691393
0.088386077
0.087101886
0.085836561
0.084587802
0.083353388
0.082131252
0.08091952
0.079716536
0.078520858
0.077331251
0.076146667
0.074966228
0.073789202
0.072614983
0.071443072
0.07027306
0.069104613
0.067937455
0.066771365
0.065606158
0.064441687
0.06327783
0.062114486
0.060951572
0.059789022
0.058626778
0.057464794
0.056303031
0.055141454
0.053980036
0.052818755
0.051657589
0.050496522
0.04933554
0.04817463
0.047013781
0.045852985
0.044692234
0.043531522
0.042370836
0.041210178
0.04004954
0.038888936
0.037728344
0.036567767
0.035407203
0.03424665
0.033086107
0.031925571
0.030765041
0.029604515
0.028443991
0.027283465
0.026122937
0.024962401
0.023801855
0.022641294
0.021480713
0.020320108
0.019159474
0.017998804
0.016838093
0.015677336
0.014516524
0.013355654
0.012194719
0.011033714
0.0098726336
0.0087114748
0.00755023
0.0063888816
0.0052274958
0.0040659937
0.0029044185
0.0017427317
0.00058102816
0.40232965
0.40143409
0.40013334
0.39845286
0.39621438
0.39309205
0.38876478
0.38281331
0.37484725
0.36434009
0.35084962
0.3338426
0.31296841
0.28793616
0.25874698
0.22566343
0.18929949
0.1506237
0.11090327
0.07156551
0.033979236
-0.00085344383
-0.032547459
-0.061334263
-0.087792325
-0.11248795
-0.13576598
-0.15773425
-0.17833741
-0.19745338
-0.21495253
-0.23071597
-0.2446135
-0.25638076
-0.26596362
-0.27319815
-0.27798907
-0.28031901
-0.28022294
-0.277774
-0.27308586
-0.26631762
-0.25767441
-0.24740054
-0.23576323
-0.22304501
-0.20953431
-0.19552249
-0.18129394
-0.16709903
-0.15315926
-0.13967612
-0.12682492
-0.11474992
-0.10356646
-0.093368186
-0.084234001
-0.076232477
-0.069417284
-0.063813667
-0.059427371
-0.056261931
-0.054310208
-0.053541966
-0.053907179
-0.055340409
-0.057757678
-0.061050963
-0.065084527
-0.069696876
-0.074704496
-0.079903329
-0.085072617
-0.089982849
-0.094405745
-0.098123981
-0.10094155
-0.10269317
-0.10324882
-0.1025176
-0.10045879
-0.097077782
-0.092435303
-0.086591137
-0.079645769
-0.071732726
-0.063001685
-0.053610059
-0.04372125
-0.033503905
-0.023120999
-0.012719955
-0.0024380838
0.0075898973
0.017243614
0.026432092
0.035089297
0.04316444
0.050621304
0.057439433
0.063615061
0.06915969
0.074097805
0.078464572
0.082303211
0.085662445
0.088594427
0.091153051
0.093392313
0.095364632
0.097119822
0.098704133
0.1001591
0.10152015
0.10281482
0.10406205
0.10527107
0.10643966
0.10756411
0.10863097
0.1096113
0.11042821
0.11106299
0.11151864
0.11174495
0.11172498
0.11145464
0.11094039
0.11019966
0.1092582
0.10814691
0.10689898
0.10554731
0.10412119
0.1026486
0.10115208
0.099649771
0.098155589
0.096679347
0.095227327
0.093803206
0.092408417
0.091042674
0.089704599
0.088392113
0.087102721
0.085833761
0.08458259
0.083346697
0.082123776
0.080911765
0.079708854
0.078513486
0.077324337
0.076140294
0.074960429
0.073783978
0.072610312
0.07143892
0.070269382
0.069101362
0.067934584
0.066768827
0.065603912
0.064439692
0.063276051
0.062112892
0.060950137
0.059787722
0.058625593
0.057463708
0.056302029
0.055140525
0.05397917
0.052817944
0.051656826
0.050495803
0.04933486
0.048173986
0.047013171
0.045852407
0.044691686
0.04353101
0.042370344
0.041209714
0.040049108
0.038888526
0.037727961
0.036567412
0.035406877
0.034246354
0.033085842
0.031925338
0.030764841
0.02960435
0.028443862
0.027283375
0.026122885
0.02496239
0.023801885
0.022641366
0.021480828
0.020320265
0.019159671
0.017999041
0.016838368
0.015677644
0.014516862
0.013356018
0.012195102
0.011034112
0.0098730385
0.0087118828
0.0075506383
0.0063893158
0.0052278499
0.0040662972
0.0029046598
0.0017428886
0.0005810895
0.38747204
0.38654451
0.38517619
0.38339833
0.38104603
0.37785207
0.37355253
0.36783119
0.36037356
0.35079452
0.33874024
0.32383631
0.3058033
0.28444399
0.25973355
0.23184108
0.2011601
0.16831568
0.13414333
0.099609144
0.065675853
0.03312766
0.0024187807
-0.026349109
-0.053317882
-0.078708401
-0.10267889
-0.12526977
-0.14641971
-0.16601628
-0.18393412
-0.20005283
-0.21424848
-0.22638277
-0.23640077
-0.24422594
-0.24979859
-0.25310732
-0.25419066
-0.25312891
-0.25003734
-0.2450634
-0.2383863
-0.23021341
-0.22077188
-0.21030083
-0.19904351
-0.18724209
-0.17513042
-0.16292515
-0.15082607
-0.13901281
-0.12764065
-0.11684516
-0.10674514
-0.09744459
-0.08903498
-0.081590383
-0.075165229
-0.069800029
-0.065526478
-0.062364763
-0.060316407
-0.059363915
-0.059475467
-0.060603342
-0.062678055
-0.065605689
-0.06926706
-0.073516725
-0.078182735
-0.083068341
-0.087957053
-0.092620837
-0.096830041
-0.10036387
-0.10302134
-0.10463169
-0.10505855
-0.10421064
-0.10207388
-0.098560713
-0.093796642
-0.087833019
-0.080773336
-0.072747095
-0.063902714
-0.054398892
-0.044400787
-0.034076354
-0.023587264
-0.013083258
-0.002704768
0.007416322
0.017165113
0.026450424
0.035201999
0.043367261
0.050910622
0.057812516
0.064069102
0.069691387
0.074703358
0.079139705
0.083043347
0.086463023
0.089451168
0.092062036
0.094349922
0.096367499
0.098164638
0.0997873
0.1012763
0.10266586
0.10398201
0.10524168
0.10645174
0.10760953
0.10870847
0.10973461
0.11065129
0.11140503
0.11197427
0.11234395
0.11248529
0.11238297
0.11203453
0.11144807
0.11064143
0.10964013
0.10847464
0.10717792
0.10578416
0.10431786
0.10281085
0.1012841
0.099755482
0.098238714
0.096743314
0.095275372
0.093838246
0.092432998
0.091058994
0.089714519
0.088397173
0.087104181
0.085832637
0.084579684
0.083342636
0.082119038
0.080906707
0.079703735
0.078508488
0.07731958
0.076135851
0.07495634
0.073780256
0.072606954
0.071435907
0.070266692
0.069098966
0.067932452
0.066766929
0.06560222
0.064438179
0.063274693
0.062111667
0.060949026
0.059786709
0.058624664
0.057462851
0.056301233
0.055139783
0.053978475
0.05281729
0.051656209
0.050495219
0.049334306
0.04817346
0.04701267
0.045851928
0.044691227
0.043530554
0.042369932
0.041209329
0.040048747
0.038888187
0.037727645
0.03656712
0.035406609
0.034246112
0.033085626
0.03192515
0.030764683
0.029604223
0.028443767
0.027283314
0.02612286
0.024962401
0.023801934
0.022641453
0.021480953
0.020320429
0.019159873
0.017999278
0.016838638
0.015677945
0.01451719
0.013356367
0.012195468
0.011034489
0.0098734204
0.0087122622
0.0075510009
0.0063896438
0.0052281628
0.0040665774
0.0029048787
0.0017430395
0.00058112088
0.37620179
0.37528066
0.37392116
0.37215113
0.36981084
0.36667527
0.3625254
0.35711518
0.3501865
0.34144318
0.33059766
0.31736617
0.30151971
0.28289995
0.26146129
0.23729674
0.21065755
0.18196174
0.15178229
0.12079653
0.089702643
0.059120168
0.029505051
0.0011185296
-0.0259412
-0.051665002
-0.076051219
-0.099056773
-0.12059041
-0.14053361
-0.15876942
-0.17519039
-0.18968597
-0.20216993
-0.21260015
-0.2209365
-0.22715113
-0.23124993
-0.23328046
-0.2333275
-0.23150527
-0.22795261
-0.22283104
-0.21632264
-0.20862425
-0.19994118
-0.1904818
-0.18045195
-0.17005111
-0.15946826
-0.14887802
-0.13843893
-0.12829439
-0.11857532
-0.1094001
-0.10087286
-0.093082856
-0.086105169
-0.080003939
-0.0748332
-0.070633483
-0.067430506
-0.065236592
-0.064051113
-0.063859058
-0.064628082
-0.066305249
-0.068814239
-0.072052243
-0.075887313
-0.08015795
-0.084675427
-0.089228995
-0.093593916
-0.097541604
-0.10085082
-0.10331889
-0.10477204
-0.10507201
-0.10412249
-0.10188377
-0.098337694
-0.093534602
-0.087544502
-0.080469293
-0.072436567
-0.063592972
-0.054096158
-0.044110002
-0.033799713
-0.023324891
-0.01283522
-0.002470208
0.007642073
0.017389977
0.026682272
0.03544791
0.043634392
0.051206269
0.058144049
0.064443625
0.07011526
0.075181817
0.079676629
0.083641215
0.08712301
0.090173257
0.092845066
0.0951916
0.097264437
0.099112253
0.1007796
0.10230558
0.10372252
0.10505466
0.1063174
0.10751694
0.10865074
0.10970886
0.11067186
0.11150843
0.11218323
0.11267154
0.11295339
0.11300878
0.11282662
0.11240648
0.11175765
0.11089807
0.10985249
0.10865008
0.10732245
0.10590013
0.104418
0.10289519
0.10135457
0.09981412
0.098287105
0.096782901
0.09530747
0.093863942
0.092453223
0.091074596
0.089726253
0.088405705
0.087110097
0.08583645
0.084581842
0.083343518
0.082118965
0.080905942
0.079702495
0.078506943
0.077317861
0.076134059
0.074954546
0.07377851
0.072605289
0.071434344
0.070265239
0.069097626
0.067931222
0.066765804
0.06560119
0.064437237
0.063273829
0.062110872
0.060948292
0.059786028
0.05862403
0.057462257
0.056300675
0.055139256
0.053977977
0.052816816
0.051655759
0.050494789
0.049333896
0.048173068
0.047012297
0.045851573
0.044690889
0.04353024
0.042369627
0.04120904
0.040048476
0.038887933
0.03772741
0.036566903
0.035406412
0.034245935
0.033085471
0.031925018
0.030764575
0.02960414
0.028443711
0.027283286
0.026122861
0.024962433
0.023801997
0.022641547
0.021481079
0.020320586
0.01916006
0.017999494
0.01683888
0.015678209
0.014517474
0.013356667
0.012195778
0.011034805
0.0098737357
0.0087125681
0.0075512921
0.0063899128
0.005228407
0.0040667945
0.0029050353
0.0017431613
0.00058111329
0.36823082
0.36734003
0.36603527
0.36433203
0.36206924
0.35905051
0.35509031
0.34998746
0.3435237
0.33545793
0.32554983
0.31356834
0.29931792
0.28265786
0.26352821
0.24197168
0.21814968
0.19234981
0.16497831
0.13652866
0.10753168
0.078497493
0.049862632
0.021958572
-0.0049880166
-0.030825276
-0.055435148
-0.078701869
-0.10049707
-0.12068909
-0.13916407
-0.15584167
-0.17058463
-0.18336189
-0.19414096
-0.20289582
-0.20962163
-0.21434386
-0.2171206
-0.21803946
-0.21721232
-0.2147711
-0.21086475
-0.20565677
-0.19932104
-0.19203726
-0.18398654
-0.17534756
-0.16629395
-0.15699117
-0.14759417
-0.13824747
-0.1290854
-0.12023169
-0.11179832
-0.103885
-0.09658045
-0.089963624
-0.084103402
-0.079057784
-0.074873562
-0.07158689
-0.069222906
-0.067794063
-0.067298161
-0.067716005
-0.069008037
-0.071110439
-0.073931435
-0.07734879
-0.081209543
-0.085332472
-0.089513506
-0.093533863
-0.097170183
-0.1002056
-0.10244064
-0.1037032
-0.10385517
-0.10279517
-0.10048606
-0.09690457
-0.092108237
-0.086150887
-0.079128552
-0.071165802
-0.062406343
-0.053004345
-0.043119811
-0.032913603
-0.022541762
-0.012151668
-0.0018804067
0.0081473914
0.017823262
0.02705765
0.035780028
0.043937824
0.051495353
0.058432878
0.064745693
0.070442881
0.075545638
0.080085316
0.084101292
0.087638831
0.090747043
0.093476958
0.09587973
0.098005011
0.099899573
0.10160601
0.10316146
0.10459635
0.10593334
0.10718662
0.10836163
0.10945544
0.11045746
0.11134946
0.11210588
0.11269861
0.11310435
0.11330438
0.11328374
0.1130348
0.11255877
0.11186556
0.11097269
0.10990357
0.10868603
0.10735076
0.10592636
0.10444102
0.10291789
0.10137826
0.099838819
0.098312368
0.096808116
0.095331973
0.093887122
0.09247461
0.091093881
0.089743273
0.08842042
0.087122568
0.085846817
0.084590295
0.083350277
0.082124259
0.080909997
0.079705523
0.078509135
0.077319386
0.07613506
0.074955145
0.073778805
0.07260536
0.071434252
0.070265034
0.069097344
0.067930892
0.066765444
0.065600815
0.064436857
0.06327345
0.062110499
0.060947928
0.059785673
0.058623686
0.057461924
0.056300353
0.055138945
0.053977676
0.052816526
0.051655478
0.050494519
0.049333636
0.048172818
0.047012057
0.045851344
0.044690672
0.043530035
0.042369431
0.041208856
0.040048304
0.038887774
0.037727263
0.036566771
0.035406294
0.034245832
0.033085384
0.031924948
0.030764523
0.029604106
0.028443697
0.027283292
0.026122888
0.024962481
0.023802067
0.022641639
0.021481193
0.02032072
0.019160212
0.017999664
0.016839064
0.015678406
0.01451768
0.013356878
0.012195991
0.011035014
0.0098739408
0.0087127593
0.0075514674
0.006390069
0.0052285419
0.0040669038
0.0029051096
0.0017432022
0.00058104078
0.36313551
0.36229197
0.3610663
0.3594552
0.35729185
0.35439865
0.35061317
0.34576131
0.33965124
0.33207607
0.32282775
0.3117073
0.29854141
0.28319959
0.26561376
0.24579627
0.22385276
0.19998815
0.17450428
0.14778149
0.12024799
0.09234294
0.06447968
0.037017456
0.01024899
-0.015592784
-0.040316216
-0.063752507
-0.085735782
-0.10611736
-0.12479967
-0.14162608
-0.15657548
-0.16960224
-0.18066998
-0.1897654
-0.19690201
-0.20211996
-0.20548485
-0.20708551
-0.2070309
-0.20544643
-0.20247073
-0.19825284
-0.19294901
-0.18671928
-0.17972429
-0.17212264
-0.16406896
-0.15571225
-0.14719473
-0.13865093
-0.13020668
-0.12197845
-0.11407341
-0.10658987
-0.099617589
-0.093237546
-0.087521896
-0.082534181
-0.078328963
-0.074950894
-0.072433775
-0.070798943
-0.070052962
-0.070184445
-0.071160171
-0.072921282
-0.075380245
-0.078419243
-0.081890702
-0.085620267
-0.0894123
-0.093057597
-0.096342743
-0.099060236
-0.10101856
-0.10205118
-0.10202196
-0.10082403
-0.098370065
-0.094823024
-0.090054665
-0.084155273
-0.077219476
-0.069366776
-0.06073791
-0.051481101
-0.041750293
-0.031700773
-0.021484059
-0.011244067
-0.0011145136
0.0087837566
0.018345521
0.027483055
0.036126491
0.04422335
0.051737773
0.058649563
0.064953102
0.070656036
0.075777663
0.080347093
0.084401266
0.087982928
0.091138667
0.093917049
0.096366855
0.098535495
0.10046759
0.10220366
0.10377891
0.10522206
0.10655445
0.10778948
0.10893246
0.10998092
0.11092525
0.11174932
0.11243189
0.11295016
0.11328399
0.1134171
0.11333788
0.11304113
0.11252928
0.11181227
0.11090677
0.1098347
0.10862187
0.1072954
0.10588327
0.10441062
0.10290046
0.10137265
0.099843216
0.098324675
0.096826161
0.095353734
0.093910844
0.092498855
0.091117551
0.089765581
0.088440857
0.08714085
0.085862841
0.08460409
0.083361963
0.082134016
0.080918035
0.079712062
0.078514391
0.077323563
0.076138342
0.074957693
0.073780761
0.07260684
0.071435356
0.070265842
0.069097921
0.06793129
0.066765705
0.065600972
0.064436935
0.063273468
0.062110473
0.060947869
0.059785591
0.058623586
0.057461812
0.056300233
0.055138819
0.053977547
0.052816396
0.051655349
0.050494391
0.049333511
0.048172696
0.047011938
0.045851232
0.044690566
0.043529936
0.042369339
0.041208771
0.040048227
0.038887705
0.037727204
0.03656672
0.035406253
0.034245802
0.033085364
0.031924939
0.030764525
0.02960412
0.028443723
0.02728333
0.026122937
0.024962542
0.023802138
0.02264172
0.021481282
0.020320817
0.019160316
0.017999771
0.016839173
0.015678515
0.014517786
0.013356978
0.012196083
0.011035092
0.0098739999
0.0087128102
0.0075515041
0.0063900865
0.0052285438
0.0040668884
0.0029050865
0.0017431479
0.00058093916
0.36036955
0.35958994
0.35844841
0.35692874
0.35485613
0.3520648
0.34840686
0.3437236
0.3378396
0.33056894
0.32172458
0.31112746
0.29861918
0.28407673
0.26742841
0.24866845
0.22786966
0.20519014
0.18087176
0.15522888
0.1286282
0.1014631
0.074126215
0.046986951
0.0203733
-0.0054388785
-0.030226921
-0.053788664
-0.075919659
-0.096452993
-0.1152498
-0.13225055
-0.14739736
-0.16064039
-0.17195209
-0.18133162
-0.1888036
-0.19441566
-0.19823664
-0.20035462
-0.20087451
-0.19991505
-0.19760591
-0.194085
-0.18949585
-0.18398497
-0.17769957
-0.17078541
-0.16338538
-0.15563842
-0.14767845
-0.13963335
-0.13162423
-0.12376508
-0.11616265
-0.10891626
-0.10211756
-0.095850739
-0.090192927
-0.085213881
-0.080974796
-0.077526634
-0.074908324
-0.073144634
-0.072243455
-0.072192715
-0.072957347
-0.074476553
-0.076661833
-0.079396379
-0.082536309
-0.085913915
-0.089342881
-0.092625269
-0.095559811
-0.097950884
-0.099617808
-0.10040375
-0.10017977
-0.098847865
-0.096349488
-0.092698484
-0.087934397
-0.082088857
-0.075240342
-0.06749819
-0.059005403
-0.049901352
-0.040332759
-0.030449245
-0.020397715
-0.010318223
-0.00034086809
0.0094168824
0.018852619
0.027880447
0.036431469
0.044453595
0.051910906
0.058782743
0.06506259
0.070756752
0.07588278
0.080467719
0.084546233
0.088158686
0.09134926
0.094164142
0.09664983
0.098851563
0.10081191
0.1025695
0.10415779
0.1056041
0.10692878
0.10814475
0.10925745
0.11026513
0.11115953
0.11192688
0.11254956
0.11300878
0.1132874
0.11337161
0.11325216
0.11292556
0.11239492
0.11166985
0.11076583
0.10970298
0.10850438
0.10719674
0.10580548
0.10435341
0.10286239
0.10135139
0.099836116
0.098328897
0.096838896
0.095372387
0.093933159
0.092522975
0.091142021
0.08978933
0.088463144
0.087161215
0.085881043
0.084620057
0.083375746
0.082145744
0.080927891
0.07972025
0.078521125
0.077329049
0.076142772
0.074961243
0.073783584
0.07260907
0.071437105
0.070267205
0.069098976
0.067932101
0.066766324
0.065601441
0.064437286
0.063273728
0.062110662
0.060948003
0.059785683
0.058623647
0.057461848
0.05630025
0.055138823
0.053977541
0.052816383
0.051655331
0.05049437
0.049333488
0.048172674
0.047011921
0.045851212
0.044690549
0.043529923
0.04236933
0.041208765
0.040048226
0.03888771
0.037727214
0.036566736
0.035406275
0.03424583
0.033085398
0.031924979
0.030764571
0.029604172
0.028443779
0.02728339
0.026123001
0.024962607
0.023802204
0.022641786
0.021481346
0.020320876
0.019160369
0.017999817
0.01683921
0.01567854
0.014517798
0.013356977
0.012196066
0.01103506
0.0098739487
0.0087127389
0.0075514162
0.0063899824
0.0052284294
0.0040667681
0.002904972
0.0017430512
0.00058087136
0.35928481
0.35856209
0.35751152
0.35609553
0.35412118
0.35143023
0.34787995
0.34331585
0.33757116
0.33047122
0.32184015
0.31150929
0.29932846
0.28517934
0.26898974
0.25074715
0.23050987
0.20841328
0.18466942
0.159559
0.13341598
0.10660727
0.079509634
0.052493547
0.025911965
8.0447176e-05
-0.024788719
-0.048489847
-0.070706211
-0.091329546
-0.11029813
-0.12749936
-0.14285097
-0.15630326
-0.16783741
-0.17746038
-0.18520129
-0.19110955
-0.19525351
-0.1977187
-0.19860574
-0.19802795
-0.19610882
-0.19297951
-0.18877658
-0.18363978
-0.17771003
-0.17112758
-0.16403055
-0.15655379
-0.1488281
-0.1409796
-0.13312927
-0.1253925
-0.11787871
-0.11069102
-0.10392602
-0.097673357
-0.092015057
-0.087024512
-0.082765067
-0.079288415
-0.076632918
-0.074821487
-0.073858687
-0.073727944
-0.074389278
-0.075777415
-0.077800664
-0.080341059
-0.083256101
-0.086382199
-0.089539713
-0.092539426
-0.095190072
-0.097306292
-0.098717125
-0.099277822
-0.098869157
-0.097398397
-0.094810511
-0.091090983
-0.086283691
-0.080458501
-0.073640071
-0.065938005
-0.057531817
-0.048533941
-0.039083603
-0.029325579
-0.019402625
-0.0094511191
0.00040222432
0.010043011
0.01937129
0.028302909
0.036770087
0.044721346
0.052120986
0.058948217
0.06519606
0.070870013
0.075986505
0.08057119
0.084657147
0.08828303
0.091491241
0.094326172
0.096832545
0.09905388
0.1010311
0.10280125
0.10439641
0.10584273
0.10715971
0.10835989
0.10944876
0.11042513
0.1112819
0.11200713
0.11258575
0.11300171
0.11324021
0.11328945
0.11314181
0.11279501
0.1122526
0.11152396
0.11062381
0.10957142
0.10838846
0.10709881
0.10572604
0.1042917
0.10281777
0.10132216
0.099820117
0.098323737
0.096842165
0.095381827
0.093946775
0.092539089
0.091159291
0.089806731
0.088479935
0.087176897
0.085895315
0.084632771
0.08338687
0.082155327
0.080936034
0.079727087
0.078526804
0.07733372
0.076146582
0.074964325
0.073786059
0.072611044
0.071438671
0.07026844
0.069099945
0.067932858
0.066766913
0.065601897
0.064437639
0.063274
0.062110872
0.060948165
0.059785808
0.058623744
0.057461924
0.05630031
0.055138871
0.053977581
0.052816417
0.051655361
0.050494398
0.049333515
0.048172701
0.047011947
0.045851243
0.044690579
0.043529956
0.042369366
0.041208805
0.04004827
0.038887758
0.037727266
0.036566793
0.035406336
0.034245895
0.033085467
0.031925052
0.030764646
0.029604249
0.028443857
0.027283468
0.026123077
0.02496268
0.023802273
0.022641848
0.021481399
0.020320919
0.0191604
0.017999833
0.016839211
0.015678525
0.014517765
0.013356924
0.012195995
0.011034968
0.0098738391
0.0087126163
0.0075512773
0.0063898273
0.0052282645
0.0040665971
0.0029048139
0.001742927
0.00058083128
0.35928828
0.35874996
0.35793588
0.35674066
0.35497062
0.352478
0.34912127
0.34474693
0.33918965
0.33227598
0.32383041
0.31368405
0.30168583
0.28771559
0.27169805
0.25361597
0.23352089
0.21153961
0.18787437
0.16279617
0.13663126
0.10974262
0.082508448
0.055302408
0.028464741
0.0022990908
-0.022984509
-0.046986246
-0.069460748
-0.090420204
-0.10974669
-0.12728594
-0.14295611
-0.15671647
-0.16854913
-0.17845735
-0.18646576
-0.19261958
-0.19698317
-0.19963851
-0.20068331
-0.20022897
-0.19839816
-0.19532237
-0.19113953
-0.18599166
-0.18002264
-0.17337625
-0.16619448
-0.15861638
-0.15077725
-0.14280791
-0.13483402
-0.12697541
-0.11934566
-0.11205161
-0.10519291
-0.098861418
-0.093140587
-0.088104638
-0.083817185
-0.080329313
-0.077677158
-0.075879627
-0.074936595
-0.074826678
-0.07550453
-0.076898878
-0.078911892
-0.081420036
-0.084276482
-0.087315116
-0.090355995
-0.093211998
-0.095696399
-0.097630747
-0.098851674
-0.099212123
-0.098596327
-0.096929593
-0.094172822
-0.090317489
-0.085378557
-0.079405145
-0.072543734
-0.064696249
-0.056282169
-0.047276954
-0.037831296
-0.028091729
-0.018199804
-0.0082899741
0.0015132586
0.011097798
0.020365877
0.02923529
0.037639949
0.045529835
0.052870503
0.059642216
0.065838839
0.071466479
0.076541939
0.081091009
0.085146671
0.088747281
0.09193476
0.094752857
0.097245507
0.099455317
0.10142219
0.10318208
0.10476592
0.10619878
0.10749921
0.10867896
0.10974306
0.1106902
0.11151355
0.11220198
0.11274169
0.11311817
0.11331819
0.11333138
0.11315154
0.1127775
0.11221371
0.11146999
0.11056086
0.10950404
0.10832002
0.10702986
0.10565916
0.10423234
0.10276678
0.10127941
0.099785317
0.098296215
0.096821045
0.095366143
0.093935558
0.092531431
0.091154379
0.08980387
0.08847855
0.087176526
0.085895601
0.084633445
0.083387737
0.082156254
0.080936931
0.079727901
0.078527507
0.077334303
0.076147045
0.074964678
0.073786314
0.072611216
0.071438774
0.070268488
0.069099951
0.067932832
0.066766864
0.065601833
0.064437565
0.063273923
0.062110795
0.060948091
0.059785739
0.05862368
0.057461868
0.056300263
0.055138833
0.053977551
0.052816396
0.051655349
0.050494395
0.04933352
0.048172714
0.047011967
0.04585127
0.04469062
0.043530006
0.042369423
0.04120887
0.040048342
0.038887837
0.037727352
0.036566886
0.035406436
0.034246001
0.033085578
0.031925168
0.030764766
0.029604372
0.028443983
0.027283594
0.026123202
0.024962802
0.02380239
0.022641958
0.0214815
0.020321009
0.019160476
0.017999894
0.016839254
0.015678548
0.014517768
0.013356907
0.012195956
0.011034906
0.0098737569
0.0087124953
0.0075511308
0.0063896598
0.005228078
0.0040663936
0.0029046063
0.0017427188
0.00058073255
-0.81086193
-0.8246998
-0.97783206
-0.71516729
-0.81086192
-0.82469976
-0.97783204
-0.82149907
-0.93077819
-0.910057
-0.84512731
-0.82149887
-0.93077822
-0.91005416
-0.71480835
-0.87238472
-0.75355766
-0.77386859
-0.71480861
-0.87240252
-0.7535581
-0.61132294
-0.706078
-0.62549698
-0.65616857
-0.61132292
-0.70607799
-0.62549697
-0.38217516
-0.10972827
-0.25917299
-0.11563497
-0.38217516
-0.10972827
-0.25917297
-0.85963461
-0.53178379
-0.54666828
-0.85963458
-0.53178378
-1.0485927
-0.84122699
-1.0485927
-0.6184935
-0.69477268
-0.61849346
-0.52828224
-0.52416293
-0.5957823
-0.52828222
-0.52416293
-0.49667905
-0.50610392
-0.4901452
-0.5128728
-0.49667905
-0.50610392
-0.4901452
0.25924538
0.6515537
0.3288143
0.52115762
0.25924539
0.6515537
0.32881432
0.033075566
-0.48113495
-0.48113496
-0.46249544
-0.46748051
-0.45763387
-0.47087964
-0.46249544
-0.46748051
-0.45763387
0.56315846
1.2170976
0.836955
0.56315847
1.2170976
-0.45189806
-0.44059327
-0.45693698
-0.45189805
-0.44059326
1.3332976
1.6111703
1.6702616
1.4647297
1.3332976
1.6111703
1.6702616
1.6799306
1.2754429
1.6799306
-0.44065713
-0.42666119
-0.44065713
-0.4266612
-0.43811724
-0.42875626
-0.43431186
-0.44052672
-0.43811724
-0.42875627
-0.43431187
1.7159557
1.7785752
1.8533076
1.7203322
1.7159557
1.7785752
1.8533076
-0.43196789
-0.42545842
-0.43198628
-0.42786353
-0.43196789
-0.42545809
-0.43198629
1.8547108
1.7258388
1.7243793
1.7806004
1.8547112
1.7258387
1.7243788
-0.43471286
-0.43923895
-0.43963907
-0.42716815
-0.43471287
-0.43923895
-0.43963908
1.6794499
1.4742096
1.3452941
1.6193381
1.67945
1.4742096
1.3452941
1.2882833
1.6895094
1.2882834
-0.43812986
-0.46081208
-0.43812985
-0.46081207
-0.44633154
-0.45941762
-0.45365171
-0.44038351
-0.44633155
-0.45941759
-0.45365171
0.84439842
0.56745388
1.2291015
0.84439846
0.56745388
-0.46031117
-0.47845782
-0.47204876
-0.46031117
-0.47845784
-0.47204875
0.32958655
0.52192404
0.25540417
0.65668012
0.32958653
0.52192402
0.25540417
0.023901363
0.023901361
-0.50104476
-0.50104472
-0.47819094
-0.49095112
-0.4821946
-0.48944619
-0.47819094
-0.49095109
-0.48219459
-0.27693251
-0.13117561
-0.40399663
-0.12291735
-0.27693254
-0.13117561
-0.40399665
-0.57323698
-0.89464313
-0.55502116
-0.57323695
-0.89464313
-0.87655438
-1.0893161
-0.87655437
-1.089316
-0.7213599
-0.64134293
-0.72135998
-0.64134296
-0.54411456
-0.61802646
-0.54851489
-0.54411454
-0.61802648
-0.54851489
-0.50959281
-0.53243813
-0.5155985
-0.52558556
-0.50959278
-0.53243812
-0.51559849
-1.0166871
-0.74866915
-0.8461725
-0.86073444
-1.016687
-0.7486691
-0.84617251
-0.94544576
-0.88068854
-0.85528915
-0.96828363
-0.94542745
-0.88068818
-0.85528907
-0.78176762
-0.80481015
-0.74273303
-0.90606709
-0.78176766
-0.80481042
-0.74273308
-0.64830068
-0.68154287
-0.6347984
-0.73296106
-0.64830068
-0.68154288
-0.63479841
-0.59621115
-0.54730525
-0.7399537
-0.42534673
-0.59621117
-0.54730527
-0.73995369
-0.54163675
-0.57306886
-0.54276636
-0.57252725
-0.54163673
-0.57306881
-0.54276633
-0.83922079
-0.90342802
-0.90544773
-0.69468437
-0.67264684
-0.67284341
-0.56304695
-0.59593916
-0.56887468
-0.58585031
-0.56893655
-0.58604467
-0.56330844
0.023235381
0.032107342
-0.10356908
0.11238342
-0.10469921
0.1115493
0.021386455
-0.49693601
-0.49705397
1.0235074
1.3078781
1.2183774
1.1373862
1.0235074
1.3078781
1.2183774
-0.45055957
-0.4567649
-0.45597136
-0.45591655
-0.45065451
-0.44544915
-0.44312821
-0.44213102
-0.44770235
-0.44544914
-0.4431282
-0.44213102
1.2728818
1.392685
1.3933104
-0.42834435
-0.4278848
-0.42982063
-0.42584988
-0.42984037
-0.42576721
-0.42837736
-0.43282458
-0.42709496
-0.43019193
-0.43010368
-0.43017765
-0.4300127
-0.43283225
1.6914068
1.5166574
1.5162344
-0.44879996
-0.44026392
-0.44261947
-0.44912785
-0.44248839
-0.44918192
-0.44873978
1.2292786
1.1455816
1.0327271
1.3174841
1.2292786
1.1455816
1.0327272
0.92891982
1.2320718
1.1944344
1.0450209
1.1991647
1.0425065
0.9344615
-0.46014681
-0.46753726
-0.46481812
-0.46216372
-0.46014682
-0.46753726
-0.46481812
0.20346066
0.2028046
-0.48369528
-0.48975073
-0.48203559
-0.48954306
-0.48202402
-0.48958369
-0.48386038
-0.73974071
-0.56006737
-0.61851079
-0.62293067
-0.73694694
-0.52362326
-0.52519039
-0.52120664
-0.53580259
-0.52134474
-0.53595597
-0.52364659
-0.7730618
-0.45286381
-0.62734689
-0.57488638
-0.7730618
-0.45286378
-0.62734686
-0.96066993
-0.966373
-0.97948497
-0.95821333
-0.98075953
-0.95861564
-0.95913554
-0.84708034
-0.90627728
-0.86567044
-0.87977678
-0.86620783
-0.87996296
-0.84610021
-0.68627046
-0.73252947
-0.70161785
-0.71802371
-0.70211994
-0.71768677
-0.68619265
-0.56322396
-0.5945196
-0.56249748
-0.59473443
-0.56322397
-0.59451962
-0.5624975
-0.87996212
-0.97951052
-0.92895829
-0.92061052
-0.93228501
-0.92022835
-0.87994799
-0.87996215
-0.97951052
-0.92895832
-0.92061055
-0.93228494
-0.92022834
-0.87994791
-0.92404113
-0.92889342
-0.92116134
-0.94213113
-0.92156276
-0.94337219
-0.92251499
-0.90268585
-0.91069432
-0.88398301
-0.93469478
-0.88515682
-0.93536052
-0.90234524
-0.9240412
-0.92889343
-0.92116142
-0.94213121
-0.92156273
-0.94337223
-0.92251504
-0.90268598
-0.91069382
-0.8839806
-0.93469444
-0.88515648
-0.93536056
-0.90234517
-0.81564016
-0.87260551
-0.84672212
-0.83386362
-0.84691253
-0.83437352
-0.81469171
-0.77272902
-0.75399071
-0.73277997
-0.79115147
-0.73325394
-0.79113119
-0.77247925
-0.81563836
-0.87260633
-0.84673474
-0.83384934
-0.84691273
-0.83437109
-0.81468272
-0.77272888
-0.75399068
-0.73278092
-0.79115164
-0.73325399
-0.79113091
-0.77248028
-0.66147956
-0.7056559
-0.69145648
-0.6763756
-0.69121729
-0.67683627
-0.66134414
-0.66147955
-0.70565586
-0.69145666
-0.67637561
-0.69121726
-0.67683629
-0.66134418
-0.33037251
-0.25006147
-0.42519556
-0.2831479
-0.4265244
-0.28476479
-0.32677401
-0.33037251
-0.25006146
-0.42519555
-0.28314788
-0.42652439
-0.28476478
-0.326774
-0.6613793
-0.86385809
-0.72465837
-0.88884233
-0.72360537
-0.89415415
-0.66765986
-0.71001569
-0.53675067
-0.59282224
-0.59718213
-0.70728286
-0.66137929
-0.86385807
-0.72465837
-0.8888423
-0.72360535
-0.89415413
-0.66765983
-0.71001569
-0.53675066
-0.59282224
-0.59718212
-0.70728283
-1.0510997
-0.95234759
-0.95311481
-0.83922077
-0.90342799
-0.90544772
-1.0510997
-0.95234758
-0.95311481
-0.61844864
-0.64297177
-0.64291827
-0.69468438
-0.67264691
-0.67284342
-0.61844863
-0.6429718
-0.64291829
-0.54456435
-0.52441294
-0.53072694
-0.53073201
-0.54449817
-0.56304693
-0.59593914
-0.56887464
-0.58585027
-0.56893656
-0.58604465
-0.56330841
-0.54456434
-0.52441294
-0.53072693
-0.53073202
-0.54449813
-0.50392323
-0.50572806
-0.51603519
-0.50155188
-0.51618248
-0.50169115
-0.50396272
-0.50392321
-0.50572806
-0.51603521
-0.50155186
-0.51618249
-0.50169113
-0.50396273
0.43598378
0.32317147
0.30154305
0.50749497
0.3019934
0.50675188
0.43494923
0.43598379
0.32317148
0.30154306
0.50749498
0.30199341
0.50675189
0.43494924
-0.26655921
-0.27096489
0.20647798
0.20579213
0.023235381
0.032107336
-0.10356907
0.11238343
-0.1046992
0.11154931
0.021386473
-0.26655917
-0.27096487
0.206478
0.20579213
-0.48184889
-0.48114397
-0.488589
-0.47614727
-0.4886446
-0.47611291
-0.48188823
-0.47087771
-0.47081528
-0.49693601
-0.49705397
-0.4818489
-0.48114397
-0.48858902
-0.47614726
-0.48864464
-0.4761129
-0.4818882
-0.47087771
-0.4708153
-0.46333323
-0.46774555
-0.46829863
-0.46064313
-0.46830704
-0.46061455
-0.46344515
-0.46333323
-0.46774555
-0.46829862
-0.46064313
-0.46830705
-0.46061454
-0.46344515
0.82972308
0.56597443
0.64384578
0.64336227
0.82782275
0.91838589
1.220041
1.0341864
1.1828863
1.0316534
1.1876026
0.92394238
0.82972307
0.56597444
0.64384579
0.64336227
0.82782276
0.9183859
1.220041
1.0341864
1.1828864
1.0316534
1.1876026
0.92394241
-0.45097906
-0.44037811
-0.44725701
-0.44040759
-0.44738101
-0.4401678
-0.45070059
-0.45055958
-0.45676492
-0.45597136
-0.45591657
-0.45065451
-0.45097906
-0.4403781
-0.447257
-0.44040759
-0.44738102
-0.4401678
-0.4507006
1.5540739
1.6710961
1.5338967
1.6554164
1.533483
1.656595
1.5547681
1.5540739
1.671096
1.5338967
1.6554164
1.533483
1.6565949
1.5547681
1.6818407
1.5044163
1.5039598
1.2728818
1.392685
1.3933105
1.6818406
1.5044163
1.5039598
-0.44075844
-0.43677418
-0.43669901
-0.4265416
-0.43322583
-0.43321829
-0.44075844
-0.43677418
-0.43669901
-0.42654162
-0.43322584
-0.43321831
-0.43441167
-0.4286858
-0.43362344
-0.43092704
-0.43364397
-0.43083165
-0.43437404
-0.43441168
-0.4286858
-0.43362346
-0.43092702
-0.43364398
-0.43083167
-0.43437404
1.769785
1.7148915
1.711187
1.7817639
1.710856
1.7824555
1.7691972
1.8032483
1.854038
1.8292375
1.8243405
1.830112
1.8244377
1.8031628
1.769785
1.7148915
1.711187
1.7817638
1.710856
1.7824554
1.7691971
1.8032482
1.8540376
1.8292375
1.8243399
1.8301119
1.8244373
1.8031626
-0.42815098
-0.42538132
-0.42497142
-0.42874861
-0.42489154
-0.42874398
-0.42815792
-0.42834437
-0.42788482
-0.42982066
-0.42584995
-0.42984038
-0.42576725
-0.42837745
-0.42815103
-0.42538136
-0.42497145
-0.42874828
-0.42489161
-0.42874399
-0.42815794
1.8068599
1.8554496
1.8255585
1.833289
1.8256582
1.834162
1.8067753
1.7754152
1.7233603
1.7882536
1.7186136
1.7889581
1.7182828
1.774833
1.8068597
1.855449
1.825558
1.833291
1.8256577
1.8341617
1.8067786
1.7754149
1.7233602
1.7882513
1.7186134
1.7889575
1.7182827
1.7748324
-0.43562667
-0.43936502
-0.43432677
-0.43963916
-0.43424653
-0.43965818
-0.4356809
-0.43282459
-0.42709503
-0.43019202
-0.43010372
-0.43017768
-0.43001272
-0.43283229
-0.43562668
-0.43936502
-0.43432677
-0.43963916
-0.43424654
-0.43965818
-0.43568091
1.5642453
1.6802721
1.6642768
1.5451037
1.6654607
1.5447082
1.5649297
1.5642453
1.6802721
1.6642769
1.5451038
1.6654606
1.5447082
1.5649298
1.2857471
1.4055593
1.4061958
1.6914068
1.5166575
1.5162344
1.2857471
1.4055594
1.4061958
-0.43795358
-0.45017972
-0.45022663
-0.46098017
-0.45549664
-0.45541926
-0.43795355
-0.45017972
-0.45022664
-0.46098016
-0.45549663
-0.45541926
-0.44879998
-0.44026393
-0.44261946
-0.44912784
-0.4424884
-0.4491819
-0.44873979
0.83746507
0.57030242
0.64966622
0.64919951
0.8355583
0.92891981
1.2320718
1.1944344
1.0450209
1.1991647
1.0425065
0.9344615
0.83746506
0.57030242
0.64966622
0.64919951
0.83555828
-0.4733701
-0.46006364
-0.46029628
-0.46805259
-0.46001255
-0.46820707
-0.47299724
-0.47196747
-0.47828086
-0.47755925
-0.47749292
-0.47206786
-0.47337012
-0.46006365
-0.46029626
-0.46805258
-0.46001255
-0.46820708
-0.47299722
-0.47196747
-0.47828088
-0.47755925
-0.47749291
-0.47206784
0.43657537
0.32388868
0.51092875
0.30054604
0.51018475
0.30103716
0.43558903
0.43657537
0.32388866
0.51092875
0.30054602
0.51018476
0.30103713
0.43558903
0.014493495
0.022878199
0.10624992
-0.11538917
0.10542453
-0.1164963
0.012605961
-0.28226268
-0.28669856
0.20346063
0.2028046
0.01449349
0.022878221
0.10624991
-0.11538918
0.10542454
-0.11649629
0.012605913
-0.28226269
-0.28669858
-0.49172439
-0.49166418
-0.51691421
-0.517043
-0.50216563
-0.50104534
-0.49656984
-0.50867327
-0.49653713
-0.50874416
-0.50220206
-0.49172437
-0.49166418
-0.51691419
-0.51704301
-0.50216563
-0.50104533
-0.4965698
-0.50867327
-0.4965371
-0.50874417
-0.50220203
-0.48369528
-0.48975073
-0.48203559
-0.48954305
-0.48202401
-0.48958367
-0.48386035
-0.34973254
-0.26766832
-0.30096235
-0.44653993
-0.30262784
-0.44786706
-0.34606403
-0.34973256
-0.26766834
-0.30096237
-0.44653996
-0.30262785
-0.4478671
-0.34606406
-0.69156389
-0.89891778
-0.9244313
-0.75646105
-0.92986237
-0.75539677
-0.69798096
-0.73974072
-0.5600674
-0.6185108
-0.6229307
-0.73694697
-0.6915639
-0.89891778
-0.92443133
-0.75646104
-0.92986239
-0.7553968
-0.69798096
-0.87447997
-0.94091555
-0.94297352
-1.0918674
-0.99144372
-0.99223959
-0.87447996
-0.94091552
-0.9429735
-1.0918675
-0.99144366
-0.99223957
-0.7212668
-0.69739489
-0.69758348
-0.64125974
-0.66647989
-0.66641626
-0.72126682
-0.69739492
-0.6975835
-0.64125974
-0.66647991
-0.66641625
-0.5650181
-0.54437035
-0.5507564
-0.55076746
-0.56494009
-0.58360336
-0.61820595
-0.60771057
-0.58959976
-0.60792817
-0.5896863
-0.58388649
-0.56501811
-0.54437034
-0.5507564
-0.55076746
-0.56494008
-0.58360338
-0.61820595
-0.60771059
-0.58959979
-0.60792818
-0.5896863
-0.5838865
-0.52362326
-0.52519039
-0.52120661
-0.53580258
-0.52134472
-0.53595597
-0.52364655
-0.91663039
-1.0184032
-0.95887366
-0.96626583
-0.95850548
-0.96963079
-0.91663753
-0.91663035
-1.0184032
-0.95887359
-0.96626574
-0.95850546
-0.96963084
-0.9166375
-0.93846415
-0.94608822
-0.97136415
-0.91862095
-0.97207104
-0.91980359
-0.93810522
-0.96066947
-0.96637294
-0.97948054
-0.95821335
-0.98075882
-0.95861582
-0.95913304
-0.93846438
-0.94608555
-0.97138474
-0.91860787
-0.97207251
-0.91980137
-0.93812154
-0.80237555
-0.78218048
-0.82104221
-0.76073519
-0.82101755
-0.76120198
-0.80211422
-0.84708029
-0.90627693
-0.86567118
-0.87977734
-0.86620772
-0.87996272
-0.84610138
-0.8023755
-0.78218051
-0.82104221
-0.76073523
-0.82101751
-0.76120198
-0.80211441
-0.68627049
-0.73252946
-0.7016179
-0.71802376
-0.7021199
-0.71768681
-0.68619269
-0.52493926
-0.57505091
-0.66708061
-0.43966145
-0.52493925
-0.57505091
-0.66708055
-0.59737973
-0.70860872
-0.71441886
-0.57192767
-0.59737974
-0.70860869
-0.71441886
-0.58973503
-0.69658688
-0.66637185
-0.5996588
-0.58973506
-0.69658695
-0.66637192
-0.54343234
-0.62632529
-0.61736021
-0.57360216
-0.54343233
-0.62632531
-0.61736021
-0.25767558
-0.10029135
-0.31673292
-0.074414044
-0.25767559
-0.10029135
-0.31673293
-0.47832139
-0.51913982
-0.50939618
-0.5141149
-0.4783214
-0.51913981
-0.50939616
0.11895663
0.41455535
0.1685808
0.32546254
0.11895663
0.41455535
0.1685808
-0.68251922
-0.54693688
-0.67174087
-0.56499111
-0.67548568
-0.56478555
-0.68172216
-0.45957678
-0.47670855
-0.46674959
-0.47875263
-0.45957678
-0.47670855
-0.46674958
0.72456454
0.99148615
0.86193078
0.83802542
0.72456454
0.99148616
0.86193078
-0.4481896
-0.45230464
-0.44908496
-0.45452305
-0.44818959
-0.45230463
-0.44908496
0.89279187
0.83589418
0.74329207
0.95871008
0.74216981
0.96018237
0.89040009
1.4727404
1.5337015
1.5863615
1.4305532
1.4727404
1.5337015
1.5863615
-0.43626324
-0.44066915
-0.43874852
-0.43658915
-0.43867202
-0.43655794
-0.43631229
-0.43896799
-0.43569674
-0.43774237
-0.43809264
-0.438968
-0.43569674
-0.43774237
1.6709684
1.6374293
1.7179493
1.598378
1.6709684
1.6374293
1.7179493
-0.4363913
-0.43455213
-0.43730856
-0.43410465
-0.43639131
-0.43455213
-0.43730856
1.7195413
1.6019343
1.6753629
1.6387056
1.7195413
1.6019343
1.6753628
-0.43974275
-0.44141899
-0.44367089
-0.43706067
-0.43974276
-0.44141899
-0.44367089
1.5930176
1.4369791
1.4804664
1.5391668
1.5930176
1.4369791
1.4804664
-0.4493191
-0.45317839
-0.45403763
-0.4472329
-0.44931912
-0.4531784
-0.45403763
0.86836668
0.84083421
0.72713932
0.9973585
0.86836669
0.84083421
0.72713931
-0.46921754
-0.47426325
-0.46794083
-0.47232615
-0.46921755
-0.47426324
-0.46794083
0.16099731
0.31830397
0.10847805
0.41136191
0.16099732
0.31830398
0.10847807
-0.48547401
-0.49738795
-0.47755667
-0.49589905
-0.48547401
-0.49738794
-0.47755667
-0.33922113
-0.094334926
-0.28168284
-0.11790445
-0.33922108
-0.094334907
-0.2816828
-0.88665293
-0.85929833
-0.92177574
-0.83585807
-0.92238462
-0.83742225
-0.8850742
-0.52764621
-0.53403657
-0.4974888
-0.53861891
-0.5276462
-0.53403657
-0.49748881
-0.70038914
-0.47048116
-0.55701052
-0.60674661
-0.70038916
-0.47048118
-0.55701059
-0.74674474
-0.60432492
-0.62908157
-0.74210351
-0.74674472
-0.60432493
-0.62908152
-0.69460742
-0.63018133
-0.61860122
-0.72694696
-0.69460739
-0.63018127
-0.61860119
-0.64235545
-0.60099708
-0.56911121
-0.652528
-0.64235544
-0.60099705
-0.56911118
-0.85049402
-0.82322159
-0.80050182
-0.8842277
-0.80204568
-0.884791
-0.8488977
-0.85049406
-0.82322159
-0.80050188
-0.88422773
-0.80204569
-0.884791
-0.84889769
-0.63330156
-0.62666705
-0.59450635
-0.64520506
-0.5933849
-0.64534392
-0.63309387
-0.63330158
-0.62666701
-0.59450628
-0.6452051
-0.59338487
-0.64534391
-0.63309384
-0.68251921
-0.54693689
-0.67174088
-0.5649911
-0.67548568
-0.56478555
-0.68172213
-0.55094703
-0.52783423
-0.55088877
-0.53530562
-0.55102523
-0.53569501
-0.55087872
-0.55094703
-0.52783421
-0.55088876
-0.53530559
-0.55102521
-0.535695
-0.55087868
0.89279187
0.83589417
0.74329207
0.9587101
0.7421698
0.96018237
0.8904001
-0.44975645
-0.45187628
-0.45504682
-0.44833176
-0.45517661
-0.44820486
-0.44986116
-0.44975646
-0.45187628
-0.45504681
-0.44833176
-0.45517662
-0.44820485
-0.44986116
1.4762509
1.3330931
1.3772824
1.4361977
1.3771306
1.4367015
1.4755759
1.4762509
1.3330931
1.3772824
1.4361977
1.3771306
1.4367015
1.4755759
-0.43626324
-0.44066915
-0.43874851
-0.43658916
-0.43867201
-0.43655794
-0.4363123
1.4871324
1.345107
1.4481426
1.3880365
1.4486538
1.387865
1.4864439
1.4871324
1.345107
1.4481426
1.3880366
1.4486538
1.3878649
1.486444
-0.45229437
-0.45962747
-0.45376589
-0.45551108
-0.45371695
-0.4553712
-0.45233103
-0.45229437
-0.45962748
-0.45376588
-0.45551106
-0.45371695
-0.45537121
-0.45233104
0.90151507
0.84328912
0.96821707
0.75019666
0.96969985
0.74906391
0.89913732
0.90151506
0.84328911
0.96821709
0.75019669
0.96969986
0.7490639
0.89913732
-0.47105121
-0.47196264
-0.46897915
-0.47661994
-0.46884194
-0.47681113
-0.47117469
-0.4710512
-0.47196265
-0.46897913
-0.47661995
-0.46884196
-0.47681113
-0.47117468
-0.71238767
-0.57351137
-0.59141925
-0.70151044
-0.5912399
-0.70529689
-0.71156172
-0.71238766
-0.57351133
-0.59141927
-0.70151038
-0.59123991
-0.70529688
-0.71156171
-0.57155302
-0.54806302
-0.55526565
-0.57197432
-0.55564597
-0.57215419
-0.57147672
-0.57155301
-0.54806301
-0.55526565
-0.5719743
-0.55564595
-0.5721542
-0.57147673
-0.88665285
-0.85929833
-0.92177569
-0.83585802
-0.9223846
-0.83742223
-0.88507416
-0.65718722
-0.64947573
-0.66903079
-0.6173625
-0.66918446
-0.61622691
-0.65698719
-0.65718719
-0.64947577
-0.66903077
-0.61736254
-0.66918449
-0.61622692
-0.65698725
)
;

boundaryField
{
    inlet
    {
        type            zeroGradient;
    }
    outlet
    {
        type            fixedValue;
        value           uniform 0;
    }
    walls
    {
        type            zeroGradient;
    }
    frontAndBack
    {
        type            zeroGradient;
    }
    cylinder
    {
        type            zeroGradient;
    }
}


// ************************************************************************* //
